algorithm,epoch_index,condition_id,t_s,misalignment_db,erle_db,msg_with_afc_db,msg_without_afc_db,asg_db
PEMAFC-F,0,period_0707,0.013333,-0.1281,0.5369,85.7283,85.1794,0.5489
PEMAFC-F,0,period_0707,0.053333,-0.5963,0.8021,85.9848,85.1794,0.8054
PEMAFC-F,0,period_0707,0.106667,-1.3444,1.0969,86.4999,85.1794,1.3205
PEMAFC-F,0,period_0707,0.160000,-1.7515,1.2510,86.6462,85.1794,1.4668
PEMAFC-F,0,period_0707,0.200000,-2.1239,1.4474,86.8792,85.1794,1.6998
PEMAFC-F,0,period_0707,0.253333,-2.2523,1.2746,87.0842,85.1794,1.9048
PEMAFC-F,0,period_0707,0.306667,-2.8006,1.0379,87.4521,85.1794,2.2728
PEMAFC-F,0,period_0707,0.360000,-3.1391,2.4840,87.5792,85.1794,2.3998
PEMAFC-F,0,period_0707,0.400000,-3.3200,1.7639,87.7904,85.1794,2.6110
PEMAFC-F,0,period_0707,0.453333,-3.8259,1.4365,88.2723,85.1794,3.0929
PEMAFC-F,0,period_0707,0.506667,-4.1449,0.4250,88.5567,85.1794,3.3773
PEMAFC-F,0,period_0707,0.560000,-4.2602,2.5150,88.8078,85.1794,3.6284
PEMAFC-F,0,period_0707,0.600000,-4.4572,2.7282,88.9041,85.1794,3.7247
PEMAFC-F,0,period_0707,0.653333,-4.6820,2.4949,89.1530,85.1794,3.9737
PEMAFC-F,0,period_0707,0.706667,-4.9102,3.0739,89.3026,85.1794,4.1232
PEMAFC-F,0,period_0707,0.760000,-5.0742,1.8284,89.5269,85.1794,4.3475
PEMAFC-F,0,period_0707,0.800000,-5.3457,0.7140,89.7618,85.1794,4.5824
PEMAFC-F,0,period_0707,0.853333,-5.7760,-0.0203,90.0944,85.1794,4.9150
PEMAFC-F,0,period_0707,0.906667,-5.8822,1.4549,90.2857,85.1794,5.1064
PEMAFC-F,0,period_0707,0.960000,-5.8742,2.2079,90.4625,85.1794,5.2832
PEMAFC-F,0,period_0707,1.000000,-5.9653,2.5546,90.7711,85.1794,5.5917
PEMAFC-F,0,period_0707,1.053333,-6.3016,1.5544,91.0047,85.1794,5.8254
PEMAFC-F,0,period_0707,1.106667,-6.3995,0.9909,91.2541,85.1794,6.0747
PEMAFC-F,0,period_0707,1.160000,-6.8929,1.6811,91.5052,85.1794,6.3258
PEMAFC-F,0,period_0707,1.200000,-6.9027,1.8746,91.7029,85.1794,6.5236
PEMAFC-F,0,period_0707,1.253333,-7.1666,2.1536,91.8629,85.1794,6.6836
PEMAFC-F,0,period_0707,1.306667,-7.2535,0.4835,92.0520,85.1794,6.8727
PEMAFC-F,0,period_0707,1.360000,-7.3900,0.9852,92.3219,85.1794,7.1425
PEMAFC-F,0,period_0707,1.400000,-7.5280,1.5424,92.5474,85.1794,7.3680
PEMAFC-F,0,period_0707,1.453333,-7.8049,1.7316,92.7308,85.1794,7.5514
PEMAFC-F,0,period_0707,1.506667,-7.7238,3.0581,92.8157,85.1794,7.6364
PEMAFC-F,0,period_0707,1.560000,-7.9069,1.4538,93.0854,85.1794,7.9060
PEMAFC-F,0,period_0707,1.600000,-7.9451,1.2672,93.2366,85.1794,8.0572
PEMAFC-F,0,period_0707,1.653333,-8.0018,1.0325,93.4546,85.1794,8.2752
PEMAFC-F,0,period_0707,1.706667,-8.1606,2.5479,93.7401,85.1794,8.5607
PEMAFC-F,0,period_0707,1.760000,-8.3249,0.8364,93.8964,85.1794,8.7170
PEMAFC-F,0,period_0707,1.800000,-8.5094,1.1116,94.0722,85.1794,8.8928
PEMAFC-F,0,period_0707,1.853333,-8.5046,1.9715,94.3204,85.1794,9.1410
PEMAFC-F,0,period_0707,1.906667,-8.3035,0.8677,94.4084,85.1794,9.2290
PEMAFC-F,0,period_0707,1.960000,-8.4274,2.3759,93.8519,85.1794,8.6726
PEMAFC-F,0,period_0707,2.000000,-8.6006,1.4412,95.0490,85.1794,9.8697
PEMAFC-F,0,period_0707,2.053333,-8.8570,1.3424,95.2656,85.1794,10.0862
PEMAFC-F,0,period_0707,2.106667,-9.2522,1.5221,95.4729,85.1794,10.2935
PEMAFC-F,0,period_0707,2.160000,-8.4454,1.8776,94.2547,85.1794,9.0754
PEMAFC-F,0,period_0707,2.200000,-8.0327,2.9316,94.2911,85.1794,9.1117
PEMAFC-F,0,period_0707,2.253333,-8.5721,1.1607,96.0197,85.1794,10.8403
PEMAFC-F,0,period_0707,2.306667,-9.0009,1.0674,96.2124,85.1794,11.0330
PEMAFC-F,0,period_0707,2.360000,-9.3309,1.4281,95.2020,85.1794,10.0226
PEMAFC-F,0,period_0707,2.400000,-9.2349,0.3915,93.0551,85.1794,7.8757
PEMAFC-F,0,period_0707,2.453333,-10.0093,1.2345,96.8521,85.1794,11.6727
PEMAFC-F,0,period_0707,2.506667,-9.7165,1.1909,97.0627,85.1794,11.8834
PEMAFC-F,0,period_0707,2.560000,-9.7857,0.2597,96.5265,85.1794,11.3472
PEMAFC-F,0,period_0707,2.600000,-9.7303,1.6843,95.2419,85.1794,10.0626
PEMAFC-F,0,period_0707,2.653333,-9.8535,2.0977,97.5785,85.1794,12.3991
PEMAFC-F,0,period_0707,2.706667,-10.3142,1.0921,98.0760,85.1794,12.8966
PEMAFC-F,0,period_0707,2.760000,-10.3779,1.0731,98.2958,85.1794,13.1164
PEMAFC-F,0,period_0707,2.800000,-10.3799,2.8761,98.4481,85.1794,13.2687
PEMAFC-F,0,period_0707,2.853333,-10.0950,3.1192,98.9573,85.1794,13.7780
PEMAFC-F,0,period_0707,2.906667,-10.0226,2.2581,99.1356,85.1794,13.9562
PEMAFC-F,0,period_0707,2.960000,-10.7296,-0.7065,99.2911,85.1794,14.1117
PEMAFC-F,0,period_0707,3.000000,-10.7465,2.3433,99.4530,85.1794,14.2736
PEMAFC-F,0,period_0707,3.053333,-10.5952,3.0080,99.2691,85.1794,14.0897
PEMAFC-F,0,period_0707,3.106667,-10.6449,1.7959,99.7966,85.1794,14.6172
PEMAFC-F,0,period_0707,3.160000,-10.7072,0.8675,98.9460,85.1794,13.7666
PEMAFC-F,0,period_0707,3.200000,-10.7273,2.2879,97.8908,85.1794,12.7115
PEMAFC-F,0,period_0707,3.253333,-10.7834,1.8513,99.4305,85.1794,14.2511
PEMAFC-F,0,period_0707,3.306667,-10.7388,0.5440,96.5697,85.1794,11.3903
PEMAFC-F,0,period_0707,3.360000,-10.2555,0.3556,94.1886,85.1794,9.0093
PEMAFC-F,0,period_0707,3.400000,-10.8082,2.2119,97.6873,85.1794,12.5080
PEMAFC-F,0,period_0707,3.453333,-10.7273,2.0487,97.1358,85.1794,11.9565
PEMAFC-F,0,period_0707,3.506667,-10.5026,1.7058,98.4250,85.1794,13.2456
PEMAFC-F,0,period_0707,3.560000,-10.8189,2.3134,100.3510,85.1794,15.1717
PEMAFC-F,0,period_0707,3.600000,-10.8949,1.9634,100.3433,85.1794,15.1640
PEMAFC-F,0,period_0707,3.653333,-11.3532,0.3843,99.7884,85.1794,14.6091
PEMAFC-F,0,period_0707,3.706667,-11.0499,1.4078,100.2977,85.1794,15.1184
PEMAFC-F,0,period_0707,3.760000,-11.3283,2.1396,100.2891,85.1794,15.1098
PEMAFC-F,0,period_0707,3.800000,-10.2947,3.5588,97.3087,85.1794,12.1293
PEMAFC-F,0,period_0707,3.853333,-10.7782,1.3907,98.0822,85.1794,12.9028
PEMAFC-F,0,period_0707,3.906667,-11.1860,0.2890,100.3501,85.1794,15.1708
PEMAFC-F,0,period_0707,3.960000,-10.5866,1.2709,98.8083,85.1794,13.6289
PEMAFC-F,0,period_0707,4.000000,-10.6706,1.7305,98.2634,85.1794,13.0841
PEMAFC-F,0,period_0707,4.053333,-10.8111,0.8598,98.2045,85.1794,13.0251
PEMAFC-F,0,period_0707,4.106667,-10.5317,1.4004,96.2111,85.1794,11.0317
PEMAFC-F,0,period_0707,4.160000,-10.6312,1.6716,95.4035,85.1794,10.2242
PEMAFC-F,0,period_0707,4.200000,-10.9665,1.0039,96.2522,85.1794,11.0728
PEMAFC-F,0,period_0707,4.253333,-10.6599,0.7856,93.0419,85.1794,7.8626
PEMAFC-F,0,period_0707,4.306667,-10.6958,2.1696,96.7106,85.1794,11.5312
PEMAFC-F,0,period_0707,4.360000,-10.9677,2.0410,97.1715,85.1794,11.9922
PEMAFC-F,0,period_0707,4.400000,-11.1725,1.3962,97.8470,85.1794,12.6676
PEMAFC-F,0,period_0707,4.453333,-11.3327,2.7026,99.0738,85.1794,13.8944
PEMAFC-F,0,period_0707,4.506667,-11.4973,1.7412,100.3149,85.1794,15.1356
PEMAFC-F,0,period_0707,4.560000,-11.3656,1.8481,99.7850,85.1794,14.6056
PEMAFC-F,0,period_0707,4.600000,-11.4249,1.5535,99.3535,85.1794,14.1741
PEMAFC-F,0,period_0707,4.653333,-11.4490,1.7016,100.3474,85.1794,15.1681
PEMAFC-F,0,period_0707,4.706667,-11.1367,0.9507,95.0882,85.1794,9.9089
PEMAFC-F,0,period_0707,4.760000,-11.2483,3.1164,95.4969,85.1794,10.3176
PEMAFC-F,0,period_0707,4.800000,-11.3934,0.4263,96.7281,85.1794,11.5488
PEMAFC-F,0,period_0707,4.853333,-11.3074,1.5691,98.7090,85.1794,13.5297
PEMAFC-F,0,period_0707,4.906667,-11.2757,1.9447,100.4844,85.1794,15.3051
PEMAFC-F,0,period_0707,4.960000,-11.4600,0.4622,99.2345,85.1794,14.0551
PEMAFC-F,0,period_0707,5.000000,-11.4723,1.6273,99.0220,85.1794,13.8427
PEMAFC-F,0,period_0707,5.053333,-11.5679,1.1085,98.6472,85.1794,13.4678
PEMAFC-F,0,period_0707,5.106667,-11.6534,1.2499,100.4953,85.1794,15.3159
PEMAFC-F,0,period_0707,5.160000,-11.0400,1.0205,98.5471,85.1794,13.3677
PEMAFC-F,0,period_0707,5.200000,-11.5347,1.5149,98.5557,85.1794,13.3763
PEMAFC-F,0,period_0707,5.253333,-11.5265,1.1119,97.4858,85.1794,12.3064
PEMAFC-F,0,period_0707,5.306667,-10.8102,1.7008,92.0919,85.1794,6.9125
PEMAFC-F,0,period_0707,5.360000,-11.2523,1.9487,95.4831,85.1794,10.3038
PEMAFC-F,0,period_0707,5.400000,-10.9036,1.6013,93.6865,85.1794,8.5071
PEMAFC-F,0,period_0707,5.453333,-10.6822,0.5765,92.3454,85.1794,7.1660
PEMAFC-F,0,period_0707,5.506667,-10.3904,0.8136,90.1924,85.1794,5.0131
PEMAFC-F,0,period_0707,5.560000,-10.7504,2.2643,92.6961,85.1794,7.5167
PEMAFC-F,0,period_0707,5.600000,-10.3713,2.1052,91.8012,85.1794,6.6218
PEMAFC-F,0,period_0707,5.653333,-10.5781,1.1631,92.2054,85.1794,7.0260
PEMAFC-F,0,period_0707,5.706667,-11.0453,2.0411,96.7362,85.1794,11.5568
PEMAFC-F,0,period_0707,5.760000,-11.1630,1.4935,95.3566,85.1794,10.1773
PEMAFC-F,0,period_0707,5.800000,-11.0732,1.6205,95.2228,85.1794,10.0434
PEMAFC-F,0,period_0707,5.853333,-11.5118,1.3157,96.9616,85.1794,11.7822
PEMAFC-F,0,period_0707,5.906667,-11.5082,0.5708,94.5589,85.1794,9.3795
PEMAFC-F,0,period_0707,5.960000,-11.6047,0.9731,94.7906,85.1794,9.6112
PEMAFC-F,0,period_0707,6.000000,-11.7701,1.3345,98.1068,85.1794,12.9274
PEMAFC-F,0,period_0707,6.053333,-11.7556,2.1960,100.1710,85.1794,14.9916
PEMAFC-F,0,period_0707,6.106667,-11.3730,1.2184,96.5089,85.1794,11.3295
PEMAFC-F,0,period_0707,6.160000,-11.5027,0.9530,98.0841,85.1794,12.9047
PEMAFC-F,0,period_0707,6.200000,-11.1585,0.4474,93.0743,85.1794,7.8950
PEMAFC-F,0,period_0707,6.253333,-11.7968,1.7370,97.6041,85.1794,12.4247
PEMAFC-F,0,period_0707,6.306667,-11.4890,0.9834,95.7186,85.1794,10.5392
PEMAFC-F,0,period_0707,6.360000,-11.6820,2.1424,98.5787,85.1794,13.3993
PEMAFC-F,0,period_0707,6.400000,-11.4933,1.7432,97.1864,85.1794,12.0070
PEMAFC-F,0,period_0707,6.453333,-11.5125,1.2285,96.3407,85.1794,11.1614
PEMAFC-F,0,period_0707,6.506667,-11.4955,1.5078,97.6134,85.1794,12.4340
PEMAFC-F,0,period_0707,6.560000,-11.8236,1.4821,100.4280,85.1794,15.2487
PEMAFC-F,0,period_0707,6.600000,-11.7179,2.1058,100.4885,85.1794,15.3091
PEMAFC-F,0,period_0707,6.653333,-11.6141,0.9877,97.8282,85.1794,12.6488
PEMAFC-F,0,period_0707,6.706667,-11.2728,1.2039,96.7365,85.1794,11.5571
PEMAFC-F,0,period_0707,6.760000,-11.5689,1.0045,97.5858,85.1794,12.4064
PEMAFC-F,0,period_0707,6.800000,-11.5000,0.7991,97.1751,85.1794,11.9958
PEMAFC-F,0,period_0707,6.853333,-11.3284,1.1672,95.3691,85.1794,10.1897
PEMAFC-F,0,period_0707,6.906667,-11.3943,1.4395,95.6905,85.1794,10.5111
PEMAFC-F,0,period_0707,6.960000,-11.6116,1.3196,98.3253,85.1794,13.1460
PEMAFC-F,0,period_0707,7.000000,-11.3885,2.2062,96.8877,85.1794,11.7084
PEMAFC-F,0,period_0707,7.053333,-11.3871,0.6722,95.3627,85.1794,10.1833
PEMAFC-F,0,period_0707,7.106667,-11.6039,1.1548,97.2805,85.1794,12.1011
PEMAFC-F,0,period_0707,7.160000,-11.3401,0.9923,94.8363,85.1794,9.6569
PEMAFC-F,0,period_0707,7.200000,-11.5686,1.4875,95.2849,85.1794,10.1055
PEMAFC-F,0,period_0707,7.253333,-11.7522,2.0690,98.9150,85.1794,13.7356
PEMAFC-F,0,period_0707,7.306667,-11.7675,1.0412,96.7105,85.1794,11.5311
PEMAFC-F,0,period_0707,7.360000,-11.9308,1.5887,100.2881,85.1794,15.1087
PEMAFC-F,0,period_0707,7.400000,-11.8335,2.6111,99.4850,85.1794,14.3056
PEMAFC-F,0,period_0707,7.453333,-12.0530,0.5578,100.1097,85.1794,14.9304
PEMAFC-F,0,period_0707,7.506667,-11.5720,1.3877,97.3869,85.1794,12.2075
PEMAFC-F,0,period_0707,7.560000,-11.6811,1.5400,100.3631,85.1794,15.1837
PEMAFC-F,0,period_0707,7.600000,-11.4182,0.5664,96.9520,85.1794,11.7726
PEMAFC-F,0,period_0707,7.653333,-11.1067,1.3293,95.2963,85.1794,10.1169
PEMAFC-F,0,period_0707,7.706667,-10.6860,1.5961,95.3207,85.1794,10.1413
PEMAFC-F,0,period_0707,7.760000,-11.0706,0.9054,95.6103,85.1794,10.4309
PEMAFC-F,0,period_0707,7.800000,-11.6888,1.9941,98.6954,85.1794,13.5160
PEMAFC-F,0,period_0707,7.853333,-11.5750,0.2048,97.0863,85.1794,11.9069
PEMAFC-F,0,period_0707,7.906667,-11.6503,1.0500,97.6646,85.1794,12.4853
PEMAFC-F,0,period_0707,7.960000,-11.8657,2.0277,98.1602,85.1794,12.9808
PEMAFC-F,0,period_0707,8.000000,-11.9334,3.1478,98.8305,85.1794,13.6511
PEMAFC-F,0,period_0707,8.053333,-11.6332,2.3911,97.7330,85.1794,12.5537
PEMAFC-F,0,period_0707,8.106667,-11.5971,1.8368,96.8465,85.1794,11.6672
PEMAFC-F,0,period_0707,8.160000,-11.4613,2.3631,97.7714,85.1794,12.5920
PEMAFC-F,0,period_0707,8.200000,-11.5675,2.0011,98.3220,85.1794,13.1426
PEMAFC-F,0,period_0707,8.253333,-11.7418,2.1683,100.2445,85.1794,15.0651
PEMAFC-F,0,period_0707,8.306667,-11.7748,1.6434,99.4446,85.1794,14.2653
PEMAFC-F,0,period_0707,8.360000,-11.0241,3.4756,100.2232,85.1794,15.0439
PEMAFC-F,0,period_0707,8.400000,-11.6001,0.2647,99.0285,85.1794,13.8491
PEMAFC-F,0,period_0707,8.453333,-11.3515,1.9131,98.6278,85.1794,13.4485
PEMAFC-F,0,period_0707,8.506667,-12.1416,-0.0118,100.2479,85.1794,15.0685
PEMAFC-F,0,period_0707,8.560000,-12.0438,2.0702,100.2600,85.1794,15.0806
PEMAFC-F,0,period_0707,8.600000,-12.1212,1.2320,100.2554,85.1794,15.0760
PEMAFC-F,0,period_0707,8.653333,-12.1950,0.9204,100.2522,85.1794,15.0728
PEMAFC-F,0,period_0707,8.706667,-12.0510,1.7176,100.2421,85.1794,15.0628
PEMAFC-F,0,period_0707,8.760000,-12.1520,1.1340,100.2350,85.1794,15.0556
PEMAFC-F,0,period_0707,8.800000,-11.7286,1.7666,100.2378,85.1794,15.0585
PEMAFC-F,0,period_0707,8.853333,-11.5533,1.5462,97.9838,85.1794,12.8045
PEMAFC-F,0,period_0707,8.906667,-11.4466,1.6069,96.8924,85.1794,11.7130
PEMAFC-F,0,period_0707,8.960000,-11.3805,1.2531,96.1654,85.1794,10.9860
PEMAFC-F,0,period_0707,9.000000,-11.3719,1.8216,97.0394,85.1794,11.8600
PEMAFC-F,0,period_0707,9.053333,-10.9908,1.7911,96.8633,85.1794,11.6839
PEMAFC-F,0,period_0707,9.106667,-11.0475,2.2737,96.4408,85.1794,11.2614
PEMAFC-F,0,period_0707,9.160000,-11.9314,0.9432,100.2234,85.1794,15.0440
PEMAFC-F,0,period_0707,9.200000,-11.7703,1.8227,100.2938,85.1794,15.1145
PEMAFC-F,0,period_0707,9.253333,-11.8543,1.5742,100.3018,85.1794,15.1224
PEMAFC-F,0,period_0707,9.306667,-11.6979,1.8116,100.1097,85.1794,14.9303
PEMAFC-F,0,period_0707,9.360000,-11.8231,1.1692,100.3766,85.1794,15.1972
PEMAFC-F,0,period_0707,9.400000,-11.8888,2.3563,100.3804,85.1794,15.2010
PEMAFC-F,0,period_0707,9.453333,-11.9384,0.8004,99.5759,85.1794,14.3965
PEMAFC-F,0,period_0707,9.506667,-11.7789,1.4923,97.6193,85.1794,12.4400
PEMAFC-F,0,period_0707,9.560000,-12.0050,1.3063,97.9158,85.1794,12.7364
PEMAFC-F,0,period_0707,9.600000,-11.8339,1.5381,97.2728,85.1794,12.0935
PEMAFC-F,0,period_0707,9.653333,-11.4145,1.4593,93.9954,85.1794,8.8161
PEMAFC-F,0,period_0707,9.706667,-11.6903,2.1626,100.3852,85.1794,15.2058
PEMAFC-F,0,period_0707,9.760000,-11.8350,1.4915,100.4068,85.1794,15.2274
PEMAFC-F,0,period_0707,9.800000,-11.9719,1.9272,100.4269,85.1794,15.2476
PEMAFC-F,0,period_0707,9.853333,-12.1121,1.2549,100.4024,85.1794,15.2230
PEMAFC-F,0,period_0707,9.906667,-11.5746,1.3055,98.9519,85.1794,13.7725
PEMAFC-F,0,period_0707,9.960000,-11.6885,1.1070,100.4136,85.1794,15.2342
PEMAFC-F,0,period_0707,10.000000,-11.5681,1.8321,98.3683,85.1794,13.1889
PEMAFC-F,1,period_0856,10.013333,-0.6647,0.4215,76.8660,75.6790,1.1870
PEMAFC-F,1,period_0856,10.053333,-1.4010,1.5571,77.6057,75.6790,1.9267
PEMAFC-F,1,period_0856,10.106667,-2.3485,2.6685,78.9592,75.6790,3.2802
PEMAFC-F,1,period_0856,10.160000,-3.1810,3.2183,79.9145,75.6790,4.2355
PEMAFC-F,1,period_0856,10.200000,-3.8360,4.8814,80.9344,75.6790,5.2554
PEMAFC-F,1,period_0856,10.253333,-4.7220,3.7344,82.3460,75.6790,6.6669
PEMAFC-F,1,period_0856,10.306667,-5.3221,5.0344,82.9752,75.6790,7.2961
PEMAFC-F,1,period_0856,10.360000,-5.9713,4.7159,84.0405,75.6790,8.3615
PEMAFC-F,1,period_0856,10.400000,-6.4218,4.9566,84.1530,75.6790,8.4739
PEMAFC-F,1,period_0856,10.453333,-6.9673,4.5015,84.2779,75.6790,8.5989
PEMAFC-F,1,period_0856,10.506667,-7.3519,4.4716,84.4276,75.6790,8.7486
PEMAFC-F,1,period_0856,10.560000,-7.8759,6.7849,84.5967,75.6790,8.9177
PEMAFC-F,1,period_0856,10.600000,-8.2378,4.8998,84.6665,75.6790,8.9875
PEMAFC-F,1,period_0856,10.653333,-8.6130,6.0356,84.8528,75.6790,9.1738
PEMAFC-F,1,period_0856,10.706667,-9.0045,6.5816,84.9677,75.6790,9.2887
PEMAFC-F,1,period_0856,10.760000,-9.3593,5.4167,85.0838,75.6790,9.4048
PEMAFC-F,1,period_0856,10.800000,-9.5848,4.1847,85.1341,75.6790,9.4551
PEMAFC-F,1,period_0856,10.853333,-9.9805,7.0785,85.5858,75.6790,9.9068
PEMAFC-F,1,period_0856,10.906667,-10.3220,4.2856,85.6925,75.6790,10.0135
PEMAFC-F,1,period_0856,10.960000,-10.6169,5.6713,85.9068,75.6790,10.2278
PEMAFC-F,1,period_0856,11.000000,-10.7690,6.7443,86.1152,75.6790,10.4362
PEMAFC-F,1,period_0856,11.053333,-11.0523,5.4165,86.2944,75.6790,10.6154
PEMAFC-F,1,period_0856,11.106667,-11.2804,5.4743,86.4382,75.6790,10.7592
PEMAFC-F,1,period_0856,11.160000,-11.5830,5.8328,86.7373,75.6790,11.0583
PEMAFC-F,1,period_0856,11.200000,-11.7641,6.5999,87.0095,75.6790,11.3305
PEMAFC-F,1,period_0856,11.253333,-12.0717,5.2077,87.3141,75.6790,11.6351
PEMAFC-F,1,period_0856,11.306667,-12.2416,8.1116,87.4553,75.6790,11.7763
PEMAFC-F,1,period_0856,11.360000,-12.5275,6.1541,87.6880,75.6790,12.0090
PEMAFC-F,1,period_0856,11.400000,-12.6855,5.3934,87.8707,75.6790,12.1917
PEMAFC-F,1,period_0856,11.453333,-12.8782,6.5854,88.0331,75.6790,12.3541
PEMAFC-F,1,period_0856,11.506667,-13.0529,5.2370,88.2717,75.6790,12.5927
PEMAFC-F,1,period_0856,11.560000,-13.2570,6.5642,88.5587,75.6790,12.8796
PEMAFC-F,1,period_0856,11.600000,-13.3092,8.0842,88.7172,75.6790,13.0382
PEMAFC-F,1,period_0856,11.653333,-13.4688,5.5598,88.8005,75.6790,13.1215
PEMAFC-F,1,period_0856,11.706667,-13.7466,5.7344,88.9502,75.6790,13.2711
PEMAFC-F,1,period_0856,11.760000,-13.9324,5.1818,89.2596,75.6790,13.5805
PEMAFC-F,1,period_0856,11.800000,-14.1309,5.3339,89.4677,75.6790,13.7886
PEMAFC-F,1,period_0856,11.853333,-14.1294,5.1185,89.6441,75.6790,13.9650
PEMAFC-F,1,period_0856,11.906667,-14.3772,4.8851,89.8058,75.6790,14.1267
PEMAFC-F,1,period_0856,11.960000,-14.5816,5.1249,90.1132,75.6790,14.4342
PEMAFC-F,1,period_0856,12.000000,-14.7698,5.1705,90.1982,75.6790,14.5192
PEMAFC-F,1,period_0856,12.053333,-14.9145,5.4474,90.4131,75.6790,14.7341
PEMAFC-F,1,period_0856,12.106667,-15.0270,6.1212,90.5407,75.6790,14.8617
PEMAFC-F,1,period_0856,12.160000,-15.3179,5.2549,90.7470,75.6790,15.0679
PEMAFC-F,1,period_0856,12.200000,-15.3482,5.1285,90.9541,75.6790,15.2751
PEMAFC-F,1,period_0856,12.253333,-15.4103,6.6812,90.9762,75.6790,15.2972
PEMAFC-F,1,period_0856,12.306667,-15.6191,5.4366,91.2263,75.6790,15.5473
PEMAFC-F,1,period_0856,12.360000,-15.9438,5.2524,91.4547,75.6790,15.7757
PEMAFC-F,1,period_0856,12.400000,-16.0210,4.1428,91.5217,75.6790,15.8427
PEMAFC-F,1,period_0856,12.453333,-15.8530,5.1312,91.5827,75.6790,15.9037
PEMAFC-F,1,period_0856,12.506667,-15.9447,6.4046,91.6894,75.6790,16.0104
PEMAFC-F,1,period_0856,12.560000,-15.9915,5.5132,91.9691,75.6790,16.2900
PEMAFC-F,1,period_0856,12.600000,-16.3119,5.5867,92.2335,75.6790,16.5545
PEMAFC-F,1,period_0856,12.653333,-16.4933,4.4442,92.2943,75.6790,16.6152
PEMAFC-F,1,period_0856,12.706667,-16.3540,4.2951,91.2234,75.6790,15.5444
PEMAFC-F,1,period_0856,12.760000,-16.5314,5.7602,91.7756,75.6790,16.0966
PEMAFC-F,1,period_0856,12.800000,-16.7492,6.2219,93.2412,75.6790,17.5622
PEMAFC-F,1,period_0856,12.853333,-16.5410,4.6309,92.3829,75.6790,16.7038
PEMAFC-F,1,period_0856,12.906667,-16.6711,4.5188,93.5032,75.6790,17.8242
PEMAFC-F,1,period_0856,12.960000,-16.8276,5.7058,93.5753,75.6790,17.8962
PEMAFC-F,1,period_0856,13.000000,-17.0316,4.7437,93.6736,75.6790,17.9945
PEMAFC-F,1,period_0856,13.053333,-17.2088,6.3621,94.2889,75.6790,18.6099
PEMAFC-F,1,period_0856,13.106667,-17.5557,5.8069,94.6509,75.6790,18.9718
PEMAFC-F,1,period_0856,13.160000,-17.3983,4.0631,93.4549,75.6790,17.7759
PEMAFC-F,1,period_0856,13.200000,-17.6704,4.6902,94.9799,75.6790,19.3009
PEMAFC-F,1,period_0856,13.253333,-17.6528,5.8843,93.9705,75.6790,18.2915
PEMAFC-F,1,period_0856,13.306667,-17.7139,5.5674,95.3493,75.6790,19.6703
PEMAFC-F,1,period_0856,13.360000,-17.8976,5.8415,95.6352,75.6790,19.9562
PEMAFC-F,1,period_0856,13.400000,-18.0765,3.8774,95.7482,75.6790,20.0691
PEMAFC-F,1,period_0856,13.453333,-18.1026,5.4678,95.9958,75.6790,20.3168
PEMAFC-F,1,period_0856,13.506667,-18.1661,4.8720,96.5193,75.6790,20.8403
PEMAFC-F,1,period_0856,13.560000,-18.3822,5.4209,96.6893,75.6790,21.0102
PEMAFC-F,1,period_0856,13.600000,-18.2759,3.9862,96.7510,75.6790,21.0720
PEMAFC-F,1,period_0856,13.653333,-18.1921,4.8535,95.9241,75.6790,20.2450
PEMAFC-F,1,period_0856,13.706667,-18.2630,4.8036,94.0231,75.6790,18.3441
PEMAFC-F,1,period_0856,13.760000,-18.2995,5.2339,93.3438,75.6790,17.6648
PEMAFC-F,1,period_0856,13.800000,-18.5244,5.2946,93.8914,75.6790,18.2124
PEMAFC-F,1,period_0856,13.853333,-18.7967,5.8374,97.7414,75.6790,22.0624
PEMAFC-F,1,period_0856,13.906667,-18.6687,4.6440,96.7715,75.6790,21.0924
PEMAFC-F,1,period_0856,13.960000,-18.6621,6.0058,95.7255,75.6790,20.0465
PEMAFC-F,1,period_0856,14.000000,-18.8785,6.1574,97.9187,75.6790,22.2397
PEMAFC-F,1,period_0856,14.053333,-18.7394,6.2999,98.0944,75.6790,22.4153
PEMAFC-F,1,period_0856,14.106667,-18.5655,5.6444,96.8081,75.6790,21.1290
PEMAFC-F,1,period_0856,14.160000,-18.7383,5.4064,98.4057,75.6790,22.7267
PEMAFC-F,1,period_0856,14.200000,-18.7081,5.0008,95.6070,75.6790,19.9280
PEMAFC-F,1,period_0856,14.253333,-18.7897,5.8001,98.7439,75.6790,23.0649
PEMAFC-F,1,period_0856,14.306667,-18.8074,5.6787,99.0735,75.6790,23.3945
PEMAFC-F,1,period_0856,14.360000,-19.0042,5.8825,99.2554,75.6790,23.5764
PEMAFC-F,1,period_0856,14.400000,-19.0429,5.7465,98.9010,75.6790,23.2220
PEMAFC-F,1,period_0856,14.453333,-19.1301,6.2756,99.7856,75.6790,24.1066
PEMAFC-F,1,period_0856,14.506667,-19.2953,4.6584,100.1325,75.6790,24.4535
PEMAFC-F,1,period_0856,14.560000,-19.3151,5.7049,100.1573,75.6790,24.4783
PEMAFC-F,1,period_0856,14.600000,-19.0303,7.1173,100.1647,75.6790,24.4857
PEMAFC-F,1,period_0856,14.653333,-18.9184,5.4313,100.1829,75.6790,24.5039
PEMAFC-F,1,period_0856,14.706667,-18.6831,7.3496,94.3073,75.6790,18.6282
PEMAFC-F,1,period_0856,14.760000,-19.0670,5.2130,96.2944,75.6790,20.6154
PEMAFC-F,1,period_0856,14.800000,-19.2220,5.1590,98.6080,75.6790,22.9289
PEMAFC-F,1,period_0856,14.853333,-19.2391,8.0847,98.3902,75.6790,22.7112
PEMAFC-F,1,period_0856,14.906667,-19.5153,3.4828,100.2161,75.6790,24.5370
PEMAFC-F,1,period_0856,14.960000,-19.3606,6.2201,100.2547,75.6790,24.5757
PEMAFC-F,1,period_0856,15.000000,-19.4637,5.9542,100.2405,75.6790,24.5615
PEMAFC-F,1,period_0856,15.053333,-19.3636,4.4443,100.2199,75.6790,24.5409
PEMAFC-F,1,period_0856,15.106667,-19.2316,5.7498,97.1915,75.6790,21.5125
PEMAFC-F,1,period_0856,15.160000,-19.0530,4.0831,95.8102,75.6790,20.1312
PEMAFC-F,1,period_0856,15.200000,-19.1703,8.2112,96.2056,75.6790,20.5266
PEMAFC-F,1,period_0856,15.253333,-18.8235,3.9922,91.8107,75.6790,16.1317
PEMAFC-F,1,period_0856,15.306667,-18.7331,6.5031,91.4195,75.6790,15.7405
PEMAFC-F,1,period_0856,15.360000,-19.2383,5.0628,94.3721,75.6790,18.6931
PEMAFC-F,1,period_0856,15.400000,-19.0514,5.5469,94.5029,75.6790,18.8239
PEMAFC-F,1,period_0856,15.453333,-19.1491,4.9246,93.0820,75.6790,17.4030
PEMAFC-F,1,period_0856,15.506667,-19.0687,5.4217,94.0551,75.6790,18.3761
PEMAFC-F,1,period_0856,15.560000,-19.3006,5.7261,94.9508,75.6790,19.2718
PEMAFC-F,1,period_0856,15.600000,-19.4044,5.9210,97.0505,75.6790,21.3715
PEMAFC-F,1,period_0856,15.653333,-19.2622,6.6129,95.8613,75.6790,20.1823
PEMAFC-F,1,period_0856,15.706667,-19.5996,5.9283,97.7981,75.6790,22.1191
PEMAFC-F,1,period_0856,15.760000,-19.3835,5.9330,96.1356,75.6790,20.4566
PEMAFC-F,1,period_0856,15.800000,-19.7879,4.1744,98.4606,75.6790,22.7816
PEMAFC-F,1,period_0856,15.853333,-19.5847,5.5378,100.2067,75.6790,24.5277
PEMAFC-F,1,period_0856,15.906667,-19.8669,6.5773,99.0090,75.6790,23.3300
PEMAFC-F,1,period_0856,15.960000,-19.2901,5.6510,92.6921,75.6790,17.0131
PEMAFC-F,1,period_0856,16.000000,-19.6785,4.8624,97.2474,75.6790,21.5684
PEMAFC-F,1,period_0856,16.053333,-19.4157,6.4682,98.3010,75.6790,22.6220
PEMAFC-F,1,period_0856,16.106667,-19.6505,4.7586,100.1343,75.6790,24.4553
PEMAFC-F,1,period_0856,16.160000,-19.7145,6.3854,100.1701,75.6790,24.4911
PEMAFC-F,1,period_0856,16.200000,-19.5643,6.3429,98.2402,75.6790,22.5612
PEMAFC-F,1,period_0856,16.253333,-19.2405,6.0345,96.4602,75.6790,20.7812
PEMAFC-F,1,period_0856,16.306667,-19.4337,5.2658,96.6935,75.6790,21.0144
PEMAFC-F,1,period_0856,16.360000,-19.7048,5.7372,99.4025,75.6790,23.7235
PEMAFC-F,1,period_0856,16.400000,-19.5466,5.7134,99.6543,75.6790,23.9753
PEMAFC-F,1,period_0856,16.453333,-19.1072,4.8663,93.5701,75.6790,17.8910
PEMAFC-F,1,period_0856,16.506667,-18.7061,4.0172,92.6062,75.6790,16.9272
PEMAFC-F,1,period_0856,16.560000,-19.0781,6.3145,92.3989,75.6790,16.7199
PEMAFC-F,1,period_0856,16.600000,-19.1191,6.2653,92.0505,75.6790,16.3715
PEMAFC-F,1,period_0856,16.653333,-18.9921,5.7254,91.7661,75.6790,16.0871
PEMAFC-F,1,period_0856,16.706667,-19.1699,4.8981,92.8265,75.6790,17.1475
PEMAFC-F,1,period_0856,16.760000,-19.5192,5.5540,98.5945,75.6790,22.9155
PEMAFC-F,1,period_0856,16.800000,-19.5574,4.2223,97.9752,75.6790,22.2961
PEMAFC-F,1,period_0856,16.853333,-19.5782,6.1863,100.2547,75.6790,24.5757
PEMAFC-F,1,period_0856,16.906667,-19.5053,6.5092,100.1546,75.6790,24.4755
PEMAFC-F,1,period_0856,16.960000,-19.4449,4.9555,98.2016,75.6790,22.5226
PEMAFC-F,1,period_0856,17.000000,-19.5164,6.2686,97.4766,75.6790,21.7975
PEMAFC-F,1,period_0856,17.053333,-19.5533,5.7638,96.3941,75.6790,20.7151
PEMAFC-F,1,period_0856,17.106667,-19.1053,6.0284,95.8071,75.6790,20.1281
PEMAFC-F,1,period_0856,17.160000,-19.1996,4.4663,95.7102,75.6790,20.0312
PEMAFC-F,1,period_0856,17.200000,-19.2758,5.5185,95.4530,75.6790,19.7740
PEMAFC-F,1,period_0856,17.253333,-19.1548,6.1133,94.4376,75.6790,18.7586
PEMAFC-F,1,period_0856,17.306667,-19.5959,6.6047,96.4365,75.6790,20.7575
PEMAFC-F,1,period_0856,17.360000,-19.6188,5.3536,95.0815,75.6790,19.4025
PEMAFC-F,1,period_0856,17.400000,-19.6972,5.3702,97.6494,75.6790,21.9704
PEMAFC-F,1,period_0856,17.453333,-19.8480,5.7050,100.2471,75.6790,24.5681
PEMAFC-F,1,period_0856,17.506667,-19.8363,4.8435,100.2290,75.6790,24.5500
PEMAFC-F,1,period_0856,17.560000,-19.7670,5.6300,100.2498,75.6790,24.5708
PEMAFC-F,1,period_0856,17.600000,-19.7689,5.4000,100.2438,75.6790,24.5648
PEMAFC-F,1,period_0856,17.653333,-19.8094,5.7299,99.3583,75.6790,23.6792
PEMAFC-F,1,period_0856,17.706667,-19.8920,6.4897,98.7331,75.6790,23.0541
PEMAFC-F,1,period_0856,17.760000,-20.1159,5.7671,100.1469,75.6790,24.4679
PEMAFC-F,1,period_0856,17.800000,-20.0024,4.6614,96.5108,75.6790,20.8318
PEMAFC-F,1,period_0856,17.853333,-19.9107,4.2632,100.1187,75.6790,24.4396
PEMAFC-F,1,period_0856,17.906667,-19.8617,4.9526,97.0507,75.6790,21.3716
PEMAFC-F,1,period_0856,17.960000,-19.8417,6.2380,96.7898,75.6790,21.1108
PEMAFC-F,1,period_0856,18.000000,-19.8213,4.4365,99.1665,75.6790,23.4874
PEMAFC-F,1,period_0856,18.053333,-19.6285,6.0823,97.7958,75.6790,22.1168
PEMAFC-F,1,period_0856,18.106667,-19.6683,5.2153,95.8723,75.6790,20.1933
PEMAFC-F,1,period_0856,18.160000,-19.4939,4.1228,95.7115,75.6790,20.0324
PEMAFC-F,1,period_0856,18.200000,-19.7961,5.2280,95.5964,75.6790,19.9174
PEMAFC-F,1,period_0856,18.253333,-19.5480,5.4846,95.4447,75.6790,19.7656
PEMAFC-F,1,period_0856,18.306667,-18.9900,5.8844,91.4235,75.6790,15.7445
PEMAFC-F,1,period_0856,18.360000,-19.6692,4.8349,96.7662,75.6790,21.0871
PEMAFC-F,1,period_0856,18.400000,-19.5432,5.2968,100.2133,75.6790,24.5343
PEMAFC-F,1,period_0856,18.453333,-19.6807,6.1002,98.4237,75.6790,22.7447
PEMAFC-F,1,period_0856,18.506667,-19.5233,5.3181,94.8277,75.6790,19.1487
PEMAFC-F,1,period_0856,18.560000,-19.3964,5.9627,94.3935,75.6790,18.7145
PEMAFC-F,1,period_0856,18.600000,-18.9003,6.9806,94.1153,75.6790,18.4363
PEMAFC-F,1,period_0856,18.653333,-19.1852,3.6863,95.1170,75.6790,19.4379
PEMAFC-F,1,period_0856,18.706667,-19.4208,5.4997,95.6384,75.6790,19.9593
PEMAFC-F,1,period_0856,18.760000,-19.8206,4.2056,98.4116,75.6790,22.7325
PEMAFC-F,1,period_0856,18.800000,-20.1287,6.4602,100.1659,75.6790,24.4868
PEMAFC-F,1,period_0856,18.853333,-19.6027,6.0902,94.9739,75.6790,19.2948
PEMAFC-F,1,period_0856,18.906667,-19.7252,4.5578,99.1673,75.6790,23.4883
PEMAFC-F,1,period_0856,18.960000,-19.1560,5.2231,93.8134,75.6790,18.1344
PEMAFC-F,1,period_0856,19.000000,-19.3907,6.3080,96.3493,75.6790,20.6703
PEMAFC-F,1,period_0856,19.053333,-19.3498,4.8503,95.7123,75.6790,20.0333
PEMAFC-F,1,period_0856,19.106667,-19.2566,6.1912,94.7208,75.6790,19.0418
PEMAFC-F,1,period_0856,19.160000,-19.6819,5.0614,99.3701,75.6790,23.6910
PEMAFC-F,1,period_0856,19.200000,-19.6296,7.6239,100.2005,75.6790,24.5214
PEMAFC-F,1,period_0856,19.253333,-19.4850,5.3949,100.1799,75.6790,24.5009
PEMAFC-F,1,period_0856,19.306667,-19.7255,5.0117,100.1552,75.6790,24.4761
PEMAFC-F,1,period_0856,19.360000,-19.7698,6.9884,97.5808,75.6790,21.9017
PEMAFC-F,1,period_0856,19.400000,-19.5915,4.9102,96.6510,75.6790,20.9719
PEMAFC-F,1,period_0856,19.453333,-19.4575,5.9461,96.9721,75.6790,21.2931
PEMAFC-F,1,period_0856,19.506667,-19.6101,4.9744,100.2496,75.6790,24.5705
PEMAFC-F,1,period_0856,19.560000,-19.7980,3.6358,99.7939,75.6790,24.1149
PEMAFC-F,1,period_0856,19.600000,-19.7725,7.1070,98.5750,75.6790,22.8960
PEMAFC-F,1,period_0856,19.653333,-19.6851,4.6159,100.3356,75.6790,24.6566
PEMAFC-F,1,period_0856,19.706667,-19.5849,5.9648,96.3942,75.6790,20.7151
PEMAFC-F,1,period_0856,19.760000,-19.5517,4.9512,100.2063,75.6790,24.5272
PEMAFC-F,1,period_0856,19.800000,-19.6193,6.4947,100.2883,75.6790,24.6093
PEMAFC-F,1,period_0856,19.853333,-19.7965,5.2336,100.2232,75.6790,24.5442
PEMAFC-F,1,period_0856,19.906667,-19.6370,6.7438,99.4002,75.6790,23.7212
PEMAFC-F,1,period_0856,19.960000,-19.6278,5.4385,100.3237,75.6790,24.6447
PEMAFC-F,1,period_0856,20.000000,-19.6519,7.4169,100.3478,75.6790,24.6688
PEMAFC-F,2,period_0916,20.013333,-3.3023,-7.0524,76.9068,76.8005,0.1063
PEMAFC-F,2,period_0916,20.053333,-4.0889,-2.5960,78.3467,76.8005,1.5462
PEMAFC-F,2,period_0916,20.106667,-4.9081,-0.4025,79.2813,76.8005,2.4808
PEMAFC-F,2,period_0916,20.160000,-5.6867,0.8017,79.9126,76.8005,3.1121
PEMAFC-F,2,period_0916,20.200000,-6.2392,0.8447,81.7615,76.8005,4.9610
PEMAFC-F,2,period_0916,20.253333,-7.0148,1.8282,83.9536,76.8005,7.1531
PEMAFC-F,2,period_0916,20.306667,-7.6394,1.7989,84.8599,76.8005,8.0594
PEMAFC-F,2,period_0916,20.360000,-8.2339,2.6950,85.3403,76.8005,8.5398
PEMAFC-F,2,period_0916,20.400000,-8.7115,2.2830,85.9818,76.8005,9.1813
PEMAFC-F,2,period_0916,20.453333,-9.3064,2.5259,86.5603,76.8005,9.7598
PEMAFC-F,2,period_0916,20.506667,-9.8528,2.3890,86.8966,76.8005,10.0961
PEMAFC-F,2,period_0916,20.560000,-10.4258,2.8712,87.6145,76.8005,10.8140
PEMAFC-F,2,period_0916,20.600000,-10.7987,2.4061,87.7892,76.8005,10.9887
PEMAFC-F,2,period_0916,20.653333,-11.3067,3.2042,87.8622,76.8005,11.0617
PEMAFC-F,2,period_0916,20.706667,-11.6949,2.7477,88.1589,76.8005,11.3584
PEMAFC-F,2,period_0916,20.760000,-12.1270,3.2818,88.3089,76.8005,11.5084
PEMAFC-F,2,period_0916,20.800000,-12.4787,2.6435,88.5001,76.8005,11.6996
PEMAFC-F,2,period_0916,20.853333,-12.8139,3.0564,88.6219,76.8005,11.8214
PEMAFC-F,2,period_0916,20.906667,-13.3081,2.7464,88.8833,76.8005,12.0828
PEMAFC-F,2,period_0916,20.960000,-13.4378,3.0433,89.0312,76.8005,12.2307
PEMAFC-F,2,period_0916,21.000000,-13.8426,3.7299,89.3329,76.8005,12.5324
PEMAFC-F,2,period_0916,21.053333,-14.1240,2.7066,89.6332,76.8005,12.8327
PEMAFC-F,2,period_0916,21.106667,-14.5832,2.9617,89.7735,76.8005,12.9730
PEMAFC-F,2,period_0916,21.160000,-14.9338,4.3516,89.9574,76.8005,13.1569
PEMAFC-F,2,period_0916,21.200000,-15.0968,3.7217,90.3769,76.8005,13.5764
PEMAFC-F,2,period_0916,21.253333,-15.3466,4.1189,90.6491,76.8005,13.8486
PEMAFC-F,2,period_0916,21.306667,-15.4713,4.2730,90.0414,76.8005,13.2409
PEMAFC-F,2,period_0916,21.360000,-15.7394,2.6693,88.6248,76.8005,11.8243
PEMAFC-F,2,period_0916,21.400000,-16.3896,3.0243,91.2126,76.8005,14.4121
PEMAFC-F,2,period_0916,21.453333,-16.6059,2.6330,91.2790,76.8005,14.4786
PEMAFC-F,2,period_0916,21.506667,-16.5726,2.2348,91.5926,76.8005,14.7921
PEMAFC-F,2,period_0916,21.560000,-16.7498,2.9024,91.7750,76.8005,14.9745
PEMAFC-F,2,period_0916,21.600000,-17.0078,3.0955,91.8706,76.8005,15.0701
PEMAFC-F,2,period_0916,21.653333,-17.2590,3.5111,92.0187,76.8005,15.2182
PEMAFC-F,2,period_0916,21.706667,-17.2492,2.2455,92.2221,76.8005,15.4216
PEMAFC-F,2,period_0916,21.760000,-17.6102,2.7722,92.4311,76.8005,15.6306
PEMAFC-F,2,period_0916,21.800000,-17.7272,2.4242,92.6352,76.8005,15.8347
PEMAFC-F,2,period_0916,21.853333,-17.8494,3.2317,92.8158,76.8005,16.0153
PEMAFC-F,2,period_0916,21.906667,-17.2875,2.2170,92.4711,76.8005,15.6706
PEMAFC-F,2,period_0916,21.960000,-17.5114,2.2832,91.8963,76.8005,15.0958
PEMAFC-F,2,period_0916,22.000000,-18.0859,3.5603,93.1952,76.8005,16.3948
PEMAFC-F,2,period_0916,22.053333,-18.1679,2.0714,93.4386,76.8005,16.6381
PEMAFC-F,2,period_0916,22.106667,-18.7591,3.7667,93.5581,76.8005,16.7576
PEMAFC-F,2,period_0916,22.160000,-18.6974,2.2743,93.7429,76.8005,16.9424
PEMAFC-F,2,period_0916,22.200000,-18.6061,3.6387,91.6922,76.8005,14.8917
PEMAFC-F,2,period_0916,22.253333,-18.5019,2.7867,93.5294,76.8005,16.7289
PEMAFC-F,2,period_0916,22.306667,-18.6329,2.6582,92.7711,76.8005,15.9706
PEMAFC-F,2,period_0916,22.360000,-18.4082,2.3030,90.6404,76.8005,13.8399
PEMAFC-F,2,period_0916,22.400000,-18.7721,3.3744,92.1679,76.8005,15.3674
PEMAFC-F,2,period_0916,22.453333,-19.0794,3.3993,94.6201,76.8005,17.8196
PEMAFC-F,2,period_0916,22.506667,-19.3999,3.3096,94.7428,76.8005,17.9423
PEMAFC-F,2,period_0916,22.560000,-19.1300,2.8483,94.8553,76.8005,18.0548
PEMAFC-F,2,period_0916,22.600000,-19.3216,2.6501,95.1270,76.8005,18.3265
PEMAFC-F,2,period_0916,22.653333,-19.3997,3.3480,95.4067,76.8005,18.6062
PEMAFC-F,2,period_0916,22.706667,-19.6974,3.2121,95.4924,76.8005,18.6919
PEMAFC-F,2,period_0916,22.760000,-19.9547,3.0247,95.6558,76.8005,18.8553
PEMAFC-F,2,period_0916,22.800000,-19.7754,4.3371,95.7262,76.8005,18.9257
PEMAFC-F,2,period_0916,22.853333,-20.0824,3.6644,95.9599,76.8005,19.1594
PEMAFC-F,2,period_0916,22.906667,-20.0131,3.4997,96.0898,76.8005,19.2893
PEMAFC-F,2,period_0916,22.960000,-20.0077,2.7069,96.3818,76.8005,19.5813
PEMAFC-F,2,period_0916,23.000000,-20.2154,3.9036,96.4288,76.8005,19.6283
PEMAFC-F,2,period_0916,23.053333,-20.1232,3.3821,96.5551,76.8005,19.7546
PEMAFC-F,2,period_0916,23.106667,-20.1120,2.5843,96.6633,76.8005,19.8628
PEMAFC-F,2,period_0916,23.160000,-19.9091,4.5266,96.8120,76.8005,20.0115
PEMAFC-F,2,period_0916,23.200000,-20.0757,2.5295,96.9152,76.8005,20.1147
PEMAFC-F,2,period_0916,23.253333,-20.2298,3.1377,97.3502,76.8005,20.5497
PEMAFC-F,2,period_0916,23.306667,-20.2241,4.3597,97.6211,76.8005,20.8206
PEMAFC-F,2,period_0916,23.360000,-20.2999,3.8646,97.7725,76.8005,20.9720
PEMAFC-F,2,period_0916,23.400000,-19.2779,4.0434,97.7713,76.8005,20.9708
PEMAFC-F,2,period_0916,23.453333,-19.2448,3.4347,98.0805,76.8005,21.2801
PEMAFC-F,2,period_0916,23.506667,-20.0699,2.4872,98.2293,76.8005,21.4288
PEMAFC-F,2,period_0916,23.560000,-19.9196,2.8178,98.0727,76.8005,21.2722
PEMAFC-F,2,period_0916,23.600000,-20.2381,4.0203,98.3657,76.8005,21.5652
PEMAFC-F,2,period_0916,23.653333,-20.3362,3.1525,97.4909,76.8005,20.6904
PEMAFC-F,2,period_0916,23.706667,-19.8023,3.9466,93.9422,76.8005,17.1417
PEMAFC-F,2,period_0916,23.760000,-19.1646,2.6470,90.5246,76.8005,13.7241
PEMAFC-F,2,period_0916,23.800000,-19.5236,2.2787,90.3535,76.8005,13.5530
PEMAFC-F,2,period_0916,23.853333,-19.5512,4.0499,91.9148,76.8005,15.1143
PEMAFC-F,2,period_0916,23.906667,-20.2616,3.0681,95.1669,76.8005,18.3664
PEMAFC-F,2,period_0916,23.960000,-20.4546,2.7010,97.3453,76.8005,20.5448
PEMAFC-F,2,period_0916,24.000000,-20.4331,2.6719,97.6428,76.8005,20.8423
PEMAFC-F,2,period_0916,24.053333,-20.4906,3.9858,96.9406,76.8005,20.1401
PEMAFC-F,2,period_0916,24.106667,-20.5637,3.8552,99.6941,76.8005,22.8936
PEMAFC-F,2,period_0916,24.160000,-20.9788,3.3907,99.6710,76.8005,22.8705
PEMAFC-F,2,period_0916,24.200000,-20.9715,2.9236,99.7495,76.8005,22.9490
PEMAFC-F,2,period_0916,24.253333,-20.8564,2.6366,99.7577,76.8005,22.9572
PEMAFC-F,2,period_0916,24.306667,-20.7433,2.5628,99.9163,76.8005,23.1158
PEMAFC-F,2,period_0916,24.360000,-20.7246,3.7705,100.1347,76.8005,23.3342
PEMAFC-F,2,period_0916,24.400000,-20.4750,2.8073,100.1630,76.8005,23.3625
PEMAFC-F,2,period_0916,24.453333,-20.5367,2.4427,100.1741,76.8005,23.3736
PEMAFC-F,2,period_0916,24.506667,-20.5918,3.3890,99.5108,76.8005,22.7104
PEMAFC-F,2,period_0916,24.560000,-20.2793,2.1277,93.3307,76.8005,16.5302
PEMAFC-F,2,period_0916,24.600000,-19.8148,2.3193,89.9560,76.8005,13.1555
PEMAFC-F,2,period_0916,24.653333,-19.8633,2.5474,91.7943,76.8005,14.9938
PEMAFC-F,2,period_0916,24.706667,-20.4762,3.1852,95.8650,76.8005,19.0645
PEMAFC-F,2,period_0916,24.760000,-20.1026,3.9622,95.2388,76.8005,18.4383
PEMAFC-F,2,period_0916,24.800000,-19.8426,2.6907,93.1712,76.8005,16.3707
PEMAFC-F,2,period_0916,24.853333,-20.1288,3.8493,93.8078,76.8005,17.0073
PEMAFC-F,2,period_0916,24.906667,-20.4945,2.4775,94.0882,76.8005,17.2877
PEMAFC-F,2,period_0916,24.960000,-20.4662,2.6022,93.5587,76.8005,16.7582
PEMAFC-F,2,period_0916,25.000000,-20.8190,3.3601,98.3294,76.8005,21.5289
PEMAFC-F,2,period_0916,25.053333,-21.0079,2.9695,99.9349,76.8005,23.1344
PEMAFC-F,2,period_0916,25.106667,-20.5101,3.1139,98.2507,76.8005,21.4502
PEMAFC-F,2,period_0916,25.160000,-20.6441,3.4680,97.4204,76.8005,20.6199
PEMAFC-F,2,period_0916,25.200000,-20.5166,3.1531,94.6294,76.8005,17.8289
PEMAFC-F,2,period_0916,25.253333,-20.5714,3.2037,98.0597,76.8005,21.2592
PEMAFC-F,2,period_0916,25.306667,-20.5358,3.7156,95.3070,76.8005,18.5065
PEMAFC-F,2,period_0916,25.360000,-20.5758,2.9406,97.7759,76.8005,20.9754
PEMAFC-F,2,period_0916,25.400000,-20.4702,3.4561,97.6701,76.8005,20.8696
PEMAFC-F,2,period_0916,25.453333,-20.5124,3.8296,99.8529,76.8005,23.0524
PEMAFC-F,2,period_0916,25.506667,-20.7087,2.0215,98.9366,76.8005,22.1361
PEMAFC-F,2,period_0916,25.560000,-20.7490,3.4069,99.8203,76.8005,23.0198
PEMAFC-F,2,period_0916,25.600000,-20.6561,2.6606,99.6856,76.8005,22.8851
PEMAFC-F,2,period_0916,25.653333,-20.5295,3.4941,99.8132,76.8005,23.0127
PEMAFC-F,2,period_0916,25.706667,-20.4866,3.2730,99.7887,76.8005,22.9882
PEMAFC-F,2,period_0916,25.760000,-20.2041,2.4823,98.9409,76.8005,22.1404
PEMAFC-F,2,period_0916,25.800000,-20.1917,3.4212,99.7457,76.8005,22.9452
PEMAFC-F,2,period_0916,25.853333,-20.5257,2.6741,99.6998,76.8005,22.8993
PEMAFC-F,2,period_0916,25.906667,-20.3514,3.9020,97.1963,76.8005,20.3958
PEMAFC-F,2,period_0916,25.960000,-20.0139,2.8202,97.8555,76.8005,21.0550
PEMAFC-F,2,period_0916,26.000000,-20.2584,2.6080,98.7904,76.8005,21.9899
PEMAFC-F,2,period_0916,26.053333,-20.3578,3.1896,99.6310,76.8005,22.8305
PEMAFC-F,2,period_0916,26.106667,-20.5954,2.5182,99.6038,76.8005,22.8033
PEMAFC-F,2,period_0916,26.160000,-20.4868,2.6591,99.6312,76.8005,22.8307
PEMAFC-F,2,period_0916,26.200000,-20.5346,3.5227,99.6487,76.8005,22.8482
PEMAFC-F,2,period_0916,26.253333,-20.3815,3.3867,99.6515,76.8005,22.8510
PEMAFC-F,2,period_0916,26.306667,-20.8323,3.3066,99.6190,76.8005,22.8185
PEMAFC-F,2,period_0916,26.360000,-20.6657,2.9806,99.6006,76.8005,22.8001
PEMAFC-F,2,period_0916,26.400000,-19.9225,4.1077,95.1164,76.8005,18.3159
PEMAFC-F,2,period_0916,26.453333,-20.2906,3.0020,95.4721,76.8005,18.6716
PEMAFC-F,2,period_0916,26.506667,-20.1829,2.8090,95.2867,76.8005,18.4862
PEMAFC-F,2,period_0916,26.560000,-20.5572,2.8953,99.5417,76.8005,22.7412
PEMAFC-F,2,period_0916,26.600000,-20.7490,3.6857,99.5166,76.8005,22.7161
PEMAFC-F,2,period_0916,26.653333,-20.6754,3.3495,99.5091,76.8005,22.7087
PEMAFC-F,2,period_0916,26.706667,-20.2617,2.8728,99.4821,76.8005,22.6816
PEMAFC-F,2,period_0916,26.760000,-20.1157,2.9457,97.3403,76.8005,20.5399
PEMAFC-F,2,period_0916,26.800000,-20.1606,4.1252,99.5016,76.8005,22.7011
PEMAFC-F,2,period_0916,26.853333,-20.1882,2.6291,97.7108,76.8005,20.9103
PEMAFC-F,2,period_0916,26.906667,-20.2766,3.3623,98.0534,76.8005,21.2529
PEMAFC-F,2,period_0916,26.960000,-20.0394,2.1945,97.3714,76.8005,20.5709
PEMAFC-F,2,period_0916,27.000000,-20.2456,4.4683,96.9539,76.8005,20.1534
PEMAFC-F,2,period_0916,27.053333,-20.3563,2.7134,95.7027,76.8005,18.9022
PEMAFC-F,2,period_0916,27.106667,-20.1072,3.9596,94.3299,76.8005,17.5294
PEMAFC-F,2,period_0916,27.160000,-19.6069,4.2508,91.4219,76.8005,14.6214
PEMAFC-F,2,period_0916,27.200000,-19.7057,2.2989,91.9742,76.8005,15.1737
PEMAFC-F,2,period_0916,27.253333,-19.9656,3.0561,92.7823,76.8005,15.9818
PEMAFC-F,2,period_0916,27.306667,-20.3276,2.5486,99.3641,76.8005,22.5636
PEMAFC-F,2,period_0916,27.360000,-20.3900,3.0930,99.3815,76.8005,22.5810
PEMAFC-F,2,period_0916,27.400000,-20.0649,3.5787,99.3812,76.8005,22.5807
PEMAFC-F,2,period_0916,27.453333,-19.8205,2.9214,99.3315,76.8005,22.5310
PEMAFC-F,2,period_0916,27.506667,-20.0781,2.9025,99.3266,76.8005,22.5262
PEMAFC-F,2,period_0916,27.560000,-19.9938,4.1008,94.8753,76.8005,18.0748
PEMAFC-F,2,period_0916,27.600000,-20.0373,3.1894,94.3788,76.8005,17.5783
PEMAFC-F,2,period_0916,27.653333,-20.3515,4.1799,97.3106,76.8005,20.5101
PEMAFC-F,2,period_0916,27.706667,-20.0561,2.9361,93.9778,76.8005,17.1773
PEMAFC-F,2,period_0916,27.760000,-19.9196,2.6747,94.3714,76.8005,17.5709
PEMAFC-F,2,period_0916,27.800000,-19.8330,3.4320,93.1072,76.8005,16.3067
PEMAFC-F,2,period_0916,27.853333,-19.9472,2.7086,92.3207,76.8005,15.5202
PEMAFC-F,2,period_0916,27.906667,-19.9048,2.8754,91.6216,76.8005,14.8211
PEMAFC-F,2,period_0916,27.960000,-19.5144,3.6958,91.3769,76.8005,14.5764
PEMAFC-F,2,period_0916,28.000000,-19.1912,4.0306,92.3032,76.8005,15.5027
PEMAFC-F,2,period_0916,28.053333,-19.2927,3.4132,93.5088,76.8005,16.7083
PEMAFC-F,2,period_0916,28.106667,-19.7759,3.5811,95.2103,76.8005,18.4098
PEMAFC-F,2,period_0916,28.160000,-19.7673,3.2161,94.7625,76.8005,17.9620
PEMAFC-F,2,period_0916,28.200000,-19.9042,3.7620,97.6287,76.8005,20.8282
PEMAFC-F,2,period_0916,28.253333,-19.9217,3.4957,95.9754,76.8005,19.1749
PEMAFC-F,2,period_0916,28.306667,-20.1450,2.4825,97.5178,76.8005,20.7173
PEMAFC-F,2,period_0916,28.360000,-20.2244,3.0782,99.1206,76.8005,22.3201
PEMAFC-F,2,period_0916,28.400000,-20.3255,3.4025,99.1140,76.8005,22.3135
PEMAFC-F,2,period_0916,28.453333,-20.1020,4.2214,99.1101,76.8005,22.3096
PEMAFC-F,2,period_0916,28.506667,-19.8064,4.3611,99.1437,76.8005,22.3432
PEMAFC-F,2,period_0916,28.560000,-20.1190,3.0752,99.1255,76.8005,22.3250
PEMAFC-F,2,period_0916,28.600000,-19.9868,2.9758,95.0447,76.8005,18.2442
PEMAFC-F,2,period_0916,28.653333,-19.1299,4.3072,94.7812,76.8005,17.9807
PEMAFC-F,2,period_0916,28.706667,-18.5285,2.3585,89.0474,76.8005,12.2469
PEMAFC-F,2,period_0916,28.760000,-19.2321,3.5572,92.2775,76.8005,15.4770
PEMAFC-F,2,period_0916,28.800000,-19.4104,1.4822,92.4358,76.8005,15.6353
PEMAFC-F,2,period_0916,28.853333,-19.4254,4.5934,93.0839,76.8005,16.2834
PEMAFC-F,2,period_0916,28.906667,-19.9072,1.9741,96.9346,76.8005,20.1341
PEMAFC-F,2,period_0916,28.960000,-19.5027,2.9555,91.1618,76.8005,14.3613
PEMAFC-F,2,period_0916,29.000000,-19.8741,5.4970,93.0075,76.8005,16.2070
PEMAFC-F,2,period_0916,29.053333,-19.8049,2.8920,92.0744,76.8005,15.2739
PEMAFC-F,2,period_0916,29.106667,-19.6927,2.6935,93.7562,76.8005,16.9557
PEMAFC-F,2,period_0916,29.160000,-19.9081,2.2143,99.0190,76.8005,22.2185
PEMAFC-F,2,period_0916,29.200000,-19.7880,4.5927,97.6172,76.8005,20.8167
PEMAFC-F,2,period_0916,29.253333,-19.9345,2.7607,96.2985,76.8005,19.4980
PEMAFC-F,2,period_0916,29.306667,-18.6415,2.5766,88.5656,76.8005,11.7651
PEMAFC-F,2,period_0916,29.360000,-19.0148,3.5440,88.6764,76.8005,11.8759
PEMAFC-F,2,period_0916,29.400000,-19.2474,3.5450,89.7966,76.8005,12.9961
PEMAFC-F,2,period_0916,29.453333,-19.2154,2.6090,89.5498,76.8005,12.7493
PEMAFC-F,2,period_0916,29.506667,-19.5385,3.5433,92.6172,76.8005,15.8168
PEMAFC-F,2,period_0916,29.560000,-19.6718,2.9063,93.7996,76.8005,16.9991
PEMAFC-F,2,period_0916,29.600000,-19.6721,2.6745,92.7407,76.8005,15.9402
PEMAFC-F,2,period_0916,29.653333,-19.7383,3.4253,93.8468,76.8005,17.0464
PEMAFC-F,2,period_0916,29.706667,-19.4612,4.1220,91.5398,76.8005,14.7393
PEMAFC-F,2,period_0916,29.760000,-19.7572,2.8425,93.1971,76.8005,16.3966
PEMAFC-F,2,period_0916,29.800000,-19.7725,3.0132,93.9079,76.8005,17.1074
PEMAFC-F,2,period_0916,29.853333,-19.7375,3.7302,94.0962,76.8005,17.2957
PEMAFC-F,2,period_0916,29.906667,-19.7091,3.6605,94.3131,76.8005,17.5126
PEMAFC-F,2,period_0916,29.960000,-19.8651,2.9941,94.4463,76.8005,17.6458
PEMAFC-F,2,period_0916,30.000000,-19.9709,3.3047,96.8370,76.8005,20.0365
PEMAFC-F,3,period_0943,30.013333,-3.9909,-0.4787,70.2140,67.9790,2.2350
PEMAFC-F,3,period_0943,30.053333,-4.3555,3.2619,70.3755,67.9790,2.3964
PEMAFC-F,3,period_0943,30.106667,-4.8842,2.5608,70.6624,67.9790,2.6834
PEMAFC-F,3,period_0943,30.160000,-5.3952,2.8618,70.9030,67.9790,2.9240
PEMAFC-F,3,period_0943,30.200000,-5.7049,4.5753,71.0369,67.9790,3.0579
PEMAFC-F,3,period_0943,30.253333,-6.1984,3.4153,71.4473,67.9790,3.4682
PEMAFC-F,3,period_0943,30.306667,-6.6811,4.2393,71.7288,67.9790,3.7497
PEMAFC-F,3,period_0943,30.360000,-7.1702,5.1929,72.2099,67.9790,4.2308
PEMAFC-F,3,period_0943,30.400000,-7.4356,5.2700,72.3779,67.9790,4.3988
PEMAFC-F,3,period_0943,30.453333,-7.8194,4.8211,72.5436,67.9790,4.5645
PEMAFC-F,3,period_0943,30.506667,-8.2246,4.7577,72.8005,67.9790,4.8215
PEMAFC-F,3,period_0943,30.560000,-8.5963,5.4106,73.0839,67.9790,5.1048
PEMAFC-F,3,period_0943,30.600000,-8.8396,5.1069,73.2401,67.9790,5.2611
PEMAFC-F,3,period_0943,30.653333,-9.1743,4.6067,73.5723,67.9790,5.5933
PEMAFC-F,3,period_0943,30.706667,-9.5088,3.4220,73.7498,67.9790,5.7707
PEMAFC-F,3,period_0943,30.760000,-9.7973,4.9625,73.9454,67.9790,5.9663
PEMAFC-F,3,period_0943,30.800000,-10.0688,3.2194,74.1269,67.9790,6.1478
PEMAFC-F,3,period_0943,30.853333,-10.3738,5.0464,74.2885,67.9790,6.3094
PEMAFC-F,3,period_0943,30.906667,-10.7654,3.7245,74.6995,67.9790,6.7204
PEMAFC-F,3,period_0943,30.960000,-11.1220,4.9821,75.0688,67.9790,7.0898
PEMAFC-F,3,period_0943,31.000000,-11.4138,6.1072,75.3631,67.9790,7.3840
PEMAFC-F,3,period_0943,31.053333,-11.7084,4.9155,75.6710,67.9790,7.6920
PEMAFC-F,3,period_0943,31.106667,-11.9657,4.8158,75.9158,67.9790,7.9368
PEMAFC-F,3,period_0943,31.160000,-12.2099,4.2078,76.0466,67.9790,8.0675
PEMAFC-F,3,period_0943,31.200000,-12.3820,5.5618,76.2697,67.9790,8.2907
PEMAFC-F,3,period_0943,31.253333,-12.5799,4.4945,76.4160,67.9790,8.4369
PEMAFC-F,3,period_0943,31.306667,-12.7954,5.0355,76.6058,67.9790,8.6267
PEMAFC-F,3,period_0943,31.360000,-12.9999,4.5399,76.8173,67.9790,8.8383
PEMAFC-F,3,period_0943,31.400000,-13.1718,7.2941,76.9370,67.9790,8.9579
PEMAFC-F,3,period_0943,31.453333,-13.4387,3.9854,77.1757,67.9790,9.1967
PEMAFC-F,3,period_0943,31.506667,-13.6284,5.3100,77.3728,67.9790,9.3937
PEMAFC-F,3,period_0943,31.560000,-13.8735,6.1652,77.6248,67.9790,9.6458
PEMAFC-F,3,period_0943,31.600000,-14.0403,4.9232,77.7733,67.9790,9.7942
PEMAFC-F,3,period_0943,31.653333,-14.2818,5.0960,77.9685,67.9790,9.9894
PEMAFC-F,3,period_0943,31.706667,-14.4640,5.7186,78.0502,67.9790,10.0711
PEMAFC-F,3,period_0943,31.760000,-14.6563,6.1796,78.1366,67.9790,10.1575
PEMAFC-F,3,period_0943,31.800000,-14.7829,5.9589,78.2900,67.9790,10.3109
PEMAFC-F,3,period_0943,31.853333,-15.0243,5.7870,78.5508,67.9790,10.5717
PEMAFC-F,3,period_0943,31.906667,-15.2773,5.0493,78.8770,67.9790,10.8980
PEMAFC-F,3,period_0943,31.960000,-15.5647,4.8269,79.0383,67.9790,11.0593
PEMAFC-F,3,period_0943,32.000000,-15.7105,5.7844,79.1405,67.9790,11.1615
PEMAFC-F,3,period_0943,32.053333,-15.8675,5.6342,79.3520,67.9790,11.3729
PEMAFC-F,3,period_0943,32.106667,-16.0891,3.8250,79.5470,67.9790,11.5680
PEMAFC-F,3,period_0943,32.160000,-16.3367,5.1048,79.8043,67.9790,11.8253
PEMAFC-F,3,period_0943,32.200000,-16.5358,6.1489,80.0793,67.9790,12.1003
PEMAFC-F,3,period_0943,32.253333,-16.7506,5.6637,80.2858,67.9790,12.3068
PEMAFC-F,3,period_0943,32.306667,-16.9395,5.6959,80.5035,67.9790,12.5244
PEMAFC-F,3,period_0943,32.360000,-17.1539,3.7369,80.6698,67.9790,12.6908
PEMAFC-F,3,period_0943,32.400000,-17.4232,6.1246,80.8555,67.9790,12.8765
PEMAFC-F,3,period_0943,32.453333,-17.6468,5.1000,81.0000,67.9790,13.0210
PEMAFC-F,3,period_0943,32.506667,-17.8646,4.4136,81.2518,67.9790,13.2728
PEMAFC-F,3,period_0943,32.560000,-18.0978,3.4773,81.7442,67.9790,13.7652
PEMAFC-F,3,period_0943,32.600000,-18.1831,6.1301,81.8729,67.9790,13.8939
PEMAFC-F,3,period_0943,32.653333,-18.4023,4.8692,82.1490,67.9790,14.1700
PEMAFC-F,3,period_0943,32.706667,-18.5513,6.2102,82.2873,67.9790,14.3082
PEMAFC-F,3,period_0943,32.760000,-18.7434,4.4841,82.4405,67.9790,14.4615
PEMAFC-F,3,period_0943,32.800000,-18.8496,3.7461,82.5918,67.9790,14.6128
PEMAFC-F,3,period_0943,32.853333,-19.0775,4.7939,82.7880,67.9790,14.8090
PEMAFC-F,3,period_0943,32.906667,-19.2633,5.1755,82.9390,67.9790,14.9600
PEMAFC-F,3,period_0943,32.960000,-19.4325,6.0850,83.1987,67.9790,15.2196
PEMAFC-F,3,period_0943,33.000000,-19.5601,5.2531,83.4119,67.9790,15.4329
PEMAFC-F,3,period_0943,33.053333,-19.7068,5.1635,83.5952,67.9790,15.6161
PEMAFC-F,3,period_0943,33.106667,-19.8985,5.5409,84.0080,67.9790,16.0289
PEMAFC-F,3,period_0943,33.160000,-20.0801,3.9182,84.1870,67.9790,16.2079
PEMAFC-F,3,period_0943,33.200000,-20.1571,4.6116,84.3800,67.9790,16.4010
PEMAFC-F,3,period_0943,33.253333,-20.3628,4.6277,84.5667,67.9790,16.5877
PEMAFC-F,3,period_0943,33.306667,-20.5732,5.8269,84.8216,67.9790,16.8426
PEMAFC-F,3,period_0943,33.360000,-20.7736,4.9950,85.0805,67.9790,17.1015
PEMAFC-F,3,period_0943,33.400000,-20.8938,5.4711,85.4033,67.9790,17.4243
PEMAFC-F,3,period_0943,33.453333,-21.0124,5.3662,85.5576,67.9790,17.5786
PEMAFC-F,3,period_0943,33.506667,-21.0870,5.0139,85.9079,67.9790,17.9288
PEMAFC-F,3,period_0943,33.560000,-21.2435,6.0459,86.0816,67.9790,18.1025
PEMAFC-F,3,period_0943,33.600000,-21.2450,4.9622,86.1063,67.9790,18.1273
PEMAFC-F,3,period_0943,33.653333,-21.4259,4.9557,86.2430,67.9790,18.2640
PEMAFC-F,3,period_0943,33.706667,-21.6649,4.6551,86.4533,67.9790,18.4742
PEMAFC-F,3,period_0943,33.760000,-21.8571,4.3872,86.8110,67.9790,18.8319
PEMAFC-F,3,period_0943,33.800000,-21.8880,5.1480,86.9147,67.9790,18.9356
PEMAFC-F,3,period_0943,33.853333,-22.0368,5.3204,86.9912,67.9790,19.0121
PEMAFC-F,3,period_0943,33.906667,-22.2407,4.2334,87.0699,67.9790,19.0908
PEMAFC-F,3,period_0943,33.960000,-22.3368,5.3265,87.3141,67.9790,19.3350
PEMAFC-F,3,period_0943,34.000000,-22.3572,5.5456,87.5665,67.9790,19.5875
PEMAFC-F,3,period_0943,34.053333,-22.4474,5.1638,87.8836,67.9790,19.9045
PEMAFC-F,3,period_0943,34.106667,-22.6465,3.5236,88.0569,67.9790,20.0778
PEMAFC-F,3,period_0943,34.160000,-22.8119,5.2404,88.3133,67.9790,20.3343
PEMAFC-F,3,period_0943,34.200000,-22.9313,5.0496,88.3809,67.9790,20.4018
PEMAFC-F,3,period_0943,34.253333,-23.0817,5.5486,88.6601,67.9790,20.6811
PEMAFC-F,3,period_0943,34.306667,-23.1863,4.6191,88.8615,67.9790,20.8825
PEMAFC-F,3,period_0943,34.360000,-23.2435,5.3059,89.1467,67.9790,21.1677
PEMAFC-F,3,period_0943,34.400000,-23.2313,3.9224,89.2188,67.9790,21.2397
PEMAFC-F,3,period_0943,34.453333,-23.5066,4.8714,89.4663,67.9790,21.4872
PEMAFC-F,3,period_0943,34.506667,-23.4539,4.1486,89.5520,67.9790,21.5730
PEMAFC-F,3,period_0943,34.560000,-23.5107,5.3884,89.6496,67.9790,21.6705
PEMAFC-F,3,period_0943,34.600000,-23.7273,5.3094,89.7003,67.9790,21.7212
PEMAFC-F,3,period_0943,34.653333,-23.9239,5.8568,89.9031,67.9790,21.9240
PEMAFC-F,3,period_0943,34.706667,-24.0249,5.8844,90.2159,67.9790,22.2368
PEMAFC-F,3,period_0943,34.760000,-24.0855,4.2117,90.5663,67.9790,22.5873
PEMAFC-F,3,period_0943,34.800000,-24.2232,4.2102,90.7931,67.9790,22.8141
PEMAFC-F,3,period_0943,34.853333,-24.1520,5.7516,91.0482,67.9790,23.0692
PEMAFC-F,3,period_0943,34.906667,-24.2497,5.3363,91.2109,67.9790,23.2318
PEMAFC-F,3,period_0943,34.960000,-24.3935,4.7159,91.5856,67.9790,23.6066
PEMAFC-F,3,period_0943,35.000000,-24.3141,5.5449,91.8160,67.9790,23.8369
PEMAFC-F,3,period_0943,35.053333,-24.3418,4.9344,91.9024,67.9790,23.9233
PEMAFC-F,3,period_0943,35.106667,-24.5751,5.3999,92.2853,67.9790,24.3062
PEMAFC-F,3,period_0943,35.160000,-24.5579,5.5888,92.6337,67.9790,24.6546
PEMAFC-F,3,period_0943,35.200000,-24.5745,4.7077,92.6799,67.9790,24.7009
PEMAFC-F,3,period_0943,35.253333,-24.6596,5.9808,93.0070,67.9790,25.0279
PEMAFC-F,3,period_0943,35.306667,-24.7070,5.3101,93.1617,67.9790,25.1827
PEMAFC-F,3,period_0943,35.360000,-24.9197,5.4447,93.4703,67.9790,25.4912
PEMAFC-F,3,period_0943,35.400000,-25.0712,4.5004,93.5608,67.9790,25.5817
PEMAFC-F,3,period_0943,35.453333,-25.0910,4.4061,93.7166,67.9790,25.7375
PEMAFC-F,3,period_0943,35.506667,-25.2147,5.2141,94.0512,67.9790,26.0721
PEMAFC-F,3,period_0943,35.560000,-25.3252,4.4741,94.2208,67.9790,26.2418
PEMAFC-F,3,period_0943,35.600000,-25.3683,5.0621,94.1443,67.9790,26.1653
PEMAFC-F,3,period_0943,35.653333,-25.1541,5.7152,94.2638,67.9790,26.2847
PEMAFC-F,3,period_0943,35.706667,-25.3415,4.8394,94.5200,67.9790,26.5409
PEMAFC-F,3,period_0943,35.760000,-25.3221,5.0652,94.8187,67.9790,26.8396
PEMAFC-F,3,period_0943,35.800000,-25.4816,5.1026,94.8529,67.9790,26.8738
PEMAFC-F,3,period_0943,35.853333,-25.0818,4.4337,95.2295,67.9790,27.2505
PEMAFC-F,3,period_0943,35.906667,-25.3071,5.4983,95.3445,67.9790,27.3654
PEMAFC-F,3,period_0943,35.960000,-25.4694,6.3749,95.4751,67.9790,27.4961
PEMAFC-F,3,period_0943,36.000000,-25.6332,5.7466,95.7644,67.9790,27.7854
PEMAFC-F,3,period_0943,36.053333,-25.5964,4.5828,95.8720,67.9790,27.8929
PEMAFC-F,3,period_0943,36.106667,-25.6078,4.5102,95.8303,67.9790,27.8513
PEMAFC-F,3,period_0943,36.160000,-25.4140,5.8774,93.2930,67.9790,25.3140
PEMAFC-F,3,period_0943,36.200000,-25.4536,4.5746,94.8137,67.9790,26.8346
PEMAFC-F,3,period_0943,36.253333,-25.5155,6.0974,95.6225,67.9790,27.6435
PEMAFC-F,3,period_0943,36.306667,-25.6444,4.6594,95.8316,67.9790,27.8525
PEMAFC-F,3,period_0943,36.360000,-25.6897,2.6589,94.9331,67.9790,26.9540
PEMAFC-F,3,period_0943,36.400000,-25.6992,5.6368,94.0728,67.9790,26.0937
PEMAFC-F,3,period_0943,36.453333,-25.4875,4.7480,95.5891,67.9790,27.6100
PEMAFC-F,3,period_0943,36.506667,-25.0630,4.5267,93.1153,67.9790,25.1363
PEMAFC-F,3,period_0943,36.560000,-25.0460,4.7442,93.2607,67.9790,25.2817
PEMAFC-F,3,period_0943,36.600000,-25.3415,4.6520,95.9001,67.9790,27.9210
PEMAFC-F,3,period_0943,36.653333,-25.9673,3.4431,95.8794,67.9790,27.9004
PEMAFC-F,3,period_0943,36.706667,-25.9456,5.3957,95.8849,67.9790,27.9058
PEMAFC-F,3,period_0943,36.760000,-26.0537,4.8703,95.8484,67.9790,27.8693
PEMAFC-F,3,period_0943,36.800000,-25.7424,4.6121,95.8372,67.9790,27.8581
PEMAFC-F,3,period_0943,36.853333,-26.0378,4.8759,95.8380,67.9790,27.8590
PEMAFC-F,3,period_0943,36.906667,-25.8685,6.0659,95.5002,67.9790,27.5211
PEMAFC-F,3,period_0943,36.960000,-26.0427,4.8738,95.8544,67.9790,27.8753
PEMAFC-F,3,period_0943,37.000000,-26.0490,5.7088,95.8531,67.9790,27.8741
PEMAFC-F,3,period_0943,37.053333,-26.1931,4.9987,95.8654,67.9790,27.8863
PEMAFC-F,3,period_0943,37.106667,-25.9810,5.2937,95.8488,67.9790,27.8698
PEMAFC-F,3,period_0943,37.160000,-26.2378,4.7681,95.8496,67.9790,27.8706
PEMAFC-F,3,period_0943,37.200000,-26.2501,5.0284,95.8489,67.9790,27.8698
PEMAFC-F,3,period_0943,37.253333,-26.1183,4.0356,95.8797,67.9790,27.9006
PEMAFC-F,3,period_0943,37.306667,-26.1282,6.0737,95.8540,67.9790,27.8749
PEMAFC-F,3,period_0943,37.360000,-26.1866,4.9035,95.8617,67.9790,27.8826
PEMAFC-F,3,period_0943,37.400000,-26.2251,4.8863,95.8609,67.9790,27.8818
PEMAFC-F,3,period_0943,37.453333,-25.8986,5.0534,95.8292,67.9790,27.8501
PEMAFC-F,3,period_0943,37.506667,-26.0726,4.1628,95.8569,67.9790,27.8779
PEMAFC-F,3,period_0943,37.560000,-26.1569,4.2719,95.8432,67.9790,27.8641
PEMAFC-F,3,period_0943,37.600000,-26.1697,4.4891,94.0607,67.9790,26.0817
PEMAFC-F,3,period_0943,37.653333,-25.9397,5.0883,93.1647,67.9790,25.1856
PEMAFC-F,3,period_0943,37.706667,-25.9958,4.7195,95.8218,67.9790,27.8427
PEMAFC-F,3,period_0943,37.760000,-26.1759,3.8327,95.8478,67.9790,27.8688
PEMAFC-F,3,period_0943,37.800000,-26.1342,5.1573,95.7094,67.9790,27.7303
PEMAFC-F,3,period_0943,37.853333,-26.4113,3.8493,95.8713,67.9790,27.8922
PEMAFC-F,3,period_0943,37.906667,-26.5417,5.2076,95.8579,67.9790,27.8789
PEMAFC-F,3,period_0943,37.960000,-26.5179,5.6570,95.8508,67.9790,27.8717
PEMAFC-F,3,period_0943,38.000000,-26.4238,3.5284,95.8542,67.9790,27.8752
PEMAFC-F,3,period_0943,38.053333,-26.5023,4.8357,95.8569,67.9790,27.8779
PEMAFC-F,3,period_0943,38.106667,-26.5188,5.1368,95.8400,67.9790,27.8610
PEMAFC-F,3,period_0943,38.160000,-26.3037,4.1889,95.8195,67.9790,27.8404
PEMAFC-F,3,period_0943,38.200000,-26.2196,4.8343,95.5693,67.9790,27.5903
PEMAFC-F,3,period_0943,38.253333,-26.1153,5.9966,94.4421,67.9790,26.4630
PEMAFC-F,3,period_0943,38.306667,-26.3760,5.3385,95.8566,67.9790,27.8776
PEMAFC-F,3,period_0943,38.360000,-26.3839,5.9245,95.8428,67.9790,27.8637
PEMAFC-F,3,period_0943,38.400000,-26.4424,5.2165,95.8413,67.9790,27.8623
PEMAFC-F,3,period_0943,38.453333,-26.5703,5.0706,95.8594,67.9790,27.8803
PEMAFC-F,3,period_0943,38.506667,-25.9844,4.6342,95.9052,67.9790,27.9262
PEMAFC-F,3,period_0943,38.560000,-26.1472,5.3461,95.9071,67.9790,27.9280
PEMAFC-F,3,period_0943,38.600000,-26.4658,3.2976,95.9171,67.9790,27.9380
PEMAFC-F,3,period_0943,38.653333,-26.2604,6.2734,95.8797,67.9790,27.9007
PEMAFC-F,3,period_0943,38.706667,-25.8026,5.0349,92.8401,67.9790,24.8610
PEMAFC-F,3,period_0943,38.760000,-25.9298,6.2400,93.9144,67.9790,25.9353
PEMAFC-F,3,period_0943,38.800000,-25.9966,4.0904,92.2044,67.9790,24.2254
PEMAFC-F,3,period_0943,38.853333,-26.1137,4.6839,93.7360,67.9790,25.7569
PEMAFC-F,3,period_0943,38.906667,-26.0180,5.0102,92.9067,67.9790,24.9277
PEMAFC-F,3,period_0943,38.960000,-26.3126,4.9857,95.8271,67.9790,27.8480
PEMAFC-F,3,period_0943,39.000000,-26.2997,4.8518,95.8200,67.9790,27.8409
PEMAFC-F,3,period_0943,39.053333,-26.2693,5.0127,94.9961,67.9790,27.0171
PEMAFC-F,3,period_0943,39.106667,-25.6373,5.1043,91.0591,67.9790,23.0800
PEMAFC-F,3,period_0943,39.160000,-26.0188,4.1516,93.4433,67.9790,25.4642
PEMAFC-F,3,period_0943,39.200000,-26.1969,5.3646,95.7371,67.9790,27.7581
PEMAFC-F,3,period_0943,39.253333,-25.9951,4.8667,94.7887,67.9790,26.8096
PEMAFC-F,3,period_0943,39.306667,-26.0945,6.0593,94.9744,67.9790,26.9954
PEMAFC-F,3,period_0943,39.360000,-26.1094,5.0060,95.8052,67.9790,27.8262
PEMAFC-F,3,period_0943,39.400000,-26.2475,5.1256,95.7951,67.9790,27.8160
PEMAFC-F,3,period_0943,39.453333,-26.2811,5.4016,95.7630,67.9790,27.7840
PEMAFC-F,3,period_0943,39.506667,-26.0179,4.4772,94.2124,67.9790,26.2333
PEMAFC-F,3,period_0943,39.560000,-26.2512,4.5958,95.7831,67.9790,27.8041
PEMAFC-F,3,period_0943,39.600000,-26.2823,5.0046,95.8056,67.9790,27.8265
PEMAFC-F,3,period_0943,39.653333,-26.0522,3.8279,94.1422,67.9790,26.1631
PEMAFC-F,3,period_0943,39.706667,-26.4987,4.7173,95.7897,67.9790,27.8107
PEMAFC-F,3,period_0943,39.760000,-26.6682,5.2240,95.7812,67.9790,27.8021
PEMAFC-F,3,period_0943,39.800000,-26.5422,4.3411,95.7868,67.9790,27.8077
PEMAFC-F,3,period_0943,39.853333,-26.4301,5.8765,95.7858,67.9790,27.8067
PEMAFC-F,3,period_0943,39.906667,-26.5520,5.2806,95.7532,67.9790,27.7741
PEMAFC-F,3,period_0943,39.960000,-26.4110,4.3872,95.7374,67.9790,27.7583
PEMAFC-F,3,period_0943,40.000000,-26.5610,5.1207,95.7235,67.9790,27.7444
PEMAFC-A,0,period_0707,0.013333,-0.3098,1.3379,85.7281,85.1794,0.5487
PEMAFC-A,0,period_0707,0.053333,-0.4986,1.5069,85.7728,85.1794,0.5935
PEMAFC-A,0,period_0707,0.106667,-0.9110,1.7316,85.7853,85.1794,0.6059
PEMAFC-A,0,period_0707,0.160000,-0.6751,1.5998,85.7367,85.1794,0.5573
PEMAFC-A,0,period_0707,0.200000,-0.7692,1.8294,85.7630,85.1794,0.5836
PEMAFC-A,0,period_0707,0.253333,-0.0917,1.6281,85.7349,85.1794,0.5555
PEMAFC-A,0,period_0707,0.306667,-1.0215,0.4302,85.7997,85.1794,0.6204
PEMAFC-A,0,period_0707,0.360000,-0.6825,3.0769,85.8086,85.1794,0.6293
PEMAFC-A,0,period_0707,0.400000,-0.7131,1.9283,85.8461,85.1794,0.6667
PEMAFC-A,0,period_0707,0.453333,-0.8482,1.6393,85.9513,85.1794,0.7719
PEMAFC-A,0,period_0707,0.506667,-1.1835,0.0554,85.9793,85.1794,0.7999
PEMAFC-A,0,period_0707,0.560000,-1.0291,2.3409,85.9461,85.1794,0.7667
PEMAFC-A,0,period_0707,0.600000,-0.9554,3.0161,85.9757,85.1794,0.7963
PEMAFC-A,0,period_0707,0.653333,-0.9311,2.5911,85.9966,85.1794,0.8173
PEMAFC-A,0,period_0707,0.706667,-1.1648,3.0991,85.9226,85.1794,0.7433
PEMAFC-A,0,period_0707,0.760000,-1.0146,1.9197,85.9270,85.1794,0.7476
PEMAFC-A,0,period_0707,0.800000,-1.0933,0.9015,85.9420,85.1794,0.7627
PEMAFC-A,0,period_0707,0.853333,-1.3445,0.0047,85.9709,85.1794,0.7915
PEMAFC-A,0,period_0707,0.906667,-1.3401,1.4391,85.9939,85.1794,0.8145
PEMAFC-A,0,period_0707,0.960000,-1.0880,2.3645,86.0123,85.1794,0.8330
PEMAFC-A,0,period_0707,1.000000,-1.1561,2.3203,86.0990,85.1794,0.9196
PEMAFC-A,0,period_0707,1.053333,-1.3797,1.6372,86.1387,85.1794,0.9593
PEMAFC-A,0,period_0707,1.106667,-1.1979,1.2461,86.1856,85.1794,1.0062
PEMAFC-A,0,period_0707,1.160000,-1.3982,1.6020,86.1423,85.1794,0.9630
PEMAFC-A,0,period_0707,1.200000,-1.3309,1.7596,86.1708,85.1794,0.9914
PEMAFC-A,0,period_0707,1.253333,-1.6592,1.8082,86.1644,85.1794,0.9851
PEMAFC-A,0,period_0707,1.306667,-1.3538,0.6170,86.1480,85.1794,0.9686
PEMAFC-A,0,period_0707,1.360000,-1.5544,0.7280,86.1705,85.1794,0.9911
PEMAFC-A,0,period_0707,1.400000,-1.6763,1.2977,86.2144,85.1794,1.0351
PEMAFC-A,0,period_0707,1.453333,-1.7307,1.6945,86.2406,85.1794,1.0612
PEMAFC-A,0,period_0707,1.506667,-1.5982,3.0901,86.2693,85.1794,1.0899
PEMAFC-A,0,period_0707,1.560000,-1.5803,1.4428,86.2616,85.1794,1.0823
PEMAFC-A,0,period_0707,1.600000,-1.3501,1.3584,86.2265,85.1794,1.0471
PEMAFC-A,0,period_0707,1.653333,-1.4904,0.8827,86.2720,85.1794,1.0927
PEMAFC-A,0,period_0707,1.706667,-1.7178,2.2753,86.3176,85.1794,1.1382
PEMAFC-A,0,period_0707,1.760000,-1.7863,0.6841,86.3317,85.1794,1.1523
PEMAFC-A,0,period_0707,1.800000,-1.9288,0.8813,86.3688,85.1794,1.1894
PEMAFC-A,0,period_0707,1.853333,-1.6403,2.1981,86.3945,85.1794,1.2151
PEMAFC-A,0,period_0707,1.906667,-1.3703,1.3257,86.4183,85.1794,1.2389
PEMAFC-A,0,period_0707,1.960000,-1.7665,1.8440,86.4628,85.1794,1.2834
PEMAFC-A,0,period_0707,2.000000,-1.8814,1.4014,86.4883,85.1794,1.3090
PEMAFC-A,0,period_0707,2.053333,-1.9841,1.2829,86.5357,85.1794,1.3564
PEMAFC-A,0,period_0707,2.106667,-2.0788,1.5037,86.5630,85.1794,1.3836
PEMAFC-A,0,period_0707,2.160000,-1.2974,1.9727,86.5363,85.1794,1.3569
PEMAFC-A,0,period_0707,2.200000,-1.1093,3.1460,86.5552,85.1794,1.3759
PEMAFC-A,0,period_0707,2.253333,-1.7615,0.8431,86.5799,85.1794,1.4006
PEMAFC-A,0,period_0707,2.306667,-2.1476,0.7746,86.6408,85.1794,1.4615
PEMAFC-A,0,period_0707,2.360000,-2.0731,1.4204,86.6006,85.1794,1.4212
PEMAFC-A,0,period_0707,2.400000,-1.8160,0.7599,86.6254,85.1794,1.4461
PEMAFC-A,0,period_0707,2.453333,-2.2875,1.0594,86.6859,85.1794,1.5066
PEMAFC-A,0,period_0707,2.506667,-1.9449,1.3716,86.7011,85.1794,1.5217
PEMAFC-A,0,period_0707,2.560000,-1.8151,0.3636,85.8882,85.1794,0.7089
PEMAFC-A,0,period_0707,2.600000,-2.0575,1.4153,86.7117,85.1794,1.5323
PEMAFC-A,0,period_0707,2.653333,-1.9424,2.2344,86.7552,85.1794,1.5759
PEMAFC-A,0,period_0707,2.706667,-2.2787,0.8475,86.7560,85.1794,1.5766
PEMAFC-A,0,period_0707,2.760000,-2.2703,0.9493,86.7833,85.1794,1.6039
PEMAFC-A,0,period_0707,2.800000,-2.1493,3.1147,86.8218,85.1794,1.6424
PEMAFC-A,0,period_0707,2.853333,-2.0039,3.4704,86.8832,85.1794,1.7038
PEMAFC-A,0,period_0707,2.906667,-2.0863,2.2986,86.9064,85.1794,1.7271
PEMAFC-A,0,period_0707,2.960000,-2.4524,-0.8653,86.9437,85.1794,1.7643
PEMAFC-A,0,period_0707,3.000000,-2.5292,2.0845,87.0092,85.1794,1.8299
PEMAFC-A,0,period_0707,3.053333,-2.4819,2.9714,86.9884,85.1794,1.8090
PEMAFC-A,0,period_0707,3.106667,-2.5227,1.6349,87.0403,85.1794,1.8610
PEMAFC-A,0,period_0707,3.160000,-2.4488,0.8241,87.0342,85.1794,1.8549
PEMAFC-A,0,period_0707,3.200000,-2.5674,1.8997,87.0585,85.1794,1.8791
PEMAFC-A,0,period_0707,3.253333,-2.6104,1.6413,87.0973,85.1794,1.9179
PEMAFC-A,0,period_0707,3.306667,-2.4922,0.4823,87.1174,85.1794,1.9380
PEMAFC-A,0,period_0707,3.360000,-1.8742,0.8138,84.3687,85.1794,-0.8107
PEMAFC-A,0,period_0707,3.400000,-2.5803,1.6063,87.1290,85.1794,1.9496
PEMAFC-A,0,period_0707,3.453333,-2.5071,2.1871,87.1221,85.1794,1.9427
PEMAFC-A,0,period_0707,3.506667,-2.4292,1.6856,87.1676,85.1794,1.9883
PEMAFC-A,0,period_0707,3.560000,-2.6155,2.1650,87.1785,85.1794,1.9991
PEMAFC-A,0,period_0707,3.600000,-2.6596,1.8364,87.1899,85.1794,2.0106
PEMAFC-A,0,period_0707,3.653333,-2.7784,0.2959,87.1372,85.1794,1.9578
PEMAFC-A,0,period_0707,3.706667,-2.5892,1.3545,87.1744,85.1794,1.9950
PEMAFC-A,0,period_0707,3.760000,-2.8072,2.0038,87.1951,85.1794,2.0157
PEMAFC-A,0,period_0707,3.800000,-2.1033,4.4119,87.2402,85.1794,2.0608
PEMAFC-A,0,period_0707,3.853333,-2.7020,0.8949,87.3076,85.1794,2.1282
PEMAFC-A,0,period_0707,3.906667,-2.4889,0.4598,87.3136,85.1794,2.1343
PEMAFC-A,0,period_0707,3.960000,-2.2756,1.2793,87.2967,85.1794,2.1173
PEMAFC-A,0,period_0707,4.000000,-2.5840,1.2025,87.3205,85.1794,2.1411
PEMAFC-A,0,period_0707,4.053333,-2.7005,0.7922,87.3248,85.1794,2.1455
PEMAFC-A,0,period_0707,4.106667,-2.5013,1.4928,87.4009,85.1794,2.2216
PEMAFC-A,0,period_0707,4.160000,-2.5649,1.6092,87.4597,85.1794,2.2804
PEMAFC-A,0,period_0707,4.200000,-2.9277,0.7194,87.4990,85.1794,2.3196
PEMAFC-A,0,period_0707,4.253333,-2.3453,0.9609,84.6224,85.1794,-0.5570
PEMAFC-A,0,period_0707,4.306667,-2.5667,1.7515,87.5054,85.1794,2.3261
PEMAFC-A,0,period_0707,4.360000,-2.8887,1.9874,87.5134,85.1794,2.3340
PEMAFC-A,0,period_0707,4.400000,-2.9586,1.2923,87.5888,85.1794,2.4094
PEMAFC-A,0,period_0707,4.453333,-2.9481,2.7849,87.5706,85.1794,2.3912
PEMAFC-A,0,period_0707,4.506667,-2.8868,1.8431,87.6207,85.1794,2.4413
PEMAFC-A,0,period_0707,4.560000,-2.9288,1.8340,87.6711,85.1794,2.4917
PEMAFC-A,0,period_0707,4.600000,-2.9611,1.4653,87.6616,85.1794,2.4822
PEMAFC-A,0,period_0707,4.653333,-3.0086,1.6422,87.6620,85.1794,2.4826
PEMAFC-A,0,period_0707,4.706667,-2.9414,0.8179,87.7300,85.1794,2.5507
PEMAFC-A,0,period_0707,4.760000,-3.1542,2.8090,87.7494,85.1794,2.5700
PEMAFC-A,0,period_0707,4.800000,-2.8000,0.8911,87.8312,85.1794,2.6518
PEMAFC-A,0,period_0707,4.853333,-3.0843,1.2110,87.8867,85.1794,2.7073
PEMAFC-A,0,period_0707,4.906667,-3.1594,1.8212,87.8804,85.1794,2.7010
PEMAFC-A,0,period_0707,4.960000,-3.0208,0.5159,87.8718,85.1794,2.6925
PEMAFC-A,0,period_0707,5.000000,-3.1516,1.3500,87.9426,85.1794,2.7632
PEMAFC-A,0,period_0707,5.053333,-3.3152,0.9080,87.9602,85.1794,2.7808
PEMAFC-A,0,period_0707,5.106667,-3.0781,1.5559,87.9452,85.1794,2.7658
PEMAFC-A,0,period_0707,5.160000,-2.6599,1.3868,87.9593,85.1794,2.7799
PEMAFC-A,0,period_0707,5.200000,-3.3805,0.8534,87.9740,85.1794,2.7947
PEMAFC-A,0,period_0707,5.253333,-3.3892,0.9987,88.0420,85.1794,2.8626
PEMAFC-A,0,period_0707,5.306667,-2.7384,2.0288,85.9766,85.1794,0.7972
PEMAFC-A,0,period_0707,5.360000,-3.2956,1.7298,87.9600,85.1794,2.7807
PEMAFC-A,0,period_0707,5.400000,-2.9192,1.7407,87.4432,85.1794,2.2638
PEMAFC-A,0,period_0707,5.453333,-3.0645,0.3330,87.9884,85.1794,2.8090
PEMAFC-A,0,period_0707,5.506667,-3.0136,0.7404,87.0075,85.1794,1.8282
PEMAFC-A,0,period_0707,5.560000,-3.3514,2.2254,88.0497,85.1794,2.8703
PEMAFC-A,0,period_0707,5.600000,-3.0144,2.2004,86.3489,85.1794,1.1696
PEMAFC-A,0,period_0707,5.653333,-3.2368,1.0286,88.1518,85.1794,2.9724
PEMAFC-A,0,period_0707,5.706667,-3.2365,2.2938,88.1489,85.1794,2.9695
PEMAFC-A,0,period_0707,5.760000,-3.1802,1.4034,88.0586,85.1794,2.8792
PEMAFC-A,0,period_0707,5.800000,-3.1798,1.8648,88.1266,85.1794,2.9473
PEMAFC-A,0,period_0707,5.853333,-3.5717,1.1151,88.1367,85.1794,2.9574
PEMAFC-A,0,period_0707,5.906667,-3.4241,0.5534,88.2020,85.1794,3.0227
PEMAFC-A,0,period_0707,5.960000,-3.5318,0.9811,88.2172,85.1794,3.0378
PEMAFC-A,0,period_0707,6.000000,-3.5713,1.3529,88.2612,85.1794,3.0818
PEMAFC-A,0,period_0707,6.053333,-3.5765,2.3375,88.2806,85.1794,3.1012
PEMAFC-A,0,period_0707,6.106667,-3.4909,1.0395,88.3261,85.1794,3.1467
PEMAFC-A,0,period_0707,6.160000,-3.5565,0.8741,88.3027,85.1794,3.1233
PEMAFC-A,0,period_0707,6.200000,-3.2852,0.5238,88.0203,85.1794,2.8409
PEMAFC-A,0,period_0707,6.253333,-3.8339,1.5142,88.3891,85.1794,3.2097
PEMAFC-A,0,period_0707,6.306667,-3.7768,0.8120,88.4415,85.1794,3.2622
PEMAFC-A,0,period_0707,6.360000,-3.8062,2.1441,88.5109,85.1794,3.3316
PEMAFC-A,0,period_0707,6.400000,-3.7374,1.6231,88.5665,85.1794,3.3871
PEMAFC-A,0,period_0707,6.453333,-3.9345,0.9031,88.5475,85.1794,3.3681
PEMAFC-A,0,period_0707,6.506667,-3.7628,1.4527,88.5839,85.1794,3.4045
PEMAFC-A,0,period_0707,6.560000,-3.9339,1.3796,88.6360,85.1794,3.4566
PEMAFC-A,0,period_0707,6.600000,-3.8513,2.1679,88.7342,85.1794,3.5548
PEMAFC-A,0,period_0707,6.653333,-3.5758,1.2025,87.6220,85.1794,2.4426
PEMAFC-A,0,period_0707,6.706667,-3.5448,1.0216,88.6744,85.1794,3.4951
PEMAFC-A,0,period_0707,6.760000,-4.0314,0.7434,88.7020,85.1794,3.5227
PEMAFC-A,0,period_0707,6.800000,-3.9153,0.9071,88.6547,85.1794,3.4754
PEMAFC-A,0,period_0707,6.853333,-3.8991,0.9501,88.6948,85.1794,3.5154
PEMAFC-A,0,period_0707,6.906667,-3.7158,1.6389,88.7390,85.1794,3.5596
PEMAFC-A,0,period_0707,6.960000,-4.1067,1.1116,88.8048,85.1794,3.6254
PEMAFC-A,0,period_0707,7.000000,-3.9762,2.0595,88.8720,85.1794,3.6926
PEMAFC-A,0,period_0707,7.053333,-3.8764,0.6629,88.8431,85.1794,3.6637
PEMAFC-A,0,period_0707,7.106667,-4.0354,0.9758,88.8568,85.1794,3.6774
PEMAFC-A,0,period_0707,7.160000,-3.6763,0.9800,88.3798,85.1794,3.2004
PEMAFC-A,0,period_0707,7.200000,-3.9084,1.3070,88.7350,85.1794,3.5556
PEMAFC-A,0,period_0707,7.253333,-3.9473,2.0584,88.7853,85.1794,3.6059
PEMAFC-A,0,period_0707,7.306667,-4.0054,0.8835,88.7926,85.1794,3.6132
PEMAFC-A,0,period_0707,7.360000,-4.2615,1.2844,88.9070,85.1794,3.7277
PEMAFC-A,0,period_0707,7.400000,-4.1654,2.6571,88.9296,85.1794,3.7502
PEMAFC-A,0,period_0707,7.453333,-4.3829,0.4054,88.9874,85.1794,3.8081
PEMAFC-A,0,period_0707,7.506667,-3.8111,1.5964,88.5755,85.1794,3.3962
PEMAFC-A,0,period_0707,7.560000,-4.0573,1.3855,88.9785,85.1794,3.7991
PEMAFC-A,0,period_0707,7.600000,-3.6354,0.6088,88.9209,85.1794,3.7415
PEMAFC-A,0,period_0707,7.653333,-3.7516,1.0308,89.0276,85.1794,3.8482
PEMAFC-A,0,period_0707,7.706667,-3.4285,1.6394,89.0729,85.1794,3.8935
PEMAFC-A,0,period_0707,7.760000,-4.1499,0.6362,89.0511,85.1794,3.8717
PEMAFC-A,0,period_0707,7.800000,-4.3319,2.1808,89.0503,85.1794,3.8710
PEMAFC-A,0,period_0707,7.853333,-3.7020,0.4234,87.5591,85.1794,2.3798
PEMAFC-A,0,period_0707,7.906667,-4.0346,0.8716,88.9910,85.1794,3.8117
PEMAFC-A,0,period_0707,7.960000,-4.1933,1.8403,89.0735,85.1794,3.8941
PEMAFC-A,0,period_0707,8.000000,-4.1466,3.3498,89.0608,85.1794,3.8814
PEMAFC-A,0,period_0707,8.053333,-4.0973,2.2817,89.1084,85.1794,3.9291
PEMAFC-A,0,period_0707,8.106667,-4.2593,1.5850,89.1133,85.1794,3.9339
PEMAFC-A,0,period_0707,8.160000,-4.1035,2.4683,89.0683,85.1794,3.8890
PEMAFC-A,0,period_0707,8.200000,-4.2030,2.0415,89.1045,85.1794,3.9251
PEMAFC-A,0,period_0707,8.253333,-4.0582,2.2721,89.1346,85.1794,3.9552
PEMAFC-A,0,period_0707,8.306667,-4.1943,1.6256,89.1964,85.1794,4.0171
PEMAFC-A,0,period_0707,8.360000,-3.5076,3.8804,89.1359,85.1794,3.9565
PEMAFC-A,0,period_0707,8.400000,-4.2692,0.0088,89.1224,85.1794,3.9430
PEMAFC-A,0,period_0707,8.453333,-4.2296,1.7277,89.1927,85.1794,4.0133
PEMAFC-A,0,period_0707,8.506667,-4.2679,0.2284,89.2152,85.1794,4.0358
PEMAFC-A,0,period_0707,8.560000,-4.6437,1.7432,89.2722,85.1794,4.0929
PEMAFC-A,0,period_0707,8.600000,-4.4452,1.4298,89.2633,85.1794,4.0840
PEMAFC-A,0,period_0707,8.653333,-4.4089,0.7659,89.2471,85.1794,4.0678
PEMAFC-A,0,period_0707,8.706667,-4.3349,1.7897,89.2772,85.1794,4.0979
PEMAFC-A,0,period_0707,8.760000,-4.5932,0.8827,89.3151,85.1794,4.1357
PEMAFC-A,0,period_0707,8.800000,-4.3361,1.7045,89.3323,85.1794,4.1529
PEMAFC-A,0,period_0707,8.853333,-4.3646,1.4674,89.4030,85.1794,4.2236
PEMAFC-A,0,period_0707,8.906667,-4.2743,1.5687,89.4099,85.1794,4.2306
PEMAFC-A,0,period_0707,8.960000,-4.3469,1.2749,89.4532,85.1794,4.2739
PEMAFC-A,0,period_0707,9.000000,-4.4731,1.5537,89.4406,85.1794,4.2612
PEMAFC-A,0,period_0707,9.053333,-4.0697,1.8910,89.4697,85.1794,4.2903
PEMAFC-A,0,period_0707,9.106667,-4.5326,2.0290,89.4725,85.1794,4.2931
PEMAFC-A,0,period_0707,9.160000,-4.8496,1.0517,89.4795,85.1794,4.3001
PEMAFC-A,0,period_0707,9.200000,-4.7732,1.6700,89.5938,85.1794,4.4144
PEMAFC-A,0,period_0707,9.253333,-4.8386,1.3874,89.6076,85.1794,4.4282
PEMAFC-A,0,period_0707,9.306667,-4.4618,1.8493,89.6512,85.1794,4.4718
PEMAFC-A,0,period_0707,9.360000,-4.5042,1.1273,89.7390,85.1794,4.5596
PEMAFC-A,0,period_0707,9.400000,-4.5832,2.6006,89.7298,85.1794,4.5504
PEMAFC-A,0,period_0707,9.453333,-4.6235,0.7084,89.6824,85.1794,4.5030
PEMAFC-A,0,period_0707,9.506667,-4.5501,1.4246,89.4259,85.1794,4.2465
PEMAFC-A,0,period_0707,9.560000,-4.8591,1.0867,89.7221,85.1794,4.5427
PEMAFC-A,0,period_0707,9.600000,-4.8988,1.5670,89.8210,85.1794,4.6417
PEMAFC-A,0,period_0707,9.653333,-4.6246,1.3384,89.7947,85.1794,4.6154
PEMAFC-A,0,period_0707,9.706667,-4.7402,2.2044,89.8543,85.1794,4.6750
PEMAFC-A,0,period_0707,9.760000,-4.7021,1.6262,89.8899,85.1794,4.7105
PEMAFC-A,0,period_0707,9.800000,-4.8411,1.9405,89.9698,85.1794,4.7904
PEMAFC-A,0,period_0707,9.853333,-4.9217,1.1679,89.9349,85.1794,4.7555
PEMAFC-A,0,period_0707,9.906667,-4.5767,1.4096,89.9890,85.1794,4.8097
PEMAFC-A,0,period_0707,9.960000,-4.9566,0.8794,89.9689,85.1794,4.7895
PEMAFC-A,0,period_0707,10.000000,-4.8067,1.7675,89.9594,85.1794,4.7800
PEMAFC-A,1,period_0856,10.013333,-0.5085,0.7938,76.8115,75.6790,1.1325
PEMAFC-A,1,period_0856,10.053333,-1.1329,1.8818,77.4343,75.6790,1.7552
PEMAFC-A,1,period_0856,10.106667,-1.6649,3.1163,78.3176,75.6790,2.6385
PEMAFC-A,1,period_0856,10.160000,-2.1130,3.3829,78.9100,75.6790,3.2310
PEMAFC-A,1,period_0856,10.200000,-2.4110,5.9596,79.5890,75.6790,3.9100
PEMAFC-A,1,period_0856,10.253333,-2.8685,3.7366,80.2766,75.6790,4.5976
PEMAFC-A,1,period_0856,10.306667,-3.0709,4.8670,80.5498,75.6790,4.8708
PEMAFC-A,1,period_0856,10.360000,-3.3123,4.6000,81.3359,75.6790,5.6568
PEMAFC-A,1,period_0856,10.400000,-3.4756,4.6854,81.7213,75.6790,6.0423
PEMAFC-A,1,period_0856,10.453333,-3.6860,4.0758,82.1796,75.6790,6.5006
PEMAFC-A,1,period_0856,10.506667,-3.8488,3.7713,82.2962,75.6790,6.6172
PEMAFC-A,1,period_0856,10.560000,-4.0521,6.0534,82.8121,75.6790,7.1330
PEMAFC-A,1,period_0856,10.600000,-4.1773,4.7025,82.8256,75.6790,7.1466
PEMAFC-A,1,period_0856,10.653333,-4.3288,5.3641,82.8473,75.6790,7.1683
PEMAFC-A,1,period_0856,10.706667,-4.4466,6.3596,82.8842,75.6790,7.2051
PEMAFC-A,1,period_0856,10.760000,-4.5551,5.0594,82.8971,75.6790,7.2181
PEMAFC-A,1,period_0856,10.800000,-4.6102,3.8837,82.9210,75.6790,7.2420
PEMAFC-A,1,period_0856,10.853333,-4.7219,7.1311,82.9761,75.6790,7.2971
PEMAFC-A,1,period_0856,10.906667,-4.8750,3.9079,82.9875,75.6790,7.3085
PEMAFC-A,1,period_0856,10.960000,-4.9413,5.3954,83.0271,75.6790,7.3481
PEMAFC-A,1,period_0856,11.000000,-4.9693,6.4975,83.0293,75.6790,7.3503
PEMAFC-A,1,period_0856,11.053333,-5.0384,5.2363,83.0769,75.6790,7.3979
PEMAFC-A,1,period_0856,11.106667,-5.1067,5.2472,83.1064,75.6790,7.4274
PEMAFC-A,1,period_0856,11.160000,-5.2123,5.4705,83.1757,75.6790,7.4967
PEMAFC-A,1,period_0856,11.200000,-5.2590,6.4524,83.1973,75.6790,7.5183
PEMAFC-A,1,period_0856,11.253333,-5.3563,4.8164,83.2361,75.6790,7.5570
PEMAFC-A,1,period_0856,11.306667,-5.3193,8.2671,83.2698,75.6790,7.5907
PEMAFC-A,1,period_0856,11.360000,-5.4334,5.7115,83.3069,75.6790,7.6278
PEMAFC-A,1,period_0856,11.400000,-5.4794,5.1087,83.3307,75.6790,7.6517
PEMAFC-A,1,period_0856,11.453333,-5.5014,6.4845,83.3568,75.6790,7.6777
PEMAFC-A,1,period_0856,11.506667,-5.5306,5.1958,83.3835,75.6790,7.7045
PEMAFC-A,1,period_0856,11.560000,-5.6004,6.2178,83.3770,75.6790,7.6980
PEMAFC-A,1,period_0856,11.600000,-5.5993,8.0052,83.3918,75.6790,7.7128
PEMAFC-A,1,period_0856,11.653333,-5.6429,5.3972,83.4192,75.6790,7.7401
PEMAFC-A,1,period_0856,11.706667,-5.7445,5.6105,83.4459,75.6790,7.7669
PEMAFC-A,1,period_0856,11.760000,-5.7746,4.9396,83.4864,75.6790,7.8074
PEMAFC-A,1,period_0856,11.800000,-5.8220,5.1732,83.5056,75.6790,7.8266
PEMAFC-A,1,period_0856,11.853333,-5.7452,5.0539,83.5763,75.6790,7.8973
PEMAFC-A,1,period_0856,11.906667,-5.8594,4.6001,83.5814,75.6790,7.9024
PEMAFC-A,1,period_0856,11.960000,-5.9069,4.9772,83.5997,75.6790,7.9207
PEMAFC-A,1,period_0856,12.000000,-5.9477,5.2415,83.6038,75.6790,7.9248
PEMAFC-A,1,period_0856,12.053333,-5.9674,5.4643,83.6188,75.6790,7.9398
PEMAFC-A,1,period_0856,12.106667,-6.0210,5.9069,83.6426,75.6790,7.9636
PEMAFC-A,1,period_0856,12.160000,-6.1205,5.0452,83.6818,75.6790,8.0028
PEMAFC-A,1,period_0856,12.200000,-6.0853,5.1593,83.7254,75.6790,8.0463
PEMAFC-A,1,period_0856,12.253333,-6.1064,6.4720,83.7534,75.6790,8.0744
PEMAFC-A,1,period_0856,12.306667,-6.1324,5.4279,83.7974,75.6790,8.1184
PEMAFC-A,1,period_0856,12.360000,-6.2060,5.3782,83.8164,75.6790,8.1374
PEMAFC-A,1,period_0856,12.400000,-6.2119,4.1768,83.8356,75.6790,8.1566
PEMAFC-A,1,period_0856,12.453333,-6.1268,5.3548,83.8576,75.6790,8.1786
PEMAFC-A,1,period_0856,12.506667,-6.2565,5.9371,83.8838,75.6790,8.2047
PEMAFC-A,1,period_0856,12.560000,-6.2991,5.4154,83.8949,75.6790,8.2159
PEMAFC-A,1,period_0856,12.600000,-6.3869,5.5641,83.9056,75.6790,8.2265
PEMAFC-A,1,period_0856,12.653333,-6.4181,4.3453,83.9087,75.6790,8.2296
PEMAFC-A,1,period_0856,12.706667,-6.2611,4.6359,83.9043,75.6790,8.2253
PEMAFC-A,1,period_0856,12.760000,-6.4205,5.2180,83.9683,75.6790,8.2893
PEMAFC-A,1,period_0856,12.800000,-6.5500,5.8805,84.0195,75.6790,8.3405
PEMAFC-A,1,period_0856,12.853333,-6.4361,4.6497,84.0303,75.6790,8.3512
PEMAFC-A,1,period_0856,12.906667,-6.4961,4.4571,84.0636,75.6790,8.3845
PEMAFC-A,1,period_0856,12.960000,-6.5789,5.3702,84.0716,75.6790,8.3926
PEMAFC-A,1,period_0856,13.000000,-6.6420,4.4597,84.1255,75.6790,8.4464
PEMAFC-A,1,period_0856,13.053333,-6.6650,6.3748,84.1812,75.6790,8.5021
PEMAFC-A,1,period_0856,13.106667,-6.7736,5.5692,84.2173,75.6790,8.5383
PEMAFC-A,1,period_0856,13.160000,-6.7216,3.9787,84.2222,75.6790,8.5432
PEMAFC-A,1,period_0856,13.200000,-6.7988,4.5848,84.2443,75.6790,8.5653
PEMAFC-A,1,period_0856,13.253333,-6.7508,6.0823,84.2753,75.6790,8.5963
PEMAFC-A,1,period_0856,13.306667,-6.8188,5.4010,84.3388,75.6790,8.6597
PEMAFC-A,1,period_0856,13.360000,-6.8356,5.9250,84.3528,75.6790,8.6737
PEMAFC-A,1,period_0856,13.400000,-6.9356,3.5194,84.3592,75.6790,8.6802
PEMAFC-A,1,period_0856,13.453333,-6.9619,5.2693,84.3776,75.6790,8.6986
PEMAFC-A,1,period_0856,13.506667,-7.0084,4.6508,84.3930,75.6790,8.7140
PEMAFC-A,1,period_0856,13.560000,-7.0564,5.2813,84.4627,75.6790,8.7837
PEMAFC-A,1,period_0856,13.600000,-7.0603,3.7366,84.4515,75.6790,8.7725
PEMAFC-A,1,period_0856,13.653333,-7.0656,4.7706,84.4326,75.6790,8.7536
PEMAFC-A,1,period_0856,13.706667,-7.0539,4.7934,84.4359,75.6790,8.7569
PEMAFC-A,1,period_0856,13.760000,-7.0883,5.0565,84.4553,75.6790,8.7763
PEMAFC-A,1,period_0856,13.800000,-7.1429,5.1167,84.5171,75.6790,8.8381
PEMAFC-A,1,period_0856,13.853333,-7.0431,6.0247,84.5739,75.6790,8.8949
PEMAFC-A,1,period_0856,13.906667,-7.1275,4.3976,84.5926,75.6790,8.9136
PEMAFC-A,1,period_0856,13.960000,-7.1905,5.9101,84.6360,75.6790,8.9570
PEMAFC-A,1,period_0856,14.000000,-7.2795,5.9301,84.6101,75.6790,8.9311
PEMAFC-A,1,period_0856,14.053333,-7.1800,6.3758,84.6112,75.6790,8.9322
PEMAFC-A,1,period_0856,14.106667,-7.2045,5.5921,84.6419,75.6790,8.9629
PEMAFC-A,1,period_0856,14.160000,-7.3680,5.1325,84.6846,75.6790,9.0056
PEMAFC-A,1,period_0856,14.200000,-7.3118,4.9863,84.6892,75.6790,9.0102
PEMAFC-A,1,period_0856,14.253333,-7.3365,5.7834,84.7179,75.6790,9.0389
PEMAFC-A,1,period_0856,14.306667,-7.4461,5.4039,84.7726,75.6790,9.0936
PEMAFC-A,1,period_0856,14.360000,-7.4970,5.7505,84.7788,75.6790,9.0998
PEMAFC-A,1,period_0856,14.400000,-7.4841,5.8143,84.7918,75.6790,9.1127
PEMAFC-A,1,period_0856,14.453333,-7.5777,6.0902,84.8811,75.6790,9.2021
PEMAFC-A,1,period_0856,14.506667,-7.5799,4.6663,84.9385,75.6790,9.2594
PEMAFC-A,1,period_0856,14.560000,-7.6093,5.5926,84.9456,75.6790,9.2666
PEMAFC-A,1,period_0856,14.600000,-7.5461,7.2294,84.9934,75.6790,9.3144
PEMAFC-A,1,period_0856,14.653333,-7.5549,5.5643,85.0047,75.6790,9.3257
PEMAFC-A,1,period_0856,14.706667,-7.5813,7.1427,85.0486,75.6790,9.3696
PEMAFC-A,1,period_0856,14.760000,-7.7274,5.1153,85.0518,75.6790,9.3728
PEMAFC-A,1,period_0856,14.800000,-7.7342,5.1447,84.9869,75.6790,9.3079
PEMAFC-A,1,period_0856,14.853333,-7.7630,8.0476,85.0531,75.6790,9.3741
PEMAFC-A,1,period_0856,14.906667,-7.7829,3.5043,85.0579,75.6790,9.3789
PEMAFC-A,1,period_0856,14.960000,-7.8095,6.0676,85.0163,75.6790,9.3373
PEMAFC-A,1,period_0856,15.000000,-7.9075,5.5533,85.0563,75.6790,9.3773
PEMAFC-A,1,period_0856,15.053333,-7.8275,4.4318,85.1310,75.6790,9.4520
PEMAFC-A,1,period_0856,15.106667,-7.8295,5.6211,85.1209,75.6790,9.4419
PEMAFC-A,1,period_0856,15.160000,-7.7983,4.0048,85.1147,75.6790,9.4356
PEMAFC-A,1,period_0856,15.200000,-7.9290,7.7811,85.1782,75.6790,9.4991
PEMAFC-A,1,period_0856,15.253333,-7.8893,4.0733,85.3058,75.6790,9.6268
PEMAFC-A,1,period_0856,15.306667,-7.9500,6.2547,85.3232,75.6790,9.6442
PEMAFC-A,1,period_0856,15.360000,-8.0896,5.0573,85.3220,75.6790,9.6429
PEMAFC-A,1,period_0856,15.400000,-8.0233,5.6415,85.3496,75.6790,9.6706
PEMAFC-A,1,period_0856,15.453333,-8.1391,4.6188,85.4206,75.6790,9.7416
PEMAFC-A,1,period_0856,15.506667,-8.0630,5.3979,85.4187,75.6790,9.7397
PEMAFC-A,1,period_0856,15.560000,-8.1937,5.4690,85.5014,75.6790,9.8223
PEMAFC-A,1,period_0856,15.600000,-8.1800,5.9300,85.5136,75.6790,9.8345
PEMAFC-A,1,period_0856,15.653333,-8.1986,6.4374,85.4913,75.6790,9.8123
PEMAFC-A,1,period_0856,15.706667,-8.1517,6.2113,85.4440,75.6790,9.7649
PEMAFC-A,1,period_0856,15.760000,-8.1621,5.9576,85.5257,75.6790,9.8467
PEMAFC-A,1,period_0856,15.800000,-8.4068,3.5259,85.5511,75.6790,9.8721
PEMAFC-A,1,period_0856,15.853333,-8.2702,5.8691,85.5176,75.6790,9.8386
PEMAFC-A,1,period_0856,15.906667,-8.4515,6.0978,85.5986,75.6790,9.9196
PEMAFC-A,1,period_0856,15.960000,-8.2149,6.0616,85.5519,75.6790,9.8729
PEMAFC-A,1,period_0856,16.000000,-8.4786,4.5451,85.5703,75.6790,9.8912
PEMAFC-A,1,period_0856,16.053333,-8.4612,6.3515,85.5749,75.6790,9.8958
PEMAFC-A,1,period_0856,16.106667,-8.4278,4.8524,85.5341,75.6790,9.8551
PEMAFC-A,1,period_0856,16.160000,-8.5623,6.1858,85.5882,75.6790,9.9092
PEMAFC-A,1,period_0856,16.200000,-8.5133,6.2766,85.5786,75.6790,9.8996
PEMAFC-A,1,period_0856,16.253333,-8.4594,5.8774,85.6689,75.6790,9.9899
PEMAFC-A,1,period_0856,16.306667,-8.5457,5.2474,85.6545,75.6790,9.9755
PEMAFC-A,1,period_0856,16.360000,-8.6209,5.7617,85.7176,75.6790,10.0385
PEMAFC-A,1,period_0856,16.400000,-8.6574,5.3814,85.7840,75.6790,10.1050
PEMAFC-A,1,period_0856,16.453333,-8.4923,4.9936,85.7381,75.6790,10.0591
PEMAFC-A,1,period_0856,16.506667,-8.4150,4.1597,85.7007,75.6790,10.0217
PEMAFC-A,1,period_0856,16.560000,-8.6451,6.1694,85.7869,75.6790,10.1079
PEMAFC-A,1,period_0856,16.600000,-8.7106,6.0548,85.8312,75.6790,10.1522
PEMAFC-A,1,period_0856,16.653333,-8.6699,5.7441,85.7864,75.6790,10.1074
PEMAFC-A,1,period_0856,16.706667,-8.7864,4.7726,85.8390,75.6790,10.1600
PEMAFC-A,1,period_0856,16.760000,-8.8043,5.6172,85.8777,75.6790,10.1986
PEMAFC-A,1,period_0856,16.800000,-8.7876,4.2907,85.8521,75.6790,10.1730
PEMAFC-A,1,period_0856,16.853333,-8.7822,6.2169,85.9160,75.6790,10.2370
PEMAFC-A,1,period_0856,16.906667,-8.8892,6.1133,85.9013,75.6790,10.2222
PEMAFC-A,1,period_0856,16.960000,-8.8960,4.7981,85.9180,75.6790,10.2390
PEMAFC-A,1,period_0856,17.000000,-8.9340,6.1791,85.9009,75.6790,10.2219
PEMAFC-A,1,period_0856,17.053333,-8.9114,5.6932,85.9023,75.6790,10.2233
PEMAFC-A,1,period_0856,17.106667,-8.7477,6.1777,85.9260,75.6790,10.2470
PEMAFC-A,1,period_0856,17.160000,-8.9538,4.0483,85.9808,75.6790,10.3017
PEMAFC-A,1,period_0856,17.200000,-8.9803,5.5845,86.0549,75.6790,10.3759
PEMAFC-A,1,period_0856,17.253333,-8.9160,6.1277,86.0667,75.6790,10.3877
PEMAFC-A,1,period_0856,17.306667,-9.1040,6.3438,86.1202,75.6790,10.4412
PEMAFC-A,1,period_0856,17.360000,-9.0799,5.3983,86.1072,75.6790,10.4281
PEMAFC-A,1,period_0856,17.400000,-9.1094,5.2456,86.0991,75.6790,10.4200
PEMAFC-A,1,period_0856,17.453333,-9.1823,5.7723,86.1459,75.6790,10.4669
PEMAFC-A,1,period_0856,17.506667,-9.2372,4.5789,86.2182,75.6790,10.5392
PEMAFC-A,1,period_0856,17.560000,-9.1009,5.7917,86.2416,75.6790,10.5626
PEMAFC-A,1,period_0856,17.600000,-9.1564,5.1712,86.2409,75.6790,10.5619
PEMAFC-A,1,period_0856,17.653333,-9.2258,5.5950,86.2607,75.6790,10.5817
PEMAFC-A,1,period_0856,17.706667,-9.3269,6.3210,86.2979,75.6790,10.6189
PEMAFC-A,1,period_0856,17.760000,-9.3732,5.7548,86.3019,75.6790,10.6229
PEMAFC-A,1,period_0856,17.800000,-9.3908,4.5604,86.3167,75.6790,10.6377
PEMAFC-A,1,period_0856,17.853333,-9.3218,4.2718,86.2537,75.6790,10.5747
PEMAFC-A,1,period_0856,17.906667,-9.2556,4.9050,86.2294,75.6790,10.5504
PEMAFC-A,1,period_0856,17.960000,-9.3766,5.9761,86.2668,75.6790,10.5877
PEMAFC-A,1,period_0856,18.000000,-9.4050,4.2097,86.3548,75.6790,10.6757
PEMAFC-A,1,period_0856,18.053333,-9.3822,5.9773,86.3271,75.6790,10.6481
PEMAFC-A,1,period_0856,18.106667,-9.4715,4.9740,86.3763,75.6790,10.6973
PEMAFC-A,1,period_0856,18.160000,-9.2362,4.1916,86.3217,75.6790,10.6426
PEMAFC-A,1,period_0856,18.200000,-9.5464,4.6169,86.4608,75.6790,10.7818
PEMAFC-A,1,period_0856,18.253333,-9.3197,5.6391,86.4690,75.6790,10.7900
PEMAFC-A,1,period_0856,18.306667,-8.9124,6.1051,81.9564,75.6790,6.2773
PEMAFC-A,1,period_0856,18.360000,-9.6498,4.2456,86.4964,75.6790,10.8174
PEMAFC-A,1,period_0856,18.400000,-9.5802,5.3156,86.5161,75.6790,10.8371
PEMAFC-A,1,period_0856,18.453333,-9.7173,5.9188,86.5887,75.6790,10.9097
PEMAFC-A,1,period_0856,18.506667,-9.6479,5.2246,86.5748,75.6790,10.8957
PEMAFC-A,1,period_0856,18.560000,-9.5463,5.8922,86.5045,75.6790,10.8254
PEMAFC-A,1,period_0856,18.600000,-9.3099,7.7061,86.5379,75.6790,10.8589
PEMAFC-A,1,period_0856,18.653333,-9.6492,3.3136,86.6458,75.6790,10.9667
PEMAFC-A,1,period_0856,18.706667,-9.7431,5.3963,86.6312,75.6790,10.9522
PEMAFC-A,1,period_0856,18.760000,-9.8367,4.2523,86.7276,75.6790,11.0486
PEMAFC-A,1,period_0856,18.800000,-9.8437,6.6945,86.7042,75.6790,11.0252
PEMAFC-A,1,period_0856,18.853333,-9.7371,6.0643,86.7351,75.6790,11.0561
PEMAFC-A,1,period_0856,18.906667,-9.8020,4.4471,86.7290,75.6790,11.0500
PEMAFC-A,1,period_0856,18.960000,-9.3906,5.6563,86.7141,75.6790,11.0350
PEMAFC-A,1,period_0856,19.000000,-9.7857,5.8175,86.6971,75.6790,11.0181
PEMAFC-A,1,period_0856,19.053333,-9.8107,4.7506,86.7342,75.6790,11.0552
PEMAFC-A,1,period_0856,19.106667,-9.7134,6.2296,86.7956,75.6790,11.1166
PEMAFC-A,1,period_0856,19.160000,-9.9075,5.1290,86.8904,75.6790,11.2114
PEMAFC-A,1,period_0856,19.200000,-10.0239,7.2816,86.9384,75.6790,11.2594
PEMAFC-A,1,period_0856,19.253333,-9.8541,5.6411,87.0523,75.6790,11.3733
PEMAFC-A,1,period_0856,19.306667,-10.0922,4.7104,87.1170,75.6790,11.4380
PEMAFC-A,1,period_0856,19.360000,-10.0097,7.0720,87.0643,75.6790,11.3853
PEMAFC-A,1,period_0856,19.400000,-9.9388,5.0195,87.0878,75.6790,11.4088
PEMAFC-A,1,period_0856,19.453333,-10.1030,5.4674,87.1431,75.6790,11.4641
PEMAFC-A,1,period_0856,19.506667,-10.1951,4.8595,87.2027,75.6790,11.5236
PEMAFC-A,1,period_0856,19.560000,-10.1384,3.6308,87.1206,75.6790,11.4416
PEMAFC-A,1,period_0856,19.600000,-10.2998,6.5711,87.1722,75.6790,11.4932
PEMAFC-A,1,period_0856,19.653333,-10.2201,4.6499,87.2043,75.6790,11.5253
PEMAFC-A,1,period_0856,19.706667,-9.8816,6.3772,87.1911,75.6790,11.5121
PEMAFC-A,1,period_0856,19.760000,-10.1901,4.6391,87.2998,75.6790,11.6208
PEMAFC-A,1,period_0856,19.800000,-10.2271,6.4218,87.3111,75.6790,11.6321
PEMAFC-A,1,period_0856,19.853333,-10.4260,5.0231,87.3034,75.6790,11.6244
PEMAFC-A,1,period_0856,19.906667,-10.2905,6.6525,87.3244,75.6790,11.6454
PEMAFC-A,1,period_0856,19.960000,-10.4068,5.2383,87.3137,75.6790,11.6347
PEMAFC-A,1,period_0856,20.000000,-10.3185,7.8693,87.3094,75.6790,11.6304
PEMAFC-A,2,period_0916,20.013333,-2.4270,-7.4286,77.8502,76.8005,1.0497
PEMAFC-A,2,period_0916,20.053333,-3.2898,-1.1648,79.1678,76.8005,2.3673
PEMAFC-A,2,period_0916,20.106667,-3.5402,1.5267,79.2103,76.8005,2.4098
PEMAFC-A,2,period_0916,20.160000,-3.7312,2.8255,79.2551,76.8005,2.4546
PEMAFC-A,2,period_0916,20.200000,-3.7977,2.7305,79.2775,76.8005,2.4770
PEMAFC-A,2,period_0916,20.253333,-3.9106,2.9960,79.3123,76.8005,2.5118
PEMAFC-A,2,period_0916,20.306667,-3.9748,2.1582,79.3482,76.8005,2.5477
PEMAFC-A,2,period_0916,20.360000,-4.0262,2.6363,79.4291,76.8005,2.6286
PEMAFC-A,2,period_0916,20.400000,-4.0517,2.3778,79.4707,76.8005,2.6702
PEMAFC-A,2,period_0916,20.453333,-4.0494,3.2001,79.5273,76.8005,2.7268
PEMAFC-A,2,period_0916,20.506667,-4.1184,2.3715,79.5553,76.8005,2.7548
PEMAFC-A,2,period_0916,20.560000,-4.1569,2.9419,79.6345,76.8005,2.8340
PEMAFC-A,2,period_0916,20.600000,-4.1317,2.8446,79.6499,76.8005,2.8494
PEMAFC-A,2,period_0916,20.653333,-4.0300,4.3670,79.6800,76.8005,2.8795
PEMAFC-A,2,period_0916,20.706667,-4.2337,1.8760,79.6968,76.8005,2.8963
PEMAFC-A,2,period_0916,20.760000,-4.3377,2.6643,79.7278,76.8005,2.9273
PEMAFC-A,2,period_0916,20.800000,-4.3802,2.5031,79.7949,76.8005,2.9944
PEMAFC-A,2,period_0916,20.853333,-4.4114,2.8528,79.8312,76.8005,3.0307
PEMAFC-A,2,period_0916,20.906667,-4.4812,2.4536,79.8629,76.8005,3.0624
PEMAFC-A,2,period_0916,20.960000,-4.3769,3.4531,79.8665,76.8005,3.0660
PEMAFC-A,2,period_0916,21.000000,-4.5300,3.0723,79.9008,76.8005,3.1003
PEMAFC-A,2,period_0916,21.053333,-4.5474,2.5218,79.9260,76.8005,3.1255
PEMAFC-A,2,period_0916,21.106667,-4.5961,3.0364,79.9780,76.8005,3.1775
PEMAFC-A,2,period_0916,21.160000,-4.6410,4.3585,80.0021,76.8005,3.2016
PEMAFC-A,2,period_0916,21.200000,-4.6642,3.5738,80.0032,76.8005,3.2027
PEMAFC-A,2,period_0916,21.253333,-4.7032,3.9095,80.0362,76.8005,3.2357
PEMAFC-A,2,period_0916,21.306667,-4.6741,4.3312,80.0994,76.8005,3.2989
PEMAFC-A,2,period_0916,21.360000,-4.7338,2.7111,80.1499,76.8005,3.3494
PEMAFC-A,2,period_0916,21.400000,-4.8385,3.0957,80.1883,76.8005,3.3878
PEMAFC-A,2,period_0916,21.453333,-4.7755,3.0568,80.2643,76.8005,3.4638
PEMAFC-A,2,period_0916,21.506667,-4.7790,2.0671,80.2655,76.8005,3.4650
PEMAFC-A,2,period_0916,21.560000,-4.8088,2.7443,80.3252,76.8005,3.5247
PEMAFC-A,2,period_0916,21.600000,-4.8576,3.1127,80.3641,76.8005,3.5636
PEMAFC-A,2,period_0916,21.653333,-4.9023,3.5777,80.4309,76.8005,3.6304
PEMAFC-A,2,period_0916,21.706667,-4.8980,2.2687,80.4855,76.8005,3.6850
PEMAFC-A,2,period_0916,21.760000,-4.9636,3.0379,80.4922,76.8005,3.6917
PEMAFC-A,2,period_0916,21.800000,-4.9859,2.2426,80.5037,76.8005,3.7032
PEMAFC-A,2,period_0916,21.853333,-5.0526,3.0024,80.5402,76.8005,3.7397
PEMAFC-A,2,period_0916,21.906667,-4.8525,3.1183,80.6005,76.8005,3.8000
PEMAFC-A,2,period_0916,21.960000,-5.0289,2.1322,80.6170,76.8005,3.8165
PEMAFC-A,2,period_0916,22.000000,-5.1568,3.0564,80.6353,76.8005,3.8348
PEMAFC-A,2,period_0916,22.053333,-5.1544,2.0743,80.6833,76.8005,3.8828
PEMAFC-A,2,period_0916,22.106667,-5.1950,4.1713,80.7093,76.8005,3.9088
PEMAFC-A,2,period_0916,22.160000,-5.2043,2.3567,80.7806,76.8005,3.9801
PEMAFC-A,2,period_0916,22.200000,-5.2392,3.0968,80.7990,76.8005,3.9985
PEMAFC-A,2,period_0916,22.253333,-5.2570,2.9183,80.8674,76.8005,4.0669
PEMAFC-A,2,period_0916,22.306667,-5.2904,2.5389,80.8481,76.8005,4.0476
PEMAFC-A,2,period_0916,22.360000,-5.3118,2.0190,80.8620,76.8005,4.0615
PEMAFC-A,2,period_0916,22.400000,-5.3556,3.3496,80.8665,76.8005,4.0661
PEMAFC-A,2,period_0916,22.453333,-5.3704,3.4058,80.8760,76.8005,4.0755
PEMAFC-A,2,period_0916,22.506667,-5.3528,3.7230,80.8785,76.8005,4.0780
PEMAFC-A,2,period_0916,22.560000,-5.2937,2.9579,80.8902,76.8005,4.0897
PEMAFC-A,2,period_0916,22.600000,-5.3945,2.0804,80.9026,76.8005,4.1021
PEMAFC-A,2,period_0916,22.653333,-5.4474,3.0949,80.9444,76.8005,4.1439
PEMAFC-A,2,period_0916,22.706667,-5.4409,3.2897,80.9632,76.8005,4.1627
PEMAFC-A,2,period_0916,22.760000,-5.5627,2.3864,80.9740,76.8005,4.1735
PEMAFC-A,2,period_0916,22.800000,-5.5046,4.4243,80.9773,76.8005,4.1768
PEMAFC-A,2,period_0916,22.853333,-5.6184,3.2189,81.0223,76.8005,4.2218
PEMAFC-A,2,period_0916,22.906667,-5.6298,3.3799,81.0156,76.8005,4.2151
PEMAFC-A,2,period_0916,22.960000,-5.6309,2.8252,81.1020,76.8005,4.3015
PEMAFC-A,2,period_0916,23.000000,-5.6879,3.5836,81.1004,76.8005,4.2999
PEMAFC-A,2,period_0916,23.053333,-5.6709,3.4811,81.1246,76.8005,4.3241
PEMAFC-A,2,period_0916,23.106667,-5.7372,2.3483,81.1576,76.8005,4.3572
PEMAFC-A,2,period_0916,23.160000,-5.7380,4.4700,81.1735,76.8005,4.3730
PEMAFC-A,2,period_0916,23.200000,-5.8092,2.1955,81.2099,76.8005,4.4094
PEMAFC-A,2,period_0916,23.253333,-5.8490,3.0908,81.2399,76.8005,4.4394
PEMAFC-A,2,period_0916,23.306667,-5.8494,4.4944,81.2553,76.8005,4.4548
PEMAFC-A,2,period_0916,23.360000,-5.9072,3.5983,81.2832,76.8005,4.4827
PEMAFC-A,2,period_0916,23.400000,-5.7610,4.4451,81.2607,76.8005,4.4602
PEMAFC-A,2,period_0916,23.453333,-5.8470,3.3929,81.3068,76.8005,4.5063
PEMAFC-A,2,period_0916,23.506667,-5.9346,2.5113,81.3097,76.8005,4.5092
PEMAFC-A,2,period_0916,23.560000,-5.9178,2.9157,81.3142,76.8005,4.5137
PEMAFC-A,2,period_0916,23.600000,-6.0223,3.9116,81.3584,76.8005,4.5579
PEMAFC-A,2,period_0916,23.653333,-6.0451,3.1229,81.4104,76.8005,4.6099
PEMAFC-A,2,period_0916,23.706667,-5.9830,4.0031,81.4228,76.8005,4.6223
PEMAFC-A,2,period_0916,23.760000,-5.8943,2.9637,81.4277,76.8005,4.6272
PEMAFC-A,2,period_0916,23.800000,-6.0318,1.8826,81.4478,76.8005,4.6473
PEMAFC-A,2,period_0916,23.853333,-6.0863,3.8898,81.4923,76.8005,4.6918
PEMAFC-A,2,period_0916,23.906667,-6.2034,2.9045,81.5086,76.8005,4.7081
PEMAFC-A,2,period_0916,23.960000,-6.2039,2.7820,81.5057,76.8005,4.7052
PEMAFC-A,2,period_0916,24.000000,-6.1859,2.9722,81.5272,76.8005,4.7267
PEMAFC-A,2,period_0916,24.053333,-6.2524,3.7085,81.5663,76.8005,4.7658
PEMAFC-A,2,period_0916,24.106667,-6.3105,3.7349,81.6047,76.8005,4.8042
PEMAFC-A,2,period_0916,24.160000,-6.3478,3.3917,81.6018,76.8005,4.8013
PEMAFC-A,2,period_0916,24.200000,-6.3468,3.0687,81.6171,76.8005,4.8166
PEMAFC-A,2,period_0916,24.253333,-6.3045,2.6596,81.6234,76.8005,4.8229
PEMAFC-A,2,period_0916,24.306667,-6.3544,2.4062,81.6515,76.8005,4.8510
PEMAFC-A,2,period_0916,24.360000,-6.4059,3.4960,81.6692,76.8005,4.8687
PEMAFC-A,2,period_0916,24.400000,-6.4072,2.4703,81.7054,76.8005,4.9049
PEMAFC-A,2,period_0916,24.453333,-6.4461,2.3170,81.7447,76.8005,4.9442
PEMAFC-A,2,period_0916,24.506667,-6.4557,3.3790,81.7571,76.8005,4.9566
PEMAFC-A,2,period_0916,24.560000,-6.4392,2.0079,81.7641,76.8005,4.9636
PEMAFC-A,2,period_0916,24.600000,-6.2957,2.9538,81.7266,76.8005,4.9261
PEMAFC-A,2,period_0916,24.653333,-6.4691,2.0106,81.8127,76.8005,5.0122
PEMAFC-A,2,period_0916,24.706667,-6.5646,2.9569,81.8239,76.8005,5.0234
PEMAFC-A,2,period_0916,24.760000,-6.5554,3.9439,81.8308,76.8005,5.0303
PEMAFC-A,2,period_0916,24.800000,-6.5393,2.6596,81.8365,76.8005,5.0360
PEMAFC-A,2,period_0916,24.853333,-6.6460,3.6623,81.8681,76.8005,5.0676
PEMAFC-A,2,period_0916,24.906667,-6.6798,2.4615,81.8718,76.8005,5.0713
PEMAFC-A,2,period_0916,24.960000,-6.7241,2.3452,81.9164,76.8005,5.1159
PEMAFC-A,2,period_0916,25.000000,-6.7834,3.1354,81.9118,76.8005,5.1113
PEMAFC-A,2,period_0916,25.053333,-6.7862,3.0252,81.9372,76.8005,5.1367
PEMAFC-A,2,period_0916,25.106667,-6.7517,3.0064,81.9727,76.8005,5.1722
PEMAFC-A,2,period_0916,25.160000,-6.8453,3.0581,81.9867,76.8005,5.1862
PEMAFC-A,2,period_0916,25.200000,-6.8165,3.1175,81.9985,76.8005,5.1980
PEMAFC-A,2,period_0916,25.253333,-6.8505,3.0657,82.0661,76.8005,5.2656
PEMAFC-A,2,period_0916,25.306667,-6.8624,3.7224,82.0721,76.8005,5.2716
PEMAFC-A,2,period_0916,25.360000,-6.8447,2.9163,82.0857,76.8005,5.2852
PEMAFC-A,2,period_0916,25.400000,-6.8821,3.1891,82.1256,76.8005,5.3251
PEMAFC-A,2,period_0916,25.453333,-6.9203,3.7227,82.1548,76.8005,5.3543
PEMAFC-A,2,period_0916,25.506667,-6.9093,2.1322,82.1458,76.8005,5.3453
PEMAFC-A,2,period_0916,25.560000,-6.9474,3.3508,82.1974,76.8005,5.3969
PEMAFC-A,2,period_0916,25.600000,-6.9828,2.4927,82.1897,76.8005,5.3892
PEMAFC-A,2,period_0916,25.653333,-7.0234,3.3942,82.2159,76.8005,5.4154
PEMAFC-A,2,period_0916,25.706667,-7.0758,2.9755,82.2113,76.8005,5.4108
PEMAFC-A,2,period_0916,25.760000,-6.9198,2.9065,82.2306,76.8005,5.4301
PEMAFC-A,2,period_0916,25.800000,-7.0419,3.3145,82.2611,76.8005,5.4606
PEMAFC-A,2,period_0916,25.853333,-7.1317,2.5244,82.2663,76.8005,5.4658
PEMAFC-A,2,period_0916,25.906667,-7.0811,4.1633,82.3167,76.8005,5.5162
PEMAFC-A,2,period_0916,25.960000,-7.0852,2.7001,82.3125,76.8005,5.5120
PEMAFC-A,2,period_0916,26.000000,-7.1658,2.4821,82.3472,76.8005,5.5467
PEMAFC-A,2,period_0916,26.053333,-7.1602,3.1993,82.3788,76.8005,5.5783
PEMAFC-A,2,period_0916,26.106667,-7.1650,2.6679,82.4091,76.8005,5.6086
PEMAFC-A,2,period_0916,26.160000,-7.2743,2.3231,82.4764,76.8005,5.6759
PEMAFC-A,2,period_0916,26.200000,-7.2975,3.3686,82.5118,76.8005,5.7113
PEMAFC-A,2,period_0916,26.253333,-7.2839,3.3064,82.5338,76.8005,5.7333
PEMAFC-A,2,period_0916,26.306667,-7.4043,3.1509,82.5643,76.8005,5.7638
PEMAFC-A,2,period_0916,26.360000,-7.4121,2.9809,82.5788,76.8005,5.7783
PEMAFC-A,2,period_0916,26.400000,-7.2578,4.4544,82.5838,76.8005,5.7833
PEMAFC-A,2,period_0916,26.453333,-7.4405,2.7028,82.6063,76.8005,5.8058
PEMAFC-A,2,period_0916,26.506667,-7.4703,2.6777,82.6500,76.8005,5.8495
PEMAFC-A,2,period_0916,26.560000,-7.5189,3.0438,82.6962,76.8005,5.8957
PEMAFC-A,2,period_0916,26.600000,-7.4939,4.1322,82.7184,76.8005,5.9179
PEMAFC-A,2,period_0916,26.653333,-7.5973,3.1104,82.7529,76.8005,5.9524
PEMAFC-A,2,period_0916,26.706667,-7.5351,2.8112,82.7817,76.8005,5.9812
PEMAFC-A,2,period_0916,26.760000,-7.5367,2.9695,82.8358,76.8005,6.0353
PEMAFC-A,2,period_0916,26.800000,-7.5717,4.0731,82.8653,76.8005,6.0648
PEMAFC-A,2,period_0916,26.853333,-7.6413,2.4669,82.9057,76.8005,6.1052
PEMAFC-A,2,period_0916,26.906667,-7.6633,3.4045,82.9470,76.8005,6.1465
PEMAFC-A,2,period_0916,26.960000,-7.5551,2.3230,82.9982,76.8005,6.1977
PEMAFC-A,2,period_0916,27.000000,-7.7264,3.8190,83.0170,76.8005,6.2165
PEMAFC-A,2,period_0916,27.053333,-7.4549,2.8656,82.9770,76.8005,6.1765
PEMAFC-A,2,period_0916,27.106667,-7.5899,3.6721,82.9934,76.8005,6.1929
PEMAFC-A,2,period_0916,27.160000,-7.5871,4.1836,83.0070,76.8005,6.2065
PEMAFC-A,2,period_0916,27.200000,-7.6571,2.1666,82.9957,76.8005,6.1952
PEMAFC-A,2,period_0916,27.253333,-7.8163,2.6983,83.0528,76.8005,6.2523
PEMAFC-A,2,period_0916,27.306667,-7.8722,2.4962,83.1341,76.8005,6.3336
PEMAFC-A,2,period_0916,27.360000,-7.9132,3.0476,83.1767,76.8005,6.3762
PEMAFC-A,2,period_0916,27.400000,-7.7815,4.3125,83.2069,76.8005,6.4064
PEMAFC-A,2,period_0916,27.453333,-7.7479,3.0528,83.2112,76.8005,6.4107
PEMAFC-A,2,period_0916,27.506667,-7.9284,2.8245,83.2426,76.8005,6.4421
PEMAFC-A,2,period_0916,27.560000,-7.9320,4.3631,83.2600,76.8005,6.4595
PEMAFC-A,2,period_0916,27.600000,-7.9617,3.1435,83.2686,76.8005,6.4681
PEMAFC-A,2,period_0916,27.653333,-8.0785,3.9119,83.2908,76.8005,6.4903
PEMAFC-A,2,period_0916,27.706667,-7.9270,3.0278,83.2907,76.8005,6.4902
PEMAFC-A,2,period_0916,27.760000,-7.9027,2.8627,83.3138,76.8005,6.5133
PEMAFC-A,2,period_0916,27.800000,-7.9457,3.4377,83.3108,76.8005,6.5103
PEMAFC-A,2,period_0916,27.853333,-8.0569,2.4276,83.3620,76.8005,6.5615
PEMAFC-A,2,period_0916,27.906667,-8.0581,2.8742,83.4485,76.8005,6.6480
PEMAFC-A,2,period_0916,27.960000,-7.9542,3.7922,83.4453,76.8005,6.6448
PEMAFC-A,2,period_0916,28.000000,-7.9206,4.1750,83.4849,76.8005,6.6844
PEMAFC-A,2,period_0916,28.053333,-8.0476,3.2470,83.5262,76.8005,6.7257
PEMAFC-A,2,period_0916,28.106667,-8.2060,3.3850,83.5559,76.8005,6.7554
PEMAFC-A,2,period_0916,28.160000,-8.2258,3.0377,83.6128,76.8005,6.8123
PEMAFC-A,2,period_0916,28.200000,-8.2396,3.6735,83.5760,76.8005,6.7755
PEMAFC-A,2,period_0916,28.253333,-8.1483,3.6908,83.6095,76.8005,6.8090
PEMAFC-A,2,period_0916,28.306667,-8.2278,2.5998,83.6631,76.8005,6.8626
PEMAFC-A,2,period_0916,28.360000,-8.2093,3.2201,83.7506,76.8005,6.9501
PEMAFC-A,2,period_0916,28.400000,-8.3403,2.7828,83.7618,76.8005,6.9614
PEMAFC-A,2,period_0916,28.453333,-8.3122,4.2936,83.8174,76.8005,7.0169
PEMAFC-A,2,period_0916,28.506667,-8.2690,4.4339,83.8779,76.8005,7.0774
PEMAFC-A,2,period_0916,28.560000,-8.4175,2.9361,83.8843,76.8005,7.0838
PEMAFC-A,2,period_0916,28.600000,-8.2357,3.2877,83.8459,76.8005,7.0454
PEMAFC-A,2,period_0916,28.653333,-8.0709,4.4082,83.8470,76.8005,7.0465
PEMAFC-A,2,period_0916,28.706667,-7.8711,2.7024,81.0328,76.8005,4.2323
PEMAFC-A,2,period_0916,28.760000,-8.4155,2.8189,83.9096,76.8005,7.1091
PEMAFC-A,2,period_0916,28.800000,-8.4604,1.4586,83.9669,76.8005,7.1664
PEMAFC-A,2,period_0916,28.853333,-8.4860,4.4609,84.0215,76.8005,7.2210
PEMAFC-A,2,period_0916,28.906667,-8.5051,2.0518,84.0427,76.8005,7.2422
PEMAFC-A,2,period_0916,28.960000,-8.4365,2.9733,84.0357,76.8005,7.2352
PEMAFC-A,2,period_0916,29.000000,-8.6444,5.0091,84.0798,76.8005,7.2793
PEMAFC-A,2,period_0916,29.053333,-8.6318,2.8516,84.0985,76.8005,7.2980
PEMAFC-A,2,period_0916,29.106667,-8.5796,2.8056,84.0873,76.8005,7.2868
PEMAFC-A,2,period_0916,29.160000,-8.5841,2.2705,84.1073,76.8005,7.3068
PEMAFC-A,2,period_0916,29.200000,-8.5916,4.4396,84.1171,76.8005,7.3166
PEMAFC-A,2,period_0916,29.253333,-8.6451,2.7026,84.1733,76.8005,7.3728
PEMAFC-A,2,period_0916,29.306667,-8.2519,3.1663,81.6702,76.8005,4.8697
PEMAFC-A,2,period_0916,29.360000,-8.5241,3.2789,84.1621,76.8005,7.3616
PEMAFC-A,2,period_0916,29.400000,-8.6892,3.2124,84.1885,76.8005,7.3880
PEMAFC-A,2,period_0916,29.453333,-8.6879,2.6799,84.1551,76.8005,7.3546
PEMAFC-A,2,period_0916,29.506667,-8.7774,3.5084,84.2009,76.8005,7.4004
PEMAFC-A,2,period_0916,29.560000,-8.7661,2.9209,84.2091,76.8005,7.4086
PEMAFC-A,2,period_0916,29.600000,-8.6924,2.8066,84.2326,76.8005,7.4321
PEMAFC-A,2,period_0916,29.653333,-8.7496,3.2078,84.2959,76.8005,7.4954
PEMAFC-A,2,period_0916,29.706667,-8.7289,4.2477,84.3307,76.8005,7.5302
PEMAFC-A,2,period_0916,29.760000,-8.8854,2.6145,84.3299,76.8005,7.5294
PEMAFC-A,2,period_0916,29.800000,-8.8599,3.0051,84.3651,76.8005,7.5646
PEMAFC-A,2,period_0916,29.853333,-8.9172,3.4697,84.4020,76.8005,7.6015
PEMAFC-A,2,period_0916,29.906667,-8.8541,3.7845,84.4200,76.8005,7.6195
PEMAFC-A,2,period_0916,29.960000,-8.9968,2.8000,84.4243,76.8005,7.6238
PEMAFC-A,2,period_0916,30.000000,-9.0214,3.2085,84.4503,76.8005,7.6498
PEMAFC-A,3,period_0943,30.013333,-2.5924,-0.5538,69.6192,67.9790,1.6402
PEMAFC-A,3,period_0943,30.053333,-2.6976,3.8234,69.6295,67.9790,1.6505
PEMAFC-A,3,period_0943,30.106667,-2.7811,3.2292,69.6605,67.9790,1.6814
PEMAFC-A,3,period_0943,30.160000,-2.8349,3.9845,69.6785,67.9790,1.6995
PEMAFC-A,3,period_0943,30.200000,-2.8651,4.8067,69.6864,67.9790,1.7073
PEMAFC-A,3,period_0943,30.253333,-2.9198,3.0526,69.7317,67.9790,1.7527
PEMAFC-A,3,period_0943,30.306667,-2.9671,4.1181,69.7520,67.9790,1.7730
PEMAFC-A,3,period_0943,30.360000,-3.0227,4.3419,69.7991,67.9790,1.8201
PEMAFC-A,3,period_0943,30.400000,-3.0492,5.3643,69.8140,67.9790,1.8350
PEMAFC-A,3,period_0943,30.453333,-3.0823,4.8324,69.8293,67.9790,1.8503
PEMAFC-A,3,period_0943,30.506667,-3.1282,4.0564,69.8458,67.9790,1.8667
PEMAFC-A,3,period_0943,30.560000,-3.1616,5.1179,69.8792,67.9790,1.9002
PEMAFC-A,3,period_0943,30.600000,-3.1867,4.3546,69.8996,67.9790,1.9206
PEMAFC-A,3,period_0943,30.653333,-3.2151,3.9906,69.9248,67.9790,1.9457
PEMAFC-A,3,period_0943,30.706667,-3.2564,2.9450,69.9305,67.9790,1.9515
PEMAFC-A,3,period_0943,30.760000,-3.2805,4.4616,69.9461,67.9790,1.9671
PEMAFC-A,3,period_0943,30.800000,-3.3078,2.9746,69.9691,67.9790,1.9900
PEMAFC-A,3,period_0943,30.853333,-3.3405,4.5238,69.9718,67.9790,1.9928
PEMAFC-A,3,period_0943,30.906667,-3.3802,3.3113,70.0177,67.9790,2.0386
PEMAFC-A,3,period_0943,30.960000,-3.4215,4.3332,70.0580,67.9790,2.0789
PEMAFC-A,3,period_0943,31.000000,-3.4456,5.7495,70.0981,67.9790,2.1191
PEMAFC-A,3,period_0943,31.053333,-3.4820,4.4367,70.1276,67.9790,2.1486
PEMAFC-A,3,period_0943,31.106667,-3.5195,4.1553,70.1472,67.9790,2.1681
PEMAFC-A,3,period_0943,31.160000,-3.5507,3.8489,70.1630,67.9790,2.1839
PEMAFC-A,3,period_0943,31.200000,-3.5707,4.9974,70.1916,67.9790,2.2125
PEMAFC-A,3,period_0943,31.253333,-3.5917,4.1598,70.2013,67.9790,2.2222
PEMAFC-A,3,period_0943,31.306667,-3.6214,4.5287,70.2222,67.9790,2.2432
PEMAFC-A,3,period_0943,31.360000,-3.6384,4.2683,70.2303,67.9790,2.2512
PEMAFC-A,3,period_0943,31.400000,-3.6647,6.0058,70.2406,67.9790,2.2615
PEMAFC-A,3,period_0943,31.453333,-3.6963,3.5190,70.2692,67.9790,2.2902
PEMAFC-A,3,period_0943,31.506667,-3.7287,4.6321,70.2869,67.9790,2.3079
PEMAFC-A,3,period_0943,31.560000,-3.7594,5.4139,70.3100,67.9790,2.3309
PEMAFC-A,3,period_0943,31.600000,-3.7834,4.4154,70.3262,67.9790,2.3471
PEMAFC-A,3,period_0943,31.653333,-3.8092,4.5693,70.3401,67.9790,2.3611
PEMAFC-A,3,period_0943,31.706667,-3.8378,4.9301,70.3408,67.9790,2.3618
PEMAFC-A,3,period_0943,31.760000,-3.8655,5.4856,70.3530,67.9790,2.3740
PEMAFC-A,3,period_0943,31.800000,-3.8868,5.3601,70.3684,67.9790,2.3894
PEMAFC-A,3,period_0943,31.853333,-3.9167,5.0459,70.3961,67.9790,2.4171
PEMAFC-A,3,period_0943,31.906667,-3.9405,4.5221,70.4283,67.9790,2.4492
PEMAFC-A,3,period_0943,31.960000,-3.9827,4.1863,70.4375,67.9790,2.4584
PEMAFC-A,3,period_0943,32.000000,-4.0023,5.0875,70.4477,67.9790,2.4686
PEMAFC-A,3,period_0943,32.053333,-4.0215,5.1664,70.4658,67.9790,2.4867
PEMAFC-A,3,period_0943,32.106667,-4.0543,3.2892,70.4824,67.9790,2.5033
PEMAFC-A,3,period_0943,32.160000,-4.0910,4.4351,70.5128,67.9790,2.5338
PEMAFC-A,3,period_0943,32.200000,-4.1139,5.3239,70.5369,67.9790,2.5578
PEMAFC-A,3,period_0943,32.253333,-4.1329,5.2511,70.5545,67.9790,2.5755
PEMAFC-A,3,period_0943,32.306667,-4.1707,4.9964,70.5776,67.9790,2.5985
PEMAFC-A,3,period_0943,32.360000,-4.1919,3.5149,70.5923,67.9790,2.6133
PEMAFC-A,3,period_0943,32.400000,-4.2324,5.1758,70.6109,67.9790,2.6319
PEMAFC-A,3,period_0943,32.453333,-4.2607,4.4991,70.6171,67.9790,2.6381
PEMAFC-A,3,period_0943,32.506667,-4.2757,4.3757,70.6392,67.9790,2.6602
PEMAFC-A,3,period_0943,32.560000,-4.3008,3.4094,70.6937,67.9790,2.7146
PEMAFC-A,3,period_0943,32.600000,-4.3199,5.5938,70.7072,67.9790,2.7282
PEMAFC-A,3,period_0943,32.653333,-4.3582,4.3716,70.7274,67.9790,2.7484
PEMAFC-A,3,period_0943,32.706667,-4.3934,5.2818,70.7384,67.9790,2.7594
PEMAFC-A,3,period_0943,32.760000,-4.4138,4.1517,70.7504,67.9790,2.7713
PEMAFC-A,3,period_0943,32.800000,-4.4262,3.4964,70.7651,67.9790,2.7861
PEMAFC-A,3,period_0943,32.853333,-4.4699,3.8813,70.7783,67.9790,2.7993
PEMAFC-A,3,period_0943,32.906667,-4.4920,4.8670,70.7956,67.9790,2.8165
PEMAFC-A,3,period_0943,32.960000,-4.5181,5.9248,70.8289,67.9790,2.8499
PEMAFC-A,3,period_0943,33.000000,-4.5496,4.3138,70.8485,67.9790,2.8695
PEMAFC-A,3,period_0943,33.053333,-4.5706,4.8086,70.8659,67.9790,2.8869
PEMAFC-A,3,period_0943,33.106667,-4.6042,4.8566,70.9054,67.9790,2.9264
PEMAFC-A,3,period_0943,33.160000,-4.6218,3.7315,70.9155,67.9790,2.9364
PEMAFC-A,3,period_0943,33.200000,-4.6369,4.2355,70.9351,67.9790,2.9560
PEMAFC-A,3,period_0943,33.253333,-4.6775,3.9935,70.9447,67.9790,2.9656
PEMAFC-A,3,period_0943,33.306667,-4.7126,5.0477,70.9731,67.9790,2.9940
PEMAFC-A,3,period_0943,33.360000,-4.7440,4.5517,70.9979,67.9790,3.0188
PEMAFC-A,3,period_0943,33.400000,-4.7632,4.8218,71.0334,67.9790,3.0544
PEMAFC-A,3,period_0943,33.453333,-4.7879,4.9663,71.0402,67.9790,3.0611
PEMAFC-A,3,period_0943,33.506667,-4.8103,4.6017,71.0714,67.9790,3.0924
PEMAFC-A,3,period_0943,33.560000,-4.8438,5.3903,71.1122,67.9790,3.1332
PEMAFC-A,3,period_0943,33.600000,-4.8593,4.5874,71.1330,67.9790,3.1540
PEMAFC-A,3,period_0943,33.653333,-4.8869,4.5546,71.1410,67.9790,3.1619
PEMAFC-A,3,period_0943,33.706667,-4.9260,4.2240,71.1581,67.9790,3.1791
PEMAFC-A,3,period_0943,33.760000,-4.9560,4.1108,71.1659,67.9790,3.1869
PEMAFC-A,3,period_0943,33.800000,-4.9662,5.1779,71.1708,67.9790,3.1917
PEMAFC-A,3,period_0943,33.853333,-5.0043,4.6369,71.1926,67.9790,3.2135
PEMAFC-A,3,period_0943,33.906667,-5.0309,3.9586,71.2127,67.9790,3.2336
PEMAFC-A,3,period_0943,33.960000,-5.0571,4.8146,71.2428,67.9790,3.2637
PEMAFC-A,3,period_0943,34.000000,-5.0691,5.1917,71.2658,67.9790,3.2867
PEMAFC-A,3,period_0943,34.053333,-5.0970,4.9032,71.2740,67.9790,3.2949
PEMAFC-A,3,period_0943,34.106667,-5.1294,3.2110,71.3013,67.9790,3.3223
PEMAFC-A,3,period_0943,34.160000,-5.1740,4.8252,71.3185,67.9790,3.3395
PEMAFC-A,3,period_0943,34.200000,-5.1975,4.5738,71.3320,67.9790,3.3530
PEMAFC-A,3,period_0943,34.253333,-5.2219,5.4448,71.3633,67.9790,3.3842
PEMAFC-A,3,period_0943,34.306667,-5.2515,4.4794,71.3786,67.9790,3.3995
PEMAFC-A,3,period_0943,34.360000,-5.2858,4.7517,71.3920,67.9790,3.4130
PEMAFC-A,3,period_0943,34.400000,-5.3121,3.6119,71.4131,67.9790,3.4341
PEMAFC-A,3,period_0943,34.453333,-5.3407,4.6482,71.4432,67.9790,3.4642
PEMAFC-A,3,period_0943,34.506667,-5.3665,3.8366,71.4725,67.9790,3.4935
PEMAFC-A,3,period_0943,34.560000,-5.3887,5.2844,71.5109,67.9790,3.5319
PEMAFC-A,3,period_0943,34.600000,-5.4283,4.4577,71.5164,67.9790,3.5373
PEMAFC-A,3,period_0943,34.653333,-5.4702,5.3468,71.5836,67.9790,3.6046
PEMAFC-A,3,period_0943,34.706667,-5.5020,5.3762,71.5923,67.9790,3.6132
PEMAFC-A,3,period_0943,34.760000,-5.5312,3.8168,71.6066,67.9790,3.6275
PEMAFC-A,3,period_0943,34.800000,-5.5476,4.1925,71.6232,67.9790,3.6441
PEMAFC-A,3,period_0943,34.853333,-5.5674,5.2994,71.6438,67.9790,3.6648
PEMAFC-A,3,period_0943,34.906667,-5.6014,4.9412,71.6831,67.9790,3.7041
PEMAFC-A,3,period_0943,34.960000,-5.6383,4.3528,71.7169,67.9790,3.7379
PEMAFC-A,3,period_0943,35.000000,-5.6492,5.4267,71.7321,67.9790,3.7531
PEMAFC-A,3,period_0943,35.053333,-5.6789,4.5163,71.7584,67.9790,3.7793
PEMAFC-A,3,period_0943,35.106667,-5.7060,5.0604,71.7699,67.9790,3.7908
PEMAFC-A,3,period_0943,35.160000,-5.7314,5.2100,71.8083,67.9790,3.8292
PEMAFC-A,3,period_0943,35.200000,-5.7495,4.5835,71.8181,67.9790,3.8390
PEMAFC-A,3,period_0943,35.253333,-5.7861,5.3518,71.8354,67.9790,3.8563
PEMAFC-A,3,period_0943,35.306667,-5.8159,4.7410,71.8618,67.9790,3.8828
PEMAFC-A,3,period_0943,35.360000,-5.8484,5.0593,71.8991,67.9790,3.9201
PEMAFC-A,3,period_0943,35.400000,-5.8690,4.0145,71.9092,67.9790,3.9301
PEMAFC-A,3,period_0943,35.453333,-5.8910,3.9952,71.9359,67.9790,3.9569
PEMAFC-A,3,period_0943,35.506667,-5.9299,4.6718,71.9520,67.9790,3.9729
PEMAFC-A,3,period_0943,35.560000,-5.9504,4.1996,71.9728,67.9790,3.9937
PEMAFC-A,3,period_0943,35.600000,-5.9710,4.7193,72.0147,67.9790,4.0357
PEMAFC-A,3,period_0943,35.653333,-5.9741,5.5767,72.0324,67.9790,4.0533
PEMAFC-A,3,period_0943,35.706667,-6.0181,4.2637,72.0523,67.9790,4.0733
PEMAFC-A,3,period_0943,35.760000,-6.0384,4.8278,72.0899,67.9790,4.1109
PEMAFC-A,3,period_0943,35.800000,-6.0643,4.8569,72.1021,67.9790,4.1230
PEMAFC-A,3,period_0943,35.853333,-6.0804,4.2415,72.1172,67.9790,4.1381
PEMAFC-A,3,period_0943,35.906667,-6.1202,4.9655,72.1380,67.9790,4.1589
PEMAFC-A,3,period_0943,35.960000,-6.1560,5.9752,72.1532,67.9790,4.1742
PEMAFC-A,3,period_0943,36.000000,-6.1828,5.2463,72.1682,67.9790,4.1892
PEMAFC-A,3,period_0943,36.053333,-6.2073,4.2014,72.1852,67.9790,4.2061
PEMAFC-A,3,period_0943,36.106667,-6.2266,4.4056,72.2160,67.9790,4.2370
PEMAFC-A,3,period_0943,36.160000,-6.2471,5.6158,72.2394,67.9790,4.2603
PEMAFC-A,3,period_0943,36.200000,-6.2725,4.1551,72.2494,67.9790,4.2703
PEMAFC-A,3,period_0943,36.253333,-6.3011,5.5991,72.2800,67.9790,4.3009
PEMAFC-A,3,period_0943,36.306667,-6.3366,4.1741,72.2912,67.9790,4.3121
PEMAFC-A,3,period_0943,36.360000,-6.3459,2.6325,72.3092,67.9790,4.3302
PEMAFC-A,3,period_0943,36.400000,-6.3668,5.1455,72.3224,67.9790,4.3433
PEMAFC-A,3,period_0943,36.453333,-6.3873,4.3929,72.3482,67.9790,4.3692
PEMAFC-A,3,period_0943,36.506667,-6.3912,4.4338,72.3660,67.9790,4.3869
PEMAFC-A,3,period_0943,36.560000,-6.4279,4.4546,72.3878,67.9790,4.4087
PEMAFC-A,3,period_0943,36.600000,-6.4756,4.2846,72.4163,67.9790,4.4372
PEMAFC-A,3,period_0943,36.653333,-6.5045,3.3702,72.4436,67.9790,4.4645
PEMAFC-A,3,period_0943,36.706667,-6.5362,4.9349,72.4770,67.9790,4.4980
PEMAFC-A,3,period_0943,36.760000,-6.5638,4.6305,72.5096,67.9790,4.5305
PEMAFC-A,3,period_0943,36.800000,-6.5604,4.5556,72.5271,67.9790,4.5480
PEMAFC-A,3,period_0943,36.853333,-6.6162,4.3658,72.5605,67.9790,4.5815
PEMAFC-A,3,period_0943,36.906667,-6.6494,5.5886,72.5855,67.9790,4.6064
PEMAFC-A,3,period_0943,36.960000,-6.6803,4.5397,72.6057,67.9790,4.6266
PEMAFC-A,3,period_0943,37.000000,-6.6971,5.4197,72.6124,67.9790,4.6333
PEMAFC-A,3,period_0943,37.053333,-6.7285,4.5612,72.6211,67.9790,4.6420
PEMAFC-A,3,period_0943,37.106667,-6.7421,5.1515,72.6318,67.9790,4.6527
PEMAFC-A,3,period_0943,37.160000,-6.7816,4.3119,72.6581,67.9790,4.6791
PEMAFC-A,3,period_0943,37.200000,-6.8025,4.7260,72.6780,67.9790,4.6990
PEMAFC-A,3,period_0943,37.253333,-6.8206,3.8359,72.6965,67.9790,4.7175
PEMAFC-A,3,period_0943,37.306667,-6.8512,5.6222,72.7028,67.9790,4.7238
PEMAFC-A,3,period_0943,37.360000,-6.8695,4.8063,72.7431,67.9790,4.7641
PEMAFC-A,3,period_0943,37.400000,-6.8951,4.4127,72.7493,67.9790,4.7703
PEMAFC-A,3,period_0943,37.453333,-6.9093,4.8231,72.7792,67.9790,4.8001
PEMAFC-A,3,period_0943,37.506667,-6.9464,3.9403,72.7957,67.9790,4.8167
PEMAFC-A,3,period_0943,37.560000,-6.9573,4.2581,72.8106,67.9790,4.8316
PEMAFC-A,3,period_0943,37.600000,-6.9885,4.0748,72.8142,67.9790,4.8352
PEMAFC-A,3,period_0943,37.653333,-7.0066,5.0617,72.8336,67.9790,4.8545
PEMAFC-A,3,period_0943,37.706667,-7.0424,4.3134,72.8605,67.9790,4.8814
PEMAFC-A,3,period_0943,37.760000,-7.0593,3.6857,72.9009,67.9790,4.9219
PEMAFC-A,3,period_0943,37.800000,-7.0831,4.7445,72.9036,67.9790,4.9245
PEMAFC-A,3,period_0943,37.853333,-7.0992,3.7980,72.9217,67.9790,4.9426
PEMAFC-A,3,period_0943,37.906667,-7.1425,4.9182,72.9461,67.9790,4.9670
PEMAFC-A,3,period_0943,37.960000,-7.1833,5.1408,72.9615,67.9790,4.9825
PEMAFC-A,3,period_0943,38.000000,-7.1950,3.2218,72.9720,67.9790,4.9929
PEMAFC-A,3,period_0943,38.053333,-7.2238,4.5604,72.9957,67.9790,5.0167
PEMAFC-A,3,period_0943,38.106667,-7.2528,4.7866,73.0112,67.9790,5.0321
PEMAFC-A,3,period_0943,38.160000,-7.2682,3.9391,73.0229,67.9790,5.0439
PEMAFC-A,3,period_0943,38.200000,-7.2851,4.5569,73.0420,67.9790,5.0629
PEMAFC-A,3,period_0943,38.253333,-7.3086,5.6889,73.0641,67.9790,5.0851
PEMAFC-A,3,period_0943,38.306667,-7.3449,5.0173,73.0707,67.9790,5.0916
PEMAFC-A,3,period_0943,38.360000,-7.3708,5.6762,73.1088,67.9790,5.1298
PEMAFC-A,3,period_0943,38.400000,-7.4004,4.7783,73.1203,67.9790,5.1412
PEMAFC-A,3,period_0943,38.453333,-7.4300,4.7255,73.1415,67.9790,5.1625
PEMAFC-A,3,period_0943,38.506667,-7.4073,4.8813,73.1850,67.9790,5.2059
PEMAFC-A,3,period_0943,38.560000,-7.4667,4.7578,73.1938,67.9790,5.2147
PEMAFC-A,3,period_0943,38.600000,-7.5017,2.9674,73.2019,67.9790,5.2229
PEMAFC-A,3,period_0943,38.653333,-7.5168,5.8472,73.2356,67.9790,5.2565
PEMAFC-A,3,period_0943,38.706667,-7.5094,5.0735,73.2732,67.9790,5.2941
PEMAFC-A,3,period_0943,38.760000,-7.5616,5.8349,73.2889,67.9790,5.3098
PEMAFC-A,3,period_0943,38.800000,-7.5861,3.9978,73.2908,67.9790,5.3118
PEMAFC-A,3,period_0943,38.853333,-7.6178,4.4136,73.3245,67.9790,5.3455
PEMAFC-A,3,period_0943,38.906667,-7.6364,4.9617,73.3510,67.9790,5.3720
PEMAFC-A,3,period_0943,38.960000,-7.6869,4.5503,73.3898,67.9790,5.4108
PEMAFC-A,3,period_0943,39.000000,-7.7103,4.5731,73.4057,67.9790,5.4266
PEMAFC-A,3,period_0943,39.053333,-7.7339,4.6975,73.4156,67.9790,5.4366
PEMAFC-A,3,period_0943,39.106667,-7.7164,5.0089,73.4490,67.9790,5.4700
PEMAFC-A,3,period_0943,39.160000,-7.7742,4.1056,73.4834,67.9790,5.5043
PEMAFC-A,3,period_0943,39.200000,-7.8103,5.3238,73.5080,67.9790,5.5289
PEMAFC-A,3,period_0943,39.253333,-7.8209,4.8246,73.5383,67.9790,5.5592
PEMAFC-A,3,period_0943,39.306667,-7.8670,5.6220,73.5636,67.9790,5.5846
PEMAFC-A,3,period_0943,39.360000,-7.8740,4.9921,73.5734,67.9790,5.5943
PEMAFC-A,3,period_0943,39.400000,-7.9118,4.8997,73.5977,67.9790,5.6187
PEMAFC-A,3,period_0943,39.453333,-7.9377,5.2548,73.6251,67.9790,5.6461
PEMAFC-A,3,period_0943,39.506667,-7.9593,4.2285,73.6436,67.9790,5.6645
PEMAFC-A,3,period_0943,39.560000,-7.9915,4.4178,73.6636,67.9790,5.6845
PEMAFC-A,3,period_0943,39.600000,-8.0156,4.6350,73.6883,67.9790,5.7092
PEMAFC-A,3,period_0943,39.653333,-8.0263,3.7044,73.7211,67.9790,5.7420
PEMAFC-A,3,period_0943,39.706667,-8.0723,4.4876,73.7196,67.9790,5.7405
PEMAFC-A,3,period_0943,39.760000,-8.1066,4.8379,73.7379,67.9790,5.7589
PEMAFC-A,3,period_0943,39.800000,-8.1220,4.1045,73.7607,67.9790,5.7817
PEMAFC-A,3,period_0943,39.853333,-8.1481,5.4676,73.7944,67.9790,5.8154
PEMAFC-A,3,period_0943,39.906667,-8.1847,5.2467,73.8206,67.9790,5.8415
PEMAFC-A,3,period_0943,39.960000,-8.2025,4.1647,73.8458,67.9790,5.8667
PEMAFC-A,3,period_0943,40.000000,-8.2265,4.8989,73.8689,67.9790,5.8898
PEMAFC-PCA-F (K=20/20),0,period_0707,0.013333,1.3373,1.0542,85.9493,85.1794,0.7700
PEMAFC-PCA-F (K=20/20),0,period_0707,0.053333,-1.0113,2.5491,85.5389,85.1794,0.3596
PEMAFC-PCA-F (K=20/20),0,period_0707,0.106667,-3.6065,2.2861,88.9737,85.1794,3.7943
PEMAFC-PCA-F (K=20/20),0,period_0707,0.160000,-3.7334,2.2220,90.0179,85.1794,4.8385
PEMAFC-PCA-F (K=20/20),0,period_0707,0.200000,-3.8622,2.7488,90.3836,85.1794,5.2043
PEMAFC-PCA-F (K=20/20),0,period_0707,0.253333,-2.2233,2.3240,85.3220,85.1794,0.1427
PEMAFC-PCA-F (K=20/20),0,period_0707,0.306667,-6.5001,1.2159,93.7623,85.1794,8.5829
PEMAFC-PCA-F (K=20/20),0,period_0707,0.360000,-4.4582,3.8754,92.8186,85.1794,7.6392
PEMAFC-PCA-F (K=20/20),0,period_0707,0.400000,-4.0603,2.5606,90.1228,85.1794,4.9435
PEMAFC-PCA-F (K=20/20),0,period_0707,0.453333,-3.7865,2.4848,90.1389,85.1794,4.9595
PEMAFC-PCA-F (K=20/20),0,period_0707,0.506667,-5.1270,0.9259,84.8433,85.1794,-0.3361
PEMAFC-PCA-F (K=20/20),0,period_0707,0.560000,-4.7340,2.9461,94.2709,85.1794,9.0915
PEMAFC-PCA-F (K=20/20),0,period_0707,0.600000,-4.4363,3.5974,88.0005,85.1794,2.8211
PEMAFC-PCA-F (K=20/20),0,period_0707,0.653333,-4.2473,2.8727,93.3946,85.1794,8.2152
PEMAFC-PCA-F (K=20/20),0,period_0707,0.706667,-5.3880,3.4406,94.1834,85.1794,9.0040
PEMAFC-PCA-F (K=20/20),0,period_0707,0.760000,-3.5158,2.9028,82.9233,85.1794,-2.2560
PEMAFC-PCA-F (K=20/20),0,period_0707,0.800000,-4.2996,1.4079,83.0703,85.1794,-2.1090
PEMAFC-PCA-F (K=20/20),0,period_0707,0.853333,-5.9678,0.6601,91.0623,85.1794,5.8829
PEMAFC-PCA-F (K=20/20),0,period_0707,0.906667,-6.4781,1.6503,91.9029,85.1794,6.7236
PEMAFC-PCA-F (K=20/20),0,period_0707,0.960000,-4.8839,2.6501,87.5498,85.1794,2.3705
PEMAFC-PCA-F (K=20/20),0,period_0707,1.000000,-4.5519,3.1486,93.9651,85.1794,8.7858
PEMAFC-PCA-F (K=20/20),0,period_0707,1.053333,-5.2033,2.4702,87.5378,85.1794,2.3584
PEMAFC-PCA-F (K=20/20),0,period_0707,1.106667,-4.7532,1.7418,84.7412,85.1794,-0.4381
PEMAFC-PCA-F (K=20/20),0,period_0707,1.160000,-4.5154,2.2900,92.9314,85.1794,7.7521
PEMAFC-PCA-F (K=20/20),0,period_0707,1.200000,-4.9117,2.2952,91.9532,85.1794,6.7738
PEMAFC-PCA-F (K=20/20),0,period_0707,1.253333,-6.9344,2.0745,95.1996,85.1794,10.0202
PEMAFC-PCA-F (K=20/20),0,period_0707,1.306667,-4.6318,1.1176,83.9088,85.1794,-1.2706
PEMAFC-PCA-F (K=20/20),0,period_0707,1.360000,-6.7503,1.1572,92.0798,85.1794,6.9004
PEMAFC-PCA-F (K=20/20),0,period_0707,1.400000,-6.7238,2.0311,94.9381,85.1794,9.7588
PEMAFC-PCA-F (K=20/20),0,period_0707,1.453333,-5.5004,2.2738,86.4676,85.1794,1.2882
PEMAFC-PCA-F (K=20/20),0,period_0707,1.506667,-4.8528,3.6117,89.0324,85.1794,3.8531
PEMAFC-PCA-F (K=20/20),0,period_0707,1.560000,-4.7182,2.1401,92.4865,85.1794,7.3072
PEMAFC-PCA-F (K=20/20),0,period_0707,1.600000,-3.8702,1.8793,82.8075,85.1794,-2.3718
PEMAFC-PCA-F (K=20/20),0,period_0707,1.653333,-4.6312,1.4276,87.7810,85.1794,2.6016
PEMAFC-PCA-F (K=20/20),0,period_0707,1.706667,-6.6203,2.5703,94.1210,85.1794,8.9416
PEMAFC-PCA-F (K=20/20),0,period_0707,1.760000,-6.5540,1.1481,89.5220,85.1794,4.3426
PEMAFC-PCA-F (K=20/20),0,period_0707,1.800000,-6.9826,1.5262,91.0222,85.1794,5.8428
PEMAFC-PCA-F (K=20/20),0,period_0707,1.853333,-4.9965,2.8031,85.8608,85.1794,0.6814
PEMAFC-PCA-F (K=20/20),0,period_0707,1.906667,-4.7633,1.7418,85.3282,85.1794,0.1489
PEMAFC-PCA-F (K=20/20),0,period_0707,1.960000,-6.2664,2.3373,87.8414,85.1794,2.6620
PEMAFC-PCA-F (K=20/20),0,period_0707,2.000000,-5.8752,1.9661,91.0786,85.1794,5.8993
PEMAFC-PCA-F (K=20/20),0,period_0707,2.053333,-6.2651,1.5953,90.7192,85.1794,5.5398
PEMAFC-PCA-F (K=20/20),0,period_0707,2.106667,-6.0404,1.9163,90.8395,85.1794,5.6601
PEMAFC-PCA-F (K=20/20),0,period_0707,2.160000,-3.3373,2.6685,89.2539,85.1794,4.0745
PEMAFC-PCA-F (K=20/20),0,period_0707,2.200000,-3.1689,3.8599,92.3249,85.1794,7.1456
PEMAFC-PCA-F (K=20/20),0,period_0707,2.253333,-5.7565,1.7038,90.2818,85.1794,5.1024
PEMAFC-PCA-F (K=20/20),0,period_0707,2.306667,-5.8902,1.3309,90.3478,85.1794,5.1685
PEMAFC-PCA-F (K=20/20),0,period_0707,2.360000,-6.3458,1.6748,88.2070,85.1794,3.0276
PEMAFC-PCA-F (K=20/20),0,period_0707,2.400000,-5.7126,1.2113,88.1388,85.1794,2.9595
PEMAFC-PCA-F (K=20/20),0,period_0707,2.453333,-6.3206,2.0440,95.6302,85.1794,10.4508
PEMAFC-PCA-F (K=20/20),0,period_0707,2.506667,-4.5384,2.0135,85.6746,85.1794,0.4952
PEMAFC-PCA-F (K=20/20),0,period_0707,2.560000,-4.1121,1.1415,83.0018,85.1794,-2.1776
PEMAFC-PCA-F (K=20/20),0,period_0707,2.600000,-5.2989,1.9371,90.9655,85.1794,5.7861
PEMAFC-PCA-F (K=20/20),0,period_0707,2.653333,-4.4319,3.0283,94.1246,85.1794,8.9453
PEMAFC-PCA-F (K=20/20),0,period_0707,2.706667,-6.7656,1.1743,95.1434,85.1794,9.9640
PEMAFC-PCA-F (K=20/20),0,period_0707,2.760000,-6.0884,1.4748,94.1412,85.1794,8.9619
PEMAFC-PCA-F (K=20/20),0,period_0707,2.800000,-5.3036,3.7832,92.3624,85.1794,7.1830
PEMAFC-PCA-F (K=20/20),0,period_0707,2.853333,-5.1530,3.8167,92.4007,85.1794,7.2213
PEMAFC-PCA-F (K=20/20),0,period_0707,2.906667,-5.8374,2.9654,90.1146,85.1794,4.9352
PEMAFC-PCA-F (K=20/20),0,period_0707,2.960000,-5.9592,0.2797,85.5469,85.1794,0.3675
PEMAFC-PCA-F (K=20/20),0,period_0707,3.000000,-6.6003,2.1485,90.5129,85.1794,5.3335
PEMAFC-PCA-F (K=20/20),0,period_0707,3.053333,-5.9906,3.2451,94.3988,85.1794,9.2194
PEMAFC-PCA-F (K=20/20),0,period_0707,3.106667,-5.8866,2.1797,86.4401,85.1794,1.2607
PEMAFC-PCA-F (K=20/20),0,period_0707,3.160000,-5.7810,1.1433,89.2837,85.1794,4.1043
PEMAFC-PCA-F (K=20/20),0,period_0707,3.200000,-6.0462,2.0863,94.9814,85.1794,9.8020
PEMAFC-PCA-F (K=20/20),0,period_0707,3.253333,-7.0862,1.9612,93.6747,85.1794,8.4953
PEMAFC-PCA-F (K=20/20),0,period_0707,3.306667,-6.0964,1.1430,89.7973,85.1794,4.6179
PEMAFC-PCA-F (K=20/20),0,period_0707,3.360000,-3.5095,1.5748,80.1188,85.1794,-5.0605
PEMAFC-PCA-F (K=20/20),0,period_0707,3.400000,-5.6183,2.0245,92.5723,85.1794,7.3929
PEMAFC-PCA-F (K=20/20),0,period_0707,3.453333,-7.1303,2.1188,92.7283,85.1794,7.5489
PEMAFC-PCA-F (K=20/20),0,period_0707,3.506667,-6.6711,1.8251,91.7066,85.1794,6.5272
PEMAFC-PCA-F (K=20/20),0,period_0707,3.560000,-6.2744,2.7301,93.8918,85.1794,8.7124
PEMAFC-PCA-F (K=20/20),0,period_0707,3.600000,-6.3809,2.4020,92.7257,85.1794,7.5464
PEMAFC-PCA-F (K=20/20),0,period_0707,3.653333,-6.8837,0.9249,88.4849,85.1794,3.3056
PEMAFC-PCA-F (K=20/20),0,period_0707,3.706667,-5.9100,1.6660,93.6306,85.1794,8.4513
PEMAFC-PCA-F (K=20/20),0,period_0707,3.760000,-5.8872,2.4856,91.8962,85.1794,6.7169
PEMAFC-PCA-F (K=20/20),0,period_0707,3.800000,-3.3839,5.0103,85.6541,85.1794,0.4747
PEMAFC-PCA-F (K=20/20),0,period_0707,3.853333,-6.9779,1.6595,95.5218,85.1794,10.3425
PEMAFC-PCA-F (K=20/20),0,period_0707,3.906667,-5.4777,1.2427,84.4062,85.1794,-0.7732
PEMAFC-PCA-F (K=20/20),0,period_0707,3.960000,-4.6845,1.5749,89.0291,85.1794,3.8498
PEMAFC-PCA-F (K=20/20),0,period_0707,4.000000,-6.7174,1.6064,93.0945,85.1794,7.9152
PEMAFC-PCA-F (K=20/20),0,period_0707,4.053333,-6.8044,1.2518,87.1499,85.1794,1.9706
PEMAFC-PCA-F (K=20/20),0,period_0707,4.106667,-5.4577,2.1797,84.8875,85.1794,-0.2919
PEMAFC-PCA-F (K=20/20),0,period_0707,4.160000,-5.6540,1.4679,86.6707,85.1794,1.4914
PEMAFC-PCA-F (K=20/20),0,period_0707,4.200000,-7.2924,1.3950,92.5734,85.1794,7.3940
PEMAFC-PCA-F (K=20/20),0,period_0707,4.253333,-4.0752,1.6994,80.8607,85.1794,-4.3186
PEMAFC-PCA-F (K=20/20),0,period_0707,4.306667,-3.6586,1.9089,84.1927,85.1794,-0.9866
PEMAFC-PCA-F (K=20/20),0,period_0707,4.360000,-6.1857,2.0679,94.0185,85.1794,8.8391
PEMAFC-PCA-F (K=20/20),0,period_0707,4.400000,-5.8601,1.8915,93.4730,85.1794,8.2936
PEMAFC-PCA-F (K=20/20),0,period_0707,4.453333,-6.0778,3.2646,91.4115,85.1794,6.2321
PEMAFC-PCA-F (K=20/20),0,period_0707,4.506667,-5.4376,2.5549,86.2008,85.1794,1.0214
PEMAFC-PCA-F (K=20/20),0,period_0707,4.560000,-6.0377,2.3518,93.4194,85.1794,8.2401
PEMAFC-PCA-F (K=20/20),0,period_0707,4.600000,-6.3980,1.9344,94.4386,85.1794,9.2592
PEMAFC-PCA-F (K=20/20),0,period_0707,4.653333,-6.1496,2.1016,94.7079,85.1794,9.5285
PEMAFC-PCA-F (K=20/20),0,period_0707,4.706667,-5.6351,1.4452,84.2267,85.1794,-0.9527
PEMAFC-PCA-F (K=20/20),0,period_0707,4.760000,-7.6399,3.0410,92.1609,85.1794,6.9815
PEMAFC-PCA-F (K=20/20),0,period_0707,4.800000,-5.5997,2.1827,84.8793,85.1794,-0.3000
PEMAFC-PCA-F (K=20/20),0,period_0707,4.853333,-6.9039,1.9389,90.2658,85.1794,5.0864
PEMAFC-PCA-F (K=20/20),0,period_0707,4.906667,-6.2395,2.2991,88.4457,85.1794,3.2663
PEMAFC-PCA-F (K=20/20),0,period_0707,4.960000,-5.7402,1.2176,86.4613,85.1794,1.2819
PEMAFC-PCA-F (K=20/20),0,period_0707,5.000000,-6.0833,1.7054,94.8726,85.1794,9.6932
PEMAFC-PCA-F (K=20/20),0,period_0707,5.053333,-6.3458,1.4824,94.9847,85.1794,9.8054
PEMAFC-PCA-F (K=20/20),0,period_0707,5.106667,-6.1342,2.0782,90.7151,85.1794,5.5357
PEMAFC-PCA-F (K=20/20),0,period_0707,5.160000,-4.6521,2.0525,89.7904,85.1794,4.6110
PEMAFC-PCA-F (K=20/20),0,period_0707,5.200000,-7.3789,1.2633,91.7899,85.1794,6.6106
PEMAFC-PCA-F (K=20/20),0,period_0707,5.253333,-5.7436,2.0424,86.7339,85.1794,1.5545
PEMAFC-PCA-F (K=20/20),0,period_0707,5.306667,-3.6321,2.7609,81.2256,85.1794,-3.9538
PEMAFC-PCA-F (K=20/20),0,period_0707,5.360000,-6.1979,1.9242,91.9047,85.1794,6.7254
PEMAFC-PCA-F (K=20/20),0,period_0707,5.400000,-4.2840,2.4426,84.8282,85.1794,-0.3511
PEMAFC-PCA-F (K=20/20),0,period_0707,5.453333,-5.7391,0.7930,86.4702,85.1794,1.2908
PEMAFC-PCA-F (K=20/20),0,period_0707,5.506667,-5.6695,1.3586,84.7911,85.1794,-0.3883
PEMAFC-PCA-F (K=20/20),0,period_0707,5.560000,-6.9581,2.3950,94.6956,85.1794,9.5163
PEMAFC-PCA-F (K=20/20),0,period_0707,5.600000,-4.3625,2.8925,84.1505,85.1794,-1.0289
PEMAFC-PCA-F (K=20/20),0,period_0707,5.653333,-5.4316,1.3365,85.9572,85.1794,0.7778
PEMAFC-PCA-F (K=20/20),0,period_0707,5.706667,-4.9898,2.9560,83.4454,85.1794,-1.7339
PEMAFC-PCA-F (K=20/20),0,period_0707,5.760000,-5.5536,1.7619,88.5273,85.1794,3.3479
PEMAFC-PCA-F (K=20/20),0,period_0707,5.800000,-5.7559,2.2175,86.5501,85.1794,1.3707
PEMAFC-PCA-F (K=20/20),0,period_0707,5.853333,-5.9873,1.7281,87.1845,85.1794,2.0051
PEMAFC-PCA-F (K=20/20),0,period_0707,5.906667,-6.4359,0.8825,85.9103,85.1794,0.7309
PEMAFC-PCA-F (K=20/20),0,period_0707,5.960000,-6.6741,1.5150,90.6757,85.1794,5.4963
PEMAFC-PCA-F (K=20/20),0,period_0707,6.000000,-6.9275,1.8205,95.7353,85.1794,10.5559
PEMAFC-PCA-F (K=20/20),0,period_0707,6.053333,-6.1276,2.9741,88.7983,85.1794,3.6189
PEMAFC-PCA-F (K=20/20),0,period_0707,6.106667,-6.1840,1.4651,88.2937,85.1794,3.1143
PEMAFC-PCA-F (K=20/20),0,period_0707,6.160000,-6.4210,1.0649,89.1863,85.1794,4.0070
PEMAFC-PCA-F (K=20/20),0,period_0707,6.200000,-5.4662,1.0656,83.3665,85.1794,-1.8129
PEMAFC-PCA-F (K=20/20),0,period_0707,6.253333,-5.8819,2.1761,94.2287,85.1794,9.0493
PEMAFC-PCA-F (K=20/20),0,period_0707,6.306667,-6.7864,1.2265,92.2913,85.1794,7.1120
PEMAFC-PCA-F (K=20/20),0,period_0707,6.360000,-6.5123,2.6307,89.7461,85.1794,4.5667
PEMAFC-PCA-F (K=20/20),0,period_0707,6.400000,-5.8424,2.0475,93.1613,85.1794,7.9819
PEMAFC-PCA-F (K=20/20),0,period_0707,6.453333,-7.2862,1.4042,93.3924,85.1794,8.2130
PEMAFC-PCA-F (K=20/20),0,period_0707,6.506667,-5.6940,1.8384,89.7294,85.1794,4.5500
PEMAFC-PCA-F (K=20/20),0,period_0707,6.560000,-6.8789,1.6654,89.7781,85.1794,4.5987
PEMAFC-PCA-F (K=20/20),0,period_0707,6.600000,-6.6481,2.3856,91.8319,85.1794,6.6525
PEMAFC-PCA-F (K=20/20),0,period_0707,6.653333,-5.4994,2.1364,84.0812,85.1794,-1.0982
PEMAFC-PCA-F (K=20/20),0,period_0707,6.706667,-6.0726,1.2689,90.0886,85.1794,4.9092
PEMAFC-PCA-F (K=20/20),0,period_0707,6.760000,-7.0278,1.3861,93.5710,85.1794,8.3916
PEMAFC-PCA-F (K=20/20),0,period_0707,6.800000,-6.7028,1.0706,90.7693,85.1794,5.5900
PEMAFC-PCA-F (K=20/20),0,period_0707,6.853333,-6.3082,1.4267,89.2961,85.1794,4.1168
PEMAFC-PCA-F (K=20/20),0,period_0707,6.906667,-5.2126,2.1105,94.5074,85.1794,9.3280
PEMAFC-PCA-F (K=20/20),0,period_0707,6.960000,-7.1678,1.6505,95.5534,85.1794,10.3741
PEMAFC-PCA-F (K=20/20),0,period_0707,7.000000,-6.3578,2.3141,91.7848,85.1794,6.6055
PEMAFC-PCA-F (K=20/20),0,period_0707,7.053333,-5.8275,1.4420,87.2534,85.1794,2.0740
PEMAFC-PCA-F (K=20/20),0,period_0707,7.106667,-6.2721,1.3467,91.4590,85.1794,6.2796
PEMAFC-PCA-F (K=20/20),0,period_0707,7.160000,-4.5339,1.5148,83.6234,85.1794,-1.5559
PEMAFC-PCA-F (K=20/20),0,period_0707,7.200000,-6.9400,1.5684,92.9176,85.1794,7.7382
PEMAFC-PCA-F (K=20/20),0,period_0707,7.253333,-6.4394,2.6229,91.5714,85.1794,6.3920
PEMAFC-PCA-F (K=20/20),0,period_0707,7.306667,-6.7671,1.4571,88.2165,85.1794,3.0371
PEMAFC-PCA-F (K=20/20),0,period_0707,7.360000,-6.7476,1.7998,92.7147,85.1794,7.5353
PEMAFC-PCA-F (K=20/20),0,period_0707,7.400000,-6.7926,2.6037,94.7133,85.1794,9.5340
PEMAFC-PCA-F (K=20/20),0,period_0707,7.453333,-7.5000,0.9949,94.9966,85.1794,9.8172
PEMAFC-PCA-F (K=20/20),0,period_0707,7.506667,-4.0876,2.2516,82.9255,85.1794,-2.2539
PEMAFC-PCA-F (K=20/20),0,period_0707,7.560000,-5.7969,1.9080,92.8169,85.1794,7.6375
PEMAFC-PCA-F (K=20/20),0,period_0707,7.600000,-4.9789,1.1231,86.6852,85.1794,1.5058
PEMAFC-PCA-F (K=20/20),0,period_0707,7.653333,-5.8645,1.7092,89.0165,85.1794,3.8371
PEMAFC-PCA-F (K=20/20),0,period_0707,7.706667,-5.1529,2.1241,88.0118,85.1794,2.8324
PEMAFC-PCA-F (K=20/20),0,period_0707,7.760000,-7.2879,1.3174,94.0133,85.1794,8.8339
PEMAFC-PCA-F (K=20/20),0,period_0707,7.800000,-7.2409,3.0007,90.5794,85.1794,5.4000
PEMAFC-PCA-F (K=20/20),0,period_0707,7.853333,-4.9964,1.2158,84.1534,85.1794,-1.0260
PEMAFC-PCA-F (K=20/20),0,period_0707,7.906667,-6.8622,1.0573,87.2790,85.1794,2.0996
PEMAFC-PCA-F (K=20/20),0,period_0707,7.960000,-5.0485,2.3727,89.6765,85.1794,4.4971
PEMAFC-PCA-F (K=20/20),0,period_0707,8.000000,-5.5292,4.1685,93.8775,85.1794,8.6981
PEMAFC-PCA-F (K=20/20),0,period_0707,8.053333,-5.6951,2.5281,94.0908,85.1794,8.9114
PEMAFC-PCA-F (K=20/20),0,period_0707,8.106667,-5.6229,2.1254,93.5712,85.1794,8.3918
PEMAFC-PCA-F (K=20/20),0,period_0707,8.160000,-6.1571,2.9324,93.8328,85.1794,8.6534
PEMAFC-PCA-F (K=20/20),0,period_0707,8.200000,-6.1161,2.4592,92.0430,85.1794,6.8636
PEMAFC-PCA-F (K=20/20),0,period_0707,8.253333,-4.7901,3.0173,86.2050,85.1794,1.0256
PEMAFC-PCA-F (K=20/20),0,period_0707,8.306667,-5.3282,2.1499,88.1243,85.1794,2.9450
PEMAFC-PCA-F (K=20/20),0,period_0707,8.360000,-3.7697,4.4180,93.5163,85.1794,8.3369
PEMAFC-PCA-F (K=20/20),0,period_0707,8.400000,-6.2161,0.5493,89.5057,85.1794,4.3263
PEMAFC-PCA-F (K=20/20),0,period_0707,8.453333,-6.2999,1.9513,92.2101,85.1794,7.0307
PEMAFC-PCA-F (K=20/20),0,period_0707,8.506667,-6.0168,1.0547,86.9129,85.1794,1.7335
PEMAFC-PCA-F (K=20/20),0,period_0707,8.560000,-7.3337,1.8259,96.1559,85.1794,10.9766
PEMAFC-PCA-F (K=20/20),0,period_0707,8.600000,-6.3754,2.1327,90.4823,85.1794,5.3029
PEMAFC-PCA-F (K=20/20),0,period_0707,8.653333,-6.9137,1.1247,92.6162,85.1794,7.4368
PEMAFC-PCA-F (K=20/20),0,period_0707,8.706667,-7.0679,1.7900,90.2205,85.1794,5.0411
PEMAFC-PCA-F (K=20/20),0,period_0707,8.760000,-6.2785,1.7417,90.3263,85.1794,5.1470
PEMAFC-PCA-F (K=20/20),0,period_0707,8.800000,-5.8569,2.2651,95.0580,85.1794,9.8787
PEMAFC-PCA-F (K=20/20),0,period_0707,8.853333,-5.8855,2.0258,85.3109,85.1794,0.1315
PEMAFC-PCA-F (K=20/20),0,period_0707,8.906667,-5.8168,1.8707,88.5417,85.1794,3.3623
PEMAFC-PCA-F (K=20/20),0,period_0707,8.960000,-5.9029,1.8624,88.2689,85.1794,3.0895
PEMAFC-PCA-F (K=20/20),0,period_0707,9.000000,-7.2815,1.6352,93.7524,85.1794,8.5730
PEMAFC-PCA-F (K=20/20),0,period_0707,9.053333,-5.5043,1.8796,90.7490,85.1794,5.5696
PEMAFC-PCA-F (K=20/20),0,period_0707,9.106667,-6.8116,2.3382,95.6461,85.1794,10.4667
PEMAFC-PCA-F (K=20/20),0,period_0707,9.160000,-6.3856,1.8835,89.3602,85.1794,4.1808
PEMAFC-PCA-F (K=20/20),0,period_0707,9.200000,-7.2416,2.0122,95.5577,85.1794,10.3784
PEMAFC-PCA-F (K=20/20),0,period_0707,9.253333,-6.8345,1.6535,95.4426,85.1794,10.2633
PEMAFC-PCA-F (K=20/20),0,period_0707,9.306667,-5.1635,2.3114,94.6495,85.1794,9.4701
PEMAFC-PCA-F (K=20/20),0,period_0707,9.360000,-5.6793,1.6622,86.3855,85.1794,1.2061
PEMAFC-PCA-F (K=20/20),0,period_0707,9.400000,-6.1590,3.0279,89.4738,85.1794,4.2945
PEMAFC-PCA-F (K=20/20),0,period_0707,9.453333,-5.0379,1.8478,83.2495,85.1794,-1.9299
PEMAFC-PCA-F (K=20/20),0,period_0707,9.506667,-5.6884,1.6379,86.3291,85.1794,1.1498
PEMAFC-PCA-F (K=20/20),0,period_0707,9.560000,-7.4128,1.3525,94.9617,85.1794,9.7824
PEMAFC-PCA-F (K=20/20),0,period_0707,9.600000,-6.5832,2.5212,93.8315,85.1794,8.6521
PEMAFC-PCA-F (K=20/20),0,period_0707,9.653333,-5.5339,1.7553,85.2145,85.1794,0.0351
PEMAFC-PCA-F (K=20/20),0,period_0707,9.706667,-5.5988,2.7984,92.7105,85.1794,7.5311
PEMAFC-PCA-F (K=20/20),0,period_0707,9.760000,-5.6849,2.3138,91.6707,85.1794,6.4913
PEMAFC-PCA-F (K=20/20),0,period_0707,9.800000,-6.0391,2.7125,87.5867,85.1794,2.4074
PEMAFC-PCA-F (K=20/20),0,period_0707,9.853333,-6.5244,1.4755,90.4890,85.1794,5.3097
PEMAFC-PCA-F (K=20/20),0,period_0707,9.906667,-6.4560,1.8955,91.6370,85.1794,6.4576
PEMAFC-PCA-F (K=20/20),0,period_0707,9.960000,-6.8811,1.3784,89.1774,85.1794,3.9980
PEMAFC-PCA-F (K=20/20),0,period_0707,10.000000,-7.1599,2.1439,90.9073,85.1794,5.7279
PEMAFC-PCA-F (K=20/20),1,period_0856,10.013333,-0.9726,1.6115,76.5270,75.6790,0.8480
PEMAFC-PCA-F (K=20/20),1,period_0856,10.053333,-5.5451,3.1688,80.2342,75.6790,4.5552
PEMAFC-PCA-F (K=20/20),1,period_0856,10.106667,-8.3056,4.8809,84.1185,75.6790,8.4395
PEMAFC-PCA-F (K=20/20),1,period_0856,10.160000,-8.9050,5.0335,85.2141,75.6790,9.5351
PEMAFC-PCA-F (K=20/20),1,period_0856,10.200000,-8.9527,6.8654,84.8153,75.6790,9.1362
PEMAFC-PCA-F (K=20/20),1,period_0856,10.253333,-8.9689,5.2522,85.8809,75.6790,10.2019
PEMAFC-PCA-F (K=20/20),1,period_0856,10.306667,-8.8059,5.4432,85.6572,75.6790,9.9782
PEMAFC-PCA-F (K=20/20),1,period_0856,10.360000,-8.6990,5.2083,85.9677,75.6790,10.2887
PEMAFC-PCA-F (K=20/20),1,period_0856,10.400000,-8.5517,5.2020,85.8556,75.6790,10.1766
PEMAFC-PCA-F (K=20/20),1,period_0856,10.453333,-8.5630,4.9725,84.5058,75.6790,8.8268
PEMAFC-PCA-F (K=20/20),1,period_0856,10.506667,-8.6836,4.4428,85.5585,75.6790,9.8794
PEMAFC-PCA-F (K=20/20),1,period_0856,10.560000,-8.2312,6.9212,82.6838,75.6790,7.0048
PEMAFC-PCA-F (K=20/20),1,period_0856,10.600000,-8.7597,4.9545,86.0611,75.6790,10.3821
PEMAFC-PCA-F (K=20/20),1,period_0856,10.653333,-8.7681,5.4557,85.7319,75.6790,10.0529
PEMAFC-PCA-F (K=20/20),1,period_0856,10.706667,-8.8851,6.0339,86.0110,75.6790,10.3320
PEMAFC-PCA-F (K=20/20),1,period_0856,10.760000,-8.8297,5.1454,85.7291,75.6790,10.0500
PEMAFC-PCA-F (K=20/20),1,period_0856,10.800000,-8.8444,4.2745,86.1964,75.6790,10.5173
PEMAFC-PCA-F (K=20/20),1,period_0856,10.853333,-8.7663,7.4525,86.7771,75.6790,11.0980
PEMAFC-PCA-F (K=20/20),1,period_0856,10.906667,-9.0263,4.4989,85.9269,75.6790,10.2479
PEMAFC-PCA-F (K=20/20),1,period_0856,10.960000,-9.0133,5.3043,86.0966,75.6790,10.4176
PEMAFC-PCA-F (K=20/20),1,period_0856,11.000000,-8.8728,6.5765,86.0104,75.6790,10.3313
PEMAFC-PCA-F (K=20/20),1,period_0856,11.053333,-8.6752,5.7627,86.8511,75.6790,11.1721
PEMAFC-PCA-F (K=20/20),1,period_0856,11.106667,-8.7233,5.3341,85.7983,75.6790,10.1193
PEMAFC-PCA-F (K=20/20),1,period_0856,11.160000,-8.7709,5.3851,85.4407,75.6790,9.7616
PEMAFC-PCA-F (K=20/20),1,period_0856,11.200000,-8.6779,6.1598,86.0143,75.6790,10.3353
PEMAFC-PCA-F (K=20/20),1,period_0856,11.253333,-8.8273,4.5606,86.0551,75.6790,10.3760
PEMAFC-PCA-F (K=20/20),1,period_0856,11.306667,-8.5727,7.7727,86.0265,75.6790,10.3475
PEMAFC-PCA-F (K=20/20),1,period_0856,11.360000,-8.7326,5.9185,85.5469,75.6790,9.8678
PEMAFC-PCA-F (K=20/20),1,period_0856,11.400000,-8.7091,4.5642,86.0416,75.6790,10.3626
PEMAFC-PCA-F (K=20/20),1,period_0856,11.453333,-8.5718,5.9720,85.8254,75.6790,10.1464
PEMAFC-PCA-F (K=20/20),1,period_0856,11.506667,-8.2882,5.0765,85.6105,75.6790,9.9315
PEMAFC-PCA-F (K=20/20),1,period_0856,11.560000,-8.7557,5.7926,86.1557,75.6790,10.4767
PEMAFC-PCA-F (K=20/20),1,period_0856,11.600000,-8.4569,7.3050,85.6774,75.6790,9.9984
PEMAFC-PCA-F (K=20/20),1,period_0856,11.653333,-8.5017,5.7359,86.0643,75.6790,10.3853
PEMAFC-PCA-F (K=20/20),1,period_0856,11.706667,-8.7265,5.5215,85.7341,75.6790,10.0550
PEMAFC-PCA-F (K=20/20),1,period_0856,11.760000,-8.7711,5.2209,86.3585,75.6790,10.6795
PEMAFC-PCA-F (K=20/20),1,period_0856,11.800000,-8.8050,5.5462,86.3059,75.6790,10.6269
PEMAFC-PCA-F (K=20/20),1,period_0856,11.853333,-8.0034,5.2714,85.3807,75.6790,9.7017
PEMAFC-PCA-F (K=20/20),1,period_0856,11.906667,-8.7305,4.8671,83.0025,75.6790,7.3235
PEMAFC-PCA-F (K=20/20),1,period_0856,11.960000,-8.5057,4.6941,82.2190,75.6790,6.5400
PEMAFC-PCA-F (K=20/20),1,period_0856,12.000000,-8.8652,5.1908,83.8987,75.6790,8.2197
PEMAFC-PCA-F (K=20/20),1,period_0856,12.053333,-8.6149,5.0832,83.6935,75.6790,8.0145
PEMAFC-PCA-F (K=20/20),1,period_0856,12.106667,-8.6434,5.4505,85.3238,75.6790,9.6447
PEMAFC-PCA-F (K=20/20),1,period_0856,12.160000,-8.9362,4.8683,86.0801,75.6790,10.4011
PEMAFC-PCA-F (K=20/20),1,period_0856,12.200000,-8.5410,5.2027,85.3291,75.6790,9.6501
PEMAFC-PCA-F (K=20/20),1,period_0856,12.253333,-8.7534,6.6262,86.3060,75.6790,10.6270
PEMAFC-PCA-F (K=20/20),1,period_0856,12.306667,-8.2685,5.7943,83.8796,75.6790,8.2006
PEMAFC-PCA-F (K=20/20),1,period_0856,12.360000,-8.7578,5.2845,85.7999,75.6790,10.1209
PEMAFC-PCA-F (K=20/20),1,period_0856,12.400000,-8.4447,4.2299,81.5395,75.6790,5.8605
PEMAFC-PCA-F (K=20/20),1,period_0856,12.453333,-7.9706,5.0200,80.6441,75.6790,4.9651
PEMAFC-PCA-F (K=20/20),1,period_0856,12.506667,-8.8140,5.7333,85.8575,75.6790,10.1785
PEMAFC-PCA-F (K=20/20),1,period_0856,12.560000,-8.8183,5.2810,85.9238,75.6790,10.2448
PEMAFC-PCA-F (K=20/20),1,period_0856,12.600000,-8.8875,5.4960,85.7908,75.6790,10.1118
PEMAFC-PCA-F (K=20/20),1,period_0856,12.653333,-8.6247,4.6105,86.5566,75.6790,10.8776
PEMAFC-PCA-F (K=20/20),1,period_0856,12.706667,-7.7927,5.2365,79.2994,75.6790,3.6204
PEMAFC-PCA-F (K=20/20),1,period_0856,12.760000,-8.8045,4.4269,83.9447,75.6790,8.2657
PEMAFC-PCA-F (K=20/20),1,period_0856,12.800000,-8.8475,5.8177,85.9656,75.6790,10.2866
PEMAFC-PCA-F (K=20/20),1,period_0856,12.853333,-8.4760,4.5139,85.8059,75.6790,10.1268
PEMAFC-PCA-F (K=20/20),1,period_0856,12.906667,-8.8108,4.5730,84.9947,75.6790,9.3157
PEMAFC-PCA-F (K=20/20),1,period_0856,12.960000,-8.6276,5.1236,85.5656,75.6790,9.8866
PEMAFC-PCA-F (K=20/20),1,period_0856,13.000000,-8.8575,4.3888,86.6831,75.6790,11.0041
PEMAFC-PCA-F (K=20/20),1,period_0856,13.053333,-8.7928,5.9936,86.7031,75.6790,11.0240
PEMAFC-PCA-F (K=20/20),1,period_0856,13.106667,-8.9676,5.7219,86.7176,75.6790,11.0386
PEMAFC-PCA-F (K=20/20),1,period_0856,13.160000,-8.7732,4.0384,85.2021,75.6790,9.5231
PEMAFC-PCA-F (K=20/20),1,period_0856,13.200000,-9.0935,5.0548,86.5755,75.6790,10.8965
PEMAFC-PCA-F (K=20/20),1,period_0856,13.253333,-8.6938,6.1929,82.2589,75.6790,6.5799
PEMAFC-PCA-F (K=20/20),1,period_0856,13.306667,-8.4249,5.3081,86.1671,75.6790,10.4881
PEMAFC-PCA-F (K=20/20),1,period_0856,13.360000,-8.4125,6.1646,85.2794,75.6790,9.6004
PEMAFC-PCA-F (K=20/20),1,period_0856,13.400000,-8.5529,3.8722,83.9616,75.6790,8.2825
PEMAFC-PCA-F (K=20/20),1,period_0856,13.453333,-8.4832,5.0562,85.6278,75.6790,9.9487
PEMAFC-PCA-F (K=20/20),1,period_0856,13.506667,-8.4162,4.6684,83.9999,75.6790,8.3209
PEMAFC-PCA-F (K=20/20),1,period_0856,13.560000,-8.7451,5.3434,85.4522,75.6790,9.7732
PEMAFC-PCA-F (K=20/20),1,period_0856,13.600000,-8.5917,3.5191,83.0367,75.6790,7.3576
PEMAFC-PCA-F (K=20/20),1,period_0856,13.653333,-8.3952,4.6894,82.4146,75.6790,6.7355
PEMAFC-PCA-F (K=20/20),1,period_0856,13.706667,-8.7819,5.0526,84.7865,75.6790,9.1075
PEMAFC-PCA-F (K=20/20),1,period_0856,13.760000,-8.5450,4.8389,82.2814,75.6790,6.6024
PEMAFC-PCA-F (K=20/20),1,period_0856,13.800000,-8.7630,4.8403,86.2181,75.6790,10.5391
PEMAFC-PCA-F (K=20/20),1,period_0856,13.853333,-8.0788,6.2123,84.9704,75.6790,9.2914
PEMAFC-PCA-F (K=20/20),1,period_0856,13.906667,-8.6085,4.6598,85.8917,75.6790,10.2126
PEMAFC-PCA-F (K=20/20),1,period_0856,13.960000,-8.6857,5.7455,85.1768,75.6790,9.4977
PEMAFC-PCA-F (K=20/20),1,period_0856,14.000000,-8.7864,5.9354,86.2592,75.6790,10.5802
PEMAFC-PCA-F (K=20/20),1,period_0856,14.053333,-8.3640,5.9963,85.7522,75.6790,10.0732
PEMAFC-PCA-F (K=20/20),1,period_0856,14.106667,-8.6812,5.7624,85.7665,75.6790,10.0874
PEMAFC-PCA-F (K=20/20),1,period_0856,14.160000,-8.5513,4.9348,86.2655,75.6790,10.5865
PEMAFC-PCA-F (K=20/20),1,period_0856,14.200000,-8.4161,4.9882,85.6205,75.6790,9.9414
PEMAFC-PCA-F (K=20/20),1,period_0856,14.253333,-8.2932,5.6540,85.6471,75.6790,9.9681
PEMAFC-PCA-F (K=20/20),1,period_0856,14.306667,-8.4405,5.0991,85.4096,75.6790,9.7306
PEMAFC-PCA-F (K=20/20),1,period_0856,14.360000,-8.7719,5.9168,86.3085,75.6790,10.6295
PEMAFC-PCA-F (K=20/20),1,period_0856,14.400000,-8.4840,5.5615,86.2746,75.6790,10.5956
PEMAFC-PCA-F (K=20/20),1,period_0856,14.453333,-8.7486,5.7292,86.3381,75.6790,10.6591
PEMAFC-PCA-F (K=20/20),1,period_0856,14.506667,-8.5196,5.0944,85.3415,75.6790,9.6625
PEMAFC-PCA-F (K=20/20),1,period_0856,14.560000,-8.4499,5.3261,84.6587,75.6790,8.9797
PEMAFC-PCA-F (K=20/20),1,period_0856,14.600000,-8.4507,6.3475,86.2915,75.6790,10.6125
PEMAFC-PCA-F (K=20/20),1,period_0856,14.653333,-8.7098,5.4371,85.8104,75.6790,10.1314
PEMAFC-PCA-F (K=20/20),1,period_0856,14.706667,-8.6148,7.1105,86.2058,75.6790,10.5267
PEMAFC-PCA-F (K=20/20),1,period_0856,14.760000,-8.6825,5.2846,85.8312,75.6790,10.1522
PEMAFC-PCA-F (K=20/20),1,period_0856,14.800000,-8.5297,5.0051,86.4179,75.6790,10.7388
PEMAFC-PCA-F (K=20/20),1,period_0856,14.853333,-8.4156,7.8026,86.0232,75.6790,10.3441
PEMAFC-PCA-F (K=20/20),1,period_0856,14.906667,-8.4009,3.8163,81.5542,75.6790,5.8751
PEMAFC-PCA-F (K=20/20),1,period_0856,14.960000,-8.6419,5.2287,86.6050,75.6790,10.9260
PEMAFC-PCA-F (K=20/20),1,period_0856,15.000000,-8.6978,5.4054,85.9992,75.6790,10.3201
PEMAFC-PCA-F (K=20/20),1,period_0856,15.053333,-8.5455,4.7503,85.2722,75.6790,9.5932
PEMAFC-PCA-F (K=20/20),1,period_0856,15.106667,-8.1898,5.6993,85.6780,75.6790,9.9989
PEMAFC-PCA-F (K=20/20),1,period_0856,15.160000,-8.4683,4.5249,84.8245,75.6790,9.1455
PEMAFC-PCA-F (K=20/20),1,period_0856,15.200000,-8.7927,6.9458,85.9434,75.6790,10.2644
PEMAFC-PCA-F (K=20/20),1,period_0856,15.253333,-8.7829,4.7605,84.0690,75.6790,8.3900
PEMAFC-PCA-F (K=20/20),1,period_0856,15.306667,-8.5751,5.6522,83.8644,75.6790,8.1854
PEMAFC-PCA-F (K=20/20),1,period_0856,15.360000,-8.3370,5.1551,83.2409,75.6790,7.5619
PEMAFC-PCA-F (K=20/20),1,period_0856,15.400000,-8.4776,4.6415,84.8996,75.6790,9.2206
PEMAFC-PCA-F (K=20/20),1,period_0856,15.453333,-8.8027,4.4144,85.0863,75.6790,9.4073
PEMAFC-PCA-F (K=20/20),1,period_0856,15.506667,-8.6272,5.0847,86.4410,75.6790,10.7620
PEMAFC-PCA-F (K=20/20),1,period_0856,15.560000,-8.7188,5.5267,85.3357,75.6790,9.6567
PEMAFC-PCA-F (K=20/20),1,period_0856,15.600000,-8.5582,5.7373,85.8642,75.6790,10.1851
PEMAFC-PCA-F (K=20/20),1,period_0856,15.653333,-8.7557,6.1730,86.3073,75.6790,10.6283
PEMAFC-PCA-F (K=20/20),1,period_0856,15.706667,-8.3439,6.3346,85.0698,75.6790,9.3908
PEMAFC-PCA-F (K=20/20),1,period_0856,15.760000,-8.5484,6.0200,86.4529,75.6790,10.7739
PEMAFC-PCA-F (K=20/20),1,period_0856,15.800000,-8.8164,4.6315,84.8176,75.6790,9.1386
PEMAFC-PCA-F (K=20/20),1,period_0856,15.853333,-8.5697,6.0032,85.4745,75.6790,9.7954
PEMAFC-PCA-F (K=20/20),1,period_0856,15.906667,-8.9224,6.2798,86.1569,75.6790,10.4779
PEMAFC-PCA-F (K=20/20),1,period_0856,15.960000,-8.4453,6.1447,83.5759,75.6790,7.8968
PEMAFC-PCA-F (K=20/20),1,period_0856,16.000000,-8.7892,4.8342,85.5984,75.6790,9.9194
PEMAFC-PCA-F (K=20/20),1,period_0856,16.053333,-8.4777,6.4544,85.8359,75.6790,10.1569
PEMAFC-PCA-F (K=20/20),1,period_0856,16.106667,-8.5004,4.8613,85.9756,75.6790,10.2966
PEMAFC-PCA-F (K=20/20),1,period_0856,16.160000,-8.8196,5.6811,86.0441,75.6790,10.3650
PEMAFC-PCA-F (K=20/20),1,period_0856,16.200000,-8.5096,6.0183,85.5794,75.6790,9.9003
PEMAFC-PCA-F (K=20/20),1,period_0856,16.253333,-8.2819,6.0301,85.5722,75.6790,9.8931
PEMAFC-PCA-F (K=20/20),1,period_0856,16.306667,-8.5789,5.8447,85.7950,75.6790,10.1159
PEMAFC-PCA-F (K=20/20),1,period_0856,16.360000,-8.5985,5.4656,85.7341,75.6790,10.0551
PEMAFC-PCA-F (K=20/20),1,period_0856,16.400000,-8.6738,5.1287,85.5709,75.6790,9.8919
PEMAFC-PCA-F (K=20/20),1,period_0856,16.453333,-8.5255,5.2177,85.9378,75.6790,10.2588
PEMAFC-PCA-F (K=20/20),1,period_0856,16.506667,-8.5195,4.4292,82.8853,75.6790,7.2063
PEMAFC-PCA-F (K=20/20),1,period_0856,16.560000,-8.8278,6.0164,86.3234,75.6790,10.6444
PEMAFC-PCA-F (K=20/20),1,period_0856,16.600000,-8.7432,5.5007,86.4161,75.6790,10.7370
PEMAFC-PCA-F (K=20/20),1,period_0856,16.653333,-8.4059,5.6183,84.8206,75.6790,9.1415
PEMAFC-PCA-F (K=20/20),1,period_0856,16.706667,-8.5034,4.4438,86.1084,75.6790,10.4293
PEMAFC-PCA-F (K=20/20),1,period_0856,16.760000,-8.3907,5.5203,86.2716,75.6790,10.5926
PEMAFC-PCA-F (K=20/20),1,period_0856,16.800000,-8.5900,4.3352,86.1110,75.6790,10.4320
PEMAFC-PCA-F (K=20/20),1,period_0856,16.853333,-8.6276,5.8223,86.1385,75.6790,10.4595
PEMAFC-PCA-F (K=20/20),1,period_0856,16.906667,-8.7658,6.1462,86.2874,75.6790,10.6084
PEMAFC-PCA-F (K=20/20),1,period_0856,16.960000,-8.7616,4.9852,86.2014,75.6790,10.5224
PEMAFC-PCA-F (K=20/20),1,period_0856,17.000000,-9.1085,5.8778,86.2442,75.6790,10.5652
PEMAFC-PCA-F (K=20/20),1,period_0856,17.053333,-8.8057,5.9520,86.1373,75.6790,10.4582
PEMAFC-PCA-F (K=20/20),1,period_0856,17.106667,-8.4038,5.9827,82.8303,75.6790,7.1513
PEMAFC-PCA-F (K=20/20),1,period_0856,17.160000,-8.9309,3.9863,85.8566,75.6790,10.1775
PEMAFC-PCA-F (K=20/20),1,period_0856,17.200000,-8.7522,5.4078,86.4549,75.6790,10.7759
PEMAFC-PCA-F (K=20/20),1,period_0856,17.253333,-8.7327,5.4421,86.0827,75.6790,10.4037
PEMAFC-PCA-F (K=20/20),1,period_0856,17.306667,-8.5986,6.5096,85.0116,75.6790,9.3325
PEMAFC-PCA-F (K=20/20),1,period_0856,17.360000,-8.6027,5.3185,86.2682,75.6790,10.5891
PEMAFC-PCA-F (K=20/20),1,period_0856,17.400000,-8.8332,5.2063,86.2465,75.6790,10.5675
PEMAFC-PCA-F (K=20/20),1,period_0856,17.453333,-8.9635,5.7027,86.1630,75.6790,10.4839
PEMAFC-PCA-F (K=20/20),1,period_0856,17.506667,-8.6899,4.6434,84.9992,75.6790,9.3202
PEMAFC-PCA-F (K=20/20),1,period_0856,17.560000,-8.2503,5.9211,84.8089,75.6790,9.1298
PEMAFC-PCA-F (K=20/20),1,period_0856,17.600000,-8.4247,5.2869,85.2072,75.6790,9.5281
PEMAFC-PCA-F (K=20/20),1,period_0856,17.653333,-8.7898,5.2561,85.9699,75.6790,10.2909
PEMAFC-PCA-F (K=20/20),1,period_0856,17.706667,-8.6412,6.1957,85.7942,75.6790,10.1152
PEMAFC-PCA-F (K=20/20),1,period_0856,17.760000,-8.7418,5.5941,86.0631,75.6790,10.3840
PEMAFC-PCA-F (K=20/20),1,period_0856,17.800000,-8.6834,4.8340,86.3394,75.6790,10.6603
PEMAFC-PCA-F (K=20/20),1,period_0856,17.853333,-8.8201,4.5295,85.7605,75.6790,10.0815
PEMAFC-PCA-F (K=20/20),1,period_0856,17.906667,-8.4462,5.0403,85.8266,75.6790,10.1476
PEMAFC-PCA-F (K=20/20),1,period_0856,17.960000,-8.5912,6.0715,86.2729,75.6790,10.5939
PEMAFC-PCA-F (K=20/20),1,period_0856,18.000000,-8.6956,4.2040,86.0911,75.6790,10.4121
PEMAFC-PCA-F (K=20/20),1,period_0856,18.053333,-8.6968,5.2658,86.6752,75.6790,10.9962
PEMAFC-PCA-F (K=20/20),1,period_0856,18.106667,-8.6972,5.2488,86.8667,75.6790,11.1877
PEMAFC-PCA-F (K=20/20),1,period_0856,18.160000,-8.4728,4.5679,85.9852,75.6790,10.3062
PEMAFC-PCA-F (K=20/20),1,period_0856,18.200000,-8.9413,4.5918,86.1492,75.6790,10.4701
PEMAFC-PCA-F (K=20/20),1,period_0856,18.253333,-8.8612,5.9642,85.9414,75.6790,10.2624
PEMAFC-PCA-F (K=20/20),1,period_0856,18.306667,-7.2781,6.5325,78.1054,75.6790,2.4264
PEMAFC-PCA-F (K=20/20),1,period_0856,18.360000,-8.7378,3.9550,86.3707,75.6790,10.6917
PEMAFC-PCA-F (K=20/20),1,period_0856,18.400000,-8.5979,5.1133,86.1934,75.6790,10.5144
PEMAFC-PCA-F (K=20/20),1,period_0856,18.453333,-8.7084,5.8125,85.8190,75.6790,10.1399
PEMAFC-PCA-F (K=20/20),1,period_0856,18.506667,-8.4625,5.1126,86.1036,75.6790,10.4245
PEMAFC-PCA-F (K=20/20),1,period_0856,18.560000,-8.3969,6.3414,86.0956,75.6790,10.4166
PEMAFC-PCA-F (K=20/20),1,period_0856,18.600000,-8.0310,7.8415,83.5345,75.6790,7.8555
PEMAFC-PCA-F (K=20/20),1,period_0856,18.653333,-8.6270,3.4358,84.0588,75.6790,8.3798
PEMAFC-PCA-F (K=20/20),1,period_0856,18.706667,-8.6502,5.4609,85.2806,75.6790,9.6016
PEMAFC-PCA-F (K=20/20),1,period_0856,18.760000,-8.6866,4.3114,85.4613,75.6790,9.7823
PEMAFC-PCA-F (K=20/20),1,period_0856,18.800000,-8.5513,6.5007,86.1155,75.6790,10.4365
PEMAFC-PCA-F (K=20/20),1,period_0856,18.853333,-8.2086,6.2829,84.0754,75.6790,8.3964
PEMAFC-PCA-F (K=20/20),1,period_0856,18.906667,-8.5294,4.7078,86.0125,75.6790,10.3334
PEMAFC-PCA-F (K=20/20),1,period_0856,18.960000,-7.9511,5.4387,82.3957,75.6790,6.7166
PEMAFC-PCA-F (K=20/20),1,period_0856,19.000000,-8.4718,5.9301,85.8028,75.6790,10.1238
PEMAFC-PCA-F (K=20/20),1,period_0856,19.053333,-8.5593,5.0284,86.1244,75.6790,10.4454
PEMAFC-PCA-F (K=20/20),1,period_0856,19.106667,-8.4435,5.9643,84.2147,75.6790,8.5356
PEMAFC-PCA-F (K=20/20),1,period_0856,19.160000,-8.5529,5.4371,86.1280,75.6790,10.4490
PEMAFC-PCA-F (K=20/20),1,period_0856,19.200000,-8.7963,5.9969,86.7767,75.6790,11.0977
PEMAFC-PCA-F (K=20/20),1,period_0856,19.253333,-8.2998,5.1433,84.3924,75.6790,8.7134
PEMAFC-PCA-F (K=20/20),1,period_0856,19.306667,-8.4563,4.5456,85.5071,75.6790,9.8280
PEMAFC-PCA-F (K=20/20),1,period_0856,19.360000,-8.2544,6.8178,86.2563,75.6790,10.5773
PEMAFC-PCA-F (K=20/20),1,period_0856,19.400000,-8.2535,5.3962,83.5185,75.6790,7.8394
PEMAFC-PCA-F (K=20/20),1,period_0856,19.453333,-8.8630,4.8460,85.6980,75.6790,10.0190
PEMAFC-PCA-F (K=20/20),1,period_0856,19.506667,-8.4315,4.5258,85.4307,75.6790,9.7516
PEMAFC-PCA-F (K=20/20),1,period_0856,19.560000,-8.5907,4.0638,86.2585,75.6790,10.5795
PEMAFC-PCA-F (K=20/20),1,period_0856,19.600000,-8.7433,5.5367,85.5846,75.6790,9.9056
PEMAFC-PCA-F (K=20/20),1,period_0856,19.653333,-8.6126,4.2714,83.7800,75.6790,8.1010
PEMAFC-PCA-F (K=20/20),1,period_0856,19.706667,-8.1605,6.1366,85.9102,75.6790,10.2312
PEMAFC-PCA-F (K=20/20),1,period_0856,19.760000,-8.6790,4.6561,86.2529,75.6790,10.5739
PEMAFC-PCA-F (K=20/20),1,period_0856,19.800000,-8.6328,6.4070,86.3684,75.6790,10.6894
PEMAFC-PCA-F (K=20/20),1,period_0856,19.853333,-8.8595,4.7437,86.5448,75.6790,10.8658
PEMAFC-PCA-F (K=20/20),1,period_0856,19.906667,-8.4452,6.2960,86.2062,75.6790,10.5272
PEMAFC-PCA-F (K=20/20),1,period_0856,19.960000,-8.7186,4.8996,86.9434,75.6790,11.2644
PEMAFC-PCA-F (K=20/20),1,period_0856,20.000000,-8.6496,7.2891,86.2302,75.6790,10.5512
PEMAFC-PCA-F (K=20/20),2,period_0916,20.013333,-4.3926,-6.1252,78.8568,76.8005,2.0563
PEMAFC-PCA-F (K=20/20),2,period_0916,20.053333,-8.3686,2.2764,85.9627,76.8005,9.1622
PEMAFC-PCA-F (K=20/20),2,period_0916,20.106667,-10.0384,2.8219,83.2038,76.8005,6.4033
PEMAFC-PCA-F (K=20/20),2,period_0916,20.160000,-11.4046,3.7981,85.5945,76.8005,8.7940
PEMAFC-PCA-F (K=20/20),2,period_0916,20.200000,-11.8043,3.3030,83.9294,76.8005,7.1289
PEMAFC-PCA-F (K=20/20),2,period_0916,20.253333,-12.9462,3.0460,85.8931,76.8005,9.0926
PEMAFC-PCA-F (K=20/20),2,period_0916,20.306667,-13.4710,2.1210,85.6831,76.8005,8.8826
PEMAFC-PCA-F (K=20/20),2,period_0916,20.360000,-13.6776,2.9503,89.7588,76.8005,12.9583
PEMAFC-PCA-F (K=20/20),2,period_0916,20.400000,-13.8951,2.7767,87.1660,76.8005,10.3655
PEMAFC-PCA-F (K=20/20),2,period_0916,20.453333,-12.5136,3.0140,84.3565,76.8005,7.5560
PEMAFC-PCA-F (K=20/20),2,period_0916,20.506667,-13.4051,2.6106,84.4549,76.8005,7.6544
PEMAFC-PCA-F (K=20/20),2,period_0916,20.560000,-13.4249,3.3641,85.2505,76.8005,8.4500
PEMAFC-PCA-F (K=20/20),2,period_0916,20.600000,-12.4102,3.8614,84.0501,76.8005,7.2496
PEMAFC-PCA-F (K=20/20),2,period_0916,20.653333,-9.7729,4.5868,85.7290,76.8005,8.9285
PEMAFC-PCA-F (K=20/20),2,period_0916,20.706667,-12.4706,2.2359,84.9401,76.8005,8.1396
PEMAFC-PCA-F (K=20/20),2,period_0916,20.760000,-13.3304,3.7201,85.6506,76.8005,8.8501
PEMAFC-PCA-F (K=20/20),2,period_0916,20.800000,-12.7485,2.7257,87.2327,76.8005,10.4322
PEMAFC-PCA-F (K=20/20),2,period_0916,20.853333,-12.8850,2.4072,87.4939,76.8005,10.6934
PEMAFC-PCA-F (K=20/20),2,period_0916,20.906667,-13.1059,2.6126,90.1334,76.8005,13.3329
PEMAFC-PCA-F (K=20/20),2,period_0916,20.960000,-12.0946,3.4387,81.4923,76.8005,4.6918
PEMAFC-PCA-F (K=20/20),2,period_0916,21.000000,-13.6562,3.5883,86.6906,76.8005,9.8901
PEMAFC-PCA-F (K=20/20),2,period_0916,21.053333,-12.9999,2.5269,84.2820,76.8005,7.4815
PEMAFC-PCA-F (K=20/20),2,period_0916,21.106667,-12.0465,3.1906,81.8410,76.8005,5.0405
PEMAFC-PCA-F (K=20/20),2,period_0916,21.160000,-12.7000,4.0949,85.9013,76.8005,9.1008
PEMAFC-PCA-F (K=20/20),2,period_0916,21.200000,-13.2676,3.5650,86.0054,76.8005,9.2049
PEMAFC-PCA-F (K=20/20),2,period_0916,21.253333,-13.2217,4.0488,85.4622,76.8005,8.6617
PEMAFC-PCA-F (K=20/20),2,period_0916,21.306667,-12.1884,3.6743,84.3332,76.8005,7.5327
PEMAFC-PCA-F (K=20/20),2,period_0916,21.360000,-12.9841,3.2999,87.5045,76.8005,10.7040
PEMAFC-PCA-F (K=20/20),2,period_0916,21.400000,-13.5204,3.9579,86.3608,76.8005,9.5603
PEMAFC-PCA-F (K=20/20),2,period_0916,21.453333,-12.5348,3.0097,86.1542,76.8005,9.3537
PEMAFC-PCA-F (K=20/20),2,period_0916,21.506667,-12.9897,2.3677,82.6182,76.8005,5.8177
PEMAFC-PCA-F (K=20/20),2,period_0916,21.560000,-12.2159,3.0730,83.2120,76.8005,6.4115
PEMAFC-PCA-F (K=20/20),2,period_0916,21.600000,-12.7033,3.1612,84.8520,76.8005,8.0515
PEMAFC-PCA-F (K=20/20),2,period_0916,21.653333,-13.5062,3.8199,86.0743,76.8005,9.2738
PEMAFC-PCA-F (K=20/20),2,period_0916,21.706667,-13.2799,3.3097,84.5962,76.8005,7.7957
PEMAFC-PCA-F (K=20/20),2,period_0916,21.760000,-13.2758,3.7122,85.9697,76.8005,9.1692
PEMAFC-PCA-F (K=20/20),2,period_0916,21.800000,-12.5803,2.2573,83.0910,76.8005,6.2905
PEMAFC-PCA-F (K=20/20),2,period_0916,21.853333,-13.9627,2.2746,87.8403,76.8005,11.0398
PEMAFC-PCA-F (K=20/20),2,period_0916,21.906667,-11.8080,3.2023,82.9342,76.8005,6.1337
PEMAFC-PCA-F (K=20/20),2,period_0916,21.960000,-13.5034,2.9340,85.3996,76.8005,8.5991
PEMAFC-PCA-F (K=20/20),2,period_0916,22.000000,-13.8963,2.3255,86.5723,76.8005,9.7718
PEMAFC-PCA-F (K=20/20),2,period_0916,22.053333,-13.3843,2.5501,88.5062,76.8005,11.7057
PEMAFC-PCA-F (K=20/20),2,period_0916,22.106667,-12.9069,4.4025,84.1277,76.8005,7.3272
PEMAFC-PCA-F (K=20/20),2,period_0916,22.160000,-13.7765,3.0015,84.4118,76.8005,7.6113
PEMAFC-PCA-F (K=20/20),2,period_0916,22.200000,-13.4425,3.4676,83.9793,76.8005,7.1788
PEMAFC-PCA-F (K=20/20),2,period_0916,22.253333,-14.0060,3.5390,87.2269,76.8005,10.4264
PEMAFC-PCA-F (K=20/20),2,period_0916,22.306667,-13.3145,2.8515,86.6592,76.8005,9.8587
PEMAFC-PCA-F (K=20/20),2,period_0916,22.360000,-14.0532,2.0728,88.4999,76.8005,11.6994
PEMAFC-PCA-F (K=20/20),2,period_0916,22.400000,-13.0152,4.0281,84.9003,76.8005,8.0998
PEMAFC-PCA-F (K=20/20),2,period_0916,22.453333,-12.8704,3.4524,85.3113,76.8005,8.5108
PEMAFC-PCA-F (K=20/20),2,period_0916,22.506667,-12.4027,3.9100,87.1973,76.8005,10.3968
PEMAFC-PCA-F (K=20/20),2,period_0916,22.560000,-11.7017,3.5979,82.1317,76.8005,5.3312
PEMAFC-PCA-F (K=20/20),2,period_0916,22.600000,-13.5165,2.3203,84.2183,76.8005,7.4178
PEMAFC-PCA-F (K=20/20),2,period_0916,22.653333,-13.9596,3.0122,86.7969,76.8005,9.9964
PEMAFC-PCA-F (K=20/20),2,period_0916,22.706667,-11.7330,3.2670,84.6082,76.8005,7.8077
PEMAFC-PCA-F (K=20/20),2,period_0916,22.760000,-13.7774,2.5626,86.1920,76.8005,9.3915
PEMAFC-PCA-F (K=20/20),2,period_0916,22.800000,-12.6111,3.6274,85.9830,76.8005,9.1825
PEMAFC-PCA-F (K=20/20),2,period_0916,22.853333,-13.0675,3.5265,90.0129,76.8005,13.2124
PEMAFC-PCA-F (K=20/20),2,period_0916,22.906667,-12.9377,3.3211,85.5157,76.8005,8.7152
PEMAFC-PCA-F (K=20/20),2,period_0916,22.960000,-13.6072,3.3028,88.0616,76.8005,11.2611
PEMAFC-PCA-F (K=20/20),2,period_0916,23.000000,-13.0921,4.0499,83.4857,76.8005,6.6852
PEMAFC-PCA-F (K=20/20),2,period_0916,23.053333,-12.6135,3.3481,83.3702,76.8005,6.5697
PEMAFC-PCA-F (K=20/20),2,period_0916,23.106667,-13.4085,2.5774,88.9958,76.8005,12.1953
PEMAFC-PCA-F (K=20/20),2,period_0916,23.160000,-13.2038,4.2602,85.9570,76.8005,9.1565
PEMAFC-PCA-F (K=20/20),2,period_0916,23.200000,-13.5804,2.3201,86.4232,76.8005,9.6227
PEMAFC-PCA-F (K=20/20),2,period_0916,23.253333,-14.0601,3.1339,88.6029,76.8005,11.8024
PEMAFC-PCA-F (K=20/20),2,period_0916,23.306667,-13.1610,4.2580,86.0988,76.8005,9.2983
PEMAFC-PCA-F (K=20/20),2,period_0916,23.360000,-13.4360,3.5639,86.3955,76.8005,9.5950
PEMAFC-PCA-F (K=20/20),2,period_0916,23.400000,-11.3025,4.6647,84.7494,76.8005,7.9489
PEMAFC-PCA-F (K=20/20),2,period_0916,23.453333,-13.0368,2.9530,87.3156,76.8005,10.5151
PEMAFC-PCA-F (K=20/20),2,period_0916,23.506667,-13.5400,3.2447,86.1879,76.8005,9.3874
PEMAFC-PCA-F (K=20/20),2,period_0916,23.560000,-12.8553,3.3860,85.1602,76.8005,8.3597
PEMAFC-PCA-F (K=20/20),2,period_0916,23.600000,-13.3953,3.9064,87.8408,76.8005,11.0403
PEMAFC-PCA-F (K=20/20),2,period_0916,23.653333,-14.0958,3.6200,86.1219,76.8005,9.3214
PEMAFC-PCA-F (K=20/20),2,period_0916,23.706667,-12.5650,4.3003,84.0055,76.8005,7.2051
PEMAFC-PCA-F (K=20/20),2,period_0916,23.760000,-12.7181,3.1974,84.7979,76.8005,7.9974
PEMAFC-PCA-F (K=20/20),2,period_0916,23.800000,-13.8398,2.1877,88.5739,76.8005,11.7734
PEMAFC-PCA-F (K=20/20),2,period_0916,23.853333,-13.7066,4.1603,89.2765,76.8005,12.4760
PEMAFC-PCA-F (K=20/20),2,period_0916,23.906667,-13.9472,3.0945,86.4363,76.8005,9.6358
PEMAFC-PCA-F (K=20/20),2,period_0916,23.960000,-13.7260,2.7037,90.5911,76.8005,13.7906
PEMAFC-PCA-F (K=20/20),2,period_0916,24.000000,-13.4275,2.2550,87.6617,76.8005,10.8612
PEMAFC-PCA-F (K=20/20),2,period_0916,24.053333,-13.3248,3.4384,88.3548,76.8005,11.5543
PEMAFC-PCA-F (K=20/20),2,period_0916,24.106667,-13.0999,3.1790,88.0275,76.8005,11.2270
PEMAFC-PCA-F (K=20/20),2,period_0916,24.160000,-12.6337,3.8464,83.6492,76.8005,6.8487
PEMAFC-PCA-F (K=20/20),2,period_0916,24.200000,-13.1631,3.4809,84.3930,76.8005,7.5925
PEMAFC-PCA-F (K=20/20),2,period_0916,24.253333,-12.0977,3.0073,82.3665,76.8005,5.5660
PEMAFC-PCA-F (K=20/20),2,period_0916,24.306667,-13.5668,2.5228,87.6213,76.8005,10.8208
PEMAFC-PCA-F (K=20/20),2,period_0916,24.360000,-13.1002,3.5467,85.2371,76.8005,8.4366
PEMAFC-PCA-F (K=20/20),2,period_0916,24.400000,-13.9579,2.7065,85.7546,76.8005,8.9541
PEMAFC-PCA-F (K=20/20),2,period_0916,24.453333,-14.0122,2.7189,85.7759,76.8005,8.9754
PEMAFC-PCA-F (K=20/20),2,period_0916,24.506667,-13.1043,3.1662,84.9044,76.8005,8.1039
PEMAFC-PCA-F (K=20/20),2,period_0916,24.560000,-13.1434,2.1061,84.7479,76.8005,7.9474
PEMAFC-PCA-F (K=20/20),2,period_0916,24.600000,-11.5636,2.9205,84.1785,76.8005,7.3780
PEMAFC-PCA-F (K=20/20),2,period_0916,24.653333,-13.2142,2.7640,87.6933,76.8005,10.8928
PEMAFC-PCA-F (K=20/20),2,period_0916,24.706667,-13.0938,3.1955,85.7610,76.8005,8.9605
PEMAFC-PCA-F (K=20/20),2,period_0916,24.760000,-13.4277,4.0165,86.9959,76.8005,10.1954
PEMAFC-PCA-F (K=20/20),2,period_0916,24.800000,-13.1623,2.9852,86.5575,76.8005,9.7570
PEMAFC-PCA-F (K=20/20),2,period_0916,24.853333,-13.4813,3.5326,85.0924,76.8005,8.2919
PEMAFC-PCA-F (K=20/20),2,period_0916,24.906667,-12.7861,2.3371,84.4530,76.8005,7.6525
PEMAFC-PCA-F (K=20/20),2,period_0916,24.960000,-13.3118,2.3659,87.8541,76.8005,11.0536
PEMAFC-PCA-F (K=20/20),2,period_0916,25.000000,-13.4541,3.8995,85.2841,76.8005,8.4836
PEMAFC-PCA-F (K=20/20),2,period_0916,25.053333,-13.1061,2.6845,89.3070,76.8005,12.5065
PEMAFC-PCA-F (K=20/20),2,period_0916,25.106667,-13.4859,3.1634,86.3760,76.8005,9.5755
PEMAFC-PCA-F (K=20/20),2,period_0916,25.160000,-13.9888,2.9263,87.1671,76.8005,10.3666
PEMAFC-PCA-F (K=20/20),2,period_0916,25.200000,-13.3506,2.7881,87.6415,76.8005,10.8411
PEMAFC-PCA-F (K=20/20),2,period_0916,25.253333,-13.4141,3.2169,85.0357,76.8005,8.2352
PEMAFC-PCA-F (K=20/20),2,period_0916,25.306667,-13.2704,3.4961,84.5615,76.8005,7.7610
PEMAFC-PCA-F (K=20/20),2,period_0916,25.360000,-12.5760,3.1368,83.1311,76.8005,6.3306
PEMAFC-PCA-F (K=20/20),2,period_0916,25.400000,-13.3550,3.3497,84.8306,76.8005,8.0301
PEMAFC-PCA-F (K=20/20),2,period_0916,25.453333,-12.3025,3.3299,87.6976,76.8005,10.8971
PEMAFC-PCA-F (K=20/20),2,period_0916,25.506667,-13.2710,2.3021,86.8698,76.8005,10.0693
PEMAFC-PCA-F (K=20/20),2,period_0916,25.560000,-13.4217,3.3658,86.9500,76.8005,10.1495
PEMAFC-PCA-F (K=20/20),2,period_0916,25.600000,-13.7927,2.2984,85.9178,76.8005,9.1173
PEMAFC-PCA-F (K=20/20),2,period_0916,25.653333,-12.3508,3.4307,85.2134,76.8005,8.4129
PEMAFC-PCA-F (K=20/20),2,period_0916,25.706667,-13.3419,2.6666,88.4652,76.8005,11.6647
PEMAFC-PCA-F (K=20/20),2,period_0916,25.760000,-12.5657,3.0145,84.3817,76.8005,7.5812
PEMAFC-PCA-F (K=20/20),2,period_0916,25.800000,-13.5270,3.4645,86.6843,76.8005,9.8838
PEMAFC-PCA-F (K=20/20),2,period_0916,25.853333,-13.0315,2.5575,83.3065,76.8005,6.5060
PEMAFC-PCA-F (K=20/20),2,period_0916,25.906667,-13.1531,3.7610,85.3792,76.8005,8.5787
PEMAFC-PCA-F (K=20/20),2,period_0916,25.960000,-13.2722,2.4447,83.4973,76.8005,6.6968
PEMAFC-PCA-F (K=20/20),2,period_0916,26.000000,-13.1809,3.1484,83.6988,76.8005,6.8984
PEMAFC-PCA-F (K=20/20),2,period_0916,26.053333,-12.7664,3.4917,85.1409,76.8005,8.3404
PEMAFC-PCA-F (K=20/20),2,period_0916,26.106667,-12.6932,2.6375,84.8505,76.8005,8.0500
PEMAFC-PCA-F (K=20/20),2,period_0916,26.160000,-13.5122,2.5501,84.5501,76.8005,7.7496
PEMAFC-PCA-F (K=20/20),2,period_0916,26.200000,-13.1734,3.2326,84.5375,76.8005,7.7370
PEMAFC-PCA-F (K=20/20),2,period_0916,26.253333,-12.5139,3.9725,84.4589,76.8005,7.6584
PEMAFC-PCA-F (K=20/20),2,period_0916,26.306667,-13.6517,3.1190,87.2186,76.8005,10.4181
PEMAFC-PCA-F (K=20/20),2,period_0916,26.360000,-13.8972,3.1755,87.3620,76.8005,10.5615
PEMAFC-PCA-F (K=20/20),2,period_0916,26.400000,-11.8634,4.7095,83.4934,76.8005,6.6929
PEMAFC-PCA-F (K=20/20),2,period_0916,26.453333,-13.4674,3.0515,85.4522,76.8005,8.6517
PEMAFC-PCA-F (K=20/20),2,period_0916,26.506667,-13.7639,2.7526,86.3851,76.8005,9.5846
PEMAFC-PCA-F (K=20/20),2,period_0916,26.560000,-13.5221,3.0395,89.1508,76.8005,12.3503
PEMAFC-PCA-F (K=20/20),2,period_0916,26.600000,-13.0774,4.3684,89.3392,76.8005,12.5387
PEMAFC-PCA-F (K=20/20),2,period_0916,26.653333,-13.7882,3.1918,87.4523,76.8005,10.6518
PEMAFC-PCA-F (K=20/20),2,period_0916,26.706667,-13.5089,3.3097,87.1004,76.8005,10.2999
PEMAFC-PCA-F (K=20/20),2,period_0916,26.760000,-13.5493,2.9167,88.8296,76.8005,12.0291
PEMAFC-PCA-F (K=20/20),2,period_0916,26.800000,-12.9510,3.2976,85.0949,76.8005,8.2944
PEMAFC-PCA-F (K=20/20),2,period_0916,26.853333,-13.2215,2.8176,85.3564,76.8005,8.5559
PEMAFC-PCA-F (K=20/20),2,period_0916,26.906667,-12.4594,3.4292,85.8743,76.8005,9.0738
PEMAFC-PCA-F (K=20/20),2,period_0916,26.960000,-11.9746,2.9452,87.9265,76.8005,11.1260
PEMAFC-PCA-F (K=20/20),2,period_0916,27.000000,-14.0546,3.4757,89.3861,76.8005,12.5856
PEMAFC-PCA-F (K=20/20),2,period_0916,27.053333,-11.8454,3.0231,83.2440,76.8005,6.4435
PEMAFC-PCA-F (K=20/20),2,period_0916,27.106667,-13.1129,3.7412,84.4391,76.8005,7.6386
PEMAFC-PCA-F (K=20/20),2,period_0916,27.160000,-12.4762,3.9492,84.4874,76.8005,7.6869
PEMAFC-PCA-F (K=20/20),2,period_0916,27.200000,-12.8680,2.1676,87.3362,76.8005,10.5357
PEMAFC-PCA-F (K=20/20),2,period_0916,27.253333,-13.9445,2.9077,86.8989,76.8005,10.0984
PEMAFC-PCA-F (K=20/20),2,period_0916,27.306667,-13.7047,2.5208,86.2961,76.8005,9.4956
PEMAFC-PCA-F (K=20/20),2,period_0916,27.360000,-14.1439,3.3386,89.6558,76.8005,12.8553
PEMAFC-PCA-F (K=20/20),2,period_0916,27.400000,-13.1167,4.6052,86.8644,76.8005,10.0639
PEMAFC-PCA-F (K=20/20),2,period_0916,27.453333,-12.7346,2.9081,91.6032,76.8005,14.8027
PEMAFC-PCA-F (K=20/20),2,period_0916,27.506667,-13.3253,3.1312,84.9658,76.8005,8.1653
PEMAFC-PCA-F (K=20/20),2,period_0916,27.560000,-13.3332,3.9792,84.4679,76.8005,7.6674
PEMAFC-PCA-F (K=20/20),2,period_0916,27.600000,-13.5355,3.1247,85.3375,76.8005,8.5370
PEMAFC-PCA-F (K=20/20),2,period_0916,27.653333,-13.6714,3.4431,88.1185,76.8005,11.3180
PEMAFC-PCA-F (K=20/20),2,period_0916,27.706667,-12.8426,3.3717,83.2541,76.8005,6.4536
PEMAFC-PCA-F (K=20/20),2,period_0916,27.760000,-13.3299,3.0472,85.0127,76.8005,8.2122
PEMAFC-PCA-F (K=20/20),2,period_0916,27.800000,-12.8754,2.9253,84.4765,76.8005,7.6760
PEMAFC-PCA-F (K=20/20),2,period_0916,27.853333,-13.2357,2.7388,83.2690,76.8005,6.4685
PEMAFC-PCA-F (K=20/20),2,period_0916,27.906667,-13.3560,2.9123,86.9161,76.8005,10.1156
PEMAFC-PCA-F (K=20/20),2,period_0916,27.960000,-13.0727,3.6160,85.1992,76.8005,8.3988
PEMAFC-PCA-F (K=20/20),2,period_0916,28.000000,-12.6120,3.7527,85.0322,76.8005,8.2317
PEMAFC-PCA-F (K=20/20),2,period_0916,28.053333,-13.4419,3.2718,84.6650,76.8005,7.8645
PEMAFC-PCA-F (K=20/20),2,period_0916,28.106667,-13.3841,3.1946,89.1461,76.8005,12.3456
PEMAFC-PCA-F (K=20/20),2,period_0916,28.160000,-13.7874,2.9166,87.3351,76.8005,10.5346
PEMAFC-PCA-F (K=20/20),2,period_0916,28.200000,-13.1525,3.2730,85.7344,76.8005,8.9339
PEMAFC-PCA-F (K=20/20),2,period_0916,28.253333,-12.3805,4.0933,83.9935,76.8005,7.1930
PEMAFC-PCA-F (K=20/20),2,period_0916,28.306667,-13.1220,2.8856,86.1140,76.8005,9.3135
PEMAFC-PCA-F (K=20/20),2,period_0916,28.360000,-13.3882,2.8750,90.4962,76.8005,13.6957
PEMAFC-PCA-F (K=20/20),2,period_0916,28.400000,-13.9664,2.9430,87.5066,76.8005,10.7061
PEMAFC-PCA-F (K=20/20),2,period_0916,28.453333,-13.1932,4.0009,88.5200,76.8005,11.7195
PEMAFC-PCA-F (K=20/20),2,period_0916,28.506667,-12.3269,3.9126,83.3604,76.8005,6.5599
PEMAFC-PCA-F (K=20/20),2,period_0916,28.560000,-13.1823,2.9603,87.8013,76.8005,11.0008
PEMAFC-PCA-F (K=20/20),2,period_0916,28.600000,-12.3915,3.8471,84.8247,76.8005,8.0242
PEMAFC-PCA-F (K=20/20),2,period_0916,28.653333,-11.6917,4.3499,85.1658,76.8005,8.3653
PEMAFC-PCA-F (K=20/20),2,period_0916,28.706667,-10.4823,3.5883,77.9937,76.8005,1.1932
PEMAFC-PCA-F (K=20/20),2,period_0916,28.760000,-14.0597,2.6003,88.0895,76.8005,11.2890
PEMAFC-PCA-F (K=20/20),2,period_0916,28.800000,-13.8396,1.9780,84.7934,76.8005,7.9929
PEMAFC-PCA-F (K=20/20),2,period_0916,28.853333,-13.7889,3.9800,88.5889,76.8005,11.7884
PEMAFC-PCA-F (K=20/20),2,period_0916,28.906667,-13.3242,2.3603,86.7862,76.8005,9.9857
PEMAFC-PCA-F (K=20/20),2,period_0916,28.960000,-12.3544,3.3713,81.9904,76.8005,5.1899
PEMAFC-PCA-F (K=20/20),2,period_0916,29.000000,-13.2915,4.4832,85.7415,76.8005,8.9410
PEMAFC-PCA-F (K=20/20),2,period_0916,29.053333,-13.3423,3.0973,87.2747,76.8005,10.4742
PEMAFC-PCA-F (K=20/20),2,period_0916,29.106667,-13.3544,2.9624,88.7271,76.8005,11.9266
PEMAFC-PCA-F (K=20/20),2,period_0916,29.160000,-13.6356,2.6309,82.7722,76.8005,5.9717
PEMAFC-PCA-F (K=20/20),2,period_0916,29.200000,-13.5933,3.4409,83.5925,76.8005,6.7920
PEMAFC-PCA-F (K=20/20),2,period_0916,29.253333,-13.7882,3.3694,82.8616,76.8005,6.0611
PEMAFC-PCA-F (K=20/20),2,period_0916,29.306667,-11.3375,3.2957,78.7858,76.8005,1.9853
PEMAFC-PCA-F (K=20/20),2,period_0916,29.360000,-12.5513,3.1319,85.3423,76.8005,8.5418
PEMAFC-PCA-F (K=20/20),2,period_0916,29.400000,-13.0644,2.8747,84.8905,76.8005,8.0900
PEMAFC-PCA-F (K=20/20),2,period_0916,29.453333,-13.0046,2.6906,85.7142,76.8005,8.9137
PEMAFC-PCA-F (K=20/20),2,period_0916,29.506667,-13.6053,3.0748,87.4572,76.8005,10.6567
PEMAFC-PCA-F (K=20/20),2,period_0916,29.560000,-12.6952,2.7692,85.0043,76.8005,8.2038
PEMAFC-PCA-F (K=20/20),2,period_0916,29.600000,-12.3641,3.4315,83.1343,76.8005,6.3338
PEMAFC-PCA-F (K=20/20),2,period_0916,29.653333,-12.7741,2.8607,83.8145,76.8005,7.0140
PEMAFC-PCA-F (K=20/20),2,period_0916,29.706667,-12.3444,3.9601,83.3888,76.8005,6.5883
PEMAFC-PCA-F (K=20/20),2,period_0916,29.760000,-13.5447,2.6087,86.5590,76.8005,9.7585
PEMAFC-PCA-F (K=20/20),2,period_0916,29.800000,-13.0833,3.3009,82.9532,76.8005,6.1527
PEMAFC-PCA-F (K=20/20),2,period_0916,29.853333,-13.8016,3.1325,90.2090,76.8005,13.4085
PEMAFC-PCA-F (K=20/20),2,period_0916,29.906667,-12.0102,3.5220,86.6509,76.8005,9.8504
PEMAFC-PCA-F (K=20/20),2,period_0916,29.960000,-13.6467,2.8692,88.1926,76.8005,11.3921
PEMAFC-PCA-F (K=20/20),2,period_0916,30.000000,-13.5708,3.1391,84.6564,76.8005,7.8559
PEMAFC-PCA-F (K=20/20),3,period_0943,30.013333,-3.9940,0.2916,70.6441,67.9790,2.6651
PEMAFC-PCA-F (K=20/20),3,period_0943,30.053333,-6.3031,5.0081,72.6843,67.9790,4.7052
PEMAFC-PCA-F (K=20/20),3,period_0943,30.106667,-8.7827,3.7587,75.0548,67.9790,7.0757
PEMAFC-PCA-F (K=20/20),3,period_0943,30.160000,-10.1709,3.8681,77.2035,67.9790,9.2245
PEMAFC-PCA-F (K=20/20),3,period_0943,30.200000,-10.5600,5.4183,78.0483,67.9790,10.0693
PEMAFC-PCA-F (K=20/20),3,period_0943,30.253333,-11.1037,3.3475,79.9005,67.9790,11.9214
PEMAFC-PCA-F (K=20/20),3,period_0943,30.306667,-11.2803,3.5074,80.7311,67.9790,12.7521
PEMAFC-PCA-F (K=20/20),3,period_0943,30.360000,-11.6314,4.8369,81.5571,67.9790,13.5781
PEMAFC-PCA-F (K=20/20),3,period_0943,30.400000,-11.4487,5.3662,80.7874,67.9790,12.8084
PEMAFC-PCA-F (K=20/20),3,period_0943,30.453333,-11.3470,4.8749,81.4403,67.9790,13.4612
PEMAFC-PCA-F (K=20/20),3,period_0943,30.506667,-11.2781,3.7163,80.9464,67.9790,12.9674
PEMAFC-PCA-F (K=20/20),3,period_0943,30.560000,-11.2173,5.2761,80.9842,67.9790,13.0051
PEMAFC-PCA-F (K=20/20),3,period_0943,30.600000,-11.2121,3.7070,81.3503,67.9790,13.3712
PEMAFC-PCA-F (K=20/20),3,period_0943,30.653333,-11.0453,4.1898,80.9742,67.9790,12.9951
PEMAFC-PCA-F (K=20/20),3,period_0943,30.706667,-11.0052,2.4089,81.3901,67.9790,13.4111
PEMAFC-PCA-F (K=20/20),3,period_0943,30.760000,-10.9641,4.0751,81.1103,67.9790,13.1312
PEMAFC-PCA-F (K=20/20),3,period_0943,30.800000,-11.0790,3.5135,81.7994,67.9790,13.8203
PEMAFC-PCA-F (K=20/20),3,period_0943,30.853333,-11.0504,3.6130,81.2483,67.9790,13.2692
PEMAFC-PCA-F (K=20/20),3,period_0943,30.906667,-11.1142,3.9476,81.4809,67.9790,13.5018
PEMAFC-PCA-F (K=20/20),3,period_0943,30.960000,-11.2663,3.5463,81.2254,67.9790,13.2464
PEMAFC-PCA-F (K=20/20),3,period_0943,31.000000,-11.3247,6.5670,81.8488,67.9790,13.8698
PEMAFC-PCA-F (K=20/20),3,period_0943,31.053333,-11.2952,3.7665,81.5423,67.9790,13.5632
PEMAFC-PCA-F (K=20/20),3,period_0943,31.106667,-11.0551,3.3715,80.3857,67.9790,12.4067
PEMAFC-PCA-F (K=20/20),3,period_0943,31.160000,-11.1630,3.7500,80.4246,67.9790,12.4456
PEMAFC-PCA-F (K=20/20),3,period_0943,31.200000,-11.1455,5.0569,80.5027,67.9790,12.5237
PEMAFC-PCA-F (K=20/20),3,period_0943,31.253333,-10.9608,3.9688,80.8081,67.9790,12.8290
PEMAFC-PCA-F (K=20/20),3,period_0943,31.306667,-11.2873,4.3660,81.3245,67.9790,13.3454
PEMAFC-PCA-F (K=20/20),3,period_0943,31.360000,-11.2187,3.4680,81.6659,67.9790,13.6869
PEMAFC-PCA-F (K=20/20),3,period_0943,31.400000,-11.3479,5.3679,81.7150,67.9790,13.7359
PEMAFC-PCA-F (K=20/20),3,period_0943,31.453333,-11.2436,3.5202,81.3235,67.9790,13.3445
PEMAFC-PCA-F (K=20/20),3,period_0943,31.506667,-11.1086,3.9971,81.0915,67.9790,13.1125
PEMAFC-PCA-F (K=20/20),3,period_0943,31.560000,-11.1056,4.3077,80.4685,67.9790,12.4894
PEMAFC-PCA-F (K=20/20),3,period_0943,31.600000,-11.1266,4.2926,80.2910,67.9790,12.3120
PEMAFC-PCA-F (K=20/20),3,period_0943,31.653333,-10.8697,3.8889,79.2869,67.9790,11.3078
PEMAFC-PCA-F (K=20/20),3,period_0943,31.706667,-10.9458,4.4063,80.2640,67.9790,12.2850
PEMAFC-PCA-F (K=20/20),3,period_0943,31.760000,-10.9173,3.9735,80.1037,67.9790,12.1246
PEMAFC-PCA-F (K=20/20),3,period_0943,31.800000,-11.0545,4.3759,80.9263,67.9790,12.9472
PEMAFC-PCA-F (K=20/20),3,period_0943,31.853333,-11.2715,4.8818,81.4495,67.9790,13.4705
PEMAFC-PCA-F (K=20/20),3,period_0943,31.906667,-11.0184,3.6824,80.8247,67.9790,12.8457
PEMAFC-PCA-F (K=20/20),3,period_0943,31.960000,-11.2837,3.7698,81.4507,67.9790,13.4717
PEMAFC-PCA-F (K=20/20),3,period_0943,32.000000,-10.9081,3.9852,80.6013,67.9790,12.6222
PEMAFC-PCA-F (K=20/20),3,period_0943,32.053333,-11.1634,4.8596,81.6758,67.9790,13.6968
PEMAFC-PCA-F (K=20/20),3,period_0943,32.106667,-11.3661,2.9740,81.5812,67.9790,13.6022
PEMAFC-PCA-F (K=20/20),3,period_0943,32.160000,-11.4612,3.9138,81.9438,67.9790,13.9647
PEMAFC-PCA-F (K=20/20),3,period_0943,32.200000,-11.4436,4.2131,81.7265,67.9790,13.7474
PEMAFC-PCA-F (K=20/20),3,period_0943,32.253333,-11.3218,4.3431,81.5882,67.9790,13.6092
PEMAFC-PCA-F (K=20/20),3,period_0943,32.306667,-11.2129,4.4542,81.6959,67.9790,13.7169
PEMAFC-PCA-F (K=20/20),3,period_0943,32.360000,-11.1635,3.5215,81.7021,67.9790,13.7231
PEMAFC-PCA-F (K=20/20),3,period_0943,32.400000,-11.2153,5.1248,80.9956,67.9790,13.0165
PEMAFC-PCA-F (K=20/20),3,period_0943,32.453333,-11.3334,4.0238,81.2061,67.9790,13.2271
PEMAFC-PCA-F (K=20/20),3,period_0943,32.506667,-11.0735,3.9127,80.7170,67.9790,12.7379
PEMAFC-PCA-F (K=20/20),3,period_0943,32.560000,-10.9776,3.5014,80.3716,67.9790,12.3926
PEMAFC-PCA-F (K=20/20),3,period_0943,32.600000,-10.9587,5.4323,80.6628,67.9790,12.6838
PEMAFC-PCA-F (K=20/20),3,period_0943,32.653333,-10.9572,3.7259,80.9361,67.9790,12.9571
PEMAFC-PCA-F (K=20/20),3,period_0943,32.706667,-10.8194,4.4114,79.9360,67.9790,11.9569
PEMAFC-PCA-F (K=20/20),3,period_0943,32.760000,-10.9624,3.4584,80.7864,67.9790,12.8073
PEMAFC-PCA-F (K=20/20),3,period_0943,32.800000,-10.9569,3.5245,80.2925,67.9790,12.3135
PEMAFC-PCA-F (K=20/20),3,period_0943,32.853333,-10.7584,3.5057,79.7522,67.9790,11.7731
PEMAFC-PCA-F (K=20/20),3,period_0943,32.906667,-11.0087,4.4021,80.5586,67.9790,12.5795
PEMAFC-PCA-F (K=20/20),3,period_0943,32.960000,-10.9193,5.2163,80.3791,67.9790,12.4001
PEMAFC-PCA-F (K=20/20),3,period_0943,33.000000,-11.1360,3.2292,80.7631,67.9790,12.7841
PEMAFC-PCA-F (K=20/20),3,period_0943,33.053333,-10.7735,4.2823,80.0883,67.9790,12.1092
PEMAFC-PCA-F (K=20/20),3,period_0943,33.106667,-10.9886,4.2847,81.1057,67.9790,13.1267
PEMAFC-PCA-F (K=20/20),3,period_0943,33.160000,-10.8502,3.4402,80.5593,67.9790,12.5802
PEMAFC-PCA-F (K=20/20),3,period_0943,33.200000,-10.6752,2.7134,80.4692,67.9790,12.4902
PEMAFC-PCA-F (K=20/20),3,period_0943,33.253333,-11.0221,4.1995,81.1743,67.9790,13.1953
PEMAFC-PCA-F (K=20/20),3,period_0943,33.306667,-11.1014,4.3817,81.0326,67.9790,13.0535
PEMAFC-PCA-F (K=20/20),3,period_0943,33.360000,-11.2636,3.9956,81.7427,67.9790,13.7637
PEMAFC-PCA-F (K=20/20),3,period_0943,33.400000,-11.1925,4.0493,81.0620,67.9790,13.0829
PEMAFC-PCA-F (K=20/20),3,period_0943,33.453333,-11.0532,3.8304,80.8098,67.9790,12.8308
PEMAFC-PCA-F (K=20/20),3,period_0943,33.506667,-11.0733,5.1869,81.3349,67.9790,13.3558
PEMAFC-PCA-F (K=20/20),3,period_0943,33.560000,-10.9924,4.2262,80.5776,67.9790,12.5986
PEMAFC-PCA-F (K=20/20),3,period_0943,33.600000,-10.8419,3.6311,80.3992,67.9790,12.4202
PEMAFC-PCA-F (K=20/20),3,period_0943,33.653333,-11.1562,4.4297,80.8625,67.9790,12.8834
PEMAFC-PCA-F (K=20/20),3,period_0943,33.706667,-11.3890,4.1419,81.0699,67.9790,13.0908
PEMAFC-PCA-F (K=20/20),3,period_0943,33.760000,-11.3099,4.0141,80.9646,67.9790,12.9856
PEMAFC-PCA-F (K=20/20),3,period_0943,33.800000,-11.0715,3.5001,80.3127,67.9790,12.3336
PEMAFC-PCA-F (K=20/20),3,period_0943,33.853333,-11.1578,3.9231,80.8613,67.9790,12.8823
PEMAFC-PCA-F (K=20/20),3,period_0943,33.906667,-11.1518,3.0305,81.0955,67.9790,13.1165
PEMAFC-PCA-F (K=20/20),3,period_0943,33.960000,-11.2614,3.7465,81.1235,67.9790,13.1444
PEMAFC-PCA-F (K=20/20),3,period_0943,34.000000,-11.4082,4.0301,81.6194,67.9790,13.6403
PEMAFC-PCA-F (K=20/20),3,period_0943,34.053333,-11.5378,5.2772,81.9902,67.9790,14.0112
PEMAFC-PCA-F (K=20/20),3,period_0943,34.106667,-11.3375,2.9257,81.3807,67.9790,13.4017
PEMAFC-PCA-F (K=20/20),3,period_0943,34.160000,-11.3233,4.2656,81.4382,67.9790,13.4592
PEMAFC-PCA-F (K=20/20),3,period_0943,34.200000,-11.2835,3.4993,81.0127,67.9790,13.0337
PEMAFC-PCA-F (K=20/20),3,period_0943,34.253333,-11.2638,4.7141,80.7128,67.9790,12.7337
PEMAFC-PCA-F (K=20/20),3,period_0943,34.306667,-10.8584,3.5123,80.2811,67.9790,12.3021
PEMAFC-PCA-F (K=20/20),3,period_0943,34.360000,-11.1263,4.6748,80.9644,67.9790,12.9854
PEMAFC-PCA-F (K=20/20),3,period_0943,34.400000,-11.3149,3.8312,81.1857,67.9790,13.2067
PEMAFC-PCA-F (K=20/20),3,period_0943,34.453333,-11.0868,4.1089,80.7709,67.9790,12.7918
PEMAFC-PCA-F (K=20/20),3,period_0943,34.506667,-11.1720,3.7655,80.7542,67.9790,12.7752
PEMAFC-PCA-F (K=20/20),3,period_0943,34.560000,-11.2286,4.4596,81.2454,67.9790,13.2663
PEMAFC-PCA-F (K=20/20),3,period_0943,34.600000,-11.2998,3.2203,81.6009,67.9790,13.6218
PEMAFC-PCA-F (K=20/20),3,period_0943,34.653333,-11.3780,4.2577,81.1181,67.9790,13.1391
PEMAFC-PCA-F (K=20/20),3,period_0943,34.706667,-11.3505,4.4452,82.1700,67.9790,14.1910
PEMAFC-PCA-F (K=20/20),3,period_0943,34.760000,-11.0926,3.1238,81.5379,67.9790,13.5589
PEMAFC-PCA-F (K=20/20),3,period_0943,34.800000,-11.1446,3.7494,82.0963,67.9790,14.1172
PEMAFC-PCA-F (K=20/20),3,period_0943,34.853333,-11.1712,5.1289,81.7447,67.9790,13.7657
PEMAFC-PCA-F (K=20/20),3,period_0943,34.906667,-11.2574,4.2177,81.4382,67.9790,13.4591
PEMAFC-PCA-F (K=20/20),3,period_0943,34.960000,-11.3674,3.5886,81.5762,67.9790,13.5971
PEMAFC-PCA-F (K=20/20),3,period_0943,35.000000,-11.1930,4.2650,81.3285,67.9790,13.3494
PEMAFC-PCA-F (K=20/20),3,period_0943,35.053333,-11.0232,3.9474,80.3871,67.9790,12.4080
PEMAFC-PCA-F (K=20/20),3,period_0943,35.106667,-11.2571,4.3500,81.3315,67.9790,13.3525
PEMAFC-PCA-F (K=20/20),3,period_0943,35.160000,-11.2306,4.4601,81.4623,67.9790,13.4832
PEMAFC-PCA-F (K=20/20),3,period_0943,35.200000,-11.0543,4.3041,81.1354,67.9790,13.1564
PEMAFC-PCA-F (K=20/20),3,period_0943,35.253333,-11.0540,3.5151,80.7966,67.9790,12.8175
PEMAFC-PCA-F (K=20/20),3,period_0943,35.306667,-10.8940,4.2344,80.4079,67.9790,12.4289
PEMAFC-PCA-F (K=20/20),3,period_0943,35.360000,-11.1094,4.1652,80.7963,67.9790,12.8172
PEMAFC-PCA-F (K=20/20),3,period_0943,35.400000,-10.7251,2.7932,80.0919,67.9790,12.1128
PEMAFC-PCA-F (K=20/20),3,period_0943,35.453333,-11.2219,3.7523,81.3318,67.9790,13.3527
PEMAFC-PCA-F (K=20/20),3,period_0943,35.506667,-11.4233,4.4280,82.2094,67.9790,14.2303
PEMAFC-PCA-F (K=20/20),3,period_0943,35.560000,-11.1507,3.4344,81.7468,67.9790,13.7678
PEMAFC-PCA-F (K=20/20),3,period_0943,35.600000,-11.1074,4.6376,80.8864,67.9790,12.9074
PEMAFC-PCA-F (K=20/20),3,period_0943,35.653333,-10.6248,4.3129,79.9899,67.9790,12.0109
PEMAFC-PCA-F (K=20/20),3,period_0943,35.706667,-11.0182,3.2997,80.5990,67.9790,12.6200
PEMAFC-PCA-F (K=20/20),3,period_0943,35.760000,-10.8850,4.0941,80.4491,67.9790,12.4700
PEMAFC-PCA-F (K=20/20),3,period_0943,35.800000,-11.2933,4.2666,81.3655,67.9790,13.3864
PEMAFC-PCA-F (K=20/20),3,period_0943,35.853333,-11.4417,3.6396,82.0286,67.9790,14.0496
PEMAFC-PCA-F (K=20/20),3,period_0943,35.906667,-11.1913,4.3653,81.5276,67.9790,13.5485
PEMAFC-PCA-F (K=20/20),3,period_0943,35.960000,-11.4619,5.1004,81.8078,67.9790,13.8288
PEMAFC-PCA-F (K=20/20),3,period_0943,36.000000,-11.4630,5.3615,82.1597,67.9790,14.1806
PEMAFC-PCA-F (K=20/20),3,period_0943,36.053333,-11.3819,3.9698,81.7229,67.9790,13.7438
PEMAFC-PCA-F (K=20/20),3,period_0943,36.106667,-11.2853,4.4903,81.1484,67.9790,13.1694
PEMAFC-PCA-F (K=20/20),3,period_0943,36.160000,-11.2768,4.2384,80.9770,67.9790,12.9980
PEMAFC-PCA-F (K=20/20),3,period_0943,36.200000,-11.1858,3.8019,81.1702,67.9790,13.1911
PEMAFC-PCA-F (K=20/20),3,period_0943,36.253333,-10.8533,3.9461,80.2492,67.9790,12.2701
PEMAFC-PCA-F (K=20/20),3,period_0943,36.306667,-10.9684,3.5227,81.1063,67.9790,13.1272
PEMAFC-PCA-F (K=20/20),3,period_0943,36.360000,-10.9898,2.3732,80.7940,67.9790,12.8150
PEMAFC-PCA-F (K=20/20),3,period_0943,36.400000,-10.9554,3.4699,80.7385,67.9790,12.7595
PEMAFC-PCA-F (K=20/20),3,period_0943,36.453333,-11.0579,3.9163,81.2668,67.9790,13.2878
PEMAFC-PCA-F (K=20/20),3,period_0943,36.506667,-11.0814,3.9717,81.0385,67.9790,13.0595
PEMAFC-PCA-F (K=20/20),3,period_0943,36.560000,-10.8968,4.0549,80.8095,67.9790,12.8305
PEMAFC-PCA-F (K=20/20),3,period_0943,36.600000,-11.0250,4.0668,80.9020,67.9790,12.9229
PEMAFC-PCA-F (K=20/20),3,period_0943,36.653333,-11.0050,4.0371,81.2711,67.9790,13.2921
PEMAFC-PCA-F (K=20/20),3,period_0943,36.706667,-11.0233,4.4236,81.3996,67.9790,13.4206
PEMAFC-PCA-F (K=20/20),3,period_0943,36.760000,-11.1495,3.5017,80.9007,67.9790,12.9217
PEMAFC-PCA-F (K=20/20),3,period_0943,36.800000,-11.2525,4.5134,81.7145,67.9790,13.7354
PEMAFC-PCA-F (K=20/20),3,period_0943,36.853333,-11.3248,4.1317,82.2923,67.9790,14.3133
PEMAFC-PCA-F (K=20/20),3,period_0943,36.906667,-11.4044,4.2022,81.5569,67.9790,13.5778
PEMAFC-PCA-F (K=20/20),3,period_0943,36.960000,-11.3052,3.7962,81.9353,67.9790,13.9562
PEMAFC-PCA-F (K=20/20),3,period_0943,37.000000,-11.2497,4.1961,80.9801,67.9790,13.0010
PEMAFC-PCA-F (K=20/20),3,period_0943,37.053333,-11.3125,3.7828,81.3934,67.9790,13.4143
PEMAFC-PCA-F (K=20/20),3,period_0943,37.106667,-11.2400,4.4816,81.7191,67.9790,13.7401
PEMAFC-PCA-F (K=20/20),3,period_0943,37.160000,-11.0563,4.1153,81.2630,67.9790,13.2839
PEMAFC-PCA-F (K=20/20),3,period_0943,37.200000,-11.0518,3.9414,81.4129,67.9790,13.4339
PEMAFC-PCA-F (K=20/20),3,period_0943,37.253333,-11.2332,3.3867,81.8605,67.9790,13.8814
PEMAFC-PCA-F (K=20/20),3,period_0943,37.306667,-11.0174,4.3558,81.1302,67.9790,13.1512
PEMAFC-PCA-F (K=20/20),3,period_0943,37.360000,-11.0650,4.1986,81.0115,67.9790,13.0324
PEMAFC-PCA-F (K=20/20),3,period_0943,37.400000,-10.8590,3.9035,80.4095,67.9790,12.4305
PEMAFC-PCA-F (K=20/20),3,period_0943,37.453333,-10.8403,4.3597,80.9041,67.9790,12.9251
PEMAFC-PCA-F (K=20/20),3,period_0943,37.506667,-11.0305,3.2772,81.2139,67.9790,13.2348
PEMAFC-PCA-F (K=20/20),3,period_0943,37.560000,-10.9426,3.7056,81.0759,67.9790,13.0969
PEMAFC-PCA-F (K=20/20),3,period_0943,37.600000,-11.1490,4.1339,81.4070,67.9790,13.4279
PEMAFC-PCA-F (K=20/20),3,period_0943,37.653333,-11.1042,4.2444,81.5962,67.9790,13.6172
PEMAFC-PCA-F (K=20/20),3,period_0943,37.706667,-11.3408,3.7367,81.3708,67.9790,13.3918
PEMAFC-PCA-F (K=20/20),3,period_0943,37.760000,-10.9200,3.2868,80.8185,67.9790,12.8394
PEMAFC-PCA-F (K=20/20),3,period_0943,37.800000,-11.1909,2.8634,80.8023,67.9790,12.8232
PEMAFC-PCA-F (K=20/20),3,period_0943,37.853333,-11.0004,3.6825,80.2200,67.9790,12.2409
PEMAFC-PCA-F (K=20/20),3,period_0943,37.906667,-10.8962,4.3932,80.4978,67.9790,12.5187
PEMAFC-PCA-F (K=20/20),3,period_0943,37.960000,-11.3511,4.2748,81.5577,67.9790,13.5787
PEMAFC-PCA-F (K=20/20),3,period_0943,38.000000,-11.0895,2.4701,81.3942,67.9790,13.4152
PEMAFC-PCA-F (K=20/20),3,period_0943,38.053333,-11.1597,4.1145,81.5922,67.9790,13.6131
PEMAFC-PCA-F (K=20/20),3,period_0943,38.106667,-11.1710,4.0396,81.4692,67.9790,13.4902
PEMAFC-PCA-F (K=20/20),3,period_0943,38.160000,-11.1888,3.2605,81.3011,67.9790,13.3220
PEMAFC-PCA-F (K=20/20),3,period_0943,38.200000,-11.0233,4.1093,81.6459,67.9790,13.6668
PEMAFC-PCA-F (K=20/20),3,period_0943,38.253333,-11.2063,4.4508,81.5466,67.9790,13.5676
PEMAFC-PCA-F (K=20/20),3,period_0943,38.306667,-10.9476,4.3702,80.9856,67.9790,13.0066
PEMAFC-PCA-F (K=20/20),3,period_0943,38.360000,-11.0899,4.6818,81.5031,67.9790,13.5241
PEMAFC-PCA-F (K=20/20),3,period_0943,38.400000,-11.1462,3.9330,81.5376,67.9790,13.5585
PEMAFC-PCA-F (K=20/20),3,period_0943,38.453333,-11.2503,4.1759,81.5291,67.9790,13.5501
PEMAFC-PCA-F (K=20/20),3,period_0943,38.506667,-11.4385,4.8910,81.8629,67.9790,13.8838
PEMAFC-PCA-F (K=20/20),3,period_0943,38.560000,-11.2032,4.3635,81.6806,67.9790,13.7016
PEMAFC-PCA-F (K=20/20),3,period_0943,38.600000,-11.0513,2.8391,81.2954,67.9790,13.3164
PEMAFC-PCA-F (K=20/20),3,period_0943,38.653333,-11.2536,4.3773,81.8330,67.9790,13.8540
PEMAFC-PCA-F (K=20/20),3,period_0943,38.706667,-10.9735,4.6912,81.8157,67.9790,13.8367
PEMAFC-PCA-F (K=20/20),3,period_0943,38.760000,-11.2940,4.8779,81.9547,67.9790,13.9757
PEMAFC-PCA-F (K=20/20),3,period_0943,38.800000,-11.2356,3.4852,81.8928,67.9790,13.9138
PEMAFC-PCA-F (K=20/20),3,period_0943,38.853333,-11.4583,3.7790,81.8090,67.9790,13.8299
PEMAFC-PCA-F (K=20/20),3,period_0943,38.906667,-11.2203,4.1392,81.1776,67.9790,13.1986
PEMAFC-PCA-F (K=20/20),3,period_0943,38.960000,-11.1081,4.0732,81.5712,67.9790,13.5922
PEMAFC-PCA-F (K=20/20),3,period_0943,39.000000,-11.3282,4.2086,81.8989,67.9790,13.9199
PEMAFC-PCA-F (K=20/20),3,period_0943,39.053333,-11.2094,4.2909,81.6223,67.9790,13.6432
PEMAFC-PCA-F (K=20/20),3,period_0943,39.106667,-10.9642,4.5991,81.3084,67.9790,13.3293
PEMAFC-PCA-F (K=20/20),3,period_0943,39.160000,-11.0148,3.8193,80.7455,67.9790,12.7664
PEMAFC-PCA-F (K=20/20),3,period_0943,39.200000,-11.0330,4.0658,80.1566,67.9790,12.1775
PEMAFC-PCA-F (K=20/20),3,period_0943,39.253333,-10.9744,4.0936,80.3825,67.9790,12.4035
PEMAFC-PCA-F (K=20/20),3,period_0943,39.306667,-10.9158,4.1807,80.8676,67.9790,12.8885
PEMAFC-PCA-F (K=20/20),3,period_0943,39.360000,-10.9102,4.1808,80.8820,67.9790,12.9030
PEMAFC-PCA-F (K=20/20),3,period_0943,39.400000,-11.1050,3.5452,81.0809,67.9790,13.1019
PEMAFC-PCA-F (K=20/20),3,period_0943,39.453333,-11.2198,4.1667,81.0780,67.9790,13.0990
PEMAFC-PCA-F (K=20/20),3,period_0943,39.506667,-11.0868,3.8587,80.3257,67.9790,12.3466
PEMAFC-PCA-F (K=20/20),3,period_0943,39.560000,-10.7705,3.7205,79.8554,67.9790,11.8764
PEMAFC-PCA-F (K=20/20),3,period_0943,39.600000,-11.1111,4.4559,80.7952,67.9790,12.8162
PEMAFC-PCA-F (K=20/20),3,period_0943,39.653333,-10.9495,3.5401,80.5504,67.9790,12.5713
PEMAFC-PCA-F (K=20/20),3,period_0943,39.706667,-11.1406,3.9967,81.2449,67.9790,13.2658
PEMAFC-PCA-F (K=20/20),3,period_0943,39.760000,-11.2799,4.1188,81.2059,67.9790,13.2269
PEMAFC-PCA-F (K=20/20),3,period_0943,39.800000,-11.3765,3.7878,82.0357,67.9790,14.0567
PEMAFC-PCA-F (K=20/20),3,period_0943,39.853333,-11.1264,3.5969,81.3478,67.9790,13.3688
PEMAFC-PCA-F (K=20/20),3,period_0943,39.906667,-11.3086,4.9646,81.6445,67.9790,13.6654
PEMAFC-PCA-F (K=20/20),3,period_0943,39.960000,-11.1551,3.5596,81.2427,67.9790,13.2637
PEMAFC-PCA-F (K=20/20),3,period_0943,40.000000,-11.1834,4.4902,81.3681,67.9790,13.3891
NLMS,0,period_0707,0.013333,-0.3098,1.3379,85.7281,85.1794,0.5487
NLMS,0,period_0707,0.053333,-0.4986,1.5069,85.7728,85.1794,0.5935
NLMS,0,period_0707,0.106667,-0.9110,1.7316,85.7853,85.1794,0.6059
NLMS,0,period_0707,0.160000,-0.6751,1.5998,85.7367,85.1794,0.5573
NLMS,0,period_0707,0.200000,-0.7692,1.8294,85.7630,85.1794,0.5836
NLMS,0,period_0707,0.253333,-0.0916,1.6281,85.7349,85.1794,0.5555
NLMS,0,period_0707,0.306667,-1.0215,0.4302,85.7997,85.1794,0.6203
NLMS,0,period_0707,0.360000,-0.6825,3.0769,85.8086,85.1794,0.6292
NLMS,0,period_0707,0.400000,-0.7131,1.9283,85.8461,85.1794,0.6667
NLMS,0,period_0707,0.453333,-0.8482,1.6393,85.9513,85.1794,0.7719
NLMS,0,period_0707,0.506667,-1.1835,0.0554,85.9793,85.1794,0.7999
NLMS,0,period_0707,0.560000,-1.0290,2.3409,85.9461,85.1794,0.7667
NLMS,0,period_0707,0.600000,-0.9554,3.0161,85.9757,85.1794,0.7963
NLMS,0,period_0707,0.653333,-0.9311,2.5911,85.9966,85.1794,0.8173
NLMS,0,period_0707,0.706667,-1.1648,3.0991,85.9226,85.1794,0.7433
NLMS,0,period_0707,0.760000,-1.0146,1.9197,85.9270,85.1794,0.7476
NLMS,0,period_0707,0.800000,-1.0933,0.9015,85.9420,85.1794,0.7627
NLMS,0,period_0707,0.853333,-1.3445,0.0046,85.9709,85.1794,0.7915
NLMS,0,period_0707,0.906667,-1.3401,1.4390,85.9939,85.1794,0.8145
NLMS,0,period_0707,0.960000,-1.0880,2.3645,86.0123,85.1794,0.8330
NLMS,0,period_0707,1.000000,-1.1561,2.3202,86.0990,85.1794,0.9196
NLMS,0,period_0707,1.053333,-1.3797,1.6372,86.1387,85.1794,0.9593
NLMS,0,period_0707,1.106667,-1.1979,1.2461,86.1856,85.1794,1.0062
NLMS,0,period_0707,1.160000,-1.3982,1.6020,86.1423,85.1794,0.9629
NLMS,0,period_0707,1.200000,-1.3309,1.7596,86.1708,85.1794,0.9914
NLMS,0,period_0707,1.253333,-1.6592,1.8082,86.1644,85.1794,0.9850
NLMS,0,period_0707,1.306667,-1.3538,0.6170,86.1479,85.1794,0.9686
NLMS,0,period_0707,1.360000,-1.5544,0.7280,86.1704,85.1794,0.9911
NLMS,0,period_0707,1.400000,-1.6763,1.2977,86.2144,85.1794,1.0351
NLMS,0,period_0707,1.453333,-1.7307,1.6945,86.2406,85.1794,1.0612
NLMS,0,period_0707,1.506667,-1.5982,3.0901,86.2693,85.1794,1.0899
NLMS,0,period_0707,1.560000,-1.5803,1.4428,86.2616,85.1794,1.0822
NLMS,0,period_0707,1.600000,-1.3501,1.3584,86.2265,85.1794,1.0471
NLMS,0,period_0707,1.653333,-1.4903,0.8827,86.2720,85.1794,1.0926
NLMS,0,period_0707,1.706667,-1.7178,2.2753,86.3175,85.1794,1.1382
NLMS,0,period_0707,1.760000,-1.7862,0.6841,86.3317,85.1794,1.1523
NLMS,0,period_0707,1.800000,-1.9288,0.8813,86.3688,85.1794,1.1894
NLMS,0,period_0707,1.853333,-1.6403,2.1981,86.3945,85.1794,1.2151
NLMS,0,period_0707,1.906667,-1.3702,1.3257,86.4183,85.1794,1.2389
NLMS,0,period_0707,1.960000,-1.7665,1.8440,86.4628,85.1794,1.2834
NLMS,0,period_0707,2.000000,-1.8813,1.4014,86.4883,85.1794,1.3089
NLMS,0,period_0707,2.053333,-1.9841,1.2829,86.5357,85.1794,1.3563
NLMS,0,period_0707,2.106667,-2.0788,1.5037,86.5630,85.1794,1.3836
NLMS,0,period_0707,2.160000,-1.2974,1.9727,86.5363,85.1794,1.3569
NLMS,0,period_0707,2.200000,-1.1092,3.1459,86.5552,85.1794,1.3759
NLMS,0,period_0707,2.253333,-1.7615,0.8431,86.5799,85.1794,1.4005
NLMS,0,period_0707,2.306667,-2.1476,0.7746,86.6408,85.1794,1.4614
NLMS,0,period_0707,2.360000,-2.0731,1.4204,86.6005,85.1794,1.4212
NLMS,0,period_0707,2.400000,-1.8160,0.7599,86.6254,85.1794,1.4460
NLMS,0,period_0707,2.453333,-2.2875,1.0594,86.6859,85.1794,1.5066
NLMS,0,period_0707,2.506667,-1.9448,1.3715,86.7011,85.1794,1.5217
NLMS,0,period_0707,2.560000,-1.8151,0.3636,85.8882,85.1794,0.7088
NLMS,0,period_0707,2.600000,-2.0575,1.4153,86.7116,85.1794,1.5323
NLMS,0,period_0707,2.653333,-1.9423,2.2344,86.7552,85.1794,1.5758
NLMS,0,period_0707,2.706667,-2.2786,0.8475,86.7559,85.1794,1.5766
NLMS,0,period_0707,2.760000,-2.2702,0.9493,86.7832,85.1794,1.6039
NLMS,0,period_0707,2.800000,-2.1493,3.1147,86.8217,85.1794,1.6424
NLMS,0,period_0707,2.853333,-2.0038,3.4704,86.8831,85.1794,1.7038
NLMS,0,period_0707,2.906667,-2.0862,2.2986,86.9064,85.1794,1.7270
NLMS,0,period_0707,2.960000,-2.4524,-0.8653,86.9436,85.1794,1.7643
NLMS,0,period_0707,3.000000,-2.5291,2.0845,87.0092,85.1794,1.8298
NLMS,0,period_0707,3.053333,-2.4818,2.9714,86.9883,85.1794,1.8090
NLMS,0,period_0707,3.106667,-2.5226,1.6349,87.0403,85.1794,1.8609
NLMS,0,period_0707,3.160000,-2.4488,0.8241,87.0342,85.1794,1.8548
NLMS,0,period_0707,3.200000,-2.5674,1.8997,87.0584,85.1794,1.8791
NLMS,0,period_0707,3.253333,-2.6104,1.6412,87.0973,85.1794,1.9179
NLMS,0,period_0707,3.306667,-2.4921,0.4823,87.1174,85.1794,1.9380
NLMS,0,period_0707,3.360000,-1.8741,0.8138,84.3687,85.1794,-0.8107
NLMS,0,period_0707,3.400000,-2.5803,1.6063,87.1290,85.1794,1.9496
NLMS,0,period_0707,3.453333,-2.5070,2.1871,87.1220,85.1794,1.9427
NLMS,0,period_0707,3.506667,-2.4291,1.6856,87.1676,85.1794,1.9882
NLMS,0,period_0707,3.560000,-2.6154,2.1649,87.1785,85.1794,1.9991
NLMS,0,period_0707,3.600000,-2.6595,1.8364,87.1899,85.1794,2.0105
NLMS,0,period_0707,3.653333,-2.7784,0.2959,87.1371,85.1794,1.9578
NLMS,0,period_0707,3.706667,-2.5891,1.3545,87.1743,85.1794,1.9950
NLMS,0,period_0707,3.760000,-2.8072,2.0038,87.1951,85.1794,2.0157
NLMS,0,period_0707,3.800000,-2.1033,4.4119,87.2401,85.1794,2.0608
NLMS,0,period_0707,3.853333,-2.7019,0.8949,87.3076,85.1794,2.1282
NLMS,0,period_0707,3.906667,-2.4889,0.4598,87.3136,85.1794,2.1342
NLMS,0,period_0707,3.960000,-2.2756,1.2793,87.2967,85.1794,2.1173
NLMS,0,period_0707,4.000000,-2.5840,1.2025,87.3205,85.1794,2.1411
NLMS,0,period_0707,4.053333,-2.7005,0.7922,87.3248,85.1794,2.1454
NLMS,0,period_0707,4.106667,-2.5013,1.4928,87.4009,85.1794,2.2215
NLMS,0,period_0707,4.160000,-2.5649,1.6092,87.4597,85.1794,2.2803
NLMS,0,period_0707,4.200000,-2.9277,0.7194,87.4989,85.1794,2.3195
NLMS,0,period_0707,4.253333,-2.3452,0.9609,84.6223,85.1794,-0.5571
NLMS,0,period_0707,4.306667,-2.5667,1.7515,87.5054,85.1794,2.3260
NLMS,0,period_0707,4.360000,-2.8887,1.9874,87.5134,85.1794,2.3340
NLMS,0,period_0707,4.400000,-2.9586,1.2923,87.5888,85.1794,2.4094
NLMS,0,period_0707,4.453333,-2.9480,2.7849,87.5705,85.1794,2.3912
NLMS,0,period_0707,4.506667,-2.8867,1.8431,87.6206,85.1794,2.4413
NLMS,0,period_0707,4.560000,-2.9288,1.8340,87.6710,85.1794,2.4917
NLMS,0,period_0707,4.600000,-2.9611,1.4652,87.6615,85.1794,2.4822
NLMS,0,period_0707,4.653333,-3.0086,1.6422,87.6619,85.1794,2.4825
NLMS,0,period_0707,4.706667,-2.9413,0.8179,87.7300,85.1794,2.5506
NLMS,0,period_0707,4.760000,-3.1542,2.8090,87.7494,85.1794,2.5700
NLMS,0,period_0707,4.800000,-2.7999,0.8911,87.8311,85.1794,2.6518
NLMS,0,period_0707,4.853333,-3.0842,1.2110,87.8866,85.1794,2.7072
NLMS,0,period_0707,4.906667,-3.1593,1.8212,87.8803,85.1794,2.7010
NLMS,0,period_0707,4.960000,-3.0207,0.5158,87.8718,85.1794,2.6924
NLMS,0,period_0707,5.000000,-3.1515,1.3500,87.9425,85.1794,2.7631
NLMS,0,period_0707,5.053333,-3.3151,0.9080,87.9601,85.1794,2.7808
NLMS,0,period_0707,5.106667,-3.0780,1.5559,87.9451,85.1794,2.7658
NLMS,0,period_0707,5.160000,-2.6599,1.3868,87.9592,85.1794,2.7799
NLMS,0,period_0707,5.200000,-3.3805,0.8534,87.9740,85.1794,2.7946
NLMS,0,period_0707,5.253333,-3.3892,0.9987,88.0419,85.1794,2.8625
NLMS,0,period_0707,5.306667,-2.7383,2.0288,85.9765,85.1794,0.7972
NLMS,0,period_0707,5.360000,-3.2956,1.7298,87.9600,85.1794,2.7806
NLMS,0,period_0707,5.400000,-2.9192,1.7407,87.4432,85.1794,2.2638
NLMS,0,period_0707,5.453333,-3.0645,0.3330,87.9883,85.1794,2.8090
NLMS,0,period_0707,5.506667,-3.0135,0.7404,87.0075,85.1794,1.8282
NLMS,0,period_0707,5.560000,-3.3513,2.2254,88.0496,85.1794,2.8702
NLMS,0,period_0707,5.600000,-3.0144,2.2004,86.3489,85.1794,1.1695
NLMS,0,period_0707,5.653333,-3.2368,1.0286,88.1518,85.1794,2.9724
NLMS,0,period_0707,5.706667,-3.2364,2.2938,88.1488,85.1794,2.9694
NLMS,0,period_0707,5.760000,-3.1802,1.4034,88.0585,85.1794,2.8791
NLMS,0,period_0707,5.800000,-3.1797,1.8648,88.1266,85.1794,2.9472
NLMS,0,period_0707,5.853333,-3.5717,1.1151,88.1367,85.1794,2.9573
NLMS,0,period_0707,5.906667,-3.4241,0.5534,88.2020,85.1794,3.0226
NLMS,0,period_0707,5.960000,-3.5317,0.9811,88.2171,85.1794,3.0377
NLMS,0,period_0707,6.000000,-3.5713,1.3529,88.2611,85.1794,3.0818
NLMS,0,period_0707,6.053333,-3.5765,2.3375,88.2805,85.1794,3.1011
NLMS,0,period_0707,6.106667,-3.4908,1.0395,88.3260,85.1794,3.1466
NLMS,0,period_0707,6.160000,-3.5564,0.8741,88.3026,85.1794,3.1233
NLMS,0,period_0707,6.200000,-3.2851,0.5238,88.0203,85.1794,2.8409
NLMS,0,period_0707,6.253333,-3.8339,1.5142,88.3890,85.1794,3.2097
NLMS,0,period_0707,6.306667,-3.7767,0.8120,88.4415,85.1794,3.2621
NLMS,0,period_0707,6.360000,-3.8061,2.1441,88.5109,85.1794,3.3315
NLMS,0,period_0707,6.400000,-3.7374,1.6231,88.5664,85.1794,3.3871
NLMS,0,period_0707,6.453333,-3.9344,0.9031,88.5474,85.1794,3.3680
NLMS,0,period_0707,6.506667,-3.7628,1.4527,88.5838,85.1794,3.4044
NLMS,0,period_0707,6.560000,-3.9338,1.3796,88.6359,85.1794,3.4565
NLMS,0,period_0707,6.600000,-3.8512,2.1679,88.7341,85.1794,3.5548
NLMS,0,period_0707,6.653333,-3.5758,1.2025,87.6220,85.1794,2.4426
NLMS,0,period_0707,6.706667,-3.5447,1.0216,88.6744,85.1794,3.4950
NLMS,0,period_0707,6.760000,-4.0313,0.7434,88.7020,85.1794,3.5226
NLMS,0,period_0707,6.800000,-3.9152,0.9071,88.6547,85.1794,3.4753
NLMS,0,period_0707,6.853333,-3.8990,0.9501,88.6948,85.1794,3.5154
NLMS,0,period_0707,6.906667,-3.7157,1.6389,88.7389,85.1794,3.5595
NLMS,0,period_0707,6.960000,-4.1067,1.1116,88.8047,85.1794,3.6253
NLMS,0,period_0707,7.000000,-3.9761,2.0595,88.8719,85.1794,3.6926
NLMS,0,period_0707,7.053333,-3.8763,0.6629,88.8430,85.1794,3.6636
NLMS,0,period_0707,7.106667,-4.0353,0.9758,88.8567,85.1794,3.6773
NLMS,0,period_0707,7.160000,-3.6762,0.9800,88.3798,85.1794,3.2004
NLMS,0,period_0707,7.200000,-3.9083,1.3070,88.7349,85.1794,3.5556
NLMS,0,period_0707,7.253333,-3.9473,2.0584,88.7852,85.1794,3.6058
NLMS,0,period_0707,7.306667,-4.0053,0.8835,88.7925,85.1794,3.6132
NLMS,0,period_0707,7.360000,-4.2614,1.2843,88.9070,85.1794,3.7276
NLMS,0,period_0707,7.400000,-4.1654,2.6571,88.9295,85.1794,3.7502
NLMS,0,period_0707,7.453333,-4.3829,0.4054,88.9874,85.1794,3.8080
NLMS,0,period_0707,7.506667,-3.8111,1.5964,88.5755,85.1794,3.3961
NLMS,0,period_0707,7.560000,-4.0573,1.3855,88.9784,85.1794,3.7990
NLMS,0,period_0707,7.600000,-3.6353,0.6088,88.9208,85.1794,3.7414
NLMS,0,period_0707,7.653333,-3.7515,1.0308,89.0275,85.1794,3.8481
NLMS,0,period_0707,7.706667,-3.4285,1.6394,89.0728,85.1794,3.8935
NLMS,0,period_0707,7.760000,-4.1498,0.6362,89.0510,85.1794,3.8717
NLMS,0,period_0707,7.800000,-4.3318,2.1808,89.0502,85.1794,3.8709
NLMS,0,period_0707,7.853333,-3.7020,0.4234,87.5591,85.1794,2.3797
NLMS,0,period_0707,7.906667,-4.0345,0.8716,88.9910,85.1794,3.8116
NLMS,0,period_0707,7.960000,-4.1933,1.8403,89.0734,85.1794,3.8941
NLMS,0,period_0707,8.000000,-4.1465,3.3498,89.0607,85.1794,3.8814
NLMS,0,period_0707,8.053333,-4.0972,2.2817,89.1084,85.1794,3.9290
NLMS,0,period_0707,8.106667,-4.2592,1.5850,89.1132,85.1794,3.9339
NLMS,0,period_0707,8.160000,-4.1035,2.4683,89.0683,85.1794,3.8889
NLMS,0,period_0707,8.200000,-4.2029,2.0415,89.1044,85.1794,3.9250
NLMS,0,period_0707,8.253333,-4.0581,2.2721,89.1345,85.1794,3.9552
NLMS,0,period_0707,8.306667,-4.1942,1.6256,89.1963,85.1794,4.0170
NLMS,0,period_0707,8.360000,-3.5075,3.8804,89.1358,85.1794,3.9564
NLMS,0,period_0707,8.400000,-4.2691,0.0088,89.1223,85.1794,3.9429
NLMS,0,period_0707,8.453333,-4.2295,1.7277,89.1926,85.1794,4.0133
NLMS,0,period_0707,8.506667,-4.2678,0.2284,89.2151,85.1794,4.0357
NLMS,0,period_0707,8.560000,-4.6436,1.7432,89.2721,85.1794,4.0928
NLMS,0,period_0707,8.600000,-4.4452,1.4298,89.2633,85.1794,4.0839
NLMS,0,period_0707,8.653333,-4.4088,0.7659,89.2471,85.1794,4.0677
NLMS,0,period_0707,8.706667,-4.3348,1.7897,89.2772,85.1794,4.0978
NLMS,0,period_0707,8.760000,-4.5931,0.8827,89.3150,85.1794,4.1356
NLMS,0,period_0707,8.800000,-4.3360,1.7045,89.3322,85.1794,4.1528
NLMS,0,period_0707,8.853333,-4.3645,1.4674,89.4029,85.1794,4.2236
NLMS,0,period_0707,8.906667,-4.2743,1.5687,89.4098,85.1794,4.2305
NLMS,0,period_0707,8.960000,-4.3469,1.2749,89.4532,85.1794,4.2738
NLMS,0,period_0707,9.000000,-4.4730,1.5537,89.4405,85.1794,4.2611
NLMS,0,period_0707,9.053333,-4.0696,1.8910,89.4696,85.1794,4.2903
NLMS,0,period_0707,9.106667,-4.5326,2.0290,89.4724,85.1794,4.2930
NLMS,0,period_0707,9.160000,-4.8495,1.0517,89.4794,85.1794,4.3000
NLMS,0,period_0707,9.200000,-4.7731,1.6700,89.5937,85.1794,4.4143
NLMS,0,period_0707,9.253333,-4.8385,1.3874,89.6075,85.1794,4.4282
NLMS,0,period_0707,9.306667,-4.4617,1.8492,89.6511,85.1794,4.4717
NLMS,0,period_0707,9.360000,-4.5041,1.1273,89.7389,85.1794,4.5596
NLMS,0,period_0707,9.400000,-4.5831,2.6006,89.7297,85.1794,4.5504
NLMS,0,period_0707,9.453333,-4.6234,0.7084,89.6823,85.1794,4.5029
NLMS,0,period_0707,9.506667,-4.5501,1.4246,89.4259,85.1794,4.2465
NLMS,0,period_0707,9.560000,-4.8590,1.0867,89.7220,85.1794,4.5426
NLMS,0,period_0707,9.600000,-4.8987,1.5670,89.8210,85.1794,4.6416
NLMS,0,period_0707,9.653333,-4.6245,1.3383,89.7947,85.1794,4.6153
NLMS,0,period_0707,9.706667,-4.7401,2.2044,89.8542,85.1794,4.6749
NLMS,0,period_0707,9.760000,-4.7021,1.6262,89.8898,85.1794,4.7105
NLMS,0,period_0707,9.800000,-4.8410,1.9405,89.9697,85.1794,4.7903
NLMS,0,period_0707,9.853333,-4.9216,1.1678,89.9348,85.1794,4.7555
NLMS,0,period_0707,9.906667,-4.5766,1.4096,89.9889,85.1794,4.8096
NLMS,0,period_0707,9.960000,-4.9565,0.8794,89.9688,85.1794,4.7894
NLMS,0,period_0707,10.000000,-4.8066,1.7675,89.9593,85.1794,4.7799
NLMS,1,period_0856,10.013333,-0.5085,0.7938,76.8115,75.6790,1.1325
NLMS,1,period_0856,10.053333,-1.1329,1.8818,77.4343,75.6790,1.7552
NLMS,1,period_0856,10.106667,-1.6648,3.1163,78.3175,75.6790,2.6385
NLMS,1,period_0856,10.160000,-2.1130,3.3828,78.9100,75.6790,3.2309
NLMS,1,period_0856,10.200000,-2.4110,5.9596,79.5890,75.6790,3.9099
NLMS,1,period_0856,10.253333,-2.8685,3.7365,80.2766,75.6790,4.5975
NLMS,1,period_0856,10.306667,-3.0709,4.8670,80.5498,75.6790,4.8707
NLMS,1,period_0856,10.360000,-3.3122,4.6000,81.3358,75.6790,5.6568
NLMS,1,period_0856,10.400000,-3.4756,4.6854,81.7212,75.6790,6.0422
NLMS,1,period_0856,10.453333,-3.6859,4.0757,82.1795,75.6790,6.5005
NLMS,1,period_0856,10.506667,-3.8488,3.7713,82.2961,75.6790,6.6171
NLMS,1,period_0856,10.560000,-4.0521,6.0534,82.8120,75.6790,7.1330
NLMS,1,period_0856,10.600000,-4.1773,4.7025,82.8256,75.6790,7.1466
NLMS,1,period_0856,10.653333,-4.3287,5.3641,82.8473,75.6790,7.1683
NLMS,1,period_0856,10.706667,-4.4465,6.3596,82.8841,75.6790,7.2051
NLMS,1,period_0856,10.760000,-4.5550,5.0593,82.8971,75.6790,7.2181
NLMS,1,period_0856,10.800000,-4.6101,3.8837,82.9210,75.6790,7.2420
NLMS,1,period_0856,10.853333,-4.7219,7.1311,82.9760,75.6790,7.2970
NLMS,1,period_0856,10.906667,-4.8750,3.9079,82.9875,75.6790,7.3085
NLMS,1,period_0856,10.960000,-4.9412,5.3954,83.0271,75.6790,7.3480
NLMS,1,period_0856,11.000000,-4.9693,6.4975,83.0293,75.6790,7.3503
NLMS,1,period_0856,11.053333,-5.0383,5.2363,83.0769,75.6790,7.3979
NLMS,1,period_0856,11.106667,-5.1066,5.2472,83.1063,75.6790,7.4273
NLMS,1,period_0856,11.160000,-5.2123,5.4705,83.1757,75.6790,7.4967
NLMS,1,period_0856,11.200000,-5.2590,6.4524,83.1973,75.6790,7.5182
NLMS,1,period_0856,11.253333,-5.3562,4.8164,83.2360,75.6790,7.5570
NLMS,1,period_0856,11.306667,-5.3192,8.2671,83.2697,75.6790,7.5907
NLMS,1,period_0856,11.360000,-5.4334,5.7115,83.3068,75.6790,7.6278
NLMS,1,period_0856,11.400000,-5.4793,5.1087,83.3307,75.6790,7.6516
NLMS,1,period_0856,11.453333,-5.5013,6.4845,83.3567,75.6790,7.6777
NLMS,1,period_0856,11.506667,-5.5305,5.1958,83.3835,75.6790,7.7044
NLMS,1,period_0856,11.560000,-5.6004,6.2178,83.3770,75.6790,7.6980
NLMS,1,period_0856,11.600000,-5.5992,8.0052,83.3918,75.6790,7.7127
NLMS,1,period_0856,11.653333,-5.6429,5.3972,83.4191,75.6790,7.7401
NLMS,1,period_0856,11.706667,-5.7444,5.6105,83.4459,75.6790,7.7669
NLMS,1,period_0856,11.760000,-5.7746,4.9396,83.4864,75.6790,7.8074
NLMS,1,period_0856,11.800000,-5.8220,5.1732,83.5056,75.6790,7.8265
NLMS,1,period_0856,11.853333,-5.7451,5.0539,83.5763,75.6790,7.8973
NLMS,1,period_0856,11.906667,-5.8594,4.6001,83.5814,75.6790,7.9023
NLMS,1,period_0856,11.960000,-5.9068,4.9772,83.5997,75.6790,7.9207
NLMS,1,period_0856,12.000000,-5.9477,5.2415,83.6038,75.6790,7.9248
NLMS,1,period_0856,12.053333,-5.9673,5.4643,83.6188,75.6790,7.9398
NLMS,1,period_0856,12.106667,-6.0210,5.9069,83.6425,75.6790,7.9635
NLMS,1,period_0856,12.160000,-6.1205,5.0452,83.6817,75.6790,8.0027
NLMS,1,period_0856,12.200000,-6.0852,5.1593,83.7253,75.6790,8.0463
NLMS,1,period_0856,12.253333,-6.1063,6.4720,83.7534,75.6790,8.0744
NLMS,1,period_0856,12.306667,-6.1323,5.4279,83.7973,75.6790,8.1183
NLMS,1,period_0856,12.360000,-6.2059,5.3782,83.8164,75.6790,8.1373
NLMS,1,period_0856,12.400000,-6.2119,4.1768,83.8356,75.6790,8.1566
NLMS,1,period_0856,12.453333,-6.1267,5.3548,83.8575,75.6790,8.1785
NLMS,1,period_0856,12.506667,-6.2564,5.9371,83.8837,75.6790,8.2047
NLMS,1,period_0856,12.560000,-6.2991,5.4154,83.8948,75.6790,8.2158
NLMS,1,period_0856,12.600000,-6.3869,5.5641,83.9055,75.6790,8.2265
NLMS,1,period_0856,12.653333,-6.4180,4.3453,83.9086,75.6790,8.2296
NLMS,1,period_0856,12.706667,-6.2610,4.6359,83.9042,75.6790,8.2252
NLMS,1,period_0856,12.760000,-6.4204,5.2180,83.9683,75.6790,8.2893
NLMS,1,period_0856,12.800000,-6.5499,5.8805,84.0195,75.6790,8.3405
NLMS,1,period_0856,12.853333,-6.4361,4.6497,84.0302,75.6790,8.3512
NLMS,1,period_0856,12.906667,-6.4961,4.4571,84.0635,75.6790,8.3845
NLMS,1,period_0856,12.960000,-6.5788,5.3701,84.0715,75.6790,8.3925
NLMS,1,period_0856,13.000000,-6.6419,4.4597,84.1254,75.6790,8.4464
NLMS,1,period_0856,13.053333,-6.6649,6.3748,84.1811,75.6790,8.5021
NLMS,1,period_0856,13.106667,-6.7736,5.5692,84.2173,75.6790,8.5383
NLMS,1,period_0856,13.160000,-6.7215,3.9787,84.2222,75.6790,8.5431
NLMS,1,period_0856,13.200000,-6.7988,4.5848,84.2443,75.6790,8.5653
NLMS,1,period_0856,13.253333,-6.7507,6.0823,84.2752,75.6790,8.5962
NLMS,1,period_0856,13.306667,-6.8187,5.4010,84.3387,75.6790,8.6597
NLMS,1,period_0856,13.360000,-6.8355,5.9250,84.3527,75.6790,8.6737
NLMS,1,period_0856,13.400000,-6.9356,3.5194,84.3591,75.6790,8.6801
NLMS,1,period_0856,13.453333,-6.9618,5.2693,84.3776,75.6790,8.6986
NLMS,1,period_0856,13.506667,-7.0083,4.6507,84.3930,75.6790,8.7140
NLMS,1,period_0856,13.560000,-7.0564,5.2812,84.4627,75.6790,8.7836
NLMS,1,period_0856,13.600000,-7.0602,3.7366,84.4515,75.6790,8.7724
NLMS,1,period_0856,13.653333,-7.0656,4.7706,84.4326,75.6790,8.7535
NLMS,1,period_0856,13.706667,-7.0539,4.7934,84.4359,75.6790,8.7568
NLMS,1,period_0856,13.760000,-7.0882,5.0565,84.4553,75.6790,8.7763
NLMS,1,period_0856,13.800000,-7.1428,5.1167,84.5171,75.6790,8.8381
NLMS,1,period_0856,13.853333,-7.0430,6.0247,84.5738,75.6790,8.8948
NLMS,1,period_0856,13.906667,-7.1274,4.3976,84.5926,75.6790,8.9136
NLMS,1,period_0856,13.960000,-7.1904,5.9101,84.6360,75.6790,8.9570
NLMS,1,period_0856,14.000000,-7.2795,5.9301,84.6101,75.6790,8.9311
NLMS,1,period_0856,14.053333,-7.1799,6.3758,84.6111,75.6790,8.9321
NLMS,1,period_0856,14.106667,-7.2044,5.5921,84.6419,75.6790,8.9628
NLMS,1,period_0856,14.160000,-7.3680,5.1325,84.6846,75.6790,9.0056
NLMS,1,period_0856,14.200000,-7.3117,4.9863,84.6892,75.6790,9.0101
NLMS,1,period_0856,14.253333,-7.3365,5.7834,84.7178,75.6790,9.0388
NLMS,1,period_0856,14.306667,-7.4460,5.4039,84.7726,75.6790,9.0935
NLMS,1,period_0856,14.360000,-7.4970,5.7505,84.7787,75.6790,9.0997
NLMS,1,period_0856,14.400000,-7.4840,5.8143,84.7917,75.6790,9.1127
NLMS,1,period_0856,14.453333,-7.5777,6.0902,84.8811,75.6790,9.2021
NLMS,1,period_0856,14.506667,-7.5798,4.6663,84.9384,75.6790,9.2594
NLMS,1,period_0856,14.560000,-7.6092,5.5926,84.9456,75.6790,9.2665
NLMS,1,period_0856,14.600000,-7.5460,7.2294,84.9934,75.6790,9.3143
NLMS,1,period_0856,14.653333,-7.5548,5.5643,85.0046,75.6790,9.3256
NLMS,1,period_0856,14.706667,-7.5812,7.1427,85.0486,75.6790,9.3695
NLMS,1,period_0856,14.760000,-7.7274,5.1153,85.0517,75.6790,9.3727
NLMS,1,period_0856,14.800000,-7.7341,5.1447,84.9869,75.6790,9.3078
NLMS,1,period_0856,14.853333,-7.7629,8.0476,85.0530,75.6790,9.3740
NLMS,1,period_0856,14.906667,-7.7828,3.5043,85.0579,75.6790,9.3789
NLMS,1,period_0856,14.960000,-7.8094,6.0675,85.0162,75.6790,9.3372
NLMS,1,period_0856,15.000000,-7.9074,5.5533,85.0563,75.6790,9.3772
NLMS,1,period_0856,15.053333,-7.8275,4.4318,85.1310,75.6790,9.4519
NLMS,1,period_0856,15.106667,-7.8294,5.6211,85.1209,75.6790,9.4418
NLMS,1,period_0856,15.160000,-7.7982,4.0048,85.1146,75.6790,9.4356
NLMS,1,period_0856,15.200000,-7.9289,7.7811,85.1781,75.6790,9.4991
NLMS,1,period_0856,15.253333,-7.8892,4.0733,85.3058,75.6790,9.6268
NLMS,1,period_0856,15.306667,-7.9499,6.2547,85.3231,75.6790,9.6441
NLMS,1,period_0856,15.360000,-8.0895,5.0573,85.3219,75.6790,9.6429
NLMS,1,period_0856,15.400000,-8.0232,5.6415,85.3496,75.6790,9.6706
NLMS,1,period_0856,15.453333,-8.1391,4.6188,85.4205,75.6790,9.7415
NLMS,1,period_0856,15.506667,-8.0629,5.3979,85.4187,75.6790,9.7396
NLMS,1,period_0856,15.560000,-8.1936,5.4690,85.5013,75.6790,9.8223
NLMS,1,period_0856,15.600000,-8.1799,5.9300,85.5135,75.6790,9.8345
NLMS,1,period_0856,15.653333,-8.1985,6.4373,85.4913,75.6790,9.8122
NLMS,1,period_0856,15.706667,-8.1516,6.2113,85.4439,75.6790,9.7649
NLMS,1,period_0856,15.760000,-8.1621,5.9576,85.5257,75.6790,9.8466
NLMS,1,period_0856,15.800000,-8.4067,3.5258,85.5510,75.6790,9.8720
NLMS,1,period_0856,15.853333,-8.2701,5.8691,85.5176,75.6790,9.8386
NLMS,1,period_0856,15.906667,-8.4514,6.0978,85.5986,75.6790,9.9196
NLMS,1,period_0856,15.960000,-8.2148,6.0616,85.5519,75.6790,9.8728
NLMS,1,period_0856,16.000000,-8.4785,4.5451,85.5702,75.6790,9.8912
NLMS,1,period_0856,16.053333,-8.4611,6.3515,85.5748,75.6790,9.8958
NLMS,1,period_0856,16.106667,-8.4277,4.8524,85.5340,75.6790,9.8550
NLMS,1,period_0856,16.160000,-8.5622,6.1858,85.5881,75.6790,9.9091
NLMS,1,period_0856,16.200000,-8.5132,6.2766,85.5786,75.6790,9.8996
NLMS,1,period_0856,16.253333,-8.4593,5.8774,85.6688,75.6790,9.9898
NLMS,1,period_0856,16.306667,-8.5456,5.2474,85.6544,75.6790,9.9754
NLMS,1,period_0856,16.360000,-8.6208,5.7616,85.7175,75.6790,10.0385
NLMS,1,period_0856,16.400000,-8.6573,5.3814,85.7839,75.6790,10.1049
NLMS,1,period_0856,16.453333,-8.4922,4.9936,85.7380,75.6790,10.0590
NLMS,1,period_0856,16.506667,-8.4149,4.1597,85.7006,75.6790,10.0216
NLMS,1,period_0856,16.560000,-8.6450,6.1694,85.7868,75.6790,10.1078
NLMS,1,period_0856,16.600000,-8.7105,6.0548,85.8311,75.6790,10.1521
NLMS,1,period_0856,16.653333,-8.6698,5.7441,85.7863,75.6790,10.1073
NLMS,1,period_0856,16.706667,-8.7863,4.7726,85.8389,75.6790,10.1599
NLMS,1,period_0856,16.760000,-8.8042,5.6172,85.8776,75.6790,10.1986
NLMS,1,period_0856,16.800000,-8.7875,4.2907,85.8520,75.6790,10.1730
NLMS,1,period_0856,16.853333,-8.7821,6.2169,85.9159,75.6790,10.2369
NLMS,1,period_0856,16.906667,-8.8891,6.1133,85.9012,75.6790,10.2222
NLMS,1,period_0856,16.960000,-8.8959,4.7981,85.9179,75.6790,10.2389
NLMS,1,period_0856,17.000000,-8.9338,6.1791,85.9008,75.6790,10.2218
NLMS,1,period_0856,17.053333,-8.9113,5.6931,85.9022,75.6790,10.2232
NLMS,1,period_0856,17.106667,-8.7476,6.1777,85.9259,75.6790,10.2469
NLMS,1,period_0856,17.160000,-8.9536,4.0483,85.9807,75.6790,10.3017
NLMS,1,period_0856,17.200000,-8.9802,5.5845,86.0548,75.6790,10.3758
NLMS,1,period_0856,17.253333,-8.9159,6.1277,86.0666,75.6790,10.3876
NLMS,1,period_0856,17.306667,-9.1039,6.3438,86.1202,75.6790,10.4411
NLMS,1,period_0856,17.360000,-9.0798,5.3983,86.1071,75.6790,10.4281
NLMS,1,period_0856,17.400000,-9.1093,5.2456,86.0990,75.6790,10.4200
NLMS,1,period_0856,17.453333,-9.1822,5.7723,86.1458,75.6790,10.4668
NLMS,1,period_0856,17.506667,-9.2371,4.5789,86.2181,75.6790,10.5391
NLMS,1,period_0856,17.560000,-9.1008,5.7917,86.2415,75.6790,10.5625
NLMS,1,period_0856,17.600000,-9.1562,5.1712,86.2409,75.6790,10.5618
NLMS,1,period_0856,17.653333,-9.2257,5.5950,86.2606,75.6790,10.5816
NLMS,1,period_0856,17.706667,-9.3268,6.3210,86.2978,75.6790,10.6188
NLMS,1,period_0856,17.760000,-9.3731,5.7548,86.3018,75.6790,10.6228
NLMS,1,period_0856,17.800000,-9.3907,4.5604,86.3166,75.6790,10.6376
NLMS,1,period_0856,17.853333,-9.3217,4.2718,86.2536,75.6790,10.5746
NLMS,1,period_0856,17.906667,-9.2555,4.9050,86.2293,75.6790,10.5503
NLMS,1,period_0856,17.960000,-9.3765,5.9761,86.2667,75.6790,10.5876
NLMS,1,period_0856,18.000000,-9.4049,4.2097,86.3547,75.6790,10.6757
NLMS,1,period_0856,18.053333,-9.3821,5.9773,86.3270,75.6790,10.6480
NLMS,1,period_0856,18.106667,-9.4713,4.9739,86.3762,75.6790,10.6972
NLMS,1,period_0856,18.160000,-9.2361,4.1916,86.3216,75.6790,10.6425
NLMS,1,period_0856,18.200000,-9.5463,4.6169,86.4607,75.6790,10.7817
NLMS,1,period_0856,18.253333,-9.3196,5.6391,86.4690,75.6790,10.7899
NLMS,1,period_0856,18.306667,-8.9123,6.1051,81.9563,75.6790,6.2773
NLMS,1,period_0856,18.360000,-9.6496,4.2456,86.4963,75.6790,10.8173
NLMS,1,period_0856,18.400000,-9.5801,5.3156,86.5160,75.6790,10.8370
NLMS,1,period_0856,18.453333,-9.7171,5.9188,86.5886,75.6790,10.9096
NLMS,1,period_0856,18.506667,-9.6478,5.2246,86.5747,75.6790,10.8956
NLMS,1,period_0856,18.560000,-9.5461,5.8922,86.5044,75.6790,10.8253
NLMS,1,period_0856,18.600000,-9.3098,7.7061,86.5378,75.6790,10.8588
NLMS,1,period_0856,18.653333,-9.6491,3.3136,86.6457,75.6790,10.9666
NLMS,1,period_0856,18.706667,-9.7430,5.3963,86.6311,75.6790,10.9521
NLMS,1,period_0856,18.760000,-9.8366,4.2523,86.7275,75.6790,11.0485
NLMS,1,period_0856,18.800000,-9.8436,6.6945,86.7042,75.6790,11.0251
NLMS,1,period_0856,18.853333,-9.7370,6.0643,86.7350,75.6790,11.0560
NLMS,1,period_0856,18.906667,-9.8019,4.4471,86.7289,75.6790,11.0499
NLMS,1,period_0856,18.960000,-9.3905,5.6563,86.7140,75.6790,11.0349
NLMS,1,period_0856,19.000000,-9.7856,5.8175,86.6970,75.6790,11.0180
NLMS,1,period_0856,19.053333,-9.8106,4.7506,86.7341,75.6790,11.0551
NLMS,1,period_0856,19.106667,-9.7133,6.2296,86.7955,75.6790,11.1165
NLMS,1,period_0856,19.160000,-9.9074,5.1290,86.8903,75.6790,11.2113
NLMS,1,period_0856,19.200000,-10.0237,7.2816,86.9383,75.6790,11.2593
NLMS,1,period_0856,19.253333,-9.8540,5.6411,87.0522,75.6790,11.3732
NLMS,1,period_0856,19.306667,-10.0921,4.7104,87.1169,75.6790,11.4379
NLMS,1,period_0856,19.360000,-10.0095,7.0720,87.0642,75.6790,11.3852
NLMS,1,period_0856,19.400000,-9.9387,5.0195,87.0877,75.6790,11.4087
NLMS,1,period_0856,19.453333,-10.1029,5.4674,87.1430,75.6790,11.4640
NLMS,1,period_0856,19.506667,-10.1950,4.8595,87.2026,75.6790,11.5235
NLMS,1,period_0856,19.560000,-10.1382,3.6308,87.1205,75.6790,11.4415
NLMS,1,period_0856,19.600000,-10.2997,6.5711,87.1721,75.6790,11.4931
NLMS,1,period_0856,19.653333,-10.2199,4.6499,87.2042,75.6790,11.5252
NLMS,1,period_0856,19.706667,-9.8815,6.3772,87.1910,75.6790,11.5120
NLMS,1,period_0856,19.760000,-10.1899,4.6391,87.2997,75.6790,11.6207
NLMS,1,period_0856,19.800000,-10.2270,6.4218,87.3110,75.6790,11.6320
NLMS,1,period_0856,19.853333,-10.4259,5.0231,87.3033,75.6790,11.6243
NLMS,1,period_0856,19.906667,-10.2903,6.6525,87.3243,75.6790,11.6453
NLMS,1,period_0856,19.960000,-10.4067,5.2383,87.3136,75.6790,11.6346
NLMS,1,period_0856,20.000000,-10.3184,7.8693,87.3093,75.6790,11.6303
NLMS,2,period_0916,20.013333,-2.4270,-7.4286,77.8502,76.8005,1.0497
NLMS,2,period_0916,20.053333,-3.2898,-1.1648,79.1678,76.8005,2.3673
NLMS,2,period_0916,20.106667,-3.5401,1.5267,79.2103,76.8005,2.4098
NLMS,2,period_0916,20.160000,-3.7311,2.8255,79.2550,76.8005,2.4545
NLMS,2,period_0916,20.200000,-3.7976,2.7305,79.2775,76.8005,2.4770
NLMS,2,period_0916,20.253333,-3.9105,2.9960,79.3122,76.8005,2.5117
NLMS,2,period_0916,20.306667,-3.9748,2.1582,79.3481,76.8005,2.5476
NLMS,2,period_0916,20.360000,-4.0262,2.6363,79.4290,76.8005,2.6285
NLMS,2,period_0916,20.400000,-4.0516,2.3778,79.4706,76.8005,2.6701
NLMS,2,period_0916,20.453333,-4.0493,3.2001,79.5272,76.8005,2.7267
NLMS,2,period_0916,20.506667,-4.1184,2.3715,79.5553,76.8005,2.7548
NLMS,2,period_0916,20.560000,-4.1568,2.9419,79.6344,76.8005,2.8339
NLMS,2,period_0916,20.600000,-4.1316,2.8446,79.6498,76.8005,2.8493
NLMS,2,period_0916,20.653333,-4.0300,4.3670,79.6799,76.8005,2.8794
NLMS,2,period_0916,20.706667,-4.2336,1.8760,79.6968,76.8005,2.8963
NLMS,2,period_0916,20.760000,-4.3377,2.6643,79.7278,76.8005,2.9273
NLMS,2,period_0916,20.800000,-4.3802,2.5031,79.7949,76.8005,2.9944
NLMS,2,period_0916,20.853333,-4.4113,2.8528,79.8311,76.8005,3.0306
NLMS,2,period_0916,20.906667,-4.4811,2.4536,79.8628,76.8005,3.0623
NLMS,2,period_0916,20.960000,-4.3768,3.4531,79.8665,76.8005,3.0660
NLMS,2,period_0916,21.000000,-4.5299,3.0723,79.9007,76.8005,3.1003
NLMS,2,period_0916,21.053333,-4.5473,2.5218,79.9260,76.8005,3.1255
NLMS,2,period_0916,21.106667,-4.5961,3.0364,79.9779,76.8005,3.1774
NLMS,2,period_0916,21.160000,-4.6409,4.3585,80.0020,76.8005,3.2015
NLMS,2,period_0916,21.200000,-4.6641,3.5738,80.0031,76.8005,3.2026
NLMS,2,period_0916,21.253333,-4.7032,3.9095,80.0362,76.8005,3.2357
NLMS,2,period_0916,21.306667,-4.6740,4.3312,80.0993,76.8005,3.2988
NLMS,2,period_0916,21.360000,-4.7337,2.7111,80.1498,76.8005,3.3493
NLMS,2,period_0916,21.400000,-4.8384,3.0956,80.1882,76.8005,3.3877
NLMS,2,period_0916,21.453333,-4.7754,3.0568,80.2642,76.8005,3.4637
NLMS,2,period_0916,21.506667,-4.7790,2.0671,80.2654,76.8005,3.4649
NLMS,2,period_0916,21.560000,-4.8087,2.7443,80.3252,76.8005,3.5247
NLMS,2,period_0916,21.600000,-4.8575,3.1127,80.3640,76.8005,3.5635
NLMS,2,period_0916,21.653333,-4.9023,3.5776,80.4308,76.8005,3.6303
NLMS,2,period_0916,21.706667,-4.8979,2.2687,80.4855,76.8005,3.6850
NLMS,2,period_0916,21.760000,-4.9635,3.0378,80.4921,76.8005,3.6917
NLMS,2,period_0916,21.800000,-4.9859,2.2426,80.5036,76.8005,3.7031
NLMS,2,period_0916,21.853333,-5.0525,3.0024,80.5401,76.8005,3.7396
NLMS,2,period_0916,21.906667,-4.8524,3.1183,80.6004,76.8005,3.7999
NLMS,2,period_0916,21.960000,-5.0288,2.1322,80.6169,76.8005,3.8164
NLMS,2,period_0916,22.000000,-5.1568,3.0564,80.6352,76.8005,3.8347
NLMS,2,period_0916,22.053333,-5.1544,2.0743,80.6832,76.8005,3.8827
NLMS,2,period_0916,22.106667,-5.1949,4.1713,80.7092,76.8005,3.9087
NLMS,2,period_0916,22.160000,-5.2042,2.3567,80.7805,76.8005,3.9800
NLMS,2,period_0916,22.200000,-5.2391,3.0968,80.7989,76.8005,3.9984
NLMS,2,period_0916,22.253333,-5.2569,2.9183,80.8674,76.8005,4.0669
NLMS,2,period_0916,22.306667,-5.2903,2.5389,80.8480,76.8005,4.0475
NLMS,2,period_0916,22.360000,-5.3117,2.0190,80.8619,76.8005,4.0614
NLMS,2,period_0916,22.400000,-5.3555,3.3496,80.8665,76.8005,4.0660
NLMS,2,period_0916,22.453333,-5.3704,3.4058,80.8759,76.8005,4.0755
NLMS,2,period_0916,22.506667,-5.3527,3.7230,80.8784,76.8005,4.0779
NLMS,2,period_0916,22.560000,-5.2936,2.9579,80.8901,76.8005,4.0896
NLMS,2,period_0916,22.600000,-5.3944,2.0804,80.9025,76.8005,4.1020
NLMS,2,period_0916,22.653333,-5.4473,3.0949,80.9443,76.8005,4.1438
NLMS,2,period_0916,22.706667,-5.4408,3.2897,80.9631,76.8005,4.1626
NLMS,2,period_0916,22.760000,-5.5627,2.3863,80.9739,76.8005,4.1734
NLMS,2,period_0916,22.800000,-5.5045,4.4243,80.9772,76.8005,4.1767
NLMS,2,period_0916,22.853333,-5.6183,3.2189,81.0222,76.8005,4.2217
NLMS,2,period_0916,22.906667,-5.6297,3.3799,81.0155,76.8005,4.2150
NLMS,2,period_0916,22.960000,-5.6308,2.8252,81.1019,76.8005,4.3014
NLMS,2,period_0916,23.000000,-5.6878,3.5836,81.1003,76.8005,4.2998
NLMS,2,period_0916,23.053333,-5.6708,3.4811,81.1245,76.8005,4.3240
NLMS,2,period_0916,23.106667,-5.7371,2.3483,81.1575,76.8005,4.3571
NLMS,2,period_0916,23.160000,-5.7379,4.4700,81.1734,76.8005,4.3729
NLMS,2,period_0916,23.200000,-5.8091,2.1955,81.2098,76.8005,4.4093
NLMS,2,period_0916,23.253333,-5.8489,3.0908,81.2398,76.8005,4.4393
NLMS,2,period_0916,23.306667,-5.8493,4.4944,81.2552,76.8005,4.4547
NLMS,2,period_0916,23.360000,-5.9071,3.5983,81.2831,76.8005,4.4826
NLMS,2,period_0916,23.400000,-5.7609,4.4451,81.2606,76.8005,4.4601
NLMS,2,period_0916,23.453333,-5.8469,3.3929,81.3067,76.8005,4.5062
NLMS,2,period_0916,23.506667,-5.9344,2.5113,81.3096,76.8005,4.5091
NLMS,2,period_0916,23.560000,-5.9177,2.9156,81.3141,76.8005,4.5136
NLMS,2,period_0916,23.600000,-6.0222,3.9116,81.3583,76.8005,4.5578
NLMS,2,period_0916,23.653333,-6.0450,3.1229,81.4103,76.8005,4.6098
NLMS,2,period_0916,23.706667,-5.9829,4.0030,81.4227,76.8005,4.6222
NLMS,2,period_0916,23.760000,-5.8942,2.9637,81.4275,76.8005,4.6270
NLMS,2,period_0916,23.800000,-6.0317,1.8826,81.4477,76.8005,4.6472
NLMS,2,period_0916,23.853333,-6.0861,3.8898,81.4922,76.8005,4.6917
NLMS,2,period_0916,23.906667,-6.2033,2.9045,81.5085,76.8005,4.7080
NLMS,2,period_0916,23.960000,-6.2038,2.7819,81.5056,76.8005,4.7051
NLMS,2,period_0916,24.000000,-6.1857,2.9722,81.5271,76.8005,4.7266
NLMS,2,period_0916,24.053333,-6.2523,3.7085,81.5661,76.8005,4.7656
NLMS,2,period_0916,24.106667,-6.3104,3.7349,81.6046,76.8005,4.8041
NLMS,2,period_0916,24.160000,-6.3477,3.3917,81.6017,76.8005,4.8012
NLMS,2,period_0916,24.200000,-6.3467,3.0687,81.6170,76.8005,4.8165
NLMS,2,period_0916,24.253333,-6.3044,2.6596,81.6233,76.8005,4.8228
NLMS,2,period_0916,24.306667,-6.3542,2.4061,81.6514,76.8005,4.8509
NLMS,2,period_0916,24.360000,-6.4058,3.4960,81.6691,76.8005,4.8686
NLMS,2,period_0916,24.400000,-6.4071,2.4702,81.7053,76.8005,4.9048
NLMS,2,period_0916,24.453333,-6.4460,2.3170,81.7446,76.8005,4.9441
NLMS,2,period_0916,24.506667,-6.4556,3.3790,81.7570,76.8005,4.9565
NLMS,2,period_0916,24.560000,-6.4391,2.0079,81.7640,76.8005,4.9635
NLMS,2,period_0916,24.600000,-6.2956,2.9538,81.7264,76.8005,4.9259
NLMS,2,period_0916,24.653333,-6.4690,2.0106,81.8125,76.8005,5.0120
NLMS,2,period_0916,24.706667,-6.5645,2.9569,81.8238,76.8005,5.0233
NLMS,2,period_0916,24.760000,-6.5553,3.9438,81.8307,76.8005,5.0302
NLMS,2,period_0916,24.800000,-6.5392,2.6596,81.8364,76.8005,5.0359
NLMS,2,period_0916,24.853333,-6.6459,3.6623,81.8680,76.8005,5.0675
NLMS,2,period_0916,24.906667,-6.6797,2.4615,81.8717,76.8005,5.0712
NLMS,2,period_0916,24.960000,-6.7240,2.3452,81.9162,76.8005,5.1157
NLMS,2,period_0916,25.000000,-6.7833,3.1354,81.9117,76.8005,5.1112
NLMS,2,period_0916,25.053333,-6.7861,3.0252,81.9371,76.8005,5.1366
NLMS,2,period_0916,25.106667,-6.7516,3.0064,81.9726,76.8005,5.1721
NLMS,2,period_0916,25.160000,-6.8452,3.0580,81.9865,76.8005,5.1860
NLMS,2,period_0916,25.200000,-6.8164,3.1175,81.9984,76.8005,5.1979
NLMS,2,period_0916,25.253333,-6.8504,3.0657,82.0660,76.8005,5.2655
NLMS,2,period_0916,25.306667,-6.8622,3.7224,82.0719,76.8005,5.2714
NLMS,2,period_0916,25.360000,-6.8446,2.9163,82.0855,76.8005,5.2850
NLMS,2,period_0916,25.400000,-6.8820,3.1891,82.1254,76.8005,5.3249
NLMS,2,period_0916,25.453333,-6.9201,3.7227,82.1546,76.8005,5.3541
NLMS,2,period_0916,25.506667,-6.9092,2.1321,82.1456,76.8005,5.3451
NLMS,2,period_0916,25.560000,-6.9473,3.3508,82.1973,76.8005,5.3968
NLMS,2,period_0916,25.600000,-6.9827,2.4927,82.1896,76.8005,5.3891
NLMS,2,period_0916,25.653333,-7.0233,3.3941,82.2158,76.8005,5.4153
NLMS,2,period_0916,25.706667,-7.0757,2.9755,82.2112,76.8005,5.4107
NLMS,2,period_0916,25.760000,-6.9197,2.9065,82.2305,76.8005,5.4300
NLMS,2,period_0916,25.800000,-7.0417,3.3145,82.2609,76.8005,5.4604
NLMS,2,period_0916,25.853333,-7.1316,2.5244,82.2661,76.8005,5.4656
NLMS,2,period_0916,25.906667,-7.0810,4.1633,82.3165,76.8005,5.5160
NLMS,2,period_0916,25.960000,-7.0850,2.7001,82.3124,76.8005,5.5119
NLMS,2,period_0916,26.000000,-7.1657,2.4821,82.3471,76.8005,5.5466
NLMS,2,period_0916,26.053333,-7.1601,3.1993,82.3787,76.8005,5.5782
NLMS,2,period_0916,26.106667,-7.1648,2.6679,82.4089,76.8005,5.6084
NLMS,2,period_0916,26.160000,-7.2742,2.3231,82.4763,76.8005,5.6758
NLMS,2,period_0916,26.200000,-7.2973,3.3685,82.5116,76.8005,5.7111
NLMS,2,period_0916,26.253333,-7.2838,3.3064,82.5337,76.8005,5.7332
NLMS,2,period_0916,26.306667,-7.4041,3.1509,82.5642,76.8005,5.7637
NLMS,2,period_0916,26.360000,-7.4120,2.9809,82.5786,76.8005,5.7781
NLMS,2,period_0916,26.400000,-7.2576,4.4543,82.5837,76.8005,5.7832
NLMS,2,period_0916,26.453333,-7.4404,2.7028,82.6061,76.8005,5.8056
NLMS,2,period_0916,26.506667,-7.4701,2.6777,82.6498,76.8005,5.8493
NLMS,2,period_0916,26.560000,-7.5188,3.0438,82.6960,76.8005,5.8955
NLMS,2,period_0916,26.600000,-7.4937,4.1322,82.7183,76.8005,5.9178
NLMS,2,period_0916,26.653333,-7.5971,3.1104,82.7527,76.8005,5.9522
NLMS,2,period_0916,26.706667,-7.5350,2.8112,82.7816,76.8005,5.9811
NLMS,2,period_0916,26.760000,-7.5366,2.9695,82.8356,76.8005,6.0352
NLMS,2,period_0916,26.800000,-7.5716,4.0731,82.8651,76.8005,6.0646
NLMS,2,period_0916,26.853333,-7.6412,2.4668,82.9055,76.8005,6.1050
NLMS,2,period_0916,26.906667,-7.6632,3.4045,82.9468,76.8005,6.1463
NLMS,2,period_0916,26.960000,-7.5549,2.3230,82.9980,76.8005,6.1975
NLMS,2,period_0916,27.000000,-7.7262,3.8190,83.0169,76.8005,6.2164
NLMS,2,period_0916,27.053333,-7.4547,2.8656,82.9769,76.8005,6.1764
NLMS,2,period_0916,27.106667,-7.5898,3.6721,82.9933,76.8005,6.1928
NLMS,2,period_0916,27.160000,-7.5869,4.1836,83.0068,76.8005,6.2063
NLMS,2,period_0916,27.200000,-7.6570,2.1666,82.9955,76.8005,6.1950
NLMS,2,period_0916,27.253333,-7.8162,2.6983,83.0526,76.8005,6.2521
NLMS,2,period_0916,27.306667,-7.8721,2.4962,83.1339,76.8005,6.3334
NLMS,2,period_0916,27.360000,-7.9131,3.0476,83.1765,76.8005,6.3760
NLMS,2,period_0916,27.400000,-7.7814,4.3125,83.2067,76.8005,6.4062
NLMS,2,period_0916,27.453333,-7.7477,3.0528,83.2110,76.8005,6.4105
NLMS,2,period_0916,27.506667,-7.9282,2.8245,83.2424,76.8005,6.4419
NLMS,2,period_0916,27.560000,-7.9318,4.3631,83.2598,76.8005,6.4593
NLMS,2,period_0916,27.600000,-7.9616,3.1435,83.2684,76.8005,6.4679
NLMS,2,period_0916,27.653333,-8.0784,3.9119,83.2906,76.8005,6.4901
NLMS,2,period_0916,27.706667,-7.9269,3.0278,83.2905,76.8005,6.4901
NLMS,2,period_0916,27.760000,-7.9026,2.8627,83.3136,76.8005,6.5131
NLMS,2,period_0916,27.800000,-7.9455,3.4377,83.3106,76.8005,6.5101
NLMS,2,period_0916,27.853333,-8.0568,2.4276,83.3619,76.8005,6.5614
NLMS,2,period_0916,27.906667,-8.0579,2.8742,83.4483,76.8005,6.6478
NLMS,2,period_0916,27.960000,-7.9540,3.7922,83.4451,76.8005,6.6446
NLMS,2,period_0916,28.000000,-7.9204,4.1750,83.4847,76.8005,6.6842
NLMS,2,period_0916,28.053333,-8.0474,3.2470,83.5260,76.8005,6.7255
NLMS,2,period_0916,28.106667,-8.2059,3.3850,83.5557,76.8005,6.7553
NLMS,2,period_0916,28.160000,-8.2256,3.0377,83.6126,76.8005,6.8121
NLMS,2,period_0916,28.200000,-8.2394,3.6735,83.5758,76.8005,6.7753
NLMS,2,period_0916,28.253333,-8.1482,3.6908,83.6093,76.8005,6.8088
NLMS,2,period_0916,28.306667,-8.2276,2.5998,83.6629,76.8005,6.8624
NLMS,2,period_0916,28.360000,-8.2092,3.2201,83.7504,76.8005,6.9499
NLMS,2,period_0916,28.400000,-8.3402,2.7828,83.7617,76.8005,6.9612
NLMS,2,period_0916,28.453333,-8.3121,4.2936,83.8172,76.8005,7.0167
NLMS,2,period_0916,28.506667,-8.2689,4.4339,83.8777,76.8005,7.0772
NLMS,2,period_0916,28.560000,-8.4173,2.9361,83.8841,76.8005,7.0836
NLMS,2,period_0916,28.600000,-8.2355,3.2877,83.8457,76.8005,7.0453
NLMS,2,period_0916,28.653333,-8.0707,4.4082,83.8468,76.8005,7.0463
NLMS,2,period_0916,28.706667,-7.8710,2.7024,81.0327,76.8005,4.2322
NLMS,2,period_0916,28.760000,-8.4153,2.8188,83.9094,76.8005,7.1089
NLMS,2,period_0916,28.800000,-8.4602,1.4586,83.9667,76.8005,7.1663
NLMS,2,period_0916,28.853333,-8.4858,4.4609,84.0213,76.8005,7.2208
NLMS,2,period_0916,28.906667,-8.5049,2.0518,84.0425,76.8005,7.2420
NLMS,2,period_0916,28.960000,-8.4364,2.9733,84.0355,76.8005,7.2350
NLMS,2,period_0916,29.000000,-8.6443,5.0091,84.0796,76.8005,7.2791
NLMS,2,period_0916,29.053333,-8.6316,2.8516,84.0983,76.8005,7.2978
NLMS,2,period_0916,29.106667,-8.5795,2.8056,84.0871,76.8005,7.2866
NLMS,2,period_0916,29.160000,-8.5839,2.2704,84.1071,76.8005,7.3066
NLMS,2,period_0916,29.200000,-8.5914,4.4396,84.1169,76.8005,7.3164
NLMS,2,period_0916,29.253333,-8.6449,2.7026,84.1731,76.8005,7.3726
NLMS,2,period_0916,29.306667,-8.2518,3.1663,81.6702,76.8005,4.8697
NLMS,2,period_0916,29.360000,-8.5240,3.2789,84.1619,76.8005,7.3614
NLMS,2,period_0916,29.400000,-8.6891,3.2124,84.1883,76.8005,7.3878
NLMS,2,period_0916,29.453333,-8.6877,2.6799,84.1549,76.8005,7.3544
NLMS,2,period_0916,29.506667,-8.7772,3.5084,84.2007,76.8005,7.4002
NLMS,2,period_0916,29.560000,-8.7659,2.9209,84.2089,76.8005,7.4084
NLMS,2,period_0916,29.600000,-8.6922,2.8066,84.2324,76.8005,7.4319
NLMS,2,period_0916,29.653333,-8.7494,3.2078,84.2957,76.8005,7.4952
NLMS,2,period_0916,29.706667,-8.7288,4.2476,84.3305,76.8005,7.5300
NLMS,2,period_0916,29.760000,-8.8853,2.6145,84.3297,76.8005,7.5292
NLMS,2,period_0916,29.800000,-8.8597,3.0051,84.3649,76.8005,7.5644
NLMS,2,period_0916,29.853333,-8.9170,3.4697,84.4018,76.8005,7.6013
NLMS,2,period_0916,29.906667,-8.8539,3.7845,84.4198,76.8005,7.6193
NLMS,2,period_0916,29.960000,-8.9967,2.8000,84.4242,76.8005,7.6237
NLMS,2,period_0916,30.000000,-9.0212,3.2085,84.4502,76.8005,7.6497
NLMS,3,period_0943,30.013333,-2.5924,-0.5538,69.6192,67.9790,1.6401
NLMS,3,period_0943,30.053333,-2.6975,3.8234,69.6295,67.9790,1.6505
NLMS,3,period_0943,30.106667,-2.7811,3.2292,69.6605,67.9790,1.6814
NLMS,3,period_0943,30.160000,-2.8349,3.9845,69.6785,67.9790,1.6995
NLMS,3,period_0943,30.200000,-2.8651,4.8067,69.6864,67.9790,1.7073
NLMS,3,period_0943,30.253333,-2.9197,3.0526,69.7317,67.9790,1.7526
NLMS,3,period_0943,30.306667,-2.9670,4.1181,69.7520,67.9790,1.7729
NLMS,3,period_0943,30.360000,-3.0226,4.3419,69.7991,67.9790,1.8201
NLMS,3,period_0943,30.400000,-3.0492,5.3643,69.8140,67.9790,1.8349
NLMS,3,period_0943,30.453333,-3.0822,4.8324,69.8293,67.9790,1.8502
NLMS,3,period_0943,30.506667,-3.1281,4.0564,69.8457,67.9790,1.8667
NLMS,3,period_0943,30.560000,-3.1615,5.1179,69.8792,67.9790,1.9001
NLMS,3,period_0943,30.600000,-3.1867,4.3546,69.8996,67.9790,1.9205
NLMS,3,period_0943,30.653333,-3.2151,3.9906,69.9247,67.9790,1.9457
NLMS,3,period_0943,30.706667,-3.2564,2.9450,69.9305,67.9790,1.9515
NLMS,3,period_0943,30.760000,-3.2805,4.4616,69.9461,67.9790,1.9670
NLMS,3,period_0943,30.800000,-3.3078,2.9746,69.9691,67.9790,1.9900
NLMS,3,period_0943,30.853333,-3.3404,4.5238,69.9718,67.9790,1.9928
NLMS,3,period_0943,30.906667,-3.3802,3.3113,70.0176,67.9790,2.0386
NLMS,3,period_0943,30.960000,-3.4214,4.3331,70.0580,67.9790,2.0789
NLMS,3,period_0943,31.000000,-3.4455,5.7494,70.0981,67.9790,2.1190
NLMS,3,period_0943,31.053333,-3.4819,4.4367,70.1276,67.9790,2.1486
NLMS,3,period_0943,31.106667,-3.5194,4.1552,70.1472,67.9790,2.1681
NLMS,3,period_0943,31.160000,-3.5506,3.8489,70.1629,67.9790,2.1839
NLMS,3,period_0943,31.200000,-3.5706,4.9974,70.1915,67.9790,2.2125
NLMS,3,period_0943,31.253333,-3.5916,4.1598,70.2012,67.9790,2.2222
NLMS,3,period_0943,31.306667,-3.6214,4.5286,70.2222,67.9790,2.2431
NLMS,3,period_0943,31.360000,-3.6384,4.2682,70.2303,67.9790,2.2512
NLMS,3,period_0943,31.400000,-3.6646,6.0058,70.2406,67.9790,2.2615
NLMS,3,period_0943,31.453333,-3.6963,3.5190,70.2692,67.9790,2.2902
NLMS,3,period_0943,31.506667,-3.7287,4.6321,70.2869,67.9790,2.3078
NLMS,3,period_0943,31.560000,-3.7594,5.4138,70.3099,67.9790,2.3309
NLMS,3,period_0943,31.600000,-3.7833,4.4154,70.3261,67.9790,2.3471
NLMS,3,period_0943,31.653333,-3.8092,4.5693,70.3401,67.9790,2.3610
NLMS,3,period_0943,31.706667,-3.8377,4.9301,70.3408,67.9790,2.3617
NLMS,3,period_0943,31.760000,-3.8654,5.4856,70.3530,67.9790,2.3739
NLMS,3,period_0943,31.800000,-3.8868,5.3601,70.3684,67.9790,2.3893
NLMS,3,period_0943,31.853333,-3.9166,5.0459,70.3961,67.9790,2.4170
NLMS,3,period_0943,31.906667,-3.9405,4.5221,70.4282,67.9790,2.4492
NLMS,3,period_0943,31.960000,-3.9826,4.1862,70.4374,67.9790,2.4584
NLMS,3,period_0943,32.000000,-4.0022,5.0874,70.4477,67.9790,2.4686
NLMS,3,period_0943,32.053333,-4.0214,5.1664,70.4657,67.9790,2.4867
NLMS,3,period_0943,32.106667,-4.0542,3.2892,70.4823,67.9790,2.5033
NLMS,3,period_0943,32.160000,-4.0909,4.4351,70.5128,67.9790,2.5337
NLMS,3,period_0943,32.200000,-4.1138,5.3239,70.5368,67.9790,2.5578
NLMS,3,period_0943,32.253333,-4.1328,5.2511,70.5545,67.9790,2.5754
NLMS,3,period_0943,32.306667,-4.1706,4.9964,70.5775,67.9790,2.5985
NLMS,3,period_0943,32.360000,-4.1918,3.5149,70.5923,67.9790,2.6133
NLMS,3,period_0943,32.400000,-4.2323,5.1758,70.6109,67.9790,2.6318
NLMS,3,period_0943,32.453333,-4.2606,4.4991,70.6171,67.9790,2.6380
NLMS,3,period_0943,32.506667,-4.2757,4.3757,70.6392,67.9790,2.6601
NLMS,3,period_0943,32.560000,-4.3008,3.4094,70.6936,67.9790,2.7146
NLMS,3,period_0943,32.600000,-4.3199,5.5938,70.7072,67.9790,2.7281
NLMS,3,period_0943,32.653333,-4.3581,4.3715,70.7274,67.9790,2.7483
NLMS,3,period_0943,32.706667,-4.3933,5.2818,70.7384,67.9790,2.7593
NLMS,3,period_0943,32.760000,-4.4137,4.1516,70.7503,67.9790,2.7713
NLMS,3,period_0943,32.800000,-4.4261,3.4964,70.7651,67.9790,2.7860
NLMS,3,period_0943,32.853333,-4.4698,3.8813,70.7783,67.9790,2.7992
NLMS,3,period_0943,32.906667,-4.4920,4.8670,70.7955,67.9790,2.8165
NLMS,3,period_0943,32.960000,-4.5180,5.9248,70.8289,67.9790,2.8498
NLMS,3,period_0943,33.000000,-4.5495,4.3138,70.8485,67.9790,2.8694
NLMS,3,period_0943,33.053333,-4.5705,4.8086,70.8659,67.9790,2.8868
NLMS,3,period_0943,33.106667,-4.6041,4.8566,70.9054,67.9790,2.9263
NLMS,3,period_0943,33.160000,-4.6218,3.7315,70.9154,67.9790,2.9364
NLMS,3,period_0943,33.200000,-4.6368,4.2355,70.9350,67.9790,2.9559
NLMS,3,period_0943,33.253333,-4.6774,3.9935,70.9446,67.9790,2.9656
NLMS,3,period_0943,33.306667,-4.7125,5.0477,70.9730,67.9790,2.9940
NLMS,3,period_0943,33.360000,-4.7439,4.5517,70.9978,67.9790,3.0187
NLMS,3,period_0943,33.400000,-4.7631,4.8218,71.0334,67.9790,3.0543
NLMS,3,period_0943,33.453333,-4.7878,4.9663,71.0401,67.9790,3.0610
NLMS,3,period_0943,33.506667,-4.8102,4.6016,71.0713,67.9790,3.0923
NLMS,3,period_0943,33.560000,-4.8437,5.3902,71.1122,67.9790,3.1331
NLMS,3,period_0943,33.600000,-4.8592,4.5874,71.1329,67.9790,3.1539
NLMS,3,period_0943,33.653333,-4.8868,4.5546,71.1409,67.9790,3.1618
NLMS,3,period_0943,33.706667,-4.9259,4.2239,71.1580,67.9790,3.1790
NLMS,3,period_0943,33.760000,-4.9559,4.1107,71.1658,67.9790,3.1868
NLMS,3,period_0943,33.800000,-4.9661,5.1779,71.1707,67.9790,3.1917
NLMS,3,period_0943,33.853333,-5.0042,4.6369,71.1925,67.9790,3.2135
NLMS,3,period_0943,33.906667,-5.0308,3.9586,71.2126,67.9790,3.2336
NLMS,3,period_0943,33.960000,-5.0570,4.8146,71.2427,67.9790,3.2637
NLMS,3,period_0943,34.000000,-5.0690,5.1917,71.2657,67.9790,3.2867
NLMS,3,period_0943,34.053333,-5.0969,4.9032,71.2739,67.9790,3.2949
NLMS,3,period_0943,34.106667,-5.1293,3.2110,71.3013,67.9790,3.3222
NLMS,3,period_0943,34.160000,-5.1739,4.8252,71.3185,67.9790,3.3394
NLMS,3,period_0943,34.200000,-5.1974,4.5738,71.3320,67.9790,3.3529
NLMS,3,period_0943,34.253333,-5.2218,5.4448,71.3632,67.9790,3.3841
NLMS,3,period_0943,34.306667,-5.2514,4.4794,71.3785,67.9790,3.3995
NLMS,3,period_0943,34.360000,-5.2857,4.7517,71.3920,67.9790,3.4129
NLMS,3,period_0943,34.400000,-5.3120,3.6119,71.4130,67.9790,3.4340
NLMS,3,period_0943,34.453333,-5.3406,4.6482,71.4432,67.9790,3.4641
NLMS,3,period_0943,34.506667,-5.3664,3.8366,71.4725,67.9790,3.4934
NLMS,3,period_0943,34.560000,-5.3886,5.2844,71.5109,67.9790,3.5318
NLMS,3,period_0943,34.600000,-5.4282,4.4577,71.5163,67.9790,3.5372
NLMS,3,period_0943,34.653333,-5.4701,5.3468,71.5836,67.9790,3.6045
NLMS,3,period_0943,34.706667,-5.5019,5.3762,71.5922,67.9790,3.6131
NLMS,3,period_0943,34.760000,-5.5311,3.8167,71.6065,67.9790,3.6275
NLMS,3,period_0943,34.800000,-5.5475,4.1925,71.6231,67.9790,3.6440
NLMS,3,period_0943,34.853333,-5.5673,5.2994,71.6437,67.9790,3.6647
NLMS,3,period_0943,34.906667,-5.6013,4.9412,71.6831,67.9790,3.7040
NLMS,3,period_0943,34.960000,-5.6382,4.3528,71.7168,67.9790,3.7378
NLMS,3,period_0943,35.000000,-5.6491,5.4267,71.7321,67.9790,3.7530
NLMS,3,period_0943,35.053333,-5.6788,4.5163,71.7583,67.9790,3.7792
NLMS,3,period_0943,35.106667,-5.7058,5.0604,71.7698,67.9790,3.7908
NLMS,3,period_0943,35.160000,-5.7313,5.2100,71.8082,67.9790,3.8291
NLMS,3,period_0943,35.200000,-5.7494,4.5835,71.8180,67.9790,3.8390
NLMS,3,period_0943,35.253333,-5.7860,5.3518,71.8353,67.9790,3.8562
NLMS,3,period_0943,35.306667,-5.8157,4.7410,71.8618,67.9790,3.8827
NLMS,3,period_0943,35.360000,-5.8482,5.0593,71.8991,67.9790,3.9200
NLMS,3,period_0943,35.400000,-5.8688,4.0145,71.9091,67.9790,3.9300
NLMS,3,period_0943,35.453333,-5.8909,3.9952,71.9359,67.9790,3.9568
NLMS,3,period_0943,35.506667,-5.9298,4.6718,71.9519,67.9790,3.9729
NLMS,3,period_0943,35.560000,-5.9502,4.1996,71.9727,67.9790,3.9936
NLMS,3,period_0943,35.600000,-5.9709,4.7193,72.0146,67.9790,4.0356
NLMS,3,period_0943,35.653333,-5.9740,5.5767,72.0323,67.9790,4.0533
NLMS,3,period_0943,35.706667,-6.0180,4.2637,72.0522,67.9790,4.0732
NLMS,3,period_0943,35.760000,-6.0383,4.8277,72.0899,67.9790,4.1108
NLMS,3,period_0943,35.800000,-6.0642,4.8569,72.1020,67.9790,4.1229
NLMS,3,period_0943,35.853333,-6.0802,4.2415,72.1171,67.9790,4.1380
NLMS,3,period_0943,35.906667,-6.1201,4.9655,72.1379,67.9790,4.1588
NLMS,3,period_0943,35.960000,-6.1559,5.9752,72.1531,67.9790,4.1741
NLMS,3,period_0943,36.000000,-6.1827,5.2463,72.1681,67.9790,4.1891
NLMS,3,period_0943,36.053333,-6.2072,4.2013,72.1851,67.9790,4.2060
NLMS,3,period_0943,36.106667,-6.2265,4.4055,72.2159,67.9790,4.2369
NLMS,3,period_0943,36.160000,-6.2469,5.6158,72.2393,67.9790,4.2602
NLMS,3,period_0943,36.200000,-6.2724,4.1550,72.2493,67.9790,4.2702
NLMS,3,period_0943,36.253333,-6.3009,5.5991,72.2799,67.9790,4.3009
NLMS,3,period_0943,36.306667,-6.3364,4.1740,72.2911,67.9790,4.3121
NLMS,3,period_0943,36.360000,-6.3457,2.6325,72.3092,67.9790,4.3301
NLMS,3,period_0943,36.400000,-6.3667,5.1455,72.3223,67.9790,4.3433
NLMS,3,period_0943,36.453333,-6.3872,4.3929,72.3481,67.9790,4.3691
NLMS,3,period_0943,36.506667,-6.3910,4.4338,72.3659,67.9790,4.3868
NLMS,3,period_0943,36.560000,-6.4277,4.4545,72.3877,67.9790,4.4086
NLMS,3,period_0943,36.600000,-6.4754,4.2846,72.4162,67.9790,4.4371
NLMS,3,period_0943,36.653333,-6.5044,3.3702,72.4435,67.9790,4.4645
NLMS,3,period_0943,36.706667,-6.5361,4.9349,72.4769,67.9790,4.4979
NLMS,3,period_0943,36.760000,-6.5637,4.6305,72.5095,67.9790,4.5305
NLMS,3,period_0943,36.800000,-6.5603,4.5556,72.5270,67.9790,4.5480
NLMS,3,period_0943,36.853333,-6.6161,4.3657,72.5604,67.9790,4.5814
NLMS,3,period_0943,36.906667,-6.6492,5.5886,72.5854,67.9790,4.6063
NLMS,3,period_0943,36.960000,-6.6802,4.5397,72.6056,67.9790,4.6265
NLMS,3,period_0943,37.000000,-6.6969,5.4197,72.6123,67.9790,4.6332
NLMS,3,period_0943,37.053333,-6.7283,4.5612,72.6210,67.9790,4.6419
NLMS,3,period_0943,37.106667,-6.7419,5.1514,72.6317,67.9790,4.6526
NLMS,3,period_0943,37.160000,-6.7814,4.3119,72.6580,67.9790,4.6790
NLMS,3,period_0943,37.200000,-6.8024,4.7260,72.6779,67.9790,4.6989
NLMS,3,period_0943,37.253333,-6.8204,3.8359,72.6964,67.9790,4.7174
NLMS,3,period_0943,37.306667,-6.8510,5.6222,72.7027,67.9790,4.7237
NLMS,3,period_0943,37.360000,-6.8693,4.8063,72.7430,67.9790,4.7640
NLMS,3,period_0943,37.400000,-6.8949,4.4127,72.7492,67.9790,4.7702
NLMS,3,period_0943,37.453333,-6.9091,4.8231,72.7791,67.9790,4.8000
NLMS,3,period_0943,37.506667,-6.9462,3.9403,72.7956,67.9790,4.8166
NLMS,3,period_0943,37.560000,-6.9572,4.2581,72.8105,67.9790,4.8315
NLMS,3,period_0943,37.600000,-6.9883,4.0748,72.8141,67.9790,4.8351
NLMS,3,period_0943,37.653333,-7.0064,5.0616,72.8335,67.9790,4.8544
NLMS,3,period_0943,37.706667,-7.0423,4.3134,72.8603,67.9790,4.8813
NLMS,3,period_0943,37.760000,-7.0591,3.6857,72.9008,67.9790,4.9218
NLMS,3,period_0943,37.800000,-7.0830,4.7445,72.9035,67.9790,4.9244
NLMS,3,period_0943,37.853333,-7.0990,3.7980,72.9216,67.9790,4.9425
NLMS,3,period_0943,37.906667,-7.1424,4.9181,72.9460,67.9790,4.9669
NLMS,3,period_0943,37.960000,-7.1831,5.1408,72.9614,67.9790,4.9824
NLMS,3,period_0943,38.000000,-7.1949,3.2218,72.9719,67.9790,4.9928
NLMS,3,period_0943,38.053333,-7.2237,4.5604,72.9956,67.9790,5.0166
NLMS,3,period_0943,38.106667,-7.2527,4.7865,73.0111,67.9790,5.0320
NLMS,3,period_0943,38.160000,-7.2681,3.9391,73.0228,67.9790,5.0438
NLMS,3,period_0943,38.200000,-7.2849,4.5569,73.0418,67.9790,5.0628
NLMS,3,period_0943,38.253333,-7.3084,5.6889,73.0640,67.9790,5.0849
NLMS,3,period_0943,38.306667,-7.3447,5.0173,73.0706,67.9790,5.0915
NLMS,3,period_0943,38.360000,-7.3706,5.6762,73.1087,67.9790,5.1297
NLMS,3,period_0943,38.400000,-7.4003,4.7782,73.1202,67.9790,5.1411
NLMS,3,period_0943,38.453333,-7.4299,4.7255,73.1414,67.9790,5.1623
NLMS,3,period_0943,38.506667,-7.4072,4.8813,73.1849,67.9790,5.2058
NLMS,3,period_0943,38.560000,-7.4665,4.7578,73.1936,67.9790,5.2146
NLMS,3,period_0943,38.600000,-7.5016,2.9674,73.2018,67.9790,5.2228
NLMS,3,period_0943,38.653333,-7.5167,5.8472,73.2354,67.9790,5.2564
NLMS,3,period_0943,38.706667,-7.5093,5.0735,73.2731,67.9790,5.2940
NLMS,3,period_0943,38.760000,-7.5615,5.8349,73.2887,67.9790,5.3097
NLMS,3,period_0943,38.800000,-7.5860,3.9978,73.2907,67.9790,5.3117
NLMS,3,period_0943,38.853333,-7.6177,4.4136,73.3244,67.9790,5.3454
NLMS,3,period_0943,38.906667,-7.6362,4.9617,73.3509,67.9790,5.3719
NLMS,3,period_0943,38.960000,-7.6867,4.5503,73.3897,67.9790,5.4107
NLMS,3,period_0943,39.000000,-7.7101,4.5731,73.4056,67.9790,5.4265
NLMS,3,period_0943,39.053333,-7.7337,4.6975,73.4155,67.9790,5.4365
NLMS,3,period_0943,39.106667,-7.7162,5.0088,73.4489,67.9790,5.4699
NLMS,3,period_0943,39.160000,-7.7740,4.1056,73.4832,67.9790,5.5042
NLMS,3,period_0943,39.200000,-7.8102,5.3238,73.5078,67.9790,5.5288
NLMS,3,period_0943,39.253333,-7.8208,4.8246,73.5381,67.9790,5.5591
NLMS,3,period_0943,39.306667,-7.8668,5.6219,73.5635,67.9790,5.5845
NLMS,3,period_0943,39.360000,-7.8738,4.9921,73.5733,67.9790,5.5942
NLMS,3,period_0943,39.400000,-7.9117,4.8996,73.5976,67.9790,5.6186
NLMS,3,period_0943,39.453333,-7.9376,5.2548,73.6250,67.9790,5.6460
NLMS,3,period_0943,39.506667,-7.9592,4.2284,73.6434,67.9790,5.6644
NLMS,3,period_0943,39.560000,-7.9913,4.4178,73.6634,67.9790,5.6844
NLMS,3,period_0943,39.600000,-8.0155,4.6350,73.6881,67.9790,5.7091
NLMS,3,period_0943,39.653333,-8.0261,3.7044,73.7210,67.9790,5.7419
NLMS,3,period_0943,39.706667,-8.0721,4.4876,73.7194,67.9790,5.7404
NLMS,3,period_0943,39.760000,-8.1065,4.8379,73.7378,67.9790,5.7588
NLMS,3,period_0943,39.800000,-8.1218,4.1045,73.7606,67.9790,5.7816
NLMS,3,period_0943,39.853333,-8.1479,5.4676,73.7943,67.9790,5.8152
NLMS,3,period_0943,39.906667,-8.1845,5.2467,73.8204,67.9790,5.8414
NLMS,3,period_0943,39.960000,-8.2023,4.1647,73.8456,67.9790,5.8666
NLMS,3,period_0943,40.000000,-8.2263,4.8989,73.8687,67.9790,5.8897
NLMS-PCA (K=20/20),0,period_0707,0.013333,2.0447,1.2183,85.3730,85.1794,0.1937
NLMS-PCA (K=20/20),0,period_0707,0.053333,2.0561,2.3417,83.2573,85.1794,-1.9220
NLMS-PCA (K=20/20),0,period_0707,0.106667,1.0379,1.8655,84.6239,85.1794,-0.5555
NLMS-PCA (K=20/20),0,period_0707,0.160000,0.8612,1.7936,84.8224,85.1794,-0.3570
NLMS-PCA (K=20/20),0,period_0707,0.200000,0.7935,2.5255,84.7760,85.1794,-0.4033
NLMS-PCA (K=20/20),0,period_0707,0.253333,2.0838,2.4204,81.9311,85.1794,-3.2483
NLMS-PCA (K=20/20),0,period_0707,0.306667,-0.0864,0.9155,85.6586,85.1794,0.4792
NLMS-PCA (K=20/20),0,period_0707,0.360000,0.1854,3.7655,85.2506,85.1794,0.0712
NLMS-PCA (K=20/20),0,period_0707,0.400000,0.2610,2.3502,85.3789,85.1794,0.1996
NLMS-PCA (K=20/20),0,period_0707,0.453333,0.7943,2.2894,84.9025,85.1794,-0.2769
NLMS-PCA (K=20/20),0,period_0707,0.506667,0.1962,0.6531,81.7876,85.1794,-3.3918
NLMS-PCA (K=20/20),0,period_0707,0.560000,0.5336,3.0988,85.4709,85.1794,0.2916
NLMS-PCA (K=20/20),0,period_0707,0.600000,0.3160,3.5529,85.3379,85.1794,0.1586
NLMS-PCA (K=20/20),0,period_0707,0.653333,0.8968,2.8757,85.4891,85.1794,0.3097
NLMS-PCA (K=20/20),0,period_0707,0.706667,-0.0308,3.3995,85.6436,85.1794,0.4642
NLMS-PCA (K=20/20),0,period_0707,0.760000,1.4580,2.8657,79.3332,85.1794,-5.8462
NLMS-PCA (K=20/20),0,period_0707,0.800000,0.8964,1.1572,80.4186,85.1794,-4.7608
NLMS-PCA (K=20/20),0,period_0707,0.853333,-0.1920,0.3225,85.9719,85.1794,0.7926
NLMS-PCA (K=20/20),0,period_0707,0.906667,-0.1572,1.4455,85.4025,85.1794,0.2231
NLMS-PCA (K=20/20),0,period_0707,0.960000,0.4161,2.3609,85.5690,85.1794,0.3896
NLMS-PCA (K=20/20),0,period_0707,1.000000,0.6762,3.1781,85.4974,85.1794,0.3180
NLMS-PCA (K=20/20),0,period_0707,1.053333,0.1622,2.3508,85.9140,85.1794,0.7347
NLMS-PCA (K=20/20),0,period_0707,1.106667,0.4846,1.6981,85.6499,85.1794,0.4705
NLMS-PCA (K=20/20),0,period_0707,1.160000,1.1335,2.2116,85.4352,85.1794,0.2558
NLMS-PCA (K=20/20),0,period_0707,1.200000,0.6576,1.8396,85.1421,85.1794,-0.0373
NLMS-PCA (K=20/20),0,period_0707,1.253333,-0.4812,1.6447,85.0971,85.1794,-0.0822
NLMS-PCA (K=20/20),0,period_0707,1.306667,0.6666,0.9377,84.1020,85.1794,-1.0773
NLMS-PCA (K=20/20),0,period_0707,1.360000,-0.0857,0.8957,84.5679,85.1794,-0.6115
NLMS-PCA (K=20/20),0,period_0707,1.400000,-0.1862,1.9668,84.8931,85.1794,-0.2863
NLMS-PCA (K=20/20),0,period_0707,1.453333,0.4319,2.2503,82.1956,85.1794,-2.9838
NLMS-PCA (K=20/20),0,period_0707,1.506667,0.7294,3.6529,84.2549,85.1794,-0.9244
NLMS-PCA (K=20/20),0,period_0707,1.560000,1.4988,2.0296,85.8876,85.1794,0.7083
NLMS-PCA (K=20/20),0,period_0707,1.600000,1.2939,1.4577,80.2037,85.1794,-4.9757
NLMS-PCA (K=20/20),0,period_0707,1.653333,0.3061,1.2678,84.7554,85.1794,-0.4240
NLMS-PCA (K=20/20),0,period_0707,1.706667,-0.4821,2.3239,84.9016,85.1794,-0.2778
NLMS-PCA (K=20/20),0,period_0707,1.760000,-0.1031,0.9237,84.9931,85.1794,-0.1863
NLMS-PCA (K=20/20),0,period_0707,1.800000,-0.4329,1.3206,85.6918,85.1794,0.5125
NLMS-PCA (K=20/20),0,period_0707,1.853333,0.0306,2.3391,84.8244,85.1794,-0.3550
NLMS-PCA (K=20/20),0,period_0707,1.906667,-0.2203,1.5567,85.4210,85.1794,0.2416
NLMS-PCA (K=20/20),0,period_0707,1.960000,-0.6628,1.9763,85.6518,85.1794,0.4725
NLMS-PCA (K=20/20),0,period_0707,2.000000,0.1993,2.1293,85.3094,85.1794,0.1301
NLMS-PCA (K=20/20),0,period_0707,2.053333,-0.4396,1.3651,85.8195,85.1794,0.6401
NLMS-PCA (K=20/20),0,period_0707,2.106667,-0.5300,1.6294,85.6504,85.1794,0.4710
NLMS-PCA (K=20/20),0,period_0707,2.160000,1.0640,2.5172,84.8240,85.1794,-0.3553
NLMS-PCA (K=20/20),0,period_0707,2.200000,0.9013,3.6659,85.6282,85.1794,0.4488
NLMS-PCA (K=20/20),0,period_0707,2.253333,-0.1670,1.7094,86.0984,85.1794,0.9191
NLMS-PCA (K=20/20),0,period_0707,2.306667,-0.2038,0.9830,86.4501,85.1794,1.2708
NLMS-PCA (K=20/20),0,period_0707,2.360000,-0.2411,1.5225,84.2703,85.1794,-0.9091
NLMS-PCA (K=20/20),0,period_0707,2.400000,-0.3832,0.9082,86.7662,85.1794,1.5869
NLMS-PCA (K=20/20),0,period_0707,2.453333,-0.7663,1.8771,86.0286,85.1794,0.8493
NLMS-PCA (K=20/20),0,period_0707,2.506667,0.5133,1.9178,83.8845,85.1794,-1.2948
NLMS-PCA (K=20/20),0,period_0707,2.560000,0.8362,1.1913,81.8101,85.1794,-3.3693
NLMS-PCA (K=20/20),0,period_0707,2.600000,0.0103,2.2098,86.0841,85.1794,0.9048
NLMS-PCA (K=20/20),0,period_0707,2.653333,0.2450,2.8003,85.8749,85.1794,0.6956
NLMS-PCA (K=20/20),0,period_0707,2.706667,-1.2437,0.7843,86.2935,85.1794,1.1142
NLMS-PCA (K=20/20),0,period_0707,2.760000,-0.4354,1.3756,86.7545,85.1794,1.5752
NLMS-PCA (K=20/20),0,period_0707,2.800000,-0.4079,3.5553,86.6710,85.1794,1.4916
NLMS-PCA (K=20/20),0,period_0707,2.853333,-0.5191,3.8333,86.3496,85.1794,1.1702
NLMS-PCA (K=20/20),0,period_0707,2.906667,-0.7664,2.8906,86.1062,85.1794,0.9268
NLMS-PCA (K=20/20),0,period_0707,2.960000,-1.0680,0.4159,83.3437,85.1794,-1.8357
NLMS-PCA (K=20/20),0,period_0707,3.000000,-1.1586,1.9822,86.4829,85.1794,1.3035
NLMS-PCA (K=20/20),0,period_0707,3.053333,-0.8362,3.2763,86.1949,85.1794,1.0155
NLMS-PCA (K=20/20),0,period_0707,3.106667,-0.5473,2.1663,82.9603,85.1794,-2.2191
NLMS-PCA (K=20/20),0,period_0707,3.160000,-0.7429,0.7103,87.3063,85.1794,2.1269
NLMS-PCA (K=20/20),0,period_0707,3.200000,-0.4933,2.0064,85.7652,85.1794,0.5858
NLMS-PCA (K=20/20),0,period_0707,3.253333,-1.1421,1.5704,86.1839,85.1794,1.0045
NLMS-PCA (K=20/20),0,period_0707,3.306667,-1.0217,1.0599,86.8509,85.1794,1.6716
NLMS-PCA (K=20/20),0,period_0707,3.360000,0.5390,1.6425,78.3881,85.1794,-6.7912
NLMS-PCA (K=20/20),0,period_0707,3.400000,-0.1425,1.9425,86.6857,85.1794,1.5063
NLMS-PCA (K=20/20),0,period_0707,3.453333,-1.0575,1.6726,86.5560,85.1794,1.3766
NLMS-PCA (K=20/20),0,period_0707,3.506667,-0.3112,1.7971,86.1404,85.1794,0.9610
NLMS-PCA (K=20/20),0,period_0707,3.560000,0.0653,2.6964,85.7630,85.1794,0.5837
NLMS-PCA (K=20/20),0,period_0707,3.600000,-0.5579,2.0838,85.7997,85.1794,0.6203
NLMS-PCA (K=20/20),0,period_0707,3.653333,-0.7795,0.6689,83.7446,85.1794,-1.4348
NLMS-PCA (K=20/20),0,period_0707,3.706667,-0.5256,1.5626,85.8844,85.1794,0.7050
NLMS-PCA (K=20/20),0,period_0707,3.760000,-0.4571,2.2529,85.3961,85.1794,0.2168
NLMS-PCA (K=20/20),0,period_0707,3.800000,0.9140,5.5597,83.1240,85.1794,-2.0553
NLMS-PCA (K=20/20),0,period_0707,3.853333,-1.1102,1.2043,86.0880,85.1794,0.9086
NLMS-PCA (K=20/20),0,period_0707,3.906667,-0.2863,1.0490,82.3154,85.1794,-2.8639
NLMS-PCA (K=20/20),0,period_0707,3.960000,0.2808,1.3625,85.0383,85.1794,-0.1411
NLMS-PCA (K=20/20),0,period_0707,4.000000,-1.2151,1.1569,86.5261,85.1794,1.3467
NLMS-PCA (K=20/20),0,period_0707,4.053333,-1.0994,1.1068,86.9296,85.1794,1.7502
NLMS-PCA (K=20/20),0,period_0707,4.106667,-0.7153,1.9481,84.6398,85.1794,-0.5395
NLMS-PCA (K=20/20),0,period_0707,4.160000,-0.5978,1.0952,85.6966,85.1794,0.5172
NLMS-PCA (K=20/20),0,period_0707,4.200000,-1.1904,1.3024,85.9750,85.1794,0.7957
NLMS-PCA (K=20/20),0,period_0707,4.253333,0.3186,1.6794,78.6666,85.1794,-6.5127
NLMS-PCA (K=20/20),0,period_0707,4.306667,1.8414,1.8612,80.5993,85.1794,-4.5801
NLMS-PCA (K=20/20),0,period_0707,4.360000,-1.0249,1.6027,86.4097,85.1794,1.2303
NLMS-PCA (K=20/20),0,period_0707,4.400000,-0.6778,1.7484,85.9778,85.1794,0.7984
NLMS-PCA (K=20/20),0,period_0707,4.453333,-0.6259,3.0598,86.0259,85.1794,0.8465
NLMS-PCA (K=20/20),0,period_0707,4.506667,-0.4724,2.1713,84.2427,85.1794,-0.9367
NLMS-PCA (K=20/20),0,period_0707,4.560000,-0.5514,2.2289,86.4119,85.1794,1.2325
NLMS-PCA (K=20/20),0,period_0707,4.600000,-0.8153,1.6336,85.6680,85.1794,0.4886
NLMS-PCA (K=20/20),0,period_0707,4.653333,-0.4766,2.0305,87.4028,85.1794,2.2234
NLMS-PCA (K=20/20),0,period_0707,4.706667,-0.1536,1.2824,81.3254,85.1794,-3.8540
NLMS-PCA (K=20/20),0,period_0707,4.760000,-1.4068,2.4899,86.7614,85.1794,1.5820
NLMS-PCA (K=20/20),0,period_0707,4.800000,-0.5308,2.3992,86.1334,85.1794,0.9541
NLMS-PCA (K=20/20),0,period_0707,4.853333,-0.9785,1.9945,86.8960,85.1794,1.7167
NLMS-PCA (K=20/20),0,period_0707,4.906667,-0.2966,1.9886,86.1379,85.1794,0.9586
NLMS-PCA (K=20/20),0,period_0707,4.960000,-0.5769,1.0656,84.5915,85.1794,-0.5878
NLMS-PCA (K=20/20),0,period_0707,5.000000,-0.0005,1.7080,85.8436,85.1794,0.6642
NLMS-PCA (K=20/20),0,period_0707,5.053333,-0.4603,1.0913,86.4725,85.1794,1.2931
NLMS-PCA (K=20/20),0,period_0707,5.106667,-0.6942,1.7911,86.7369,85.1794,1.5575
NLMS-PCA (K=20/20),0,period_0707,5.160000,0.0884,2.1307,86.7237,85.1794,1.5443
NLMS-PCA (K=20/20),0,period_0707,5.200000,-1.0368,1.2432,87.0048,85.1794,1.8255
NLMS-PCA (K=20/20),0,period_0707,5.253333,-0.7148,1.9033,85.0359,85.1794,-0.1434
NLMS-PCA (K=20/20),0,period_0707,5.306667,0.1801,2.5644,79.6813,85.1794,-5.4980
NLMS-PCA (K=20/20),0,period_0707,5.360000,-0.9409,1.7986,86.3841,85.1794,1.2047
NLMS-PCA (K=20/20),0,period_0707,5.400000,0.0795,2.3076,81.6949,85.1794,-3.4844
NLMS-PCA (K=20/20),0,period_0707,5.453333,-1.4139,0.4708,86.2884,85.1794,1.1090
NLMS-PCA (K=20/20),0,period_0707,5.506667,-1.2108,1.2289,85.2342,85.1794,0.0548
NLMS-PCA (K=20/20),0,period_0707,5.560000,-1.5191,2.2901,87.4643,85.1794,2.2849
NLMS-PCA (K=20/20),0,period_0707,5.600000,0.2231,3.0855,81.1381,85.1794,-4.0413
NLMS-PCA (K=20/20),0,period_0707,5.653333,-0.6352,0.9781,82.7015,85.1794,-2.4779
NLMS-PCA (K=20/20),0,period_0707,5.706667,0.6517,3.2826,78.4662,85.1794,-6.7132
NLMS-PCA (K=20/20),0,period_0707,5.760000,1.1014,1.4273,87.0860,85.1794,1.9066
NLMS-PCA (K=20/20),0,period_0707,5.800000,-0.1492,1.7173,86.9312,85.1794,1.7518
NLMS-PCA (K=20/20),0,period_0707,5.853333,-0.3303,1.8482,83.0483,85.1794,-2.1311
NLMS-PCA (K=20/20),0,period_0707,5.906667,-1.5677,0.4426,84.3619,85.1794,-0.8175
NLMS-PCA (K=20/20),0,period_0707,5.960000,-1.5542,1.3415,87.3038,85.1794,2.1245
NLMS-PCA (K=20/20),0,period_0707,6.000000,-1.6941,1.6524,87.3278,85.1794,2.1485
NLMS-PCA (K=20/20),0,period_0707,6.053333,-1.4006,2.8040,87.1969,85.1794,2.0175
NLMS-PCA (K=20/20),0,period_0707,6.106667,-1.3991,1.1984,86.9980,85.1794,1.8186
NLMS-PCA (K=20/20),0,period_0707,6.160000,-1.2260,0.9197,85.5482,85.1794,0.3688
NLMS-PCA (K=20/20),0,period_0707,6.200000,-0.8539,0.9036,82.1263,85.1794,-3.0531
NLMS-PCA (K=20/20),0,period_0707,6.253333,-0.4911,1.9901,87.1083,85.1794,1.9289
NLMS-PCA (K=20/20),0,period_0707,6.306667,-1.3786,0.8495,88.1803,85.1794,3.0009
NLMS-PCA (K=20/20),0,period_0707,6.360000,-1.1082,2.4846,86.0582,85.1794,0.8788
NLMS-PCA (K=20/20),0,period_0707,6.400000,-1.0768,1.8710,87.4604,85.1794,2.2811
NLMS-PCA (K=20/20),0,period_0707,6.453333,-2.0269,0.9895,87.5178,85.1794,2.3384
NLMS-PCA (K=20/20),0,period_0707,6.506667,-0.2590,1.7187,83.6479,85.1794,-1.5314
NLMS-PCA (K=20/20),0,period_0707,6.560000,-1.2112,1.3590,86.3333,85.1794,1.1539
NLMS-PCA (K=20/20),0,period_0707,6.600000,-0.9336,2.3822,87.1208,85.1794,1.9414
NLMS-PCA (K=20/20),0,period_0707,6.653333,-0.9174,2.0243,82.5360,85.1794,-2.6433
NLMS-PCA (K=20/20),0,period_0707,6.706667,-1.0152,1.2220,87.5638,85.1794,2.3844
NLMS-PCA (K=20/20),0,period_0707,6.760000,-1.4792,1.0751,87.0194,85.1794,1.8400
NLMS-PCA (K=20/20),0,period_0707,6.800000,-1.2806,0.7018,88.2050,85.1794,3.0256
NLMS-PCA (K=20/20),0,period_0707,6.853333,-1.3831,0.9818,87.9141,85.1794,2.7347
NLMS-PCA (K=20/20),0,period_0707,6.906667,-0.2904,2.1735,86.8716,85.1794,1.6922
NLMS-PCA (K=20/20),0,period_0707,6.960000,-1.0716,1.5435,87.6754,85.1794,2.4960
NLMS-PCA (K=20/20),0,period_0707,7.000000,-1.1693,2.1353,87.8159,85.1794,2.6366
NLMS-PCA (K=20/20),0,period_0707,7.053333,-0.4035,1.3224,84.7566,85.1794,-0.4227
NLMS-PCA (K=20/20),0,period_0707,7.106667,-0.9072,1.1013,88.6844,85.1794,3.5051
NLMS-PCA (K=20/20),0,period_0707,7.160000,0.2976,1.3303,80.3895,85.1794,-4.7898
NLMS-PCA (K=20/20),0,period_0707,7.200000,-1.1731,1.2642,86.4494,85.1794,1.2700
NLMS-PCA (K=20/20),0,period_0707,7.253333,-1.3443,2.5275,86.4183,85.1794,1.2389
NLMS-PCA (K=20/20),0,period_0707,7.306667,-1.4940,1.2970,86.7424,85.1794,1.5631
NLMS-PCA (K=20/20),0,period_0707,7.360000,-1.5752,1.5064,86.8736,85.1794,1.6943
NLMS-PCA (K=20/20),0,period_0707,7.400000,-1.3844,2.5550,87.5342,85.1794,2.3549
NLMS-PCA (K=20/20),0,period_0707,7.453333,-1.7405,0.8224,86.7102,85.1794,1.5308
NLMS-PCA (K=20/20),0,period_0707,7.506667,0.3445,2.3836,80.2008,85.1794,-4.9786
NLMS-PCA (K=20/20),0,period_0707,7.560000,-0.2777,1.8792,85.9859,85.1794,0.8065
NLMS-PCA (K=20/20),0,period_0707,7.600000,-0.6820,0.7219,86.6429,85.1794,1.4635
NLMS-PCA (K=20/20),0,period_0707,7.653333,-1.0562,1.3272,87.0683,85.1794,1.8889
NLMS-PCA (K=20/20),0,period_0707,7.706667,-0.2710,1.9264,85.7184,85.1794,0.5391
NLMS-PCA (K=20/20),0,period_0707,7.760000,-1.9862,1.0724,87.6285,85.1794,2.4491
NLMS-PCA (K=20/20),0,period_0707,7.800000,-2.1104,3.0063,87.2567,85.1794,2.0774
NLMS-PCA (K=20/20),0,period_0707,7.853333,-1.1969,0.9978,83.0988,85.1794,-2.0806
NLMS-PCA (K=20/20),0,period_0707,7.906667,-2.3153,0.7878,86.3738,85.1794,1.1945
NLMS-PCA (K=20/20),0,period_0707,7.960000,-0.2935,2.4645,86.5027,85.1794,1.3233
NLMS-PCA (K=20/20),0,period_0707,8.000000,-1.2114,3.7768,87.4831,85.1794,2.3037
NLMS-PCA (K=20/20),0,period_0707,8.053333,-1.1513,2.2934,86.7590,85.1794,1.5796
NLMS-PCA (K=20/20),0,period_0707,8.106667,-0.9362,1.7233,86.3950,85.1794,1.2156
NLMS-PCA (K=20/20),0,period_0707,8.160000,-1.5064,2.7143,87.2967,85.1794,2.1174
NLMS-PCA (K=20/20),0,period_0707,8.200000,-1.4145,2.5341,87.0301,85.1794,1.8508
NLMS-PCA (K=20/20),0,period_0707,8.253333,0.1491,3.2792,82.1386,85.1794,-3.0408
NLMS-PCA (K=20/20),0,period_0707,8.306667,-0.6761,1.9716,87.2444,85.1794,2.0650
NLMS-PCA (K=20/20),0,period_0707,8.360000,0.1748,4.1557,86.7914,85.1794,1.6120
NLMS-PCA (K=20/20),0,period_0707,8.400000,-0.1940,0.8385,83.8518,85.1794,-1.3275
NLMS-PCA (K=20/20),0,period_0707,8.453333,-0.4963,1.7030,86.6928,85.1794,1.5134
NLMS-PCA (K=20/20),0,period_0707,8.506667,-0.5061,0.8871,86.9658,85.1794,1.7864
NLMS-PCA (K=20/20),0,period_0707,8.560000,-0.6905,1.8003,86.7535,85.1794,1.5741
NLMS-PCA (K=20/20),0,period_0707,8.600000,-0.8118,1.9657,87.4751,85.1794,2.2958
NLMS-PCA (K=20/20),0,period_0707,8.653333,-0.7779,0.8322,87.6281,85.1794,2.4488
NLMS-PCA (K=20/20),0,period_0707,8.706667,-1.4477,1.3069,87.6525,85.1794,2.4731
NLMS-PCA (K=20/20),0,period_0707,8.760000,-1.2386,1.5194,86.6121,85.1794,1.4327
NLMS-PCA (K=20/20),0,period_0707,8.800000,-0.8328,2.0528,86.8622,85.1794,1.6829
NLMS-PCA (K=20/20),0,period_0707,8.853333,-0.9900,1.8885,84.2840,85.1794,-0.8954
NLMS-PCA (K=20/20),0,period_0707,8.906667,-0.9915,1.5747,86.8059,85.1794,1.6265
NLMS-PCA (K=20/20),0,period_0707,8.960000,-1.0328,1.6811,87.1982,85.1794,2.0188
NLMS-PCA (K=20/20),0,period_0707,9.000000,-2.0462,1.2072,87.2525,85.1794,2.0731
NLMS-PCA (K=20/20),0,period_0707,9.053333,-0.5002,1.8318,86.5474,85.1794,1.3680
NLMS-PCA (K=20/20),0,period_0707,9.106667,-1.0591,2.0945,86.3897,85.1794,1.2103
NLMS-PCA (K=20/20),0,period_0707,9.160000,-1.0650,1.8910,87.0411,85.1794,1.8618
NLMS-PCA (K=20/20),0,period_0707,9.200000,-1.4875,1.9305,86.9735,85.1794,1.7941
NLMS-PCA (K=20/20),0,period_0707,9.253333,-1.1476,1.4620,86.7522,85.1794,1.5728
NLMS-PCA (K=20/20),0,period_0707,9.306667,-0.2525,2.2238,86.4703,85.1794,1.2910
NLMS-PCA (K=20/20),0,period_0707,9.360000,-1.0384,1.1879,84.6557,85.1794,-0.5236
NLMS-PCA (K=20/20),0,period_0707,9.400000,-1.4013,2.9831,86.9964,85.1794,1.8170
NLMS-PCA (K=20/20),0,period_0707,9.453333,-0.3858,1.8827,80.0280,85.1794,-5.1514
NLMS-PCA (K=20/20),0,period_0707,9.506667,-0.9772,1.3328,84.8711,85.1794,-0.3083
NLMS-PCA (K=20/20),0,period_0707,9.560000,-2.2193,1.0954,87.4699,85.1794,2.2905
NLMS-PCA (K=20/20),0,period_0707,9.600000,-1.6794,2.3477,86.6311,85.1794,1.4517
NLMS-PCA (K=20/20),0,period_0707,9.653333,-0.8802,1.4803,81.4980,85.1794,-3.6813
NLMS-PCA (K=20/20),0,period_0707,9.706667,-1.1929,2.5770,86.9382,85.1794,1.7588
NLMS-PCA (K=20/20),0,period_0707,9.760000,-1.4815,2.1366,87.5984,85.1794,2.4190
NLMS-PCA (K=20/20),0,period_0707,9.800000,-1.2683,2.7024,84.2969,85.1794,-0.8825
NLMS-PCA (K=20/20),0,period_0707,9.853333,-1.9514,1.2729,87.4104,85.1794,2.2310
NLMS-PCA (K=20/20),0,period_0707,9.906667,-1.6937,1.7141,87.7007,85.1794,2.5213
NLMS-PCA (K=20/20),0,period_0707,9.960000,-2.1096,0.9314,87.1969,85.1794,2.0175
NLMS-PCA (K=20/20),0,period_0707,10.000000,-2.1862,1.9399,87.3551,85.1794,2.1758
NLMS-PCA (K=20/20),1,period_0856,10.013333,-0.9334,1.3894,76.4534,75.6790,0.7744
NLMS-PCA (K=20/20),1,period_0856,10.053333,-2.8425,2.6928,77.9168,75.6790,2.2377
NLMS-PCA (K=20/20),1,period_0856,10.106667,-4.6480,3.7514,79.7281,75.6790,4.0491
NLMS-PCA (K=20/20),1,period_0856,10.160000,-5.6319,4.2608,81.3515,75.6790,5.6725
NLMS-PCA (K=20/20),1,period_0856,10.200000,-5.9138,6.5401,81.7697,75.6790,6.0907
NLMS-PCA (K=20/20),1,period_0856,10.253333,-6.9073,4.7775,83.3493,75.6790,7.6703
NLMS-PCA (K=20/20),1,period_0856,10.306667,-6.7116,5.2003,83.4539,75.6790,7.7749
NLMS-PCA (K=20/20),1,period_0856,10.360000,-6.4891,5.0970,82.2221,75.6790,6.5431
NLMS-PCA (K=20/20),1,period_0856,10.400000,-6.3100,5.1409,82.8430,75.6790,7.1640
NLMS-PCA (K=20/20),1,period_0856,10.453333,-6.2395,4.8047,82.3049,75.6790,6.6259
NLMS-PCA (K=20/20),1,period_0856,10.506667,-6.1475,4.2990,82.4117,75.6790,6.7327
NLMS-PCA (K=20/20),1,period_0856,10.560000,-6.1006,6.8181,82.2186,75.6790,6.5396
NLMS-PCA (K=20/20),1,period_0856,10.600000,-6.0250,4.9603,83.1249,75.6790,7.4458
NLMS-PCA (K=20/20),1,period_0856,10.653333,-6.0096,5.5329,82.9637,75.6790,7.2846
NLMS-PCA (K=20/20),1,period_0856,10.706667,-5.5887,6.6737,81.9446,75.6790,6.2656
NLMS-PCA (K=20/20),1,period_0856,10.760000,-5.6073,5.0627,81.9567,75.6790,6.2776
NLMS-PCA (K=20/20),1,period_0856,10.800000,-5.7336,4.1169,82.0893,75.6790,6.4103
NLMS-PCA (K=20/20),1,period_0856,10.853333,-5.7877,7.5920,82.4377,75.6790,6.7587
NLMS-PCA (K=20/20),1,period_0856,10.906667,-5.8696,4.4714,83.2306,75.6790,7.5516
NLMS-PCA (K=20/20),1,period_0856,10.960000,-5.9432,5.2373,82.7839,75.6790,7.1049
NLMS-PCA (K=20/20),1,period_0856,11.000000,-6.0119,6.3855,82.9698,75.6790,7.2908
NLMS-PCA (K=20/20),1,period_0856,11.053333,-6.0340,5.6355,82.9585,75.6790,7.2795
NLMS-PCA (K=20/20),1,period_0856,11.106667,-5.9948,5.5652,83.1056,75.6790,7.4266
NLMS-PCA (K=20/20),1,period_0856,11.160000,-5.8163,5.4632,82.5698,75.6790,6.8908
NLMS-PCA (K=20/20),1,period_0856,11.200000,-5.8258,6.3954,82.8022,75.6790,7.1232
NLMS-PCA (K=20/20),1,period_0856,11.253333,-5.6767,4.7741,82.5544,75.6790,6.8754
NLMS-PCA (K=20/20),1,period_0856,11.306667,-5.3752,8.2140,82.5093,75.6790,6.8303
NLMS-PCA (K=20/20),1,period_0856,11.360000,-5.7501,5.7214,82.5834,75.6790,6.9044
NLMS-PCA (K=20/20),1,period_0856,11.400000,-5.6209,4.8253,82.3839,75.6790,6.7049
NLMS-PCA (K=20/20),1,period_0856,11.453333,-5.1833,6.3715,82.4106,75.6790,6.7315
NLMS-PCA (K=20/20),1,period_0856,11.506667,-5.2214,5.0763,82.4885,75.6790,6.8095
NLMS-PCA (K=20/20),1,period_0856,11.560000,-5.2377,6.1020,82.7037,75.6790,7.0247
NLMS-PCA (K=20/20),1,period_0856,11.600000,-4.9188,7.9311,82.4630,75.6790,6.7840
NLMS-PCA (K=20/20),1,period_0856,11.653333,-4.9058,5.6340,82.2060,75.6790,6.5270
NLMS-PCA (K=20/20),1,period_0856,11.706667,-5.0672,5.7797,82.1768,75.6790,6.4977
NLMS-PCA (K=20/20),1,period_0856,11.760000,-5.2528,5.0891,82.2862,75.6790,6.6072
NLMS-PCA (K=20/20),1,period_0856,11.800000,-5.2871,5.3397,82.4169,75.6790,6.7379
NLMS-PCA (K=20/20),1,period_0856,11.853333,-4.5689,5.1125,81.8211,75.6790,6.1421
NLMS-PCA (K=20/20),1,period_0856,11.906667,-5.0809,4.8237,82.2709,75.6790,6.5919
NLMS-PCA (K=20/20),1,period_0856,11.960000,-4.7853,5.2044,82.2519,75.6790,6.5729
NLMS-PCA (K=20/20),1,period_0856,12.000000,-4.9796,5.2917,82.3725,75.6790,6.6935
NLMS-PCA (K=20/20),1,period_0856,12.053333,-4.7075,5.3689,81.9168,75.6790,6.2378
NLMS-PCA (K=20/20),1,period_0856,12.106667,-4.4961,5.6800,81.8664,75.6790,6.1874
NLMS-PCA (K=20/20),1,period_0856,12.160000,-4.6905,5.0484,81.8357,75.6790,6.1567
NLMS-PCA (K=20/20),1,period_0856,12.200000,-4.4482,5.4443,81.3098,75.6790,5.6308
NLMS-PCA (K=20/20),1,period_0856,12.253333,-4.3457,6.7083,81.5991,75.6790,5.9201
NLMS-PCA (K=20/20),1,period_0856,12.306667,-3.9854,6.0306,81.2513,75.6790,5.5723
NLMS-PCA (K=20/20),1,period_0856,12.360000,-4.5798,5.2205,82.2216,75.6790,6.5426
NLMS-PCA (K=20/20),1,period_0856,12.400000,-4.1994,4.7053,80.1188,75.6790,4.4398
NLMS-PCA (K=20/20),1,period_0856,12.453333,-3.7563,5.2595,79.2625,75.6790,3.5835
NLMS-PCA (K=20/20),1,period_0856,12.506667,-4.1385,5.8736,80.7662,75.6790,5.0872
NLMS-PCA (K=20/20),1,period_0856,12.560000,-4.2317,5.2523,81.6555,75.6790,5.9765
NLMS-PCA (K=20/20),1,period_0856,12.600000,-4.2989,5.8827,81.8690,75.6790,6.1900
NLMS-PCA (K=20/20),1,period_0856,12.653333,-4.3075,4.3218,81.9198,75.6790,6.2408
NLMS-PCA (K=20/20),1,period_0856,12.706667,-3.9359,5.4149,78.4700,75.6790,2.7910
NLMS-PCA (K=20/20),1,period_0856,12.760000,-4.5310,4.5603,82.1454,75.6790,6.4664
NLMS-PCA (K=20/20),1,period_0856,12.800000,-4.3470,6.3083,82.0924,75.6790,6.4134
NLMS-PCA (K=20/20),1,period_0856,12.853333,-4.0191,4.6889,81.6467,75.6790,5.9677
NLMS-PCA (K=20/20),1,period_0856,12.906667,-4.5464,4.3329,82.2078,75.6790,6.5288
NLMS-PCA (K=20/20),1,period_0856,12.960000,-4.4958,5.2710,81.8151,75.6790,6.1361
NLMS-PCA (K=20/20),1,period_0856,13.000000,-4.5000,4.5591,81.8680,75.6790,6.1890
NLMS-PCA (K=20/20),1,period_0856,13.053333,-4.2759,6.3881,81.7469,75.6790,6.0679
NLMS-PCA (K=20/20),1,period_0856,13.106667,-4.3961,5.5532,81.5009,75.6790,5.8218
NLMS-PCA (K=20/20),1,period_0856,13.160000,-4.4384,4.3634,82.2399,75.6790,6.5609
NLMS-PCA (K=20/20),1,period_0856,13.200000,-4.8685,4.7269,82.3593,75.6790,6.6803
NLMS-PCA (K=20/20),1,period_0856,13.253333,-4.6639,6.1377,80.4589,75.6790,4.7799
NLMS-PCA (K=20/20),1,period_0856,13.306667,-4.3174,5.5293,81.7234,75.6790,6.0444
NLMS-PCA (K=20/20),1,period_0856,13.360000,-4.6529,5.9231,81.8532,75.6790,6.1741
NLMS-PCA (K=20/20),1,period_0856,13.400000,-4.4266,4.3230,80.1343,75.6790,4.4553
NLMS-PCA (K=20/20),1,period_0856,13.453333,-4.5883,5.0223,81.4766,75.6790,5.7976
NLMS-PCA (K=20/20),1,period_0856,13.506667,-4.7074,4.7470,81.6224,75.6790,5.9433
NLMS-PCA (K=20/20),1,period_0856,13.560000,-4.7444,5.3701,81.6361,75.6790,5.9571
NLMS-PCA (K=20/20),1,period_0856,13.600000,-4.5554,3.5591,81.5162,75.6790,5.8372
NLMS-PCA (K=20/20),1,period_0856,13.653333,-4.4999,4.7957,81.2757,75.6790,5.5967
NLMS-PCA (K=20/20),1,period_0856,13.706667,-4.5900,4.9832,81.3357,75.6790,5.6566
NLMS-PCA (K=20/20),1,period_0856,13.760000,-4.4549,4.9570,81.2012,75.6790,5.5222
NLMS-PCA (K=20/20),1,period_0856,13.800000,-4.4174,5.0737,81.2802,75.6790,5.6012
NLMS-PCA (K=20/20),1,period_0856,13.853333,-3.7525,6.6010,81.3178,75.6790,5.6387
NLMS-PCA (K=20/20),1,period_0856,13.906667,-4.3222,4.5648,81.4870,75.6790,5.8080
NLMS-PCA (K=20/20),1,period_0856,13.960000,-4.5306,5.5625,81.5572,75.6790,5.8781
NLMS-PCA (K=20/20),1,period_0856,14.000000,-4.5231,5.9871,81.3431,75.6790,5.6641
NLMS-PCA (K=20/20),1,period_0856,14.053333,-3.9151,6.4258,80.7430,75.6790,5.0640
NLMS-PCA (K=20/20),1,period_0856,14.106667,-4.2059,5.3387,80.8171,75.6790,5.1380
NLMS-PCA (K=20/20),1,period_0856,14.160000,-3.9538,5.2905,80.4870,75.6790,4.8080
NLMS-PCA (K=20/20),1,period_0856,14.200000,-4.0196,4.8758,80.6470,75.6790,4.9680
NLMS-PCA (K=20/20),1,period_0856,14.253333,-3.8810,5.8917,80.5972,75.6790,4.9182
NLMS-PCA (K=20/20),1,period_0856,14.306667,-3.8500,5.3785,80.4631,75.6790,4.7841
NLMS-PCA (K=20/20),1,period_0856,14.360000,-4.2321,5.5303,80.6604,75.6790,4.9814
NLMS-PCA (K=20/20),1,period_0856,14.400000,-3.9284,5.7934,80.4485,75.6790,4.7695
NLMS-PCA (K=20/20),1,period_0856,14.453333,-3.9659,5.9869,80.2485,75.6790,4.5694
NLMS-PCA (K=20/20),1,period_0856,14.506667,-4.0130,4.9163,80.9020,75.6790,5.2230
NLMS-PCA (K=20/20),1,period_0856,14.560000,-3.8518,5.3664,80.5780,75.6790,4.8990
NLMS-PCA (K=20/20),1,period_0856,14.600000,-3.8082,6.5844,80.7383,75.6790,5.0593
NLMS-PCA (K=20/20),1,period_0856,14.653333,-3.8972,5.6535,80.9312,75.6790,5.2521
NLMS-PCA (K=20/20),1,period_0856,14.706667,-3.8597,7.2286,80.5828,75.6790,4.9037
NLMS-PCA (K=20/20),1,period_0856,14.760000,-3.8930,5.4381,80.6406,75.6790,4.9616
NLMS-PCA (K=20/20),1,period_0856,14.800000,-3.6116,5.3409,80.5979,75.6790,4.9189
NLMS-PCA (K=20/20),1,period_0856,14.853333,-3.6623,7.8479,80.1322,75.6790,4.4532
NLMS-PCA (K=20/20),1,period_0856,14.906667,-3.5933,3.9237,80.1534,75.6790,4.4744
NLMS-PCA (K=20/20),1,period_0856,14.960000,-3.5508,5.5452,80.2662,75.6790,4.5872
NLMS-PCA (K=20/20),1,period_0856,15.000000,-3.5159,5.6017,80.1182,75.6790,4.4392
NLMS-PCA (K=20/20),1,period_0856,15.053333,-3.3434,4.5797,79.6483,75.6790,3.9692
NLMS-PCA (K=20/20),1,period_0856,15.106667,-3.1520,5.8304,79.9140,75.6790,4.2350
NLMS-PCA (K=20/20),1,period_0856,15.160000,-3.4550,4.1042,80.3080,75.6790,4.6290
NLMS-PCA (K=20/20),1,period_0856,15.200000,-3.6938,7.0801,80.0443,75.6790,4.3653
NLMS-PCA (K=20/20),1,period_0856,15.253333,-3.7530,4.5729,80.1332,75.6790,4.4542
NLMS-PCA (K=20/20),1,period_0856,15.306667,-3.6917,5.8705,80.0987,75.6790,4.4197
NLMS-PCA (K=20/20),1,period_0856,15.360000,-3.3285,5.5487,80.2128,75.6790,4.5337
NLMS-PCA (K=20/20),1,period_0856,15.400000,-3.5617,4.9693,80.4993,75.6790,4.8203
NLMS-PCA (K=20/20),1,period_0856,15.453333,-3.7251,4.5572,80.3136,75.6790,4.6346
NLMS-PCA (K=20/20),1,period_0856,15.506667,-3.5201,5.3533,80.2603,75.6790,4.5813
NLMS-PCA (K=20/20),1,period_0856,15.560000,-3.7481,5.3371,80.2864,75.6790,4.6073
NLMS-PCA (K=20/20),1,period_0856,15.600000,-3.5632,6.0976,80.5073,75.6790,4.8283
NLMS-PCA (K=20/20),1,period_0856,15.653333,-3.8664,6.4033,80.7130,75.6790,5.0340
NLMS-PCA (K=20/20),1,period_0856,15.706667,-3.6133,6.4815,80.7742,75.6790,5.0951
NLMS-PCA (K=20/20),1,period_0856,15.760000,-3.5768,6.5252,80.4193,75.6790,4.7403
NLMS-PCA (K=20/20),1,period_0856,15.800000,-4.0102,4.1140,80.8139,75.6790,5.1349
NLMS-PCA (K=20/20),1,period_0856,15.853333,-3.9203,6.0892,80.8559,75.6790,5.1769
NLMS-PCA (K=20/20),1,period_0856,15.906667,-4.2671,6.1607,80.9177,75.6790,5.2386
NLMS-PCA (K=20/20),1,period_0856,15.960000,-3.9261,6.1728,80.5983,75.6790,4.9193
NLMS-PCA (K=20/20),1,period_0856,16.000000,-3.9092,5.2818,80.3756,75.6790,4.6966
NLMS-PCA (K=20/20),1,period_0856,16.053333,-3.8166,6.6409,80.4778,75.6790,4.7988
NLMS-PCA (K=20/20),1,period_0856,16.106667,-3.7849,5.0080,80.4969,75.6790,4.8179
NLMS-PCA (K=20/20),1,period_0856,16.160000,-3.8273,6.0109,80.3892,75.6790,4.7102
NLMS-PCA (K=20/20),1,period_0856,16.200000,-3.7471,6.1639,80.5223,75.6790,4.8433
NLMS-PCA (K=20/20),1,period_0856,16.253333,-3.6095,6.0862,80.4035,75.6790,4.7245
NLMS-PCA (K=20/20),1,period_0856,16.306667,-3.9734,5.6008,80.7300,75.6790,5.0510
NLMS-PCA (K=20/20),1,period_0856,16.360000,-3.8838,6.0862,80.5283,75.6790,4.8493
NLMS-PCA (K=20/20),1,period_0856,16.400000,-3.9464,5.3288,80.2413,75.6790,4.5623
NLMS-PCA (K=20/20),1,period_0856,16.453333,-3.9354,5.0955,81.0536,75.6790,5.3745
NLMS-PCA (K=20/20),1,period_0856,16.506667,-4.1786,4.1710,80.9065,75.6790,5.2275
NLMS-PCA (K=20/20),1,period_0856,16.560000,-4.2279,6.3256,80.8929,75.6790,5.2138
NLMS-PCA (K=20/20),1,period_0856,16.600000,-4.3570,5.6134,80.8738,75.6790,5.1948
NLMS-PCA (K=20/20),1,period_0856,16.653333,-4.2486,5.7604,80.7976,75.6790,5.1185
NLMS-PCA (K=20/20),1,period_0856,16.706667,-3.8935,4.6547,81.0528,75.6790,5.3738
NLMS-PCA (K=20/20),1,period_0856,16.760000,-3.7783,5.8287,80.9453,75.6790,5.2663
NLMS-PCA (K=20/20),1,period_0856,16.800000,-3.8242,4.2238,81.0812,75.6790,5.4022
NLMS-PCA (K=20/20),1,period_0856,16.853333,-3.6075,5.9903,80.6704,75.6790,4.9914
NLMS-PCA (K=20/20),1,period_0856,16.906667,-3.8164,6.0818,80.7603,75.6790,5.0813
NLMS-PCA (K=20/20),1,period_0856,16.960000,-3.8534,5.0173,80.7523,75.6790,5.0732
NLMS-PCA (K=20/20),1,period_0856,17.000000,-3.9954,5.8927,81.0280,75.6790,5.3490
NLMS-PCA (K=20/20),1,period_0856,17.053333,-3.9942,5.8230,81.1261,75.6790,5.4471
NLMS-PCA (K=20/20),1,period_0856,17.106667,-3.7462,6.1493,80.7198,75.6790,5.0408
NLMS-PCA (K=20/20),1,period_0856,17.160000,-4.1034,3.8439,80.8363,75.6790,5.1572
NLMS-PCA (K=20/20),1,period_0856,17.200000,-4.0196,5.4474,80.6507,75.6790,4.9717
NLMS-PCA (K=20/20),1,period_0856,17.253333,-3.5936,5.5866,80.3261,75.6790,4.6471
NLMS-PCA (K=20/20),1,period_0856,17.306667,-3.7725,6.3474,80.7177,75.6790,5.0386
NLMS-PCA (K=20/20),1,period_0856,17.360000,-3.8582,5.4206,80.6855,75.6790,5.0064
NLMS-PCA (K=20/20),1,period_0856,17.400000,-3.7287,5.3627,80.7459,75.6790,5.0668
NLMS-PCA (K=20/20),1,period_0856,17.453333,-3.8397,5.8335,80.8367,75.6790,5.1577
NLMS-PCA (K=20/20),1,period_0856,17.506667,-3.6977,4.6536,80.6174,75.6790,4.9384
NLMS-PCA (K=20/20),1,period_0856,17.560000,-3.4269,6.1729,80.7635,75.6790,5.0845
NLMS-PCA (K=20/20),1,period_0856,17.600000,-3.7136,4.9974,80.7936,75.6790,5.1145
NLMS-PCA (K=20/20),1,period_0856,17.653333,-3.6899,5.5206,80.4195,75.6790,4.7405
NLMS-PCA (K=20/20),1,period_0856,17.706667,-3.8369,6.2390,80.2901,75.6790,4.6111
NLMS-PCA (K=20/20),1,period_0856,17.760000,-3.4924,5.8075,80.0655,75.6790,4.3865
NLMS-PCA (K=20/20),1,period_0856,17.800000,-3.6078,4.7264,80.2547,75.6790,4.5756
NLMS-PCA (K=20/20),1,period_0856,17.853333,-3.8423,4.3260,80.5285,75.6790,4.8495
NLMS-PCA (K=20/20),1,period_0856,17.906667,-3.6294,5.1638,80.7234,75.6790,5.0443
NLMS-PCA (K=20/20),1,period_0856,17.960000,-3.2692,6.1088,80.6277,75.6790,4.9486
NLMS-PCA (K=20/20),1,period_0856,18.000000,-3.7182,3.6142,80.5674,75.6790,4.8883
NLMS-PCA (K=20/20),1,period_0856,18.053333,-3.5956,5.3529,80.0730,75.6790,4.3940
NLMS-PCA (K=20/20),1,period_0856,18.106667,-3.6223,5.2041,80.2233,75.6790,4.5443
NLMS-PCA (K=20/20),1,period_0856,18.160000,-3.4799,4.5065,80.4307,75.6790,4.7517
NLMS-PCA (K=20/20),1,period_0856,18.200000,-3.9397,4.2316,80.3748,75.6790,4.6958
NLMS-PCA (K=20/20),1,period_0856,18.253333,-3.9913,5.8539,80.9634,75.6790,5.2843
NLMS-PCA (K=20/20),1,period_0856,18.306667,-2.9837,6.6863,76.5334,75.6790,0.8544
NLMS-PCA (K=20/20),1,period_0856,18.360000,-3.8098,4.1108,80.7280,75.6790,5.0489
NLMS-PCA (K=20/20),1,period_0856,18.400000,-3.6756,5.1513,80.5962,75.6790,4.9172
NLMS-PCA (K=20/20),1,period_0856,18.453333,-3.8248,5.9692,80.8506,75.6790,5.1715
NLMS-PCA (K=20/20),1,period_0856,18.506667,-3.6374,5.1834,80.3779,75.6790,4.6988
NLMS-PCA (K=20/20),1,period_0856,18.560000,-3.7285,6.0894,80.7055,75.6790,5.0265
NLMS-PCA (K=20/20),1,period_0856,18.600000,-3.4927,8.3374,80.5345,75.6790,4.8555
NLMS-PCA (K=20/20),1,period_0856,18.653333,-3.7357,3.5427,80.4536,75.6790,4.7746
NLMS-PCA (K=20/20),1,period_0856,18.706667,-3.8130,5.5324,80.6975,75.6790,5.0185
NLMS-PCA (K=20/20),1,period_0856,18.760000,-3.6950,4.4933,81.0803,75.6790,5.4013
NLMS-PCA (K=20/20),1,period_0856,18.800000,-3.6686,6.7406,80.6871,75.6790,5.0081
NLMS-PCA (K=20/20),1,period_0856,18.853333,-3.6458,6.4211,80.5839,75.6790,4.9049
NLMS-PCA (K=20/20),1,period_0856,18.906667,-3.5345,4.7297,80.3981,75.6790,4.7190
NLMS-PCA (K=20/20),1,period_0856,18.960000,-3.1705,5.5902,80.2750,75.6790,4.5960
NLMS-PCA (K=20/20),1,period_0856,19.000000,-3.3948,6.0664,80.0931,75.6790,4.4141
NLMS-PCA (K=20/20),1,period_0856,19.053333,-3.4866,5.0469,79.9805,75.6790,4.3015
NLMS-PCA (K=20/20),1,period_0856,19.106667,-2.9415,6.2638,79.7805,75.6790,4.1015
NLMS-PCA (K=20/20),1,period_0856,19.160000,-3.3135,5.3645,80.4549,75.6790,4.7759
NLMS-PCA (K=20/20),1,period_0856,19.200000,-3.6147,6.2986,80.3714,75.6790,4.6924
NLMS-PCA (K=20/20),1,period_0856,19.253333,-3.2625,5.5424,80.0954,75.6790,4.4163
NLMS-PCA (K=20/20),1,period_0856,19.306667,-3.4810,4.6437,79.8660,75.6790,4.1870
NLMS-PCA (K=20/20),1,period_0856,19.360000,-3.2524,7.3350,80.3583,75.6790,4.6793
NLMS-PCA (K=20/20),1,period_0856,19.400000,-3.7388,4.8448,80.5412,75.6790,4.8622
NLMS-PCA (K=20/20),1,period_0856,19.453333,-3.7774,5.3782,80.2088,75.6790,4.5298
NLMS-PCA (K=20/20),1,period_0856,19.506667,-3.4806,4.8729,80.0610,75.6790,4.3819
NLMS-PCA (K=20/20),1,period_0856,19.560000,-3.7556,3.6778,80.3674,75.6790,4.6884
NLMS-PCA (K=20/20),1,period_0856,19.600000,-3.8067,5.9771,80.2754,75.6790,4.5963
NLMS-PCA (K=20/20),1,period_0856,19.653333,-3.7581,4.5395,80.3099,75.6790,4.6309
NLMS-PCA (K=20/20),1,period_0856,19.706667,-3.1520,6.7150,79.8991,75.6790,4.2200
NLMS-PCA (K=20/20),1,period_0856,19.760000,-3.6027,4.6489,80.3179,75.6790,4.6388
NLMS-PCA (K=20/20),1,period_0856,19.800000,-3.8189,6.2580,80.5752,75.6790,4.8962
NLMS-PCA (K=20/20),1,period_0856,19.853333,-3.9205,4.9592,80.5401,75.6790,4.8610
NLMS-PCA (K=20/20),1,period_0856,19.906667,-3.5740,6.8014,80.6165,75.6790,4.9374
NLMS-PCA (K=20/20),1,period_0856,19.960000,-3.7159,5.1610,80.1768,75.6790,4.4978
NLMS-PCA (K=20/20),1,period_0856,20.000000,-3.7328,7.4670,80.2056,75.6790,4.5266
NLMS-PCA (K=20/20),2,period_0916,20.013333,-5.2919,-6.7654,78.3942,76.8005,1.5937
NLMS-PCA (K=20/20),2,period_0916,20.053333,-6.8033,2.9391,80.5040,76.8005,3.7035
NLMS-PCA (K=20/20),2,period_0916,20.106667,-6.7651,2.4154,81.1353,76.8005,4.3348
NLMS-PCA (K=20/20),2,period_0916,20.160000,-6.9112,3.6343,81.1618,76.8005,4.3613
NLMS-PCA (K=20/20),2,period_0916,20.200000,-6.7808,3.0105,81.2570,76.8005,4.4565
NLMS-PCA (K=20/20),2,period_0916,20.253333,-7.0506,2.8640,82.1539,76.8005,5.3534
NLMS-PCA (K=20/20),2,period_0916,20.306667,-7.1319,1.9234,84.0929,76.8005,7.2925
NLMS-PCA (K=20/20),2,period_0916,20.360000,-7.0957,2.9769,84.4633,76.8005,7.6628
NLMS-PCA (K=20/20),2,period_0916,20.400000,-7.0805,2.4430,84.6177,76.8005,7.8172
NLMS-PCA (K=20/20),2,period_0916,20.453333,-6.3274,3.1102,84.5096,76.8005,7.7091
NLMS-PCA (K=20/20),2,period_0916,20.506667,-6.3416,2.6971,83.9183,76.8005,7.1178
NLMS-PCA (K=20/20),2,period_0916,20.560000,-6.3455,3.1992,83.7316,76.8005,6.9311
NLMS-PCA (K=20/20),2,period_0916,20.600000,-6.3081,3.7475,81.8595,76.8005,5.0590
NLMS-PCA (K=20/20),2,period_0916,20.653333,-4.7867,5.4087,82.4401,76.8005,5.6396
NLMS-PCA (K=20/20),2,period_0916,20.706667,-5.8534,2.2591,82.6449,76.8005,5.8444
NLMS-PCA (K=20/20),2,period_0916,20.760000,-6.3858,3.3432,82.9785,76.8005,6.1780
NLMS-PCA (K=20/20),2,period_0916,20.800000,-5.9158,3.0308,82.6863,76.8005,5.8858
NLMS-PCA (K=20/20),2,period_0916,20.853333,-5.5652,2.6345,82.0758,76.8005,5.2753
NLMS-PCA (K=20/20),2,period_0916,20.906667,-5.7297,2.6841,82.7575,76.8005,5.9570
NLMS-PCA (K=20/20),2,period_0916,20.960000,-5.4626,3.6165,80.6365,76.8005,3.8360
NLMS-PCA (K=20/20),2,period_0916,21.000000,-5.9597,4.0676,82.2498,76.8005,5.4493
NLMS-PCA (K=20/20),2,period_0916,21.053333,-5.6991,2.5294,81.5140,76.8005,4.7135
NLMS-PCA (K=20/20),2,period_0916,21.106667,-5.3232,3.3346,81.7752,76.8005,4.9747
NLMS-PCA (K=20/20),2,period_0916,21.160000,-5.6060,4.2370,81.5246,76.8005,4.7241
NLMS-PCA (K=20/20),2,period_0916,21.200000,-5.9601,3.7405,81.6499,76.8005,4.8494
NLMS-PCA (K=20/20),2,period_0916,21.253333,-6.2227,4.0121,81.8172,76.8005,5.0167
NLMS-PCA (K=20/20),2,period_0916,21.306667,-5.3484,4.3083,81.0081,76.8005,4.2076
NLMS-PCA (K=20/20),2,period_0916,21.360000,-5.8610,3.1823,81.3417,76.8005,4.5412
NLMS-PCA (K=20/20),2,period_0916,21.400000,-5.9281,4.0088,81.1472,76.8005,4.3467
NLMS-PCA (K=20/20),2,period_0916,21.453333,-5.5215,3.5057,81.0896,76.8005,4.2891
NLMS-PCA (K=20/20),2,period_0916,21.506667,-5.8361,2.2837,81.6512,76.8005,4.8507
NLMS-PCA (K=20/20),2,period_0916,21.560000,-5.2068,3.1418,79.7201,76.8005,2.9196
NLMS-PCA (K=20/20),2,period_0916,21.600000,-5.3005,3.3660,81.1477,76.8005,4.3472
NLMS-PCA (K=20/20),2,period_0916,21.653333,-5.6748,3.8245,81.4529,76.8005,4.6524
NLMS-PCA (K=20/20),2,period_0916,21.706667,-6.4069,3.1114,82.6830,76.8005,5.8825
NLMS-PCA (K=20/20),2,period_0916,21.760000,-6.6823,4.1975,82.4711,76.8005,5.6706
NLMS-PCA (K=20/20),2,period_0916,21.800000,-5.5116,2.9731,80.0958,76.8005,3.2953
NLMS-PCA (K=20/20),2,period_0916,21.853333,-6.4551,2.3511,81.9504,76.8005,5.1499
NLMS-PCA (K=20/20),2,period_0916,21.906667,-5.6675,3.4341,81.6972,76.8005,4.8967
NLMS-PCA (K=20/20),2,period_0916,21.960000,-6.2211,3.1688,81.0017,76.8005,4.2012
NLMS-PCA (K=20/20),2,period_0916,22.000000,-6.2146,2.9394,81.5056,76.8005,4.7051
NLMS-PCA (K=20/20),2,period_0916,22.053333,-6.3526,2.4733,82.2820,76.8005,5.4815
NLMS-PCA (K=20/20),2,period_0916,22.106667,-6.1656,4.9727,81.9337,76.8005,5.1332
NLMS-PCA (K=20/20),2,period_0916,22.160000,-6.7023,2.9054,81.8018,76.8005,5.0013
NLMS-PCA (K=20/20),2,period_0916,22.200000,-6.6157,3.5667,82.4837,76.8005,5.6832
NLMS-PCA (K=20/20),2,period_0916,22.253333,-7.1672,3.3199,82.7655,76.8005,5.9650
NLMS-PCA (K=20/20),2,period_0916,22.306667,-6.5385,2.8796,82.6237,76.8005,5.8232
NLMS-PCA (K=20/20),2,period_0916,22.360000,-7.1963,1.6221,83.1178,76.8005,6.3173
NLMS-PCA (K=20/20),2,period_0916,22.400000,-6.5902,4.3078,79.9476,76.8005,3.1471
NLMS-PCA (K=20/20),2,period_0916,22.453333,-6.8672,3.5483,82.7269,76.8005,5.9264
NLMS-PCA (K=20/20),2,period_0916,22.506667,-6.1320,4.2014,82.2412,76.8005,5.4407
NLMS-PCA (K=20/20),2,period_0916,22.560000,-6.0798,3.5272,79.9060,76.8005,3.1055
NLMS-PCA (K=20/20),2,period_0916,22.600000,-7.0775,1.8890,82.7294,76.8005,5.9289
NLMS-PCA (K=20/20),2,period_0916,22.653333,-7.5468,3.1510,82.9568,76.8005,6.1564
NLMS-PCA (K=20/20),2,period_0916,22.706667,-6.0301,4.0180,82.2480,76.8005,5.4475
NLMS-PCA (K=20/20),2,period_0916,22.760000,-7.2845,2.2353,82.6980,76.8005,5.8975
NLMS-PCA (K=20/20),2,period_0916,22.800000,-6.0166,4.4545,82.0434,76.8005,5.2429
NLMS-PCA (K=20/20),2,period_0916,22.853333,-6.5948,3.3396,81.9813,76.8005,5.1808
NLMS-PCA (K=20/20),2,period_0916,22.906667,-6.6192,3.3798,82.1746,76.8005,5.3741
NLMS-PCA (K=20/20),2,period_0916,22.960000,-7.1925,2.9312,82.8041,76.8005,6.0036
NLMS-PCA (K=20/20),2,period_0916,23.000000,-7.1196,4.4164,82.9308,76.8005,6.1304
NLMS-PCA (K=20/20),2,period_0916,23.053333,-6.5633,3.5431,82.4765,76.8005,5.6760
NLMS-PCA (K=20/20),2,period_0916,23.106667,-6.7694,2.3737,83.0500,76.8005,6.2496
NLMS-PCA (K=20/20),2,period_0916,23.160000,-6.9263,4.0041,82.9351,76.8005,6.1346
NLMS-PCA (K=20/20),2,period_0916,23.200000,-6.7095,2.5502,82.7371,76.8005,5.9366
NLMS-PCA (K=20/20),2,period_0916,23.253333,-7.1548,3.0399,82.3584,76.8005,5.5579
NLMS-PCA (K=20/20),2,period_0916,23.306667,-6.8485,4.9900,81.9725,76.8005,5.1720
NLMS-PCA (K=20/20),2,period_0916,23.360000,-6.8410,3.7501,81.7729,76.8005,4.9724
NLMS-PCA (K=20/20),2,period_0916,23.400000,-6.4541,4.7635,82.3769,76.8005,5.5764
NLMS-PCA (K=20/20),2,period_0916,23.453333,-6.4269,3.2083,81.7023,76.8005,4.9018
NLMS-PCA (K=20/20),2,period_0916,23.506667,-6.6027,3.3213,81.8283,76.8005,5.0278
NLMS-PCA (K=20/20),2,period_0916,23.560000,-6.3297,3.4577,80.5141,76.8005,3.7136
NLMS-PCA (K=20/20),2,period_0916,23.600000,-6.6548,3.7335,82.1687,76.8005,5.3682
NLMS-PCA (K=20/20),2,period_0916,23.653333,-7.4210,3.0803,82.6752,76.8005,5.8747
NLMS-PCA (K=20/20),2,period_0916,23.706667,-7.0151,4.3285,81.9569,76.8005,5.1564
NLMS-PCA (K=20/20),2,period_0916,23.760000,-7.3374,2.9846,83.0553,76.8005,6.2548
NLMS-PCA (K=20/20),2,period_0916,23.800000,-7.4912,2.2301,83.3665,76.8005,6.5660
NLMS-PCA (K=20/20),2,period_0916,23.853333,-7.7143,3.9243,84.1133,76.8005,7.3128
NLMS-PCA (K=20/20),2,period_0916,23.906667,-7.5558,3.5587,83.0401,76.8005,6.2396
NLMS-PCA (K=20/20),2,period_0916,23.960000,-7.0434,2.9659,82.7566,76.8005,5.9561
NLMS-PCA (K=20/20),2,period_0916,24.000000,-6.6956,2.7102,82.3264,76.8005,5.5259
NLMS-PCA (K=20/20),2,period_0916,24.053333,-6.3216,3.9898,81.6055,76.8005,4.8050
NLMS-PCA (K=20/20),2,period_0916,24.106667,-6.0485,3.4894,81.1812,76.8005,4.3807
NLMS-PCA (K=20/20),2,period_0916,24.160000,-5.9202,3.7150,80.3074,76.8005,3.5069
NLMS-PCA (K=20/20),2,period_0916,24.200000,-6.3906,3.2578,81.6582,76.8005,4.8577
NLMS-PCA (K=20/20),2,period_0916,24.253333,-5.6459,3.1226,80.6098,76.8005,3.8093
NLMS-PCA (K=20/20),2,period_0916,24.306667,-6.2260,2.2638,81.8408,76.8005,5.0404
NLMS-PCA (K=20/20),2,period_0916,24.360000,-6.2114,3.8145,81.8586,76.8005,5.0581
NLMS-PCA (K=20/20),2,period_0916,24.400000,-6.9684,2.1880,82.3383,76.8005,5.5378
NLMS-PCA (K=20/20),2,period_0916,24.453333,-7.2794,2.5214,82.4296,76.8005,5.6291
NLMS-PCA (K=20/20),2,period_0916,24.506667,-6.6255,3.4034,81.9694,76.8005,5.1689
NLMS-PCA (K=20/20),2,period_0916,24.560000,-6.4244,1.9653,81.5725,76.8005,4.7720
NLMS-PCA (K=20/20),2,period_0916,24.600000,-5.4868,3.3041,81.0626,76.8005,4.2621
NLMS-PCA (K=20/20),2,period_0916,24.653333,-6.8810,2.2797,82.4860,76.8005,5.6855
NLMS-PCA (K=20/20),2,period_0916,24.706667,-6.2366,3.6575,80.7517,76.8005,3.9512
NLMS-PCA (K=20/20),2,period_0916,24.760000,-6.6604,3.7952,82.1518,76.8005,5.3513
NLMS-PCA (K=20/20),2,period_0916,24.800000,-6.8649,2.9105,82.3199,76.8005,5.5194
NLMS-PCA (K=20/20),2,period_0916,24.853333,-7.0456,3.7495,82.7214,76.8005,5.9209
NLMS-PCA (K=20/20),2,period_0916,24.906667,-6.1479,2.7251,82.1172,76.8005,5.3167
NLMS-PCA (K=20/20),2,period_0916,24.960000,-6.4259,2.3011,81.8816,76.8005,5.0811
NLMS-PCA (K=20/20),2,period_0916,25.000000,-6.6118,3.8246,81.9874,76.8005,5.1869
NLMS-PCA (K=20/20),2,period_0916,25.053333,-6.2055,2.9844,81.4372,76.8005,4.6367
NLMS-PCA (K=20/20),2,period_0916,25.106667,-6.5900,2.8941,82.2232,76.8005,5.4227
NLMS-PCA (K=20/20),2,period_0916,25.160000,-6.8094,3.1053,81.9603,76.8005,5.1598
NLMS-PCA (K=20/20),2,period_0916,25.200000,-6.6015,2.9723,81.8324,76.8005,5.0319
NLMS-PCA (K=20/20),2,period_0916,25.253333,-6.5051,3.4341,82.1775,76.8005,5.3770
NLMS-PCA (K=20/20),2,period_0916,25.306667,-6.3987,3.7648,81.6649,76.8005,4.8644
NLMS-PCA (K=20/20),2,period_0916,25.360000,-5.8225,3.6561,81.3975,76.8005,4.5970
NLMS-PCA (K=20/20),2,period_0916,25.400000,-6.6059,3.0795,82.3733,76.8005,5.5728
NLMS-PCA (K=20/20),2,period_0916,25.453333,-6.0036,3.6699,81.5878,76.8005,4.7873
NLMS-PCA (K=20/20),2,period_0916,25.506667,-5.8805,2.4884,80.8727,76.8005,4.0722
NLMS-PCA (K=20/20),2,period_0916,25.560000,-6.1088,3.2332,80.7930,76.8005,3.9925
NLMS-PCA (K=20/20),2,period_0916,25.600000,-6.4168,2.6466,81.4335,76.8005,4.6330
NLMS-PCA (K=20/20),2,period_0916,25.653333,-5.8748,3.7181,81.9616,76.8005,5.1611
NLMS-PCA (K=20/20),2,period_0916,25.706667,-6.3998,2.5384,81.7318,76.8005,4.9313
NLMS-PCA (K=20/20),2,period_0916,25.760000,-6.2818,3.2824,81.6792,76.8005,4.8787
NLMS-PCA (K=20/20),2,period_0916,25.800000,-6.5437,3.6961,81.8405,76.8005,5.0400
NLMS-PCA (K=20/20),2,period_0916,25.853333,-5.9253,2.9192,80.1128,76.8005,3.3123
NLMS-PCA (K=20/20),2,period_0916,25.906667,-6.0837,3.6844,81.5780,76.8005,4.7775
NLMS-PCA (K=20/20),2,period_0916,25.960000,-5.8797,2.4783,81.4848,76.8005,4.6843
NLMS-PCA (K=20/20),2,period_0916,26.000000,-6.0803,3.2413,81.9145,76.8005,5.1140
NLMS-PCA (K=20/20),2,period_0916,26.053333,-6.0998,3.4515,82.2745,76.8005,5.4740
NLMS-PCA (K=20/20),2,period_0916,26.106667,-6.0146,2.9087,82.0152,76.8005,5.2147
NLMS-PCA (K=20/20),2,period_0916,26.160000,-6.5158,2.2345,82.1186,76.8005,5.3181
NLMS-PCA (K=20/20),2,period_0916,26.200000,-6.1560,3.7822,82.3161,76.8005,5.5156
NLMS-PCA (K=20/20),2,period_0916,26.253333,-6.2337,3.8516,82.1794,76.8005,5.3789
NLMS-PCA (K=20/20),2,period_0916,26.306667,-6.6262,3.1017,81.9818,76.8005,5.1814
NLMS-PCA (K=20/20),2,period_0916,26.360000,-6.7840,3.6397,81.8474,76.8005,5.0469
NLMS-PCA (K=20/20),2,period_0916,26.400000,-6.2700,4.8007,80.6237,76.8005,3.8232
NLMS-PCA (K=20/20),2,period_0916,26.453333,-6.7864,3.3130,82.3207,76.8005,5.5202
NLMS-PCA (K=20/20),2,period_0916,26.506667,-6.9350,2.9368,82.6060,76.8005,5.8055
NLMS-PCA (K=20/20),2,period_0916,26.560000,-6.6814,3.3359,82.3470,76.8005,5.5465
NLMS-PCA (K=20/20),2,period_0916,26.600000,-6.8990,4.6653,82.3270,76.8005,5.5265
NLMS-PCA (K=20/20),2,period_0916,26.653333,-7.1636,3.3006,82.6325,76.8005,5.8320
NLMS-PCA (K=20/20),2,period_0916,26.706667,-7.1399,3.1538,83.5035,76.8005,6.7030
NLMS-PCA (K=20/20),2,period_0916,26.760000,-7.1539,3.1253,83.3580,76.8005,6.5575
NLMS-PCA (K=20/20),2,period_0916,26.800000,-6.4652,3.8988,82.6559,76.8005,5.8554
NLMS-PCA (K=20/20),2,period_0916,26.853333,-6.8863,2.7267,82.9136,76.8005,6.1131
NLMS-PCA (K=20/20),2,period_0916,26.906667,-6.3699,3.9030,82.3649,76.8005,5.5644
NLMS-PCA (K=20/20),2,period_0916,26.960000,-6.6004,2.7382,82.4992,76.8005,5.6987
NLMS-PCA (K=20/20),2,period_0916,27.000000,-7.7576,3.4501,82.8933,76.8005,6.0928
NLMS-PCA (K=20/20),2,period_0916,27.053333,-6.2027,3.0586,79.7245,76.8005,2.9240
NLMS-PCA (K=20/20),2,period_0916,27.106667,-7.2024,3.5807,82.8331,76.8005,6.0326
NLMS-PCA (K=20/20),2,period_0916,27.160000,-6.4538,4.2096,82.7330,76.8005,5.9325
NLMS-PCA (K=20/20),2,period_0916,27.200000,-6.1216,2.4245,82.0641,76.8005,5.2636
NLMS-PCA (K=20/20),2,period_0916,27.253333,-6.8686,2.6175,82.3617,76.8005,5.5612
NLMS-PCA (K=20/20),2,period_0916,27.306667,-6.7474,2.6104,82.3174,76.8005,5.5169
NLMS-PCA (K=20/20),2,period_0916,27.360000,-7.2319,3.0783,82.5800,76.8005,5.7795
NLMS-PCA (K=20/20),2,period_0916,27.400000,-6.8713,4.9903,83.0025,76.8005,6.2020
NLMS-PCA (K=20/20),2,period_0916,27.453333,-6.7529,3.1699,82.6052,76.8005,5.8047
NLMS-PCA (K=20/20),2,period_0916,27.506667,-6.6181,3.3391,82.7634,76.8005,5.9629
NLMS-PCA (K=20/20),2,period_0916,27.560000,-6.6475,4.0182,82.6093,76.8005,5.8088
NLMS-PCA (K=20/20),2,period_0916,27.600000,-6.7784,3.1355,82.6433,76.8005,5.8428
NLMS-PCA (K=20/20),2,period_0916,27.653333,-6.8994,3.4936,82.6769,76.8005,5.8764
NLMS-PCA (K=20/20),2,period_0916,27.706667,-6.6426,3.2313,82.3569,76.8005,5.5564
NLMS-PCA (K=20/20),2,period_0916,27.760000,-7.0570,2.9900,83.0800,76.8005,6.2795
NLMS-PCA (K=20/20),2,period_0916,27.800000,-6.4725,3.2175,82.1405,76.8005,5.3400
NLMS-PCA (K=20/20),2,period_0916,27.853333,-6.6806,2.5982,82.9364,76.8005,6.1359
NLMS-PCA (K=20/20),2,period_0916,27.906667,-6.5988,3.0582,82.9398,76.8005,6.1394
NLMS-PCA (K=20/20),2,period_0916,27.960000,-6.4971,3.9153,82.8469,76.8005,6.0464
NLMS-PCA (K=20/20),2,period_0916,28.000000,-6.1128,4.1452,82.5970,76.8005,5.7965
NLMS-PCA (K=20/20),2,period_0916,28.053333,-6.7149,3.0629,82.6457,76.8005,5.8453
NLMS-PCA (K=20/20),2,period_0916,28.106667,-6.3885,3.8159,82.0544,76.8005,5.2539
NLMS-PCA (K=20/20),2,period_0916,28.160000,-6.6795,2.8261,82.4302,76.8005,5.6297
NLMS-PCA (K=20/20),2,period_0916,28.200000,-6.3529,3.6442,82.2125,76.8005,5.4120
NLMS-PCA (K=20/20),2,period_0916,28.253333,-6.3608,3.9206,82.4449,76.8005,5.6444
NLMS-PCA (K=20/20),2,period_0916,28.306667,-6.1945,3.3162,82.2821,76.8005,5.4816
NLMS-PCA (K=20/20),2,period_0916,28.360000,-6.4531,2.9961,81.9467,76.8005,5.1462
NLMS-PCA (K=20/20),2,period_0916,28.400000,-6.7967,2.9166,82.0946,76.8005,5.2941
NLMS-PCA (K=20/20),2,period_0916,28.453333,-6.2170,4.5527,82.3931,76.8005,5.5926
NLMS-PCA (K=20/20),2,period_0916,28.506667,-5.9667,4.7445,82.4029,76.8005,5.6024
NLMS-PCA (K=20/20),2,period_0916,28.560000,-5.9195,3.2918,81.1452,76.8005,4.3447
NLMS-PCA (K=20/20),2,period_0916,28.600000,-5.6903,3.8857,81.1781,76.8005,4.3776
NLMS-PCA (K=20/20),2,period_0916,28.653333,-5.4940,4.3425,81.2670,76.8005,4.4665
NLMS-PCA (K=20/20),2,period_0916,28.706667,-4.9351,3.9970,75.5059,76.8005,-1.2946
NLMS-PCA (K=20/20),2,period_0916,28.760000,-6.5422,2.9696,81.9088,76.8005,5.1083
NLMS-PCA (K=20/20),2,period_0916,28.800000,-6.8701,1.6175,82.0580,76.8005,5.2576
NLMS-PCA (K=20/20),2,period_0916,28.853333,-6.9293,4.3059,82.1863,76.8005,5.3858
NLMS-PCA (K=20/20),2,period_0916,28.906667,-6.4120,2.2693,81.8225,76.8005,5.0220
NLMS-PCA (K=20/20),2,period_0916,28.960000,-6.1118,3.5039,78.7213,76.8005,1.9208
NLMS-PCA (K=20/20),2,period_0916,29.000000,-6.6318,4.8154,82.1465,76.8005,5.3460
NLMS-PCA (K=20/20),2,period_0916,29.053333,-6.5880,3.0681,82.1443,76.8005,5.3438
NLMS-PCA (K=20/20),2,period_0916,29.106667,-6.7898,2.7896,82.2077,76.8005,5.4072
NLMS-PCA (K=20/20),2,period_0916,29.160000,-6.9335,2.5792,82.0148,76.8005,5.2143
NLMS-PCA (K=20/20),2,period_0916,29.200000,-6.6541,3.9377,81.8154,76.8005,5.0149
NLMS-PCA (K=20/20),2,period_0916,29.253333,-7.1687,3.2376,82.4634,76.8005,5.6629
NLMS-PCA (K=20/20),2,period_0916,29.306667,-6.1840,3.5971,77.8932,76.8005,1.0927
NLMS-PCA (K=20/20),2,period_0916,29.360000,-6.6364,3.6492,82.2655,76.8005,5.4650
NLMS-PCA (K=20/20),2,period_0916,29.400000,-6.4253,3.2352,81.9765,76.8005,5.1760
NLMS-PCA (K=20/20),2,period_0916,29.453333,-6.1214,2.8330,81.6803,76.8005,4.8798
NLMS-PCA (K=20/20),2,period_0916,29.506667,-6.4329,3.2318,81.6628,76.8005,4.8623
NLMS-PCA (K=20/20),2,period_0916,29.560000,-5.8401,3.3247,81.3825,76.8005,4.5820
NLMS-PCA (K=20/20),2,period_0916,29.600000,-5.7643,3.3576,79.5096,76.8005,2.7091
NLMS-PCA (K=20/20),2,period_0916,29.653333,-5.9908,2.8144,81.6225,76.8005,4.8220
NLMS-PCA (K=20/20),2,period_0916,29.706667,-5.8116,3.9284,81.0260,76.8005,4.2255
NLMS-PCA (K=20/20),2,period_0916,29.760000,-6.2307,2.6365,81.4397,76.8005,4.6392
NLMS-PCA (K=20/20),2,period_0916,29.800000,-6.3850,3.3452,81.5520,76.8005,4.7515
NLMS-PCA (K=20/20),2,period_0916,29.853333,-6.6135,3.3223,81.4304,76.8005,4.6299
NLMS-PCA (K=20/20),2,period_0916,29.906667,-5.5359,4.1092,80.8662,76.8005,4.0657
NLMS-PCA (K=20/20),2,period_0916,29.960000,-6.1427,2.9610,81.0335,76.8005,4.2330
NLMS-PCA (K=20/20),2,period_0916,30.000000,-6.4895,3.0450,81.5237,76.8005,4.7232
NLMS-PCA (K=20/20),3,period_0943,30.013333,-3.0039,0.3562,70.4496,67.9790,2.4705
NLMS-PCA (K=20/20),3,period_0943,30.053333,-3.1867,5.1653,70.5734,67.9790,2.5944
NLMS-PCA (K=20/20),3,period_0943,30.106667,-3.3658,3.9621,70.8025,67.9790,2.8234
NLMS-PCA (K=20/20),3,period_0943,30.160000,-3.5202,3.7692,70.9967,67.9790,3.0177
NLMS-PCA (K=20/20),3,period_0943,30.200000,-3.6211,5.3446,71.0881,67.9790,3.1090
NLMS-PCA (K=20/20),3,period_0943,30.253333,-3.8545,3.2730,71.4273,67.9790,3.4482
NLMS-PCA (K=20/20),3,period_0943,30.306667,-3.7947,4.0622,71.4339,67.9790,3.4549
NLMS-PCA (K=20/20),3,period_0943,30.360000,-4.2308,4.5892,71.7442,67.9790,3.7651
NLMS-PCA (K=20/20),3,period_0943,30.400000,-4.3613,5.3353,71.7297,67.9790,3.7507
NLMS-PCA (K=20/20),3,period_0943,30.453333,-4.4407,5.1987,72.1294,67.9790,4.1503
NLMS-PCA (K=20/20),3,period_0943,30.506667,-4.5571,3.8334,72.0191,67.9790,4.0400
NLMS-PCA (K=20/20),3,period_0943,30.560000,-4.8698,5.3154,72.2061,67.9790,4.2270
NLMS-PCA (K=20/20),3,period_0943,30.600000,-4.8917,4.0465,72.3204,67.9790,4.3414
NLMS-PCA (K=20/20),3,period_0943,30.653333,-4.9482,4.5221,72.3617,67.9790,4.3826
NLMS-PCA (K=20/20),3,period_0943,30.706667,-4.8981,3.0885,72.2860,67.9790,4.3070
NLMS-PCA (K=20/20),3,period_0943,30.760000,-4.9422,4.5167,72.5124,67.9790,4.5334
NLMS-PCA (K=20/20),3,period_0943,30.800000,-4.9885,3.5623,72.1638,67.9790,4.1848
NLMS-PCA (K=20/20),3,period_0943,30.853333,-4.9626,4.1392,72.5955,67.9790,4.6164
NLMS-PCA (K=20/20),3,period_0943,30.906667,-5.0284,4.2763,72.5060,67.9790,4.5270
NLMS-PCA (K=20/20),3,period_0943,30.960000,-5.1884,4.2288,73.0456,67.9790,5.0665
NLMS-PCA (K=20/20),3,period_0943,31.000000,-5.3456,6.4394,73.1647,67.9790,5.1856
NLMS-PCA (K=20/20),3,period_0943,31.053333,-5.3458,4.4382,73.0033,67.9790,5.0243
NLMS-PCA (K=20/20),3,period_0943,31.106667,-5.3607,4.4455,72.7545,67.9790,4.7754
NLMS-PCA (K=20/20),3,period_0943,31.160000,-5.4620,4.1858,73.1061,67.9790,5.1270
NLMS-PCA (K=20/20),3,period_0943,31.200000,-5.5599,5.1473,73.1791,67.9790,5.2000
NLMS-PCA (K=20/20),3,period_0943,31.253333,-5.4909,4.6049,73.1406,67.9790,5.1615
NLMS-PCA (K=20/20),3,period_0943,31.306667,-5.7471,4.5134,73.4153,67.9790,5.4362
NLMS-PCA (K=20/20),3,period_0943,31.360000,-5.7683,4.0528,73.4655,67.9790,5.4865
NLMS-PCA (K=20/20),3,period_0943,31.400000,-5.9050,5.5708,73.3728,67.9790,5.3938
NLMS-PCA (K=20/20),3,period_0943,31.453333,-6.0148,3.7766,73.3447,67.9790,5.3657
NLMS-PCA (K=20/20),3,period_0943,31.506667,-5.9166,4.7402,73.2008,67.9790,5.2217
NLMS-PCA (K=20/20),3,period_0943,31.560000,-5.9728,5.1842,73.4141,67.9790,5.4350
NLMS-PCA (K=20/20),3,period_0943,31.600000,-6.2321,4.4007,73.6456,67.9790,5.6665
NLMS-PCA (K=20/20),3,period_0943,31.653333,-6.2707,4.4375,73.6134,67.9790,5.6344
NLMS-PCA (K=20/20),3,period_0943,31.706667,-6.3588,4.8069,73.9201,67.9790,5.9411
NLMS-PCA (K=20/20),3,period_0943,31.760000,-6.2771,4.9756,74.1340,67.9790,6.1550
NLMS-PCA (K=20/20),3,period_0943,31.800000,-6.3464,5.3363,74.2707,67.9790,6.2916
NLMS-PCA (K=20/20),3,period_0943,31.853333,-6.7643,5.2699,74.2764,67.9790,6.2973
NLMS-PCA (K=20/20),3,period_0943,31.906667,-6.6474,4.4833,73.9744,67.9790,5.9954
NLMS-PCA (K=20/20),3,period_0943,31.960000,-6.5449,4.7821,74.6306,67.9790,6.6516
NLMS-PCA (K=20/20),3,period_0943,32.000000,-6.5250,4.5331,74.2434,67.9790,6.2644
NLMS-PCA (K=20/20),3,period_0943,32.053333,-6.8079,4.8738,74.5286,67.9790,6.5495
NLMS-PCA (K=20/20),3,period_0943,32.106667,-6.9350,3.4714,74.6622,67.9790,6.6832
NLMS-PCA (K=20/20),3,period_0943,32.160000,-7.0372,4.4297,74.8349,67.9790,6.8559
NLMS-PCA (K=20/20),3,period_0943,32.200000,-7.0297,5.2842,74.9941,67.9790,7.0151
NLMS-PCA (K=20/20),3,period_0943,32.253333,-6.8874,5.1677,75.0736,67.9790,7.0946
NLMS-PCA (K=20/20),3,period_0943,32.306667,-6.9157,5.2204,75.0634,67.9790,7.0843
NLMS-PCA (K=20/20),3,period_0943,32.360000,-6.7702,4.1042,74.9318,67.9790,6.9527
NLMS-PCA (K=20/20),3,period_0943,32.400000,-7.0174,5.4023,75.0893,67.9790,7.1103
NLMS-PCA (K=20/20),3,period_0943,32.453333,-7.1355,4.4640,75.2769,67.9790,7.2979
NLMS-PCA (K=20/20),3,period_0943,32.506667,-6.8386,4.7326,75.0280,67.9790,7.0490
NLMS-PCA (K=20/20),3,period_0943,32.560000,-6.7627,3.8525,74.7188,67.9790,6.7397
NLMS-PCA (K=20/20),3,period_0943,32.600000,-7.0357,5.3052,74.8298,67.9790,6.8507
NLMS-PCA (K=20/20),3,period_0943,32.653333,-7.0657,4.6635,75.0987,67.9790,7.1196
NLMS-PCA (K=20/20),3,period_0943,32.706667,-7.0137,5.1567,75.0531,67.9790,7.0740
NLMS-PCA (K=20/20),3,period_0943,32.760000,-7.0232,3.9343,75.1169,67.9790,7.1379
NLMS-PCA (K=20/20),3,period_0943,32.800000,-6.9006,3.9425,74.9836,67.9790,7.0045
NLMS-PCA (K=20/20),3,period_0943,32.853333,-7.1023,4.0318,75.0707,67.9790,7.0916
NLMS-PCA (K=20/20),3,period_0943,32.906667,-7.2118,5.1853,75.1920,67.9790,7.2130
NLMS-PCA (K=20/20),3,period_0943,32.960000,-7.3224,5.5889,75.1680,67.9790,7.1890
NLMS-PCA (K=20/20),3,period_0943,33.000000,-7.2607,4.6138,75.3872,67.9790,7.4081
NLMS-PCA (K=20/20),3,period_0943,33.053333,-7.3094,5.4323,75.6676,67.9790,7.6885
NLMS-PCA (K=20/20),3,period_0943,33.106667,-7.3186,4.9894,75.3118,67.9790,7.3327
NLMS-PCA (K=20/20),3,period_0943,33.160000,-7.3227,4.2346,75.5131,67.9790,7.5340
NLMS-PCA (K=20/20),3,period_0943,33.200000,-6.9588,3.5171,75.0923,67.9790,7.1133
NLMS-PCA (K=20/20),3,period_0943,33.253333,-7.1531,4.4018,75.5800,67.9790,7.6009
NLMS-PCA (K=20/20),3,period_0943,33.306667,-7.2367,5.0384,75.7515,67.9790,7.7724
NLMS-PCA (K=20/20),3,period_0943,33.360000,-7.3758,4.8470,75.9296,67.9790,7.9506
NLMS-PCA (K=20/20),3,period_0943,33.400000,-7.3490,4.7484,75.8412,67.9790,7.8622
NLMS-PCA (K=20/20),3,period_0943,33.453333,-7.0948,4.5898,76.0446,67.9790,8.0656
NLMS-PCA (K=20/20),3,period_0943,33.506667,-7.4551,4.8077,75.6663,67.9790,7.6872
NLMS-PCA (K=20/20),3,period_0943,33.560000,-7.3224,5.5106,75.9829,67.9790,8.0039
NLMS-PCA (K=20/20),3,period_0943,33.600000,-7.1986,4.5462,75.9060,67.9790,7.9270
NLMS-PCA (K=20/20),3,period_0943,33.653333,-7.5484,4.8777,76.3733,67.9790,8.3943
NLMS-PCA (K=20/20),3,period_0943,33.706667,-7.5368,4.4598,76.1041,67.9790,8.1251
NLMS-PCA (K=20/20),3,period_0943,33.760000,-7.5058,4.4733,76.3630,67.9790,8.3839
NLMS-PCA (K=20/20),3,period_0943,33.800000,-7.2228,4.6013,76.0838,67.9790,8.1047
NLMS-PCA (K=20/20),3,period_0943,33.853333,-7.3537,4.2791,76.1297,67.9790,8.1507
NLMS-PCA (K=20/20),3,period_0943,33.906667,-7.0106,4.0507,76.2393,67.9790,8.2602
NLMS-PCA (K=20/20),3,period_0943,33.960000,-6.9565,4.5559,76.0917,67.9790,8.1126
NLMS-PCA (K=20/20),3,period_0943,34.000000,-7.0913,4.6653,76.2011,67.9790,8.2220
NLMS-PCA (K=20/20),3,period_0943,34.053333,-7.3748,5.5427,76.4210,67.9790,8.4420
NLMS-PCA (K=20/20),3,period_0943,34.106667,-7.2117,3.7779,76.4758,67.9790,8.4967
NLMS-PCA (K=20/20),3,period_0943,34.160000,-7.4908,4.9449,76.0589,67.9790,8.0798
NLMS-PCA (K=20/20),3,period_0943,34.200000,-7.3605,4.4582,75.6734,67.9790,7.6944
NLMS-PCA (K=20/20),3,period_0943,34.253333,-7.3100,5.5038,76.0518,67.9790,8.0727
NLMS-PCA (K=20/20),3,period_0943,34.306667,-7.0768,4.4215,75.6483,67.9790,7.6693
NLMS-PCA (K=20/20),3,period_0943,34.360000,-7.2637,4.9823,75.8740,67.9790,7.8950
NLMS-PCA (K=20/20),3,period_0943,34.400000,-7.3991,4.0487,75.6771,67.9790,7.6981
NLMS-PCA (K=20/20),3,period_0943,34.453333,-7.3651,4.8377,75.9188,67.9790,7.9398
NLMS-PCA (K=20/20),3,period_0943,34.506667,-7.4473,4.0586,75.9029,67.9790,7.9238
NLMS-PCA (K=20/20),3,period_0943,34.560000,-7.4433,5.3563,76.1795,67.9790,8.2004
NLMS-PCA (K=20/20),3,period_0943,34.600000,-7.4971,4.0876,76.2461,67.9790,8.2671
NLMS-PCA (K=20/20),3,period_0943,34.653333,-7.4887,5.4616,76.2557,67.9790,8.2767
NLMS-PCA (K=20/20),3,period_0943,34.706667,-7.5966,4.8760,76.3193,67.9790,8.3403
NLMS-PCA (K=20/20),3,period_0943,34.760000,-7.5029,3.8111,75.9922,67.9790,8.0131
NLMS-PCA (K=20/20),3,period_0943,34.800000,-7.4646,4.5820,76.1772,67.9790,8.1981
NLMS-PCA (K=20/20),3,period_0943,34.853333,-7.5774,5.7147,75.8232,67.9790,7.8441
NLMS-PCA (K=20/20),3,period_0943,34.906667,-7.6054,4.6973,76.0863,67.9790,8.1072
NLMS-PCA (K=20/20),3,period_0943,34.960000,-7.6836,4.2368,76.5726,67.9790,8.5936
NLMS-PCA (K=20/20),3,period_0943,35.000000,-7.5827,5.1892,76.6303,67.9790,8.6512
NLMS-PCA (K=20/20),3,period_0943,35.053333,-7.6710,4.3595,76.1235,67.9790,8.1445
NLMS-PCA (K=20/20),3,period_0943,35.106667,-7.7365,4.9375,76.6459,67.9790,8.6669
NLMS-PCA (K=20/20),3,period_0943,35.160000,-7.5742,5.3701,76.1815,67.9790,8.2025
NLMS-PCA (K=20/20),3,period_0943,35.200000,-7.3943,4.6820,75.9575,67.9790,7.9784
NLMS-PCA (K=20/20),3,period_0943,35.253333,-7.4136,4.6499,75.9253,67.9790,7.9463
NLMS-PCA (K=20/20),3,period_0943,35.306667,-7.4349,4.8456,75.6569,67.9790,7.6779
NLMS-PCA (K=20/20),3,period_0943,35.360000,-7.5943,4.9446,75.6193,67.9790,7.6403
NLMS-PCA (K=20/20),3,period_0943,35.400000,-7.5917,3.7598,75.9834,67.9790,8.0044
NLMS-PCA (K=20/20),3,period_0943,35.453333,-7.7359,4.0473,76.2182,67.9790,8.2391
NLMS-PCA (K=20/20),3,period_0943,35.506667,-7.9434,4.7685,76.4280,67.9790,8.4490
NLMS-PCA (K=20/20),3,period_0943,35.560000,-7.6470,4.3529,76.3276,67.9790,8.3486
NLMS-PCA (K=20/20),3,period_0943,35.600000,-7.8421,4.7747,76.2530,67.9790,8.2740
NLMS-PCA (K=20/20),3,period_0943,35.653333,-7.5652,5.0933,75.9528,67.9790,7.9738
NLMS-PCA (K=20/20),3,period_0943,35.706667,-7.5121,4.5664,76.3062,67.9790,8.3271
NLMS-PCA (K=20/20),3,period_0943,35.760000,-7.3010,4.7166,75.9698,67.9790,7.9908
NLMS-PCA (K=20/20),3,period_0943,35.800000,-7.5778,5.1426,76.5062,67.9790,8.5272
NLMS-PCA (K=20/20),3,period_0943,35.853333,-7.6406,4.1154,76.7259,67.9790,8.7468
NLMS-PCA (K=20/20),3,period_0943,35.906667,-7.3110,5.1693,76.4086,67.9790,8.4295
NLMS-PCA (K=20/20),3,period_0943,35.960000,-7.8011,5.3985,76.5333,67.9790,8.5543
NLMS-PCA (K=20/20),3,period_0943,36.000000,-7.8224,6.0090,76.2571,67.9790,8.2780
NLMS-PCA (K=20/20),3,period_0943,36.053333,-7.7599,4.3840,76.0606,67.9790,8.0815
NLMS-PCA (K=20/20),3,period_0943,36.106667,-7.7253,4.9736,75.9887,67.9790,8.0096
NLMS-PCA (K=20/20),3,period_0943,36.160000,-7.6143,5.3536,76.5614,67.9790,8.5823
NLMS-PCA (K=20/20),3,period_0943,36.200000,-7.6551,4.2540,76.5449,67.9790,8.5658
NLMS-PCA (K=20/20),3,period_0943,36.253333,-7.4700,4.7179,76.5484,67.9790,8.5694
NLMS-PCA (K=20/20),3,period_0943,36.306667,-7.4065,4.1380,76.5039,67.9790,8.5249
NLMS-PCA (K=20/20),3,period_0943,36.360000,-7.2512,2.9376,76.1167,67.9790,8.1377
NLMS-PCA (K=20/20),3,period_0943,36.400000,-7.1517,4.3566,76.2067,67.9790,8.2277
NLMS-PCA (K=20/20),3,period_0943,36.453333,-7.1841,4.5140,76.4625,67.9790,8.4834
NLMS-PCA (K=20/20),3,period_0943,36.506667,-7.0434,4.5422,76.1909,67.9790,8.2118
NLMS-PCA (K=20/20),3,period_0943,36.560000,-6.9983,4.4210,76.1520,67.9790,8.1729
NLMS-PCA (K=20/20),3,period_0943,36.600000,-7.0834,5.0473,76.2956,67.9790,8.3166
NLMS-PCA (K=20/20),3,period_0943,36.653333,-7.2658,4.0233,76.2620,67.9790,8.2829
NLMS-PCA (K=20/20),3,period_0943,36.706667,-7.2029,5.5001,76.3915,67.9790,8.4124
NLMS-PCA (K=20/20),3,period_0943,36.760000,-7.2629,4.3176,76.4025,67.9790,8.4235
NLMS-PCA (K=20/20),3,period_0943,36.800000,-7.4359,4.3589,76.3751,67.9790,8.3960
NLMS-PCA (K=20/20),3,period_0943,36.853333,-7.3871,4.9727,76.5156,67.9790,8.5366
NLMS-PCA (K=20/20),3,period_0943,36.906667,-7.5815,4.9525,76.7448,67.9790,8.7657
NLMS-PCA (K=20/20),3,period_0943,36.960000,-7.3472,4.4915,76.3270,67.9790,8.3479
NLMS-PCA (K=20/20),3,period_0943,37.000000,-7.4988,5.1051,76.3745,67.9790,8.3954
NLMS-PCA (K=20/20),3,period_0943,37.053333,-7.5078,4.5897,76.8005,67.9790,8.8214
NLMS-PCA (K=20/20),3,period_0943,37.106667,-7.5210,4.6156,76.5216,67.9790,8.5425
NLMS-PCA (K=20/20),3,period_0943,37.160000,-7.5919,4.6229,76.4122,67.9790,8.4332
NLMS-PCA (K=20/20),3,period_0943,37.200000,-7.6988,4.2940,76.4937,67.9790,8.5147
NLMS-PCA (K=20/20),3,period_0943,37.253333,-7.5724,3.9924,76.5526,67.9790,8.5735
NLMS-PCA (K=20/20),3,period_0943,37.306667,-7.4311,5.2169,76.0932,67.9790,8.1142
NLMS-PCA (K=20/20),3,period_0943,37.360000,-7.4085,4.7838,76.3817,67.9790,8.4026
NLMS-PCA (K=20/20),3,period_0943,37.400000,-7.4166,4.2063,76.4030,67.9790,8.4240
NLMS-PCA (K=20/20),3,period_0943,37.453333,-7.4792,4.8590,76.3167,67.9790,8.3377
NLMS-PCA (K=20/20),3,period_0943,37.506667,-7.5529,4.0443,76.6164,67.9790,8.6373
NLMS-PCA (K=20/20),3,period_0943,37.560000,-7.3884,4.5429,76.8240,67.9790,8.8449
NLMS-PCA (K=20/20),3,period_0943,37.600000,-7.5216,4.1804,76.7804,67.9790,8.8013
NLMS-PCA (K=20/20),3,period_0943,37.653333,-7.3935,4.9646,76.7925,67.9790,8.8134
NLMS-PCA (K=20/20),3,period_0943,37.706667,-7.5261,4.1185,76.8839,67.9790,8.9049
NLMS-PCA (K=20/20),3,period_0943,37.760000,-7.3925,4.0378,76.7184,67.9790,8.7394
NLMS-PCA (K=20/20),3,period_0943,37.800000,-7.3844,3.8515,76.5866,67.9790,8.6076
NLMS-PCA (K=20/20),3,period_0943,37.853333,-7.5072,4.2935,76.5421,67.9790,8.5631
NLMS-PCA (K=20/20),3,period_0943,37.906667,-7.4802,4.7659,76.1724,67.9790,8.1934
NLMS-PCA (K=20/20),3,period_0943,37.960000,-7.8940,4.4119,76.7508,67.9790,8.7717
NLMS-PCA (K=20/20),3,period_0943,38.000000,-7.5714,3.4885,76.8041,67.9790,8.8250
NLMS-PCA (K=20/20),3,period_0943,38.053333,-7.6383,4.5389,76.8238,67.9790,8.8448
NLMS-PCA (K=20/20),3,period_0943,38.106667,-7.6768,4.6051,76.8366,67.9790,8.8575
NLMS-PCA (K=20/20),3,period_0943,38.160000,-7.6090,3.6846,76.6019,67.9790,8.6228
NLMS-PCA (K=20/20),3,period_0943,38.200000,-7.6512,4.5254,76.5105,67.9790,8.5314
NLMS-PCA (K=20/20),3,period_0943,38.253333,-7.7911,5.2812,77.0832,67.9790,9.1041
NLMS-PCA (K=20/20),3,period_0943,38.306667,-7.6575,4.8468,76.7627,67.9790,8.7837
NLMS-PCA (K=20/20),3,period_0943,38.360000,-7.6985,5.3695,76.9591,67.9790,8.9801
NLMS-PCA (K=20/20),3,period_0943,38.400000,-7.6162,4.7178,76.8479,67.9790,8.8689
NLMS-PCA (K=20/20),3,period_0943,38.453333,-7.6664,4.2546,76.8414,67.9790,8.8624
NLMS-PCA (K=20/20),3,period_0943,38.506667,-7.9678,4.7454,77.1897,67.9790,9.2107
NLMS-PCA (K=20/20),3,period_0943,38.560000,-7.9915,4.7154,77.0314,67.9790,9.0523
NLMS-PCA (K=20/20),3,period_0943,38.600000,-7.7473,3.3553,76.6258,67.9790,8.6468
NLMS-PCA (K=20/20),3,period_0943,38.653333,-7.9261,5.0717,76.8003,67.9790,8.8212
NLMS-PCA (K=20/20),3,period_0943,38.706667,-7.7464,5.2665,76.4384,67.9790,8.4594
NLMS-PCA (K=20/20),3,period_0943,38.760000,-7.8951,5.6362,76.8376,67.9790,8.8585
NLMS-PCA (K=20/20),3,period_0943,38.800000,-7.8686,4.2533,76.7041,67.9790,8.7250
NLMS-PCA (K=20/20),3,period_0943,38.853333,-7.8675,4.1890,76.9076,67.9790,8.9285
NLMS-PCA (K=20/20),3,period_0943,38.906667,-7.6691,5.0675,76.7598,67.9790,8.7808
NLMS-PCA (K=20/20),3,period_0943,38.960000,-7.8067,4.5894,76.7253,67.9790,8.7462
NLMS-PCA (K=20/20),3,period_0943,39.000000,-8.0847,4.6555,76.8469,67.9790,8.8678
NLMS-PCA (K=20/20),3,period_0943,39.053333,-8.0446,4.6307,77.1192,67.9790,9.1401
NLMS-PCA (K=20/20),3,period_0943,39.106667,-7.8452,4.8758,76.7927,67.9790,8.8136
NLMS-PCA (K=20/20),3,period_0943,39.160000,-8.0630,4.5644,77.1218,67.9790,9.1427
NLMS-PCA (K=20/20),3,period_0943,39.200000,-7.9710,5.1895,76.9456,67.9790,8.9666
NLMS-PCA (K=20/20),3,period_0943,39.253333,-7.8548,4.7450,77.0634,67.9790,9.0844
NLMS-PCA (K=20/20),3,period_0943,39.306667,-7.7385,5.0713,76.7718,67.9790,8.7928
NLMS-PCA (K=20/20),3,period_0943,39.360000,-7.5924,5.0248,76.9757,67.9790,8.9966
NLMS-PCA (K=20/20),3,period_0943,39.400000,-7.6342,4.1842,76.6894,67.9790,8.7104
NLMS-PCA (K=20/20),3,period_0943,39.453333,-7.6601,4.8486,77.0244,67.9790,9.0454
NLMS-PCA (K=20/20),3,period_0943,39.506667,-7.7415,4.2116,77.1986,67.9790,9.2196
NLMS-PCA (K=20/20),3,period_0943,39.560000,-7.5109,4.5295,77.0979,67.9790,9.1189
NLMS-PCA (K=20/20),3,period_0943,39.600000,-7.8244,4.0620,77.1794,67.9790,9.2004
NLMS-PCA (K=20/20),3,period_0943,39.653333,-7.8889,3.8521,76.9863,67.9790,9.0072
NLMS-PCA (K=20/20),3,period_0943,39.706667,-7.9560,4.5364,77.2852,67.9790,9.3061
NLMS-PCA (K=20/20),3,period_0943,39.760000,-7.8390,4.8271,77.1690,67.9790,9.1900
NLMS-PCA (K=20/20),3,period_0943,39.800000,-7.8170,4.2985,77.2688,67.9790,9.2897
NLMS-PCA (K=20/20),3,period_0943,39.853333,-7.7187,5.1092,77.3094,67.9790,9.3304
NLMS-PCA (K=20/20),3,period_0943,39.906667,-7.7555,5.7692,77.2117,67.9790,9.2327
NLMS-PCA (K=20/20),3,period_0943,39.960000,-7.5450,4.1648,76.8351,67.9790,8.8561
NLMS-PCA (K=20/20),3,period_0943,40.000000,-7.6228,4.9612,77.0315,67.9790,9.0524
