algorithm,epoch_index,condition_id,t_s,misalignment_db,erle_db,msg_with_afc_db,msg_without_afc_db,asg_db
NullAFC,0,period_0707,0.000667,-0.0000,0.0000,85.1794,85.1794,0.0000
NullAFC,0,period_0707,0.050000,-0.0000,0.0000,85.1794,85.1794,0.0000
NullAFC,0,period_0707,0.100000,-0.0000,0.0000,85.1794,85.1794,0.0000
NullAFC,0,period_0707,0.150000,-0.0000,0.0000,85.1794,85.1794,0.0000
NullAFC,0,period_0707,0.200000,-0.0000,0.0000,85.1794,85.1794,0.0000
NullAFC,0,period_0707,0.250000,-0.0000,0.0000,85.1794,85.1794,0.0000
NullAFC,0,period_0707,0.300000,-0.0000,0.0000,85.1794,85.1794,0.0000
NullAFC,0,period_0707,0.350000,-0.0000,0.0000,85.1794,85.1794,0.0000
NullAFC,0,period_0707,0.400000,-0.0000,0.0000,85.1794,85.1794,0.0000
NullAFC,0,period_0707,0.450000,-0.0000,0.0000,85.1794,85.1794,0.0000
NullAFC,0,period_0707,0.500000,-0.0000,0.0000,85.1794,85.1794,0.0000
NullAFC,0,period_0707,0.550000,-0.0000,0.0000,85.1794,85.1794,0.0000
NullAFC,0,period_0707,0.600000,-0.0000,0.0000,85.1794,85.1794,0.0000
NullAFC,0,period_0707,0.650000,-0.0000,0.0000,85.1794,85.1794,0.0000
NullAFC,0,period_0707,0.700000,-0.0000,0.0000,85.1794,85.1794,0.0000
NullAFC,0,period_0707,0.750000,-0.0000,0.0000,85.1794,85.1794,0.0000
NullAFC,0,period_0707,0.800000,-0.0000,0.0000,85.1794,85.1794,0.0000
NullAFC,0,period_0707,0.850000,-0.0000,0.0000,85.1794,85.1794,0.0000
NullAFC,0,period_0707,0.900000,-0.0000,0.0000,85.1794,85.1794,0.0000
NullAFC,0,period_0707,0.950000,-0.0000,0.0000,85.1794,85.1794,0.0000
NullAFC,0,period_0707,1.000000,-0.0000,0.0000,85.1794,85.1794,0.0000
NullAFC,0,period_0707,1.050000,-0.0000,0.0000,85.1794,85.1794,0.0000
NullAFC,0,period_0707,1.100000,-0.0000,0.0000,85.1794,85.1794,0.0000
NullAFC,0,period_0707,1.150000,-0.0000,0.0000,85.1794,85.1794,0.0000
NullAFC,0,period_0707,1.200000,-0.0000,0.0000,85.1794,85.1794,0.0000
NullAFC,0,period_0707,1.250000,-0.0000,0.0000,85.1794,85.1794,0.0000
NullAFC,0,period_0707,1.300000,-0.0000,0.0000,85.1794,85.1794,0.0000
NullAFC,0,period_0707,1.350000,-0.0000,0.0000,85.1794,85.1794,0.0000
NullAFC,0,period_0707,1.400000,-0.0000,0.0000,85.1794,85.1794,0.0000
NullAFC,0,period_0707,1.450000,-0.0000,0.0000,85.1794,85.1794,0.0000
NullAFC,0,period_0707,1.500000,-0.0000,0.0000,85.1794,85.1794,0.0000
NullAFC,0,period_0707,1.550000,-0.0000,0.0000,85.1794,85.1794,0.0000
NullAFC,0,period_0707,1.600000,-0.0000,0.0000,85.1794,85.1794,0.0000
NullAFC,0,period_0707,1.650000,-0.0000,0.0000,85.1794,85.1794,0.0000
NullAFC,0,period_0707,1.700000,-0.0000,0.0000,85.1794,85.1794,0.0000
NullAFC,0,period_0707,1.750000,-0.0000,0.0000,85.1794,85.1794,0.0000
NullAFC,0,period_0707,1.800000,-0.0000,0.0000,85.1794,85.1794,0.0000
NullAFC,0,period_0707,1.850000,-0.0000,0.0000,85.1794,85.1794,0.0000
NullAFC,0,period_0707,1.900000,-0.0000,0.0000,85.1794,85.1794,0.0000
NullAFC,0,period_0707,1.950000,-0.0000,0.0000,85.1794,85.1794,0.0000
NullAFC,0,period_0707,2.000000,-0.0000,0.0000,85.1794,85.1794,0.0000
NullAFC,0,period_0707,2.050000,-0.0000,0.0000,85.1794,85.1794,0.0000
NullAFC,0,period_0707,2.100000,-0.0000,0.0000,85.1794,85.1794,0.0000
NullAFC,0,period_0707,2.150000,-0.0000,0.0000,85.1794,85.1794,0.0000
NullAFC,0,period_0707,2.200000,-0.0000,0.0000,85.1794,85.1794,0.0000
NullAFC,0,period_0707,2.250000,-0.0000,0.0000,85.1794,85.1794,0.0000
NullAFC,0,period_0707,2.300000,-0.0000,0.0000,85.1794,85.1794,0.0000
NullAFC,0,period_0707,2.350000,-0.0000,0.0000,85.1794,85.1794,0.0000
NullAFC,0,period_0707,2.400000,-0.0000,0.0000,85.1794,85.1794,0.0000
NullAFC,0,period_0707,2.450000,-0.0000,0.0000,85.1794,85.1794,0.0000
NullAFC,0,period_0707,2.500000,-0.0000,0.0000,85.1794,85.1794,0.0000
NullAFC,0,period_0707,2.550000,-0.0000,0.0000,85.1794,85.1794,0.0000
NullAFC,0,period_0707,2.600000,-0.0000,0.0000,85.1794,85.1794,0.0000
NullAFC,0,period_0707,2.650000,-0.0000,0.0000,85.1794,85.1794,0.0000
NullAFC,0,period_0707,2.700000,-0.0000,0.0000,85.1794,85.1794,0.0000
NullAFC,0,period_0707,2.750000,-0.0000,0.0000,85.1794,85.1794,0.0000
NullAFC,0,period_0707,2.800000,-0.0000,0.0000,85.1794,85.1794,0.0000
NullAFC,0,period_0707,2.850000,-0.0000,0.0000,85.1794,85.1794,0.0000
NullAFC,0,period_0707,2.900000,-0.0000,0.0000,85.1794,85.1794,0.0000
NullAFC,0,period_0707,2.950000,-0.0000,0.0000,85.1794,85.1794,0.0000
NullAFC,0,period_0707,3.000000,-0.0000,0.0000,85.1794,85.1794,0.0000
NullAFC,0,period_0707,3.050000,-0.0000,0.0000,85.1794,85.1794,0.0000
NullAFC,0,period_0707,3.100000,-0.0000,0.0000,85.1794,85.1794,0.0000
NullAFC,0,period_0707,3.150000,-0.0000,0.0000,85.1794,85.1794,0.0000
NullAFC,0,period_0707,3.200000,-0.0000,0.0000,85.1794,85.1794,0.0000
NullAFC,0,period_0707,3.250000,-0.0000,0.0000,85.1794,85.1794,0.0000
NullAFC,0,period_0707,3.300000,-0.0000,0.0000,85.1794,85.1794,0.0000
NullAFC,0,period_0707,3.350000,-0.0000,0.0000,85.1794,85.1794,0.0000
NullAFC,0,period_0707,3.400000,-0.0000,0.0000,85.1794,85.1794,0.0000
NullAFC,0,period_0707,3.450000,-0.0000,0.0000,85.1794,85.1794,0.0000
NullAFC,0,period_0707,3.500000,-0.0000,0.0000,85.1794,85.1794,0.0000
NullAFC,0,period_0707,3.550000,-0.0000,0.0000,85.1794,85.1794,0.0000
NullAFC,0,period_0707,3.600000,-0.0000,0.0000,85.1794,85.1794,0.0000
NullAFC,0,period_0707,3.650000,-0.0000,0.0000,85.1794,85.1794,0.0000
NullAFC,0,period_0707,3.700000,-0.0000,0.0000,85.1794,85.1794,0.0000
NullAFC,0,period_0707,3.750000,-0.0000,0.0000,85.1794,85.1794,0.0000
NullAFC,0,period_0707,3.800000,-0.0000,0.0000,85.1794,85.1794,0.0000
NullAFC,0,period_0707,3.850000,-0.0000,0.0000,85.1794,85.1794,0.0000
NullAFC,0,period_0707,3.900000,-0.0000,0.0000,85.1794,85.1794,0.0000
NullAFC,0,period_0707,3.950000,-0.0000,0.0000,85.1794,85.1794,0.0000
NullAFC,0,period_0707,4.000000,-0.0000,0.0000,85.1794,85.1794,0.0000
NullAFC,0,period_0707,4.050000,-0.0000,0.0000,85.1794,85.1794,0.0000
NullAFC,0,period_0707,4.100000,-0.0000,0.0000,85.1794,85.1794,0.0000
NullAFC,0,period_0707,4.150000,-0.0000,0.0000,85.1794,85.1794,0.0000
NullAFC,0,period_0707,4.200000,-0.0000,0.0000,85.1794,85.1794,0.0000
NullAFC,0,period_0707,4.250000,-0.0000,0.0000,85.1794,85.1794,0.0000
NullAFC,0,period_0707,4.300000,-0.0000,0.0000,85.1794,85.1794,0.0000
NullAFC,0,period_0707,4.350000,-0.0000,0.0000,85.1794,85.1794,0.0000
NullAFC,0,period_0707,4.400000,-0.0000,0.0000,85.1794,85.1794,0.0000
NullAFC,0,period_0707,4.450000,-0.0000,0.0000,85.1794,85.1794,0.0000
NullAFC,0,period_0707,4.500000,-0.0000,0.0000,85.1794,85.1794,0.0000
NullAFC,0,period_0707,4.550000,-0.0000,0.0000,85.1794,85.1794,0.0000
NullAFC,0,period_0707,4.600000,-0.0000,0.0000,85.1794,85.1794,0.0000
NullAFC,0,period_0707,4.650000,-0.0000,0.0000,85.1794,85.1794,0.0000
NullAFC,0,period_0707,4.700000,-0.0000,0.0000,85.1794,85.1794,0.0000
NullAFC,0,period_0707,4.750000,-0.0000,0.0000,85.1794,85.1794,0.0000
NullAFC,0,period_0707,4.800000,-0.0000,0.0000,85.1794,85.1794,0.0000
NullAFC,0,period_0707,4.850000,-0.0000,0.0000,85.1794,85.1794,0.0000
NullAFC,0,period_0707,4.900000,-0.0000,0.0000,85.1794,85.1794,0.0000
NullAFC,0,period_0707,4.950000,-0.0000,0.0000,85.1794,85.1794,0.0000
NullAFC,0,period_0707,5.000000,-0.0000,0.0000,85.1794,85.1794,0.0000
NullAFC,0,period_0707,5.050000,-0.0000,0.0000,85.1794,85.1794,0.0000
NullAFC,0,period_0707,5.100000,-0.0000,0.0000,85.1794,85.1794,0.0000
NullAFC,0,period_0707,5.150000,-0.0000,0.0000,85.1794,85.1794,0.0000
NullAFC,0,period_0707,5.200000,-0.0000,0.0000,85.1794,85.1794,0.0000
NullAFC,0,period_0707,5.250000,-0.0000,0.0000,85.1794,85.1794,0.0000
NullAFC,0,period_0707,5.300000,-0.0000,0.0000,85.1794,85.1794,0.0000
NullAFC,0,period_0707,5.350000,-0.0000,0.0000,85.1794,85.1794,0.0000
NullAFC,0,period_0707,5.400000,-0.0000,0.0000,85.1794,85.1794,0.0000
NullAFC,0,period_0707,5.450000,-0.0000,0.0000,85.1794,85.1794,0.0000
NullAFC,0,period_0707,5.500000,-0.0000,0.0000,85.1794,85.1794,0.0000
NullAFC,0,period_0707,5.550000,-0.0000,0.0000,85.1794,85.1794,0.0000
NullAFC,0,period_0707,5.600000,-0.0000,0.0000,85.1794,85.1794,0.0000
NullAFC,0,period_0707,5.650000,-0.0000,0.0000,85.1794,85.1794,0.0000
NullAFC,0,period_0707,5.700000,-0.0000,0.0000,85.1794,85.1794,0.0000
NullAFC,0,period_0707,5.750000,-0.0000,0.0000,85.1794,85.1794,0.0000
NullAFC,0,period_0707,5.800000,-0.0000,0.0000,85.1794,85.1794,0.0000
NullAFC,0,period_0707,5.850000,-0.0000,0.0000,85.1794,85.1794,0.0000
NullAFC,0,period_0707,5.900000,-0.0000,0.0000,85.1794,85.1794,0.0000
NullAFC,0,period_0707,5.950000,-0.0000,0.0000,85.1794,85.1794,0.0000
NullAFC,0,period_0707,6.000000,-0.0000,0.0000,85.1794,85.1794,0.0000
NullAFC,0,period_0707,6.050000,-0.0000,0.0000,85.1794,85.1794,0.0000
NullAFC,0,period_0707,6.100000,-0.0000,0.0000,85.1794,85.1794,0.0000
NullAFC,0,period_0707,6.150000,-0.0000,0.0000,85.1794,85.1794,0.0000
NullAFC,0,period_0707,6.200000,-0.0000,0.0000,85.1794,85.1794,0.0000
NullAFC,0,period_0707,6.250000,-0.0000,0.0000,85.1794,85.1794,0.0000
NullAFC,0,period_0707,6.300000,-0.0000,0.0000,85.1794,85.1794,0.0000
NullAFC,0,period_0707,6.350000,-0.0000,0.0000,85.1794,85.1794,0.0000
NullAFC,0,period_0707,6.400000,-0.0000,0.0000,85.1794,85.1794,0.0000
NullAFC,0,period_0707,6.450000,-0.0000,0.0000,85.1794,85.1794,0.0000
NullAFC,0,period_0707,6.500000,-0.0000,0.0000,85.1794,85.1794,0.0000
NullAFC,0,period_0707,6.550000,-0.0000,0.0000,85.1794,85.1794,0.0000
NullAFC,0,period_0707,6.600000,-0.0000,0.0000,85.1794,85.1794,0.0000
NullAFC,0,period_0707,6.650000,-0.0000,0.0000,85.1794,85.1794,0.0000
NullAFC,0,period_0707,6.700000,-0.0000,0.0000,85.1794,85.1794,0.0000
NullAFC,0,period_0707,6.750000,-0.0000,0.0000,85.1794,85.1794,0.0000
NullAFC,0,period_0707,6.800000,-0.0000,0.0000,85.1794,85.1794,0.0000
NullAFC,0,period_0707,6.850000,-0.0000,0.0000,85.1794,85.1794,0.0000
NullAFC,0,period_0707,6.900000,-0.0000,0.0000,85.1794,85.1794,0.0000
NullAFC,0,period_0707,6.950000,-0.0000,0.0000,85.1794,85.1794,0.0000
NullAFC,0,period_0707,7.000000,-0.0000,0.0000,85.1794,85.1794,0.0000
NullAFC,0,period_0707,7.050000,-0.0000,0.0000,85.1794,85.1794,0.0000
NullAFC,0,period_0707,7.100000,-0.0000,0.0000,85.1794,85.1794,0.0000
NullAFC,0,period_0707,7.150000,-0.0000,0.0000,85.1794,85.1794,0.0000
NullAFC,0,period_0707,7.200000,-0.0000,0.0000,85.1794,85.1794,0.0000
NullAFC,0,period_0707,7.250000,-0.0000,0.0000,85.1794,85.1794,0.0000
NullAFC,0,period_0707,7.300000,-0.0000,0.0000,85.1794,85.1794,0.0000
NullAFC,0,period_0707,7.350000,-0.0000,0.0000,85.1794,85.1794,0.0000
NullAFC,0,period_0707,7.400000,-0.0000,0.0000,85.1794,85.1794,0.0000
NullAFC,0,period_0707,7.450000,-0.0000,0.0000,85.1794,85.1794,0.0000
NullAFC,0,period_0707,7.500000,-0.0000,0.0000,85.1794,85.1794,0.0000
NullAFC,0,period_0707,7.550000,-0.0000,0.0000,85.1794,85.1794,0.0000
NullAFC,0,period_0707,7.600000,-0.0000,0.0000,85.1794,85.1794,0.0000
NullAFC,0,period_0707,7.650000,-0.0000,0.0000,85.1794,85.1794,0.0000
NullAFC,0,period_0707,7.700000,-0.0000,0.0000,85.1794,85.1794,0.0000
NullAFC,0,period_0707,7.750000,-0.0000,0.0000,85.1794,85.1794,0.0000
NullAFC,0,period_0707,7.800000,-0.0000,0.0000,85.1794,85.1794,0.0000
NullAFC,0,period_0707,7.850000,-0.0000,0.0000,85.1794,85.1794,0.0000
NullAFC,0,period_0707,7.900000,-0.0000,0.0000,85.1794,85.1794,0.0000
NullAFC,0,period_0707,7.950000,-0.0000,0.0000,85.1794,85.1794,0.0000
NullAFC,0,period_0707,8.000000,-0.0000,0.0000,85.1794,85.1794,0.0000
NullAFC,0,period_0707,8.050000,-0.0000,0.0000,85.1794,85.1794,0.0000
NullAFC,0,period_0707,8.100000,-0.0000,0.0000,85.1794,85.1794,0.0000
NullAFC,0,period_0707,8.150000,-0.0000,0.0000,85.1794,85.1794,0.0000
NullAFC,0,period_0707,8.200000,-0.0000,0.0000,85.1794,85.1794,0.0000
NullAFC,0,period_0707,8.250000,-0.0000,0.0000,85.1794,85.1794,0.0000
NullAFC,0,period_0707,8.300000,-0.0000,0.0000,85.1794,85.1794,0.0000
NullAFC,0,period_0707,8.350000,-0.0000,0.0000,85.1794,85.1794,0.0000
NullAFC,0,period_0707,8.400000,-0.0000,0.0000,85.1794,85.1794,0.0000
NullAFC,0,period_0707,8.450000,-0.0000,0.0000,85.1794,85.1794,0.0000
NullAFC,0,period_0707,8.500000,-0.0000,0.0000,85.1794,85.1794,0.0000
NullAFC,0,period_0707,8.550000,-0.0000,0.0000,85.1794,85.1794,0.0000
NullAFC,0,period_0707,8.600000,-0.0000,0.0000,85.1794,85.1794,0.0000
NullAFC,0,period_0707,8.650000,-0.0000,0.0000,85.1794,85.1794,0.0000
NullAFC,0,period_0707,8.700000,-0.0000,0.0000,85.1794,85.1794,0.0000
NullAFC,0,period_0707,8.750000,-0.0000,0.0000,85.1794,85.1794,0.0000
NullAFC,0,period_0707,8.800000,-0.0000,0.0000,85.1794,85.1794,0.0000
NullAFC,0,period_0707,8.850000,-0.0000,0.0000,85.1794,85.1794,0.0000
NullAFC,0,period_0707,8.900000,-0.0000,0.0000,85.1794,85.1794,0.0000
NullAFC,0,period_0707,8.950000,-0.0000,0.0000,85.1794,85.1794,0.0000
NullAFC,0,period_0707,9.000000,-0.0000,0.0000,85.1794,85.1794,0.0000
NullAFC,0,period_0707,9.050000,-0.0000,0.0000,85.1794,85.1794,0.0000
NullAFC,0,period_0707,9.100000,-0.0000,0.0000,85.1794,85.1794,0.0000
NullAFC,0,period_0707,9.150000,-0.0000,0.0000,85.1794,85.1794,0.0000
NullAFC,0,period_0707,9.200000,-0.0000,0.0000,85.1794,85.1794,0.0000
NullAFC,0,period_0707,9.250000,-0.0000,0.0000,85.1794,85.1794,0.0000
NullAFC,0,period_0707,9.300000,-0.0000,0.0000,85.1794,85.1794,0.0000
NullAFC,0,period_0707,9.350000,-0.0000,0.0000,85.1794,85.1794,0.0000
NullAFC,0,period_0707,9.400000,-0.0000,0.0000,85.1794,85.1794,0.0000
NullAFC,0,period_0707,9.450000,-0.0000,0.0000,85.1794,85.1794,0.0000
NullAFC,0,period_0707,9.500000,-0.0000,0.0000,85.1794,85.1794,0.0000
NullAFC,0,period_0707,9.550000,-0.0000,0.0000,85.1794,85.1794,0.0000
NullAFC,0,period_0707,9.600000,-0.0000,0.0000,85.1794,85.1794,0.0000
NullAFC,0,period_0707,9.650000,-0.0000,0.0000,85.1794,85.1794,0.0000
NullAFC,0,period_0707,9.700000,-0.0000,0.0000,85.1794,85.1794,0.0000
NullAFC,0,period_0707,9.750000,-0.0000,0.0000,85.1794,85.1794,0.0000
NullAFC,0,period_0707,9.800000,-0.0000,0.0000,85.1794,85.1794,0.0000
NullAFC,0,period_0707,9.850000,-0.0000,0.0000,85.1794,85.1794,0.0000
NullAFC,0,period_0707,9.900000,-0.0000,0.0000,85.1794,85.1794,0.0000
NullAFC,0,period_0707,9.950000,-0.0000,0.0000,85.1794,85.1794,0.0000
NullAFC,0,period_0707,10.000000,-0.0000,0.0000,85.1794,85.1794,0.0000
NullAFC,0,period_0707,10.050000,-0.0000,0.0000,85.1794,85.1794,0.0000
NullAFC,0,period_0707,10.100000,-0.0000,0.0000,85.1794,85.1794,0.0000
NullAFC,0,period_0707,10.150000,-0.0000,0.0000,85.1794,85.1794,0.0000
NullAFC,0,period_0707,10.200000,-0.0000,0.0000,85.1794,85.1794,0.0000
NullAFC,0,period_0707,10.250000,-0.0000,0.0000,85.1794,85.1794,0.0000
NullAFC,0,period_0707,10.300000,-0.0000,0.0000,85.1794,85.1794,0.0000
NullAFC,0,period_0707,10.350000,-0.0000,0.0000,85.1794,85.1794,0.0000
NullAFC,0,period_0707,10.400000,-0.0000,0.0000,85.1794,85.1794,0.0000
NullAFC,0,period_0707,10.450000,-0.0000,0.0000,85.1794,85.1794,0.0000
NullAFC,0,period_0707,10.500000,-0.0000,0.0000,85.1794,85.1794,0.0000
NullAFC,0,period_0707,10.550000,-0.0000,0.0000,85.1794,85.1794,0.0000
NullAFC,0,period_0707,10.600000,-0.0000,0.0000,85.1794,85.1794,0.0000
NullAFC,0,period_0707,10.650000,-0.0000,0.0000,85.1794,85.1794,0.0000
NullAFC,0,period_0707,10.700000,-0.0000,0.0000,85.1794,85.1794,0.0000
NullAFC,0,period_0707,10.750000,-0.0000,0.0000,85.1794,85.1794,0.0000
NullAFC,0,period_0707,10.800000,-0.0000,0.0000,85.1794,85.1794,0.0000
NullAFC,0,period_0707,10.850000,-0.0000,0.0000,85.1794,85.1794,0.0000
NullAFC,0,period_0707,10.900000,-0.0000,0.0000,85.1794,85.1794,0.0000
NullAFC,0,period_0707,10.950000,-0.0000,0.0000,85.1794,85.1794,0.0000
NullAFC,0,period_0707,11.000000,-0.0000,0.0000,85.1794,85.1794,0.0000
NullAFC,0,period_0707,11.050000,-0.0000,0.0000,85.1794,85.1794,0.0000
NullAFC,0,period_0707,11.100000,-0.0000,0.0000,85.1794,85.1794,0.0000
NullAFC,0,period_0707,11.150000,-0.0000,0.0000,85.1794,85.1794,0.0000
NullAFC,0,period_0707,11.200000,-0.0000,0.0000,85.1794,85.1794,0.0000
NullAFC,0,period_0707,11.250000,-0.0000,0.0000,85.1794,85.1794,0.0000
NullAFC,0,period_0707,11.300000,-0.0000,0.0000,85.1794,85.1794,0.0000
NullAFC,0,period_0707,11.350000,-0.0000,0.0000,85.1794,85.1794,0.0000
NullAFC,0,period_0707,11.400000,-0.0000,0.0000,85.1794,85.1794,0.0000
NullAFC,0,period_0707,11.450000,-0.0000,0.0000,85.1794,85.1794,0.0000
NullAFC,0,period_0707,11.500000,-0.0000,0.0000,85.1794,85.1794,0.0000
NullAFC,0,period_0707,11.550000,-0.0000,0.0000,85.1794,85.1794,0.0000
NullAFC,0,period_0707,11.600000,-0.0000,0.0000,85.1794,85.1794,0.0000
NullAFC,0,period_0707,11.650000,-0.0000,0.0000,85.1794,85.1794,0.0000
NullAFC,0,period_0707,11.700000,-0.0000,0.0000,85.1794,85.1794,0.0000
NullAFC,0,period_0707,11.750000,-0.0000,0.0000,85.1794,85.1794,0.0000
NullAFC,0,period_0707,11.800000,-0.0000,0.0000,85.1794,85.1794,0.0000
NullAFC,0,period_0707,11.850000,-0.0000,0.0000,85.1794,85.1794,0.0000
NullAFC,0,period_0707,11.900000,-0.0000,0.0000,85.1794,85.1794,0.0000
NullAFC,0,period_0707,11.950000,-0.0000,0.0000,85.1794,85.1794,0.0000
NullAFC,0,period_0707,12.000000,-0.0000,0.0000,85.1794,85.1794,0.0000
NullAFC,0,period_0707,12.050000,-0.0000,0.0000,85.1794,85.1794,0.0000
NullAFC,0,period_0707,12.100000,-0.0000,0.0000,85.1794,85.1794,0.0000
NullAFC,0,period_0707,12.150000,-0.0000,0.0000,85.1794,85.1794,0.0000
NullAFC,0,period_0707,12.200000,-0.0000,0.0000,85.1794,85.1794,0.0000
NullAFC,0,period_0707,12.250000,-0.0000,0.0000,85.1794,85.1794,0.0000
NullAFC,0,period_0707,12.300000,-0.0000,0.0000,85.1794,85.1794,0.0000
NullAFC,0,period_0707,12.350000,-0.0000,0.0000,85.1794,85.1794,0.0000
NullAFC,0,period_0707,12.400000,-0.0000,0.0000,85.1794,85.1794,0.0000
NullAFC,0,period_0707,12.450000,-0.0000,0.0000,85.1794,85.1794,0.0000
NullAFC,0,period_0707,12.500000,-0.0000,0.0000,85.1794,85.1794,0.0000
NullAFC,0,period_0707,12.550000,-0.0000,0.0000,85.1794,85.1794,0.0000
NullAFC,0,period_0707,12.600000,-0.0000,0.0000,85.1794,85.1794,0.0000
NullAFC,0,period_0707,12.650000,-0.0000,0.0000,85.1794,85.1794,0.0000
NullAFC,0,period_0707,12.700000,-0.0000,0.0000,85.1794,85.1794,0.0000
NullAFC,0,period_0707,12.750000,-0.0000,0.0000,85.1794,85.1794,0.0000
NullAFC,0,period_0707,12.800000,-0.0000,0.0000,85.1794,85.1794,0.0000
NullAFC,0,period_0707,12.850000,-0.0000,0.0000,85.1794,85.1794,0.0000
NullAFC,0,period_0707,12.900000,-0.0000,0.0000,85.1794,85.1794,0.0000
NullAFC,0,period_0707,12.950000,-0.0000,0.0000,85.1794,85.1794,0.0000
NullAFC,0,period_0707,13.000000,-0.0000,0.0000,85.1794,85.1794,0.0000
NullAFC,0,period_0707,13.050000,-0.0000,0.0000,85.1794,85.1794,0.0000
NullAFC,0,period_0707,13.100000,-0.0000,0.0000,85.1794,85.1794,0.0000
NullAFC,0,period_0707,13.150000,-0.0000,0.0000,85.1794,85.1794,0.0000
NullAFC,0,period_0707,13.200000,-0.0000,0.0000,85.1794,85.1794,0.0000
NullAFC,0,period_0707,13.250000,-0.0000,0.0000,85.1794,85.1794,0.0000
NullAFC,0,period_0707,13.300000,-0.0000,0.0000,85.1794,85.1794,0.0000
NullAFC,0,period_0707,13.350000,-0.0000,0.0000,85.1794,85.1794,0.0000
NullAFC,0,period_0707,13.400000,-0.0000,0.0000,85.1794,85.1794,0.0000
NullAFC,0,period_0707,13.450000,-0.0000,0.0000,85.1794,85.1794,0.0000
NullAFC,0,period_0707,13.500000,-0.0000,0.0000,85.1794,85.1794,0.0000
NullAFC,0,period_0707,13.550000,-0.0000,0.0000,85.1794,85.1794,0.0000
NullAFC,0,period_0707,13.600000,-0.0000,0.0000,85.1794,85.1794,0.0000
NullAFC,0,period_0707,13.650000,-0.0000,0.0000,85.1794,85.1794,0.0000
NullAFC,0,period_0707,13.700000,-0.0000,0.0000,85.1794,85.1794,0.0000
NullAFC,0,period_0707,13.750000,-0.0000,0.0000,85.1794,85.1794,0.0000
NullAFC,0,period_0707,13.800000,-0.0000,0.0000,85.1794,85.1794,0.0000
NullAFC,0,period_0707,13.850000,-0.0000,0.0000,85.1794,85.1794,0.0000
NullAFC,0,period_0707,13.900000,-0.0000,0.0000,85.1794,85.1794,0.0000
NullAFC,0,period_0707,13.950000,-0.0000,0.0000,85.1794,85.1794,0.0000
NullAFC,0,period_0707,14.000000,-0.0000,0.0000,85.1794,85.1794,0.0000
NullAFC,0,period_0707,14.050000,-0.0000,0.0000,85.1794,85.1794,0.0000
NullAFC,0,period_0707,14.100000,-0.0000,0.0000,85.1794,85.1794,0.0000
NullAFC,0,period_0707,14.150000,-0.0000,0.0000,85.1794,85.1794,0.0000
NullAFC,0,period_0707,14.200000,-0.0000,0.0000,85.1794,85.1794,0.0000
NullAFC,0,period_0707,14.250000,-0.0000,0.0000,85.1794,85.1794,0.0000
NullAFC,0,period_0707,14.300000,-0.0000,0.0000,85.1794,85.1794,0.0000
NullAFC,0,period_0707,14.350000,-0.0000,0.0000,85.1794,85.1794,0.0000
NullAFC,0,period_0707,14.400000,-0.0000,0.0000,85.1794,85.1794,0.0000
NullAFC,0,period_0707,14.450000,-0.0000,0.0000,85.1794,85.1794,0.0000
NullAFC,0,period_0707,14.500000,-0.0000,0.0000,85.1794,85.1794,0.0000
NullAFC,0,period_0707,14.550000,-0.0000,0.0000,85.1794,85.1794,0.0000
NullAFC,0,period_0707,14.600000,-0.0000,0.0000,85.1794,85.1794,0.0000
NullAFC,0,period_0707,14.650000,-0.0000,0.0000,85.1794,85.1794,0.0000
NullAFC,0,period_0707,14.700000,-0.0000,0.0000,85.1794,85.1794,0.0000
NullAFC,0,period_0707,14.750000,-0.0000,0.0000,85.1794,85.1794,0.0000
NullAFC,0,period_0707,14.800000,-0.0000,0.0000,85.1794,85.1794,0.0000
NullAFC,0,period_0707,14.850000,-0.0000,0.0000,85.1794,85.1794,0.0000
NullAFC,0,period_0707,14.900000,-0.0000,0.0000,85.1794,85.1794,0.0000
NullAFC,0,period_0707,14.950000,-0.0000,0.0000,85.1794,85.1794,0.0000
NullAFC,0,period_0707,15.000000,-0.0000,0.0000,85.1794,85.1794,0.0000
NullAFC,1,period_0856,15.000667,-0.0000,0.0000,75.6790,75.6790,0.0000
NullAFC,1,period_0856,15.050000,-0.0000,0.0000,75.6790,75.6790,0.0000
NullAFC,1,period_0856,15.100000,-0.0000,0.0000,75.6790,75.6790,0.0000
NullAFC,1,period_0856,15.150000,-0.0000,0.0000,75.6790,75.6790,0.0000
NullAFC,1,period_0856,15.200000,-0.0000,0.0000,75.6790,75.6790,0.0000
NullAFC,1,period_0856,15.250000,-0.0000,0.0000,75.6790,75.6790,0.0000
NullAFC,1,period_0856,15.300000,-0.0000,0.0000,75.6790,75.6790,0.0000
NullAFC,1,period_0856,15.350000,-0.0000,0.0000,75.6790,75.6790,0.0000
NullAFC,1,period_0856,15.400000,-0.0000,0.0000,75.6790,75.6790,0.0000
NullAFC,1,period_0856,15.450000,-0.0000,0.0000,75.6790,75.6790,0.0000
NullAFC,1,period_0856,15.500000,-0.0000,0.0000,75.6790,75.6790,0.0000
NullAFC,1,period_0856,15.550000,-0.0000,0.0000,75.6790,75.6790,0.0000
NullAFC,1,period_0856,15.600000,-0.0000,0.0000,75.6790,75.6790,0.0000
NullAFC,1,period_0856,15.650000,-0.0000,0.0000,75.6790,75.6790,0.0000
NullAFC,1,period_0856,15.700000,-0.0000,0.0000,75.6790,75.6790,0.0000
NullAFC,1,period_0856,15.750000,-0.0000,0.0000,75.6790,75.6790,0.0000
NullAFC,1,period_0856,15.800000,-0.0000,0.0000,75.6790,75.6790,0.0000
NullAFC,1,period_0856,15.850000,-0.0000,0.0000,75.6790,75.6790,0.0000
NullAFC,1,period_0856,15.900000,-0.0000,0.0000,75.6790,75.6790,0.0000
NullAFC,1,period_0856,15.950000,-0.0000,0.0000,75.6790,75.6790,0.0000
NullAFC,1,period_0856,16.000000,-0.0000,0.0000,75.6790,75.6790,0.0000
NullAFC,1,period_0856,16.050000,-0.0000,0.0000,75.6790,75.6790,0.0000
NullAFC,1,period_0856,16.100000,-0.0000,0.0000,75.6790,75.6790,0.0000
NullAFC,1,period_0856,16.150000,-0.0000,0.0000,75.6790,75.6790,0.0000
NullAFC,1,period_0856,16.200000,-0.0000,0.0000,75.6790,75.6790,0.0000
NullAFC,1,period_0856,16.250000,-0.0000,0.0000,75.6790,75.6790,0.0000
NullAFC,1,period_0856,16.300000,-0.0000,0.0000,75.6790,75.6790,0.0000
NullAFC,1,period_0856,16.350000,-0.0000,0.0000,75.6790,75.6790,0.0000
NullAFC,1,period_0856,16.400000,-0.0000,0.0000,75.6790,75.6790,0.0000
NullAFC,1,period_0856,16.450000,-0.0000,0.0000,75.6790,75.6790,0.0000
NullAFC,1,period_0856,16.500000,-0.0000,0.0000,75.6790,75.6790,0.0000
NullAFC,1,period_0856,16.550000,-0.0000,0.0000,75.6790,75.6790,0.0000
NullAFC,1,period_0856,16.600000,-0.0000,0.0000,75.6790,75.6790,0.0000
NullAFC,1,period_0856,16.650000,-0.0000,0.0000,75.6790,75.6790,0.0000
NullAFC,1,period_0856,16.700000,-0.0000,0.0000,75.6790,75.6790,0.0000
NullAFC,1,period_0856,16.750000,-0.0000,0.0000,75.6790,75.6790,0.0000
NullAFC,1,period_0856,16.800000,-0.0000,0.0000,75.6790,75.6790,0.0000
NullAFC,1,period_0856,16.850000,-0.0000,0.0000,75.6790,75.6790,0.0000
NullAFC,1,period_0856,16.900000,-0.0000,0.0000,75.6790,75.6790,0.0000
NullAFC,1,period_0856,16.950000,-0.0000,0.0000,75.6790,75.6790,0.0000
NullAFC,1,period_0856,17.000000,-0.0000,0.0000,75.6790,75.6790,0.0000
NullAFC,1,period_0856,17.050000,-0.0000,0.0000,75.6790,75.6790,0.0000
NullAFC,1,period_0856,17.100000,-0.0000,0.0000,75.6790,75.6790,0.0000
NullAFC,1,period_0856,17.150000,-0.0000,0.0000,75.6790,75.6790,0.0000
NullAFC,1,period_0856,17.200000,-0.0000,0.0000,75.6790,75.6790,0.0000
NullAFC,1,period_0856,17.250000,-0.0000,0.0000,75.6790,75.6790,0.0000
NullAFC,1,period_0856,17.300000,-0.0000,0.0000,75.6790,75.6790,0.0000
NullAFC,1,period_0856,17.350000,-0.0000,0.0000,75.6790,75.6790,0.0000
NullAFC,1,period_0856,17.400000,-0.0000,0.0000,75.6790,75.6790,0.0000
NullAFC,1,period_0856,17.450000,-0.0000,0.0000,75.6790,75.6790,0.0000
NullAFC,1,period_0856,17.500000,-0.0000,0.0000,75.6790,75.6790,0.0000
NullAFC,1,period_0856,17.550000,-0.0000,0.0000,75.6790,75.6790,0.0000
NullAFC,1,period_0856,17.600000,-0.0000,0.0000,75.6790,75.6790,0.0000
NullAFC,1,period_0856,17.650000,-0.0000,0.0000,75.6790,75.6790,0.0000
NullAFC,1,period_0856,17.700000,-0.0000,0.0000,75.6790,75.6790,0.0000
NullAFC,1,period_0856,17.750000,-0.0000,0.0000,75.6790,75.6790,0.0000
NullAFC,1,period_0856,17.800000,-0.0000,0.0000,75.6790,75.6790,0.0000
NullAFC,1,period_0856,17.850000,-0.0000,0.0000,75.6790,75.6790,0.0000
NullAFC,1,period_0856,17.900000,-0.0000,0.0000,75.6790,75.6790,0.0000
NullAFC,1,period_0856,17.950000,-0.0000,0.0000,75.6790,75.6790,0.0000
NullAFC,1,period_0856,18.000000,-0.0000,0.0000,75.6790,75.6790,0.0000
NullAFC,1,period_0856,18.050000,-0.0000,0.0000,75.6790,75.6790,0.0000
NullAFC,1,period_0856,18.100000,-0.0000,0.0000,75.6790,75.6790,0.0000
NullAFC,1,period_0856,18.150000,-0.0000,0.0000,75.6790,75.6790,0.0000
NullAFC,1,period_0856,18.200000,-0.0000,0.0000,75.6790,75.6790,0.0000
NullAFC,1,period_0856,18.250000,-0.0000,0.0000,75.6790,75.6790,0.0000
NullAFC,1,period_0856,18.300000,-0.0000,0.0000,75.6790,75.6790,0.0000
NullAFC,1,period_0856,18.350000,-0.0000,0.0000,75.6790,75.6790,0.0000
NullAFC,1,period_0856,18.400000,-0.0000,0.0000,75.6790,75.6790,0.0000
NullAFC,1,period_0856,18.450000,-0.0000,0.0000,75.6790,75.6790,0.0000
NullAFC,1,period_0856,18.500000,-0.0000,0.0000,75.6790,75.6790,0.0000
NullAFC,1,period_0856,18.550000,-0.0000,0.0000,75.6790,75.6790,0.0000
NullAFC,1,period_0856,18.600000,-0.0000,0.0000,75.6790,75.6790,0.0000
NullAFC,1,period_0856,18.650000,-0.0000,0.0000,75.6790,75.6790,0.0000
NullAFC,1,period_0856,18.700000,-0.0000,0.0000,75.6790,75.6790,0.0000
NullAFC,1,period_0856,18.750000,-0.0000,0.0000,75.6790,75.6790,0.0000
NullAFC,1,period_0856,18.800000,-0.0000,0.0000,75.6790,75.6790,0.0000
NullAFC,1,period_0856,18.850000,-0.0000,0.0000,75.6790,75.6790,0.0000
NullAFC,1,period_0856,18.900000,-0.0000,0.0000,75.6790,75.6790,0.0000
NullAFC,1,period_0856,18.950000,-0.0000,0.0000,75.6790,75.6790,0.0000
NullAFC,1,period_0856,19.000000,-0.0000,0.0000,75.6790,75.6790,0.0000
NullAFC,1,period_0856,19.050000,-0.0000,0.0000,75.6790,75.6790,0.0000
NullAFC,1,period_0856,19.100000,-0.0000,0.0000,75.6790,75.6790,0.0000
NullAFC,1,period_0856,19.150000,-0.0000,0.0000,75.6790,75.6790,0.0000
NullAFC,1,period_0856,19.200000,-0.0000,0.0000,75.6790,75.6790,0.0000
NullAFC,1,period_0856,19.250000,-0.0000,0.0000,75.6790,75.6790,0.0000
NullAFC,1,period_0856,19.300000,-0.0000,0.0000,75.6790,75.6790,0.0000
NullAFC,1,period_0856,19.350000,-0.0000,0.0000,75.6790,75.6790,0.0000
NullAFC,1,period_0856,19.400000,-0.0000,0.0000,75.6790,75.6790,0.0000
NullAFC,1,period_0856,19.450000,-0.0000,0.0000,75.6790,75.6790,0.0000
NullAFC,1,period_0856,19.500000,-0.0000,0.0000,75.6790,75.6790,0.0000
NullAFC,1,period_0856,19.550000,-0.0000,0.0000,75.6790,75.6790,0.0000
NullAFC,1,period_0856,19.600000,-0.0000,0.0000,75.6790,75.6790,0.0000
NullAFC,1,period_0856,19.650000,-0.0000,0.0000,75.6790,75.6790,0.0000
NullAFC,1,period_0856,19.700000,-0.0000,0.0000,75.6790,75.6790,0.0000
NullAFC,1,period_0856,19.750000,-0.0000,0.0000,75.6790,75.6790,0.0000
NullAFC,1,period_0856,19.800000,-0.0000,0.0000,75.6790,75.6790,0.0000
NullAFC,1,period_0856,19.850000,-0.0000,0.0000,75.6790,75.6790,0.0000
NullAFC,1,period_0856,19.900000,-0.0000,0.0000,75.6790,75.6790,0.0000
NullAFC,1,period_0856,19.950000,-0.0000,0.0000,75.6790,75.6790,0.0000
NullAFC,1,period_0856,20.000000,-0.0000,0.0000,75.6790,75.6790,0.0000
NullAFC,1,period_0856,20.050000,-0.0000,0.0000,75.6790,75.6790,0.0000
NullAFC,1,period_0856,20.100000,-0.0000,0.0000,75.6790,75.6790,0.0000
NullAFC,1,period_0856,20.150000,-0.0000,0.0000,75.6790,75.6790,0.0000
NullAFC,1,period_0856,20.200000,-0.0000,0.0000,75.6790,75.6790,0.0000
NullAFC,1,period_0856,20.250000,-0.0000,0.0000,75.6790,75.6790,0.0000
NullAFC,1,period_0856,20.300000,-0.0000,0.0000,75.6790,75.6790,0.0000
NullAFC,1,period_0856,20.350000,-0.0000,0.0000,75.6790,75.6790,0.0000
NullAFC,1,period_0856,20.400000,-0.0000,0.0000,75.6790,75.6790,0.0000
NullAFC,1,period_0856,20.450000,-0.0000,0.0000,75.6790,75.6790,0.0000
NullAFC,1,period_0856,20.500000,-0.0000,0.0000,75.6790,75.6790,0.0000
NullAFC,1,period_0856,20.550000,-0.0000,0.0000,75.6790,75.6790,0.0000
NullAFC,1,period_0856,20.600000,-0.0000,0.0000,75.6790,75.6790,0.0000
NullAFC,1,period_0856,20.650000,-0.0000,0.0000,75.6790,75.6790,0.0000
NullAFC,1,period_0856,20.700000,-0.0000,0.0000,75.6790,75.6790,0.0000
NullAFC,1,period_0856,20.750000,-0.0000,0.0000,75.6790,75.6790,0.0000
NullAFC,1,period_0856,20.800000,-0.0000,0.0000,75.6790,75.6790,0.0000
NullAFC,1,period_0856,20.850000,-0.0000,0.0000,75.6790,75.6790,0.0000
NullAFC,1,period_0856,20.900000,-0.0000,0.0000,75.6790,75.6790,0.0000
NullAFC,1,period_0856,20.950000,-0.0000,0.0000,75.6790,75.6790,0.0000
NullAFC,1,period_0856,21.000000,-0.0000,0.0000,75.6790,75.6790,0.0000
NullAFC,1,period_0856,21.050000,-0.0000,0.0000,75.6790,75.6790,0.0000
NullAFC,1,period_0856,21.100000,-0.0000,0.0000,75.6790,75.6790,0.0000
NullAFC,1,period_0856,21.150000,-0.0000,0.0000,75.6790,75.6790,0.0000
NullAFC,1,period_0856,21.200000,-0.0000,0.0000,75.6790,75.6790,0.0000
NullAFC,1,period_0856,21.250000,-0.0000,0.0000,75.6790,75.6790,0.0000
NullAFC,1,period_0856,21.300000,-0.0000,0.0000,75.6790,75.6790,0.0000
NullAFC,1,period_0856,21.350000,-0.0000,0.0000,75.6790,75.6790,0.0000
NullAFC,1,period_0856,21.400000,-0.0000,0.0000,75.6790,75.6790,0.0000
NullAFC,1,period_0856,21.450000,-0.0000,0.0000,75.6790,75.6790,0.0000
NullAFC,1,period_0856,21.500000,-0.0000,0.0000,75.6790,75.6790,0.0000
NullAFC,1,period_0856,21.550000,-0.0000,0.0000,75.6790,75.6790,0.0000
NullAFC,1,period_0856,21.600000,-0.0000,0.0000,75.6790,75.6790,0.0000
NullAFC,1,period_0856,21.650000,-0.0000,0.0000,75.6790,75.6790,0.0000
NullAFC,1,period_0856,21.700000,-0.0000,0.0000,75.6790,75.6790,0.0000
NullAFC,1,period_0856,21.750000,-0.0000,0.0000,75.6790,75.6790,0.0000
NullAFC,1,period_0856,21.800000,-0.0000,0.0000,75.6790,75.6790,0.0000
NullAFC,1,period_0856,21.850000,-0.0000,0.0000,75.6790,75.6790,0.0000
NullAFC,1,period_0856,21.900000,-0.0000,0.0000,75.6790,75.6790,0.0000
NullAFC,1,period_0856,21.950000,-0.0000,0.0000,75.6790,75.6790,0.0000
NullAFC,1,period_0856,22.000000,-0.0000,0.0000,75.6790,75.6790,0.0000
NullAFC,1,period_0856,22.050000,-0.0000,0.0000,75.6790,75.6790,0.0000
NullAFC,1,period_0856,22.100000,-0.0000,0.0000,75.6790,75.6790,0.0000
NullAFC,1,period_0856,22.150000,-0.0000,0.0000,75.6790,75.6790,0.0000
NullAFC,1,period_0856,22.200000,-0.0000,0.0000,75.6790,75.6790,0.0000
NullAFC,1,period_0856,22.250000,-0.0000,0.0000,75.6790,75.6790,0.0000
NullAFC,1,period_0856,22.300000,-0.0000,0.0000,75.6790,75.6790,0.0000
NullAFC,1,period_0856,22.350000,-0.0000,0.0000,75.6790,75.6790,0.0000
NullAFC,1,period_0856,22.400000,-0.0000,0.0000,75.6790,75.6790,0.0000
NullAFC,1,period_0856,22.450000,-0.0000,0.0000,75.6790,75.6790,0.0000
NullAFC,1,period_0856,22.500000,-0.0000,0.0000,75.6790,75.6790,0.0000
NullAFC,1,period_0856,22.550000,-0.0000,0.0000,75.6790,75.6790,0.0000
NullAFC,1,period_0856,22.600000,-0.0000,0.0000,75.6790,75.6790,0.0000
NullAFC,1,period_0856,22.650000,-0.0000,0.0000,75.6790,75.6790,0.0000
NullAFC,1,period_0856,22.700000,-0.0000,0.0000,75.6790,75.6790,0.0000
NullAFC,1,period_0856,22.750000,-0.0000,0.0000,75.6790,75.6790,0.0000
NullAFC,1,period_0856,22.800000,-0.0000,0.0000,75.6790,75.6790,0.0000
NullAFC,1,period_0856,22.850000,-0.0000,0.0000,75.6790,75.6790,0.0000
NullAFC,1,period_0856,22.900000,-0.0000,0.0000,75.6790,75.6790,0.0000
NullAFC,1,period_0856,22.950000,-0.0000,0.0000,75.6790,75.6790,0.0000
NullAFC,1,period_0856,23.000000,-0.0000,0.0000,75.6790,75.6790,0.0000
NullAFC,1,period_0856,23.050000,-0.0000,0.0000,75.6790,75.6790,0.0000
NullAFC,1,period_0856,23.100000,-0.0000,0.0000,75.6790,75.6790,0.0000
NullAFC,1,period_0856,23.150000,-0.0000,0.0000,75.6790,75.6790,0.0000
NullAFC,1,period_0856,23.200000,-0.0000,0.0000,75.6790,75.6790,0.0000
NullAFC,1,period_0856,23.250000,-0.0000,0.0000,75.6790,75.6790,0.0000
NullAFC,1,period_0856,23.300000,-0.0000,0.0000,75.6790,75.6790,0.0000
NullAFC,1,period_0856,23.350000,-0.0000,0.0000,75.6790,75.6790,0.0000
NullAFC,1,period_0856,23.400000,-0.0000,0.0000,75.6790,75.6790,0.0000
NullAFC,1,period_0856,23.450000,-0.0000,0.0000,75.6790,75.6790,0.0000
NullAFC,1,period_0856,23.500000,-0.0000,0.0000,75.6790,75.6790,0.0000
NullAFC,1,period_0856,23.550000,-0.0000,0.0000,75.6790,75.6790,0.0000
NullAFC,1,period_0856,23.600000,-0.0000,0.0000,75.6790,75.6790,0.0000
NullAFC,1,period_0856,23.650000,-0.0000,0.0000,75.6790,75.6790,0.0000
NullAFC,1,period_0856,23.700000,-0.0000,0.0000,75.6790,75.6790,0.0000
NullAFC,1,period_0856,23.750000,-0.0000,0.0000,75.6790,75.6790,0.0000
NullAFC,1,period_0856,23.800000,-0.0000,0.0000,75.6790,75.6790,0.0000
NullAFC,1,period_0856,23.850000,-0.0000,0.0000,75.6790,75.6790,0.0000
NullAFC,1,period_0856,23.900000,-0.0000,0.0000,75.6790,75.6790,0.0000
NullAFC,1,period_0856,23.950000,-0.0000,0.0000,75.6790,75.6790,0.0000
NullAFC,1,period_0856,24.000000,-0.0000,0.0000,75.6790,75.6790,0.0000
NullAFC,1,period_0856,24.050000,-0.0000,0.0000,75.6790,75.6790,0.0000
NullAFC,1,period_0856,24.100000,-0.0000,0.0000,75.6790,75.6790,0.0000
NullAFC,1,period_0856,24.150000,-0.0000,0.0000,75.6790,75.6790,0.0000
NullAFC,1,period_0856,24.200000,-0.0000,0.0000,75.6790,75.6790,0.0000
NullAFC,1,period_0856,24.250000,-0.0000,0.0000,75.6790,75.6790,0.0000
NullAFC,1,period_0856,24.300000,-0.0000,0.0000,75.6790,75.6790,0.0000
NullAFC,1,period_0856,24.350000,-0.0000,0.0000,75.6790,75.6790,0.0000
NullAFC,1,period_0856,24.400000,-0.0000,0.0000,75.6790,75.6790,0.0000
NullAFC,1,period_0856,24.450000,-0.0000,0.0000,75.6790,75.6790,0.0000
NullAFC,1,period_0856,24.500000,-0.0000,0.0000,75.6790,75.6790,0.0000
NullAFC,1,period_0856,24.550000,-0.0000,0.0000,75.6790,75.6790,0.0000
NullAFC,1,period_0856,24.600000,-0.0000,0.0000,75.6790,75.6790,0.0000
NullAFC,1,period_0856,24.650000,-0.0000,0.0000,75.6790,75.6790,0.0000
NullAFC,1,period_0856,24.700000,-0.0000,0.0000,75.6790,75.6790,0.0000
NullAFC,1,period_0856,24.750000,-0.0000,0.0000,75.6790,75.6790,0.0000
NullAFC,1,period_0856,24.800000,-0.0000,0.0000,75.6790,75.6790,0.0000
NullAFC,1,period_0856,24.850000,-0.0000,0.0000,75.6790,75.6790,0.0000
NullAFC,1,period_0856,24.900000,-0.0000,0.0000,75.6790,75.6790,0.0000
NullAFC,1,period_0856,24.950000,-0.0000,0.0000,75.6790,75.6790,0.0000
NullAFC,1,period_0856,25.000000,-0.0000,0.0000,75.6790,75.6790,0.0000
NullAFC,1,period_0856,25.050000,-0.0000,0.0000,75.6790,75.6790,0.0000
NullAFC,1,period_0856,25.100000,-0.0000,0.0000,75.6790,75.6790,0.0000
NullAFC,1,period_0856,25.150000,-0.0000,0.0000,75.6790,75.6790,0.0000
NullAFC,1,period_0856,25.200000,-0.0000,0.0000,75.6790,75.6790,0.0000
NullAFC,1,period_0856,25.250000,-0.0000,0.0000,75.6790,75.6790,0.0000
NullAFC,1,period_0856,25.300000,-0.0000,0.0000,75.6790,75.6790,0.0000
NullAFC,1,period_0856,25.350000,-0.0000,0.0000,75.6790,75.6790,0.0000
NullAFC,1,period_0856,25.400000,-0.0000,0.0000,75.6790,75.6790,0.0000
NullAFC,1,period_0856,25.450000,-0.0000,0.0000,75.6790,75.6790,0.0000
NullAFC,1,period_0856,25.500000,-0.0000,0.0000,75.6790,75.6790,0.0000
NullAFC,1,period_0856,25.550000,-0.0000,0.0000,75.6790,75.6790,0.0000
NullAFC,1,period_0856,25.600000,-0.0000,0.0000,75.6790,75.6790,0.0000
NullAFC,1,period_0856,25.650000,-0.0000,0.0000,75.6790,75.6790,0.0000
NullAFC,1,period_0856,25.700000,-0.0000,0.0000,75.6790,75.6790,0.0000
NullAFC,1,period_0856,25.750000,-0.0000,0.0000,75.6790,75.6790,0.0000
NullAFC,1,period_0856,25.800000,-0.0000,0.0000,75.6790,75.6790,0.0000
NullAFC,1,period_0856,25.850000,-0.0000,0.0000,75.6790,75.6790,0.0000
NullAFC,1,period_0856,25.900000,-0.0000,0.0000,75.6790,75.6790,0.0000
NullAFC,1,period_0856,25.950000,-0.0000,0.0000,75.6790,75.6790,0.0000
NullAFC,1,period_0856,26.000000,-0.0000,0.0000,75.6790,75.6790,0.0000
NullAFC,1,period_0856,26.050000,-0.0000,0.0000,75.6790,75.6790,0.0000
NullAFC,1,period_0856,26.100000,-0.0000,0.0000,75.6790,75.6790,0.0000
NullAFC,1,period_0856,26.150000,-0.0000,0.0000,75.6790,75.6790,0.0000
NullAFC,1,period_0856,26.200000,-0.0000,0.0000,75.6790,75.6790,0.0000
NullAFC,1,period_0856,26.250000,-0.0000,0.0000,75.6790,75.6790,0.0000
NullAFC,1,period_0856,26.300000,-0.0000,0.0000,75.6790,75.6790,0.0000
NullAFC,1,period_0856,26.350000,-0.0000,0.0000,75.6790,75.6790,0.0000
NullAFC,1,period_0856,26.400000,-0.0000,0.0000,75.6790,75.6790,0.0000
NullAFC,1,period_0856,26.450000,-0.0000,0.0000,75.6790,75.6790,0.0000
NullAFC,1,period_0856,26.500000,-0.0000,0.0000,75.6790,75.6790,0.0000
NullAFC,1,period_0856,26.550000,-0.0000,0.0000,75.6790,75.6790,0.0000
NullAFC,1,period_0856,26.600000,-0.0000,0.0000,75.6790,75.6790,0.0000
NullAFC,1,period_0856,26.650000,-0.0000,0.0000,75.6790,75.6790,0.0000
NullAFC,1,period_0856,26.700000,-0.0000,0.0000,75.6790,75.6790,0.0000
NullAFC,1,period_0856,26.750000,-0.0000,0.0000,75.6790,75.6790,0.0000
NullAFC,1,period_0856,26.800000,-0.0000,0.0000,75.6790,75.6790,0.0000
NullAFC,1,period_0856,26.850000,-0.0000,0.0000,75.6790,75.6790,0.0000
NullAFC,1,period_0856,26.900000,-0.0000,0.0000,75.6790,75.6790,0.0000
NullAFC,1,period_0856,26.950000,-0.0000,0.0000,75.6790,75.6790,0.0000
NullAFC,1,period_0856,27.000000,-0.0000,0.0000,75.6790,75.6790,0.0000
NullAFC,1,period_0856,27.050000,-0.0000,0.0000,75.6790,75.6790,0.0000
NullAFC,1,period_0856,27.100000,-0.0000,0.0000,75.6790,75.6790,0.0000
NullAFC,1,period_0856,27.150000,-0.0000,0.0000,75.6790,75.6790,0.0000
NullAFC,1,period_0856,27.200000,-0.0000,0.0000,75.6790,75.6790,0.0000
NullAFC,1,period_0856,27.250000,-0.0000,0.0000,75.6790,75.6790,0.0000
NullAFC,1,period_0856,27.300000,-0.0000,0.0000,75.6790,75.6790,0.0000
NullAFC,1,period_0856,27.350000,-0.0000,0.0000,75.6790,75.6790,0.0000
NullAFC,1,period_0856,27.400000,-0.0000,0.0000,75.6790,75.6790,0.0000
NullAFC,1,period_0856,27.450000,-0.0000,0.0000,75.6790,75.6790,0.0000
NullAFC,1,period_0856,27.500000,-0.0000,0.0000,75.6790,75.6790,0.0000
NullAFC,1,period_0856,27.550000,-0.0000,0.0000,75.6790,75.6790,0.0000
NullAFC,1,period_0856,27.600000,-0.0000,0.0000,75.6790,75.6790,0.0000
NullAFC,1,period_0856,27.650000,-0.0000,0.0000,75.6790,75.6790,0.0000
NullAFC,1,period_0856,27.700000,-0.0000,0.0000,75.6790,75.6790,0.0000
NullAFC,1,period_0856,27.750000,-0.0000,0.0000,75.6790,75.6790,0.0000
NullAFC,1,period_0856,27.800000,-0.0000,0.0000,75.6790,75.6790,0.0000
NullAFC,1,period_0856,27.850000,-0.0000,0.0000,75.6790,75.6790,0.0000
NullAFC,1,period_0856,27.900000,-0.0000,0.0000,75.6790,75.6790,0.0000
NullAFC,1,period_0856,27.950000,-0.0000,0.0000,75.6790,75.6790,0.0000
NullAFC,1,period_0856,28.000000,-0.0000,0.0000,75.6790,75.6790,0.0000
NullAFC,1,period_0856,28.050000,-0.0000,0.0000,75.6790,75.6790,0.0000
NullAFC,1,period_0856,28.100000,-0.0000,0.0000,75.6790,75.6790,0.0000
NullAFC,1,period_0856,28.150000,-0.0000,0.0000,75.6790,75.6790,0.0000
NullAFC,1,period_0856,28.200000,-0.0000,0.0000,75.6790,75.6790,0.0000
NullAFC,1,period_0856,28.250000,-0.0000,0.0000,75.6790,75.6790,0.0000
NullAFC,1,period_0856,28.300000,-0.0000,0.0000,75.6790,75.6790,0.0000
NullAFC,1,period_0856,28.350000,-0.0000,0.0000,75.6790,75.6790,0.0000
NullAFC,1,period_0856,28.400000,-0.0000,0.0000,75.6790,75.6790,0.0000
NullAFC,1,period_0856,28.450000,-0.0000,0.0000,75.6790,75.6790,0.0000
NullAFC,1,period_0856,28.500000,-0.0000,0.0000,75.6790,75.6790,0.0000
NullAFC,1,period_0856,28.550000,-0.0000,0.0000,75.6790,75.6790,0.0000
NullAFC,1,period_0856,28.600000,-0.0000,0.0000,75.6790,75.6790,0.0000
NullAFC,1,period_0856,28.650000,-0.0000,0.0000,75.6790,75.6790,0.0000
NullAFC,1,period_0856,28.700000,-0.0000,0.0000,75.6790,75.6790,0.0000
NullAFC,1,period_0856,28.750000,-0.0000,0.0000,75.6790,75.6790,0.0000
NullAFC,1,period_0856,28.800000,-0.0000,0.0000,75.6790,75.6790,0.0000
NullAFC,1,period_0856,28.850000,-0.0000,0.0000,75.6790,75.6790,0.0000
NullAFC,1,period_0856,28.900000,-0.0000,0.0000,75.6790,75.6790,0.0000
NullAFC,1,period_0856,28.950000,-0.0000,0.0000,75.6790,75.6790,0.0000
NullAFC,1,period_0856,29.000000,-0.0000,0.0000,75.6790,75.6790,0.0000
NullAFC,1,period_0856,29.050000,-0.0000,0.0000,75.6790,75.6790,0.0000
NullAFC,1,period_0856,29.100000,-0.0000,0.0000,75.6790,75.6790,0.0000
NullAFC,1,period_0856,29.150000,-0.0000,0.0000,75.6790,75.6790,0.0000
NullAFC,1,period_0856,29.200000,-0.0000,0.0000,75.6790,75.6790,0.0000
NullAFC,1,period_0856,29.250000,-0.0000,0.0000,75.6790,75.6790,0.0000
NullAFC,1,period_0856,29.300000,-0.0000,0.0000,75.6790,75.6790,0.0000
NullAFC,1,period_0856,29.350000,-0.0000,0.0000,75.6790,75.6790,0.0000
NullAFC,1,period_0856,29.400000,-0.0000,0.0000,75.6790,75.6790,0.0000
NullAFC,1,period_0856,29.450000,-0.0000,0.0000,75.6790,75.6790,0.0000
NullAFC,1,period_0856,29.500000,-0.0000,0.0000,75.6790,75.6790,0.0000
NullAFC,1,period_0856,29.550000,-0.0000,0.0000,75.6790,75.6790,0.0000
NullAFC,1,period_0856,29.600000,-0.0000,0.0000,75.6790,75.6790,0.0000
NullAFC,1,period_0856,29.650000,-0.0000,0.0000,75.6790,75.6790,0.0000
NullAFC,1,period_0856,29.700000,-0.0000,0.0000,75.6790,75.6790,0.0000
NullAFC,1,period_0856,29.750000,-0.0000,0.0000,75.6790,75.6790,0.0000
NullAFC,1,period_0856,29.800000,-0.0000,0.0000,75.6790,75.6790,0.0000
NullAFC,1,period_0856,29.850000,-0.0000,0.0000,75.6790,75.6790,0.0000
NullAFC,1,period_0856,29.900000,-0.0000,0.0000,75.6790,75.6790,0.0000
NullAFC,1,period_0856,29.950000,-0.0000,0.0000,75.6790,75.6790,0.0000
NullAFC,1,period_0856,30.000000,-0.0000,0.0000,75.6790,75.6790,0.0000
NullAFC,2,period_0916,30.000667,-0.0000,0.0000,76.8005,76.8005,0.0000
NullAFC,2,period_0916,30.050000,-0.0000,0.0000,76.8005,76.8005,0.0000
NullAFC,2,period_0916,30.100000,-0.0000,0.0000,76.8005,76.8005,0.0000
NullAFC,2,period_0916,30.150000,-0.0000,0.0000,76.8005,76.8005,0.0000
NullAFC,2,period_0916,30.200000,-0.0000,0.0000,76.8005,76.8005,0.0000
NullAFC,2,period_0916,30.250000,-0.0000,0.0000,76.8005,76.8005,0.0000
NullAFC,2,period_0916,30.300000,-0.0000,0.0000,76.8005,76.8005,0.0000
NullAFC,2,period_0916,30.350000,-0.0000,0.0000,76.8005,76.8005,0.0000
NullAFC,2,period_0916,30.400000,-0.0000,0.0000,76.8005,76.8005,0.0000
NullAFC,2,period_0916,30.450000,-0.0000,0.0000,76.8005,76.8005,0.0000
NullAFC,2,period_0916,30.500000,-0.0000,0.0000,76.8005,76.8005,0.0000
NullAFC,2,period_0916,30.550000,-0.0000,0.0000,76.8005,76.8005,0.0000
NullAFC,2,period_0916,30.600000,-0.0000,0.0000,76.8005,76.8005,0.0000
NullAFC,2,period_0916,30.650000,-0.0000,0.0000,76.8005,76.8005,0.0000
NullAFC,2,period_0916,30.700000,-0.0000,0.0000,76.8005,76.8005,0.0000
NullAFC,2,period_0916,30.750000,-0.0000,0.0000,76.8005,76.8005,0.0000
NullAFC,2,period_0916,30.800000,-0.0000,0.0000,76.8005,76.8005,0.0000
NullAFC,2,period_0916,30.850000,-0.0000,0.0000,76.8005,76.8005,0.0000
NullAFC,2,period_0916,30.900000,-0.0000,0.0000,76.8005,76.8005,0.0000
NullAFC,2,period_0916,30.950000,-0.0000,0.0000,76.8005,76.8005,0.0000
NullAFC,2,period_0916,31.000000,-0.0000,0.0000,76.8005,76.8005,0.0000
NullAFC,2,period_0916,31.050000,-0.0000,0.0000,76.8005,76.8005,0.0000
NullAFC,2,period_0916,31.100000,-0.0000,0.0000,76.8005,76.8005,0.0000
NullAFC,2,period_0916,31.150000,-0.0000,0.0000,76.8005,76.8005,0.0000
NullAFC,2,period_0916,31.200000,-0.0000,0.0000,76.8005,76.8005,0.0000
NullAFC,2,period_0916,31.250000,-0.0000,0.0000,76.8005,76.8005,0.0000
NullAFC,2,period_0916,31.300000,-0.0000,0.0000,76.8005,76.8005,0.0000
NullAFC,2,period_0916,31.350000,-0.0000,0.0000,76.8005,76.8005,0.0000
NullAFC,2,period_0916,31.400000,-0.0000,0.0000,76.8005,76.8005,0.0000
NullAFC,2,period_0916,31.450000,-0.0000,0.0000,76.8005,76.8005,0.0000
NullAFC,2,period_0916,31.500000,-0.0000,0.0000,76.8005,76.8005,0.0000
NullAFC,2,period_0916,31.550000,-0.0000,0.0000,76.8005,76.8005,0.0000
NullAFC,2,period_0916,31.600000,-0.0000,0.0000,76.8005,76.8005,0.0000
NullAFC,2,period_0916,31.650000,-0.0000,0.0000,76.8005,76.8005,0.0000
NullAFC,2,period_0916,31.700000,-0.0000,0.0000,76.8005,76.8005,0.0000
NullAFC,2,period_0916,31.750000,-0.0000,0.0000,76.8005,76.8005,0.0000
NullAFC,2,period_0916,31.800000,-0.0000,0.0000,76.8005,76.8005,0.0000
NullAFC,2,period_0916,31.850000,-0.0000,0.0000,76.8005,76.8005,0.0000
NullAFC,2,period_0916,31.900000,-0.0000,0.0000,76.8005,76.8005,0.0000
NullAFC,2,period_0916,31.950000,-0.0000,0.0000,76.8005,76.8005,0.0000
NullAFC,2,period_0916,32.000000,-0.0000,0.0000,76.8005,76.8005,0.0000
NullAFC,2,period_0916,32.050000,-0.0000,0.0000,76.8005,76.8005,0.0000
NullAFC,2,period_0916,32.100000,-0.0000,0.0000,76.8005,76.8005,0.0000
NullAFC,2,period_0916,32.150000,-0.0000,0.0000,76.8005,76.8005,0.0000
NullAFC,2,period_0916,32.200000,-0.0000,0.0000,76.8005,76.8005,0.0000
NullAFC,2,period_0916,32.250000,-0.0000,0.0000,76.8005,76.8005,0.0000
NullAFC,2,period_0916,32.300000,-0.0000,0.0000,76.8005,76.8005,0.0000
NullAFC,2,period_0916,32.350000,-0.0000,0.0000,76.8005,76.8005,0.0000
NullAFC,2,period_0916,32.400000,-0.0000,0.0000,76.8005,76.8005,0.0000
NullAFC,2,period_0916,32.450000,-0.0000,0.0000,76.8005,76.8005,0.0000
NullAFC,2,period_0916,32.500000,-0.0000,0.0000,76.8005,76.8005,0.0000
NullAFC,2,period_0916,32.550000,-0.0000,0.0000,76.8005,76.8005,0.0000
NullAFC,2,period_0916,32.600000,-0.0000,0.0000,76.8005,76.8005,0.0000
NullAFC,2,period_0916,32.650000,-0.0000,0.0000,76.8005,76.8005,0.0000
NullAFC,2,period_0916,32.700000,-0.0000,0.0000,76.8005,76.8005,0.0000
NullAFC,2,period_0916,32.750000,-0.0000,0.0000,76.8005,76.8005,0.0000
NullAFC,2,period_0916,32.800000,-0.0000,0.0000,76.8005,76.8005,0.0000
NullAFC,2,period_0916,32.850000,-0.0000,0.0000,76.8005,76.8005,0.0000
NullAFC,2,period_0916,32.900000,-0.0000,0.0000,76.8005,76.8005,0.0000
NullAFC,2,period_0916,32.950000,-0.0000,0.0000,76.8005,76.8005,0.0000
NullAFC,2,period_0916,33.000000,-0.0000,0.0000,76.8005,76.8005,0.0000
NullAFC,2,period_0916,33.050000,-0.0000,0.0000,76.8005,76.8005,0.0000
NullAFC,2,period_0916,33.100000,-0.0000,0.0000,76.8005,76.8005,0.0000
NullAFC,2,period_0916,33.150000,-0.0000,0.0000,76.8005,76.8005,0.0000
NullAFC,2,period_0916,33.200000,-0.0000,0.0000,76.8005,76.8005,0.0000
NullAFC,2,period_0916,33.250000,-0.0000,0.0000,76.8005,76.8005,0.0000
NullAFC,2,period_0916,33.300000,-0.0000,0.0000,76.8005,76.8005,0.0000
NullAFC,2,period_0916,33.350000,-0.0000,0.0000,76.8005,76.8005,0.0000
NullAFC,2,period_0916,33.400000,-0.0000,0.0000,76.8005,76.8005,0.0000
NullAFC,2,period_0916,33.450000,-0.0000,0.0000,76.8005,76.8005,0.0000
NullAFC,2,period_0916,33.500000,-0.0000,0.0000,76.8005,76.8005,0.0000
NullAFC,2,period_0916,33.550000,-0.0000,0.0000,76.8005,76.8005,0.0000
NullAFC,2,period_0916,33.600000,-0.0000,0.0000,76.8005,76.8005,0.0000
NullAFC,2,period_0916,33.650000,-0.0000,0.0000,76.8005,76.8005,0.0000
NullAFC,2,period_0916,33.700000,-0.0000,0.0000,76.8005,76.8005,0.0000
NullAFC,2,period_0916,33.750000,-0.0000,0.0000,76.8005,76.8005,0.0000
NullAFC,2,period_0916,33.800000,-0.0000,0.0000,76.8005,76.8005,0.0000
NullAFC,2,period_0916,33.850000,-0.0000,0.0000,76.8005,76.8005,0.0000
NullAFC,2,period_0916,33.900000,-0.0000,0.0000,76.8005,76.8005,0.0000
NullAFC,2,period_0916,33.950000,-0.0000,0.0000,76.8005,76.8005,0.0000
NullAFC,2,period_0916,34.000000,-0.0000,0.0000,76.8005,76.8005,0.0000
NullAFC,2,period_0916,34.050000,-0.0000,0.0000,76.8005,76.8005,0.0000
NullAFC,2,period_0916,34.100000,-0.0000,0.0000,76.8005,76.8005,0.0000
NullAFC,2,period_0916,34.150000,-0.0000,0.0000,76.8005,76.8005,0.0000
NullAFC,2,period_0916,34.200000,-0.0000,0.0000,76.8005,76.8005,0.0000
NullAFC,2,period_0916,34.250000,-0.0000,0.0000,76.8005,76.8005,0.0000
NullAFC,2,period_0916,34.300000,-0.0000,0.0000,76.8005,76.8005,0.0000
NullAFC,2,period_0916,34.350000,-0.0000,0.0000,76.8005,76.8005,0.0000
NullAFC,2,period_0916,34.400000,-0.0000,0.0000,76.8005,76.8005,0.0000
NullAFC,2,period_0916,34.450000,-0.0000,0.0000,76.8005,76.8005,0.0000
NullAFC,2,period_0916,34.500000,-0.0000,0.0000,76.8005,76.8005,0.0000
NullAFC,2,period_0916,34.550000,-0.0000,0.0000,76.8005,76.8005,0.0000
NullAFC,2,period_0916,34.600000,-0.0000,0.0000,76.8005,76.8005,0.0000
NullAFC,2,period_0916,34.650000,-0.0000,0.0000,76.8005,76.8005,0.0000
NullAFC,2,period_0916,34.700000,-0.0000,0.0000,76.8005,76.8005,0.0000
NullAFC,2,period_0916,34.750000,-0.0000,0.0000,76.8005,76.8005,0.0000
NullAFC,2,period_0916,34.800000,-0.0000,0.0000,76.8005,76.8005,0.0000
NullAFC,2,period_0916,34.850000,-0.0000,0.0000,76.8005,76.8005,0.0000
NullAFC,2,period_0916,34.900000,-0.0000,0.0000,76.8005,76.8005,0.0000
NullAFC,2,period_0916,34.950000,-0.0000,0.0000,76.8005,76.8005,0.0000
NullAFC,2,period_0916,35.000000,-0.0000,0.0000,76.8005,76.8005,0.0000
NullAFC,2,period_0916,35.050000,-0.0000,0.0000,76.8005,76.8005,0.0000
NullAFC,2,period_0916,35.100000,-0.0000,0.0000,76.8005,76.8005,0.0000
NullAFC,2,period_0916,35.150000,-0.0000,0.0000,76.8005,76.8005,0.0000
NullAFC,2,period_0916,35.200000,-0.0000,0.0000,76.8005,76.8005,0.0000
NullAFC,2,period_0916,35.250000,-0.0000,0.0000,76.8005,76.8005,0.0000
NullAFC,2,period_0916,35.300000,-0.0000,0.0000,76.8005,76.8005,0.0000
NullAFC,2,period_0916,35.350000,-0.0000,0.0000,76.8005,76.8005,0.0000
NullAFC,2,period_0916,35.400000,-0.0000,0.0000,76.8005,76.8005,0.0000
NullAFC,2,period_0916,35.450000,-0.0000,0.0000,76.8005,76.8005,0.0000
NullAFC,2,period_0916,35.500000,-0.0000,0.0000,76.8005,76.8005,0.0000
NullAFC,2,period_0916,35.550000,-0.0000,0.0000,76.8005,76.8005,0.0000
NullAFC,2,period_0916,35.600000,-0.0000,0.0000,76.8005,76.8005,0.0000
NullAFC,2,period_0916,35.650000,-0.0000,0.0000,76.8005,76.8005,0.0000
NullAFC,2,period_0916,35.700000,-0.0000,0.0000,76.8005,76.8005,0.0000
NullAFC,2,period_0916,35.750000,-0.0000,0.0000,76.8005,76.8005,0.0000
NullAFC,2,period_0916,35.800000,-0.0000,0.0000,76.8005,76.8005,0.0000
NullAFC,2,period_0916,35.850000,-0.0000,0.0000,76.8005,76.8005,0.0000
NullAFC,2,period_0916,35.900000,-0.0000,0.0000,76.8005,76.8005,0.0000
NullAFC,2,period_0916,35.950000,-0.0000,0.0000,76.8005,76.8005,0.0000
NullAFC,2,period_0916,36.000000,-0.0000,0.0000,76.8005,76.8005,0.0000
NullAFC,2,period_0916,36.050000,-0.0000,0.0000,76.8005,76.8005,0.0000
NullAFC,2,period_0916,36.100000,-0.0000,0.0000,76.8005,76.8005,0.0000
NullAFC,2,period_0916,36.150000,-0.0000,0.0000,76.8005,76.8005,0.0000
NullAFC,2,period_0916,36.200000,-0.0000,0.0000,76.8005,76.8005,0.0000
NullAFC,2,period_0916,36.250000,-0.0000,0.0000,76.8005,76.8005,0.0000
NullAFC,2,period_0916,36.300000,-0.0000,0.0000,76.8005,76.8005,0.0000
NullAFC,2,period_0916,36.350000,-0.0000,0.0000,76.8005,76.8005,0.0000
NullAFC,2,period_0916,36.400000,-0.0000,0.0000,76.8005,76.8005,0.0000
NullAFC,2,period_0916,36.450000,-0.0000,0.0000,76.8005,76.8005,0.0000
NullAFC,2,period_0916,36.500000,-0.0000,0.0000,76.8005,76.8005,0.0000
NullAFC,2,period_0916,36.550000,-0.0000,0.0000,76.8005,76.8005,0.0000
NullAFC,2,period_0916,36.600000,-0.0000,0.0000,76.8005,76.8005,0.0000
NullAFC,2,period_0916,36.650000,-0.0000,0.0000,76.8005,76.8005,0.0000
NullAFC,2,period_0916,36.700000,-0.0000,0.0000,76.8005,76.8005,0.0000
NullAFC,2,period_0916,36.750000,-0.0000,0.0000,76.8005,76.8005,0.0000
NullAFC,2,period_0916,36.800000,-0.0000,0.0000,76.8005,76.8005,0.0000
NullAFC,2,period_0916,36.850000,-0.0000,0.0000,76.8005,76.8005,0.0000
NullAFC,2,period_0916,36.900000,-0.0000,0.0000,76.8005,76.8005,0.0000
NullAFC,2,period_0916,36.950000,-0.0000,0.0000,76.8005,76.8005,0.0000
NullAFC,2,period_0916,37.000000,-0.0000,0.0000,76.8005,76.8005,0.0000
NullAFC,2,period_0916,37.050000,-0.0000,0.0000,76.8005,76.8005,0.0000
NullAFC,2,period_0916,37.100000,-0.0000,0.0000,76.8005,76.8005,0.0000
NullAFC,2,period_0916,37.150000,-0.0000,0.0000,76.8005,76.8005,0.0000
NullAFC,2,period_0916,37.200000,-0.0000,0.0000,76.8005,76.8005,0.0000
NullAFC,2,period_0916,37.250000,-0.0000,0.0000,76.8005,76.8005,0.0000
NullAFC,2,period_0916,37.300000,-0.0000,0.0000,76.8005,76.8005,0.0000
NullAFC,2,period_0916,37.350000,-0.0000,0.0000,76.8005,76.8005,0.0000
NullAFC,2,period_0916,37.400000,-0.0000,0.0000,76.8005,76.8005,0.0000
NullAFC,2,period_0916,37.450000,-0.0000,0.0000,76.8005,76.8005,0.0000
NullAFC,2,period_0916,37.500000,-0.0000,0.0000,76.8005,76.8005,0.0000
NullAFC,2,period_0916,37.550000,-0.0000,0.0000,76.8005,76.8005,0.0000
NullAFC,2,period_0916,37.600000,-0.0000,0.0000,76.8005,76.8005,0.0000
NullAFC,2,period_0916,37.650000,-0.0000,0.0000,76.8005,76.8005,0.0000
NullAFC,2,period_0916,37.700000,-0.0000,0.0000,76.8005,76.8005,0.0000
NullAFC,2,period_0916,37.750000,-0.0000,0.0000,76.8005,76.8005,0.0000
NullAFC,2,period_0916,37.800000,-0.0000,0.0000,76.8005,76.8005,0.0000
NullAFC,2,period_0916,37.850000,-0.0000,0.0000,76.8005,76.8005,0.0000
NullAFC,2,period_0916,37.900000,-0.0000,0.0000,76.8005,76.8005,0.0000
NullAFC,2,period_0916,37.950000,-0.0000,0.0000,76.8005,76.8005,0.0000
NullAFC,2,period_0916,38.000000,-0.0000,0.0000,76.8005,76.8005,0.0000
NullAFC,2,period_0916,38.050000,-0.0000,0.0000,76.8005,76.8005,0.0000
NullAFC,2,period_0916,38.100000,-0.0000,0.0000,76.8005,76.8005,0.0000
NullAFC,2,period_0916,38.150000,-0.0000,0.0000,76.8005,76.8005,0.0000
NullAFC,2,period_0916,38.200000,-0.0000,0.0000,76.8005,76.8005,0.0000
NullAFC,2,period_0916,38.250000,-0.0000,0.0000,76.8005,76.8005,0.0000
NullAFC,2,period_0916,38.300000,-0.0000,0.0000,76.8005,76.8005,0.0000
NullAFC,2,period_0916,38.350000,-0.0000,0.0000,76.8005,76.8005,0.0000
NullAFC,2,period_0916,38.400000,-0.0000,0.0000,76.8005,76.8005,0.0000
NullAFC,2,period_0916,38.450000,-0.0000,0.0000,76.8005,76.8005,0.0000
NullAFC,2,period_0916,38.500000,-0.0000,0.0000,76.8005,76.8005,0.0000
NullAFC,2,period_0916,38.550000,-0.0000,0.0000,76.8005,76.8005,0.0000
NullAFC,2,period_0916,38.600000,-0.0000,0.0000,76.8005,76.8005,0.0000
NullAFC,2,period_0916,38.650000,-0.0000,0.0000,76.8005,76.8005,0.0000
NullAFC,2,period_0916,38.700000,-0.0000,0.0000,76.8005,76.8005,0.0000
NullAFC,2,period_0916,38.750000,-0.0000,0.0000,76.8005,76.8005,0.0000
NullAFC,2,period_0916,38.800000,-0.0000,0.0000,76.8005,76.8005,0.0000
NullAFC,2,period_0916,38.850000,-0.0000,0.0000,76.8005,76.8005,0.0000
NullAFC,2,period_0916,38.900000,-0.0000,0.0000,76.8005,76.8005,0.0000
NullAFC,2,period_0916,38.950000,-0.0000,0.0000,76.8005,76.8005,0.0000
NullAFC,2,period_0916,39.000000,-0.0000,0.0000,76.8005,76.8005,0.0000
NullAFC,2,period_0916,39.050000,-0.0000,0.0000,76.8005,76.8005,0.0000
NullAFC,2,period_0916,39.100000,-0.0000,0.0000,76.8005,76.8005,0.0000
NullAFC,2,period_0916,39.150000,-0.0000,0.0000,76.8005,76.8005,0.0000
NullAFC,2,period_0916,39.200000,-0.0000,0.0000,76.8005,76.8005,0.0000
NullAFC,2,period_0916,39.250000,-0.0000,0.0000,76.8005,76.8005,0.0000
NullAFC,2,period_0916,39.300000,-0.0000,0.0000,76.8005,76.8005,0.0000
NullAFC,2,period_0916,39.350000,-0.0000,0.0000,76.8005,76.8005,0.0000
NullAFC,2,period_0916,39.400000,-0.0000,0.0000,76.8005,76.8005,0.0000
NullAFC,2,period_0916,39.450000,-0.0000,0.0000,76.8005,76.8005,0.0000
NullAFC,2,period_0916,39.500000,-0.0000,0.0000,76.8005,76.8005,0.0000
NullAFC,2,period_0916,39.550000,-0.0000,0.0000,76.8005,76.8005,0.0000
NullAFC,2,period_0916,39.600000,-0.0000,0.0000,76.8005,76.8005,0.0000
NullAFC,2,period_0916,39.650000,-0.0000,0.0000,76.8005,76.8005,0.0000
NullAFC,2,period_0916,39.700000,-0.0000,0.0000,76.8005,76.8005,0.0000
NullAFC,2,period_0916,39.750000,-0.0000,0.0000,76.8005,76.8005,0.0000
NullAFC,2,period_0916,39.800000,-0.0000,0.0000,76.8005,76.8005,0.0000
NullAFC,2,period_0916,39.850000,-0.0000,0.0000,76.8005,76.8005,0.0000
NullAFC,2,period_0916,39.900000,-0.0000,0.0000,76.8005,76.8005,0.0000
NullAFC,2,period_0916,39.950000,-0.0000,0.0000,76.8005,76.8005,0.0000
NullAFC,2,period_0916,40.000000,-0.0000,0.0000,76.8005,76.8005,0.0000
NullAFC,2,period_0916,40.050000,-0.0000,0.0000,76.8005,76.8005,0.0000
NullAFC,2,period_0916,40.100000,-0.0000,0.0000,76.8005,76.8005,0.0000
NullAFC,2,period_0916,40.150000,-0.0000,0.0000,76.8005,76.8005,0.0000
NullAFC,2,period_0916,40.200000,-0.0000,0.0000,76.8005,76.8005,0.0000
NullAFC,2,period_0916,40.250000,-0.0000,0.0000,76.8005,76.8005,0.0000
NullAFC,2,period_0916,40.300000,-0.0000,0.0000,76.8005,76.8005,0.0000
NullAFC,2,period_0916,40.350000,-0.0000,0.0000,76.8005,76.8005,0.0000
NullAFC,2,period_0916,40.400000,-0.0000,0.0000,76.8005,76.8005,0.0000
NullAFC,2,period_0916,40.450000,-0.0000,0.0000,76.8005,76.8005,0.0000
NullAFC,2,period_0916,40.500000,-0.0000,0.0000,76.8005,76.8005,0.0000
NullAFC,2,period_0916,40.550000,-0.0000,0.0000,76.8005,76.8005,0.0000
NullAFC,2,period_0916,40.600000,-0.0000,0.0000,76.8005,76.8005,0.0000
NullAFC,2,period_0916,40.650000,-0.0000,0.0000,76.8005,76.8005,0.0000
NullAFC,2,period_0916,40.700000,-0.0000,0.0000,76.8005,76.8005,0.0000
NullAFC,2,period_0916,40.750000,-0.0000,0.0000,76.8005,76.8005,0.0000
NullAFC,2,period_0916,40.800000,-0.0000,0.0000,76.8005,76.8005,0.0000
NullAFC,2,period_0916,40.850000,-0.0000,0.0000,76.8005,76.8005,0.0000
NullAFC,2,period_0916,40.900000,-0.0000,0.0000,76.8005,76.8005,0.0000
NullAFC,2,period_0916,40.950000,-0.0000,0.0000,76.8005,76.8005,0.0000
NullAFC,2,period_0916,41.000000,-0.0000,0.0000,76.8005,76.8005,0.0000
NullAFC,2,period_0916,41.050000,-0.0000,0.0000,76.8005,76.8005,0.0000
NullAFC,2,period_0916,41.100000,-0.0000,0.0000,76.8005,76.8005,0.0000
NullAFC,2,period_0916,41.150000,-0.0000,0.0000,76.8005,76.8005,0.0000
NullAFC,2,period_0916,41.200000,-0.0000,0.0000,76.8005,76.8005,0.0000
NullAFC,2,period_0916,41.250000,-0.0000,0.0000,76.8005,76.8005,0.0000
NullAFC,2,period_0916,41.300000,-0.0000,0.0000,76.8005,76.8005,0.0000
NullAFC,2,period_0916,41.350000,-0.0000,0.0000,76.8005,76.8005,0.0000
NullAFC,2,period_0916,41.400000,-0.0000,0.0000,76.8005,76.8005,0.0000
NullAFC,2,period_0916,41.450000,-0.0000,0.0000,76.8005,76.8005,0.0000
NullAFC,2,period_0916,41.500000,-0.0000,0.0000,76.8005,76.8005,0.0000
NullAFC,2,period_0916,41.550000,-0.0000,0.0000,76.8005,76.8005,0.0000
NullAFC,2,period_0916,41.600000,-0.0000,0.0000,76.8005,76.8005,0.0000
NullAFC,2,period_0916,41.650000,-0.0000,0.0000,76.8005,76.8005,0.0000
NullAFC,2,period_0916,41.700000,-0.0000,0.0000,76.8005,76.8005,0.0000
NullAFC,2,period_0916,41.750000,-0.0000,0.0000,76.8005,76.8005,0.0000
NullAFC,2,period_0916,41.800000,-0.0000,0.0000,76.8005,76.8005,0.0000
NullAFC,2,period_0916,41.850000,-0.0000,0.0000,76.8005,76.8005,0.0000
NullAFC,2,period_0916,41.900000,-0.0000,0.0000,76.8005,76.8005,0.0000
NullAFC,2,period_0916,41.950000,-0.0000,0.0000,76.8005,76.8005,0.0000
NullAFC,2,period_0916,42.000000,-0.0000,0.0000,76.8005,76.8005,0.0000
NullAFC,2,period_0916,42.050000,-0.0000,0.0000,76.8005,76.8005,0.0000
NullAFC,2,period_0916,42.100000,-0.0000,0.0000,76.8005,76.8005,0.0000
NullAFC,2,period_0916,42.150000,-0.0000,0.0000,76.8005,76.8005,0.0000
NullAFC,2,period_0916,42.200000,-0.0000,0.0000,76.8005,76.8005,0.0000
NullAFC,2,period_0916,42.250000,-0.0000,0.0000,76.8005,76.8005,0.0000
NullAFC,2,period_0916,42.300000,-0.0000,0.0000,76.8005,76.8005,0.0000
NullAFC,2,period_0916,42.350000,-0.0000,0.0000,76.8005,76.8005,0.0000
NullAFC,2,period_0916,42.400000,-0.0000,0.0000,76.8005,76.8005,0.0000
NullAFC,2,period_0916,42.450000,-0.0000,0.0000,76.8005,76.8005,0.0000
NullAFC,2,period_0916,42.500000,-0.0000,0.0000,76.8005,76.8005,0.0000
NullAFC,2,period_0916,42.550000,-0.0000,0.0000,76.8005,76.8005,0.0000
NullAFC,2,period_0916,42.600000,-0.0000,0.0000,76.8005,76.8005,0.0000
NullAFC,2,period_0916,42.650000,-0.0000,0.0000,76.8005,76.8005,0.0000
NullAFC,2,period_0916,42.700000,-0.0000,0.0000,76.8005,76.8005,0.0000
NullAFC,2,period_0916,42.750000,-0.0000,0.0000,76.8005,76.8005,0.0000
NullAFC,2,period_0916,42.800000,-0.0000,0.0000,76.8005,76.8005,0.0000
NullAFC,2,period_0916,42.850000,-0.0000,0.0000,76.8005,76.8005,0.0000
NullAFC,2,period_0916,42.900000,-0.0000,0.0000,76.8005,76.8005,0.0000
NullAFC,2,period_0916,42.950000,-0.0000,0.0000,76.8005,76.8005,0.0000
NullAFC,2,period_0916,43.000000,-0.0000,0.0000,76.8005,76.8005,0.0000
NullAFC,2,period_0916,43.050000,-0.0000,0.0000,76.8005,76.8005,0.0000
NullAFC,2,period_0916,43.100000,-0.0000,0.0000,76.8005,76.8005,0.0000
NullAFC,2,period_0916,43.150000,-0.0000,0.0000,76.8005,76.8005,0.0000
NullAFC,2,period_0916,43.200000,-0.0000,0.0000,76.8005,76.8005,0.0000
NullAFC,2,period_0916,43.250000,-0.0000,0.0000,76.8005,76.8005,0.0000
NullAFC,2,period_0916,43.300000,-0.0000,0.0000,76.8005,76.8005,0.0000
NullAFC,2,period_0916,43.350000,-0.0000,0.0000,76.8005,76.8005,0.0000
NullAFC,2,period_0916,43.400000,-0.0000,0.0000,76.8005,76.8005,0.0000
NullAFC,2,period_0916,43.450000,-0.0000,0.0000,76.8005,76.8005,0.0000
NullAFC,2,period_0916,43.500000,-0.0000,0.0000,76.8005,76.8005,0.0000
NullAFC,2,period_0916,43.550000,-0.0000,0.0000,76.8005,76.8005,0.0000
NullAFC,2,period_0916,43.600000,-0.0000,0.0000,76.8005,76.8005,0.0000
NullAFC,2,period_0916,43.650000,-0.0000,0.0000,76.8005,76.8005,0.0000
NullAFC,2,period_0916,43.700000,-0.0000,0.0000,76.8005,76.8005,0.0000
NullAFC,2,period_0916,43.750000,-0.0000,0.0000,76.8005,76.8005,0.0000
NullAFC,2,period_0916,43.800000,-0.0000,0.0000,76.8005,76.8005,0.0000
NullAFC,2,period_0916,43.850000,-0.0000,0.0000,76.8005,76.8005,0.0000
NullAFC,2,period_0916,43.900000,-0.0000,0.0000,76.8005,76.8005,0.0000
NullAFC,2,period_0916,43.950000,-0.0000,0.0000,76.8005,76.8005,0.0000
NullAFC,2,period_0916,44.000000,-0.0000,0.0000,76.8005,76.8005,0.0000
NullAFC,2,period_0916,44.050000,-0.0000,0.0000,76.8005,76.8005,0.0000
NullAFC,2,period_0916,44.100000,-0.0000,0.0000,76.8005,76.8005,0.0000
NullAFC,2,period_0916,44.150000,-0.0000,0.0000,76.8005,76.8005,0.0000
NullAFC,2,period_0916,44.200000,-0.0000,0.0000,76.8005,76.8005,0.0000
NullAFC,2,period_0916,44.250000,-0.0000,0.0000,76.8005,76.8005,0.0000
NullAFC,2,period_0916,44.300000,-0.0000,0.0000,76.8005,76.8005,0.0000
NullAFC,2,period_0916,44.350000,-0.0000,0.0000,76.8005,76.8005,0.0000
NullAFC,2,period_0916,44.400000,-0.0000,0.0000,76.8005,76.8005,0.0000
NullAFC,2,period_0916,44.450000,-0.0000,0.0000,76.8005,76.8005,0.0000
NullAFC,2,period_0916,44.500000,-0.0000,0.0000,76.8005,76.8005,0.0000
NullAFC,2,period_0916,44.550000,-0.0000,0.0000,76.8005,76.8005,0.0000
NullAFC,2,period_0916,44.600000,-0.0000,0.0000,76.8005,76.8005,0.0000
NullAFC,2,period_0916,44.650000,-0.0000,0.0000,76.8005,76.8005,0.0000
NullAFC,2,period_0916,44.700000,-0.0000,0.0000,76.8005,76.8005,0.0000
NullAFC,2,period_0916,44.750000,-0.0000,0.0000,76.8005,76.8005,0.0000
NullAFC,2,period_0916,44.800000,-0.0000,0.0000,76.8005,76.8005,0.0000
NullAFC,2,period_0916,44.850000,-0.0000,0.0000,76.8005,76.8005,0.0000
NullAFC,2,period_0916,44.900000,-0.0000,0.0000,76.8005,76.8005,0.0000
NullAFC,2,period_0916,44.950000,-0.0000,0.0000,76.8005,76.8005,0.0000
NullAFC,2,period_0916,45.000000,-0.0000,0.0000,76.8005,76.8005,0.0000
NullAFC,3,period_0943,45.000667,-0.0000,0.0000,67.9790,67.9790,0.0000
NullAFC,3,period_0943,45.050000,-0.0000,0.0000,67.9790,67.9790,0.0000
NullAFC,3,period_0943,45.100000,-0.0000,0.0000,67.9790,67.9790,0.0000
NullAFC,3,period_0943,45.150000,-0.0000,0.0000,67.9790,67.9790,0.0000
NullAFC,3,period_0943,45.200000,-0.0000,0.0000,67.9790,67.9790,0.0000
NullAFC,3,period_0943,45.250000,-0.0000,0.0000,67.9790,67.9790,0.0000
NullAFC,3,period_0943,45.300000,-0.0000,0.0000,67.9790,67.9790,0.0000
NullAFC,3,period_0943,45.350000,-0.0000,0.0000,67.9790,67.9790,0.0000
NullAFC,3,period_0943,45.400000,-0.0000,0.0000,67.9790,67.9790,0.0000
NullAFC,3,period_0943,45.450000,-0.0000,0.0000,67.9790,67.9790,0.0000
NullAFC,3,period_0943,45.500000,-0.0000,0.0000,67.9790,67.9790,0.0000
NullAFC,3,period_0943,45.550000,-0.0000,0.0000,67.9790,67.9790,0.0000
NullAFC,3,period_0943,45.600000,-0.0000,0.0000,67.9790,67.9790,0.0000
NullAFC,3,period_0943,45.650000,-0.0000,0.0000,67.9790,67.9790,0.0000
NullAFC,3,period_0943,45.700000,-0.0000,0.0000,67.9790,67.9790,0.0000
NullAFC,3,period_0943,45.750000,-0.0000,0.0000,67.9790,67.9790,0.0000
NullAFC,3,period_0943,45.800000,-0.0000,0.0000,67.9790,67.9790,0.0000
NullAFC,3,period_0943,45.850000,-0.0000,0.0000,67.9790,67.9790,0.0000
NullAFC,3,period_0943,45.900000,-0.0000,0.0000,67.9790,67.9790,0.0000
NullAFC,3,period_0943,45.950000,-0.0000,0.0000,67.9790,67.9790,0.0000
NullAFC,3,period_0943,46.000000,-0.0000,0.0000,67.9790,67.9790,0.0000
NullAFC,3,period_0943,46.050000,-0.0000,0.0000,67.9790,67.9790,0.0000
NullAFC,3,period_0943,46.100000,-0.0000,0.0000,67.9790,67.9790,0.0000
NullAFC,3,period_0943,46.150000,-0.0000,0.0000,67.9790,67.9790,0.0000
NullAFC,3,period_0943,46.200000,-0.0000,0.0000,67.9790,67.9790,0.0000
NullAFC,3,period_0943,46.250000,-0.0000,0.0000,67.9790,67.9790,0.0000
NullAFC,3,period_0943,46.300000,-0.0000,0.0000,67.9790,67.9790,0.0000
NullAFC,3,period_0943,46.350000,-0.0000,0.0000,67.9790,67.9790,0.0000
NullAFC,3,period_0943,46.400000,-0.0000,0.0000,67.9790,67.9790,0.0000
NullAFC,3,period_0943,46.450000,-0.0000,0.0000,67.9790,67.9790,0.0000
NullAFC,3,period_0943,46.500000,-0.0000,0.0000,67.9790,67.9790,0.0000
NullAFC,3,period_0943,46.550000,-0.0000,0.0000,67.9790,67.9790,0.0000
NullAFC,3,period_0943,46.600000,-0.0000,0.0000,67.9790,67.9790,0.0000
NullAFC,3,period_0943,46.650000,-0.0000,0.0000,67.9790,67.9790,0.0000
NullAFC,3,period_0943,46.700000,-0.0000,0.0000,67.9790,67.9790,0.0000
NullAFC,3,period_0943,46.750000,-0.0000,0.0000,67.9790,67.9790,0.0000
NullAFC,3,period_0943,46.800000,-0.0000,0.0000,67.9790,67.9790,0.0000
NullAFC,3,period_0943,46.850000,-0.0000,0.0000,67.9790,67.9790,0.0000
NullAFC,3,period_0943,46.900000,-0.0000,0.0000,67.9790,67.9790,0.0000
NullAFC,3,period_0943,46.950000,-0.0000,0.0000,67.9790,67.9790,0.0000
NullAFC,3,period_0943,47.000000,-0.0000,0.0000,67.9790,67.9790,0.0000
NullAFC,3,period_0943,47.050000,-0.0000,0.0000,67.9790,67.9790,0.0000
NullAFC,3,period_0943,47.100000,-0.0000,0.0000,67.9790,67.9790,0.0000
NullAFC,3,period_0943,47.150000,-0.0000,0.0000,67.9790,67.9790,0.0000
NullAFC,3,period_0943,47.200000,-0.0000,0.0000,67.9790,67.9790,0.0000
NullAFC,3,period_0943,47.250000,-0.0000,0.0000,67.9790,67.9790,0.0000
NullAFC,3,period_0943,47.300000,-0.0000,0.0000,67.9790,67.9790,0.0000
NullAFC,3,period_0943,47.350000,-0.0000,0.0000,67.9790,67.9790,0.0000
NullAFC,3,period_0943,47.400000,-0.0000,0.0000,67.9790,67.9790,0.0000
NullAFC,3,period_0943,47.450000,-0.0000,0.0000,67.9790,67.9790,0.0000
NullAFC,3,period_0943,47.500000,-0.0000,0.0000,67.9790,67.9790,0.0000
NullAFC,3,period_0943,47.550000,-0.0000,0.0000,67.9790,67.9790,0.0000
NullAFC,3,period_0943,47.600000,-0.0000,0.0000,67.9790,67.9790,0.0000
NullAFC,3,period_0943,47.650000,-0.0000,0.0000,67.9790,67.9790,0.0000
NullAFC,3,period_0943,47.700000,-0.0000,0.0000,67.9790,67.9790,0.0000
NullAFC,3,period_0943,47.750000,-0.0000,0.0000,67.9790,67.9790,0.0000
NullAFC,3,period_0943,47.800000,-0.0000,0.0000,67.9790,67.9790,0.0000
NullAFC,3,period_0943,47.850000,-0.0000,0.0000,67.9790,67.9790,0.0000
NullAFC,3,period_0943,47.900000,-0.0000,0.0000,67.9790,67.9790,0.0000
NullAFC,3,period_0943,47.950000,-0.0000,0.0000,67.9790,67.9790,0.0000
NullAFC,3,period_0943,48.000000,-0.0000,0.0000,67.9790,67.9790,0.0000
NullAFC,3,period_0943,48.050000,-0.0000,0.0000,67.9790,67.9790,0.0000
NullAFC,3,period_0943,48.100000,-0.0000,0.0000,67.9790,67.9790,0.0000
NullAFC,3,period_0943,48.150000,-0.0000,0.0000,67.9790,67.9790,0.0000
NullAFC,3,period_0943,48.200000,-0.0000,0.0000,67.9790,67.9790,0.0000
NullAFC,3,period_0943,48.250000,-0.0000,0.0000,67.9790,67.9790,0.0000
NullAFC,3,period_0943,48.300000,-0.0000,0.0000,67.9790,67.9790,0.0000
NullAFC,3,period_0943,48.350000,-0.0000,0.0000,67.9790,67.9790,0.0000
NullAFC,3,period_0943,48.400000,-0.0000,0.0000,67.9790,67.9790,0.0000
NullAFC,3,period_0943,48.450000,-0.0000,0.0000,67.9790,67.9790,0.0000
NullAFC,3,period_0943,48.500000,-0.0000,0.0000,67.9790,67.9790,0.0000
NullAFC,3,period_0943,48.550000,-0.0000,0.0000,67.9790,67.9790,0.0000
NullAFC,3,period_0943,48.600000,-0.0000,0.0000,67.9790,67.9790,0.0000
NullAFC,3,period_0943,48.650000,-0.0000,0.0000,67.9790,67.9790,0.0000
NullAFC,3,period_0943,48.700000,-0.0000,0.0000,67.9790,67.9790,0.0000
NullAFC,3,period_0943,48.750000,-0.0000,0.0000,67.9790,67.9790,0.0000
NullAFC,3,period_0943,48.800000,-0.0000,0.0000,67.9790,67.9790,0.0000
NullAFC,3,period_0943,48.850000,-0.0000,0.0000,67.9790,67.9790,0.0000
NullAFC,3,period_0943,48.900000,-0.0000,0.0000,67.9790,67.9790,0.0000
NullAFC,3,period_0943,48.950000,-0.0000,0.0000,67.9790,67.9790,0.0000
NullAFC,3,period_0943,49.000000,-0.0000,0.0000,67.9790,67.9790,0.0000
NullAFC,3,period_0943,49.050000,-0.0000,0.0000,67.9790,67.9790,0.0000
NullAFC,3,period_0943,49.100000,-0.0000,0.0000,67.9790,67.9790,0.0000
NullAFC,3,period_0943,49.150000,-0.0000,0.0000,67.9790,67.9790,0.0000
NullAFC,3,period_0943,49.200000,-0.0000,0.0000,67.9790,67.9790,0.0000
NullAFC,3,period_0943,49.250000,-0.0000,0.0000,67.9790,67.9790,0.0000
NullAFC,3,period_0943,49.300000,-0.0000,0.0000,67.9790,67.9790,0.0000
NullAFC,3,period_0943,49.350000,-0.0000,0.0000,67.9790,67.9790,0.0000
NullAFC,3,period_0943,49.400000,-0.0000,0.0000,67.9790,67.9790,0.0000
NullAFC,3,period_0943,49.450000,-0.0000,0.0000,67.9790,67.9790,0.0000
NullAFC,3,period_0943,49.500000,-0.0000,0.0000,67.9790,67.9790,0.0000
NullAFC,3,period_0943,49.550000,-0.0000,0.0000,67.9790,67.9790,0.0000
NullAFC,3,period_0943,49.600000,-0.0000,0.0000,67.9790,67.9790,0.0000
NullAFC,3,period_0943,49.650000,-0.0000,0.0000,67.9790,67.9790,0.0000
NullAFC,3,period_0943,49.700000,-0.0000,0.0000,67.9790,67.9790,0.0000
NullAFC,3,period_0943,49.750000,-0.0000,0.0000,67.9790,67.9790,0.0000
NullAFC,3,period_0943,49.800000,-0.0000,0.0000,67.9790,67.9790,0.0000
NullAFC,3,period_0943,49.850000,-0.0000,0.0000,67.9790,67.9790,0.0000
NullAFC,3,period_0943,49.900000,-0.0000,0.0000,67.9790,67.9790,0.0000
NullAFC,3,period_0943,49.950000,-0.0000,0.0000,67.9790,67.9790,0.0000
NullAFC,3,period_0943,50.000000,-0.0000,0.0000,67.9790,67.9790,0.0000
NullAFC,3,period_0943,50.050000,-0.0000,0.0000,67.9790,67.9790,0.0000
NullAFC,3,period_0943,50.100000,-0.0000,0.0000,67.9790,67.9790,0.0000
NullAFC,3,period_0943,50.150000,-0.0000,0.0000,67.9790,67.9790,0.0000
NullAFC,3,period_0943,50.200000,-0.0000,0.0000,67.9790,67.9790,0.0000
NullAFC,3,period_0943,50.250000,-0.0000,0.0000,67.9790,67.9790,0.0000
NullAFC,3,period_0943,50.300000,-0.0000,0.0000,67.9790,67.9790,0.0000
NullAFC,3,period_0943,50.350000,-0.0000,0.0000,67.9790,67.9790,0.0000
NullAFC,3,period_0943,50.400000,-0.0000,0.0000,67.9790,67.9790,0.0000
NullAFC,3,period_0943,50.450000,-0.0000,0.0000,67.9790,67.9790,0.0000
NullAFC,3,period_0943,50.500000,-0.0000,0.0000,67.9790,67.9790,0.0000
NullAFC,3,period_0943,50.550000,-0.0000,0.0000,67.9790,67.9790,0.0000
NullAFC,3,period_0943,50.600000,-0.0000,0.0000,67.9790,67.9790,0.0000
NullAFC,3,period_0943,50.650000,-0.0000,0.0000,67.9790,67.9790,0.0000
NullAFC,3,period_0943,50.700000,-0.0000,0.0000,67.9790,67.9790,0.0000
NullAFC,3,period_0943,50.750000,-0.0000,0.0000,67.9790,67.9790,0.0000
NullAFC,3,period_0943,50.800000,-0.0000,0.0000,67.9790,67.9790,0.0000
NullAFC,3,period_0943,50.850000,-0.0000,0.0000,67.9790,67.9790,0.0000
NullAFC,3,period_0943,50.900000,-0.0000,0.0000,67.9790,67.9790,0.0000
NullAFC,3,period_0943,50.950000,-0.0000,0.0000,67.9790,67.9790,0.0000
NullAFC,3,period_0943,51.000000,-0.0000,0.0000,67.9790,67.9790,0.0000
NullAFC,3,period_0943,51.050000,-0.0000,0.0000,67.9790,67.9790,0.0000
NullAFC,3,period_0943,51.100000,-0.0000,0.0000,67.9790,67.9790,0.0000
NullAFC,3,period_0943,51.150000,-0.0000,0.0000,67.9790,67.9790,0.0000
NullAFC,3,period_0943,51.200000,-0.0000,0.0000,67.9790,67.9790,0.0000
NullAFC,3,period_0943,51.250000,-0.0000,0.0000,67.9790,67.9790,0.0000
NullAFC,3,period_0943,51.300000,-0.0000,0.0000,67.9790,67.9790,0.0000
NullAFC,3,period_0943,51.350000,-0.0000,0.0000,67.9790,67.9790,0.0000
NullAFC,3,period_0943,51.400000,-0.0000,0.0000,67.9790,67.9790,0.0000
NullAFC,3,period_0943,51.450000,-0.0000,0.0000,67.9790,67.9790,0.0000
NullAFC,3,period_0943,51.500000,-0.0000,0.0000,67.9790,67.9790,0.0000
NullAFC,3,period_0943,51.550000,-0.0000,0.0000,67.9790,67.9790,0.0000
NullAFC,3,period_0943,51.600000,-0.0000,0.0000,67.9790,67.9790,0.0000
NullAFC,3,period_0943,51.650000,-0.0000,0.0000,67.9790,67.9790,0.0000
NullAFC,3,period_0943,51.700000,-0.0000,0.0000,67.9790,67.9790,0.0000
NullAFC,3,period_0943,51.750000,-0.0000,0.0000,67.9790,67.9790,0.0000
NullAFC,3,period_0943,51.800000,-0.0000,0.0000,67.9790,67.9790,0.0000
NullAFC,3,period_0943,51.850000,-0.0000,0.0000,67.9790,67.9790,0.0000
NullAFC,3,period_0943,51.900000,-0.0000,0.0000,67.9790,67.9790,0.0000
NullAFC,3,period_0943,51.950000,-0.0000,0.0000,67.9790,67.9790,0.0000
NullAFC,3,period_0943,52.000000,-0.0000,0.0000,67.9790,67.9790,0.0000
NullAFC,3,period_0943,52.050000,-0.0000,0.0000,67.9790,67.9790,0.0000
NullAFC,3,period_0943,52.100000,-0.0000,0.0000,67.9790,67.9790,0.0000
NullAFC,3,period_0943,52.150000,-0.0000,0.0000,67.9790,67.9790,0.0000
NullAFC,3,period_0943,52.200000,-0.0000,0.0000,67.9790,67.9790,0.0000
NullAFC,3,period_0943,52.250000,-0.0000,0.0000,67.9790,67.9790,0.0000
NullAFC,3,period_0943,52.300000,-0.0000,0.0000,67.9790,67.9790,0.0000
NullAFC,3,period_0943,52.350000,-0.0000,0.0000,67.9790,67.9790,0.0000
NullAFC,3,period_0943,52.400000,-0.0000,0.0000,67.9790,67.9790,0.0000
NullAFC,3,period_0943,52.450000,-0.0000,0.0000,67.9790,67.9790,0.0000
NullAFC,3,period_0943,52.500000,-0.0000,0.0000,67.9790,67.9790,0.0000
NullAFC,3,period_0943,52.550000,-0.0000,0.0000,67.9790,67.9790,0.0000
NullAFC,3,period_0943,52.600000,-0.0000,0.0000,67.9790,67.9790,0.0000
NullAFC,3,period_0943,52.650000,-0.0000,0.0000,67.9790,67.9790,0.0000
NullAFC,3,period_0943,52.700000,-0.0000,0.0000,67.9790,67.9790,0.0000
NullAFC,3,period_0943,52.750000,-0.0000,0.0000,67.9790,67.9790,0.0000
NullAFC,3,period_0943,52.800000,-0.0000,0.0000,67.9790,67.9790,0.0000
NullAFC,3,period_0943,52.850000,-0.0000,0.0000,67.9790,67.9790,0.0000
NullAFC,3,period_0943,52.900000,-0.0000,0.0000,67.9790,67.9790,0.0000
NullAFC,3,period_0943,52.950000,-0.0000,0.0000,67.9790,67.9790,0.0000
NullAFC,3,period_0943,53.000000,-0.0000,0.0000,67.9790,67.9790,0.0000
NullAFC,3,period_0943,53.050000,-0.0000,0.0000,67.9790,67.9790,0.0000
NullAFC,3,period_0943,53.100000,-0.0000,0.0000,67.9790,67.9790,0.0000
NullAFC,3,period_0943,53.150000,-0.0000,0.0000,67.9790,67.9790,0.0000
NullAFC,3,period_0943,53.200000,-0.0000,0.0000,67.9790,67.9790,0.0000
NullAFC,3,period_0943,53.250000,-0.0000,0.0000,67.9790,67.9790,0.0000
NullAFC,3,period_0943,53.300000,-0.0000,0.0000,67.9790,67.9790,0.0000
NullAFC,3,period_0943,53.350000,-0.0000,0.0000,67.9790,67.9790,0.0000
NullAFC,3,period_0943,53.400000,-0.0000,0.0000,67.9790,67.9790,0.0000
NullAFC,3,period_0943,53.450000,-0.0000,0.0000,67.9790,67.9790,0.0000
NullAFC,3,period_0943,53.500000,-0.0000,0.0000,67.9790,67.9790,0.0000
NullAFC,3,period_0943,53.550000,-0.0000,0.0000,67.9790,67.9790,0.0000
NullAFC,3,period_0943,53.600000,-0.0000,0.0000,67.9790,67.9790,0.0000
NullAFC,3,period_0943,53.650000,-0.0000,0.0000,67.9790,67.9790,0.0000
NullAFC,3,period_0943,53.700000,-0.0000,0.0000,67.9790,67.9790,0.0000
NullAFC,3,period_0943,53.750000,-0.0000,0.0000,67.9790,67.9790,0.0000
NullAFC,3,period_0943,53.800000,-0.0000,0.0000,67.9790,67.9790,0.0000
NullAFC,3,period_0943,53.850000,-0.0000,0.0000,67.9790,67.9790,0.0000
NullAFC,3,period_0943,53.900000,-0.0000,0.0000,67.9790,67.9790,0.0000
NullAFC,3,period_0943,53.950000,-0.0000,0.0000,67.9790,67.9790,0.0000
NullAFC,3,period_0943,54.000000,-0.0000,0.0000,67.9790,67.9790,0.0000
NullAFC,3,period_0943,54.050000,-0.0000,0.0000,67.9790,67.9790,0.0000
NullAFC,3,period_0943,54.100000,-0.0000,0.0000,67.9790,67.9790,0.0000
NullAFC,3,period_0943,54.150000,-0.0000,0.0000,67.9790,67.9790,0.0000
NullAFC,3,period_0943,54.200000,-0.0000,0.0000,67.9790,67.9790,0.0000
NullAFC,3,period_0943,54.250000,-0.0000,0.0000,67.9790,67.9790,0.0000
NullAFC,3,period_0943,54.300000,-0.0000,0.0000,67.9790,67.9790,0.0000
NullAFC,3,period_0943,54.350000,-0.0000,0.0000,67.9790,67.9790,0.0000
NullAFC,3,period_0943,54.400000,-0.0000,0.0000,67.9790,67.9790,0.0000
NullAFC,3,period_0943,54.450000,-0.0000,0.0000,67.9790,67.9790,0.0000
NullAFC,3,period_0943,54.500000,-0.0000,0.0000,67.9790,67.9790,0.0000
NullAFC,3,period_0943,54.550000,-0.0000,0.0000,67.9790,67.9790,0.0000
NullAFC,3,period_0943,54.600000,-0.0000,0.0000,67.9790,67.9790,0.0000
NullAFC,3,period_0943,54.650000,-0.0000,0.0000,67.9790,67.9790,0.0000
NullAFC,3,period_0943,54.700000,-0.0000,0.0000,67.9790,67.9790,0.0000
NullAFC,3,period_0943,54.750000,-0.0000,0.0000,67.9790,67.9790,0.0000
NullAFC,3,period_0943,54.800000,-0.0000,0.0000,67.9790,67.9790,0.0000
NullAFC,3,period_0943,54.850000,-0.0000,0.0000,67.9790,67.9790,0.0000
NullAFC,3,period_0943,54.900000,-0.0000,0.0000,67.9790,67.9790,0.0000
NullAFC,3,period_0943,54.950000,-0.0000,0.0000,67.9790,67.9790,0.0000
NullAFC,3,period_0943,55.000000,-0.0000,0.0000,67.9790,67.9790,0.0000
NullAFC,3,period_0943,55.050000,-0.0000,0.0000,67.9790,67.9790,0.0000
NullAFC,3,period_0943,55.100000,-0.0000,0.0000,67.9790,67.9790,0.0000
NullAFC,3,period_0943,55.150000,-0.0000,0.0000,67.9790,67.9790,0.0000
NullAFC,3,period_0943,55.200000,-0.0000,0.0000,67.9790,67.9790,0.0000
NullAFC,3,period_0943,55.250000,-0.0000,0.0000,67.9790,67.9790,0.0000
NullAFC,3,period_0943,55.300000,-0.0000,0.0000,67.9790,67.9790,0.0000
NullAFC,3,period_0943,55.350000,-0.0000,0.0000,67.9790,67.9790,0.0000
NullAFC,3,period_0943,55.400000,-0.0000,0.0000,67.9790,67.9790,0.0000
NullAFC,3,period_0943,55.450000,-0.0000,0.0000,67.9790,67.9790,0.0000
NullAFC,3,period_0943,55.500000,-0.0000,0.0000,67.9790,67.9790,0.0000
NullAFC,3,period_0943,55.550000,-0.0000,0.0000,67.9790,67.9790,0.0000
NullAFC,3,period_0943,55.600000,-0.0000,0.0000,67.9790,67.9790,0.0000
NullAFC,3,period_0943,55.650000,-0.0000,0.0000,67.9790,67.9790,0.0000
NullAFC,3,period_0943,55.700000,-0.0000,0.0000,67.9790,67.9790,0.0000
NullAFC,3,period_0943,55.750000,-0.0000,0.0000,67.9790,67.9790,0.0000
NullAFC,3,period_0943,55.800000,-0.0000,0.0000,67.9790,67.9790,0.0000
NullAFC,3,period_0943,55.850000,-0.0000,0.0000,67.9790,67.9790,0.0000
NullAFC,3,period_0943,55.900000,-0.0000,0.0000,67.9790,67.9790,0.0000
NullAFC,3,period_0943,55.950000,-0.0000,0.0000,67.9790,67.9790,0.0000
NullAFC,3,period_0943,56.000000,-0.0000,0.0000,67.9790,67.9790,0.0000
NullAFC,3,period_0943,56.050000,-0.0000,0.0000,67.9790,67.9790,0.0000
NullAFC,3,period_0943,56.100000,-0.0000,0.0000,67.9790,67.9790,0.0000
NullAFC,3,period_0943,56.150000,-0.0000,0.0000,67.9790,67.9790,0.0000
NullAFC,3,period_0943,56.200000,-0.0000,0.0000,67.9790,67.9790,0.0000
NullAFC,3,period_0943,56.250000,-0.0000,0.0000,67.9790,67.9790,0.0000
NullAFC,3,period_0943,56.300000,-0.0000,0.0000,67.9790,67.9790,0.0000
NullAFC,3,period_0943,56.350000,-0.0000,0.0000,67.9790,67.9790,0.0000
NullAFC,3,period_0943,56.400000,-0.0000,0.0000,67.9790,67.9790,0.0000
NullAFC,3,period_0943,56.450000,-0.0000,0.0000,67.9790,67.9790,0.0000
NullAFC,3,period_0943,56.500000,-0.0000,0.0000,67.9790,67.9790,0.0000
NullAFC,3,period_0943,56.550000,-0.0000,0.0000,67.9790,67.9790,0.0000
NullAFC,3,period_0943,56.600000,-0.0000,0.0000,67.9790,67.9790,0.0000
NullAFC,3,period_0943,56.650000,-0.0000,0.0000,67.9790,67.9790,0.0000
NullAFC,3,period_0943,56.700000,-0.0000,0.0000,67.9790,67.9790,0.0000
NullAFC,3,period_0943,56.750000,-0.0000,0.0000,67.9790,67.9790,0.0000
NullAFC,3,period_0943,56.800000,-0.0000,0.0000,67.9790,67.9790,0.0000
NullAFC,3,period_0943,56.850000,-0.0000,0.0000,67.9790,67.9790,0.0000
NullAFC,3,period_0943,56.900000,-0.0000,0.0000,67.9790,67.9790,0.0000
NullAFC,3,period_0943,56.950000,-0.0000,0.0000,67.9790,67.9790,0.0000
NullAFC,3,period_0943,57.000000,-0.0000,0.0000,67.9790,67.9790,0.0000
NullAFC,3,period_0943,57.050000,-0.0000,0.0000,67.9790,67.9790,0.0000
NullAFC,3,period_0943,57.100000,-0.0000,0.0000,67.9790,67.9790,0.0000
NullAFC,3,period_0943,57.150000,-0.0000,0.0000,67.9790,67.9790,0.0000
NullAFC,3,period_0943,57.200000,-0.0000,0.0000,67.9790,67.9790,0.0000
NullAFC,3,period_0943,57.250000,-0.0000,0.0000,67.9790,67.9790,0.0000
NullAFC,3,period_0943,57.300000,-0.0000,0.0000,67.9790,67.9790,0.0000
NullAFC,3,period_0943,57.350000,-0.0000,0.0000,67.9790,67.9790,0.0000
NullAFC,3,period_0943,57.400000,-0.0000,0.0000,67.9790,67.9790,0.0000
NullAFC,3,period_0943,57.450000,-0.0000,0.0000,67.9790,67.9790,0.0000
NullAFC,3,period_0943,57.500000,-0.0000,0.0000,67.9790,67.9790,0.0000
NullAFC,3,period_0943,57.550000,-0.0000,0.0000,67.9790,67.9790,0.0000
NullAFC,3,period_0943,57.600000,-0.0000,0.0000,67.9790,67.9790,0.0000
NullAFC,3,period_0943,57.650000,-0.0000,0.0000,67.9790,67.9790,0.0000
NullAFC,3,period_0943,57.700000,-0.0000,0.0000,67.9790,67.9790,0.0000
NullAFC,3,period_0943,57.750000,-0.0000,0.0000,67.9790,67.9790,0.0000
NullAFC,3,period_0943,57.800000,-0.0000,0.0000,67.9790,67.9790,0.0000
NullAFC,3,period_0943,57.850000,-0.0000,0.0000,67.9790,67.9790,0.0000
NullAFC,3,period_0943,57.900000,-0.0000,0.0000,67.9790,67.9790,0.0000
NullAFC,3,period_0943,57.950000,-0.0000,0.0000,67.9790,67.9790,0.0000
NullAFC,3,period_0943,58.000000,-0.0000,0.0000,67.9790,67.9790,0.0000
NullAFC,3,period_0943,58.050000,-0.0000,0.0000,67.9790,67.9790,0.0000
NullAFC,3,period_0943,58.100000,-0.0000,0.0000,67.9790,67.9790,0.0000
NullAFC,3,period_0943,58.150000,-0.0000,0.0000,67.9790,67.9790,0.0000
NullAFC,3,period_0943,58.200000,-0.0000,0.0000,67.9790,67.9790,0.0000
NullAFC,3,period_0943,58.250000,-0.0000,0.0000,67.9790,67.9790,0.0000
NullAFC,3,period_0943,58.300000,-0.0000,0.0000,67.9790,67.9790,0.0000
NullAFC,3,period_0943,58.350000,-0.0000,0.0000,67.9790,67.9790,0.0000
NullAFC,3,period_0943,58.400000,-0.0000,0.0000,67.9790,67.9790,0.0000
NullAFC,3,period_0943,58.450000,-0.0000,0.0000,67.9790,67.9790,0.0000
NullAFC,3,period_0943,58.500000,-0.0000,0.0000,67.9790,67.9790,0.0000
NullAFC,3,period_0943,58.550000,-0.0000,0.0000,67.9790,67.9790,0.0000
NullAFC,3,period_0943,58.600000,-0.0000,0.0000,67.9790,67.9790,0.0000
NullAFC,3,period_0943,58.650000,-0.0000,0.0000,67.9790,67.9790,0.0000
NullAFC,3,period_0943,58.700000,-0.0000,0.0000,67.9790,67.9790,0.0000
NullAFC,3,period_0943,58.750000,-0.0000,0.0000,67.9790,67.9790,0.0000
NullAFC,3,period_0943,58.800000,-0.0000,0.0000,67.9790,67.9790,0.0000
NullAFC,3,period_0943,58.850000,-0.0000,0.0000,67.9790,67.9790,0.0000
NullAFC,3,period_0943,58.900000,-0.0000,0.0000,67.9790,67.9790,0.0000
NullAFC,3,period_0943,58.950000,-0.0000,0.0000,67.9790,67.9790,0.0000
NullAFC,3,period_0943,59.000000,-0.0000,0.0000,67.9790,67.9790,0.0000
NullAFC,3,period_0943,59.050000,-0.0000,0.0000,67.9790,67.9790,0.0000
NullAFC,3,period_0943,59.100000,-0.0000,0.0000,67.9790,67.9790,0.0000
NullAFC,3,period_0943,59.150000,-0.0000,0.0000,67.9790,67.9790,0.0000
NullAFC,3,period_0943,59.200000,-0.0000,0.0000,67.9790,67.9790,0.0000
NullAFC,3,period_0943,59.250000,-0.0000,0.0000,67.9790,67.9790,0.0000
NullAFC,3,period_0943,59.300000,-0.0000,0.0000,67.9790,67.9790,0.0000
NullAFC,3,period_0943,59.350000,-0.0000,0.0000,67.9790,67.9790,0.0000
NullAFC,3,period_0943,59.400000,-0.0000,0.0000,67.9790,67.9790,0.0000
NullAFC,3,period_0943,59.450000,-0.0000,0.0000,67.9790,67.9790,0.0000
NullAFC,3,period_0943,59.500000,-0.0000,0.0000,67.9790,67.9790,0.0000
NullAFC,3,period_0943,59.550000,-0.0000,0.0000,67.9790,67.9790,0.0000
NullAFC,3,period_0943,59.600000,-0.0000,0.0000,67.9790,67.9790,0.0000
NullAFC,3,period_0943,59.650000,-0.0000,0.0000,67.9790,67.9790,0.0000
NullAFC,3,period_0943,59.700000,-0.0000,0.0000,67.9790,67.9790,0.0000
NullAFC,3,period_0943,59.750000,-0.0000,0.0000,67.9790,67.9790,0.0000
NullAFC,3,period_0943,59.800000,-0.0000,0.0000,67.9790,67.9790,0.0000
NullAFC,3,period_0943,59.850000,-0.0000,0.0000,67.9790,67.9790,0.0000
NullAFC,3,period_0943,59.900000,-0.0000,0.0000,67.9790,67.9790,0.0000
NullAFC,3,period_0943,59.950000,-0.0000,0.0000,67.9790,67.9790,0.0000
NullAFC,3,period_0943,60.000000,-0.0000,0.0000,67.9790,67.9790,0.0000
PEMAFC-F,0,period_0707,0.000667,-0.0000,0.0011,85.1794,85.1794,-0.0000
PEMAFC-F,0,period_0707,0.050000,-0.0096,0.0031,85.1797,85.1794,0.0003
PEMAFC-F,0,period_0707,0.100000,-0.0223,0.0088,85.1796,85.1794,0.0002
PEMAFC-F,0,period_0707,0.150000,-0.0340,0.0125,85.1799,85.1794,0.0005
PEMAFC-F,0,period_0707,0.200000,-0.0453,0.0155,85.1805,85.1794,0.0012
PEMAFC-F,0,period_0707,0.250000,-0.0563,0.0174,85.1810,85.1794,0.0017
PEMAFC-F,0,period_0707,0.300000,-0.0695,0.0368,85.1813,85.1794,0.0020
PEMAFC-F,0,period_0707,0.350000,-0.0811,0.0351,85.1820,85.1794,0.0027
PEMAFC-F,0,period_0707,0.400000,-0.0922,0.0393,85.1825,85.1794,0.0031
PEMAFC-F,0,period_0707,0.450000,-0.1034,0.0499,85.1826,85.1794,0.0032
PEMAFC-F,0,period_0707,0.500000,-0.1139,0.0715,85.1828,85.1794,0.0034
PEMAFC-F,0,period_0707,0.550000,-0.1250,0.0598,85.1831,85.1794,0.0037
PEMAFC-F,0,period_0707,0.600000,-0.1359,0.0638,85.1832,85.1794,0.0038
PEMAFC-F,0,period_0707,0.650000,-0.1477,0.0889,85.1836,85.1794,0.0042
PEMAFC-F,0,period_0707,0.700000,-0.1572,0.0932,85.1839,85.1794,0.0046
PEMAFC-F,0,period_0707,0.750000,-0.1675,0.0658,85.1846,85.1794,0.0052
PEMAFC-F,0,period_0707,0.800000,-0.1779,0.0869,85.1853,85.1794,0.0059
PEMAFC-F,0,period_0707,0.850000,-0.1895,0.0913,85.1855,85.1794,0.0061
PEMAFC-F,0,period_0707,0.900000,-0.1998,0.1185,85.1855,85.1794,0.0062
PEMAFC-F,0,period_0707,0.950000,-0.2094,0.1031,85.1862,85.1794,0.0069
PEMAFC-F,0,period_0707,1.000000,-0.2207,0.0982,85.1865,85.1794,0.0071
PEMAFC-F,0,period_0707,1.050000,-0.2308,0.1338,85.1867,85.1794,0.0074
PEMAFC-F,0,period_0707,1.100000,-0.2423,0.1353,85.1867,85.1794,0.0073
PEMAFC-F,0,period_0707,1.150000,-0.2520,0.0985,85.1873,85.1794,0.0079
PEMAFC-F,0,period_0707,1.200000,-0.2630,0.1268,85.1876,85.1794,0.0082
PEMAFC-F,0,period_0707,1.250000,-0.2742,0.1599,85.1878,85.1794,0.0085
PEMAFC-F,0,period_0707,1.300000,-0.2836,0.1393,85.1875,85.1794,0.0082
PEMAFC-F,0,period_0707,1.350000,-0.2937,0.1600,85.1877,85.1794,0.0083
PEMAFC-F,0,period_0707,1.400000,-0.3043,0.1573,85.1881,85.1794,0.0087
PEMAFC-F,0,period_0707,1.450000,-0.3146,0.1441,85.1886,85.1794,0.0093
PEMAFC-F,0,period_0707,1.500000,-0.3244,0.1504,85.1889,85.1794,0.0095
PEMAFC-F,0,period_0707,1.550000,-0.3340,0.1693,85.1892,85.1794,0.0099
PEMAFC-F,0,period_0707,1.600000,-0.3439,0.1424,85.1898,85.1794,0.0105
PEMAFC-F,0,period_0707,1.650000,-0.3541,0.1812,85.1900,85.1794,0.0107
PEMAFC-F,0,period_0707,1.700000,-0.3629,0.1586,85.1906,85.1794,0.0113
PEMAFC-F,0,period_0707,1.750000,-0.3737,0.2318,85.1908,85.1794,0.0115
PEMAFC-F,0,period_0707,1.800000,-0.3831,0.2126,85.1910,85.1794,0.0117
PEMAFC-F,0,period_0707,1.850000,-0.3928,0.1857,85.1917,85.1794,0.0123
PEMAFC-F,0,period_0707,1.900000,-0.4029,0.2415,85.1922,85.1794,0.0128
PEMAFC-F,0,period_0707,1.950000,-0.4125,0.2424,85.1923,85.1794,0.0129
PEMAFC-F,0,period_0707,2.000000,-0.4225,0.2163,85.1927,85.1794,0.0133
PEMAFC-F,0,period_0707,2.050000,-0.4322,0.2896,85.1928,85.1794,0.0135
PEMAFC-F,0,period_0707,2.100000,-0.4430,0.2700,85.1931,85.1794,0.0137
PEMAFC-F,0,period_0707,2.150000,-0.4525,0.1467,85.1938,85.1794,0.0144
PEMAFC-F,0,period_0707,2.200000,-0.4626,0.1886,85.1946,85.1794,0.0153
PEMAFC-F,0,period_0707,2.250000,-0.4714,0.2426,85.1948,85.1794,0.0155
PEMAFC-F,0,period_0707,2.300000,-0.4803,0.2659,85.1949,85.1794,0.0155
PEMAFC-F,0,period_0707,2.350000,-0.4895,0.2627,85.1953,85.1794,0.0160
PEMAFC-F,0,period_0707,2.400000,-0.4984,0.2832,85.1953,85.1794,0.0159
PEMAFC-F,0,period_0707,2.450000,-0.5080,0.2929,85.1952,85.1794,0.0159
PEMAFC-F,0,period_0707,2.500000,-0.5165,0.2524,85.1958,85.1794,0.0164
PEMAFC-F,0,period_0707,2.550000,-0.5263,0.2633,85.1958,85.1794,0.0164
PEMAFC-F,0,period_0707,2.600000,-0.5375,0.2535,85.1962,85.1794,0.0169
PEMAFC-F,0,period_0707,2.650000,-0.5462,0.2756,85.1966,85.1794,0.0172
PEMAFC-F,0,period_0707,2.700000,-0.5556,0.3212,85.1966,85.1794,0.0172
PEMAFC-F,0,period_0707,2.750000,-0.5662,0.3356,85.1967,85.1794,0.0174
PEMAFC-F,0,period_0707,2.800000,-0.5751,0.3126,85.1972,85.1794,0.0179
PEMAFC-F,0,period_0707,2.850000,-0.5841,0.3216,85.1977,85.1794,0.0183
PEMAFC-F,0,period_0707,2.900000,-0.5945,0.3363,85.1983,85.1794,0.0189
PEMAFC-F,0,period_0707,2.950000,-0.6045,0.3832,85.1980,85.1794,0.0186
PEMAFC-F,0,period_0707,3.000000,-0.6136,0.3562,85.1982,85.1794,0.0188
PEMAFC-F,0,period_0707,3.050000,-0.6221,0.3544,85.1984,85.1794,0.0191
PEMAFC-F,0,period_0707,3.100000,-0.6307,0.3347,85.1988,85.1794,0.0194
PEMAFC-F,0,period_0707,3.150000,-0.6399,0.3449,85.1989,85.1794,0.0195
PEMAFC-F,0,period_0707,3.200000,-0.6489,0.3984,85.1993,85.1794,0.0199
PEMAFC-F,0,period_0707,3.250000,-0.6573,0.3966,85.1995,85.1794,0.0201
PEMAFC-F,0,period_0707,3.300000,-0.6669,0.3530,85.1995,85.1794,0.0201
PEMAFC-F,0,period_0707,3.350000,-0.6741,0.2733,85.1995,85.1794,0.0201
PEMAFC-F,0,period_0707,3.400000,-0.6838,0.3350,85.2000,85.1794,0.0206
PEMAFC-F,0,period_0707,3.450000,-0.6926,0.3840,85.2002,85.1794,0.0208
PEMAFC-F,0,period_0707,3.500000,-0.7008,0.3015,85.2006,85.1794,0.0213
PEMAFC-F,0,period_0707,3.550000,-0.7101,0.4276,85.2009,85.1794,0.0216
PEMAFC-F,0,period_0707,3.600000,-0.7205,0.3897,85.2015,85.1794,0.0221
PEMAFC-F,0,period_0707,3.650000,-0.7289,0.4400,85.2017,85.1794,0.0224
PEMAFC-F,0,period_0707,3.700000,-0.7377,0.4032,85.2020,85.1794,0.0226
PEMAFC-F,0,period_0707,3.750000,-0.7465,0.3861,85.2022,85.1794,0.0228
PEMAFC-F,0,period_0707,3.800000,-0.7557,0.3590,85.2024,85.1794,0.0230
PEMAFC-F,0,period_0707,3.850000,-0.7645,0.4871,85.2025,85.1794,0.0231
PEMAFC-F,0,period_0707,3.900000,-0.7720,0.4120,85.2024,85.1794,0.0231
PEMAFC-F,0,period_0707,3.950000,-0.7808,0.3931,85.2026,85.1794,0.0232
PEMAFC-F,0,period_0707,4.000000,-0.7889,0.5151,85.2028,85.1794,0.0235
PEMAFC-F,0,period_0707,4.050000,-0.7966,0.4236,85.2031,85.1794,0.0237
PEMAFC-F,0,period_0707,4.100000,-0.8050,0.4693,85.2030,85.1794,0.0236
PEMAFC-F,0,period_0707,4.150000,-0.8143,0.5435,85.2033,85.1794,0.0239
PEMAFC-F,0,period_0707,4.200000,-0.8226,0.4927,85.2034,85.1794,0.0240
PEMAFC-F,0,period_0707,4.250000,-0.8308,0.4163,85.2035,85.1794,0.0241
PEMAFC-F,0,period_0707,4.300000,-0.8393,0.3779,85.2039,85.1794,0.0246
PEMAFC-F,0,period_0707,4.350000,-0.8486,0.4710,85.2039,85.1794,0.0246
PEMAFC-F,0,period_0707,4.400000,-0.8566,0.4688,85.2044,85.1794,0.0250
PEMAFC-F,0,period_0707,4.450000,-0.8658,0.4514,85.2049,85.1794,0.0256
PEMAFC-F,0,period_0707,4.500000,-0.8755,0.5572,85.2053,85.1794,0.0260
PEMAFC-F,0,period_0707,4.550000,-0.8827,0.3694,85.2058,85.1794,0.0264
PEMAFC-F,0,period_0707,4.600000,-0.8914,0.4756,85.2062,85.1794,0.0268
PEMAFC-F,0,period_0707,4.650000,-0.9004,0.5595,85.2065,85.1794,0.0271
PEMAFC-F,0,period_0707,4.700000,-0.9089,0.5083,85.2066,85.1794,0.0272
PEMAFC-F,0,period_0707,4.750000,-0.9173,0.5897,85.2067,85.1794,0.0273
PEMAFC-F,0,period_0707,4.800000,-0.9252,0.3435,85.2068,85.1794,0.0274
PEMAFC-F,0,period_0707,4.850000,-0.9329,0.4888,85.2073,85.1794,0.0279
PEMAFC-F,0,period_0707,4.900000,-0.9408,0.4907,85.2073,85.1794,0.0280
PEMAFC-F,0,period_0707,4.950000,-0.9491,0.4895,85.2073,85.1794,0.0279
PEMAFC-F,0,period_0707,5.000000,-0.9576,0.4868,85.2074,85.1794,0.0280
PEMAFC-F,0,period_0707,5.050000,-0.9657,0.5680,85.2075,85.1794,0.0282
PEMAFC-F,0,period_0707,5.100000,-0.9741,0.6136,85.2080,85.1794,0.0286
PEMAFC-F,0,period_0707,5.150000,-0.9814,0.5648,85.2082,85.1794,0.0289
PEMAFC-F,0,period_0707,5.200000,-0.9905,0.6401,85.2084,85.1794,0.0290
PEMAFC-F,0,period_0707,5.250000,-0.9978,0.5212,85.2085,85.1794,0.0291
PEMAFC-F,0,period_0707,5.300000,-1.0057,0.4314,85.2087,85.1794,0.0293
PEMAFC-F,0,period_0707,5.350000,-1.0138,0.5647,85.2089,85.1794,0.0295
PEMAFC-F,0,period_0707,5.400000,-1.0228,0.5236,85.2090,85.1794,0.0296
PEMAFC-F,0,period_0707,5.450000,-1.0302,0.5303,85.2089,85.1794,0.0296
PEMAFC-F,0,period_0707,5.500000,-1.0377,0.6353,85.2089,85.1794,0.0296
PEMAFC-F,0,period_0707,5.550000,-1.0468,0.6547,85.2090,85.1794,0.0296
PEMAFC-F,0,period_0707,5.600000,-1.0541,0.4763,85.2088,85.1794,0.0294
PEMAFC-F,0,period_0707,5.650000,-1.0616,0.5930,85.2091,85.1794,0.0297
PEMAFC-F,0,period_0707,5.700000,-1.0685,0.4582,85.2097,85.1794,0.0303
PEMAFC-F,0,period_0707,5.750000,-1.0778,0.4309,85.2099,85.1794,0.0305
PEMAFC-F,0,period_0707,5.800000,-1.0861,0.6602,85.2100,85.1794,0.0306
PEMAFC-F,0,period_0707,5.850000,-1.0941,0.5928,85.2102,85.1794,0.0308
PEMAFC-F,0,period_0707,5.900000,-1.1018,0.6562,85.2101,85.1794,0.0307
PEMAFC-F,0,period_0707,5.950000,-1.1091,0.5285,85.2102,85.1794,0.0308
PEMAFC-F,0,period_0707,6.000000,-1.1169,0.6116,85.2105,85.1794,0.0311
PEMAFC-F,0,period_0707,6.050000,-1.1238,0.6840,85.2106,85.1794,0.0313
PEMAFC-F,0,period_0707,6.100000,-1.1328,0.7022,85.2107,85.1794,0.0314
PEMAFC-F,0,period_0707,6.150000,-1.1411,0.6281,85.2108,85.1794,0.0315
PEMAFC-F,0,period_0707,6.200000,-1.1494,0.6975,85.2108,85.1794,0.0315
PEMAFC-F,0,period_0707,6.250000,-1.1585,0.5100,85.2115,85.1794,0.0321
PEMAFC-F,0,period_0707,6.300000,-1.1662,0.6576,85.2113,85.1794,0.0319
PEMAFC-F,0,period_0707,6.350000,-1.1725,0.6492,85.2115,85.1794,0.0321
PEMAFC-F,0,period_0707,6.400000,-1.1795,0.6077,85.2117,85.1794,0.0324
PEMAFC-F,0,period_0707,6.450000,-1.1874,0.7371,85.2118,85.1794,0.0324
PEMAFC-F,0,period_0707,6.500000,-1.1951,0.5898,85.2122,85.1794,0.0328
PEMAFC-F,0,period_0707,6.550000,-1.2036,0.7303,85.2125,85.1794,0.0331
PEMAFC-F,0,period_0707,6.600000,-1.2110,0.6924,85.2125,85.1794,0.0331
PEMAFC-F,0,period_0707,6.650000,-1.2191,0.7285,85.2127,85.1794,0.0333
PEMAFC-F,0,period_0707,6.700000,-1.2263,0.6335,85.2129,85.1794,0.0335
PEMAFC-F,0,period_0707,6.750000,-1.2336,0.6130,85.2130,85.1794,0.0337
PEMAFC-F,0,period_0707,6.800000,-1.2410,0.7358,85.2133,85.1794,0.0339
PEMAFC-F,0,period_0707,6.850000,-1.2485,0.7556,85.2135,85.1794,0.0341
PEMAFC-F,0,period_0707,6.900000,-1.2555,0.6338,85.2134,85.1794,0.0340
PEMAFC-F,0,period_0707,6.950000,-1.2642,0.6958,85.2138,85.1794,0.0345
PEMAFC-F,0,period_0707,7.000000,-1.2712,0.7020,85.2139,85.1794,0.0345
PEMAFC-F,0,period_0707,7.050000,-1.2794,0.7674,85.2139,85.1794,0.0346
PEMAFC-F,0,period_0707,7.100000,-1.2873,0.6336,85.2145,85.1794,0.0351
PEMAFC-F,0,period_0707,7.150000,-1.2934,0.6481,85.2148,85.1794,0.0354
PEMAFC-F,0,period_0707,7.200000,-1.3004,0.5081,85.2152,85.1794,0.0358
PEMAFC-F,0,period_0707,7.250000,-1.3088,0.6964,85.2154,85.1794,0.0361
PEMAFC-F,0,period_0707,7.300000,-1.3155,0.6023,85.2157,85.1794,0.0363
PEMAFC-F,0,period_0707,7.350000,-1.3231,0.7119,85.2157,85.1794,0.0363
PEMAFC-F,0,period_0707,7.400000,-1.3305,0.8203,85.2157,85.1794,0.0364
PEMAFC-F,0,period_0707,7.450000,-1.3363,0.7878,85.2159,85.1794,0.0365
PEMAFC-F,0,period_0707,7.500000,-1.3430,0.6739,85.2164,85.1794,0.0370
PEMAFC-F,0,period_0707,7.550000,-1.3503,0.5362,85.2167,85.1794,0.0374
PEMAFC-F,0,period_0707,7.600000,-1.3574,0.6157,85.2170,85.1794,0.0376
PEMAFC-F,0,period_0707,7.650000,-1.3653,0.7718,85.2171,85.1794,0.0378
PEMAFC-F,0,period_0707,7.700000,-1.3724,0.7390,85.2173,85.1794,0.0380
PEMAFC-F,0,period_0707,7.750000,-1.3799,0.7659,85.2175,85.1794,0.0381
PEMAFC-F,0,period_0707,7.800000,-1.3870,0.7800,85.2175,85.1794,0.0381
PEMAFC-F,0,period_0707,7.850000,-1.3956,0.7548,85.2174,85.1794,0.0380
PEMAFC-F,0,period_0707,7.900000,-1.4029,0.7248,85.2174,85.1794,0.0381
PEMAFC-F,0,period_0707,7.950000,-1.4104,0.7349,85.2178,85.1794,0.0385
PEMAFC-F,0,period_0707,8.000000,-1.4174,0.7382,85.2182,85.1794,0.0388
PEMAFC-F,0,period_0707,8.050000,-1.4260,0.8517,85.2182,85.1794,0.0389
PEMAFC-F,0,period_0707,8.100000,-1.4338,0.6102,85.2186,85.1794,0.0392
PEMAFC-F,0,period_0707,8.150000,-1.4409,0.6943,85.2190,85.1794,0.0397
PEMAFC-F,0,period_0707,8.200000,-1.4485,0.8478,85.2190,85.1794,0.0397
PEMAFC-F,0,period_0707,8.250000,-1.4545,0.7060,85.2196,85.1794,0.0402
PEMAFC-F,0,period_0707,8.300000,-1.4618,0.8770,85.2198,85.1794,0.0404
PEMAFC-F,0,period_0707,8.350000,-1.4684,0.5560,85.2209,85.1794,0.0415
PEMAFC-F,0,period_0707,8.400000,-1.4756,0.7987,85.2209,85.1794,0.0415
PEMAFC-F,0,period_0707,8.450000,-1.4835,0.8316,85.2212,85.1794,0.0418
PEMAFC-F,0,period_0707,8.500000,-1.4902,0.9268,85.2211,85.1794,0.0417
PEMAFC-F,0,period_0707,8.550000,-1.4982,0.8323,85.2214,85.1794,0.0420
PEMAFC-F,0,period_0707,8.600000,-1.5052,0.8167,85.2216,85.1794,0.0422
PEMAFC-F,0,period_0707,8.650000,-1.5117,0.7374,85.2218,85.1794,0.0424
PEMAFC-F,0,period_0707,8.700000,-1.5178,1.0709,85.2218,85.1794,0.0425
PEMAFC-F,0,period_0707,8.750000,-1.5257,0.8082,85.2221,85.1794,0.0427
PEMAFC-F,0,period_0707,8.800000,-1.5316,0.6783,85.2226,85.1794,0.0432
PEMAFC-F,0,period_0707,8.850000,-1.5387,0.7729,85.2228,85.1794,0.0434
PEMAFC-F,0,period_0707,8.900000,-1.5459,0.8524,85.2229,85.1794,0.0436
PEMAFC-F,0,period_0707,8.950000,-1.5524,0.9703,85.2232,85.1794,0.0438
PEMAFC-F,0,period_0707,9.000000,-1.5598,0.9598,85.2233,85.1794,0.0439
PEMAFC-F,0,period_0707,9.050000,-1.5663,0.9303,85.2233,85.1794,0.0439
PEMAFC-F,0,period_0707,9.100000,-1.5737,0.8987,85.2236,85.1794,0.0442
PEMAFC-F,0,period_0707,9.150000,-1.5799,0.8554,85.2239,85.1794,0.0446
PEMAFC-F,0,period_0707,9.200000,-1.5896,1.0776,85.2241,85.1794,0.0448
PEMAFC-F,0,period_0707,9.250000,-1.5970,1.0486,85.2244,85.1794,0.0451
PEMAFC-F,0,period_0707,9.300000,-1.6030,0.6962,85.2248,85.1794,0.0455
PEMAFC-F,0,period_0707,9.350000,-1.6094,0.9140,85.2248,85.1794,0.0455
PEMAFC-F,0,period_0707,9.400000,-1.6167,0.9143,85.2254,85.1794,0.0460
PEMAFC-F,0,period_0707,9.450000,-1.6232,0.6349,85.2256,85.1794,0.0463
PEMAFC-F,0,period_0707,9.500000,-1.6302,0.8621,85.2259,85.1794,0.0466
PEMAFC-F,0,period_0707,9.550000,-1.6366,0.8196,85.2261,85.1794,0.0467
PEMAFC-F,0,period_0707,9.600000,-1.6434,0.8472,85.2262,85.1794,0.0468
PEMAFC-F,0,period_0707,9.650000,-1.6502,0.9063,85.2265,85.1794,0.0471
PEMAFC-F,0,period_0707,9.700000,-1.6568,0.8303,85.2270,85.1794,0.0476
PEMAFC-F,0,period_0707,9.750000,-1.6632,0.8901,85.2270,85.1794,0.0476
PEMAFC-F,0,period_0707,9.800000,-1.6703,0.8011,85.2274,85.1794,0.0480
PEMAFC-F,0,period_0707,9.850000,-1.6764,0.7108,85.2275,85.1794,0.0482
PEMAFC-F,0,period_0707,9.900000,-1.6826,0.7028,85.2275,85.1794,0.0481
PEMAFC-F,0,period_0707,9.950000,-1.6893,0.9779,85.2278,85.1794,0.0485
PEMAFC-F,0,period_0707,10.000000,-1.6953,0.6996,85.2282,85.1794,0.0489
PEMAFC-F,0,period_0707,10.050000,-1.7017,0.6613,85.2284,85.1794,0.0491
PEMAFC-F,0,period_0707,10.100000,-1.7084,0.8672,85.2287,85.1794,0.0493
PEMAFC-F,0,period_0707,10.150000,-1.7152,0.8666,85.2289,85.1794,0.0495
PEMAFC-F,0,period_0707,10.200000,-1.7230,0.5819,85.2297,85.1794,0.0503
PEMAFC-F,0,period_0707,10.250000,-1.7286,0.8952,85.2298,85.1794,0.0504
PEMAFC-F,0,period_0707,10.300000,-1.7357,0.8331,85.2303,85.1794,0.0509
PEMAFC-F,0,period_0707,10.350000,-1.7430,0.9780,85.2304,85.1794,0.0510
PEMAFC-F,0,period_0707,10.400000,-1.7502,0.7980,85.2308,85.1794,0.0515
PEMAFC-F,0,period_0707,10.450000,-1.7572,0.9238,85.2312,85.1794,0.0518
PEMAFC-F,0,period_0707,10.500000,-1.7638,0.9066,85.2311,85.1794,0.0517
PEMAFC-F,0,period_0707,10.550000,-1.7714,0.9150,85.2314,85.1794,0.0520
PEMAFC-F,0,period_0707,10.600000,-1.7791,0.8708,85.2317,85.1794,0.0524
PEMAFC-F,0,period_0707,10.650000,-1.7852,0.8529,85.2320,85.1794,0.0526
PEMAFC-F,0,period_0707,10.700000,-1.7914,0.8880,85.2322,85.1794,0.0529
PEMAFC-F,0,period_0707,10.750000,-1.7998,1.0043,85.2325,85.1794,0.0531
PEMAFC-F,0,period_0707,10.800000,-1.8068,0.9275,85.2329,85.1794,0.0535
PEMAFC-F,0,period_0707,10.850000,-1.8144,1.1160,85.2329,85.1794,0.0535
PEMAFC-F,0,period_0707,10.900000,-1.8203,0.9778,85.2331,85.1794,0.0538
PEMAFC-F,0,period_0707,10.950000,-1.8270,0.6209,85.2336,85.1794,0.0543
PEMAFC-F,0,period_0707,11.000000,-1.8328,1.0341,85.2338,85.1794,0.0544
PEMAFC-F,0,period_0707,11.050000,-1.8399,0.9396,85.2344,85.1794,0.0550
PEMAFC-F,0,period_0707,11.100000,-1.8453,1.0355,85.2344,85.1794,0.0551
PEMAFC-F,0,period_0707,11.150000,-1.8513,0.7984,85.2353,85.1794,0.0559
PEMAFC-F,0,period_0707,11.200000,-1.8565,0.7382,85.2355,85.1794,0.0561
PEMAFC-F,0,period_0707,11.250000,-1.8639,1.0143,85.2354,85.1794,0.0560
PEMAFC-F,0,period_0707,11.300000,-1.8718,0.9793,85.2357,85.1794,0.0563
PEMAFC-F,0,period_0707,11.350000,-1.8788,1.1031,85.2357,85.1794,0.0563
PEMAFC-F,0,period_0707,11.400000,-1.8851,1.0240,85.2358,85.1794,0.0564
PEMAFC-F,0,period_0707,11.450000,-1.8913,1.0873,85.2358,85.1794,0.0565
PEMAFC-F,0,period_0707,11.500000,-1.8987,1.1266,85.2360,85.1794,0.0567
PEMAFC-F,0,period_0707,11.550000,-1.9054,0.9268,85.2362,85.1794,0.0568
PEMAFC-F,0,period_0707,11.600000,-1.9122,1.0703,85.2364,85.1794,0.0571
PEMAFC-F,0,period_0707,11.650000,-1.9194,1.0380,85.2367,85.1794,0.0573
PEMAFC-F,0,period_0707,11.700000,-1.9261,0.9192,85.2372,85.1794,0.0578
PEMAFC-F,0,period_0707,11.750000,-1.9335,0.9762,85.2374,85.1794,0.0580
PEMAFC-F,0,period_0707,11.800000,-1.9400,1.1450,85.2377,85.1794,0.0583
PEMAFC-F,0,period_0707,11.850000,-1.9466,0.7622,85.2379,85.1794,0.0586
PEMAFC-F,0,period_0707,11.900000,-1.9543,0.8810,85.2381,85.1794,0.0587
PEMAFC-F,0,period_0707,11.950000,-1.9609,1.2747,85.2382,85.1794,0.0588
PEMAFC-F,0,period_0707,12.000000,-1.9676,0.8524,85.2388,85.1794,0.0594
PEMAFC-F,0,period_0707,12.050000,-1.9742,0.9863,85.2389,85.1794,0.0596
PEMAFC-F,0,period_0707,12.100000,-1.9813,1.1601,85.2390,85.1794,0.0596
PEMAFC-F,0,period_0707,12.150000,-1.9888,1.1639,85.2391,85.1794,0.0597
PEMAFC-F,0,period_0707,12.200000,-1.9950,0.8253,85.2393,85.1794,0.0600
PEMAFC-F,0,period_0707,12.250000,-2.0013,1.1553,85.2395,85.1794,0.0601
PEMAFC-F,0,period_0707,12.300000,-2.0086,1.1412,85.2396,85.1794,0.0602
PEMAFC-F,0,period_0707,12.350000,-2.0146,0.8606,85.2399,85.1794,0.0606
PEMAFC-F,0,period_0707,12.400000,-2.0213,1.3128,85.2401,85.1794,0.0607
PEMAFC-F,0,period_0707,12.450000,-2.0275,0.9207,85.2399,85.1794,0.0606
PEMAFC-F,0,period_0707,12.500000,-2.0323,0.9547,85.2402,85.1794,0.0609
PEMAFC-F,0,period_0707,12.550000,-2.0385,1.3192,85.2405,85.1794,0.0611
PEMAFC-F,0,period_0707,12.600000,-2.0452,0.9136,85.2407,85.1794,0.0613
PEMAFC-F,0,period_0707,12.650000,-2.0506,0.9487,85.2410,85.1794,0.0617
PEMAFC-F,0,period_0707,12.700000,-2.0557,0.9110,85.2412,85.1794,0.0619
PEMAFC-F,0,period_0707,12.750000,-2.0634,1.2116,85.2413,85.1794,0.0620
PEMAFC-F,0,period_0707,12.800000,-2.0703,0.9958,85.2415,85.1794,0.0622
PEMAFC-F,0,period_0707,12.850000,-2.0771,1.1430,85.2417,85.1794,0.0623
PEMAFC-F,0,period_0707,12.900000,-2.0828,0.9691,85.2419,85.1794,0.0625
PEMAFC-F,0,period_0707,12.950000,-2.0886,0.7110,85.2423,85.1794,0.0629
PEMAFC-F,0,period_0707,13.000000,-2.0953,1.2303,85.2426,85.1794,0.0632
PEMAFC-F,0,period_0707,13.050000,-2.1023,0.9256,85.2431,85.1794,0.0638
PEMAFC-F,0,period_0707,13.100000,-2.1075,1.1525,85.2432,85.1794,0.0638
PEMAFC-F,0,period_0707,13.150000,-2.1133,1.1689,85.2433,85.1794,0.0639
PEMAFC-F,0,period_0707,13.200000,-2.1197,1.4084,85.2435,85.1794,0.0641
PEMAFC-F,0,period_0707,13.250000,-2.1258,1.1255,85.2436,85.1794,0.0643
PEMAFC-F,0,period_0707,13.300000,-2.1321,0.8636,85.2436,85.1794,0.0643
PEMAFC-F,0,period_0707,13.350000,-2.1391,1.2110,85.2437,85.1794,0.0644
PEMAFC-F,0,period_0707,13.400000,-2.1446,1.0247,85.2438,85.1794,0.0645
PEMAFC-F,0,period_0707,13.450000,-2.1514,1.3485,85.2439,85.1794,0.0645
PEMAFC-F,0,period_0707,13.500000,-2.1583,1.0573,85.2445,85.1794,0.0652
PEMAFC-F,0,period_0707,13.550000,-2.1653,1.2240,85.2449,85.1794,0.0655
PEMAFC-F,0,period_0707,13.600000,-2.1717,1.2050,85.2448,85.1794,0.0654
PEMAFC-F,0,period_0707,13.650000,-2.1770,0.9777,85.2446,85.1794,0.0652
PEMAFC-F,0,period_0707,13.700000,-2.1827,1.0429,85.2447,85.1794,0.0653
PEMAFC-F,0,period_0707,13.750000,-2.1887,1.1383,85.2451,85.1794,0.0657
PEMAFC-F,0,period_0707,13.800000,-2.1942,1.2771,85.2452,85.1794,0.0658
PEMAFC-F,0,period_0707,13.850000,-2.2007,0.9037,85.2454,85.1794,0.0661
PEMAFC-F,0,period_0707,13.900000,-2.2072,1.0493,85.2458,85.1794,0.0665
PEMAFC-F,0,period_0707,13.950000,-2.2133,1.3431,85.2460,85.1794,0.0666
PEMAFC-F,0,period_0707,14.000000,-2.2214,1.4665,85.2462,85.1794,0.0669
PEMAFC-F,0,period_0707,14.050000,-2.2265,0.9898,85.2466,85.1794,0.0672
PEMAFC-F,0,period_0707,14.100000,-2.2320,0.9029,85.2469,85.1794,0.0675
PEMAFC-F,0,period_0707,14.150000,-2.2384,1.3380,85.2470,85.1794,0.0677
PEMAFC-F,0,period_0707,14.200000,-2.2447,1.0503,85.2476,85.1794,0.0682
PEMAFC-F,0,period_0707,14.250000,-2.2516,1.4548,85.2478,85.1794,0.0685
PEMAFC-F,0,period_0707,14.300000,-2.2579,1.1051,85.2480,85.1794,0.0686
PEMAFC-F,0,period_0707,14.350000,-2.2633,0.8055,85.2482,85.1794,0.0688
PEMAFC-F,0,period_0707,14.400000,-2.2685,0.9522,85.2484,85.1794,0.0691
PEMAFC-F,0,period_0707,14.450000,-2.2747,1.1028,85.2486,85.1794,0.0692
PEMAFC-F,0,period_0707,14.500000,-2.2823,1.3687,85.2487,85.1794,0.0694
PEMAFC-F,0,period_0707,14.550000,-2.2878,0.9176,85.2489,85.1794,0.0695
PEMAFC-F,0,period_0707,14.600000,-2.2945,1.4112,85.2490,85.1794,0.0696
PEMAFC-F,0,period_0707,14.650000,-2.3011,1.3414,85.2492,85.1794,0.0699
PEMAFC-F,0,period_0707,14.700000,-2.3072,0.9932,85.2500,85.1794,0.0707
PEMAFC-F,0,period_0707,14.750000,-2.3135,0.9891,85.2503,85.1794,0.0709
PEMAFC-F,0,period_0707,14.800000,-2.3195,1.0334,85.2507,85.1794,0.0713
PEMAFC-F,0,period_0707,14.850000,-2.3256,1.2650,85.2508,85.1794,0.0714
PEMAFC-F,0,period_0707,14.900000,-2.3309,1.3615,85.2511,85.1794,0.0717
PEMAFC-F,0,period_0707,14.950000,-2.3365,0.8585,85.2514,85.1794,0.0721
PEMAFC-F,0,period_0707,15.000000,-2.3417,1.0274,85.2517,85.1794,0.0724
PEMAFC-F,1,period_0856,15.000667,-0.2088,-11.9768,75.6958,75.6790,0.0168
PEMAFC-F,1,period_0856,15.050000,-0.2133,0.1993,75.6960,75.6790,0.0170
PEMAFC-F,1,period_0856,15.100000,-0.2185,0.1813,75.6962,75.6790,0.0172
PEMAFC-F,1,period_0856,15.150000,-0.2237,0.1731,75.6964,75.6790,0.0174
PEMAFC-F,1,period_0856,15.200000,-0.2287,0.2193,75.6968,75.6790,0.0177
PEMAFC-F,1,period_0856,15.250000,-0.2343,0.1904,75.6969,75.6790,0.0179
PEMAFC-F,1,period_0856,15.300000,-0.2393,0.2144,75.6972,75.6790,0.0182
PEMAFC-F,1,period_0856,15.350000,-0.2442,0.2450,75.6973,75.6790,0.0183
PEMAFC-F,1,period_0856,15.400000,-0.2492,0.2178,75.6974,75.6790,0.0183
PEMAFC-F,1,period_0856,15.450000,-0.2547,0.2215,75.6975,75.6790,0.0185
PEMAFC-F,1,period_0856,15.500000,-0.2598,0.2313,75.6976,75.6790,0.0186
PEMAFC-F,1,period_0856,15.550000,-0.2649,0.2125,75.6979,75.6790,0.0189
PEMAFC-F,1,period_0856,15.600000,-0.2701,0.2307,75.6980,75.6790,0.0190
PEMAFC-F,1,period_0856,15.650000,-0.2752,0.2598,75.6981,75.6790,0.0191
PEMAFC-F,1,period_0856,15.700000,-0.2801,0.2568,75.6985,75.6790,0.0195
PEMAFC-F,1,period_0856,15.750000,-0.2854,0.2964,75.6986,75.6790,0.0196
PEMAFC-F,1,period_0856,15.800000,-0.2904,0.2660,75.6988,75.6790,0.0197
PEMAFC-F,1,period_0856,15.850000,-0.2958,0.2250,75.6989,75.6790,0.0199
PEMAFC-F,1,period_0856,15.900000,-0.3006,0.2614,75.6990,75.6790,0.0200
PEMAFC-F,1,period_0856,15.950000,-0.3054,0.3073,75.6993,75.6790,0.0202
PEMAFC-F,1,period_0856,16.000000,-0.3103,0.2601,75.6994,75.6790,0.0204
PEMAFC-F,1,period_0856,16.050000,-0.3152,0.2978,75.6998,75.6790,0.0208
PEMAFC-F,1,period_0856,16.100000,-0.3201,0.2743,75.7000,75.6790,0.0210
PEMAFC-F,1,period_0856,16.150000,-0.3253,0.2678,75.7002,75.6790,0.0211
PEMAFC-F,1,period_0856,16.200000,-0.3302,0.3157,75.7003,75.6790,0.0212
PEMAFC-F,1,period_0856,16.250000,-0.3357,0.3232,75.7003,75.6790,0.0213
PEMAFC-F,1,period_0856,16.300000,-0.3403,0.3043,75.7007,75.6790,0.0217
PEMAFC-F,1,period_0856,16.350000,-0.3451,0.2790,75.7009,75.6790,0.0219
PEMAFC-F,1,period_0856,16.400000,-0.3501,0.2941,75.7010,75.6790,0.0220
PEMAFC-F,1,period_0856,16.450000,-0.3551,0.2860,75.7012,75.6790,0.0222
PEMAFC-F,1,period_0856,16.500000,-0.3594,0.2833,75.7015,75.6790,0.0224
PEMAFC-F,1,period_0856,16.550000,-0.3637,0.3201,75.7016,75.6790,0.0226
PEMAFC-F,1,period_0856,16.600000,-0.3687,0.2664,75.7020,75.6790,0.0229
PEMAFC-F,1,period_0856,16.650000,-0.3736,0.3257,75.7022,75.6790,0.0232
PEMAFC-F,1,period_0856,16.700000,-0.3779,0.3489,75.7022,75.6790,0.0232
PEMAFC-F,1,period_0856,16.750000,-0.3830,0.3164,75.7027,75.6790,0.0236
PEMAFC-F,1,period_0856,16.800000,-0.3876,0.2844,75.7031,75.6790,0.0241
PEMAFC-F,1,period_0856,16.850000,-0.3923,0.2646,75.7035,75.6790,0.0245
PEMAFC-F,1,period_0856,16.900000,-0.3971,0.3731,75.7037,75.6790,0.0247
PEMAFC-F,1,period_0856,16.950000,-0.4023,0.4107,75.7037,75.6790,0.0247
PEMAFC-F,1,period_0856,17.000000,-0.4074,0.4230,75.7039,75.6790,0.0248
PEMAFC-F,1,period_0856,17.050000,-0.4118,0.3342,75.7040,75.6790,0.0249
PEMAFC-F,1,period_0856,17.100000,-0.4163,0.3377,75.7041,75.6790,0.0251
PEMAFC-F,1,period_0856,17.150000,-0.4222,0.4084,75.7044,75.6790,0.0254
PEMAFC-F,1,period_0856,17.200000,-0.4278,0.4247,75.7046,75.6790,0.0256
PEMAFC-F,1,period_0856,17.250000,-0.4324,0.3883,75.7050,75.6790,0.0259
PEMAFC-F,1,period_0856,17.300000,-0.4372,0.3424,75.7053,75.6790,0.0263
PEMAFC-F,1,period_0856,17.350000,-0.4418,0.3796,75.7056,75.6790,0.0266
PEMAFC-F,1,period_0856,17.400000,-0.4464,0.4192,75.7056,75.6790,0.0266
PEMAFC-F,1,period_0856,17.450000,-0.4510,0.3842,75.7059,75.6790,0.0269
PEMAFC-F,1,period_0856,17.500000,-0.4556,0.3589,75.7061,75.6790,0.0271
PEMAFC-F,1,period_0856,17.550000,-0.4603,0.4318,75.7062,75.6790,0.0272
PEMAFC-F,1,period_0856,17.600000,-0.4651,0.4271,75.7065,75.6790,0.0274
PEMAFC-F,1,period_0856,17.650000,-0.4698,0.4180,75.7066,75.6790,0.0275
PEMAFC-F,1,period_0856,17.700000,-0.4752,0.4323,75.7067,75.6790,0.0277
PEMAFC-F,1,period_0856,17.750000,-0.4800,0.4877,75.7067,75.6790,0.0277
PEMAFC-F,1,period_0856,17.800000,-0.4851,0.4494,75.7067,75.6790,0.0277
PEMAFC-F,1,period_0856,17.850000,-0.4899,0.4460,75.7068,75.6790,0.0278
PEMAFC-F,1,period_0856,17.900000,-0.4947,0.4799,75.7069,75.6790,0.0279
PEMAFC-F,1,period_0856,17.950000,-0.4990,0.3977,75.7070,75.6790,0.0280
PEMAFC-F,1,period_0856,18.000000,-0.5039,0.4341,75.7072,75.6790,0.0281
PEMAFC-F,1,period_0856,18.050000,-0.5086,0.4627,75.7073,75.6790,0.0283
PEMAFC-F,1,period_0856,18.100000,-0.5133,0.4425,75.7077,75.6790,0.0287
PEMAFC-F,1,period_0856,18.150000,-0.5181,0.4512,75.7080,75.6790,0.0290
PEMAFC-F,1,period_0856,18.200000,-0.5227,0.4642,75.7081,75.6790,0.0291
PEMAFC-F,1,period_0856,18.250000,-0.5279,0.4909,75.7082,75.6790,0.0292
PEMAFC-F,1,period_0856,18.300000,-0.5319,0.3985,75.7084,75.6790,0.0294
PEMAFC-F,1,period_0856,18.350000,-0.5364,0.4330,75.7089,75.6790,0.0299
PEMAFC-F,1,period_0856,18.400000,-0.5415,0.4889,75.7089,75.6790,0.0299
PEMAFC-F,1,period_0856,18.450000,-0.5458,0.5235,75.7090,75.6790,0.0299
PEMAFC-F,1,period_0856,18.500000,-0.5498,0.5767,75.7089,75.6790,0.0299
PEMAFC-F,1,period_0856,18.550000,-0.5541,0.5074,75.7091,75.6790,0.0301
PEMAFC-F,1,period_0856,18.600000,-0.5582,0.5453,75.7093,75.6790,0.0302
PEMAFC-F,1,period_0856,18.650000,-0.5624,0.4674,75.7092,75.6790,0.0302
PEMAFC-F,1,period_0856,18.700000,-0.5671,0.5008,75.7094,75.6790,0.0304
PEMAFC-F,1,period_0856,18.750000,-0.5712,0.5388,75.7094,75.6790,0.0304
PEMAFC-F,1,period_0856,18.800000,-0.5760,0.4384,75.7098,75.6790,0.0308
PEMAFC-F,1,period_0856,18.850000,-0.5805,0.4452,75.7102,75.6790,0.0312
PEMAFC-F,1,period_0856,18.900000,-0.5855,0.4669,75.7102,75.6790,0.0312
PEMAFC-F,1,period_0856,18.950000,-0.5904,0.5815,75.7106,75.6790,0.0316
PEMAFC-F,1,period_0856,19.000000,-0.5951,0.5308,75.7108,75.6790,0.0317
PEMAFC-F,1,period_0856,19.050000,-0.5999,0.4968,75.7113,75.6790,0.0322
PEMAFC-F,1,period_0856,19.100000,-0.6039,0.4913,75.7115,75.6790,0.0324
PEMAFC-F,1,period_0856,19.150000,-0.6086,0.4771,75.7116,75.6790,0.0326
PEMAFC-F,1,period_0856,19.200000,-0.6128,0.5313,75.7118,75.6790,0.0328
PEMAFC-F,1,period_0856,19.250000,-0.6175,0.5274,75.7119,75.6790,0.0329
PEMAFC-F,1,period_0856,19.300000,-0.6224,0.5236,75.7121,75.6790,0.0330
PEMAFC-F,1,period_0856,19.350000,-0.6273,0.5272,75.7122,75.6790,0.0332
PEMAFC-F,1,period_0856,19.400000,-0.6318,0.6226,75.7125,75.6790,0.0335
PEMAFC-F,1,period_0856,19.450000,-0.6361,0.5842,75.7128,75.6790,0.0337
PEMAFC-F,1,period_0856,19.500000,-0.6403,0.6717,75.7130,75.6790,0.0340
PEMAFC-F,1,period_0856,19.550000,-0.6445,0.5460,75.7132,75.6790,0.0342
PEMAFC-F,1,period_0856,19.600000,-0.6487,0.5063,75.7135,75.6790,0.0345
PEMAFC-F,1,period_0856,19.650000,-0.6533,0.5876,75.7137,75.6790,0.0347
PEMAFC-F,1,period_0856,19.700000,-0.6571,0.5655,75.7139,75.6790,0.0349
PEMAFC-F,1,period_0856,19.750000,-0.6613,0.5777,75.7142,75.6790,0.0352
PEMAFC-F,1,period_0856,19.800000,-0.6655,0.5175,75.7145,75.6790,0.0355
PEMAFC-F,1,period_0856,19.850000,-0.6694,0.5562,75.7150,75.6790,0.0360
PEMAFC-F,1,period_0856,19.900000,-0.6734,0.5469,75.7152,75.6790,0.0361
PEMAFC-F,1,period_0856,19.950000,-0.6777,0.6097,75.7153,75.6790,0.0363
PEMAFC-F,1,period_0856,20.000000,-0.6815,0.5700,75.7156,75.6790,0.0366
PEMAFC-F,1,period_0856,20.050000,-0.6858,0.5774,75.7158,75.6790,0.0368
PEMAFC-F,1,period_0856,20.100000,-0.6900,0.5572,75.7160,75.6790,0.0370
PEMAFC-F,1,period_0856,20.150000,-0.6943,0.5437,75.7164,75.6790,0.0374
PEMAFC-F,1,period_0856,20.200000,-0.6986,0.5788,75.7165,75.6790,0.0375
PEMAFC-F,1,period_0856,20.250000,-0.7031,0.6866,75.7165,75.6790,0.0375
PEMAFC-F,1,period_0856,20.300000,-0.7072,0.5911,75.7165,75.6790,0.0375
PEMAFC-F,1,period_0856,20.350000,-0.7122,0.6857,75.7168,75.6790,0.0378
PEMAFC-F,1,period_0856,20.400000,-0.7162,0.6156,75.7170,75.6790,0.0380
PEMAFC-F,1,period_0856,20.450000,-0.7205,0.7244,75.7171,75.6790,0.0381
PEMAFC-F,1,period_0856,20.500000,-0.7254,0.5436,75.7174,75.6790,0.0383
PEMAFC-F,1,period_0856,20.550000,-0.7294,0.6589,75.7175,75.6790,0.0385
PEMAFC-F,1,period_0856,20.600000,-0.7338,0.6929,75.7177,75.6790,0.0387
PEMAFC-F,1,period_0856,20.650000,-0.7381,0.6739,75.7178,75.6790,0.0388
PEMAFC-F,1,period_0856,20.700000,-0.7416,0.5750,75.7182,75.6790,0.0392
PEMAFC-F,1,period_0856,20.750000,-0.7465,0.6041,75.7186,75.6790,0.0396
PEMAFC-F,1,period_0856,20.800000,-0.7510,0.7775,75.7188,75.6790,0.0398
PEMAFC-F,1,period_0856,20.850000,-0.7551,0.6813,75.7192,75.6790,0.0401
PEMAFC-F,1,period_0856,20.900000,-0.7595,0.6137,75.7194,75.6790,0.0403
PEMAFC-F,1,period_0856,20.950000,-0.7634,0.6058,75.7197,75.6790,0.0406
PEMAFC-F,1,period_0856,21.000000,-0.7674,0.5761,75.7201,75.6790,0.0410
PEMAFC-F,1,period_0856,21.050000,-0.7715,0.6680,75.7204,75.6790,0.0414
PEMAFC-F,1,period_0856,21.100000,-0.7761,0.6148,75.7205,75.6790,0.0415
PEMAFC-F,1,period_0856,21.150000,-0.7800,0.7076,75.7206,75.6790,0.0416
PEMAFC-F,1,period_0856,21.200000,-0.7839,0.5780,75.7209,75.6790,0.0419
PEMAFC-F,1,period_0856,21.250000,-0.7878,0.6439,75.7213,75.6790,0.0423
PEMAFC-F,1,period_0856,21.300000,-0.7916,0.5968,75.7217,75.6790,0.0427
PEMAFC-F,1,period_0856,21.350000,-0.7958,0.6924,75.7219,75.6790,0.0429
PEMAFC-F,1,period_0856,21.400000,-0.8004,0.7461,75.7222,75.6790,0.0432
PEMAFC-F,1,period_0856,21.450000,-0.8047,0.6485,75.7225,75.6790,0.0435
PEMAFC-F,1,period_0856,21.500000,-0.8082,0.7706,75.7225,75.6790,0.0435
PEMAFC-F,1,period_0856,21.550000,-0.8128,0.7498,75.7226,75.6790,0.0436
PEMAFC-F,1,period_0856,21.600000,-0.8171,0.6747,75.7229,75.6790,0.0438
PEMAFC-F,1,period_0856,21.650000,-0.8212,0.7478,75.7230,75.6790,0.0439
PEMAFC-F,1,period_0856,21.700000,-0.8254,0.6861,75.7232,75.6790,0.0442
PEMAFC-F,1,period_0856,21.750000,-0.8291,0.6750,75.7234,75.6790,0.0443
PEMAFC-F,1,period_0856,21.800000,-0.8328,0.7704,75.7236,75.6790,0.0446
PEMAFC-F,1,period_0856,21.850000,-0.8369,0.6997,75.7240,75.6790,0.0449
PEMAFC-F,1,period_0856,21.900000,-0.8407,0.7157,75.7241,75.6790,0.0451
PEMAFC-F,1,period_0856,21.950000,-0.8446,0.8705,75.7241,75.6790,0.0451
PEMAFC-F,1,period_0856,22.000000,-0.8485,0.7818,75.7244,75.6790,0.0454
PEMAFC-F,1,period_0856,22.050000,-0.8525,0.7252,75.7245,75.6790,0.0455
PEMAFC-F,1,period_0856,22.100000,-0.8570,0.6710,75.7248,75.6790,0.0458
PEMAFC-F,1,period_0856,22.150000,-0.8609,0.8271,75.7250,75.6790,0.0460
PEMAFC-F,1,period_0856,22.200000,-0.8648,0.7718,75.7252,75.6790,0.0462
PEMAFC-F,1,period_0856,22.250000,-0.8685,0.7474,75.7254,75.6790,0.0463
PEMAFC-F,1,period_0856,22.300000,-0.8723,0.7554,75.7256,75.6790,0.0466
PEMAFC-F,1,period_0856,22.350000,-0.8764,0.7256,75.7257,75.6790,0.0466
PEMAFC-F,1,period_0856,22.400000,-0.8802,0.7929,75.7259,75.6790,0.0469
PEMAFC-F,1,period_0856,22.450000,-0.8839,0.7357,75.7262,75.6790,0.0472
PEMAFC-F,1,period_0856,22.500000,-0.8883,0.8781,75.7262,75.6790,0.0472
PEMAFC-F,1,period_0856,22.550000,-0.8922,0.8462,75.7266,75.6790,0.0475
PEMAFC-F,1,period_0856,22.600000,-0.8961,0.7818,75.7268,75.6790,0.0478
PEMAFC-F,1,period_0856,22.650000,-0.9001,0.7729,75.7269,75.6790,0.0479
PEMAFC-F,1,period_0856,22.700000,-0.9043,0.8794,75.7270,75.6790,0.0480
PEMAFC-F,1,period_0856,22.750000,-0.9081,0.7558,75.7274,75.6790,0.0484
PEMAFC-F,1,period_0856,22.800000,-0.9122,0.8493,75.7276,75.6790,0.0486
PEMAFC-F,1,period_0856,22.850000,-0.9160,0.7952,75.7278,75.6790,0.0487
PEMAFC-F,1,period_0856,22.900000,-0.9198,0.7241,75.7282,75.6790,0.0492
PEMAFC-F,1,period_0856,22.950000,-0.9238,0.8259,75.7285,75.6790,0.0494
PEMAFC-F,1,period_0856,23.000000,-0.9275,0.7108,75.7287,75.6790,0.0497
PEMAFC-F,1,period_0856,23.050000,-0.9312,0.7588,75.7290,75.6790,0.0500
PEMAFC-F,1,period_0856,23.100000,-0.9347,0.8245,75.7292,75.6790,0.0502
PEMAFC-F,1,period_0856,23.150000,-0.9383,0.8145,75.7294,75.6790,0.0504
PEMAFC-F,1,period_0856,23.200000,-0.9419,0.8159,75.7296,75.6790,0.0506
PEMAFC-F,1,period_0856,23.250000,-0.9455,0.7658,75.7299,75.6790,0.0509
PEMAFC-F,1,period_0856,23.300000,-0.9492,0.7448,75.7304,75.6790,0.0514
PEMAFC-F,1,period_0856,23.350000,-0.9534,0.8091,75.7305,75.6790,0.0515
PEMAFC-F,1,period_0856,23.400000,-0.9567,0.7885,75.7306,75.6790,0.0516
PEMAFC-F,1,period_0856,23.450000,-0.9608,0.7860,75.7309,75.6790,0.0519
PEMAFC-F,1,period_0856,23.500000,-0.9647,0.7046,75.7313,75.6790,0.0523
PEMAFC-F,1,period_0856,23.550000,-0.9692,0.7603,75.7317,75.6790,0.0527
PEMAFC-F,1,period_0856,23.600000,-0.9732,0.7783,75.7322,75.6790,0.0532
PEMAFC-F,1,period_0856,23.650000,-0.9769,0.8645,75.7322,75.6790,0.0532
PEMAFC-F,1,period_0856,23.700000,-0.9805,0.8214,75.7324,75.6790,0.0534
PEMAFC-F,1,period_0856,23.750000,-0.9847,0.8976,75.7326,75.6790,0.0535
PEMAFC-F,1,period_0856,23.800000,-0.9884,0.8541,75.7328,75.6790,0.0538
PEMAFC-F,1,period_0856,23.850000,-0.9922,0.7112,75.7334,75.6790,0.0544
PEMAFC-F,1,period_0856,23.900000,-0.9962,0.8783,75.7336,75.6790,0.0546
PEMAFC-F,1,period_0856,23.950000,-0.9997,0.8312,75.7340,75.6790,0.0549
PEMAFC-F,1,period_0856,24.000000,-1.0033,0.8335,75.7342,75.6790,0.0551
PEMAFC-F,1,period_0856,24.050000,-1.0071,0.9241,75.7343,75.6790,0.0553
PEMAFC-F,1,period_0856,24.100000,-1.0110,0.8497,75.7345,75.6790,0.0555
PEMAFC-F,1,period_0856,24.150000,-1.0146,0.8641,75.7348,75.6790,0.0558
PEMAFC-F,1,period_0856,24.200000,-1.0180,0.9455,75.7349,75.6790,0.0559
PEMAFC-F,1,period_0856,24.250000,-1.0218,0.8573,75.7350,75.6790,0.0559
PEMAFC-F,1,period_0856,24.300000,-1.0254,0.9553,75.7350,75.6790,0.0559
PEMAFC-F,1,period_0856,24.350000,-1.0292,0.7795,75.7353,75.6790,0.0563
PEMAFC-F,1,period_0856,24.400000,-1.0328,0.9156,75.7354,75.6790,0.0564
PEMAFC-F,1,period_0856,24.450000,-1.0368,0.9900,75.7356,75.6790,0.0566
PEMAFC-F,1,period_0856,24.500000,-1.0402,0.8790,75.7358,75.6790,0.0568
PEMAFC-F,1,period_0856,24.550000,-1.0438,1.0699,75.7360,75.6790,0.0569
PEMAFC-F,1,period_0856,24.600000,-1.0473,0.9105,75.7361,75.6790,0.0571
PEMAFC-F,1,period_0856,24.650000,-1.0510,0.9090,75.7362,75.6790,0.0572
PEMAFC-F,1,period_0856,24.700000,-1.0547,0.8353,75.7367,75.6790,0.0577
PEMAFC-F,1,period_0856,24.750000,-1.0583,0.8352,75.7370,75.6790,0.0580
PEMAFC-F,1,period_0856,24.800000,-1.0620,0.8499,75.7372,75.6790,0.0581
PEMAFC-F,1,period_0856,24.850000,-1.0657,0.9381,75.7373,75.6790,0.0583
PEMAFC-F,1,period_0856,24.900000,-1.0695,0.8483,75.7375,75.6790,0.0585
PEMAFC-F,1,period_0856,24.950000,-1.0733,0.9322,75.7378,75.6790,0.0588
PEMAFC-F,1,period_0856,25.000000,-1.0767,0.9007,75.7381,75.6790,0.0591
PEMAFC-F,1,period_0856,25.050000,-1.0804,0.8289,75.7384,75.6790,0.0594
PEMAFC-F,1,period_0856,25.100000,-1.0839,0.8479,75.7387,75.6790,0.0597
PEMAFC-F,1,period_0856,25.150000,-1.0879,0.8472,75.7390,75.6790,0.0600
PEMAFC-F,1,period_0856,25.200000,-1.0916,0.8940,75.7392,75.6790,0.0601
PEMAFC-F,1,period_0856,25.250000,-1.0951,1.0524,75.7393,75.6790,0.0602
PEMAFC-F,1,period_0856,25.300000,-1.0985,1.0214,75.7394,75.6790,0.0604
PEMAFC-F,1,period_0856,25.350000,-1.1022,0.9979,75.7396,75.6790,0.0606
PEMAFC-F,1,period_0856,25.400000,-1.1056,0.9424,75.7398,75.6790,0.0608
PEMAFC-F,1,period_0856,25.450000,-1.1089,0.9482,75.7402,75.6790,0.0612
PEMAFC-F,1,period_0856,25.500000,-1.1127,0.9614,75.7405,75.6790,0.0615
PEMAFC-F,1,period_0856,25.550000,-1.1161,0.8468,75.7407,75.6790,0.0616
PEMAFC-F,1,period_0856,25.600000,-1.1194,0.9108,75.7409,75.6790,0.0619
PEMAFC-F,1,period_0856,25.650000,-1.1229,0.9301,75.7412,75.6790,0.0622
PEMAFC-F,1,period_0856,25.700000,-1.1263,0.9973,75.7415,75.6790,0.0625
PEMAFC-F,1,period_0856,25.750000,-1.1297,0.9004,75.7418,75.6790,0.0628
PEMAFC-F,1,period_0856,25.800000,-1.1329,0.8769,75.7423,75.6790,0.0633
PEMAFC-F,1,period_0856,25.850000,-1.1360,0.8167,75.7426,75.6790,0.0636
PEMAFC-F,1,period_0856,25.900000,-1.1399,0.9179,75.7427,75.6790,0.0637
PEMAFC-F,1,period_0856,25.950000,-1.1434,1.0235,75.7431,75.6790,0.0641
PEMAFC-F,1,period_0856,26.000000,-1.1469,1.0486,75.7432,75.6790,0.0642
PEMAFC-F,1,period_0856,26.050000,-1.1501,0.9969,75.7433,75.6790,0.0643
PEMAFC-F,1,period_0856,26.100000,-1.1535,1.0431,75.7435,75.6790,0.0645
PEMAFC-F,1,period_0856,26.150000,-1.1573,1.0163,75.7438,75.6790,0.0647
PEMAFC-F,1,period_0856,26.200000,-1.1608,0.9761,75.7441,75.6790,0.0650
PEMAFC-F,1,period_0856,26.250000,-1.1643,0.9925,75.7442,75.6790,0.0652
PEMAFC-F,1,period_0856,26.300000,-1.1681,0.9649,75.7446,75.6790,0.0655
PEMAFC-F,1,period_0856,26.350000,-1.1714,0.9167,75.7448,75.6790,0.0658
PEMAFC-F,1,period_0856,26.400000,-1.1749,1.0010,75.7451,75.6790,0.0661
PEMAFC-F,1,period_0856,26.450000,-1.1785,0.9579,75.7454,75.6790,0.0664
PEMAFC-F,1,period_0856,26.500000,-1.1814,1.1083,75.7454,75.6790,0.0664
PEMAFC-F,1,period_0856,26.550000,-1.1846,0.9888,75.7457,75.6790,0.0667
PEMAFC-F,1,period_0856,26.600000,-1.1880,1.0911,75.7459,75.6790,0.0669
PEMAFC-F,1,period_0856,26.650000,-1.1916,1.1087,75.7463,75.6790,0.0672
PEMAFC-F,1,period_0856,26.700000,-1.1952,1.0235,75.7465,75.6790,0.0675
PEMAFC-F,1,period_0856,26.750000,-1.1983,0.9619,75.7469,75.6790,0.0678
PEMAFC-F,1,period_0856,26.800000,-1.2016,1.0572,75.7471,75.6790,0.0681
PEMAFC-F,1,period_0856,26.850000,-1.2054,1.1320,75.7473,75.6790,0.0682
PEMAFC-F,1,period_0856,26.900000,-1.2088,1.0169,75.7474,75.6790,0.0683
PEMAFC-F,1,period_0856,26.950000,-1.2122,0.9888,75.7476,75.6790,0.0686
PEMAFC-F,1,period_0856,27.000000,-1.2158,0.9372,75.7480,75.6790,0.0690
PEMAFC-F,1,period_0856,27.050000,-1.2191,0.9578,75.7483,75.6790,0.0692
PEMAFC-F,1,period_0856,27.100000,-1.2223,1.1639,75.7485,75.6790,0.0695
PEMAFC-F,1,period_0856,27.150000,-1.2262,1.0504,75.7487,75.6790,0.0697
PEMAFC-F,1,period_0856,27.200000,-1.2296,0.9635,75.7491,75.6790,0.0700
PEMAFC-F,1,period_0856,27.250000,-1.2328,1.0268,75.7492,75.6790,0.0702
PEMAFC-F,1,period_0856,27.300000,-1.2363,1.0674,75.7492,75.6790,0.0702
PEMAFC-F,1,period_0856,27.350000,-1.2395,1.0230,75.7493,75.6790,0.0703
PEMAFC-F,1,period_0856,27.400000,-1.2428,1.0923,75.7495,75.6790,0.0705
PEMAFC-F,1,period_0856,27.450000,-1.2462,0.9228,75.7499,75.6790,0.0709
PEMAFC-F,1,period_0856,27.500000,-1.2494,1.1082,75.7500,75.6790,0.0710
PEMAFC-F,1,period_0856,27.550000,-1.2526,1.0235,75.7502,75.6790,0.0712
PEMAFC-F,1,period_0856,27.600000,-1.2559,1.0469,75.7505,75.6790,0.0715
PEMAFC-F,1,period_0856,27.650000,-1.2592,1.1356,75.7506,75.6790,0.0716
PEMAFC-F,1,period_0856,27.700000,-1.2623,0.9701,75.7510,75.6790,0.0720
PEMAFC-F,1,period_0856,27.750000,-1.2658,1.0670,75.7513,75.6790,0.0722
PEMAFC-F,1,period_0856,27.800000,-1.2691,1.1338,75.7514,75.6790,0.0724
PEMAFC-F,1,period_0856,27.850000,-1.2721,1.0634,75.7518,75.6790,0.0727
PEMAFC-F,1,period_0856,27.900000,-1.2751,1.0569,75.7521,75.6790,0.0731
PEMAFC-F,1,period_0856,27.950000,-1.2785,1.0690,75.7524,75.6790,0.0733
PEMAFC-F,1,period_0856,28.000000,-1.2820,0.9714,75.7527,75.6790,0.0737
PEMAFC-F,1,period_0856,28.050000,-1.2854,1.0221,75.7530,75.6790,0.0740
PEMAFC-F,1,period_0856,28.100000,-1.2885,1.1486,75.7532,75.6790,0.0742
PEMAFC-F,1,period_0856,28.150000,-1.2916,1.2887,75.7533,75.6790,0.0743
PEMAFC-F,1,period_0856,28.200000,-1.2954,0.9450,75.7535,75.6790,0.0745
PEMAFC-F,1,period_0856,28.250000,-1.2989,1.1112,75.7538,75.6790,0.0748
PEMAFC-F,1,period_0856,28.300000,-1.3019,1.1276,75.7540,75.6790,0.0750
PEMAFC-F,1,period_0856,28.350000,-1.3053,0.9801,75.7545,75.6790,0.0754
PEMAFC-F,1,period_0856,28.400000,-1.3085,1.1092,75.7547,75.6790,0.0757
PEMAFC-F,1,period_0856,28.450000,-1.3120,1.0338,75.7547,75.6790,0.0757
PEMAFC-F,1,period_0856,28.500000,-1.3153,1.2105,75.7550,75.6790,0.0760
PEMAFC-F,1,period_0856,28.550000,-1.3182,1.0848,75.7552,75.6790,0.0761
PEMAFC-F,1,period_0856,28.600000,-1.3216,1.2042,75.7552,75.6790,0.0762
PEMAFC-F,1,period_0856,28.650000,-1.3249,1.1506,75.7554,75.6790,0.0764
PEMAFC-F,1,period_0856,28.700000,-1.3283,1.0348,75.7555,75.6790,0.0765
PEMAFC-F,1,period_0856,28.750000,-1.3315,1.2633,75.7555,75.6790,0.0765
PEMAFC-F,1,period_0856,28.800000,-1.3346,1.2393,75.7557,75.6790,0.0766
PEMAFC-F,1,period_0856,28.850000,-1.3374,1.2058,75.7559,75.6790,0.0768
PEMAFC-F,1,period_0856,28.900000,-1.3407,1.0125,75.7562,75.6790,0.0772
PEMAFC-F,1,period_0856,28.950000,-1.3444,1.2006,75.7564,75.6790,0.0774
PEMAFC-F,1,period_0856,29.000000,-1.3483,1.0217,75.7566,75.6790,0.0775
PEMAFC-F,1,period_0856,29.050000,-1.3519,1.0440,75.7569,75.6790,0.0779
PEMAFC-F,1,period_0856,29.100000,-1.3551,1.1682,75.7570,75.6790,0.0780
PEMAFC-F,1,period_0856,29.150000,-1.3584,1.2404,75.7571,75.6790,0.0781
PEMAFC-F,1,period_0856,29.200000,-1.3617,0.9625,75.7577,75.6790,0.0787
PEMAFC-F,1,period_0856,29.250000,-1.3648,1.0765,75.7578,75.6790,0.0788
PEMAFC-F,1,period_0856,29.300000,-1.3682,1.3091,75.7578,75.6790,0.0787
PEMAFC-F,1,period_0856,29.350000,-1.3712,1.1450,75.7580,75.6790,0.0790
PEMAFC-F,1,period_0856,29.400000,-1.3741,1.2527,75.7581,75.6790,0.0790
PEMAFC-F,1,period_0856,29.450000,-1.3779,1.2084,75.7583,75.6790,0.0792
PEMAFC-F,1,period_0856,29.500000,-1.3813,1.0366,75.7588,75.6790,0.0798
PEMAFC-F,1,period_0856,29.550000,-1.3847,1.2014,75.7590,75.6790,0.0800
PEMAFC-F,1,period_0856,29.600000,-1.3880,1.2007,75.7591,75.6790,0.0801
PEMAFC-F,1,period_0856,29.650000,-1.3912,1.1264,75.7594,75.6790,0.0803
PEMAFC-F,1,period_0856,29.700000,-1.3943,1.2201,75.7595,75.6790,0.0805
PEMAFC-F,1,period_0856,29.750000,-1.3975,1.1122,75.7599,75.6790,0.0809
PEMAFC-F,1,period_0856,29.800000,-1.4006,1.1961,75.7602,75.6790,0.0812
PEMAFC-F,1,period_0856,29.850000,-1.4038,1.4292,75.7603,75.6790,0.0813
PEMAFC-F,1,period_0856,29.900000,-1.4068,1.2475,75.7605,75.6790,0.0815
PEMAFC-F,1,period_0856,29.950000,-1.4104,1.1296,75.7606,75.6790,0.0816
PEMAFC-F,1,period_0856,30.000000,-1.4139,1.2882,75.7606,75.6790,0.0816
PEMAFC-F,2,period_0916,30.000667,-1.5528,-25.3587,78.5765,76.8005,1.7760
PEMAFC-F,2,period_0916,30.050000,-1.5618,1.4825,78.6016,76.8005,1.8012
PEMAFC-F,2,period_0916,30.100000,-1.5721,1.4257,78.6285,76.8005,1.8280
PEMAFC-F,2,period_0916,30.150000,-1.5834,1.4022,78.6552,76.8005,1.8547
PEMAFC-F,2,period_0916,30.200000,-1.5919,1.4368,78.6640,76.8005,1.8635
PEMAFC-F,2,period_0916,30.250000,-1.6034,1.5011,78.6822,76.8005,1.8817
PEMAFC-F,2,period_0916,30.300000,-1.6134,1.4201,78.6989,76.8005,1.8984
PEMAFC-F,2,period_0916,30.350000,-1.6237,1.4072,78.7232,76.8005,1.9227
PEMAFC-F,2,period_0916,30.400000,-1.6351,1.4165,78.7327,76.8005,1.9322
PEMAFC-F,2,period_0916,30.450000,-1.6458,1.4620,78.7504,76.8005,1.9499
PEMAFC-F,2,period_0916,30.500000,-1.6572,1.4975,78.7683,76.8005,1.9678
PEMAFC-F,2,period_0916,30.550000,-1.6685,1.4903,78.8081,76.8005,2.0077
PEMAFC-F,2,period_0916,30.600000,-1.6798,1.5244,78.8254,76.8005,2.0249
PEMAFC-F,2,period_0916,30.650000,-1.6916,1.4454,78.8383,76.8005,2.0378
PEMAFC-F,2,period_0916,30.700000,-1.7003,1.4696,78.8434,76.8005,2.0429
PEMAFC-F,2,period_0916,30.750000,-1.7119,1.7613,78.8566,76.8005,2.0561
PEMAFC-F,2,period_0916,30.800000,-1.7216,1.4912,78.8742,76.8005,2.0737
PEMAFC-F,2,period_0916,30.850000,-1.7315,1.4114,78.8942,76.8005,2.0937
PEMAFC-F,2,period_0916,30.900000,-1.7433,1.7174,78.9150,76.8005,2.1145
PEMAFC-F,2,period_0916,30.950000,-1.7538,1.6571,78.9250,76.8005,2.1245
PEMAFC-F,2,period_0916,31.000000,-1.7655,1.6294,78.9462,76.8005,2.1457
PEMAFC-F,2,period_0916,31.050000,-1.7760,1.6236,78.9611,76.8005,2.1606
PEMAFC-F,2,period_0916,31.100000,-1.7869,1.7435,78.9769,76.8005,2.1764
PEMAFC-F,2,period_0916,31.150000,-1.7963,1.5966,78.9909,76.8005,2.1904
PEMAFC-F,2,period_0916,31.200000,-1.8063,1.5797,78.9965,76.8005,2.1960
PEMAFC-F,2,period_0916,31.250000,-1.8183,1.8298,79.0135,76.8005,2.2130
PEMAFC-F,2,period_0916,31.300000,-1.8274,1.6031,79.0365,76.8005,2.2360
PEMAFC-F,2,period_0916,31.350000,-1.8381,1.6885,79.0559,76.8005,2.2554
PEMAFC-F,2,period_0916,31.400000,-1.8492,1.6153,79.0685,76.8005,2.2680
PEMAFC-F,2,period_0916,31.450000,-1.8596,1.5895,79.0902,76.8005,2.2897
PEMAFC-F,2,period_0916,31.500000,-1.8701,1.7067,79.1106,76.8005,2.3101
PEMAFC-F,2,period_0916,31.550000,-1.8792,1.5808,79.1239,76.8005,2.3234
PEMAFC-F,2,period_0916,31.600000,-1.8893,1.6021,79.1363,76.8005,2.3358
PEMAFC-F,2,period_0916,31.650000,-1.8986,1.6940,79.1586,76.8005,2.3581
PEMAFC-F,2,period_0916,31.700000,-1.9105,1.7988,79.1803,76.8005,2.3798
PEMAFC-F,2,period_0916,31.750000,-1.9209,1.8854,79.1930,76.8005,2.3925
PEMAFC-F,2,period_0916,31.800000,-1.9323,1.7983,79.2072,76.8005,2.4067
PEMAFC-F,2,period_0916,31.850000,-1.9408,1.8074,79.2188,76.8005,2.4183
PEMAFC-F,2,period_0916,31.900000,-1.9516,1.7286,79.2306,76.8005,2.4301
PEMAFC-F,2,period_0916,31.950000,-1.9609,1.6935,79.2517,76.8005,2.4512
PEMAFC-F,2,period_0916,32.000000,-1.9712,1.7148,79.2591,76.8005,2.4586
PEMAFC-F,2,period_0916,32.050000,-1.9819,1.7276,79.2771,76.8005,2.4766
PEMAFC-F,2,period_0916,32.100000,-1.9947,1.8332,79.3080,76.8005,2.5075
PEMAFC-F,2,period_0916,32.150000,-2.0045,1.7707,79.3222,76.8005,2.5217
PEMAFC-F,2,period_0916,32.200000,-2.0147,1.8576,79.3327,76.8005,2.5322
PEMAFC-F,2,period_0916,32.250000,-2.0243,1.8545,79.3475,76.8005,2.5470
PEMAFC-F,2,period_0916,32.300000,-2.0345,1.7432,79.3566,76.8005,2.5561
PEMAFC-F,2,period_0916,32.350000,-2.0450,1.9028,79.3760,76.8005,2.5755
PEMAFC-F,2,period_0916,32.400000,-2.0546,1.8025,79.4002,76.8005,2.5997
PEMAFC-F,2,period_0916,32.450000,-2.0636,1.7136,79.4148,76.8005,2.6143
PEMAFC-F,2,period_0916,32.500000,-2.0725,1.7276,79.4244,76.8005,2.6239
PEMAFC-F,2,period_0916,32.550000,-2.0834,1.7403,79.4447,76.8005,2.6442
PEMAFC-F,2,period_0916,32.600000,-2.0927,1.8636,79.4630,76.8005,2.6625
PEMAFC-F,2,period_0916,32.650000,-2.1026,1.9538,79.4858,76.8005,2.6853
PEMAFC-F,2,period_0916,32.700000,-2.1123,1.8422,79.5021,76.8005,2.7016
PEMAFC-F,2,period_0916,32.750000,-2.1231,1.8698,79.5124,76.8005,2.7119
PEMAFC-F,2,period_0916,32.800000,-2.1322,1.7430,79.5285,76.8005,2.7280
PEMAFC-F,2,period_0916,32.850000,-2.1430,2.1439,79.5504,76.8005,2.7499
PEMAFC-F,2,period_0916,32.900000,-2.1521,1.9126,79.5702,76.8005,2.7697
PEMAFC-F,2,period_0916,32.950000,-2.1626,1.9776,79.5880,76.8005,2.7875
PEMAFC-F,2,period_0916,33.000000,-2.1728,1.9562,79.6070,76.8005,2.8065
PEMAFC-F,2,period_0916,33.050000,-2.1837,1.9245,79.6309,76.8005,2.8304
PEMAFC-F,2,period_0916,33.100000,-2.1936,2.0729,79.6396,76.8005,2.8391
PEMAFC-F,2,period_0916,33.150000,-2.2022,1.8883,79.6517,76.8005,2.8512
PEMAFC-F,2,period_0916,33.200000,-2.2106,2.0800,79.6632,76.8005,2.8627
PEMAFC-F,2,period_0916,33.250000,-2.2190,1.9799,79.6756,76.8005,2.8751
PEMAFC-F,2,period_0916,33.300000,-2.2298,2.1403,79.6958,76.8005,2.8953
PEMAFC-F,2,period_0916,33.350000,-2.2391,1.9814,79.7070,76.8005,2.9065
PEMAFC-F,2,period_0916,33.400000,-2.2491,1.7601,79.7136,76.8005,2.9131
PEMAFC-F,2,period_0916,33.450000,-2.2580,1.8857,79.7251,76.8005,2.9246
PEMAFC-F,2,period_0916,33.500000,-2.2688,2.0499,79.7423,76.8005,2.9418
PEMAFC-F,2,period_0916,33.550000,-2.2781,1.9353,79.7504,76.8005,2.9499
PEMAFC-F,2,period_0916,33.600000,-2.2907,2.2614,79.7807,76.8005,2.9802
PEMAFC-F,2,period_0916,33.650000,-2.2991,2.0266,79.7987,76.8005,2.9982
PEMAFC-F,2,period_0916,33.700000,-2.3080,1.9827,79.8209,76.8005,3.0204
PEMAFC-F,2,period_0916,33.750000,-2.3181,2.0704,79.8504,76.8005,3.0499
PEMAFC-F,2,period_0916,33.800000,-2.3265,2.1600,79.8544,76.8005,3.0539
PEMAFC-F,2,period_0916,33.850000,-2.3352,2.0240,79.8692,76.8005,3.0687
PEMAFC-F,2,period_0916,33.900000,-2.3437,2.0652,79.8875,76.8005,3.0870
PEMAFC-F,2,period_0916,33.950000,-2.3546,2.1866,79.9113,76.8005,3.1108
PEMAFC-F,2,period_0916,34.000000,-2.3641,2.3377,79.9292,76.8005,3.1287
PEMAFC-F,2,period_0916,34.050000,-2.3736,2.2407,79.9546,76.8005,3.1541
PEMAFC-F,2,period_0916,34.100000,-2.3835,2.3003,79.9631,76.8005,3.1626
PEMAFC-F,2,period_0916,34.150000,-2.3929,2.0769,79.9725,76.8005,3.1720
PEMAFC-F,2,period_0916,34.200000,-2.4040,2.0751,79.9897,76.8005,3.1893
PEMAFC-F,2,period_0916,34.250000,-2.4139,1.8547,80.0181,76.8005,3.2176
PEMAFC-F,2,period_0916,34.300000,-2.4236,2.1274,80.0332,76.8005,3.2327
PEMAFC-F,2,period_0916,34.350000,-2.4333,2.3276,80.0445,76.8005,3.2440
PEMAFC-F,2,period_0916,34.400000,-2.4415,2.1152,80.0634,76.8005,3.2629
PEMAFC-F,2,period_0916,34.450000,-2.4504,2.0897,80.0739,76.8005,3.2734
PEMAFC-F,2,period_0916,34.500000,-2.4592,2.1650,80.0861,76.8005,3.2856
PEMAFC-F,2,period_0916,34.550000,-2.4684,2.1486,80.1005,76.8005,3.3000
PEMAFC-F,2,period_0916,34.600000,-2.4768,2.1539,80.1149,76.8005,3.3144
PEMAFC-F,2,period_0916,34.650000,-2.4872,2.3083,80.1283,76.8005,3.3278
PEMAFC-F,2,period_0916,34.700000,-2.4967,2.1478,80.1377,76.8005,3.3372
PEMAFC-F,2,period_0916,34.750000,-2.5059,2.4490,80.1458,76.8005,3.3453
PEMAFC-F,2,period_0916,34.800000,-2.5151,2.2362,80.1641,76.8005,3.3636
PEMAFC-F,2,period_0916,34.850000,-2.5246,2.3164,80.1785,76.8005,3.3780
PEMAFC-F,2,period_0916,34.900000,-2.5338,2.3521,80.1859,76.8005,3.3854
PEMAFC-F,2,period_0916,34.950000,-2.5447,2.4491,80.2182,76.8005,3.4177
PEMAFC-F,2,period_0916,35.000000,-2.5527,2.1959,80.2291,76.8005,3.4286
PEMAFC-F,2,period_0916,35.050000,-2.5623,2.1718,80.2555,76.8005,3.4550
PEMAFC-F,2,period_0916,35.100000,-2.5704,2.3759,80.2693,76.8005,3.4688
PEMAFC-F,2,period_0916,35.150000,-2.5794,2.3215,80.2804,76.8005,3.4799
PEMAFC-F,2,period_0916,35.200000,-2.5893,2.3665,80.3006,76.8005,3.5001
PEMAFC-F,2,period_0916,35.250000,-2.5974,2.2855,80.3111,76.8005,3.5106
PEMAFC-F,2,period_0916,35.300000,-2.6056,2.2355,80.3225,76.8005,3.5220
PEMAFC-F,2,period_0916,35.350000,-2.6141,2.3938,80.3382,76.8005,3.5377
PEMAFC-F,2,period_0916,35.400000,-2.6254,2.3822,80.3583,76.8005,3.5578
PEMAFC-F,2,period_0916,35.450000,-2.6336,2.1845,80.3689,76.8005,3.5684
PEMAFC-F,2,period_0916,35.500000,-2.6429,2.2370,80.3831,76.8005,3.5826
PEMAFC-F,2,period_0916,35.550000,-2.6515,2.4779,80.4011,76.8005,3.6006
PEMAFC-F,2,period_0916,35.600000,-2.6610,2.4731,80.4181,76.8005,3.6176
PEMAFC-F,2,period_0916,35.650000,-2.6700,2.2435,80.4302,76.8005,3.6297
PEMAFC-F,2,period_0916,35.700000,-2.6786,2.5570,80.4395,76.8005,3.6390
PEMAFC-F,2,period_0916,35.750000,-2.6887,2.4657,80.4519,76.8005,3.6514
PEMAFC-F,2,period_0916,35.800000,-2.6978,2.4605,80.4666,76.8005,3.6661
PEMAFC-F,2,period_0916,35.850000,-2.7058,2.3649,80.4845,76.8005,3.6840
PEMAFC-F,2,period_0916,35.900000,-2.7142,2.4091,80.4955,76.8005,3.6950
PEMAFC-F,2,period_0916,35.950000,-2.7235,2.4766,80.5095,76.8005,3.7090
PEMAFC-F,2,period_0916,36.000000,-2.7320,2.5289,80.5279,76.8005,3.7274
PEMAFC-F,2,period_0916,36.050000,-2.7419,2.5255,80.5463,76.8005,3.7458
PEMAFC-F,2,period_0916,36.100000,-2.7529,2.5336,80.5546,76.8005,3.7541
PEMAFC-F,2,period_0916,36.150000,-2.7620,2.6076,80.5648,76.8005,3.7643
PEMAFC-F,2,period_0916,36.200000,-2.7709,2.4398,80.5707,76.8005,3.7702
PEMAFC-F,2,period_0916,36.250000,-2.7805,2.5232,80.5773,76.8005,3.7768
PEMAFC-F,2,period_0916,36.300000,-2.7893,2.4724,80.5839,76.8005,3.7834
PEMAFC-F,2,period_0916,36.350000,-2.7983,2.5272,80.5935,76.8005,3.7930
PEMAFC-F,2,period_0916,36.400000,-2.8072,2.4841,80.6053,76.8005,3.8048
PEMAFC-F,2,period_0916,36.450000,-2.8168,2.6060,80.6335,76.8005,3.8330
PEMAFC-F,2,period_0916,36.500000,-2.8254,2.4001,80.6469,76.8005,3.8464
PEMAFC-F,2,period_0916,36.550000,-2.8353,2.5415,80.6775,76.8005,3.8770
PEMAFC-F,2,period_0916,36.600000,-2.8445,2.6423,80.6972,76.8005,3.8967
PEMAFC-F,2,period_0916,36.650000,-2.8534,2.5446,80.7192,76.8005,3.9187
PEMAFC-F,2,period_0916,36.700000,-2.8617,2.4256,80.7281,76.8005,3.9276
PEMAFC-F,2,period_0916,36.750000,-2.8702,2.5449,80.7339,76.8005,3.9334
PEMAFC-F,2,period_0916,36.800000,-2.8793,2.5498,80.7562,76.8005,3.9557
PEMAFC-F,2,period_0916,36.850000,-2.8875,2.5050,80.7717,76.8005,3.9712
PEMAFC-F,2,period_0916,36.900000,-2.8956,2.5143,80.7867,76.8005,3.9862
PEMAFC-F,2,period_0916,36.950000,-2.9053,2.6372,80.8173,76.8005,4.0168
PEMAFC-F,2,period_0916,37.000000,-2.9135,2.7284,80.8362,76.8005,4.0357
PEMAFC-F,2,period_0916,37.050000,-2.9222,2.3813,80.8475,76.8005,4.0470
PEMAFC-F,2,period_0916,37.100000,-2.9318,2.7560,80.8700,76.8005,4.0695
PEMAFC-F,2,period_0916,37.150000,-2.9405,2.5490,80.8871,76.8005,4.0866
PEMAFC-F,2,period_0916,37.200000,-2.9505,2.5833,80.9144,76.8005,4.1140
PEMAFC-F,2,period_0916,37.250000,-2.9601,2.7784,80.9367,76.8005,4.1362
PEMAFC-F,2,period_0916,37.300000,-2.9687,2.8112,80.9392,76.8005,4.1387
PEMAFC-F,2,period_0916,37.350000,-2.9776,2.8847,80.9581,76.8005,4.1576
PEMAFC-F,2,period_0916,37.400000,-2.9863,2.6324,80.9655,76.8005,4.1650
PEMAFC-F,2,period_0916,37.450000,-2.9956,2.6137,80.9742,76.8005,4.1737
PEMAFC-F,2,period_0916,37.500000,-3.0044,2.5685,80.9864,76.8005,4.1859
PEMAFC-F,2,period_0916,37.550000,-3.0129,2.7528,81.0056,76.8005,4.2051
PEMAFC-F,2,period_0916,37.600000,-3.0200,2.8547,81.0156,76.8005,4.2151
PEMAFC-F,2,period_0916,37.650000,-3.0289,2.7984,81.0350,76.8005,4.2345
PEMAFC-F,2,period_0916,37.700000,-3.0380,2.6791,81.0484,76.8005,4.2479
PEMAFC-F,2,period_0916,37.750000,-3.0454,2.5357,81.0588,76.8005,4.2583
PEMAFC-F,2,period_0916,37.800000,-3.0545,2.7719,81.0835,76.8005,4.2830
PEMAFC-F,2,period_0916,37.850000,-3.0626,2.8044,81.0922,76.8005,4.2917
PEMAFC-F,2,period_0916,37.900000,-3.0703,2.7243,81.0930,76.8005,4.2925
PEMAFC-F,2,period_0916,37.950000,-3.0794,2.6408,81.0953,76.8005,4.2948
PEMAFC-F,2,period_0916,38.000000,-3.0869,2.7501,81.0961,76.8005,4.2956
PEMAFC-F,2,period_0916,38.050000,-3.0960,2.8514,81.0970,76.8005,4.2965
PEMAFC-F,2,period_0916,38.100000,-3.1046,2.8288,81.0983,76.8005,4.2978
PEMAFC-F,2,period_0916,38.150000,-3.1134,2.7316,81.0996,76.8005,4.2991
PEMAFC-F,2,period_0916,38.200000,-3.1226,2.6153,81.1015,76.8005,4.3010
PEMAFC-F,2,period_0916,38.250000,-3.1313,2.7089,81.1034,76.8005,4.3029
PEMAFC-F,2,period_0916,38.300000,-3.1396,2.4217,81.1050,76.8005,4.3045
PEMAFC-F,2,period_0916,38.350000,-3.1468,2.7934,81.1068,76.8005,4.3064
PEMAFC-F,2,period_0916,38.400000,-3.1551,3.0143,81.1087,76.8005,4.3082
PEMAFC-F,2,period_0916,38.450000,-3.1625,2.7158,81.1100,76.8005,4.3095
PEMAFC-F,2,period_0916,38.500000,-3.1720,3.0000,81.1113,76.8005,4.3108
PEMAFC-F,2,period_0916,38.550000,-3.1789,2.6523,81.1127,76.8005,4.3122
PEMAFC-F,2,period_0916,38.600000,-3.1890,2.7877,81.1140,76.8005,4.3135
PEMAFC-F,2,period_0916,38.650000,-3.1970,2.4208,81.1158,76.8005,4.3153
PEMAFC-F,2,period_0916,38.700000,-3.2049,2.6143,81.1177,76.8005,4.3172
PEMAFC-F,2,period_0916,38.750000,-3.2143,3.1810,81.1183,76.8005,4.3179
PEMAFC-F,2,period_0916,38.800000,-3.2227,3.1451,81.1196,76.8005,4.3191
PEMAFC-F,2,period_0916,38.850000,-3.2306,3.1072,81.1206,76.8005,4.3202
PEMAFC-F,2,period_0916,38.900000,-3.2387,2.9688,81.1222,76.8005,4.3217
PEMAFC-F,2,period_0916,38.950000,-3.2474,3.0553,81.1232,76.8005,4.3227
PEMAFC-F,2,period_0916,39.000000,-3.2556,2.9694,81.1238,76.8005,4.3233
PEMAFC-F,2,period_0916,39.050000,-3.2641,2.8395,81.1251,76.8005,4.3246
PEMAFC-F,2,period_0916,39.100000,-3.2721,2.8953,81.1259,76.8005,4.3254
PEMAFC-F,2,period_0916,39.150000,-3.2800,2.9042,81.1272,76.8005,4.3267
PEMAFC-F,2,period_0916,39.200000,-3.2879,2.8424,81.1288,76.8005,4.3283
PEMAFC-F,2,period_0916,39.250000,-3.2959,2.8528,81.1307,76.8005,4.3302
PEMAFC-F,2,period_0916,39.300000,-3.3042,3.0157,81.1322,76.8005,4.3317
PEMAFC-F,2,period_0916,39.350000,-3.3129,3.0672,81.1338,76.8005,4.3333
PEMAFC-F,2,period_0916,39.400000,-3.3206,2.9300,81.1349,76.8005,4.3344
PEMAFC-F,2,period_0916,39.450000,-3.3286,2.6812,81.1358,76.8005,4.3353
PEMAFC-F,2,period_0916,39.500000,-3.3376,3.0355,81.1377,76.8005,4.3372
PEMAFC-F,2,period_0916,39.550000,-3.3456,3.0243,81.1381,76.8005,4.3376
PEMAFC-F,2,period_0916,39.600000,-3.3538,2.7813,81.1407,76.8005,4.3402
PEMAFC-F,2,period_0916,39.650000,-3.3619,3.1127,81.1420,76.8005,4.3415
PEMAFC-F,2,period_0916,39.700000,-3.3702,2.8500,81.1426,76.8005,4.3421
PEMAFC-F,2,period_0916,39.750000,-3.3776,3.0500,81.1442,76.8005,4.3437
PEMAFC-F,2,period_0916,39.800000,-3.3846,3.1000,81.1455,76.8005,4.3451
PEMAFC-F,2,period_0916,39.850000,-3.3926,2.9424,81.1484,76.8005,4.3479
PEMAFC-F,2,period_0916,39.900000,-3.4008,3.0232,81.1513,76.8005,4.3508
PEMAFC-F,2,period_0916,39.950000,-3.4088,2.9625,81.1517,76.8005,4.3512
PEMAFC-F,2,period_0916,40.000000,-3.4160,3.1201,81.1528,76.8005,4.3523
PEMAFC-F,2,period_0916,40.050000,-3.4237,2.9192,81.1537,76.8005,4.3532
PEMAFC-F,2,period_0916,40.100000,-3.4317,2.9994,81.1542,76.8005,4.3538
PEMAFC-F,2,period_0916,40.150000,-3.4400,3.0821,81.1561,76.8005,4.3556
PEMAFC-F,2,period_0916,40.200000,-3.4480,3.4208,81.1572,76.8005,4.3567
PEMAFC-F,2,period_0916,40.250000,-3.4560,2.7770,81.1593,76.8005,4.3588
PEMAFC-F,2,period_0916,40.300000,-3.4644,3.1077,81.1601,76.8005,4.3596
PEMAFC-F,2,period_0916,40.350000,-3.4736,3.1818,81.1621,76.8005,4.3616
PEMAFC-F,2,period_0916,40.400000,-3.4816,3.2952,81.1639,76.8005,4.3634
PEMAFC-F,2,period_0916,40.450000,-3.4888,3.1533,81.1658,76.8005,4.3653
PEMAFC-F,2,period_0916,40.500000,-3.4973,3.1744,81.1662,76.8005,4.3657
PEMAFC-F,2,period_0916,40.550000,-3.5046,2.9705,81.1672,76.8005,4.3667
PEMAFC-F,2,period_0916,40.600000,-3.5116,2.9950,81.1679,76.8005,4.3674
PEMAFC-F,2,period_0916,40.650000,-3.5195,3.1051,81.1689,76.8005,4.3685
PEMAFC-F,2,period_0916,40.700000,-3.5254,2.9299,81.1700,76.8005,4.3695
PEMAFC-F,2,period_0916,40.750000,-3.5328,2.8361,81.1708,76.8005,4.3703
PEMAFC-F,2,period_0916,40.800000,-3.5403,2.9978,81.1720,76.8005,4.3715
PEMAFC-F,2,period_0916,40.850000,-3.5472,3.0118,81.1730,76.8005,4.3725
PEMAFC-F,2,period_0916,40.900000,-3.5552,3.0310,81.1742,76.8005,4.3737
PEMAFC-F,2,period_0916,40.950000,-3.5620,3.4660,81.1757,76.8005,4.3752
PEMAFC-F,2,period_0916,41.000000,-3.5693,2.9058,81.1766,76.8005,4.3761
PEMAFC-F,2,period_0916,41.050000,-3.5767,3.3892,81.1774,76.8005,4.3769
PEMAFC-F,2,period_0916,41.100000,-3.5838,3.1776,81.1787,76.8005,4.3782
PEMAFC-F,2,period_0916,41.150000,-3.5928,3.2050,81.1807,76.8005,4.3802
PEMAFC-F,2,period_0916,41.200000,-3.6002,2.9936,81.1814,76.8005,4.3809
PEMAFC-F,2,period_0916,41.250000,-3.6071,3.2732,81.1824,76.8005,4.3819
PEMAFC-F,2,period_0916,41.300000,-3.6153,3.2362,81.1836,76.8005,4.3831
PEMAFC-F,2,period_0916,41.350000,-3.6233,3.2078,81.1852,76.8005,4.3847
PEMAFC-F,2,period_0916,41.400000,-3.6308,3.1181,81.1869,76.8005,4.3864
PEMAFC-F,2,period_0916,41.450000,-3.6383,3.1791,81.1888,76.8005,4.3883
PEMAFC-F,2,period_0916,41.500000,-3.6462,3.1384,81.1904,76.8005,4.3899
PEMAFC-F,2,period_0916,41.550000,-3.6549,3.3519,81.1922,76.8005,4.3917
PEMAFC-F,2,period_0916,41.600000,-3.6617,3.2651,81.1932,76.8005,4.3927
PEMAFC-F,2,period_0916,41.650000,-3.6697,3.5629,81.1942,76.8005,4.3937
PEMAFC-F,2,period_0916,41.700000,-3.6764,3.2613,81.1961,76.8005,4.3956
PEMAFC-F,2,period_0916,41.750000,-3.6844,3.2537,81.1970,76.8005,4.3965
PEMAFC-F,2,period_0916,41.800000,-3.6922,3.3750,81.1987,76.8005,4.3982
PEMAFC-F,2,period_0916,41.850000,-3.6997,3.3798,81.2004,76.8005,4.3999
PEMAFC-F,2,period_0916,41.900000,-3.7086,3.0701,81.2022,76.8005,4.4017
PEMAFC-F,2,period_0916,41.950000,-3.7161,3.1376,81.2039,76.8005,4.4034
PEMAFC-F,2,period_0916,42.000000,-3.7230,3.2816,81.2052,76.8005,4.4048
PEMAFC-F,2,period_0916,42.050000,-3.7305,3.3149,81.2065,76.8005,4.4060
PEMAFC-F,2,period_0916,42.100000,-3.7389,3.7263,81.2076,76.8005,4.4071
PEMAFC-F,2,period_0916,42.150000,-3.7462,3.3521,81.2089,76.8005,4.4084
PEMAFC-F,2,period_0916,42.200000,-3.7544,3.5391,81.2095,76.8005,4.4090
PEMAFC-F,2,period_0916,42.250000,-3.7625,3.4144,81.2107,76.8005,4.4102
PEMAFC-F,2,period_0916,42.300000,-3.7700,3.5843,81.2114,76.8005,4.4109
PEMAFC-F,2,period_0916,42.350000,-3.7780,3.2711,81.2130,76.8005,4.4125
PEMAFC-F,2,period_0916,42.400000,-3.7848,3.1047,81.2155,76.8005,4.4150
PEMAFC-F,2,period_0916,42.450000,-3.7905,3.0858,81.2170,76.8005,4.4165
PEMAFC-F,2,period_0916,42.500000,-3.7976,3.1936,81.2185,76.8005,4.4180
PEMAFC-F,2,period_0916,42.550000,-3.8052,3.4384,81.2210,76.8005,4.4205
PEMAFC-F,2,period_0916,42.600000,-3.8134,3.4788,81.2223,76.8005,4.4218
PEMAFC-F,2,period_0916,42.650000,-3.8215,3.6160,81.2228,76.8005,4.4223
PEMAFC-F,2,period_0916,42.700000,-3.8295,3.5716,81.2238,76.8005,4.4233
PEMAFC-F,2,period_0916,42.750000,-3.8388,3.8235,81.2256,76.8005,4.4251
PEMAFC-F,2,period_0916,42.800000,-3.8458,3.1893,81.2271,76.8005,4.4266
PEMAFC-F,2,period_0916,42.850000,-3.8535,3.4715,81.2297,76.8005,4.4292
PEMAFC-F,2,period_0916,42.900000,-3.8614,3.2545,81.2315,76.8005,4.4310
PEMAFC-F,2,period_0916,42.950000,-3.8695,3.3492,81.2326,76.8005,4.4321
PEMAFC-F,2,period_0916,43.000000,-3.8767,3.6792,81.2340,76.8005,4.4335
PEMAFC-F,2,period_0916,43.050000,-3.8843,3.4262,81.2351,76.8005,4.4346
PEMAFC-F,2,period_0916,43.100000,-3.8910,3.2216,81.2384,76.8005,4.4379
PEMAFC-F,2,period_0916,43.150000,-3.8979,3.2643,81.2392,76.8005,4.4388
PEMAFC-F,2,period_0916,43.200000,-3.9051,3.6049,81.2406,76.8005,4.4401
PEMAFC-F,2,period_0916,43.250000,-3.9126,3.5857,81.2420,76.8005,4.4415
PEMAFC-F,2,period_0916,43.300000,-3.9201,3.4090,81.2438,76.8005,4.4433
PEMAFC-F,2,period_0916,43.350000,-3.9278,3.4647,81.2446,76.8005,4.4441
PEMAFC-F,2,period_0916,43.400000,-3.9348,3.6359,81.2458,76.8005,4.4453
PEMAFC-F,2,period_0916,43.450000,-3.9413,3.8405,81.2470,76.8005,4.4465
PEMAFC-F,2,period_0916,43.500000,-3.9480,3.3210,81.2494,76.8005,4.4489
PEMAFC-F,2,period_0916,43.550000,-3.9547,3.2312,81.2504,76.8005,4.4499
PEMAFC-F,2,period_0916,43.600000,-3.9610,3.4340,81.2517,76.8005,4.4512
PEMAFC-F,2,period_0916,43.650000,-3.9688,3.4785,81.2524,76.8005,4.4519
PEMAFC-F,2,period_0916,43.700000,-3.9762,3.5693,81.2534,76.8005,4.4529
PEMAFC-F,2,period_0916,43.750000,-3.9828,3.0344,81.2560,76.8005,4.4555
PEMAFC-F,2,period_0916,43.800000,-3.9897,3.2828,81.2571,76.8005,4.4566
PEMAFC-F,2,period_0916,43.850000,-3.9965,3.4504,81.2590,76.8005,4.4585
PEMAFC-F,2,period_0916,43.900000,-4.0030,3.3171,81.2608,76.8005,4.4603
PEMAFC-F,2,period_0916,43.950000,-4.0107,4.0889,81.2620,76.8005,4.4615
PEMAFC-F,2,period_0916,44.000000,-4.0171,3.4043,81.2628,76.8005,4.4623
PEMAFC-F,2,period_0916,44.050000,-4.0244,3.5363,81.2637,76.8005,4.4633
PEMAFC-F,2,period_0916,44.100000,-4.0308,2.9811,81.2658,76.8005,4.4653
PEMAFC-F,2,period_0916,44.150000,-4.0376,3.5415,81.2685,76.8005,4.4680
PEMAFC-F,2,period_0916,44.200000,-4.0444,3.1498,81.2704,76.8005,4.4699
PEMAFC-F,2,period_0916,44.250000,-4.0510,3.6338,81.2724,76.8005,4.4719
PEMAFC-F,2,period_0916,44.300000,-4.0579,3.7210,81.2730,76.8005,4.4725
PEMAFC-F,2,period_0916,44.350000,-4.0648,3.3967,81.2743,76.8005,4.4738
PEMAFC-F,2,period_0916,44.400000,-4.0719,3.4255,81.2757,76.8005,4.4752
PEMAFC-F,2,period_0916,44.450000,-4.0783,3.3691,81.2767,76.8005,4.4762
PEMAFC-F,2,period_0916,44.500000,-4.0845,3.7920,81.2783,76.8005,4.4778
PEMAFC-F,2,period_0916,44.550000,-4.0921,3.5783,81.2799,76.8005,4.4794
PEMAFC-F,2,period_0916,44.600000,-4.0988,3.5781,81.2817,76.8005,4.4812
PEMAFC-F,2,period_0916,44.650000,-4.1065,3.8168,81.2827,76.8005,4.4822
PEMAFC-F,2,period_0916,44.700000,-4.1136,4.1520,81.2832,76.8005,4.4827
PEMAFC-F,2,period_0916,44.750000,-4.1202,3.7261,81.2847,76.8005,4.4842
PEMAFC-F,2,period_0916,44.800000,-4.1273,3.5583,81.2859,76.8005,4.4854
PEMAFC-F,2,period_0916,44.850000,-4.1333,3.3958,81.2875,76.8005,4.4870
PEMAFC-F,2,period_0916,44.900000,-4.1390,3.2652,81.2901,76.8005,4.4896
PEMAFC-F,2,period_0916,44.950000,-4.1458,3.4696,81.2926,76.8005,4.4921
PEMAFC-F,2,period_0916,45.000000,-4.1532,3.7125,81.2938,76.8005,4.4933
PEMAFC-F,3,period_0943,45.000667,-1.5783,-22.4396,68.9569,67.9790,0.9778
PEMAFC-F,3,period_0943,45.050000,-1.5875,1.4130,68.9639,67.9790,0.9848
PEMAFC-F,3,period_0943,45.100000,-1.5994,1.5405,68.9737,67.9790,0.9947
PEMAFC-F,3,period_0943,45.150000,-1.6113,1.4642,68.9846,67.9790,1.0055
PEMAFC-F,3,period_0943,45.200000,-1.6215,1.5639,68.9911,67.9790,1.0120
PEMAFC-F,3,period_0943,45.250000,-1.6339,1.5114,69.0041,67.9790,1.0250
PEMAFC-F,3,period_0943,45.300000,-1.6466,1.5921,69.0170,67.9790,1.0380
PEMAFC-F,3,period_0943,45.350000,-1.6588,1.6407,69.0327,67.9790,1.0537
PEMAFC-F,3,period_0943,45.400000,-1.6703,1.5655,69.0441,67.9790,1.0650
PEMAFC-F,3,period_0943,45.450000,-1.6810,1.6808,69.0503,67.9790,1.0712
PEMAFC-F,3,period_0943,45.500000,-1.6931,1.6160,69.0610,67.9790,1.0820
PEMAFC-F,3,period_0943,45.550000,-1.7049,1.7324,69.0703,67.9790,1.0913
PEMAFC-F,3,period_0943,45.600000,-1.7161,1.7104,69.0778,67.9790,1.0987
PEMAFC-F,3,period_0943,45.650000,-1.7272,1.6627,69.0896,67.9790,1.1106
PEMAFC-F,3,period_0943,45.700000,-1.7381,1.7354,69.0977,67.9790,1.1187
PEMAFC-F,3,period_0943,45.750000,-1.7471,1.7587,69.1031,67.9790,1.1240
PEMAFC-F,3,period_0943,45.800000,-1.7584,1.6355,69.1114,67.9790,1.1324
PEMAFC-F,3,period_0943,45.850000,-1.7691,1.6226,69.1167,67.9790,1.1377
PEMAFC-F,3,period_0943,45.900000,-1.7811,1.6720,69.1314,67.9790,1.1524
PEMAFC-F,3,period_0943,45.950000,-1.7920,1.6529,69.1425,67.9790,1.1635
PEMAFC-F,3,period_0943,46.000000,-1.8039,1.7509,69.1538,67.9790,1.1747
PEMAFC-F,3,period_0943,46.050000,-1.8152,1.7270,69.1668,67.9790,1.1877
PEMAFC-F,3,period_0943,46.100000,-1.8266,1.8753,69.1751,67.9790,1.1961
PEMAFC-F,3,period_0943,46.150000,-1.8370,1.8323,69.1819,67.9790,1.2028
PEMAFC-F,3,period_0943,46.200000,-1.8472,1.7247,69.1914,67.9790,1.2123
PEMAFC-F,3,period_0943,46.250000,-1.8560,1.8137,69.1962,67.9790,1.2172
PEMAFC-F,3,period_0943,46.300000,-1.8651,1.8018,69.2027,67.9790,1.2236
PEMAFC-F,3,period_0943,46.350000,-1.8740,1.7682,69.2096,67.9790,1.2305
PEMAFC-F,3,period_0943,46.400000,-1.8844,1.8650,69.2167,67.9790,1.2377
PEMAFC-F,3,period_0943,46.450000,-1.8943,1.8572,69.2240,67.9790,1.2450
PEMAFC-F,3,period_0943,46.500000,-1.9050,1.9648,69.2319,67.9790,1.2528
PEMAFC-F,3,period_0943,46.550000,-1.9160,1.8126,69.2388,67.9790,1.2598
PEMAFC-F,3,period_0943,46.600000,-1.9268,1.9390,69.2484,67.9790,1.2693
PEMAFC-F,3,period_0943,46.650000,-1.9397,1.8505,69.2583,67.9790,1.2792
PEMAFC-F,3,period_0943,46.700000,-1.9482,1.9421,69.2609,67.9790,1.2818
PEMAFC-F,3,period_0943,46.750000,-1.9575,1.9683,69.2640,67.9790,1.2850
PEMAFC-F,3,period_0943,46.800000,-1.9665,1.9192,69.2703,67.9790,1.2912
PEMAFC-F,3,period_0943,46.850000,-1.9763,1.8923,69.2793,67.9790,1.3003
PEMAFC-F,3,period_0943,46.900000,-1.9895,2.0584,69.2913,67.9790,1.3123
PEMAFC-F,3,period_0943,46.950000,-2.0008,1.9815,69.2981,67.9790,1.3191
PEMAFC-F,3,period_0943,47.000000,-2.0100,1.9336,69.3018,67.9790,1.3227
PEMAFC-F,3,period_0943,47.050000,-2.0201,1.9625,69.3105,67.9790,1.3314
PEMAFC-F,3,period_0943,47.100000,-2.0301,1.9979,69.3170,67.9790,1.3380
PEMAFC-F,3,period_0943,47.150000,-2.0409,1.9152,69.3270,67.9790,1.3479
PEMAFC-F,3,period_0943,47.200000,-2.0516,2.0368,69.3387,67.9790,1.3597
PEMAFC-F,3,period_0943,47.250000,-2.0617,1.9081,69.3461,67.9790,1.3671
PEMAFC-F,3,period_0943,47.300000,-2.0721,2.0346,69.3546,67.9790,1.3756
PEMAFC-F,3,period_0943,47.350000,-2.0816,2.0581,69.3612,67.9790,1.3821
PEMAFC-F,3,period_0943,47.400000,-2.0931,1.9088,69.3672,67.9790,1.3881
PEMAFC-F,3,period_0943,47.450000,-2.1019,1.9617,69.3724,67.9790,1.3934
PEMAFC-F,3,period_0943,47.500000,-2.1126,1.9654,69.3821,67.9790,1.4030
PEMAFC-F,3,period_0943,47.550000,-2.1241,2.0813,69.4018,67.9790,1.4227
PEMAFC-F,3,period_0943,47.600000,-2.1340,2.0380,69.4078,67.9790,1.4287
PEMAFC-F,3,period_0943,47.650000,-2.1448,2.0881,69.4193,67.9790,1.4403
PEMAFC-F,3,period_0943,47.700000,-2.1549,2.1844,69.4251,67.9790,1.4461
PEMAFC-F,3,period_0943,47.750000,-2.1653,2.0970,69.4295,67.9790,1.4504
PEMAFC-F,3,period_0943,47.800000,-2.1756,2.1202,69.4354,67.9790,1.4564
PEMAFC-F,3,period_0943,47.850000,-2.1874,2.1417,69.4452,67.9790,1.4662
PEMAFC-F,3,period_0943,47.900000,-2.1966,2.2014,69.4481,67.9790,1.4691
PEMAFC-F,3,period_0943,47.950000,-2.2073,2.1881,69.4564,67.9790,1.4773
PEMAFC-F,3,period_0943,48.000000,-2.2185,2.2546,69.4677,67.9790,1.4887
PEMAFC-F,3,period_0943,48.050000,-2.2275,2.1830,69.4736,67.9790,1.4946
PEMAFC-F,3,period_0943,48.100000,-2.2388,2.0878,69.4867,67.9790,1.5077
PEMAFC-F,3,period_0943,48.150000,-2.2499,2.2426,69.4951,67.9790,1.5160
PEMAFC-F,3,period_0943,48.200000,-2.2600,2.2682,69.5033,67.9790,1.5243
PEMAFC-F,3,period_0943,48.250000,-2.2705,2.2844,69.5098,67.9790,1.5307
PEMAFC-F,3,period_0943,48.300000,-2.2805,2.2833,69.5167,67.9790,1.5377
PEMAFC-F,3,period_0943,48.350000,-2.2923,2.3741,69.5279,67.9790,1.5488
PEMAFC-F,3,period_0943,48.400000,-2.3014,2.2000,69.5433,67.9790,1.5643
PEMAFC-F,3,period_0943,48.450000,-2.3121,2.2789,69.5489,67.9790,1.5698
PEMAFC-F,3,period_0943,48.500000,-2.3233,2.3384,69.5611,67.9790,1.5820
PEMAFC-F,3,period_0943,48.550000,-2.3330,2.1789,69.5767,67.9790,1.5976
PEMAFC-F,3,period_0943,48.600000,-2.3435,2.4048,69.5830,67.9790,1.6040
PEMAFC-F,3,period_0943,48.650000,-2.3549,2.3929,69.5865,67.9790,1.6075
PEMAFC-F,3,period_0943,48.700000,-2.3661,2.4136,69.5920,67.9790,1.6129
PEMAFC-F,3,period_0943,48.750000,-2.3758,2.3077,69.5974,67.9790,1.6184
PEMAFC-F,3,period_0943,48.800000,-2.3876,2.3892,69.6032,67.9790,1.6241
PEMAFC-F,3,period_0943,48.850000,-2.3968,2.3479,69.6136,67.9790,1.6345
PEMAFC-F,3,period_0943,48.900000,-2.4061,2.3012,69.6196,67.9790,1.6406
PEMAFC-F,3,period_0943,48.950000,-2.4166,2.3415,69.6288,67.9790,1.6497
PEMAFC-F,3,period_0943,49.000000,-2.4259,2.3445,69.6378,67.9790,1.6588
PEMAFC-F,3,period_0943,49.050000,-2.4362,2.4046,69.6402,67.9790,1.6612
PEMAFC-F,3,period_0943,49.100000,-2.4470,2.4884,69.6516,67.9790,1.6725
PEMAFC-F,3,period_0943,49.150000,-2.4572,2.3377,69.6562,67.9790,1.6771
PEMAFC-F,3,period_0943,49.200000,-2.4669,2.5673,69.6603,67.9790,1.6812
PEMAFC-F,3,period_0943,49.250000,-2.4785,2.4303,69.6721,67.9790,1.6931
PEMAFC-F,3,period_0943,49.300000,-2.4896,2.5696,69.6768,67.9790,1.6977
PEMAFC-F,3,period_0943,49.350000,-2.4999,2.3414,69.6876,67.9790,1.7086
PEMAFC-F,3,period_0943,49.400000,-2.5098,2.5115,69.6943,67.9790,1.7152
PEMAFC-F,3,period_0943,49.450000,-2.5205,2.4845,69.7047,67.9790,1.7257
PEMAFC-F,3,period_0943,49.500000,-2.5297,2.3681,69.7121,67.9790,1.7331
PEMAFC-F,3,period_0943,49.550000,-2.5414,2.5759,69.7253,67.9790,1.7462
PEMAFC-F,3,period_0943,49.600000,-2.5514,2.5170,69.7321,67.9790,1.7530
PEMAFC-F,3,period_0943,49.650000,-2.5620,2.5049,69.7518,67.9790,1.7727
PEMAFC-F,3,period_0943,49.700000,-2.5719,2.5224,69.7590,67.9790,1.7800
PEMAFC-F,3,period_0943,49.750000,-2.5831,2.5663,69.7660,67.9790,1.7869
PEMAFC-F,3,period_0943,49.800000,-2.5929,2.4979,69.7762,67.9790,1.7972
PEMAFC-F,3,period_0943,49.850000,-2.6024,2.4442,69.7819,67.9790,1.8028
PEMAFC-F,3,period_0943,49.900000,-2.6131,2.4662,69.7940,67.9790,1.8149
PEMAFC-F,3,period_0943,49.950000,-2.6234,2.5147,69.8094,67.9790,1.8304
PEMAFC-F,3,period_0943,50.000000,-2.6357,2.4747,69.8183,67.9790,1.8392
PEMAFC-F,3,period_0943,50.050000,-2.6444,2.5309,69.8256,67.9790,1.8466
PEMAFC-F,3,period_0943,50.100000,-2.6547,2.5451,69.8315,67.9790,1.8524
PEMAFC-F,3,period_0943,50.150000,-2.6654,2.6834,69.8409,67.9790,1.8619
PEMAFC-F,3,period_0943,50.200000,-2.6749,2.5665,69.8477,67.9790,1.8687
PEMAFC-F,3,period_0943,50.250000,-2.6839,2.5444,69.8545,67.9790,1.8754
PEMAFC-F,3,period_0943,50.300000,-2.6928,2.6096,69.8658,67.9790,1.8867
PEMAFC-F,3,period_0943,50.350000,-2.7035,2.5672,69.8789,67.9790,1.8998
PEMAFC-F,3,period_0943,50.400000,-2.7129,2.7647,69.8842,67.9790,1.9052
PEMAFC-F,3,period_0943,50.450000,-2.7237,2.7317,69.8961,67.9790,1.9171
PEMAFC-F,3,period_0943,50.500000,-2.7359,2.6070,69.9004,67.9790,1.9214
PEMAFC-F,3,period_0943,50.550000,-2.7480,2.6742,69.9124,67.9790,1.9333
PEMAFC-F,3,period_0943,50.600000,-2.7570,2.7622,69.9234,67.9790,1.9443
PEMAFC-F,3,period_0943,50.650000,-2.7652,2.6954,69.9320,67.9790,1.9529
PEMAFC-F,3,period_0943,50.700000,-2.7754,2.5415,69.9424,67.9790,1.9633
PEMAFC-F,3,period_0943,50.750000,-2.7857,2.6115,69.9545,67.9790,1.9754
PEMAFC-F,3,period_0943,50.800000,-2.7948,2.8478,69.9612,67.9790,1.9822
PEMAFC-F,3,period_0943,50.850000,-2.8058,2.7780,69.9704,67.9790,1.9914
PEMAFC-F,3,period_0943,50.900000,-2.8156,2.7858,69.9770,67.9790,1.9979
PEMAFC-F,3,period_0943,50.950000,-2.8254,2.7665,69.9815,67.9790,2.0025
PEMAFC-F,3,period_0943,51.000000,-2.8366,2.8002,69.9883,67.9790,2.0092
PEMAFC-F,3,period_0943,51.050000,-2.8458,2.6827,69.9935,67.9790,2.0144
PEMAFC-F,3,period_0943,51.100000,-2.8554,2.7518,70.0055,67.9790,2.0265
PEMAFC-F,3,period_0943,51.150000,-2.8645,2.7789,70.0117,67.9790,2.0326
PEMAFC-F,3,period_0943,51.200000,-2.8745,2.8585,70.0178,67.9790,2.0388
PEMAFC-F,3,period_0943,51.250000,-2.8846,2.8119,70.0312,67.9790,2.0521
PEMAFC-F,3,period_0943,51.300000,-2.8948,2.7094,70.0413,67.9790,2.0623
PEMAFC-F,3,period_0943,51.350000,-2.9035,2.7547,70.0472,67.9790,2.0681
PEMAFC-F,3,period_0943,51.400000,-2.9131,2.9533,70.0535,67.9790,2.0745
PEMAFC-F,3,period_0943,51.450000,-2.9245,2.8018,70.0683,67.9790,2.0892
PEMAFC-F,3,period_0943,51.500000,-2.9345,2.8633,70.0770,67.9790,2.0979
PEMAFC-F,3,period_0943,51.550000,-2.9454,2.8996,70.0855,67.9790,2.1064
PEMAFC-F,3,period_0943,51.600000,-2.9547,2.8123,70.0947,67.9790,2.1157
PEMAFC-F,3,period_0943,51.650000,-2.9653,2.8602,70.1052,67.9790,2.1261
PEMAFC-F,3,period_0943,51.700000,-2.9755,2.7459,70.1194,67.9790,2.1403
PEMAFC-F,3,period_0943,51.750000,-2.9854,2.9115,70.1279,67.9790,2.1488
PEMAFC-F,3,period_0943,51.800000,-2.9948,2.8040,70.1373,67.9790,2.1582
PEMAFC-F,3,period_0943,51.850000,-3.0062,3.0634,70.1489,67.9790,2.1699
PEMAFC-F,3,period_0943,51.900000,-3.0163,2.9077,70.1643,67.9790,2.1852
PEMAFC-F,3,period_0943,51.950000,-3.0264,3.0561,70.1694,67.9790,2.1903
PEMAFC-F,3,period_0943,52.000000,-3.0366,2.9316,70.1748,67.9790,2.1957
PEMAFC-F,3,period_0943,52.050000,-3.0459,3.0735,70.1814,67.9790,2.2024
PEMAFC-F,3,period_0943,52.100000,-3.0561,3.0858,70.1885,67.9790,2.2094
PEMAFC-F,3,period_0943,52.150000,-3.0658,2.9087,70.1973,67.9790,2.2183
PEMAFC-F,3,period_0943,52.200000,-3.0755,2.9809,70.2040,67.9790,2.2249
PEMAFC-F,3,period_0943,52.250000,-3.0867,3.0740,70.2140,67.9790,2.2349
PEMAFC-F,3,period_0943,52.300000,-3.0952,3.0046,70.2195,67.9790,2.2405
PEMAFC-F,3,period_0943,52.350000,-3.1050,2.9362,70.2358,67.9790,2.2567
PEMAFC-F,3,period_0943,52.400000,-3.1158,3.1748,70.2438,67.9790,2.2647
PEMAFC-F,3,period_0943,52.450000,-3.1245,3.0474,70.2505,67.9790,2.2714
PEMAFC-F,3,period_0943,52.500000,-3.1328,3.1424,70.2562,67.9790,2.2771
PEMAFC-F,3,period_0943,52.550000,-3.1422,3.0345,70.2654,67.9790,2.2864
PEMAFC-F,3,period_0943,52.600000,-3.1515,3.0075,70.2697,67.9790,2.2906
PEMAFC-F,3,period_0943,52.650000,-3.1614,3.0917,70.2799,67.9790,2.3008
PEMAFC-F,3,period_0943,52.700000,-3.1714,3.0548,70.2899,67.9790,2.3109
PEMAFC-F,3,period_0943,52.750000,-3.1826,3.1967,70.2998,67.9790,2.3208
PEMAFC-F,3,period_0943,52.800000,-3.1923,3.1966,70.3059,67.9790,2.3268
PEMAFC-F,3,period_0943,52.850000,-3.2012,3.2093,70.3111,67.9790,2.3321
PEMAFC-F,3,period_0943,52.900000,-3.2120,3.2231,70.3177,67.9790,2.3386
PEMAFC-F,3,period_0943,52.950000,-3.2220,3.2368,70.3251,67.9790,2.3460
PEMAFC-F,3,period_0943,53.000000,-3.2308,3.0597,70.3316,67.9790,2.3525
PEMAFC-F,3,period_0943,53.050000,-3.2393,3.2849,70.3362,67.9790,2.3571
PEMAFC-F,3,period_0943,53.100000,-3.2488,3.1831,70.3421,67.9790,2.3630
PEMAFC-F,3,period_0943,53.150000,-3.2576,3.2113,70.3476,67.9790,2.3685
PEMAFC-F,3,period_0943,53.200000,-3.2667,3.0707,70.3557,67.9790,2.3767
PEMAFC-F,3,period_0943,53.250000,-3.2774,3.1485,70.3638,67.9790,2.3847
PEMAFC-F,3,period_0943,53.300000,-3.2875,3.3542,70.3736,67.9790,2.3945
PEMAFC-F,3,period_0943,53.350000,-3.2980,3.1095,70.3857,67.9790,2.4067
PEMAFC-F,3,period_0943,53.400000,-3.3083,3.1551,70.3941,67.9790,2.4150
PEMAFC-F,3,period_0943,53.450000,-3.3167,3.0610,70.4032,67.9790,2.4241
PEMAFC-F,3,period_0943,53.500000,-3.3264,3.1821,70.4163,67.9790,2.4373
PEMAFC-F,3,period_0943,53.550000,-3.3363,3.2042,70.4229,67.9790,2.4439
PEMAFC-F,3,period_0943,53.600000,-3.3455,3.4033,70.4288,67.9790,2.4498
PEMAFC-F,3,period_0943,53.650000,-3.3551,3.1797,70.4406,67.9790,2.4615
PEMAFC-F,3,period_0943,53.700000,-3.3657,3.2520,70.4591,67.9790,2.4800
PEMAFC-F,3,period_0943,53.750000,-3.3753,3.4313,70.4657,67.9790,2.4867
PEMAFC-F,3,period_0943,53.800000,-3.3838,3.3259,70.4683,67.9790,2.4893
PEMAFC-F,3,period_0943,53.850000,-3.3952,3.3435,70.4833,67.9790,2.5043
PEMAFC-F,3,period_0943,53.900000,-3.4050,3.4216,70.4916,67.9790,2.5125
PEMAFC-F,3,period_0943,53.950000,-3.4145,3.3430,70.5035,67.9790,2.5244
PEMAFC-F,3,period_0943,54.000000,-3.4241,3.3156,70.5131,67.9790,2.5340
PEMAFC-F,3,period_0943,54.050000,-3.4334,3.2614,70.5196,67.9790,2.5406
PEMAFC-F,3,period_0943,54.100000,-3.4432,3.1110,70.5293,67.9790,2.5503
PEMAFC-F,3,period_0943,54.150000,-3.4523,3.2708,70.5400,67.9790,2.5609
PEMAFC-F,3,period_0943,54.200000,-3.4628,3.6804,70.5467,67.9790,2.5677
PEMAFC-F,3,period_0943,54.250000,-3.4718,3.3211,70.5558,67.9790,2.5768
PEMAFC-F,3,period_0943,54.300000,-3.4807,3.4785,70.5667,67.9790,2.5876
PEMAFC-F,3,period_0943,54.350000,-3.4910,3.4959,70.5709,67.9790,2.5918
PEMAFC-F,3,period_0943,54.400000,-3.5009,3.5916,70.5806,67.9790,2.6015
PEMAFC-F,3,period_0943,54.450000,-3.5098,3.1657,70.5909,67.9790,2.6118
PEMAFC-F,3,period_0943,54.500000,-3.5181,3.1989,70.6002,67.9790,2.6212
PEMAFC-F,3,period_0943,54.550000,-3.5286,3.5845,70.6087,67.9790,2.6296
PEMAFC-F,3,period_0943,54.600000,-3.5380,3.3179,70.6188,67.9790,2.6397
PEMAFC-F,3,period_0943,54.650000,-3.5477,3.5472,70.6335,67.9790,2.6544
PEMAFC-F,3,period_0943,54.700000,-3.5555,3.1740,70.6397,67.9790,2.6606
PEMAFC-F,3,period_0943,54.750000,-3.5646,3.6846,70.6438,67.9790,2.6647
PEMAFC-F,3,period_0943,54.800000,-3.5747,3.7922,70.6528,67.9790,2.6738
PEMAFC-F,3,period_0943,54.850000,-3.5846,3.5647,70.6631,67.9790,2.6841
PEMAFC-F,3,period_0943,54.900000,-3.5965,3.5818,70.6715,67.9790,2.6925
PEMAFC-F,3,period_0943,54.950000,-3.6049,3.3426,70.6811,67.9790,2.7021
PEMAFC-F,3,period_0943,55.000000,-3.6128,3.6280,70.6879,67.9790,2.7089
PEMAFC-F,3,period_0943,55.050000,-3.6220,3.5704,70.6917,67.9790,2.7127
PEMAFC-F,3,period_0943,55.100000,-3.6329,3.5540,70.7006,67.9790,2.7216
PEMAFC-F,3,period_0943,55.150000,-3.6418,3.7106,70.7092,67.9790,2.7301
PEMAFC-F,3,period_0943,55.200000,-3.6505,3.5844,70.7212,67.9790,2.7421
PEMAFC-F,3,period_0943,55.250000,-3.6597,3.5296,70.7279,67.9790,2.7489
PEMAFC-F,3,period_0943,55.300000,-3.6687,3.6682,70.7348,67.9790,2.7558
PEMAFC-F,3,period_0943,55.350000,-3.6771,3.4954,70.7413,67.9790,2.7622
PEMAFC-F,3,period_0943,55.400000,-3.6859,3.6114,70.7495,67.9790,2.7704
PEMAFC-F,3,period_0943,55.450000,-3.6953,3.5524,70.7603,67.9790,2.7812
PEMAFC-F,3,period_0943,55.500000,-3.7039,3.5795,70.7680,67.9790,2.7890
PEMAFC-F,3,period_0943,55.550000,-3.7129,3.3876,70.7765,67.9790,2.7975
PEMAFC-F,3,period_0943,55.600000,-3.7216,3.5172,70.7853,67.9790,2.8063
PEMAFC-F,3,period_0943,55.650000,-3.7311,3.4762,70.7971,67.9790,2.8180
PEMAFC-F,3,period_0943,55.700000,-3.7412,3.7816,70.8046,67.9790,2.8256
PEMAFC-F,3,period_0943,55.750000,-3.7496,3.7695,70.8117,67.9790,2.8327
PEMAFC-F,3,period_0943,55.800000,-3.7584,3.4212,70.8222,67.9790,2.8432
PEMAFC-F,3,period_0943,55.850000,-3.7674,3.6181,70.8360,67.9790,2.8569
PEMAFC-F,3,period_0943,55.900000,-3.7756,3.6076,70.8422,67.9790,2.8632
PEMAFC-F,3,period_0943,55.950000,-3.7841,3.5026,70.8513,67.9790,2.8723
PEMAFC-F,3,period_0943,56.000000,-3.7935,3.5768,70.8632,67.9790,2.8842
PEMAFC-F,3,period_0943,56.050000,-3.8033,3.7187,70.8749,67.9790,2.8959
PEMAFC-F,3,period_0943,56.100000,-3.8128,3.6664,70.8844,67.9790,2.9053
PEMAFC-F,3,period_0943,56.150000,-3.8213,3.6886,70.8950,67.9790,2.9159
PEMAFC-F,3,period_0943,56.200000,-3.8302,3.5669,70.9021,67.9790,2.9230
PEMAFC-F,3,period_0943,56.250000,-3.8395,3.5711,70.9118,67.9790,2.9327
PEMAFC-F,3,period_0943,56.300000,-3.8503,3.6633,70.9265,67.9790,2.9474
PEMAFC-F,3,period_0943,56.350000,-3.8602,3.8273,70.9355,67.9790,2.9564
PEMAFC-F,3,period_0943,56.400000,-3.8709,3.8386,70.9439,67.9790,2.9649
PEMAFC-F,3,period_0943,56.450000,-3.8797,3.6237,70.9517,67.9790,2.9727
PEMAFC-F,3,period_0943,56.500000,-3.8877,3.8481,70.9567,67.9790,2.9776
PEMAFC-F,3,period_0943,56.550000,-3.8975,3.8413,70.9668,67.9790,2.9878
PEMAFC-F,3,period_0943,56.600000,-3.9060,3.5418,70.9744,67.9790,2.9953
PEMAFC-F,3,period_0943,56.650000,-3.9137,3.5837,70.9768,67.9790,2.9978
PEMAFC-F,3,period_0943,56.700000,-3.9237,3.7661,70.9852,67.9790,3.0062
PEMAFC-F,3,period_0943,56.750000,-3.9324,3.9334,70.9939,67.9790,3.0148
PEMAFC-F,3,period_0943,56.800000,-3.9405,3.9363,71.0040,67.9790,3.0250
PEMAFC-F,3,period_0943,56.850000,-3.9493,3.5438,71.0174,67.9790,3.0383
PEMAFC-F,3,period_0943,56.900000,-3.9571,3.6132,71.0243,67.9790,3.0452
PEMAFC-F,3,period_0943,56.950000,-3.9664,3.9446,71.0327,67.9790,3.0536
PEMAFC-F,3,period_0943,57.000000,-3.9745,3.7457,71.0425,67.9790,3.0635
PEMAFC-F,3,period_0943,57.050000,-3.9835,4.0195,71.0540,67.9790,3.0749
PEMAFC-F,3,period_0943,57.100000,-3.9934,3.9220,71.0651,67.9790,3.0861
PEMAFC-F,3,period_0943,57.150000,-4.0012,3.8250,71.0710,67.9790,3.0920
PEMAFC-F,3,period_0943,57.200000,-4.0103,3.7830,71.0827,67.9790,3.1036
PEMAFC-F,3,period_0943,57.250000,-4.0198,3.9176,71.0934,67.9790,3.1143
PEMAFC-F,3,period_0943,57.300000,-4.0283,3.9235,71.1002,67.9790,3.1211
PEMAFC-F,3,period_0943,57.350000,-4.0373,3.6421,71.1091,67.9790,3.1300
PEMAFC-F,3,period_0943,57.400000,-4.0459,3.7632,71.1209,67.9790,3.1418
PEMAFC-F,3,period_0943,57.450000,-4.0558,4.0341,71.1361,67.9790,3.1570
PEMAFC-F,3,period_0943,57.500000,-4.0647,4.0377,71.1435,67.9790,3.1644
PEMAFC-F,3,period_0943,57.550000,-4.0722,3.6217,71.1518,67.9790,3.1727
PEMAFC-F,3,period_0943,57.600000,-4.0805,4.0494,71.1574,67.9790,3.1784
PEMAFC-F,3,period_0943,57.650000,-4.0886,4.0431,71.1613,67.9790,3.1823
PEMAFC-F,3,period_0943,57.700000,-4.0959,3.8335,71.1710,67.9790,3.1920
PEMAFC-F,3,period_0943,57.750000,-4.1035,4.0103,71.1725,67.9790,3.1934
PEMAFC-F,3,period_0943,57.800000,-4.1144,4.2670,71.1785,67.9790,3.1995
PEMAFC-F,3,period_0943,57.850000,-4.1243,4.0937,71.1881,67.9790,3.2090
PEMAFC-F,3,period_0943,57.900000,-4.1321,3.9201,71.1936,67.9790,3.2146
PEMAFC-F,3,period_0943,57.950000,-4.1405,3.9946,71.1997,67.9790,3.2206
PEMAFC-F,3,period_0943,58.000000,-4.1516,4.3438,71.2063,67.9790,3.2272
PEMAFC-F,3,period_0943,58.050000,-4.1596,4.1181,71.2119,67.9790,3.2328
PEMAFC-F,3,period_0943,58.100000,-4.1671,4.0225,71.2150,67.9790,3.2359
PEMAFC-F,3,period_0943,58.150000,-4.1752,4.3229,71.2203,67.9790,3.2412
PEMAFC-F,3,period_0943,58.200000,-4.1832,3.8443,71.2316,67.9790,3.2525
PEMAFC-F,3,period_0943,58.250000,-4.1928,4.1491,71.2419,67.9790,3.2628
PEMAFC-F,3,period_0943,58.300000,-4.2006,4.0203,71.2479,67.9790,3.2688
PEMAFC-F,3,period_0943,58.350000,-4.2090,4.0874,71.2556,67.9790,3.2765
PEMAFC-F,3,period_0943,58.400000,-4.2175,4.1873,71.2590,67.9790,3.2800
PEMAFC-F,3,period_0943,58.450000,-4.2261,4.0950,71.2682,67.9790,3.2891
PEMAFC-F,3,period_0943,58.500000,-4.2338,3.9928,71.2717,67.9790,3.2926
PEMAFC-F,3,period_0943,58.550000,-4.2433,4.3121,71.2868,67.9790,3.3078
PEMAFC-F,3,period_0943,58.600000,-4.2519,3.9149,71.2925,67.9790,3.3134
PEMAFC-F,3,period_0943,58.650000,-4.2610,4.3429,71.3010,67.9790,3.3220
PEMAFC-F,3,period_0943,58.700000,-4.2701,4.0594,71.3117,67.9790,3.3327
PEMAFC-F,3,period_0943,58.750000,-4.2788,4.1967,71.3180,67.9790,3.3389
PEMAFC-F,3,period_0943,58.800000,-4.2883,4.0799,71.3323,67.9790,3.3532
PEMAFC-F,3,period_0943,58.850000,-4.2984,4.2330,71.3418,67.9790,3.3628
PEMAFC-F,3,period_0943,58.900000,-4.3061,4.1353,71.3487,67.9790,3.3697
PEMAFC-F,3,period_0943,58.950000,-4.3142,4.0803,71.3567,67.9790,3.3777
PEMAFC-F,3,period_0943,59.000000,-4.3237,4.3697,71.3737,67.9790,3.3947
PEMAFC-F,3,period_0943,59.050000,-4.3328,4.2996,71.3836,67.9790,3.4046
PEMAFC-F,3,period_0943,59.100000,-4.3408,3.8870,71.3890,67.9790,3.4100
PEMAFC-F,3,period_0943,59.150000,-4.3482,3.8848,71.3953,67.9790,3.4163
PEMAFC-F,3,period_0943,59.200000,-4.3558,3.9970,71.4018,67.9790,3.4228
PEMAFC-F,3,period_0943,59.250000,-4.3643,4.2922,71.4130,67.9790,3.4339
PEMAFC-F,3,period_0943,59.300000,-4.3734,4.3610,71.4194,67.9790,3.4404
PEMAFC-F,3,period_0943,59.350000,-4.3820,4.1162,71.4281,67.9790,3.4490
PEMAFC-F,3,period_0943,59.400000,-4.3911,4.1989,71.4349,67.9790,3.4558
PEMAFC-F,3,period_0943,59.450000,-4.3998,4.0249,71.4443,67.9790,3.4653
PEMAFC-F,3,period_0943,59.500000,-4.4093,4.5739,71.4502,67.9790,3.4712
PEMAFC-F,3,period_0943,59.550000,-4.4182,4.0350,71.4620,67.9790,3.4830
PEMAFC-F,3,period_0943,59.600000,-4.4268,4.2817,71.4693,67.9790,3.4902
PEMAFC-F,3,period_0943,59.650000,-4.4353,4.1374,71.4807,67.9790,3.5016
PEMAFC-F,3,period_0943,59.700000,-4.4432,4.2448,71.4884,67.9790,3.5093
PEMAFC-F,3,period_0943,59.750000,-4.4510,4.0874,71.4924,67.9790,3.5133
PEMAFC-F,3,period_0943,59.800000,-4.4596,4.4126,71.4996,67.9790,3.5206
PEMAFC-F,3,period_0943,59.850000,-4.4686,4.2691,71.5125,67.9790,3.5335
PEMAFC-F,3,period_0943,59.900000,-4.4765,4.0205,71.5217,67.9790,3.5426
PEMAFC-F,3,period_0943,59.950000,-4.4845,4.3509,71.5340,67.9790,3.5549
PEMAFC-F,3,period_0943,60.000000,-4.4937,4.6012,71.5421,67.9790,3.5630
PEMAFC-A,0,period_0707,0.000667,-0.0001,0.0049,85.1800,85.1794,0.0007
PEMAFC-A,0,period_0707,0.050000,-0.0360,0.0131,85.2096,85.1794,0.0303
PEMAFC-A,0,period_0707,0.100000,-0.0832,0.0323,85.2371,85.1794,0.0577
PEMAFC-A,0,period_0707,0.150000,-0.1279,0.0512,85.2841,85.1794,0.1048
PEMAFC-A,0,period_0707,0.200000,-0.1777,0.0747,85.3973,85.1794,0.2179
PEMAFC-A,0,period_0707,0.250000,-0.2203,0.0806,85.4651,85.1794,0.2857
PEMAFC-A,0,period_0707,0.300000,-0.2685,0.1392,85.5280,85.1794,0.3486
PEMAFC-A,0,period_0707,0.350000,-0.3159,0.1546,85.6375,85.1794,0.4581
PEMAFC-A,0,period_0707,0.400000,-0.3628,0.1768,85.7346,85.1794,0.5553
PEMAFC-A,0,period_0707,0.450000,-0.4080,0.1910,85.7360,85.1794,0.5567
PEMAFC-A,0,period_0707,0.500000,-0.4440,0.2423,85.7448,85.1794,0.5654
PEMAFC-A,0,period_0707,0.550000,-0.4881,0.2453,85.8004,85.1794,0.6210
PEMAFC-A,0,period_0707,0.600000,-0.5346,0.2826,85.8470,85.1794,0.6676
PEMAFC-A,0,period_0707,0.650000,-0.5774,0.3315,85.8707,85.1794,0.6913
PEMAFC-A,0,period_0707,0.700000,-0.6146,0.3648,85.9219,85.1794,0.7426
PEMAFC-A,0,period_0707,0.750000,-0.6612,0.3129,86.0440,85.1794,0.8647
PEMAFC-A,0,period_0707,0.800000,-0.7019,0.3424,86.1379,85.1794,0.9585
PEMAFC-A,0,period_0707,0.850000,-0.7425,0.3057,86.1403,85.1794,0.9609
PEMAFC-A,0,period_0707,0.900000,-0.7785,0.3993,86.1657,85.1794,0.9863
PEMAFC-A,0,period_0707,0.950000,-0.8207,0.4480,86.2926,85.1794,1.1132
PEMAFC-A,0,period_0707,1.000000,-0.8695,0.4173,86.3441,85.1794,1.1648
PEMAFC-A,0,period_0707,1.050000,-0.9101,0.5081,86.3938,85.1794,1.2145
PEMAFC-A,0,period_0707,1.100000,-0.9498,0.4398,86.3748,85.1794,1.1954
PEMAFC-A,0,period_0707,1.150000,-0.9969,0.4637,86.4842,85.1794,1.3048
PEMAFC-A,0,period_0707,1.200000,-1.0431,0.4972,86.5112,85.1794,1.3318
PEMAFC-A,0,period_0707,1.250000,-1.0896,0.6475,86.5722,85.1794,1.3928
PEMAFC-A,0,period_0707,1.300000,-1.1237,0.4355,86.5325,85.1794,1.3531
PEMAFC-A,0,period_0707,1.350000,-1.1625,0.5788,86.5528,85.1794,1.3734
PEMAFC-A,0,period_0707,1.400000,-1.2035,0.5945,86.6014,85.1794,1.4221
PEMAFC-A,0,period_0707,1.450000,-1.2459,0.5705,86.6703,85.1794,1.4909
PEMAFC-A,0,period_0707,1.500000,-1.2912,0.6876,86.7283,85.1794,1.5490
PEMAFC-A,0,period_0707,1.550000,-1.3349,0.7247,86.8076,85.1794,1.6282
PEMAFC-A,0,period_0707,1.600000,-1.3763,0.5596,86.9026,85.1794,1.7233
PEMAFC-A,0,period_0707,1.650000,-1.4155,0.6209,86.8977,85.1794,1.7183
PEMAFC-A,0,period_0707,1.700000,-1.4579,0.7124,86.9991,85.1794,1.8198
PEMAFC-A,0,period_0707,1.750000,-1.4996,0.8401,87.0334,85.1794,1.8540
PEMAFC-A,0,period_0707,1.800000,-1.5360,0.7221,87.0724,85.1794,1.8930
PEMAFC-A,0,period_0707,1.850000,-1.5790,0.7817,87.1797,85.1794,2.0003
PEMAFC-A,0,period_0707,1.900000,-1.6177,0.8024,87.2361,85.1794,2.0567
PEMAFC-A,0,period_0707,1.950000,-1.6593,0.9421,87.2699,85.1794,2.0905
PEMAFC-A,0,period_0707,2.000000,-1.7017,0.8388,87.3463,85.1794,2.1669
PEMAFC-A,0,period_0707,2.050000,-1.7404,1.0269,87.3607,85.1794,2.1813
PEMAFC-A,0,period_0707,2.100000,-1.7853,1.0320,87.4197,85.1794,2.2403
PEMAFC-A,0,period_0707,2.150000,-1.8327,0.6606,87.4922,85.1794,2.3129
PEMAFC-A,0,period_0707,2.200000,-1.8851,0.9139,87.5439,85.1794,2.3645
PEMAFC-A,0,period_0707,2.250000,-1.9227,0.8818,87.5762,85.1794,2.3968
PEMAFC-A,0,period_0707,2.300000,-1.9621,0.9916,87.6220,85.1794,2.4426
PEMAFC-A,0,period_0707,2.350000,-2.0034,1.0583,87.6666,85.1794,2.4873
PEMAFC-A,0,period_0707,2.400000,-2.0358,0.8487,87.7107,85.1794,2.5314
PEMAFC-A,0,period_0707,2.450000,-2.0783,1.0664,87.7991,85.1794,2.6197
PEMAFC-A,0,period_0707,2.500000,-2.1171,1.0028,87.8316,85.1794,2.6523
PEMAFC-A,0,period_0707,2.550000,-2.1520,0.7740,87.8516,85.1794,2.6722
PEMAFC-A,0,period_0707,2.600000,-2.2013,1.0044,87.8759,85.1794,2.6965
PEMAFC-A,0,period_0707,2.650000,-2.2420,1.1164,87.9013,85.1794,2.7220
PEMAFC-A,0,period_0707,2.700000,-2.2820,1.0798,87.9724,85.1794,2.7931
PEMAFC-A,0,period_0707,2.750000,-2.3251,1.2025,88.0141,85.1794,2.8347
PEMAFC-A,0,period_0707,2.800000,-2.3688,1.3409,88.0462,85.1794,2.8668
PEMAFC-A,0,period_0707,2.850000,-2.4104,1.2602,88.0818,85.1794,2.9025
PEMAFC-A,0,period_0707,2.900000,-2.4593,1.3596,88.1520,85.1794,2.9727
PEMAFC-A,0,period_0707,2.950000,-2.4941,1.0631,88.2008,85.1794,3.0215
PEMAFC-A,0,period_0707,3.000000,-2.5351,1.3027,88.2514,85.1794,3.0720
PEMAFC-A,0,period_0707,3.050000,-2.5753,1.4054,88.2848,85.1794,3.1055
PEMAFC-A,0,period_0707,3.100000,-2.6157,1.2809,88.3410,85.1794,3.1617
PEMAFC-A,0,period_0707,3.150000,-2.6531,1.0957,88.3665,85.1794,3.1871
PEMAFC-A,0,period_0707,3.200000,-2.6938,1.4706,88.4031,85.1794,3.2237
PEMAFC-A,0,period_0707,3.250000,-2.7318,1.4144,88.4251,85.1794,3.2458
PEMAFC-A,0,period_0707,3.300000,-2.7696,1.1370,88.4796,85.1794,3.3002
PEMAFC-A,0,period_0707,3.350000,-2.8010,0.8771,88.5010,85.1794,3.3217
PEMAFC-A,0,period_0707,3.400000,-2.8482,1.3589,88.5291,85.1794,3.3497
PEMAFC-A,0,period_0707,3.450000,-2.8883,1.3975,88.5719,85.1794,3.3926
PEMAFC-A,0,period_0707,3.500000,-2.9328,1.2578,88.6179,85.1794,3.4385
PEMAFC-A,0,period_0707,3.550000,-2.9750,1.5974,88.6645,85.1794,3.4852
PEMAFC-A,0,period_0707,3.600000,-3.0239,1.5255,88.7087,85.1794,3.5293
PEMAFC-A,0,period_0707,3.650000,-3.0593,1.4119,88.7237,85.1794,3.5444
PEMAFC-A,0,period_0707,3.700000,-3.0954,1.3440,88.7563,85.1794,3.5769
PEMAFC-A,0,period_0707,3.750000,-3.1389,1.5126,88.8021,85.1794,3.6228
PEMAFC-A,0,period_0707,3.800000,-3.1882,1.4856,88.8471,85.1794,3.6677
PEMAFC-A,0,period_0707,3.850000,-3.2285,1.7015,88.8781,85.1794,3.6987
PEMAFC-A,0,period_0707,3.900000,-3.2608,1.2920,88.9158,85.1794,3.7365
PEMAFC-A,0,period_0707,3.950000,-3.2983,1.2766,88.9547,85.1794,3.7753
PEMAFC-A,0,period_0707,4.000000,-3.3345,1.7503,88.9878,85.1794,3.8085
PEMAFC-A,0,period_0707,4.050000,-3.3695,1.4276,89.0218,85.1794,3.8424
PEMAFC-A,0,period_0707,4.100000,-3.4071,1.5541,89.0714,85.1794,3.8920
PEMAFC-A,0,period_0707,4.150000,-3.4481,1.8298,89.1452,85.1794,3.9658
PEMAFC-A,0,period_0707,4.200000,-3.4863,1.6619,89.2146,85.1794,4.0353
PEMAFC-A,0,period_0707,4.250000,-3.5228,1.3878,89.2484,85.1794,4.0690
PEMAFC-A,0,period_0707,4.300000,-3.5692,1.5198,89.2708,85.1794,4.0915
PEMAFC-A,0,period_0707,4.350000,-3.6132,1.6624,89.3168,85.1794,4.1374
PEMAFC-A,0,period_0707,4.400000,-3.6532,1.7420,89.3571,85.1794,4.1777
PEMAFC-A,0,period_0707,4.450000,-3.7042,1.9983,89.3982,85.1794,4.2189
PEMAFC-A,0,period_0707,4.500000,-3.7482,2.0467,89.4858,85.1794,4.3064
PEMAFC-A,0,period_0707,4.550000,-3.7882,1.4698,89.5282,85.1794,4.3488
PEMAFC-A,0,period_0707,4.600000,-3.8302,1.7254,89.5656,85.1794,4.3862
PEMAFC-A,0,period_0707,4.650000,-3.8730,2.0705,89.5991,85.1794,4.4197
PEMAFC-A,0,period_0707,4.700000,-3.9109,1.7355,89.6365,85.1794,4.4571
PEMAFC-A,0,period_0707,4.750000,-3.9499,2.1148,89.6600,85.1794,4.4806
PEMAFC-A,0,period_0707,4.800000,-3.9933,1.2814,89.6817,85.1794,4.5023
PEMAFC-A,0,period_0707,4.850000,-4.0306,1.7044,89.7106,85.1794,4.5312
PEMAFC-A,0,period_0707,4.900000,-4.0742,1.8864,89.7381,85.1794,4.5587
PEMAFC-A,0,period_0707,4.950000,-4.1089,1.4366,89.7914,85.1794,4.6120
PEMAFC-A,0,period_0707,5.000000,-4.1513,1.7893,89.8464,85.1794,4.6670
PEMAFC-A,0,period_0707,5.050000,-4.1884,1.9375,89.9006,85.1794,4.7212
PEMAFC-A,0,period_0707,5.100000,-4.2269,2.0607,89.9392,85.1794,4.7599
PEMAFC-A,0,period_0707,5.150000,-4.2600,1.8151,89.9799,85.1794,4.8006
PEMAFC-A,0,period_0707,5.200000,-4.3033,2.2271,90.0311,85.1794,4.8517
PEMAFC-A,0,period_0707,5.250000,-4.3396,1.7322,90.0415,85.1794,4.8622
PEMAFC-A,0,period_0707,5.300000,-4.3832,1.5662,89.9884,85.1794,4.8091
PEMAFC-A,0,period_0707,5.350000,-4.4247,2.0996,90.0522,85.1794,4.8728
PEMAFC-A,0,period_0707,5.400000,-4.4683,1.8198,90.0380,85.1794,4.8586
PEMAFC-A,0,period_0707,5.450000,-4.5004,1.5117,90.0279,85.1794,4.8486
PEMAFC-A,0,period_0707,5.500000,-4.5307,1.8287,90.0040,85.1794,4.8247
PEMAFC-A,0,period_0707,5.550000,-4.5782,2.4569,90.0434,85.1794,4.8641
PEMAFC-A,0,period_0707,5.600000,-4.6187,1.7535,90.0235,85.1794,4.8441
PEMAFC-A,0,period_0707,5.650000,-4.6548,2.0319,90.0452,85.1794,4.8659
PEMAFC-A,0,period_0707,5.700000,-4.6980,2.0143,90.1929,85.1794,5.0135
PEMAFC-A,0,period_0707,5.750000,-4.7515,1.7237,90.2410,85.1794,5.0617
PEMAFC-A,0,period_0707,5.800000,-4.7901,2.0994,90.2393,85.1794,5.0600
PEMAFC-A,0,period_0707,5.850000,-4.8304,2.1153,90.2827,85.1794,5.1034
PEMAFC-A,0,period_0707,5.900000,-4.8658,2.0354,90.2549,85.1794,5.0755
PEMAFC-A,0,period_0707,5.950000,-4.9018,1.6649,90.2693,85.1794,5.0899
PEMAFC-A,0,period_0707,6.000000,-4.9421,2.1465,90.3297,85.1794,5.1503
PEMAFC-A,0,period_0707,6.050000,-4.9780,2.4155,90.3750,85.1794,5.1957
PEMAFC-A,0,period_0707,6.100000,-5.0209,2.3511,90.3657,85.1794,5.1863
PEMAFC-A,0,period_0707,6.150000,-5.0589,2.0245,90.3861,85.1794,5.2068
PEMAFC-A,0,period_0707,6.200000,-5.0937,2.0769,90.3442,85.1794,5.1649
PEMAFC-A,0,period_0707,6.250000,-5.1455,1.9686,90.4249,85.1794,5.2456
PEMAFC-A,0,period_0707,6.300000,-5.1832,2.1490,90.4061,85.1794,5.2267
PEMAFC-A,0,period_0707,6.350000,-5.2202,2.3339,90.4540,85.1794,5.2747
PEMAFC-A,0,period_0707,6.400000,-5.2582,2.1328,90.4730,85.1794,5.2936
PEMAFC-A,0,period_0707,6.450000,-5.2939,2.4039,90.4598,85.1794,5.2805
PEMAFC-A,0,period_0707,6.500000,-5.3385,2.1286,90.5369,85.1794,5.3575
PEMAFC-A,0,period_0707,6.550000,-5.3797,2.4943,90.5637,85.1794,5.3844
PEMAFC-A,0,period_0707,6.600000,-5.4184,2.4049,90.5920,85.1794,5.4126
PEMAFC-A,0,period_0707,6.650000,-5.4563,2.3186,90.6086,85.1794,5.4292
PEMAFC-A,0,period_0707,6.700000,-5.4924,2.1452,90.6224,85.1794,5.4431
PEMAFC-A,0,period_0707,6.750000,-5.5274,1.8461,90.6126,85.1794,5.4333
PEMAFC-A,0,period_0707,6.800000,-5.5646,2.3368,90.6398,85.1794,5.4604
PEMAFC-A,0,period_0707,6.850000,-5.6024,2.5310,90.6463,85.1794,5.4670
PEMAFC-A,0,period_0707,6.900000,-5.6370,1.9561,90.6313,85.1794,5.4519
PEMAFC-A,0,period_0707,6.950000,-5.6830,2.4727,90.6939,85.1794,5.5145
PEMAFC-A,0,period_0707,7.000000,-5.7207,2.5023,90.7105,85.1794,5.5312
PEMAFC-A,0,period_0707,7.050000,-5.7573,2.3364,90.7117,85.1794,5.5323
PEMAFC-A,0,period_0707,7.100000,-5.7991,2.1489,90.7965,85.1794,5.6171
PEMAFC-A,0,period_0707,7.150000,-5.8303,1.9823,90.8362,85.1794,5.6568
PEMAFC-A,0,period_0707,7.200000,-5.8734,1.7330,90.9076,85.1794,5.7282
PEMAFC-A,0,period_0707,7.250000,-5.9207,2.6552,90.9307,85.1794,5.7513
PEMAFC-A,0,period_0707,7.300000,-5.9581,1.9810,90.9946,85.1794,5.8152
PEMAFC-A,0,period_0707,7.350000,-5.9986,2.3799,91.0037,85.1794,5.8243
PEMAFC-A,0,period_0707,7.400000,-6.0388,2.9029,91.0376,85.1794,5.8582
PEMAFC-A,0,period_0707,7.450000,-6.0662,2.1851,91.0391,85.1794,5.8598
PEMAFC-A,0,period_0707,7.500000,-6.1028,2.2448,91.0971,85.1794,5.9177
PEMAFC-A,0,period_0707,7.550000,-6.1456,1.8300,91.1697,85.1794,5.9903
PEMAFC-A,0,period_0707,7.600000,-6.1819,1.8727,91.1963,85.1794,6.0169
PEMAFC-A,0,period_0707,7.650000,-6.2234,2.5780,91.2451,85.1794,6.0657
PEMAFC-A,0,period_0707,7.700000,-6.2596,2.3064,91.3110,85.1794,6.1316
PEMAFC-A,0,period_0707,7.750000,-6.2966,2.3592,91.3550,85.1794,6.1756
PEMAFC-A,0,period_0707,7.800000,-6.3366,2.8049,91.3637,85.1794,6.1843
PEMAFC-A,0,period_0707,7.850000,-6.3710,2.0861,91.2858,85.1794,6.1064
PEMAFC-A,0,period_0707,7.900000,-6.4126,2.4616,91.3241,85.1794,6.1448
PEMAFC-A,0,period_0707,7.950000,-6.4551,2.5987,91.3734,85.1794,6.1940
PEMAFC-A,0,period_0707,8.000000,-6.5004,2.8089,91.4721,85.1794,6.2927
PEMAFC-A,0,period_0707,8.050000,-6.5486,2.9415,91.4734,85.1794,6.2941
PEMAFC-A,0,period_0707,8.100000,-6.5972,2.3079,91.5375,85.1794,6.3582
PEMAFC-A,0,period_0707,8.150000,-6.6454,2.6616,91.6816,85.1794,6.5022
PEMAFC-A,0,period_0707,8.200000,-6.6875,2.9061,91.6516,85.1794,6.4723
PEMAFC-A,0,period_0707,8.250000,-6.7296,2.6318,91.7737,85.1794,6.5943
PEMAFC-A,0,period_0707,8.300000,-6.7682,2.7842,91.8079,85.1794,6.6285
PEMAFC-A,0,period_0707,8.350000,-6.8247,2.5921,92.0777,85.1794,6.8984
PEMAFC-A,0,period_0707,8.400000,-6.8592,2.2638,92.0398,85.1794,6.8604
PEMAFC-A,0,period_0707,8.450000,-6.9029,2.7411,92.0856,85.1794,6.9063
PEMAFC-A,0,period_0707,8.500000,-6.9327,2.5828,92.0132,85.1794,6.8338
PEMAFC-A,0,period_0707,8.550000,-6.9786,2.8074,92.0738,85.1794,6.8945
PEMAFC-A,0,period_0707,8.600000,-7.0166,2.7677,92.1138,85.1794,6.9344
PEMAFC-A,0,period_0707,8.650000,-7.0528,2.2438,92.1271,85.1794,6.9477
PEMAFC-A,0,period_0707,8.700000,-7.0854,3.4167,92.1410,85.1794,6.9616
PEMAFC-A,0,period_0707,8.750000,-7.1256,2.6325,92.1445,85.1794,6.9651
PEMAFC-A,0,period_0707,8.800000,-7.1636,2.2815,92.2133,85.1794,7.0339
PEMAFC-A,0,period_0707,8.850000,-7.2029,2.5446,92.1728,85.1794,6.9934
PEMAFC-A,0,period_0707,8.900000,-7.2430,2.8213,92.1928,85.1794,7.0134
PEMAFC-A,0,period_0707,8.950000,-7.2779,3.0237,92.1857,85.1794,7.0063
PEMAFC-A,0,period_0707,9.000000,-7.3178,3.0780,92.2114,85.1794,7.0320
PEMAFC-A,0,period_0707,9.050000,-7.3532,2.8923,92.2230,85.1794,7.0436
PEMAFC-A,0,period_0707,9.100000,-7.3946,3.2155,92.1910,85.1794,7.0116
PEMAFC-A,0,period_0707,9.150000,-7.4309,2.6507,92.2551,85.1794,7.0757
PEMAFC-A,0,period_0707,9.200000,-7.4841,3.5601,92.3070,85.1794,7.1276
PEMAFC-A,0,period_0707,9.250000,-7.5211,3.2419,92.3174,85.1794,7.1380
PEMAFC-A,0,period_0707,9.300000,-7.5633,2.4337,92.4014,85.1794,7.2221
PEMAFC-A,0,period_0707,9.350000,-7.5966,2.7432,92.4092,85.1794,7.2298
PEMAFC-A,0,period_0707,9.400000,-7.6416,3.2863,92.5370,85.1794,7.3576
PEMAFC-A,0,period_0707,9.450000,-7.6775,1.9392,92.5755,85.1794,7.3961
PEMAFC-A,0,period_0707,9.500000,-7.7164,2.6806,92.6414,85.1794,7.4620
PEMAFC-A,0,period_0707,9.550000,-7.7511,2.4621,92.6774,85.1794,7.4980
PEMAFC-A,0,period_0707,9.600000,-7.7911,2.8108,92.7099,85.1794,7.5305
PEMAFC-A,0,period_0707,9.650000,-7.8276,2.6608,92.7769,85.1794,7.5976
PEMAFC-A,0,period_0707,9.700000,-7.8730,2.9272,92.9044,85.1794,7.7250
PEMAFC-A,0,period_0707,9.750000,-7.9087,2.8182,92.8470,85.1794,7.6676
PEMAFC-A,0,period_0707,9.800000,-7.9573,3.0013,92.8908,85.1794,7.7114
PEMAFC-A,0,period_0707,9.850000,-7.9937,2.0657,92.9011,85.1794,7.7217
PEMAFC-A,0,period_0707,9.900000,-8.0310,2.3388,92.8609,85.1794,7.6816
PEMAFC-A,0,period_0707,9.950000,-8.0663,2.8497,92.8932,85.1794,7.7138
PEMAFC-A,0,period_0707,10.000000,-8.1070,2.5500,92.9539,85.1794,7.7745
PEMAFC-A,0,period_0707,10.050000,-8.1355,1.6276,92.9551,85.1794,7.7758
PEMAFC-A,0,period_0707,10.100000,-8.1739,2.8266,92.9445,85.1794,7.7651
PEMAFC-A,0,period_0707,10.150000,-8.2121,2.6947,92.9356,85.1794,7.7563
PEMAFC-A,0,period_0707,10.200000,-8.2687,2.0910,93.1532,85.1794,7.9738
PEMAFC-A,0,period_0707,10.250000,-8.2998,2.5384,93.1529,85.1794,7.9736
PEMAFC-A,0,period_0707,10.300000,-8.3476,2.9144,93.2694,85.1794,8.0900
PEMAFC-A,0,period_0707,10.350000,-8.3906,3.0077,93.2459,85.1794,8.0665
PEMAFC-A,0,period_0707,10.400000,-8.4447,2.9768,93.4034,85.1794,8.2241
PEMAFC-A,0,period_0707,10.450000,-8.4896,3.0803,93.4956,85.1794,8.3162
PEMAFC-A,0,period_0707,10.500000,-8.5240,2.6292,93.4095,85.1794,8.2302
PEMAFC-A,0,period_0707,10.550000,-8.5722,3.1592,93.4089,85.1794,8.2295
PEMAFC-A,0,period_0707,10.600000,-8.6148,2.8643,93.4015,85.1794,8.2222
PEMAFC-A,0,period_0707,10.650000,-8.6511,2.5311,93.4685,85.1794,8.2891
PEMAFC-A,0,period_0707,10.700000,-8.6891,2.7376,93.4988,85.1794,8.3194
PEMAFC-A,0,period_0707,10.750000,-8.7244,2.6322,93.4781,85.1794,8.2988
PEMAFC-A,0,period_0707,10.800000,-8.7735,3.3539,93.5691,85.1794,8.3897
PEMAFC-A,0,period_0707,10.850000,-8.8162,3.5283,93.5869,85.1794,8.4075
PEMAFC-A,0,period_0707,10.900000,-8.8547,3.0027,93.6210,85.1794,8.4417
PEMAFC-A,0,period_0707,10.950000,-8.9048,2.1545,93.7731,85.1794,8.5937
PEMAFC-A,0,period_0707,11.000000,-8.9374,2.7996,93.7794,85.1794,8.6001
PEMAFC-A,0,period_0707,11.050000,-8.9879,3.2829,93.9245,85.1794,8.7452
PEMAFC-A,0,period_0707,11.100000,-9.0142,2.5708,93.9320,85.1794,8.7526
PEMAFC-A,0,period_0707,11.150000,-9.0645,3.4102,94.1785,85.1794,8.9991
PEMAFC-A,0,period_0707,11.200000,-9.0935,2.1700,94.0913,85.1794,8.9119
PEMAFC-A,0,period_0707,11.250000,-9.1321,3.0887,94.0109,85.1794,8.8315
PEMAFC-A,0,period_0707,11.300000,-9.1770,2.9551,94.0136,85.1794,8.8343
PEMAFC-A,0,period_0707,11.350000,-9.2127,2.9673,94.0009,85.1794,8.8215
PEMAFC-A,0,period_0707,11.400000,-9.2504,3.2158,93.9684,85.1794,8.7891
PEMAFC-A,0,period_0707,11.450000,-9.2793,2.7871,93.9119,85.1794,8.7325
PEMAFC-A,0,period_0707,11.500000,-9.3277,3.7912,93.9707,85.1794,8.7913
PEMAFC-A,0,period_0707,11.550000,-9.3722,2.9879,93.9605,85.1794,8.7811
PEMAFC-A,0,period_0707,11.600000,-9.4149,3.5184,94.0338,85.1794,8.8544
PEMAFC-A,0,period_0707,11.650000,-9.4539,3.0087,94.0362,85.1794,8.8568
PEMAFC-A,0,period_0707,11.700000,-9.5019,2.8917,94.1888,85.1794,9.0094
PEMAFC-A,0,period_0707,11.750000,-9.5537,3.3547,94.2493,85.1794,9.0699
PEMAFC-A,0,period_0707,11.800000,-9.5908,3.3362,94.3218,85.1794,9.1425
PEMAFC-A,0,period_0707,11.850000,-9.6390,2.5438,94.3675,85.1794,9.1882
PEMAFC-A,0,period_0707,11.900000,-9.6852,2.6250,94.3966,85.1794,9.2172
PEMAFC-A,0,period_0707,11.950000,-9.7212,3.9944,94.3497,85.1794,9.1703
PEMAFC-A,0,period_0707,12.000000,-9.7721,3.1709,94.4795,85.1794,9.3002
PEMAFC-A,0,period_0707,12.050000,-9.7971,2.2345,94.4174,85.1794,9.2380
PEMAFC-A,0,period_0707,12.100000,-9.8320,3.2837,94.3406,85.1794,9.1613
PEMAFC-A,0,period_0707,12.150000,-9.8738,3.3795,94.3270,85.1794,9.1476
PEMAFC-A,0,period_0707,12.200000,-9.9025,1.9271,94.2982,85.1794,9.1188
PEMAFC-A,0,period_0707,12.250000,-9.9417,3.5388,94.2988,85.1794,9.1194
PEMAFC-A,0,period_0707,12.300000,-9.9890,3.5395,94.3179,85.1794,9.1386
PEMAFC-A,0,period_0707,12.350000,-10.0314,2.5489,94.3947,85.1794,9.2153
PEMAFC-A,0,period_0707,12.400000,-10.0689,3.5971,94.4279,85.1794,9.2485
PEMAFC-A,0,period_0707,12.450000,-10.0995,2.3865,94.3365,85.1794,9.1572
PEMAFC-A,0,period_0707,12.500000,-10.1298,2.8978,94.3507,85.1794,9.1714
PEMAFC-A,0,period_0707,12.550000,-10.1672,3.9335,94.3745,85.1794,9.1951
PEMAFC-A,0,period_0707,12.600000,-10.2107,2.8816,94.3889,85.1794,9.2095
PEMAFC-A,0,period_0707,12.650000,-10.2534,2.8776,94.4994,85.1794,9.3200
PEMAFC-A,0,period_0707,12.700000,-10.2871,2.5534,94.5657,85.1794,9.3863
PEMAFC-A,0,period_0707,12.750000,-10.3268,3.5645,94.5814,85.1794,9.4021
PEMAFC-A,0,period_0707,12.800000,-10.3795,3.3589,94.6376,85.1794,9.4582
PEMAFC-A,0,period_0707,12.850000,-10.4245,3.5487,94.6829,85.1794,9.5035
PEMAFC-A,0,period_0707,12.900000,-10.4683,3.1308,94.7405,85.1794,9.5612
PEMAFC-A,0,period_0707,12.950000,-10.5194,2.3706,94.8687,85.1794,9.6893
PEMAFC-A,0,period_0707,13.000000,-10.5569,3.4146,94.9111,85.1794,9.7317
PEMAFC-A,0,period_0707,13.050000,-10.6085,3.0123,95.0036,85.1794,9.8243
PEMAFC-A,0,period_0707,13.100000,-10.6333,2.8872,94.9358,85.1794,9.7564
PEMAFC-A,0,period_0707,13.150000,-10.6643,3.2307,94.9121,85.1794,9.7327
PEMAFC-A,0,period_0707,13.200000,-10.6928,3.6567,94.9160,85.1794,9.7366
PEMAFC-A,0,period_0707,13.250000,-10.7368,3.4042,94.9870,85.1794,9.8077
PEMAFC-A,0,period_0707,13.300000,-10.7759,2.6751,94.8802,85.1794,9.7008
PEMAFC-A,0,period_0707,13.350000,-10.8074,3.1195,94.8624,85.1794,9.6830
PEMAFC-A,0,period_0707,13.400000,-10.8466,3.1135,94.8852,85.1794,9.7058
PEMAFC-A,0,period_0707,13.450000,-10.8778,3.6027,94.9034,85.1794,9.7240
PEMAFC-A,0,period_0707,13.500000,-10.9263,3.4906,95.0189,85.1794,9.8396
PEMAFC-A,0,period_0707,13.550000,-10.9677,3.5577,95.0275,85.1794,9.8481
PEMAFC-A,0,period_0707,13.600000,-10.9923,2.7435,94.9526,85.1794,9.7732
PEMAFC-A,0,period_0707,13.650000,-11.0086,2.0476,94.8110,85.1794,9.6317
PEMAFC-A,0,period_0707,13.700000,-11.0433,2.8600,94.8360,85.1794,9.6567
PEMAFC-A,0,period_0707,13.750000,-11.0830,3.4098,94.9182,85.1794,9.7389
PEMAFC-A,0,period_0707,13.800000,-11.1146,3.4729,94.9649,85.1794,9.7856
PEMAFC-A,0,period_0707,13.850000,-11.1538,2.3674,94.9474,85.1794,9.7681
PEMAFC-A,0,period_0707,13.900000,-11.1928,2.7255,94.9860,85.1794,9.8067
PEMAFC-A,0,period_0707,13.950000,-11.2292,3.4492,94.9960,85.1794,9.8166
PEMAFC-A,0,period_0707,14.000000,-11.2697,3.9707,94.9556,85.1794,9.7762
PEMAFC-A,0,period_0707,14.050000,-11.3085,3.0105,95.0753,85.1794,9.8960
PEMAFC-A,0,period_0707,14.100000,-11.3540,2.7610,95.1535,85.1794,9.9741
PEMAFC-A,0,period_0707,14.150000,-11.3936,3.8907,95.2077,85.1794,10.0283
PEMAFC-A,0,period_0707,14.200000,-11.4451,3.5189,95.2962,85.1794,10.1168
PEMAFC-A,0,period_0707,14.250000,-11.4843,4.0944,95.3857,85.1794,10.2064
PEMAFC-A,0,period_0707,14.300000,-11.5185,3.2468,95.3519,85.1794,10.1725
PEMAFC-A,0,period_0707,14.350000,-11.5537,2.0810,95.3918,85.1794,10.2124
PEMAFC-A,0,period_0707,14.400000,-11.5893,2.5806,95.4075,85.1794,10.2282
PEMAFC-A,0,period_0707,14.450000,-11.6152,2.7534,95.3139,85.1794,10.1345
PEMAFC-A,0,period_0707,14.500000,-11.6612,4.2819,95.3471,85.1794,10.1677
PEMAFC-A,0,period_0707,14.550000,-11.7022,2.3340,95.4365,85.1794,10.2571
PEMAFC-A,0,period_0707,14.600000,-11.7300,3.3277,95.4155,85.1794,10.2362
PEMAFC-A,0,period_0707,14.650000,-11.7735,3.9138,95.3967,85.1794,10.2173
PEMAFC-A,0,period_0707,14.700000,-11.8441,3.9426,95.6741,85.1794,10.4947
PEMAFC-A,0,period_0707,14.750000,-11.8730,2.2477,95.6921,85.1794,10.5127
PEMAFC-A,0,period_0707,14.800000,-11.8968,2.5375,95.6569,85.1794,10.4775
PEMAFC-A,0,period_0707,14.850000,-11.9311,3.1291,95.6202,85.1794,10.4408
PEMAFC-A,0,period_0707,14.900000,-11.9622,3.9535,95.6534,85.1794,10.4740
PEMAFC-A,0,period_0707,14.950000,-12.0070,2.3504,95.7418,85.1794,10.5624
PEMAFC-A,0,period_0707,15.000000,-12.0543,3.4878,95.8012,85.1794,10.6219
PEMAFC-A,1,period_0856,15.000667,-0.5301,-16.5953,76.6550,75.6790,0.9760
PEMAFC-A,1,period_0856,15.050000,-0.5622,0.5272,76.6769,75.6790,0.9979
PEMAFC-A,1,period_0856,15.100000,-0.5993,0.5335,76.7076,75.6790,1.0286
PEMAFC-A,1,period_0856,15.150000,-0.6408,0.4943,76.7653,75.6790,1.0863
PEMAFC-A,1,period_0856,15.200000,-0.6786,0.6963,76.8133,75.6790,1.1343
PEMAFC-A,1,period_0856,15.250000,-0.7215,0.5607,76.8975,75.6790,1.2185
PEMAFC-A,1,period_0856,15.300000,-0.7591,0.6440,76.9160,75.6790,1.2370
PEMAFC-A,1,period_0856,15.350000,-0.7949,0.7424,76.9577,75.6790,1.2787
PEMAFC-A,1,period_0856,15.400000,-0.8342,0.6898,76.9875,75.6790,1.3085
PEMAFC-A,1,period_0856,15.450000,-0.8758,0.6802,77.0312,75.6790,1.3522
PEMAFC-A,1,period_0856,15.500000,-0.9134,0.8266,77.0750,75.6790,1.3959
PEMAFC-A,1,period_0856,15.550000,-0.9569,0.7935,77.1049,75.6790,1.4259
PEMAFC-A,1,period_0856,15.600000,-0.9958,0.8172,77.1458,75.6790,1.4668
PEMAFC-A,1,period_0856,15.650000,-1.0352,0.9380,77.1939,75.6790,1.5149
PEMAFC-A,1,period_0856,15.700000,-1.0723,0.9851,77.2197,75.6790,1.5407
PEMAFC-A,1,period_0856,15.750000,-1.1076,0.9767,77.2609,75.6790,1.5819
PEMAFC-A,1,period_0856,15.800000,-1.1452,0.9981,77.2991,75.6790,1.6201
PEMAFC-A,1,period_0856,15.850000,-1.1914,0.8991,77.3365,75.6790,1.6575
PEMAFC-A,1,period_0856,15.900000,-1.2292,0.9921,77.3831,75.6790,1.7041
PEMAFC-A,1,period_0856,15.950000,-1.2647,1.1463,77.4156,75.6790,1.7366
PEMAFC-A,1,period_0856,16.000000,-1.3063,1.0859,77.4570,75.6790,1.7779
PEMAFC-A,1,period_0856,16.050000,-1.3433,1.2097,77.4798,75.6790,1.8007
PEMAFC-A,1,period_0856,16.100000,-1.3832,1.1959,77.5167,75.6790,1.8377
PEMAFC-A,1,period_0856,16.150000,-1.4243,1.1915,77.5502,75.6790,1.8712
PEMAFC-A,1,period_0856,16.200000,-1.4642,1.2424,77.5843,75.6790,1.9053
PEMAFC-A,1,period_0856,16.250000,-1.5036,1.2431,77.6325,75.6790,1.9535
PEMAFC-A,1,period_0856,16.300000,-1.5418,1.5090,77.6810,75.6790,2.0020
PEMAFC-A,1,period_0856,16.350000,-1.5831,1.3140,77.7743,75.6790,2.0953
PEMAFC-A,1,period_0856,16.400000,-1.6234,1.3773,77.7938,75.6790,2.1148
PEMAFC-A,1,period_0856,16.450000,-1.6658,1.3914,77.8239,75.6790,2.1449
PEMAFC-A,1,period_0856,16.500000,-1.7038,1.4639,77.8731,75.6790,2.1941
PEMAFC-A,1,period_0856,16.550000,-1.7404,1.4766,77.9070,75.6790,2.2280
PEMAFC-A,1,period_0856,16.600000,-1.7850,1.5600,77.9585,75.6790,2.2795
PEMAFC-A,1,period_0856,16.650000,-1.8242,1.5763,78.0231,75.6790,2.3441
PEMAFC-A,1,period_0856,16.700000,-1.8589,1.5800,78.0905,75.6790,2.4115
PEMAFC-A,1,period_0856,16.750000,-1.9011,1.6377,78.1432,75.6790,2.4642
PEMAFC-A,1,period_0856,16.800000,-1.9430,1.6411,78.1965,75.6790,2.5175
PEMAFC-A,1,period_0856,16.850000,-1.9868,1.5606,78.2299,75.6790,2.5509
PEMAFC-A,1,period_0856,16.900000,-2.0243,1.6658,78.2601,75.6790,2.5811
PEMAFC-A,1,period_0856,16.950000,-2.0648,1.7192,78.3014,75.6790,2.6224
PEMAFC-A,1,period_0856,17.000000,-2.1011,1.8566,78.3500,75.6790,2.6709
PEMAFC-A,1,period_0856,17.050000,-2.1414,1.7607,78.3826,75.6790,2.7036
PEMAFC-A,1,period_0856,17.100000,-2.1825,1.7810,78.4274,75.6790,2.7484
PEMAFC-A,1,period_0856,17.150000,-2.2281,1.9109,78.4597,75.6790,2.7807
PEMAFC-A,1,period_0856,17.200000,-2.2670,1.8574,78.4982,75.6790,2.8191
PEMAFC-A,1,period_0856,17.250000,-2.3072,2.0428,78.5569,75.6790,2.8779
PEMAFC-A,1,period_0856,17.300000,-2.3507,1.9648,78.6009,75.6790,2.9218
PEMAFC-A,1,period_0856,17.350000,-2.3884,1.9627,78.6290,75.6790,2.9499
PEMAFC-A,1,period_0856,17.400000,-2.4264,2.0021,78.6583,75.6790,2.9793
PEMAFC-A,1,period_0856,17.450000,-2.4677,1.8993,78.6969,75.6790,3.0179
PEMAFC-A,1,period_0856,17.500000,-2.5112,2.1534,78.7470,75.6790,3.0680
PEMAFC-A,1,period_0856,17.550000,-2.5485,2.0715,78.7810,75.6790,3.1020
PEMAFC-A,1,period_0856,17.600000,-2.5889,2.2098,78.8200,75.6790,3.1410
PEMAFC-A,1,period_0856,17.650000,-2.6271,2.1099,78.8683,75.6790,3.1893
PEMAFC-A,1,period_0856,17.700000,-2.6713,2.1662,78.8997,75.6790,3.2207
PEMAFC-A,1,period_0856,17.750000,-2.7068,2.2446,78.9255,75.6790,3.2465
PEMAFC-A,1,period_0856,17.800000,-2.7485,2.3042,78.9524,75.6790,3.2734
PEMAFC-A,1,period_0856,17.850000,-2.7899,2.2288,78.9882,75.6790,3.3092
PEMAFC-A,1,period_0856,17.900000,-2.8283,2.3478,79.0183,75.6790,3.3393
PEMAFC-A,1,period_0856,17.950000,-2.8695,2.3278,79.0491,75.6790,3.3701
PEMAFC-A,1,period_0856,18.000000,-2.9114,2.2958,79.0674,75.6790,3.3884
PEMAFC-A,1,period_0856,18.050000,-2.9502,2.5126,79.0876,75.6790,3.4086
PEMAFC-A,1,period_0856,18.100000,-2.9903,2.4714,79.1001,75.6790,3.4211
PEMAFC-A,1,period_0856,18.150000,-3.0317,2.3990,79.1811,75.6790,3.5021
PEMAFC-A,1,period_0856,18.200000,-3.0717,2.5621,79.2411,75.6790,3.5620
PEMAFC-A,1,period_0856,18.250000,-3.1156,2.6105,79.2706,75.6790,3.5916
PEMAFC-A,1,period_0856,18.300000,-3.1552,2.4129,79.2947,75.6790,3.6156
PEMAFC-A,1,period_0856,18.350000,-3.1955,2.5432,79.3354,75.6790,3.6563
PEMAFC-A,1,period_0856,18.400000,-3.2389,2.6395,79.3737,75.6790,3.6947
PEMAFC-A,1,period_0856,18.450000,-3.2760,2.6595,79.4177,75.6790,3.7386
PEMAFC-A,1,period_0856,18.500000,-3.3086,2.7394,79.4430,75.6790,3.7640
PEMAFC-A,1,period_0856,18.550000,-3.3447,2.7905,79.4582,75.6790,3.7792
PEMAFC-A,1,period_0856,18.600000,-3.3794,2.8488,79.4780,75.6790,3.7990
PEMAFC-A,1,period_0856,18.650000,-3.4186,2.7189,79.5133,75.6790,3.8343
PEMAFC-A,1,period_0856,18.700000,-3.4598,2.8641,79.5677,75.6790,3.8887
PEMAFC-A,1,period_0856,18.750000,-3.4951,2.6960,79.5936,75.6790,3.9146
PEMAFC-A,1,period_0856,18.800000,-3.5398,2.9779,79.6476,75.6790,3.9685
PEMAFC-A,1,period_0856,18.850000,-3.5847,2.9254,79.6880,75.6790,4.0090
PEMAFC-A,1,period_0856,18.900000,-3.6318,2.7885,79.7456,75.6790,4.0666
PEMAFC-A,1,period_0856,18.950000,-3.6704,3.0924,79.7719,75.6790,4.0929
PEMAFC-A,1,period_0856,19.000000,-3.7120,2.9903,79.8117,75.6790,4.1327
PEMAFC-A,1,period_0856,19.050000,-3.7562,3.0325,79.8382,75.6790,4.1592
PEMAFC-A,1,period_0856,19.100000,-3.7942,3.0552,79.8471,75.6790,4.1681
PEMAFC-A,1,period_0856,19.150000,-3.8414,3.1373,79.9399,75.6790,4.2608
PEMAFC-A,1,period_0856,19.200000,-3.8797,3.0533,79.9951,75.6790,4.3160
PEMAFC-A,1,period_0856,19.250000,-3.9231,3.1950,80.0428,75.6790,4.3638
PEMAFC-A,1,period_0856,19.300000,-3.9674,3.2391,80.1122,75.6790,4.4332
PEMAFC-A,1,period_0856,19.350000,-4.0139,3.1969,80.1376,75.6790,4.4586
PEMAFC-A,1,period_0856,19.400000,-4.0519,3.3327,80.1845,75.6790,4.5055
PEMAFC-A,1,period_0856,19.450000,-4.0903,3.3188,80.2011,75.6790,4.5221
PEMAFC-A,1,period_0856,19.500000,-4.1246,3.4419,80.2498,75.6790,4.5708
PEMAFC-A,1,period_0856,19.550000,-4.1642,3.3195,80.2883,75.6790,4.6093
PEMAFC-A,1,period_0856,19.600000,-4.2067,3.5243,80.3330,75.6790,4.6540
PEMAFC-A,1,period_0856,19.650000,-4.2480,3.3780,80.3566,75.6790,4.6775
PEMAFC-A,1,period_0856,19.700000,-4.2867,3.5980,80.3906,75.6790,4.7116
PEMAFC-A,1,period_0856,19.750000,-4.3274,3.3470,80.4855,75.6790,4.8065
PEMAFC-A,1,period_0856,19.800000,-4.3702,3.4554,80.5457,75.6790,4.8666
PEMAFC-A,1,period_0856,19.850000,-4.4094,3.6441,80.5809,75.6790,4.9019
PEMAFC-A,1,period_0856,19.900000,-4.4493,3.4307,80.6271,75.6790,4.9481
PEMAFC-A,1,period_0856,19.950000,-4.4895,3.6402,80.6530,75.6790,4.9739
PEMAFC-A,1,period_0856,20.000000,-4.5255,3.5177,80.6754,75.6790,4.9963
PEMAFC-A,1,period_0856,20.050000,-4.5657,3.5699,80.7131,75.6790,5.0341
PEMAFC-A,1,period_0856,20.100000,-4.6078,3.5199,80.7493,75.6790,5.0703
PEMAFC-A,1,period_0856,20.150000,-4.6505,3.5633,80.8057,75.6790,5.1266
PEMAFC-A,1,period_0856,20.200000,-4.6920,3.8689,80.8403,75.6790,5.1613
PEMAFC-A,1,period_0856,20.250000,-4.7289,3.7813,80.9018,75.6790,5.2227
PEMAFC-A,1,period_0856,20.300000,-4.7715,3.8439,80.9199,75.6790,5.2409
PEMAFC-A,1,period_0856,20.350000,-4.8146,3.8393,80.9648,75.6790,5.2858
PEMAFC-A,1,period_0856,20.400000,-4.8531,3.7940,80.9977,75.6790,5.3186
PEMAFC-A,1,period_0856,20.450000,-4.8895,3.9212,81.0465,75.6790,5.3674
PEMAFC-A,1,period_0856,20.500000,-4.9413,3.8529,81.0912,75.6790,5.4121
PEMAFC-A,1,period_0856,20.550000,-4.9791,4.0094,81.1458,75.6790,5.4668
PEMAFC-A,1,period_0856,20.600000,-5.0186,3.9149,81.1799,75.6790,5.5009
PEMAFC-A,1,period_0856,20.650000,-5.0590,4.0625,81.2392,75.6790,5.5602
PEMAFC-A,1,period_0856,20.700000,-5.0980,3.8066,81.2668,75.6790,5.5878
PEMAFC-A,1,period_0856,20.750000,-5.1455,4.0650,81.3352,75.6790,5.6562
PEMAFC-A,1,period_0856,20.800000,-5.1845,4.2402,81.3705,75.6790,5.6915
PEMAFC-A,1,period_0856,20.850000,-5.2243,4.0822,81.4205,75.6790,5.7415
PEMAFC-A,1,period_0856,20.900000,-5.2684,4.2987,81.4667,75.6790,5.7877
PEMAFC-A,1,period_0856,20.950000,-5.3071,4.0158,81.4916,75.6790,5.8126
PEMAFC-A,1,period_0856,21.000000,-5.3502,4.1782,81.5239,75.6790,5.8449
PEMAFC-A,1,period_0856,21.050000,-5.3905,4.2399,81.5539,75.6790,5.8748
PEMAFC-A,1,period_0856,21.100000,-5.4370,4.0439,81.6218,75.6790,5.9428
PEMAFC-A,1,period_0856,21.150000,-5.4747,4.3293,81.6543,75.6790,5.9753
PEMAFC-A,1,period_0856,21.200000,-5.5205,4.3407,81.7228,75.6790,6.0438
PEMAFC-A,1,period_0856,21.250000,-5.5601,4.2670,81.7531,75.6790,6.0740
PEMAFC-A,1,period_0856,21.300000,-5.6010,4.1986,81.7731,75.6790,6.0941
PEMAFC-A,1,period_0856,21.350000,-5.6439,4.5239,81.8114,75.6790,6.1324
PEMAFC-A,1,period_0856,21.400000,-5.6856,4.5119,81.8265,75.6790,6.1475
PEMAFC-A,1,period_0856,21.450000,-5.7317,4.5012,81.8622,75.6790,6.1832
PEMAFC-A,1,period_0856,21.500000,-5.7629,4.2888,81.8949,75.6790,6.2159
PEMAFC-A,1,period_0856,21.550000,-5.8054,4.7602,81.9369,75.6790,6.2579
PEMAFC-A,1,period_0856,21.600000,-5.8483,4.6416,81.9770,75.6790,6.2980
PEMAFC-A,1,period_0856,21.650000,-5.8896,4.6574,82.0870,75.6790,6.4080
PEMAFC-A,1,period_0856,21.700000,-5.9322,4.4774,82.1450,75.6790,6.4660
PEMAFC-A,1,period_0856,21.750000,-5.9727,4.5623,82.2150,75.6790,6.5360
PEMAFC-A,1,period_0856,21.800000,-6.0092,4.3946,82.2191,75.6790,6.5401
PEMAFC-A,1,period_0856,21.850000,-6.0517,4.7152,82.2825,75.6790,6.6035
PEMAFC-A,1,period_0856,21.900000,-6.0929,4.8522,82.3287,75.6790,6.6497
PEMAFC-A,1,period_0856,21.950000,-6.1278,4.8112,82.3546,75.6790,6.6755
PEMAFC-A,1,period_0856,22.000000,-6.1650,4.9401,82.3915,75.6790,6.7125
PEMAFC-A,1,period_0856,22.050000,-6.2073,4.6548,82.4197,75.6790,6.7407
PEMAFC-A,1,period_0856,22.100000,-6.2542,4.8090,82.4657,75.6790,6.7867
PEMAFC-A,1,period_0856,22.150000,-6.2912,4.7169,82.5022,75.6790,6.8232
PEMAFC-A,1,period_0856,22.200000,-6.3286,4.9020,82.5583,75.6790,6.8793
PEMAFC-A,1,period_0856,22.250000,-6.3676,4.9099,82.5863,75.6790,6.9073
PEMAFC-A,1,period_0856,22.300000,-6.4075,5.0370,82.6229,75.6790,6.9439
PEMAFC-A,1,period_0856,22.350000,-6.4522,4.9913,82.6867,75.6790,7.0077
PEMAFC-A,1,period_0856,22.400000,-6.4894,4.7173,82.7059,75.6790,7.0269
PEMAFC-A,1,period_0856,22.450000,-6.5285,4.7086,82.7154,75.6790,7.0364
PEMAFC-A,1,period_0856,22.500000,-6.5679,5.1738,82.7515,75.6790,7.0725
PEMAFC-A,1,period_0856,22.550000,-6.6061,4.6516,82.7808,75.6790,7.1018
PEMAFC-A,1,period_0856,22.600000,-6.6470,4.9454,82.7872,75.6790,7.1082
PEMAFC-A,1,period_0856,22.650000,-6.6901,5.2460,82.8730,75.6790,7.1939
PEMAFC-A,1,period_0856,22.700000,-6.7318,5.4339,82.9070,75.6790,7.2280
PEMAFC-A,1,period_0856,22.750000,-6.7712,5.0317,82.9404,75.6790,7.2613
PEMAFC-A,1,period_0856,22.800000,-6.8099,5.1134,82.9950,75.6790,7.3160
PEMAFC-A,1,period_0856,22.850000,-6.8484,5.0002,83.0449,75.6790,7.3659
PEMAFC-A,1,period_0856,22.900000,-6.8921,4.5746,83.0865,75.6790,7.4075
PEMAFC-A,1,period_0856,22.950000,-6.9304,5.3790,83.1253,75.6790,7.4462
PEMAFC-A,1,period_0856,23.000000,-6.9729,4.8786,83.1565,75.6790,7.4775
PEMAFC-A,1,period_0856,23.050000,-7.0141,5.2965,83.1971,75.6790,7.5181
PEMAFC-A,1,period_0856,23.100000,-7.0513,5.2775,83.2179,75.6790,7.5389
PEMAFC-A,1,period_0856,23.150000,-7.0900,5.1633,83.2525,75.6790,7.5735
PEMAFC-A,1,period_0856,23.200000,-7.1263,5.2239,83.2692,75.6790,7.5902
PEMAFC-A,1,period_0856,23.250000,-7.1665,5.0072,83.3013,75.6790,7.6222
PEMAFC-A,1,period_0856,23.300000,-7.2104,4.7850,83.3721,75.6790,7.6930
PEMAFC-A,1,period_0856,23.350000,-7.2554,5.3745,83.4308,75.6790,7.7518
PEMAFC-A,1,period_0856,23.400000,-7.2932,5.1954,83.5351,75.6790,7.8561
PEMAFC-A,1,period_0856,23.450000,-7.3383,5.7141,83.6103,75.6790,7.9312
PEMAFC-A,1,period_0856,23.500000,-7.3876,5.3057,83.6675,75.6790,7.9884
PEMAFC-A,1,period_0856,23.550000,-7.4341,5.3729,83.6931,75.6790,8.0141
PEMAFC-A,1,period_0856,23.600000,-7.4788,5.4342,83.7231,75.6790,8.0441
PEMAFC-A,1,period_0856,23.650000,-7.5177,5.2913,83.7604,75.6790,8.0813
PEMAFC-A,1,period_0856,23.700000,-7.5563,5.3885,83.7942,75.6790,8.1151
PEMAFC-A,1,period_0856,23.750000,-7.5994,5.7075,83.8467,75.6790,8.1677
PEMAFC-A,1,period_0856,23.800000,-7.6396,5.6485,83.9196,75.6790,8.2406
PEMAFC-A,1,period_0856,23.850000,-7.6863,5.1081,83.9829,75.6790,8.3039
PEMAFC-A,1,period_0856,23.900000,-7.7289,5.7601,84.0262,75.6790,8.3472
PEMAFC-A,1,period_0856,23.950000,-7.7679,5.2891,84.0511,75.6790,8.3721
PEMAFC-A,1,period_0856,24.000000,-7.8084,5.3731,84.0891,75.6790,8.4100
PEMAFC-A,1,period_0856,24.050000,-7.8494,5.6524,84.1016,75.6790,8.4226
PEMAFC-A,1,period_0856,24.100000,-7.8920,5.7744,84.1383,75.6790,8.4592
PEMAFC-A,1,period_0856,24.150000,-7.9319,5.6713,84.2099,75.6790,8.5309
PEMAFC-A,1,period_0856,24.200000,-7.9690,6.0285,84.2768,75.6790,8.5978
PEMAFC-A,1,period_0856,24.250000,-8.0123,5.9100,84.3203,75.6790,8.6413
PEMAFC-A,1,period_0856,24.300000,-8.0485,5.8460,84.3738,75.6790,8.6948
PEMAFC-A,1,period_0856,24.350000,-8.0953,6.0393,84.4198,75.6790,8.7408
PEMAFC-A,1,period_0856,24.400000,-8.1327,5.9128,84.4435,75.6790,8.7645
PEMAFC-A,1,period_0856,24.450000,-8.1733,6.0753,84.4670,75.6790,8.7879
PEMAFC-A,1,period_0856,24.500000,-8.2116,5.8560,84.4917,75.6790,8.8127
PEMAFC-A,1,period_0856,24.550000,-8.2447,5.4681,84.5081,75.6790,8.8291
PEMAFC-A,1,period_0856,24.600000,-8.2846,6.0250,84.5295,75.6790,8.8504
PEMAFC-A,1,period_0856,24.650000,-8.3259,5.7976,84.5792,75.6790,8.9002
PEMAFC-A,1,period_0856,24.700000,-8.3687,5.8180,84.6148,75.6790,8.9358
PEMAFC-A,1,period_0856,24.750000,-8.4102,5.7048,84.6478,75.6790,8.9688
PEMAFC-A,1,period_0856,24.800000,-8.4536,6.5764,84.7771,75.6790,9.0980
PEMAFC-A,1,period_0856,24.850000,-8.4955,6.0381,84.8032,75.6790,9.1242
PEMAFC-A,1,period_0856,24.900000,-8.5402,6.2411,84.8489,75.6790,9.1699
PEMAFC-A,1,period_0856,24.950000,-8.5824,6.2049,84.9026,75.6790,9.2236
PEMAFC-A,1,period_0856,25.000000,-8.6232,6.3384,84.9417,75.6790,9.2627
PEMAFC-A,1,period_0856,25.050000,-8.6685,6.1595,85.0269,75.6790,9.3478
PEMAFC-A,1,period_0856,25.100000,-8.7117,6.0922,85.0670,75.6790,9.3880
PEMAFC-A,1,period_0856,25.150000,-8.7585,6.2685,85.1061,75.6790,9.4271
PEMAFC-A,1,period_0856,25.200000,-8.8023,6.3790,85.1795,75.6790,9.5005
PEMAFC-A,1,period_0856,25.250000,-8.8377,6.3587,85.2082,75.6790,9.5292
PEMAFC-A,1,period_0856,25.300000,-8.8733,6.2112,85.2243,75.6790,9.5453
PEMAFC-A,1,period_0856,25.350000,-8.9143,6.5436,85.2517,75.6790,9.5727
PEMAFC-A,1,period_0856,25.400000,-8.9527,6.4630,85.3099,75.6790,9.6309
PEMAFC-A,1,period_0856,25.450000,-8.9910,6.3062,85.3365,75.6790,9.6575
PEMAFC-A,1,period_0856,25.500000,-9.0319,6.0151,85.3524,75.6790,9.6734
PEMAFC-A,1,period_0856,25.550000,-9.0751,6.0984,85.3827,75.6790,9.7037
PEMAFC-A,1,period_0856,25.600000,-9.1148,5.8771,85.4046,75.6790,9.7256
PEMAFC-A,1,period_0856,25.650000,-9.1565,6.0196,85.4434,75.6790,9.7643
PEMAFC-A,1,period_0856,25.700000,-9.1955,6.3602,85.4734,75.6790,9.7943
PEMAFC-A,1,period_0856,25.750000,-9.2358,6.0127,85.4875,75.6790,9.8085
PEMAFC-A,1,period_0856,25.800000,-9.2765,6.3310,85.5647,75.6790,9.8857
PEMAFC-A,1,period_0856,25.850000,-9.3184,6.1130,85.6192,75.6790,9.9402
PEMAFC-A,1,period_0856,25.900000,-9.3662,7.0877,85.6807,75.6790,10.0017
PEMAFC-A,1,period_0856,25.950000,-9.4040,6.3537,85.6946,75.6790,10.0156
PEMAFC-A,1,period_0856,26.000000,-9.4437,6.3583,85.7098,75.6790,10.0307
PEMAFC-A,1,period_0856,26.050000,-9.4807,6.6381,85.7524,75.6790,10.0734
PEMAFC-A,1,period_0856,26.100000,-9.5216,6.7610,85.8150,75.6790,10.1359
PEMAFC-A,1,period_0856,26.150000,-9.5625,6.7838,85.8587,75.6790,10.1797
PEMAFC-A,1,period_0856,26.200000,-9.6018,6.0286,85.8958,75.6790,10.2167
PEMAFC-A,1,period_0856,26.250000,-9.6438,6.7594,85.9487,75.6790,10.2696
PEMAFC-A,1,period_0856,26.300000,-9.6864,6.7635,86.0014,75.6790,10.3223
PEMAFC-A,1,period_0856,26.350000,-9.7306,6.6313,86.0969,75.6790,10.4179
PEMAFC-A,1,period_0856,26.400000,-9.7672,6.4847,86.1587,75.6790,10.4797
PEMAFC-A,1,period_0856,26.450000,-9.8105,6.7080,86.2088,75.6790,10.5298
PEMAFC-A,1,period_0856,26.500000,-9.8428,6.3356,86.2576,75.6790,10.5786
PEMAFC-A,1,period_0856,26.550000,-9.8824,6.8140,86.3108,75.6790,10.6318
PEMAFC-A,1,period_0856,26.600000,-9.9209,6.6463,86.3522,75.6790,10.6731
PEMAFC-A,1,period_0856,26.650000,-9.9594,6.5467,86.3906,75.6790,10.7116
PEMAFC-A,1,period_0856,26.700000,-10.0024,6.6338,86.4151,75.6790,10.7361
PEMAFC-A,1,period_0856,26.750000,-10.0435,6.1944,86.4314,75.6790,10.7524
PEMAFC-A,1,period_0856,26.800000,-10.0830,6.8228,86.4641,75.6790,10.7851
PEMAFC-A,1,period_0856,26.850000,-10.1250,6.8160,86.4807,75.6790,10.8017
PEMAFC-A,1,period_0856,26.900000,-10.1639,6.6622,86.5480,75.6790,10.8690
PEMAFC-A,1,period_0856,26.950000,-10.2095,6.8649,86.5956,75.6790,10.9166
PEMAFC-A,1,period_0856,27.000000,-10.2591,7.0347,86.6381,75.6790,10.9590
PEMAFC-A,1,period_0856,27.050000,-10.2958,6.5889,86.6705,75.6790,10.9914
PEMAFC-A,1,period_0856,27.100000,-10.3314,6.8249,86.6855,75.6790,11.0065
PEMAFC-A,1,period_0856,27.150000,-10.3776,7.1746,86.8019,75.6790,11.1229
PEMAFC-A,1,period_0856,27.200000,-10.4217,6.6300,86.8485,75.6790,11.1694
PEMAFC-A,1,period_0856,27.250000,-10.4583,6.7703,86.8833,75.6790,11.2042
PEMAFC-A,1,period_0856,27.300000,-10.5000,7.0356,86.9191,75.6790,11.2401
PEMAFC-A,1,period_0856,27.350000,-10.5393,7.1750,87.0259,75.6790,11.3469
PEMAFC-A,1,period_0856,27.400000,-10.5787,6.9944,87.0525,75.6790,11.3735
PEMAFC-A,1,period_0856,27.450000,-10.6221,7.0948,87.1543,75.6790,11.4752
PEMAFC-A,1,period_0856,27.500000,-10.6601,6.8478,87.1950,75.6790,11.5160
PEMAFC-A,1,period_0856,27.550000,-10.7019,6.8054,87.2201,75.6790,11.5411
PEMAFC-A,1,period_0856,27.600000,-10.7412,7.0017,87.2649,75.6790,11.5858
PEMAFC-A,1,period_0856,27.650000,-10.7761,6.8295,87.2957,75.6790,11.6166
PEMAFC-A,1,period_0856,27.700000,-10.8205,6.6892,87.3102,75.6790,11.6312
PEMAFC-A,1,period_0856,27.750000,-10.8627,7.3738,87.3343,75.6790,11.6552
PEMAFC-A,1,period_0856,27.800000,-10.9009,6.9534,87.3683,75.6790,11.6893
PEMAFC-A,1,period_0856,27.850000,-10.9381,7.2787,87.3993,75.6790,11.7202
PEMAFC-A,1,period_0856,27.900000,-10.9779,6.5105,87.4219,75.6790,11.7429
PEMAFC-A,1,period_0856,27.950000,-11.0198,7.0005,87.4734,75.6790,11.7944
PEMAFC-A,1,period_0856,28.000000,-11.0654,8.1064,87.5125,75.6790,11.8335
PEMAFC-A,1,period_0856,28.050000,-11.1088,6.6353,87.5413,75.6790,11.8623
PEMAFC-A,1,period_0856,28.100000,-11.1474,7.1154,87.6179,75.6790,11.9389
PEMAFC-A,1,period_0856,28.150000,-11.1815,6.9895,87.6450,75.6790,11.9660
PEMAFC-A,1,period_0856,28.200000,-11.2349,7.0935,87.7201,75.6790,12.0410
PEMAFC-A,1,period_0856,28.250000,-11.2810,7.3651,87.7580,75.6790,12.0790
PEMAFC-A,1,period_0856,28.300000,-11.3183,7.2728,87.7861,75.6790,12.1071
PEMAFC-A,1,period_0856,28.350000,-11.3647,7.2516,87.8335,75.6790,12.1544
PEMAFC-A,1,period_0856,28.400000,-11.4045,7.5271,87.8676,75.6790,12.1886
PEMAFC-A,1,period_0856,28.450000,-11.4495,7.5888,87.9435,75.6790,12.2645
PEMAFC-A,1,period_0856,28.500000,-11.4891,7.4184,87.9818,75.6790,12.3028
PEMAFC-A,1,period_0856,28.550000,-11.5263,7.0135,88.0262,75.6790,12.3472
PEMAFC-A,1,period_0856,28.600000,-11.5661,7.1452,88.0544,75.6790,12.3754
PEMAFC-A,1,period_0856,28.650000,-11.6065,7.4732,88.1034,75.6790,12.4244
PEMAFC-A,1,period_0856,28.700000,-11.6518,7.5462,88.1369,75.6790,12.4578
PEMAFC-A,1,period_0856,28.750000,-11.6893,7.4801,88.1737,75.6790,12.4947
PEMAFC-A,1,period_0856,28.800000,-11.7268,7.4438,88.1920,75.6790,12.5130
PEMAFC-A,1,period_0856,28.850000,-11.7598,7.2695,88.2085,75.6790,12.5294
PEMAFC-A,1,period_0856,28.900000,-11.8027,8.1343,88.2725,75.6790,12.5935
PEMAFC-A,1,period_0856,28.950000,-11.8466,7.5569,88.3505,75.6790,12.6715
PEMAFC-A,1,period_0856,29.000000,-11.8995,7.7986,88.3896,75.6790,12.7106
PEMAFC-A,1,period_0856,29.050000,-11.9483,7.6405,88.4341,75.6790,12.7550
PEMAFC-A,1,period_0856,29.100000,-11.9867,7.3666,88.4690,75.6790,12.7899
PEMAFC-A,1,period_0856,29.150000,-12.0253,7.7190,88.5115,75.6790,12.8325
PEMAFC-A,1,period_0856,29.200000,-12.0763,7.3890,88.5698,75.6790,12.8908
PEMAFC-A,1,period_0856,29.250000,-12.1200,6.7213,88.6110,75.6790,12.9320
PEMAFC-A,1,period_0856,29.300000,-12.1581,8.0120,88.6636,75.6790,12.9846
PEMAFC-A,1,period_0856,29.350000,-12.1974,7.3876,88.6756,75.6790,12.9966
PEMAFC-A,1,period_0856,29.400000,-12.2338,7.7774,88.7227,75.6790,13.0437
PEMAFC-A,1,period_0856,29.450000,-12.2814,8.0170,88.7770,75.6790,13.0980
PEMAFC-A,1,period_0856,29.500000,-12.3259,7.6039,88.8019,75.6790,13.1228
PEMAFC-A,1,period_0856,29.550000,-12.3687,7.4236,88.8364,75.6790,13.1574
PEMAFC-A,1,period_0856,29.600000,-12.4114,7.6098,88.8954,75.6790,13.2164
PEMAFC-A,1,period_0856,29.650000,-12.4543,7.6490,88.9282,75.6790,13.2492
PEMAFC-A,1,period_0856,29.700000,-12.4905,7.0986,88.9577,75.6790,13.2787
PEMAFC-A,1,period_0856,29.750000,-12.5332,6.7219,88.9950,75.6790,13.3159
PEMAFC-A,1,period_0856,29.800000,-12.5716,7.7545,89.0328,75.6790,13.3537
PEMAFC-A,1,period_0856,29.850000,-12.6069,7.4243,89.0382,75.6790,13.3592
PEMAFC-A,1,period_0856,29.900000,-12.6432,7.4778,89.0673,75.6790,13.3883
PEMAFC-A,1,period_0856,29.950000,-12.6917,7.7972,89.1272,75.6790,13.4482
PEMAFC-A,1,period_0856,30.000000,-12.7307,7.3711,89.1844,75.6790,13.5054
PEMAFC-A,2,period_0916,30.000667,-3.5759,-32.9808,77.7572,76.8005,0.9567
PEMAFC-A,2,period_0916,30.050000,-3.6095,2.9210,77.7873,76.8005,0.9868
PEMAFC-A,2,period_0916,30.100000,-3.6480,3.1187,77.8109,76.8005,1.0104
PEMAFC-A,2,period_0916,30.150000,-3.6864,3.6874,77.8323,76.8005,1.0318
PEMAFC-A,2,period_0916,30.200000,-3.7208,3.0185,77.8677,76.8005,1.0672
PEMAFC-A,2,period_0916,30.250000,-3.7621,3.5810,77.9119,76.8005,1.1114
PEMAFC-A,2,period_0916,30.300000,-3.7987,3.6342,77.9553,76.8005,1.1548
PEMAFC-A,2,period_0916,30.350000,-3.8371,3.4797,77.9997,76.8005,1.1992
PEMAFC-A,2,period_0916,30.400000,-3.8792,3.4403,78.0133,76.8005,1.2128
PEMAFC-A,2,period_0916,30.450000,-3.9242,3.0194,78.0513,76.8005,1.2508
PEMAFC-A,2,period_0916,30.500000,-3.9625,3.6003,78.0746,76.8005,1.2741
PEMAFC-A,2,period_0916,30.550000,-4.0076,3.0813,78.0988,76.8005,1.2983
PEMAFC-A,2,period_0916,30.600000,-4.0506,3.3535,78.1352,76.8005,1.3347
PEMAFC-A,2,period_0916,30.650000,-4.0994,2.7279,78.2847,76.8005,1.4842
PEMAFC-A,2,period_0916,30.700000,-4.1340,3.6026,78.3104,76.8005,1.5099
PEMAFC-A,2,period_0916,30.750000,-4.1750,3.9251,78.3278,76.8005,1.5273
PEMAFC-A,2,period_0916,30.800000,-4.2119,3.8271,78.3622,76.8005,1.5617
PEMAFC-A,2,period_0916,30.850000,-4.2515,3.5531,78.4147,76.8005,1.6142
PEMAFC-A,2,period_0916,30.900000,-4.2920,4.1815,78.4443,76.8005,1.6438
PEMAFC-A,2,period_0916,30.950000,-4.3283,4.2810,78.4993,76.8005,1.6988
PEMAFC-A,2,period_0916,31.000000,-4.3699,3.9475,78.5254,76.8005,1.7249
PEMAFC-A,2,period_0916,31.050000,-4.4087,3.7337,78.5372,76.8005,1.7367
PEMAFC-A,2,period_0916,31.100000,-4.4476,4.0600,78.5629,76.8005,1.7624
PEMAFC-A,2,period_0916,31.150000,-4.4863,3.8376,78.6274,76.8005,1.8269
PEMAFC-A,2,period_0916,31.200000,-4.5257,4.0013,78.6874,76.8005,1.8869
PEMAFC-A,2,period_0916,31.250000,-4.5690,4.2157,78.7376,76.8005,1.9371
PEMAFC-A,2,period_0916,31.300000,-4.6096,3.5286,78.8121,76.8005,2.0116
PEMAFC-A,2,period_0916,31.350000,-4.6511,3.8943,78.8431,76.8005,2.0426
PEMAFC-A,2,period_0916,31.400000,-4.6984,3.8975,78.8782,76.8005,2.0778
PEMAFC-A,2,period_0916,31.450000,-4.7395,3.9184,78.9070,76.8005,2.1065
PEMAFC-A,2,period_0916,31.500000,-4.7777,4.3846,78.9245,76.8005,2.1240
PEMAFC-A,2,period_0916,31.550000,-4.8198,3.4586,78.9627,76.8005,2.1622
PEMAFC-A,2,period_0916,31.600000,-4.8602,3.9198,79.0076,76.8005,2.2071
PEMAFC-A,2,period_0916,31.650000,-4.8992,4.0107,79.0704,76.8005,2.2699
PEMAFC-A,2,period_0916,31.700000,-4.9408,4.4687,79.0721,76.8005,2.2716
PEMAFC-A,2,period_0916,31.750000,-4.9804,4.7125,79.1102,76.8005,2.3097
PEMAFC-A,2,period_0916,31.800000,-5.0211,4.5202,79.1425,76.8005,2.3420
PEMAFC-A,2,period_0916,31.850000,-5.0533,4.7504,79.1609,76.8005,2.3604
PEMAFC-A,2,period_0916,31.900000,-5.0958,4.7402,79.2033,76.8005,2.4028
PEMAFC-A,2,period_0916,31.950000,-5.1298,4.8206,79.2097,76.8005,2.4092
PEMAFC-A,2,period_0916,32.000000,-5.1749,4.2295,79.2890,76.8005,2.4885
PEMAFC-A,2,period_0916,32.050000,-5.2169,4.1680,79.3574,76.8005,2.5569
PEMAFC-A,2,period_0916,32.100000,-5.2663,4.4773,79.3745,76.8005,2.5740
PEMAFC-A,2,period_0916,32.150000,-5.3058,4.3931,79.3858,76.8005,2.5853
PEMAFC-A,2,period_0916,32.200000,-5.3418,5.4280,79.4160,76.8005,2.6155
PEMAFC-A,2,period_0916,32.250000,-5.3832,4.7626,79.4684,76.8005,2.6679
PEMAFC-A,2,period_0916,32.300000,-5.4233,4.5295,79.4915,76.8005,2.6910
PEMAFC-A,2,period_0916,32.350000,-5.4642,4.8533,79.5280,76.8005,2.7275
PEMAFC-A,2,period_0916,32.400000,-5.5046,4.6799,79.5726,76.8005,2.7721
PEMAFC-A,2,period_0916,32.450000,-5.5400,5.0269,79.6091,76.8005,2.8086
PEMAFC-A,2,period_0916,32.500000,-5.5874,3.7130,79.7145,76.8005,2.9140
PEMAFC-A,2,period_0916,32.550000,-5.6370,3.8491,79.7552,76.8005,2.9547
PEMAFC-A,2,period_0916,32.600000,-5.6746,4.8582,79.7761,76.8005,2.9756
PEMAFC-A,2,period_0916,32.650000,-5.7096,5.6714,79.7934,76.8005,2.9929
PEMAFC-A,2,period_0916,32.700000,-5.7523,4.2677,79.8661,76.8005,3.0656
PEMAFC-A,2,period_0916,32.750000,-5.7955,4.8953,79.9001,76.8005,3.0996
PEMAFC-A,2,period_0916,32.800000,-5.8389,4.5914,79.9947,76.8005,3.1942
PEMAFC-A,2,period_0916,32.850000,-5.8790,5.5138,80.0186,76.8005,3.2181
PEMAFC-A,2,period_0916,32.900000,-5.9195,4.6327,80.0807,76.8005,3.2802
PEMAFC-A,2,period_0916,32.950000,-5.9575,5.8072,80.0995,76.8005,3.2991
PEMAFC-A,2,period_0916,33.000000,-6.0021,4.7553,80.1162,76.8005,3.3157
PEMAFC-A,2,period_0916,33.050000,-6.0458,4.8502,80.1649,76.8005,3.3644
PEMAFC-A,2,period_0916,33.100000,-6.0859,5.1875,80.2111,76.8005,3.4106
PEMAFC-A,2,period_0916,33.150000,-6.1236,5.1211,80.2665,76.8005,3.4660
PEMAFC-A,2,period_0916,33.200000,-6.1556,5.5653,80.2715,76.8005,3.4710
PEMAFC-A,2,period_0916,33.250000,-6.1896,5.6242,80.2893,76.8005,3.4888
PEMAFC-A,2,period_0916,33.300000,-6.2337,5.4370,80.3705,76.8005,3.5700
PEMAFC-A,2,period_0916,33.350000,-6.2733,5.3025,80.4125,76.8005,3.6120
PEMAFC-A,2,period_0916,33.400000,-6.3291,3.9428,80.6178,76.8005,3.8173
PEMAFC-A,2,period_0916,33.450000,-6.3646,5.5679,80.6577,76.8005,3.8572
PEMAFC-A,2,period_0916,33.500000,-6.4120,5.2628,80.6700,76.8005,3.8695
PEMAFC-A,2,period_0916,33.550000,-6.4548,4.9052,80.7068,76.8005,3.9063
PEMAFC-A,2,period_0916,33.600000,-6.5029,5.7472,80.7335,76.8005,3.9330
PEMAFC-A,2,period_0916,33.650000,-6.5360,6.1868,80.7536,76.8005,3.9531
PEMAFC-A,2,period_0916,33.700000,-6.5793,5.0419,80.8552,76.8005,4.0547
PEMAFC-A,2,period_0916,33.750000,-6.6191,5.4398,80.9021,76.8005,4.1016
PEMAFC-A,2,period_0916,33.800000,-6.6543,5.7028,80.9482,76.8005,4.1477
PEMAFC-A,2,period_0916,33.850000,-6.6888,6.2814,80.9730,76.8005,4.1725
PEMAFC-A,2,period_0916,33.900000,-6.7276,5.4998,81.0079,76.8005,4.2074
PEMAFC-A,2,period_0916,33.950000,-6.7694,5.9203,81.0798,76.8005,4.2793
PEMAFC-A,2,period_0916,34.000000,-6.8058,5.9933,81.0994,76.8005,4.2989
PEMAFC-A,2,period_0916,34.050000,-6.8434,6.0964,81.1521,76.8005,4.3516
PEMAFC-A,2,period_0916,34.100000,-6.8855,5.9274,81.1996,76.8005,4.3991
PEMAFC-A,2,period_0916,34.150000,-6.9249,6.0857,81.2302,76.8005,4.4297
PEMAFC-A,2,period_0916,34.200000,-6.9828,4.7523,81.3148,76.8005,4.5143
PEMAFC-A,2,period_0916,34.250000,-7.0336,4.8456,81.3513,76.8005,4.5508
PEMAFC-A,2,period_0916,34.300000,-7.0723,5.8737,81.3996,76.8005,4.5991
PEMAFC-A,2,period_0916,34.350000,-7.1088,6.6851,81.4132,76.8005,4.6127
PEMAFC-A,2,period_0916,34.400000,-7.1442,5.8612,81.4519,76.8005,4.6514
PEMAFC-A,2,period_0916,34.450000,-7.1799,6.3285,81.4823,76.8005,4.6818
PEMAFC-A,2,period_0916,34.500000,-7.2162,6.1364,81.5163,76.8005,4.7158
PEMAFC-A,2,period_0916,34.550000,-7.2615,5.4524,81.5749,76.8005,4.7744
PEMAFC-A,2,period_0916,34.600000,-7.2971,5.9220,81.6481,76.8005,4.8476
PEMAFC-A,2,period_0916,34.650000,-7.3386,6.1239,81.6769,76.8005,4.8765
PEMAFC-A,2,period_0916,34.700000,-7.3812,5.7810,81.7223,76.8005,4.9218
PEMAFC-A,2,period_0916,34.750000,-7.4168,6.8131,81.7451,76.8005,4.9446
PEMAFC-A,2,period_0916,34.800000,-7.4581,5.7693,81.7675,76.8005,4.9670
PEMAFC-A,2,period_0916,34.850000,-7.4960,6.8611,81.7840,76.8005,4.9835
PEMAFC-A,2,period_0916,34.900000,-7.5350,5.9599,81.8246,76.8005,5.0241
PEMAFC-A,2,period_0916,34.950000,-7.5790,6.2012,81.8622,76.8005,5.0618
PEMAFC-A,2,period_0916,35.000000,-7.6155,6.3691,81.9143,76.8005,5.1138
PEMAFC-A,2,period_0916,35.050000,-7.6557,6.0929,81.9617,76.8005,5.1612
PEMAFC-A,2,period_0916,35.100000,-7.6920,6.4979,82.0074,76.8005,5.2069
PEMAFC-A,2,period_0916,35.150000,-7.7317,6.3054,82.0621,76.8005,5.2616
PEMAFC-A,2,period_0916,35.200000,-7.7753,6.4884,82.1058,76.8005,5.3053
PEMAFC-A,2,period_0916,35.250000,-7.8102,6.6101,82.1201,76.8005,5.3197
PEMAFC-A,2,period_0916,35.300000,-7.8513,6.0778,82.1437,76.8005,5.3432
PEMAFC-A,2,period_0916,35.350000,-7.8893,6.6152,82.1990,76.8005,5.3985
PEMAFC-A,2,period_0916,35.400000,-7.9322,6.8562,82.2034,76.8005,5.4029
PEMAFC-A,2,period_0916,35.450000,-7.9729,6.1343,82.2951,76.8005,5.4946
PEMAFC-A,2,period_0916,35.500000,-8.0187,5.6664,82.3455,76.8005,5.5450
PEMAFC-A,2,period_0916,35.550000,-8.0540,6.6152,82.3486,76.8005,5.5481
PEMAFC-A,2,period_0916,35.600000,-8.0933,6.8781,82.3939,76.8005,5.5934
PEMAFC-A,2,period_0916,35.650000,-8.1410,5.7130,82.5247,76.8005,5.7242
PEMAFC-A,2,period_0916,35.700000,-8.1779,7.0002,82.5784,76.8005,5.7779
PEMAFC-A,2,period_0916,35.750000,-8.2179,7.4186,82.5809,76.8005,5.7804
PEMAFC-A,2,period_0916,35.800000,-8.2573,7.1099,82.6113,76.8005,5.8108
PEMAFC-A,2,period_0916,35.850000,-8.2933,6.6246,82.6395,76.8005,5.8390
PEMAFC-A,2,period_0916,35.900000,-8.3319,6.9320,82.6637,76.8005,5.8632
PEMAFC-A,2,period_0916,35.950000,-8.3721,6.4680,82.7075,76.8005,5.9070
PEMAFC-A,2,period_0916,36.000000,-8.4116,6.6885,82.7433,76.8005,5.9428
PEMAFC-A,2,period_0916,36.050000,-8.4566,6.7339,82.8059,76.8005,6.0054
PEMAFC-A,2,period_0916,36.100000,-8.5045,6.4260,82.8214,76.8005,6.0209
PEMAFC-A,2,period_0916,36.150000,-8.5452,6.8351,82.8451,76.8005,6.0446
PEMAFC-A,2,period_0916,36.200000,-8.5835,6.9945,82.8928,76.8005,6.0924
PEMAFC-A,2,period_0916,36.250000,-8.6241,7.2554,82.9079,76.8005,6.1074
PEMAFC-A,2,period_0916,36.300000,-8.6678,6.6539,82.9569,76.8005,6.1564
PEMAFC-A,2,period_0916,36.350000,-8.7075,6.9910,82.9860,76.8005,6.1855
PEMAFC-A,2,period_0916,36.400000,-8.7514,6.4822,83.0080,76.8005,6.2075
PEMAFC-A,2,period_0916,36.450000,-8.7963,6.9338,83.0430,76.8005,6.2425
PEMAFC-A,2,period_0916,36.500000,-8.8363,6.8515,83.0676,76.8005,6.2671
PEMAFC-A,2,period_0916,36.550000,-8.8760,7.7196,83.0880,76.8005,6.2875
PEMAFC-A,2,period_0916,36.600000,-8.9141,7.9687,83.1279,76.8005,6.3274
PEMAFC-A,2,period_0916,36.650000,-8.9520,7.6155,83.1529,76.8005,6.3524
PEMAFC-A,2,period_0916,36.700000,-8.9920,6.6867,83.2054,76.8005,6.4049
PEMAFC-A,2,period_0916,36.750000,-9.0266,7.6502,83.2324,76.8005,6.4319
PEMAFC-A,2,period_0916,36.800000,-9.0705,7.0338,83.2949,76.8005,6.4944
PEMAFC-A,2,period_0916,36.850000,-9.1031,7.6130,83.2970,76.8005,6.4965
PEMAFC-A,2,period_0916,36.900000,-9.1427,6.9537,83.3821,76.8005,6.5816
PEMAFC-A,2,period_0916,36.950000,-9.1799,8.1156,83.4059,76.8005,6.6054
PEMAFC-A,2,period_0916,37.000000,-9.2158,8.1112,83.4205,76.8005,6.6200
PEMAFC-A,2,period_0916,37.050000,-9.2655,5.8445,83.4651,76.8005,6.6646
PEMAFC-A,2,period_0916,37.100000,-9.3084,7.6384,83.4863,76.8005,6.6858
PEMAFC-A,2,period_0916,37.150000,-9.3529,6.8025,83.5383,76.8005,6.7378
PEMAFC-A,2,period_0916,37.200000,-9.3975,7.2323,83.5739,76.8005,6.7734
PEMAFC-A,2,period_0916,37.250000,-9.4446,7.1734,83.6008,76.8005,6.8003
PEMAFC-A,2,period_0916,37.300000,-9.4831,7.4410,83.6246,76.8005,6.8241
PEMAFC-A,2,period_0916,37.350000,-9.5237,8.0078,83.6554,76.8005,6.8550
PEMAFC-A,2,period_0916,37.400000,-9.5562,8.7718,83.6887,76.8005,6.8882
PEMAFC-A,2,period_0916,37.450000,-9.5967,7.3802,83.7478,76.8005,6.9473
PEMAFC-A,2,period_0916,37.500000,-9.6439,6.6653,83.8212,76.8005,7.0207
PEMAFC-A,2,period_0916,37.550000,-9.6829,8.0954,83.8529,76.8005,7.0524
PEMAFC-A,2,period_0916,37.600000,-9.7147,8.1292,83.8610,76.8005,7.0605
PEMAFC-A,2,period_0916,37.650000,-9.7578,7.9845,83.9223,76.8005,7.1218
PEMAFC-A,2,period_0916,37.700000,-9.8035,7.0897,83.9474,76.8005,7.1469
PEMAFC-A,2,period_0916,37.750000,-9.8391,7.4606,83.9684,76.8005,7.1679
PEMAFC-A,2,period_0916,37.800000,-9.8861,7.0750,83.9790,76.8005,7.1785
PEMAFC-A,2,period_0916,37.850000,-9.9210,8.1431,83.9810,76.8005,7.1805
PEMAFC-A,2,period_0916,37.900000,-9.9555,8.0066,84.0053,76.8005,7.2048
PEMAFC-A,2,period_0916,37.950000,-10.0003,7.6129,84.0561,76.8005,7.2556
PEMAFC-A,2,period_0916,38.000000,-10.0362,7.8731,84.0797,76.8005,7.2792
PEMAFC-A,2,period_0916,38.050000,-10.0759,8.1901,84.1154,76.8005,7.3150
PEMAFC-A,2,period_0916,38.100000,-10.1159,8.2639,84.1399,76.8005,7.3394
PEMAFC-A,2,period_0916,38.150000,-10.1555,7.8270,84.1624,76.8005,7.3619
PEMAFC-A,2,period_0916,38.200000,-10.2028,7.4837,84.2303,76.8005,7.4298
PEMAFC-A,2,period_0916,38.250000,-10.2462,7.4307,84.2471,76.8005,7.4466
PEMAFC-A,2,period_0916,38.300000,-10.2950,6.6241,84.3298,76.8005,7.5293
PEMAFC-A,2,period_0916,38.350000,-10.3269,8.4368,84.3776,76.8005,7.5771
PEMAFC-A,2,period_0916,38.400000,-10.3649,8.5802,84.3840,76.8005,7.5835
PEMAFC-A,2,period_0916,38.450000,-10.3997,8.2771,84.4234,76.8005,7.6229
PEMAFC-A,2,period_0916,38.500000,-10.4463,8.1228,84.4526,76.8005,7.6521
PEMAFC-A,2,period_0916,38.550000,-10.4835,7.3165,84.5312,76.8005,7.7307
PEMAFC-A,2,period_0916,38.600000,-10.5327,7.3251,84.5218,76.8005,7.7213
PEMAFC-A,2,period_0916,38.650000,-10.5921,6.2853,84.7035,76.8005,7.9031
PEMAFC-A,2,period_0916,38.700000,-10.6389,6.4314,84.7764,76.8005,7.9759
PEMAFC-A,2,period_0916,38.750000,-10.6771,9.0400,84.7941,76.8005,7.9936
PEMAFC-A,2,period_0916,38.800000,-10.7126,8.4876,84.7917,76.8005,7.9912
PEMAFC-A,2,period_0916,38.850000,-10.7523,8.6103,84.8479,76.8005,8.0474
PEMAFC-A,2,period_0916,38.900000,-10.7890,8.2901,84.8835,76.8005,8.0830
PEMAFC-A,2,period_0916,38.950000,-10.8285,8.4434,84.9266,76.8005,8.1261
PEMAFC-A,2,period_0916,39.000000,-10.8737,8.2882,84.9936,76.8005,8.1931
PEMAFC-A,2,period_0916,39.050000,-10.9218,7.4415,85.1146,76.8005,8.3142
PEMAFC-A,2,period_0916,39.100000,-10.9598,8.0601,85.1503,76.8005,8.3498
PEMAFC-A,2,period_0916,39.150000,-10.9948,8.3038,85.1444,76.8005,8.3439
PEMAFC-A,2,period_0916,39.200000,-11.0280,9.6216,85.1507,76.8005,8.3502
PEMAFC-A,2,period_0916,39.250000,-11.0612,8.7579,85.1480,76.8005,8.3475
PEMAFC-A,2,period_0916,39.300000,-11.0982,8.6039,85.1663,76.8005,8.3658
PEMAFC-A,2,period_0916,39.350000,-11.1462,7.8347,85.2188,76.8005,8.4183
PEMAFC-A,2,period_0916,39.400000,-11.1880,8.3490,85.2732,76.8005,8.4728
PEMAFC-A,2,period_0916,39.450000,-11.2321,7.3320,85.3392,76.8005,8.5387
PEMAFC-A,2,period_0916,39.500000,-11.2749,8.7955,85.4030,76.8005,8.6025
PEMAFC-A,2,period_0916,39.550000,-11.3114,9.0447,85.4267,76.8005,8.6263
PEMAFC-A,2,period_0916,39.600000,-11.3589,7.4980,85.4663,76.8005,8.6658
PEMAFC-A,2,period_0916,39.650000,-11.3995,8.5796,85.5184,76.8005,8.7179
PEMAFC-A,2,period_0916,39.700000,-11.4499,7.6879,85.5230,76.8005,8.7225
PEMAFC-A,2,period_0916,39.750000,-11.4923,8.0001,85.5680,76.8005,8.7675
PEMAFC-A,2,period_0916,39.800000,-11.5245,9.2542,85.5725,76.8005,8.7720
PEMAFC-A,2,period_0916,39.850000,-11.5604,9.1618,85.6065,76.8005,8.8061
PEMAFC-A,2,period_0916,39.900000,-11.6062,8.2826,85.6604,76.8005,8.8599
PEMAFC-A,2,period_0916,39.950000,-11.6481,8.0723,85.7327,76.8005,8.9323
PEMAFC-A,2,period_0916,40.000000,-11.6830,9.2660,85.7578,76.8005,8.9573
PEMAFC-A,2,period_0916,40.050000,-11.7254,8.1108,85.8038,76.8005,9.0033
PEMAFC-A,2,period_0916,40.100000,-11.7633,8.7832,85.8358,76.8005,9.0353
PEMAFC-A,2,period_0916,40.150000,-11.8011,8.8635,85.8712,76.8005,9.0708
PEMAFC-A,2,period_0916,40.200000,-11.8384,9.5928,85.8952,76.8005,9.0947
PEMAFC-A,2,period_0916,40.250000,-11.8890,8.1287,86.0134,76.8005,9.2129
PEMAFC-A,2,period_0916,40.300000,-11.9289,8.7407,86.0704,76.8005,9.2699
PEMAFC-A,2,period_0916,40.350000,-11.9719,9.9297,86.1039,76.8005,9.3034
PEMAFC-A,2,period_0916,40.400000,-12.0098,9.0624,86.1191,76.8005,9.3186
PEMAFC-A,2,period_0916,40.450000,-12.0478,8.9385,86.1595,76.8005,9.3590
PEMAFC-A,2,period_0916,40.500000,-12.0884,8.5704,86.2183,76.8005,9.4178
PEMAFC-A,2,period_0916,40.550000,-12.1284,8.3107,86.2841,76.8005,9.4836
PEMAFC-A,2,period_0916,40.600000,-12.1655,9.0194,86.3009,76.8005,9.5004
PEMAFC-A,2,period_0916,40.650000,-12.2057,8.0472,86.3337,76.8005,9.5332
PEMAFC-A,2,period_0916,40.700000,-12.2384,8.8525,86.3553,76.8005,9.5548
PEMAFC-A,2,period_0916,40.750000,-12.2871,7.0691,86.5021,76.8005,9.7016
PEMAFC-A,2,period_0916,40.800000,-12.3251,8.9357,86.5651,76.8005,9.7646
PEMAFC-A,2,period_0916,40.850000,-12.3647,8.2222,86.5843,76.8005,9.7838
PEMAFC-A,2,period_0916,40.900000,-12.4012,9.5436,86.5777,76.8005,9.7772
PEMAFC-A,2,period_0916,40.950000,-12.4363,9.4313,86.5870,76.8005,9.7865
PEMAFC-A,2,period_0916,41.000000,-12.4839,7.5904,86.6790,76.8005,9.8785
PEMAFC-A,2,period_0916,41.050000,-12.5195,9.3177,86.6672,76.8005,9.8667
PEMAFC-A,2,period_0916,41.100000,-12.5597,8.6602,86.6712,76.8005,9.8708
PEMAFC-A,2,period_0916,41.150000,-12.6076,9.0083,86.7467,76.8005,9.9462
PEMAFC-A,2,period_0916,41.200000,-12.6476,8.5729,86.7358,76.8005,9.9353
PEMAFC-A,2,period_0916,41.250000,-12.6802,8.8726,86.7174,76.8005,9.9169
PEMAFC-A,2,period_0916,41.300000,-12.7237,8.4326,86.7707,76.8005,9.9702
PEMAFC-A,2,period_0916,41.350000,-12.7675,9.0785,86.7895,76.8005,9.9890
PEMAFC-A,2,period_0916,41.400000,-12.8027,8.8811,86.8090,76.8005,10.0085
PEMAFC-A,2,period_0916,41.450000,-12.8375,9.6595,86.8194,76.8005,10.0189
PEMAFC-A,2,period_0916,41.500000,-12.8832,8.1878,86.8580,76.8005,10.0575
PEMAFC-A,2,period_0916,41.550000,-12.9323,8.9811,86.8820,76.8005,10.0815
PEMAFC-A,2,period_0916,41.600000,-12.9669,8.2728,86.9048,76.8005,10.1043
PEMAFC-A,2,period_0916,41.650000,-13.0080,9.5721,86.9486,76.8005,10.1482
PEMAFC-A,2,period_0916,41.700000,-13.0407,9.5968,86.9898,76.8005,10.1893
PEMAFC-A,2,period_0916,41.750000,-13.0786,9.3375,87.0356,76.8005,10.2351
PEMAFC-A,2,period_0916,41.800000,-13.1162,9.4183,87.0714,76.8005,10.2709
PEMAFC-A,2,period_0916,41.850000,-13.1584,9.1705,87.1210,76.8005,10.3205
PEMAFC-A,2,period_0916,41.900000,-13.2008,9.1413,87.1328,76.8005,10.3323
PEMAFC-A,2,period_0916,41.950000,-13.2462,8.6513,87.1667,76.8005,10.3662
PEMAFC-A,2,period_0916,42.000000,-13.2848,8.5358,87.1912,76.8005,10.3907
PEMAFC-A,2,period_0916,42.050000,-13.3226,9.5153,87.2426,76.8005,10.4421
PEMAFC-A,2,period_0916,42.100000,-13.3631,10.4835,87.2726,76.8005,10.4721
PEMAFC-A,2,period_0916,42.150000,-13.3982,10.4664,87.2698,76.8005,10.4694
PEMAFC-A,2,period_0916,42.200000,-13.4448,9.1506,87.3678,76.8005,10.5673
PEMAFC-A,2,period_0916,42.250000,-13.4841,9.7523,87.3692,76.8005,10.5687
PEMAFC-A,2,period_0916,42.300000,-13.5205,10.1739,87.3853,76.8005,10.5848
PEMAFC-A,2,period_0916,42.350000,-13.5671,9.3425,87.3964,76.8005,10.5959
PEMAFC-A,2,period_0916,42.400000,-13.6134,8.7969,87.4657,76.8005,10.6652
PEMAFC-A,2,period_0916,42.450000,-13.6502,8.4430,87.4754,76.8005,10.6749
PEMAFC-A,2,period_0916,42.500000,-13.6905,8.6013,87.5729,76.8005,10.7724
PEMAFC-A,2,period_0916,42.550000,-13.7332,9.7947,87.6334,76.8005,10.8329
PEMAFC-A,2,period_0916,42.600000,-13.7808,8.9286,87.6466,76.8005,10.8461
PEMAFC-A,2,period_0916,42.650000,-13.8150,10.4923,87.6536,76.8005,10.8531
PEMAFC-A,2,period_0916,42.700000,-13.8524,10.5486,87.6953,76.8005,10.8948
PEMAFC-A,2,period_0916,42.750000,-13.8967,10.4770,87.7179,76.8005,10.9174
PEMAFC-A,2,period_0916,42.800000,-13.9338,9.2251,87.7579,76.8005,10.9574
PEMAFC-A,2,period_0916,42.850000,-13.9681,10.1034,87.7728,76.8005,10.9723
PEMAFC-A,2,period_0916,42.900000,-14.0137,8.8448,87.7667,76.8005,10.9662
PEMAFC-A,2,period_0916,42.950000,-14.0637,8.0829,87.9088,76.8005,11.1083
PEMAFC-A,2,period_0916,43.000000,-14.0952,10.4071,87.9297,76.8005,11.1292
PEMAFC-A,2,period_0916,43.050000,-14.1430,9.1385,88.0279,76.8005,11.2274
PEMAFC-A,2,period_0916,43.100000,-14.1854,9.1668,88.0947,76.8005,11.2942
PEMAFC-A,2,period_0916,43.150000,-14.2325,8.0812,88.2704,76.8005,11.4699
PEMAFC-A,2,period_0916,43.200000,-14.2580,10.8751,88.2598,76.8005,11.4593
PEMAFC-A,2,period_0916,43.250000,-14.2969,9.6247,88.2987,76.8005,11.4982
PEMAFC-A,2,period_0916,43.300000,-14.3385,9.2901,88.3711,76.8005,11.5706
PEMAFC-A,2,period_0916,43.350000,-14.3852,8.6787,88.3257,76.8005,11.5252
PEMAFC-A,2,period_0916,43.400000,-14.4201,10.8857,88.3404,76.8005,11.5399
PEMAFC-A,2,period_0916,43.450000,-14.4517,10.8848,88.3431,76.8005,11.5426
PEMAFC-A,2,period_0916,43.500000,-14.4955,9.6153,88.4274,76.8005,11.6270
PEMAFC-A,2,period_0916,43.550000,-14.5341,8.8443,88.4386,76.8005,11.6381
PEMAFC-A,2,period_0916,43.600000,-14.5808,9.5041,88.5127,76.8005,11.7122
PEMAFC-A,2,period_0916,43.650000,-14.6304,10.0130,88.6117,76.8005,11.8112
PEMAFC-A,2,period_0916,43.700000,-14.6673,9.0375,88.6188,76.8005,11.8183
PEMAFC-A,2,period_0916,43.750000,-14.7136,8.9716,88.6609,76.8005,11.8604
PEMAFC-A,2,period_0916,43.800000,-14.7665,8.5163,88.6551,76.8005,11.8546
PEMAFC-A,2,period_0916,43.850000,-14.8000,9.1985,88.6718,76.8005,11.8713
PEMAFC-A,2,period_0916,43.900000,-14.8498,8.3799,88.7761,76.8005,11.9756
PEMAFC-A,2,period_0916,43.950000,-14.8919,10.6325,88.7885,76.8005,11.9880
PEMAFC-A,2,period_0916,44.000000,-14.9297,9.0364,88.7693,76.8005,11.9688
PEMAFC-A,2,period_0916,44.050000,-14.9751,9.3755,88.9174,76.8005,12.1169
PEMAFC-A,2,period_0916,44.100000,-15.0190,8.5243,88.9664,76.8005,12.1659
PEMAFC-A,2,period_0916,44.150000,-15.0554,10.2727,88.9873,76.8005,12.1868
PEMAFC-A,2,period_0916,44.200000,-15.1081,9.0443,89.0043,76.8005,12.2038
PEMAFC-A,2,period_0916,44.250000,-15.1384,10.1721,88.9988,76.8005,12.1983
PEMAFC-A,2,period_0916,44.300000,-15.1778,10.7709,89.0474,76.8005,12.2469
PEMAFC-A,2,period_0916,44.350000,-15.2312,8.8028,89.2711,76.8005,12.4706
PEMAFC-A,2,period_0916,44.400000,-15.2747,9.5960,89.3413,76.8005,12.5408
PEMAFC-A,2,period_0916,44.450000,-15.3168,9.2717,89.4409,76.8005,12.6404
PEMAFC-A,2,period_0916,44.500000,-15.3535,10.1075,89.4576,76.8005,12.6571
PEMAFC-A,2,period_0916,44.550000,-15.4055,9.2825,89.5355,76.8005,12.7350
PEMAFC-A,2,period_0916,44.600000,-15.4393,10.4047,89.5455,76.8005,12.7450
PEMAFC-A,2,period_0916,44.650000,-15.4781,10.6454,89.5714,76.8005,12.7709
PEMAFC-A,2,period_0916,44.700000,-15.5197,10.4436,89.6007,76.8005,12.8002
PEMAFC-A,2,period_0916,44.750000,-15.5527,9.8758,89.5851,76.8005,12.7846
PEMAFC-A,2,period_0916,44.800000,-15.6047,8.4803,89.6123,76.8005,12.8118
PEMAFC-A,2,period_0916,44.850000,-15.6357,9.2788,89.6597,76.8005,12.8592
PEMAFC-A,2,period_0916,44.900000,-15.6732,9.1636,89.6348,76.8005,12.8343
PEMAFC-A,2,period_0916,44.950000,-15.7174,10.2106,89.6986,76.8005,12.8981
PEMAFC-A,2,period_0916,45.000000,-15.7630,9.7306,89.7079,76.8005,12.9074
PEMAFC-A,3,period_0943,45.000667,-3.4698,-28.8393,69.9824,67.9790,2.0034
PEMAFC-A,3,period_0943,45.050000,-3.5030,3.1467,70.0131,67.9790,2.0340
PEMAFC-A,3,period_0943,45.100000,-3.5463,3.3848,70.0569,67.9790,2.0779
PEMAFC-A,3,period_0943,45.150000,-3.5925,3.1962,70.1049,67.9790,2.1259
PEMAFC-A,3,period_0943,45.200000,-3.6310,3.5053,70.1338,67.9790,2.1548
PEMAFC-A,3,period_0943,45.250000,-3.6775,3.3836,70.1924,67.9790,2.2133
PEMAFC-A,3,period_0943,45.300000,-3.7245,3.5200,70.2515,67.9790,2.2725
PEMAFC-A,3,period_0943,45.350000,-3.7700,3.5319,70.3227,67.9790,2.3437
PEMAFC-A,3,period_0943,45.400000,-3.8129,3.7613,70.3743,67.9790,2.3952
PEMAFC-A,3,period_0943,45.450000,-3.8526,3.7377,70.4031,67.9790,2.4240
PEMAFC-A,3,period_0943,45.500000,-3.8970,3.6842,70.4497,67.9790,2.4706
PEMAFC-A,3,period_0943,45.550000,-3.9386,3.8417,70.4908,67.9790,2.5118
PEMAFC-A,3,period_0943,45.600000,-3.9789,3.8507,70.5242,67.9790,2.5451
PEMAFC-A,3,period_0943,45.650000,-4.0207,3.8212,70.5771,67.9790,2.5981
PEMAFC-A,3,period_0943,45.700000,-4.0614,3.8096,70.6156,67.9790,2.6365
PEMAFC-A,3,period_0943,45.750000,-4.0945,4.1543,70.6401,67.9790,2.6610
PEMAFC-A,3,period_0943,45.800000,-4.1389,3.8339,70.6784,67.9790,2.6994
PEMAFC-A,3,period_0943,45.850000,-4.1810,3.9063,70.7031,67.9790,2.7241
PEMAFC-A,3,period_0943,45.900000,-4.2269,3.8560,70.7701,67.9790,2.7910
PEMAFC-A,3,period_0943,45.950000,-4.2703,4.0018,70.8210,67.9790,2.8420
PEMAFC-A,3,period_0943,46.000000,-4.3157,4.0253,70.8732,67.9790,2.8941
PEMAFC-A,3,period_0943,46.050000,-4.3590,4.1510,70.9307,67.9790,2.9517
PEMAFC-A,3,period_0943,46.100000,-4.3992,4.3254,70.9684,67.9790,2.9893
PEMAFC-A,3,period_0943,46.150000,-4.4370,4.3442,70.9980,67.9790,3.0190
PEMAFC-A,3,period_0943,46.200000,-4.4757,4.2382,71.0402,67.9790,3.0612
PEMAFC-A,3,period_0943,46.250000,-4.5078,4.4814,71.0628,67.9790,3.0838
PEMAFC-A,3,period_0943,46.300000,-4.5420,4.3838,71.0931,67.9790,3.1140
PEMAFC-A,3,period_0943,46.350000,-4.5762,4.4121,71.1243,67.9790,3.1452
PEMAFC-A,3,period_0943,46.400000,-4.6150,4.5284,71.1562,67.9790,3.1771
PEMAFC-A,3,period_0943,46.450000,-4.6535,4.4331,71.1917,67.9790,3.2127
PEMAFC-A,3,period_0943,46.500000,-4.6910,4.6612,71.2261,67.9790,3.2471
PEMAFC-A,3,period_0943,46.550000,-4.7317,4.6476,71.2577,67.9790,3.2786
PEMAFC-A,3,period_0943,46.600000,-4.7715,4.5694,71.3014,67.9790,3.3223
PEMAFC-A,3,period_0943,46.650000,-4.8177,4.6294,71.3427,67.9790,3.3637
PEMAFC-A,3,period_0943,46.700000,-4.8500,4.8559,71.3557,67.9790,3.3767
PEMAFC-A,3,period_0943,46.750000,-4.8841,4.9139,71.3700,67.9790,3.3909
PEMAFC-A,3,period_0943,46.800000,-4.9174,4.8912,71.3974,67.9790,3.4183
PEMAFC-A,3,period_0943,46.850000,-4.9555,4.7897,71.4394,67.9790,3.4604
PEMAFC-A,3,period_0943,46.900000,-5.0035,4.7637,71.4945,67.9790,3.5155
PEMAFC-A,3,period_0943,46.950000,-5.0465,4.7746,71.5262,67.9790,3.5472
PEMAFC-A,3,period_0943,47.000000,-5.0829,4.8330,71.5431,67.9790,3.5640
PEMAFC-A,3,period_0943,47.050000,-5.1209,5.0345,71.5809,67.9790,3.6018
PEMAFC-A,3,period_0943,47.100000,-5.1593,4.9492,71.6106,67.9790,3.6315
PEMAFC-A,3,period_0943,47.150000,-5.2016,4.8208,71.6542,67.9790,3.6751
PEMAFC-A,3,period_0943,47.200000,-5.2430,5.1089,71.7083,67.9790,3.7292
PEMAFC-A,3,period_0943,47.250000,-5.2836,4.9528,71.7424,67.9790,3.7633
PEMAFC-A,3,period_0943,47.300000,-5.3224,5.1568,71.7811,67.9790,3.8021
PEMAFC-A,3,period_0943,47.350000,-5.3591,5.1478,71.8101,67.9790,3.8311
PEMAFC-A,3,period_0943,47.400000,-5.4067,4.9922,71.8377,67.9790,3.8587
PEMAFC-A,3,period_0943,47.450000,-5.4426,5.1960,71.8616,67.9790,3.8825
PEMAFC-A,3,period_0943,47.500000,-5.4841,5.1848,71.9035,67.9790,3.9244
PEMAFC-A,3,period_0943,47.550000,-5.5276,5.2121,71.9908,67.9790,4.0117
PEMAFC-A,3,period_0943,47.600000,-5.5653,5.5118,72.0179,67.9790,4.0389
PEMAFC-A,3,period_0943,47.650000,-5.6052,5.4497,72.0694,67.9790,4.0903
PEMAFC-A,3,period_0943,47.700000,-5.6425,5.5551,72.0955,67.9790,4.1164
PEMAFC-A,3,period_0943,47.750000,-5.6812,5.4166,72.1157,67.9790,4.1367
PEMAFC-A,3,period_0943,47.800000,-5.7201,5.4413,72.1430,67.9790,4.1640
PEMAFC-A,3,period_0943,47.850000,-5.7638,5.5287,72.1849,67.9790,4.2059
PEMAFC-A,3,period_0943,47.900000,-5.7980,5.6364,72.1990,67.9790,4.2199
PEMAFC-A,3,period_0943,47.950000,-5.8396,5.6127,72.2365,67.9790,4.2575
PEMAFC-A,3,period_0943,48.000000,-5.8817,5.7429,72.2874,67.9790,4.3083
PEMAFC-A,3,period_0943,48.050000,-5.9153,5.8700,72.3143,67.9790,4.3353
PEMAFC-A,3,period_0943,48.100000,-5.9610,5.5385,72.3749,67.9790,4.3958
PEMAFC-A,3,period_0943,48.150000,-6.0024,5.7206,72.4123,67.9790,4.4333
PEMAFC-A,3,period_0943,48.200000,-6.0403,5.7907,72.4492,67.9790,4.4701
PEMAFC-A,3,period_0943,48.250000,-6.0804,5.8806,72.4792,67.9790,4.5002
PEMAFC-A,3,period_0943,48.300000,-6.1186,6.0354,72.5117,67.9790,4.5327
PEMAFC-A,3,period_0943,48.350000,-6.1626,5.9872,72.5618,67.9790,4.5828
PEMAFC-A,3,period_0943,48.400000,-6.2002,5.9133,72.6323,67.9790,4.6533
PEMAFC-A,3,period_0943,48.450000,-6.2402,6.1089,72.6583,67.9790,4.6793
PEMAFC-A,3,period_0943,48.500000,-6.2835,6.0117,72.7146,67.9790,4.7356
PEMAFC-A,3,period_0943,48.550000,-6.3231,6.0635,72.7853,67.9790,4.8063
PEMAFC-A,3,period_0943,48.600000,-6.3611,6.1733,72.8140,67.9790,4.8349
PEMAFC-A,3,period_0943,48.650000,-6.4033,6.2030,72.8303,67.9790,4.8513
PEMAFC-A,3,period_0943,48.700000,-6.4455,6.2191,72.8546,67.9790,4.8756
PEMAFC-A,3,period_0943,48.750000,-6.4828,6.1324,72.8792,67.9790,4.9001
PEMAFC-A,3,period_0943,48.800000,-6.5274,6.1021,72.9059,67.9790,4.9268
PEMAFC-A,3,period_0943,48.850000,-6.5652,6.2200,72.9550,67.9790,4.9760
PEMAFC-A,3,period_0943,48.900000,-6.6011,6.4195,72.9816,67.9790,5.0026
PEMAFC-A,3,period_0943,48.950000,-6.6435,6.2860,73.0241,67.9790,5.0450
PEMAFC-A,3,period_0943,49.000000,-6.6814,6.3902,73.0655,67.9790,5.0865
PEMAFC-A,3,period_0943,49.050000,-6.7204,6.4475,73.0761,67.9790,5.0970
PEMAFC-A,3,period_0943,49.100000,-6.7618,6.4579,73.1282,67.9790,5.1492
PEMAFC-A,3,period_0943,49.150000,-6.8021,6.5327,73.1495,67.9790,5.1704
PEMAFC-A,3,period_0943,49.200000,-6.8386,6.5767,73.1681,67.9790,5.1890
PEMAFC-A,3,period_0943,49.250000,-6.8845,6.5497,73.2220,67.9790,5.2430
PEMAFC-A,3,period_0943,49.300000,-6.9254,6.6806,73.2424,67.9790,5.2634
PEMAFC-A,3,period_0943,49.350000,-6.9669,6.6879,73.2916,67.9790,5.3126
PEMAFC-A,3,period_0943,49.400000,-7.0049,6.8049,73.3228,67.9790,5.3437
PEMAFC-A,3,period_0943,49.450000,-7.0477,6.6756,73.3700,67.9790,5.3909
PEMAFC-A,3,period_0943,49.500000,-7.0848,6.6433,73.4040,67.9790,5.4249
PEMAFC-A,3,period_0943,49.550000,-7.1291,6.8619,73.4630,67.9790,5.4840
PEMAFC-A,3,period_0943,49.600000,-7.1695,6.8042,73.4946,67.9790,5.5155
PEMAFC-A,3,period_0943,49.650000,-7.2117,7.0156,73.5820,67.9790,5.6029
PEMAFC-A,3,period_0943,49.700000,-7.2511,6.8547,73.6158,67.9790,5.6368
PEMAFC-A,3,period_0943,49.750000,-7.2940,6.8132,73.6482,67.9790,5.6692
PEMAFC-A,3,period_0943,49.800000,-7.3352,6.9732,73.6944,67.9790,5.7153
PEMAFC-A,3,period_0943,49.850000,-7.3726,7.0380,73.7198,67.9790,5.7408
PEMAFC-A,3,period_0943,49.900000,-7.4154,7.0106,73.7735,67.9790,5.7945
PEMAFC-A,3,period_0943,49.950000,-7.4565,7.0482,73.8423,67.9790,5.8632
PEMAFC-A,3,period_0943,50.000000,-7.5059,6.9599,73.8820,67.9790,5.9029
PEMAFC-A,3,period_0943,50.050000,-7.5406,7.2257,73.9152,67.9790,5.9362
PEMAFC-A,3,period_0943,50.100000,-7.5829,7.1553,73.9422,67.9790,5.9632
PEMAFC-A,3,period_0943,50.150000,-7.6244,7.4468,73.9845,67.9790,6.0055
PEMAFC-A,3,period_0943,50.200000,-7.6632,6.9692,74.0151,67.9790,6.0361
PEMAFC-A,3,period_0943,50.250000,-7.7013,7.2425,74.0469,67.9790,6.0678
PEMAFC-A,3,period_0943,50.300000,-7.7382,7.4390,74.0985,67.9790,6.1195
PEMAFC-A,3,period_0943,50.350000,-7.7817,7.3817,74.1544,67.9790,6.1754
PEMAFC-A,3,period_0943,50.400000,-7.8176,7.5396,74.1786,67.9790,6.1995
PEMAFC-A,3,period_0943,50.450000,-7.8602,7.4275,74.2304,67.9790,6.2513
PEMAFC-A,3,period_0943,50.500000,-7.9080,7.2744,74.2489,67.9790,6.2699
PEMAFC-A,3,period_0943,50.550000,-7.9542,7.4885,74.2995,67.9790,6.3204
PEMAFC-A,3,period_0943,50.600000,-7.9892,7.6789,74.3486,67.9790,6.3696
PEMAFC-A,3,period_0943,50.650000,-8.0219,7.6962,74.3872,67.9790,6.4081
PEMAFC-A,3,period_0943,50.700000,-8.0633,7.5063,74.4327,67.9790,6.4536
PEMAFC-A,3,period_0943,50.750000,-8.1065,7.5549,74.4868,67.9790,6.5078
PEMAFC-A,3,period_0943,50.800000,-8.1424,7.8473,74.5179,67.9790,6.5389
PEMAFC-A,3,period_0943,50.850000,-8.1854,7.4197,74.5582,67.9790,6.5792
PEMAFC-A,3,period_0943,50.900000,-8.2257,7.8155,74.5887,67.9790,6.6096
PEMAFC-A,3,period_0943,50.950000,-8.2649,7.9712,74.6095,67.9790,6.6305
PEMAFC-A,3,period_0943,51.000000,-8.3101,7.7998,74.6410,67.9790,6.6620
PEMAFC-A,3,period_0943,51.050000,-8.3486,7.7315,74.6647,67.9790,6.6857
PEMAFC-A,3,period_0943,51.100000,-8.3886,7.8168,74.7188,67.9790,6.7397
PEMAFC-A,3,period_0943,51.150000,-8.4254,8.0148,74.7474,67.9790,6.7683
PEMAFC-A,3,period_0943,51.200000,-8.4662,8.0152,74.7756,67.9790,6.7965
PEMAFC-A,3,period_0943,51.250000,-8.5077,8.0348,74.8362,67.9790,6.8572
PEMAFC-A,3,period_0943,51.300000,-8.5510,7.8868,74.8821,67.9790,6.9030
PEMAFC-A,3,period_0943,51.350000,-8.5854,7.7528,74.9079,67.9790,6.9289
PEMAFC-A,3,period_0943,51.400000,-8.6248,8.1497,74.9392,67.9790,6.9601
PEMAFC-A,3,period_0943,51.450000,-8.6719,7.9895,75.0055,67.9790,7.0265
PEMAFC-A,3,period_0943,51.500000,-8.7111,8.1843,75.0432,67.9790,7.0641
PEMAFC-A,3,period_0943,51.550000,-8.7557,8.1204,75.0816,67.9790,7.1026
PEMAFC-A,3,period_0943,51.600000,-8.7946,8.1019,75.1234,67.9790,7.1444
PEMAFC-A,3,period_0943,51.650000,-8.8368,8.1924,75.1683,67.9790,7.1893
PEMAFC-A,3,period_0943,51.700000,-8.8817,8.0685,75.2332,67.9790,7.2541
PEMAFC-A,3,period_0943,51.750000,-8.9225,8.2791,75.2725,67.9790,7.2935
PEMAFC-A,3,period_0943,51.800000,-8.9617,8.3019,75.3142,67.9790,7.3351
PEMAFC-A,3,period_0943,51.850000,-9.0064,8.5341,75.3650,67.9790,7.3859
PEMAFC-A,3,period_0943,51.900000,-9.0484,8.6379,75.4313,67.9790,7.4522
PEMAFC-A,3,period_0943,51.950000,-9.0894,8.6318,75.4557,67.9790,7.4767
PEMAFC-A,3,period_0943,52.000000,-9.1322,8.5215,75.4822,67.9790,7.5031
PEMAFC-A,3,period_0943,52.050000,-9.1694,8.6761,75.5120,67.9790,7.5329
PEMAFC-A,3,period_0943,52.100000,-9.2100,8.8311,75.5435,67.9790,7.5644
PEMAFC-A,3,period_0943,52.150000,-9.2510,8.6644,75.5844,67.9790,7.6053
PEMAFC-A,3,period_0943,52.200000,-9.2908,8.5198,75.6140,67.9790,7.6350
PEMAFC-A,3,period_0943,52.250000,-9.3355,8.6070,75.6585,67.9790,7.6795
PEMAFC-A,3,period_0943,52.300000,-9.3703,8.9567,75.6840,67.9790,7.7050
PEMAFC-A,3,period_0943,52.350000,-9.4110,8.6963,75.7565,67.9790,7.7775
PEMAFC-A,3,period_0943,52.400000,-9.4535,8.9427,75.7932,67.9790,7.8142
PEMAFC-A,3,period_0943,52.450000,-9.4912,8.7852,75.8244,67.9790,7.8454
PEMAFC-A,3,period_0943,52.500000,-9.5247,8.9617,75.8500,67.9790,7.8709
PEMAFC-A,3,period_0943,52.550000,-9.5640,8.8568,75.8904,67.9790,7.9114
PEMAFC-A,3,period_0943,52.600000,-9.6023,8.6828,75.9097,67.9790,7.9307
PEMAFC-A,3,period_0943,52.650000,-9.6432,8.8660,75.9539,67.9790,7.9749
PEMAFC-A,3,period_0943,52.700000,-9.6845,9.0050,75.9985,67.9790,8.0194
PEMAFC-A,3,period_0943,52.750000,-9.7291,9.1355,76.0429,67.9790,8.0639
PEMAFC-A,3,period_0943,52.800000,-9.7681,9.0533,76.0704,67.9790,8.0913
PEMAFC-A,3,period_0943,52.850000,-9.8036,9.1916,76.0935,67.9790,8.1144
PEMAFC-A,3,period_0943,52.900000,-9.8470,9.3036,76.1235,67.9790,8.1445
PEMAFC-A,3,period_0943,52.950000,-9.8885,9.1449,76.1577,67.9790,8.1786
PEMAFC-A,3,period_0943,53.000000,-9.9245,9.1550,76.1855,67.9790,8.2065
PEMAFC-A,3,period_0943,53.050000,-9.9589,9.3877,76.2058,67.9790,8.2268
PEMAFC-A,3,period_0943,53.100000,-9.9977,9.4547,76.2324,67.9790,8.2534
PEMAFC-A,3,period_0943,53.150000,-10.0340,9.2636,76.2578,67.9790,8.2787
PEMAFC-A,3,period_0943,53.200000,-10.0742,9.3026,76.2956,67.9790,8.3165
PEMAFC-A,3,period_0943,53.250000,-10.1198,9.5290,76.3335,67.9790,8.3545
PEMAFC-A,3,period_0943,53.300000,-10.1624,9.3976,76.3770,67.9790,8.3979
PEMAFC-A,3,period_0943,53.350000,-10.2070,9.4808,76.4318,67.9790,8.4527
PEMAFC-A,3,period_0943,53.400000,-10.2494,9.5655,76.4670,67.9790,8.4879
PEMAFC-A,3,period_0943,53.450000,-10.2872,9.4741,76.5100,67.9790,8.5309
PEMAFC-A,3,period_0943,53.500000,-10.3293,9.4618,76.5675,67.9790,8.5884
PEMAFC-A,3,period_0943,53.550000,-10.3703,9.6044,76.5972,67.9790,8.6182
PEMAFC-A,3,period_0943,53.600000,-10.4080,9.5238,76.6238,67.9790,8.6448
PEMAFC-A,3,period_0943,53.650000,-10.4490,9.6750,76.6749,67.9790,8.6959
PEMAFC-A,3,period_0943,53.700000,-10.4948,9.5260,76.7548,67.9790,8.7758
PEMAFC-A,3,period_0943,53.750000,-10.5358,9.7822,76.7852,67.9790,8.8062
PEMAFC-A,3,period_0943,53.800000,-10.5695,9.7751,76.7973,67.9790,8.8182
PEMAFC-A,3,period_0943,53.850000,-10.6174,9.7897,76.8604,67.9790,8.8814
PEMAFC-A,3,period_0943,53.900000,-10.6564,9.9247,76.8964,67.9790,8.9173
PEMAFC-A,3,period_0943,53.950000,-10.6989,9.7988,76.9530,67.9790,8.9740
PEMAFC-A,3,period_0943,54.000000,-10.7410,9.9809,76.9955,67.9790,9.0165
PEMAFC-A,3,period_0943,54.050000,-10.7815,9.9367,77.0262,67.9790,9.0472
PEMAFC-A,3,period_0943,54.100000,-10.8235,9.7497,77.0684,67.9790,9.0894
PEMAFC-A,3,period_0943,54.150000,-10.8647,9.7257,77.1181,67.9790,9.1391
PEMAFC-A,3,period_0943,54.200000,-10.9082,10.2430,77.1485,67.9790,9.1694
PEMAFC-A,3,period_0943,54.250000,-10.9485,10.1233,77.1905,67.9790,9.2115
PEMAFC-A,3,period_0943,54.300000,-10.9869,10.3864,77.2391,67.9790,9.2601
PEMAFC-A,3,period_0943,54.350000,-11.0300,10.1304,77.2588,67.9790,9.2798
PEMAFC-A,3,period_0943,54.400000,-11.0716,10.2778,77.3018,67.9790,9.3228
PEMAFC-A,3,period_0943,54.450000,-11.1138,9.8538,77.3495,67.9790,9.3704
PEMAFC-A,3,period_0943,54.500000,-11.1528,9.9084,77.3930,67.9790,9.4140
PEMAFC-A,3,period_0943,54.550000,-11.1945,10.5803,77.4299,67.9790,9.4508
PEMAFC-A,3,period_0943,54.600000,-11.2369,9.9377,77.4762,67.9790,9.4971
PEMAFC-A,3,period_0943,54.650000,-11.2793,10.1149,77.5422,67.9790,9.5631
PEMAFC-A,3,period_0943,54.700000,-11.3162,10.0659,77.5709,67.9790,9.5919
PEMAFC-A,3,period_0943,54.750000,-11.3557,10.6072,77.5916,67.9790,9.6125
PEMAFC-A,3,period_0943,54.800000,-11.3977,10.4448,77.6302,67.9790,9.6512
PEMAFC-A,3,period_0943,54.850000,-11.4403,10.5960,77.6765,67.9790,9.6974
PEMAFC-A,3,period_0943,54.900000,-11.4924,10.3252,77.7156,67.9790,9.7365
PEMAFC-A,3,period_0943,54.950000,-11.5297,10.2517,77.7584,67.9790,9.7793
PEMAFC-A,3,period_0943,55.000000,-11.5623,10.7049,77.7884,67.9790,9.8093
PEMAFC-A,3,period_0943,55.050000,-11.6013,10.7411,77.8057,67.9790,9.8266
PEMAFC-A,3,period_0943,55.100000,-11.6466,10.6714,77.8445,67.9790,9.8654
PEMAFC-A,3,period_0943,55.150000,-11.6859,10.7580,77.8826,67.9790,9.9035
PEMAFC-A,3,period_0943,55.200000,-11.7239,10.7433,77.9374,67.9790,9.9584
PEMAFC-A,3,period_0943,55.250000,-11.7638,10.8137,77.9694,67.9790,9.9903
PEMAFC-A,3,period_0943,55.300000,-11.8037,10.6993,78.0007,67.9790,10.0217
PEMAFC-A,3,period_0943,55.350000,-11.8416,10.5805,78.0298,67.9790,10.0507
PEMAFC-A,3,period_0943,55.400000,-11.8802,10.7171,78.0692,67.9790,10.0902
PEMAFC-A,3,period_0943,55.450000,-11.9222,10.6895,78.1179,67.9790,10.1388
PEMAFC-A,3,period_0943,55.500000,-11.9607,10.9513,78.1509,67.9790,10.1719
PEMAFC-A,3,period_0943,55.550000,-12.0007,10.6213,78.1884,67.9790,10.2094
PEMAFC-A,3,period_0943,55.600000,-12.0399,10.8128,78.2281,67.9790,10.2490
PEMAFC-A,3,period_0943,55.650000,-12.0828,10.6005,78.2795,67.9790,10.3004
PEMAFC-A,3,period_0943,55.700000,-12.1257,11.0474,78.3137,67.9790,10.3347
PEMAFC-A,3,period_0943,55.750000,-12.1628,11.2051,78.3473,67.9790,10.3682
PEMAFC-A,3,period_0943,55.800000,-12.2023,10.8958,78.3932,67.9790,10.4141
PEMAFC-A,3,period_0943,55.850000,-12.2411,11.0631,78.4517,67.9790,10.4726
PEMAFC-A,3,period_0943,55.900000,-12.2800,10.5356,78.4813,67.9790,10.5023
PEMAFC-A,3,period_0943,55.950000,-12.3182,11.0256,78.5243,67.9790,10.5453
PEMAFC-A,3,period_0943,56.000000,-12.3600,11.1178,78.5741,67.9790,10.5951
PEMAFC-A,3,period_0943,56.050000,-12.4054,11.1405,78.6238,67.9790,10.6447
PEMAFC-A,3,period_0943,56.100000,-12.4472,11.5080,78.6679,67.9790,10.6888
PEMAFC-A,3,period_0943,56.150000,-12.4857,11.1758,78.7167,67.9790,10.7377
PEMAFC-A,3,period_0943,56.200000,-12.5259,11.2811,78.7495,67.9790,10.7704
PEMAFC-A,3,period_0943,56.250000,-12.5673,11.3180,78.7931,67.9790,10.8141
PEMAFC-A,3,period_0943,56.300000,-12.6140,11.1890,78.8542,67.9790,10.8752
PEMAFC-A,3,period_0943,56.350000,-12.6569,11.5089,78.8931,67.9790,10.9140
PEMAFC-A,3,period_0943,56.400000,-12.7034,11.2402,78.9291,67.9790,10.9501
PEMAFC-A,3,period_0943,56.450000,-12.7434,11.5071,78.9652,67.9790,10.9862
PEMAFC-A,3,period_0943,56.500000,-12.7790,11.4015,78.9872,67.9790,11.0082
PEMAFC-A,3,period_0943,56.550000,-12.8195,11.3355,79.0284,67.9790,11.0493
PEMAFC-A,3,period_0943,56.600000,-12.8567,10.8937,79.0647,67.9790,11.0857
PEMAFC-A,3,period_0943,56.650000,-12.8940,11.2122,79.0794,67.9790,11.1004
PEMAFC-A,3,period_0943,56.700000,-12.9383,11.4737,79.1160,67.9790,11.1369
PEMAFC-A,3,period_0943,56.750000,-12.9778,11.9740,79.1550,67.9790,11.1759
PEMAFC-A,3,period_0943,56.800000,-13.0158,10.9162,79.1979,67.9790,11.2189
PEMAFC-A,3,period_0943,56.850000,-13.0577,11.3460,79.2613,67.9790,11.2823
PEMAFC-A,3,period_0943,56.900000,-13.0939,11.4852,79.2927,67.9790,11.3136
PEMAFC-A,3,period_0943,56.950000,-13.1364,11.8255,79.3307,67.9790,11.3517
PEMAFC-A,3,period_0943,57.000000,-13.1732,11.5905,79.3750,67.9790,11.3960
PEMAFC-A,3,period_0943,57.050000,-13.2128,11.8872,79.4231,67.9790,11.4440
PEMAFC-A,3,period_0943,57.100000,-13.2576,11.7805,79.4736,67.9790,11.4946
PEMAFC-A,3,period_0943,57.150000,-13.2936,11.7690,79.5000,67.9790,11.5209
PEMAFC-A,3,period_0943,57.200000,-13.3365,11.4050,79.5519,67.9790,11.5728
PEMAFC-A,3,period_0943,57.250000,-13.3792,12.1549,79.5991,67.9790,11.6200
PEMAFC-A,3,period_0943,57.300000,-13.4179,11.8209,79.6310,67.9790,11.6519
PEMAFC-A,3,period_0943,57.350000,-13.4589,11.8316,79.6725,67.9790,11.6934
PEMAFC-A,3,period_0943,57.400000,-13.4984,11.8099,79.7226,67.9790,11.7435
PEMAFC-A,3,period_0943,57.450000,-13.5436,12.0523,79.7906,67.9790,11.8116
PEMAFC-A,3,period_0943,57.500000,-13.5840,12.3122,79.8266,67.9790,11.8475
PEMAFC-A,3,period_0943,57.550000,-13.6180,11.5755,79.8616,67.9790,11.8826
PEMAFC-A,3,period_0943,57.600000,-13.6548,12.2107,79.8870,67.9790,11.9079
PEMAFC-A,3,period_0943,57.650000,-13.6920,12.5159,79.9066,67.9790,11.9275
PEMAFC-A,3,period_0943,57.700000,-13.7272,11.7670,79.9521,67.9790,11.9731
PEMAFC-A,3,period_0943,57.750000,-13.7619,12.0849,79.9606,67.9790,11.9816
PEMAFC-A,3,period_0943,57.800000,-13.8092,12.5172,79.9879,67.9790,12.0089
PEMAFC-A,3,period_0943,57.850000,-13.8542,12.2704,80.0333,67.9790,12.0542
PEMAFC-A,3,period_0943,57.900000,-13.8916,12.5062,80.0610,67.9790,12.0820
PEMAFC-A,3,period_0943,57.950000,-13.9314,12.1171,80.0902,67.9790,12.1111
PEMAFC-A,3,period_0943,58.000000,-13.9824,12.0055,80.1207,67.9790,12.1416
PEMAFC-A,3,period_0943,58.050000,-14.0183,12.4297,80.1468,67.9790,12.1678
PEMAFC-A,3,period_0943,58.100000,-14.0526,12.5010,80.1629,67.9790,12.1839
PEMAFC-A,3,period_0943,58.150000,-14.0912,12.7512,80.1900,67.9790,12.2110
PEMAFC-A,3,period_0943,58.200000,-14.1299,12.3084,80.2400,67.9790,12.2609
PEMAFC-A,3,period_0943,58.250000,-14.1741,12.2494,80.2876,67.9790,12.3085
PEMAFC-A,3,period_0943,58.300000,-14.2092,12.4221,80.3155,67.9790,12.3365
PEMAFC-A,3,period_0943,58.350000,-14.2475,12.5054,80.3491,67.9790,12.3700
PEMAFC-A,3,period_0943,58.400000,-14.2855,12.4187,80.3661,67.9790,12.3871
PEMAFC-A,3,period_0943,58.450000,-14.3273,12.5306,80.4074,67.9790,12.4283
PEMAFC-A,3,period_0943,58.500000,-14.3627,12.4636,80.4248,67.9790,12.4457
PEMAFC-A,3,period_0943,58.550000,-14.4062,12.5333,80.4931,67.9790,12.5140
PEMAFC-A,3,period_0943,58.600000,-14.4493,12.4287,80.5232,67.9790,12.5442
PEMAFC-A,3,period_0943,58.650000,-14.4898,12.8378,80.5562,67.9790,12.5772
PEMAFC-A,3,period_0943,58.700000,-14.5332,12.6917,80.6041,67.9790,12.6251
PEMAFC-A,3,period_0943,58.750000,-14.5741,13.1102,80.6326,67.9790,12.6535
PEMAFC-A,3,period_0943,58.800000,-14.6176,12.9334,80.6918,67.9790,12.7128
PEMAFC-A,3,period_0943,58.850000,-14.6626,12.8733,80.7330,67.9790,12.7539
PEMAFC-A,3,period_0943,58.900000,-14.6982,12.1081,80.7641,67.9790,12.7850
PEMAFC-A,3,period_0943,58.950000,-14.7361,12.8848,80.8032,67.9790,12.8242
PEMAFC-A,3,period_0943,59.000000,-14.7798,12.8984,80.8719,67.9790,12.8929
PEMAFC-A,3,period_0943,59.050000,-14.8228,12.6431,80.9162,67.9790,12.9372
PEMAFC-A,3,period_0943,59.100000,-14.8603,12.2230,80.9405,67.9790,12.9615
PEMAFC-A,3,period_0943,59.150000,-14.8945,12.7551,80.9695,67.9790,12.9904
PEMAFC-A,3,period_0943,59.200000,-14.9298,12.7953,80.9976,67.9790,13.0185
PEMAFC-A,3,period_0943,59.250000,-14.9720,12.6515,81.0512,67.9790,13.0722
PEMAFC-A,3,period_0943,59.300000,-15.0143,13.4825,81.0826,67.9790,13.1036
PEMAFC-A,3,period_0943,59.350000,-15.0531,13.0377,81.1236,67.9790,13.1446
PEMAFC-A,3,period_0943,59.400000,-15.0958,12.5186,81.1554,67.9790,13.1763
PEMAFC-A,3,period_0943,59.450000,-15.1379,12.5721,81.1994,67.9790,13.2204
PEMAFC-A,3,period_0943,59.500000,-15.1808,13.0029,81.2288,67.9790,13.2497
PEMAFC-A,3,period_0943,59.550000,-15.2223,12.9546,81.2822,67.9790,13.3032
PEMAFC-A,3,period_0943,59.600000,-15.2638,12.8354,81.3146,67.9790,13.3356
PEMAFC-A,3,period_0943,59.650000,-15.3033,12.6538,81.3638,67.9790,13.3847
PEMAFC-A,3,period_0943,59.700000,-15.3412,13.1538,81.4012,67.9790,13.4221
PEMAFC-A,3,period_0943,59.750000,-15.3816,12.3393,81.4204,67.9790,13.4414
PEMAFC-A,3,period_0943,59.800000,-15.4210,12.8553,81.4507,67.9790,13.4716
PEMAFC-A,3,period_0943,59.850000,-15.4639,12.7399,81.5093,67.9790,13.5302
PEMAFC-A,3,period_0943,59.900000,-15.5028,13.0522,81.5540,67.9790,13.5750
PEMAFC-A,3,period_0943,59.950000,-15.5409,13.9788,81.6070,67.9790,13.6279
PEMAFC-A,3,period_0943,60.000000,-15.5839,13.8633,81.6420,67.9790,13.6630
PEMAFC-PCA-F (K=12/12),0,period_0707,0.000667,2.6768,-0.4543,85.0209,85.1794,-0.1584
PEMAFC-PCA-F (K=12/12),0,period_0707,0.050000,1.4798,-1.5912,84.7202,85.1794,-0.4592
PEMAFC-PCA-F (K=12/12),0,period_0707,0.100000,0.1743,-0.1315,84.3766,85.1794,-0.8028
PEMAFC-PCA-F (K=12/12),0,period_0707,0.150000,-0.8648,0.1708,84.3639,85.1794,-0.8155
PEMAFC-PCA-F (K=12/12),0,period_0707,0.200000,-1.6849,0.5837,84.4031,85.1794,-0.7763
PEMAFC-PCA-F (K=12/12),0,period_0707,0.250000,-2.3940,0.4921,84.4235,85.1794,-0.7558
PEMAFC-PCA-F (K=12/12),0,period_0707,0.300000,-2.9139,1.5299,84.1748,85.1794,-1.0046
PEMAFC-PCA-F (K=12/12),0,period_0707,0.350000,-3.3404,1.2148,84.1598,85.1794,-1.0196
PEMAFC-PCA-F (K=12/12),0,period_0707,0.400000,-3.6649,1.1571,83.9814,85.1794,-1.1979
PEMAFC-PCA-F (K=12/12),0,period_0707,0.450000,-3.9205,1.9826,83.8702,85.1794,-1.3091
PEMAFC-PCA-F (K=12/12),0,period_0707,0.500000,-4.0939,2.1642,83.7090,85.1794,-1.4703
PEMAFC-PCA-F (K=12/12),0,period_0707,0.550000,-4.2854,1.6187,83.6085,85.1794,-1.5709
PEMAFC-PCA-F (K=12/12),0,period_0707,0.600000,-4.3971,1.8371,83.4460,85.1794,-1.7334
PEMAFC-PCA-F (K=12/12),0,period_0707,0.650000,-4.4749,2.5086,83.3965,85.1794,-1.7828
PEMAFC-PCA-F (K=12/12),0,period_0707,0.700000,-4.5918,1.9169,83.3596,85.1794,-1.8198
PEMAFC-PCA-F (K=12/12),0,period_0707,0.750000,-4.7498,1.1230,83.5060,85.1794,-1.6734
PEMAFC-PCA-F (K=12/12),0,period_0707,0.800000,-4.7648,1.5422,83.3843,85.1794,-1.7951
PEMAFC-PCA-F (K=12/12),0,period_0707,0.850000,-4.8272,1.9407,83.3878,85.1794,-1.7916
PEMAFC-PCA-F (K=12/12),0,period_0707,0.900000,-4.8220,2.4013,83.2364,85.1794,-1.9429
PEMAFC-PCA-F (K=12/12),0,period_0707,0.950000,-4.7642,1.4720,83.1138,85.1794,-2.0655
PEMAFC-PCA-F (K=12/12),0,period_0707,1.000000,-4.7903,1.9413,83.0790,85.1794,-2.1003
PEMAFC-PCA-F (K=12/12),0,period_0707,1.050000,-4.9136,2.2641,83.1121,85.1794,-2.0672
PEMAFC-PCA-F (K=12/12),0,period_0707,1.100000,-4.9242,2.3883,83.1015,85.1794,-2.0779
PEMAFC-PCA-F (K=12/12),0,period_0707,1.150000,-4.9012,1.0775,83.0749,85.1794,-2.1044
PEMAFC-PCA-F (K=12/12),0,period_0707,1.200000,-4.8815,2.1699,83.0139,85.1794,-2.1655
PEMAFC-PCA-F (K=12/12),0,period_0707,1.250000,-4.8808,2.2700,82.9610,85.1794,-2.2184
PEMAFC-PCA-F (K=12/12),0,period_0707,1.300000,-4.9197,2.0301,82.9602,85.1794,-2.2192
PEMAFC-PCA-F (K=12/12),0,period_0707,1.350000,-4.9585,2.0918,82.9931,85.1794,-2.1862
PEMAFC-PCA-F (K=12/12),0,period_0707,1.400000,-4.9373,1.9171,82.9121,85.1794,-2.2672
PEMAFC-PCA-F (K=12/12),0,period_0707,1.450000,-4.8640,1.5384,82.8764,85.1794,-2.3029
PEMAFC-PCA-F (K=12/12),0,period_0707,1.500000,-4.8791,1.8083,82.8964,85.1794,-2.2830
PEMAFC-PCA-F (K=12/12),0,period_0707,1.550000,-4.9423,1.6450,83.0005,85.1794,-2.1788
PEMAFC-PCA-F (K=12/12),0,period_0707,1.600000,-4.9103,1.2093,82.9226,85.1794,-2.2568
PEMAFC-PCA-F (K=12/12),0,period_0707,1.650000,-4.8498,2.1861,82.8193,85.1794,-2.3601
PEMAFC-PCA-F (K=12/12),0,period_0707,1.700000,-4.8490,1.2852,82.7900,85.1794,-2.3894
PEMAFC-PCA-F (K=12/12),0,period_0707,1.750000,-4.8885,2.4064,82.7240,85.1794,-2.4553
PEMAFC-PCA-F (K=12/12),0,period_0707,1.800000,-4.9404,2.0265,82.7229,85.1794,-2.4565
PEMAFC-PCA-F (K=12/12),0,period_0707,1.850000,-4.9199,1.2567,82.7116,85.1794,-2.4678
PEMAFC-PCA-F (K=12/12),0,period_0707,1.900000,-4.8581,2.1555,82.6667,85.1794,-2.5127
PEMAFC-PCA-F (K=12/12),0,period_0707,1.950000,-4.8123,2.3588,82.5785,85.1794,-2.6009
PEMAFC-PCA-F (K=12/12),0,period_0707,2.000000,-4.8308,1.7177,82.5063,85.1794,-2.6730
PEMAFC-PCA-F (K=12/12),0,period_0707,2.050000,-4.8015,2.9581,82.4603,85.1794,-2.7191
PEMAFC-PCA-F (K=12/12),0,period_0707,2.100000,-4.8146,2.5665,82.5133,85.1794,-2.6661
PEMAFC-PCA-F (K=12/12),0,period_0707,2.150000,-4.8001,0.7985,82.5592,85.1794,-2.6201
PEMAFC-PCA-F (K=12/12),0,period_0707,2.200000,-4.8287,1.1740,82.6677,85.1794,-2.5117
PEMAFC-PCA-F (K=12/12),0,period_0707,2.250000,-4.8883,2.0508,82.6969,85.1794,-2.4825
PEMAFC-PCA-F (K=12/12),0,period_0707,2.300000,-4.8742,1.9775,82.6985,85.1794,-2.4808
PEMAFC-PCA-F (K=12/12),0,period_0707,2.350000,-4.8893,1.8496,82.8023,85.1794,-2.3771
PEMAFC-PCA-F (K=12/12),0,period_0707,2.400000,-4.7807,2.1059,82.6940,85.1794,-2.4853
PEMAFC-PCA-F (K=12/12),0,period_0707,2.450000,-4.7641,2.3785,82.7067,85.1794,-2.4727
PEMAFC-PCA-F (K=12/12),0,period_0707,2.500000,-4.7803,1.5152,82.7604,85.1794,-2.4189
PEMAFC-PCA-F (K=12/12),0,period_0707,2.550000,-4.7263,1.8891,82.6365,85.1794,-2.5428
PEMAFC-PCA-F (K=12/12),0,period_0707,2.600000,-4.7103,1.6218,82.6454,85.1794,-2.5340
PEMAFC-PCA-F (K=12/12),0,period_0707,2.650000,-4.6669,1.5551,82.5504,85.1794,-2.6290
PEMAFC-PCA-F (K=12/12),0,period_0707,2.700000,-4.5939,2.4398,82.3632,85.1794,-2.8162
PEMAFC-PCA-F (K=12/12),0,period_0707,2.750000,-4.6225,2.2981,82.4056,85.1794,-2.7738
PEMAFC-PCA-F (K=12/12),0,period_0707,2.800000,-4.6344,1.6385,82.4394,85.1794,-2.7400
PEMAFC-PCA-F (K=12/12),0,period_0707,2.850000,-4.6324,1.8432,82.5074,85.1794,-2.6719
PEMAFC-PCA-F (K=12/12),0,period_0707,2.900000,-4.6451,2.0642,82.5258,85.1794,-2.6535
PEMAFC-PCA-F (K=12/12),0,period_0707,2.950000,-4.6175,2.6807,82.4679,85.1794,-2.7115
PEMAFC-PCA-F (K=12/12),0,period_0707,3.000000,-4.6307,2.5326,82.4930,85.1794,-2.6864
PEMAFC-PCA-F (K=12/12),0,period_0707,3.050000,-4.6559,2.0696,82.5166,85.1794,-2.6628
PEMAFC-PCA-F (K=12/12),0,period_0707,3.100000,-4.6717,1.8320,82.5125,85.1794,-2.6668
PEMAFC-PCA-F (K=12/12),0,period_0707,3.150000,-4.7038,2.0836,82.5472,85.1794,-2.6321
PEMAFC-PCA-F (K=12/12),0,period_0707,3.200000,-4.6521,2.4628,82.5173,85.1794,-2.6621
PEMAFC-PCA-F (K=12/12),0,period_0707,3.250000,-4.7176,2.4049,82.5694,85.1794,-2.6100
PEMAFC-PCA-F (K=12/12),0,period_0707,3.300000,-4.6657,1.7809,82.3910,85.1794,-2.7883
PEMAFC-PCA-F (K=12/12),0,period_0707,3.350000,-4.6590,1.5751,82.3708,85.1794,-2.8086
PEMAFC-PCA-F (K=12/12),0,period_0707,3.400000,-4.6814,1.5004,82.4350,85.1794,-2.7443
PEMAFC-PCA-F (K=12/12),0,period_0707,3.450000,-4.6883,2.2911,82.4646,85.1794,-2.7148
PEMAFC-PCA-F (K=12/12),0,period_0707,3.500000,-4.7426,1.5863,82.5293,85.1794,-2.6501
PEMAFC-PCA-F (K=12/12),0,period_0707,3.550000,-4.6951,2.3184,82.4252,85.1794,-2.7542
PEMAFC-PCA-F (K=12/12),0,period_0707,3.600000,-4.6770,1.9532,82.3732,85.1794,-2.8062
PEMAFC-PCA-F (K=12/12),0,period_0707,3.650000,-4.6586,2.2211,82.3250,85.1794,-2.8544
PEMAFC-PCA-F (K=12/12),0,period_0707,3.700000,-4.7012,1.7730,82.4201,85.1794,-2.7593
PEMAFC-PCA-F (K=12/12),0,period_0707,3.750000,-4.7176,1.8959,82.4320,85.1794,-2.7473
PEMAFC-PCA-F (K=12/12),0,period_0707,3.800000,-4.6696,1.7879,82.3001,85.1794,-2.8792
PEMAFC-PCA-F (K=12/12),0,period_0707,3.850000,-4.6237,2.3323,82.2582,85.1794,-2.9212
PEMAFC-PCA-F (K=12/12),0,period_0707,3.900000,-4.6807,1.7783,82.2673,85.1794,-2.9121
PEMAFC-PCA-F (K=12/12),0,period_0707,3.950000,-4.6683,1.8435,82.2231,85.1794,-2.9562
PEMAFC-PCA-F (K=12/12),0,period_0707,4.000000,-4.6279,2.3985,82.2851,85.1794,-2.8942
PEMAFC-PCA-F (K=12/12),0,period_0707,4.050000,-4.6583,1.9526,82.3386,85.1794,-2.8408
PEMAFC-PCA-F (K=12/12),0,period_0707,4.100000,-4.5796,2.6625,82.1515,85.1794,-3.0279
PEMAFC-PCA-F (K=12/12),0,period_0707,4.150000,-4.5191,2.6727,82.0090,85.1794,-3.1704
PEMAFC-PCA-F (K=12/12),0,period_0707,4.200000,-4.4716,2.5104,81.9090,85.1794,-3.2704
PEMAFC-PCA-F (K=12/12),0,period_0707,4.250000,-4.4604,1.4388,81.8748,85.1794,-3.3045
PEMAFC-PCA-F (K=12/12),0,period_0707,4.300000,-4.5495,1.5663,82.0590,85.1794,-3.1204
PEMAFC-PCA-F (K=12/12),0,period_0707,4.350000,-4.5637,2.5378,82.1127,85.1794,-3.0666
PEMAFC-PCA-F (K=12/12),0,period_0707,4.400000,-4.6388,1.7296,82.1824,85.1794,-2.9969
PEMAFC-PCA-F (K=12/12),0,period_0707,4.450000,-4.5425,1.8464,82.0354,85.1794,-3.1439
PEMAFC-PCA-F (K=12/12),0,period_0707,4.500000,-4.5443,2.5506,82.1048,85.1794,-3.0745
PEMAFC-PCA-F (K=12/12),0,period_0707,4.550000,-4.5804,1.0952,82.1292,85.1794,-3.0501
PEMAFC-PCA-F (K=12/12),0,period_0707,4.600000,-4.6235,1.8507,82.1854,85.1794,-2.9940
PEMAFC-PCA-F (K=12/12),0,period_0707,4.650000,-4.5494,2.5242,82.0712,85.1794,-3.1081
PEMAFC-PCA-F (K=12/12),0,period_0707,4.700000,-4.5238,2.2248,82.0336,85.1794,-3.1457
PEMAFC-PCA-F (K=12/12),0,period_0707,4.750000,-4.5933,2.5747,82.1594,85.1794,-3.0200
PEMAFC-PCA-F (K=12/12),0,period_0707,4.800000,-4.6154,1.5672,82.1027,85.1794,-3.0766
PEMAFC-PCA-F (K=12/12),0,period_0707,4.850000,-4.6705,1.7552,82.2238,85.1794,-2.9555
PEMAFC-PCA-F (K=12/12),0,period_0707,4.900000,-4.6167,1.8252,82.1450,85.1794,-3.0344
PEMAFC-PCA-F (K=12/12),0,period_0707,4.950000,-4.5614,1.9921,82.0255,85.1794,-3.1539
PEMAFC-PCA-F (K=12/12),0,period_0707,5.000000,-4.5981,1.8943,82.0519,85.1794,-3.1274
PEMAFC-PCA-F (K=12/12),0,period_0707,5.050000,-4.6260,2.5330,82.0731,85.1794,-3.1062
PEMAFC-PCA-F (K=12/12),0,period_0707,5.100000,-4.6315,2.2891,82.0898,85.1794,-3.0896
PEMAFC-PCA-F (K=12/12),0,period_0707,5.150000,-4.5890,2.3705,81.9530,85.1794,-3.2264
PEMAFC-PCA-F (K=12/12),0,period_0707,5.200000,-4.5961,3.0137,81.9926,85.1794,-3.1867
PEMAFC-PCA-F (K=12/12),0,period_0707,5.250000,-4.6465,2.0971,82.1010,85.1794,-3.0783
PEMAFC-PCA-F (K=12/12),0,period_0707,5.300000,-4.6571,2.1547,82.0878,85.1794,-3.0915
PEMAFC-PCA-F (K=12/12),0,period_0707,5.350000,-4.6438,1.9700,82.1185,85.1794,-3.0609
PEMAFC-PCA-F (K=12/12),0,period_0707,5.400000,-4.6861,2.0714,82.1201,85.1794,-3.0593
PEMAFC-PCA-F (K=12/12),0,period_0707,5.450000,-4.5873,1.8134,81.9491,85.1794,-3.2303
PEMAFC-PCA-F (K=12/12),0,period_0707,5.500000,-4.5621,2.4260,81.9450,85.1794,-3.2343
PEMAFC-PCA-F (K=12/12),0,period_0707,5.550000,-4.5023,2.5383,81.9292,85.1794,-3.2501
PEMAFC-PCA-F (K=12/12),0,period_0707,5.600000,-4.4745,2.2487,81.8394,85.1794,-3.3399
PEMAFC-PCA-F (K=12/12),0,period_0707,5.650000,-4.5005,2.2277,81.8678,85.1794,-3.3116
PEMAFC-PCA-F (K=12/12),0,period_0707,5.700000,-4.5559,0.9234,82.0317,85.1794,-3.1477
PEMAFC-PCA-F (K=12/12),0,period_0707,5.750000,-4.5921,1.5436,82.1244,85.1794,-3.0549
PEMAFC-PCA-F (K=12/12),0,period_0707,5.800000,-4.6086,2.8246,82.1075,85.1794,-3.0718
PEMAFC-PCA-F (K=12/12),0,period_0707,5.850000,-4.6328,2.0414,82.1047,85.1794,-3.0747
PEMAFC-PCA-F (K=12/12),0,period_0707,5.900000,-4.5559,2.5784,81.9595,85.1794,-3.2199
PEMAFC-PCA-F (K=12/12),0,period_0707,5.950000,-4.6195,1.8063,82.0619,85.1794,-3.1175
PEMAFC-PCA-F (K=12/12),0,period_0707,6.000000,-4.6793,1.9837,82.1126,85.1794,-3.0668
PEMAFC-PCA-F (K=12/12),0,period_0707,6.050000,-4.6832,2.2283,82.0800,85.1794,-3.0994
PEMAFC-PCA-F (K=12/12),0,period_0707,6.100000,-4.6813,2.8784,82.1053,85.1794,-3.0741
PEMAFC-PCA-F (K=12/12),0,period_0707,6.150000,-4.6615,2.2745,82.1373,85.1794,-3.0421
PEMAFC-PCA-F (K=12/12),0,period_0707,6.200000,-4.6853,2.6912,82.1739,85.1794,-3.0055
PEMAFC-PCA-F (K=12/12),0,period_0707,6.250000,-4.6960,1.7967,82.1765,85.1794,-3.0029
PEMAFC-PCA-F (K=12/12),0,period_0707,6.300000,-4.6872,2.7846,82.1177,85.1794,-3.0617
PEMAFC-PCA-F (K=12/12),0,period_0707,6.350000,-4.6681,2.1773,82.0662,85.1794,-3.1132
PEMAFC-PCA-F (K=12/12),0,period_0707,6.400000,-4.6710,2.0903,82.1059,85.1794,-3.0735
PEMAFC-PCA-F (K=12/12),0,period_0707,6.450000,-4.7077,2.8180,82.1951,85.1794,-2.9843
PEMAFC-PCA-F (K=12/12),0,period_0707,6.500000,-4.6860,1.8053,82.2530,85.1794,-2.9264
PEMAFC-PCA-F (K=12/12),0,period_0707,6.550000,-4.6312,2.4474,82.1374,85.1794,-3.0420
PEMAFC-PCA-F (K=12/12),0,period_0707,6.600000,-4.6488,2.4705,82.2110,85.1794,-2.9684
PEMAFC-PCA-F (K=12/12),0,period_0707,6.650000,-4.6268,2.5029,82.2092,85.1794,-2.9702
PEMAFC-PCA-F (K=12/12),0,period_0707,6.700000,-4.6359,2.0344,82.2281,85.1794,-2.9513
PEMAFC-PCA-F (K=12/12),0,period_0707,6.750000,-4.5364,1.9573,82.0702,85.1794,-3.1092
PEMAFC-PCA-F (K=12/12),0,period_0707,6.800000,-4.4503,2.4880,81.9390,85.1794,-3.2404
PEMAFC-PCA-F (K=12/12),0,period_0707,6.850000,-4.4447,2.4388,81.8846,85.1794,-3.2948
PEMAFC-PCA-F (K=12/12),0,period_0707,6.900000,-4.4867,1.8658,81.9201,85.1794,-3.2593
PEMAFC-PCA-F (K=12/12),0,period_0707,6.950000,-4.5605,2.3397,82.0372,85.1794,-3.1422
PEMAFC-PCA-F (K=12/12),0,period_0707,7.000000,-4.4969,2.2790,81.9284,85.1794,-3.2509
PEMAFC-PCA-F (K=12/12),0,period_0707,7.050000,-4.4956,2.3328,81.8985,85.1794,-3.2808
PEMAFC-PCA-F (K=12/12),0,period_0707,7.100000,-4.4216,1.6882,81.7619,85.1794,-3.4175
PEMAFC-PCA-F (K=12/12),0,period_0707,7.150000,-4.3671,0.9778,81.7232,85.1794,-3.4561
PEMAFC-PCA-F (K=12/12),0,period_0707,7.200000,-4.3064,1.3190,81.6862,85.1794,-3.4931
PEMAFC-PCA-F (K=12/12),0,period_0707,7.250000,-4.3864,2.0898,81.8155,85.1794,-3.3639
PEMAFC-PCA-F (K=12/12),0,period_0707,7.300000,-4.3619,1.4691,81.7989,85.1794,-3.3805
PEMAFC-PCA-F (K=12/12),0,period_0707,7.350000,-4.3432,2.3188,81.6962,85.1794,-3.4832
PEMAFC-PCA-F (K=12/12),0,period_0707,7.400000,-4.3245,2.4396,81.6331,85.1794,-3.5462
PEMAFC-PCA-F (K=12/12),0,period_0707,7.450000,-4.3210,2.0100,81.6579,85.1794,-3.5215
PEMAFC-PCA-F (K=12/12),0,period_0707,7.500000,-4.4556,1.3954,81.8632,85.1794,-3.3161
PEMAFC-PCA-F (K=12/12),0,period_0707,7.550000,-4.4371,1.1904,81.8455,85.1794,-3.3338
PEMAFC-PCA-F (K=12/12),0,period_0707,7.600000,-4.4278,1.3715,81.8848,85.1794,-3.2946
PEMAFC-PCA-F (K=12/12),0,period_0707,7.650000,-4.4108,2.1891,81.8448,85.1794,-3.3345
PEMAFC-PCA-F (K=12/12),0,period_0707,7.700000,-4.4072,1.6920,81.8126,85.1794,-3.3668
PEMAFC-PCA-F (K=12/12),0,period_0707,7.750000,-4.3108,2.0542,81.6751,85.1794,-3.5043
PEMAFC-PCA-F (K=12/12),0,period_0707,7.800000,-4.3078,2.4525,81.6672,85.1794,-3.5122
PEMAFC-PCA-F (K=12/12),0,period_0707,7.850000,-4.3188,2.5128,81.6849,85.1794,-3.4945
PEMAFC-PCA-F (K=12/12),0,period_0707,7.900000,-4.2899,2.1845,81.7044,85.1794,-3.4750
PEMAFC-PCA-F (K=12/12),0,period_0707,7.950000,-4.3505,2.0679,81.7381,85.1794,-3.4412
PEMAFC-PCA-F (K=12/12),0,period_0707,8.000000,-4.3372,1.6723,81.7683,85.1794,-3.4111
PEMAFC-PCA-F (K=12/12),0,period_0707,8.050000,-4.3450,2.6400,81.6867,85.1794,-3.4927
PEMAFC-PCA-F (K=12/12),0,period_0707,8.100000,-4.3692,1.3761,81.7508,85.1794,-3.4286
PEMAFC-PCA-F (K=12/12),0,period_0707,8.150000,-4.4007,1.4725,81.7916,85.1794,-3.3877
PEMAFC-PCA-F (K=12/12),0,period_0707,8.200000,-4.3816,2.6452,81.8139,85.1794,-3.3655
PEMAFC-PCA-F (K=12/12),0,period_0707,8.250000,-4.4390,1.6373,81.9478,85.1794,-3.2315
PEMAFC-PCA-F (K=12/12),0,period_0707,8.300000,-4.5125,2.4736,82.0189,85.1794,-3.1605
PEMAFC-PCA-F (K=12/12),0,period_0707,8.350000,-4.5526,0.6567,82.0563,85.1794,-3.1231
PEMAFC-PCA-F (K=12/12),0,period_0707,8.400000,-4.5936,2.3438,82.0996,85.1794,-3.0798
PEMAFC-PCA-F (K=12/12),0,period_0707,8.450000,-4.5849,2.2460,81.9921,85.1794,-3.1872
PEMAFC-PCA-F (K=12/12),0,period_0707,8.500000,-4.5813,2.7281,81.9950,85.1794,-3.1844
PEMAFC-PCA-F (K=12/12),0,period_0707,8.550000,-4.5168,2.4048,81.9705,85.1794,-3.2089
PEMAFC-PCA-F (K=12/12),0,period_0707,8.600000,-4.5037,2.2871,82.0488,85.1794,-3.1306
PEMAFC-PCA-F (K=12/12),0,period_0707,8.650000,-4.4529,1.9164,82.0350,85.1794,-3.1444
PEMAFC-PCA-F (K=12/12),0,period_0707,8.700000,-4.5251,2.8514,82.1014,85.1794,-3.0780
PEMAFC-PCA-F (K=12/12),0,period_0707,8.750000,-4.5950,2.2810,82.1427,85.1794,-3.0367
PEMAFC-PCA-F (K=12/12),0,period_0707,8.800000,-4.6811,1.6585,82.2177,85.1794,-2.9617
PEMAFC-PCA-F (K=12/12),0,period_0707,8.850000,-4.6616,2.4897,82.1428,85.1794,-3.0366
PEMAFC-PCA-F (K=12/12),0,period_0707,8.900000,-4.6598,2.4891,82.1642,85.1794,-3.0152
PEMAFC-PCA-F (K=12/12),0,period_0707,8.950000,-4.6597,2.6650,82.2133,85.1794,-2.9661
PEMAFC-PCA-F (K=12/12),0,period_0707,9.000000,-4.6779,2.7767,82.2865,85.1794,-2.8929
PEMAFC-PCA-F (K=12/12),0,period_0707,9.050000,-4.6401,2.4581,82.1860,85.1794,-2.9933
PEMAFC-PCA-F (K=12/12),0,period_0707,9.100000,-4.6352,2.7302,82.1801,85.1794,-2.9993
PEMAFC-PCA-F (K=12/12),0,period_0707,9.150000,-4.6276,2.0209,82.1517,85.1794,-3.0276
PEMAFC-PCA-F (K=12/12),0,period_0707,9.200000,-4.6382,3.2103,82.1840,85.1794,-2.9954
PEMAFC-PCA-F (K=12/12),0,period_0707,9.250000,-4.6443,2.8195,82.1459,85.1794,-3.0334
PEMAFC-PCA-F (K=12/12),0,period_0707,9.300000,-4.6586,1.3849,82.1585,85.1794,-3.0209
PEMAFC-PCA-F (K=12/12),0,period_0707,9.350000,-4.6259,2.4742,82.1298,85.1794,-3.0496
PEMAFC-PCA-F (K=12/12),0,period_0707,9.400000,-4.6701,1.8916,82.1815,85.1794,-2.9978
PEMAFC-PCA-F (K=12/12),0,period_0707,9.450000,-4.6336,1.3638,82.1668,85.1794,-3.0126
PEMAFC-PCA-F (K=12/12),0,period_0707,9.500000,-4.6658,1.7752,82.2010,85.1794,-2.9784
PEMAFC-PCA-F (K=12/12),0,period_0707,9.550000,-4.6591,1.9373,82.1343,85.1794,-3.0450
PEMAFC-PCA-F (K=12/12),0,period_0707,9.600000,-4.6389,1.9979,82.0580,85.1794,-3.1214
PEMAFC-PCA-F (K=12/12),0,period_0707,9.650000,-4.6261,1.9169,82.0424,85.1794,-3.1369
PEMAFC-PCA-F (K=12/12),0,period_0707,9.700000,-4.5881,1.7331,82.0398,85.1794,-3.1395
PEMAFC-PCA-F (K=12/12),0,period_0707,9.750000,-4.5374,2.6019,81.9479,85.1794,-3.2315
PEMAFC-PCA-F (K=12/12),0,period_0707,9.800000,-4.5608,1.9767,82.0051,85.1794,-3.1743
PEMAFC-PCA-F (K=12/12),0,period_0707,9.850000,-4.5200,1.5896,81.9429,85.1794,-3.2365
PEMAFC-PCA-F (K=12/12),0,period_0707,9.900000,-4.5615,1.9999,81.9557,85.1794,-3.2237
PEMAFC-PCA-F (K=12/12),0,period_0707,9.950000,-4.5383,2.0946,81.9736,85.1794,-3.2058
PEMAFC-PCA-F (K=12/12),0,period_0707,10.000000,-4.5882,1.4192,82.0426,85.1794,-3.1367
PEMAFC-PCA-F (K=12/12),0,period_0707,10.050000,-4.6195,1.2076,82.0600,85.1794,-3.1194
PEMAFC-PCA-F (K=12/12),0,period_0707,10.100000,-4.6229,2.3209,82.0356,85.1794,-3.1438
PEMAFC-PCA-F (K=12/12),0,period_0707,10.150000,-4.6089,2.1200,81.9756,85.1794,-3.2037
PEMAFC-PCA-F (K=12/12),0,period_0707,10.200000,-4.6147,0.8012,81.9808,85.1794,-3.1986
PEMAFC-PCA-F (K=12/12),0,period_0707,10.250000,-4.6720,1.8915,82.0912,85.1794,-3.0881
PEMAFC-PCA-F (K=12/12),0,period_0707,10.300000,-4.6854,1.9513,82.1484,85.1794,-3.0309
PEMAFC-PCA-F (K=12/12),0,period_0707,10.350000,-4.7045,2.8192,82.1636,85.1794,-3.0158
PEMAFC-PCA-F (K=12/12),0,period_0707,10.400000,-4.6821,1.3122,82.1349,85.1794,-3.0445
PEMAFC-PCA-F (K=12/12),0,period_0707,10.450000,-4.6392,2.1461,82.0318,85.1794,-3.1476
PEMAFC-PCA-F (K=12/12),0,period_0707,10.500000,-4.5716,2.6902,81.8903,85.1794,-3.2891
PEMAFC-PCA-F (K=12/12),0,period_0707,10.550000,-4.5870,2.4677,81.9299,85.1794,-3.2494
PEMAFC-PCA-F (K=12/12),0,period_0707,10.600000,-4.5348,2.4223,81.9050,85.1794,-3.2743
PEMAFC-PCA-F (K=12/12),0,period_0707,10.650000,-4.5849,1.6528,81.9686,85.1794,-3.2107
PEMAFC-PCA-F (K=12/12),0,period_0707,10.700000,-4.5134,2.1126,81.8380,85.1794,-3.3414
PEMAFC-PCA-F (K=12/12),0,period_0707,10.750000,-4.5306,2.1549,81.8719,85.1794,-3.3075
PEMAFC-PCA-F (K=12/12),0,period_0707,10.800000,-4.5670,2.1207,81.9164,85.1794,-3.2630
PEMAFC-PCA-F (K=12/12),0,period_0707,10.850000,-4.5874,2.8981,81.9587,85.1794,-3.2207
PEMAFC-PCA-F (K=12/12),0,period_0707,10.900000,-4.6723,2.1991,82.0551,85.1794,-3.1243
PEMAFC-PCA-F (K=12/12),0,period_0707,10.950000,-4.6773,0.9845,82.0424,85.1794,-3.1370
PEMAFC-PCA-F (K=12/12),0,period_0707,11.000000,-4.6645,2.3532,82.0615,85.1794,-3.1179
PEMAFC-PCA-F (K=12/12),0,period_0707,11.050000,-4.6512,1.8400,82.1012,85.1794,-3.0781
PEMAFC-PCA-F (K=12/12),0,period_0707,11.100000,-4.5832,2.4121,81.9846,85.1794,-3.1948
PEMAFC-PCA-F (K=12/12),0,period_0707,11.150000,-4.6894,0.9148,82.1576,85.1794,-3.0218
PEMAFC-PCA-F (K=12/12),0,period_0707,11.200000,-4.6564,2.0300,82.0913,85.1794,-3.0881
PEMAFC-PCA-F (K=12/12),0,period_0707,11.250000,-4.6334,2.9311,81.9843,85.1794,-3.1950
PEMAFC-PCA-F (K=12/12),0,period_0707,11.300000,-4.6435,2.3905,82.0209,85.1794,-3.1584
PEMAFC-PCA-F (K=12/12),0,period_0707,11.350000,-4.5952,2.6701,81.9108,85.1794,-3.2685
PEMAFC-PCA-F (K=12/12),0,period_0707,11.400000,-4.5610,2.4476,81.8997,85.1794,-3.2797
PEMAFC-PCA-F (K=12/12),0,period_0707,11.450000,-4.5454,2.5311,81.8668,85.1794,-3.3125
PEMAFC-PCA-F (K=12/12),0,period_0707,11.500000,-4.5040,2.5435,81.8550,85.1794,-3.3243
PEMAFC-PCA-F (K=12/12),0,period_0707,11.550000,-4.4726,2.1697,81.7725,85.1794,-3.4068
PEMAFC-PCA-F (K=12/12),0,period_0707,11.600000,-4.5178,2.1475,81.9120,85.1794,-3.2674
PEMAFC-PCA-F (K=12/12),0,period_0707,11.650000,-4.4987,2.3776,81.9396,85.1794,-3.2398
PEMAFC-PCA-F (K=12/12),0,period_0707,11.700000,-4.5117,1.4780,81.9640,85.1794,-3.2154
PEMAFC-PCA-F (K=12/12),0,period_0707,11.750000,-4.4392,2.1877,81.7954,85.1794,-3.3840
PEMAFC-PCA-F (K=12/12),0,period_0707,11.800000,-4.4552,2.0178,81.8123,85.1794,-3.3670
PEMAFC-PCA-F (K=12/12),0,period_0707,11.850000,-4.5285,1.2283,81.9287,85.1794,-3.2507
PEMAFC-PCA-F (K=12/12),0,period_0707,11.900000,-4.5445,2.1923,81.9433,85.1794,-3.2361
PEMAFC-PCA-F (K=12/12),0,period_0707,11.950000,-4.4815,2.9743,81.8271,85.1794,-3.3523
PEMAFC-PCA-F (K=12/12),0,period_0707,12.000000,-4.6058,1.4137,81.9756,85.1794,-3.2037
PEMAFC-PCA-F (K=12/12),0,period_0707,12.050000,-4.6838,2.1347,82.0818,85.1794,-3.0975
PEMAFC-PCA-F (K=12/12),0,period_0707,12.100000,-4.6800,3.2823,82.0898,85.1794,-3.0896
PEMAFC-PCA-F (K=12/12),0,period_0707,12.150000,-4.6452,2.6723,82.0511,85.1794,-3.1283
PEMAFC-PCA-F (K=12/12),0,period_0707,12.200000,-4.6923,1.5356,82.0922,85.1794,-3.0872
PEMAFC-PCA-F (K=12/12),0,period_0707,12.250000,-4.6756,2.6265,82.0861,85.1794,-3.0932
PEMAFC-PCA-F (K=12/12),0,period_0707,12.300000,-4.6672,2.7249,82.1117,85.1794,-3.0677
PEMAFC-PCA-F (K=12/12),0,period_0707,12.350000,-4.7743,1.3558,82.2449,85.1794,-2.9345
PEMAFC-PCA-F (K=12/12),0,period_0707,12.400000,-4.7020,2.5230,82.2131,85.1794,-2.9663
PEMAFC-PCA-F (K=12/12),0,period_0707,12.450000,-4.6806,2.3058,82.1002,85.1794,-3.0791
PEMAFC-PCA-F (K=12/12),0,period_0707,12.500000,-4.6577,1.9124,82.0355,85.1794,-3.1439
PEMAFC-PCA-F (K=12/12),0,period_0707,12.550000,-4.5622,2.9283,81.9263,85.1794,-3.2531
PEMAFC-PCA-F (K=12/12),0,period_0707,12.600000,-4.5503,1.9172,81.8766,85.1794,-3.3028
PEMAFC-PCA-F (K=12/12),0,period_0707,12.650000,-4.5607,1.3219,81.9286,85.1794,-3.2507
PEMAFC-PCA-F (K=12/12),0,period_0707,12.700000,-4.5369,1.3905,81.9249,85.1794,-3.2545
PEMAFC-PCA-F (K=12/12),0,period_0707,12.750000,-4.5398,2.4575,81.9459,85.1794,-3.2334
PEMAFC-PCA-F (K=12/12),0,period_0707,12.800000,-4.5144,2.2589,81.8621,85.1794,-3.3173
PEMAFC-PCA-F (K=12/12),0,period_0707,12.850000,-4.4794,2.3373,81.8248,85.1794,-3.3546
PEMAFC-PCA-F (K=12/12),0,period_0707,12.900000,-4.4654,1.6628,81.7713,85.1794,-3.4080
PEMAFC-PCA-F (K=12/12),0,period_0707,12.950000,-4.5247,0.9671,81.8400,85.1794,-3.3394
PEMAFC-PCA-F (K=12/12),0,period_0707,13.000000,-4.6248,2.2890,82.0069,85.1794,-3.1724
PEMAFC-PCA-F (K=12/12),0,period_0707,13.050000,-4.5972,1.7843,81.9816,85.1794,-3.1978
PEMAFC-PCA-F (K=12/12),0,period_0707,13.100000,-4.5617,2.5905,81.8922,85.1794,-3.2872
PEMAFC-PCA-F (K=12/12),0,period_0707,13.150000,-4.5742,2.5852,81.9435,85.1794,-3.2358
PEMAFC-PCA-F (K=12/12),0,period_0707,13.200000,-4.5853,2.8062,81.9079,85.1794,-3.2715
PEMAFC-PCA-F (K=12/12),0,period_0707,13.250000,-4.6198,2.1152,81.9429,85.1794,-3.2365
PEMAFC-PCA-F (K=12/12),0,period_0707,13.300000,-4.6959,2.3022,82.0066,85.1794,-3.1727
PEMAFC-PCA-F (K=12/12),0,period_0707,13.350000,-4.6458,2.6547,81.9224,85.1794,-3.2569
PEMAFC-PCA-F (K=12/12),0,period_0707,13.400000,-4.6696,2.2042,81.9602,85.1794,-3.2192
PEMAFC-PCA-F (K=12/12),0,period_0707,13.450000,-4.6525,2.5149,81.9768,85.1794,-3.2025
PEMAFC-PCA-F (K=12/12),0,period_0707,13.500000,-4.6362,1.7172,82.0085,85.1794,-3.1709
PEMAFC-PCA-F (K=12/12),0,period_0707,13.550000,-4.6198,2.7162,81.9850,85.1794,-3.1943
PEMAFC-PCA-F (K=12/12),0,period_0707,13.600000,-4.5828,2.4438,82.0087,85.1794,-3.1707
PEMAFC-PCA-F (K=12/12),0,period_0707,13.650000,-4.4666,2.0774,81.9454,85.1794,-3.2340
PEMAFC-PCA-F (K=12/12),0,period_0707,13.700000,-4.3849,1.9077,81.8597,85.1794,-3.3196
PEMAFC-PCA-F (K=12/12),0,period_0707,13.750000,-4.4125,1.8186,81.8859,85.1794,-3.2935
PEMAFC-PCA-F (K=12/12),0,period_0707,13.800000,-4.3719,2.1402,81.8165,85.1794,-3.3628
PEMAFC-PCA-F (K=12/12),0,period_0707,13.850000,-4.3171,1.6255,81.7495,85.1794,-3.4298
PEMAFC-PCA-F (K=12/12),0,period_0707,13.900000,-4.3286,1.7639,81.6849,85.1794,-3.4945
PEMAFC-PCA-F (K=12/12),0,period_0707,13.950000,-4.3669,2.4113,81.7935,85.1794,-3.3859
PEMAFC-PCA-F (K=12/12),0,period_0707,14.000000,-4.3643,3.5299,81.7696,85.1794,-3.4098
PEMAFC-PCA-F (K=12/12),0,period_0707,14.050000,-4.3629,1.3919,81.7187,85.1794,-3.4606
PEMAFC-PCA-F (K=12/12),0,period_0707,14.100000,-4.4392,1.3381,81.8703,85.1794,-3.3091
PEMAFC-PCA-F (K=12/12),0,period_0707,14.150000,-4.4847,2.5004,81.9441,85.1794,-3.2352
PEMAFC-PCA-F (K=12/12),0,period_0707,14.200000,-4.5442,1.8728,82.0335,85.1794,-3.1459
PEMAFC-PCA-F (K=12/12),0,period_0707,14.250000,-4.5118,2.4102,82.0366,85.1794,-3.1428
PEMAFC-PCA-F (K=12/12),0,period_0707,14.300000,-4.5853,2.0128,82.1584,85.1794,-3.0210
PEMAFC-PCA-F (K=12/12),0,period_0707,14.350000,-4.5578,1.3151,82.0597,85.1794,-3.1197
PEMAFC-PCA-F (K=12/12),0,period_0707,14.400000,-4.5061,1.5973,81.9738,85.1794,-3.2056
PEMAFC-PCA-F (K=12/12),0,period_0707,14.450000,-4.4826,2.2860,81.9515,85.1794,-3.2279
PEMAFC-PCA-F (K=12/12),0,period_0707,14.500000,-4.5356,2.3004,82.1069,85.1794,-3.0725
PEMAFC-PCA-F (K=12/12),0,period_0707,14.550000,-4.5303,1.4175,82.1543,85.1794,-3.0250
PEMAFC-PCA-F (K=12/12),0,period_0707,14.600000,-4.5840,2.7689,82.2126,85.1794,-2.9668
PEMAFC-PCA-F (K=12/12),0,period_0707,14.650000,-4.5990,2.7880,82.2382,85.1794,-2.9412
PEMAFC-PCA-F (K=12/12),0,period_0707,14.700000,-4.6187,0.8869,82.2859,85.1794,-2.8935
PEMAFC-PCA-F (K=12/12),0,period_0707,14.750000,-4.6367,1.8608,82.1793,85.1794,-3.0000
PEMAFC-PCA-F (K=12/12),0,period_0707,14.800000,-4.6092,1.8375,82.1224,85.1794,-3.0570
PEMAFC-PCA-F (K=12/12),0,period_0707,14.850000,-4.5842,2.7998,82.0396,85.1794,-3.1398
PEMAFC-PCA-F (K=12/12),0,period_0707,14.900000,-4.7014,2.2948,82.2304,85.1794,-2.9489
PEMAFC-PCA-F (K=12/12),0,period_0707,14.950000,-4.6470,1.3794,82.1694,85.1794,-3.0100
PEMAFC-PCA-F (K=12/12),0,period_0707,15.000000,-4.5680,1.7338,82.0587,85.1794,-3.1206
PEMAFC-PCA-F (K=12/12),1,period_0856,15.000667,-0.6140,-17.2588,75.6992,75.6790,0.0202
PEMAFC-PCA-F (K=12/12),1,period_0856,15.050000,-1.3557,0.9450,75.9060,75.6790,0.2269
PEMAFC-PCA-F (K=12/12),1,period_0856,15.100000,-2.1131,1.3944,76.0641,75.6790,0.3851
PEMAFC-PCA-F (K=12/12),1,period_0856,15.150000,-2.7341,2.0608,76.1862,75.6790,0.5072
PEMAFC-PCA-F (K=12/12),1,period_0856,15.200000,-3.2555,2.5355,76.2639,75.6790,0.5849
PEMAFC-PCA-F (K=12/12),1,period_0856,15.250000,-3.7324,2.9266,76.2769,75.6790,0.5979
PEMAFC-PCA-F (K=12/12),1,period_0856,15.300000,-4.0758,3.1715,76.2857,75.6790,0.6066
PEMAFC-PCA-F (K=12/12),1,period_0856,15.350000,-4.3640,3.3840,76.3189,75.6790,0.6399
PEMAFC-PCA-F (K=12/12),1,period_0856,15.400000,-4.6006,3.6032,76.2744,75.6790,0.5953
PEMAFC-PCA-F (K=12/12),1,period_0856,15.450000,-4.8270,4.0213,76.1756,75.6790,0.4966
PEMAFC-PCA-F (K=12/12),1,period_0856,15.500000,-4.9923,4.0223,76.1230,75.6790,0.4439
PEMAFC-PCA-F (K=12/12),1,period_0856,15.550000,-5.1602,4.5363,76.1224,75.6790,0.4434
PEMAFC-PCA-F (K=12/12),1,period_0856,15.600000,-5.2969,4.0633,76.1072,75.6790,0.4282
PEMAFC-PCA-F (K=12/12),1,period_0856,15.650000,-5.3984,4.7981,75.9991,75.6790,0.3201
PEMAFC-PCA-F (K=12/12),1,period_0856,15.700000,-5.4447,4.1703,75.8711,75.6790,0.1921
PEMAFC-PCA-F (K=12/12),1,period_0856,15.750000,-5.5355,4.5933,75.9004,75.6790,0.2213
PEMAFC-PCA-F (K=12/12),1,period_0856,15.800000,-5.5615,4.4637,75.7680,75.6790,0.0890
PEMAFC-PCA-F (K=12/12),1,period_0856,15.850000,-5.6524,4.5548,75.6473,75.6790,-0.0317
PEMAFC-PCA-F (K=12/12),1,period_0856,15.900000,-5.6913,4.1227,75.6497,75.6790,-0.0294
PEMAFC-PCA-F (K=12/12),1,period_0856,15.950000,-5.7427,4.9294,75.7700,75.6790,0.0909
PEMAFC-PCA-F (K=12/12),1,period_0856,16.000000,-5.7499,5.1746,75.6174,75.6790,-0.0617
PEMAFC-PCA-F (K=12/12),1,period_0856,16.050000,-5.7958,3.8709,75.7064,75.6790,0.0273
PEMAFC-PCA-F (K=12/12),1,period_0856,16.100000,-5.8404,4.5373,75.6413,75.6790,-0.0377
PEMAFC-PCA-F (K=12/12),1,period_0856,16.150000,-5.9031,4.5198,75.5862,75.6790,-0.0928
PEMAFC-PCA-F (K=12/12),1,period_0856,16.200000,-5.9270,5.0851,75.5701,75.6790,-0.1090
PEMAFC-PCA-F (K=12/12),1,period_0856,16.250000,-5.9620,5.0653,75.5579,75.6790,-0.1211
PEMAFC-PCA-F (K=12/12),1,period_0856,16.300000,-6.0046,4.0135,75.6703,75.6790,-0.0087
PEMAFC-PCA-F (K=12/12),1,period_0856,16.350000,-6.0402,4.7911,75.6976,75.6790,0.0186
PEMAFC-PCA-F (K=12/12),1,period_0856,16.400000,-6.0415,5.1520,75.5614,75.6790,-0.1176
PEMAFC-PCA-F (K=12/12),1,period_0856,16.450000,-6.0727,4.6575,75.4826,75.6790,-0.1964
PEMAFC-PCA-F (K=12/12),1,period_0856,16.500000,-6.0477,4.4924,75.3802,75.6790,-0.2989
PEMAFC-PCA-F (K=12/12),1,period_0856,16.550000,-6.0559,5.2556,75.4095,75.6790,-0.2696
PEMAFC-PCA-F (K=12/12),1,period_0856,16.600000,-6.1172,4.1472,75.4844,75.6790,-0.1946
PEMAFC-PCA-F (K=12/12),1,period_0856,16.650000,-6.1370,3.7980,75.5408,75.6790,-0.1382
PEMAFC-PCA-F (K=12/12),1,period_0856,16.700000,-6.1326,5.3164,75.5641,75.6790,-0.1149
PEMAFC-PCA-F (K=12/12),1,period_0856,16.750000,-6.1721,4.0414,75.5968,75.6790,-0.0823
PEMAFC-PCA-F (K=12/12),1,period_0856,16.800000,-6.1984,4.0343,75.8195,75.6790,0.1405
PEMAFC-PCA-F (K=12/12),1,period_0856,16.850000,-6.1751,3.5295,75.7701,75.6790,0.0910
PEMAFC-PCA-F (K=12/12),1,period_0856,16.900000,-6.1962,4.7817,75.7865,75.6790,0.1075
PEMAFC-PCA-F (K=12/12),1,period_0856,16.950000,-6.1914,5.8437,75.6918,75.6790,0.0128
PEMAFC-PCA-F (K=12/12),1,period_0856,17.000000,-6.2227,4.8432,75.6804,75.6790,0.0014
PEMAFC-PCA-F (K=12/12),1,period_0856,17.050000,-6.2247,5.0627,75.6169,75.6790,-0.0622
PEMAFC-PCA-F (K=12/12),1,period_0856,17.100000,-6.2113,4.6653,75.6200,75.6790,-0.0590
PEMAFC-PCA-F (K=12/12),1,period_0856,17.150000,-6.2407,5.7797,75.6976,75.6790,0.0186
PEMAFC-PCA-F (K=12/12),1,period_0856,17.200000,-6.2239,4.6415,75.6889,75.6790,0.0099
PEMAFC-PCA-F (K=12/12),1,period_0856,17.250000,-6.2507,4.0924,75.7508,75.6790,0.0718
PEMAFC-PCA-F (K=12/12),1,period_0856,17.300000,-6.2786,4.5416,75.8004,75.6790,0.1213
PEMAFC-PCA-F (K=12/12),1,period_0856,17.350000,-6.2430,4.4586,75.7414,75.6790,0.0624
PEMAFC-PCA-F (K=12/12),1,period_0856,17.400000,-6.2177,5.4336,75.7470,75.6790,0.0680
PEMAFC-PCA-F (K=12/12),1,period_0856,17.450000,-6.2415,4.5199,75.7835,75.6790,0.1045
PEMAFC-PCA-F (K=12/12),1,period_0856,17.500000,-6.2452,5.0188,75.7022,75.6790,0.0232
PEMAFC-PCA-F (K=12/12),1,period_0856,17.550000,-6.2418,5.3810,75.5944,75.6790,-0.0846
PEMAFC-PCA-F (K=12/12),1,period_0856,17.600000,-6.2300,4.9782,75.6084,75.6790,-0.0706
PEMAFC-PCA-F (K=12/12),1,period_0856,17.650000,-6.2436,4.9395,75.6001,75.6790,-0.0790
PEMAFC-PCA-F (K=12/12),1,period_0856,17.700000,-6.2390,5.3072,75.5985,75.6790,-0.0805
PEMAFC-PCA-F (K=12/12),1,period_0856,17.750000,-6.2188,5.6264,75.5589,75.6790,-0.1201
PEMAFC-PCA-F (K=12/12),1,period_0856,17.800000,-6.1965,5.2378,75.4315,75.6790,-0.2475
PEMAFC-PCA-F (K=12/12),1,period_0856,17.850000,-6.2119,4.9005,75.3951,75.6790,-0.2839
PEMAFC-PCA-F (K=12/12),1,period_0856,17.900000,-6.1627,4.8535,75.3168,75.6790,-0.3623
PEMAFC-PCA-F (K=12/12),1,period_0856,17.950000,-6.1312,5.1098,75.2009,75.6790,-0.4781
PEMAFC-PCA-F (K=12/12),1,period_0856,18.000000,-6.1469,5.0892,75.2155,75.6790,-0.4635
PEMAFC-PCA-F (K=12/12),1,period_0856,18.050000,-6.1568,4.8276,75.2030,75.6790,-0.4761
PEMAFC-PCA-F (K=12/12),1,period_0856,18.100000,-6.1400,4.5170,75.1795,75.6790,-0.4995
PEMAFC-PCA-F (K=12/12),1,period_0856,18.150000,-6.1433,4.9275,75.2144,75.6790,-0.4646
PEMAFC-PCA-F (K=12/12),1,period_0856,18.200000,-6.1552,5.0642,75.2724,75.6790,-0.4066
PEMAFC-PCA-F (K=12/12),1,period_0856,18.250000,-6.1232,4.9502,75.1809,75.6790,-0.4982
PEMAFC-PCA-F (K=12/12),1,period_0856,18.300000,-6.1700,3.8983,75.1750,75.6790,-0.5040
PEMAFC-PCA-F (K=12/12),1,period_0856,18.350000,-6.1994,4.1049,75.2732,75.6790,-0.4059
PEMAFC-PCA-F (K=12/12),1,period_0856,18.400000,-6.1621,5.6356,75.2622,75.6790,-0.4168
PEMAFC-PCA-F (K=12/12),1,period_0856,18.450000,-6.1765,5.2417,75.2637,75.6790,-0.4153
PEMAFC-PCA-F (K=12/12),1,period_0856,18.500000,-6.1218,5.1786,75.1337,75.6790,-0.5453
PEMAFC-PCA-F (K=12/12),1,period_0856,18.550000,-6.1003,4.9831,75.1053,75.6790,-0.5737
PEMAFC-PCA-F (K=12/12),1,period_0856,18.600000,-6.0631,4.9412,75.0779,75.6790,-0.6011
PEMAFC-PCA-F (K=12/12),1,period_0856,18.650000,-6.0451,5.0724,75.0801,75.6790,-0.5989
PEMAFC-PCA-F (K=12/12),1,period_0856,18.700000,-6.0447,4.4873,75.0842,75.6790,-0.5948
PEMAFC-PCA-F (K=12/12),1,period_0856,18.750000,-6.0476,4.8344,75.0508,75.6790,-0.6282
PEMAFC-PCA-F (K=12/12),1,period_0856,18.800000,-6.1135,4.6370,75.0914,75.6790,-0.5876
PEMAFC-PCA-F (K=12/12),1,period_0856,18.850000,-6.1167,4.4704,75.0956,75.6790,-0.5834
PEMAFC-PCA-F (K=12/12),1,period_0856,18.900000,-6.1278,5.0801,75.1151,75.6790,-0.5640
PEMAFC-PCA-F (K=12/12),1,period_0856,18.950000,-6.0849,4.6726,75.0630,75.6790,-0.6160
PEMAFC-PCA-F (K=12/12),1,period_0856,19.000000,-6.1176,4.3778,75.0952,75.6790,-0.5838
PEMAFC-PCA-F (K=12/12),1,period_0856,19.050000,-6.1173,3.8867,75.0980,75.6790,-0.5810
PEMAFC-PCA-F (K=12/12),1,period_0856,19.100000,-6.1270,5.0853,75.0858,75.6790,-0.5933
PEMAFC-PCA-F (K=12/12),1,period_0856,19.150000,-6.1574,4.8419,75.1118,75.6790,-0.5672
PEMAFC-PCA-F (K=12/12),1,period_0856,19.200000,-6.1447,4.7639,75.1020,75.6790,-0.5770
PEMAFC-PCA-F (K=12/12),1,period_0856,19.250000,-6.1552,5.5449,75.1010,75.6790,-0.5781
PEMAFC-PCA-F (K=12/12),1,period_0856,19.300000,-6.1963,5.1251,75.1653,75.6790,-0.5137
PEMAFC-PCA-F (K=12/12),1,period_0856,19.350000,-6.1966,4.9927,75.1192,75.6790,-0.5598
PEMAFC-PCA-F (K=12/12),1,period_0856,19.400000,-6.2259,4.6365,75.2050,75.6790,-0.4740
PEMAFC-PCA-F (K=12/12),1,period_0856,19.450000,-6.1928,4.4998,75.2105,75.6790,-0.4685
PEMAFC-PCA-F (K=12/12),1,period_0856,19.500000,-6.1596,5.3403,75.2797,75.6790,-0.3993
PEMAFC-PCA-F (K=12/12),1,period_0856,19.550000,-6.1890,4.3043,75.2466,75.6790,-0.4324
PEMAFC-PCA-F (K=12/12),1,period_0856,19.600000,-6.1843,4.7735,75.1705,75.6790,-0.5085
PEMAFC-PCA-F (K=12/12),1,period_0856,19.650000,-6.2092,4.7843,75.2094,75.6790,-0.4696
PEMAFC-PCA-F (K=12/12),1,period_0856,19.700000,-6.2010,4.8761,75.1848,75.6790,-0.4942
PEMAFC-PCA-F (K=12/12),1,period_0856,19.750000,-6.1846,4.5602,75.1814,75.6790,-0.4976
PEMAFC-PCA-F (K=12/12),1,period_0856,19.800000,-6.1643,4.4619,75.1767,75.6790,-0.5024
PEMAFC-PCA-F (K=12/12),1,period_0856,19.850000,-6.1540,3.9968,75.1724,75.6790,-0.5066
PEMAFC-PCA-F (K=12/12),1,period_0856,19.900000,-6.1949,5.0812,75.2296,75.6790,-0.4494
PEMAFC-PCA-F (K=12/12),1,period_0856,19.950000,-6.1982,4.4804,75.2085,75.6790,-0.4705
PEMAFC-PCA-F (K=12/12),1,period_0856,20.000000,-6.1892,4.3570,75.2383,75.6790,-0.4408
PEMAFC-PCA-F (K=12/12),1,period_0856,20.050000,-6.2032,4.8085,75.3454,75.6790,-0.3336
PEMAFC-PCA-F (K=12/12),1,period_0856,20.100000,-6.1874,4.1344,75.3376,75.6790,-0.3415
PEMAFC-PCA-F (K=12/12),1,period_0856,20.150000,-6.2353,4.0043,75.3933,75.6790,-0.2857
PEMAFC-PCA-F (K=12/12),1,period_0856,20.200000,-6.2712,5.1844,75.4344,75.6790,-0.2446
PEMAFC-PCA-F (K=12/12),1,period_0856,20.250000,-6.2157,4.8830,75.3672,75.6790,-0.3118
PEMAFC-PCA-F (K=12/12),1,period_0856,20.300000,-6.2187,5.5238,75.3464,75.6790,-0.3326
PEMAFC-PCA-F (K=12/12),1,period_0856,20.350000,-6.1910,4.9955,75.4060,75.6790,-0.2730
PEMAFC-PCA-F (K=12/12),1,period_0856,20.400000,-6.1966,4.8633,75.4149,75.6790,-0.2641
PEMAFC-PCA-F (K=12/12),1,period_0856,20.450000,-6.0957,5.3151,75.2560,75.6790,-0.4230
PEMAFC-PCA-F (K=12/12),1,period_0856,20.500000,-6.1055,4.4861,75.2465,75.6790,-0.4325
PEMAFC-PCA-F (K=12/12),1,period_0856,20.550000,-6.1288,5.0191,75.2430,75.6790,-0.4360
PEMAFC-PCA-F (K=12/12),1,period_0856,20.600000,-6.1015,4.8199,75.1996,75.6790,-0.4794
PEMAFC-PCA-F (K=12/12),1,period_0856,20.650000,-6.0814,5.2645,75.1301,75.6790,-0.5489
PEMAFC-PCA-F (K=12/12),1,period_0856,20.700000,-6.1224,3.8258,75.2020,75.6790,-0.4770
PEMAFC-PCA-F (K=12/12),1,period_0856,20.750000,-6.1677,4.4809,75.2731,75.6790,-0.4059
PEMAFC-PCA-F (K=12/12),1,period_0856,20.800000,-6.1388,5.7238,75.2531,75.6790,-0.4259
PEMAFC-PCA-F (K=12/12),1,period_0856,20.850000,-6.1639,4.3658,75.3406,75.6790,-0.3384
PEMAFC-PCA-F (K=12/12),1,period_0856,20.900000,-6.1870,4.9953,75.3418,75.6790,-0.3372
PEMAFC-PCA-F (K=12/12),1,period_0856,20.950000,-6.1644,4.0812,75.3163,75.6790,-0.3627
PEMAFC-PCA-F (K=12/12),1,period_0856,21.000000,-6.2077,4.1239,75.3513,75.6790,-0.3277
PEMAFC-PCA-F (K=12/12),1,period_0856,21.050000,-6.2086,4.3154,75.3619,75.6790,-0.3172
PEMAFC-PCA-F (K=12/12),1,period_0856,21.100000,-6.2102,4.6237,75.3513,75.6790,-0.3277
PEMAFC-PCA-F (K=12/12),1,period_0856,21.150000,-6.2081,5.0792,75.3105,75.6790,-0.3686
PEMAFC-PCA-F (K=12/12),1,period_0856,21.200000,-6.2226,4.3752,75.2761,75.6790,-0.4029
PEMAFC-PCA-F (K=12/12),1,period_0856,21.250000,-6.2079,3.6160,75.3511,75.6790,-0.3279
PEMAFC-PCA-F (K=12/12),1,period_0856,21.300000,-6.2546,3.7406,75.4456,75.6790,-0.2334
PEMAFC-PCA-F (K=12/12),1,period_0856,21.350000,-6.2386,5.7538,75.3603,75.6790,-0.3187
PEMAFC-PCA-F (K=12/12),1,period_0856,21.400000,-6.2513,4.8918,75.4460,75.6790,-0.2330
PEMAFC-PCA-F (K=12/12),1,period_0856,21.450000,-6.2683,4.9197,75.4797,75.6790,-0.1994
PEMAFC-PCA-F (K=12/12),1,period_0856,21.500000,-6.1994,5.2246,75.4095,75.6790,-0.2695
PEMAFC-PCA-F (K=12/12),1,period_0856,21.550000,-6.1890,5.3482,75.3802,75.6790,-0.2988
PEMAFC-PCA-F (K=12/12),1,period_0856,21.600000,-6.1931,4.9710,75.3883,75.6790,-0.2907
PEMAFC-PCA-F (K=12/12),1,period_0856,21.650000,-6.1972,5.4738,75.3427,75.6790,-0.3363
PEMAFC-PCA-F (K=12/12),1,period_0856,21.700000,-6.1829,4.8756,75.3175,75.6790,-0.3615
PEMAFC-PCA-F (K=12/12),1,period_0856,21.750000,-6.1329,4.6364,75.3095,75.6790,-0.3695
PEMAFC-PCA-F (K=12/12),1,period_0856,21.800000,-6.1120,4.7262,75.2742,75.6790,-0.4048
PEMAFC-PCA-F (K=12/12),1,period_0856,21.850000,-6.1062,4.6118,75.2172,75.6790,-0.4618
PEMAFC-PCA-F (K=12/12),1,period_0856,21.900000,-6.0926,5.1162,75.1647,75.6790,-0.5143
PEMAFC-PCA-F (K=12/12),1,period_0856,21.950000,-6.0681,5.6222,75.1620,75.6790,-0.5171
PEMAFC-PCA-F (K=12/12),1,period_0856,22.000000,-6.1008,4.6654,75.1255,75.6790,-0.5535
PEMAFC-PCA-F (K=12/12),1,period_0856,22.050000,-6.1066,4.1792,75.1155,75.6790,-0.5635
PEMAFC-PCA-F (K=12/12),1,period_0856,22.100000,-6.1542,3.9240,75.2018,75.6790,-0.4772
PEMAFC-PCA-F (K=12/12),1,period_0856,22.150000,-6.1206,4.8301,75.1580,75.6790,-0.5210
PEMAFC-PCA-F (K=12/12),1,period_0856,22.200000,-6.0750,4.9866,75.0898,75.6790,-0.5892
PEMAFC-PCA-F (K=12/12),1,period_0856,22.250000,-6.0579,4.4345,75.0897,75.6790,-0.5893
PEMAFC-PCA-F (K=12/12),1,period_0856,22.300000,-6.0898,4.6656,75.0947,75.6790,-0.5843
PEMAFC-PCA-F (K=12/12),1,period_0856,22.350000,-6.0721,5.4147,75.0259,75.6790,-0.6532
PEMAFC-PCA-F (K=12/12),1,period_0856,22.400000,-6.0882,4.1921,75.0976,75.6790,-0.5814
PEMAFC-PCA-F (K=12/12),1,period_0856,22.450000,-6.1354,4.1981,75.2171,75.6790,-0.4620
PEMAFC-PCA-F (K=12/12),1,period_0856,22.500000,-6.1321,5.3825,75.1751,75.6790,-0.5039
PEMAFC-PCA-F (K=12/12),1,period_0856,22.550000,-6.1035,4.1123,75.1615,75.6790,-0.5175
PEMAFC-PCA-F (K=12/12),1,period_0856,22.600000,-6.0318,4.6735,75.1421,75.6790,-0.5369
PEMAFC-PCA-F (K=12/12),1,period_0856,22.650000,-6.0473,5.4881,75.1561,75.6790,-0.5230
PEMAFC-PCA-F (K=12/12),1,period_0856,22.700000,-6.0468,5.3822,75.1756,75.6790,-0.5034
PEMAFC-PCA-F (K=12/12),1,period_0856,22.750000,-6.0685,3.8394,75.2258,75.6790,-0.4533
PEMAFC-PCA-F (K=12/12),1,period_0856,22.800000,-6.0507,5.1448,75.2435,75.6790,-0.4355
PEMAFC-PCA-F (K=12/12),1,period_0856,22.850000,-6.0351,4.5557,75.2216,75.6790,-0.4574
PEMAFC-PCA-F (K=12/12),1,period_0856,22.900000,-6.0675,3.5848,75.2738,75.6790,-0.4053
PEMAFC-PCA-F (K=12/12),1,period_0856,22.950000,-6.0027,4.8466,75.1531,75.6790,-0.5259
PEMAFC-PCA-F (K=12/12),1,period_0856,23.000000,-6.0358,4.4788,75.1964,75.6790,-0.4826
PEMAFC-PCA-F (K=12/12),1,period_0856,23.050000,-6.0548,4.8186,75.1462,75.6790,-0.5328
PEMAFC-PCA-F (K=12/12),1,period_0856,23.100000,-6.0248,4.8114,75.0646,75.6790,-0.6144
PEMAFC-PCA-F (K=12/12),1,period_0856,23.150000,-6.0345,4.7934,75.0423,75.6790,-0.6368
PEMAFC-PCA-F (K=12/12),1,period_0856,23.200000,-6.0471,4.5210,75.0209,75.6790,-0.6581
PEMAFC-PCA-F (K=12/12),1,period_0856,23.250000,-6.0769,3.6633,75.0030,75.6790,-0.6760
PEMAFC-PCA-F (K=12/12),1,period_0856,23.300000,-6.1109,3.2796,75.0800,75.6790,-0.5990
PEMAFC-PCA-F (K=12/12),1,period_0856,23.350000,-6.0688,5.1569,74.9441,75.6790,-0.7350
PEMAFC-PCA-F (K=12/12),1,period_0856,23.400000,-6.0456,4.2816,74.9177,75.6790,-0.7613
PEMAFC-PCA-F (K=12/12),1,period_0856,23.450000,-6.1053,5.0993,75.0557,75.6790,-0.6233
PEMAFC-PCA-F (K=12/12),1,period_0856,23.500000,-6.1492,4.7837,75.1179,75.6790,-0.5611
PEMAFC-PCA-F (K=12/12),1,period_0856,23.550000,-6.1732,4.2637,75.2834,75.6790,-0.3957
PEMAFC-PCA-F (K=12/12),1,period_0856,23.600000,-6.1958,3.7197,75.2662,75.6790,-0.4129
PEMAFC-PCA-F (K=12/12),1,period_0856,23.650000,-6.2096,5.1027,75.3315,75.6790,-0.3475
PEMAFC-PCA-F (K=12/12),1,period_0856,23.700000,-6.2201,4.4562,75.3412,75.6790,-0.3378
PEMAFC-PCA-F (K=12/12),1,period_0856,23.750000,-6.2002,5.0622,75.3770,75.6790,-0.3020
PEMAFC-PCA-F (K=12/12),1,period_0856,23.800000,-6.1839,4.5613,75.3613,75.6790,-0.3177
PEMAFC-PCA-F (K=12/12),1,period_0856,23.850000,-6.2134,3.2345,75.4883,75.6790,-0.1907
PEMAFC-PCA-F (K=12/12),1,period_0856,23.900000,-6.2085,4.8521,75.4375,75.6790,-0.2415
PEMAFC-PCA-F (K=12/12),1,period_0856,23.950000,-6.2040,4.4175,75.3916,75.6790,-0.2875
PEMAFC-PCA-F (K=12/12),1,period_0856,24.000000,-6.2519,4.2557,75.3952,75.6790,-0.2838
PEMAFC-PCA-F (K=12/12),1,period_0856,24.050000,-6.2455,4.9450,75.3661,75.6790,-0.3129
PEMAFC-PCA-F (K=12/12),1,period_0856,24.100000,-6.2640,4.6828,75.3704,75.6790,-0.3086
PEMAFC-PCA-F (K=12/12),1,period_0856,24.150000,-6.2488,4.4378,75.2351,75.6790,-0.4439
PEMAFC-PCA-F (K=12/12),1,period_0856,24.200000,-6.2000,5.3580,75.2398,75.6790,-0.4392
PEMAFC-PCA-F (K=12/12),1,period_0856,24.250000,-6.2243,5.4418,75.1970,75.6790,-0.4821
PEMAFC-PCA-F (K=12/12),1,period_0856,24.300000,-6.1967,5.3575,75.2434,75.6790,-0.4356
PEMAFC-PCA-F (K=12/12),1,period_0856,24.350000,-6.2302,4.5201,75.2703,75.6790,-0.4087
PEMAFC-PCA-F (K=12/12),1,period_0856,24.400000,-6.2063,4.3761,75.2578,75.6790,-0.4212
PEMAFC-PCA-F (K=12/12),1,period_0856,24.450000,-6.1877,5.7745,75.1986,75.6790,-0.4804
PEMAFC-PCA-F (K=12/12),1,period_0856,24.500000,-6.1878,4.9162,75.2406,75.6790,-0.4385
PEMAFC-PCA-F (K=12/12),1,period_0856,24.550000,-6.2016,4.5055,75.2704,75.6790,-0.4087
PEMAFC-PCA-F (K=12/12),1,period_0856,24.600000,-6.1588,4.7907,75.1835,75.6790,-0.4955
PEMAFC-PCA-F (K=12/12),1,period_0856,24.650000,-6.2102,5.2315,75.2581,75.6790,-0.4209
PEMAFC-PCA-F (K=12/12),1,period_0856,24.700000,-6.2097,4.3094,75.2457,75.6790,-0.4333
PEMAFC-PCA-F (K=12/12),1,period_0856,24.750000,-6.2571,4.3939,75.2728,75.6790,-0.4062
PEMAFC-PCA-F (K=12/12),1,period_0856,24.800000,-6.2920,5.3226,75.3164,75.6790,-0.3626
PEMAFC-PCA-F (K=12/12),1,period_0856,24.850000,-6.2762,5.0988,75.2218,75.6790,-0.4572
PEMAFC-PCA-F (K=12/12),1,period_0856,24.900000,-6.3089,4.6441,75.2875,75.6790,-0.3915
PEMAFC-PCA-F (K=12/12),1,period_0856,24.950000,-6.2947,4.9899,75.3191,75.6790,-0.3599
PEMAFC-PCA-F (K=12/12),1,period_0856,25.000000,-6.3283,4.3753,75.3432,75.6790,-0.3358
PEMAFC-PCA-F (K=12/12),1,period_0856,25.050000,-6.3182,4.5642,75.4058,75.6790,-0.2732
PEMAFC-PCA-F (K=12/12),1,period_0856,25.100000,-6.3700,4.6336,75.4923,75.6790,-0.1867
PEMAFC-PCA-F (K=12/12),1,period_0856,25.150000,-6.3712,5.1332,75.4510,75.6790,-0.2280
PEMAFC-PCA-F (K=12/12),1,period_0856,25.200000,-6.3737,5.2435,75.5220,75.6790,-0.1570
PEMAFC-PCA-F (K=12/12),1,period_0856,25.250000,-6.3196,5.0868,75.4901,75.6790,-0.1890
PEMAFC-PCA-F (K=12/12),1,period_0856,25.300000,-6.2689,5.3835,75.3938,75.6790,-0.2852
PEMAFC-PCA-F (K=12/12),1,period_0856,25.350000,-6.2432,5.4397,75.4190,75.6790,-0.2600
PEMAFC-PCA-F (K=12/12),1,period_0856,25.400000,-6.1917,5.0550,75.2666,75.6790,-0.4124
PEMAFC-PCA-F (K=12/12),1,period_0856,25.450000,-6.2178,4.2380,75.3102,75.6790,-0.3688
PEMAFC-PCA-F (K=12/12),1,period_0856,25.500000,-6.2066,4.6115,75.2906,75.6790,-0.3885
PEMAFC-PCA-F (K=12/12),1,period_0856,25.550000,-6.1568,4.6543,75.1736,75.6790,-0.5054
PEMAFC-PCA-F (K=12/12),1,period_0856,25.600000,-6.1859,4.0687,75.2132,75.6790,-0.4658
PEMAFC-PCA-F (K=12/12),1,period_0856,25.650000,-6.1514,4.4520,75.2409,75.6790,-0.4381
PEMAFC-PCA-F (K=12/12),1,period_0856,25.700000,-6.1209,3.9066,75.2466,75.6790,-0.4324
PEMAFC-PCA-F (K=12/12),1,period_0856,25.750000,-6.1620,4.1719,75.2251,75.6790,-0.4539
PEMAFC-PCA-F (K=12/12),1,period_0856,25.800000,-6.1456,4.0655,75.2321,75.6790,-0.4470
PEMAFC-PCA-F (K=12/12),1,period_0856,25.850000,-6.1624,4.2590,75.2132,75.6790,-0.4658
PEMAFC-PCA-F (K=12/12),1,period_0856,25.900000,-6.1540,5.2607,75.2066,75.6790,-0.4724
PEMAFC-PCA-F (K=12/12),1,period_0856,25.950000,-6.1631,4.2267,75.2031,75.6790,-0.4760
PEMAFC-PCA-F (K=12/12),1,period_0856,26.000000,-6.1780,5.6934,75.1865,75.6790,-0.4925
PEMAFC-PCA-F (K=12/12),1,period_0856,26.050000,-6.1831,5.3546,75.1356,75.6790,-0.5434
PEMAFC-PCA-F (K=12/12),1,period_0856,26.100000,-6.1646,5.3312,75.1345,75.6790,-0.5445
PEMAFC-PCA-F (K=12/12),1,period_0856,26.150000,-6.1793,4.5296,75.1122,75.6790,-0.5669
PEMAFC-PCA-F (K=12/12),1,period_0856,26.200000,-6.1687,3.9955,75.1124,75.6790,-0.5666
PEMAFC-PCA-F (K=12/12),1,period_0856,26.250000,-6.1916,4.9961,75.1258,75.6790,-0.5532
PEMAFC-PCA-F (K=12/12),1,period_0856,26.300000,-6.2080,4.9441,75.1922,75.6790,-0.4869
PEMAFC-PCA-F (K=12/12),1,period_0856,26.350000,-6.2202,4.9455,75.2448,75.6790,-0.4343
PEMAFC-PCA-F (K=12/12),1,period_0856,26.400000,-6.2416,4.4067,75.3158,75.6790,-0.3632
PEMAFC-PCA-F (K=12/12),1,period_0856,26.450000,-6.2391,5.0951,75.3053,75.6790,-0.3737
PEMAFC-PCA-F (K=12/12),1,period_0856,26.500000,-6.2032,5.3119,75.2041,75.6790,-0.4749
PEMAFC-PCA-F (K=12/12),1,period_0856,26.550000,-6.1665,4.3819,75.2693,75.6790,-0.4097
PEMAFC-PCA-F (K=12/12),1,period_0856,26.600000,-6.1845,5.1471,75.3439,75.6790,-0.3352
PEMAFC-PCA-F (K=12/12),1,period_0856,26.650000,-6.2012,4.1665,75.4355,75.6790,-0.2435
PEMAFC-PCA-F (K=12/12),1,period_0856,26.700000,-6.1612,4.5599,75.3935,75.6790,-0.2856
PEMAFC-PCA-F (K=12/12),1,period_0856,26.750000,-6.1491,3.8851,75.4158,75.6790,-0.2633
PEMAFC-PCA-F (K=12/12),1,period_0856,26.800000,-6.1534,4.0752,75.4510,75.6790,-0.2280
PEMAFC-PCA-F (K=12/12),1,period_0856,26.850000,-6.1398,5.1376,75.4500,75.6790,-0.2290
PEMAFC-PCA-F (K=12/12),1,period_0856,26.900000,-6.1646,5.3904,75.4267,75.6790,-0.2523
PEMAFC-PCA-F (K=12/12),1,period_0856,26.950000,-6.2052,4.7887,75.4636,75.6790,-0.2155
PEMAFC-PCA-F (K=12/12),1,period_0856,27.000000,-6.2142,4.1571,75.4913,75.6790,-0.1877
PEMAFC-PCA-F (K=12/12),1,period_0856,27.050000,-6.2268,5.1779,75.4588,75.6790,-0.2202
PEMAFC-PCA-F (K=12/12),1,period_0856,27.100000,-6.2189,4.4777,75.5042,75.6790,-0.1748
PEMAFC-PCA-F (K=12/12),1,period_0856,27.150000,-6.2150,5.2428,75.4131,75.6790,-0.2659
PEMAFC-PCA-F (K=12/12),1,period_0856,27.200000,-6.2378,4.1866,75.5287,75.6790,-0.1503
PEMAFC-PCA-F (K=12/12),1,period_0856,27.250000,-6.2382,4.3647,75.5240,75.6790,-0.1551
PEMAFC-PCA-F (K=12/12),1,period_0856,27.300000,-6.2017,5.6005,75.4443,75.6790,-0.2347
PEMAFC-PCA-F (K=12/12),1,period_0856,27.350000,-6.2155,5.2858,75.4312,75.6790,-0.2478
PEMAFC-PCA-F (K=12/12),1,period_0856,27.400000,-6.1816,4.5082,75.3325,75.6790,-0.3465
PEMAFC-PCA-F (K=12/12),1,period_0856,27.450000,-6.2076,4.8262,75.3183,75.6790,-0.3607
PEMAFC-PCA-F (K=12/12),1,period_0856,27.500000,-6.2015,4.9166,75.3290,75.6790,-0.3501
PEMAFC-PCA-F (K=12/12),1,period_0856,27.550000,-6.2081,4.8335,75.2903,75.6790,-0.3888
PEMAFC-PCA-F (K=12/12),1,period_0856,27.600000,-6.2071,4.6841,75.2946,75.6790,-0.3844
PEMAFC-PCA-F (K=12/12),1,period_0856,27.650000,-6.1824,5.0806,75.2728,75.6790,-0.4062
PEMAFC-PCA-F (K=12/12),1,period_0856,27.700000,-6.1951,4.0015,75.2890,75.6790,-0.3900
PEMAFC-PCA-F (K=12/12),1,period_0856,27.750000,-6.2001,4.9551,75.2843,75.6790,-0.3948
PEMAFC-PCA-F (K=12/12),1,period_0856,27.800000,-6.2112,5.0605,75.2531,75.6790,-0.4259
PEMAFC-PCA-F (K=12/12),1,period_0856,27.850000,-6.2391,4.3864,75.3235,75.6790,-0.3555
PEMAFC-PCA-F (K=12/12),1,period_0856,27.900000,-6.2599,3.6489,75.4886,75.6790,-0.1904
PEMAFC-PCA-F (K=12/12),1,period_0856,27.950000,-6.2792,4.3881,75.5251,75.6790,-0.1539
PEMAFC-PCA-F (K=12/12),1,period_0856,28.000000,-6.3096,5.6203,75.4983,75.6790,-0.1807
PEMAFC-PCA-F (K=12/12),1,period_0856,28.050000,-6.2982,4.1838,75.5493,75.6790,-0.1297
PEMAFC-PCA-F (K=12/12),1,period_0856,28.100000,-6.2780,4.8777,75.5402,75.6790,-0.1388
PEMAFC-PCA-F (K=12/12),1,period_0856,28.150000,-6.2714,5.2580,75.5440,75.6790,-0.1350
PEMAFC-PCA-F (K=12/12),1,period_0856,28.200000,-6.3160,4.8519,75.5721,75.6790,-0.1069
PEMAFC-PCA-F (K=12/12),1,period_0856,28.250000,-6.3135,4.6840,75.5536,75.6790,-0.1254
PEMAFC-PCA-F (K=12/12),1,period_0856,28.300000,-6.2979,5.5173,75.5091,75.6790,-0.1699
PEMAFC-PCA-F (K=12/12),1,period_0856,28.350000,-6.3172,4.4205,75.5096,75.6790,-0.1694
PEMAFC-PCA-F (K=12/12),1,period_0856,28.400000,-6.3246,5.2720,75.5203,75.6790,-0.1587
PEMAFC-PCA-F (K=12/12),1,period_0856,28.450000,-6.3352,5.0407,75.4589,75.6790,-0.2201
PEMAFC-PCA-F (K=12/12),1,period_0856,28.500000,-6.3071,4.8433,75.4231,75.6790,-0.2559
PEMAFC-PCA-F (K=12/12),1,period_0856,28.550000,-6.2666,5.0703,75.4132,75.6790,-0.2658
PEMAFC-PCA-F (K=12/12),1,period_0856,28.600000,-6.2634,5.2490,75.3538,75.6790,-0.3252
PEMAFC-PCA-F (K=12/12),1,period_0856,28.650000,-6.2700,5.4805,75.3518,75.6790,-0.3272
PEMAFC-PCA-F (K=12/12),1,period_0856,28.700000,-6.2267,4.9993,75.2600,75.6790,-0.4191
PEMAFC-PCA-F (K=12/12),1,period_0856,28.750000,-6.2404,5.5213,75.3109,75.6790,-0.3681
PEMAFC-PCA-F (K=12/12),1,period_0856,28.800000,-6.2290,4.9666,75.2915,75.6790,-0.3875
PEMAFC-PCA-F (K=12/12),1,period_0856,28.850000,-6.1623,4.5059,75.2009,75.6790,-0.4782
PEMAFC-PCA-F (K=12/12),1,period_0856,28.900000,-6.1747,4.8981,75.2174,75.6790,-0.4617
PEMAFC-PCA-F (K=12/12),1,period_0856,28.950000,-6.1515,5.3658,75.1829,75.6790,-0.4961
PEMAFC-PCA-F (K=12/12),1,period_0856,29.000000,-6.1817,4.9411,75.1013,75.6790,-0.5777
PEMAFC-PCA-F (K=12/12),1,period_0856,29.050000,-6.1891,4.7804,75.0517,75.6790,-0.6274
PEMAFC-PCA-F (K=12/12),1,period_0856,29.100000,-6.1786,5.4594,75.0749,75.6790,-0.6042
PEMAFC-PCA-F (K=12/12),1,period_0856,29.150000,-6.1656,5.4275,75.0562,75.6790,-0.6228
PEMAFC-PCA-F (K=12/12),1,period_0856,29.200000,-6.1738,3.6220,75.0848,75.6790,-0.5942
PEMAFC-PCA-F (K=12/12),1,period_0856,29.250000,-6.1503,4.3068,75.0446,75.6790,-0.6344
PEMAFC-PCA-F (K=12/12),1,period_0856,29.300000,-6.1293,5.4115,75.0867,75.6790,-0.5923
PEMAFC-PCA-F (K=12/12),1,period_0856,29.350000,-6.1055,4.8949,75.0533,75.6790,-0.6257
PEMAFC-PCA-F (K=12/12),1,period_0856,29.400000,-6.1353,5.4950,75.0492,75.6790,-0.6298
PEMAFC-PCA-F (K=12/12),1,period_0856,29.450000,-6.1750,5.3332,75.1909,75.6790,-0.4881
PEMAFC-PCA-F (K=12/12),1,period_0856,29.500000,-6.2259,3.7736,75.2100,75.6790,-0.4690
PEMAFC-PCA-F (K=12/12),1,period_0856,29.550000,-6.2351,4.4563,75.3145,75.6790,-0.3645
PEMAFC-PCA-F (K=12/12),1,period_0856,29.600000,-6.1890,4.8651,75.1843,75.6790,-0.4947
PEMAFC-PCA-F (K=12/12),1,period_0856,29.650000,-6.2121,4.9771,75.2111,75.6790,-0.4679
PEMAFC-PCA-F (K=12/12),1,period_0856,29.700000,-6.1979,4.3780,75.2250,75.6790,-0.4541
PEMAFC-PCA-F (K=12/12),1,period_0856,29.750000,-6.2002,3.9044,75.1813,75.6790,-0.4978
PEMAFC-PCA-F (K=12/12),1,period_0856,29.800000,-6.1728,4.3948,75.2161,75.6790,-0.4629
PEMAFC-PCA-F (K=12/12),1,period_0856,29.850000,-6.1733,5.1793,75.2389,75.6790,-0.4402
PEMAFC-PCA-F (K=12/12),1,period_0856,29.900000,-6.2222,4.6910,75.2900,75.6790,-0.3891
PEMAFC-PCA-F (K=12/12),1,period_0856,29.950000,-6.2368,5.2263,75.2966,75.6790,-0.3824
PEMAFC-PCA-F (K=12/12),1,period_0856,30.000000,-6.2349,5.6470,75.2729,75.6790,-0.4062
PEMAFC-PCA-F (K=12/12),2,period_0916,30.000667,-5.3937,-34.0044,78.6741,76.8005,1.8736
PEMAFC-PCA-F (K=12/12),2,period_0916,30.050000,-7.1918,4.7927,78.8442,76.8005,2.0437
PEMAFC-PCA-F (K=12/12),2,period_0916,30.100000,-9.0318,6.3905,79.1527,76.8005,2.3522
PEMAFC-PCA-F (K=12/12),2,period_0916,30.150000,-10.3522,8.0319,79.4255,76.8005,2.6250
PEMAFC-PCA-F (K=12/12),2,period_0916,30.200000,-11.1298,7.8478,79.7394,76.8005,2.9389
PEMAFC-PCA-F (K=12/12),2,period_0916,30.250000,-11.7953,8.6148,80.1307,76.8005,3.3302
PEMAFC-PCA-F (K=12/12),2,period_0916,30.300000,-12.1695,8.9066,80.3356,76.8005,3.5351
PEMAFC-PCA-F (K=12/12),2,period_0916,30.350000,-12.4066,8.3187,80.5598,76.8005,3.7593
PEMAFC-PCA-F (K=12/12),2,period_0916,30.400000,-12.5769,8.9476,80.6997,76.8005,3.8992
PEMAFC-PCA-F (K=12/12),2,period_0916,30.450000,-12.6840,7.9357,80.8546,76.8005,4.0541
PEMAFC-PCA-F (K=12/12),2,period_0916,30.500000,-12.7431,8.5445,80.9498,76.8005,4.1493
PEMAFC-PCA-F (K=12/12),2,period_0916,30.550000,-12.8400,8.5196,81.2004,76.8005,4.3999
PEMAFC-PCA-F (K=12/12),2,period_0916,30.600000,-12.8682,9.0832,81.4091,76.8005,4.6086
PEMAFC-PCA-F (K=12/12),2,period_0916,30.650000,-12.9116,7.0152,81.6298,76.8005,4.8294
PEMAFC-PCA-F (K=12/12),2,period_0916,30.700000,-12.9251,8.7725,81.7597,76.8005,4.9592
PEMAFC-PCA-F (K=12/12),2,period_0916,30.750000,-12.9526,10.4152,81.8797,76.8005,5.0792
PEMAFC-PCA-F (K=12/12),2,period_0916,30.800000,-12.9713,8.0218,82.0370,76.8005,5.2365
PEMAFC-PCA-F (K=12/12),2,period_0916,30.850000,-12.9901,8.1171,82.2244,76.8005,5.4239
PEMAFC-PCA-F (K=12/12),2,period_0916,30.900000,-12.9861,10.1244,82.3202,76.8005,5.5197
PEMAFC-PCA-F (K=12/12),2,period_0916,30.950000,-12.9574,9.6075,82.3907,76.8005,5.5902
PEMAFC-PCA-F (K=12/12),2,period_0916,31.000000,-12.9781,9.8601,82.4284,76.8005,5.6279
PEMAFC-PCA-F (K=12/12),2,period_0916,31.050000,-13.0014,8.7007,82.6482,76.8005,5.8477
PEMAFC-PCA-F (K=12/12),2,period_0916,31.100000,-12.9813,9.7798,82.7187,76.8005,5.9182
PEMAFC-PCA-F (K=12/12),2,period_0916,31.150000,-12.9683,9.0602,82.7074,76.8005,5.9069
PEMAFC-PCA-F (K=12/12),2,period_0916,31.200000,-12.9439,9.3494,82.8188,76.8005,6.0183
PEMAFC-PCA-F (K=12/12),2,period_0916,31.250000,-12.9736,10.0855,82.9604,76.8005,6.1599
PEMAFC-PCA-F (K=12/12),2,period_0916,31.300000,-12.9797,8.5123,83.0864,76.8005,6.2859
PEMAFC-PCA-F (K=12/12),2,period_0916,31.350000,-13.0100,9.1015,83.2669,76.8005,6.4664
PEMAFC-PCA-F (K=12/12),2,period_0916,31.400000,-13.0176,9.3886,83.2920,76.8005,6.4915
PEMAFC-PCA-F (K=12/12),2,period_0916,31.450000,-12.9919,7.5597,83.1740,76.8005,6.3735
PEMAFC-PCA-F (K=12/12),2,period_0916,31.500000,-12.9807,9.4366,83.2597,76.8005,6.4592
PEMAFC-PCA-F (K=12/12),2,period_0916,31.550000,-12.9845,7.6362,83.1520,76.8005,6.3515
PEMAFC-PCA-F (K=12/12),2,period_0916,31.600000,-12.9850,8.0623,83.2610,76.8005,6.4605
PEMAFC-PCA-F (K=12/12),2,period_0916,31.650000,-12.9481,8.4939,83.2510,76.8005,6.4505
PEMAFC-PCA-F (K=12/12),2,period_0916,31.700000,-12.9303,9.9422,83.1567,76.8005,6.3562
PEMAFC-PCA-F (K=12/12),2,period_0916,31.750000,-12.9003,10.1760,83.1931,76.8005,6.3926
PEMAFC-PCA-F (K=12/12),2,period_0916,31.800000,-12.9108,9.7545,83.2368,76.8005,6.4363
PEMAFC-PCA-F (K=12/12),2,period_0916,31.850000,-12.9058,9.4280,83.3188,76.8005,6.5183
PEMAFC-PCA-F (K=12/12),2,period_0916,31.900000,-12.8947,9.5147,83.3776,76.8005,6.5772
PEMAFC-PCA-F (K=12/12),2,period_0916,31.950000,-12.8231,8.9315,83.2082,76.8005,6.4077
PEMAFC-PCA-F (K=12/12),2,period_0916,32.000000,-12.8128,8.6828,83.1204,76.8005,6.3199
PEMAFC-PCA-F (K=12/12),2,period_0916,32.050000,-12.7907,8.1219,83.1425,76.8005,6.3420
PEMAFC-PCA-F (K=12/12),2,period_0916,32.100000,-12.7703,9.3533,83.0566,76.8005,6.2561
PEMAFC-PCA-F (K=12/12),2,period_0916,32.150000,-12.8062,8.2324,83.1859,76.8005,6.3854
PEMAFC-PCA-F (K=12/12),2,period_0916,32.200000,-12.7698,10.3691,83.0805,76.8005,6.2800
PEMAFC-PCA-F (K=12/12),2,period_0916,32.250000,-12.7634,9.2688,83.2459,76.8005,6.4454
PEMAFC-PCA-F (K=12/12),2,period_0916,32.300000,-12.7662,8.2434,83.2307,76.8005,6.4302
PEMAFC-PCA-F (K=12/12),2,period_0916,32.350000,-12.7890,9.5781,83.4412,76.8005,6.6408
PEMAFC-PCA-F (K=12/12),2,period_0916,32.400000,-12.8158,8.9921,83.6917,76.8005,6.8912
PEMAFC-PCA-F (K=12/12),2,period_0916,32.450000,-12.7917,8.4165,83.7089,76.8005,6.9084
PEMAFC-PCA-F (K=12/12),2,period_0916,32.500000,-12.8111,7.7466,83.7601,76.8005,6.9596
PEMAFC-PCA-F (K=12/12),2,period_0916,32.550000,-12.7887,7.1429,83.6286,76.8005,6.8281
PEMAFC-PCA-F (K=12/12),2,period_0916,32.600000,-12.7763,8.9639,83.5828,76.8005,6.7823
PEMAFC-PCA-F (K=12/12),2,period_0916,32.650000,-12.7690,10.1465,83.7067,76.8005,6.9062
PEMAFC-PCA-F (K=12/12),2,period_0916,32.700000,-12.7565,7.7045,83.5679,76.8005,6.7674
PEMAFC-PCA-F (K=12/12),2,period_0916,32.750000,-12.7837,9.4890,83.7118,76.8005,6.9113
PEMAFC-PCA-F (K=12/12),2,period_0916,32.800000,-12.8206,8.5049,83.8126,76.8005,7.0121
PEMAFC-PCA-F (K=12/12),2,period_0916,32.850000,-12.8056,10.6533,83.6710,76.8005,6.8705
PEMAFC-PCA-F (K=12/12),2,period_0916,32.900000,-12.7523,7.9671,83.5741,76.8005,6.7736
PEMAFC-PCA-F (K=12/12),2,period_0916,32.950000,-12.7341,10.3364,83.4814,76.8005,6.6809
PEMAFC-PCA-F (K=12/12),2,period_0916,33.000000,-12.7245,8.7051,83.3668,76.8005,6.5663
PEMAFC-PCA-F (K=12/12),2,period_0916,33.050000,-12.7357,8.5510,83.3922,76.8005,6.5917
PEMAFC-PCA-F (K=12/12),2,period_0916,33.100000,-12.7108,9.5312,83.3427,76.8005,6.5422
PEMAFC-PCA-F (K=12/12),2,period_0916,33.150000,-12.7262,8.7804,83.4596,76.8005,6.6591
PEMAFC-PCA-F (K=12/12),2,period_0916,33.200000,-12.6816,9.2156,83.4662,76.8005,6.6657
PEMAFC-PCA-F (K=12/12),2,period_0916,33.250000,-12.6836,9.6785,83.5106,76.8005,6.7101
PEMAFC-PCA-F (K=12/12),2,period_0916,33.300000,-12.6850,9.8770,83.6185,76.8005,6.8180
PEMAFC-PCA-F (K=12/12),2,period_0916,33.350000,-12.6953,8.9250,83.7482,76.8005,6.9477
PEMAFC-PCA-F (K=12/12),2,period_0916,33.400000,-12.6910,6.5735,83.8763,76.8005,7.0758
PEMAFC-PCA-F (K=12/12),2,period_0916,33.450000,-12.6818,8.7072,83.9498,76.8005,7.1493
PEMAFC-PCA-F (K=12/12),2,period_0916,33.500000,-12.6401,8.7818,84.0128,76.8005,7.2123
PEMAFC-PCA-F (K=12/12),2,period_0916,33.550000,-12.6818,7.9897,84.0686,76.8005,7.2681
PEMAFC-PCA-F (K=12/12),2,period_0916,33.600000,-12.6915,10.2885,84.2689,76.8005,7.4684
PEMAFC-PCA-F (K=12/12),2,period_0916,33.650000,-12.7131,10.2866,84.1104,76.8005,7.3099
PEMAFC-PCA-F (K=12/12),2,period_0916,33.700000,-12.6721,8.2526,83.8401,76.8005,7.0396
PEMAFC-PCA-F (K=12/12),2,period_0916,33.750000,-12.7236,8.6117,83.9581,76.8005,7.1576
PEMAFC-PCA-F (K=12/12),2,period_0916,33.800000,-12.7134,8.9988,83.9204,76.8005,7.1199
PEMAFC-PCA-F (K=12/12),2,period_0916,33.850000,-12.6970,10.2958,83.9565,76.8005,7.1560
PEMAFC-PCA-F (K=12/12),2,period_0916,33.900000,-12.7169,9.0544,84.0544,76.8005,7.2539
PEMAFC-PCA-F (K=12/12),2,period_0916,33.950000,-12.6715,9.5901,83.9284,76.8005,7.1279
PEMAFC-PCA-F (K=12/12),2,period_0916,34.000000,-12.7007,9.8551,84.1584,76.8005,7.3579
PEMAFC-PCA-F (K=12/12),2,period_0916,34.050000,-12.6943,9.9186,84.1584,76.8005,7.3579
PEMAFC-PCA-F (K=12/12),2,period_0916,34.100000,-12.6673,9.8875,84.0576,76.8005,7.2571
PEMAFC-PCA-F (K=12/12),2,period_0916,34.150000,-12.6647,9.2776,83.9015,76.8005,7.1010
PEMAFC-PCA-F (K=12/12),2,period_0916,34.200000,-12.6737,7.9093,84.0489,76.8005,7.2485
PEMAFC-PCA-F (K=12/12),2,period_0916,34.250000,-12.6648,6.9743,83.9551,76.8005,7.1546
PEMAFC-PCA-F (K=12/12),2,period_0916,34.300000,-12.6814,8.7937,84.0508,76.8005,7.2503
PEMAFC-PCA-F (K=12/12),2,period_0916,34.350000,-12.6516,10.4069,83.8561,76.8005,7.0556
PEMAFC-PCA-F (K=12/12),2,period_0916,34.400000,-12.6383,8.7009,83.8895,76.8005,7.0890
PEMAFC-PCA-F (K=12/12),2,period_0916,34.450000,-12.6586,9.4435,83.8533,76.8005,7.0528
PEMAFC-PCA-F (K=12/12),2,period_0916,34.500000,-12.6577,8.5968,83.8657,76.8005,7.0652
PEMAFC-PCA-F (K=12/12),2,period_0916,34.550000,-12.6474,8.6726,83.9236,76.8005,7.1231
PEMAFC-PCA-F (K=12/12),2,period_0916,34.600000,-12.5929,7.9026,83.7176,76.8005,6.9171
PEMAFC-PCA-F (K=12/12),2,period_0916,34.650000,-12.5901,9.5533,83.6605,76.8005,6.8600
PEMAFC-PCA-F (K=12/12),2,period_0916,34.700000,-12.5818,8.2712,83.5964,76.8005,6.7959
PEMAFC-PCA-F (K=12/12),2,period_0916,34.750000,-12.5280,10.5772,83.5230,76.8005,6.7225
PEMAFC-PCA-F (K=12/12),2,period_0916,34.800000,-12.5528,8.1226,83.6245,76.8005,6.8240
PEMAFC-PCA-F (K=12/12),2,period_0916,34.850000,-12.5457,10.3319,83.6470,76.8005,6.8465
PEMAFC-PCA-F (K=12/12),2,period_0916,34.900000,-12.5112,8.3889,83.4989,76.8005,6.6985
PEMAFC-PCA-F (K=12/12),2,period_0916,34.950000,-12.5054,9.5144,83.5960,76.8005,6.7955
PEMAFC-PCA-F (K=12/12),2,period_0916,35.000000,-12.5341,9.0531,83.7199,76.8005,6.9194
PEMAFC-PCA-F (K=12/12),2,period_0916,35.050000,-12.5273,8.2736,83.7496,76.8005,6.9491
PEMAFC-PCA-F (K=12/12),2,period_0916,35.100000,-12.5288,9.2929,83.8397,76.8005,7.0392
PEMAFC-PCA-F (K=12/12),2,period_0916,35.150000,-12.5184,8.9150,83.7731,76.8005,6.9726
PEMAFC-PCA-F (K=12/12),2,period_0916,35.200000,-12.5261,9.3851,83.8990,76.8005,7.0985
PEMAFC-PCA-F (K=12/12),2,period_0916,35.250000,-12.5005,9.0384,83.7516,76.8005,6.9511
PEMAFC-PCA-F (K=12/12),2,period_0916,35.300000,-12.5363,8.0253,83.7709,76.8005,6.9704
PEMAFC-PCA-F (K=12/12),2,period_0916,35.350000,-12.5351,9.3435,83.7997,76.8005,6.9993
PEMAFC-PCA-F (K=12/12),2,period_0916,35.400000,-12.5397,9.8158,83.7002,76.8005,6.8997
PEMAFC-PCA-F (K=12/12),2,period_0916,35.450000,-12.5421,8.1461,83.7672,76.8005,6.9667
PEMAFC-PCA-F (K=12/12),2,period_0916,35.500000,-12.5368,7.4228,83.8980,76.8005,7.0975
PEMAFC-PCA-F (K=12/12),2,period_0916,35.550000,-12.5411,9.0928,83.8194,76.8005,7.0189
PEMAFC-PCA-F (K=12/12),2,period_0916,35.600000,-12.5597,9.3027,83.9159,76.8005,7.1154
PEMAFC-PCA-F (K=12/12),2,period_0916,35.650000,-12.5255,7.9869,83.8909,76.8005,7.0904
PEMAFC-PCA-F (K=12/12),2,period_0916,35.700000,-12.5136,9.7009,84.0035,76.8005,7.2030
PEMAFC-PCA-F (K=12/12),2,period_0916,35.750000,-12.5201,10.4195,84.1794,76.8005,7.3789
PEMAFC-PCA-F (K=12/12),2,period_0916,35.800000,-12.5303,9.3861,83.9667,76.8005,7.1662
PEMAFC-PCA-F (K=12/12),2,period_0916,35.850000,-12.5163,8.8796,83.8605,76.8005,7.0600
PEMAFC-PCA-F (K=12/12),2,period_0916,35.900000,-12.5590,9.4082,83.9135,76.8005,7.1130
PEMAFC-PCA-F (K=12/12),2,period_0916,35.950000,-12.5248,8.2335,83.8143,76.8005,7.0138
PEMAFC-PCA-F (K=12/12),2,period_0916,36.000000,-12.5410,9.0194,83.7776,76.8005,6.9771
PEMAFC-PCA-F (K=12/12),2,period_0916,36.050000,-12.5110,9.2020,83.7153,76.8005,6.9148
PEMAFC-PCA-F (K=12/12),2,period_0916,36.100000,-12.4953,8.2373,83.6939,76.8005,6.8934
PEMAFC-PCA-F (K=12/12),2,period_0916,36.150000,-12.5310,8.7817,83.6439,76.8005,6.8434
PEMAFC-PCA-F (K=12/12),2,period_0916,36.200000,-12.5444,9.3173,83.6866,76.8005,6.8861
PEMAFC-PCA-F (K=12/12),2,period_0916,36.250000,-12.5696,9.5100,83.7650,76.8005,6.9645
PEMAFC-PCA-F (K=12/12),2,period_0916,36.300000,-12.5573,8.8805,83.6934,76.8005,6.8929
PEMAFC-PCA-F (K=12/12),2,period_0916,36.350000,-12.5665,9.1545,83.7346,76.8005,6.9341
PEMAFC-PCA-F (K=12/12),2,period_0916,36.400000,-12.5797,7.9528,83.8018,76.8005,7.0013
PEMAFC-PCA-F (K=12/12),2,period_0916,36.450000,-12.5864,9.4498,83.8426,76.8005,7.0421
PEMAFC-PCA-F (K=12/12),2,period_0916,36.500000,-12.5953,8.6264,83.7013,76.8005,6.9008
PEMAFC-PCA-F (K=12/12),2,period_0916,36.550000,-12.5783,10.1150,83.7482,76.8005,6.9477
PEMAFC-PCA-F (K=12/12),2,period_0916,36.600000,-12.6017,10.1095,83.8183,76.8005,7.0178
PEMAFC-PCA-F (K=12/12),2,period_0916,36.650000,-12.6063,9.8151,83.9313,76.8005,7.1308
PEMAFC-PCA-F (K=12/12),2,period_0916,36.700000,-12.5935,8.4460,83.7303,76.8005,6.9298
PEMAFC-PCA-F (K=12/12),2,period_0916,36.750000,-12.5864,9.9903,83.6155,76.8005,6.8150
PEMAFC-PCA-F (K=12/12),2,period_0916,36.800000,-12.5998,8.7322,83.6724,76.8005,6.8719
PEMAFC-PCA-F (K=12/12),2,period_0916,36.850000,-12.5503,9.3431,83.6085,76.8005,6.8080
PEMAFC-PCA-F (K=12/12),2,period_0916,36.900000,-12.5300,8.7661,83.6493,76.8005,6.8488
PEMAFC-PCA-F (K=12/12),2,period_0916,36.950000,-12.5059,10.1245,83.6070,76.8005,6.8065
PEMAFC-PCA-F (K=12/12),2,period_0916,37.000000,-12.5296,10.5711,83.5580,76.8005,6.7575
PEMAFC-PCA-F (K=12/12),2,period_0916,37.050000,-12.5464,6.4424,83.5257,76.8005,6.7252
PEMAFC-PCA-F (K=12/12),2,period_0916,37.100000,-12.5467,9.6044,83.4449,76.8005,6.6444
PEMAFC-PCA-F (K=12/12),2,period_0916,37.150000,-12.5737,8.1412,83.5198,76.8005,6.7193
PEMAFC-PCA-F (K=12/12),2,period_0916,37.200000,-12.5752,8.7199,83.5339,76.8005,6.7334
PEMAFC-PCA-F (K=12/12),2,period_0916,37.250000,-12.5855,9.1358,83.6243,76.8005,6.8238
PEMAFC-PCA-F (K=12/12),2,period_0916,37.300000,-12.5987,8.9438,83.8555,76.8005,7.0550
PEMAFC-PCA-F (K=12/12),2,period_0916,37.350000,-12.5723,10.4460,83.9656,76.8005,7.1651
PEMAFC-PCA-F (K=12/12),2,period_0916,37.400000,-12.5753,10.4976,83.8272,76.8005,7.0267
PEMAFC-PCA-F (K=12/12),2,period_0916,37.450000,-12.6041,8.3604,83.8256,76.8005,7.0251
PEMAFC-PCA-F (K=12/12),2,period_0916,37.500000,-12.5665,7.5515,83.8749,76.8005,7.0744
PEMAFC-PCA-F (K=12/12),2,period_0916,37.550000,-12.5663,9.8791,83.8794,76.8005,7.0789
PEMAFC-PCA-F (K=12/12),2,period_0916,37.600000,-12.5696,9.9092,83.8824,76.8005,7.0819
PEMAFC-PCA-F (K=12/12),2,period_0916,37.650000,-12.5762,9.6883,83.9555,76.8005,7.1550
PEMAFC-PCA-F (K=12/12),2,period_0916,37.700000,-12.5906,8.0825,83.8892,76.8005,7.0887
PEMAFC-PCA-F (K=12/12),2,period_0916,37.750000,-12.5912,8.2521,83.8539,76.8005,7.0534
PEMAFC-PCA-F (K=12/12),2,period_0916,37.800000,-12.6197,7.9453,83.8434,76.8005,7.0429
PEMAFC-PCA-F (K=12/12),2,period_0916,37.850000,-12.6330,9.5906,83.7806,76.8005,6.9801
PEMAFC-PCA-F (K=12/12),2,period_0916,37.900000,-12.6440,9.1738,83.7658,76.8005,6.9653
PEMAFC-PCA-F (K=12/12),2,period_0916,37.950000,-12.6345,8.7724,83.8852,76.8005,7.0847
PEMAFC-PCA-F (K=12/12),2,period_0916,38.000000,-12.6417,8.7809,83.7348,76.8005,6.9343
PEMAFC-PCA-F (K=12/12),2,period_0916,38.050000,-12.6259,9.6260,83.7730,76.8005,6.9725
PEMAFC-PCA-F (K=12/12),2,period_0916,38.100000,-12.6579,9.7216,83.9507,76.8005,7.1502
PEMAFC-PCA-F (K=12/12),2,period_0916,38.150000,-12.6503,8.8205,83.9625,76.8005,7.1620
PEMAFC-PCA-F (K=12/12),2,period_0916,38.200000,-12.6655,8.3550,84.1561,76.8005,7.3556
PEMAFC-PCA-F (K=12/12),2,period_0916,38.250000,-12.6633,8.3833,84.2818,76.8005,7.4813
PEMAFC-PCA-F (K=12/12),2,period_0916,38.300000,-12.6333,7.5325,84.1973,76.8005,7.3968
PEMAFC-PCA-F (K=12/12),2,period_0916,38.350000,-12.5506,9.7081,83.9953,76.8005,7.1948
PEMAFC-PCA-F (K=12/12),2,period_0916,38.400000,-12.5651,10.0080,84.0830,76.8005,7.2826
PEMAFC-PCA-F (K=12/12),2,period_0916,38.450000,-12.5495,9.3329,84.1250,76.8005,7.3245
PEMAFC-PCA-F (K=12/12),2,period_0916,38.500000,-12.5822,9.3621,84.2394,76.8005,7.4389
PEMAFC-PCA-F (K=12/12),2,period_0916,38.550000,-12.6098,8.1645,84.3488,76.8005,7.5483
PEMAFC-PCA-F (K=12/12),2,period_0916,38.600000,-12.6642,7.8461,84.3155,76.8005,7.5150
PEMAFC-PCA-F (K=12/12),2,period_0916,38.650000,-12.6335,7.1764,84.1972,76.8005,7.3967
PEMAFC-PCA-F (K=12/12),2,period_0916,38.700000,-12.6201,7.4416,84.3361,76.8005,7.5356
PEMAFC-PCA-F (K=12/12),2,period_0916,38.750000,-12.6067,10.8880,84.2381,76.8005,7.4376
PEMAFC-PCA-F (K=12/12),2,period_0916,38.800000,-12.5702,9.6156,84.1113,76.8005,7.3108
PEMAFC-PCA-F (K=12/12),2,period_0916,38.850000,-12.5747,10.1584,84.2044,76.8005,7.4039
PEMAFC-PCA-F (K=12/12),2,period_0916,38.900000,-12.5977,9.3173,84.2624,76.8005,7.4619
PEMAFC-PCA-F (K=12/12),2,period_0916,38.950000,-12.6016,9.3301,84.1270,76.8005,7.3265
PEMAFC-PCA-F (K=12/12),2,period_0916,39.000000,-12.5891,8.9920,84.0964,76.8005,7.2959
PEMAFC-PCA-F (K=12/12),2,period_0916,39.050000,-12.5447,8.3225,84.1129,76.8005,7.3124
PEMAFC-PCA-F (K=12/12),2,period_0916,39.100000,-12.5514,8.5946,84.1459,76.8005,7.3454
PEMAFC-PCA-F (K=12/12),2,period_0916,39.150000,-12.5500,8.9602,84.1117,76.8005,7.3112
PEMAFC-PCA-F (K=12/12),2,period_0916,39.200000,-12.5337,10.5729,84.1052,76.8005,7.3047
PEMAFC-PCA-F (K=12/12),2,period_0916,39.250000,-12.5287,9.3956,84.0480,76.8005,7.2475
PEMAFC-PCA-F (K=12/12),2,period_0916,39.300000,-12.5331,9.4358,84.0934,76.8005,7.2929
PEMAFC-PCA-F (K=12/12),2,period_0916,39.350000,-12.5643,8.6482,84.1456,76.8005,7.3451
PEMAFC-PCA-F (K=12/12),2,period_0916,39.400000,-12.5869,8.7269,84.1515,76.8005,7.3510
PEMAFC-PCA-F (K=12/12),2,period_0916,39.450000,-12.5776,7.6901,84.1533,76.8005,7.3528
PEMAFC-PCA-F (K=12/12),2,period_0916,39.500000,-12.5670,9.6547,84.3175,76.8005,7.5170
PEMAFC-PCA-F (K=12/12),2,period_0916,39.550000,-12.5673,10.0220,84.2178,76.8005,7.4173
PEMAFC-PCA-F (K=12/12),2,period_0916,39.600000,-12.6437,7.9717,84.4455,76.8005,7.6450
PEMAFC-PCA-F (K=12/12),2,period_0916,39.650000,-12.6523,9.4939,84.5117,76.8005,7.7112
PEMAFC-PCA-F (K=12/12),2,period_0916,39.700000,-12.6782,7.9732,84.3173,76.8005,7.5168
PEMAFC-PCA-F (K=12/12),2,period_0916,39.750000,-12.6722,8.3627,84.2391,76.8005,7.4386
PEMAFC-PCA-F (K=12/12),2,period_0916,39.800000,-12.6472,9.7640,83.9678,76.8005,7.1673
PEMAFC-PCA-F (K=12/12),2,period_0916,39.850000,-12.6303,9.6453,83.9553,76.8005,7.1548
PEMAFC-PCA-F (K=12/12),2,period_0916,39.900000,-12.6578,8.4198,84.1164,76.8005,7.3159
PEMAFC-PCA-F (K=12/12),2,period_0916,39.950000,-12.6522,8.5029,84.0405,76.8005,7.2401
PEMAFC-PCA-F (K=12/12),2,period_0916,40.000000,-12.6440,9.9651,83.9619,76.8005,7.1614
PEMAFC-PCA-F (K=12/12),2,period_0916,40.050000,-12.6356,8.4904,84.0566,76.8005,7.2561
PEMAFC-PCA-F (K=12/12),2,period_0916,40.100000,-12.6238,9.0747,83.9579,76.8005,7.1574
PEMAFC-PCA-F (K=12/12),2,period_0916,40.150000,-12.6153,9.3666,83.9675,76.8005,7.1670
PEMAFC-PCA-F (K=12/12),2,period_0916,40.200000,-12.5989,9.9223,83.7922,76.8005,6.9917
PEMAFC-PCA-F (K=12/12),2,period_0916,40.250000,-12.5936,8.3299,84.0561,76.8005,7.2556
PEMAFC-PCA-F (K=12/12),2,period_0916,40.300000,-12.6046,9.2832,84.0352,76.8005,7.2347
PEMAFC-PCA-F (K=12/12),2,period_0916,40.350000,-12.5817,10.8774,83.9237,76.8005,7.1232
PEMAFC-PCA-F (K=12/12),2,period_0916,40.400000,-12.5850,9.3682,84.1554,76.8005,7.3549
PEMAFC-PCA-F (K=12/12),2,period_0916,40.450000,-12.5878,9.6999,84.0221,76.8005,7.2216
PEMAFC-PCA-F (K=12/12),2,period_0916,40.500000,-12.5424,9.1201,83.9144,76.8005,7.1139
PEMAFC-PCA-F (K=12/12),2,period_0916,40.550000,-12.5731,8.3319,84.0040,76.8005,7.2035
PEMAFC-PCA-F (K=12/12),2,period_0916,40.600000,-12.6154,9.1267,84.1381,76.8005,7.3376
PEMAFC-PCA-F (K=12/12),2,period_0916,40.650000,-12.6154,8.0623,84.0392,76.8005,7.2387
PEMAFC-PCA-F (K=12/12),2,period_0916,40.700000,-12.6184,8.5966,83.9404,76.8005,7.1400
PEMAFC-PCA-F (K=12/12),2,period_0916,40.750000,-12.6259,7.0074,84.1485,76.8005,7.3480
PEMAFC-PCA-F (K=12/12),2,period_0916,40.800000,-12.6397,8.9554,84.1298,76.8005,7.3293
PEMAFC-PCA-F (K=12/12),2,period_0916,40.850000,-12.6354,8.0961,84.0601,76.8005,7.2596
PEMAFC-PCA-F (K=12/12),2,period_0916,40.900000,-12.6314,9.8691,84.0115,76.8005,7.2110
PEMAFC-PCA-F (K=12/12),2,period_0916,40.950000,-12.5915,10.0105,83.7863,76.8005,6.9858
PEMAFC-PCA-F (K=12/12),2,period_0916,41.000000,-12.5763,7.2356,83.8796,76.8005,7.0791
PEMAFC-PCA-F (K=12/12),2,period_0916,41.050000,-12.5944,9.9799,83.8510,76.8005,7.0505
PEMAFC-PCA-F (K=12/12),2,period_0916,41.100000,-12.6066,8.6045,83.9569,76.8005,7.1564
PEMAFC-PCA-F (K=12/12),2,period_0916,41.150000,-12.6307,9.2836,83.9383,76.8005,7.1378
PEMAFC-PCA-F (K=12/12),2,period_0916,41.200000,-12.6209,8.4094,83.6821,76.8005,6.8816
PEMAFC-PCA-F (K=12/12),2,period_0916,41.250000,-12.6144,9.0488,83.6315,76.8005,6.8310
PEMAFC-PCA-F (K=12/12),2,period_0916,41.300000,-12.5726,8.5696,83.5081,76.8005,6.7076
PEMAFC-PCA-F (K=12/12),2,period_0916,41.350000,-12.5956,9.2087,83.6186,76.8005,6.8181
PEMAFC-PCA-F (K=12/12),2,period_0916,41.400000,-12.5556,8.5948,83.3698,76.8005,6.5693
PEMAFC-PCA-F (K=12/12),2,period_0916,41.450000,-12.5143,9.8267,83.3541,76.8005,6.5536
PEMAFC-PCA-F (K=12/12),2,period_0916,41.500000,-12.5649,7.7888,83.5980,76.8005,6.7975
PEMAFC-PCA-F (K=12/12),2,period_0916,41.550000,-12.5714,9.0769,83.6178,76.8005,6.8173
PEMAFC-PCA-F (K=12/12),2,period_0916,41.600000,-12.5650,8.2343,83.7846,76.8005,6.9841
PEMAFC-PCA-F (K=12/12),2,period_0916,41.650000,-12.5259,9.7237,83.6490,76.8005,6.8486
PEMAFC-PCA-F (K=12/12),2,period_0916,41.700000,-12.5359,9.5217,83.7730,76.8005,6.9725
PEMAFC-PCA-F (K=12/12),2,period_0916,41.750000,-12.5658,9.4026,83.9490,76.8005,7.1485
PEMAFC-PCA-F (K=12/12),2,period_0916,41.800000,-12.5683,9.2950,84.0027,76.8005,7.2022
PEMAFC-PCA-F (K=12/12),2,period_0916,41.850000,-12.5540,8.8803,83.9672,76.8005,7.1667
PEMAFC-PCA-F (K=12/12),2,period_0916,41.900000,-12.5569,9.0288,83.8883,76.8005,7.0879
PEMAFC-PCA-F (K=12/12),2,period_0916,41.950000,-12.5889,8.3446,84.1258,76.8005,7.3253
PEMAFC-PCA-F (K=12/12),2,period_0916,42.000000,-12.5932,8.5341,84.1304,76.8005,7.3299
PEMAFC-PCA-F (K=12/12),2,period_0916,42.050000,-12.6286,9.2644,84.2571,76.8005,7.4566
PEMAFC-PCA-F (K=12/12),2,period_0916,42.100000,-12.6512,11.1028,84.4570,76.8005,7.6566
PEMAFC-PCA-F (K=12/12),2,period_0916,42.150000,-12.6487,10.4431,84.4235,76.8005,7.6230
PEMAFC-PCA-F (K=12/12),2,period_0916,42.200000,-12.6323,9.1951,84.4224,76.8005,7.6220
PEMAFC-PCA-F (K=12/12),2,period_0916,42.250000,-12.6466,9.3320,84.3735,76.8005,7.5730
PEMAFC-PCA-F (K=12/12),2,period_0916,42.300000,-12.6618,10.1167,84.3182,76.8005,7.5177
PEMAFC-PCA-F (K=12/12),2,period_0916,42.350000,-12.6476,9.1065,84.1450,76.8005,7.3445
PEMAFC-PCA-F (K=12/12),2,period_0916,42.400000,-12.6174,8.5712,83.9753,76.8005,7.1748
PEMAFC-PCA-F (K=12/12),2,period_0916,42.450000,-12.6595,7.6404,84.0493,76.8005,7.2488
PEMAFC-PCA-F (K=12/12),2,period_0916,42.500000,-12.6270,8.1086,83.9973,76.8005,7.1968
PEMAFC-PCA-F (K=12/12),2,period_0916,42.550000,-12.6488,9.7794,84.0331,76.8005,7.2326
PEMAFC-PCA-F (K=12/12),2,period_0916,42.600000,-12.6229,8.6644,83.8119,76.8005,7.0114
PEMAFC-PCA-F (K=12/12),2,period_0916,42.650000,-12.6022,10.4930,83.6663,76.8005,6.8658
PEMAFC-PCA-F (K=12/12),2,period_0916,42.700000,-12.5962,10.4595,83.8182,76.8005,7.0177
PEMAFC-PCA-F (K=12/12),2,period_0916,42.750000,-12.6163,10.3500,84.0267,76.8005,7.2262
PEMAFC-PCA-F (K=12/12),2,period_0916,42.800000,-12.6441,8.2540,84.2554,76.8005,7.4549
PEMAFC-PCA-F (K=12/12),2,period_0916,42.850000,-12.6413,9.8823,84.2442,76.8005,7.4437
PEMAFC-PCA-F (K=12/12),2,period_0916,42.900000,-12.6272,8.1189,84.1856,76.8005,7.3851
PEMAFC-PCA-F (K=12/12),2,period_0916,42.950000,-12.6024,7.7268,84.1357,76.8005,7.3352
PEMAFC-PCA-F (K=12/12),2,period_0916,43.000000,-12.5867,10.0575,84.2069,76.8005,7.4064
PEMAFC-PCA-F (K=12/12),2,period_0916,43.050000,-12.5981,8.4690,84.1383,76.8005,7.3378
PEMAFC-PCA-F (K=12/12),2,period_0916,43.100000,-12.5810,9.0716,84.0039,76.8005,7.2034
PEMAFC-PCA-F (K=12/12),2,period_0916,43.150000,-12.5699,7.5149,84.2232,76.8005,7.4228
PEMAFC-PCA-F (K=12/12),2,period_0916,43.200000,-12.5574,10.9342,84.2613,76.8005,7.4608
PEMAFC-PCA-F (K=12/12),2,period_0916,43.250000,-12.4898,9.1699,84.0471,76.8005,7.2466
PEMAFC-PCA-F (K=12/12),2,period_0916,43.300000,-12.5073,8.7308,84.0528,76.8005,7.2523
PEMAFC-PCA-F (K=12/12),2,period_0916,43.350000,-12.5325,7.8699,83.9320,76.8005,7.1316
PEMAFC-PCA-F (K=12/12),2,period_0916,43.400000,-12.5313,10.4557,83.8388,76.8005,7.0383
PEMAFC-PCA-F (K=12/12),2,period_0916,43.450000,-12.5566,10.6008,83.8910,76.8005,7.0905
PEMAFC-PCA-F (K=12/12),2,period_0916,43.500000,-12.5763,8.9673,83.9342,76.8005,7.1337
PEMAFC-PCA-F (K=12/12),2,period_0916,43.550000,-12.5507,8.2415,83.9094,76.8005,7.1089
PEMAFC-PCA-F (K=12/12),2,period_0916,43.600000,-12.5457,8.7361,83.9690,76.8005,7.1685
PEMAFC-PCA-F (K=12/12),2,period_0916,43.650000,-12.5081,9.4755,83.8423,76.8005,7.0418
PEMAFC-PCA-F (K=12/12),2,period_0916,43.700000,-12.5103,8.6693,83.8202,76.8005,7.0197
PEMAFC-PCA-F (K=12/12),2,period_0916,43.750000,-12.5721,7.8200,83.9015,76.8005,7.1011
PEMAFC-PCA-F (K=12/12),2,period_0916,43.800000,-12.6202,7.3190,83.8881,76.8005,7.0876
PEMAFC-PCA-F (K=12/12),2,period_0916,43.850000,-12.6046,8.7781,83.9180,76.8005,7.1175
PEMAFC-PCA-F (K=12/12),2,period_0916,43.900000,-12.6030,7.9410,84.0061,76.8005,7.2056
PEMAFC-PCA-F (K=12/12),2,period_0916,43.950000,-12.5716,10.0096,83.8865,76.8005,7.0860
PEMAFC-PCA-F (K=12/12),2,period_0916,44.000000,-12.5635,8.2012,83.8745,76.8005,7.0740
PEMAFC-PCA-F (K=12/12),2,period_0916,44.050000,-12.5750,8.9143,83.9676,76.8005,7.1671
PEMAFC-PCA-F (K=12/12),2,period_0916,44.100000,-12.6018,7.5027,83.8574,76.8005,7.0569
PEMAFC-PCA-F (K=12/12),2,period_0916,44.150000,-12.5883,9.5332,83.7835,76.8005,6.9830
PEMAFC-PCA-F (K=12/12),2,period_0916,44.200000,-12.6343,7.7709,83.8602,76.8005,7.0597
PEMAFC-PCA-F (K=12/12),2,period_0916,44.250000,-12.5721,9.7690,83.5644,76.8005,6.7639
PEMAFC-PCA-F (K=12/12),2,period_0916,44.300000,-12.5489,10.1584,83.6630,76.8005,6.8625
PEMAFC-PCA-F (K=12/12),2,period_0916,44.350000,-12.5744,7.8525,84.0847,76.8005,7.2842
PEMAFC-PCA-F (K=12/12),2,period_0916,44.400000,-12.5758,9.0774,84.2241,76.8005,7.4236
PEMAFC-PCA-F (K=12/12),2,period_0916,44.450000,-12.5366,8.3672,84.2013,76.8005,7.4008
PEMAFC-PCA-F (K=12/12),2,period_0916,44.500000,-12.5082,9.2294,83.9686,76.8005,7.1681
PEMAFC-PCA-F (K=12/12),2,period_0916,44.550000,-12.5410,8.4194,84.0809,76.8005,7.2804
PEMAFC-PCA-F (K=12/12),2,period_0916,44.600000,-12.5513,9.9178,84.0842,76.8005,7.2837
PEMAFC-PCA-F (K=12/12),2,period_0916,44.650000,-12.5245,10.0061,84.0727,76.8005,7.2722
PEMAFC-PCA-F (K=12/12),2,period_0916,44.700000,-12.5208,9.6236,83.9587,76.8005,7.1582
PEMAFC-PCA-F (K=12/12),2,period_0916,44.750000,-12.5500,9.0873,83.9610,76.8005,7.1605
PEMAFC-PCA-F (K=12/12),2,period_0916,44.800000,-12.5767,7.3321,84.1111,76.8005,7.3106
PEMAFC-PCA-F (K=12/12),2,period_0916,44.850000,-12.5694,8.5807,84.0631,76.8005,7.2626
PEMAFC-PCA-F (K=12/12),2,period_0916,44.900000,-12.5901,7.6570,84.0888,76.8005,7.2883
PEMAFC-PCA-F (K=12/12),2,period_0916,44.950000,-12.5964,9.0453,84.2107,76.8005,7.4102
PEMAFC-PCA-F (K=12/12),2,period_0916,45.000000,-12.5499,8.6164,84.0702,76.8005,7.2697
PEMAFC-PCA-F (K=12/12),3,period_0943,45.000667,-3.9091,-29.2450,70.1353,67.9790,2.1562
PEMAFC-PCA-F (K=12/12),3,period_0943,45.050000,-5.3155,3.9846,71.4837,67.9790,3.5047
PEMAFC-PCA-F (K=12/12),3,period_0943,45.100000,-6.8511,5.7128,72.9035,67.9790,4.9244
PEMAFC-PCA-F (K=12/12),3,period_0943,45.150000,-8.1163,6.8177,74.4977,67.9790,6.5187
PEMAFC-PCA-F (K=12/12),3,period_0943,45.200000,-8.7808,8.0623,75.4351,67.9790,7.4561
PEMAFC-PCA-F (K=12/12),3,period_0943,45.250000,-9.3847,8.1405,76.6179,67.9790,8.6388
PEMAFC-PCA-F (K=12/12),3,period_0943,45.300000,-9.7281,8.9975,77.4526,67.9790,9.4736
PEMAFC-PCA-F (K=12/12),3,period_0943,45.350000,-9.8801,9.5874,78.2261,67.9790,10.2471
PEMAFC-PCA-F (K=12/12),3,period_0943,45.400000,-9.9542,9.6980,78.7209,67.9790,10.7418
PEMAFC-PCA-F (K=12/12),3,period_0943,45.450000,-9.9678,9.2733,78.8978,67.9790,10.9187
PEMAFC-PCA-F (K=12/12),3,period_0943,45.500000,-10.0033,9.5361,79.4211,67.9790,11.4420
PEMAFC-PCA-F (K=12/12),3,period_0943,45.550000,-9.9949,9.5907,79.6091,67.9790,11.6301
PEMAFC-PCA-F (K=12/12),3,period_0943,45.600000,-9.9907,9.2777,79.7231,67.9790,11.7441
PEMAFC-PCA-F (K=12/12),3,period_0943,45.650000,-10.0294,9.4655,79.8770,67.9790,11.8979
PEMAFC-PCA-F (K=12/12),3,period_0943,45.700000,-10.0114,9.0747,80.0195,67.9790,12.0405
PEMAFC-PCA-F (K=12/12),3,period_0943,45.750000,-10.0319,8.9261,79.9086,67.9790,11.9295
PEMAFC-PCA-F (K=12/12),3,period_0943,45.800000,-10.0244,8.8786,79.9786,67.9790,11.9995
PEMAFC-PCA-F (K=12/12),3,period_0943,45.850000,-10.0313,9.0465,79.8749,67.9790,11.8958
PEMAFC-PCA-F (K=12/12),3,period_0943,45.900000,-10.0062,9.2074,79.8628,67.9790,11.8837
PEMAFC-PCA-F (K=12/12),3,period_0943,45.950000,-9.9867,9.4018,79.7951,67.9790,11.8160
PEMAFC-PCA-F (K=12/12),3,period_0943,46.000000,-9.9812,9.6797,79.8184,67.9790,11.8394
PEMAFC-PCA-F (K=12/12),3,period_0943,46.050000,-9.9756,9.4664,80.0226,67.9790,12.0435
PEMAFC-PCA-F (K=12/12),3,period_0943,46.100000,-9.9447,9.4054,80.1395,67.9790,12.1605
PEMAFC-PCA-F (K=12/12),3,period_0943,46.150000,-9.9445,8.7504,80.2196,67.9790,12.2406
PEMAFC-PCA-F (K=12/12),3,period_0943,46.200000,-9.9329,9.0355,80.0768,67.9790,12.0977
PEMAFC-PCA-F (K=12/12),3,period_0943,46.250000,-9.9258,8.5704,79.9705,67.9790,11.9915
PEMAFC-PCA-F (K=12/12),3,period_0943,46.300000,-9.9117,9.1004,79.9111,67.9790,11.9321
PEMAFC-PCA-F (K=12/12),3,period_0943,46.350000,-9.8822,8.5733,80.0995,67.9790,12.1205
PEMAFC-PCA-F (K=12/12),3,period_0943,46.400000,-9.8878,9.4936,80.1663,67.9790,12.1873
PEMAFC-PCA-F (K=12/12),3,period_0943,46.450000,-9.8588,9.4731,80.2522,67.9790,12.2732
PEMAFC-PCA-F (K=12/12),3,period_0943,46.500000,-9.8398,9.2551,80.2526,67.9790,12.2736
PEMAFC-PCA-F (K=12/12),3,period_0943,46.550000,-9.8267,9.4044,80.2378,67.9790,12.2588
PEMAFC-PCA-F (K=12/12),3,period_0943,46.600000,-9.8115,9.1704,79.9364,67.9790,11.9573
PEMAFC-PCA-F (K=12/12),3,period_0943,46.650000,-9.8170,9.5497,80.0487,67.9790,12.0696
PEMAFC-PCA-F (K=12/12),3,period_0943,46.700000,-9.8147,8.8110,80.3816,67.9790,12.4026
PEMAFC-PCA-F (K=12/12),3,period_0943,46.750000,-9.8329,9.0420,80.2031,67.9790,12.2241
PEMAFC-PCA-F (K=12/12),3,period_0943,46.800000,-9.8049,8.8692,80.1151,67.9790,12.1360
PEMAFC-PCA-F (K=12/12),3,period_0943,46.850000,-9.8016,9.2870,80.0587,67.9790,12.0797
PEMAFC-PCA-F (K=12/12),3,period_0943,46.900000,-9.7810,9.6661,80.2326,67.9790,12.2535
PEMAFC-PCA-F (K=12/12),3,period_0943,46.950000,-9.7536,9.1581,80.3337,67.9790,12.3546
PEMAFC-PCA-F (K=12/12),3,period_0943,47.000000,-9.7724,8.8311,80.3558,67.9790,12.3767
PEMAFC-PCA-F (K=12/12),3,period_0943,47.050000,-9.7656,9.1940,80.1697,67.9790,12.1907
PEMAFC-PCA-F (K=12/12),3,period_0943,47.100000,-9.7312,8.8400,80.0953,67.9790,12.1162
PEMAFC-PCA-F (K=12/12),3,period_0943,47.150000,-9.7096,9.1898,80.2114,67.9790,12.2324
PEMAFC-PCA-F (K=12/12),3,period_0943,47.200000,-9.7019,9.5999,80.4427,67.9790,12.4637
PEMAFC-PCA-F (K=12/12),3,period_0943,47.250000,-9.7184,9.1846,80.5467,67.9790,12.5676
PEMAFC-PCA-F (K=12/12),3,period_0943,47.300000,-9.7137,9.1413,80.4394,67.9790,12.4603
PEMAFC-PCA-F (K=12/12),3,period_0943,47.350000,-9.7636,8.2984,80.2653,67.9790,12.2863
PEMAFC-PCA-F (K=12/12),3,period_0943,47.400000,-9.7626,9.5656,80.0482,67.9790,12.0691
PEMAFC-PCA-F (K=12/12),3,period_0943,47.450000,-9.7740,8.6101,79.9816,67.9790,12.0026
PEMAFC-PCA-F (K=12/12),3,period_0943,47.500000,-9.7395,8.7530,80.0879,67.9790,12.1088
PEMAFC-PCA-F (K=12/12),3,period_0943,47.550000,-9.7416,8.2080,80.0854,67.9790,12.1063
PEMAFC-PCA-F (K=12/12),3,period_0943,47.600000,-9.7495,9.0909,80.0753,67.9790,12.0962
PEMAFC-PCA-F (K=12/12),3,period_0943,47.650000,-9.7597,8.8349,79.8803,67.9790,11.9013
PEMAFC-PCA-F (K=12/12),3,period_0943,47.700000,-9.7364,9.6961,79.7143,67.9790,11.7353
PEMAFC-PCA-F (K=12/12),3,period_0943,47.750000,-9.7179,8.4240,79.7008,67.9790,11.7217
PEMAFC-PCA-F (K=12/12),3,period_0943,47.800000,-9.7450,8.2678,79.7466,67.9790,11.7676
PEMAFC-PCA-F (K=12/12),3,period_0943,47.850000,-9.7264,9.3611,79.7149,67.9790,11.7358
PEMAFC-PCA-F (K=12/12),3,period_0943,47.900000,-9.7014,9.0792,79.8164,67.9790,11.8374
PEMAFC-PCA-F (K=12/12),3,period_0943,47.950000,-9.7125,9.4775,79.9257,67.9790,11.9466
PEMAFC-PCA-F (K=12/12),3,period_0943,48.000000,-9.7007,9.3503,79.9296,67.9790,11.9505
PEMAFC-PCA-F (K=12/12),3,period_0943,48.050000,-9.6925,8.7089,79.8244,67.9790,11.8454
PEMAFC-PCA-F (K=12/12),3,period_0943,48.100000,-9.6747,8.8414,80.1751,67.9790,12.1961
PEMAFC-PCA-F (K=12/12),3,period_0943,48.150000,-9.6590,9.2615,80.3305,67.9790,12.3514
PEMAFC-PCA-F (K=12/12),3,period_0943,48.200000,-9.6538,8.9069,80.5772,67.9790,12.5982
PEMAFC-PCA-F (K=12/12),3,period_0943,48.250000,-9.6300,9.3660,80.6208,67.9790,12.6417
PEMAFC-PCA-F (K=12/12),3,period_0943,48.300000,-9.6383,9.1118,80.4766,67.9790,12.4976
PEMAFC-PCA-F (K=12/12),3,period_0943,48.350000,-9.6596,9.5647,80.3972,67.9790,12.4181
PEMAFC-PCA-F (K=12/12),3,period_0943,48.400000,-9.6936,8.9657,80.2848,67.9790,12.3058
PEMAFC-PCA-F (K=12/12),3,period_0943,48.450000,-9.6882,9.0306,80.4184,67.9790,12.4393
PEMAFC-PCA-F (K=12/12),3,period_0943,48.500000,-9.6678,9.2357,80.4600,67.9790,12.4810
PEMAFC-PCA-F (K=12/12),3,period_0943,48.550000,-9.7061,9.1504,80.4204,67.9790,12.4413
PEMAFC-PCA-F (K=12/12),3,period_0943,48.600000,-9.6774,8.9987,80.3748,67.9790,12.3958
PEMAFC-PCA-F (K=12/12),3,period_0943,48.650000,-9.6703,9.4563,80.1900,67.9790,12.2110
PEMAFC-PCA-F (K=12/12),3,period_0943,48.700000,-9.6627,9.2189,80.3402,67.9790,12.3611
PEMAFC-PCA-F (K=12/12),3,period_0943,48.750000,-9.6626,9.0842,80.0235,67.9790,12.0444
PEMAFC-PCA-F (K=12/12),3,period_0943,48.800000,-9.6290,9.4294,80.1761,67.9790,12.1971
PEMAFC-PCA-F (K=12/12),3,period_0943,48.850000,-9.6290,8.9900,80.0741,67.9790,12.0951
PEMAFC-PCA-F (K=12/12),3,period_0943,48.900000,-9.6403,8.5231,80.0248,67.9790,12.0457
PEMAFC-PCA-F (K=12/12),3,period_0943,48.950000,-9.6109,8.9215,80.3669,67.9790,12.3878
PEMAFC-PCA-F (K=12/12),3,period_0943,49.000000,-9.6063,8.9013,80.3586,67.9790,12.3795
PEMAFC-PCA-F (K=12/12),3,period_0943,49.050000,-9.5742,9.4451,80.3567,67.9790,12.3777
PEMAFC-PCA-F (K=12/12),3,period_0943,49.100000,-9.5827,8.8630,80.3284,67.9790,12.3493
PEMAFC-PCA-F (K=12/12),3,period_0943,49.150000,-9.5744,8.5581,80.5081,67.9790,12.5291
PEMAFC-PCA-F (K=12/12),3,period_0943,49.200000,-9.5570,8.9484,80.3188,67.9790,12.3397
PEMAFC-PCA-F (K=12/12),3,period_0943,49.250000,-9.5579,9.4764,80.4417,67.9790,12.4626
PEMAFC-PCA-F (K=12/12),3,period_0943,49.300000,-9.5523,8.9073,80.3697,67.9790,12.3906
PEMAFC-PCA-F (K=12/12),3,period_0943,49.350000,-9.5785,9.1313,80.4704,67.9790,12.4913
PEMAFC-PCA-F (K=12/12),3,period_0943,49.400000,-9.5817,9.2707,80.2799,67.9790,12.3009
PEMAFC-PCA-F (K=12/12),3,period_0943,49.450000,-9.5772,8.8896,80.3943,67.9790,12.4153
PEMAFC-PCA-F (K=12/12),3,period_0943,49.500000,-9.5793,8.4842,80.4104,67.9790,12.4314
PEMAFC-PCA-F (K=12/12),3,period_0943,49.550000,-9.5845,9.4538,80.5036,67.9790,12.5246
PEMAFC-PCA-F (K=12/12),3,period_0943,49.600000,-9.6038,9.4334,80.4173,67.9790,12.4382
PEMAFC-PCA-F (K=12/12),3,period_0943,49.650000,-9.6291,9.7035,80.2478,67.9790,12.2687
PEMAFC-PCA-F (K=12/12),3,period_0943,49.700000,-9.5982,9.2407,80.3243,67.9790,12.3453
PEMAFC-PCA-F (K=12/12),3,period_0943,49.750000,-9.5447,9.0211,80.5839,67.9790,12.6049
PEMAFC-PCA-F (K=12/12),3,period_0943,49.800000,-9.5899,8.9932,80.2661,67.9790,12.2870
PEMAFC-PCA-F (K=12/12),3,period_0943,49.850000,-9.5876,8.6664,80.3509,67.9790,12.3719
PEMAFC-PCA-F (K=12/12),3,period_0943,49.900000,-9.5897,9.2448,80.2956,67.9790,12.3165
PEMAFC-PCA-F (K=12/12),3,period_0943,49.950000,-9.5910,9.2478,80.1103,67.9790,12.1312
PEMAFC-PCA-F (K=12/12),3,period_0943,50.000000,-9.5627,9.2274,80.0302,67.9790,12.0512
PEMAFC-PCA-F (K=12/12),3,period_0943,50.050000,-9.5949,8.8020,79.9561,67.9790,11.9770
PEMAFC-PCA-F (K=12/12),3,period_0943,50.100000,-9.5900,9.4988,80.4652,67.9790,12.4862
PEMAFC-PCA-F (K=12/12),3,period_0943,50.150000,-9.5860,9.7283,80.5416,67.9790,12.5626
PEMAFC-PCA-F (K=12/12),3,period_0943,50.200000,-9.5260,8.3779,80.5196,67.9790,12.5405
PEMAFC-PCA-F (K=12/12),3,period_0943,50.250000,-9.5657,9.2313,80.3476,67.9790,12.3686
PEMAFC-PCA-F (K=12/12),3,period_0943,50.300000,-9.5923,9.0956,80.2680,67.9790,12.2889
PEMAFC-PCA-F (K=12/12),3,period_0943,50.350000,-9.5864,9.5678,80.1615,67.9790,12.1825
PEMAFC-PCA-F (K=12/12),3,period_0943,50.400000,-9.5662,8.3838,80.3734,67.9790,12.3943
PEMAFC-PCA-F (K=12/12),3,period_0943,50.450000,-9.5892,9.0707,80.0893,67.9790,12.1103
PEMAFC-PCA-F (K=12/12),3,period_0943,50.500000,-9.5263,9.2560,80.3593,67.9790,12.3803
PEMAFC-PCA-F (K=12/12),3,period_0943,50.550000,-9.5010,8.9803,80.2447,67.9790,12.2656
PEMAFC-PCA-F (K=12/12),3,period_0943,50.600000,-9.5130,8.8758,79.9940,67.9790,12.0149
PEMAFC-PCA-F (K=12/12),3,period_0943,50.650000,-9.5271,8.3389,80.0264,67.9790,12.0473
PEMAFC-PCA-F (K=12/12),3,period_0943,50.700000,-9.5120,8.4469,80.0329,67.9790,12.0539
PEMAFC-PCA-F (K=12/12),3,period_0943,50.750000,-9.5378,9.2389,79.8732,67.9790,11.8942
PEMAFC-PCA-F (K=12/12),3,period_0943,50.800000,-9.5392,8.9689,79.9819,67.9790,12.0029
PEMAFC-PCA-F (K=12/12),3,period_0943,50.850000,-9.4950,8.7942,80.0368,67.9790,12.0578
PEMAFC-PCA-F (K=12/12),3,period_0943,50.900000,-9.5340,9.4371,80.0721,67.9790,12.0931
PEMAFC-PCA-F (K=12/12),3,period_0943,50.950000,-9.5382,9.3179,79.9256,67.9790,11.9466
PEMAFC-PCA-F (K=12/12),3,period_0943,51.000000,-9.5192,9.3031,80.3139,67.9790,12.3348
PEMAFC-PCA-F (K=12/12),3,period_0943,51.050000,-9.5414,8.8012,80.3298,67.9790,12.3508
PEMAFC-PCA-F (K=12/12),3,period_0943,51.100000,-9.5750,8.8498,80.3058,67.9790,12.3267
PEMAFC-PCA-F (K=12/12),3,period_0943,51.150000,-9.5672,8.9399,80.3735,67.9790,12.3944
PEMAFC-PCA-F (K=12/12),3,period_0943,51.200000,-9.5796,8.9729,80.3412,67.9790,12.3622
PEMAFC-PCA-F (K=12/12),3,period_0943,51.250000,-9.5555,9.3957,80.3001,67.9790,12.3210
PEMAFC-PCA-F (K=12/12),3,period_0943,51.300000,-9.5455,8.9242,80.5400,67.9790,12.5610
PEMAFC-PCA-F (K=12/12),3,period_0943,51.350000,-9.5450,7.0827,80.1525,67.9790,12.1735
PEMAFC-PCA-F (K=12/12),3,period_0943,51.400000,-9.5316,9.0870,80.2845,67.9790,12.3055
PEMAFC-PCA-F (K=12/12),3,period_0943,51.450000,-9.5531,9.0704,80.3116,67.9790,12.3325
PEMAFC-PCA-F (K=12/12),3,period_0943,51.500000,-9.5471,8.7046,80.0226,67.9790,12.0435
PEMAFC-PCA-F (K=12/12),3,period_0943,51.550000,-9.5489,8.9248,80.2196,67.9790,12.2405
PEMAFC-PCA-F (K=12/12),3,period_0943,51.600000,-9.5628,8.8794,80.4116,67.9790,12.4325
PEMAFC-PCA-F (K=12/12),3,period_0943,51.650000,-9.5590,8.2963,80.4821,67.9790,12.5030
PEMAFC-PCA-F (K=12/12),3,period_0943,51.700000,-9.5940,9.2461,80.3304,67.9790,12.3514
PEMAFC-PCA-F (K=12/12),3,period_0943,51.750000,-9.5663,8.3182,80.4339,67.9790,12.4548
PEMAFC-PCA-F (K=12/12),3,period_0943,51.800000,-9.5568,8.7107,80.6625,67.9790,12.6835
PEMAFC-PCA-F (K=12/12),3,period_0943,51.850000,-9.5242,9.3483,80.5004,67.9790,12.5213
PEMAFC-PCA-F (K=12/12),3,period_0943,51.900000,-9.5393,9.5633,80.2638,67.9790,12.2848
PEMAFC-PCA-F (K=12/12),3,period_0943,51.950000,-9.4947,9.5444,80.7258,67.9790,12.7467
PEMAFC-PCA-F (K=12/12),3,period_0943,52.000000,-9.4856,9.1236,80.5208,67.9790,12.5418
PEMAFC-PCA-F (K=12/12),3,period_0943,52.050000,-9.4699,8.8009,80.7207,67.9790,12.7417
PEMAFC-PCA-F (K=12/12),3,period_0943,52.100000,-9.4368,9.4848,80.6354,67.9790,12.6564
PEMAFC-PCA-F (K=12/12),3,period_0943,52.150000,-9.4469,8.3826,80.5619,67.9790,12.5829
PEMAFC-PCA-F (K=12/12),3,period_0943,52.200000,-9.4429,8.6079,80.7048,67.9790,12.7257
PEMAFC-PCA-F (K=12/12),3,period_0943,52.250000,-9.3938,9.3977,80.7109,67.9790,12.7318
PEMAFC-PCA-F (K=12/12),3,period_0943,52.300000,-9.3996,8.8268,80.6769,67.9790,12.6978
PEMAFC-PCA-F (K=12/12),3,period_0943,52.350000,-9.4258,8.5366,80.6196,67.9790,12.6405
PEMAFC-PCA-F (K=12/12),3,period_0943,52.400000,-9.4347,9.4442,80.2781,67.9790,12.2991
PEMAFC-PCA-F (K=12/12),3,period_0943,52.450000,-9.4351,8.6720,80.4276,67.9790,12.4486
PEMAFC-PCA-F (K=12/12),3,period_0943,52.500000,-9.4580,8.1578,80.2488,67.9790,12.2697
PEMAFC-PCA-F (K=12/12),3,period_0943,52.550000,-9.4830,8.4626,80.2834,67.9790,12.3044
PEMAFC-PCA-F (K=12/12),3,period_0943,52.600000,-9.4785,8.4977,80.2428,67.9790,12.2638
PEMAFC-PCA-F (K=12/12),3,period_0943,52.650000,-9.4692,8.2811,80.3930,67.9790,12.4139
PEMAFC-PCA-F (K=12/12),3,period_0943,52.700000,-9.4870,8.6520,80.3738,67.9790,12.3948
PEMAFC-PCA-F (K=12/12),3,period_0943,52.750000,-9.5075,9.2350,80.2319,67.9790,12.2528
PEMAFC-PCA-F (K=12/12),3,period_0943,52.800000,-9.4955,8.7195,80.0897,67.9790,12.1107
PEMAFC-PCA-F (K=12/12),3,period_0943,52.850000,-9.5086,8.9986,79.9896,67.9790,12.0105
PEMAFC-PCA-F (K=12/12),3,period_0943,52.900000,-9.4875,9.4420,80.0614,67.9790,12.0823
PEMAFC-PCA-F (K=12/12),3,period_0943,52.950000,-9.4511,9.4304,80.3593,67.9790,12.3802
PEMAFC-PCA-F (K=12/12),3,period_0943,53.000000,-9.4674,8.0983,80.1301,67.9790,12.1510
PEMAFC-PCA-F (K=12/12),3,period_0943,53.050000,-9.5089,8.2450,79.8870,67.9790,11.9079
PEMAFC-PCA-F (K=12/12),3,period_0943,53.100000,-9.5018,8.5706,79.9885,67.9790,12.0095
PEMAFC-PCA-F (K=12/12),3,period_0943,53.150000,-9.4957,8.2178,79.8262,67.9790,11.8471
PEMAFC-PCA-F (K=12/12),3,period_0943,53.200000,-9.4882,9.0514,79.9979,67.9790,12.0189
PEMAFC-PCA-F (K=12/12),3,period_0943,53.250000,-9.4866,9.4335,80.4780,67.9790,12.4990
PEMAFC-PCA-F (K=12/12),3,period_0943,53.300000,-9.4713,9.0925,80.4685,67.9790,12.4895
PEMAFC-PCA-F (K=12/12),3,period_0943,53.350000,-9.4888,8.8090,80.6697,67.9790,12.6906
PEMAFC-PCA-F (K=12/12),3,period_0943,53.400000,-9.4886,9.0533,80.7333,67.9790,12.7543
PEMAFC-PCA-F (K=12/12),3,period_0943,53.450000,-9.5082,8.7972,80.6797,67.9790,12.7006
PEMAFC-PCA-F (K=12/12),3,period_0943,53.500000,-9.5535,9.0479,80.6912,67.9790,12.7122
PEMAFC-PCA-F (K=12/12),3,period_0943,53.550000,-9.5388,9.2348,80.4981,67.9790,12.5190
PEMAFC-PCA-F (K=12/12),3,period_0943,53.600000,-9.4855,8.4680,80.6333,67.9790,12.6542
PEMAFC-PCA-F (K=12/12),3,period_0943,53.650000,-9.5036,8.6713,80.7031,67.9790,12.7240
PEMAFC-PCA-F (K=12/12),3,period_0943,53.700000,-9.4660,9.5566,80.5944,67.9790,12.6153
PEMAFC-PCA-F (K=12/12),3,period_0943,53.750000,-9.4336,8.6542,80.3983,67.9790,12.4193
PEMAFC-PCA-F (K=12/12),3,period_0943,53.800000,-9.4496,8.1075,80.3081,67.9790,12.3290
PEMAFC-PCA-F (K=12/12),3,period_0943,53.850000,-9.4537,8.9875,80.5181,67.9790,12.5390
PEMAFC-PCA-F (K=12/12),3,period_0943,53.900000,-9.4097,8.8691,80.3944,67.9790,12.4154
PEMAFC-PCA-F (K=12/12),3,period_0943,53.950000,-9.4386,9.0435,80.4236,67.9790,12.4446
PEMAFC-PCA-F (K=12/12),3,period_0943,54.000000,-9.4444,9.1294,80.4036,67.9790,12.4246
PEMAFC-PCA-F (K=12/12),3,period_0943,54.050000,-9.4901,8.6301,80.5362,67.9790,12.5572
PEMAFC-PCA-F (K=12/12),3,period_0943,54.100000,-9.4721,8.6294,80.4595,67.9790,12.4805
PEMAFC-PCA-F (K=12/12),3,period_0943,54.150000,-9.5092,8.2730,80.3434,67.9790,12.3644
PEMAFC-PCA-F (K=12/12),3,period_0943,54.200000,-9.5181,9.5639,80.1672,67.9790,12.1881
PEMAFC-PCA-F (K=12/12),3,period_0943,54.250000,-9.5524,9.3100,80.1291,67.9790,12.1500
PEMAFC-PCA-F (K=12/12),3,period_0943,54.300000,-9.5643,9.4691,80.1003,67.9790,12.1213
PEMAFC-PCA-F (K=12/12),3,period_0943,54.350000,-9.5108,9.5726,80.1641,67.9790,12.1850
PEMAFC-PCA-F (K=12/12),3,period_0943,54.400000,-9.4902,9.4221,80.1138,67.9790,12.1348
PEMAFC-PCA-F (K=12/12),3,period_0943,54.450000,-9.5263,8.5635,80.1891,67.9790,12.2101
PEMAFC-PCA-F (K=12/12),3,period_0943,54.500000,-9.5366,8.7349,80.2038,67.9790,12.2247
PEMAFC-PCA-F (K=12/12),3,period_0943,54.550000,-9.5377,8.5101,80.2344,67.9790,12.2553
PEMAFC-PCA-F (K=12/12),3,period_0943,54.600000,-9.5310,8.3797,80.2547,67.9790,12.2756
PEMAFC-PCA-F (K=12/12),3,period_0943,54.650000,-9.5364,9.1544,80.0609,67.9790,12.0819
PEMAFC-PCA-F (K=12/12),3,period_0943,54.700000,-9.5338,8.5990,80.3974,67.9790,12.4184
PEMAFC-PCA-F (K=12/12),3,period_0943,54.750000,-9.5083,8.8789,80.4521,67.9790,12.4730
PEMAFC-PCA-F (K=12/12),3,period_0943,54.800000,-9.4656,9.4371,80.6489,67.9790,12.6699
PEMAFC-PCA-F (K=12/12),3,period_0943,54.850000,-9.4783,9.4031,80.5660,67.9790,12.5870
PEMAFC-PCA-F (K=12/12),3,period_0943,54.900000,-9.4238,9.6029,80.8094,67.9790,12.8303
PEMAFC-PCA-F (K=12/12),3,period_0943,54.950000,-9.4444,8.0629,80.6128,67.9790,12.6337
PEMAFC-PCA-F (K=12/12),3,period_0943,55.000000,-9.4727,8.5478,80.3818,67.9790,12.4028
PEMAFC-PCA-F (K=12/12),3,period_0943,55.050000,-9.5137,8.9334,80.3843,67.9790,12.4053
PEMAFC-PCA-F (K=12/12),3,period_0943,55.100000,-9.5304,9.3852,80.1461,67.9790,12.1671
PEMAFC-PCA-F (K=12/12),3,period_0943,55.150000,-9.5742,9.2637,80.0566,67.9790,12.0776
PEMAFC-PCA-F (K=12/12),3,period_0943,55.200000,-9.5418,8.9800,80.0075,67.9790,12.0284
PEMAFC-PCA-F (K=12/12),3,period_0943,55.250000,-9.5610,8.8842,79.7816,67.9790,11.8026
PEMAFC-PCA-F (K=12/12),3,period_0943,55.300000,-9.5620,8.7836,80.1605,67.9790,12.1815
PEMAFC-PCA-F (K=12/12),3,period_0943,55.350000,-9.5837,8.5797,79.9897,67.9790,12.0107
PEMAFC-PCA-F (K=12/12),3,period_0943,55.400000,-9.6159,9.2472,80.0048,67.9790,12.0258
PEMAFC-PCA-F (K=12/12),3,period_0943,55.450000,-9.5974,9.0197,80.0322,67.9790,12.0531
PEMAFC-PCA-F (K=12/12),3,period_0943,55.500000,-9.5701,8.5169,80.1734,67.9790,12.1943
PEMAFC-PCA-F (K=12/12),3,period_0943,55.550000,-9.5365,8.4742,80.4714,67.9790,12.4923
PEMAFC-PCA-F (K=12/12),3,period_0943,55.600000,-9.5604,8.6929,80.2228,67.9790,12.2438
PEMAFC-PCA-F (K=12/12),3,period_0943,55.650000,-9.5576,8.6305,80.3907,67.9790,12.4117
PEMAFC-PCA-F (K=12/12),3,period_0943,55.700000,-9.5467,9.8078,80.2073,67.9790,12.2282
PEMAFC-PCA-F (K=12/12),3,period_0943,55.750000,-9.5327,8.9233,80.3303,67.9790,12.3513
PEMAFC-PCA-F (K=12/12),3,period_0943,55.800000,-9.5491,9.0484,80.3276,67.9790,12.3486
PEMAFC-PCA-F (K=12/12),3,period_0943,55.850000,-9.5606,9.0744,80.0725,67.9790,12.0935
PEMAFC-PCA-F (K=12/12),3,period_0943,55.900000,-9.5622,8.4558,80.0811,67.9790,12.1021
PEMAFC-PCA-F (K=12/12),3,period_0943,55.950000,-9.5919,8.4471,80.2069,67.9790,12.2278
PEMAFC-PCA-F (K=12/12),3,period_0943,56.000000,-9.6013,9.3708,80.2023,67.9790,12.2232
PEMAFC-PCA-F (K=12/12),3,period_0943,56.050000,-9.5584,9.2644,79.9558,67.9790,11.9767
PEMAFC-PCA-F (K=12/12),3,period_0943,56.100000,-9.5266,8.9557,79.9023,67.9790,11.9233
PEMAFC-PCA-F (K=12/12),3,period_0943,56.150000,-9.5262,9.0187,79.9215,67.9790,11.9424
PEMAFC-PCA-F (K=12/12),3,period_0943,56.200000,-9.5311,9.2249,79.8517,67.9790,11.8726
PEMAFC-PCA-F (K=12/12),3,period_0943,56.250000,-9.5505,8.7215,79.7820,67.9790,11.8030
PEMAFC-PCA-F (K=12/12),3,period_0943,56.300000,-9.5075,8.7620,79.6586,67.9790,11.6796
PEMAFC-PCA-F (K=12/12),3,period_0943,56.350000,-9.5134,9.0869,79.8337,67.9790,11.8546
PEMAFC-PCA-F (K=12/12),3,period_0943,56.400000,-9.4951,8.7167,79.8940,67.9790,11.9150
PEMAFC-PCA-F (K=12/12),3,period_0943,56.450000,-9.5245,8.9380,80.0883,67.9790,12.1092
PEMAFC-PCA-F (K=12/12),3,period_0943,56.500000,-9.4944,8.1453,80.2835,67.9790,12.3045
PEMAFC-PCA-F (K=12/12),3,period_0943,56.550000,-9.4773,8.9534,80.4875,67.9790,12.5085
PEMAFC-PCA-F (K=12/12),3,period_0943,56.600000,-9.5277,7.7659,80.3913,67.9790,12.4123
PEMAFC-PCA-F (K=12/12),3,period_0943,56.650000,-9.5293,8.2334,80.6778,67.9790,12.6988
PEMAFC-PCA-F (K=12/12),3,period_0943,56.700000,-9.4899,8.6564,80.5347,67.9790,12.5556
PEMAFC-PCA-F (K=12/12),3,period_0943,56.750000,-9.5029,8.7654,80.5033,67.9790,12.5242
PEMAFC-PCA-F (K=12/12),3,period_0943,56.800000,-9.5121,8.0960,80.4940,67.9790,12.5149
PEMAFC-PCA-F (K=12/12),3,period_0943,56.850000,-9.5236,9.1087,80.4571,67.9790,12.4780
PEMAFC-PCA-F (K=12/12),3,period_0943,56.900000,-9.5725,8.6635,80.4610,67.9790,12.4819
PEMAFC-PCA-F (K=12/12),3,period_0943,56.950000,-9.5314,9.5279,80.4471,67.9790,12.4681
PEMAFC-PCA-F (K=12/12),3,period_0943,57.000000,-9.5734,8.2702,80.4545,67.9790,12.4755
PEMAFC-PCA-F (K=12/12),3,period_0943,57.050000,-9.5569,8.9743,80.1675,67.9790,12.1885
PEMAFC-PCA-F (K=12/12),3,period_0943,57.100000,-9.5434,9.3048,80.4965,67.9790,12.5175
PEMAFC-PCA-F (K=12/12),3,period_0943,57.150000,-9.5352,8.5486,80.3847,67.9790,12.4056
PEMAFC-PCA-F (K=12/12),3,period_0943,57.200000,-9.5397,9.3425,80.3362,67.9790,12.3572
PEMAFC-PCA-F (K=12/12),3,period_0943,57.250000,-9.5244,9.4870,80.4626,67.9790,12.4836
PEMAFC-PCA-F (K=12/12),3,period_0943,57.300000,-9.5107,8.6687,80.3883,67.9790,12.4092
PEMAFC-PCA-F (K=12/12),3,period_0943,57.350000,-9.5505,8.6496,80.3607,67.9790,12.3816
PEMAFC-PCA-F (K=12/12),3,period_0943,57.400000,-9.5336,8.7783,80.1593,67.9790,12.1802
PEMAFC-PCA-F (K=12/12),3,period_0943,57.450000,-9.5377,9.0081,80.1954,67.9790,12.2163
PEMAFC-PCA-F (K=12/12),3,period_0943,57.500000,-9.5258,8.7419,80.2341,67.9790,12.2550
PEMAFC-PCA-F (K=12/12),3,period_0943,57.550000,-9.5414,7.8016,80.1275,67.9790,12.1485
PEMAFC-PCA-F (K=12/12),3,period_0943,57.600000,-9.5497,9.3040,79.9073,67.9790,11.9282
PEMAFC-PCA-F (K=12/12),3,period_0943,57.650000,-9.5473,9.4639,80.0079,67.9790,12.0288
PEMAFC-PCA-F (K=12/12),3,period_0943,57.700000,-9.5774,8.3985,80.3047,67.9790,12.3256
PEMAFC-PCA-F (K=12/12),3,period_0943,57.750000,-9.5357,8.6066,80.1683,67.9790,12.1893
PEMAFC-PCA-F (K=12/12),3,period_0943,57.800000,-9.4599,9.6647,80.3239,67.9790,12.3449
PEMAFC-PCA-F (K=12/12),3,period_0943,57.850000,-9.4423,9.1831,80.3922,67.9790,12.4131
PEMAFC-PCA-F (K=12/12),3,period_0943,57.900000,-9.4715,8.7798,80.3818,67.9790,12.4028
PEMAFC-PCA-F (K=12/12),3,period_0943,57.950000,-9.5144,8.5980,80.5464,67.9790,12.5673
PEMAFC-PCA-F (K=12/12),3,period_0943,58.000000,-9.5008,9.4241,80.5648,67.9790,12.5858
PEMAFC-PCA-F (K=12/12),3,period_0943,58.050000,-9.5315,9.1901,80.4291,67.9790,12.4501
PEMAFC-PCA-F (K=12/12),3,period_0943,58.100000,-9.5245,8.7053,80.3383,67.9790,12.3592
PEMAFC-PCA-F (K=12/12),3,period_0943,58.150000,-9.5249,9.2075,80.3267,67.9790,12.3477
PEMAFC-PCA-F (K=12/12),3,period_0943,58.200000,-9.5671,8.0934,80.4163,67.9790,12.4373
PEMAFC-PCA-F (K=12/12),3,period_0943,58.250000,-9.5403,9.4324,80.2372,67.9790,12.2582
PEMAFC-PCA-F (K=12/12),3,period_0943,58.300000,-9.5408,8.3625,80.1491,67.9790,12.1701
PEMAFC-PCA-F (K=12/12),3,period_0943,58.350000,-9.5652,8.9470,80.3844,67.9790,12.4054
PEMAFC-PCA-F (K=12/12),3,period_0943,58.400000,-9.5521,8.9973,80.2942,67.9790,12.3151
PEMAFC-PCA-F (K=12/12),3,period_0943,58.450000,-9.5131,9.3750,80.4854,67.9790,12.5064
PEMAFC-PCA-F (K=12/12),3,period_0943,58.500000,-9.5017,8.3918,80.4309,67.9790,12.4518
PEMAFC-PCA-F (K=12/12),3,period_0943,58.550000,-9.5351,8.7618,80.3896,67.9790,12.4106
PEMAFC-PCA-F (K=12/12),3,period_0943,58.600000,-9.5193,8.9671,80.6855,67.9790,12.7065
PEMAFC-PCA-F (K=12/12),3,period_0943,58.650000,-9.4945,8.8123,80.5743,67.9790,12.5952
PEMAFC-PCA-F (K=12/12),3,period_0943,58.700000,-9.4979,9.4176,80.5200,67.9790,12.5410
PEMAFC-PCA-F (K=12/12),3,period_0943,58.750000,-9.5375,9.7453,80.3145,67.9790,12.3355
PEMAFC-PCA-F (K=12/12),3,period_0943,58.800000,-9.5333,9.2921,80.3307,67.9790,12.3516
PEMAFC-PCA-F (K=12/12),3,period_0943,58.850000,-9.5051,9.0801,80.3482,67.9790,12.3691
PEMAFC-PCA-F (K=12/12),3,period_0943,58.900000,-9.5123,7.9662,80.2436,67.9790,12.2646
PEMAFC-PCA-F (K=12/12),3,period_0943,58.950000,-9.5209,8.7932,80.3258,67.9790,12.3467
PEMAFC-PCA-F (K=12/12),3,period_0943,59.000000,-9.5406,8.8321,80.3722,67.9790,12.3932
PEMAFC-PCA-F (K=12/12),3,period_0943,59.050000,-9.5463,9.0539,80.2707,67.9790,12.2917
PEMAFC-PCA-F (K=12/12),3,period_0943,59.100000,-9.5490,8.6739,80.2630,67.9790,12.2839
PEMAFC-PCA-F (K=12/12),3,period_0943,59.150000,-9.5877,8.5451,80.4866,67.9790,12.5075
PEMAFC-PCA-F (K=12/12),3,period_0943,59.200000,-9.5791,8.5699,80.2703,67.9790,12.2912
PEMAFC-PCA-F (K=12/12),3,period_0943,59.250000,-9.5842,9.1879,80.4499,67.9790,12.4708
PEMAFC-PCA-F (K=12/12),3,period_0943,59.300000,-9.5754,9.3076,80.5279,67.9790,12.5488
PEMAFC-PCA-F (K=12/12),3,period_0943,59.350000,-9.5591,8.5228,80.5883,67.9790,12.6093
PEMAFC-PCA-F (K=12/12),3,period_0943,59.400000,-9.5802,8.7619,80.7049,67.9790,12.7259
PEMAFC-PCA-F (K=12/12),3,period_0943,59.450000,-9.6105,8.5834,80.5329,67.9790,12.5538
PEMAFC-PCA-F (K=12/12),3,period_0943,59.500000,-9.5787,8.9626,80.2470,67.9790,12.2680
PEMAFC-PCA-F (K=12/12),3,period_0943,59.550000,-9.6021,9.1121,80.2136,67.9790,12.2345
PEMAFC-PCA-F (K=12/12),3,period_0943,59.600000,-9.5683,8.5480,80.5079,67.9790,12.5288
PEMAFC-PCA-F (K=12/12),3,period_0943,59.650000,-9.5853,8.7253,80.5401,67.9790,12.5611
PEMAFC-PCA-F (K=12/12),3,period_0943,59.700000,-9.5626,8.3461,80.4117,67.9790,12.4327
PEMAFC-PCA-F (K=12/12),3,period_0943,59.750000,-9.5481,8.1793,80.4566,67.9790,12.4775
PEMAFC-PCA-F (K=12/12),3,period_0943,59.800000,-9.5506,9.1287,80.5265,67.9790,12.5474
PEMAFC-PCA-F (K=12/12),3,period_0943,59.850000,-9.5602,8.3845,80.4471,67.9790,12.4680
PEMAFC-PCA-F (K=12/12),3,period_0943,59.900000,-9.5753,8.8771,80.5606,67.9790,12.5816
PEMAFC-PCA-F (K=12/12),3,period_0943,59.950000,-9.5893,9.4826,80.4336,67.9790,12.4546
PEMAFC-PCA-F (K=12/12),3,period_0943,60.000000,-9.5746,9.8375,80.3167,67.9790,12.3377
