algorithm,epoch_index,condition_id,t_s,misalignment_db,erle_db,msg_with_afc_db,msg_without_afc_db,asg_db
PEMAFC-F,0,period_0707,0.013333,-0.1281,0.5369,85.7283,85.1794,0.5489
PEMAFC-F,0,period_0707,0.053333,-0.5963,0.8021,85.9848,85.1794,0.8054
PEMAFC-F,0,period_0707,0.106667,-1.3444,1.0969,86.4999,85.1794,1.3205
PEMAFC-F,0,period_0707,0.160000,-1.7515,1.2510,86.6462,85.1794,1.4668
PEMAFC-F,0,period_0707,0.200000,-2.1239,1.4474,86.8792,85.1794,1.6998
PEMAFC-F,0,period_0707,0.253333,-2.2523,1.2746,87.0842,85.1794,1.9048
PEMAFC-F,0,period_0707,0.306667,-2.8006,1.0379,87.4521,85.1794,2.2728
PEMAFC-F,0,period_0707,0.360000,-3.1391,2.4840,87.5792,85.1794,2.3998
PEMAFC-F,0,period_0707,0.400000,-3.3200,1.7639,87.7904,85.1794,2.6110
PEMAFC-F,0,period_0707,0.453333,-3.8259,1.4365,88.2723,85.1794,3.0929
PEMAFC-F,0,period_0707,0.506667,-4.1449,0.4250,88.5567,85.1794,3.3773
PEMAFC-F,0,period_0707,0.560000,-4.2602,2.5150,88.8078,85.1794,3.6284
PEMAFC-F,0,period_0707,0.600000,-4.4572,2.7282,88.9041,85.1794,3.7247
PEMAFC-F,0,period_0707,0.653333,-4.6820,2.4949,89.1530,85.1794,3.9737
PEMAFC-F,0,period_0707,0.706667,-4.9102,3.0739,89.3026,85.1794,4.1232
PEMAFC-F,0,period_0707,0.760000,-5.0742,1.8284,89.5269,85.1794,4.3475
PEMAFC-F,0,period_0707,0.800000,-5.3457,0.7140,89.7618,85.1794,4.5824
PEMAFC-F,0,period_0707,0.853333,-5.7760,-0.0203,90.0944,85.1794,4.9150
PEMAFC-F,0,period_0707,0.906667,-5.8822,1.4549,90.2857,85.1794,5.1064
PEMAFC-F,0,period_0707,0.960000,-5.8742,2.2079,90.4625,85.1794,5.2832
PEMAFC-F,0,period_0707,1.000000,-5.9653,2.5546,90.7711,85.1794,5.5917
PEMAFC-F,0,period_0707,1.053333,-6.3016,1.5544,91.0047,85.1794,5.8254
PEMAFC-F,0,period_0707,1.106667,-6.3995,0.9909,91.2541,85.1794,6.0747
PEMAFC-F,0,period_0707,1.160000,-6.8929,1.6811,91.5052,85.1794,6.3258
PEMAFC-F,0,period_0707,1.200000,-6.9027,1.8746,91.7029,85.1794,6.5236
PEMAFC-F,0,period_0707,1.253333,-7.1666,2.1536,91.8629,85.1794,6.6836
PEMAFC-F,0,period_0707,1.306667,-7.2535,0.4835,92.0520,85.1794,6.8727
PEMAFC-F,0,period_0707,1.360000,-7.3900,0.9852,92.3219,85.1794,7.1425
PEMAFC-F,0,period_0707,1.400000,-7.5280,1.5424,92.5474,85.1794,7.3680
PEMAFC-F,0,period_0707,1.453333,-7.8049,1.7316,92.7308,85.1794,7.5514
PEMAFC-F,0,period_0707,1.506667,-7.7238,3.0581,92.8157,85.1794,7.6364
PEMAFC-F,0,period_0707,1.560000,-7.9069,1.4538,93.0854,85.1794,7.9060
PEMAFC-F,0,period_0707,1.600000,-7.9451,1.2672,93.2366,85.1794,8.0572
PEMAFC-F,0,period_0707,1.653333,-8.0018,1.0325,93.4546,85.1794,8.2752
PEMAFC-F,0,period_0707,1.706667,-8.1606,2.5479,93.7401,85.1794,8.5607
PEMAFC-F,0,period_0707,1.760000,-8.3249,0.8364,93.8964,85.1794,8.7170
PEMAFC-F,0,period_0707,1.800000,-8.5094,1.1116,94.0722,85.1794,8.8928
PEMAFC-F,0,period_0707,1.853333,-8.5046,1.9715,94.3204,85.1794,9.1410
PEMAFC-F,0,period_0707,1.906667,-8.3035,0.8677,94.4084,85.1794,9.2290
PEMAFC-F,0,period_0707,1.960000,-8.4274,2.3759,93.8519,85.1794,8.6726
PEMAFC-F,0,period_0707,2.000000,-8.6006,1.4412,95.0490,85.1794,9.8697
PEMAFC-F,0,period_0707,2.053333,-8.8570,1.3424,95.2656,85.1794,10.0862
PEMAFC-F,0,period_0707,2.106667,-9.2522,1.5221,95.4729,85.1794,10.2935
PEMAFC-F,0,period_0707,2.160000,-8.4454,1.8776,94.2547,85.1794,9.0754
PEMAFC-F,0,period_0707,2.200000,-8.0327,2.9316,94.2911,85.1794,9.1117
PEMAFC-F,0,period_0707,2.253333,-8.5721,1.1607,96.0197,85.1794,10.8403
PEMAFC-F,0,period_0707,2.306667,-9.0009,1.0674,96.2124,85.1794,11.0330
PEMAFC-F,0,period_0707,2.360000,-9.3309,1.4281,95.2020,85.1794,10.0226
PEMAFC-F,0,period_0707,2.400000,-9.2349,0.3915,93.0551,85.1794,7.8757
PEMAFC-F,0,period_0707,2.453333,-10.0093,1.2345,96.8521,85.1794,11.6727
PEMAFC-F,0,period_0707,2.506667,-9.7165,1.1909,97.0627,85.1794,11.8834
PEMAFC-F,0,period_0707,2.560000,-9.7857,0.2597,96.5265,85.1794,11.3472
PEMAFC-F,0,period_0707,2.600000,-9.7303,1.6843,95.2419,85.1794,10.0626
PEMAFC-F,0,period_0707,2.653333,-9.8535,2.0977,97.5785,85.1794,12.3991
PEMAFC-F,0,period_0707,2.706667,-10.3142,1.0921,98.0760,85.1794,12.8966
PEMAFC-F,0,period_0707,2.760000,-10.3779,1.0731,98.2958,85.1794,13.1164
PEMAFC-F,0,period_0707,2.800000,-10.3799,2.8761,98.4481,85.1794,13.2687
PEMAFC-F,0,period_0707,2.853333,-10.0950,3.1192,98.9573,85.1794,13.7780
PEMAFC-F,0,period_0707,2.906667,-10.0226,2.2581,99.1356,85.1794,13.9562
PEMAFC-F,0,period_0707,2.960000,-10.7296,-0.7065,99.2911,85.1794,14.1117
PEMAFC-F,0,period_0707,3.000000,-10.7465,2.3433,99.4530,85.1794,14.2736
PEMAFC-F,0,period_0707,3.053333,-10.5952,3.0080,99.2691,85.1794,14.0897
PEMAFC-F,0,period_0707,3.106667,-10.6449,1.7959,99.7966,85.1794,14.6172
PEMAFC-F,0,period_0707,3.160000,-10.7072,0.8675,98.9460,85.1794,13.7666
PEMAFC-F,0,period_0707,3.200000,-10.7273,2.2879,97.8908,85.1794,12.7115
PEMAFC-F,0,period_0707,3.253333,-10.7834,1.8513,99.4305,85.1794,14.2511
PEMAFC-F,0,period_0707,3.306667,-10.7388,0.5440,96.5697,85.1794,11.3903
PEMAFC-F,0,period_0707,3.360000,-10.2555,0.3556,94.1886,85.1794,9.0093
PEMAFC-F,0,period_0707,3.400000,-10.8082,2.2119,97.6873,85.1794,12.5080
PEMAFC-F,0,period_0707,3.453333,-10.7273,2.0487,97.1358,85.1794,11.9565
PEMAFC-F,0,period_0707,3.506667,-10.5026,1.7058,98.4250,85.1794,13.2456
PEMAFC-F,0,period_0707,3.560000,-10.8189,2.3134,100.3510,85.1794,15.1717
PEMAFC-F,0,period_0707,3.600000,-10.8949,1.9634,100.3433,85.1794,15.1640
PEMAFC-F,0,period_0707,3.653333,-11.3532,0.3843,99.7884,85.1794,14.6091
PEMAFC-F,0,period_0707,3.706667,-11.0499,1.4078,100.2977,85.1794,15.1184
PEMAFC-F,0,period_0707,3.760000,-11.3283,2.1396,100.2891,85.1794,15.1098
PEMAFC-F,0,period_0707,3.800000,-10.2947,3.5588,97.3087,85.1794,12.1293
PEMAFC-F,0,period_0707,3.853333,-10.7782,1.3907,98.0822,85.1794,12.9028
PEMAFC-F,0,period_0707,3.906667,-11.1860,0.2890,100.3501,85.1794,15.1708
PEMAFC-F,0,period_0707,3.960000,-10.5866,1.2709,98.8083,85.1794,13.6289
PEMAFC-F,0,period_0707,4.000000,-10.6706,1.7305,98.2634,85.1794,13.0841
PEMAFC-F,0,period_0707,4.053333,-10.8111,0.8598,98.2045,85.1794,13.0251
PEMAFC-F,0,period_0707,4.106667,-10.5317,1.4004,96.2111,85.1794,11.0317
PEMAFC-F,0,period_0707,4.160000,-10.6312,1.6716,95.4035,85.1794,10.2242
PEMAFC-F,0,period_0707,4.200000,-10.9665,1.0039,96.2522,85.1794,11.0728
PEMAFC-F,0,period_0707,4.253333,-10.6599,0.7856,93.0419,85.1794,7.8626
PEMAFC-F,0,period_0707,4.306667,-10.6958,2.1696,96.7106,85.1794,11.5312
PEMAFC-F,0,period_0707,4.360000,-10.9677,2.0410,97.1715,85.1794,11.9922
PEMAFC-F,0,period_0707,4.400000,-11.1725,1.3962,97.8470,85.1794,12.6676
PEMAFC-F,0,period_0707,4.453333,-11.3327,2.7026,99.0738,85.1794,13.8944
PEMAFC-F,0,period_0707,4.506667,-11.4973,1.7412,100.3149,85.1794,15.1356
PEMAFC-F,0,period_0707,4.560000,-11.3656,1.8481,99.7850,85.1794,14.6056
PEMAFC-F,0,period_0707,4.600000,-11.4249,1.5535,99.3535,85.1794,14.1741
PEMAFC-F,0,period_0707,4.653333,-11.4490,1.7016,100.3474,85.1794,15.1681
PEMAFC-F,0,period_0707,4.706667,-11.1367,0.9507,95.0882,85.1794,9.9089
PEMAFC-F,0,period_0707,4.760000,-11.2483,3.1164,95.4969,85.1794,10.3176
PEMAFC-F,0,period_0707,4.800000,-11.3934,0.4263,96.7281,85.1794,11.5488
PEMAFC-F,0,period_0707,4.853333,-11.3074,1.5691,98.7090,85.1794,13.5297
PEMAFC-F,0,period_0707,4.906667,-11.2757,1.9447,100.4844,85.1794,15.3051
PEMAFC-F,0,period_0707,4.960000,-11.4600,0.4622,99.2345,85.1794,14.0551
PEMAFC-F,0,period_0707,5.000000,-11.4723,1.6273,99.0220,85.1794,13.8427
PEMAFC-F,0,period_0707,5.053333,-11.5679,1.1085,98.6472,85.1794,13.4678
PEMAFC-F,0,period_0707,5.106667,-11.6534,1.2499,100.4953,85.1794,15.3159
PEMAFC-F,0,period_0707,5.160000,-11.0400,1.0205,98.5471,85.1794,13.3677
PEMAFC-F,0,period_0707,5.200000,-11.5347,1.5149,98.5557,85.1794,13.3763
PEMAFC-F,0,period_0707,5.253333,-11.5265,1.1119,97.4858,85.1794,12.3064
PEMAFC-F,0,period_0707,5.306667,-10.8102,1.7008,92.0919,85.1794,6.9125
PEMAFC-F,0,period_0707,5.360000,-11.2523,1.9487,95.4831,85.1794,10.3038
PEMAFC-F,0,period_0707,5.400000,-10.9036,1.6013,93.6865,85.1794,8.5071
PEMAFC-F,0,period_0707,5.453333,-10.6822,0.5765,92.3454,85.1794,7.1660
PEMAFC-F,0,period_0707,5.506667,-10.3904,0.8136,90.1924,85.1794,5.0131
PEMAFC-F,0,period_0707,5.560000,-10.7504,2.2643,92.6961,85.1794,7.5167
PEMAFC-F,0,period_0707,5.600000,-10.3713,2.1052,91.8012,85.1794,6.6218
PEMAFC-F,0,period_0707,5.653333,-10.5781,1.1631,92.2054,85.1794,7.0260
PEMAFC-F,0,period_0707,5.706667,-11.0453,2.0411,96.7362,85.1794,11.5568
PEMAFC-F,0,period_0707,5.760000,-11.1630,1.4935,95.3566,85.1794,10.1773
PEMAFC-F,0,period_0707,5.800000,-11.0732,1.6205,95.2228,85.1794,10.0434
PEMAFC-F,0,period_0707,5.853333,-11.5118,1.3157,96.9616,85.1794,11.7822
PEMAFC-F,0,period_0707,5.906667,-11.5082,0.5708,94.5589,85.1794,9.3795
PEMAFC-F,0,period_0707,5.960000,-11.6047,0.9731,94.7906,85.1794,9.6112
PEMAFC-F,0,period_0707,6.000000,-11.7701,1.3345,98.1068,85.1794,12.9274
PEMAFC-F,0,period_0707,6.053333,-11.7556,2.1960,100.1710,85.1794,14.9916
PEMAFC-F,0,period_0707,6.106667,-11.3730,1.2184,96.5089,85.1794,11.3295
PEMAFC-F,0,period_0707,6.160000,-11.5027,0.9530,98.0841,85.1794,12.9047
PEMAFC-F,0,period_0707,6.200000,-11.1585,0.4474,93.0743,85.1794,7.8950
PEMAFC-F,0,period_0707,6.253333,-11.7968,1.7370,97.6041,85.1794,12.4247
PEMAFC-F,0,period_0707,6.306667,-11.4890,0.9834,95.7186,85.1794,10.5392
PEMAFC-F,0,period_0707,6.360000,-11.6820,2.1424,98.5787,85.1794,13.3993
PEMAFC-F,0,period_0707,6.400000,-11.4933,1.7432,97.1864,85.1794,12.0070
PEMAFC-F,0,period_0707,6.453333,-11.5125,1.2285,96.3407,85.1794,11.1614
PEMAFC-F,0,period_0707,6.506667,-11.4955,1.5078,97.6134,85.1794,12.4340
PEMAFC-F,0,period_0707,6.560000,-11.8236,1.4821,100.4280,85.1794,15.2487
PEMAFC-F,0,period_0707,6.600000,-11.7179,2.1058,100.4885,85.1794,15.3091
PEMAFC-F,0,period_0707,6.653333,-11.6141,0.9877,97.8282,85.1794,12.6488
PEMAFC-F,0,period_0707,6.706667,-11.2728,1.2039,96.7365,85.1794,11.5571
PEMAFC-F,0,period_0707,6.760000,-11.5689,1.0045,97.5858,85.1794,12.4064
PEMAFC-F,0,period_0707,6.800000,-11.5000,0.7991,97.1751,85.1794,11.9958
PEMAFC-F,0,period_0707,6.853333,-11.3284,1.1672,95.3691,85.1794,10.1897
PEMAFC-F,0,period_0707,6.906667,-11.3943,1.4395,95.6905,85.1794,10.5111
PEMAFC-F,0,period_0707,6.960000,-11.6116,1.3196,98.3253,85.1794,13.1460
PEMAFC-F,0,period_0707,7.000000,-11.3885,2.2062,96.8877,85.1794,11.7084
PEMAFC-F,0,period_0707,7.053333,-11.3871,0.6722,95.3627,85.1794,10.1833
PEMAFC-F,0,period_0707,7.106667,-11.6039,1.1548,97.2805,85.1794,12.1011
PEMAFC-F,0,period_0707,7.160000,-11.3401,0.9923,94.8363,85.1794,9.6569
PEMAFC-F,0,period_0707,7.200000,-11.5686,1.4875,95.2849,85.1794,10.1055
PEMAFC-F,0,period_0707,7.253333,-11.7522,2.0690,98.9150,85.1794,13.7356
PEMAFC-F,0,period_0707,7.306667,-11.7675,1.0412,96.7105,85.1794,11.5311
PEMAFC-F,0,period_0707,7.360000,-11.9308,1.5887,100.2881,85.1794,15.1087
PEMAFC-F,0,period_0707,7.400000,-11.8335,2.6111,99.4850,85.1794,14.3056
PEMAFC-F,0,period_0707,7.453333,-12.0530,0.5578,100.1097,85.1794,14.9304
PEMAFC-F,0,period_0707,7.506667,-11.5720,1.3877,97.3869,85.1794,12.2075
PEMAFC-F,0,period_0707,7.560000,-11.6811,1.5400,100.3631,85.1794,15.1837
PEMAFC-F,0,period_0707,7.600000,-11.4182,0.5664,96.9520,85.1794,11.7726
PEMAFC-F,0,period_0707,7.653333,-11.1067,1.3293,95.2963,85.1794,10.1169
PEMAFC-F,0,period_0707,7.706667,-10.6860,1.5961,95.3207,85.1794,10.1413
PEMAFC-F,0,period_0707,7.760000,-11.0706,0.9054,95.6103,85.1794,10.4309
PEMAFC-F,0,period_0707,7.800000,-11.6888,1.9941,98.6954,85.1794,13.5160
PEMAFC-F,0,period_0707,7.853333,-11.5750,0.2048,97.0863,85.1794,11.9069
PEMAFC-F,0,period_0707,7.906667,-11.6503,1.0500,97.6646,85.1794,12.4853
PEMAFC-F,0,period_0707,7.960000,-11.8657,2.0277,98.1602,85.1794,12.9808
PEMAFC-F,0,period_0707,8.000000,-11.9334,3.1478,98.8305,85.1794,13.6511
PEMAFC-F,0,period_0707,8.053333,-11.6332,2.3911,97.7330,85.1794,12.5537
PEMAFC-F,0,period_0707,8.106667,-11.5971,1.8368,96.8465,85.1794,11.6672
PEMAFC-F,0,period_0707,8.160000,-11.4613,2.3631,97.7714,85.1794,12.5920
PEMAFC-F,0,period_0707,8.200000,-11.5675,2.0011,98.3220,85.1794,13.1426
PEMAFC-F,0,period_0707,8.253333,-11.7418,2.1683,100.2445,85.1794,15.0651
PEMAFC-F,0,period_0707,8.306667,-11.7748,1.6434,99.4446,85.1794,14.2653
PEMAFC-F,0,period_0707,8.360000,-11.0241,3.4756,100.2232,85.1794,15.0439
PEMAFC-F,0,period_0707,8.400000,-11.6001,0.2647,99.0285,85.1794,13.8491
PEMAFC-F,0,period_0707,8.453333,-11.3515,1.9131,98.6278,85.1794,13.4485
PEMAFC-F,0,period_0707,8.506667,-12.1416,-0.0118,100.2479,85.1794,15.0685
PEMAFC-F,0,period_0707,8.560000,-12.0438,2.0702,100.2600,85.1794,15.0806
PEMAFC-F,0,period_0707,8.600000,-12.1212,1.2320,100.2554,85.1794,15.0760
PEMAFC-F,0,period_0707,8.653333,-12.1950,0.9204,100.2522,85.1794,15.0728
PEMAFC-F,0,period_0707,8.706667,-12.0510,1.7176,100.2421,85.1794,15.0628
PEMAFC-F,0,period_0707,8.760000,-12.1520,1.1340,100.2350,85.1794,15.0556
PEMAFC-F,0,period_0707,8.800000,-11.7286,1.7666,100.2378,85.1794,15.0585
PEMAFC-F,0,period_0707,8.853333,-11.5533,1.5462,97.9838,85.1794,12.8045
PEMAFC-F,0,period_0707,8.906667,-11.4466,1.6069,96.8924,85.1794,11.7130
PEMAFC-F,0,period_0707,8.960000,-11.3805,1.2531,96.1654,85.1794,10.9860
PEMAFC-F,0,period_0707,9.000000,-11.3719,1.8216,97.0394,85.1794,11.8600
PEMAFC-F,0,period_0707,9.053333,-10.9908,1.7911,96.8633,85.1794,11.6839
PEMAFC-F,0,period_0707,9.106667,-11.0475,2.2737,96.4408,85.1794,11.2614
PEMAFC-F,0,period_0707,9.160000,-11.9314,0.9432,100.2234,85.1794,15.0440
PEMAFC-F,0,period_0707,9.200000,-11.7703,1.8227,100.2938,85.1794,15.1145
PEMAFC-F,0,period_0707,9.253333,-11.8543,1.5742,100.3018,85.1794,15.1224
PEMAFC-F,0,period_0707,9.306667,-11.6979,1.8116,100.1097,85.1794,14.9303
PEMAFC-F,0,period_0707,9.360000,-11.8231,1.1692,100.3766,85.1794,15.1972
PEMAFC-F,0,period_0707,9.400000,-11.8888,2.3563,100.3804,85.1794,15.2010
PEMAFC-F,0,period_0707,9.453333,-11.9384,0.8004,99.5759,85.1794,14.3965
PEMAFC-F,0,period_0707,9.506667,-11.7789,1.4923,97.6193,85.1794,12.4400
PEMAFC-F,0,period_0707,9.560000,-12.0050,1.3063,97.9158,85.1794,12.7364
PEMAFC-F,0,period_0707,9.600000,-11.8339,1.5381,97.2728,85.1794,12.0935
PEMAFC-F,0,period_0707,9.653333,-11.4145,1.4593,93.9954,85.1794,8.8161
PEMAFC-F,0,period_0707,9.706667,-11.6903,2.1626,100.3852,85.1794,15.2058
PEMAFC-F,0,period_0707,9.760000,-11.8350,1.4915,100.4068,85.1794,15.2274
PEMAFC-F,0,period_0707,9.800000,-11.9719,1.9272,100.4269,85.1794,15.2476
PEMAFC-F,0,period_0707,9.853333,-12.1121,1.2549,100.4024,85.1794,15.2230
PEMAFC-F,0,period_0707,9.906667,-11.5746,1.3055,98.9519,85.1794,13.7725
PEMAFC-F,0,period_0707,9.960000,-11.6885,1.1070,100.4136,85.1794,15.2342
PEMAFC-F,0,period_0707,10.000000,-11.5681,1.8321,98.3683,85.1794,13.1889
PEMAFC-F,1,period_0856,10.013333,-0.6647,0.4215,76.8660,75.6790,1.1870
PEMAFC-F,1,period_0856,10.053333,-1.4010,1.5571,77.6057,75.6790,1.9267
PEMAFC-F,1,period_0856,10.106667,-2.3485,2.6685,78.9592,75.6790,3.2802
PEMAFC-F,1,period_0856,10.160000,-3.1810,3.2183,79.9145,75.6790,4.2355
PEMAFC-F,1,period_0856,10.200000,-3.8360,4.8814,80.9344,75.6790,5.2554
PEMAFC-F,1,period_0856,10.253333,-4.7220,3.7344,82.3460,75.6790,6.6669
PEMAFC-F,1,period_0856,10.306667,-5.3221,5.0344,82.9752,75.6790,7.2961
PEMAFC-F,1,period_0856,10.360000,-5.9713,4.7159,84.0405,75.6790,8.3615
PEMAFC-F,1,period_0856,10.400000,-6.4218,4.9566,84.1530,75.6790,8.4739
PEMAFC-F,1,period_0856,10.453333,-6.9673,4.5015,84.2779,75.6790,8.5989
PEMAFC-F,1,period_0856,10.506667,-7.3519,4.4716,84.4276,75.6790,8.7486
PEMAFC-F,1,period_0856,10.560000,-7.8759,6.7849,84.5967,75.6790,8.9177
PEMAFC-F,1,period_0856,10.600000,-8.2378,4.8998,84.6665,75.6790,8.9875
PEMAFC-F,1,period_0856,10.653333,-8.6130,6.0356,84.8528,75.6790,9.1738
PEMAFC-F,1,period_0856,10.706667,-9.0045,6.5816,84.9677,75.6790,9.2887
PEMAFC-F,1,period_0856,10.760000,-9.3593,5.4167,85.0838,75.6790,9.4048
PEMAFC-F,1,period_0856,10.800000,-9.5848,4.1847,85.1341,75.6790,9.4551
PEMAFC-F,1,period_0856,10.853333,-9.9805,7.0785,85.5858,75.6790,9.9068
PEMAFC-F,1,period_0856,10.906667,-10.3220,4.2856,85.6925,75.6790,10.0135
PEMAFC-F,1,period_0856,10.960000,-10.6169,5.6713,85.9068,75.6790,10.2278
PEMAFC-F,1,period_0856,11.000000,-10.7690,6.7443,86.1152,75.6790,10.4362
PEMAFC-F,1,period_0856,11.053333,-11.0523,5.4165,86.2944,75.6790,10.6154
PEMAFC-F,1,period_0856,11.106667,-11.2804,5.4743,86.4382,75.6790,10.7592
PEMAFC-F,1,period_0856,11.160000,-11.5830,5.8328,86.7373,75.6790,11.0583
PEMAFC-F,1,period_0856,11.200000,-11.7641,6.5999,87.0095,75.6790,11.3305
PEMAFC-F,1,period_0856,11.253333,-12.0717,5.2077,87.3141,75.6790,11.6351
PEMAFC-F,1,period_0856,11.306667,-12.2416,8.1116,87.4553,75.6790,11.7763
PEMAFC-F,1,period_0856,11.360000,-12.5275,6.1541,87.6880,75.6790,12.0090
PEMAFC-F,1,period_0856,11.400000,-12.6855,5.3934,87.8707,75.6790,12.1917
PEMAFC-F,1,period_0856,11.453333,-12.8782,6.5854,88.0331,75.6790,12.3541
PEMAFC-F,1,period_0856,11.506667,-13.0529,5.2370,88.2717,75.6790,12.5927
PEMAFC-F,1,period_0856,11.560000,-13.2570,6.5642,88.5587,75.6790,12.8796
PEMAFC-F,1,period_0856,11.600000,-13.3092,8.0842,88.7172,75.6790,13.0382
PEMAFC-F,1,period_0856,11.653333,-13.4688,5.5598,88.8005,75.6790,13.1215
PEMAFC-F,1,period_0856,11.706667,-13.7466,5.7344,88.9502,75.6790,13.2711
PEMAFC-F,1,period_0856,11.760000,-13.9324,5.1818,89.2596,75.6790,13.5805
PEMAFC-F,1,period_0856,11.800000,-14.1309,5.3339,89.4677,75.6790,13.7886
PEMAFC-F,1,period_0856,11.853333,-14.1294,5.1185,89.6441,75.6790,13.9650
PEMAFC-F,1,period_0856,11.906667,-14.3772,4.8851,89.8058,75.6790,14.1267
PEMAFC-F,1,period_0856,11.960000,-14.5816,5.1249,90.1132,75.6790,14.4342
PEMAFC-F,1,period_0856,12.000000,-14.7698,5.1705,90.1982,75.6790,14.5192
PEMAFC-F,1,period_0856,12.053333,-14.9145,5.4474,90.4131,75.6790,14.7341
PEMAFC-F,1,period_0856,12.106667,-15.0270,6.1212,90.5407,75.6790,14.8617
PEMAFC-F,1,period_0856,12.160000,-15.3179,5.2549,90.7470,75.6790,15.0679
PEMAFC-F,1,period_0856,12.200000,-15.3482,5.1285,90.9541,75.6790,15.2751
PEMAFC-F,1,period_0856,12.253333,-15.4103,6.6812,90.9762,75.6790,15.2972
PEMAFC-F,1,period_0856,12.306667,-15.6191,5.4366,91.2263,75.6790,15.5473
PEMAFC-F,1,period_0856,12.360000,-15.9438,5.2524,91.4547,75.6790,15.7757
PEMAFC-F,1,period_0856,12.400000,-16.0210,4.1428,91.5217,75.6790,15.8427
PEMAFC-F,1,period_0856,12.453333,-15.8530,5.1312,91.5827,75.6790,15.9037
PEMAFC-F,1,period_0856,12.506667,-15.9447,6.4046,91.6894,75.6790,16.0104
PEMAFC-F,1,period_0856,12.560000,-15.9915,5.5132,91.9691,75.6790,16.2900
PEMAFC-F,1,period_0856,12.600000,-16.3119,5.5867,92.2335,75.6790,16.5545
PEMAFC-F,1,period_0856,12.653333,-16.4933,4.4442,92.2943,75.6790,16.6152
PEMAFC-F,1,period_0856,12.706667,-16.3540,4.2951,91.2234,75.6790,15.5444
PEMAFC-F,1,period_0856,12.760000,-16.5314,5.7602,91.7756,75.6790,16.0966
PEMAFC-F,1,period_0856,12.800000,-16.7492,6.2219,93.2412,75.6790,17.5622
PEMAFC-F,1,period_0856,12.853333,-16.5410,4.6309,92.3829,75.6790,16.7038
PEMAFC-F,1,period_0856,12.906667,-16.6711,4.5188,93.5032,75.6790,17.8242
PEMAFC-F,1,period_0856,12.960000,-16.8276,5.7058,93.5753,75.6790,17.8962
PEMAFC-F,1,period_0856,13.000000,-17.0316,4.7437,93.6736,75.6790,17.9945
PEMAFC-F,1,period_0856,13.053333,-17.2088,6.3621,94.2889,75.6790,18.6099
PEMAFC-F,1,period_0856,13.106667,-17.5557,5.8069,94.6509,75.6790,18.9718
PEMAFC-F,1,period_0856,13.160000,-17.3983,4.0631,93.4549,75.6790,17.7759
PEMAFC-F,1,period_0856,13.200000,-17.6704,4.6902,94.9799,75.6790,19.3009
PEMAFC-F,1,period_0856,13.253333,-17.6528,5.8843,93.9705,75.6790,18.2915
PEMAFC-F,1,period_0856,13.306667,-17.7139,5.5674,95.3493,75.6790,19.6703
PEMAFC-F,1,period_0856,13.360000,-17.8976,5.8415,95.6352,75.6790,19.9562
PEMAFC-F,1,period_0856,13.400000,-18.0765,3.8774,95.7482,75.6790,20.0691
PEMAFC-F,1,period_0856,13.453333,-18.1026,5.4678,95.9958,75.6790,20.3168
PEMAFC-F,1,period_0856,13.506667,-18.1661,4.8720,96.5193,75.6790,20.8403
PEMAFC-F,1,period_0856,13.560000,-18.3822,5.4209,96.6893,75.6790,21.0102
PEMAFC-F,1,period_0856,13.600000,-18.2759,3.9862,96.7510,75.6790,21.0720
PEMAFC-F,1,period_0856,13.653333,-18.1921,4.8535,95.9241,75.6790,20.2450
PEMAFC-F,1,period_0856,13.706667,-18.2630,4.8036,94.0231,75.6790,18.3441
PEMAFC-F,1,period_0856,13.760000,-18.2995,5.2339,93.3438,75.6790,17.6648
PEMAFC-F,1,period_0856,13.800000,-18.5244,5.2946,93.8914,75.6790,18.2124
PEMAFC-F,1,period_0856,13.853333,-18.7967,5.8374,97.7414,75.6790,22.0624
PEMAFC-F,1,period_0856,13.906667,-18.6687,4.6440,96.7715,75.6790,21.0924
PEMAFC-F,1,period_0856,13.960000,-18.6621,6.0058,95.7255,75.6790,20.0465
PEMAFC-F,1,period_0856,14.000000,-18.8785,6.1574,97.9187,75.6790,22.2397
PEMAFC-F,1,period_0856,14.053333,-18.7394,6.2999,98.0944,75.6790,22.4153
PEMAFC-F,1,period_0856,14.106667,-18.5655,5.6444,96.8081,75.6790,21.1290
PEMAFC-F,1,period_0856,14.160000,-18.7383,5.4064,98.4057,75.6790,22.7267
PEMAFC-F,1,period_0856,14.200000,-18.7081,5.0008,95.6070,75.6790,19.9280
PEMAFC-F,1,period_0856,14.253333,-18.7897,5.8001,98.7439,75.6790,23.0649
PEMAFC-F,1,period_0856,14.306667,-18.8074,5.6787,99.0735,75.6790,23.3945
PEMAFC-F,1,period_0856,14.360000,-19.0042,5.8825,99.2554,75.6790,23.5764
PEMAFC-F,1,period_0856,14.400000,-19.0429,5.7465,98.9010,75.6790,23.2220
PEMAFC-F,1,period_0856,14.453333,-19.1301,6.2756,99.7856,75.6790,24.1066
PEMAFC-F,1,period_0856,14.506667,-19.2953,4.6584,100.1325,75.6790,24.4535
PEMAFC-F,1,period_0856,14.560000,-19.3151,5.7049,100.1573,75.6790,24.4783
PEMAFC-F,1,period_0856,14.600000,-19.0303,7.1173,100.1647,75.6790,24.4857
PEMAFC-F,1,period_0856,14.653333,-18.9184,5.4313,100.1829,75.6790,24.5039
PEMAFC-F,1,period_0856,14.706667,-18.6831,7.3496,94.3073,75.6790,18.6282
PEMAFC-F,1,period_0856,14.760000,-19.0670,5.2130,96.2944,75.6790,20.6154
PEMAFC-F,1,period_0856,14.800000,-19.2220,5.1590,98.6080,75.6790,22.9289
PEMAFC-F,1,period_0856,14.853333,-19.2391,8.0847,98.3902,75.6790,22.7112
PEMAFC-F,1,period_0856,14.906667,-19.5153,3.4828,100.2161,75.6790,24.5370
PEMAFC-F,1,period_0856,14.960000,-19.3606,6.2201,100.2547,75.6790,24.5757
PEMAFC-F,1,period_0856,15.000000,-19.4637,5.9542,100.2405,75.6790,24.5615
PEMAFC-F,1,period_0856,15.053333,-19.3636,4.4443,100.2199,75.6790,24.5409
PEMAFC-F,1,period_0856,15.106667,-19.2316,5.7498,97.1915,75.6790,21.5125
PEMAFC-F,1,period_0856,15.160000,-19.0530,4.0831,95.8102,75.6790,20.1312
PEMAFC-F,1,period_0856,15.200000,-19.1703,8.2112,96.2056,75.6790,20.5266
PEMAFC-F,1,period_0856,15.253333,-18.8235,3.9922,91.8107,75.6790,16.1317
PEMAFC-F,1,period_0856,15.306667,-18.7331,6.5031,91.4195,75.6790,15.7405
PEMAFC-F,1,period_0856,15.360000,-19.2383,5.0628,94.3721,75.6790,18.6931
PEMAFC-F,1,period_0856,15.400000,-19.0514,5.5469,94.5029,75.6790,18.8239
PEMAFC-F,1,period_0856,15.453333,-19.1491,4.9246,93.0820,75.6790,17.4030
PEMAFC-F,1,period_0856,15.506667,-19.0687,5.4217,94.0551,75.6790,18.3761
PEMAFC-F,1,period_0856,15.560000,-19.3006,5.7261,94.9508,75.6790,19.2718
PEMAFC-F,1,period_0856,15.600000,-19.4044,5.9210,97.0505,75.6790,21.3715
PEMAFC-F,1,period_0856,15.653333,-19.2622,6.6129,95.8613,75.6790,20.1823
PEMAFC-F,1,period_0856,15.706667,-19.5996,5.9283,97.7981,75.6790,22.1191
PEMAFC-F,1,period_0856,15.760000,-19.3835,5.9330,96.1356,75.6790,20.4566
PEMAFC-F,1,period_0856,15.800000,-19.7879,4.1744,98.4606,75.6790,22.7816
PEMAFC-F,1,period_0856,15.853333,-19.5847,5.5378,100.2067,75.6790,24.5277
PEMAFC-F,1,period_0856,15.906667,-19.8669,6.5773,99.0090,75.6790,23.3300
PEMAFC-F,1,period_0856,15.960000,-19.2901,5.6510,92.6921,75.6790,17.0131
PEMAFC-F,1,period_0856,16.000000,-19.6785,4.8624,97.2474,75.6790,21.5684
PEMAFC-F,1,period_0856,16.053333,-19.4157,6.4682,98.3010,75.6790,22.6220
PEMAFC-F,1,period_0856,16.106667,-19.6505,4.7586,100.1343,75.6790,24.4553
PEMAFC-F,1,period_0856,16.160000,-19.7145,6.3854,100.1701,75.6790,24.4911
PEMAFC-F,1,period_0856,16.200000,-19.5643,6.3429,98.2402,75.6790,22.5612
PEMAFC-F,1,period_0856,16.253333,-19.2405,6.0345,96.4602,75.6790,20.7812
PEMAFC-F,1,period_0856,16.306667,-19.4337,5.2658,96.6935,75.6790,21.0144
PEMAFC-F,1,period_0856,16.360000,-19.7048,5.7372,99.4025,75.6790,23.7235
PEMAFC-F,1,period_0856,16.400000,-19.5466,5.7134,99.6543,75.6790,23.9753
PEMAFC-F,1,period_0856,16.453333,-19.1072,4.8663,93.5701,75.6790,17.8910
PEMAFC-F,1,period_0856,16.506667,-18.7061,4.0172,92.6062,75.6790,16.9272
PEMAFC-F,1,period_0856,16.560000,-19.0781,6.3145,92.3989,75.6790,16.7199
PEMAFC-F,1,period_0856,16.600000,-19.1191,6.2653,92.0505,75.6790,16.3715
PEMAFC-F,1,period_0856,16.653333,-18.9921,5.7254,91.7661,75.6790,16.0871
PEMAFC-F,1,period_0856,16.706667,-19.1699,4.8981,92.8265,75.6790,17.1475
PEMAFC-F,1,period_0856,16.760000,-19.5192,5.5540,98.5945,75.6790,22.9155
PEMAFC-F,1,period_0856,16.800000,-19.5574,4.2223,97.9752,75.6790,22.2961
PEMAFC-F,1,period_0856,16.853333,-19.5782,6.1863,100.2547,75.6790,24.5757
PEMAFC-F,1,period_0856,16.906667,-19.5053,6.5092,100.1546,75.6790,24.4755
PEMAFC-F,1,period_0856,16.960000,-19.4449,4.9555,98.2016,75.6790,22.5226
PEMAFC-F,1,period_0856,17.000000,-19.5164,6.2686,97.4766,75.6790,21.7975
PEMAFC-F,1,period_0856,17.053333,-19.5533,5.7638,96.3941,75.6790,20.7151
PEMAFC-F,1,period_0856,17.106667,-19.1053,6.0284,95.8071,75.6790,20.1281
PEMAFC-F,1,period_0856,17.160000,-19.1996,4.4663,95.7102,75.6790,20.0312
PEMAFC-F,1,period_0856,17.200000,-19.2758,5.5185,95.4530,75.6790,19.7740
PEMAFC-F,1,period_0856,17.253333,-19.1548,6.1133,94.4376,75.6790,18.7586
PEMAFC-F,1,period_0856,17.306667,-19.5959,6.6047,96.4365,75.6790,20.7575
PEMAFC-F,1,period_0856,17.360000,-19.6188,5.3536,95.0815,75.6790,19.4025
PEMAFC-F,1,period_0856,17.400000,-19.6972,5.3702,97.6494,75.6790,21.9704
PEMAFC-F,1,period_0856,17.453333,-19.8480,5.7050,100.2471,75.6790,24.5681
PEMAFC-F,1,period_0856,17.506667,-19.8363,4.8435,100.2290,75.6790,24.5500
PEMAFC-F,1,period_0856,17.560000,-19.7670,5.6300,100.2498,75.6790,24.5708
PEMAFC-F,1,period_0856,17.600000,-19.7689,5.4000,100.2438,75.6790,24.5648
PEMAFC-F,1,period_0856,17.653333,-19.8094,5.7299,99.3583,75.6790,23.6792
PEMAFC-F,1,period_0856,17.706667,-19.8920,6.4897,98.7331,75.6790,23.0541
PEMAFC-F,1,period_0856,17.760000,-20.1159,5.7671,100.1469,75.6790,24.4679
PEMAFC-F,1,period_0856,17.800000,-20.0024,4.6614,96.5108,75.6790,20.8318
PEMAFC-F,1,period_0856,17.853333,-19.9107,4.2632,100.1187,75.6790,24.4396
PEMAFC-F,1,period_0856,17.906667,-19.8617,4.9526,97.0507,75.6790,21.3716
PEMAFC-F,1,period_0856,17.960000,-19.8417,6.2380,96.7898,75.6790,21.1108
PEMAFC-F,1,period_0856,18.000000,-19.8213,4.4365,99.1665,75.6790,23.4874
PEMAFC-F,1,period_0856,18.053333,-19.6285,6.0823,97.7958,75.6790,22.1168
PEMAFC-F,1,period_0856,18.106667,-19.6683,5.2153,95.8723,75.6790,20.1933
PEMAFC-F,1,period_0856,18.160000,-19.4939,4.1228,95.7115,75.6790,20.0324
PEMAFC-F,1,period_0856,18.200000,-19.7961,5.2280,95.5964,75.6790,19.9174
PEMAFC-F,1,period_0856,18.253333,-19.5480,5.4846,95.4447,75.6790,19.7656
PEMAFC-F,1,period_0856,18.306667,-18.9900,5.8844,91.4235,75.6790,15.7445
PEMAFC-F,1,period_0856,18.360000,-19.6692,4.8349,96.7662,75.6790,21.0871
PEMAFC-F,1,period_0856,18.400000,-19.5432,5.2968,100.2133,75.6790,24.5343
PEMAFC-F,1,period_0856,18.453333,-19.6807,6.1002,98.4237,75.6790,22.7447
PEMAFC-F,1,period_0856,18.506667,-19.5233,5.3181,94.8277,75.6790,19.1487
PEMAFC-F,1,period_0856,18.560000,-19.3964,5.9627,94.3935,75.6790,18.7145
PEMAFC-F,1,period_0856,18.600000,-18.9003,6.9806,94.1153,75.6790,18.4363
PEMAFC-F,1,period_0856,18.653333,-19.1852,3.6863,95.1170,75.6790,19.4379
PEMAFC-F,1,period_0856,18.706667,-19.4208,5.4997,95.6384,75.6790,19.9593
PEMAFC-F,1,period_0856,18.760000,-19.8206,4.2056,98.4116,75.6790,22.7325
PEMAFC-F,1,period_0856,18.800000,-20.1287,6.4602,100.1659,75.6790,24.4868
PEMAFC-F,1,period_0856,18.853333,-19.6027,6.0902,94.9739,75.6790,19.2948
PEMAFC-F,1,period_0856,18.906667,-19.7252,4.5578,99.1673,75.6790,23.4883
PEMAFC-F,1,period_0856,18.960000,-19.1560,5.2231,93.8134,75.6790,18.1344
PEMAFC-F,1,period_0856,19.000000,-19.3907,6.3080,96.3493,75.6790,20.6703
PEMAFC-F,1,period_0856,19.053333,-19.3498,4.8503,95.7123,75.6790,20.0333
PEMAFC-F,1,period_0856,19.106667,-19.2566,6.1912,94.7208,75.6790,19.0418
PEMAFC-F,1,period_0856,19.160000,-19.6819,5.0614,99.3701,75.6790,23.6910
PEMAFC-F,1,period_0856,19.200000,-19.6296,7.6239,100.2005,75.6790,24.5214
PEMAFC-F,1,period_0856,19.253333,-19.4850,5.3949,100.1799,75.6790,24.5009
PEMAFC-F,1,period_0856,19.306667,-19.7255,5.0117,100.1552,75.6790,24.4761
PEMAFC-F,1,period_0856,19.360000,-19.7698,6.9884,97.5808,75.6790,21.9017
PEMAFC-F,1,period_0856,19.400000,-19.5915,4.9102,96.6510,75.6790,20.9719
PEMAFC-F,1,period_0856,19.453333,-19.4575,5.9461,96.9721,75.6790,21.2931
PEMAFC-F,1,period_0856,19.506667,-19.6101,4.9744,100.2496,75.6790,24.5705
PEMAFC-F,1,period_0856,19.560000,-19.7980,3.6358,99.7939,75.6790,24.1149
PEMAFC-F,1,period_0856,19.600000,-19.7725,7.1070,98.5750,75.6790,22.8960
PEMAFC-F,1,period_0856,19.653333,-19.6851,4.6159,100.3356,75.6790,24.6566
PEMAFC-F,1,period_0856,19.706667,-19.5849,5.9648,96.3942,75.6790,20.7151
PEMAFC-F,1,period_0856,19.760000,-19.5517,4.9512,100.2063,75.6790,24.5272
PEMAFC-F,1,period_0856,19.800000,-19.6193,6.4947,100.2883,75.6790,24.6093
PEMAFC-F,1,period_0856,19.853333,-19.7965,5.2336,100.2232,75.6790,24.5442
PEMAFC-F,1,period_0856,19.906667,-19.6370,6.7438,99.4002,75.6790,23.7212
PEMAFC-F,1,period_0856,19.960000,-19.6278,5.4385,100.3237,75.6790,24.6447
PEMAFC-F,1,period_0856,20.000000,-19.6519,7.4169,100.3478,75.6790,24.6688
PEMAFC-F,2,period_0916,20.013333,-3.3023,-7.0524,76.9068,76.8005,0.1063
PEMAFC-F,2,period_0916,20.053333,-4.0889,-2.5960,78.3467,76.8005,1.5462
PEMAFC-F,2,period_0916,20.106667,-4.9081,-0.4025,79.2813,76.8005,2.4808
PEMAFC-F,2,period_0916,20.160000,-5.6867,0.8017,79.9126,76.8005,3.1121
PEMAFC-F,2,period_0916,20.200000,-6.2392,0.8447,81.7615,76.8005,4.9610
PEMAFC-F,2,period_0916,20.253333,-7.0148,1.8282,83.9536,76.8005,7.1531
PEMAFC-F,2,period_0916,20.306667,-7.6394,1.7989,84.8599,76.8005,8.0594
PEMAFC-F,2,period_0916,20.360000,-8.2339,2.6950,85.3403,76.8005,8.5398
PEMAFC-F,2,period_0916,20.400000,-8.7115,2.2830,85.9818,76.8005,9.1813
PEMAFC-F,2,period_0916,20.453333,-9.3064,2.5259,86.5603,76.8005,9.7598
PEMAFC-F,2,period_0916,20.506667,-9.8528,2.3890,86.8966,76.8005,10.0961
PEMAFC-F,2,period_0916,20.560000,-10.4258,2.8712,87.6145,76.8005,10.8140
PEMAFC-F,2,period_0916,20.600000,-10.7987,2.4061,87.7892,76.8005,10.9887
PEMAFC-F,2,period_0916,20.653333,-11.3067,3.2042,87.8622,76.8005,11.0617
PEMAFC-F,2,period_0916,20.706667,-11.6949,2.7477,88.1589,76.8005,11.3584
PEMAFC-F,2,period_0916,20.760000,-12.1270,3.2818,88.3089,76.8005,11.5084
PEMAFC-F,2,period_0916,20.800000,-12.4787,2.6435,88.5001,76.8005,11.6996
PEMAFC-F,2,period_0916,20.853333,-12.8139,3.0564,88.6219,76.8005,11.8214
PEMAFC-F,2,period_0916,20.906667,-13.3081,2.7464,88.8833,76.8005,12.0828
PEMAFC-F,2,period_0916,20.960000,-13.4378,3.0433,89.0312,76.8005,12.2307
PEMAFC-F,2,period_0916,21.000000,-13.8426,3.7299,89.3329,76.8005,12.5324
PEMAFC-F,2,period_0916,21.053333,-14.1240,2.7066,89.6332,76.8005,12.8327
PEMAFC-F,2,period_0916,21.106667,-14.5832,2.9617,89.7735,76.8005,12.9730
PEMAFC-F,2,period_0916,21.160000,-14.9338,4.3516,89.9574,76.8005,13.1569
PEMAFC-F,2,period_0916,21.200000,-15.0968,3.7217,90.3769,76.8005,13.5764
PEMAFC-F,2,period_0916,21.253333,-15.3466,4.1189,90.6491,76.8005,13.8486
PEMAFC-F,2,period_0916,21.306667,-15.4713,4.2730,90.0414,76.8005,13.2409
PEMAFC-F,2,period_0916,21.360000,-15.7394,2.6693,88.6248,76.8005,11.8243
PEMAFC-F,2,period_0916,21.400000,-16.3896,3.0243,91.2126,76.8005,14.4121
PEMAFC-F,2,period_0916,21.453333,-16.6059,2.6330,91.2790,76.8005,14.4786
PEMAFC-F,2,period_0916,21.506667,-16.5726,2.2348,91.5926,76.8005,14.7921
PEMAFC-F,2,period_0916,21.560000,-16.7498,2.9024,91.7750,76.8005,14.9745
PEMAFC-F,2,period_0916,21.600000,-17.0078,3.0955,91.8706,76.8005,15.0701
PEMAFC-F,2,period_0916,21.653333,-17.2590,3.5111,92.0187,76.8005,15.2182
PEMAFC-F,2,period_0916,21.706667,-17.2492,2.2455,92.2221,76.8005,15.4216
PEMAFC-F,2,period_0916,21.760000,-17.6102,2.7722,92.4311,76.8005,15.6306
PEMAFC-F,2,period_0916,21.800000,-17.7272,2.4242,92.6352,76.8005,15.8347
PEMAFC-F,2,period_0916,21.853333,-17.8494,3.2317,92.8158,76.8005,16.0153
PEMAFC-F,2,period_0916,21.906667,-17.2875,2.2170,92.4711,76.8005,15.6706
PEMAFC-F,2,period_0916,21.960000,-17.5114,2.2832,91.8963,76.8005,15.0958
PEMAFC-F,2,period_0916,22.000000,-18.0859,3.5603,93.1952,76.8005,16.3948
PEMAFC-F,2,period_0916,22.053333,-18.1679,2.0714,93.4386,76.8005,16.6381
PEMAFC-F,2,period_0916,22.106667,-18.7591,3.7667,93.5581,76.8005,16.7576
PEMAFC-F,2,period_0916,22.160000,-18.6974,2.2743,93.7429,76.8005,16.9424
PEMAFC-F,2,period_0916,22.200000,-18.6061,3.6387,91.6922,76.8005,14.8917
PEMAFC-F,2,period_0916,22.253333,-18.5019,2.7867,93.5294,76.8005,16.7289
PEMAFC-F,2,period_0916,22.306667,-18.6329,2.6582,92.7711,76.8005,15.9706
PEMAFC-F,2,period_0916,22.360000,-18.4082,2.3030,90.6404,76.8005,13.8399
PEMAFC-F,2,period_0916,22.400000,-18.7721,3.3744,92.1679,76.8005,15.3674
PEMAFC-F,2,period_0916,22.453333,-19.0794,3.3993,94.6201,76.8005,17.8196
PEMAFC-F,2,period_0916,22.506667,-19.3999,3.3096,94.7428,76.8005,17.9423
PEMAFC-F,2,period_0916,22.560000,-19.1300,2.8483,94.8553,76.8005,18.0548
PEMAFC-F,2,period_0916,22.600000,-19.3216,2.6501,95.1270,76.8005,18.3265
PEMAFC-F,2,period_0916,22.653333,-19.3997,3.3480,95.4067,76.8005,18.6062
PEMAFC-F,2,period_0916,22.706667,-19.6974,3.2121,95.4924,76.8005,18.6919
PEMAFC-F,2,period_0916,22.760000,-19.9547,3.0247,95.6558,76.8005,18.8553
PEMAFC-F,2,period_0916,22.800000,-19.7754,4.3371,95.7262,76.8005,18.9257
PEMAFC-F,2,period_0916,22.853333,-20.0824,3.6644,95.9599,76.8005,19.1594
PEMAFC-F,2,period_0916,22.906667,-20.0131,3.4997,96.0898,76.8005,19.2893
PEMAFC-F,2,period_0916,22.960000,-20.0077,2.7069,96.3818,76.8005,19.5813
PEMAFC-F,2,period_0916,23.000000,-20.2154,3.9036,96.4288,76.8005,19.6283
PEMAFC-F,2,period_0916,23.053333,-20.1232,3.3821,96.5551,76.8005,19.7546
PEMAFC-F,2,period_0916,23.106667,-20.1120,2.5843,96.6633,76.8005,19.8628
PEMAFC-F,2,period_0916,23.160000,-19.9091,4.5266,96.8120,76.8005,20.0115
PEMAFC-F,2,period_0916,23.200000,-20.0757,2.5295,96.9152,76.8005,20.1147
PEMAFC-F,2,period_0916,23.253333,-20.2298,3.1377,97.3502,76.8005,20.5497
PEMAFC-F,2,period_0916,23.306667,-20.2241,4.3597,97.6211,76.8005,20.8206
PEMAFC-F,2,period_0916,23.360000,-20.2999,3.8646,97.7725,76.8005,20.9720
PEMAFC-F,2,period_0916,23.400000,-19.2779,4.0434,97.7713,76.8005,20.9708
PEMAFC-F,2,period_0916,23.453333,-19.2448,3.4347,98.0805,76.8005,21.2801
PEMAFC-F,2,period_0916,23.506667,-20.0699,2.4872,98.2293,76.8005,21.4288
PEMAFC-F,2,period_0916,23.560000,-19.9196,2.8178,98.0727,76.8005,21.2722
PEMAFC-F,2,period_0916,23.600000,-20.2381,4.0203,98.3657,76.8005,21.5652
PEMAFC-F,2,period_0916,23.653333,-20.3362,3.1525,97.4909,76.8005,20.6904
PEMAFC-F,2,period_0916,23.706667,-19.8023,3.9466,93.9422,76.8005,17.1417
PEMAFC-F,2,period_0916,23.760000,-19.1646,2.6470,90.5246,76.8005,13.7241
PEMAFC-F,2,period_0916,23.800000,-19.5236,2.2787,90.3535,76.8005,13.5530
PEMAFC-F,2,period_0916,23.853333,-19.5512,4.0499,91.9148,76.8005,15.1143
PEMAFC-F,2,period_0916,23.906667,-20.2616,3.0681,95.1669,76.8005,18.3664
PEMAFC-F,2,period_0916,23.960000,-20.4546,2.7010,97.3453,76.8005,20.5448
PEMAFC-F,2,period_0916,24.000000,-20.4331,2.6719,97.6428,76.8005,20.8423
PEMAFC-F,2,period_0916,24.053333,-20.4906,3.9858,96.9406,76.8005,20.1401
PEMAFC-F,2,period_0916,24.106667,-20.5637,3.8552,99.6941,76.8005,22.8936
PEMAFC-F,2,period_0916,24.160000,-20.9788,3.3907,99.6710,76.8005,22.8705
PEMAFC-F,2,period_0916,24.200000,-20.9715,2.9236,99.7495,76.8005,22.9490
PEMAFC-F,2,period_0916,24.253333,-20.8564,2.6366,99.7577,76.8005,22.9572
PEMAFC-F,2,period_0916,24.306667,-20.7433,2.5628,99.9163,76.8005,23.1158
PEMAFC-F,2,period_0916,24.360000,-20.7246,3.7705,100.1347,76.8005,23.3342
PEMAFC-F,2,period_0916,24.400000,-20.4750,2.8073,100.1630,76.8005,23.3625
PEMAFC-F,2,period_0916,24.453333,-20.5367,2.4427,100.1741,76.8005,23.3736
PEMAFC-F,2,period_0916,24.506667,-20.5918,3.3890,99.5108,76.8005,22.7104
PEMAFC-F,2,period_0916,24.560000,-20.2793,2.1277,93.3307,76.8005,16.5302
PEMAFC-F,2,period_0916,24.600000,-19.8148,2.3193,89.9560,76.8005,13.1555
PEMAFC-F,2,period_0916,24.653333,-19.8633,2.5474,91.7943,76.8005,14.9938
PEMAFC-F,2,period_0916,24.706667,-20.4762,3.1852,95.8650,76.8005,19.0645
PEMAFC-F,2,period_0916,24.760000,-20.1026,3.9622,95.2388,76.8005,18.4383
PEMAFC-F,2,period_0916,24.800000,-19.8426,2.6907,93.1712,76.8005,16.3707
PEMAFC-F,2,period_0916,24.853333,-20.1288,3.8493,93.8078,76.8005,17.0073
PEMAFC-F,2,period_0916,24.906667,-20.4945,2.4775,94.0882,76.8005,17.2877
PEMAFC-F,2,period_0916,24.960000,-20.4662,2.6022,93.5587,76.8005,16.7582
PEMAFC-F,2,period_0916,25.000000,-20.8190,3.3601,98.3294,76.8005,21.5289
PEMAFC-F,2,period_0916,25.053333,-21.0079,2.9695,99.9349,76.8005,23.1344
PEMAFC-F,2,period_0916,25.106667,-20.5101,3.1139,98.2507,76.8005,21.4502
PEMAFC-F,2,period_0916,25.160000,-20.6441,3.4680,97.4204,76.8005,20.6199
PEMAFC-F,2,period_0916,25.200000,-20.5166,3.1531,94.6294,76.8005,17.8289
PEMAFC-F,2,period_0916,25.253333,-20.5714,3.2037,98.0597,76.8005,21.2592
PEMAFC-F,2,period_0916,25.306667,-20.5358,3.7156,95.3070,76.8005,18.5065
PEMAFC-F,2,period_0916,25.360000,-20.5758,2.9406,97.7759,76.8005,20.9754
PEMAFC-F,2,period_0916,25.400000,-20.4702,3.4561,97.6701,76.8005,20.8696
PEMAFC-F,2,period_0916,25.453333,-20.5124,3.8296,99.8529,76.8005,23.0524
PEMAFC-F,2,period_0916,25.506667,-20.7087,2.0215,98.9366,76.8005,22.1361
PEMAFC-F,2,period_0916,25.560000,-20.7490,3.4069,99.8203,76.8005,23.0198
PEMAFC-F,2,period_0916,25.600000,-20.6561,2.6606,99.6856,76.8005,22.8851
PEMAFC-F,2,period_0916,25.653333,-20.5295,3.4941,99.8132,76.8005,23.0127
PEMAFC-F,2,period_0916,25.706667,-20.4866,3.2730,99.7887,76.8005,22.9882
PEMAFC-F,2,period_0916,25.760000,-20.2041,2.4823,98.9409,76.8005,22.1404
PEMAFC-F,2,period_0916,25.800000,-20.1917,3.4212,99.7457,76.8005,22.9452
PEMAFC-F,2,period_0916,25.853333,-20.5257,2.6741,99.6998,76.8005,22.8993
PEMAFC-F,2,period_0916,25.906667,-20.3514,3.9020,97.1963,76.8005,20.3958
PEMAFC-F,2,period_0916,25.960000,-20.0139,2.8202,97.8555,76.8005,21.0550
PEMAFC-F,2,period_0916,26.000000,-20.2584,2.6080,98.7904,76.8005,21.9899
PEMAFC-F,2,period_0916,26.053333,-20.3578,3.1896,99.6310,76.8005,22.8305
PEMAFC-F,2,period_0916,26.106667,-20.5954,2.5182,99.6038,76.8005,22.8033
PEMAFC-F,2,period_0916,26.160000,-20.4868,2.6591,99.6312,76.8005,22.8307
PEMAFC-F,2,period_0916,26.200000,-20.5346,3.5227,99.6487,76.8005,22.8482
PEMAFC-F,2,period_0916,26.253333,-20.3815,3.3867,99.6515,76.8005,22.8510
PEMAFC-F,2,period_0916,26.306667,-20.8323,3.3066,99.6190,76.8005,22.8185
PEMAFC-F,2,period_0916,26.360000,-20.6657,2.9806,99.6006,76.8005,22.8001
PEMAFC-F,2,period_0916,26.400000,-19.9225,4.1077,95.1164,76.8005,18.3159
PEMAFC-F,2,period_0916,26.453333,-20.2906,3.0020,95.4721,76.8005,18.6716
PEMAFC-F,2,period_0916,26.506667,-20.1829,2.8090,95.2867,76.8005,18.4862
PEMAFC-F,2,period_0916,26.560000,-20.5572,2.8953,99.5417,76.8005,22.7412
PEMAFC-F,2,period_0916,26.600000,-20.7490,3.6857,99.5166,76.8005,22.7161
PEMAFC-F,2,period_0916,26.653333,-20.6754,3.3495,99.5091,76.8005,22.7087
PEMAFC-F,2,period_0916,26.706667,-20.2617,2.8728,99.4821,76.8005,22.6816
PEMAFC-F,2,period_0916,26.760000,-20.1157,2.9457,97.3403,76.8005,20.5399
PEMAFC-F,2,period_0916,26.800000,-20.1606,4.1252,99.5016,76.8005,22.7011
PEMAFC-F,2,period_0916,26.853333,-20.1882,2.6291,97.7108,76.8005,20.9103
PEMAFC-F,2,period_0916,26.906667,-20.2766,3.3623,98.0534,76.8005,21.2529
PEMAFC-F,2,period_0916,26.960000,-20.0394,2.1945,97.3714,76.8005,20.5709
PEMAFC-F,2,period_0916,27.000000,-20.2456,4.4683,96.9539,76.8005,20.1534
PEMAFC-F,2,period_0916,27.053333,-20.3563,2.7134,95.7027,76.8005,18.9022
PEMAFC-F,2,period_0916,27.106667,-20.1072,3.9596,94.3299,76.8005,17.5294
PEMAFC-F,2,period_0916,27.160000,-19.6069,4.2508,91.4219,76.8005,14.6214
PEMAFC-F,2,period_0916,27.200000,-19.7057,2.2989,91.9742,76.8005,15.1737
PEMAFC-F,2,period_0916,27.253333,-19.9656,3.0561,92.7823,76.8005,15.9818
PEMAFC-F,2,period_0916,27.306667,-20.3276,2.5486,99.3641,76.8005,22.5636
PEMAFC-F,2,period_0916,27.360000,-20.3900,3.0930,99.3815,76.8005,22.5810
PEMAFC-F,2,period_0916,27.400000,-20.0649,3.5787,99.3812,76.8005,22.5807
PEMAFC-F,2,period_0916,27.453333,-19.8205,2.9214,99.3315,76.8005,22.5310
PEMAFC-F,2,period_0916,27.506667,-20.0781,2.9025,99.3266,76.8005,22.5262
PEMAFC-F,2,period_0916,27.560000,-19.9938,4.1008,94.8753,76.8005,18.0748
PEMAFC-F,2,period_0916,27.600000,-20.0373,3.1894,94.3788,76.8005,17.5783
PEMAFC-F,2,period_0916,27.653333,-20.3515,4.1799,97.3106,76.8005,20.5101
PEMAFC-F,2,period_0916,27.706667,-20.0561,2.9361,93.9778,76.8005,17.1773
PEMAFC-F,2,period_0916,27.760000,-19.9196,2.6747,94.3714,76.8005,17.5709
PEMAFC-F,2,period_0916,27.800000,-19.8330,3.4320,93.1072,76.8005,16.3067
PEMAFC-F,2,period_0916,27.853333,-19.9472,2.7086,92.3207,76.8005,15.5202
PEMAFC-F,2,period_0916,27.906667,-19.9048,2.8754,91.6216,76.8005,14.8211
PEMAFC-F,2,period_0916,27.960000,-19.5144,3.6958,91.3769,76.8005,14.5764
PEMAFC-F,2,period_0916,28.000000,-19.1912,4.0306,92.3032,76.8005,15.5027
PEMAFC-F,2,period_0916,28.053333,-19.2927,3.4132,93.5088,76.8005,16.7083
PEMAFC-F,2,period_0916,28.106667,-19.7759,3.5811,95.2103,76.8005,18.4098
PEMAFC-F,2,period_0916,28.160000,-19.7673,3.2161,94.7625,76.8005,17.9620
PEMAFC-F,2,period_0916,28.200000,-19.9042,3.7620,97.6287,76.8005,20.8282
PEMAFC-F,2,period_0916,28.253333,-19.9217,3.4957,95.9754,76.8005,19.1749
PEMAFC-F,2,period_0916,28.306667,-20.1450,2.4825,97.5178,76.8005,20.7173
PEMAFC-F,2,period_0916,28.360000,-20.2244,3.0782,99.1206,76.8005,22.3201
PEMAFC-F,2,period_0916,28.400000,-20.3255,3.4025,99.1140,76.8005,22.3135
PEMAFC-F,2,period_0916,28.453333,-20.1020,4.2214,99.1101,76.8005,22.3096
PEMAFC-F,2,period_0916,28.506667,-19.8064,4.3611,99.1437,76.8005,22.3432
PEMAFC-F,2,period_0916,28.560000,-20.1190,3.0752,99.1255,76.8005,22.3250
PEMAFC-F,2,period_0916,28.600000,-19.9868,2.9758,95.0447,76.8005,18.2442
PEMAFC-F,2,period_0916,28.653333,-19.1299,4.3072,94.7812,76.8005,17.9807
PEMAFC-F,2,period_0916,28.706667,-18.5285,2.3585,89.0474,76.8005,12.2469
PEMAFC-F,2,period_0916,28.760000,-19.2321,3.5572,92.2775,76.8005,15.4770
PEMAFC-F,2,period_0916,28.800000,-19.4104,1.4822,92.4358,76.8005,15.6353
PEMAFC-F,2,period_0916,28.853333,-19.4254,4.5934,93.0839,76.8005,16.2834
PEMAFC-F,2,period_0916,28.906667,-19.9072,1.9741,96.9346,76.8005,20.1341
PEMAFC-F,2,period_0916,28.960000,-19.5027,2.9555,91.1618,76.8005,14.3613
PEMAFC-F,2,period_0916,29.000000,-19.8741,5.4970,93.0075,76.8005,16.2070
PEMAFC-F,2,period_0916,29.053333,-19.8049,2.8920,92.0744,76.8005,15.2739
PEMAFC-F,2,period_0916,29.106667,-19.6927,2.6935,93.7562,76.8005,16.9557
PEMAFC-F,2,period_0916,29.160000,-19.9081,2.2143,99.0190,76.8005,22.2185
PEMAFC-F,2,period_0916,29.200000,-19.7880,4.5927,97.6172,76.8005,20.8167
PEMAFC-F,2,period_0916,29.253333,-19.9345,2.7607,96.2985,76.8005,19.4980
PEMAFC-F,2,period_0916,29.306667,-18.6415,2.5766,88.5656,76.8005,11.7651
PEMAFC-F,2,period_0916,29.360000,-19.0148,3.5440,88.6764,76.8005,11.8759
PEMAFC-F,2,period_0916,29.400000,-19.2474,3.5450,89.7966,76.8005,12.9961
PEMAFC-F,2,period_0916,29.453333,-19.2154,2.6090,89.5498,76.8005,12.7493
PEMAFC-F,2,period_0916,29.506667,-19.5385,3.5433,92.6172,76.8005,15.8168
PEMAFC-F,2,period_0916,29.560000,-19.6718,2.9063,93.7996,76.8005,16.9991
PEMAFC-F,2,period_0916,29.600000,-19.6721,2.6745,92.7407,76.8005,15.9402
PEMAFC-F,2,period_0916,29.653333,-19.7383,3.4253,93.8468,76.8005,17.0464
PEMAFC-F,2,period_0916,29.706667,-19.4612,4.1220,91.5398,76.8005,14.7393
PEMAFC-F,2,period_0916,29.760000,-19.7572,2.8425,93.1971,76.8005,16.3966
PEMAFC-F,2,period_0916,29.800000,-19.7725,3.0132,93.9079,76.8005,17.1074
PEMAFC-F,2,period_0916,29.853333,-19.7375,3.7302,94.0962,76.8005,17.2957
PEMAFC-F,2,period_0916,29.906667,-19.7091,3.6605,94.3131,76.8005,17.5126
PEMAFC-F,2,period_0916,29.960000,-19.8651,2.9941,94.4463,76.8005,17.6458
PEMAFC-F,2,period_0916,30.000000,-19.9709,3.3047,96.8370,76.8005,20.0365
PEMAFC-F,3,period_0943,30.013333,-3.9909,-0.4787,70.2140,67.9790,2.2350
PEMAFC-F,3,period_0943,30.053333,-4.3555,3.2619,70.3755,67.9790,2.3964
PEMAFC-F,3,period_0943,30.106667,-4.8842,2.5608,70.6624,67.9790,2.6834
PEMAFC-F,3,period_0943,30.160000,-5.3952,2.8618,70.9030,67.9790,2.9240
PEMAFC-F,3,period_0943,30.200000,-5.7049,4.5753,71.0369,67.9790,3.0579
PEMAFC-F,3,period_0943,30.253333,-6.1984,3.4153,71.4473,67.9790,3.4682
PEMAFC-F,3,period_0943,30.306667,-6.6811,4.2393,71.7288,67.9790,3.7497
PEMAFC-F,3,period_0943,30.360000,-7.1702,5.1929,72.2099,67.9790,4.2308
PEMAFC-F,3,period_0943,30.400000,-7.4356,5.2700,72.3779,67.9790,4.3988
PEMAFC-F,3,period_0943,30.453333,-7.8194,4.8211,72.5436,67.9790,4.5645
PEMAFC-F,3,period_0943,30.506667,-8.2246,4.7577,72.8005,67.9790,4.8215
PEMAFC-F,3,period_0943,30.560000,-8.5963,5.4106,73.0839,67.9790,5.1048
PEMAFC-F,3,period_0943,30.600000,-8.8396,5.1069,73.2401,67.9790,5.2611
PEMAFC-F,3,period_0943,30.653333,-9.1743,4.6067,73.5723,67.9790,5.5933
PEMAFC-F,3,period_0943,30.706667,-9.5088,3.4220,73.7498,67.9790,5.7707
PEMAFC-F,3,period_0943,30.760000,-9.7973,4.9625,73.9454,67.9790,5.9663
PEMAFC-F,3,period_0943,30.800000,-10.0688,3.2194,74.1269,67.9790,6.1478
PEMAFC-F,3,period_0943,30.853333,-10.3738,5.0464,74.2885,67.9790,6.3094
PEMAFC-F,3,period_0943,30.906667,-10.7654,3.7245,74.6995,67.9790,6.7204
PEMAFC-F,3,period_0943,30.960000,-11.1220,4.9821,75.0688,67.9790,7.0898
PEMAFC-F,3,period_0943,31.000000,-11.4138,6.1072,75.3631,67.9790,7.3840
PEMAFC-F,3,period_0943,31.053333,-11.7084,4.9155,75.6710,67.9790,7.6920
PEMAFC-F,3,period_0943,31.106667,-11.9657,4.8158,75.9158,67.9790,7.9368
PEMAFC-F,3,period_0943,31.160000,-12.2099,4.2078,76.0466,67.9790,8.0675
PEMAFC-F,3,period_0943,31.200000,-12.3820,5.5618,76.2697,67.9790,8.2907
PEMAFC-F,3,period_0943,31.253333,-12.5799,4.4945,76.4160,67.9790,8.4369
PEMAFC-F,3,period_0943,31.306667,-12.7954,5.0355,76.6058,67.9790,8.6267
PEMAFC-F,3,period_0943,31.360000,-12.9999,4.5399,76.8173,67.9790,8.8383
PEMAFC-F,3,period_0943,31.400000,-13.1718,7.2941,76.9370,67.9790,8.9579
PEMAFC-F,3,period_0943,31.453333,-13.4387,3.9854,77.1757,67.9790,9.1967
PEMAFC-F,3,period_0943,31.506667,-13.6284,5.3100,77.3728,67.9790,9.3937
PEMAFC-F,3,period_0943,31.560000,-13.8735,6.1652,77.6248,67.9790,9.6458
PEMAFC-F,3,period_0943,31.600000,-14.0403,4.9232,77.7733,67.9790,9.7942
PEMAFC-F,3,period_0943,31.653333,-14.2818,5.0960,77.9685,67.9790,9.9894
PEMAFC-F,3,period_0943,31.706667,-14.4640,5.7186,78.0502,67.9790,10.0711
PEMAFC-F,3,period_0943,31.760000,-14.6563,6.1796,78.1366,67.9790,10.1575
PEMAFC-F,3,period_0943,31.800000,-14.7829,5.9589,78.2900,67.9790,10.3109
PEMAFC-F,3,period_0943,31.853333,-15.0243,5.7870,78.5508,67.9790,10.5717
PEMAFC-F,3,period_0943,31.906667,-15.2773,5.0493,78.8770,67.9790,10.8980
PEMAFC-F,3,period_0943,31.960000,-15.5647,4.8269,79.0383,67.9790,11.0593
PEMAFC-F,3,period_0943,32.000000,-15.7105,5.7844,79.1405,67.9790,11.1615
PEMAFC-F,3,period_0943,32.053333,-15.8675,5.6342,79.3520,67.9790,11.3729
PEMAFC-F,3,period_0943,32.106667,-16.0891,3.8250,79.5470,67.9790,11.5680
PEMAFC-F,3,period_0943,32.160000,-16.3367,5.1048,79.8043,67.9790,11.8253
PEMAFC-F,3,period_0943,32.200000,-16.5358,6.1489,80.0793,67.9790,12.1003
PEMAFC-F,3,period_0943,32.253333,-16.7506,5.6637,80.2858,67.9790,12.3068
PEMAFC-F,3,period_0943,32.306667,-16.9395,5.6959,80.5035,67.9790,12.5244
PEMAFC-F,3,period_0943,32.360000,-17.1539,3.7369,80.6698,67.9790,12.6908
PEMAFC-F,3,period_0943,32.400000,-17.4232,6.1246,80.8555,67.9790,12.8765
PEMAFC-F,3,period_0943,32.453333,-17.6468,5.1000,81.0000,67.9790,13.0210
PEMAFC-F,3,period_0943,32.506667,-17.8646,4.4136,81.2518,67.9790,13.2728
PEMAFC-F,3,period_0943,32.560000,-18.0978,3.4773,81.7442,67.9790,13.7652
PEMAFC-F,3,period_0943,32.600000,-18.1831,6.1301,81.8729,67.9790,13.8939
PEMAFC-F,3,period_0943,32.653333,-18.4023,4.8692,82.1490,67.9790,14.1700
PEMAFC-F,3,period_0943,32.706667,-18.5513,6.2102,82.2873,67.9790,14.3082
PEMAFC-F,3,period_0943,32.760000,-18.7434,4.4841,82.4405,67.9790,14.4615
PEMAFC-F,3,period_0943,32.800000,-18.8496,3.7461,82.5918,67.9790,14.6128
PEMAFC-F,3,period_0943,32.853333,-19.0775,4.7939,82.7880,67.9790,14.8090
PEMAFC-F,3,period_0943,32.906667,-19.2633,5.1755,82.9390,67.9790,14.9600
PEMAFC-F,3,period_0943,32.960000,-19.4325,6.0850,83.1987,67.9790,15.2196
PEMAFC-F,3,period_0943,33.000000,-19.5601,5.2531,83.4119,67.9790,15.4329
PEMAFC-F,3,period_0943,33.053333,-19.7068,5.1635,83.5952,67.9790,15.6161
PEMAFC-F,3,period_0943,33.106667,-19.8985,5.5409,84.0080,67.9790,16.0289
PEMAFC-F,3,period_0943,33.160000,-20.0801,3.9182,84.1870,67.9790,16.2079
PEMAFC-F,3,period_0943,33.200000,-20.1571,4.6116,84.3800,67.9790,16.4010
PEMAFC-F,3,period_0943,33.253333,-20.3628,4.6277,84.5667,67.9790,16.5877
PEMAFC-F,3,period_0943,33.306667,-20.5732,5.8269,84.8216,67.9790,16.8426
PEMAFC-F,3,period_0943,33.360000,-20.7736,4.9950,85.0805,67.9790,17.1015
PEMAFC-F,3,period_0943,33.400000,-20.8938,5.4711,85.4033,67.9790,17.4243
PEMAFC-F,3,period_0943,33.453333,-21.0124,5.3662,85.5576,67.9790,17.5786
PEMAFC-F,3,period_0943,33.506667,-21.0870,5.0139,85.9079,67.9790,17.9288
PEMAFC-F,3,period_0943,33.560000,-21.2435,6.0459,86.0816,67.9790,18.1025
PEMAFC-F,3,period_0943,33.600000,-21.2450,4.9622,86.1063,67.9790,18.1273
PEMAFC-F,3,period_0943,33.653333,-21.4259,4.9557,86.2430,67.9790,18.2640
PEMAFC-F,3,period_0943,33.706667,-21.6649,4.6551,86.4533,67.9790,18.4742
PEMAFC-F,3,period_0943,33.760000,-21.8571,4.3872,86.8110,67.9790,18.8319
PEMAFC-F,3,period_0943,33.800000,-21.8880,5.1480,86.9147,67.9790,18.9356
PEMAFC-F,3,period_0943,33.853333,-22.0368,5.3204,86.9912,67.9790,19.0121
PEMAFC-F,3,period_0943,33.906667,-22.2407,4.2334,87.0699,67.9790,19.0908
PEMAFC-F,3,period_0943,33.960000,-22.3368,5.3265,87.3141,67.9790,19.3350
PEMAFC-F,3,period_0943,34.000000,-22.3572,5.5456,87.5665,67.9790,19.5875
PEMAFC-F,3,period_0943,34.053333,-22.4474,5.1638,87.8836,67.9790,19.9045
PEMAFC-F,3,period_0943,34.106667,-22.6465,3.5236,88.0569,67.9790,20.0778
PEMAFC-F,3,period_0943,34.160000,-22.8119,5.2404,88.3133,67.9790,20.3343
PEMAFC-F,3,period_0943,34.200000,-22.9313,5.0496,88.3809,67.9790,20.4018
PEMAFC-F,3,period_0943,34.253333,-23.0817,5.5486,88.6601,67.9790,20.6811
PEMAFC-F,3,period_0943,34.306667,-23.1863,4.6191,88.8615,67.9790,20.8825
PEMAFC-F,3,period_0943,34.360000,-23.2435,5.3059,89.1467,67.9790,21.1677
PEMAFC-F,3,period_0943,34.400000,-23.2313,3.9224,89.2188,67.9790,21.2397
PEMAFC-F,3,period_0943,34.453333,-23.5066,4.8714,89.4663,67.9790,21.4872
PEMAFC-F,3,period_0943,34.506667,-23.4539,4.1486,89.5520,67.9790,21.5730
PEMAFC-F,3,period_0943,34.560000,-23.5107,5.3884,89.6496,67.9790,21.6705
PEMAFC-F,3,period_0943,34.600000,-23.7273,5.3094,89.7003,67.9790,21.7212
PEMAFC-F,3,period_0943,34.653333,-23.9239,5.8568,89.9031,67.9790,21.9240
PEMAFC-F,3,period_0943,34.706667,-24.0249,5.8844,90.2159,67.9790,22.2368
PEMAFC-F,3,period_0943,34.760000,-24.0855,4.2117,90.5663,67.9790,22.5873
PEMAFC-F,3,period_0943,34.800000,-24.2232,4.2102,90.7931,67.9790,22.8141
PEMAFC-F,3,period_0943,34.853333,-24.1520,5.7516,91.0482,67.9790,23.0692
PEMAFC-F,3,period_0943,34.906667,-24.2497,5.3363,91.2109,67.9790,23.2318
PEMAFC-F,3,period_0943,34.960000,-24.3935,4.7159,91.5856,67.9790,23.6066
PEMAFC-F,3,period_0943,35.000000,-24.3141,5.5449,91.8160,67.9790,23.8369
PEMAFC-F,3,period_0943,35.053333,-24.3418,4.9344,91.9024,67.9790,23.9233
PEMAFC-F,3,period_0943,35.106667,-24.5751,5.3999,92.2853,67.9790,24.3062
PEMAFC-F,3,period_0943,35.160000,-24.5579,5.5888,92.6337,67.9790,24.6546
PEMAFC-F,3,period_0943,35.200000,-24.5745,4.7077,92.6799,67.9790,24.7009
PEMAFC-F,3,period_0943,35.253333,-24.6596,5.9808,93.0070,67.9790,25.0279
PEMAFC-F,3,period_0943,35.306667,-24.7070,5.3101,93.1617,67.9790,25.1827
PEMAFC-F,3,period_0943,35.360000,-24.9197,5.4447,93.4703,67.9790,25.4912
PEMAFC-F,3,period_0943,35.400000,-25.0712,4.5004,93.5608,67.9790,25.5817
PEMAFC-F,3,period_0943,35.453333,-25.0910,4.4061,93.7166,67.9790,25.7375
PEMAFC-F,3,period_0943,35.506667,-25.2147,5.2141,94.0512,67.9790,26.0721
PEMAFC-F,3,period_0943,35.560000,-25.3252,4.4741,94.2208,67.9790,26.2418
PEMAFC-F,3,period_0943,35.600000,-25.3683,5.0621,94.1443,67.9790,26.1653
PEMAFC-F,3,period_0943,35.653333,-25.1541,5.7152,94.2638,67.9790,26.2847
PEMAFC-F,3,period_0943,35.706667,-25.3415,4.8394,94.5200,67.9790,26.5409
PEMAFC-F,3,period_0943,35.760000,-25.3221,5.0652,94.8187,67.9790,26.8396
PEMAFC-F,3,period_0943,35.800000,-25.4816,5.1026,94.8529,67.9790,26.8738
PEMAFC-F,3,period_0943,35.853333,-25.0818,4.4337,95.2295,67.9790,27.2505
PEMAFC-F,3,period_0943,35.906667,-25.3071,5.4983,95.3445,67.9790,27.3654
PEMAFC-F,3,period_0943,35.960000,-25.4694,6.3749,95.4751,67.9790,27.4961
PEMAFC-F,3,period_0943,36.000000,-25.6332,5.7466,95.7644,67.9790,27.7854
PEMAFC-F,3,period_0943,36.053333,-25.5964,4.5828,95.8720,67.9790,27.8929
PEMAFC-F,3,period_0943,36.106667,-25.6078,4.5102,95.8303,67.9790,27.8513
PEMAFC-F,3,period_0943,36.160000,-25.4140,5.8774,93.2930,67.9790,25.3140
PEMAFC-F,3,period_0943,36.200000,-25.4536,4.5746,94.8137,67.9790,26.8346
PEMAFC-F,3,period_0943,36.253333,-25.5155,6.0974,95.6225,67.9790,27.6435
PEMAFC-F,3,period_0943,36.306667,-25.6444,4.6594,95.8316,67.9790,27.8525
PEMAFC-F,3,period_0943,36.360000,-25.6897,2.6589,94.9331,67.9790,26.9540
PEMAFC-F,3,period_0943,36.400000,-25.6992,5.6368,94.0728,67.9790,26.0937
PEMAFC-F,3,period_0943,36.453333,-25.4875,4.7480,95.5891,67.9790,27.6100
PEMAFC-F,3,period_0943,36.506667,-25.0630,4.5267,93.1153,67.9790,25.1363
PEMAFC-F,3,period_0943,36.560000,-25.0460,4.7442,93.2607,67.9790,25.2817
PEMAFC-F,3,period_0943,36.600000,-25.3415,4.6520,95.9001,67.9790,27.9210
PEMAFC-F,3,period_0943,36.653333,-25.9673,3.4431,95.8794,67.9790,27.9004
PEMAFC-F,3,period_0943,36.706667,-25.9456,5.3957,95.8849,67.9790,27.9058
PEMAFC-F,3,period_0943,36.760000,-26.0537,4.8703,95.8484,67.9790,27.8693
PEMAFC-F,3,period_0943,36.800000,-25.7424,4.6121,95.8372,67.9790,27.8581
PEMAFC-F,3,period_0943,36.853333,-26.0378,4.8759,95.8380,67.9790,27.8590
PEMAFC-F,3,period_0943,36.906667,-25.8685,6.0659,95.5002,67.9790,27.5211
PEMAFC-F,3,period_0943,36.960000,-26.0427,4.8738,95.8544,67.9790,27.8753
PEMAFC-F,3,period_0943,37.000000,-26.0490,5.7088,95.8531,67.9790,27.8741
PEMAFC-F,3,period_0943,37.053333,-26.1931,4.9987,95.8654,67.9790,27.8863
PEMAFC-F,3,period_0943,37.106667,-25.9810,5.2937,95.8488,67.9790,27.8698
PEMAFC-F,3,period_0943,37.160000,-26.2378,4.7681,95.8496,67.9790,27.8706
PEMAFC-F,3,period_0943,37.200000,-26.2501,5.0284,95.8489,67.9790,27.8698
PEMAFC-F,3,period_0943,37.253333,-26.1183,4.0356,95.8797,67.9790,27.9006
PEMAFC-F,3,period_0943,37.306667,-26.1282,6.0737,95.8540,67.9790,27.8749
PEMAFC-F,3,period_0943,37.360000,-26.1866,4.9035,95.8617,67.9790,27.8826
PEMAFC-F,3,period_0943,37.400000,-26.2251,4.8863,95.8609,67.9790,27.8818
PEMAFC-F,3,period_0943,37.453333,-25.8986,5.0534,95.8292,67.9790,27.8501
PEMAFC-F,3,period_0943,37.506667,-26.0726,4.1628,95.8569,67.9790,27.8779
PEMAFC-F,3,period_0943,37.560000,-26.1569,4.2719,95.8432,67.9790,27.8641
PEMAFC-F,3,period_0943,37.600000,-26.1697,4.4891,94.0607,67.9790,26.0817
PEMAFC-F,3,period_0943,37.653333,-25.9397,5.0883,93.1647,67.9790,25.1856
PEMAFC-F,3,period_0943,37.706667,-25.9958,4.7195,95.8218,67.9790,27.8427
PEMAFC-F,3,period_0943,37.760000,-26.1759,3.8327,95.8478,67.9790,27.8688
PEMAFC-F,3,period_0943,37.800000,-26.1342,5.1573,95.7094,67.9790,27.7303
PEMAFC-F,3,period_0943,37.853333,-26.4113,3.8493,95.8713,67.9790,27.8922
PEMAFC-F,3,period_0943,37.906667,-26.5417,5.2076,95.8579,67.9790,27.8789
PEMAFC-F,3,period_0943,37.960000,-26.5179,5.6570,95.8508,67.9790,27.8717
PEMAFC-F,3,period_0943,38.000000,-26.4238,3.5284,95.8542,67.9790,27.8752
PEMAFC-F,3,period_0943,38.053333,-26.5023,4.8357,95.8569,67.9790,27.8779
PEMAFC-F,3,period_0943,38.106667,-26.5188,5.1368,95.8400,67.9790,27.8610
PEMAFC-F,3,period_0943,38.160000,-26.3037,4.1889,95.8195,67.9790,27.8404
PEMAFC-F,3,period_0943,38.200000,-26.2196,4.8343,95.5693,67.9790,27.5903
PEMAFC-F,3,period_0943,38.253333,-26.1153,5.9966,94.4421,67.9790,26.4630
PEMAFC-F,3,period_0943,38.306667,-26.3760,5.3385,95.8566,67.9790,27.8776
PEMAFC-F,3,period_0943,38.360000,-26.3839,5.9245,95.8428,67.9790,27.8637
PEMAFC-F,3,period_0943,38.400000,-26.4424,5.2165,95.8413,67.9790,27.8623
PEMAFC-F,3,period_0943,38.453333,-26.5703,5.0706,95.8594,67.9790,27.8803
PEMAFC-F,3,period_0943,38.506667,-25.9844,4.6342,95.9052,67.9790,27.9262
PEMAFC-F,3,period_0943,38.560000,-26.1472,5.3461,95.9071,67.9790,27.9280
PEMAFC-F,3,period_0943,38.600000,-26.4658,3.2976,95.9171,67.9790,27.9380
PEMAFC-F,3,period_0943,38.653333,-26.2604,6.2734,95.8797,67.9790,27.9007
PEMAFC-F,3,period_0943,38.706667,-25.8026,5.0349,92.8401,67.9790,24.8610
PEMAFC-F,3,period_0943,38.760000,-25.9298,6.2400,93.9144,67.9790,25.9353
PEMAFC-F,3,period_0943,38.800000,-25.9966,4.0904,92.2044,67.9790,24.2254
PEMAFC-F,3,period_0943,38.853333,-26.1137,4.6839,93.7360,67.9790,25.7569
PEMAFC-F,3,period_0943,38.906667,-26.0180,5.0102,92.9067,67.9790,24.9277
PEMAFC-F,3,period_0943,38.960000,-26.3126,4.9857,95.8271,67.9790,27.8480
PEMAFC-F,3,period_0943,39.000000,-26.2997,4.8518,95.8200,67.9790,27.8409
PEMAFC-F,3,period_0943,39.053333,-26.2693,5.0127,94.9961,67.9790,27.0171
PEMAFC-F,3,period_0943,39.106667,-25.6373,5.1043,91.0591,67.9790,23.0800
PEMAFC-F,3,period_0943,39.160000,-26.0188,4.1516,93.4433,67.9790,25.4642
PEMAFC-F,3,period_0943,39.200000,-26.1969,5.3646,95.7371,67.9790,27.7581
PEMAFC-F,3,period_0943,39.253333,-25.9951,4.8667,94.7887,67.9790,26.8096
PEMAFC-F,3,period_0943,39.306667,-26.0945,6.0593,94.9744,67.9790,26.9954
PEMAFC-F,3,period_0943,39.360000,-26.1094,5.0060,95.8052,67.9790,27.8262
PEMAFC-F,3,period_0943,39.400000,-26.2475,5.1256,95.7951,67.9790,27.8160
PEMAFC-F,3,period_0943,39.453333,-26.2811,5.4016,95.7630,67.9790,27.7840
PEMAFC-F,3,period_0943,39.506667,-26.0179,4.4772,94.2124,67.9790,26.2333
PEMAFC-F,3,period_0943,39.560000,-26.2512,4.5958,95.7831,67.9790,27.8041
PEMAFC-F,3,period_0943,39.600000,-26.2823,5.0046,95.8056,67.9790,27.8265
PEMAFC-F,3,period_0943,39.653333,-26.0522,3.8279,94.1422,67.9790,26.1631
PEMAFC-F,3,period_0943,39.706667,-26.4987,4.7173,95.7897,67.9790,27.8107
PEMAFC-F,3,period_0943,39.760000,-26.6682,5.2240,95.7812,67.9790,27.8021
PEMAFC-F,3,period_0943,39.800000,-26.5422,4.3411,95.7868,67.9790,27.8077
PEMAFC-F,3,period_0943,39.853333,-26.4301,5.8765,95.7858,67.9790,27.8067
PEMAFC-F,3,period_0943,39.906667,-26.5520,5.2806,95.7532,67.9790,27.7741
PEMAFC-F,3,period_0943,39.960000,-26.4110,4.3872,95.7374,67.9790,27.7583
PEMAFC-F,3,period_0943,40.000000,-26.5610,5.1207,95.7235,67.9790,27.7444
PEMAFC-PCA-F (K=20/20),0,period_0707,0.013333,1.3373,1.0542,85.9493,85.1794,0.7700
PEMAFC-PCA-F (K=20/20),0,period_0707,0.053333,-1.0113,2.5491,85.5389,85.1794,0.3596
PEMAFC-PCA-F (K=20/20),0,period_0707,0.106667,-3.6065,2.2861,88.9737,85.1794,3.7943
PEMAFC-PCA-F (K=20/20),0,period_0707,0.160000,-3.7334,2.2220,90.0179,85.1794,4.8385
PEMAFC-PCA-F (K=20/20),0,period_0707,0.200000,-3.8622,2.7488,90.3836,85.1794,5.2043
PEMAFC-PCA-F (K=20/20),0,period_0707,0.253333,-2.2233,2.3240,85.3220,85.1794,0.1427
PEMAFC-PCA-F (K=20/20),0,period_0707,0.306667,-6.5001,1.2159,93.7623,85.1794,8.5829
PEMAFC-PCA-F (K=20/20),0,period_0707,0.360000,-4.4582,3.8754,92.8186,85.1794,7.6392
PEMAFC-PCA-F (K=20/20),0,period_0707,0.400000,-4.0603,2.5606,90.1228,85.1794,4.9435
PEMAFC-PCA-F (K=20/20),0,period_0707,0.453333,-3.7865,2.4848,90.1389,85.1794,4.9595
PEMAFC-PCA-F (K=20/20),0,period_0707,0.506667,-5.1270,0.9259,84.8433,85.1794,-0.3361
PEMAFC-PCA-F (K=20/20),0,period_0707,0.560000,-4.7340,2.9461,94.2709,85.1794,9.0915
PEMAFC-PCA-F (K=20/20),0,period_0707,0.600000,-4.4363,3.5974,88.0005,85.1794,2.8211
PEMAFC-PCA-F (K=20/20),0,period_0707,0.653333,-4.2473,2.8727,93.3946,85.1794,8.2152
PEMAFC-PCA-F (K=20/20),0,period_0707,0.706667,-5.3880,3.4406,94.1834,85.1794,9.0040
PEMAFC-PCA-F (K=20/20),0,period_0707,0.760000,-3.5158,2.9028,82.9233,85.1794,-2.2560
PEMAFC-PCA-F (K=20/20),0,period_0707,0.800000,-4.2996,1.4079,83.0703,85.1794,-2.1090
PEMAFC-PCA-F (K=20/20),0,period_0707,0.853333,-5.9678,0.6601,91.0623,85.1794,5.8829
PEMAFC-PCA-F (K=20/20),0,period_0707,0.906667,-6.4781,1.6503,91.9029,85.1794,6.7236
PEMAFC-PCA-F (K=20/20),0,period_0707,0.960000,-4.8839,2.6501,87.5498,85.1794,2.3705
PEMAFC-PCA-F (K=20/20),0,period_0707,1.000000,-4.5519,3.1486,93.9651,85.1794,8.7858
PEMAFC-PCA-F (K=20/20),0,period_0707,1.053333,-5.2033,2.4702,87.5378,85.1794,2.3584
PEMAFC-PCA-F (K=20/20),0,period_0707,1.106667,-4.7532,1.7418,84.7412,85.1794,-0.4381
PEMAFC-PCA-F (K=20/20),0,period_0707,1.160000,-4.5154,2.2900,92.9314,85.1794,7.7521
PEMAFC-PCA-F (K=20/20),0,period_0707,1.200000,-4.9117,2.2952,91.9532,85.1794,6.7738
PEMAFC-PCA-F (K=20/20),0,period_0707,1.253333,-6.9344,2.0745,95.1996,85.1794,10.0202
PEMAFC-PCA-F (K=20/20),0,period_0707,1.306667,-4.6318,1.1176,83.9088,85.1794,-1.2706
PEMAFC-PCA-F (K=20/20),0,period_0707,1.360000,-6.7503,1.1572,92.0798,85.1794,6.9004
PEMAFC-PCA-F (K=20/20),0,period_0707,1.400000,-6.7238,2.0311,94.9381,85.1794,9.7588
PEMAFC-PCA-F (K=20/20),0,period_0707,1.453333,-5.5004,2.2738,86.4676,85.1794,1.2882
PEMAFC-PCA-F (K=20/20),0,period_0707,1.506667,-4.8528,3.6117,89.0324,85.1794,3.8531
PEMAFC-PCA-F (K=20/20),0,period_0707,1.560000,-4.7182,2.1401,92.4865,85.1794,7.3072
PEMAFC-PCA-F (K=20/20),0,period_0707,1.600000,-3.8702,1.8793,82.8075,85.1794,-2.3718
PEMAFC-PCA-F (K=20/20),0,period_0707,1.653333,-4.6312,1.4276,87.7810,85.1794,2.6016
PEMAFC-PCA-F (K=20/20),0,period_0707,1.706667,-6.6203,2.5703,94.1210,85.1794,8.9416
PEMAFC-PCA-F (K=20/20),0,period_0707,1.760000,-6.5540,1.1481,89.5220,85.1794,4.3426
PEMAFC-PCA-F (K=20/20),0,period_0707,1.800000,-6.9826,1.5262,91.0222,85.1794,5.8428
PEMAFC-PCA-F (K=20/20),0,period_0707,1.853333,-4.9965,2.8031,85.8608,85.1794,0.6814
PEMAFC-PCA-F (K=20/20),0,period_0707,1.906667,-4.7633,1.7418,85.3282,85.1794,0.1489
PEMAFC-PCA-F (K=20/20),0,period_0707,1.960000,-6.2664,2.3373,87.8414,85.1794,2.6620
PEMAFC-PCA-F (K=20/20),0,period_0707,2.000000,-5.8752,1.9661,91.0786,85.1794,5.8993
PEMAFC-PCA-F (K=20/20),0,period_0707,2.053333,-6.2651,1.5953,90.7192,85.1794,5.5398
PEMAFC-PCA-F (K=20/20),0,period_0707,2.106667,-6.0404,1.9163,90.8395,85.1794,5.6601
PEMAFC-PCA-F (K=20/20),0,period_0707,2.160000,-3.3373,2.6685,89.2539,85.1794,4.0745
PEMAFC-PCA-F (K=20/20),0,period_0707,2.200000,-3.1689,3.8599,92.3249,85.1794,7.1456
PEMAFC-PCA-F (K=20/20),0,period_0707,2.253333,-5.7565,1.7038,90.2818,85.1794,5.1024
PEMAFC-PCA-F (K=20/20),0,period_0707,2.306667,-5.8902,1.3309,90.3478,85.1794,5.1685
PEMAFC-PCA-F (K=20/20),0,period_0707,2.360000,-6.3458,1.6748,88.2070,85.1794,3.0276
PEMAFC-PCA-F (K=20/20),0,period_0707,2.400000,-5.7126,1.2113,88.1388,85.1794,2.9595
PEMAFC-PCA-F (K=20/20),0,period_0707,2.453333,-6.3206,2.0440,95.6302,85.1794,10.4508
PEMAFC-PCA-F (K=20/20),0,period_0707,2.506667,-4.5384,2.0135,85.6746,85.1794,0.4952
PEMAFC-PCA-F (K=20/20),0,period_0707,2.560000,-4.1121,1.1415,83.0018,85.1794,-2.1776
PEMAFC-PCA-F (K=20/20),0,period_0707,2.600000,-5.2989,1.9371,90.9655,85.1794,5.7861
PEMAFC-PCA-F (K=20/20),0,period_0707,2.653333,-4.4319,3.0283,94.1246,85.1794,8.9453
PEMAFC-PCA-F (K=20/20),0,period_0707,2.706667,-6.7656,1.1743,95.1434,85.1794,9.9640
PEMAFC-PCA-F (K=20/20),0,period_0707,2.760000,-6.0884,1.4748,94.1412,85.1794,8.9619
PEMAFC-PCA-F (K=20/20),0,period_0707,2.800000,-5.3036,3.7832,92.3624,85.1794,7.1830
PEMAFC-PCA-F (K=20/20),0,period_0707,2.853333,-5.1530,3.8167,92.4007,85.1794,7.2213
PEMAFC-PCA-F (K=20/20),0,period_0707,2.906667,-5.8374,2.9654,90.1146,85.1794,4.9352
PEMAFC-PCA-F (K=20/20),0,period_0707,2.960000,-5.9592,0.2797,85.5469,85.1794,0.3675
PEMAFC-PCA-F (K=20/20),0,period_0707,3.000000,-6.6003,2.1485,90.5129,85.1794,5.3335
PEMAFC-PCA-F (K=20/20),0,period_0707,3.053333,-5.9906,3.2451,94.3988,85.1794,9.2194
PEMAFC-PCA-F (K=20/20),0,period_0707,3.106667,-5.8866,2.1797,86.4401,85.1794,1.2607
PEMAFC-PCA-F (K=20/20),0,period_0707,3.160000,-5.7810,1.1433,89.2837,85.1794,4.1043
PEMAFC-PCA-F (K=20/20),0,period_0707,3.200000,-6.0462,2.0863,94.9814,85.1794,9.8020
PEMAFC-PCA-F (K=20/20),0,period_0707,3.253333,-7.0862,1.9612,93.6747,85.1794,8.4953
PEMAFC-PCA-F (K=20/20),0,period_0707,3.306667,-6.0964,1.1430,89.7973,85.1794,4.6179
PEMAFC-PCA-F (K=20/20),0,period_0707,3.360000,-3.5095,1.5748,80.1188,85.1794,-5.0605
PEMAFC-PCA-F (K=20/20),0,period_0707,3.400000,-5.6183,2.0245,92.5723,85.1794,7.3929
PEMAFC-PCA-F (K=20/20),0,period_0707,3.453333,-7.1303,2.1188,92.7283,85.1794,7.5489
PEMAFC-PCA-F (K=20/20),0,period_0707,3.506667,-6.6711,1.8251,91.7066,85.1794,6.5272
PEMAFC-PCA-F (K=20/20),0,period_0707,3.560000,-6.2744,2.7301,93.8918,85.1794,8.7124
PEMAFC-PCA-F (K=20/20),0,period_0707,3.600000,-6.3809,2.4020,92.7257,85.1794,7.5464
PEMAFC-PCA-F (K=20/20),0,period_0707,3.653333,-6.8837,0.9249,88.4849,85.1794,3.3056
PEMAFC-PCA-F (K=20/20),0,period_0707,3.706667,-5.9100,1.6660,93.6306,85.1794,8.4513
PEMAFC-PCA-F (K=20/20),0,period_0707,3.760000,-5.8872,2.4856,91.8962,85.1794,6.7169
PEMAFC-PCA-F (K=20/20),0,period_0707,3.800000,-3.3839,5.0103,85.6541,85.1794,0.4747
PEMAFC-PCA-F (K=20/20),0,period_0707,3.853333,-6.9779,1.6595,95.5218,85.1794,10.3425
PEMAFC-PCA-F (K=20/20),0,period_0707,3.906667,-5.4777,1.2427,84.4062,85.1794,-0.7732
PEMAFC-PCA-F (K=20/20),0,period_0707,3.960000,-4.6845,1.5749,89.0291,85.1794,3.8498
PEMAFC-PCA-F (K=20/20),0,period_0707,4.000000,-6.7174,1.6064,93.0945,85.1794,7.9152
PEMAFC-PCA-F (K=20/20),0,period_0707,4.053333,-6.8044,1.2518,87.1499,85.1794,1.9706
PEMAFC-PCA-F (K=20/20),0,period_0707,4.106667,-5.4577,2.1797,84.8875,85.1794,-0.2919
PEMAFC-PCA-F (K=20/20),0,period_0707,4.160000,-5.6540,1.4679,86.6707,85.1794,1.4914
PEMAFC-PCA-F (K=20/20),0,period_0707,4.200000,-7.2924,1.3950,92.5734,85.1794,7.3940
PEMAFC-PCA-F (K=20/20),0,period_0707,4.253333,-4.0752,1.6994,80.8607,85.1794,-4.3186
PEMAFC-PCA-F (K=20/20),0,period_0707,4.306667,-3.6586,1.9089,84.1927,85.1794,-0.9866
PEMAFC-PCA-F (K=20/20),0,period_0707,4.360000,-6.1857,2.0679,94.0185,85.1794,8.8391
PEMAFC-PCA-F (K=20/20),0,period_0707,4.400000,-5.8601,1.8915,93.4730,85.1794,8.2936
PEMAFC-PCA-F (K=20/20),0,period_0707,4.453333,-6.0778,3.2646,91.4115,85.1794,6.2321
PEMAFC-PCA-F (K=20/20),0,period_0707,4.506667,-5.4376,2.5549,86.2008,85.1794,1.0214
PEMAFC-PCA-F (K=20/20),0,period_0707,4.560000,-6.0377,2.3518,93.4194,85.1794,8.2401
PEMAFC-PCA-F (K=20/20),0,period_0707,4.600000,-6.3980,1.9344,94.4386,85.1794,9.2592
PEMAFC-PCA-F (K=20/20),0,period_0707,4.653333,-6.1496,2.1016,94.7079,85.1794,9.5285
PEMAFC-PCA-F (K=20/20),0,period_0707,4.706667,-5.6351,1.4452,84.2267,85.1794,-0.9527
PEMAFC-PCA-F (K=20/20),0,period_0707,4.760000,-7.6399,3.0410,92.1609,85.1794,6.9815
PEMAFC-PCA-F (K=20/20),0,period_0707,4.800000,-5.5997,2.1827,84.8793,85.1794,-0.3000
PEMAFC-PCA-F (K=20/20),0,period_0707,4.853333,-6.9039,1.9389,90.2658,85.1794,5.0864
PEMAFC-PCA-F (K=20/20),0,period_0707,4.906667,-6.2395,2.2991,88.4457,85.1794,3.2663
PEMAFC-PCA-F (K=20/20),0,period_0707,4.960000,-5.7402,1.2176,86.4613,85.1794,1.2819
PEMAFC-PCA-F (K=20/20),0,period_0707,5.000000,-6.0833,1.7054,94.8726,85.1794,9.6932
PEMAFC-PCA-F (K=20/20),0,period_0707,5.053333,-6.3458,1.4824,94.9847,85.1794,9.8054
PEMAFC-PCA-F (K=20/20),0,period_0707,5.106667,-6.1342,2.0782,90.7151,85.1794,5.5357
PEMAFC-PCA-F (K=20/20),0,period_0707,5.160000,-4.6521,2.0525,89.7904,85.1794,4.6110
PEMAFC-PCA-F (K=20/20),0,period_0707,5.200000,-7.3789,1.2633,91.7899,85.1794,6.6106
PEMAFC-PCA-F (K=20/20),0,period_0707,5.253333,-5.7436,2.0424,86.7339,85.1794,1.5545
PEMAFC-PCA-F (K=20/20),0,period_0707,5.306667,-3.6321,2.7609,81.2256,85.1794,-3.9538
PEMAFC-PCA-F (K=20/20),0,period_0707,5.360000,-6.1979,1.9242,91.9047,85.1794,6.7254
PEMAFC-PCA-F (K=20/20),0,period_0707,5.400000,-4.2840,2.4426,84.8282,85.1794,-0.3511
PEMAFC-PCA-F (K=20/20),0,period_0707,5.453333,-5.7391,0.7930,86.4702,85.1794,1.2908
PEMAFC-PCA-F (K=20/20),0,period_0707,5.506667,-5.6695,1.3586,84.7911,85.1794,-0.3883
PEMAFC-PCA-F (K=20/20),0,period_0707,5.560000,-6.9581,2.3950,94.6956,85.1794,9.5163
PEMAFC-PCA-F (K=20/20),0,period_0707,5.600000,-4.3625,2.8925,84.1505,85.1794,-1.0289
PEMAFC-PCA-F (K=20/20),0,period_0707,5.653333,-5.4316,1.3365,85.9572,85.1794,0.7778
PEMAFC-PCA-F (K=20/20),0,period_0707,5.706667,-4.9898,2.9560,83.4454,85.1794,-1.7339
PEMAFC-PCA-F (K=20/20),0,period_0707,5.760000,-5.5536,1.7619,88.5273,85.1794,3.3479
PEMAFC-PCA-F (K=20/20),0,period_0707,5.800000,-5.7559,2.2175,86.5501,85.1794,1.3707
PEMAFC-PCA-F (K=20/20),0,period_0707,5.853333,-5.9873,1.7281,87.1845,85.1794,2.0051
PEMAFC-PCA-F (K=20/20),0,period_0707,5.906667,-6.4359,0.8825,85.9103,85.1794,0.7309
PEMAFC-PCA-F (K=20/20),0,period_0707,5.960000,-6.6741,1.5150,90.6757,85.1794,5.4963
PEMAFC-PCA-F (K=20/20),0,period_0707,6.000000,-6.9275,1.8205,95.7353,85.1794,10.5559
PEMAFC-PCA-F (K=20/20),0,period_0707,6.053333,-6.1276,2.9741,88.7983,85.1794,3.6189
PEMAFC-PCA-F (K=20/20),0,period_0707,6.106667,-6.1840,1.4651,88.2937,85.1794,3.1143
PEMAFC-PCA-F (K=20/20),0,period_0707,6.160000,-6.4210,1.0649,89.1863,85.1794,4.0070
PEMAFC-PCA-F (K=20/20),0,period_0707,6.200000,-5.4662,1.0656,83.3665,85.1794,-1.8129
PEMAFC-PCA-F (K=20/20),0,period_0707,6.253333,-5.8819,2.1761,94.2287,85.1794,9.0493
PEMAFC-PCA-F (K=20/20),0,period_0707,6.306667,-6.7864,1.2265,92.2913,85.1794,7.1120
PEMAFC-PCA-F (K=20/20),0,period_0707,6.360000,-6.5123,2.6307,89.7461,85.1794,4.5667
PEMAFC-PCA-F (K=20/20),0,period_0707,6.400000,-5.8424,2.0475,93.1613,85.1794,7.9819
PEMAFC-PCA-F (K=20/20),0,period_0707,6.453333,-7.2862,1.4042,93.3924,85.1794,8.2130
PEMAFC-PCA-F (K=20/20),0,period_0707,6.506667,-5.6940,1.8384,89.7294,85.1794,4.5500
PEMAFC-PCA-F (K=20/20),0,period_0707,6.560000,-6.8789,1.6654,89.7781,85.1794,4.5987
PEMAFC-PCA-F (K=20/20),0,period_0707,6.600000,-6.6481,2.3856,91.8319,85.1794,6.6525
PEMAFC-PCA-F (K=20/20),0,period_0707,6.653333,-5.4994,2.1364,84.0812,85.1794,-1.0982
PEMAFC-PCA-F (K=20/20),0,period_0707,6.706667,-6.0726,1.2689,90.0886,85.1794,4.9092
PEMAFC-PCA-F (K=20/20),0,period_0707,6.760000,-7.0278,1.3861,93.5710,85.1794,8.3916
PEMAFC-PCA-F (K=20/20),0,period_0707,6.800000,-6.7028,1.0706,90.7693,85.1794,5.5900
PEMAFC-PCA-F (K=20/20),0,period_0707,6.853333,-6.3082,1.4267,89.2961,85.1794,4.1168
PEMAFC-PCA-F (K=20/20),0,period_0707,6.906667,-5.2126,2.1105,94.5074,85.1794,9.3280
PEMAFC-PCA-F (K=20/20),0,period_0707,6.960000,-7.1678,1.6505,95.5534,85.1794,10.3741
PEMAFC-PCA-F (K=20/20),0,period_0707,7.000000,-6.3578,2.3141,91.7848,85.1794,6.6055
PEMAFC-PCA-F (K=20/20),0,period_0707,7.053333,-5.8275,1.4420,87.2534,85.1794,2.0740
PEMAFC-PCA-F (K=20/20),0,period_0707,7.106667,-6.2721,1.3467,91.4590,85.1794,6.2796
PEMAFC-PCA-F (K=20/20),0,period_0707,7.160000,-4.5339,1.5148,83.6234,85.1794,-1.5559
PEMAFC-PCA-F (K=20/20),0,period_0707,7.200000,-6.9400,1.5684,92.9176,85.1794,7.7382
PEMAFC-PCA-F (K=20/20),0,period_0707,7.253333,-6.4394,2.6229,91.5714,85.1794,6.3920
PEMAFC-PCA-F (K=20/20),0,period_0707,7.306667,-6.7671,1.4571,88.2165,85.1794,3.0371
PEMAFC-PCA-F (K=20/20),0,period_0707,7.360000,-6.7476,1.7998,92.7147,85.1794,7.5353
PEMAFC-PCA-F (K=20/20),0,period_0707,7.400000,-6.7926,2.6037,94.7133,85.1794,9.5340
PEMAFC-PCA-F (K=20/20),0,period_0707,7.453333,-7.5000,0.9949,94.9966,85.1794,9.8172
PEMAFC-PCA-F (K=20/20),0,period_0707,7.506667,-4.0876,2.2516,82.9255,85.1794,-2.2539
PEMAFC-PCA-F (K=20/20),0,period_0707,7.560000,-5.7969,1.9080,92.8169,85.1794,7.6375
PEMAFC-PCA-F (K=20/20),0,period_0707,7.600000,-4.9789,1.1231,86.6852,85.1794,1.5058
PEMAFC-PCA-F (K=20/20),0,period_0707,7.653333,-5.8645,1.7092,89.0165,85.1794,3.8371
PEMAFC-PCA-F (K=20/20),0,period_0707,7.706667,-5.1529,2.1241,88.0118,85.1794,2.8324
PEMAFC-PCA-F (K=20/20),0,period_0707,7.760000,-7.2879,1.3174,94.0133,85.1794,8.8339
PEMAFC-PCA-F (K=20/20),0,period_0707,7.800000,-7.2409,3.0007,90.5794,85.1794,5.4000
PEMAFC-PCA-F (K=20/20),0,period_0707,7.853333,-4.9964,1.2158,84.1534,85.1794,-1.0260
PEMAFC-PCA-F (K=20/20),0,period_0707,7.906667,-6.8622,1.0573,87.2790,85.1794,2.0996
PEMAFC-PCA-F (K=20/20),0,period_0707,7.960000,-5.0485,2.3727,89.6765,85.1794,4.4971
PEMAFC-PCA-F (K=20/20),0,period_0707,8.000000,-5.5292,4.1685,93.8775,85.1794,8.6981
PEMAFC-PCA-F (K=20/20),0,period_0707,8.053333,-5.6951,2.5281,94.0908,85.1794,8.9114
PEMAFC-PCA-F (K=20/20),0,period_0707,8.106667,-5.6229,2.1254,93.5712,85.1794,8.3918
PEMAFC-PCA-F (K=20/20),0,period_0707,8.160000,-6.1571,2.9324,93.8328,85.1794,8.6534
PEMAFC-PCA-F (K=20/20),0,period_0707,8.200000,-6.1161,2.4592,92.0430,85.1794,6.8636
PEMAFC-PCA-F (K=20/20),0,period_0707,8.253333,-4.7901,3.0173,86.2050,85.1794,1.0256
PEMAFC-PCA-F (K=20/20),0,period_0707,8.306667,-5.3282,2.1499,88.1243,85.1794,2.9450
PEMAFC-PCA-F (K=20/20),0,period_0707,8.360000,-3.7697,4.4180,93.5163,85.1794,8.3369
PEMAFC-PCA-F (K=20/20),0,period_0707,8.400000,-6.2161,0.5493,89.5057,85.1794,4.3263
PEMAFC-PCA-F (K=20/20),0,period_0707,8.453333,-6.2999,1.9513,92.2101,85.1794,7.0307
PEMAFC-PCA-F (K=20/20),0,period_0707,8.506667,-6.0168,1.0547,86.9129,85.1794,1.7335
PEMAFC-PCA-F (K=20/20),0,period_0707,8.560000,-7.3337,1.8259,96.1559,85.1794,10.9766
PEMAFC-PCA-F (K=20/20),0,period_0707,8.600000,-6.3754,2.1327,90.4823,85.1794,5.3029
PEMAFC-PCA-F (K=20/20),0,period_0707,8.653333,-6.9137,1.1247,92.6162,85.1794,7.4368
PEMAFC-PCA-F (K=20/20),0,period_0707,8.706667,-7.0679,1.7900,90.2205,85.1794,5.0411
PEMAFC-PCA-F (K=20/20),0,period_0707,8.760000,-6.2785,1.7417,90.3263,85.1794,5.1470
PEMAFC-PCA-F (K=20/20),0,period_0707,8.800000,-5.8569,2.2651,95.0580,85.1794,9.8787
PEMAFC-PCA-F (K=20/20),0,period_0707,8.853333,-5.8855,2.0258,85.3109,85.1794,0.1315
PEMAFC-PCA-F (K=20/20),0,period_0707,8.906667,-5.8168,1.8707,88.5417,85.1794,3.3623
PEMAFC-PCA-F (K=20/20),0,period_0707,8.960000,-5.9029,1.8624,88.2689,85.1794,3.0895
PEMAFC-PCA-F (K=20/20),0,period_0707,9.000000,-7.2815,1.6352,93.7524,85.1794,8.5730
PEMAFC-PCA-F (K=20/20),0,period_0707,9.053333,-5.5043,1.8796,90.7490,85.1794,5.5696
PEMAFC-PCA-F (K=20/20),0,period_0707,9.106667,-6.8116,2.3382,95.6461,85.1794,10.4667
PEMAFC-PCA-F (K=20/20),0,period_0707,9.160000,-6.3856,1.8835,89.3602,85.1794,4.1808
PEMAFC-PCA-F (K=20/20),0,period_0707,9.200000,-7.2416,2.0122,95.5577,85.1794,10.3784
PEMAFC-PCA-F (K=20/20),0,period_0707,9.253333,-6.8345,1.6535,95.4426,85.1794,10.2633
PEMAFC-PCA-F (K=20/20),0,period_0707,9.306667,-5.1635,2.3114,94.6495,85.1794,9.4701
PEMAFC-PCA-F (K=20/20),0,period_0707,9.360000,-5.6793,1.6622,86.3855,85.1794,1.2061
PEMAFC-PCA-F (K=20/20),0,period_0707,9.400000,-6.1590,3.0279,89.4738,85.1794,4.2945
PEMAFC-PCA-F (K=20/20),0,period_0707,9.453333,-5.0379,1.8478,83.2495,85.1794,-1.9299
PEMAFC-PCA-F (K=20/20),0,period_0707,9.506667,-5.6884,1.6379,86.3291,85.1794,1.1498
PEMAFC-PCA-F (K=20/20),0,period_0707,9.560000,-7.4128,1.3525,94.9617,85.1794,9.7824
PEMAFC-PCA-F (K=20/20),0,period_0707,9.600000,-6.5832,2.5212,93.8315,85.1794,8.6521
PEMAFC-PCA-F (K=20/20),0,period_0707,9.653333,-5.5339,1.7553,85.2145,85.1794,0.0351
PEMAFC-PCA-F (K=20/20),0,period_0707,9.706667,-5.5988,2.7984,92.7105,85.1794,7.5311
PEMAFC-PCA-F (K=20/20),0,period_0707,9.760000,-5.6849,2.3138,91.6707,85.1794,6.4913
PEMAFC-PCA-F (K=20/20),0,period_0707,9.800000,-6.0391,2.7125,87.5867,85.1794,2.4074
PEMAFC-PCA-F (K=20/20),0,period_0707,9.853333,-6.5244,1.4755,90.4890,85.1794,5.3097
PEMAFC-PCA-F (K=20/20),0,period_0707,9.906667,-6.4560,1.8955,91.6370,85.1794,6.4576
PEMAFC-PCA-F (K=20/20),0,period_0707,9.960000,-6.8811,1.3784,89.1774,85.1794,3.9980
PEMAFC-PCA-F (K=20/20),0,period_0707,10.000000,-7.1599,2.1439,90.9073,85.1794,5.7279
PEMAFC-PCA-F (K=20/20),1,period_0856,10.013333,-0.9726,1.6115,76.5270,75.6790,0.8480
PEMAFC-PCA-F (K=20/20),1,period_0856,10.053333,-5.5451,3.1688,80.2342,75.6790,4.5552
PEMAFC-PCA-F (K=20/20),1,period_0856,10.106667,-8.3056,4.8809,84.1185,75.6790,8.4395
PEMAFC-PCA-F (K=20/20),1,period_0856,10.160000,-8.9050,5.0335,85.2141,75.6790,9.5351
PEMAFC-PCA-F (K=20/20),1,period_0856,10.200000,-8.9527,6.8654,84.8153,75.6790,9.1362
PEMAFC-PCA-F (K=20/20),1,period_0856,10.253333,-8.9689,5.2522,85.8809,75.6790,10.2019
PEMAFC-PCA-F (K=20/20),1,period_0856,10.306667,-8.8059,5.4432,85.6572,75.6790,9.9782
PEMAFC-PCA-F (K=20/20),1,period_0856,10.360000,-8.6990,5.2083,85.9677,75.6790,10.2887
PEMAFC-PCA-F (K=20/20),1,period_0856,10.400000,-8.5517,5.2020,85.8556,75.6790,10.1766
PEMAFC-PCA-F (K=20/20),1,period_0856,10.453333,-8.5630,4.9725,84.5058,75.6790,8.8268
PEMAFC-PCA-F (K=20/20),1,period_0856,10.506667,-8.6836,4.4428,85.5585,75.6790,9.8794
PEMAFC-PCA-F (K=20/20),1,period_0856,10.560000,-8.2312,6.9212,82.6838,75.6790,7.0048
PEMAFC-PCA-F (K=20/20),1,period_0856,10.600000,-8.7597,4.9545,86.0611,75.6790,10.3821
PEMAFC-PCA-F (K=20/20),1,period_0856,10.653333,-8.7681,5.4557,85.7319,75.6790,10.0529
PEMAFC-PCA-F (K=20/20),1,period_0856,10.706667,-8.8851,6.0339,86.0110,75.6790,10.3320
PEMAFC-PCA-F (K=20/20),1,period_0856,10.760000,-8.8297,5.1454,85.7291,75.6790,10.0500
PEMAFC-PCA-F (K=20/20),1,period_0856,10.800000,-8.8444,4.2745,86.1964,75.6790,10.5173
PEMAFC-PCA-F (K=20/20),1,period_0856,10.853333,-8.7663,7.4525,86.7771,75.6790,11.0980
PEMAFC-PCA-F (K=20/20),1,period_0856,10.906667,-9.0263,4.4989,85.9269,75.6790,10.2479
PEMAFC-PCA-F (K=20/20),1,period_0856,10.960000,-9.0133,5.3043,86.0966,75.6790,10.4176
PEMAFC-PCA-F (K=20/20),1,period_0856,11.000000,-8.8728,6.5765,86.0104,75.6790,10.3313
PEMAFC-PCA-F (K=20/20),1,period_0856,11.053333,-8.6752,5.7627,86.8511,75.6790,11.1721
PEMAFC-PCA-F (K=20/20),1,period_0856,11.106667,-8.7233,5.3341,85.7983,75.6790,10.1193
PEMAFC-PCA-F (K=20/20),1,period_0856,11.160000,-8.7709,5.3851,85.4407,75.6790,9.7616
PEMAFC-PCA-F (K=20/20),1,period_0856,11.200000,-8.6779,6.1598,86.0143,75.6790,10.3353
PEMAFC-PCA-F (K=20/20),1,period_0856,11.253333,-8.8273,4.5606,86.0551,75.6790,10.3760
PEMAFC-PCA-F (K=20/20),1,period_0856,11.306667,-8.5727,7.7727,86.0265,75.6790,10.3475
PEMAFC-PCA-F (K=20/20),1,period_0856,11.360000,-8.7326,5.9185,85.5469,75.6790,9.8678
PEMAFC-PCA-F (K=20/20),1,period_0856,11.400000,-8.7091,4.5642,86.0416,75.6790,10.3626
PEMAFC-PCA-F (K=20/20),1,period_0856,11.453333,-8.5718,5.9720,85.8254,75.6790,10.1464
PEMAFC-PCA-F (K=20/20),1,period_0856,11.506667,-8.2882,5.0765,85.6105,75.6790,9.9315
PEMAFC-PCA-F (K=20/20),1,period_0856,11.560000,-8.7557,5.7926,86.1557,75.6790,10.4767
PEMAFC-PCA-F (K=20/20),1,period_0856,11.600000,-8.4569,7.3050,85.6774,75.6790,9.9984
PEMAFC-PCA-F (K=20/20),1,period_0856,11.653333,-8.5017,5.7359,86.0643,75.6790,10.3853
PEMAFC-PCA-F (K=20/20),1,period_0856,11.706667,-8.7265,5.5215,85.7341,75.6790,10.0550
PEMAFC-PCA-F (K=20/20),1,period_0856,11.760000,-8.7711,5.2209,86.3585,75.6790,10.6795
PEMAFC-PCA-F (K=20/20),1,period_0856,11.800000,-8.8050,5.5462,86.3059,75.6790,10.6269
PEMAFC-PCA-F (K=20/20),1,period_0856,11.853333,-8.0034,5.2714,85.3807,75.6790,9.7017
PEMAFC-PCA-F (K=20/20),1,period_0856,11.906667,-8.7305,4.8671,83.0025,75.6790,7.3235
PEMAFC-PCA-F (K=20/20),1,period_0856,11.960000,-8.5057,4.6941,82.2190,75.6790,6.5400
PEMAFC-PCA-F (K=20/20),1,period_0856,12.000000,-8.8652,5.1908,83.8987,75.6790,8.2197
PEMAFC-PCA-F (K=20/20),1,period_0856,12.053333,-8.6149,5.0832,83.6935,75.6790,8.0145
PEMAFC-PCA-F (K=20/20),1,period_0856,12.106667,-8.6434,5.4505,85.3238,75.6790,9.6447
PEMAFC-PCA-F (K=20/20),1,period_0856,12.160000,-8.9362,4.8683,86.0801,75.6790,10.4011
PEMAFC-PCA-F (K=20/20),1,period_0856,12.200000,-8.5410,5.2027,85.3291,75.6790,9.6501
PEMAFC-PCA-F (K=20/20),1,period_0856,12.253333,-8.7534,6.6262,86.3060,75.6790,10.6270
PEMAFC-PCA-F (K=20/20),1,period_0856,12.306667,-8.2685,5.7943,83.8796,75.6790,8.2006
PEMAFC-PCA-F (K=20/20),1,period_0856,12.360000,-8.7578,5.2845,85.7999,75.6790,10.1209
PEMAFC-PCA-F (K=20/20),1,period_0856,12.400000,-8.4447,4.2299,81.5395,75.6790,5.8605
PEMAFC-PCA-F (K=20/20),1,period_0856,12.453333,-7.9706,5.0200,80.6441,75.6790,4.9651
PEMAFC-PCA-F (K=20/20),1,period_0856,12.506667,-8.8140,5.7333,85.8575,75.6790,10.1785
PEMAFC-PCA-F (K=20/20),1,period_0856,12.560000,-8.8183,5.2810,85.9238,75.6790,10.2448
PEMAFC-PCA-F (K=20/20),1,period_0856,12.600000,-8.8875,5.4960,85.7908,75.6790,10.1118
PEMAFC-PCA-F (K=20/20),1,period_0856,12.653333,-8.6247,4.6105,86.5566,75.6790,10.8776
PEMAFC-PCA-F (K=20/20),1,period_0856,12.706667,-7.7927,5.2365,79.2994,75.6790,3.6204
PEMAFC-PCA-F (K=20/20),1,period_0856,12.760000,-8.8045,4.4269,83.9447,75.6790,8.2657
PEMAFC-PCA-F (K=20/20),1,period_0856,12.800000,-8.8475,5.8177,85.9656,75.6790,10.2866
PEMAFC-PCA-F (K=20/20),1,period_0856,12.853333,-8.4760,4.5139,85.8059,75.6790,10.1268
PEMAFC-PCA-F (K=20/20),1,period_0856,12.906667,-8.8108,4.5730,84.9947,75.6790,9.3157
PEMAFC-PCA-F (K=20/20),1,period_0856,12.960000,-8.6276,5.1236,85.5656,75.6790,9.8866
PEMAFC-PCA-F (K=20/20),1,period_0856,13.000000,-8.8575,4.3888,86.6831,75.6790,11.0041
PEMAFC-PCA-F (K=20/20),1,period_0856,13.053333,-8.7928,5.9936,86.7031,75.6790,11.0240
PEMAFC-PCA-F (K=20/20),1,period_0856,13.106667,-8.9676,5.7219,86.7176,75.6790,11.0386
PEMAFC-PCA-F (K=20/20),1,period_0856,13.160000,-8.7732,4.0384,85.2021,75.6790,9.5231
PEMAFC-PCA-F (K=20/20),1,period_0856,13.200000,-9.0935,5.0548,86.5755,75.6790,10.8965
PEMAFC-PCA-F (K=20/20),1,period_0856,13.253333,-8.6938,6.1929,82.2589,75.6790,6.5799
PEMAFC-PCA-F (K=20/20),1,period_0856,13.306667,-8.4249,5.3081,86.1671,75.6790,10.4881
PEMAFC-PCA-F (K=20/20),1,period_0856,13.360000,-8.4125,6.1646,85.2794,75.6790,9.6004
PEMAFC-PCA-F (K=20/20),1,period_0856,13.400000,-8.5529,3.8722,83.9616,75.6790,8.2825
PEMAFC-PCA-F (K=20/20),1,period_0856,13.453333,-8.4832,5.0562,85.6278,75.6790,9.9487
PEMAFC-PCA-F (K=20/20),1,period_0856,13.506667,-8.4162,4.6684,83.9999,75.6790,8.3209
PEMAFC-PCA-F (K=20/20),1,period_0856,13.560000,-8.7451,5.3434,85.4522,75.6790,9.7732
PEMAFC-PCA-F (K=20/20),1,period_0856,13.600000,-8.5917,3.5191,83.0367,75.6790,7.3576
PEMAFC-PCA-F (K=20/20),1,period_0856,13.653333,-8.3952,4.6894,82.4146,75.6790,6.7355
PEMAFC-PCA-F (K=20/20),1,period_0856,13.706667,-8.7819,5.0526,84.7865,75.6790,9.1075
PEMAFC-PCA-F (K=20/20),1,period_0856,13.760000,-8.5450,4.8389,82.2814,75.6790,6.6024
PEMAFC-PCA-F (K=20/20),1,period_0856,13.800000,-8.7630,4.8403,86.2181,75.6790,10.5391
PEMAFC-PCA-F (K=20/20),1,period_0856,13.853333,-8.0788,6.2123,84.9704,75.6790,9.2914
PEMAFC-PCA-F (K=20/20),1,period_0856,13.906667,-8.6085,4.6598,85.8917,75.6790,10.2126
PEMAFC-PCA-F (K=20/20),1,period_0856,13.960000,-8.6857,5.7455,85.1768,75.6790,9.4977
PEMAFC-PCA-F (K=20/20),1,period_0856,14.000000,-8.7864,5.9354,86.2592,75.6790,10.5802
PEMAFC-PCA-F (K=20/20),1,period_0856,14.053333,-8.3640,5.9963,85.7522,75.6790,10.0732
PEMAFC-PCA-F (K=20/20),1,period_0856,14.106667,-8.6812,5.7624,85.7665,75.6790,10.0874
PEMAFC-PCA-F (K=20/20),1,period_0856,14.160000,-8.5513,4.9348,86.2655,75.6790,10.5865
PEMAFC-PCA-F (K=20/20),1,period_0856,14.200000,-8.4161,4.9882,85.6205,75.6790,9.9414
PEMAFC-PCA-F (K=20/20),1,period_0856,14.253333,-8.2932,5.6540,85.6471,75.6790,9.9681
PEMAFC-PCA-F (K=20/20),1,period_0856,14.306667,-8.4405,5.0991,85.4096,75.6790,9.7306
PEMAFC-PCA-F (K=20/20),1,period_0856,14.360000,-8.7719,5.9168,86.3085,75.6790,10.6295
PEMAFC-PCA-F (K=20/20),1,period_0856,14.400000,-8.4840,5.5615,86.2746,75.6790,10.5956
PEMAFC-PCA-F (K=20/20),1,period_0856,14.453333,-8.7486,5.7292,86.3381,75.6790,10.6591
PEMAFC-PCA-F (K=20/20),1,period_0856,14.506667,-8.5196,5.0944,85.3415,75.6790,9.6625
PEMAFC-PCA-F (K=20/20),1,period_0856,14.560000,-8.4499,5.3261,84.6587,75.6790,8.9797
PEMAFC-PCA-F (K=20/20),1,period_0856,14.600000,-8.4507,6.3475,86.2915,75.6790,10.6125
PEMAFC-PCA-F (K=20/20),1,period_0856,14.653333,-8.7098,5.4371,85.8104,75.6790,10.1314
PEMAFC-PCA-F (K=20/20),1,period_0856,14.706667,-8.6148,7.1105,86.2058,75.6790,10.5267
PEMAFC-PCA-F (K=20/20),1,period_0856,14.760000,-8.6825,5.2846,85.8312,75.6790,10.1522
PEMAFC-PCA-F (K=20/20),1,period_0856,14.800000,-8.5297,5.0051,86.4179,75.6790,10.7388
PEMAFC-PCA-F (K=20/20),1,period_0856,14.853333,-8.4156,7.8026,86.0232,75.6790,10.3441
PEMAFC-PCA-F (K=20/20),1,period_0856,14.906667,-8.4009,3.8163,81.5542,75.6790,5.8751
PEMAFC-PCA-F (K=20/20),1,period_0856,14.960000,-8.6419,5.2287,86.6050,75.6790,10.9260
PEMAFC-PCA-F (K=20/20),1,period_0856,15.000000,-8.6978,5.4054,85.9992,75.6790,10.3201
PEMAFC-PCA-F (K=20/20),1,period_0856,15.053333,-8.5455,4.7503,85.2722,75.6790,9.5932
PEMAFC-PCA-F (K=20/20),1,period_0856,15.106667,-8.1898,5.6993,85.6780,75.6790,9.9989
PEMAFC-PCA-F (K=20/20),1,period_0856,15.160000,-8.4683,4.5249,84.8245,75.6790,9.1455
PEMAFC-PCA-F (K=20/20),1,period_0856,15.200000,-8.7927,6.9458,85.9434,75.6790,10.2644
PEMAFC-PCA-F (K=20/20),1,period_0856,15.253333,-8.7829,4.7605,84.0690,75.6790,8.3900
PEMAFC-PCA-F (K=20/20),1,period_0856,15.306667,-8.5751,5.6522,83.8644,75.6790,8.1854
PEMAFC-PCA-F (K=20/20),1,period_0856,15.360000,-8.3370,5.1551,83.2409,75.6790,7.5619
PEMAFC-PCA-F (K=20/20),1,period_0856,15.400000,-8.4776,4.6415,84.8996,75.6790,9.2206
PEMAFC-PCA-F (K=20/20),1,period_0856,15.453333,-8.8027,4.4144,85.0863,75.6790,9.4073
PEMAFC-PCA-F (K=20/20),1,period_0856,15.506667,-8.6272,5.0847,86.4410,75.6790,10.7620
PEMAFC-PCA-F (K=20/20),1,period_0856,15.560000,-8.7188,5.5267,85.3357,75.6790,9.6567
PEMAFC-PCA-F (K=20/20),1,period_0856,15.600000,-8.5582,5.7373,85.8642,75.6790,10.1851
PEMAFC-PCA-F (K=20/20),1,period_0856,15.653333,-8.7557,6.1730,86.3073,75.6790,10.6283
PEMAFC-PCA-F (K=20/20),1,period_0856,15.706667,-8.3439,6.3346,85.0698,75.6790,9.3908
PEMAFC-PCA-F (K=20/20),1,period_0856,15.760000,-8.5484,6.0200,86.4529,75.6790,10.7739
PEMAFC-PCA-F (K=20/20),1,period_0856,15.800000,-8.8164,4.6315,84.8176,75.6790,9.1386
PEMAFC-PCA-F (K=20/20),1,period_0856,15.853333,-8.5697,6.0032,85.4745,75.6790,9.7954
PEMAFC-PCA-F (K=20/20),1,period_0856,15.906667,-8.9224,6.2798,86.1569,75.6790,10.4779
PEMAFC-PCA-F (K=20/20),1,period_0856,15.960000,-8.4453,6.1447,83.5759,75.6790,7.8968
PEMAFC-PCA-F (K=20/20),1,period_0856,16.000000,-8.7892,4.8342,85.5984,75.6790,9.9194
PEMAFC-PCA-F (K=20/20),1,period_0856,16.053333,-8.4777,6.4544,85.8359,75.6790,10.1569
PEMAFC-PCA-F (K=20/20),1,period_0856,16.106667,-8.5004,4.8613,85.9756,75.6790,10.2966
PEMAFC-PCA-F (K=20/20),1,period_0856,16.160000,-8.8196,5.6811,86.0441,75.6790,10.3650
PEMAFC-PCA-F (K=20/20),1,period_0856,16.200000,-8.5096,6.0183,85.5794,75.6790,9.9003
PEMAFC-PCA-F (K=20/20),1,period_0856,16.253333,-8.2819,6.0301,85.5722,75.6790,9.8931
PEMAFC-PCA-F (K=20/20),1,period_0856,16.306667,-8.5789,5.8447,85.7950,75.6790,10.1159
PEMAFC-PCA-F (K=20/20),1,period_0856,16.360000,-8.5985,5.4656,85.7341,75.6790,10.0551
PEMAFC-PCA-F (K=20/20),1,period_0856,16.400000,-8.6738,5.1287,85.5709,75.6790,9.8919
PEMAFC-PCA-F (K=20/20),1,period_0856,16.453333,-8.5255,5.2177,85.9378,75.6790,10.2588
PEMAFC-PCA-F (K=20/20),1,period_0856,16.506667,-8.5195,4.4292,82.8853,75.6790,7.2063
PEMAFC-PCA-F (K=20/20),1,period_0856,16.560000,-8.8278,6.0164,86.3234,75.6790,10.6444
PEMAFC-PCA-F (K=20/20),1,period_0856,16.600000,-8.7432,5.5007,86.4161,75.6790,10.7370
PEMAFC-PCA-F (K=20/20),1,period_0856,16.653333,-8.4059,5.6183,84.8206,75.6790,9.1415
PEMAFC-PCA-F (K=20/20),1,period_0856,16.706667,-8.5034,4.4438,86.1084,75.6790,10.4293
PEMAFC-PCA-F (K=20/20),1,period_0856,16.760000,-8.3907,5.5203,86.2716,75.6790,10.5926
PEMAFC-PCA-F (K=20/20),1,period_0856,16.800000,-8.5900,4.3352,86.1110,75.6790,10.4320
PEMAFC-PCA-F (K=20/20),1,period_0856,16.853333,-8.6276,5.8223,86.1385,75.6790,10.4595
PEMAFC-PCA-F (K=20/20),1,period_0856,16.906667,-8.7658,6.1462,86.2874,75.6790,10.6084
PEMAFC-PCA-F (K=20/20),1,period_0856,16.960000,-8.7616,4.9852,86.2014,75.6790,10.5224
PEMAFC-PCA-F (K=20/20),1,period_0856,17.000000,-9.1085,5.8778,86.2442,75.6790,10.5652
PEMAFC-PCA-F (K=20/20),1,period_0856,17.053333,-8.8057,5.9520,86.1373,75.6790,10.4582
PEMAFC-PCA-F (K=20/20),1,period_0856,17.106667,-8.4038,5.9827,82.8303,75.6790,7.1513
PEMAFC-PCA-F (K=20/20),1,period_0856,17.160000,-8.9309,3.9863,85.8566,75.6790,10.1775
PEMAFC-PCA-F (K=20/20),1,period_0856,17.200000,-8.7522,5.4078,86.4549,75.6790,10.7759
PEMAFC-PCA-F (K=20/20),1,period_0856,17.253333,-8.7327,5.4421,86.0827,75.6790,10.4037
PEMAFC-PCA-F (K=20/20),1,period_0856,17.306667,-8.5986,6.5096,85.0116,75.6790,9.3325
PEMAFC-PCA-F (K=20/20),1,period_0856,17.360000,-8.6027,5.3185,86.2682,75.6790,10.5891
PEMAFC-PCA-F (K=20/20),1,period_0856,17.400000,-8.8332,5.2063,86.2465,75.6790,10.5675
PEMAFC-PCA-F (K=20/20),1,period_0856,17.453333,-8.9635,5.7027,86.1630,75.6790,10.4839
PEMAFC-PCA-F (K=20/20),1,period_0856,17.506667,-8.6899,4.6434,84.9992,75.6790,9.3202
PEMAFC-PCA-F (K=20/20),1,period_0856,17.560000,-8.2503,5.9211,84.8089,75.6790,9.1298
PEMAFC-PCA-F (K=20/20),1,period_0856,17.600000,-8.4247,5.2869,85.2072,75.6790,9.5281
PEMAFC-PCA-F (K=20/20),1,period_0856,17.653333,-8.7898,5.2561,85.9699,75.6790,10.2909
PEMAFC-PCA-F (K=20/20),1,period_0856,17.706667,-8.6412,6.1957,85.7942,75.6790,10.1152
PEMAFC-PCA-F (K=20/20),1,period_0856,17.760000,-8.7418,5.5941,86.0631,75.6790,10.3840
PEMAFC-PCA-F (K=20/20),1,period_0856,17.800000,-8.6834,4.8340,86.3394,75.6790,10.6603
PEMAFC-PCA-F (K=20/20),1,period_0856,17.853333,-8.8201,4.5295,85.7605,75.6790,10.0815
PEMAFC-PCA-F (K=20/20),1,period_0856,17.906667,-8.4462,5.0403,85.8266,75.6790,10.1476
PEMAFC-PCA-F (K=20/20),1,period_0856,17.960000,-8.5912,6.0715,86.2729,75.6790,10.5939
PEMAFC-PCA-F (K=20/20),1,period_0856,18.000000,-8.6956,4.2040,86.0911,75.6790,10.4121
PEMAFC-PCA-F (K=20/20),1,period_0856,18.053333,-8.6968,5.2658,86.6752,75.6790,10.9962
PEMAFC-PCA-F (K=20/20),1,period_0856,18.106667,-8.6972,5.2488,86.8667,75.6790,11.1877
PEMAFC-PCA-F (K=20/20),1,period_0856,18.160000,-8.4728,4.5679,85.9852,75.6790,10.3062
PEMAFC-PCA-F (K=20/20),1,period_0856,18.200000,-8.9413,4.5918,86.1492,75.6790,10.4701
PEMAFC-PCA-F (K=20/20),1,period_0856,18.253333,-8.8612,5.9642,85.9414,75.6790,10.2624
PEMAFC-PCA-F (K=20/20),1,period_0856,18.306667,-7.2781,6.5325,78.1054,75.6790,2.4264
PEMAFC-PCA-F (K=20/20),1,period_0856,18.360000,-8.7378,3.9550,86.3707,75.6790,10.6917
PEMAFC-PCA-F (K=20/20),1,period_0856,18.400000,-8.5979,5.1133,86.1934,75.6790,10.5144
PEMAFC-PCA-F (K=20/20),1,period_0856,18.453333,-8.7084,5.8125,85.8190,75.6790,10.1399
PEMAFC-PCA-F (K=20/20),1,period_0856,18.506667,-8.4625,5.1126,86.1036,75.6790,10.4245
PEMAFC-PCA-F (K=20/20),1,period_0856,18.560000,-8.3969,6.3414,86.0956,75.6790,10.4166
PEMAFC-PCA-F (K=20/20),1,period_0856,18.600000,-8.0310,7.8415,83.5345,75.6790,7.8555
PEMAFC-PCA-F (K=20/20),1,period_0856,18.653333,-8.6270,3.4358,84.0588,75.6790,8.3798
PEMAFC-PCA-F (K=20/20),1,period_0856,18.706667,-8.6502,5.4609,85.2806,75.6790,9.6016
PEMAFC-PCA-F (K=20/20),1,period_0856,18.760000,-8.6866,4.3114,85.4613,75.6790,9.7823
PEMAFC-PCA-F (K=20/20),1,period_0856,18.800000,-8.5513,6.5007,86.1155,75.6790,10.4365
PEMAFC-PCA-F (K=20/20),1,period_0856,18.853333,-8.2086,6.2829,84.0754,75.6790,8.3964
PEMAFC-PCA-F (K=20/20),1,period_0856,18.906667,-8.5294,4.7078,86.0125,75.6790,10.3334
PEMAFC-PCA-F (K=20/20),1,period_0856,18.960000,-7.9511,5.4387,82.3957,75.6790,6.7166
PEMAFC-PCA-F (K=20/20),1,period_0856,19.000000,-8.4718,5.9301,85.8028,75.6790,10.1238
PEMAFC-PCA-F (K=20/20),1,period_0856,19.053333,-8.5593,5.0284,86.1244,75.6790,10.4454
PEMAFC-PCA-F (K=20/20),1,period_0856,19.106667,-8.4435,5.9643,84.2147,75.6790,8.5356
PEMAFC-PCA-F (K=20/20),1,period_0856,19.160000,-8.5529,5.4371,86.1280,75.6790,10.4490
PEMAFC-PCA-F (K=20/20),1,period_0856,19.200000,-8.7963,5.9969,86.7767,75.6790,11.0977
PEMAFC-PCA-F (K=20/20),1,period_0856,19.253333,-8.2998,5.1433,84.3924,75.6790,8.7134
PEMAFC-PCA-F (K=20/20),1,period_0856,19.306667,-8.4563,4.5456,85.5071,75.6790,9.8280
PEMAFC-PCA-F (K=20/20),1,period_0856,19.360000,-8.2544,6.8178,86.2563,75.6790,10.5773
PEMAFC-PCA-F (K=20/20),1,period_0856,19.400000,-8.2535,5.3962,83.5185,75.6790,7.8394
PEMAFC-PCA-F (K=20/20),1,period_0856,19.453333,-8.8630,4.8460,85.6980,75.6790,10.0190
PEMAFC-PCA-F (K=20/20),1,period_0856,19.506667,-8.4315,4.5258,85.4307,75.6790,9.7516
PEMAFC-PCA-F (K=20/20),1,period_0856,19.560000,-8.5907,4.0638,86.2585,75.6790,10.5795
PEMAFC-PCA-F (K=20/20),1,period_0856,19.600000,-8.7433,5.5367,85.5846,75.6790,9.9056
PEMAFC-PCA-F (K=20/20),1,period_0856,19.653333,-8.6126,4.2714,83.7800,75.6790,8.1010
PEMAFC-PCA-F (K=20/20),1,period_0856,19.706667,-8.1605,6.1366,85.9102,75.6790,10.2312
PEMAFC-PCA-F (K=20/20),1,period_0856,19.760000,-8.6790,4.6561,86.2529,75.6790,10.5739
PEMAFC-PCA-F (K=20/20),1,period_0856,19.800000,-8.6328,6.4070,86.3684,75.6790,10.6894
PEMAFC-PCA-F (K=20/20),1,period_0856,19.853333,-8.8595,4.7437,86.5448,75.6790,10.8658
PEMAFC-PCA-F (K=20/20),1,period_0856,19.906667,-8.4452,6.2960,86.2062,75.6790,10.5272
PEMAFC-PCA-F (K=20/20),1,period_0856,19.960000,-8.7186,4.8996,86.9434,75.6790,11.2644
PEMAFC-PCA-F (K=20/20),1,period_0856,20.000000,-8.6496,7.2891,86.2302,75.6790,10.5512
PEMAFC-PCA-F (K=20/20),2,period_0916,20.013333,-4.3926,-6.1252,78.8568,76.8005,2.0563
PEMAFC-PCA-F (K=20/20),2,period_0916,20.053333,-8.3686,2.2764,85.9627,76.8005,9.1622
PEMAFC-PCA-F (K=20/20),2,period_0916,20.106667,-10.0384,2.8219,83.2038,76.8005,6.4033
PEMAFC-PCA-F (K=20/20),2,period_0916,20.160000,-11.4046,3.7981,85.5945,76.8005,8.7940
PEMAFC-PCA-F (K=20/20),2,period_0916,20.200000,-11.8043,3.3030,83.9294,76.8005,7.1289
PEMAFC-PCA-F (K=20/20),2,period_0916,20.253333,-12.9462,3.0460,85.8931,76.8005,9.0926
PEMAFC-PCA-F (K=20/20),2,period_0916,20.306667,-13.4710,2.1210,85.6831,76.8005,8.8826
PEMAFC-PCA-F (K=20/20),2,period_0916,20.360000,-13.6776,2.9503,89.7588,76.8005,12.9583
PEMAFC-PCA-F (K=20/20),2,period_0916,20.400000,-13.8951,2.7767,87.1660,76.8005,10.3655
PEMAFC-PCA-F (K=20/20),2,period_0916,20.453333,-12.5136,3.0140,84.3565,76.8005,7.5560
PEMAFC-PCA-F (K=20/20),2,period_0916,20.506667,-13.4051,2.6106,84.4549,76.8005,7.6544
PEMAFC-PCA-F (K=20/20),2,period_0916,20.560000,-13.4249,3.3641,85.2505,76.8005,8.4500
PEMAFC-PCA-F (K=20/20),2,period_0916,20.600000,-12.4102,3.8614,84.0501,76.8005,7.2496
PEMAFC-PCA-F (K=20/20),2,period_0916,20.653333,-9.7729,4.5868,85.7290,76.8005,8.9285
PEMAFC-PCA-F (K=20/20),2,period_0916,20.706667,-12.4706,2.2359,84.9401,76.8005,8.1396
PEMAFC-PCA-F (K=20/20),2,period_0916,20.760000,-13.3304,3.7201,85.6506,76.8005,8.8501
PEMAFC-PCA-F (K=20/20),2,period_0916,20.800000,-12.7485,2.7257,87.2327,76.8005,10.4322
PEMAFC-PCA-F (K=20/20),2,period_0916,20.853333,-12.8850,2.4072,87.4939,76.8005,10.6934
PEMAFC-PCA-F (K=20/20),2,period_0916,20.906667,-13.1059,2.6126,90.1334,76.8005,13.3329
PEMAFC-PCA-F (K=20/20),2,period_0916,20.960000,-12.0946,3.4387,81.4923,76.8005,4.6918
PEMAFC-PCA-F (K=20/20),2,period_0916,21.000000,-13.6562,3.5883,86.6906,76.8005,9.8901
PEMAFC-PCA-F (K=20/20),2,period_0916,21.053333,-12.9999,2.5269,84.2820,76.8005,7.4815
PEMAFC-PCA-F (K=20/20),2,period_0916,21.106667,-12.0465,3.1906,81.8410,76.8005,5.0405
PEMAFC-PCA-F (K=20/20),2,period_0916,21.160000,-12.7000,4.0949,85.9013,76.8005,9.1008
PEMAFC-PCA-F (K=20/20),2,period_0916,21.200000,-13.2676,3.5650,86.0054,76.8005,9.2049
PEMAFC-PCA-F (K=20/20),2,period_0916,21.253333,-13.2217,4.0488,85.4622,76.8005,8.6617
PEMAFC-PCA-F (K=20/20),2,period_0916,21.306667,-12.1884,3.6743,84.3332,76.8005,7.5327
PEMAFC-PCA-F (K=20/20),2,period_0916,21.360000,-12.9841,3.2999,87.5045,76.8005,10.7040
PEMAFC-PCA-F (K=20/20),2,period_0916,21.400000,-13.5204,3.9579,86.3608,76.8005,9.5603
PEMAFC-PCA-F (K=20/20),2,period_0916,21.453333,-12.5348,3.0097,86.1542,76.8005,9.3537
PEMAFC-PCA-F (K=20/20),2,period_0916,21.506667,-12.9897,2.3677,82.6182,76.8005,5.8177
PEMAFC-PCA-F (K=20/20),2,period_0916,21.560000,-12.2159,3.0730,83.2120,76.8005,6.4115
PEMAFC-PCA-F (K=20/20),2,period_0916,21.600000,-12.7033,3.1612,84.8520,76.8005,8.0515
PEMAFC-PCA-F (K=20/20),2,period_0916,21.653333,-13.5062,3.8199,86.0743,76.8005,9.2738
PEMAFC-PCA-F (K=20/20),2,period_0916,21.706667,-13.2799,3.3097,84.5962,76.8005,7.7957
PEMAFC-PCA-F (K=20/20),2,period_0916,21.760000,-13.2758,3.7122,85.9697,76.8005,9.1692
PEMAFC-PCA-F (K=20/20),2,period_0916,21.800000,-12.5803,2.2573,83.0910,76.8005,6.2905
PEMAFC-PCA-F (K=20/20),2,period_0916,21.853333,-13.9627,2.2746,87.8403,76.8005,11.0398
PEMAFC-PCA-F (K=20/20),2,period_0916,21.906667,-11.8080,3.2023,82.9342,76.8005,6.1337
PEMAFC-PCA-F (K=20/20),2,period_0916,21.960000,-13.5034,2.9340,85.3996,76.8005,8.5991
PEMAFC-PCA-F (K=20/20),2,period_0916,22.000000,-13.8963,2.3255,86.5723,76.8005,9.7718
PEMAFC-PCA-F (K=20/20),2,period_0916,22.053333,-13.3843,2.5501,88.5062,76.8005,11.7057
PEMAFC-PCA-F (K=20/20),2,period_0916,22.106667,-12.9069,4.4025,84.1277,76.8005,7.3272
PEMAFC-PCA-F (K=20/20),2,period_0916,22.160000,-13.7765,3.0015,84.4118,76.8005,7.6113
PEMAFC-PCA-F (K=20/20),2,period_0916,22.200000,-13.4425,3.4676,83.9793,76.8005,7.1788
PEMAFC-PCA-F (K=20/20),2,period_0916,22.253333,-14.0060,3.5390,87.2269,76.8005,10.4264
PEMAFC-PCA-F (K=20/20),2,period_0916,22.306667,-13.3145,2.8515,86.6592,76.8005,9.8587
PEMAFC-PCA-F (K=20/20),2,period_0916,22.360000,-14.0532,2.0728,88.4999,76.8005,11.6994
PEMAFC-PCA-F (K=20/20),2,period_0916,22.400000,-13.0152,4.0281,84.9003,76.8005,8.0998
PEMAFC-PCA-F (K=20/20),2,period_0916,22.453333,-12.8704,3.4524,85.3113,76.8005,8.5108
PEMAFC-PCA-F (K=20/20),2,period_0916,22.506667,-12.4027,3.9100,87.1973,76.8005,10.3968
PEMAFC-PCA-F (K=20/20),2,period_0916,22.560000,-11.7017,3.5979,82.1317,76.8005,5.3312
PEMAFC-PCA-F (K=20/20),2,period_0916,22.600000,-13.5165,2.3203,84.2183,76.8005,7.4178
PEMAFC-PCA-F (K=20/20),2,period_0916,22.653333,-13.9596,3.0122,86.7969,76.8005,9.9964
PEMAFC-PCA-F (K=20/20),2,period_0916,22.706667,-11.7330,3.2670,84.6082,76.8005,7.8077
PEMAFC-PCA-F (K=20/20),2,period_0916,22.760000,-13.7774,2.5626,86.1920,76.8005,9.3915
PEMAFC-PCA-F (K=20/20),2,period_0916,22.800000,-12.6111,3.6274,85.9830,76.8005,9.1825
PEMAFC-PCA-F (K=20/20),2,period_0916,22.853333,-13.0675,3.5265,90.0129,76.8005,13.2124
PEMAFC-PCA-F (K=20/20),2,period_0916,22.906667,-12.9377,3.3211,85.5157,76.8005,8.7152
PEMAFC-PCA-F (K=20/20),2,period_0916,22.960000,-13.6072,3.3028,88.0616,76.8005,11.2611
PEMAFC-PCA-F (K=20/20),2,period_0916,23.000000,-13.0921,4.0499,83.4857,76.8005,6.6852
PEMAFC-PCA-F (K=20/20),2,period_0916,23.053333,-12.6135,3.3481,83.3702,76.8005,6.5697
PEMAFC-PCA-F (K=20/20),2,period_0916,23.106667,-13.4085,2.5774,88.9958,76.8005,12.1953
PEMAFC-PCA-F (K=20/20),2,period_0916,23.160000,-13.2038,4.2602,85.9570,76.8005,9.1565
PEMAFC-PCA-F (K=20/20),2,period_0916,23.200000,-13.5804,2.3201,86.4232,76.8005,9.6227
PEMAFC-PCA-F (K=20/20),2,period_0916,23.253333,-14.0601,3.1339,88.6029,76.8005,11.8024
PEMAFC-PCA-F (K=20/20),2,period_0916,23.306667,-13.1610,4.2580,86.0988,76.8005,9.2983
PEMAFC-PCA-F (K=20/20),2,period_0916,23.360000,-13.4360,3.5639,86.3955,76.8005,9.5950
PEMAFC-PCA-F (K=20/20),2,period_0916,23.400000,-11.3025,4.6647,84.7494,76.8005,7.9489
PEMAFC-PCA-F (K=20/20),2,period_0916,23.453333,-13.0368,2.9530,87.3156,76.8005,10.5151
PEMAFC-PCA-F (K=20/20),2,period_0916,23.506667,-13.5400,3.2447,86.1879,76.8005,9.3874
PEMAFC-PCA-F (K=20/20),2,period_0916,23.560000,-12.8553,3.3860,85.1602,76.8005,8.3597
PEMAFC-PCA-F (K=20/20),2,period_0916,23.600000,-13.3953,3.9064,87.8408,76.8005,11.0403
PEMAFC-PCA-F (K=20/20),2,period_0916,23.653333,-14.0958,3.6200,86.1219,76.8005,9.3214
PEMAFC-PCA-F (K=20/20),2,period_0916,23.706667,-12.5650,4.3003,84.0055,76.8005,7.2051
PEMAFC-PCA-F (K=20/20),2,period_0916,23.760000,-12.7181,3.1974,84.7979,76.8005,7.9974
PEMAFC-PCA-F (K=20/20),2,period_0916,23.800000,-13.8398,2.1877,88.5739,76.8005,11.7734
PEMAFC-PCA-F (K=20/20),2,period_0916,23.853333,-13.7066,4.1603,89.2765,76.8005,12.4760
PEMAFC-PCA-F (K=20/20),2,period_0916,23.906667,-13.9472,3.0945,86.4363,76.8005,9.6358
PEMAFC-PCA-F (K=20/20),2,period_0916,23.960000,-13.7260,2.7037,90.5911,76.8005,13.7906
PEMAFC-PCA-F (K=20/20),2,period_0916,24.000000,-13.4275,2.2550,87.6617,76.8005,10.8612
PEMAFC-PCA-F (K=20/20),2,period_0916,24.053333,-13.3248,3.4384,88.3548,76.8005,11.5543
PEMAFC-PCA-F (K=20/20),2,period_0916,24.106667,-13.0999,3.1790,88.0275,76.8005,11.2270
PEMAFC-PCA-F (K=20/20),2,period_0916,24.160000,-12.6337,3.8464,83.6492,76.8005,6.8487
PEMAFC-PCA-F (K=20/20),2,period_0916,24.200000,-13.1631,3.4809,84.3930,76.8005,7.5925
PEMAFC-PCA-F (K=20/20),2,period_0916,24.253333,-12.0977,3.0073,82.3665,76.8005,5.5660
PEMAFC-PCA-F (K=20/20),2,period_0916,24.306667,-13.5668,2.5228,87.6213,76.8005,10.8208
PEMAFC-PCA-F (K=20/20),2,period_0916,24.360000,-13.1002,3.5467,85.2371,76.8005,8.4366
PEMAFC-PCA-F (K=20/20),2,period_0916,24.400000,-13.9579,2.7065,85.7546,76.8005,8.9541
PEMAFC-PCA-F (K=20/20),2,period_0916,24.453333,-14.0122,2.7189,85.7759,76.8005,8.9754
PEMAFC-PCA-F (K=20/20),2,period_0916,24.506667,-13.1043,3.1662,84.9044,76.8005,8.1039
PEMAFC-PCA-F (K=20/20),2,period_0916,24.560000,-13.1434,2.1061,84.7479,76.8005,7.9474
PEMAFC-PCA-F (K=20/20),2,period_0916,24.600000,-11.5636,2.9205,84.1785,76.8005,7.3780
PEMAFC-PCA-F (K=20/20),2,period_0916,24.653333,-13.2142,2.7640,87.6933,76.8005,10.8928
PEMAFC-PCA-F (K=20/20),2,period_0916,24.706667,-13.0938,3.1955,85.7610,76.8005,8.9605
PEMAFC-PCA-F (K=20/20),2,period_0916,24.760000,-13.4277,4.0165,86.9959,76.8005,10.1954
PEMAFC-PCA-F (K=20/20),2,period_0916,24.800000,-13.1623,2.9852,86.5575,76.8005,9.7570
PEMAFC-PCA-F (K=20/20),2,period_0916,24.853333,-13.4813,3.5326,85.0924,76.8005,8.2919
PEMAFC-PCA-F (K=20/20),2,period_0916,24.906667,-12.7861,2.3371,84.4530,76.8005,7.6525
PEMAFC-PCA-F (K=20/20),2,period_0916,24.960000,-13.3118,2.3659,87.8541,76.8005,11.0536
PEMAFC-PCA-F (K=20/20),2,period_0916,25.000000,-13.4541,3.8995,85.2841,76.8005,8.4836
PEMAFC-PCA-F (K=20/20),2,period_0916,25.053333,-13.1061,2.6845,89.3070,76.8005,12.5065
PEMAFC-PCA-F (K=20/20),2,period_0916,25.106667,-13.4859,3.1634,86.3760,76.8005,9.5755
PEMAFC-PCA-F (K=20/20),2,period_0916,25.160000,-13.9888,2.9263,87.1671,76.8005,10.3666
PEMAFC-PCA-F (K=20/20),2,period_0916,25.200000,-13.3506,2.7881,87.6415,76.8005,10.8411
PEMAFC-PCA-F (K=20/20),2,period_0916,25.253333,-13.4141,3.2169,85.0357,76.8005,8.2352
PEMAFC-PCA-F (K=20/20),2,period_0916,25.306667,-13.2704,3.4961,84.5615,76.8005,7.7610
PEMAFC-PCA-F (K=20/20),2,period_0916,25.360000,-12.5760,3.1368,83.1311,76.8005,6.3306
PEMAFC-PCA-F (K=20/20),2,period_0916,25.400000,-13.3550,3.3497,84.8306,76.8005,8.0301
PEMAFC-PCA-F (K=20/20),2,period_0916,25.453333,-12.3025,3.3299,87.6976,76.8005,10.8971
PEMAFC-PCA-F (K=20/20),2,period_0916,25.506667,-13.2710,2.3021,86.8698,76.8005,10.0693
PEMAFC-PCA-F (K=20/20),2,period_0916,25.560000,-13.4217,3.3658,86.9500,76.8005,10.1495
PEMAFC-PCA-F (K=20/20),2,period_0916,25.600000,-13.7927,2.2984,85.9178,76.8005,9.1173
PEMAFC-PCA-F (K=20/20),2,period_0916,25.653333,-12.3508,3.4307,85.2134,76.8005,8.4129
PEMAFC-PCA-F (K=20/20),2,period_0916,25.706667,-13.3419,2.6666,88.4652,76.8005,11.6647
PEMAFC-PCA-F (K=20/20),2,period_0916,25.760000,-12.5657,3.0145,84.3817,76.8005,7.5812
PEMAFC-PCA-F (K=20/20),2,period_0916,25.800000,-13.5270,3.4645,86.6843,76.8005,9.8838
PEMAFC-PCA-F (K=20/20),2,period_0916,25.853333,-13.0315,2.5575,83.3065,76.8005,6.5060
PEMAFC-PCA-F (K=20/20),2,period_0916,25.906667,-13.1531,3.7610,85.3792,76.8005,8.5787
PEMAFC-PCA-F (K=20/20),2,period_0916,25.960000,-13.2722,2.4447,83.4973,76.8005,6.6968
PEMAFC-PCA-F (K=20/20),2,period_0916,26.000000,-13.1809,3.1484,83.6988,76.8005,6.8984
PEMAFC-PCA-F (K=20/20),2,period_0916,26.053333,-12.7664,3.4917,85.1409,76.8005,8.3404
PEMAFC-PCA-F (K=20/20),2,period_0916,26.106667,-12.6932,2.6375,84.8505,76.8005,8.0500
PEMAFC-PCA-F (K=20/20),2,period_0916,26.160000,-13.5122,2.5501,84.5501,76.8005,7.7496
PEMAFC-PCA-F (K=20/20),2,period_0916,26.200000,-13.1734,3.2326,84.5375,76.8005,7.7370
PEMAFC-PCA-F (K=20/20),2,period_0916,26.253333,-12.5139,3.9725,84.4589,76.8005,7.6584
PEMAFC-PCA-F (K=20/20),2,period_0916,26.306667,-13.6517,3.1190,87.2186,76.8005,10.4181
PEMAFC-PCA-F (K=20/20),2,period_0916,26.360000,-13.8972,3.1755,87.3620,76.8005,10.5615
PEMAFC-PCA-F (K=20/20),2,period_0916,26.400000,-11.8634,4.7095,83.4934,76.8005,6.6929
PEMAFC-PCA-F (K=20/20),2,period_0916,26.453333,-13.4674,3.0515,85.4522,76.8005,8.6517
PEMAFC-PCA-F (K=20/20),2,period_0916,26.506667,-13.7639,2.7526,86.3851,76.8005,9.5846
PEMAFC-PCA-F (K=20/20),2,period_0916,26.560000,-13.5221,3.0395,89.1508,76.8005,12.3503
PEMAFC-PCA-F (K=20/20),2,period_0916,26.600000,-13.0774,4.3684,89.3392,76.8005,12.5387
PEMAFC-PCA-F (K=20/20),2,period_0916,26.653333,-13.7882,3.1918,87.4523,76.8005,10.6518
PEMAFC-PCA-F (K=20/20),2,period_0916,26.706667,-13.5089,3.3097,87.1004,76.8005,10.2999
PEMAFC-PCA-F (K=20/20),2,period_0916,26.760000,-13.5493,2.9167,88.8296,76.8005,12.0291
PEMAFC-PCA-F (K=20/20),2,period_0916,26.800000,-12.9510,3.2976,85.0949,76.8005,8.2944
PEMAFC-PCA-F (K=20/20),2,period_0916,26.853333,-13.2215,2.8176,85.3564,76.8005,8.5559
PEMAFC-PCA-F (K=20/20),2,period_0916,26.906667,-12.4594,3.4292,85.8743,76.8005,9.0738
PEMAFC-PCA-F (K=20/20),2,period_0916,26.960000,-11.9746,2.9452,87.9265,76.8005,11.1260
PEMAFC-PCA-F (K=20/20),2,period_0916,27.000000,-14.0546,3.4757,89.3861,76.8005,12.5856
PEMAFC-PCA-F (K=20/20),2,period_0916,27.053333,-11.8454,3.0231,83.2440,76.8005,6.4435
PEMAFC-PCA-F (K=20/20),2,period_0916,27.106667,-13.1129,3.7412,84.4391,76.8005,7.6386
PEMAFC-PCA-F (K=20/20),2,period_0916,27.160000,-12.4762,3.9492,84.4874,76.8005,7.6869
PEMAFC-PCA-F (K=20/20),2,period_0916,27.200000,-12.8680,2.1676,87.3362,76.8005,10.5357
PEMAFC-PCA-F (K=20/20),2,period_0916,27.253333,-13.9445,2.9077,86.8989,76.8005,10.0984
PEMAFC-PCA-F (K=20/20),2,period_0916,27.306667,-13.7047,2.5208,86.2961,76.8005,9.4956
PEMAFC-PCA-F (K=20/20),2,period_0916,27.360000,-14.1439,3.3386,89.6558,76.8005,12.8553
PEMAFC-PCA-F (K=20/20),2,period_0916,27.400000,-13.1167,4.6052,86.8644,76.8005,10.0639
PEMAFC-PCA-F (K=20/20),2,period_0916,27.453333,-12.7346,2.9081,91.6032,76.8005,14.8027
PEMAFC-PCA-F (K=20/20),2,period_0916,27.506667,-13.3253,3.1312,84.9658,76.8005,8.1653
PEMAFC-PCA-F (K=20/20),2,period_0916,27.560000,-13.3332,3.9792,84.4679,76.8005,7.6674
PEMAFC-PCA-F (K=20/20),2,period_0916,27.600000,-13.5355,3.1247,85.3375,76.8005,8.5370
PEMAFC-PCA-F (K=20/20),2,period_0916,27.653333,-13.6714,3.4431,88.1185,76.8005,11.3180
PEMAFC-PCA-F (K=20/20),2,period_0916,27.706667,-12.8426,3.3717,83.2541,76.8005,6.4536
PEMAFC-PCA-F (K=20/20),2,period_0916,27.760000,-13.3299,3.0472,85.0127,76.8005,8.2122
PEMAFC-PCA-F (K=20/20),2,period_0916,27.800000,-12.8754,2.9253,84.4765,76.8005,7.6760
PEMAFC-PCA-F (K=20/20),2,period_0916,27.853333,-13.2357,2.7388,83.2690,76.8005,6.4685
PEMAFC-PCA-F (K=20/20),2,period_0916,27.906667,-13.3560,2.9123,86.9161,76.8005,10.1156
PEMAFC-PCA-F (K=20/20),2,period_0916,27.960000,-13.0727,3.6160,85.1992,76.8005,8.3988
PEMAFC-PCA-F (K=20/20),2,period_0916,28.000000,-12.6120,3.7527,85.0322,76.8005,8.2317
PEMAFC-PCA-F (K=20/20),2,period_0916,28.053333,-13.4419,3.2718,84.6650,76.8005,7.8645
PEMAFC-PCA-F (K=20/20),2,period_0916,28.106667,-13.3841,3.1946,89.1461,76.8005,12.3456
PEMAFC-PCA-F (K=20/20),2,period_0916,28.160000,-13.7874,2.9166,87.3351,76.8005,10.5346
PEMAFC-PCA-F (K=20/20),2,period_0916,28.200000,-13.1525,3.2730,85.7344,76.8005,8.9339
PEMAFC-PCA-F (K=20/20),2,period_0916,28.253333,-12.3805,4.0933,83.9935,76.8005,7.1930
PEMAFC-PCA-F (K=20/20),2,period_0916,28.306667,-13.1220,2.8856,86.1140,76.8005,9.3135
PEMAFC-PCA-F (K=20/20),2,period_0916,28.360000,-13.3882,2.8750,90.4962,76.8005,13.6957
PEMAFC-PCA-F (K=20/20),2,period_0916,28.400000,-13.9664,2.9430,87.5066,76.8005,10.7061
PEMAFC-PCA-F (K=20/20),2,period_0916,28.453333,-13.1932,4.0009,88.5200,76.8005,11.7195
PEMAFC-PCA-F (K=20/20),2,period_0916,28.506667,-12.3269,3.9126,83.3604,76.8005,6.5599
PEMAFC-PCA-F (K=20/20),2,period_0916,28.560000,-13.1823,2.9603,87.8013,76.8005,11.0008
PEMAFC-PCA-F (K=20/20),2,period_0916,28.600000,-12.3915,3.8471,84.8247,76.8005,8.0242
PEMAFC-PCA-F (K=20/20),2,period_0916,28.653333,-11.6917,4.3499,85.1658,76.8005,8.3653
PEMAFC-PCA-F (K=20/20),2,period_0916,28.706667,-10.4823,3.5883,77.9937,76.8005,1.1932
PEMAFC-PCA-F (K=20/20),2,period_0916,28.760000,-14.0597,2.6003,88.0895,76.8005,11.2890
PEMAFC-PCA-F (K=20/20),2,period_0916,28.800000,-13.8396,1.9780,84.7934,76.8005,7.9929
PEMAFC-PCA-F (K=20/20),2,period_0916,28.853333,-13.7889,3.9800,88.5889,76.8005,11.7884
PEMAFC-PCA-F (K=20/20),2,period_0916,28.906667,-13.3242,2.3603,86.7862,76.8005,9.9857
PEMAFC-PCA-F (K=20/20),2,period_0916,28.960000,-12.3544,3.3713,81.9904,76.8005,5.1899
PEMAFC-PCA-F (K=20/20),2,period_0916,29.000000,-13.2915,4.4832,85.7415,76.8005,8.9410
PEMAFC-PCA-F (K=20/20),2,period_0916,29.053333,-13.3423,3.0973,87.2747,76.8005,10.4742
PEMAFC-PCA-F (K=20/20),2,period_0916,29.106667,-13.3544,2.9624,88.7271,76.8005,11.9266
PEMAFC-PCA-F (K=20/20),2,period_0916,29.160000,-13.6356,2.6309,82.7722,76.8005,5.9717
PEMAFC-PCA-F (K=20/20),2,period_0916,29.200000,-13.5933,3.4409,83.5925,76.8005,6.7920
PEMAFC-PCA-F (K=20/20),2,period_0916,29.253333,-13.7882,3.3694,82.8616,76.8005,6.0611
PEMAFC-PCA-F (K=20/20),2,period_0916,29.306667,-11.3375,3.2957,78.7858,76.8005,1.9853
PEMAFC-PCA-F (K=20/20),2,period_0916,29.360000,-12.5513,3.1319,85.3423,76.8005,8.5418
PEMAFC-PCA-F (K=20/20),2,period_0916,29.400000,-13.0644,2.8747,84.8905,76.8005,8.0900
PEMAFC-PCA-F (K=20/20),2,period_0916,29.453333,-13.0046,2.6906,85.7142,76.8005,8.9137
PEMAFC-PCA-F (K=20/20),2,period_0916,29.506667,-13.6053,3.0748,87.4572,76.8005,10.6567
PEMAFC-PCA-F (K=20/20),2,period_0916,29.560000,-12.6952,2.7692,85.0043,76.8005,8.2038
PEMAFC-PCA-F (K=20/20),2,period_0916,29.600000,-12.3641,3.4315,83.1343,76.8005,6.3338
PEMAFC-PCA-F (K=20/20),2,period_0916,29.653333,-12.7741,2.8607,83.8145,76.8005,7.0140
PEMAFC-PCA-F (K=20/20),2,period_0916,29.706667,-12.3444,3.9601,83.3888,76.8005,6.5883
PEMAFC-PCA-F (K=20/20),2,period_0916,29.760000,-13.5447,2.6087,86.5590,76.8005,9.7585
PEMAFC-PCA-F (K=20/20),2,period_0916,29.800000,-13.0833,3.3009,82.9532,76.8005,6.1527
PEMAFC-PCA-F (K=20/20),2,period_0916,29.853333,-13.8016,3.1325,90.2090,76.8005,13.4085
PEMAFC-PCA-F (K=20/20),2,period_0916,29.906667,-12.0102,3.5220,86.6509,76.8005,9.8504
PEMAFC-PCA-F (K=20/20),2,period_0916,29.960000,-13.6467,2.8692,88.1926,76.8005,11.3921
PEMAFC-PCA-F (K=20/20),2,period_0916,30.000000,-13.5708,3.1391,84.6564,76.8005,7.8559
PEMAFC-PCA-F (K=20/20),3,period_0943,30.013333,-3.9940,0.2916,70.6441,67.9790,2.6651
PEMAFC-PCA-F (K=20/20),3,period_0943,30.053333,-6.3031,5.0081,72.6843,67.9790,4.7052
PEMAFC-PCA-F (K=20/20),3,period_0943,30.106667,-8.7827,3.7587,75.0548,67.9790,7.0757
PEMAFC-PCA-F (K=20/20),3,period_0943,30.160000,-10.1709,3.8681,77.2035,67.9790,9.2245
PEMAFC-PCA-F (K=20/20),3,period_0943,30.200000,-10.5600,5.4183,78.0483,67.9790,10.0693
PEMAFC-PCA-F (K=20/20),3,period_0943,30.253333,-11.1037,3.3475,79.9005,67.9790,11.9214
PEMAFC-PCA-F (K=20/20),3,period_0943,30.306667,-11.2803,3.5074,80.7311,67.9790,12.7521
PEMAFC-PCA-F (K=20/20),3,period_0943,30.360000,-11.6314,4.8369,81.5571,67.9790,13.5781
PEMAFC-PCA-F (K=20/20),3,period_0943,30.400000,-11.4487,5.3662,80.7874,67.9790,12.8084
PEMAFC-PCA-F (K=20/20),3,period_0943,30.453333,-11.3470,4.8749,81.4403,67.9790,13.4612
PEMAFC-PCA-F (K=20/20),3,period_0943,30.506667,-11.2781,3.7163,80.9464,67.9790,12.9674
PEMAFC-PCA-F (K=20/20),3,period_0943,30.560000,-11.2173,5.2761,80.9842,67.9790,13.0051
PEMAFC-PCA-F (K=20/20),3,period_0943,30.600000,-11.2121,3.7070,81.3503,67.9790,13.3712
PEMAFC-PCA-F (K=20/20),3,period_0943,30.653333,-11.0453,4.1898,80.9742,67.9790,12.9951
PEMAFC-PCA-F (K=20/20),3,period_0943,30.706667,-11.0052,2.4089,81.3901,67.9790,13.4111
PEMAFC-PCA-F (K=20/20),3,period_0943,30.760000,-10.9641,4.0751,81.1103,67.9790,13.1312
PEMAFC-PCA-F (K=20/20),3,period_0943,30.800000,-11.0790,3.5135,81.7994,67.9790,13.8203
PEMAFC-PCA-F (K=20/20),3,period_0943,30.853333,-11.0504,3.6130,81.2483,67.9790,13.2692
PEMAFC-PCA-F (K=20/20),3,period_0943,30.906667,-11.1142,3.9476,81.4809,67.9790,13.5018
PEMAFC-PCA-F (K=20/20),3,period_0943,30.960000,-11.2663,3.5463,81.2254,67.9790,13.2464
PEMAFC-PCA-F (K=20/20),3,period_0943,31.000000,-11.3247,6.5670,81.8488,67.9790,13.8698
PEMAFC-PCA-F (K=20/20),3,period_0943,31.053333,-11.2952,3.7665,81.5423,67.9790,13.5632
PEMAFC-PCA-F (K=20/20),3,period_0943,31.106667,-11.0551,3.3715,80.3857,67.9790,12.4067
PEMAFC-PCA-F (K=20/20),3,period_0943,31.160000,-11.1630,3.7500,80.4246,67.9790,12.4456
PEMAFC-PCA-F (K=20/20),3,period_0943,31.200000,-11.1455,5.0569,80.5027,67.9790,12.5237
PEMAFC-PCA-F (K=20/20),3,period_0943,31.253333,-10.9608,3.9688,80.8081,67.9790,12.8290
PEMAFC-PCA-F (K=20/20),3,period_0943,31.306667,-11.2873,4.3660,81.3245,67.9790,13.3454
PEMAFC-PCA-F (K=20/20),3,period_0943,31.360000,-11.2187,3.4680,81.6659,67.9790,13.6869
PEMAFC-PCA-F (K=20/20),3,period_0943,31.400000,-11.3479,5.3679,81.7150,67.9790,13.7359
PEMAFC-PCA-F (K=20/20),3,period_0943,31.453333,-11.2436,3.5202,81.3235,67.9790,13.3445
PEMAFC-PCA-F (K=20/20),3,period_0943,31.506667,-11.1086,3.9971,81.0915,67.9790,13.1125
PEMAFC-PCA-F (K=20/20),3,period_0943,31.560000,-11.1056,4.3077,80.4685,67.9790,12.4894
PEMAFC-PCA-F (K=20/20),3,period_0943,31.600000,-11.1266,4.2926,80.2910,67.9790,12.3120
PEMAFC-PCA-F (K=20/20),3,period_0943,31.653333,-10.8697,3.8889,79.2869,67.9790,11.3078
PEMAFC-PCA-F (K=20/20),3,period_0943,31.706667,-10.9458,4.4063,80.2640,67.9790,12.2850
PEMAFC-PCA-F (K=20/20),3,period_0943,31.760000,-10.9173,3.9735,80.1037,67.9790,12.1246
PEMAFC-PCA-F (K=20/20),3,period_0943,31.800000,-11.0545,4.3759,80.9263,67.9790,12.9472
PEMAFC-PCA-F (K=20/20),3,period_0943,31.853333,-11.2715,4.8818,81.4495,67.9790,13.4705
PEMAFC-PCA-F (K=20/20),3,period_0943,31.906667,-11.0184,3.6824,80.8247,67.9790,12.8457
PEMAFC-PCA-F (K=20/20),3,period_0943,31.960000,-11.2837,3.7698,81.4507,67.9790,13.4717
PEMAFC-PCA-F (K=20/20),3,period_0943,32.000000,-10.9081,3.9852,80.6013,67.9790,12.6222
PEMAFC-PCA-F (K=20/20),3,period_0943,32.053333,-11.1634,4.8596,81.6758,67.9790,13.6968
PEMAFC-PCA-F (K=20/20),3,period_0943,32.106667,-11.3661,2.9740,81.5812,67.9790,13.6022
PEMAFC-PCA-F (K=20/20),3,period_0943,32.160000,-11.4612,3.9138,81.9438,67.9790,13.9647
PEMAFC-PCA-F (K=20/20),3,period_0943,32.200000,-11.4436,4.2131,81.7265,67.9790,13.7474
PEMAFC-PCA-F (K=20/20),3,period_0943,32.253333,-11.3218,4.3431,81.5882,67.9790,13.6092
PEMAFC-PCA-F (K=20/20),3,period_0943,32.306667,-11.2129,4.4542,81.6959,67.9790,13.7169
PEMAFC-PCA-F (K=20/20),3,period_0943,32.360000,-11.1635,3.5215,81.7021,67.9790,13.7231
PEMAFC-PCA-F (K=20/20),3,period_0943,32.400000,-11.2153,5.1248,80.9956,67.9790,13.0165
PEMAFC-PCA-F (K=20/20),3,period_0943,32.453333,-11.3334,4.0238,81.2061,67.9790,13.2271
PEMAFC-PCA-F (K=20/20),3,period_0943,32.506667,-11.0735,3.9127,80.7170,67.9790,12.7379
PEMAFC-PCA-F (K=20/20),3,period_0943,32.560000,-10.9776,3.5014,80.3716,67.9790,12.3926
PEMAFC-PCA-F (K=20/20),3,period_0943,32.600000,-10.9587,5.4323,80.6628,67.9790,12.6838
PEMAFC-PCA-F (K=20/20),3,period_0943,32.653333,-10.9572,3.7259,80.9361,67.9790,12.9571
PEMAFC-PCA-F (K=20/20),3,period_0943,32.706667,-10.8194,4.4114,79.9360,67.9790,11.9569
PEMAFC-PCA-F (K=20/20),3,period_0943,32.760000,-10.9624,3.4584,80.7864,67.9790,12.8073
PEMAFC-PCA-F (K=20/20),3,period_0943,32.800000,-10.9569,3.5245,80.2925,67.9790,12.3135
PEMAFC-PCA-F (K=20/20),3,period_0943,32.853333,-10.7584,3.5057,79.7522,67.9790,11.7731
PEMAFC-PCA-F (K=20/20),3,period_0943,32.906667,-11.0087,4.4021,80.5586,67.9790,12.5795
PEMAFC-PCA-F (K=20/20),3,period_0943,32.960000,-10.9193,5.2163,80.3791,67.9790,12.4001
PEMAFC-PCA-F (K=20/20),3,period_0943,33.000000,-11.1360,3.2292,80.7631,67.9790,12.7841
PEMAFC-PCA-F (K=20/20),3,period_0943,33.053333,-10.7735,4.2823,80.0883,67.9790,12.1092
PEMAFC-PCA-F (K=20/20),3,period_0943,33.106667,-10.9886,4.2847,81.1057,67.9790,13.1267
PEMAFC-PCA-F (K=20/20),3,period_0943,33.160000,-10.8502,3.4402,80.5593,67.9790,12.5802
PEMAFC-PCA-F (K=20/20),3,period_0943,33.200000,-10.6752,2.7134,80.4692,67.9790,12.4902
PEMAFC-PCA-F (K=20/20),3,period_0943,33.253333,-11.0221,4.1995,81.1743,67.9790,13.1953
PEMAFC-PCA-F (K=20/20),3,period_0943,33.306667,-11.1014,4.3817,81.0326,67.9790,13.0535
PEMAFC-PCA-F (K=20/20),3,period_0943,33.360000,-11.2636,3.9956,81.7427,67.9790,13.7637
PEMAFC-PCA-F (K=20/20),3,period_0943,33.400000,-11.1925,4.0493,81.0620,67.9790,13.0829
PEMAFC-PCA-F (K=20/20),3,period_0943,33.453333,-11.0532,3.8304,80.8098,67.9790,12.8308
PEMAFC-PCA-F (K=20/20),3,period_0943,33.506667,-11.0733,5.1869,81.3349,67.9790,13.3558
PEMAFC-PCA-F (K=20/20),3,period_0943,33.560000,-10.9924,4.2262,80.5776,67.9790,12.5986
PEMAFC-PCA-F (K=20/20),3,period_0943,33.600000,-10.8419,3.6311,80.3992,67.9790,12.4202
PEMAFC-PCA-F (K=20/20),3,period_0943,33.653333,-11.1562,4.4297,80.8625,67.9790,12.8834
PEMAFC-PCA-F (K=20/20),3,period_0943,33.706667,-11.3890,4.1419,81.0699,67.9790,13.0908
PEMAFC-PCA-F (K=20/20),3,period_0943,33.760000,-11.3099,4.0141,80.9646,67.9790,12.9856
PEMAFC-PCA-F (K=20/20),3,period_0943,33.800000,-11.0715,3.5001,80.3127,67.9790,12.3336
PEMAFC-PCA-F (K=20/20),3,period_0943,33.853333,-11.1578,3.9231,80.8613,67.9790,12.8823
PEMAFC-PCA-F (K=20/20),3,period_0943,33.906667,-11.1518,3.0305,81.0955,67.9790,13.1165
PEMAFC-PCA-F (K=20/20),3,period_0943,33.960000,-11.2614,3.7465,81.1235,67.9790,13.1444
PEMAFC-PCA-F (K=20/20),3,period_0943,34.000000,-11.4082,4.0301,81.6194,67.9790,13.6403
PEMAFC-PCA-F (K=20/20),3,period_0943,34.053333,-11.5378,5.2772,81.9902,67.9790,14.0112
PEMAFC-PCA-F (K=20/20),3,period_0943,34.106667,-11.3375,2.9257,81.3807,67.9790,13.4017
PEMAFC-PCA-F (K=20/20),3,period_0943,34.160000,-11.3233,4.2656,81.4382,67.9790,13.4592
PEMAFC-PCA-F (K=20/20),3,period_0943,34.200000,-11.2835,3.4993,81.0127,67.9790,13.0337
PEMAFC-PCA-F (K=20/20),3,period_0943,34.253333,-11.2638,4.7141,80.7128,67.9790,12.7337
PEMAFC-PCA-F (K=20/20),3,period_0943,34.306667,-10.8584,3.5123,80.2811,67.9790,12.3021
PEMAFC-PCA-F (K=20/20),3,period_0943,34.360000,-11.1263,4.6748,80.9644,67.9790,12.9854
PEMAFC-PCA-F (K=20/20),3,period_0943,34.400000,-11.3149,3.8312,81.1857,67.9790,13.2067
PEMAFC-PCA-F (K=20/20),3,period_0943,34.453333,-11.0868,4.1089,80.7709,67.9790,12.7918
PEMAFC-PCA-F (K=20/20),3,period_0943,34.506667,-11.1720,3.7655,80.7542,67.9790,12.7752
PEMAFC-PCA-F (K=20/20),3,period_0943,34.560000,-11.2286,4.4596,81.2454,67.9790,13.2663
PEMAFC-PCA-F (K=20/20),3,period_0943,34.600000,-11.2998,3.2203,81.6009,67.9790,13.6218
PEMAFC-PCA-F (K=20/20),3,period_0943,34.653333,-11.3780,4.2577,81.1181,67.9790,13.1391
PEMAFC-PCA-F (K=20/20),3,period_0943,34.706667,-11.3505,4.4452,82.1700,67.9790,14.1910
PEMAFC-PCA-F (K=20/20),3,period_0943,34.760000,-11.0926,3.1238,81.5379,67.9790,13.5589
PEMAFC-PCA-F (K=20/20),3,period_0943,34.800000,-11.1446,3.7494,82.0963,67.9790,14.1172
PEMAFC-PCA-F (K=20/20),3,period_0943,34.853333,-11.1712,5.1289,81.7447,67.9790,13.7657
PEMAFC-PCA-F (K=20/20),3,period_0943,34.906667,-11.2574,4.2177,81.4382,67.9790,13.4591
PEMAFC-PCA-F (K=20/20),3,period_0943,34.960000,-11.3674,3.5886,81.5762,67.9790,13.5971
PEMAFC-PCA-F (K=20/20),3,period_0943,35.000000,-11.1930,4.2650,81.3285,67.9790,13.3494
PEMAFC-PCA-F (K=20/20),3,period_0943,35.053333,-11.0232,3.9474,80.3871,67.9790,12.4080
PEMAFC-PCA-F (K=20/20),3,period_0943,35.106667,-11.2571,4.3500,81.3315,67.9790,13.3525
PEMAFC-PCA-F (K=20/20),3,period_0943,35.160000,-11.2306,4.4601,81.4623,67.9790,13.4832
PEMAFC-PCA-F (K=20/20),3,period_0943,35.200000,-11.0543,4.3041,81.1354,67.9790,13.1564
PEMAFC-PCA-F (K=20/20),3,period_0943,35.253333,-11.0540,3.5151,80.7966,67.9790,12.8175
PEMAFC-PCA-F (K=20/20),3,period_0943,35.306667,-10.8940,4.2344,80.4079,67.9790,12.4289
PEMAFC-PCA-F (K=20/20),3,period_0943,35.360000,-11.1094,4.1652,80.7963,67.9790,12.8172
PEMAFC-PCA-F (K=20/20),3,period_0943,35.400000,-10.7251,2.7932,80.0919,67.9790,12.1128
PEMAFC-PCA-F (K=20/20),3,period_0943,35.453333,-11.2219,3.7523,81.3318,67.9790,13.3527
PEMAFC-PCA-F (K=20/20),3,period_0943,35.506667,-11.4233,4.4280,82.2094,67.9790,14.2303
PEMAFC-PCA-F (K=20/20),3,period_0943,35.560000,-11.1507,3.4344,81.7468,67.9790,13.7678
PEMAFC-PCA-F (K=20/20),3,period_0943,35.600000,-11.1074,4.6376,80.8864,67.9790,12.9074
PEMAFC-PCA-F (K=20/20),3,period_0943,35.653333,-10.6248,4.3129,79.9899,67.9790,12.0109
PEMAFC-PCA-F (K=20/20),3,period_0943,35.706667,-11.0182,3.2997,80.5990,67.9790,12.6200
PEMAFC-PCA-F (K=20/20),3,period_0943,35.760000,-10.8850,4.0941,80.4491,67.9790,12.4700
PEMAFC-PCA-F (K=20/20),3,period_0943,35.800000,-11.2933,4.2666,81.3655,67.9790,13.3864
PEMAFC-PCA-F (K=20/20),3,period_0943,35.853333,-11.4417,3.6396,82.0286,67.9790,14.0496
PEMAFC-PCA-F (K=20/20),3,period_0943,35.906667,-11.1913,4.3653,81.5276,67.9790,13.5485
PEMAFC-PCA-F (K=20/20),3,period_0943,35.960000,-11.4619,5.1004,81.8078,67.9790,13.8288
PEMAFC-PCA-F (K=20/20),3,period_0943,36.000000,-11.4630,5.3615,82.1597,67.9790,14.1806
PEMAFC-PCA-F (K=20/20),3,period_0943,36.053333,-11.3819,3.9698,81.7229,67.9790,13.7438
PEMAFC-PCA-F (K=20/20),3,period_0943,36.106667,-11.2853,4.4903,81.1484,67.9790,13.1694
PEMAFC-PCA-F (K=20/20),3,period_0943,36.160000,-11.2768,4.2384,80.9770,67.9790,12.9980
PEMAFC-PCA-F (K=20/20),3,period_0943,36.200000,-11.1858,3.8019,81.1702,67.9790,13.1911
PEMAFC-PCA-F (K=20/20),3,period_0943,36.253333,-10.8533,3.9461,80.2492,67.9790,12.2701
PEMAFC-PCA-F (K=20/20),3,period_0943,36.306667,-10.9684,3.5227,81.1063,67.9790,13.1272
PEMAFC-PCA-F (K=20/20),3,period_0943,36.360000,-10.9898,2.3732,80.7940,67.9790,12.8150
PEMAFC-PCA-F (K=20/20),3,period_0943,36.400000,-10.9554,3.4699,80.7385,67.9790,12.7595
PEMAFC-PCA-F (K=20/20),3,period_0943,36.453333,-11.0579,3.9163,81.2668,67.9790,13.2878
PEMAFC-PCA-F (K=20/20),3,period_0943,36.506667,-11.0814,3.9717,81.0385,67.9790,13.0595
PEMAFC-PCA-F (K=20/20),3,period_0943,36.560000,-10.8968,4.0549,80.8095,67.9790,12.8305
PEMAFC-PCA-F (K=20/20),3,period_0943,36.600000,-11.0250,4.0668,80.9020,67.9790,12.9229
PEMAFC-PCA-F (K=20/20),3,period_0943,36.653333,-11.0050,4.0371,81.2711,67.9790,13.2921
PEMAFC-PCA-F (K=20/20),3,period_0943,36.706667,-11.0233,4.4236,81.3996,67.9790,13.4206
PEMAFC-PCA-F (K=20/20),3,period_0943,36.760000,-11.1495,3.5017,80.9007,67.9790,12.9217
PEMAFC-PCA-F (K=20/20),3,period_0943,36.800000,-11.2525,4.5134,81.7145,67.9790,13.7354
PEMAFC-PCA-F (K=20/20),3,period_0943,36.853333,-11.3248,4.1317,82.2923,67.9790,14.3133
PEMAFC-PCA-F (K=20/20),3,period_0943,36.906667,-11.4044,4.2022,81.5569,67.9790,13.5778
PEMAFC-PCA-F (K=20/20),3,period_0943,36.960000,-11.3052,3.7962,81.9353,67.9790,13.9562
PEMAFC-PCA-F (K=20/20),3,period_0943,37.000000,-11.2497,4.1961,80.9801,67.9790,13.0010
PEMAFC-PCA-F (K=20/20),3,period_0943,37.053333,-11.3125,3.7828,81.3934,67.9790,13.4143
PEMAFC-PCA-F (K=20/20),3,period_0943,37.106667,-11.2400,4.4816,81.7191,67.9790,13.7401
PEMAFC-PCA-F (K=20/20),3,period_0943,37.160000,-11.0563,4.1153,81.2630,67.9790,13.2839
PEMAFC-PCA-F (K=20/20),3,period_0943,37.200000,-11.0518,3.9414,81.4129,67.9790,13.4339
PEMAFC-PCA-F (K=20/20),3,period_0943,37.253333,-11.2332,3.3867,81.8605,67.9790,13.8814
PEMAFC-PCA-F (K=20/20),3,period_0943,37.306667,-11.0174,4.3558,81.1302,67.9790,13.1512
PEMAFC-PCA-F (K=20/20),3,period_0943,37.360000,-11.0650,4.1986,81.0115,67.9790,13.0324
PEMAFC-PCA-F (K=20/20),3,period_0943,37.400000,-10.8590,3.9035,80.4095,67.9790,12.4305
PEMAFC-PCA-F (K=20/20),3,period_0943,37.453333,-10.8403,4.3597,80.9041,67.9790,12.9251
PEMAFC-PCA-F (K=20/20),3,period_0943,37.506667,-11.0305,3.2772,81.2139,67.9790,13.2348
PEMAFC-PCA-F (K=20/20),3,period_0943,37.560000,-10.9426,3.7056,81.0759,67.9790,13.0969
PEMAFC-PCA-F (K=20/20),3,period_0943,37.600000,-11.1490,4.1339,81.4070,67.9790,13.4279
PEMAFC-PCA-F (K=20/20),3,period_0943,37.653333,-11.1042,4.2444,81.5962,67.9790,13.6172
PEMAFC-PCA-F (K=20/20),3,period_0943,37.706667,-11.3408,3.7367,81.3708,67.9790,13.3918
PEMAFC-PCA-F (K=20/20),3,period_0943,37.760000,-10.9200,3.2868,80.8185,67.9790,12.8394
PEMAFC-PCA-F (K=20/20),3,period_0943,37.800000,-11.1909,2.8634,80.8023,67.9790,12.8232
PEMAFC-PCA-F (K=20/20),3,period_0943,37.853333,-11.0004,3.6825,80.2200,67.9790,12.2409
PEMAFC-PCA-F (K=20/20),3,period_0943,37.906667,-10.8962,4.3932,80.4978,67.9790,12.5187
PEMAFC-PCA-F (K=20/20),3,period_0943,37.960000,-11.3511,4.2748,81.5577,67.9790,13.5787
PEMAFC-PCA-F (K=20/20),3,period_0943,38.000000,-11.0895,2.4701,81.3942,67.9790,13.4152
PEMAFC-PCA-F (K=20/20),3,period_0943,38.053333,-11.1597,4.1145,81.5922,67.9790,13.6131
PEMAFC-PCA-F (K=20/20),3,period_0943,38.106667,-11.1710,4.0396,81.4692,67.9790,13.4902
PEMAFC-PCA-F (K=20/20),3,period_0943,38.160000,-11.1888,3.2605,81.3011,67.9790,13.3220
PEMAFC-PCA-F (K=20/20),3,period_0943,38.200000,-11.0233,4.1093,81.6459,67.9790,13.6668
PEMAFC-PCA-F (K=20/20),3,period_0943,38.253333,-11.2063,4.4508,81.5466,67.9790,13.5676
PEMAFC-PCA-F (K=20/20),3,period_0943,38.306667,-10.9476,4.3702,80.9856,67.9790,13.0066
PEMAFC-PCA-F (K=20/20),3,period_0943,38.360000,-11.0899,4.6818,81.5031,67.9790,13.5241
PEMAFC-PCA-F (K=20/20),3,period_0943,38.400000,-11.1462,3.9330,81.5376,67.9790,13.5585
PEMAFC-PCA-F (K=20/20),3,period_0943,38.453333,-11.2503,4.1759,81.5291,67.9790,13.5501
PEMAFC-PCA-F (K=20/20),3,period_0943,38.506667,-11.4385,4.8910,81.8629,67.9790,13.8838
PEMAFC-PCA-F (K=20/20),3,period_0943,38.560000,-11.2032,4.3635,81.6806,67.9790,13.7016
PEMAFC-PCA-F (K=20/20),3,period_0943,38.600000,-11.0513,2.8391,81.2954,67.9790,13.3164
PEMAFC-PCA-F (K=20/20),3,period_0943,38.653333,-11.2536,4.3773,81.8330,67.9790,13.8540
PEMAFC-PCA-F (K=20/20),3,period_0943,38.706667,-10.9735,4.6912,81.8157,67.9790,13.8367
PEMAFC-PCA-F (K=20/20),3,period_0943,38.760000,-11.2940,4.8779,81.9547,67.9790,13.9757
PEMAFC-PCA-F (K=20/20),3,period_0943,38.800000,-11.2356,3.4852,81.8928,67.9790,13.9138
PEMAFC-PCA-F (K=20/20),3,period_0943,38.853333,-11.4583,3.7790,81.8090,67.9790,13.8299
PEMAFC-PCA-F (K=20/20),3,period_0943,38.906667,-11.2203,4.1392,81.1776,67.9790,13.1986
PEMAFC-PCA-F (K=20/20),3,period_0943,38.960000,-11.1081,4.0732,81.5712,67.9790,13.5922
PEMAFC-PCA-F (K=20/20),3,period_0943,39.000000,-11.3282,4.2086,81.8989,67.9790,13.9199
PEMAFC-PCA-F (K=20/20),3,period_0943,39.053333,-11.2094,4.2909,81.6223,67.9790,13.6432
PEMAFC-PCA-F (K=20/20),3,period_0943,39.106667,-10.9642,4.5991,81.3084,67.9790,13.3293
PEMAFC-PCA-F (K=20/20),3,period_0943,39.160000,-11.0148,3.8193,80.7455,67.9790,12.7664
PEMAFC-PCA-F (K=20/20),3,period_0943,39.200000,-11.0330,4.0658,80.1566,67.9790,12.1775
PEMAFC-PCA-F (K=20/20),3,period_0943,39.253333,-10.9744,4.0936,80.3825,67.9790,12.4035
PEMAFC-PCA-F (K=20/20),3,period_0943,39.306667,-10.9158,4.1807,80.8676,67.9790,12.8885
PEMAFC-PCA-F (K=20/20),3,period_0943,39.360000,-10.9102,4.1808,80.8820,67.9790,12.9030
PEMAFC-PCA-F (K=20/20),3,period_0943,39.400000,-11.1050,3.5452,81.0809,67.9790,13.1019
PEMAFC-PCA-F (K=20/20),3,period_0943,39.453333,-11.2198,4.1667,81.0780,67.9790,13.0990
PEMAFC-PCA-F (K=20/20),3,period_0943,39.506667,-11.0868,3.8587,80.3257,67.9790,12.3466
PEMAFC-PCA-F (K=20/20),3,period_0943,39.560000,-10.7705,3.7205,79.8554,67.9790,11.8764
PEMAFC-PCA-F (K=20/20),3,period_0943,39.600000,-11.1111,4.4559,80.7952,67.9790,12.8162
PEMAFC-PCA-F (K=20/20),3,period_0943,39.653333,-10.9495,3.5401,80.5504,67.9790,12.5713
PEMAFC-PCA-F (K=20/20),3,period_0943,39.706667,-11.1406,3.9967,81.2449,67.9790,13.2658
PEMAFC-PCA-F (K=20/20),3,period_0943,39.760000,-11.2799,4.1188,81.2059,67.9790,13.2269
PEMAFC-PCA-F (K=20/20),3,period_0943,39.800000,-11.3765,3.7878,82.0357,67.9790,14.0567
PEMAFC-PCA-F (K=20/20),3,period_0943,39.853333,-11.1264,3.5969,81.3478,67.9790,13.3688
PEMAFC-PCA-F (K=20/20),3,period_0943,39.906667,-11.3086,4.9646,81.6445,67.9790,13.6654
PEMAFC-PCA-F (K=20/20),3,period_0943,39.960000,-11.1551,3.5596,81.2427,67.9790,13.2637
PEMAFC-PCA-F (K=20/20),3,period_0943,40.000000,-11.1834,4.4902,81.3681,67.9790,13.3891
NLMS,0,period_0707,0.013333,-0.3098,1.3379,85.7281,85.1794,0.5487
NLMS,0,period_0707,0.053333,-0.4986,1.5069,85.7728,85.1794,0.5935
NLMS,0,period_0707,0.106667,-0.9110,1.7316,85.7853,85.1794,0.6059
NLMS,0,period_0707,0.160000,-0.6751,1.5998,85.7367,85.1794,0.5573
NLMS,0,period_0707,0.200000,-0.7692,1.8294,85.7630,85.1794,0.5836
NLMS,0,period_0707,0.253333,-0.0916,1.6281,85.7349,85.1794,0.5555
NLMS,0,period_0707,0.306667,-1.0215,0.4302,85.7997,85.1794,0.6203
NLMS,0,period_0707,0.360000,-0.6825,3.0769,85.8086,85.1794,0.6292
NLMS,0,period_0707,0.400000,-0.7131,1.9283,85.8461,85.1794,0.6667
NLMS,0,period_0707,0.453333,-0.8482,1.6393,85.9513,85.1794,0.7719
NLMS,0,period_0707,0.506667,-1.1835,0.0554,85.9793,85.1794,0.7999
NLMS,0,period_0707,0.560000,-1.0290,2.3409,85.9461,85.1794,0.7667
NLMS,0,period_0707,0.600000,-0.9554,3.0161,85.9757,85.1794,0.7963
NLMS,0,period_0707,0.653333,-0.9311,2.5911,85.9966,85.1794,0.8173
NLMS,0,period_0707,0.706667,-1.1648,3.0991,85.9226,85.1794,0.7433
NLMS,0,period_0707,0.760000,-1.0146,1.9197,85.9270,85.1794,0.7476
NLMS,0,period_0707,0.800000,-1.0933,0.9015,85.9420,85.1794,0.7627
NLMS,0,period_0707,0.853333,-1.3445,0.0046,85.9709,85.1794,0.7915
NLMS,0,period_0707,0.906667,-1.3401,1.4390,85.9939,85.1794,0.8145
NLMS,0,period_0707,0.960000,-1.0880,2.3645,86.0123,85.1794,0.8330
NLMS,0,period_0707,1.000000,-1.1561,2.3202,86.0990,85.1794,0.9196
NLMS,0,period_0707,1.053333,-1.3797,1.6372,86.1387,85.1794,0.9593
NLMS,0,period_0707,1.106667,-1.1979,1.2461,86.1856,85.1794,1.0062
NLMS,0,period_0707,1.160000,-1.3982,1.6020,86.1423,85.1794,0.9629
NLMS,0,period_0707,1.200000,-1.3309,1.7596,86.1708,85.1794,0.9914
NLMS,0,period_0707,1.253333,-1.6592,1.8082,86.1644,85.1794,0.9850
NLMS,0,period_0707,1.306667,-1.3538,0.6170,86.1479,85.1794,0.9686
NLMS,0,period_0707,1.360000,-1.5544,0.7280,86.1704,85.1794,0.9911
NLMS,0,period_0707,1.400000,-1.6763,1.2977,86.2144,85.1794,1.0351
NLMS,0,period_0707,1.453333,-1.7307,1.6945,86.2406,85.1794,1.0612
NLMS,0,period_0707,1.506667,-1.5982,3.0901,86.2693,85.1794,1.0899
NLMS,0,period_0707,1.560000,-1.5803,1.4428,86.2616,85.1794,1.0822
NLMS,0,period_0707,1.600000,-1.3501,1.3584,86.2265,85.1794,1.0471
NLMS,0,period_0707,1.653333,-1.4903,0.8827,86.2720,85.1794,1.0926
NLMS,0,period_0707,1.706667,-1.7178,2.2753,86.3175,85.1794,1.1382
NLMS,0,period_0707,1.760000,-1.7862,0.6841,86.3317,85.1794,1.1523
NLMS,0,period_0707,1.800000,-1.9288,0.8813,86.3688,85.1794,1.1894
NLMS,0,period_0707,1.853333,-1.6403,2.1981,86.3945,85.1794,1.2151
NLMS,0,period_0707,1.906667,-1.3702,1.3257,86.4183,85.1794,1.2389
NLMS,0,period_0707,1.960000,-1.7665,1.8440,86.4628,85.1794,1.2834
NLMS,0,period_0707,2.000000,-1.8813,1.4014,86.4883,85.1794,1.3089
NLMS,0,period_0707,2.053333,-1.9841,1.2829,86.5357,85.1794,1.3563
NLMS,0,period_0707,2.106667,-2.0788,1.5037,86.5630,85.1794,1.3836
NLMS,0,period_0707,2.160000,-1.2974,1.9727,86.5363,85.1794,1.3569
NLMS,0,period_0707,2.200000,-1.1092,3.1459,86.5552,85.1794,1.3759
NLMS,0,period_0707,2.253333,-1.7615,0.8431,86.5799,85.1794,1.4005
NLMS,0,period_0707,2.306667,-2.1476,0.7746,86.6408,85.1794,1.4614
NLMS,0,period_0707,2.360000,-2.0731,1.4204,86.6005,85.1794,1.4212
NLMS,0,period_0707,2.400000,-1.8160,0.7599,86.6254,85.1794,1.4460
NLMS,0,period_0707,2.453333,-2.2875,1.0594,86.6859,85.1794,1.5066
NLMS,0,period_0707,2.506667,-1.9448,1.3715,86.7011,85.1794,1.5217
NLMS,0,period_0707,2.560000,-1.8151,0.3636,85.8882,85.1794,0.7088
NLMS,0,period_0707,2.600000,-2.0575,1.4153,86.7116,85.1794,1.5323
NLMS,0,period_0707,2.653333,-1.9423,2.2344,86.7552,85.1794,1.5758
NLMS,0,period_0707,2.706667,-2.2786,0.8475,86.7559,85.1794,1.5766
NLMS,0,period_0707,2.760000,-2.2702,0.9493,86.7832,85.1794,1.6039
NLMS,0,period_0707,2.800000,-2.1493,3.1147,86.8217,85.1794,1.6424
NLMS,0,period_0707,2.853333,-2.0038,3.4704,86.8831,85.1794,1.7038
NLMS,0,period_0707,2.906667,-2.0862,2.2986,86.9064,85.1794,1.7270
NLMS,0,period_0707,2.960000,-2.4524,-0.8653,86.9436,85.1794,1.7643
NLMS,0,period_0707,3.000000,-2.5291,2.0845,87.0092,85.1794,1.8298
NLMS,0,period_0707,3.053333,-2.4818,2.9714,86.9883,85.1794,1.8090
NLMS,0,period_0707,3.106667,-2.5226,1.6349,87.0403,85.1794,1.8609
NLMS,0,period_0707,3.160000,-2.4488,0.8241,87.0342,85.1794,1.8548
NLMS,0,period_0707,3.200000,-2.5674,1.8997,87.0584,85.1794,1.8791
NLMS,0,period_0707,3.253333,-2.6104,1.6412,87.0973,85.1794,1.9179
NLMS,0,period_0707,3.306667,-2.4921,0.4823,87.1174,85.1794,1.9380
NLMS,0,period_0707,3.360000,-1.8741,0.8138,84.3687,85.1794,-0.8107
NLMS,0,period_0707,3.400000,-2.5803,1.6063,87.1290,85.1794,1.9496
NLMS,0,period_0707,3.453333,-2.5070,2.1871,87.1220,85.1794,1.9427
NLMS,0,period_0707,3.506667,-2.4291,1.6856,87.1676,85.1794,1.9882
NLMS,0,period_0707,3.560000,-2.6154,2.1649,87.1785,85.1794,1.9991
NLMS,0,period_0707,3.600000,-2.6595,1.8364,87.1899,85.1794,2.0105
NLMS,0,period_0707,3.653333,-2.7784,0.2959,87.1371,85.1794,1.9578
NLMS,0,period_0707,3.706667,-2.5891,1.3545,87.1743,85.1794,1.9950
NLMS,0,period_0707,3.760000,-2.8072,2.0038,87.1951,85.1794,2.0157
NLMS,0,period_0707,3.800000,-2.1033,4.4119,87.2401,85.1794,2.0608
NLMS,0,period_0707,3.853333,-2.7019,0.8949,87.3076,85.1794,2.1282
NLMS,0,period_0707,3.906667,-2.4889,0.4598,87.3136,85.1794,2.1342
NLMS,0,period_0707,3.960000,-2.2756,1.2793,87.2967,85.1794,2.1173
NLMS,0,period_0707,4.000000,-2.5840,1.2025,87.3205,85.1794,2.1411
NLMS,0,period_0707,4.053333,-2.7005,0.7922,87.3248,85.1794,2.1454
NLMS,0,period_0707,4.106667,-2.5013,1.4928,87.4009,85.1794,2.2215
NLMS,0,period_0707,4.160000,-2.5649,1.6092,87.4597,85.1794,2.2803
NLMS,0,period_0707,4.200000,-2.9277,0.7194,87.4989,85.1794,2.3195
NLMS,0,period_0707,4.253333,-2.3452,0.9609,84.6223,85.1794,-0.5571
NLMS,0,period_0707,4.306667,-2.5667,1.7515,87.5054,85.1794,2.3260
NLMS,0,period_0707,4.360000,-2.8887,1.9874,87.5134,85.1794,2.3340
NLMS,0,period_0707,4.400000,-2.9586,1.2923,87.5888,85.1794,2.4094
NLMS,0,period_0707,4.453333,-2.9480,2.7849,87.5705,85.1794,2.3912
NLMS,0,period_0707,4.506667,-2.8867,1.8431,87.6206,85.1794,2.4413
NLMS,0,period_0707,4.560000,-2.9288,1.8340,87.6710,85.1794,2.4917
NLMS,0,period_0707,4.600000,-2.9611,1.4652,87.6615,85.1794,2.4822
NLMS,0,period_0707,4.653333,-3.0086,1.6422,87.6619,85.1794,2.4825
NLMS,0,period_0707,4.706667,-2.9413,0.8179,87.7300,85.1794,2.5506
NLMS,0,period_0707,4.760000,-3.1542,2.8090,87.7494,85.1794,2.5700
NLMS,0,period_0707,4.800000,-2.7999,0.8911,87.8311,85.1794,2.6518
NLMS,0,period_0707,4.853333,-3.0842,1.2110,87.8866,85.1794,2.7072
NLMS,0,period_0707,4.906667,-3.1593,1.8212,87.8803,85.1794,2.7010
NLMS,0,period_0707,4.960000,-3.0207,0.5158,87.8718,85.1794,2.6924
NLMS,0,period_0707,5.000000,-3.1515,1.3500,87.9425,85.1794,2.7631
NLMS,0,period_0707,5.053333,-3.3151,0.9080,87.9601,85.1794,2.7808
NLMS,0,period_0707,5.106667,-3.0780,1.5559,87.9451,85.1794,2.7658
NLMS,0,period_0707,5.160000,-2.6599,1.3868,87.9592,85.1794,2.7799
NLMS,0,period_0707,5.200000,-3.3805,0.8534,87.9740,85.1794,2.7946
NLMS,0,period_0707,5.253333,-3.3892,0.9987,88.0419,85.1794,2.8625
NLMS,0,period_0707,5.306667,-2.7383,2.0288,85.9765,85.1794,0.7972
NLMS,0,period_0707,5.360000,-3.2956,1.7298,87.9600,85.1794,2.7806
NLMS,0,period_0707,5.400000,-2.9192,1.7407,87.4432,85.1794,2.2638
NLMS,0,period_0707,5.453333,-3.0645,0.3330,87.9883,85.1794,2.8090
NLMS,0,period_0707,5.506667,-3.0135,0.7404,87.0075,85.1794,1.8282
NLMS,0,period_0707,5.560000,-3.3513,2.2254,88.0496,85.1794,2.8702
NLMS,0,period_0707,5.600000,-3.0144,2.2004,86.3489,85.1794,1.1695
NLMS,0,period_0707,5.653333,-3.2368,1.0286,88.1518,85.1794,2.9724
NLMS,0,period_0707,5.706667,-3.2364,2.2938,88.1488,85.1794,2.9694
NLMS,0,period_0707,5.760000,-3.1802,1.4034,88.0585,85.1794,2.8791
NLMS,0,period_0707,5.800000,-3.1797,1.8648,88.1266,85.1794,2.9472
NLMS,0,period_0707,5.853333,-3.5717,1.1151,88.1367,85.1794,2.9573
NLMS,0,period_0707,5.906667,-3.4241,0.5534,88.2020,85.1794,3.0226
NLMS,0,period_0707,5.960000,-3.5317,0.9811,88.2171,85.1794,3.0377
NLMS,0,period_0707,6.000000,-3.5713,1.3529,88.2611,85.1794,3.0818
NLMS,0,period_0707,6.053333,-3.5765,2.3375,88.2805,85.1794,3.1011
NLMS,0,period_0707,6.106667,-3.4908,1.0395,88.3260,85.1794,3.1466
NLMS,0,period_0707,6.160000,-3.5564,0.8741,88.3026,85.1794,3.1233
NLMS,0,period_0707,6.200000,-3.2851,0.5238,88.0203,85.1794,2.8409
NLMS,0,period_0707,6.253333,-3.8339,1.5142,88.3890,85.1794,3.2097
NLMS,0,period_0707,6.306667,-3.7767,0.8120,88.4415,85.1794,3.2621
NLMS,0,period_0707,6.360000,-3.8061,2.1441,88.5109,85.1794,3.3315
NLMS,0,period_0707,6.400000,-3.7374,1.6231,88.5664,85.1794,3.3871
NLMS,0,period_0707,6.453333,-3.9344,0.9031,88.5474,85.1794,3.3680
NLMS,0,period_0707,6.506667,-3.7628,1.4527,88.5838,85.1794,3.4044
NLMS,0,period_0707,6.560000,-3.9338,1.3796,88.6359,85.1794,3.4565
NLMS,0,period_0707,6.600000,-3.8512,2.1679,88.7341,85.1794,3.5548
NLMS,0,period_0707,6.653333,-3.5758,1.2025,87.6220,85.1794,2.4426
NLMS,0,period_0707,6.706667,-3.5447,1.0216,88.6744,85.1794,3.4950
NLMS,0,period_0707,6.760000,-4.0313,0.7434,88.7020,85.1794,3.5226
NLMS,0,period_0707,6.800000,-3.9152,0.9071,88.6547,85.1794,3.4753
NLMS,0,period_0707,6.853333,-3.8990,0.9501,88.6948,85.1794,3.5154
NLMS,0,period_0707,6.906667,-3.7157,1.6389,88.7389,85.1794,3.5595
NLMS,0,period_0707,6.960000,-4.1067,1.1116,88.8047,85.1794,3.6253
NLMS,0,period_0707,7.000000,-3.9761,2.0595,88.8719,85.1794,3.6926
NLMS,0,period_0707,7.053333,-3.8763,0.6629,88.8430,85.1794,3.6636
NLMS,0,period_0707,7.106667,-4.0353,0.9758,88.8567,85.1794,3.6773
NLMS,0,period_0707,7.160000,-3.6762,0.9800,88.3798,85.1794,3.2004
NLMS,0,period_0707,7.200000,-3.9083,1.3070,88.7349,85.1794,3.5556
NLMS,0,period_0707,7.253333,-3.9473,2.0584,88.7852,85.1794,3.6058
NLMS,0,period_0707,7.306667,-4.0053,0.8835,88.7925,85.1794,3.6132
NLMS,0,period_0707,7.360000,-4.2614,1.2843,88.9070,85.1794,3.7276
NLMS,0,period_0707,7.400000,-4.1654,2.6571,88.9295,85.1794,3.7502
NLMS,0,period_0707,7.453333,-4.3829,0.4054,88.9874,85.1794,3.8080
NLMS,0,period_0707,7.506667,-3.8111,1.5964,88.5755,85.1794,3.3961
NLMS,0,period_0707,7.560000,-4.0573,1.3855,88.9784,85.1794,3.7990
NLMS,0,period_0707,7.600000,-3.6353,0.6088,88.9208,85.1794,3.7414
NLMS,0,period_0707,7.653333,-3.7515,1.0308,89.0275,85.1794,3.8481
NLMS,0,period_0707,7.706667,-3.4285,1.6394,89.0728,85.1794,3.8935
NLMS,0,period_0707,7.760000,-4.1498,0.6362,89.0510,85.1794,3.8717
NLMS,0,period_0707,7.800000,-4.3318,2.1808,89.0502,85.1794,3.8709
NLMS,0,period_0707,7.853333,-3.7020,0.4234,87.5591,85.1794,2.3797
NLMS,0,period_0707,7.906667,-4.0345,0.8716,88.9910,85.1794,3.8116
NLMS,0,period_0707,7.960000,-4.1933,1.8403,89.0734,85.1794,3.8941
NLMS,0,period_0707,8.000000,-4.1465,3.3498,89.0607,85.1794,3.8814
NLMS,0,period_0707,8.053333,-4.0972,2.2817,89.1084,85.1794,3.9290
NLMS,0,period_0707,8.106667,-4.2592,1.5850,89.1132,85.1794,3.9339
NLMS,0,period_0707,8.160000,-4.1035,2.4683,89.0683,85.1794,3.8889
NLMS,0,period_0707,8.200000,-4.2029,2.0415,89.1044,85.1794,3.9250
NLMS,0,period_0707,8.253333,-4.0581,2.2721,89.1345,85.1794,3.9552
NLMS,0,period_0707,8.306667,-4.1942,1.6256,89.1963,85.1794,4.0170
NLMS,0,period_0707,8.360000,-3.5075,3.8804,89.1358,85.1794,3.9564
NLMS,0,period_0707,8.400000,-4.2691,0.0088,89.1223,85.1794,3.9429
NLMS,0,period_0707,8.453333,-4.2295,1.7277,89.1926,85.1794,4.0133
NLMS,0,period_0707,8.506667,-4.2678,0.2284,89.2151,85.1794,4.0357
NLMS,0,period_0707,8.560000,-4.6436,1.7432,89.2721,85.1794,4.0928
NLMS,0,period_0707,8.600000,-4.4452,1.4298,89.2633,85.1794,4.0839
NLMS,0,period_0707,8.653333,-4.4088,0.7659,89.2471,85.1794,4.0677
NLMS,0,period_0707,8.706667,-4.3348,1.7897,89.2772,85.1794,4.0978
NLMS,0,period_0707,8.760000,-4.5931,0.8827,89.3150,85.1794,4.1356
NLMS,0,period_0707,8.800000,-4.3360,1.7045,89.3322,85.1794,4.1528
NLMS,0,period_0707,8.853333,-4.3645,1.4674,89.4029,85.1794,4.2236
NLMS,0,period_0707,8.906667,-4.2743,1.5687,89.4098,85.1794,4.2305
NLMS,0,period_0707,8.960000,-4.3469,1.2749,89.4532,85.1794,4.2738
NLMS,0,period_0707,9.000000,-4.4730,1.5537,89.4405,85.1794,4.2611
NLMS,0,period_0707,9.053333,-4.0696,1.8910,89.4696,85.1794,4.2903
NLMS,0,period_0707,9.106667,-4.5326,2.0290,89.4724,85.1794,4.2930
NLMS,0,period_0707,9.160000,-4.8495,1.0517,89.4794,85.1794,4.3000
NLMS,0,period_0707,9.200000,-4.7731,1.6700,89.5937,85.1794,4.4143
NLMS,0,period_0707,9.253333,-4.8385,1.3874,89.6075,85.1794,4.4282
NLMS,0,period_0707,9.306667,-4.4617,1.8492,89.6511,85.1794,4.4717
NLMS,0,period_0707,9.360000,-4.5041,1.1273,89.7389,85.1794,4.5596
NLMS,0,period_0707,9.400000,-4.5831,2.6006,89.7297,85.1794,4.5504
NLMS,0,period_0707,9.453333,-4.6234,0.7084,89.6823,85.1794,4.5029
NLMS,0,period_0707,9.506667,-4.5501,1.4246,89.4259,85.1794,4.2465
NLMS,0,period_0707,9.560000,-4.8590,1.0867,89.7220,85.1794,4.5426
NLMS,0,period_0707,9.600000,-4.8987,1.5670,89.8210,85.1794,4.6416
NLMS,0,period_0707,9.653333,-4.6245,1.3383,89.7947,85.1794,4.6153
NLMS,0,period_0707,9.706667,-4.7401,2.2044,89.8542,85.1794,4.6749
NLMS,0,period_0707,9.760000,-4.7021,1.6262,89.8898,85.1794,4.7105
NLMS,0,period_0707,9.800000,-4.8410,1.9405,89.9697,85.1794,4.7903
NLMS,0,period_0707,9.853333,-4.9216,1.1678,89.9348,85.1794,4.7555
NLMS,0,period_0707,9.906667,-4.5766,1.4096,89.9889,85.1794,4.8096
NLMS,0,period_0707,9.960000,-4.9565,0.8794,89.9688,85.1794,4.7894
NLMS,0,period_0707,10.000000,-4.8066,1.7675,89.9593,85.1794,4.7799
NLMS,1,period_0856,10.013333,-0.5085,0.7938,76.8115,75.6790,1.1325
NLMS,1,period_0856,10.053333,-1.1329,1.8818,77.4343,75.6790,1.7552
NLMS,1,period_0856,10.106667,-1.6648,3.1163,78.3175,75.6790,2.6385
NLMS,1,period_0856,10.160000,-2.1130,3.3828,78.9100,75.6790,3.2309
NLMS,1,period_0856,10.200000,-2.4110,5.9596,79.5890,75.6790,3.9099
NLMS,1,period_0856,10.253333,-2.8685,3.7365,80.2766,75.6790,4.5975
NLMS,1,period_0856,10.306667,-3.0709,4.8670,80.5498,75.6790,4.8707
NLMS,1,period_0856,10.360000,-3.3122,4.6000,81.3358,75.6790,5.6568
NLMS,1,period_0856,10.400000,-3.4756,4.6854,81.7212,75.6790,6.0422
NLMS,1,period_0856,10.453333,-3.6859,4.0757,82.1795,75.6790,6.5005
NLMS,1,period_0856,10.506667,-3.8488,3.7713,82.2961,75.6790,6.6171
NLMS,1,period_0856,10.560000,-4.0521,6.0534,82.8120,75.6790,7.1330
NLMS,1,period_0856,10.600000,-4.1773,4.7025,82.8256,75.6790,7.1466
NLMS,1,period_0856,10.653333,-4.3287,5.3641,82.8473,75.6790,7.1683
NLMS,1,period_0856,10.706667,-4.4465,6.3596,82.8841,75.6790,7.2051
NLMS,1,period_0856,10.760000,-4.5550,5.0593,82.8971,75.6790,7.2181
NLMS,1,period_0856,10.800000,-4.6101,3.8837,82.9210,75.6790,7.2420
NLMS,1,period_0856,10.853333,-4.7219,7.1311,82.9760,75.6790,7.2970
NLMS,1,period_0856,10.906667,-4.8750,3.9079,82.9875,75.6790,7.3085
NLMS,1,period_0856,10.960000,-4.9412,5.3954,83.0271,75.6790,7.3480
NLMS,1,period_0856,11.000000,-4.9693,6.4975,83.0293,75.6790,7.3503
NLMS,1,period_0856,11.053333,-5.0383,5.2363,83.0769,75.6790,7.3979
NLMS,1,period_0856,11.106667,-5.1066,5.2472,83.1063,75.6790,7.4273
NLMS,1,period_0856,11.160000,-5.2123,5.4705,83.1757,75.6790,7.4967
NLMS,1,period_0856,11.200000,-5.2590,6.4524,83.1973,75.6790,7.5182
NLMS,1,period_0856,11.253333,-5.3562,4.8164,83.2360,75.6790,7.5570
NLMS,1,period_0856,11.306667,-5.3192,8.2671,83.2697,75.6790,7.5907
NLMS,1,period_0856,11.360000,-5.4334,5.7115,83.3068,75.6790,7.6278
NLMS,1,period_0856,11.400000,-5.4793,5.1087,83.3307,75.6790,7.6516
NLMS,1,period_0856,11.453333,-5.5013,6.4845,83.3567,75.6790,7.6777
NLMS,1,period_0856,11.506667,-5.5305,5.1958,83.3835,75.6790,7.7044
NLMS,1,period_0856,11.560000,-5.6004,6.2178,83.3770,75.6790,7.6980
NLMS,1,period_0856,11.600000,-5.5992,8.0052,83.3918,75.6790,7.7127
NLMS,1,period_0856,11.653333,-5.6429,5.3972,83.4191,75.6790,7.7401
NLMS,1,period_0856,11.706667,-5.7444,5.6105,83.4459,75.6790,7.7669
NLMS,1,period_0856,11.760000,-5.7746,4.9396,83.4864,75.6790,7.8074
NLMS,1,period_0856,11.800000,-5.8220,5.1732,83.5056,75.6790,7.8265
NLMS,1,period_0856,11.853333,-5.7451,5.0539,83.5763,75.6790,7.8973
NLMS,1,period_0856,11.906667,-5.8594,4.6001,83.5814,75.6790,7.9023
NLMS,1,period_0856,11.960000,-5.9068,4.9772,83.5997,75.6790,7.9207
NLMS,1,period_0856,12.000000,-5.9477,5.2415,83.6038,75.6790,7.9248
NLMS,1,period_0856,12.053333,-5.9673,5.4643,83.6188,75.6790,7.9398
NLMS,1,period_0856,12.106667,-6.0210,5.9069,83.6425,75.6790,7.9635
NLMS,1,period_0856,12.160000,-6.1205,5.0452,83.6817,75.6790,8.0027
NLMS,1,period_0856,12.200000,-6.0852,5.1593,83.7253,75.6790,8.0463
NLMS,1,period_0856,12.253333,-6.1063,6.4720,83.7534,75.6790,8.0744
NLMS,1,period_0856,12.306667,-6.1323,5.4279,83.7973,75.6790,8.1183
NLMS,1,period_0856,12.360000,-6.2059,5.3782,83.8164,75.6790,8.1373
NLMS,1,period_0856,12.400000,-6.2119,4.1768,83.8356,75.6790,8.1566
NLMS,1,period_0856,12.453333,-6.1267,5.3548,83.8575,75.6790,8.1785
NLMS,1,period_0856,12.506667,-6.2564,5.9371,83.8837,75.6790,8.2047
NLMS,1,period_0856,12.560000,-6.2991,5.4154,83.8948,75.6790,8.2158
NLMS,1,period_0856,12.600000,-6.3869,5.5641,83.9055,75.6790,8.2265
NLMS,1,period_0856,12.653333,-6.4180,4.3453,83.9086,75.6790,8.2296
NLMS,1,period_0856,12.706667,-6.2610,4.6359,83.9042,75.6790,8.2252
NLMS,1,period_0856,12.760000,-6.4204,5.2180,83.9683,75.6790,8.2893
NLMS,1,period_0856,12.800000,-6.5499,5.8805,84.0195,75.6790,8.3405
NLMS,1,period_0856,12.853333,-6.4361,4.6497,84.0302,75.6790,8.3512
NLMS,1,period_0856,12.906667,-6.4961,4.4571,84.0635,75.6790,8.3845
NLMS,1,period_0856,12.960000,-6.5788,5.3701,84.0715,75.6790,8.3925
NLMS,1,period_0856,13.000000,-6.6419,4.4597,84.1254,75.6790,8.4464
NLMS,1,period_0856,13.053333,-6.6649,6.3748,84.1811,75.6790,8.5021
NLMS,1,period_0856,13.106667,-6.7736,5.5692,84.2173,75.6790,8.5383
NLMS,1,period_0856,13.160000,-6.7215,3.9787,84.2222,75.6790,8.5431
NLMS,1,period_0856,13.200000,-6.7988,4.5848,84.2443,75.6790,8.5653
NLMS,1,period_0856,13.253333,-6.7507,6.0823,84.2752,75.6790,8.5962
NLMS,1,period_0856,13.306667,-6.8187,5.4010,84.3387,75.6790,8.6597
NLMS,1,period_0856,13.360000,-6.8355,5.9250,84.3527,75.6790,8.6737
NLMS,1,period_0856,13.400000,-6.9356,3.5194,84.3591,75.6790,8.6801
NLMS,1,period_0856,13.453333,-6.9618,5.2693,84.3776,75.6790,8.6986
NLMS,1,period_0856,13.506667,-7.0083,4.6507,84.3930,75.6790,8.7140
NLMS,1,period_0856,13.560000,-7.0564,5.2812,84.4627,75.6790,8.7836
NLMS,1,period_0856,13.600000,-7.0602,3.7366,84.4515,75.6790,8.7724
NLMS,1,period_0856,13.653333,-7.0656,4.7706,84.4326,75.6790,8.7535
NLMS,1,period_0856,13.706667,-7.0539,4.7934,84.4359,75.6790,8.7568
NLMS,1,period_0856,13.760000,-7.0882,5.0565,84.4553,75.6790,8.7763
NLMS,1,period_0856,13.800000,-7.1428,5.1167,84.5171,75.6790,8.8381
NLMS,1,period_0856,13.853333,-7.0430,6.0247,84.5738,75.6790,8.8948
NLMS,1,period_0856,13.906667,-7.1274,4.3976,84.5926,75.6790,8.9136
NLMS,1,period_0856,13.960000,-7.1904,5.9101,84.6360,75.6790,8.9570
NLMS,1,period_0856,14.000000,-7.2795,5.9301,84.6101,75.6790,8.9311
NLMS,1,period_0856,14.053333,-7.1799,6.3758,84.6111,75.6790,8.9321
NLMS,1,period_0856,14.106667,-7.2044,5.5921,84.6419,75.6790,8.9628
NLMS,1,period_0856,14.160000,-7.3680,5.1325,84.6846,75.6790,9.0056
NLMS,1,period_0856,14.200000,-7.3117,4.9863,84.6892,75.6790,9.0101
NLMS,1,period_0856,14.253333,-7.3365,5.7834,84.7178,75.6790,9.0388
NLMS,1,period_0856,14.306667,-7.4460,5.4039,84.7726,75.6790,9.0935
NLMS,1,period_0856,14.360000,-7.4970,5.7505,84.7787,75.6790,9.0997
NLMS,1,period_0856,14.400000,-7.4840,5.8143,84.7917,75.6790,9.1127
NLMS,1,period_0856,14.453333,-7.5777,6.0902,84.8811,75.6790,9.2021
NLMS,1,period_0856,14.506667,-7.5798,4.6663,84.9384,75.6790,9.2594
NLMS,1,period_0856,14.560000,-7.6092,5.5926,84.9456,75.6790,9.2665
NLMS,1,period_0856,14.600000,-7.5460,7.2294,84.9934,75.6790,9.3143
NLMS,1,period_0856,14.653333,-7.5548,5.5643,85.0046,75.6790,9.3256
NLMS,1,period_0856,14.706667,-7.5812,7.1427,85.0486,75.6790,9.3695
NLMS,1,period_0856,14.760000,-7.7274,5.1153,85.0517,75.6790,9.3727
NLMS,1,period_0856,14.800000,-7.7341,5.1447,84.9869,75.6790,9.3078
NLMS,1,period_0856,14.853333,-7.7629,8.0476,85.0530,75.6790,9.3740
NLMS,1,period_0856,14.906667,-7.7828,3.5043,85.0579,75.6790,9.3789
NLMS,1,period_0856,14.960000,-7.8094,6.0675,85.0162,75.6790,9.3372
NLMS,1,period_0856,15.000000,-7.9074,5.5533,85.0563,75.6790,9.3772
NLMS,1,period_0856,15.053333,-7.8275,4.4318,85.1310,75.6790,9.4519
NLMS,1,period_0856,15.106667,-7.8294,5.6211,85.1209,75.6790,9.4418
NLMS,1,period_0856,15.160000,-7.7982,4.0048,85.1146,75.6790,9.4356
NLMS,1,period_0856,15.200000,-7.9289,7.7811,85.1781,75.6790,9.4991
NLMS,1,period_0856,15.253333,-7.8892,4.0733,85.3058,75.6790,9.6268
NLMS,1,period_0856,15.306667,-7.9499,6.2547,85.3231,75.6790,9.6441
NLMS,1,period_0856,15.360000,-8.0895,5.0573,85.3219,75.6790,9.6429
NLMS,1,period_0856,15.400000,-8.0232,5.6415,85.3496,75.6790,9.6706
NLMS,1,period_0856,15.453333,-8.1391,4.6188,85.4205,75.6790,9.7415
NLMS,1,period_0856,15.506667,-8.0629,5.3979,85.4187,75.6790,9.7396
NLMS,1,period_0856,15.560000,-8.1936,5.4690,85.5013,75.6790,9.8223
NLMS,1,period_0856,15.600000,-8.1799,5.9300,85.5135,75.6790,9.8345
NLMS,1,period_0856,15.653333,-8.1985,6.4373,85.4913,75.6790,9.8122
NLMS,1,period_0856,15.706667,-8.1516,6.2113,85.4439,75.6790,9.7649
NLMS,1,period_0856,15.760000,-8.1621,5.9576,85.5257,75.6790,9.8466
NLMS,1,period_0856,15.800000,-8.4067,3.5258,85.5510,75.6790,9.8720
NLMS,1,period_0856,15.853333,-8.2701,5.8691,85.5176,75.6790,9.8386
NLMS,1,period_0856,15.906667,-8.4514,6.0978,85.5986,75.6790,9.9196
NLMS,1,period_0856,15.960000,-8.2148,6.0616,85.5519,75.6790,9.8728
NLMS,1,period_0856,16.000000,-8.4785,4.5451,85.5702,75.6790,9.8912
NLMS,1,period_0856,16.053333,-8.4611,6.3515,85.5748,75.6790,9.8958
NLMS,1,period_0856,16.106667,-8.4277,4.8524,85.5340,75.6790,9.8550
NLMS,1,period_0856,16.160000,-8.5622,6.1858,85.5881,75.6790,9.9091
NLMS,1,period_0856,16.200000,-8.5132,6.2766,85.5786,75.6790,9.8996
NLMS,1,period_0856,16.253333,-8.4593,5.8774,85.6688,75.6790,9.9898
NLMS,1,period_0856,16.306667,-8.5456,5.2474,85.6544,75.6790,9.9754
NLMS,1,period_0856,16.360000,-8.6208,5.7616,85.7175,75.6790,10.0385
NLMS,1,period_0856,16.400000,-8.6573,5.3814,85.7839,75.6790,10.1049
NLMS,1,period_0856,16.453333,-8.4922,4.9936,85.7380,75.6790,10.0590
NLMS,1,period_0856,16.506667,-8.4149,4.1597,85.7006,75.6790,10.0216
NLMS,1,period_0856,16.560000,-8.6450,6.1694,85.7868,75.6790,10.1078
NLMS,1,period_0856,16.600000,-8.7105,6.0548,85.8311,75.6790,10.1521
NLMS,1,period_0856,16.653333,-8.6698,5.7441,85.7863,75.6790,10.1073
NLMS,1,period_0856,16.706667,-8.7863,4.7726,85.8389,75.6790,10.1599
NLMS,1,period_0856,16.760000,-8.8042,5.6172,85.8776,75.6790,10.1986
NLMS,1,period_0856,16.800000,-8.7875,4.2907,85.8520,75.6790,10.1730
NLMS,1,period_0856,16.853333,-8.7821,6.2169,85.9159,75.6790,10.2369
NLMS,1,period_0856,16.906667,-8.8891,6.1133,85.9012,75.6790,10.2222
NLMS,1,period_0856,16.960000,-8.8959,4.7981,85.9179,75.6790,10.2389
NLMS,1,period_0856,17.000000,-8.9338,6.1791,85.9008,75.6790,10.2218
NLMS,1,period_0856,17.053333,-8.9113,5.6931,85.9022,75.6790,10.2232
NLMS,1,period_0856,17.106667,-8.7476,6.1777,85.9259,75.6790,10.2469
NLMS,1,period_0856,17.160000,-8.9536,4.0483,85.9807,75.6790,10.3017
NLMS,1,period_0856,17.200000,-8.9802,5.5845,86.0548,75.6790,10.3758
NLMS,1,period_0856,17.253333,-8.9159,6.1277,86.0666,75.6790,10.3876
NLMS,1,period_0856,17.306667,-9.1039,6.3438,86.1202,75.6790,10.4411
NLMS,1,period_0856,17.360000,-9.0798,5.3983,86.1071,75.6790,10.4281
NLMS,1,period_0856,17.400000,-9.1093,5.2456,86.0990,75.6790,10.4200
NLMS,1,period_0856,17.453333,-9.1822,5.7723,86.1458,75.6790,10.4668
NLMS,1,period_0856,17.506667,-9.2371,4.5789,86.2181,75.6790,10.5391
NLMS,1,period_0856,17.560000,-9.1008,5.7917,86.2415,75.6790,10.5625
NLMS,1,period_0856,17.600000,-9.1562,5.1712,86.2409,75.6790,10.5618
NLMS,1,period_0856,17.653333,-9.2257,5.5950,86.2606,75.6790,10.5816
NLMS,1,period_0856,17.706667,-9.3268,6.3210,86.2978,75.6790,10.6188
NLMS,1,period_0856,17.760000,-9.3731,5.7548,86.3018,75.6790,10.6228
NLMS,1,period_0856,17.800000,-9.3907,4.5604,86.3166,75.6790,10.6376
NLMS,1,period_0856,17.853333,-9.3217,4.2718,86.2536,75.6790,10.5746
NLMS,1,period_0856,17.906667,-9.2555,4.9050,86.2293,75.6790,10.5503
NLMS,1,period_0856,17.960000,-9.3765,5.9761,86.2667,75.6790,10.5876
NLMS,1,period_0856,18.000000,-9.4049,4.2097,86.3547,75.6790,10.6757
NLMS,1,period_0856,18.053333,-9.3821,5.9773,86.3270,75.6790,10.6480
NLMS,1,period_0856,18.106667,-9.4713,4.9739,86.3762,75.6790,10.6972
NLMS,1,period_0856,18.160000,-9.2361,4.1916,86.3216,75.6790,10.6425
NLMS,1,period_0856,18.200000,-9.5463,4.6169,86.4607,75.6790,10.7817
NLMS,1,period_0856,18.253333,-9.3196,5.6391,86.4690,75.6790,10.7899
NLMS,1,period_0856,18.306667,-8.9123,6.1051,81.9563,75.6790,6.2773
NLMS,1,period_0856,18.360000,-9.6496,4.2456,86.4963,75.6790,10.8173
NLMS,1,period_0856,18.400000,-9.5801,5.3156,86.5160,75.6790,10.8370
NLMS,1,period_0856,18.453333,-9.7171,5.9188,86.5886,75.6790,10.9096
NLMS,1,period_0856,18.506667,-9.6478,5.2246,86.5747,75.6790,10.8956
NLMS,1,period_0856,18.560000,-9.5461,5.8922,86.5044,75.6790,10.8253
NLMS,1,period_0856,18.600000,-9.3098,7.7061,86.5378,75.6790,10.8588
NLMS,1,period_0856,18.653333,-9.6491,3.3136,86.6457,75.6790,10.9666
NLMS,1,period_0856,18.706667,-9.7430,5.3963,86.6311,75.6790,10.9521
NLMS,1,period_0856,18.760000,-9.8366,4.2523,86.7275,75.6790,11.0485
NLMS,1,period_0856,18.800000,-9.8436,6.6945,86.7042,75.6790,11.0251
NLMS,1,period_0856,18.853333,-9.7370,6.0643,86.7350,75.6790,11.0560
NLMS,1,period_0856,18.906667,-9.8019,4.4471,86.7289,75.6790,11.0499
NLMS,1,period_0856,18.960000,-9.3905,5.6563,86.7140,75.6790,11.0349
NLMS,1,period_0856,19.000000,-9.7856,5.8175,86.6970,75.6790,11.0180
NLMS,1,period_0856,19.053333,-9.8106,4.7506,86.7341,75.6790,11.0551
NLMS,1,period_0856,19.106667,-9.7133,6.2296,86.7955,75.6790,11.1165
NLMS,1,period_0856,19.160000,-9.9074,5.1290,86.8903,75.6790,11.2113
NLMS,1,period_0856,19.200000,-10.0237,7.2816,86.9383,75.6790,11.2593
NLMS,1,period_0856,19.253333,-9.8540,5.6411,87.0522,75.6790,11.3732
NLMS,1,period_0856,19.306667,-10.0921,4.7104,87.1169,75.6790,11.4379
NLMS,1,period_0856,19.360000,-10.0095,7.0720,87.0642,75.6790,11.3852
NLMS,1,period_0856,19.400000,-9.9387,5.0195,87.0877,75.6790,11.4087
NLMS,1,period_0856,19.453333,-10.1029,5.4674,87.1430,75.6790,11.4640
NLMS,1,period_0856,19.506667,-10.1950,4.8595,87.2026,75.6790,11.5235
NLMS,1,period_0856,19.560000,-10.1382,3.6308,87.1205,75.6790,11.4415
NLMS,1,period_0856,19.600000,-10.2997,6.5711,87.1721,75.6790,11.4931
NLMS,1,period_0856,19.653333,-10.2199,4.6499,87.2042,75.6790,11.5252
NLMS,1,period_0856,19.706667,-9.8815,6.3772,87.1910,75.6790,11.5120
NLMS,1,period_0856,19.760000,-10.1899,4.6391,87.2997,75.6790,11.6207
NLMS,1,period_0856,19.800000,-10.2270,6.4218,87.3110,75.6790,11.6320
NLMS,1,period_0856,19.853333,-10.4259,5.0231,87.3033,75.6790,11.6243
NLMS,1,period_0856,19.906667,-10.2903,6.6525,87.3243,75.6790,11.6453
NLMS,1,period_0856,19.960000,-10.4067,5.2383,87.3136,75.6790,11.6346
NLMS,1,period_0856,20.000000,-10.3184,7.8693,87.3093,75.6790,11.6303
NLMS,2,period_0916,20.013333,-2.4270,-7.4286,77.8502,76.8005,1.0497
NLMS,2,period_0916,20.053333,-3.2898,-1.1648,79.1678,76.8005,2.3673
NLMS,2,period_0916,20.106667,-3.5401,1.5267,79.2103,76.8005,2.4098
NLMS,2,period_0916,20.160000,-3.7311,2.8255,79.2550,76.8005,2.4545
NLMS,2,period_0916,20.200000,-3.7976,2.7305,79.2775,76.8005,2.4770
NLMS,2,period_0916,20.253333,-3.9105,2.9960,79.3122,76.8005,2.5117
NLMS,2,period_0916,20.306667,-3.9748,2.1582,79.3481,76.8005,2.5476
NLMS,2,period_0916,20.360000,-4.0262,2.6363,79.4290,76.8005,2.6285
NLMS,2,period_0916,20.400000,-4.0516,2.3778,79.4706,76.8005,2.6701
NLMS,2,period_0916,20.453333,-4.0493,3.2001,79.5272,76.8005,2.7267
NLMS,2,period_0916,20.506667,-4.1184,2.3715,79.5553,76.8005,2.7548
NLMS,2,period_0916,20.560000,-4.1568,2.9419,79.6344,76.8005,2.8339
NLMS,2,period_0916,20.600000,-4.1316,2.8446,79.6498,76.8005,2.8493
NLMS,2,period_0916,20.653333,-4.0300,4.3670,79.6799,76.8005,2.8794
NLMS,2,period_0916,20.706667,-4.2336,1.8760,79.6968,76.8005,2.8963
NLMS,2,period_0916,20.760000,-4.3377,2.6643,79.7278,76.8005,2.9273
NLMS,2,period_0916,20.800000,-4.3802,2.5031,79.7949,76.8005,2.9944
NLMS,2,period_0916,20.853333,-4.4113,2.8528,79.8311,76.8005,3.0306
NLMS,2,period_0916,20.906667,-4.4811,2.4536,79.8628,76.8005,3.0623
NLMS,2,period_0916,20.960000,-4.3768,3.4531,79.8665,76.8005,3.0660
NLMS,2,period_0916,21.000000,-4.5299,3.0723,79.9007,76.8005,3.1003
NLMS,2,period_0916,21.053333,-4.5473,2.5218,79.9260,76.8005,3.1255
NLMS,2,period_0916,21.106667,-4.5961,3.0364,79.9779,76.8005,3.1774
NLMS,2,period_0916,21.160000,-4.6409,4.3585,80.0020,76.8005,3.2015
NLMS,2,period_0916,21.200000,-4.6641,3.5738,80.0031,76.8005,3.2026
NLMS,2,period_0916,21.253333,-4.7032,3.9095,80.0362,76.8005,3.2357
NLMS,2,period_0916,21.306667,-4.6740,4.3312,80.0993,76.8005,3.2988
NLMS,2,period_0916,21.360000,-4.7337,2.7111,80.1498,76.8005,3.3493
NLMS,2,period_0916,21.400000,-4.8384,3.0956,80.1882,76.8005,3.3877
NLMS,2,period_0916,21.453333,-4.7754,3.0568,80.2642,76.8005,3.4637
NLMS,2,period_0916,21.506667,-4.7790,2.0671,80.2654,76.8005,3.4649
NLMS,2,period_0916,21.560000,-4.8087,2.7443,80.3252,76.8005,3.5247
NLMS,2,period_0916,21.600000,-4.8575,3.1127,80.3640,76.8005,3.5635
NLMS,2,period_0916,21.653333,-4.9023,3.5776,80.4308,76.8005,3.6303
NLMS,2,period_0916,21.706667,-4.8979,2.2687,80.4855,76.8005,3.6850
NLMS,2,period_0916,21.760000,-4.9635,3.0378,80.4921,76.8005,3.6917
NLMS,2,period_0916,21.800000,-4.9859,2.2426,80.5036,76.8005,3.7031
NLMS,2,period_0916,21.853333,-5.0525,3.0024,80.5401,76.8005,3.7396
NLMS,2,period_0916,21.906667,-4.8524,3.1183,80.6004,76.8005,3.7999
NLMS,2,period_0916,21.960000,-5.0288,2.1322,80.6169,76.8005,3.8164
NLMS,2,period_0916,22.000000,-5.1568,3.0564,80.6352,76.8005,3.8347
NLMS,2,period_0916,22.053333,-5.1544,2.0743,80.6832,76.8005,3.8827
NLMS,2,period_0916,22.106667,-5.1949,4.1713,80.7092,76.8005,3.9087
NLMS,2,period_0916,22.160000,-5.2042,2.3567,80.7805,76.8005,3.9800
NLMS,2,period_0916,22.200000,-5.2391,3.0968,80.7989,76.8005,3.9984
NLMS,2,period_0916,22.253333,-5.2569,2.9183,80.8674,76.8005,4.0669
NLMS,2,period_0916,22.306667,-5.2903,2.5389,80.8480,76.8005,4.0475
NLMS,2,period_0916,22.360000,-5.3117,2.0190,80.8619,76.8005,4.0614
NLMS,2,period_0916,22.400000,-5.3555,3.3496,80.8665,76.8005,4.0660
NLMS,2,period_0916,22.453333,-5.3704,3.4058,80.8759,76.8005,4.0755
NLMS,2,period_0916,22.506667,-5.3527,3.7230,80.8784,76.8005,4.0779
NLMS,2,period_0916,22.560000,-5.2936,2.9579,80.8901,76.8005,4.0896
NLMS,2,period_0916,22.600000,-5.3944,2.0804,80.9025,76.8005,4.1020
NLMS,2,period_0916,22.653333,-5.4473,3.0949,80.9443,76.8005,4.1438
NLMS,2,period_0916,22.706667,-5.4408,3.2897,80.9631,76.8005,4.1626
NLMS,2,period_0916,22.760000,-5.5627,2.3863,80.9739,76.8005,4.1734
NLMS,2,period_0916,22.800000,-5.5045,4.4243,80.9772,76.8005,4.1767
NLMS,2,period_0916,22.853333,-5.6183,3.2189,81.0222,76.8005,4.2217
NLMS,2,period_0916,22.906667,-5.6297,3.3799,81.0155,76.8005,4.2150
NLMS,2,period_0916,22.960000,-5.6308,2.8252,81.1019,76.8005,4.3014
NLMS,2,period_0916,23.000000,-5.6878,3.5836,81.1003,76.8005,4.2998
NLMS,2,period_0916,23.053333,-5.6708,3.4811,81.1245,76.8005,4.3240
NLMS,2,period_0916,23.106667,-5.7371,2.3483,81.1575,76.8005,4.3571
NLMS,2,period_0916,23.160000,-5.7379,4.4700,81.1734,76.8005,4.3729
NLMS,2,period_0916,23.200000,-5.8091,2.1955,81.2098,76.8005,4.4093
NLMS,2,period_0916,23.253333,-5.8489,3.0908,81.2398,76.8005,4.4393
NLMS,2,period_0916,23.306667,-5.8493,4.4944,81.2552,76.8005,4.4547
NLMS,2,period_0916,23.360000,-5.9071,3.5983,81.2831,76.8005,4.4826
NLMS,2,period_0916,23.400000,-5.7609,4.4451,81.2606,76.8005,4.4601
NLMS,2,period_0916,23.453333,-5.8469,3.3929,81.3067,76.8005,4.5062
NLMS,2,period_0916,23.506667,-5.9344,2.5113,81.3096,76.8005,4.5091
NLMS,2,period_0916,23.560000,-5.9177,2.9156,81.3141,76.8005,4.5136
NLMS,2,period_0916,23.600000,-6.0222,3.9116,81.3583,76.8005,4.5578
NLMS,2,period_0916,23.653333,-6.0450,3.1229,81.4103,76.8005,4.6098
NLMS,2,period_0916,23.706667,-5.9829,4.0030,81.4227,76.8005,4.6222
NLMS,2,period_0916,23.760000,-5.8942,2.9637,81.4275,76.8005,4.6270
NLMS,2,period_0916,23.800000,-6.0317,1.8826,81.4477,76.8005,4.6472
NLMS,2,period_0916,23.853333,-6.0861,3.8898,81.4922,76.8005,4.6917
NLMS,2,period_0916,23.906667,-6.2033,2.9045,81.5085,76.8005,4.7080
NLMS,2,period_0916,23.960000,-6.2038,2.7819,81.5056,76.8005,4.7051
NLMS,2,period_0916,24.000000,-6.1857,2.9722,81.5271,76.8005,4.7266
NLMS,2,period_0916,24.053333,-6.2523,3.7085,81.5661,76.8005,4.7656
NLMS,2,period_0916,24.106667,-6.3104,3.7349,81.6046,76.8005,4.8041
NLMS,2,period_0916,24.160000,-6.3477,3.3917,81.6017,76.8005,4.8012
NLMS,2,period_0916,24.200000,-6.3467,3.0687,81.6170,76.8005,4.8165
NLMS,2,period_0916,24.253333,-6.3044,2.6596,81.6233,76.8005,4.8228
NLMS,2,period_0916,24.306667,-6.3542,2.4061,81.6514,76.8005,4.8509
NLMS,2,period_0916,24.360000,-6.4058,3.4960,81.6691,76.8005,4.8686
NLMS,2,period_0916,24.400000,-6.4071,2.4702,81.7053,76.8005,4.9048
NLMS,2,period_0916,24.453333,-6.4460,2.3170,81.7446,76.8005,4.9441
NLMS,2,period_0916,24.506667,-6.4556,3.3790,81.7570,76.8005,4.9565
NLMS,2,period_0916,24.560000,-6.4391,2.0079,81.7640,76.8005,4.9635
NLMS,2,period_0916,24.600000,-6.2956,2.9538,81.7264,76.8005,4.9259
NLMS,2,period_0916,24.653333,-6.4690,2.0106,81.8125,76.8005,5.0120
NLMS,2,period_0916,24.706667,-6.5645,2.9569,81.8238,76.8005,5.0233
NLMS,2,period_0916,24.760000,-6.5553,3.9438,81.8307,76.8005,5.0302
NLMS,2,period_0916,24.800000,-6.5392,2.6596,81.8364,76.8005,5.0359
NLMS,2,period_0916,24.853333,-6.6459,3.6623,81.8680,76.8005,5.0675
NLMS,2,period_0916,24.906667,-6.6797,2.4615,81.8717,76.8005,5.0712
NLMS,2,period_0916,24.960000,-6.7240,2.3452,81.9162,76.8005,5.1157
NLMS,2,period_0916,25.000000,-6.7833,3.1354,81.9117,76.8005,5.1112
NLMS,2,period_0916,25.053333,-6.7861,3.0252,81.9371,76.8005,5.1366
NLMS,2,period_0916,25.106667,-6.7516,3.0064,81.9726,76.8005,5.1721
NLMS,2,period_0916,25.160000,-6.8452,3.0580,81.9865,76.8005,5.1860
NLMS,2,period_0916,25.200000,-6.8164,3.1175,81.9984,76.8005,5.1979
NLMS,2,period_0916,25.253333,-6.8504,3.0657,82.0660,76.8005,5.2655
NLMS,2,period_0916,25.306667,-6.8622,3.7224,82.0719,76.8005,5.2714
NLMS,2,period_0916,25.360000,-6.8446,2.9163,82.0855,76.8005,5.2850
NLMS,2,period_0916,25.400000,-6.8820,3.1891,82.1254,76.8005,5.3249
NLMS,2,period_0916,25.453333,-6.9201,3.7227,82.1546,76.8005,5.3541
NLMS,2,period_0916,25.506667,-6.9092,2.1321,82.1456,76.8005,5.3451
NLMS,2,period_0916,25.560000,-6.9473,3.3508,82.1973,76.8005,5.3968
NLMS,2,period_0916,25.600000,-6.9827,2.4927,82.1896,76.8005,5.3891
NLMS,2,period_0916,25.653333,-7.0233,3.3941,82.2158,76.8005,5.4153
NLMS,2,period_0916,25.706667,-7.0757,2.9755,82.2112,76.8005,5.4107
NLMS,2,period_0916,25.760000,-6.9197,2.9065,82.2305,76.8005,5.4300
NLMS,2,period_0916,25.800000,-7.0417,3.3145,82.2609,76.8005,5.4604
NLMS,2,period_0916,25.853333,-7.1316,2.5244,82.2661,76.8005,5.4656
NLMS,2,period_0916,25.906667,-7.0810,4.1633,82.3165,76.8005,5.5160
NLMS,2,period_0916,25.960000,-7.0850,2.7001,82.3124,76.8005,5.5119
NLMS,2,period_0916,26.000000,-7.1657,2.4821,82.3471,76.8005,5.5466
NLMS,2,period_0916,26.053333,-7.1601,3.1993,82.3787,76.8005,5.5782
NLMS,2,period_0916,26.106667,-7.1648,2.6679,82.4089,76.8005,5.6084
NLMS,2,period_0916,26.160000,-7.2742,2.3231,82.4763,76.8005,5.6758
NLMS,2,period_0916,26.200000,-7.2973,3.3685,82.5116,76.8005,5.7111
NLMS,2,period_0916,26.253333,-7.2838,3.3064,82.5337,76.8005,5.7332
NLMS,2,period_0916,26.306667,-7.4041,3.1509,82.5642,76.8005,5.7637
NLMS,2,period_0916,26.360000,-7.4120,2.9809,82.5786,76.8005,5.7781
NLMS,2,period_0916,26.400000,-7.2576,4.4543,82.5837,76.8005,5.7832
NLMS,2,period_0916,26.453333,-7.4404,2.7028,82.6061,76.8005,5.8056
NLMS,2,period_0916,26.506667,-7.4701,2.6777,82.6498,76.8005,5.8493
NLMS,2,period_0916,26.560000,-7.5188,3.0438,82.6960,76.8005,5.8955
NLMS,2,period_0916,26.600000,-7.4937,4.1322,82.7183,76.8005,5.9178
NLMS,2,period_0916,26.653333,-7.5971,3.1104,82.7527,76.8005,5.9522
NLMS,2,period_0916,26.706667,-7.5350,2.8112,82.7816,76.8005,5.9811
NLMS,2,period_0916,26.760000,-7.5366,2.9695,82.8356,76.8005,6.0352
NLMS,2,period_0916,26.800000,-7.5716,4.0731,82.8651,76.8005,6.0646
NLMS,2,period_0916,26.853333,-7.6412,2.4668,82.9055,76.8005,6.1050
NLMS,2,period_0916,26.906667,-7.6632,3.4045,82.9468,76.8005,6.1463
NLMS,2,period_0916,26.960000,-7.5549,2.3230,82.9980,76.8005,6.1975
NLMS,2,period_0916,27.000000,-7.7262,3.8190,83.0169,76.8005,6.2164
NLMS,2,period_0916,27.053333,-7.4547,2.8656,82.9769,76.8005,6.1764
NLMS,2,period_0916,27.106667,-7.5898,3.6721,82.9933,76.8005,6.1928
NLMS,2,period_0916,27.160000,-7.5869,4.1836,83.0068,76.8005,6.2063
NLMS,2,period_0916,27.200000,-7.6570,2.1666,82.9955,76.8005,6.1950
NLMS,2,period_0916,27.253333,-7.8162,2.6983,83.0526,76.8005,6.2521
NLMS,2,period_0916,27.306667,-7.8721,2.4962,83.1339,76.8005,6.3334
NLMS,2,period_0916,27.360000,-7.9131,3.0476,83.1765,76.8005,6.3760
NLMS,2,period_0916,27.400000,-7.7814,4.3125,83.2067,76.8005,6.4062
NLMS,2,period_0916,27.453333,-7.7477,3.0528,83.2110,76.8005,6.4105
NLMS,2,period_0916,27.506667,-7.9282,2.8245,83.2424,76.8005,6.4419
NLMS,2,period_0916,27.560000,-7.9318,4.3631,83.2598,76.8005,6.4593
NLMS,2,period_0916,27.600000,-7.9616,3.1435,83.2684,76.8005,6.4679
NLMS,2,period_0916,27.653333,-8.0784,3.9119,83.2906,76.8005,6.4901
NLMS,2,period_0916,27.706667,-7.9269,3.0278,83.2905,76.8005,6.4901
NLMS,2,period_0916,27.760000,-7.9026,2.8627,83.3136,76.8005,6.5131
NLMS,2,period_0916,27.800000,-7.9455,3.4377,83.3106,76.8005,6.5101
NLMS,2,period_0916,27.853333,-8.0568,2.4276,83.3619,76.8005,6.5614
NLMS,2,period_0916,27.906667,-8.0579,2.8742,83.4483,76.8005,6.6478
NLMS,2,period_0916,27.960000,-7.9540,3.7922,83.4451,76.8005,6.6446
NLMS,2,period_0916,28.000000,-7.9204,4.1750,83.4847,76.8005,6.6842
NLMS,2,period_0916,28.053333,-8.0474,3.2470,83.5260,76.8005,6.7255
NLMS,2,period_0916,28.106667,-8.2059,3.3850,83.5557,76.8005,6.7553
NLMS,2,period_0916,28.160000,-8.2256,3.0377,83.6126,76.8005,6.8121
NLMS,2,period_0916,28.200000,-8.2394,3.6735,83.5758,76.8005,6.7753
NLMS,2,period_0916,28.253333,-8.1482,3.6908,83.6093,76.8005,6.8088
NLMS,2,period_0916,28.306667,-8.2276,2.5998,83.6629,76.8005,6.8624
NLMS,2,period_0916,28.360000,-8.2092,3.2201,83.7504,76.8005,6.9499
NLMS,2,period_0916,28.400000,-8.3402,2.7828,83.7617,76.8005,6.9612
NLMS,2,period_0916,28.453333,-8.3121,4.2936,83.8172,76.8005,7.0167
NLMS,2,period_0916,28.506667,-8.2689,4.4339,83.8777,76.8005,7.0772
NLMS,2,period_0916,28.560000,-8.4173,2.9361,83.8841,76.8005,7.0836
NLMS,2,period_0916,28.600000,-8.2355,3.2877,83.8457,76.8005,7.0453
NLMS,2,period_0916,28.653333,-8.0707,4.4082,83.8468,76.8005,7.0463
NLMS,2,period_0916,28.706667,-7.8710,2.7024,81.0327,76.8005,4.2322
NLMS,2,period_0916,28.760000,-8.4153,2.8188,83.9094,76.8005,7.1089
NLMS,2,period_0916,28.800000,-8.4602,1.4586,83.9667,76.8005,7.1663
NLMS,2,period_0916,28.853333,-8.4858,4.4609,84.0213,76.8005,7.2208
NLMS,2,period_0916,28.906667,-8.5049,2.0518,84.0425,76.8005,7.2420
NLMS,2,period_0916,28.960000,-8.4364,2.9733,84.0355,76.8005,7.2350
NLMS,2,period_0916,29.000000,-8.6443,5.0091,84.0796,76.8005,7.2791
NLMS,2,period_0916,29.053333,-8.6316,2.8516,84.0983,76.8005,7.2978
NLMS,2,period_0916,29.106667,-8.5795,2.8056,84.0871,76.8005,7.2866
NLMS,2,period_0916,29.160000,-8.5839,2.2704,84.1071,76.8005,7.3066
NLMS,2,period_0916,29.200000,-8.5914,4.4396,84.1169,76.8005,7.3164
NLMS,2,period_0916,29.253333,-8.6449,2.7026,84.1731,76.8005,7.3726
NLMS,2,period_0916,29.306667,-8.2518,3.1663,81.6702,76.8005,4.8697
NLMS,2,period_0916,29.360000,-8.5240,3.2789,84.1619,76.8005,7.3614
NLMS,2,period_0916,29.400000,-8.6891,3.2124,84.1883,76.8005,7.3878
NLMS,2,period_0916,29.453333,-8.6877,2.6799,84.1549,76.8005,7.3544
NLMS,2,period_0916,29.506667,-8.7772,3.5084,84.2007,76.8005,7.4002
NLMS,2,period_0916,29.560000,-8.7659,2.9209,84.2089,76.8005,7.4084
NLMS,2,period_0916,29.600000,-8.6922,2.8066,84.2324,76.8005,7.4319
NLMS,2,period_0916,29.653333,-8.7494,3.2078,84.2957,76.8005,7.4952
NLMS,2,period_0916,29.706667,-8.7288,4.2476,84.3305,76.8005,7.5300
NLMS,2,period_0916,29.760000,-8.8853,2.6145,84.3297,76.8005,7.5292
NLMS,2,period_0916,29.800000,-8.8597,3.0051,84.3649,76.8005,7.5644
NLMS,2,period_0916,29.853333,-8.9170,3.4697,84.4018,76.8005,7.6013
NLMS,2,period_0916,29.906667,-8.8539,3.7845,84.4198,76.8005,7.6193
NLMS,2,period_0916,29.960000,-8.9967,2.8000,84.4242,76.8005,7.6237
NLMS,2,period_0916,30.000000,-9.0212,3.2085,84.4502,76.8005,7.6497
NLMS,3,period_0943,30.013333,-2.5924,-0.5538,69.6192,67.9790,1.6401
NLMS,3,period_0943,30.053333,-2.6975,3.8234,69.6295,67.9790,1.6505
NLMS,3,period_0943,30.106667,-2.7811,3.2292,69.6605,67.9790,1.6814
NLMS,3,period_0943,30.160000,-2.8349,3.9845,69.6785,67.9790,1.6995
NLMS,3,period_0943,30.200000,-2.8651,4.8067,69.6864,67.9790,1.7073
NLMS,3,period_0943,30.253333,-2.9197,3.0526,69.7317,67.9790,1.7526
NLMS,3,period_0943,30.306667,-2.9670,4.1181,69.7520,67.9790,1.7729
NLMS,3,period_0943,30.360000,-3.0226,4.3419,69.7991,67.9790,1.8201
NLMS,3,period_0943,30.400000,-3.0492,5.3643,69.8140,67.9790,1.8349
NLMS,3,period_0943,30.453333,-3.0822,4.8324,69.8293,67.9790,1.8502
NLMS,3,period_0943,30.506667,-3.1281,4.0564,69.8457,67.9790,1.8667
NLMS,3,period_0943,30.560000,-3.1615,5.1179,69.8792,67.9790,1.9001
NLMS,3,period_0943,30.600000,-3.1867,4.3546,69.8996,67.9790,1.9205
NLMS,3,period_0943,30.653333,-3.2151,3.9906,69.9247,67.9790,1.9457
NLMS,3,period_0943,30.706667,-3.2564,2.9450,69.9305,67.9790,1.9515
NLMS,3,period_0943,30.760000,-3.2805,4.4616,69.9461,67.9790,1.9670
NLMS,3,period_0943,30.800000,-3.3078,2.9746,69.9691,67.9790,1.9900
NLMS,3,period_0943,30.853333,-3.3404,4.5238,69.9718,67.9790,1.9928
NLMS,3,period_0943,30.906667,-3.3802,3.3113,70.0176,67.9790,2.0386
NLMS,3,period_0943,30.960000,-3.4214,4.3331,70.0580,67.9790,2.0789
NLMS,3,period_0943,31.000000,-3.4455,5.7494,70.0981,67.9790,2.1190
NLMS,3,period_0943,31.053333,-3.4819,4.4367,70.1276,67.9790,2.1486
NLMS,3,period_0943,31.106667,-3.5194,4.1552,70.1472,67.9790,2.1681
NLMS,3,period_0943,31.160000,-3.5506,3.8489,70.1629,67.9790,2.1839
NLMS,3,period_0943,31.200000,-3.5706,4.9974,70.1915,67.9790,2.2125
NLMS,3,period_0943,31.253333,-3.5916,4.1598,70.2012,67.9790,2.2222
NLMS,3,period_0943,31.306667,-3.6214,4.5286,70.2222,67.9790,2.2431
NLMS,3,period_0943,31.360000,-3.6384,4.2682,70.2303,67.9790,2.2512
NLMS,3,period_0943,31.400000,-3.6646,6.0058,70.2406,67.9790,2.2615
NLMS,3,period_0943,31.453333,-3.6963,3.5190,70.2692,67.9790,2.2902
NLMS,3,period_0943,31.506667,-3.7287,4.6321,70.2869,67.9790,2.3078
NLMS,3,period_0943,31.560000,-3.7594,5.4138,70.3099,67.9790,2.3309
NLMS,3,period_0943,31.600000,-3.7833,4.4154,70.3261,67.9790,2.3471
NLMS,3,period_0943,31.653333,-3.8092,4.5693,70.3401,67.9790,2.3610
NLMS,3,period_0943,31.706667,-3.8377,4.9301,70.3408,67.9790,2.3617
NLMS,3,period_0943,31.760000,-3.8654,5.4856,70.3530,67.9790,2.3739
NLMS,3,period_0943,31.800000,-3.8868,5.3601,70.3684,67.9790,2.3893
NLMS,3,period_0943,31.853333,-3.9166,5.0459,70.3961,67.9790,2.4170
NLMS,3,period_0943,31.906667,-3.9405,4.5221,70.4282,67.9790,2.4492
NLMS,3,period_0943,31.960000,-3.9826,4.1862,70.4374,67.9790,2.4584
NLMS,3,period_0943,32.000000,-4.0022,5.0874,70.4477,67.9790,2.4686
NLMS,3,period_0943,32.053333,-4.0214,5.1664,70.4657,67.9790,2.4867
NLMS,3,period_0943,32.106667,-4.0542,3.2892,70.4823,67.9790,2.5033
NLMS,3,period_0943,32.160000,-4.0909,4.4351,70.5128,67.9790,2.5337
NLMS,3,period_0943,32.200000,-4.1138,5.3239,70.5368,67.9790,2.5578
NLMS,3,period_0943,32.253333,-4.1328,5.2511,70.5545,67.9790,2.5754
NLMS,3,period_0943,32.306667,-4.1706,4.9964,70.5775,67.9790,2.5985
NLMS,3,period_0943,32.360000,-4.1918,3.5149,70.5923,67.9790,2.6133
NLMS,3,period_0943,32.400000,-4.2323,5.1758,70.6109,67.9790,2.6318
NLMS,3,period_0943,32.453333,-4.2606,4.4991,70.6171,67.9790,2.6380
NLMS,3,period_0943,32.506667,-4.2757,4.3757,70.6392,67.9790,2.6601
NLMS,3,period_0943,32.560000,-4.3008,3.4094,70.6936,67.9790,2.7146
NLMS,3,period_0943,32.600000,-4.3199,5.5938,70.7072,67.9790,2.7281
NLMS,3,period_0943,32.653333,-4.3581,4.3715,70.7274,67.9790,2.7483
NLMS,3,period_0943,32.706667,-4.3933,5.2818,70.7384,67.9790,2.7593
NLMS,3,period_0943,32.760000,-4.4137,4.1516,70.7503,67.9790,2.7713
NLMS,3,period_0943,32.800000,-4.4261,3.4964,70.7651,67.9790,2.7860
NLMS,3,period_0943,32.853333,-4.4698,3.8813,70.7783,67.9790,2.7992
NLMS,3,period_0943,32.906667,-4.4920,4.8670,70.7955,67.9790,2.8165
NLMS,3,period_0943,32.960000,-4.5180,5.9248,70.8289,67.9790,2.8498
NLMS,3,period_0943,33.000000,-4.5495,4.3138,70.8485,67.9790,2.8694
NLMS,3,period_0943,33.053333,-4.5705,4.8086,70.8659,67.9790,2.8868
NLMS,3,period_0943,33.106667,-4.6041,4.8566,70.9054,67.9790,2.9263
NLMS,3,period_0943,33.160000,-4.6218,3.7315,70.9154,67.9790,2.9364
NLMS,3,period_0943,33.200000,-4.6368,4.2355,70.9350,67.9790,2.9559
NLMS,3,period_0943,33.253333,-4.6774,3.9935,70.9446,67.9790,2.9656
NLMS,3,period_0943,33.306667,-4.7125,5.0477,70.9730,67.9790,2.9940
NLMS,3,period_0943,33.360000,-4.7439,4.5517,70.9978,67.9790,3.0187
NLMS,3,period_0943,33.400000,-4.7631,4.8218,71.0334,67.9790,3.0543
NLMS,3,period_0943,33.453333,-4.7878,4.9663,71.0401,67.9790,3.0610
NLMS,3,period_0943,33.506667,-4.8102,4.6016,71.0713,67.9790,3.0923
NLMS,3,period_0943,33.560000,-4.8437,5.3902,71.1122,67.9790,3.1331
NLMS,3,period_0943,33.600000,-4.8592,4.5874,71.1329,67.9790,3.1539
NLMS,3,period_0943,33.653333,-4.8868,4.5546,71.1409,67.9790,3.1618
NLMS,3,period_0943,33.706667,-4.9259,4.2239,71.1580,67.9790,3.1790
NLMS,3,period_0943,33.760000,-4.9559,4.1107,71.1658,67.9790,3.1868
NLMS,3,period_0943,33.800000,-4.9661,5.1779,71.1707,67.9790,3.1917
NLMS,3,period_0943,33.853333,-5.0042,4.6369,71.1925,67.9790,3.2135
NLMS,3,period_0943,33.906667,-5.0308,3.9586,71.2126,67.9790,3.2336
NLMS,3,period_0943,33.960000,-5.0570,4.8146,71.2427,67.9790,3.2637
NLMS,3,period_0943,34.000000,-5.0690,5.1917,71.2657,67.9790,3.2867
NLMS,3,period_0943,34.053333,-5.0969,4.9032,71.2739,67.9790,3.2949
NLMS,3,period_0943,34.106667,-5.1293,3.2110,71.3013,67.9790,3.3222
NLMS,3,period_0943,34.160000,-5.1739,4.8252,71.3185,67.9790,3.3394
NLMS,3,period_0943,34.200000,-5.1974,4.5738,71.3320,67.9790,3.3529
NLMS,3,period_0943,34.253333,-5.2218,5.4448,71.3632,67.9790,3.3841
NLMS,3,period_0943,34.306667,-5.2514,4.4794,71.3785,67.9790,3.3995
NLMS,3,period_0943,34.360000,-5.2857,4.7517,71.3920,67.9790,3.4129
NLMS,3,period_0943,34.400000,-5.3120,3.6119,71.4130,67.9790,3.4340
NLMS,3,period_0943,34.453333,-5.3406,4.6482,71.4432,67.9790,3.4641
NLMS,3,period_0943,34.506667,-5.3664,3.8366,71.4725,67.9790,3.4934
NLMS,3,period_0943,34.560000,-5.3886,5.2844,71.5109,67.9790,3.5318
NLMS,3,period_0943,34.600000,-5.4282,4.4577,71.5163,67.9790,3.5372
NLMS,3,period_0943,34.653333,-5.4701,5.3468,71.5836,67.9790,3.6045
NLMS,3,period_0943,34.706667,-5.5019,5.3762,71.5922,67.9790,3.6131
NLMS,3,period_0943,34.760000,-5.5311,3.8167,71.6065,67.9790,3.6275
NLMS,3,period_0943,34.800000,-5.5475,4.1925,71.6231,67.9790,3.6440
NLMS,3,period_0943,34.853333,-5.5673,5.2994,71.6437,67.9790,3.6647
NLMS,3,period_0943,34.906667,-5.6013,4.9412,71.6831,67.9790,3.7040
NLMS,3,period_0943,34.960000,-5.6382,4.3528,71.7168,67.9790,3.7378
NLMS,3,period_0943,35.000000,-5.6491,5.4267,71.7321,67.9790,3.7530
NLMS,3,period_0943,35.053333,-5.6788,4.5163,71.7583,67.9790,3.7792
NLMS,3,period_0943,35.106667,-5.7058,5.0604,71.7698,67.9790,3.7908
NLMS,3,period_0943,35.160000,-5.7313,5.2100,71.8082,67.9790,3.8291
NLMS,3,period_0943,35.200000,-5.7494,4.5835,71.8180,67.9790,3.8390
NLMS,3,period_0943,35.253333,-5.7860,5.3518,71.8353,67.9790,3.8562
NLMS,3,period_0943,35.306667,-5.8157,4.7410,71.8618,67.9790,3.8827
NLMS,3,period_0943,35.360000,-5.8482,5.0593,71.8991,67.9790,3.9200
NLMS,3,period_0943,35.400000,-5.8688,4.0145,71.9091,67.9790,3.9300
NLMS,3,period_0943,35.453333,-5.8909,3.9952,71.9359,67.9790,3.9568
NLMS,3,period_0943,35.506667,-5.9298,4.6718,71.9519,67.9790,3.9729
NLMS,3,period_0943,35.560000,-5.9502,4.1996,71.9727,67.9790,3.9936
NLMS,3,period_0943,35.600000,-5.9709,4.7193,72.0146,67.9790,4.0356
NLMS,3,period_0943,35.653333,-5.9740,5.5767,72.0323,67.9790,4.0533
NLMS,3,period_0943,35.706667,-6.0180,4.2637,72.0522,67.9790,4.0732
NLMS,3,period_0943,35.760000,-6.0383,4.8277,72.0899,67.9790,4.1108
NLMS,3,period_0943,35.800000,-6.0642,4.8569,72.1020,67.9790,4.1229
NLMS,3,period_0943,35.853333,-6.0802,4.2415,72.1171,67.9790,4.1380
NLMS,3,period_0943,35.906667,-6.1201,4.9655,72.1379,67.9790,4.1588
NLMS,3,period_0943,35.960000,-6.1559,5.9752,72.1531,67.9790,4.1741
NLMS,3,period_0943,36.000000,-6.1827,5.2463,72.1681,67.9790,4.1891
NLMS,3,period_0943,36.053333,-6.2072,4.2013,72.1851,67.9790,4.2060
NLMS,3,period_0943,36.106667,-6.2265,4.4055,72.2159,67.9790,4.2369
NLMS,3,period_0943,36.160000,-6.2469,5.6158,72.2393,67.9790,4.2602
NLMS,3,period_0943,36.200000,-6.2724,4.1550,72.2493,67.9790,4.2702
NLMS,3,period_0943,36.253333,-6.3009,5.5991,72.2799,67.9790,4.3009
NLMS,3,period_0943,36.306667,-6.3364,4.1740,72.2911,67.9790,4.3121
NLMS,3,period_0943,36.360000,-6.3457,2.6325,72.3092,67.9790,4.3301
NLMS,3,period_0943,36.400000,-6.3667,5.1455,72.3223,67.9790,4.3433
NLMS,3,period_0943,36.453333,-6.3872,4.3929,72.3481,67.9790,4.3691
NLMS,3,period_0943,36.506667,-6.3910,4.4338,72.3659,67.9790,4.3868
NLMS,3,period_0943,36.560000,-6.4277,4.4545,72.3877,67.9790,4.4086
NLMS,3,period_0943,36.600000,-6.4754,4.2846,72.4162,67.9790,4.4371
NLMS,3,period_0943,36.653333,-6.5044,3.3702,72.4435,67.9790,4.4645
NLMS,3,period_0943,36.706667,-6.5361,4.9349,72.4769,67.9790,4.4979
NLMS,3,period_0943,36.760000,-6.5637,4.6305,72.5095,67.9790,4.5305
NLMS,3,period_0943,36.800000,-6.5603,4.5556,72.5270,67.9790,4.5480
NLMS,3,period_0943,36.853333,-6.6161,4.3657,72.5604,67.9790,4.5814
NLMS,3,period_0943,36.906667,-6.6492,5.5886,72.5854,67.9790,4.6063
NLMS,3,period_0943,36.960000,-6.6802,4.5397,72.6056,67.9790,4.6265
NLMS,3,period_0943,37.000000,-6.6969,5.4197,72.6123,67.9790,4.6332
NLMS,3,period_0943,37.053333,-6.7283,4.5612,72.6210,67.9790,4.6419
NLMS,3,period_0943,37.106667,-6.7419,5.1514,72.6317,67.9790,4.6526
NLMS,3,period_0943,37.160000,-6.7814,4.3119,72.6580,67.9790,4.6790
NLMS,3,period_0943,37.200000,-6.8024,4.7260,72.6779,67.9790,4.6989
NLMS,3,period_0943,37.253333,-6.8204,3.8359,72.6964,67.9790,4.7174
NLMS,3,period_0943,37.306667,-6.8510,5.6222,72.7027,67.9790,4.7237
NLMS,3,period_0943,37.360000,-6.8693,4.8063,72.7430,67.9790,4.7640
NLMS,3,period_0943,37.400000,-6.8949,4.4127,72.7492,67.9790,4.7702
NLMS,3,period_0943,37.453333,-6.9091,4.8231,72.7791,67.9790,4.8000
NLMS,3,period_0943,37.506667,-6.9462,3.9403,72.7956,67.9790,4.8166
NLMS,3,period_0943,37.560000,-6.9572,4.2581,72.8105,67.9790,4.8315
NLMS,3,period_0943,37.600000,-6.9883,4.0748,72.8141,67.9790,4.8351
NLMS,3,period_0943,37.653333,-7.0064,5.0616,72.8335,67.9790,4.8544
NLMS,3,period_0943,37.706667,-7.0423,4.3134,72.8603,67.9790,4.8813
NLMS,3,period_0943,37.760000,-7.0591,3.6857,72.9008,67.9790,4.9218
NLMS,3,period_0943,37.800000,-7.0830,4.7445,72.9035,67.9790,4.9244
NLMS,3,period_0943,37.853333,-7.0990,3.7980,72.9216,67.9790,4.9425
NLMS,3,period_0943,37.906667,-7.1424,4.9181,72.9460,67.9790,4.9669
NLMS,3,period_0943,37.960000,-7.1831,5.1408,72.9614,67.9790,4.9824
NLMS,3,period_0943,38.000000,-7.1949,3.2218,72.9719,67.9790,4.9928
NLMS,3,period_0943,38.053333,-7.2237,4.5604,72.9956,67.9790,5.0166
NLMS,3,period_0943,38.106667,-7.2527,4.7865,73.0111,67.9790,5.0320
NLMS,3,period_0943,38.160000,-7.2681,3.9391,73.0228,67.9790,5.0438
NLMS,3,period_0943,38.200000,-7.2849,4.5569,73.0418,67.9790,5.0628
NLMS,3,period_0943,38.253333,-7.3084,5.6889,73.0640,67.9790,5.0849
NLMS,3,period_0943,38.306667,-7.3447,5.0173,73.0706,67.9790,5.0915
NLMS,3,period_0943,38.360000,-7.3706,5.6762,73.1087,67.9790,5.1297
NLMS,3,period_0943,38.400000,-7.4003,4.7782,73.1202,67.9790,5.1411
NLMS,3,period_0943,38.453333,-7.4299,4.7255,73.1414,67.9790,5.1623
NLMS,3,period_0943,38.506667,-7.4072,4.8813,73.1849,67.9790,5.2058
NLMS,3,period_0943,38.560000,-7.4665,4.7578,73.1936,67.9790,5.2146
NLMS,3,period_0943,38.600000,-7.5016,2.9674,73.2018,67.9790,5.2228
NLMS,3,period_0943,38.653333,-7.5167,5.8472,73.2354,67.9790,5.2564
NLMS,3,period_0943,38.706667,-7.5093,5.0735,73.2731,67.9790,5.2940
NLMS,3,period_0943,38.760000,-7.5615,5.8349,73.2887,67.9790,5.3097
NLMS,3,period_0943,38.800000,-7.5860,3.9978,73.2907,67.9790,5.3117
NLMS,3,period_0943,38.853333,-7.6177,4.4136,73.3244,67.9790,5.3454
NLMS,3,period_0943,38.906667,-7.6362,4.9617,73.3509,67.9790,5.3719
NLMS,3,period_0943,38.960000,-7.6867,4.5503,73.3897,67.9790,5.4107
NLMS,3,period_0943,39.000000,-7.7101,4.5731,73.4056,67.9790,5.4265
NLMS,3,period_0943,39.053333,-7.7337,4.6975,73.4155,67.9790,5.4365
NLMS,3,period_0943,39.106667,-7.7162,5.0088,73.4489,67.9790,5.4699
NLMS,3,period_0943,39.160000,-7.7740,4.1056,73.4832,67.9790,5.5042
NLMS,3,period_0943,39.200000,-7.8102,5.3238,73.5078,67.9790,5.5288
NLMS,3,period_0943,39.253333,-7.8208,4.8246,73.5381,67.9790,5.5591
NLMS,3,period_0943,39.306667,-7.8668,5.6219,73.5635,67.9790,5.5845
NLMS,3,period_0943,39.360000,-7.8738,4.9921,73.5733,67.9790,5.5942
NLMS,3,period_0943,39.400000,-7.9117,4.8996,73.5976,67.9790,5.6186
NLMS,3,period_0943,39.453333,-7.9376,5.2548,73.6250,67.9790,5.6460
NLMS,3,period_0943,39.506667,-7.9592,4.2284,73.6434,67.9790,5.6644
NLMS,3,period_0943,39.560000,-7.9913,4.4178,73.6634,67.9790,5.6844
NLMS,3,period_0943,39.600000,-8.0155,4.6350,73.6881,67.9790,5.7091
NLMS,3,period_0943,39.653333,-8.0261,3.7044,73.7210,67.9790,5.7419
NLMS,3,period_0943,39.706667,-8.0721,4.4876,73.7194,67.9790,5.7404
NLMS,3,period_0943,39.760000,-8.1065,4.8379,73.7378,67.9790,5.7588
NLMS,3,period_0943,39.800000,-8.1218,4.1045,73.7606,67.9790,5.7816
NLMS,3,period_0943,39.853333,-8.1479,5.4676,73.7943,67.9790,5.8152
NLMS,3,period_0943,39.906667,-8.1845,5.2467,73.8204,67.9790,5.8414
NLMS,3,period_0943,39.960000,-8.2023,4.1647,73.8456,67.9790,5.8666
NLMS,3,period_0943,40.000000,-8.2263,4.8989,73.8687,67.9790,5.8897
NLMS-PCA (K=20/20),0,period_0707,0.013333,2.0447,1.2183,85.3730,85.1794,0.1937
NLMS-PCA (K=20/20),0,period_0707,0.053333,2.0561,2.3417,83.2573,85.1794,-1.9220
NLMS-PCA (K=20/20),0,period_0707,0.106667,1.0379,1.8655,84.6239,85.1794,-0.5555
NLMS-PCA (K=20/20),0,period_0707,0.160000,0.8612,1.7936,84.8224,85.1794,-0.3570
NLMS-PCA (K=20/20),0,period_0707,0.200000,0.7935,2.5255,84.7760,85.1794,-0.4033
NLMS-PCA (K=20/20),0,period_0707,0.253333,2.0838,2.4204,81.9311,85.1794,-3.2483
NLMS-PCA (K=20/20),0,period_0707,0.306667,-0.0864,0.9155,85.6586,85.1794,0.4792
NLMS-PCA (K=20/20),0,period_0707,0.360000,0.1854,3.7655,85.2506,85.1794,0.0712
NLMS-PCA (K=20/20),0,period_0707,0.400000,0.2610,2.3502,85.3789,85.1794,0.1996
NLMS-PCA (K=20/20),0,period_0707,0.453333,0.7943,2.2894,84.9025,85.1794,-0.2769
NLMS-PCA (K=20/20),0,period_0707,0.506667,0.1962,0.6531,81.7876,85.1794,-3.3918
NLMS-PCA (K=20/20),0,period_0707,0.560000,0.5336,3.0988,85.4709,85.1794,0.2916
NLMS-PCA (K=20/20),0,period_0707,0.600000,0.3160,3.5529,85.3379,85.1794,0.1586
NLMS-PCA (K=20/20),0,period_0707,0.653333,0.8968,2.8757,85.4891,85.1794,0.3097
NLMS-PCA (K=20/20),0,period_0707,0.706667,-0.0308,3.3995,85.6436,85.1794,0.4642
NLMS-PCA (K=20/20),0,period_0707,0.760000,1.4580,2.8657,79.3332,85.1794,-5.8462
NLMS-PCA (K=20/20),0,period_0707,0.800000,0.8964,1.1572,80.4186,85.1794,-4.7608
NLMS-PCA (K=20/20),0,period_0707,0.853333,-0.1920,0.3225,85.9719,85.1794,0.7926
NLMS-PCA (K=20/20),0,period_0707,0.906667,-0.1572,1.4455,85.4025,85.1794,0.2231
NLMS-PCA (K=20/20),0,period_0707,0.960000,0.4161,2.3609,85.5690,85.1794,0.3896
NLMS-PCA (K=20/20),0,period_0707,1.000000,0.6762,3.1781,85.4974,85.1794,0.3180
NLMS-PCA (K=20/20),0,period_0707,1.053333,0.1622,2.3508,85.9140,85.1794,0.7347
NLMS-PCA (K=20/20),0,period_0707,1.106667,0.4846,1.6981,85.6499,85.1794,0.4705
NLMS-PCA (K=20/20),0,period_0707,1.160000,1.1335,2.2116,85.4352,85.1794,0.2558
NLMS-PCA (K=20/20),0,period_0707,1.200000,0.6576,1.8396,85.1421,85.1794,-0.0373
NLMS-PCA (K=20/20),0,period_0707,1.253333,-0.4812,1.6447,85.0971,85.1794,-0.0822
NLMS-PCA (K=20/20),0,period_0707,1.306667,0.6666,0.9377,84.1020,85.1794,-1.0773
NLMS-PCA (K=20/20),0,period_0707,1.360000,-0.0857,0.8957,84.5679,85.1794,-0.6115
NLMS-PCA (K=20/20),0,period_0707,1.400000,-0.1862,1.9668,84.8931,85.1794,-0.2863
NLMS-PCA (K=20/20),0,period_0707,1.453333,0.4319,2.2503,82.1956,85.1794,-2.9838
NLMS-PCA (K=20/20),0,period_0707,1.506667,0.7294,3.6529,84.2549,85.1794,-0.9244
NLMS-PCA (K=20/20),0,period_0707,1.560000,1.4988,2.0296,85.8876,85.1794,0.7083
NLMS-PCA (K=20/20),0,period_0707,1.600000,1.2939,1.4577,80.2037,85.1794,-4.9757
NLMS-PCA (K=20/20),0,period_0707,1.653333,0.3061,1.2678,84.7554,85.1794,-0.4240
NLMS-PCA (K=20/20),0,period_0707,1.706667,-0.4821,2.3239,84.9016,85.1794,-0.2778
NLMS-PCA (K=20/20),0,period_0707,1.760000,-0.1031,0.9237,84.9931,85.1794,-0.1863
NLMS-PCA (K=20/20),0,period_0707,1.800000,-0.4329,1.3206,85.6918,85.1794,0.5125
NLMS-PCA (K=20/20),0,period_0707,1.853333,0.0306,2.3391,84.8244,85.1794,-0.3550
NLMS-PCA (K=20/20),0,period_0707,1.906667,-0.2203,1.5567,85.4210,85.1794,0.2416
NLMS-PCA (K=20/20),0,period_0707,1.960000,-0.6628,1.9763,85.6518,85.1794,0.4725
NLMS-PCA (K=20/20),0,period_0707,2.000000,0.1993,2.1293,85.3094,85.1794,0.1301
NLMS-PCA (K=20/20),0,period_0707,2.053333,-0.4396,1.3651,85.8195,85.1794,0.6401
NLMS-PCA (K=20/20),0,period_0707,2.106667,-0.5300,1.6294,85.6504,85.1794,0.4710
NLMS-PCA (K=20/20),0,period_0707,2.160000,1.0640,2.5172,84.8240,85.1794,-0.3553
NLMS-PCA (K=20/20),0,period_0707,2.200000,0.9013,3.6659,85.6282,85.1794,0.4488
NLMS-PCA (K=20/20),0,period_0707,2.253333,-0.1670,1.7094,86.0984,85.1794,0.9191
NLMS-PCA (K=20/20),0,period_0707,2.306667,-0.2038,0.9830,86.4501,85.1794,1.2708
NLMS-PCA (K=20/20),0,period_0707,2.360000,-0.2411,1.5225,84.2703,85.1794,-0.9091
NLMS-PCA (K=20/20),0,period_0707,2.400000,-0.3832,0.9082,86.7662,85.1794,1.5869
NLMS-PCA (K=20/20),0,period_0707,2.453333,-0.7663,1.8771,86.0286,85.1794,0.8493
NLMS-PCA (K=20/20),0,period_0707,2.506667,0.5133,1.9178,83.8845,85.1794,-1.2948
NLMS-PCA (K=20/20),0,period_0707,2.560000,0.8362,1.1913,81.8101,85.1794,-3.3693
NLMS-PCA (K=20/20),0,period_0707,2.600000,0.0103,2.2098,86.0841,85.1794,0.9048
NLMS-PCA (K=20/20),0,period_0707,2.653333,0.2450,2.8003,85.8749,85.1794,0.6956
NLMS-PCA (K=20/20),0,period_0707,2.706667,-1.2437,0.7843,86.2935,85.1794,1.1142
NLMS-PCA (K=20/20),0,period_0707,2.760000,-0.4354,1.3756,86.7545,85.1794,1.5752
NLMS-PCA (K=20/20),0,period_0707,2.800000,-0.4079,3.5553,86.6710,85.1794,1.4916
NLMS-PCA (K=20/20),0,period_0707,2.853333,-0.5191,3.8333,86.3496,85.1794,1.1702
NLMS-PCA (K=20/20),0,period_0707,2.906667,-0.7664,2.8906,86.1062,85.1794,0.9268
NLMS-PCA (K=20/20),0,period_0707,2.960000,-1.0680,0.4159,83.3437,85.1794,-1.8357
NLMS-PCA (K=20/20),0,period_0707,3.000000,-1.1586,1.9822,86.4829,85.1794,1.3035
NLMS-PCA (K=20/20),0,period_0707,3.053333,-0.8362,3.2763,86.1949,85.1794,1.0155
NLMS-PCA (K=20/20),0,period_0707,3.106667,-0.5473,2.1663,82.9603,85.1794,-2.2191
NLMS-PCA (K=20/20),0,period_0707,3.160000,-0.7429,0.7103,87.3063,85.1794,2.1269
NLMS-PCA (K=20/20),0,period_0707,3.200000,-0.4933,2.0064,85.7652,85.1794,0.5858
NLMS-PCA (K=20/20),0,period_0707,3.253333,-1.1421,1.5704,86.1839,85.1794,1.0045
NLMS-PCA (K=20/20),0,period_0707,3.306667,-1.0217,1.0599,86.8509,85.1794,1.6716
NLMS-PCA (K=20/20),0,period_0707,3.360000,0.5390,1.6425,78.3881,85.1794,-6.7912
NLMS-PCA (K=20/20),0,period_0707,3.400000,-0.1425,1.9425,86.6857,85.1794,1.5063
NLMS-PCA (K=20/20),0,period_0707,3.453333,-1.0575,1.6726,86.5560,85.1794,1.3766
NLMS-PCA (K=20/20),0,period_0707,3.506667,-0.3112,1.7971,86.1404,85.1794,0.9610
NLMS-PCA (K=20/20),0,period_0707,3.560000,0.0653,2.6964,85.7630,85.1794,0.5837
NLMS-PCA (K=20/20),0,period_0707,3.600000,-0.5579,2.0838,85.7997,85.1794,0.6203
NLMS-PCA (K=20/20),0,period_0707,3.653333,-0.7795,0.6689,83.7446,85.1794,-1.4348
NLMS-PCA (K=20/20),0,period_0707,3.706667,-0.5256,1.5626,85.8844,85.1794,0.7050
NLMS-PCA (K=20/20),0,period_0707,3.760000,-0.4571,2.2529,85.3961,85.1794,0.2168
NLMS-PCA (K=20/20),0,period_0707,3.800000,0.9140,5.5597,83.1240,85.1794,-2.0553
NLMS-PCA (K=20/20),0,period_0707,3.853333,-1.1102,1.2043,86.0880,85.1794,0.9086
NLMS-PCA (K=20/20),0,period_0707,3.906667,-0.2863,1.0490,82.3154,85.1794,-2.8639
NLMS-PCA (K=20/20),0,period_0707,3.960000,0.2808,1.3625,85.0383,85.1794,-0.1411
NLMS-PCA (K=20/20),0,period_0707,4.000000,-1.2151,1.1569,86.5261,85.1794,1.3467
NLMS-PCA (K=20/20),0,period_0707,4.053333,-1.0994,1.1068,86.9296,85.1794,1.7502
NLMS-PCA (K=20/20),0,period_0707,4.106667,-0.7153,1.9481,84.6398,85.1794,-0.5395
NLMS-PCA (K=20/20),0,period_0707,4.160000,-0.5978,1.0952,85.6966,85.1794,0.5172
NLMS-PCA (K=20/20),0,period_0707,4.200000,-1.1904,1.3024,85.9750,85.1794,0.7957
NLMS-PCA (K=20/20),0,period_0707,4.253333,0.3186,1.6794,78.6666,85.1794,-6.5127
NLMS-PCA (K=20/20),0,period_0707,4.306667,1.8414,1.8612,80.5993,85.1794,-4.5801
NLMS-PCA (K=20/20),0,period_0707,4.360000,-1.0249,1.6027,86.4097,85.1794,1.2303
NLMS-PCA (K=20/20),0,period_0707,4.400000,-0.6778,1.7484,85.9778,85.1794,0.7984
NLMS-PCA (K=20/20),0,period_0707,4.453333,-0.6259,3.0598,86.0259,85.1794,0.8465
NLMS-PCA (K=20/20),0,period_0707,4.506667,-0.4724,2.1713,84.2427,85.1794,-0.9367
NLMS-PCA (K=20/20),0,period_0707,4.560000,-0.5514,2.2289,86.4119,85.1794,1.2325
NLMS-PCA (K=20/20),0,period_0707,4.600000,-0.8153,1.6336,85.6680,85.1794,0.4886
NLMS-PCA (K=20/20),0,period_0707,4.653333,-0.4766,2.0305,87.4028,85.1794,2.2234
NLMS-PCA (K=20/20),0,period_0707,4.706667,-0.1536,1.2824,81.3254,85.1794,-3.8540
NLMS-PCA (K=20/20),0,period_0707,4.760000,-1.4068,2.4899,86.7614,85.1794,1.5820
NLMS-PCA (K=20/20),0,period_0707,4.800000,-0.5308,2.3992,86.1334,85.1794,0.9541
NLMS-PCA (K=20/20),0,period_0707,4.853333,-0.9785,1.9945,86.8960,85.1794,1.7167
NLMS-PCA (K=20/20),0,period_0707,4.906667,-0.2966,1.9886,86.1379,85.1794,0.9586
NLMS-PCA (K=20/20),0,period_0707,4.960000,-0.5769,1.0656,84.5915,85.1794,-0.5878
NLMS-PCA (K=20/20),0,period_0707,5.000000,-0.0005,1.7080,85.8436,85.1794,0.6642
NLMS-PCA (K=20/20),0,period_0707,5.053333,-0.4603,1.0913,86.4725,85.1794,1.2931
NLMS-PCA (K=20/20),0,period_0707,5.106667,-0.6942,1.7911,86.7369,85.1794,1.5575
NLMS-PCA (K=20/20),0,period_0707,5.160000,0.0884,2.1307,86.7237,85.1794,1.5443
NLMS-PCA (K=20/20),0,period_0707,5.200000,-1.0368,1.2432,87.0048,85.1794,1.8255
NLMS-PCA (K=20/20),0,period_0707,5.253333,-0.7148,1.9033,85.0359,85.1794,-0.1434
NLMS-PCA (K=20/20),0,period_0707,5.306667,0.1801,2.5644,79.6813,85.1794,-5.4980
NLMS-PCA (K=20/20),0,period_0707,5.360000,-0.9409,1.7986,86.3841,85.1794,1.2047
NLMS-PCA (K=20/20),0,period_0707,5.400000,0.0795,2.3076,81.6949,85.1794,-3.4844
NLMS-PCA (K=20/20),0,period_0707,5.453333,-1.4139,0.4708,86.2884,85.1794,1.1090
NLMS-PCA (K=20/20),0,period_0707,5.506667,-1.2108,1.2289,85.2342,85.1794,0.0548
NLMS-PCA (K=20/20),0,period_0707,5.560000,-1.5191,2.2901,87.4643,85.1794,2.2849
NLMS-PCA (K=20/20),0,period_0707,5.600000,0.2231,3.0855,81.1381,85.1794,-4.0413
NLMS-PCA (K=20/20),0,period_0707,5.653333,-0.6352,0.9781,82.7015,85.1794,-2.4779
NLMS-PCA (K=20/20),0,period_0707,5.706667,0.6517,3.2826,78.4662,85.1794,-6.7132
NLMS-PCA (K=20/20),0,period_0707,5.760000,1.1014,1.4273,87.0860,85.1794,1.9066
NLMS-PCA (K=20/20),0,period_0707,5.800000,-0.1492,1.7173,86.9312,85.1794,1.7518
NLMS-PCA (K=20/20),0,period_0707,5.853333,-0.3303,1.8482,83.0483,85.1794,-2.1311
NLMS-PCA (K=20/20),0,period_0707,5.906667,-1.5677,0.4426,84.3619,85.1794,-0.8175
NLMS-PCA (K=20/20),0,period_0707,5.960000,-1.5542,1.3415,87.3038,85.1794,2.1245
NLMS-PCA (K=20/20),0,period_0707,6.000000,-1.6941,1.6524,87.3278,85.1794,2.1485
NLMS-PCA (K=20/20),0,period_0707,6.053333,-1.4006,2.8040,87.1969,85.1794,2.0175
NLMS-PCA (K=20/20),0,period_0707,6.106667,-1.3991,1.1984,86.9980,85.1794,1.8186
NLMS-PCA (K=20/20),0,period_0707,6.160000,-1.2260,0.9197,85.5482,85.1794,0.3688
NLMS-PCA (K=20/20),0,period_0707,6.200000,-0.8539,0.9036,82.1263,85.1794,-3.0531
NLMS-PCA (K=20/20),0,period_0707,6.253333,-0.4911,1.9901,87.1083,85.1794,1.9289
NLMS-PCA (K=20/20),0,period_0707,6.306667,-1.3786,0.8495,88.1803,85.1794,3.0009
NLMS-PCA (K=20/20),0,period_0707,6.360000,-1.1082,2.4846,86.0582,85.1794,0.8788
NLMS-PCA (K=20/20),0,period_0707,6.400000,-1.0768,1.8710,87.4604,85.1794,2.2811
NLMS-PCA (K=20/20),0,period_0707,6.453333,-2.0269,0.9895,87.5178,85.1794,2.3384
NLMS-PCA (K=20/20),0,period_0707,6.506667,-0.2590,1.7187,83.6479,85.1794,-1.5314
NLMS-PCA (K=20/20),0,period_0707,6.560000,-1.2112,1.3590,86.3333,85.1794,1.1539
NLMS-PCA (K=20/20),0,period_0707,6.600000,-0.9336,2.3822,87.1208,85.1794,1.9414
NLMS-PCA (K=20/20),0,period_0707,6.653333,-0.9174,2.0243,82.5360,85.1794,-2.6433
NLMS-PCA (K=20/20),0,period_0707,6.706667,-1.0152,1.2220,87.5638,85.1794,2.3844
NLMS-PCA (K=20/20),0,period_0707,6.760000,-1.4792,1.0751,87.0194,85.1794,1.8400
NLMS-PCA (K=20/20),0,period_0707,6.800000,-1.2806,0.7018,88.2050,85.1794,3.0256
NLMS-PCA (K=20/20),0,period_0707,6.853333,-1.3831,0.9818,87.9141,85.1794,2.7347
NLMS-PCA (K=20/20),0,period_0707,6.906667,-0.2904,2.1735,86.8716,85.1794,1.6922
NLMS-PCA (K=20/20),0,period_0707,6.960000,-1.0716,1.5435,87.6754,85.1794,2.4960
NLMS-PCA (K=20/20),0,period_0707,7.000000,-1.1693,2.1353,87.8159,85.1794,2.6366
NLMS-PCA (K=20/20),0,period_0707,7.053333,-0.4035,1.3224,84.7566,85.1794,-0.4227
NLMS-PCA (K=20/20),0,period_0707,7.106667,-0.9072,1.1013,88.6844,85.1794,3.5051
NLMS-PCA (K=20/20),0,period_0707,7.160000,0.2976,1.3303,80.3895,85.1794,-4.7898
NLMS-PCA (K=20/20),0,period_0707,7.200000,-1.1731,1.2642,86.4494,85.1794,1.2700
NLMS-PCA (K=20/20),0,period_0707,7.253333,-1.3443,2.5275,86.4183,85.1794,1.2389
NLMS-PCA (K=20/20),0,period_0707,7.306667,-1.4940,1.2970,86.7424,85.1794,1.5631
NLMS-PCA (K=20/20),0,period_0707,7.360000,-1.5752,1.5064,86.8736,85.1794,1.6943
NLMS-PCA (K=20/20),0,period_0707,7.400000,-1.3844,2.5550,87.5342,85.1794,2.3549
NLMS-PCA (K=20/20),0,period_0707,7.453333,-1.7405,0.8224,86.7102,85.1794,1.5308
NLMS-PCA (K=20/20),0,period_0707,7.506667,0.3445,2.3836,80.2008,85.1794,-4.9786
NLMS-PCA (K=20/20),0,period_0707,7.560000,-0.2777,1.8792,85.9859,85.1794,0.8065
NLMS-PCA (K=20/20),0,period_0707,7.600000,-0.6820,0.7219,86.6429,85.1794,1.4635
NLMS-PCA (K=20/20),0,period_0707,7.653333,-1.0562,1.3272,87.0683,85.1794,1.8889
NLMS-PCA (K=20/20),0,period_0707,7.706667,-0.2710,1.9264,85.7184,85.1794,0.5391
NLMS-PCA (K=20/20),0,period_0707,7.760000,-1.9862,1.0724,87.6285,85.1794,2.4491
NLMS-PCA (K=20/20),0,period_0707,7.800000,-2.1104,3.0063,87.2567,85.1794,2.0774
NLMS-PCA (K=20/20),0,period_0707,7.853333,-1.1969,0.9978,83.0988,85.1794,-2.0806
NLMS-PCA (K=20/20),0,period_0707,7.906667,-2.3153,0.7878,86.3738,85.1794,1.1945
NLMS-PCA (K=20/20),0,period_0707,7.960000,-0.2935,2.4645,86.5027,85.1794,1.3233
NLMS-PCA (K=20/20),0,period_0707,8.000000,-1.2114,3.7768,87.4831,85.1794,2.3037
NLMS-PCA (K=20/20),0,period_0707,8.053333,-1.1513,2.2934,86.7590,85.1794,1.5796
NLMS-PCA (K=20/20),0,period_0707,8.106667,-0.9362,1.7233,86.3950,85.1794,1.2156
NLMS-PCA (K=20/20),0,period_0707,8.160000,-1.5064,2.7143,87.2967,85.1794,2.1174
NLMS-PCA (K=20/20),0,period_0707,8.200000,-1.4145,2.5341,87.0301,85.1794,1.8508
NLMS-PCA (K=20/20),0,period_0707,8.253333,0.1491,3.2792,82.1386,85.1794,-3.0408
NLMS-PCA (K=20/20),0,period_0707,8.306667,-0.6761,1.9716,87.2444,85.1794,2.0650
NLMS-PCA (K=20/20),0,period_0707,8.360000,0.1748,4.1557,86.7914,85.1794,1.6120
NLMS-PCA (K=20/20),0,period_0707,8.400000,-0.1940,0.8385,83.8518,85.1794,-1.3275
NLMS-PCA (K=20/20),0,period_0707,8.453333,-0.4963,1.7030,86.6928,85.1794,1.5134
NLMS-PCA (K=20/20),0,period_0707,8.506667,-0.5061,0.8871,86.9658,85.1794,1.7864
NLMS-PCA (K=20/20),0,period_0707,8.560000,-0.6905,1.8003,86.7535,85.1794,1.5741
NLMS-PCA (K=20/20),0,period_0707,8.600000,-0.8118,1.9657,87.4751,85.1794,2.2958
NLMS-PCA (K=20/20),0,period_0707,8.653333,-0.7779,0.8322,87.6281,85.1794,2.4488
NLMS-PCA (K=20/20),0,period_0707,8.706667,-1.4477,1.3069,87.6525,85.1794,2.4731
NLMS-PCA (K=20/20),0,period_0707,8.760000,-1.2386,1.5194,86.6121,85.1794,1.4327
NLMS-PCA (K=20/20),0,period_0707,8.800000,-0.8328,2.0528,86.8622,85.1794,1.6829
NLMS-PCA (K=20/20),0,period_0707,8.853333,-0.9900,1.8885,84.2840,85.1794,-0.8954
NLMS-PCA (K=20/20),0,period_0707,8.906667,-0.9915,1.5747,86.8059,85.1794,1.6265
NLMS-PCA (K=20/20),0,period_0707,8.960000,-1.0328,1.6811,87.1982,85.1794,2.0188
NLMS-PCA (K=20/20),0,period_0707,9.000000,-2.0462,1.2072,87.2525,85.1794,2.0731
NLMS-PCA (K=20/20),0,period_0707,9.053333,-0.5002,1.8318,86.5474,85.1794,1.3680
NLMS-PCA (K=20/20),0,period_0707,9.106667,-1.0591,2.0945,86.3897,85.1794,1.2103
NLMS-PCA (K=20/20),0,period_0707,9.160000,-1.0650,1.8910,87.0411,85.1794,1.8618
NLMS-PCA (K=20/20),0,period_0707,9.200000,-1.4875,1.9305,86.9735,85.1794,1.7941
NLMS-PCA (K=20/20),0,period_0707,9.253333,-1.1476,1.4620,86.7522,85.1794,1.5728
NLMS-PCA (K=20/20),0,period_0707,9.306667,-0.2525,2.2238,86.4703,85.1794,1.2910
NLMS-PCA (K=20/20),0,period_0707,9.360000,-1.0384,1.1879,84.6557,85.1794,-0.5236
NLMS-PCA (K=20/20),0,period_0707,9.400000,-1.4013,2.9831,86.9964,85.1794,1.8170
NLMS-PCA (K=20/20),0,period_0707,9.453333,-0.3858,1.8827,80.0280,85.1794,-5.1514
NLMS-PCA (K=20/20),0,period_0707,9.506667,-0.9772,1.3328,84.8711,85.1794,-0.3083
NLMS-PCA (K=20/20),0,period_0707,9.560000,-2.2193,1.0954,87.4699,85.1794,2.2905
NLMS-PCA (K=20/20),0,period_0707,9.600000,-1.6794,2.3477,86.6311,85.1794,1.4517
NLMS-PCA (K=20/20),0,period_0707,9.653333,-0.8802,1.4803,81.4980,85.1794,-3.6813
NLMS-PCA (K=20/20),0,period_0707,9.706667,-1.1929,2.5770,86.9382,85.1794,1.7588
NLMS-PCA (K=20/20),0,period_0707,9.760000,-1.4815,2.1366,87.5984,85.1794,2.4190
NLMS-PCA (K=20/20),0,period_0707,9.800000,-1.2683,2.7024,84.2969,85.1794,-0.8825
NLMS-PCA (K=20/20),0,period_0707,9.853333,-1.9514,1.2729,87.4104,85.1794,2.2310
NLMS-PCA (K=20/20),0,period_0707,9.906667,-1.6937,1.7141,87.7007,85.1794,2.5213
NLMS-PCA (K=20/20),0,period_0707,9.960000,-2.1096,0.9314,87.1969,85.1794,2.0175
NLMS-PCA (K=20/20),0,period_0707,10.000000,-2.1862,1.9399,87.3551,85.1794,2.1758
NLMS-PCA (K=20/20),1,period_0856,10.013333,-0.9334,1.3894,76.4534,75.6790,0.7744
NLMS-PCA (K=20/20),1,period_0856,10.053333,-2.8425,2.6928,77.9168,75.6790,2.2377
NLMS-PCA (K=20/20),1,period_0856,10.106667,-4.6480,3.7514,79.7281,75.6790,4.0491
NLMS-PCA (K=20/20),1,period_0856,10.160000,-5.6319,4.2608,81.3515,75.6790,5.6725
NLMS-PCA (K=20/20),1,period_0856,10.200000,-5.9138,6.5401,81.7697,75.6790,6.0907
NLMS-PCA (K=20/20),1,period_0856,10.253333,-6.9073,4.7775,83.3493,75.6790,7.6703
NLMS-PCA (K=20/20),1,period_0856,10.306667,-6.7116,5.2003,83.4539,75.6790,7.7749
NLMS-PCA (K=20/20),1,period_0856,10.360000,-6.4891,5.0970,82.2221,75.6790,6.5431
NLMS-PCA (K=20/20),1,period_0856,10.400000,-6.3100,5.1409,82.8430,75.6790,7.1640
NLMS-PCA (K=20/20),1,period_0856,10.453333,-6.2395,4.8047,82.3049,75.6790,6.6259
NLMS-PCA (K=20/20),1,period_0856,10.506667,-6.1475,4.2990,82.4117,75.6790,6.7327
NLMS-PCA (K=20/20),1,period_0856,10.560000,-6.1006,6.8181,82.2186,75.6790,6.5396
NLMS-PCA (K=20/20),1,period_0856,10.600000,-6.0250,4.9603,83.1249,75.6790,7.4458
NLMS-PCA (K=20/20),1,period_0856,10.653333,-6.0096,5.5329,82.9637,75.6790,7.2846
NLMS-PCA (K=20/20),1,period_0856,10.706667,-5.5887,6.6737,81.9446,75.6790,6.2656
NLMS-PCA (K=20/20),1,period_0856,10.760000,-5.6073,5.0627,81.9567,75.6790,6.2776
NLMS-PCA (K=20/20),1,period_0856,10.800000,-5.7336,4.1169,82.0893,75.6790,6.4103
NLMS-PCA (K=20/20),1,period_0856,10.853333,-5.7877,7.5920,82.4377,75.6790,6.7587
NLMS-PCA (K=20/20),1,period_0856,10.906667,-5.8696,4.4714,83.2306,75.6790,7.5516
NLMS-PCA (K=20/20),1,period_0856,10.960000,-5.9432,5.2373,82.7839,75.6790,7.1049
NLMS-PCA (K=20/20),1,period_0856,11.000000,-6.0119,6.3855,82.9698,75.6790,7.2908
NLMS-PCA (K=20/20),1,period_0856,11.053333,-6.0340,5.6355,82.9585,75.6790,7.2795
NLMS-PCA (K=20/20),1,period_0856,11.106667,-5.9948,5.5652,83.1056,75.6790,7.4266
NLMS-PCA (K=20/20),1,period_0856,11.160000,-5.8163,5.4632,82.5698,75.6790,6.8908
NLMS-PCA (K=20/20),1,period_0856,11.200000,-5.8258,6.3954,82.8022,75.6790,7.1232
NLMS-PCA (K=20/20),1,period_0856,11.253333,-5.6767,4.7741,82.5544,75.6790,6.8754
NLMS-PCA (K=20/20),1,period_0856,11.306667,-5.3752,8.2140,82.5093,75.6790,6.8303
NLMS-PCA (K=20/20),1,period_0856,11.360000,-5.7501,5.7214,82.5834,75.6790,6.9044
NLMS-PCA (K=20/20),1,period_0856,11.400000,-5.6209,4.8253,82.3839,75.6790,6.7049
NLMS-PCA (K=20/20),1,period_0856,11.453333,-5.1833,6.3715,82.4106,75.6790,6.7315
NLMS-PCA (K=20/20),1,period_0856,11.506667,-5.2214,5.0763,82.4885,75.6790,6.8095
NLMS-PCA (K=20/20),1,period_0856,11.560000,-5.2377,6.1020,82.7037,75.6790,7.0247
NLMS-PCA (K=20/20),1,period_0856,11.600000,-4.9188,7.9311,82.4630,75.6790,6.7840
NLMS-PCA (K=20/20),1,period_0856,11.653333,-4.9058,5.6340,82.2060,75.6790,6.5270
NLMS-PCA (K=20/20),1,period_0856,11.706667,-5.0672,5.7797,82.1768,75.6790,6.4977
NLMS-PCA (K=20/20),1,period_0856,11.760000,-5.2528,5.0891,82.2862,75.6790,6.6072
NLMS-PCA (K=20/20),1,period_0856,11.800000,-5.2871,5.3397,82.4169,75.6790,6.7379
NLMS-PCA (K=20/20),1,period_0856,11.853333,-4.5689,5.1125,81.8211,75.6790,6.1421
NLMS-PCA (K=20/20),1,period_0856,11.906667,-5.0809,4.8237,82.2709,75.6790,6.5919
NLMS-PCA (K=20/20),1,period_0856,11.960000,-4.7853,5.2044,82.2519,75.6790,6.5729
NLMS-PCA (K=20/20),1,period_0856,12.000000,-4.9796,5.2917,82.3725,75.6790,6.6935
NLMS-PCA (K=20/20),1,period_0856,12.053333,-4.7075,5.3689,81.9168,75.6790,6.2378
NLMS-PCA (K=20/20),1,period_0856,12.106667,-4.4961,5.6800,81.8664,75.6790,6.1874
NLMS-PCA (K=20/20),1,period_0856,12.160000,-4.6905,5.0484,81.8357,75.6790,6.1567
NLMS-PCA (K=20/20),1,period_0856,12.200000,-4.4482,5.4443,81.3098,75.6790,5.6308
NLMS-PCA (K=20/20),1,period_0856,12.253333,-4.3457,6.7083,81.5991,75.6790,5.9201
NLMS-PCA (K=20/20),1,period_0856,12.306667,-3.9854,6.0306,81.2513,75.6790,5.5723
NLMS-PCA (K=20/20),1,period_0856,12.360000,-4.5798,5.2205,82.2216,75.6790,6.5426
NLMS-PCA (K=20/20),1,period_0856,12.400000,-4.1994,4.7053,80.1188,75.6790,4.4398
NLMS-PCA (K=20/20),1,period_0856,12.453333,-3.7563,5.2595,79.2625,75.6790,3.5835
NLMS-PCA (K=20/20),1,period_0856,12.506667,-4.1385,5.8736,80.7662,75.6790,5.0872
NLMS-PCA (K=20/20),1,period_0856,12.560000,-4.2317,5.2523,81.6555,75.6790,5.9765
NLMS-PCA (K=20/20),1,period_0856,12.600000,-4.2989,5.8827,81.8690,75.6790,6.1900
NLMS-PCA (K=20/20),1,period_0856,12.653333,-4.3075,4.3218,81.9198,75.6790,6.2408
NLMS-PCA (K=20/20),1,period_0856,12.706667,-3.9359,5.4149,78.4700,75.6790,2.7910
NLMS-PCA (K=20/20),1,period_0856,12.760000,-4.5310,4.5603,82.1454,75.6790,6.4664
NLMS-PCA (K=20/20),1,period_0856,12.800000,-4.3470,6.3083,82.0924,75.6790,6.4134
NLMS-PCA (K=20/20),1,period_0856,12.853333,-4.0191,4.6889,81.6467,75.6790,5.9677
NLMS-PCA (K=20/20),1,period_0856,12.906667,-4.5464,4.3329,82.2078,75.6790,6.5288
NLMS-PCA (K=20/20),1,period_0856,12.960000,-4.4958,5.2710,81.8151,75.6790,6.1361
NLMS-PCA (K=20/20),1,period_0856,13.000000,-4.5000,4.5591,81.8680,75.6790,6.1890
NLMS-PCA (K=20/20),1,period_0856,13.053333,-4.2759,6.3881,81.7469,75.6790,6.0679
NLMS-PCA (K=20/20),1,period_0856,13.106667,-4.3961,5.5532,81.5009,75.6790,5.8218
NLMS-PCA (K=20/20),1,period_0856,13.160000,-4.4384,4.3634,82.2399,75.6790,6.5609
NLMS-PCA (K=20/20),1,period_0856,13.200000,-4.8685,4.7269,82.3593,75.6790,6.6803
NLMS-PCA (K=20/20),1,period_0856,13.253333,-4.6639,6.1377,80.4589,75.6790,4.7799
NLMS-PCA (K=20/20),1,period_0856,13.306667,-4.3174,5.5293,81.7234,75.6790,6.0444
NLMS-PCA (K=20/20),1,period_0856,13.360000,-4.6529,5.9231,81.8532,75.6790,6.1741
NLMS-PCA (K=20/20),1,period_0856,13.400000,-4.4266,4.3230,80.1343,75.6790,4.4553
NLMS-PCA (K=20/20),1,period_0856,13.453333,-4.5883,5.0223,81.4766,75.6790,5.7976
NLMS-PCA (K=20/20),1,period_0856,13.506667,-4.7074,4.7470,81.6224,75.6790,5.9433
NLMS-PCA (K=20/20),1,period_0856,13.560000,-4.7444,5.3701,81.6361,75.6790,5.9571
NLMS-PCA (K=20/20),1,period_0856,13.600000,-4.5554,3.5591,81.5162,75.6790,5.8372
NLMS-PCA (K=20/20),1,period_0856,13.653333,-4.4999,4.7957,81.2757,75.6790,5.5967
NLMS-PCA (K=20/20),1,period_0856,13.706667,-4.5900,4.9832,81.3357,75.6790,5.6566
NLMS-PCA (K=20/20),1,period_0856,13.760000,-4.4549,4.9570,81.2012,75.6790,5.5222
NLMS-PCA (K=20/20),1,period_0856,13.800000,-4.4174,5.0737,81.2802,75.6790,5.6012
NLMS-PCA (K=20/20),1,period_0856,13.853333,-3.7525,6.6010,81.3178,75.6790,5.6387
NLMS-PCA (K=20/20),1,period_0856,13.906667,-4.3222,4.5648,81.4870,75.6790,5.8080
NLMS-PCA (K=20/20),1,period_0856,13.960000,-4.5306,5.5625,81.5572,75.6790,5.8781
NLMS-PCA (K=20/20),1,period_0856,14.000000,-4.5231,5.9871,81.3431,75.6790,5.6641
NLMS-PCA (K=20/20),1,period_0856,14.053333,-3.9151,6.4258,80.7430,75.6790,5.0640
NLMS-PCA (K=20/20),1,period_0856,14.106667,-4.2059,5.3387,80.8171,75.6790,5.1380
NLMS-PCA (K=20/20),1,period_0856,14.160000,-3.9538,5.2905,80.4870,75.6790,4.8080
NLMS-PCA (K=20/20),1,period_0856,14.200000,-4.0196,4.8758,80.6470,75.6790,4.9680
NLMS-PCA (K=20/20),1,period_0856,14.253333,-3.8810,5.8917,80.5972,75.6790,4.9182
NLMS-PCA (K=20/20),1,period_0856,14.306667,-3.8500,5.3785,80.4631,75.6790,4.7841
NLMS-PCA (K=20/20),1,period_0856,14.360000,-4.2321,5.5303,80.6604,75.6790,4.9814
NLMS-PCA (K=20/20),1,period_0856,14.400000,-3.9284,5.7934,80.4485,75.6790,4.7695
NLMS-PCA (K=20/20),1,period_0856,14.453333,-3.9659,5.9869,80.2485,75.6790,4.5694
NLMS-PCA (K=20/20),1,period_0856,14.506667,-4.0130,4.9163,80.9020,75.6790,5.2230
NLMS-PCA (K=20/20),1,period_0856,14.560000,-3.8518,5.3664,80.5780,75.6790,4.8990
NLMS-PCA (K=20/20),1,period_0856,14.600000,-3.8082,6.5844,80.7383,75.6790,5.0593
NLMS-PCA (K=20/20),1,period_0856,14.653333,-3.8972,5.6535,80.9312,75.6790,5.2521
NLMS-PCA (K=20/20),1,period_0856,14.706667,-3.8597,7.2286,80.5828,75.6790,4.9037
NLMS-PCA (K=20/20),1,period_0856,14.760000,-3.8930,5.4381,80.6406,75.6790,4.9616
NLMS-PCA (K=20/20),1,period_0856,14.800000,-3.6116,5.3409,80.5979,75.6790,4.9189
NLMS-PCA (K=20/20),1,period_0856,14.853333,-3.6623,7.8479,80.1322,75.6790,4.4532
NLMS-PCA (K=20/20),1,period_0856,14.906667,-3.5933,3.9237,80.1534,75.6790,4.4744
NLMS-PCA (K=20/20),1,period_0856,14.960000,-3.5508,5.5452,80.2662,75.6790,4.5872
NLMS-PCA (K=20/20),1,period_0856,15.000000,-3.5159,5.6017,80.1182,75.6790,4.4392
NLMS-PCA (K=20/20),1,period_0856,15.053333,-3.3434,4.5797,79.6483,75.6790,3.9692
NLMS-PCA (K=20/20),1,period_0856,15.106667,-3.1520,5.8304,79.9140,75.6790,4.2350
NLMS-PCA (K=20/20),1,period_0856,15.160000,-3.4550,4.1042,80.3080,75.6790,4.6290
NLMS-PCA (K=20/20),1,period_0856,15.200000,-3.6938,7.0801,80.0443,75.6790,4.3653
NLMS-PCA (K=20/20),1,period_0856,15.253333,-3.7530,4.5729,80.1332,75.6790,4.4542
NLMS-PCA (K=20/20),1,period_0856,15.306667,-3.6917,5.8705,80.0987,75.6790,4.4197
NLMS-PCA (K=20/20),1,period_0856,15.360000,-3.3285,5.5487,80.2128,75.6790,4.5337
NLMS-PCA (K=20/20),1,period_0856,15.400000,-3.5617,4.9693,80.4993,75.6790,4.8203
NLMS-PCA (K=20/20),1,period_0856,15.453333,-3.7251,4.5572,80.3136,75.6790,4.6346
NLMS-PCA (K=20/20),1,period_0856,15.506667,-3.5201,5.3533,80.2603,75.6790,4.5813
NLMS-PCA (K=20/20),1,period_0856,15.560000,-3.7481,5.3371,80.2864,75.6790,4.6073
NLMS-PCA (K=20/20),1,period_0856,15.600000,-3.5632,6.0976,80.5073,75.6790,4.8283
NLMS-PCA (K=20/20),1,period_0856,15.653333,-3.8664,6.4033,80.7130,75.6790,5.0340
NLMS-PCA (K=20/20),1,period_0856,15.706667,-3.6133,6.4815,80.7742,75.6790,5.0951
NLMS-PCA (K=20/20),1,period_0856,15.760000,-3.5768,6.5252,80.4193,75.6790,4.7403
NLMS-PCA (K=20/20),1,period_0856,15.800000,-4.0102,4.1140,80.8139,75.6790,5.1349
NLMS-PCA (K=20/20),1,period_0856,15.853333,-3.9203,6.0892,80.8559,75.6790,5.1769
NLMS-PCA (K=20/20),1,period_0856,15.906667,-4.2671,6.1607,80.9177,75.6790,5.2386
NLMS-PCA (K=20/20),1,period_0856,15.960000,-3.9261,6.1728,80.5983,75.6790,4.9193
NLMS-PCA (K=20/20),1,period_0856,16.000000,-3.9092,5.2818,80.3756,75.6790,4.6966
NLMS-PCA (K=20/20),1,period_0856,16.053333,-3.8166,6.6409,80.4778,75.6790,4.7988
NLMS-PCA (K=20/20),1,period_0856,16.106667,-3.7849,5.0080,80.4969,75.6790,4.8179
NLMS-PCA (K=20/20),1,period_0856,16.160000,-3.8273,6.0109,80.3892,75.6790,4.7102
NLMS-PCA (K=20/20),1,period_0856,16.200000,-3.7471,6.1639,80.5223,75.6790,4.8433
NLMS-PCA (K=20/20),1,period_0856,16.253333,-3.6095,6.0862,80.4035,75.6790,4.7245
NLMS-PCA (K=20/20),1,period_0856,16.306667,-3.9734,5.6008,80.7300,75.6790,5.0510
NLMS-PCA (K=20/20),1,period_0856,16.360000,-3.8838,6.0862,80.5283,75.6790,4.8493
NLMS-PCA (K=20/20),1,period_0856,16.400000,-3.9464,5.3288,80.2413,75.6790,4.5623
NLMS-PCA (K=20/20),1,period_0856,16.453333,-3.9354,5.0955,81.0536,75.6790,5.3745
NLMS-PCA (K=20/20),1,period_0856,16.506667,-4.1786,4.1710,80.9065,75.6790,5.2275
NLMS-PCA (K=20/20),1,period_0856,16.560000,-4.2279,6.3256,80.8929,75.6790,5.2138
NLMS-PCA (K=20/20),1,period_0856,16.600000,-4.3570,5.6134,80.8738,75.6790,5.1948
NLMS-PCA (K=20/20),1,period_0856,16.653333,-4.2486,5.7604,80.7976,75.6790,5.1185
NLMS-PCA (K=20/20),1,period_0856,16.706667,-3.8935,4.6547,81.0528,75.6790,5.3738
NLMS-PCA (K=20/20),1,period_0856,16.760000,-3.7783,5.8287,80.9453,75.6790,5.2663
NLMS-PCA (K=20/20),1,period_0856,16.800000,-3.8242,4.2238,81.0812,75.6790,5.4022
NLMS-PCA (K=20/20),1,period_0856,16.853333,-3.6075,5.9903,80.6704,75.6790,4.9914
NLMS-PCA (K=20/20),1,period_0856,16.906667,-3.8164,6.0818,80.7603,75.6790,5.0813
NLMS-PCA (K=20/20),1,period_0856,16.960000,-3.8534,5.0173,80.7523,75.6790,5.0732
NLMS-PCA (K=20/20),1,period_0856,17.000000,-3.9954,5.8927,81.0280,75.6790,5.3490
NLMS-PCA (K=20/20),1,period_0856,17.053333,-3.9942,5.8230,81.1261,75.6790,5.4471
NLMS-PCA (K=20/20),1,period_0856,17.106667,-3.7462,6.1493,80.7198,75.6790,5.0408
NLMS-PCA (K=20/20),1,period_0856,17.160000,-4.1034,3.8439,80.8363,75.6790,5.1572
NLMS-PCA (K=20/20),1,period_0856,17.200000,-4.0196,5.4474,80.6507,75.6790,4.9717
NLMS-PCA (K=20/20),1,period_0856,17.253333,-3.5936,5.5866,80.3261,75.6790,4.6471
NLMS-PCA (K=20/20),1,period_0856,17.306667,-3.7725,6.3474,80.7177,75.6790,5.0386
NLMS-PCA (K=20/20),1,period_0856,17.360000,-3.8582,5.4206,80.6855,75.6790,5.0064
NLMS-PCA (K=20/20),1,period_0856,17.400000,-3.7287,5.3627,80.7459,75.6790,5.0668
NLMS-PCA (K=20/20),1,period_0856,17.453333,-3.8397,5.8335,80.8367,75.6790,5.1577
NLMS-PCA (K=20/20),1,period_0856,17.506667,-3.6977,4.6536,80.6174,75.6790,4.9384
NLMS-PCA (K=20/20),1,period_0856,17.560000,-3.4269,6.1729,80.7635,75.6790,5.0845
NLMS-PCA (K=20/20),1,period_0856,17.600000,-3.7136,4.9974,80.7936,75.6790,5.1145
NLMS-PCA (K=20/20),1,period_0856,17.653333,-3.6899,5.5206,80.4195,75.6790,4.7405
NLMS-PCA (K=20/20),1,period_0856,17.706667,-3.8369,6.2390,80.2901,75.6790,4.6111
NLMS-PCA (K=20/20),1,period_0856,17.760000,-3.4924,5.8075,80.0655,75.6790,4.3865
NLMS-PCA (K=20/20),1,period_0856,17.800000,-3.6078,4.7264,80.2547,75.6790,4.5756
NLMS-PCA (K=20/20),1,period_0856,17.853333,-3.8423,4.3260,80.5285,75.6790,4.8495
NLMS-PCA (K=20/20),1,period_0856,17.906667,-3.6294,5.1638,80.7234,75.6790,5.0443
NLMS-PCA (K=20/20),1,period_0856,17.960000,-3.2692,6.1088,80.6277,75.6790,4.9486
NLMS-PCA (K=20/20),1,period_0856,18.000000,-3.7182,3.6142,80.5674,75.6790,4.8883
NLMS-PCA (K=20/20),1,period_0856,18.053333,-3.5956,5.3529,80.0730,75.6790,4.3940
NLMS-PCA (K=20/20),1,period_0856,18.106667,-3.6223,5.2041,80.2233,75.6790,4.5443
NLMS-PCA (K=20/20),1,period_0856,18.160000,-3.4799,4.5065,80.4307,75.6790,4.7517
NLMS-PCA (K=20/20),1,period_0856,18.200000,-3.9397,4.2316,80.3748,75.6790,4.6958
NLMS-PCA (K=20/20),1,period_0856,18.253333,-3.9913,5.8539,80.9634,75.6790,5.2843
NLMS-PCA (K=20/20),1,period_0856,18.306667,-2.9837,6.6863,76.5334,75.6790,0.8544
NLMS-PCA (K=20/20),1,period_0856,18.360000,-3.8098,4.1108,80.7280,75.6790,5.0489
NLMS-PCA (K=20/20),1,period_0856,18.400000,-3.6756,5.1513,80.5962,75.6790,4.9172
NLMS-PCA (K=20/20),1,period_0856,18.453333,-3.8248,5.9692,80.8506,75.6790,5.1715
NLMS-PCA (K=20/20),1,period_0856,18.506667,-3.6374,5.1834,80.3779,75.6790,4.6988
NLMS-PCA (K=20/20),1,period_0856,18.560000,-3.7285,6.0894,80.7055,75.6790,5.0265
NLMS-PCA (K=20/20),1,period_0856,18.600000,-3.4927,8.3374,80.5345,75.6790,4.8555
NLMS-PCA (K=20/20),1,period_0856,18.653333,-3.7357,3.5427,80.4536,75.6790,4.7746
NLMS-PCA (K=20/20),1,period_0856,18.706667,-3.8130,5.5324,80.6975,75.6790,5.0185
NLMS-PCA (K=20/20),1,period_0856,18.760000,-3.6950,4.4933,81.0803,75.6790,5.4013
NLMS-PCA (K=20/20),1,period_0856,18.800000,-3.6686,6.7406,80.6871,75.6790,5.0081
NLMS-PCA (K=20/20),1,period_0856,18.853333,-3.6458,6.4211,80.5839,75.6790,4.9049
NLMS-PCA (K=20/20),1,period_0856,18.906667,-3.5345,4.7297,80.3981,75.6790,4.7190
NLMS-PCA (K=20/20),1,period_0856,18.960000,-3.1705,5.5902,80.2750,75.6790,4.5960
NLMS-PCA (K=20/20),1,period_0856,19.000000,-3.3948,6.0664,80.0931,75.6790,4.4141
NLMS-PCA (K=20/20),1,period_0856,19.053333,-3.4866,5.0469,79.9805,75.6790,4.3015
NLMS-PCA (K=20/20),1,period_0856,19.106667,-2.9415,6.2638,79.7805,75.6790,4.1015
NLMS-PCA (K=20/20),1,period_0856,19.160000,-3.3135,5.3645,80.4549,75.6790,4.7759
NLMS-PCA (K=20/20),1,period_0856,19.200000,-3.6147,6.2986,80.3714,75.6790,4.6924
NLMS-PCA (K=20/20),1,period_0856,19.253333,-3.2625,5.5424,80.0954,75.6790,4.4163
NLMS-PCA (K=20/20),1,period_0856,19.306667,-3.4810,4.6437,79.8660,75.6790,4.1870
NLMS-PCA (K=20/20),1,period_0856,19.360000,-3.2524,7.3350,80.3583,75.6790,4.6793
NLMS-PCA (K=20/20),1,period_0856,19.400000,-3.7388,4.8448,80.5412,75.6790,4.8622
NLMS-PCA (K=20/20),1,period_0856,19.453333,-3.7774,5.3782,80.2088,75.6790,4.5298
NLMS-PCA (K=20/20),1,period_0856,19.506667,-3.4806,4.8729,80.0610,75.6790,4.3819
NLMS-PCA (K=20/20),1,period_0856,19.560000,-3.7556,3.6778,80.3674,75.6790,4.6884
NLMS-PCA (K=20/20),1,period_0856,19.600000,-3.8067,5.9771,80.2754,75.6790,4.5963
NLMS-PCA (K=20/20),1,period_0856,19.653333,-3.7581,4.5395,80.3099,75.6790,4.6309
NLMS-PCA (K=20/20),1,period_0856,19.706667,-3.1520,6.7150,79.8991,75.6790,4.2200
NLMS-PCA (K=20/20),1,period_0856,19.760000,-3.6027,4.6489,80.3179,75.6790,4.6388
NLMS-PCA (K=20/20),1,period_0856,19.800000,-3.8189,6.2580,80.5752,75.6790,4.8962
NLMS-PCA (K=20/20),1,period_0856,19.853333,-3.9205,4.9592,80.5401,75.6790,4.8610
NLMS-PCA (K=20/20),1,period_0856,19.906667,-3.5740,6.8014,80.6165,75.6790,4.9374
NLMS-PCA (K=20/20),1,period_0856,19.960000,-3.7159,5.1610,80.1768,75.6790,4.4978
NLMS-PCA (K=20/20),1,period_0856,20.000000,-3.7328,7.4670,80.2056,75.6790,4.5266
NLMS-PCA (K=20/20),2,period_0916,20.013333,-5.2919,-6.7654,78.3942,76.8005,1.5937
NLMS-PCA (K=20/20),2,period_0916,20.053333,-6.8033,2.9391,80.5040,76.8005,3.7035
NLMS-PCA (K=20/20),2,period_0916,20.106667,-6.7651,2.4154,81.1353,76.8005,4.3348
NLMS-PCA (K=20/20),2,period_0916,20.160000,-6.9112,3.6343,81.1618,76.8005,4.3613
NLMS-PCA (K=20/20),2,period_0916,20.200000,-6.7808,3.0105,81.2570,76.8005,4.4565
NLMS-PCA (K=20/20),2,period_0916,20.253333,-7.0506,2.8640,82.1539,76.8005,5.3534
NLMS-PCA (K=20/20),2,period_0916,20.306667,-7.1319,1.9234,84.0929,76.8005,7.2925
NLMS-PCA (K=20/20),2,period_0916,20.360000,-7.0957,2.9769,84.4633,76.8005,7.6628
NLMS-PCA (K=20/20),2,period_0916,20.400000,-7.0805,2.4430,84.6177,76.8005,7.8172
NLMS-PCA (K=20/20),2,period_0916,20.453333,-6.3274,3.1102,84.5096,76.8005,7.7091
NLMS-PCA (K=20/20),2,period_0916,20.506667,-6.3416,2.6971,83.9183,76.8005,7.1178
NLMS-PCA (K=20/20),2,period_0916,20.560000,-6.3455,3.1992,83.7316,76.8005,6.9311
NLMS-PCA (K=20/20),2,period_0916,20.600000,-6.3081,3.7475,81.8595,76.8005,5.0590
NLMS-PCA (K=20/20),2,period_0916,20.653333,-4.7867,5.4087,82.4401,76.8005,5.6396
NLMS-PCA (K=20/20),2,period_0916,20.706667,-5.8534,2.2591,82.6449,76.8005,5.8444
NLMS-PCA (K=20/20),2,period_0916,20.760000,-6.3858,3.3432,82.9785,76.8005,6.1780
NLMS-PCA (K=20/20),2,period_0916,20.800000,-5.9158,3.0308,82.6863,76.8005,5.8858
NLMS-PCA (K=20/20),2,period_0916,20.853333,-5.5652,2.6345,82.0758,76.8005,5.2753
NLMS-PCA (K=20/20),2,period_0916,20.906667,-5.7297,2.6841,82.7575,76.8005,5.9570
NLMS-PCA (K=20/20),2,period_0916,20.960000,-5.4626,3.6165,80.6365,76.8005,3.8360
NLMS-PCA (K=20/20),2,period_0916,21.000000,-5.9597,4.0676,82.2498,76.8005,5.4493
NLMS-PCA (K=20/20),2,period_0916,21.053333,-5.6991,2.5294,81.5140,76.8005,4.7135
NLMS-PCA (K=20/20),2,period_0916,21.106667,-5.3232,3.3346,81.7752,76.8005,4.9747
NLMS-PCA (K=20/20),2,period_0916,21.160000,-5.6060,4.2370,81.5246,76.8005,4.7241
NLMS-PCA (K=20/20),2,period_0916,21.200000,-5.9601,3.7405,81.6499,76.8005,4.8494
NLMS-PCA (K=20/20),2,period_0916,21.253333,-6.2227,4.0121,81.8172,76.8005,5.0167
NLMS-PCA (K=20/20),2,period_0916,21.306667,-5.3484,4.3083,81.0081,76.8005,4.2076
NLMS-PCA (K=20/20),2,period_0916,21.360000,-5.8610,3.1823,81.3417,76.8005,4.5412
NLMS-PCA (K=20/20),2,period_0916,21.400000,-5.9281,4.0088,81.1472,76.8005,4.3467
NLMS-PCA (K=20/20),2,period_0916,21.453333,-5.5215,3.5057,81.0896,76.8005,4.2891
NLMS-PCA (K=20/20),2,period_0916,21.506667,-5.8361,2.2837,81.6512,76.8005,4.8507
NLMS-PCA (K=20/20),2,period_0916,21.560000,-5.2068,3.1418,79.7201,76.8005,2.9196
NLMS-PCA (K=20/20),2,period_0916,21.600000,-5.3005,3.3660,81.1477,76.8005,4.3472
NLMS-PCA (K=20/20),2,period_0916,21.653333,-5.6748,3.8245,81.4529,76.8005,4.6524
NLMS-PCA (K=20/20),2,period_0916,21.706667,-6.4069,3.1114,82.6830,76.8005,5.8825
NLMS-PCA (K=20/20),2,period_0916,21.760000,-6.6823,4.1975,82.4711,76.8005,5.6706
NLMS-PCA (K=20/20),2,period_0916,21.800000,-5.5116,2.9731,80.0958,76.8005,3.2953
NLMS-PCA (K=20/20),2,period_0916,21.853333,-6.4551,2.3511,81.9504,76.8005,5.1499
NLMS-PCA (K=20/20),2,period_0916,21.906667,-5.6675,3.4341,81.6972,76.8005,4.8967
NLMS-PCA (K=20/20),2,period_0916,21.960000,-6.2211,3.1688,81.0017,76.8005,4.2012
NLMS-PCA (K=20/20),2,period_0916,22.000000,-6.2146,2.9394,81.5056,76.8005,4.7051
NLMS-PCA (K=20/20),2,period_0916,22.053333,-6.3526,2.4733,82.2820,76.8005,5.4815
NLMS-PCA (K=20/20),2,period_0916,22.106667,-6.1656,4.9727,81.9337,76.8005,5.1332
NLMS-PCA (K=20/20),2,period_0916,22.160000,-6.7023,2.9054,81.8018,76.8005,5.0013
NLMS-PCA (K=20/20),2,period_0916,22.200000,-6.6157,3.5667,82.4837,76.8005,5.6832
NLMS-PCA (K=20/20),2,period_0916,22.253333,-7.1672,3.3199,82.7655,76.8005,5.9650
NLMS-PCA (K=20/20),2,period_0916,22.306667,-6.5385,2.8796,82.6237,76.8005,5.8232
NLMS-PCA (K=20/20),2,period_0916,22.360000,-7.1963,1.6221,83.1178,76.8005,6.3173
NLMS-PCA (K=20/20),2,period_0916,22.400000,-6.5902,4.3078,79.9476,76.8005,3.1471
NLMS-PCA (K=20/20),2,period_0916,22.453333,-6.8672,3.5483,82.7269,76.8005,5.9264
NLMS-PCA (K=20/20),2,period_0916,22.506667,-6.1320,4.2014,82.2412,76.8005,5.4407
NLMS-PCA (K=20/20),2,period_0916,22.560000,-6.0798,3.5272,79.9060,76.8005,3.1055
NLMS-PCA (K=20/20),2,period_0916,22.600000,-7.0775,1.8890,82.7294,76.8005,5.9289
NLMS-PCA (K=20/20),2,period_0916,22.653333,-7.5468,3.1510,82.9568,76.8005,6.1564
NLMS-PCA (K=20/20),2,period_0916,22.706667,-6.0301,4.0180,82.2480,76.8005,5.4475
NLMS-PCA (K=20/20),2,period_0916,22.760000,-7.2845,2.2353,82.6980,76.8005,5.8975
NLMS-PCA (K=20/20),2,period_0916,22.800000,-6.0166,4.4545,82.0434,76.8005,5.2429
NLMS-PCA (K=20/20),2,period_0916,22.853333,-6.5948,3.3396,81.9813,76.8005,5.1808
NLMS-PCA (K=20/20),2,period_0916,22.906667,-6.6192,3.3798,82.1746,76.8005,5.3741
NLMS-PCA (K=20/20),2,period_0916,22.960000,-7.1925,2.9312,82.8041,76.8005,6.0036
NLMS-PCA (K=20/20),2,period_0916,23.000000,-7.1196,4.4164,82.9308,76.8005,6.1304
NLMS-PCA (K=20/20),2,period_0916,23.053333,-6.5633,3.5431,82.4765,76.8005,5.6760
NLMS-PCA (K=20/20),2,period_0916,23.106667,-6.7694,2.3737,83.0500,76.8005,6.2496
NLMS-PCA (K=20/20),2,period_0916,23.160000,-6.9263,4.0041,82.9351,76.8005,6.1346
NLMS-PCA (K=20/20),2,period_0916,23.200000,-6.7095,2.5502,82.7371,76.8005,5.9366
NLMS-PCA (K=20/20),2,period_0916,23.253333,-7.1548,3.0399,82.3584,76.8005,5.5579
NLMS-PCA (K=20/20),2,period_0916,23.306667,-6.8485,4.9900,81.9725,76.8005,5.1720
NLMS-PCA (K=20/20),2,period_0916,23.360000,-6.8410,3.7501,81.7729,76.8005,4.9724
NLMS-PCA (K=20/20),2,period_0916,23.400000,-6.4541,4.7635,82.3769,76.8005,5.5764
NLMS-PCA (K=20/20),2,period_0916,23.453333,-6.4269,3.2083,81.7023,76.8005,4.9018
NLMS-PCA (K=20/20),2,period_0916,23.506667,-6.6027,3.3213,81.8283,76.8005,5.0278
NLMS-PCA (K=20/20),2,period_0916,23.560000,-6.3297,3.4577,80.5141,76.8005,3.7136
NLMS-PCA (K=20/20),2,period_0916,23.600000,-6.6548,3.7335,82.1687,76.8005,5.3682
NLMS-PCA (K=20/20),2,period_0916,23.653333,-7.4210,3.0803,82.6752,76.8005,5.8747
NLMS-PCA (K=20/20),2,period_0916,23.706667,-7.0151,4.3285,81.9569,76.8005,5.1564
NLMS-PCA (K=20/20),2,period_0916,23.760000,-7.3374,2.9846,83.0553,76.8005,6.2548
NLMS-PCA (K=20/20),2,period_0916,23.800000,-7.4912,2.2301,83.3665,76.8005,6.5660
NLMS-PCA (K=20/20),2,period_0916,23.853333,-7.7143,3.9243,84.1133,76.8005,7.3128
NLMS-PCA (K=20/20),2,period_0916,23.906667,-7.5558,3.5587,83.0401,76.8005,6.2396
NLMS-PCA (K=20/20),2,period_0916,23.960000,-7.0434,2.9659,82.7566,76.8005,5.9561
NLMS-PCA (K=20/20),2,period_0916,24.000000,-6.6956,2.7102,82.3264,76.8005,5.5259
NLMS-PCA (K=20/20),2,period_0916,24.053333,-6.3216,3.9898,81.6055,76.8005,4.8050
NLMS-PCA (K=20/20),2,period_0916,24.106667,-6.0485,3.4894,81.1812,76.8005,4.3807
NLMS-PCA (K=20/20),2,period_0916,24.160000,-5.9202,3.7150,80.3074,76.8005,3.5069
NLMS-PCA (K=20/20),2,period_0916,24.200000,-6.3906,3.2578,81.6582,76.8005,4.8577
NLMS-PCA (K=20/20),2,period_0916,24.253333,-5.6459,3.1226,80.6098,76.8005,3.8093
NLMS-PCA (K=20/20),2,period_0916,24.306667,-6.2260,2.2638,81.8408,76.8005,5.0404
NLMS-PCA (K=20/20),2,period_0916,24.360000,-6.2114,3.8145,81.8586,76.8005,5.0581
NLMS-PCA (K=20/20),2,period_0916,24.400000,-6.9684,2.1880,82.3383,76.8005,5.5378
NLMS-PCA (K=20/20),2,period_0916,24.453333,-7.2794,2.5214,82.4296,76.8005,5.6291
NLMS-PCA (K=20/20),2,period_0916,24.506667,-6.6255,3.4034,81.9694,76.8005,5.1689
NLMS-PCA (K=20/20),2,period_0916,24.560000,-6.4244,1.9653,81.5725,76.8005,4.7720
NLMS-PCA (K=20/20),2,period_0916,24.600000,-5.4868,3.3041,81.0626,76.8005,4.2621
NLMS-PCA (K=20/20),2,period_0916,24.653333,-6.8810,2.2797,82.4860,76.8005,5.6855
NLMS-PCA (K=20/20),2,period_0916,24.706667,-6.2366,3.6575,80.7517,76.8005,3.9512
NLMS-PCA (K=20/20),2,period_0916,24.760000,-6.6604,3.7952,82.1518,76.8005,5.3513
NLMS-PCA (K=20/20),2,period_0916,24.800000,-6.8649,2.9105,82.3199,76.8005,5.5194
NLMS-PCA (K=20/20),2,period_0916,24.853333,-7.0456,3.7495,82.7214,76.8005,5.9209
NLMS-PCA (K=20/20),2,period_0916,24.906667,-6.1479,2.7251,82.1172,76.8005,5.3167
NLMS-PCA (K=20/20),2,period_0916,24.960000,-6.4259,2.3011,81.8816,76.8005,5.0811
NLMS-PCA (K=20/20),2,period_0916,25.000000,-6.6118,3.8246,81.9874,76.8005,5.1869
NLMS-PCA (K=20/20),2,period_0916,25.053333,-6.2055,2.9844,81.4372,76.8005,4.6367
NLMS-PCA (K=20/20),2,period_0916,25.106667,-6.5900,2.8941,82.2232,76.8005,5.4227
NLMS-PCA (K=20/20),2,period_0916,25.160000,-6.8094,3.1053,81.9603,76.8005,5.1598
NLMS-PCA (K=20/20),2,period_0916,25.200000,-6.6015,2.9723,81.8324,76.8005,5.0319
NLMS-PCA (K=20/20),2,period_0916,25.253333,-6.5051,3.4341,82.1775,76.8005,5.3770
NLMS-PCA (K=20/20),2,period_0916,25.306667,-6.3987,3.7648,81.6649,76.8005,4.8644
NLMS-PCA (K=20/20),2,period_0916,25.360000,-5.8225,3.6561,81.3975,76.8005,4.5970
NLMS-PCA (K=20/20),2,period_0916,25.400000,-6.6059,3.0795,82.3733,76.8005,5.5728
NLMS-PCA (K=20/20),2,period_0916,25.453333,-6.0036,3.6699,81.5878,76.8005,4.7873
NLMS-PCA (K=20/20),2,period_0916,25.506667,-5.8805,2.4884,80.8727,76.8005,4.0722
NLMS-PCA (K=20/20),2,period_0916,25.560000,-6.1088,3.2332,80.7930,76.8005,3.9925
NLMS-PCA (K=20/20),2,period_0916,25.600000,-6.4168,2.6466,81.4335,76.8005,4.6330
NLMS-PCA (K=20/20),2,period_0916,25.653333,-5.8748,3.7181,81.9616,76.8005,5.1611
NLMS-PCA (K=20/20),2,period_0916,25.706667,-6.3998,2.5384,81.7318,76.8005,4.9313
NLMS-PCA (K=20/20),2,period_0916,25.760000,-6.2818,3.2824,81.6792,76.8005,4.8787
NLMS-PCA (K=20/20),2,period_0916,25.800000,-6.5437,3.6961,81.8405,76.8005,5.0400
NLMS-PCA (K=20/20),2,period_0916,25.853333,-5.9253,2.9192,80.1128,76.8005,3.3123
NLMS-PCA (K=20/20),2,period_0916,25.906667,-6.0837,3.6844,81.5780,76.8005,4.7775
NLMS-PCA (K=20/20),2,period_0916,25.960000,-5.8797,2.4783,81.4848,76.8005,4.6843
NLMS-PCA (K=20/20),2,period_0916,26.000000,-6.0803,3.2413,81.9145,76.8005,5.1140
NLMS-PCA (K=20/20),2,period_0916,26.053333,-6.0998,3.4515,82.2745,76.8005,5.4740
NLMS-PCA (K=20/20),2,period_0916,26.106667,-6.0146,2.9087,82.0152,76.8005,5.2147
NLMS-PCA (K=20/20),2,period_0916,26.160000,-6.5158,2.2345,82.1186,76.8005,5.3181
NLMS-PCA (K=20/20),2,period_0916,26.200000,-6.1560,3.7822,82.3161,76.8005,5.5156
NLMS-PCA (K=20/20),2,period_0916,26.253333,-6.2337,3.8516,82.1794,76.8005,5.3789
NLMS-PCA (K=20/20),2,period_0916,26.306667,-6.6262,3.1017,81.9818,76.8005,5.1814
NLMS-PCA (K=20/20),2,period_0916,26.360000,-6.7840,3.6397,81.8474,76.8005,5.0469
NLMS-PCA (K=20/20),2,period_0916,26.400000,-6.2700,4.8007,80.6237,76.8005,3.8232
NLMS-PCA (K=20/20),2,period_0916,26.453333,-6.7864,3.3130,82.3207,76.8005,5.5202
NLMS-PCA (K=20/20),2,period_0916,26.506667,-6.9350,2.9368,82.6060,76.8005,5.8055
NLMS-PCA (K=20/20),2,period_0916,26.560000,-6.6814,3.3359,82.3470,76.8005,5.5465
NLMS-PCA (K=20/20),2,period_0916,26.600000,-6.8990,4.6653,82.3270,76.8005,5.5265
NLMS-PCA (K=20/20),2,period_0916,26.653333,-7.1636,3.3006,82.6325,76.8005,5.8320
NLMS-PCA (K=20/20),2,period_0916,26.706667,-7.1399,3.1538,83.5035,76.8005,6.7030
NLMS-PCA (K=20/20),2,period_0916,26.760000,-7.1539,3.1253,83.3580,76.8005,6.5575
NLMS-PCA (K=20/20),2,period_0916,26.800000,-6.4652,3.8988,82.6559,76.8005,5.8554
NLMS-PCA (K=20/20),2,period_0916,26.853333,-6.8863,2.7267,82.9136,76.8005,6.1131
NLMS-PCA (K=20/20),2,period_0916,26.906667,-6.3699,3.9030,82.3649,76.8005,5.5644
NLMS-PCA (K=20/20),2,period_0916,26.960000,-6.6004,2.7382,82.4992,76.8005,5.6987
NLMS-PCA (K=20/20),2,period_0916,27.000000,-7.7576,3.4501,82.8933,76.8005,6.0928
NLMS-PCA (K=20/20),2,period_0916,27.053333,-6.2027,3.0586,79.7245,76.8005,2.9240
NLMS-PCA (K=20/20),2,period_0916,27.106667,-7.2024,3.5807,82.8331,76.8005,6.0326
NLMS-PCA (K=20/20),2,period_0916,27.160000,-6.4538,4.2096,82.7330,76.8005,5.9325
NLMS-PCA (K=20/20),2,period_0916,27.200000,-6.1216,2.4245,82.0641,76.8005,5.2636
NLMS-PCA (K=20/20),2,period_0916,27.253333,-6.8686,2.6175,82.3617,76.8005,5.5612
NLMS-PCA (K=20/20),2,period_0916,27.306667,-6.7474,2.6104,82.3174,76.8005,5.5169
NLMS-PCA (K=20/20),2,period_0916,27.360000,-7.2319,3.0783,82.5800,76.8005,5.7795
NLMS-PCA (K=20/20),2,period_0916,27.400000,-6.8713,4.9903,83.0025,76.8005,6.2020
NLMS-PCA (K=20/20),2,period_0916,27.453333,-6.7529,3.1699,82.6052,76.8005,5.8047
NLMS-PCA (K=20/20),2,period_0916,27.506667,-6.6181,3.3391,82.7634,76.8005,5.9629
NLMS-PCA (K=20/20),2,period_0916,27.560000,-6.6475,4.0182,82.6093,76.8005,5.8088
NLMS-PCA (K=20/20),2,period_0916,27.600000,-6.7784,3.1355,82.6433,76.8005,5.8428
NLMS-PCA (K=20/20),2,period_0916,27.653333,-6.8994,3.4936,82.6769,76.8005,5.8764
NLMS-PCA (K=20/20),2,period_0916,27.706667,-6.6426,3.2313,82.3569,76.8005,5.5564
NLMS-PCA (K=20/20),2,period_0916,27.760000,-7.0570,2.9900,83.0800,76.8005,6.2795
NLMS-PCA (K=20/20),2,period_0916,27.800000,-6.4725,3.2175,82.1405,76.8005,5.3400
NLMS-PCA (K=20/20),2,period_0916,27.853333,-6.6806,2.5982,82.9364,76.8005,6.1359
NLMS-PCA (K=20/20),2,period_0916,27.906667,-6.5988,3.0582,82.9398,76.8005,6.1394
NLMS-PCA (K=20/20),2,period_0916,27.960000,-6.4971,3.9153,82.8469,76.8005,6.0464
NLMS-PCA (K=20/20),2,period_0916,28.000000,-6.1128,4.1452,82.5970,76.8005,5.7965
NLMS-PCA (K=20/20),2,period_0916,28.053333,-6.7149,3.0629,82.6457,76.8005,5.8453
NLMS-PCA (K=20/20),2,period_0916,28.106667,-6.3885,3.8159,82.0544,76.8005,5.2539
NLMS-PCA (K=20/20),2,period_0916,28.160000,-6.6795,2.8261,82.4302,76.8005,5.6297
NLMS-PCA (K=20/20),2,period_0916,28.200000,-6.3529,3.6442,82.2125,76.8005,5.4120
NLMS-PCA (K=20/20),2,period_0916,28.253333,-6.3608,3.9206,82.4449,76.8005,5.6444
NLMS-PCA (K=20/20),2,period_0916,28.306667,-6.1945,3.3162,82.2821,76.8005,5.4816
NLMS-PCA (K=20/20),2,period_0916,28.360000,-6.4531,2.9961,81.9467,76.8005,5.1462
NLMS-PCA (K=20/20),2,period_0916,28.400000,-6.7967,2.9166,82.0946,76.8005,5.2941
NLMS-PCA (K=20/20),2,period_0916,28.453333,-6.2170,4.5527,82.3931,76.8005,5.5926
NLMS-PCA (K=20/20),2,period_0916,28.506667,-5.9667,4.7445,82.4029,76.8005,5.6024
NLMS-PCA (K=20/20),2,period_0916,28.560000,-5.9195,3.2918,81.1452,76.8005,4.3447
NLMS-PCA (K=20/20),2,period_0916,28.600000,-5.6903,3.8857,81.1781,76.8005,4.3776
NLMS-PCA (K=20/20),2,period_0916,28.653333,-5.4940,4.3425,81.2670,76.8005,4.4665
NLMS-PCA (K=20/20),2,period_0916,28.706667,-4.9351,3.9970,75.5059,76.8005,-1.2946
NLMS-PCA (K=20/20),2,period_0916,28.760000,-6.5422,2.9696,81.9088,76.8005,5.1083
NLMS-PCA (K=20/20),2,period_0916,28.800000,-6.8701,1.6175,82.0580,76.8005,5.2576
NLMS-PCA (K=20/20),2,period_0916,28.853333,-6.9293,4.3059,82.1863,76.8005,5.3858
NLMS-PCA (K=20/20),2,period_0916,28.906667,-6.4120,2.2693,81.8225,76.8005,5.0220
NLMS-PCA (K=20/20),2,period_0916,28.960000,-6.1118,3.5039,78.7213,76.8005,1.9208
NLMS-PCA (K=20/20),2,period_0916,29.000000,-6.6318,4.8154,82.1465,76.8005,5.3460
NLMS-PCA (K=20/20),2,period_0916,29.053333,-6.5880,3.0681,82.1443,76.8005,5.3438
NLMS-PCA (K=20/20),2,period_0916,29.106667,-6.7898,2.7896,82.2077,76.8005,5.4072
NLMS-PCA (K=20/20),2,period_0916,29.160000,-6.9335,2.5792,82.0148,76.8005,5.2143
NLMS-PCA (K=20/20),2,period_0916,29.200000,-6.6541,3.9377,81.8154,76.8005,5.0149
NLMS-PCA (K=20/20),2,period_0916,29.253333,-7.1687,3.2376,82.4634,76.8005,5.6629
NLMS-PCA (K=20/20),2,period_0916,29.306667,-6.1840,3.5971,77.8932,76.8005,1.0927
NLMS-PCA (K=20/20),2,period_0916,29.360000,-6.6364,3.6492,82.2655,76.8005,5.4650
NLMS-PCA (K=20/20),2,period_0916,29.400000,-6.4253,3.2352,81.9765,76.8005,5.1760
NLMS-PCA (K=20/20),2,period_0916,29.453333,-6.1214,2.8330,81.6803,76.8005,4.8798
NLMS-PCA (K=20/20),2,period_0916,29.506667,-6.4329,3.2318,81.6628,76.8005,4.8623
NLMS-PCA (K=20/20),2,period_0916,29.560000,-5.8401,3.3247,81.3825,76.8005,4.5820
NLMS-PCA (K=20/20),2,period_0916,29.600000,-5.7643,3.3576,79.5096,76.8005,2.7091
NLMS-PCA (K=20/20),2,period_0916,29.653333,-5.9908,2.8144,81.6225,76.8005,4.8220
NLMS-PCA (K=20/20),2,period_0916,29.706667,-5.8116,3.9284,81.0260,76.8005,4.2255
NLMS-PCA (K=20/20),2,period_0916,29.760000,-6.2307,2.6365,81.4397,76.8005,4.6392
NLMS-PCA (K=20/20),2,period_0916,29.800000,-6.3850,3.3452,81.5520,76.8005,4.7515
NLMS-PCA (K=20/20),2,period_0916,29.853333,-6.6135,3.3223,81.4304,76.8005,4.6299
NLMS-PCA (K=20/20),2,period_0916,29.906667,-5.5359,4.1092,80.8662,76.8005,4.0657
NLMS-PCA (K=20/20),2,period_0916,29.960000,-6.1427,2.9610,81.0335,76.8005,4.2330
NLMS-PCA (K=20/20),2,period_0916,30.000000,-6.4895,3.0450,81.5237,76.8005,4.7232
NLMS-PCA (K=20/20),3,period_0943,30.013333,-3.0039,0.3562,70.4496,67.9790,2.4705
NLMS-PCA (K=20/20),3,period_0943,30.053333,-3.1867,5.1653,70.5734,67.9790,2.5944
NLMS-PCA (K=20/20),3,period_0943,30.106667,-3.3658,3.9621,70.8025,67.9790,2.8234
NLMS-PCA (K=20/20),3,period_0943,30.160000,-3.5202,3.7692,70.9967,67.9790,3.0177
NLMS-PCA (K=20/20),3,period_0943,30.200000,-3.6211,5.3446,71.0881,67.9790,3.1090
NLMS-PCA (K=20/20),3,period_0943,30.253333,-3.8545,3.2730,71.4273,67.9790,3.4482
NLMS-PCA (K=20/20),3,period_0943,30.306667,-3.7947,4.0622,71.4339,67.9790,3.4549
NLMS-PCA (K=20/20),3,period_0943,30.360000,-4.2308,4.5892,71.7442,67.9790,3.7651
NLMS-PCA (K=20/20),3,period_0943,30.400000,-4.3613,5.3353,71.7297,67.9790,3.7507
NLMS-PCA (K=20/20),3,period_0943,30.453333,-4.4407,5.1987,72.1294,67.9790,4.1503
NLMS-PCA (K=20/20),3,period_0943,30.506667,-4.5571,3.8334,72.0191,67.9790,4.0400
NLMS-PCA (K=20/20),3,period_0943,30.560000,-4.8698,5.3154,72.2061,67.9790,4.2270
NLMS-PCA (K=20/20),3,period_0943,30.600000,-4.8917,4.0465,72.3204,67.9790,4.3414
NLMS-PCA (K=20/20),3,period_0943,30.653333,-4.9482,4.5221,72.3617,67.9790,4.3826
NLMS-PCA (K=20/20),3,period_0943,30.706667,-4.8981,3.0885,72.2860,67.9790,4.3070
NLMS-PCA (K=20/20),3,period_0943,30.760000,-4.9422,4.5167,72.5124,67.9790,4.5334
NLMS-PCA (K=20/20),3,period_0943,30.800000,-4.9885,3.5623,72.1638,67.9790,4.1848
NLMS-PCA (K=20/20),3,period_0943,30.853333,-4.9626,4.1392,72.5955,67.9790,4.6164
NLMS-PCA (K=20/20),3,period_0943,30.906667,-5.0284,4.2763,72.5060,67.9790,4.5270
NLMS-PCA (K=20/20),3,period_0943,30.960000,-5.1884,4.2288,73.0456,67.9790,5.0665
NLMS-PCA (K=20/20),3,period_0943,31.000000,-5.3456,6.4394,73.1647,67.9790,5.1856
NLMS-PCA (K=20/20),3,period_0943,31.053333,-5.3458,4.4382,73.0033,67.9790,5.0243
NLMS-PCA (K=20/20),3,period_0943,31.106667,-5.3607,4.4455,72.7545,67.9790,4.7754
NLMS-PCA (K=20/20),3,period_0943,31.160000,-5.4620,4.1858,73.1061,67.9790,5.1270
NLMS-PCA (K=20/20),3,period_0943,31.200000,-5.5599,5.1473,73.1791,67.9790,5.2000
NLMS-PCA (K=20/20),3,period_0943,31.253333,-5.4909,4.6049,73.1406,67.9790,5.1615
NLMS-PCA (K=20/20),3,period_0943,31.306667,-5.7471,4.5134,73.4153,67.9790,5.4362
NLMS-PCA (K=20/20),3,period_0943,31.360000,-5.7683,4.0528,73.4655,67.9790,5.4865
NLMS-PCA (K=20/20),3,period_0943,31.400000,-5.9050,5.5708,73.3728,67.9790,5.3938
NLMS-PCA (K=20/20),3,period_0943,31.453333,-6.0148,3.7766,73.3447,67.9790,5.3657
NLMS-PCA (K=20/20),3,period_0943,31.506667,-5.9166,4.7402,73.2008,67.9790,5.2217
NLMS-PCA (K=20/20),3,period_0943,31.560000,-5.9728,5.1842,73.4141,67.9790,5.4350
NLMS-PCA (K=20/20),3,period_0943,31.600000,-6.2321,4.4007,73.6456,67.9790,5.6665
NLMS-PCA (K=20/20),3,period_0943,31.653333,-6.2707,4.4375,73.6134,67.9790,5.6344
NLMS-PCA (K=20/20),3,period_0943,31.706667,-6.3588,4.8069,73.9201,67.9790,5.9411
NLMS-PCA (K=20/20),3,period_0943,31.760000,-6.2771,4.9756,74.1340,67.9790,6.1550
NLMS-PCA (K=20/20),3,period_0943,31.800000,-6.3464,5.3363,74.2707,67.9790,6.2916
NLMS-PCA (K=20/20),3,period_0943,31.853333,-6.7643,5.2699,74.2764,67.9790,6.2973
NLMS-PCA (K=20/20),3,period_0943,31.906667,-6.6474,4.4833,73.9744,67.9790,5.9954
NLMS-PCA (K=20/20),3,period_0943,31.960000,-6.5449,4.7821,74.6306,67.9790,6.6516
NLMS-PCA (K=20/20),3,period_0943,32.000000,-6.5250,4.5331,74.2434,67.9790,6.2644
NLMS-PCA (K=20/20),3,period_0943,32.053333,-6.8079,4.8738,74.5286,67.9790,6.5495
NLMS-PCA (K=20/20),3,period_0943,32.106667,-6.9350,3.4714,74.6622,67.9790,6.6832
NLMS-PCA (K=20/20),3,period_0943,32.160000,-7.0372,4.4297,74.8349,67.9790,6.8559
NLMS-PCA (K=20/20),3,period_0943,32.200000,-7.0297,5.2842,74.9941,67.9790,7.0151
NLMS-PCA (K=20/20),3,period_0943,32.253333,-6.8874,5.1677,75.0736,67.9790,7.0946
NLMS-PCA (K=20/20),3,period_0943,32.306667,-6.9157,5.2204,75.0634,67.9790,7.0843
NLMS-PCA (K=20/20),3,period_0943,32.360000,-6.7702,4.1042,74.9318,67.9790,6.9527
NLMS-PCA (K=20/20),3,period_0943,32.400000,-7.0174,5.4023,75.0893,67.9790,7.1103
NLMS-PCA (K=20/20),3,period_0943,32.453333,-7.1355,4.4640,75.2769,67.9790,7.2979
NLMS-PCA (K=20/20),3,period_0943,32.506667,-6.8386,4.7326,75.0280,67.9790,7.0490
NLMS-PCA (K=20/20),3,period_0943,32.560000,-6.7627,3.8525,74.7188,67.9790,6.7397
NLMS-PCA (K=20/20),3,period_0943,32.600000,-7.0357,5.3052,74.8298,67.9790,6.8507
NLMS-PCA (K=20/20),3,period_0943,32.653333,-7.0657,4.6635,75.0987,67.9790,7.1196
NLMS-PCA (K=20/20),3,period_0943,32.706667,-7.0137,5.1567,75.0531,67.9790,7.0740
NLMS-PCA (K=20/20),3,period_0943,32.760000,-7.0232,3.9343,75.1169,67.9790,7.1379
NLMS-PCA (K=20/20),3,period_0943,32.800000,-6.9006,3.9425,74.9836,67.9790,7.0045
NLMS-PCA (K=20/20),3,period_0943,32.853333,-7.1023,4.0318,75.0707,67.9790,7.0916
NLMS-PCA (K=20/20),3,period_0943,32.906667,-7.2118,5.1853,75.1920,67.9790,7.2130
NLMS-PCA (K=20/20),3,period_0943,32.960000,-7.3224,5.5889,75.1680,67.9790,7.1890
NLMS-PCA (K=20/20),3,period_0943,33.000000,-7.2607,4.6138,75.3872,67.9790,7.4081
NLMS-PCA (K=20/20),3,period_0943,33.053333,-7.3094,5.4323,75.6676,67.9790,7.6885
NLMS-PCA (K=20/20),3,period_0943,33.106667,-7.3186,4.9894,75.3118,67.9790,7.3327
NLMS-PCA (K=20/20),3,period_0943,33.160000,-7.3227,4.2346,75.5131,67.9790,7.5340
NLMS-PCA (K=20/20),3,period_0943,33.200000,-6.9588,3.5171,75.0923,67.9790,7.1133
NLMS-PCA (K=20/20),3,period_0943,33.253333,-7.1531,4.4018,75.5800,67.9790,7.6009
NLMS-PCA (K=20/20),3,period_0943,33.306667,-7.2367,5.0384,75.7515,67.9790,7.7724
NLMS-PCA (K=20/20),3,period_0943,33.360000,-7.3758,4.8470,75.9296,67.9790,7.9506
NLMS-PCA (K=20/20),3,period_0943,33.400000,-7.3490,4.7484,75.8412,67.9790,7.8622
NLMS-PCA (K=20/20),3,period_0943,33.453333,-7.0948,4.5898,76.0446,67.9790,8.0656
NLMS-PCA (K=20/20),3,period_0943,33.506667,-7.4551,4.8077,75.6663,67.9790,7.6872
NLMS-PCA (K=20/20),3,period_0943,33.560000,-7.3224,5.5106,75.9829,67.9790,8.0039
NLMS-PCA (K=20/20),3,period_0943,33.600000,-7.1986,4.5462,75.9060,67.9790,7.9270
NLMS-PCA (K=20/20),3,period_0943,33.653333,-7.5484,4.8777,76.3733,67.9790,8.3943
NLMS-PCA (K=20/20),3,period_0943,33.706667,-7.5368,4.4598,76.1041,67.9790,8.1251
NLMS-PCA (K=20/20),3,period_0943,33.760000,-7.5058,4.4733,76.3630,67.9790,8.3839
NLMS-PCA (K=20/20),3,period_0943,33.800000,-7.2228,4.6013,76.0838,67.9790,8.1047
NLMS-PCA (K=20/20),3,period_0943,33.853333,-7.3537,4.2791,76.1297,67.9790,8.1507
NLMS-PCA (K=20/20),3,period_0943,33.906667,-7.0106,4.0507,76.2393,67.9790,8.2602
NLMS-PCA (K=20/20),3,period_0943,33.960000,-6.9565,4.5559,76.0917,67.9790,8.1126
NLMS-PCA (K=20/20),3,period_0943,34.000000,-7.0913,4.6653,76.2011,67.9790,8.2220
NLMS-PCA (K=20/20),3,period_0943,34.053333,-7.3748,5.5427,76.4210,67.9790,8.4420
NLMS-PCA (K=20/20),3,period_0943,34.106667,-7.2117,3.7779,76.4758,67.9790,8.4967
NLMS-PCA (K=20/20),3,period_0943,34.160000,-7.4908,4.9449,76.0589,67.9790,8.0798
NLMS-PCA (K=20/20),3,period_0943,34.200000,-7.3605,4.4582,75.6734,67.9790,7.6944
NLMS-PCA (K=20/20),3,period_0943,34.253333,-7.3100,5.5038,76.0518,67.9790,8.0727
NLMS-PCA (K=20/20),3,period_0943,34.306667,-7.0768,4.4215,75.6483,67.9790,7.6693
NLMS-PCA (K=20/20),3,period_0943,34.360000,-7.2637,4.9823,75.8740,67.9790,7.8950
NLMS-PCA (K=20/20),3,period_0943,34.400000,-7.3991,4.0487,75.6771,67.9790,7.6981
NLMS-PCA (K=20/20),3,period_0943,34.453333,-7.3651,4.8377,75.9188,67.9790,7.9398
NLMS-PCA (K=20/20),3,period_0943,34.506667,-7.4473,4.0586,75.9029,67.9790,7.9238
NLMS-PCA (K=20/20),3,period_0943,34.560000,-7.4433,5.3563,76.1795,67.9790,8.2004
NLMS-PCA (K=20/20),3,period_0943,34.600000,-7.4971,4.0876,76.2461,67.9790,8.2671
NLMS-PCA (K=20/20),3,period_0943,34.653333,-7.4887,5.4616,76.2557,67.9790,8.2767
NLMS-PCA (K=20/20),3,period_0943,34.706667,-7.5966,4.8760,76.3193,67.9790,8.3403
NLMS-PCA (K=20/20),3,period_0943,34.760000,-7.5029,3.8111,75.9922,67.9790,8.0131
NLMS-PCA (K=20/20),3,period_0943,34.800000,-7.4646,4.5820,76.1772,67.9790,8.1981
NLMS-PCA (K=20/20),3,period_0943,34.853333,-7.5774,5.7147,75.8232,67.9790,7.8441
NLMS-PCA (K=20/20),3,period_0943,34.906667,-7.6054,4.6973,76.0863,67.9790,8.1072
NLMS-PCA (K=20/20),3,period_0943,34.960000,-7.6836,4.2368,76.5726,67.9790,8.5936
NLMS-PCA (K=20/20),3,period_0943,35.000000,-7.5827,5.1892,76.6303,67.9790,8.6512
NLMS-PCA (K=20/20),3,period_0943,35.053333,-7.6710,4.3595,76.1235,67.9790,8.1445
NLMS-PCA (K=20/20),3,period_0943,35.106667,-7.7365,4.9375,76.6459,67.9790,8.6669
NLMS-PCA (K=20/20),3,period_0943,35.160000,-7.5742,5.3701,76.1815,67.9790,8.2025
NLMS-PCA (K=20/20),3,period_0943,35.200000,-7.3943,4.6820,75.9575,67.9790,7.9784
NLMS-PCA (K=20/20),3,period_0943,35.253333,-7.4136,4.6499,75.9253,67.9790,7.9463
NLMS-PCA (K=20/20),3,period_0943,35.306667,-7.4349,4.8456,75.6569,67.9790,7.6779
NLMS-PCA (K=20/20),3,period_0943,35.360000,-7.5943,4.9446,75.6193,67.9790,7.6403
NLMS-PCA (K=20/20),3,period_0943,35.400000,-7.5917,3.7598,75.9834,67.9790,8.0044
NLMS-PCA (K=20/20),3,period_0943,35.453333,-7.7359,4.0473,76.2182,67.9790,8.2391
NLMS-PCA (K=20/20),3,period_0943,35.506667,-7.9434,4.7685,76.4280,67.9790,8.4490
NLMS-PCA (K=20/20),3,period_0943,35.560000,-7.6470,4.3529,76.3276,67.9790,8.3486
NLMS-PCA (K=20/20),3,period_0943,35.600000,-7.8421,4.7747,76.2530,67.9790,8.2740
NLMS-PCA (K=20/20),3,period_0943,35.653333,-7.5652,5.0933,75.9528,67.9790,7.9738
NLMS-PCA (K=20/20),3,period_0943,35.706667,-7.5121,4.5664,76.3062,67.9790,8.3271
NLMS-PCA (K=20/20),3,period_0943,35.760000,-7.3010,4.7166,75.9698,67.9790,7.9908
NLMS-PCA (K=20/20),3,period_0943,35.800000,-7.5778,5.1426,76.5062,67.9790,8.5272
NLMS-PCA (K=20/20),3,period_0943,35.853333,-7.6406,4.1154,76.7259,67.9790,8.7468
NLMS-PCA (K=20/20),3,period_0943,35.906667,-7.3110,5.1693,76.4086,67.9790,8.4295
NLMS-PCA (K=20/20),3,period_0943,35.960000,-7.8011,5.3985,76.5333,67.9790,8.5543
NLMS-PCA (K=20/20),3,period_0943,36.000000,-7.8224,6.0090,76.2571,67.9790,8.2780
NLMS-PCA (K=20/20),3,period_0943,36.053333,-7.7599,4.3840,76.0606,67.9790,8.0815
NLMS-PCA (K=20/20),3,period_0943,36.106667,-7.7253,4.9736,75.9887,67.9790,8.0096
NLMS-PCA (K=20/20),3,period_0943,36.160000,-7.6143,5.3536,76.5614,67.9790,8.5823
NLMS-PCA (K=20/20),3,period_0943,36.200000,-7.6551,4.2540,76.5449,67.9790,8.5658
NLMS-PCA (K=20/20),3,period_0943,36.253333,-7.4700,4.7179,76.5484,67.9790,8.5694
NLMS-PCA (K=20/20),3,period_0943,36.306667,-7.4065,4.1380,76.5039,67.9790,8.5249
NLMS-PCA (K=20/20),3,period_0943,36.360000,-7.2512,2.9376,76.1167,67.9790,8.1377
NLMS-PCA (K=20/20),3,period_0943,36.400000,-7.1517,4.3566,76.2067,67.9790,8.2277
NLMS-PCA (K=20/20),3,period_0943,36.453333,-7.1841,4.5140,76.4625,67.9790,8.4834
NLMS-PCA (K=20/20),3,period_0943,36.506667,-7.0434,4.5422,76.1909,67.9790,8.2118
NLMS-PCA (K=20/20),3,period_0943,36.560000,-6.9983,4.4210,76.1520,67.9790,8.1729
NLMS-PCA (K=20/20),3,period_0943,36.600000,-7.0834,5.0473,76.2956,67.9790,8.3166
NLMS-PCA (K=20/20),3,period_0943,36.653333,-7.2658,4.0233,76.2620,67.9790,8.2829
NLMS-PCA (K=20/20),3,period_0943,36.706667,-7.2029,5.5001,76.3915,67.9790,8.4124
NLMS-PCA (K=20/20),3,period_0943,36.760000,-7.2629,4.3176,76.4025,67.9790,8.4235
NLMS-PCA (K=20/20),3,period_0943,36.800000,-7.4359,4.3589,76.3751,67.9790,8.3960
NLMS-PCA (K=20/20),3,period_0943,36.853333,-7.3871,4.9727,76.5156,67.9790,8.5366
NLMS-PCA (K=20/20),3,period_0943,36.906667,-7.5815,4.9525,76.7448,67.9790,8.7657
NLMS-PCA (K=20/20),3,period_0943,36.960000,-7.3472,4.4915,76.3270,67.9790,8.3479
NLMS-PCA (K=20/20),3,period_0943,37.000000,-7.4988,5.1051,76.3745,67.9790,8.3954
NLMS-PCA (K=20/20),3,period_0943,37.053333,-7.5078,4.5897,76.8005,67.9790,8.8214
NLMS-PCA (K=20/20),3,period_0943,37.106667,-7.5210,4.6156,76.5216,67.9790,8.5425
NLMS-PCA (K=20/20),3,period_0943,37.160000,-7.5919,4.6229,76.4122,67.9790,8.4332
NLMS-PCA (K=20/20),3,period_0943,37.200000,-7.6988,4.2940,76.4937,67.9790,8.5147
NLMS-PCA (K=20/20),3,period_0943,37.253333,-7.5724,3.9924,76.5526,67.9790,8.5735
NLMS-PCA (K=20/20),3,period_0943,37.306667,-7.4311,5.2169,76.0932,67.9790,8.1142
NLMS-PCA (K=20/20),3,period_0943,37.360000,-7.4085,4.7838,76.3817,67.9790,8.4026
NLMS-PCA (K=20/20),3,period_0943,37.400000,-7.4166,4.2063,76.4030,67.9790,8.4240
NLMS-PCA (K=20/20),3,period_0943,37.453333,-7.4792,4.8590,76.3167,67.9790,8.3377
NLMS-PCA (K=20/20),3,period_0943,37.506667,-7.5529,4.0443,76.6164,67.9790,8.6373
NLMS-PCA (K=20/20),3,period_0943,37.560000,-7.3884,4.5429,76.8240,67.9790,8.8449
NLMS-PCA (K=20/20),3,period_0943,37.600000,-7.5216,4.1804,76.7804,67.9790,8.8013
NLMS-PCA (K=20/20),3,period_0943,37.653333,-7.3935,4.9646,76.7925,67.9790,8.8134
NLMS-PCA (K=20/20),3,period_0943,37.706667,-7.5261,4.1185,76.8839,67.9790,8.9049
NLMS-PCA (K=20/20),3,period_0943,37.760000,-7.3925,4.0378,76.7184,67.9790,8.7394
NLMS-PCA (K=20/20),3,period_0943,37.800000,-7.3844,3.8515,76.5866,67.9790,8.6076
NLMS-PCA (K=20/20),3,period_0943,37.853333,-7.5072,4.2935,76.5421,67.9790,8.5631
NLMS-PCA (K=20/20),3,period_0943,37.906667,-7.4802,4.7659,76.1724,67.9790,8.1934
NLMS-PCA (K=20/20),3,period_0943,37.960000,-7.8940,4.4119,76.7508,67.9790,8.7717
NLMS-PCA (K=20/20),3,period_0943,38.000000,-7.5714,3.4885,76.8041,67.9790,8.8250
NLMS-PCA (K=20/20),3,period_0943,38.053333,-7.6383,4.5389,76.8238,67.9790,8.8448
NLMS-PCA (K=20/20),3,period_0943,38.106667,-7.6768,4.6051,76.8366,67.9790,8.8575
NLMS-PCA (K=20/20),3,period_0943,38.160000,-7.6090,3.6846,76.6019,67.9790,8.6228
NLMS-PCA (K=20/20),3,period_0943,38.200000,-7.6512,4.5254,76.5105,67.9790,8.5314
NLMS-PCA (K=20/20),3,period_0943,38.253333,-7.7911,5.2812,77.0832,67.9790,9.1041
NLMS-PCA (K=20/20),3,period_0943,38.306667,-7.6575,4.8468,76.7627,67.9790,8.7837
NLMS-PCA (K=20/20),3,period_0943,38.360000,-7.6985,5.3695,76.9591,67.9790,8.9801
NLMS-PCA (K=20/20),3,period_0943,38.400000,-7.6162,4.7178,76.8479,67.9790,8.8689
NLMS-PCA (K=20/20),3,period_0943,38.453333,-7.6664,4.2546,76.8414,67.9790,8.8624
NLMS-PCA (K=20/20),3,period_0943,38.506667,-7.9678,4.7454,77.1897,67.9790,9.2107
NLMS-PCA (K=20/20),3,period_0943,38.560000,-7.9915,4.7154,77.0314,67.9790,9.0523
NLMS-PCA (K=20/20),3,period_0943,38.600000,-7.7473,3.3553,76.6258,67.9790,8.6468
NLMS-PCA (K=20/20),3,period_0943,38.653333,-7.9261,5.0717,76.8003,67.9790,8.8212
NLMS-PCA (K=20/20),3,period_0943,38.706667,-7.7464,5.2665,76.4384,67.9790,8.4594
NLMS-PCA (K=20/20),3,period_0943,38.760000,-7.8951,5.6362,76.8376,67.9790,8.8585
NLMS-PCA (K=20/20),3,period_0943,38.800000,-7.8686,4.2533,76.7041,67.9790,8.7250
NLMS-PCA (K=20/20),3,period_0943,38.853333,-7.8675,4.1890,76.9076,67.9790,8.9285
NLMS-PCA (K=20/20),3,period_0943,38.906667,-7.6691,5.0675,76.7598,67.9790,8.7808
NLMS-PCA (K=20/20),3,period_0943,38.960000,-7.8067,4.5894,76.7253,67.9790,8.7462
NLMS-PCA (K=20/20),3,period_0943,39.000000,-8.0847,4.6555,76.8469,67.9790,8.8678
NLMS-PCA (K=20/20),3,period_0943,39.053333,-8.0446,4.6307,77.1192,67.9790,9.1401
NLMS-PCA (K=20/20),3,period_0943,39.106667,-7.8452,4.8758,76.7927,67.9790,8.8136
NLMS-PCA (K=20/20),3,period_0943,39.160000,-8.0630,4.5644,77.1218,67.9790,9.1427
NLMS-PCA (K=20/20),3,period_0943,39.200000,-7.9710,5.1895,76.9456,67.9790,8.9666
NLMS-PCA (K=20/20),3,period_0943,39.253333,-7.8548,4.7450,77.0634,67.9790,9.0844
NLMS-PCA (K=20/20),3,period_0943,39.306667,-7.7385,5.0713,76.7718,67.9790,8.7928
NLMS-PCA (K=20/20),3,period_0943,39.360000,-7.5924,5.0248,76.9757,67.9790,8.9966
NLMS-PCA (K=20/20),3,period_0943,39.400000,-7.6342,4.1842,76.6894,67.9790,8.7104
NLMS-PCA (K=20/20),3,period_0943,39.453333,-7.6601,4.8486,77.0244,67.9790,9.0454
NLMS-PCA (K=20/20),3,period_0943,39.506667,-7.7415,4.2116,77.1986,67.9790,9.2196
NLMS-PCA (K=20/20),3,period_0943,39.560000,-7.5109,4.5295,77.0979,67.9790,9.1189
NLMS-PCA (K=20/20),3,period_0943,39.600000,-7.8244,4.0620,77.1794,67.9790,9.2004
NLMS-PCA (K=20/20),3,period_0943,39.653333,-7.8889,3.8521,76.9863,67.9790,9.0072
NLMS-PCA (K=20/20),3,period_0943,39.706667,-7.9560,4.5364,77.2852,67.9790,9.3061
NLMS-PCA (K=20/20),3,period_0943,39.760000,-7.8390,4.8271,77.1690,67.9790,9.1900
NLMS-PCA (K=20/20),3,period_0943,39.800000,-7.8170,4.2985,77.2688,67.9790,9.2897
NLMS-PCA (K=20/20),3,period_0943,39.853333,-7.7187,5.1092,77.3094,67.9790,9.3304
NLMS-PCA (K=20/20),3,period_0943,39.906667,-7.7555,5.7692,77.2117,67.9790,9.2327
NLMS-PCA (K=20/20),3,period_0943,39.960000,-7.5450,4.1648,76.8351,67.9790,8.8561
NLMS-PCA (K=20/20),3,period_0943,40.000000,-7.6228,4.9612,77.0315,67.9790,9.0524
"SoftPCA-F (alpha=1.00e-05, K=20/20)",0,period_0707,0.013333,2.5003,-1.3331,85.7153,85.1794,0.5360
"SoftPCA-F (alpha=1.00e-05, K=20/20)",0,period_0707,0.053333,1.9456,0.4036,85.8758,85.1794,0.6964
"SoftPCA-F (alpha=1.00e-05, K=20/20)",0,period_0707,0.106667,1.1691,0.9262,85.9593,85.1794,0.7799
"SoftPCA-F (alpha=1.00e-05, K=20/20)",0,period_0707,0.160000,0.6005,1.1124,86.1812,85.1794,1.0018
"SoftPCA-F (alpha=1.00e-05, K=20/20)",0,period_0707,0.200000,0.1424,1.2995,86.3514,85.1794,1.1720
"SoftPCA-F (alpha=1.00e-05, K=20/20)",0,period_0707,0.253333,-0.2755,1.1673,86.6313,85.1794,1.4520
"SoftPCA-F (alpha=1.00e-05, K=20/20)",0,period_0707,0.306667,-0.8590,1.0065,86.8428,85.1794,1.6635
"SoftPCA-F (alpha=1.00e-05, K=20/20)",0,period_0707,0.360000,-1.3395,2.4300,87.0759,85.1794,1.8965
"SoftPCA-F (alpha=1.00e-05, K=20/20)",0,period_0707,0.400000,-1.6211,1.7080,87.1730,85.1794,1.9936
"SoftPCA-F (alpha=1.00e-05, K=20/20)",0,period_0707,0.453333,-2.1426,1.4148,87.4183,85.1794,2.2389
"SoftPCA-F (alpha=1.00e-05, K=20/20)",0,period_0707,0.506667,-2.5936,0.3835,87.5920,85.1794,2.4126
"SoftPCA-F (alpha=1.00e-05, K=20/20)",0,period_0707,0.560000,-2.8502,2.4702,87.9229,85.1794,2.7435
"SoftPCA-F (alpha=1.00e-05, K=20/20)",0,period_0707,0.600000,-3.1093,2.7280,88.1960,85.1794,3.0166
"SoftPCA-F (alpha=1.00e-05, K=20/20)",0,period_0707,0.653333,-3.4054,2.4779,88.4126,85.1794,3.2332
"SoftPCA-F (alpha=1.00e-05, K=20/20)",0,period_0707,0.706667,-3.6991,3.0650,88.4834,85.1794,3.3040
"SoftPCA-F (alpha=1.00e-05, K=20/20)",0,period_0707,0.760000,-3.9298,1.8195,88.6064,85.1794,3.4271
"SoftPCA-F (alpha=1.00e-05, K=20/20)",0,period_0707,0.800000,-4.2047,0.7247,88.6835,85.1794,3.5041
"SoftPCA-F (alpha=1.00e-05, K=20/20)",0,period_0707,0.853333,-4.6184,-0.0094,88.9655,85.1794,3.7861
"SoftPCA-F (alpha=1.00e-05, K=20/20)",0,period_0707,0.906667,-4.7986,1.4522,89.0950,85.1794,3.9156
"SoftPCA-F (alpha=1.00e-05, K=20/20)",0,period_0707,0.960000,-4.8742,2.2033,89.2717,85.1794,4.0923
"SoftPCA-F (alpha=1.00e-05, K=20/20)",0,period_0707,1.000000,-5.0388,2.5380,89.6488,85.1794,4.4694
"SoftPCA-F (alpha=1.00e-05, K=20/20)",0,period_0707,1.053333,-5.3835,1.5524,89.7755,85.1794,4.5961
"SoftPCA-F (alpha=1.00e-05, K=20/20)",0,period_0707,1.106667,-5.5458,0.9929,89.9839,85.1794,4.8046
"SoftPCA-F (alpha=1.00e-05, K=20/20)",0,period_0707,1.160000,-6.0374,1.6742,90.2325,85.1794,5.0531
"SoftPCA-F (alpha=1.00e-05, K=20/20)",0,period_0707,1.200000,-6.0918,1.8762,90.5278,85.1794,5.3484
"SoftPCA-F (alpha=1.00e-05, K=20/20)",0,period_0707,1.253333,-6.3718,2.1572,90.8547,85.1794,5.6753
"SoftPCA-F (alpha=1.00e-05, K=20/20)",0,period_0707,1.306667,-6.5031,0.4758,91.0877,85.1794,5.9083
"SoftPCA-F (alpha=1.00e-05, K=20/20)",0,period_0707,1.360000,-6.6740,1.0069,91.2444,85.1794,6.0650
"SoftPCA-F (alpha=1.00e-05, K=20/20)",0,period_0707,1.400000,-6.8333,1.5488,91.5337,85.1794,6.3543
"SoftPCA-F (alpha=1.00e-05, K=20/20)",0,period_0707,1.453333,-7.1305,1.7271,91.8530,85.1794,6.6736
"SoftPCA-F (alpha=1.00e-05, K=20/20)",0,period_0707,1.506667,-7.1247,3.0335,91.9211,85.1794,6.7417
"SoftPCA-F (alpha=1.00e-05, K=20/20)",0,period_0707,1.560000,-7.3418,1.4561,92.1764,85.1794,6.9970
"SoftPCA-F (alpha=1.00e-05, K=20/20)",0,period_0707,1.600000,-7.4375,1.2595,92.3263,85.1794,7.1469
"SoftPCA-F (alpha=1.00e-05, K=20/20)",0,period_0707,1.653333,-7.5317,1.0223,92.5725,85.1794,7.3931
"SoftPCA-F (alpha=1.00e-05, K=20/20)",0,period_0707,1.706667,-7.7195,2.5388,92.7550,85.1794,7.5756
"SoftPCA-F (alpha=1.00e-05, K=20/20)",0,period_0707,1.760000,-7.9034,0.8467,92.9463,85.1794,7.7670
"SoftPCA-F (alpha=1.00e-05, K=20/20)",0,period_0707,1.800000,-8.0947,1.1388,93.1411,85.1794,7.9617
"SoftPCA-F (alpha=1.00e-05, K=20/20)",0,period_0707,1.853333,-8.1021,1.9903,93.2954,85.1794,8.1161
"SoftPCA-F (alpha=1.00e-05, K=20/20)",0,period_0707,1.906667,-7.9354,0.8865,93.3509,85.1794,8.1715
"SoftPCA-F (alpha=1.00e-05, K=20/20)",0,period_0707,1.960000,-8.1016,2.3599,93.5276,85.1794,8.3483
"SoftPCA-F (alpha=1.00e-05, K=20/20)",0,period_0707,2.000000,-8.3075,1.4269,93.7668,85.1794,8.5874
"SoftPCA-F (alpha=1.00e-05, K=20/20)",0,period_0707,2.053333,-8.5860,1.3418,93.9580,85.1794,8.7786
"SoftPCA-F (alpha=1.00e-05, K=20/20)",0,period_0707,2.106667,-8.9878,1.5230,94.2597,85.1794,9.0803
"SoftPCA-F (alpha=1.00e-05, K=20/20)",0,period_0707,2.160000,-8.2739,1.8700,93.9580,85.1794,8.7786
"SoftPCA-F (alpha=1.00e-05, K=20/20)",0,period_0707,2.200000,-7.8983,2.9205,94.1348,85.1794,8.9554
"SoftPCA-F (alpha=1.00e-05, K=20/20)",0,period_0707,2.253333,-8.4605,1.1594,94.7016,85.1794,9.5222
"SoftPCA-F (alpha=1.00e-05, K=20/20)",0,period_0707,2.306667,-8.9092,1.0587,94.8692,85.1794,9.6898
"SoftPCA-F (alpha=1.00e-05, K=20/20)",0,period_0707,2.360000,-9.1891,1.4549,95.0890,85.1794,9.9096
"SoftPCA-F (alpha=1.00e-05, K=20/20)",0,period_0707,2.400000,-9.1075,0.4089,92.9168,85.1794,7.7375
"SoftPCA-F (alpha=1.00e-05, K=20/20)",0,period_0707,2.453333,-9.8370,1.2514,95.5275,85.1794,10.3482
"SoftPCA-F (alpha=1.00e-05, K=20/20)",0,period_0707,2.506667,-9.5633,1.1954,95.7254,85.1794,10.5460
"SoftPCA-F (alpha=1.00e-05, K=20/20)",0,period_0707,2.560000,-9.6420,0.2673,95.8756,85.1794,10.6962
"SoftPCA-F (alpha=1.00e-05, K=20/20)",0,period_0707,2.600000,-9.6422,1.6694,95.3968,85.1794,10.2174
"SoftPCA-F (alpha=1.00e-05, K=20/20)",0,period_0707,2.653333,-9.7805,2.1000,96.3790,85.1794,11.1996
"SoftPCA-F (alpha=1.00e-05, K=20/20)",0,period_0707,2.706667,-10.2569,1.0953,96.4661,85.1794,11.2868
"SoftPCA-F (alpha=1.00e-05, K=20/20)",0,period_0707,2.760000,-10.3435,1.0742,96.5720,85.1794,11.3927
"SoftPCA-F (alpha=1.00e-05, K=20/20)",0,period_0707,2.800000,-10.3451,2.8806,96.6449,85.1794,11.4655
"SoftPCA-F (alpha=1.00e-05, K=20/20)",0,period_0707,2.853333,-10.1043,3.0947,96.8427,85.1794,11.6633
"SoftPCA-F (alpha=1.00e-05, K=20/20)",0,period_0707,2.906667,-10.0256,2.2741,97.0240,85.1794,11.8446
"SoftPCA-F (alpha=1.00e-05, K=20/20)",0,period_0707,2.960000,-10.7175,-0.6854,97.3174,85.1794,12.1380
"SoftPCA-F (alpha=1.00e-05, K=20/20)",0,period_0707,3.000000,-10.7526,2.3206,97.4689,85.1794,12.2895
"SoftPCA-F (alpha=1.00e-05, K=20/20)",0,period_0707,3.053333,-10.6186,2.9951,97.5915,85.1794,12.4122
"SoftPCA-F (alpha=1.00e-05, K=20/20)",0,period_0707,3.106667,-10.6836,1.7833,97.7666,85.1794,12.5872
"SoftPCA-F (alpha=1.00e-05, K=20/20)",0,period_0707,3.160000,-10.7156,0.8886,97.9279,85.1794,12.7485
"SoftPCA-F (alpha=1.00e-05, K=20/20)",0,period_0707,3.200000,-10.8023,2.2578,98.2687,85.1794,13.0893
"SoftPCA-F (alpha=1.00e-05, K=20/20)",0,period_0707,3.253333,-10.8804,1.8547,98.5833,85.1794,13.4040
"SoftPCA-F (alpha=1.00e-05, K=20/20)",0,period_0707,3.306667,-10.8200,0.5496,97.2978,85.1794,12.1185
"SoftPCA-F (alpha=1.00e-05, K=20/20)",0,period_0707,3.360000,-10.3055,0.3796,93.8350,85.1794,8.6557
"SoftPCA-F (alpha=1.00e-05, K=20/20)",0,period_0707,3.400000,-10.9016,2.2023,98.5625,85.1794,13.3831
"SoftPCA-F (alpha=1.00e-05, K=20/20)",0,period_0707,3.453333,-10.8393,2.0423,96.4045,85.1794,11.2251
"SoftPCA-F (alpha=1.00e-05, K=20/20)",0,period_0707,3.506667,-10.6484,1.6926,97.4461,85.1794,12.2668
"SoftPCA-F (alpha=1.00e-05, K=20/20)",0,period_0707,3.560000,-10.9902,2.3166,99.1888,85.1794,14.0094
"SoftPCA-F (alpha=1.00e-05, K=20/20)",0,period_0707,3.600000,-11.0662,1.9745,99.3926,85.1794,14.2132
"SoftPCA-F (alpha=1.00e-05, K=20/20)",0,period_0707,3.653333,-11.4691,0.4194,99.1706,85.1794,13.9912
"SoftPCA-F (alpha=1.00e-05, K=20/20)",0,period_0707,3.706667,-11.1677,1.3998,99.4777,85.1794,14.2983
"SoftPCA-F (alpha=1.00e-05, K=20/20)",0,period_0707,3.760000,-11.4873,2.1268,99.7167,85.1794,14.5373
"SoftPCA-F (alpha=1.00e-05, K=20/20)",0,period_0707,3.800000,-10.4702,3.5312,97.6353,85.1794,12.4559
"SoftPCA-F (alpha=1.00e-05, K=20/20)",0,period_0707,3.853333,-10.9597,1.4124,98.4389,85.1794,13.2595
"SoftPCA-F (alpha=1.00e-05, K=20/20)",0,period_0707,3.906667,-11.3360,0.3077,100.2798,85.1794,15.1004
"SoftPCA-F (alpha=1.00e-05, K=20/20)",0,period_0707,3.960000,-10.7062,1.2792,99.1916,85.1794,14.0122
"SoftPCA-F (alpha=1.00e-05, K=20/20)",0,period_0707,4.000000,-10.8117,1.7353,98.6467,85.1794,13.4674
"SoftPCA-F (alpha=1.00e-05, K=20/20)",0,period_0707,4.053333,-10.9449,0.8646,97.3266,85.1794,12.1472
"SoftPCA-F (alpha=1.00e-05, K=20/20)",0,period_0707,4.106667,-10.6441,1.4129,95.5079,85.1794,10.3285
"SoftPCA-F (alpha=1.00e-05, K=20/20)",0,period_0707,4.160000,-10.7536,1.6618,94.7192,85.1794,9.5398
"SoftPCA-F (alpha=1.00e-05, K=20/20)",0,period_0707,4.200000,-11.0919,1.0054,95.4113,85.1794,10.2319
"SoftPCA-F (alpha=1.00e-05, K=20/20)",0,period_0707,4.253333,-10.8066,0.7774,92.8725,85.1794,7.6931
"SoftPCA-F (alpha=1.00e-05, K=20/20)",0,period_0707,4.306667,-10.8803,2.1571,96.2469,85.1794,11.0675
"SoftPCA-F (alpha=1.00e-05, K=20/20)",0,period_0707,4.360000,-11.1632,2.0410,96.6780,85.1794,11.4987
"SoftPCA-F (alpha=1.00e-05, K=20/20)",0,period_0707,4.400000,-11.3868,1.3973,97.2721,85.1794,12.0927
"SoftPCA-F (alpha=1.00e-05, K=20/20)",0,period_0707,4.453333,-11.5506,2.7035,98.1309,85.1794,12.9515
"SoftPCA-F (alpha=1.00e-05, K=20/20)",0,period_0707,4.506667,-11.6928,1.7604,100.4533,85.1794,15.2739
"SoftPCA-F (alpha=1.00e-05, K=20/20)",0,period_0707,4.560000,-11.5629,1.8442,100.3573,85.1794,15.1779
"SoftPCA-F (alpha=1.00e-05, K=20/20)",0,period_0707,4.600000,-11.6036,1.5613,99.8200,85.1794,14.6406
"SoftPCA-F (alpha=1.00e-05, K=20/20)",0,period_0707,4.653333,-11.6100,1.7098,101.1037,85.1794,15.9244
"SoftPCA-F (alpha=1.00e-05, K=20/20)",0,period_0707,4.706667,-11.2786,0.9660,94.9369,85.1794,9.7576
"SoftPCA-F (alpha=1.00e-05, K=20/20)",0,period_0707,4.760000,-11.3906,3.1169,95.3631,85.1794,10.1837
"SoftPCA-F (alpha=1.00e-05, K=20/20)",0,period_0707,4.800000,-11.5588,0.4226,96.1137,85.1794,10.9343
"SoftPCA-F (alpha=1.00e-05, K=20/20)",0,period_0707,4.853333,-11.4294,1.5905,97.7594,85.1794,12.5800
"SoftPCA-F (alpha=1.00e-05, K=20/20)",0,period_0707,4.906667,-11.4281,1.9340,100.0765,85.1794,14.8971
"SoftPCA-F (alpha=1.00e-05, K=20/20)",0,period_0707,4.960000,-11.6019,0.4670,98.6651,85.1794,13.4857
"SoftPCA-F (alpha=1.00e-05, K=20/20)",0,period_0707,5.000000,-11.6428,1.6107,98.5006,85.1794,13.3212
"SoftPCA-F (alpha=1.00e-05, K=20/20)",0,period_0707,5.053333,-11.7276,1.1133,98.0420,85.1794,12.8626
"SoftPCA-F (alpha=1.00e-05, K=20/20)",0,period_0707,5.106667,-11.7845,1.2735,100.8627,85.1794,15.6834
"SoftPCA-F (alpha=1.00e-05, K=20/20)",0,period_0707,5.160000,-11.1572,1.0275,97.8145,85.1794,12.6351
"SoftPCA-F (alpha=1.00e-05, K=20/20)",0,period_0707,5.200000,-11.6622,1.5219,97.8008,85.1794,12.6214
"SoftPCA-F (alpha=1.00e-05, K=20/20)",0,period_0707,5.253333,-11.6487,1.1134,96.9087,85.1794,11.7293
"SoftPCA-F (alpha=1.00e-05, K=20/20)",0,period_0707,5.306667,-10.9300,1.6910,91.7847,85.1794,6.6054
"SoftPCA-F (alpha=1.00e-05, K=20/20)",0,period_0707,5.360000,-11.3978,1.9404,95.0155,85.1794,9.8361
"SoftPCA-F (alpha=1.00e-05, K=20/20)",0,period_0707,5.400000,-11.0433,1.5950,93.4263,85.1794,8.2469
"SoftPCA-F (alpha=1.00e-05, K=20/20)",0,period_0707,5.453333,-10.8098,0.5811,92.1220,85.1794,6.9427
"SoftPCA-F (alpha=1.00e-05, K=20/20)",0,period_0707,5.506667,-10.5078,0.8187,90.0330,85.1794,4.8536
"SoftPCA-F (alpha=1.00e-05, K=20/20)",0,period_0707,5.560000,-10.9049,2.2521,92.5155,85.1794,7.3361
"SoftPCA-F (alpha=1.00e-05, K=20/20)",0,period_0707,5.600000,-10.5310,2.0884,91.5864,85.1794,6.4070
"SoftPCA-F (alpha=1.00e-05, K=20/20)",0,period_0707,5.653333,-10.7353,1.1740,91.9418,85.1794,6.7625
"SoftPCA-F (alpha=1.00e-05, K=20/20)",0,period_0707,5.706667,-11.2748,2.0277,96.7677,85.1794,11.5883
"SoftPCA-F (alpha=1.00e-05, K=20/20)",0,period_0707,5.760000,-11.4290,1.4861,95.9294,85.1794,10.7500
"SoftPCA-F (alpha=1.00e-05, K=20/20)",0,period_0707,5.800000,-11.3196,1.6391,95.9040,85.1794,10.7246
"SoftPCA-F (alpha=1.00e-05, K=20/20)",0,period_0707,5.853333,-11.7212,1.3387,97.7111,85.1794,12.5318
"SoftPCA-F (alpha=1.00e-05, K=20/20)",0,period_0707,5.906667,-11.6417,0.5976,94.2558,85.1794,9.0765
"SoftPCA-F (alpha=1.00e-05, K=20/20)",0,period_0707,5.960000,-11.7220,0.9818,94.4875,85.1794,9.3082
"SoftPCA-F (alpha=1.00e-05, K=20/20)",0,period_0707,6.000000,-11.9004,1.3384,97.6870,85.1794,12.5076
"SoftPCA-F (alpha=1.00e-05, K=20/20)",0,period_0707,6.053333,-11.8699,2.2053,99.3624,85.1794,14.1830
"SoftPCA-F (alpha=1.00e-05, K=20/20)",0,period_0707,6.106667,-11.4611,1.2272,95.9913,85.1794,10.8119
"SoftPCA-F (alpha=1.00e-05, K=20/20)",0,period_0707,6.160000,-11.6077,0.9508,97.5756,85.1794,12.3962
"SoftPCA-F (alpha=1.00e-05, K=20/20)",0,period_0707,6.200000,-11.2406,0.4595,92.8350,85.1794,7.6557
"SoftPCA-F (alpha=1.00e-05, K=20/20)",0,period_0707,6.253333,-11.9420,1.7214,97.1096,85.1794,11.9302
"SoftPCA-F (alpha=1.00e-05, K=20/20)",0,period_0707,6.306667,-11.6104,0.9863,95.2967,85.1794,10.1173
"SoftPCA-F (alpha=1.00e-05, K=20/20)",0,period_0707,6.360000,-11.8180,2.1356,97.8627,85.1794,12.6833
"SoftPCA-F (alpha=1.00e-05, K=20/20)",0,period_0707,6.400000,-11.6053,1.7497,96.5108,85.1794,11.3314
"SoftPCA-F (alpha=1.00e-05, K=20/20)",0,period_0707,6.453333,-11.6248,1.2336,95.7993,85.1794,10.6199
"SoftPCA-F (alpha=1.00e-05, K=20/20)",0,period_0707,6.506667,-11.6388,1.4903,97.0429,85.1794,11.8636
"SoftPCA-F (alpha=1.00e-05, K=20/20)",0,period_0707,6.560000,-11.9927,1.4750,99.6564,85.1794,14.4770
"SoftPCA-F (alpha=1.00e-05, K=20/20)",0,period_0707,6.600000,-11.8942,2.0873,99.8488,85.1794,14.6695
"SoftPCA-F (alpha=1.00e-05, K=20/20)",0,period_0707,6.653333,-11.7388,1.0155,97.9691,85.1794,12.7898
"SoftPCA-F (alpha=1.00e-05, K=20/20)",0,period_0707,6.706667,-11.3988,1.1986,96.2815,85.1794,11.1021
"SoftPCA-F (alpha=1.00e-05, K=20/20)",0,period_0707,6.760000,-11.6731,1.0120,97.8630,85.1794,12.6836
"SoftPCA-F (alpha=1.00e-05, K=20/20)",0,period_0707,6.800000,-11.5803,0.8186,96.3819,85.1794,11.2025
"SoftPCA-F (alpha=1.00e-05, K=20/20)",0,period_0707,6.853333,-11.3991,1.1746,94.7713,85.1794,9.5919
"SoftPCA-F (alpha=1.00e-05, K=20/20)",0,period_0707,6.906667,-11.5269,1.4235,95.0600,85.1794,9.8807
"SoftPCA-F (alpha=1.00e-05, K=20/20)",0,period_0707,6.960000,-11.7411,1.3252,97.1010,85.1794,11.9216
"SoftPCA-F (alpha=1.00e-05, K=20/20)",0,period_0707,7.000000,-11.5209,2.1892,95.8756,85.1794,10.6962
"SoftPCA-F (alpha=1.00e-05, K=20/20)",0,period_0707,7.053333,-11.4665,0.6971,94.8362,85.1794,9.6569
"SoftPCA-F (alpha=1.00e-05, K=20/20)",0,period_0707,7.106667,-11.7054,1.1442,96.1909,85.1794,11.0116
"SoftPCA-F (alpha=1.00e-05, K=20/20)",0,period_0707,7.160000,-11.4679,0.9879,94.6486,85.1794,9.4693
"SoftPCA-F (alpha=1.00e-05, K=20/20)",0,period_0707,7.200000,-11.7042,1.4905,95.1732,85.1794,9.9938
"SoftPCA-F (alpha=1.00e-05, K=20/20)",0,period_0707,7.253333,-11.9088,2.0614,98.5559,85.1794,13.3765
"SoftPCA-F (alpha=1.00e-05, K=20/20)",0,period_0707,7.306667,-11.8959,1.0508,96.4721,85.1794,11.2927
"SoftPCA-F (alpha=1.00e-05, K=20/20)",0,period_0707,7.360000,-12.0897,1.5695,100.2189,85.1794,15.0395
"SoftPCA-F (alpha=1.00e-05, K=20/20)",0,period_0707,7.400000,-11.9852,2.6079,99.2222,85.1794,14.0428
"SoftPCA-F (alpha=1.00e-05, K=20/20)",0,period_0707,7.453333,-12.1711,0.5773,99.9009,85.1794,14.7216
"SoftPCA-F (alpha=1.00e-05, K=20/20)",0,period_0707,7.506667,-11.6862,1.3901,97.0405,85.1794,11.8611
"SoftPCA-F (alpha=1.00e-05, K=20/20)",0,period_0707,7.560000,-11.8428,1.5336,100.7085,85.1794,15.5291
"SoftPCA-F (alpha=1.00e-05, K=20/20)",0,period_0707,7.600000,-11.5440,0.5770,96.6577,85.1794,11.4783
"SoftPCA-F (alpha=1.00e-05, K=20/20)",0,period_0707,7.653333,-11.2018,1.3449,95.0349,85.1794,9.8555
"SoftPCA-F (alpha=1.00e-05, K=20/20)",0,period_0707,7.706667,-10.7821,1.5962,95.0123,85.1794,9.8329
"SoftPCA-F (alpha=1.00e-05, K=20/20)",0,period_0707,7.760000,-11.1857,0.9053,95.2917,85.1794,10.1123
"SoftPCA-F (alpha=1.00e-05, K=20/20)",0,period_0707,7.800000,-11.8116,2.0000,98.7777,85.1794,13.5984
"SoftPCA-F (alpha=1.00e-05, K=20/20)",0,period_0707,7.853333,-11.6331,0.2236,96.8713,85.1794,11.6919
"SoftPCA-F (alpha=1.00e-05, K=20/20)",0,period_0707,7.906667,-11.6896,1.0574,97.3860,85.1794,12.2066
"SoftPCA-F (alpha=1.00e-05, K=20/20)",0,period_0707,7.960000,-11.9496,2.0103,98.2420,85.1794,13.0627
"SoftPCA-F (alpha=1.00e-05, K=20/20)",0,period_0707,8.000000,-12.0331,3.1233,99.0975,85.1794,13.9182
"SoftPCA-F (alpha=1.00e-05, K=20/20)",0,period_0707,8.053333,-11.7687,2.3680,98.0370,85.1794,12.8576
"SoftPCA-F (alpha=1.00e-05, K=20/20)",0,period_0707,8.106667,-11.7471,1.8246,97.1029,85.1794,11.9236
"SoftPCA-F (alpha=1.00e-05, K=20/20)",0,period_0707,8.160000,-11.6081,2.3609,98.0212,85.1794,12.8419
"SoftPCA-F (alpha=1.00e-05, K=20/20)",0,period_0707,8.200000,-11.7429,1.9868,99.0962,85.1794,13.9168
"SoftPCA-F (alpha=1.00e-05, K=20/20)",0,period_0707,8.253333,-11.8744,2.1871,100.4616,85.1794,15.2823
"SoftPCA-F (alpha=1.00e-05, K=20/20)",0,period_0707,8.306667,-11.8992,1.6477,100.3462,85.1794,15.1669
"SoftPCA-F (alpha=1.00e-05, K=20/20)",0,period_0707,8.360000,-11.1364,3.4629,100.4353,85.1794,15.2560
"SoftPCA-F (alpha=1.00e-05, K=20/20)",0,period_0707,8.400000,-11.7433,0.2588,99.7741,85.1794,14.5947
"SoftPCA-F (alpha=1.00e-05, K=20/20)",0,period_0707,8.453333,-11.5116,1.9101,99.5242,85.1794,14.3448
"SoftPCA-F (alpha=1.00e-05, K=20/20)",0,period_0707,8.506667,-12.3051,-0.0025,100.4423,85.1794,15.2629
"SoftPCA-F (alpha=1.00e-05, K=20/20)",0,period_0707,8.560000,-12.2143,2.0555,100.4468,85.1794,15.2674
"SoftPCA-F (alpha=1.00e-05, K=20/20)",0,period_0707,8.600000,-12.2077,1.2764,100.4410,85.1794,15.2617
"SoftPCA-F (alpha=1.00e-05, K=20/20)",0,period_0707,8.653333,-12.2529,0.9336,100.4412,85.1794,15.2619
"SoftPCA-F (alpha=1.00e-05, K=20/20)",0,period_0707,8.706667,-12.1094,1.7282,100.1836,85.1794,15.0042
"SoftPCA-F (alpha=1.00e-05, K=20/20)",0,period_0707,8.760000,-12.1650,1.1523,99.3686,85.1794,14.1892
"SoftPCA-F (alpha=1.00e-05, K=20/20)",0,period_0707,8.800000,-11.7395,1.7666,100.4236,85.1794,15.2442
"SoftPCA-F (alpha=1.00e-05, K=20/20)",0,period_0707,8.853333,-11.5674,1.5407,97.2905,85.1794,12.1111
"SoftPCA-F (alpha=1.00e-05, K=20/20)",0,period_0707,8.906667,-11.4759,1.6038,96.2861,85.1794,11.1067
"SoftPCA-F (alpha=1.00e-05, K=20/20)",0,period_0707,8.960000,-11.3918,1.2624,95.5194,85.1794,10.3400
"SoftPCA-F (alpha=1.00e-05, K=20/20)",0,period_0707,9.000000,-11.3772,1.8259,96.2896,85.1794,11.1102
"SoftPCA-F (alpha=1.00e-05, K=20/20)",0,period_0707,9.053333,-11.0453,1.7607,96.0704,85.1794,10.8910
"SoftPCA-F (alpha=1.00e-05, K=20/20)",0,period_0707,9.106667,-11.1272,2.2686,95.8437,85.1794,10.6644
"SoftPCA-F (alpha=1.00e-05, K=20/20)",0,period_0707,9.160000,-12.0041,0.9526,99.2559,85.1794,14.0765
"SoftPCA-F (alpha=1.00e-05, K=20/20)",0,period_0707,9.200000,-11.7992,1.8495,99.3814,85.1794,14.2020
"SoftPCA-F (alpha=1.00e-05, K=20/20)",0,period_0707,9.253333,-11.9116,1.5599,99.4414,85.1794,14.2620
"SoftPCA-F (alpha=1.00e-05, K=20/20)",0,period_0707,9.306667,-11.7852,1.7981,100.4269,85.1794,15.2476
"SoftPCA-F (alpha=1.00e-05, K=20/20)",0,period_0707,9.360000,-11.8873,1.1789,100.4733,85.1794,15.2939
"SoftPCA-F (alpha=1.00e-05, K=20/20)",0,period_0707,9.400000,-11.9244,2.3844,100.4751,85.1794,15.2957
"SoftPCA-F (alpha=1.00e-05, K=20/20)",0,period_0707,9.453333,-11.9547,0.8027,99.1169,85.1794,13.9375
"SoftPCA-F (alpha=1.00e-05, K=20/20)",0,period_0707,9.506667,-11.7990,1.4933,97.1980,85.1794,12.0186
"SoftPCA-F (alpha=1.00e-05, K=20/20)",0,period_0707,9.560000,-12.0171,1.3122,97.5553,85.1794,12.3759
"SoftPCA-F (alpha=1.00e-05, K=20/20)",0,period_0707,9.600000,-11.8376,1.5448,97.0161,85.1794,11.8367
"SoftPCA-F (alpha=1.00e-05, K=20/20)",0,period_0707,9.653333,-11.4137,1.4560,93.7640,85.1794,8.5846
"SoftPCA-F (alpha=1.00e-05, K=20/20)",0,period_0707,9.706667,-11.7196,2.1506,100.4851,85.1794,15.3058
"SoftPCA-F (alpha=1.00e-05, K=20/20)",0,period_0707,9.760000,-11.8849,1.4867,100.4999,85.1794,15.3205
"SoftPCA-F (alpha=1.00e-05, K=20/20)",0,period_0707,9.800000,-11.9997,1.9412,100.5110,85.1794,15.3317
"SoftPCA-F (alpha=1.00e-05, K=20/20)",0,period_0707,9.853333,-12.1172,1.2572,100.4805,85.1794,15.3012
"SoftPCA-F (alpha=1.00e-05, K=20/20)",0,period_0707,9.906667,-11.5837,1.3076,98.5316,85.1794,13.3523
"SoftPCA-F (alpha=1.00e-05, K=20/20)",0,period_0707,9.960000,-11.6897,1.1184,100.4723,85.1794,15.2929
"SoftPCA-F (alpha=1.00e-05, K=20/20)",0,period_0707,10.000000,-11.5819,1.8216,97.7660,85.1794,12.5867
"SoftPCA-F (alpha=1.00e-05, K=20/20)",1,period_0856,10.013333,-0.6989,0.4528,76.8015,75.6790,1.1225
"SoftPCA-F (alpha=1.00e-05, K=20/20)",1,period_0856,10.053333,-1.4405,1.5554,77.5300,75.6790,1.8510
"SoftPCA-F (alpha=1.00e-05, K=20/20)",1,period_0856,10.106667,-2.3956,2.6481,79.0742,75.6790,3.3952
"SoftPCA-F (alpha=1.00e-05, K=20/20)",1,period_0856,10.160000,-3.2351,3.2064,80.0583,75.6790,4.3793
"SoftPCA-F (alpha=1.00e-05, K=20/20)",1,period_0856,10.200000,-3.8992,4.8227,81.1077,75.6790,5.4287
"SoftPCA-F (alpha=1.00e-05, K=20/20)",1,period_0856,10.253333,-4.8006,3.7236,82.3780,75.6790,6.6990
"SoftPCA-F (alpha=1.00e-05, K=20/20)",1,period_0856,10.306667,-5.4105,4.9945,83.0167,75.6790,7.3376
"SoftPCA-F (alpha=1.00e-05, K=20/20)",1,period_0856,10.360000,-6.0796,4.6833,84.0416,75.6790,8.3626
"SoftPCA-F (alpha=1.00e-05, K=20/20)",1,period_0856,10.400000,-6.5441,4.9131,84.1764,75.6790,8.4974
"SoftPCA-F (alpha=1.00e-05, K=20/20)",1,period_0856,10.453333,-7.1058,4.5079,84.3342,75.6790,8.6552
"SoftPCA-F (alpha=1.00e-05, K=20/20)",1,period_0856,10.506667,-7.5104,4.4334,84.5192,75.6790,8.8402
"SoftPCA-F (alpha=1.00e-05, K=20/20)",1,period_0856,10.560000,-8.0682,6.7944,84.7278,75.6790,9.0488
"SoftPCA-F (alpha=1.00e-05, K=20/20)",1,period_0856,10.600000,-8.4464,4.8810,84.8277,75.6790,9.1487
"SoftPCA-F (alpha=1.00e-05, K=20/20)",1,period_0856,10.653333,-8.8461,6.0062,85.0594,75.6790,9.3804
"SoftPCA-F (alpha=1.00e-05, K=20/20)",1,period_0856,10.706667,-9.2623,6.5035,85.2192,75.6790,9.5402
"SoftPCA-F (alpha=1.00e-05, K=20/20)",1,period_0856,10.760000,-9.6489,5.3933,85.3828,75.6790,9.7038
"SoftPCA-F (alpha=1.00e-05, K=20/20)",1,period_0856,10.800000,-9.8922,4.1938,85.4653,75.6790,9.7862
"SoftPCA-F (alpha=1.00e-05, K=20/20)",1,period_0856,10.853333,-10.3130,7.0892,85.9559,75.6790,10.2769
"SoftPCA-F (alpha=1.00e-05, K=20/20)",1,period_0856,10.906667,-10.6695,4.2984,86.1025,75.6790,10.4235
"SoftPCA-F (alpha=1.00e-05, K=20/20)",1,period_0856,10.960000,-10.9773,5.6686,86.3560,75.6790,10.6770
"SoftPCA-F (alpha=1.00e-05, K=20/20)",1,period_0856,11.000000,-11.1425,6.7764,86.5979,75.6790,10.9188
"SoftPCA-F (alpha=1.00e-05, K=20/20)",1,period_0856,11.053333,-11.4557,5.3896,86.8183,75.6790,11.1393
"SoftPCA-F (alpha=1.00e-05, K=20/20)",1,period_0856,11.106667,-11.7101,5.4422,87.0088,75.6790,11.3298
"SoftPCA-F (alpha=1.00e-05, K=20/20)",1,period_0856,11.160000,-12.0357,5.8155,87.3435,75.6790,11.6645
"SoftPCA-F (alpha=1.00e-05, K=20/20)",1,period_0856,11.200000,-12.2251,6.6179,87.6472,75.6790,11.9682
"SoftPCA-F (alpha=1.00e-05, K=20/20)",1,period_0856,11.253333,-12.5536,5.1591,87.9875,75.6790,12.3085
"SoftPCA-F (alpha=1.00e-05, K=20/20)",1,period_0856,11.306667,-12.7179,8.0718,88.1605,75.6790,12.4815
"SoftPCA-F (alpha=1.00e-05, K=20/20)",1,period_0856,11.360000,-13.0161,6.1716,88.4177,75.6790,12.7387
"SoftPCA-F (alpha=1.00e-05, K=20/20)",1,period_0856,11.400000,-13.1979,5.3502,88.6254,75.6790,12.9464
"SoftPCA-F (alpha=1.00e-05, K=20/20)",1,period_0856,11.453333,-13.3889,6.5529,88.8213,75.6790,13.1423
"SoftPCA-F (alpha=1.00e-05, K=20/20)",1,period_0856,11.506667,-13.5718,5.2334,89.0992,75.6790,13.4202
"SoftPCA-F (alpha=1.00e-05, K=20/20)",1,period_0856,11.560000,-13.7769,6.5191,89.4095,75.6790,13.7305
"SoftPCA-F (alpha=1.00e-05, K=20/20)",1,period_0856,11.600000,-13.8220,8.0124,89.5982,75.6790,13.9192
"SoftPCA-F (alpha=1.00e-05, K=20/20)",1,period_0856,11.653333,-13.9650,5.5734,89.7017,75.6790,14.0227
"SoftPCA-F (alpha=1.00e-05, K=20/20)",1,period_0856,11.706667,-14.2423,5.7489,89.8773,75.6790,14.1983
"SoftPCA-F (alpha=1.00e-05, K=20/20)",1,period_0856,11.760000,-14.3934,5.2112,90.2084,75.6790,14.5294
"SoftPCA-F (alpha=1.00e-05, K=20/20)",1,period_0856,11.800000,-14.5723,5.3382,90.4231,75.6790,14.7441
"SoftPCA-F (alpha=1.00e-05, K=20/20)",1,period_0856,11.853333,-14.5691,5.1072,90.5965,75.6790,14.9174
"SoftPCA-F (alpha=1.00e-05, K=20/20)",1,period_0856,11.906667,-14.7758,4.9027,90.7793,75.6790,15.1003
"SoftPCA-F (alpha=1.00e-05, K=20/20)",1,period_0856,11.960000,-14.9683,5.0782,91.1017,75.6790,15.4226
"SoftPCA-F (alpha=1.00e-05, K=20/20)",1,period_0856,12.000000,-15.1217,5.2478,91.1692,75.6790,15.4902
"SoftPCA-F (alpha=1.00e-05, K=20/20)",1,period_0856,12.053333,-15.2378,5.4484,91.4080,75.6790,15.7290
"SoftPCA-F (alpha=1.00e-05, K=20/20)",1,period_0856,12.106667,-15.3303,6.0700,91.5526,75.6790,15.8735
"SoftPCA-F (alpha=1.00e-05, K=20/20)",1,period_0856,12.160000,-15.6236,5.2476,91.7443,75.6790,16.0652
"SoftPCA-F (alpha=1.00e-05, K=20/20)",1,period_0856,12.200000,-15.6185,5.1153,91.9641,75.6790,16.2851
"SoftPCA-F (alpha=1.00e-05, K=20/20)",1,period_0856,12.253333,-15.6358,6.6825,92.0059,75.6790,16.3269
"SoftPCA-F (alpha=1.00e-05, K=20/20)",1,period_0856,12.306667,-15.8165,5.4141,92.2368,75.6790,16.5577
"SoftPCA-F (alpha=1.00e-05, K=20/20)",1,period_0856,12.360000,-16.1273,5.2387,92.4527,75.6790,16.7737
"SoftPCA-F (alpha=1.00e-05, K=20/20)",1,period_0856,12.400000,-16.1771,4.1239,92.5062,75.6790,16.8271
"SoftPCA-F (alpha=1.00e-05, K=20/20)",1,period_0856,12.453333,-15.9785,5.1170,92.2789,75.6790,16.5999
"SoftPCA-F (alpha=1.00e-05, K=20/20)",1,period_0856,12.506667,-16.0299,6.4175,92.6489,75.6790,16.9699
"SoftPCA-F (alpha=1.00e-05, K=20/20)",1,period_0856,12.560000,-16.0382,5.5169,92.9099,75.6790,17.2309
"SoftPCA-F (alpha=1.00e-05, K=20/20)",1,period_0856,12.600000,-16.2995,5.6117,93.1709,75.6790,17.4919
"SoftPCA-F (alpha=1.00e-05, K=20/20)",1,period_0856,12.653333,-16.3989,4.4702,93.2110,75.6790,17.5319
"SoftPCA-F (alpha=1.00e-05, K=20/20)",1,period_0856,12.706667,-16.2266,4.3155,90.6921,75.6790,15.0130
"SoftPCA-F (alpha=1.00e-05, K=20/20)",1,period_0856,12.760000,-16.3477,5.7301,91.1774,75.6790,15.4984
"SoftPCA-F (alpha=1.00e-05, K=20/20)",1,period_0856,12.800000,-16.5381,6.1829,92.5475,75.6790,16.8684
"SoftPCA-F (alpha=1.00e-05, K=20/20)",1,period_0856,12.853333,-16.2901,4.6165,91.7618,75.6790,16.0828
"SoftPCA-F (alpha=1.00e-05, K=20/20)",1,period_0856,12.906667,-16.3694,4.5369,92.7162,75.6790,17.0372
"SoftPCA-F (alpha=1.00e-05, K=20/20)",1,period_0856,12.960000,-16.4875,5.6579,93.7127,75.6790,18.0337
"SoftPCA-F (alpha=1.00e-05, K=20/20)",1,period_0856,13.000000,-16.6300,4.7465,93.9412,75.6790,18.2621
"SoftPCA-F (alpha=1.00e-05, K=20/20)",1,period_0856,13.053333,-16.7414,6.3368,94.9539,75.6790,19.2749
"SoftPCA-F (alpha=1.00e-05, K=20/20)",1,period_0856,13.106667,-16.9987,5.8131,95.2692,75.6790,19.5902
"SoftPCA-F (alpha=1.00e-05, K=20/20)",1,period_0856,13.160000,-16.8749,4.0494,92.7559,75.6790,17.0768
"SoftPCA-F (alpha=1.00e-05, K=20/20)",1,period_0856,13.200000,-16.9948,4.7509,95.4351,75.6790,19.7561
"SoftPCA-F (alpha=1.00e-05, K=20/20)",1,period_0856,13.253333,-16.9051,5.9263,93.1350,75.6790,17.4560
"SoftPCA-F (alpha=1.00e-05, K=20/20)",1,period_0856,13.306667,-16.9584,5.5070,94.7991,75.6790,19.1201
"SoftPCA-F (alpha=1.00e-05, K=20/20)",1,period_0856,13.360000,-17.0954,5.8234,95.9169,75.6790,20.2378
"SoftPCA-F (alpha=1.00e-05, K=20/20)",1,period_0856,13.400000,-17.2138,3.8878,95.9534,75.6790,20.2744
"SoftPCA-F (alpha=1.00e-05, K=20/20)",1,period_0856,13.453333,-17.1984,5.4554,96.3880,75.6790,20.7090
"SoftPCA-F (alpha=1.00e-05, K=20/20)",1,period_0856,13.506667,-17.2060,4.8672,96.5010,75.6790,20.8219
"SoftPCA-F (alpha=1.00e-05, K=20/20)",1,period_0856,13.560000,-17.3184,5.4495,96.5656,75.6790,20.8865
"SoftPCA-F (alpha=1.00e-05, K=20/20)",1,period_0856,13.600000,-17.2348,3.9452,96.5594,75.6790,20.8804
"SoftPCA-F (alpha=1.00e-05, K=20/20)",1,period_0856,13.653333,-17.1402,4.8604,94.5243,75.6790,18.8453
"SoftPCA-F (alpha=1.00e-05, K=20/20)",1,period_0856,13.706667,-17.0696,4.8639,93.0380,75.6790,17.3590
"SoftPCA-F (alpha=1.00e-05, K=20/20)",1,period_0856,13.760000,-17.0677,5.2003,92.3440,75.6790,16.6650
"SoftPCA-F (alpha=1.00e-05, K=20/20)",1,period_0856,13.800000,-17.2347,5.2676,92.8994,75.6790,17.2204
"SoftPCA-F (alpha=1.00e-05, K=20/20)",1,period_0856,13.853333,-17.4432,5.7793,97.0286,75.6790,21.3495
"SoftPCA-F (alpha=1.00e-05, K=20/20)",1,period_0856,13.906667,-17.3134,4.6421,96.7554,75.6790,21.0764
"SoftPCA-F (alpha=1.00e-05, K=20/20)",1,period_0856,13.960000,-17.3304,5.9591,95.7724,75.6790,20.0934
"SoftPCA-F (alpha=1.00e-05, K=20/20)",1,period_0856,14.000000,-17.4687,6.1815,97.0052,75.6790,21.3261
"SoftPCA-F (alpha=1.00e-05, K=20/20)",1,period_0856,14.053333,-17.3899,6.2536,97.0235,75.6790,21.3445
"SoftPCA-F (alpha=1.00e-05, K=20/20)",1,period_0856,14.106667,-17.2196,5.6513,96.7421,75.6790,21.0630
"SoftPCA-F (alpha=1.00e-05, K=20/20)",1,period_0856,14.160000,-17.3263,5.4020,97.0409,75.6790,21.3619
"SoftPCA-F (alpha=1.00e-05, K=20/20)",1,period_0856,14.200000,-17.3109,5.0133,94.6184,75.6790,18.9394
"SoftPCA-F (alpha=1.00e-05, K=20/20)",1,period_0856,14.253333,-17.3538,5.7955,96.8934,75.6790,21.2144
"SoftPCA-F (alpha=1.00e-05, K=20/20)",1,period_0856,14.306667,-17.3490,5.6525,97.0893,75.6790,21.4103
"SoftPCA-F (alpha=1.00e-05, K=20/20)",1,period_0856,14.360000,-17.4734,5.8993,96.9745,75.6790,21.2955
"SoftPCA-F (alpha=1.00e-05, K=20/20)",1,period_0856,14.400000,-17.5008,5.7203,96.8978,75.6790,21.2187
"SoftPCA-F (alpha=1.00e-05, K=20/20)",1,period_0856,14.453333,-17.5574,6.2203,96.7092,75.6790,21.0302
"SoftPCA-F (alpha=1.00e-05, K=20/20)",1,period_0856,14.506667,-17.5531,4.7167,96.5124,75.6790,20.8333
"SoftPCA-F (alpha=1.00e-05, K=20/20)",1,period_0856,14.560000,-17.5889,5.6790,96.4214,75.6790,20.7424
"SoftPCA-F (alpha=1.00e-05, K=20/20)",1,period_0856,14.600000,-17.3708,7.0911,96.4352,75.6790,20.7561
"SoftPCA-F (alpha=1.00e-05, K=20/20)",1,period_0856,14.653333,-17.2840,5.4264,96.6083,75.6790,20.9293
"SoftPCA-F (alpha=1.00e-05, K=20/20)",1,period_0856,14.706667,-17.0918,7.3520,93.6486,75.6790,17.9696
"SoftPCA-F (alpha=1.00e-05, K=20/20)",1,period_0856,14.760000,-17.3478,5.2121,95.4567,75.6790,19.7776
"SoftPCA-F (alpha=1.00e-05, K=20/20)",1,period_0856,14.800000,-17.4400,5.1445,96.5357,75.6790,20.8567
"SoftPCA-F (alpha=1.00e-05, K=20/20)",1,period_0856,14.853333,-17.4165,8.0687,96.5207,75.6790,20.8417
"SoftPCA-F (alpha=1.00e-05, K=20/20)",1,period_0856,14.906667,-17.5490,3.4845,96.6556,75.6790,20.9766
"SoftPCA-F (alpha=1.00e-05, K=20/20)",1,period_0856,14.960000,-17.4742,6.1879,96.5943,75.6790,20.9153
"SoftPCA-F (alpha=1.00e-05, K=20/20)",1,period_0856,15.000000,-17.5200,5.9393,97.0877,75.6790,21.4087
"SoftPCA-F (alpha=1.00e-05, K=20/20)",1,period_0856,15.053333,-17.4449,4.4628,97.0259,75.6790,21.3469
"SoftPCA-F (alpha=1.00e-05, K=20/20)",1,period_0856,15.106667,-17.3910,5.7080,96.9658,75.6790,21.2867
"SoftPCA-F (alpha=1.00e-05, K=20/20)",1,period_0856,15.160000,-17.1462,4.1433,95.8816,75.6790,20.2026
"SoftPCA-F (alpha=1.00e-05, K=20/20)",1,period_0856,15.200000,-17.2573,8.1762,96.2981,75.6790,20.6191
"SoftPCA-F (alpha=1.00e-05, K=20/20)",1,period_0856,15.253333,-17.0214,4.0452,91.2543,75.6790,15.5752
"SoftPCA-F (alpha=1.00e-05, K=20/20)",1,period_0856,15.306667,-16.9689,6.4740,90.8324,75.6790,15.1534
"SoftPCA-F (alpha=1.00e-05, K=20/20)",1,period_0856,15.360000,-17.3109,5.0240,93.5434,75.6790,17.8644
"SoftPCA-F (alpha=1.00e-05, K=20/20)",1,period_0856,15.400000,-17.1674,5.5279,93.6262,75.6790,17.9472
"SoftPCA-F (alpha=1.00e-05, K=20/20)",1,period_0856,15.453333,-17.2212,4.9129,92.3066,75.6790,16.6276
"SoftPCA-F (alpha=1.00e-05, K=20/20)",1,period_0856,15.506667,-17.1823,5.3801,93.1523,75.6790,17.4733
"SoftPCA-F (alpha=1.00e-05, K=20/20)",1,period_0856,15.560000,-17.2886,5.7415,93.9766,75.6790,18.2976
"SoftPCA-F (alpha=1.00e-05, K=20/20)",1,period_0856,15.600000,-17.3464,5.8927,95.7959,75.6790,20.1168
"SoftPCA-F (alpha=1.00e-05, K=20/20)",1,period_0856,15.653333,-17.2318,6.6078,94.8089,75.6790,19.1299
"SoftPCA-F (alpha=1.00e-05, K=20/20)",1,period_0856,15.706667,-17.4135,5.9188,96.4394,75.6790,20.7604
"SoftPCA-F (alpha=1.00e-05, K=20/20)",1,period_0856,15.760000,-17.2924,5.8927,96.0115,75.6790,20.3325
"SoftPCA-F (alpha=1.00e-05, K=20/20)",1,period_0856,15.800000,-17.4709,4.2683,96.3385,75.6790,20.6595
"SoftPCA-F (alpha=1.00e-05, K=20/20)",1,period_0856,15.853333,-17.3006,5.5664,96.3833,75.6790,20.7043
"SoftPCA-F (alpha=1.00e-05, K=20/20)",1,period_0856,15.906667,-17.4460,6.5823,96.2613,75.6790,20.5822
"SoftPCA-F (alpha=1.00e-05, K=20/20)",1,period_0856,15.960000,-17.1200,5.6692,92.2509,75.6790,16.5718
"SoftPCA-F (alpha=1.00e-05, K=20/20)",1,period_0856,16.000000,-17.3598,4.8413,96.4705,75.6790,20.7915
"SoftPCA-F (alpha=1.00e-05, K=20/20)",1,period_0856,16.053333,-17.1718,6.4686,96.3124,75.6790,20.6334
"SoftPCA-F (alpha=1.00e-05, K=20/20)",1,period_0856,16.106667,-17.3176,4.7331,96.2434,75.6790,20.5643
"SoftPCA-F (alpha=1.00e-05, K=20/20)",1,period_0856,16.160000,-17.3515,6.3515,96.2865,75.6790,20.6075
"SoftPCA-F (alpha=1.00e-05, K=20/20)",1,period_0856,16.200000,-17.2793,6.3171,96.3231,75.6790,20.6440
"SoftPCA-F (alpha=1.00e-05, K=20/20)",1,period_0856,16.253333,-17.1097,6.0128,96.2470,75.6790,20.5680
"SoftPCA-F (alpha=1.00e-05, K=20/20)",1,period_0856,16.306667,-17.1246,5.2998,96.1857,75.6790,20.5067
"SoftPCA-F (alpha=1.00e-05, K=20/20)",1,period_0856,16.360000,-17.3071,5.7028,96.0330,75.6790,20.3539
"SoftPCA-F (alpha=1.00e-05, K=20/20)",1,period_0856,16.400000,-17.1999,5.6998,95.9284,75.6790,20.2494
"SoftPCA-F (alpha=1.00e-05, K=20/20)",1,period_0856,16.453333,-16.9096,4.9085,93.8997,75.6790,18.2206
"SoftPCA-F (alpha=1.00e-05, K=20/20)",1,period_0856,16.506667,-16.6185,4.0634,92.1277,75.6790,16.4487
"SoftPCA-F (alpha=1.00e-05, K=20/20)",1,period_0856,16.560000,-16.8411,6.3008,91.8652,75.6790,16.1862
"SoftPCA-F (alpha=1.00e-05, K=20/20)",1,period_0856,16.600000,-16.8550,6.2426,91.4683,75.6790,15.7893
"SoftPCA-F (alpha=1.00e-05, K=20/20)",1,period_0856,16.653333,-16.7679,5.7401,91.1676,75.6790,15.4886
"SoftPCA-F (alpha=1.00e-05, K=20/20)",1,period_0856,16.706667,-16.9148,4.8676,92.2422,75.6790,16.5632
"SoftPCA-F (alpha=1.00e-05, K=20/20)",1,period_0856,16.760000,-17.1279,5.5274,95.3577,75.6790,19.6786
"SoftPCA-F (alpha=1.00e-05, K=20/20)",1,period_0856,16.800000,-17.1298,4.2037,95.2948,75.6790,19.6158
"SoftPCA-F (alpha=1.00e-05, K=20/20)",1,period_0856,16.853333,-17.1574,6.1464,95.3385,75.6790,19.6595
"SoftPCA-F (alpha=1.00e-05, K=20/20)",1,period_0856,16.906667,-17.0908,6.5432,95.3346,75.6790,19.6556
"SoftPCA-F (alpha=1.00e-05, K=20/20)",1,period_0856,16.960000,-17.0131,4.9707,95.4118,75.6790,19.7327
"SoftPCA-F (alpha=1.00e-05, K=20/20)",1,period_0856,17.000000,-17.0250,6.2742,95.5223,75.6790,19.8432
"SoftPCA-F (alpha=1.00e-05, K=20/20)",1,period_0856,17.053333,-17.0298,5.7489,95.5259,75.6790,19.8468
"SoftPCA-F (alpha=1.00e-05, K=20/20)",1,period_0856,17.106667,-16.7914,6.0170,95.6713,75.6790,19.9923
"SoftPCA-F (alpha=1.00e-05, K=20/20)",1,period_0856,17.160000,-16.8638,4.4618,95.8173,75.6790,20.1382
"SoftPCA-F (alpha=1.00e-05, K=20/20)",1,period_0856,17.200000,-16.8945,5.5367,94.9818,75.6790,19.3028
"SoftPCA-F (alpha=1.00e-05, K=20/20)",1,period_0856,17.253333,-16.8429,6.0828,93.5885,75.6790,17.9095
"SoftPCA-F (alpha=1.00e-05, K=20/20)",1,period_0856,17.306667,-17.0892,6.5979,95.4919,75.6790,19.8128
"SoftPCA-F (alpha=1.00e-05, K=20/20)",1,period_0856,17.360000,-17.1006,5.3613,94.2740,75.6790,18.5949
"SoftPCA-F (alpha=1.00e-05, K=20/20)",1,period_0856,17.400000,-17.1130,5.3754,95.9582,75.6790,20.2791
"SoftPCA-F (alpha=1.00e-05, K=20/20)",1,period_0856,17.453333,-17.2091,5.6748,95.7640,75.6790,20.0850
"SoftPCA-F (alpha=1.00e-05, K=20/20)",1,period_0856,17.506667,-17.1898,4.8529,95.6104,75.6790,19.9314
"SoftPCA-F (alpha=1.00e-05, K=20/20)",1,period_0856,17.560000,-17.1650,5.6025,95.5407,75.6790,19.8616
"SoftPCA-F (alpha=1.00e-05, K=20/20)",1,period_0856,17.600000,-17.1324,5.4179,95.6605,75.6790,19.9815
"SoftPCA-F (alpha=1.00e-05, K=20/20)",1,period_0856,17.653333,-17.2179,5.7196,95.7899,75.6790,20.1109
"SoftPCA-F (alpha=1.00e-05, K=20/20)",1,period_0856,17.706667,-17.2402,6.5020,95.9228,75.6790,20.2438
"SoftPCA-F (alpha=1.00e-05, K=20/20)",1,period_0856,17.760000,-17.3961,5.7506,95.9511,75.6790,20.2721
"SoftPCA-F (alpha=1.00e-05, K=20/20)",1,period_0856,17.800000,-17.3488,4.6784,95.9273,75.6790,20.2482
"SoftPCA-F (alpha=1.00e-05, K=20/20)",1,period_0856,17.853333,-17.2378,4.3009,96.0381,75.6790,20.3591
"SoftPCA-F (alpha=1.00e-05, K=20/20)",1,period_0856,17.906667,-17.2444,4.9243,96.0398,75.6790,20.3608
"SoftPCA-F (alpha=1.00e-05, K=20/20)",1,period_0856,17.960000,-17.2686,6.2254,96.1508,75.6790,20.4717
"SoftPCA-F (alpha=1.00e-05, K=20/20)",1,period_0856,18.000000,-17.2545,4.4263,96.1757,75.6790,20.4967
"SoftPCA-F (alpha=1.00e-05, K=20/20)",1,period_0856,18.053333,-17.1840,6.0414,96.3141,75.6790,20.6351
"SoftPCA-F (alpha=1.00e-05, K=20/20)",1,period_0856,18.106667,-17.1216,5.2194,95.3323,75.6790,19.6533
"SoftPCA-F (alpha=1.00e-05, K=20/20)",1,period_0856,18.160000,-16.9452,4.1751,95.9307,75.6790,20.2517
"SoftPCA-F (alpha=1.00e-05, K=20/20)",1,period_0856,18.200000,-17.1077,5.2003,95.5906,75.6790,19.9115
"SoftPCA-F (alpha=1.00e-05, K=20/20)",1,period_0856,18.253333,-16.9191,5.4939,95.7541,75.6790,20.0751
"SoftPCA-F (alpha=1.00e-05, K=20/20)",1,period_0856,18.306667,-16.6792,5.8404,91.1279,75.6790,15.4489
"SoftPCA-F (alpha=1.00e-05, K=20/20)",1,period_0856,18.360000,-17.0762,4.8256,95.8777,75.6790,20.1986
"SoftPCA-F (alpha=1.00e-05, K=20/20)",1,period_0856,18.400000,-17.0402,5.2891,95.9579,75.6790,20.2788
"SoftPCA-F (alpha=1.00e-05, K=20/20)",1,period_0856,18.453333,-17.0841,6.0899,95.9246,75.6790,20.2456
"SoftPCA-F (alpha=1.00e-05, K=20/20)",1,period_0856,18.506667,-17.0020,5.3003,94.8442,75.6790,19.1652
"SoftPCA-F (alpha=1.00e-05, K=20/20)",1,period_0856,18.560000,-16.9009,5.9886,94.5338,75.6790,18.8548
"SoftPCA-F (alpha=1.00e-05, K=20/20)",1,period_0856,18.600000,-16.5960,6.9669,94.2736,75.6790,18.5946
"SoftPCA-F (alpha=1.00e-05, K=20/20)",1,period_0856,18.653333,-16.7398,3.6814,95.3512,75.6790,19.6722
"SoftPCA-F (alpha=1.00e-05, K=20/20)",1,period_0856,18.706667,-16.8752,5.4912,95.0027,75.6790,19.3237
"SoftPCA-F (alpha=1.00e-05, K=20/20)",1,period_0856,18.760000,-17.0994,4.2140,95.6625,75.6790,19.9835
"SoftPCA-F (alpha=1.00e-05, K=20/20)",1,period_0856,18.800000,-17.2711,6.4374,95.6944,75.6790,20.0153
"SoftPCA-F (alpha=1.00e-05, K=20/20)",1,period_0856,18.853333,-17.0243,6.0464,94.6407,75.6790,18.9617
"SoftPCA-F (alpha=1.00e-05, K=20/20)",1,period_0856,18.906667,-17.0829,4.5994,95.7041,75.6790,20.0251
"SoftPCA-F (alpha=1.00e-05, K=20/20)",1,period_0856,18.960000,-16.7638,5.1952,93.1491,75.6790,17.4701
"SoftPCA-F (alpha=1.00e-05, K=20/20)",1,period_0856,19.000000,-16.8640,6.3230,95.5818,75.6790,19.9028
"SoftPCA-F (alpha=1.00e-05, K=20/20)",1,period_0856,19.053333,-16.7814,4.8735,95.1214,75.6790,19.4424
"SoftPCA-F (alpha=1.00e-05, K=20/20)",1,period_0856,19.106667,-16.7660,6.1505,94.0768,75.6790,18.3978
"SoftPCA-F (alpha=1.00e-05, K=20/20)",1,period_0856,19.160000,-16.9780,5.0704,95.7125,75.6790,20.0335
"SoftPCA-F (alpha=1.00e-05, K=20/20)",1,period_0856,19.200000,-16.9617,7.5658,95.6662,75.6790,19.9872
"SoftPCA-F (alpha=1.00e-05, K=20/20)",1,period_0856,19.253333,-16.8961,5.3535,95.5311,75.6790,19.8520
"SoftPCA-F (alpha=1.00e-05, K=20/20)",1,period_0856,19.306667,-17.0600,4.9826,95.2453,75.6790,19.5663
"SoftPCA-F (alpha=1.00e-05, K=20/20)",1,period_0856,19.360000,-17.0909,6.9696,95.3087,75.6790,19.6297
"SoftPCA-F (alpha=1.00e-05, K=20/20)",1,period_0856,19.400000,-16.9501,4.9540,95.3414,75.6790,19.6624
"SoftPCA-F (alpha=1.00e-05, K=20/20)",1,period_0856,19.453333,-16.8902,5.8870,95.6085,75.6790,19.9295
"SoftPCA-F (alpha=1.00e-05, K=20/20)",1,period_0856,19.506667,-16.9709,4.9715,95.5130,75.6790,19.8340
"SoftPCA-F (alpha=1.00e-05, K=20/20)",1,period_0856,19.560000,-16.9998,3.6759,95.5185,75.6790,19.8395
"SoftPCA-F (alpha=1.00e-05, K=20/20)",1,period_0856,19.600000,-16.9940,7.0365,95.4545,75.6790,19.7755
"SoftPCA-F (alpha=1.00e-05, K=20/20)",1,period_0856,19.653333,-16.9392,4.6287,95.4130,75.6790,19.7340
"SoftPCA-F (alpha=1.00e-05, K=20/20)",1,period_0856,19.706667,-16.9164,5.9157,95.4518,75.6790,19.7728
"SoftPCA-F (alpha=1.00e-05, K=20/20)",1,period_0856,19.760000,-16.8813,4.9822,95.3855,75.6790,19.7065
"SoftPCA-F (alpha=1.00e-05, K=20/20)",1,period_0856,19.800000,-16.8644,6.5940,95.2978,75.6790,19.6188
"SoftPCA-F (alpha=1.00e-05, K=20/20)",1,period_0856,19.853333,-16.9885,5.1996,95.2195,75.6790,19.5405
"SoftPCA-F (alpha=1.00e-05, K=20/20)",1,period_0856,19.906667,-16.9539,6.7116,95.1320,75.6790,19.4530
"SoftPCA-F (alpha=1.00e-05, K=20/20)",1,period_0856,19.960000,-16.9234,5.4294,95.1603,75.6790,19.4813
"SoftPCA-F (alpha=1.00e-05, K=20/20)",1,period_0856,20.000000,-16.9506,7.3985,95.2414,75.6790,19.5623
"SoftPCA-F (alpha=1.00e-05, K=20/20)",2,period_0916,20.013333,-3.4820,-6.9103,77.0285,76.8005,0.2280
"SoftPCA-F (alpha=1.00e-05, K=20/20)",2,period_0916,20.053333,-4.2769,-2.4698,78.4838,76.8005,1.6833
"SoftPCA-F (alpha=1.00e-05, K=20/20)",2,period_0916,20.106667,-5.0907,-0.2954,79.4336,76.8005,2.6332
"SoftPCA-F (alpha=1.00e-05, K=20/20)",2,period_0916,20.160000,-5.8773,0.8540,80.0486,76.8005,3.2482
"SoftPCA-F (alpha=1.00e-05, K=20/20)",2,period_0916,20.200000,-6.4251,0.9087,81.8926,76.8005,5.0921
"SoftPCA-F (alpha=1.00e-05, K=20/20)",2,period_0916,20.253333,-7.1803,1.9097,84.0556,76.8005,7.2551
"SoftPCA-F (alpha=1.00e-05, K=20/20)",2,period_0916,20.306667,-7.7807,1.8422,85.1612,76.8005,8.3607
"SoftPCA-F (alpha=1.00e-05, K=20/20)",2,period_0916,20.360000,-8.3487,2.7073,85.5410,76.8005,8.7405
"SoftPCA-F (alpha=1.00e-05, K=20/20)",2,period_0916,20.400000,-8.8048,2.2905,85.9769,76.8005,9.1764
"SoftPCA-F (alpha=1.00e-05, K=20/20)",2,period_0916,20.453333,-9.3719,2.5285,86.5668,76.8005,9.7663
"SoftPCA-F (alpha=1.00e-05, K=20/20)",2,period_0916,20.506667,-9.8856,2.3899,86.9310,76.8005,10.1305
"SoftPCA-F (alpha=1.00e-05, K=20/20)",2,period_0916,20.560000,-10.4326,2.8798,87.7790,76.8005,10.9785
"SoftPCA-F (alpha=1.00e-05, K=20/20)",2,period_0916,20.600000,-10.7818,2.4307,88.2696,76.8005,11.4691
"SoftPCA-F (alpha=1.00e-05, K=20/20)",2,period_0916,20.653333,-11.2830,3.1448,88.4132,76.8005,11.6127
"SoftPCA-F (alpha=1.00e-05, K=20/20)",2,period_0916,20.706667,-11.6456,2.7531,88.5301,76.8005,11.7296
"SoftPCA-F (alpha=1.00e-05, K=20/20)",2,period_0916,20.760000,-12.0430,3.3371,88.6575,76.8005,11.8570
"SoftPCA-F (alpha=1.00e-05, K=20/20)",2,period_0916,20.800000,-12.3680,2.6219,88.9619,76.8005,12.1614
"SoftPCA-F (alpha=1.00e-05, K=20/20)",2,period_0916,20.853333,-12.6779,3.0161,89.1014,76.8005,12.3010
"SoftPCA-F (alpha=1.00e-05, K=20/20)",2,period_0916,20.906667,-13.1200,2.7812,89.4123,76.8005,12.6118
"SoftPCA-F (alpha=1.00e-05, K=20/20)",2,period_0916,20.960000,-13.2286,3.0627,89.8096,76.8005,13.0091
"SoftPCA-F (alpha=1.00e-05, K=20/20)",2,period_0916,21.000000,-13.5916,3.7470,90.0449,76.8005,13.2444
"SoftPCA-F (alpha=1.00e-05, K=20/20)",2,period_0916,21.053333,-13.8541,2.6773,90.1919,76.8005,13.3914
"SoftPCA-F (alpha=1.00e-05, K=20/20)",2,period_0916,21.106667,-14.2773,2.9719,90.4242,76.8005,13.6237
"SoftPCA-F (alpha=1.00e-05, K=20/20)",2,period_0916,21.160000,-14.5993,4.3406,90.8090,76.8005,14.0085
"SoftPCA-F (alpha=1.00e-05, K=20/20)",2,period_0916,21.200000,-14.7407,3.7243,90.9300,76.8005,14.1295
"SoftPCA-F (alpha=1.00e-05, K=20/20)",2,period_0916,21.253333,-14.9657,4.1117,91.1950,76.8005,14.3945
"SoftPCA-F (alpha=1.00e-05, K=20/20)",2,period_0916,21.306667,-15.1157,4.1843,90.5282,76.8005,13.7278
"SoftPCA-F (alpha=1.00e-05, K=20/20)",2,period_0916,21.360000,-15.3611,2.6651,88.9797,76.8005,12.1792
"SoftPCA-F (alpha=1.00e-05, K=20/20)",2,period_0916,21.400000,-15.9020,3.0952,91.7498,76.8005,14.9493
"SoftPCA-F (alpha=1.00e-05, K=20/20)",2,period_0916,21.453333,-16.1187,2.6033,91.8580,76.8005,15.0575
"SoftPCA-F (alpha=1.00e-05, K=20/20)",2,period_0916,21.506667,-16.0498,2.2970,91.9252,76.8005,15.1247
"SoftPCA-F (alpha=1.00e-05, K=20/20)",2,period_0916,21.560000,-16.2290,2.8855,92.1921,76.8005,15.3916
"SoftPCA-F (alpha=1.00e-05, K=20/20)",2,period_0916,21.600000,-16.4670,3.0703,92.3499,76.8005,15.5494
"SoftPCA-F (alpha=1.00e-05, K=20/20)",2,period_0916,21.653333,-16.6794,3.5242,92.4471,76.8005,15.6466
"SoftPCA-F (alpha=1.00e-05, K=20/20)",2,period_0916,21.706667,-16.6188,2.3188,92.6174,76.8005,15.8169
"SoftPCA-F (alpha=1.00e-05, K=20/20)",2,period_0916,21.760000,-16.9287,2.7734,92.7808,76.8005,15.9803
"SoftPCA-F (alpha=1.00e-05, K=20/20)",2,period_0916,21.800000,-17.0323,2.4110,93.0050,76.8005,16.2045
"SoftPCA-F (alpha=1.00e-05, K=20/20)",2,period_0916,21.853333,-17.1766,3.1802,93.0809,76.8005,16.2804
"SoftPCA-F (alpha=1.00e-05, K=20/20)",2,period_0916,21.906667,-16.6973,2.2182,91.5911,76.8005,14.7906
"SoftPCA-F (alpha=1.00e-05, K=20/20)",2,period_0916,21.960000,-16.8693,2.3169,90.9039,76.8005,14.1034
"SoftPCA-F (alpha=1.00e-05, K=20/20)",2,period_0916,22.000000,-17.4320,3.4344,93.5010,76.8005,16.7005
"SoftPCA-F (alpha=1.00e-05, K=20/20)",2,period_0916,22.053333,-17.4815,2.0817,93.7321,76.8005,16.9316
"SoftPCA-F (alpha=1.00e-05, K=20/20)",2,period_0916,22.106667,-18.0479,3.6825,93.8109,76.8005,17.0104
"SoftPCA-F (alpha=1.00e-05, K=20/20)",2,period_0916,22.160000,-17.9157,2.3304,92.6988,76.8005,15.8983
"SoftPCA-F (alpha=1.00e-05, K=20/20)",2,period_0916,22.200000,-17.8353,3.6408,90.9087,76.8005,14.1082
"SoftPCA-F (alpha=1.00e-05, K=20/20)",2,period_0916,22.253333,-17.7215,2.8082,92.4345,76.8005,15.6340
"SoftPCA-F (alpha=1.00e-05, K=20/20)",2,period_0916,22.306667,-17.8542,2.6438,91.8249,76.8005,15.0244
"SoftPCA-F (alpha=1.00e-05, K=20/20)",2,period_0916,22.360000,-17.6748,2.3192,90.0691,76.8005,13.2686
"SoftPCA-F (alpha=1.00e-05, K=20/20)",2,period_0916,22.400000,-17.9938,3.3555,91.5289,76.8005,14.7284
"SoftPCA-F (alpha=1.00e-05, K=20/20)",2,period_0916,22.453333,-18.2925,3.3681,93.8492,76.8005,17.0487
"SoftPCA-F (alpha=1.00e-05, K=20/20)",2,period_0916,22.506667,-18.6355,3.2679,95.5765,76.8005,18.7760
"SoftPCA-F (alpha=1.00e-05, K=20/20)",2,period_0916,22.560000,-18.4587,2.8185,95.8452,76.8005,19.0447
"SoftPCA-F (alpha=1.00e-05, K=20/20)",2,period_0916,22.600000,-18.6065,2.6608,96.0757,76.8005,19.2752
"SoftPCA-F (alpha=1.00e-05, K=20/20)",2,period_0916,22.653333,-18.6673,3.3416,96.2317,76.8005,19.4312
"SoftPCA-F (alpha=1.00e-05, K=20/20)",2,period_0916,22.706667,-19.0120,3.1532,96.3112,76.8005,19.5107
"SoftPCA-F (alpha=1.00e-05, K=20/20)",2,period_0916,22.760000,-19.1734,3.0677,96.4854,76.8005,19.6849
"SoftPCA-F (alpha=1.00e-05, K=20/20)",2,period_0916,22.800000,-19.0907,4.2591,96.5629,76.8005,19.7624
"SoftPCA-F (alpha=1.00e-05, K=20/20)",2,period_0916,22.853333,-19.2995,3.7016,96.7026,76.8005,19.9021
"SoftPCA-F (alpha=1.00e-05, K=20/20)",2,period_0916,22.906667,-19.2303,3.4920,96.6390,76.8005,19.8385
"SoftPCA-F (alpha=1.00e-05, K=20/20)",2,period_0916,22.960000,-19.1503,2.8002,96.8360,76.8005,20.0355
"SoftPCA-F (alpha=1.00e-05, K=20/20)",2,period_0916,23.000000,-19.3256,3.8866,96.8188,76.8005,20.0183
"SoftPCA-F (alpha=1.00e-05, K=20/20)",2,period_0916,23.053333,-19.3072,3.3434,97.0341,76.8005,20.2336
"SoftPCA-F (alpha=1.00e-05, K=20/20)",2,period_0916,23.106667,-19.2636,2.6030,97.2985,76.8005,20.4980
"SoftPCA-F (alpha=1.00e-05, K=20/20)",2,period_0916,23.160000,-19.0786,4.5351,97.4685,76.8005,20.6680
"SoftPCA-F (alpha=1.00e-05, K=20/20)",2,period_0916,23.200000,-19.2276,2.5252,97.5345,76.8005,20.7340
"SoftPCA-F (alpha=1.00e-05, K=20/20)",2,period_0916,23.253333,-19.3227,3.1562,97.6790,76.8005,20.8785
"SoftPCA-F (alpha=1.00e-05, K=20/20)",2,period_0916,23.306667,-19.3836,4.2685,97.7764,76.8005,20.9759
"SoftPCA-F (alpha=1.00e-05, K=20/20)",2,period_0916,23.360000,-19.4717,3.8526,97.7497,76.8005,20.9492
"SoftPCA-F (alpha=1.00e-05, K=20/20)",2,period_0916,23.400000,-18.6721,3.9883,97.6771,76.8005,20.8766
"SoftPCA-F (alpha=1.00e-05, K=20/20)",2,period_0916,23.453333,-18.6905,3.3931,97.6474,76.8005,20.8469
"SoftPCA-F (alpha=1.00e-05, K=20/20)",2,period_0916,23.506667,-19.3487,2.5282,97.5889,76.8005,20.7884
"SoftPCA-F (alpha=1.00e-05, K=20/20)",2,period_0916,23.560000,-19.1911,2.8249,97.5461,76.8005,20.7456
"SoftPCA-F (alpha=1.00e-05, K=20/20)",2,period_0916,23.600000,-19.4182,4.0639,97.5199,76.8005,20.7194
"SoftPCA-F (alpha=1.00e-05, K=20/20)",2,period_0916,23.653333,-19.4011,3.2390,97.4965,76.8005,20.6960
"SoftPCA-F (alpha=1.00e-05, K=20/20)",2,period_0916,23.706667,-18.9432,3.9615,94.1521,76.8005,17.3516
"SoftPCA-F (alpha=1.00e-05, K=20/20)",2,period_0916,23.760000,-18.3965,2.6673,90.4084,76.8005,13.6079
"SoftPCA-F (alpha=1.00e-05, K=20/20)",2,period_0916,23.800000,-18.7031,2.2708,90.1997,76.8005,13.3992
"SoftPCA-F (alpha=1.00e-05, K=20/20)",2,period_0916,23.853333,-18.6924,4.0819,91.6759,76.8005,14.8754
"SoftPCA-F (alpha=1.00e-05, K=20/20)",2,period_0916,23.906667,-19.2977,3.0257,94.8704,76.8005,18.0699
"SoftPCA-F (alpha=1.00e-05, K=20/20)",2,period_0916,23.960000,-19.4595,2.6882,96.8033,76.8005,20.0028
"SoftPCA-F (alpha=1.00e-05, K=20/20)",2,period_0916,24.000000,-19.4766,2.6266,96.5324,76.8005,19.7319
"SoftPCA-F (alpha=1.00e-05, K=20/20)",2,period_0916,24.053333,-19.5264,3.9575,95.9344,76.8005,19.1339
"SoftPCA-F (alpha=1.00e-05, K=20/20)",2,period_0916,24.106667,-19.6197,3.8062,97.1875,76.8005,20.3870
"SoftPCA-F (alpha=1.00e-05, K=20/20)",2,period_0916,24.160000,-19.9773,3.3744,97.1369,76.8005,20.3364
"SoftPCA-F (alpha=1.00e-05, K=20/20)",2,period_0916,24.200000,-19.9656,2.9228,97.1080,76.8005,20.3075
"SoftPCA-F (alpha=1.00e-05, K=20/20)",2,period_0916,24.253333,-19.9245,2.6125,97.0878,76.8005,20.2873
"SoftPCA-F (alpha=1.00e-05, K=20/20)",2,period_0916,24.306667,-19.8558,2.5562,97.0725,76.8005,20.2720
"SoftPCA-F (alpha=1.00e-05, K=20/20)",2,period_0916,24.360000,-19.8376,3.7679,97.0496,76.8005,20.2491
"SoftPCA-F (alpha=1.00e-05, K=20/20)",2,period_0916,24.400000,-19.5771,2.8648,97.0619,76.8005,20.2614
"SoftPCA-F (alpha=1.00e-05, K=20/20)",2,period_0916,24.453333,-19.5745,2.4810,97.0594,76.8005,20.2589
"SoftPCA-F (alpha=1.00e-05, K=20/20)",2,period_0916,24.506667,-19.6908,3.3421,97.0267,76.8005,20.2262
"SoftPCA-F (alpha=1.00e-05, K=20/20)",2,period_0916,24.560000,-19.4394,2.1171,92.8179,76.8005,16.0174
"SoftPCA-F (alpha=1.00e-05, K=20/20)",2,period_0916,24.600000,-19.1166,2.2753,89.8814,76.8005,13.0809
"SoftPCA-F (alpha=1.00e-05, K=20/20)",2,period_0916,24.653333,-19.1148,2.5837,91.5517,76.8005,14.7512
"SoftPCA-F (alpha=1.00e-05, K=20/20)",2,period_0916,24.706667,-19.6583,3.1506,96.4464,76.8005,19.6459
"SoftPCA-F (alpha=1.00e-05, K=20/20)",2,period_0916,24.760000,-19.3282,3.9842,94.7462,76.8005,17.9457
"SoftPCA-F (alpha=1.00e-05, K=20/20)",2,period_0916,24.800000,-19.1127,2.6822,93.7323,76.8005,16.9318
"SoftPCA-F (alpha=1.00e-05, K=20/20)",2,period_0916,24.853333,-19.3470,3.8509,94.4512,76.8005,17.6507
"SoftPCA-F (alpha=1.00e-05, K=20/20)",2,period_0916,24.906667,-19.7016,2.4456,94.7472,76.8005,17.9467
"SoftPCA-F (alpha=1.00e-05, K=20/20)",2,period_0916,24.960000,-19.6860,2.5886,94.2952,76.8005,17.4947
"SoftPCA-F (alpha=1.00e-05, K=20/20)",2,period_0916,25.000000,-19.9207,3.4085,96.7582,76.8005,19.9577
"SoftPCA-F (alpha=1.00e-05, K=20/20)",2,period_0916,25.053333,-20.1078,2.9391,96.7519,76.8005,19.9514
"SoftPCA-F (alpha=1.00e-05, K=20/20)",2,period_0916,25.106667,-19.6502,3.1427,96.7305,76.8005,19.9300
"SoftPCA-F (alpha=1.00e-05, K=20/20)",2,period_0916,25.160000,-19.8006,3.4308,96.7076,76.8005,19.9071
"SoftPCA-F (alpha=1.00e-05, K=20/20)",2,period_0916,25.200000,-19.7433,3.1080,95.0947,76.8005,18.2942
"SoftPCA-F (alpha=1.00e-05, K=20/20)",2,period_0916,25.253333,-19.7995,3.1970,96.7039,76.8005,19.9034
"SoftPCA-F (alpha=1.00e-05, K=20/20)",2,period_0916,25.306667,-19.7897,3.6842,96.0275,76.8005,19.2270
"SoftPCA-F (alpha=1.00e-05, K=20/20)",2,period_0916,25.360000,-19.8268,2.9286,96.6779,76.8005,19.8774
"SoftPCA-F (alpha=1.00e-05, K=20/20)",2,period_0916,25.400000,-19.7169,3.4709,96.6984,76.8005,19.8979
"SoftPCA-F (alpha=1.00e-05, K=20/20)",2,period_0916,25.453333,-19.8495,3.7534,96.7165,76.8005,19.9160
"SoftPCA-F (alpha=1.00e-05, K=20/20)",2,period_0916,25.506667,-20.0373,2.0110,96.6837,76.8005,19.8832
"SoftPCA-F (alpha=1.00e-05, K=20/20)",2,period_0916,25.560000,-20.0557,3.4220,96.7067,76.8005,19.9062
"SoftPCA-F (alpha=1.00e-05, K=20/20)",2,period_0916,25.600000,-20.0007,2.6514,96.6998,76.8005,19.8993
"SoftPCA-F (alpha=1.00e-05, K=20/20)",2,period_0916,25.653333,-19.8894,3.4721,96.7059,76.8005,19.9054
"SoftPCA-F (alpha=1.00e-05, K=20/20)",2,period_0916,25.706667,-19.8185,3.2821,96.6866,76.8005,19.8861
"SoftPCA-F (alpha=1.00e-05, K=20/20)",2,period_0916,25.760000,-19.5446,2.5067,96.6516,76.8005,19.8511
"SoftPCA-F (alpha=1.00e-05, K=20/20)",2,period_0916,25.800000,-19.5392,3.4102,96.6610,76.8005,19.8605
"SoftPCA-F (alpha=1.00e-05, K=20/20)",2,period_0916,25.853333,-19.8490,2.6542,96.6349,76.8005,19.8344
"SoftPCA-F (alpha=1.00e-05, K=20/20)",2,period_0916,25.906667,-19.7085,3.8818,96.6141,76.8005,19.8136
"SoftPCA-F (alpha=1.00e-05, K=20/20)",2,period_0916,25.960000,-19.4623,2.7780,96.5970,76.8005,19.7965
"SoftPCA-F (alpha=1.00e-05, K=20/20)",2,period_0916,26.000000,-19.6598,2.6225,96.6149,76.8005,19.8144
"SoftPCA-F (alpha=1.00e-05, K=20/20)",2,period_0916,26.053333,-19.7151,3.2048,96.6073,76.8005,19.8068
"SoftPCA-F (alpha=1.00e-05, K=20/20)",2,period_0916,26.106667,-19.8585,2.5425,96.5885,76.8005,19.7880
"SoftPCA-F (alpha=1.00e-05, K=20/20)",2,period_0916,26.160000,-19.7572,2.6634,96.6112,76.8005,19.8107
"SoftPCA-F (alpha=1.00e-05, K=20/20)",2,period_0916,26.200000,-19.8605,3.4690,96.6263,76.8005,19.8258
"SoftPCA-F (alpha=1.00e-05, K=20/20)",2,period_0916,26.253333,-19.6905,3.4019,96.6303,76.8005,19.8298
"SoftPCA-F (alpha=1.00e-05, K=20/20)",2,period_0916,26.306667,-20.0864,3.2964,96.6105,76.8005,19.8100
"SoftPCA-F (alpha=1.00e-05, K=20/20)",2,period_0916,26.360000,-19.9208,2.9793,96.5959,76.8005,19.7954
"SoftPCA-F (alpha=1.00e-05, K=20/20)",2,period_0916,26.400000,-19.3324,4.0815,96.5556,76.8005,19.7551
"SoftPCA-F (alpha=1.00e-05, K=20/20)",2,period_0916,26.453333,-19.6739,2.9825,96.5544,76.8005,19.7539
"SoftPCA-F (alpha=1.00e-05, K=20/20)",2,period_0916,26.506667,-19.5897,2.7962,96.5564,76.8005,19.7559
"SoftPCA-F (alpha=1.00e-05, K=20/20)",2,period_0916,26.560000,-19.9200,2.8740,96.5457,76.8005,19.7452
"SoftPCA-F (alpha=1.00e-05, K=20/20)",2,period_0916,26.600000,-20.0584,3.7016,96.5272,76.8005,19.7267
"SoftPCA-F (alpha=1.00e-05, K=20/20)",2,period_0916,26.653333,-19.9775,3.3625,96.5265,76.8005,19.7260
"SoftPCA-F (alpha=1.00e-05, K=20/20)",2,period_0916,26.706667,-19.5874,2.8946,96.5034,76.8005,19.7029
"SoftPCA-F (alpha=1.00e-05, K=20/20)",2,period_0916,26.760000,-19.4657,2.9363,96.5315,76.8005,19.7311
"SoftPCA-F (alpha=1.00e-05, K=20/20)",2,period_0916,26.800000,-19.5981,4.0439,96.5166,76.8005,19.7161
"SoftPCA-F (alpha=1.00e-05, K=20/20)",2,period_0916,26.853333,-19.6104,2.6372,96.5118,76.8005,19.7113
"SoftPCA-F (alpha=1.00e-05, K=20/20)",2,period_0916,26.906667,-19.7542,3.2999,96.5359,76.8005,19.7354
"SoftPCA-F (alpha=1.00e-05, K=20/20)",2,period_0916,26.960000,-19.4673,2.2459,96.5368,76.8005,19.7364
"SoftPCA-F (alpha=1.00e-05, K=20/20)",2,period_0916,27.000000,-19.6356,4.4726,96.5352,76.8005,19.7347
"SoftPCA-F (alpha=1.00e-05, K=20/20)",2,period_0916,27.053333,-19.8787,2.6718,96.4584,76.8005,19.6579
"SoftPCA-F (alpha=1.00e-05, K=20/20)",2,period_0916,27.106667,-19.6192,3.9764,96.1323,76.8005,19.3318
"SoftPCA-F (alpha=1.00e-05, K=20/20)",2,period_0916,27.160000,-19.2184,4.2032,92.4340,76.8005,15.6335
"SoftPCA-F (alpha=1.00e-05, K=20/20)",2,period_0916,27.200000,-19.3398,2.2802,92.8886,76.8005,16.0881
"SoftPCA-F (alpha=1.00e-05, K=20/20)",2,period_0916,27.253333,-19.5434,3.0757,94.0199,76.8005,17.2194
"SoftPCA-F (alpha=1.00e-05, K=20/20)",2,period_0916,27.306667,-19.8493,2.5472,96.4281,76.8005,19.6276
"SoftPCA-F (alpha=1.00e-05, K=20/20)",2,period_0916,27.360000,-19.8172,3.1836,96.4413,76.8005,19.6408
"SoftPCA-F (alpha=1.00e-05, K=20/20)",2,period_0916,27.400000,-19.4939,3.6330,96.4465,76.8005,19.6460
"SoftPCA-F (alpha=1.00e-05, K=20/20)",2,period_0916,27.453333,-19.3414,2.8822,96.4187,76.8005,19.6182
"SoftPCA-F (alpha=1.00e-05, K=20/20)",2,period_0916,27.506667,-19.6176,2.8775,96.4205,76.8005,19.6200
"SoftPCA-F (alpha=1.00e-05, K=20/20)",2,period_0916,27.560000,-19.5520,4.0769,94.5163,76.8005,17.7158
"SoftPCA-F (alpha=1.00e-05, K=20/20)",2,period_0916,27.600000,-19.5775,3.2134,93.9534,76.8005,17.1529
"SoftPCA-F (alpha=1.00e-05, K=20/20)",2,period_0916,27.653333,-19.8981,4.1487,96.4267,76.8005,19.6262
"SoftPCA-F (alpha=1.00e-05, K=20/20)",2,period_0916,27.706667,-19.6678,2.9176,93.4850,76.8005,16.6845
"SoftPCA-F (alpha=1.00e-05, K=20/20)",2,period_0916,27.760000,-19.5020,2.6899,93.5454,76.8005,16.7450
"SoftPCA-F (alpha=1.00e-05, K=20/20)",2,period_0916,27.800000,-19.4986,3.3637,92.3294,76.8005,15.5289
"SoftPCA-F (alpha=1.00e-05, K=20/20)",2,period_0916,27.853333,-19.5390,2.7274,91.5345,76.8005,14.7340
"SoftPCA-F (alpha=1.00e-05, K=20/20)",2,period_0916,27.906667,-19.5359,2.8396,91.1607,76.8005,14.3603
"SoftPCA-F (alpha=1.00e-05, K=20/20)",2,period_0916,27.960000,-19.2071,3.6712,90.9111,76.8005,14.1106
"SoftPCA-F (alpha=1.00e-05, K=20/20)",2,period_0916,28.000000,-18.9332,3.9869,91.6755,76.8005,14.8750
"SoftPCA-F (alpha=1.00e-05, K=20/20)",2,period_0916,28.053333,-19.0264,3.4167,92.9260,76.8005,16.1255
"SoftPCA-F (alpha=1.00e-05, K=20/20)",2,period_0916,28.106667,-19.4954,3.5412,94.5940,76.8005,17.7935
"SoftPCA-F (alpha=1.00e-05, K=20/20)",2,period_0916,28.160000,-19.4714,3.2085,94.2570,76.8005,17.4565
"SoftPCA-F (alpha=1.00e-05, K=20/20)",2,period_0916,28.200000,-19.6718,3.6957,96.4306,76.8005,19.6301
"SoftPCA-F (alpha=1.00e-05, K=20/20)",2,period_0916,28.253333,-19.6285,3.5240,96.4252,76.8005,19.6247
"SoftPCA-F (alpha=1.00e-05, K=20/20)",2,period_0916,28.306667,-19.9040,2.4599,96.4207,76.8005,19.6202
"SoftPCA-F (alpha=1.00e-05, K=20/20)",2,period_0916,28.360000,-19.9790,3.0679,96.4352,76.8005,19.6347
"SoftPCA-F (alpha=1.00e-05, K=20/20)",2,period_0916,28.400000,-20.0517,3.4167,96.4313,76.8005,19.6308
"SoftPCA-F (alpha=1.00e-05, K=20/20)",2,period_0916,28.453333,-19.8603,4.1848,96.4308,76.8005,19.6303
"SoftPCA-F (alpha=1.00e-05, K=20/20)",2,period_0916,28.506667,-19.6018,4.2900,96.4594,76.8005,19.6589
"SoftPCA-F (alpha=1.00e-05, K=20/20)",2,period_0916,28.560000,-19.9334,3.0433,96.4477,76.8005,19.6472
"SoftPCA-F (alpha=1.00e-05, K=20/20)",2,period_0916,28.600000,-19.7959,2.9705,96.3923,76.8005,19.5918
"SoftPCA-F (alpha=1.00e-05, K=20/20)",2,period_0916,28.653333,-19.0652,4.2368,96.3809,76.8005,19.5804
"SoftPCA-F (alpha=1.00e-05, K=20/20)",2,period_0916,28.706667,-18.4628,2.3533,89.2046,76.8005,12.4041
"SoftPCA-F (alpha=1.00e-05, K=20/20)",2,period_0916,28.760000,-19.1214,3.5796,92.5500,76.8005,15.7495
"SoftPCA-F (alpha=1.00e-05, K=20/20)",2,period_0916,28.800000,-19.2701,1.5103,92.7891,76.8005,15.9886
"SoftPCA-F (alpha=1.00e-05, K=20/20)",2,period_0916,28.853333,-19.2623,4.6201,93.4120,76.8005,16.6115
"SoftPCA-F (alpha=1.00e-05, K=20/20)",2,period_0916,28.906667,-19.6216,2.0165,96.3829,76.8005,19.5825
"SoftPCA-F (alpha=1.00e-05, K=20/20)",2,period_0916,28.960000,-19.2293,2.9776,91.4688,76.8005,14.6683
"SoftPCA-F (alpha=1.00e-05, K=20/20)",2,period_0916,29.000000,-19.5970,5.4135,93.4317,76.8005,16.6312
"SoftPCA-F (alpha=1.00e-05, K=20/20)",2,period_0916,29.053333,-19.5133,2.8936,92.4128,76.8005,15.6123
"SoftPCA-F (alpha=1.00e-05, K=20/20)",2,period_0916,29.106667,-19.3905,2.6999,94.1376,76.8005,17.3371
"SoftPCA-F (alpha=1.00e-05, K=20/20)",2,period_0916,29.160000,-19.5701,2.2214,96.3107,76.8005,19.5102
"SoftPCA-F (alpha=1.00e-05, K=20/20)",2,period_0916,29.200000,-19.4849,4.5266,96.1010,76.8005,19.3005
"SoftPCA-F (alpha=1.00e-05, K=20/20)",2,period_0916,29.253333,-19.5370,2.8061,94.8534,76.8005,18.0529
"SoftPCA-F (alpha=1.00e-05, K=20/20)",2,period_0916,29.306667,-18.3979,2.5344,88.5583,76.8005,11.7578
"SoftPCA-F (alpha=1.00e-05, K=20/20)",2,period_0916,29.360000,-18.8132,3.4792,88.7990,76.8005,11.9986
"SoftPCA-F (alpha=1.00e-05, K=20/20)",2,period_0916,29.400000,-19.0808,3.4912,90.0044,76.8005,13.2039
"SoftPCA-F (alpha=1.00e-05, K=20/20)",2,period_0916,29.453333,-19.1243,2.5694,89.8092,76.8005,13.0088
"SoftPCA-F (alpha=1.00e-05, K=20/20)",2,period_0916,29.506667,-19.4835,3.4909,93.0122,76.8005,16.2117
"SoftPCA-F (alpha=1.00e-05, K=20/20)",2,period_0916,29.560000,-19.6261,2.8884,94.2152,76.8005,17.4147
"SoftPCA-F (alpha=1.00e-05, K=20/20)",2,period_0916,29.600000,-19.5830,2.7159,93.1476,76.8005,16.3471
"SoftPCA-F (alpha=1.00e-05, K=20/20)",2,period_0916,29.653333,-19.6433,3.4302,94.3020,76.8005,17.5016
"SoftPCA-F (alpha=1.00e-05, K=20/20)",2,period_0916,29.706667,-19.4132,4.0673,91.7474,76.8005,14.9469
"SoftPCA-F (alpha=1.00e-05, K=20/20)",2,period_0916,29.760000,-19.6835,2.8447,93.4592,76.8005,16.6587
"SoftPCA-F (alpha=1.00e-05, K=20/20)",2,period_0916,29.800000,-19.6182,3.0892,94.2273,76.8005,17.4268
"SoftPCA-F (alpha=1.00e-05, K=20/20)",2,period_0916,29.853333,-19.5560,3.7424,94.5016,76.8005,17.7011
"SoftPCA-F (alpha=1.00e-05, K=20/20)",2,period_0916,29.906667,-19.6695,3.5581,94.7721,76.8005,17.9716
"SoftPCA-F (alpha=1.00e-05, K=20/20)",2,period_0916,29.960000,-19.8185,2.9962,94.9248,76.8005,18.1243
"SoftPCA-F (alpha=1.00e-05, K=20/20)",2,period_0916,30.000000,-19.8739,3.3520,96.2826,76.8005,19.4822
"SoftPCA-F (alpha=1.00e-05, K=20/20)",3,period_0943,30.013333,-3.9806,-0.3423,70.2679,67.9790,2.2889
"SoftPCA-F (alpha=1.00e-05, K=20/20)",3,period_0943,30.053333,-4.3432,3.3327,70.4325,67.9790,2.4534
"SoftPCA-F (alpha=1.00e-05, K=20/20)",3,period_0943,30.106667,-4.8672,2.5668,70.7232,67.9790,2.7442
"SoftPCA-F (alpha=1.00e-05, K=20/20)",3,period_0943,30.160000,-5.3716,2.8833,70.9683,67.9790,2.9893
"SoftPCA-F (alpha=1.00e-05, K=20/20)",3,period_0943,30.200000,-5.6743,4.6525,71.1062,67.9790,3.1271
"SoftPCA-F (alpha=1.00e-05, K=20/20)",3,period_0943,30.253333,-6.1626,3.4279,71.5186,67.9790,3.5396
"SoftPCA-F (alpha=1.00e-05, K=20/20)",3,period_0943,30.306667,-6.6405,4.2130,71.8088,67.9790,3.8297
"SoftPCA-F (alpha=1.00e-05, K=20/20)",3,period_0943,30.360000,-7.1200,5.2404,72.2981,67.9790,4.3191
"SoftPCA-F (alpha=1.00e-05, K=20/20)",3,period_0943,30.400000,-7.3779,5.3373,72.4679,67.9790,4.4888
"SoftPCA-F (alpha=1.00e-05, K=20/20)",3,period_0943,30.453333,-7.7550,4.7960,72.6361,67.9790,4.6570
"SoftPCA-F (alpha=1.00e-05, K=20/20)",3,period_0943,30.506667,-8.1508,4.7729,72.8976,67.9790,4.9185
"SoftPCA-F (alpha=1.00e-05, K=20/20)",3,period_0943,30.560000,-8.5163,5.4251,73.1848,67.9790,5.2058
"SoftPCA-F (alpha=1.00e-05, K=20/20)",3,period_0943,30.600000,-8.7545,5.0513,73.3444,67.9790,5.3654
"SoftPCA-F (alpha=1.00e-05, K=20/20)",3,period_0943,30.653333,-9.0794,4.6126,73.6796,67.9790,5.7006
"SoftPCA-F (alpha=1.00e-05, K=20/20)",3,period_0943,30.706667,-9.4117,3.3850,73.8609,67.9790,5.8818
"SoftPCA-F (alpha=1.00e-05, K=20/20)",3,period_0943,30.760000,-9.6951,4.9181,74.0600,67.9790,6.0810
"SoftPCA-F (alpha=1.00e-05, K=20/20)",3,period_0943,30.800000,-9.9567,3.2596,74.2345,67.9790,6.2554
"SoftPCA-F (alpha=1.00e-05, K=20/20)",3,period_0943,30.853333,-10.2528,4.9480,74.4030,67.9790,6.4239
"SoftPCA-F (alpha=1.00e-05, K=20/20)",3,period_0943,30.906667,-10.6286,3.7652,74.8161,67.9790,6.8370
"SoftPCA-F (alpha=1.00e-05, K=20/20)",3,period_0943,30.960000,-10.9747,4.9246,75.1936,67.9790,7.2146
"SoftPCA-F (alpha=1.00e-05, K=20/20)",3,period_0943,31.000000,-11.2578,6.0966,75.4872,67.9790,7.5082
"SoftPCA-F (alpha=1.00e-05, K=20/20)",3,period_0943,31.053333,-11.5432,4.8829,75.7975,67.9790,7.8184
"SoftPCA-F (alpha=1.00e-05, K=20/20)",3,period_0943,31.106667,-11.7926,4.7819,76.0454,67.9790,8.0663
"SoftPCA-F (alpha=1.00e-05, K=20/20)",3,period_0943,31.160000,-12.0284,4.2084,76.1667,67.9790,8.1876
"SoftPCA-F (alpha=1.00e-05, K=20/20)",3,period_0943,31.200000,-12.1879,5.5932,76.3860,67.9790,8.4069
"SoftPCA-F (alpha=1.00e-05, K=20/20)",3,period_0943,31.253333,-12.3692,4.4501,76.5289,67.9790,8.5499
"SoftPCA-F (alpha=1.00e-05, K=20/20)",3,period_0943,31.306667,-12.5630,5.1097,76.7085,67.9790,8.7294
"SoftPCA-F (alpha=1.00e-05, K=20/20)",3,period_0943,31.360000,-12.7562,4.4981,76.9088,67.9790,8.9298
"SoftPCA-F (alpha=1.00e-05, K=20/20)",3,period_0943,31.400000,-12.9129,7.3098,77.0230,67.9790,9.0440
"SoftPCA-F (alpha=1.00e-05, K=20/20)",3,period_0943,31.453333,-13.1492,4.0561,77.2541,67.9790,9.2750
"SoftPCA-F (alpha=1.00e-05, K=20/20)",3,period_0943,31.506667,-13.3265,5.2504,77.4443,67.9790,9.4653
"SoftPCA-F (alpha=1.00e-05, K=20/20)",3,period_0943,31.560000,-13.5528,6.1094,77.6863,67.9790,9.7073
"SoftPCA-F (alpha=1.00e-05, K=20/20)",3,period_0943,31.600000,-13.6992,4.9173,77.8289,67.9790,9.8498
"SoftPCA-F (alpha=1.00e-05, K=20/20)",3,period_0943,31.653333,-13.9102,5.1040,78.0136,67.9790,10.0345
"SoftPCA-F (alpha=1.00e-05, K=20/20)",3,period_0943,31.706667,-14.0650,5.6864,78.0892,67.9790,10.1102
"SoftPCA-F (alpha=1.00e-05, K=20/20)",3,period_0943,31.760000,-14.2346,6.0561,78.1713,67.9790,10.1922
"SoftPCA-F (alpha=1.00e-05, K=20/20)",3,period_0943,31.800000,-14.3472,5.8846,78.3209,67.9790,10.3418
"SoftPCA-F (alpha=1.00e-05, K=20/20)",3,period_0943,31.853333,-14.5459,5.8774,78.5703,67.9790,10.5913
"SoftPCA-F (alpha=1.00e-05, K=20/20)",3,period_0943,31.906667,-14.7693,4.9996,78.8862,67.9790,10.9071
"SoftPCA-F (alpha=1.00e-05, K=20/20)",3,period_0943,31.960000,-15.0342,4.7609,79.0376,67.9790,11.0585
"SoftPCA-F (alpha=1.00e-05, K=20/20)",3,period_0943,32.000000,-15.1447,5.7925,79.1339,67.9790,11.1549
"SoftPCA-F (alpha=1.00e-05, K=20/20)",3,period_0943,32.053333,-15.2651,5.6396,79.3304,67.9790,11.3513
"SoftPCA-F (alpha=1.00e-05, K=20/20)",3,period_0943,32.106667,-15.4406,3.7950,79.5146,67.9790,11.5356
"SoftPCA-F (alpha=1.00e-05, K=20/20)",3,period_0943,32.160000,-15.6454,5.0615,79.7696,67.9790,11.7906
"SoftPCA-F (alpha=1.00e-05, K=20/20)",3,period_0943,32.200000,-15.7989,6.1361,80.0247,67.9790,12.0456
"SoftPCA-F (alpha=1.00e-05, K=20/20)",3,period_0943,32.253333,-15.9714,5.6389,80.2198,67.9790,12.2407
"SoftPCA-F (alpha=1.00e-05, K=20/20)",3,period_0943,32.306667,-16.1172,5.6423,80.4196,67.9790,12.4405
"SoftPCA-F (alpha=1.00e-05, K=20/20)",3,period_0943,32.360000,-16.2754,3.7147,80.5762,67.9790,12.5971
"SoftPCA-F (alpha=1.00e-05, K=20/20)",3,period_0943,32.400000,-16.4691,6.1350,80.7492,67.9790,12.7701
"SoftPCA-F (alpha=1.00e-05, K=20/20)",3,period_0943,32.453333,-16.6082,5.1229,80.8807,67.9790,12.9017
"SoftPCA-F (alpha=1.00e-05, K=20/20)",3,period_0943,32.506667,-16.7438,4.4186,81.1133,67.9790,13.1343
"SoftPCA-F (alpha=1.00e-05, K=20/20)",3,period_0943,32.560000,-16.8953,3.4604,81.5828,67.9790,13.6037
"SoftPCA-F (alpha=1.00e-05, K=20/20)",3,period_0943,32.600000,-16.9178,6.1541,81.6918,67.9790,13.7127
"SoftPCA-F (alpha=1.00e-05, K=20/20)",3,period_0943,32.653333,-17.0468,4.8322,81.9386,67.9790,13.9596
"SoftPCA-F (alpha=1.00e-05, K=20/20)",3,period_0943,32.706667,-17.1258,6.1598,82.0395,67.9790,14.0605
"SoftPCA-F (alpha=1.00e-05, K=20/20)",3,period_0943,32.760000,-17.2408,4.3657,82.1639,67.9790,14.1848
"SoftPCA-F (alpha=1.00e-05, K=20/20)",3,period_0943,32.800000,-17.2940,3.7551,82.2841,67.9790,14.3050
"SoftPCA-F (alpha=1.00e-05, K=20/20)",3,period_0943,32.853333,-17.3982,4.8176,82.4415,67.9790,14.4624
"SoftPCA-F (alpha=1.00e-05, K=20/20)",3,period_0943,32.906667,-17.4817,5.1862,82.5527,67.9790,14.5737
"SoftPCA-F (alpha=1.00e-05, K=20/20)",3,period_0943,32.960000,-17.5781,6.0630,82.7670,67.9790,14.7879
"SoftPCA-F (alpha=1.00e-05, K=20/20)",3,period_0943,33.000000,-17.6510,5.1250,82.9475,67.9790,14.9685
"SoftPCA-F (alpha=1.00e-05, K=20/20)",3,period_0943,33.053333,-17.6901,5.1877,83.0958,67.9790,15.1167
"SoftPCA-F (alpha=1.00e-05, K=20/20)",3,period_0943,33.106667,-17.8133,5.5002,83.4576,67.9790,15.4785
"SoftPCA-F (alpha=1.00e-05, K=20/20)",3,period_0943,33.160000,-17.8793,3.9492,83.5729,67.9790,15.5939
"SoftPCA-F (alpha=1.00e-05, K=20/20)",3,period_0943,33.200000,-17.9339,4.5340,83.7342,67.9790,15.7551
"SoftPCA-F (alpha=1.00e-05, K=20/20)",3,period_0943,33.253333,-18.0122,4.6585,83.8749,67.9790,15.8959
"SoftPCA-F (alpha=1.00e-05, K=20/20)",3,period_0943,33.306667,-18.0969,5.8262,84.1056,67.9790,16.1266
"SoftPCA-F (alpha=1.00e-05, K=20/20)",3,period_0943,33.360000,-18.1951,4.9795,84.3043,67.9790,16.3252
"SoftPCA-F (alpha=1.00e-05, K=20/20)",3,period_0943,33.400000,-18.2270,5.4219,84.5906,67.9790,16.6116
"SoftPCA-F (alpha=1.00e-05, K=20/20)",3,period_0943,33.453333,-18.2963,5.2733,84.6914,67.9790,16.7124
"SoftPCA-F (alpha=1.00e-05, K=20/20)",3,period_0943,33.506667,-18.2846,5.1186,84.9849,67.9790,17.0058
"SoftPCA-F (alpha=1.00e-05, K=20/20)",3,period_0943,33.560000,-18.3423,5.9869,85.3384,67.9790,17.3593
"SoftPCA-F (alpha=1.00e-05, K=20/20)",3,period_0943,33.600000,-18.3201,4.9244,85.4239,67.9790,17.4448
"SoftPCA-F (alpha=1.00e-05, K=20/20)",3,period_0943,33.653333,-18.3508,5.0187,85.4697,67.9790,17.4906
"SoftPCA-F (alpha=1.00e-05, K=20/20)",3,period_0943,33.706667,-18.4508,4.6598,85.6124,67.9790,17.6334
"SoftPCA-F (alpha=1.00e-05, K=20/20)",3,period_0943,33.760000,-18.5131,4.3748,85.6980,67.9790,17.7190
"SoftPCA-F (alpha=1.00e-05, K=20/20)",3,period_0943,33.800000,-18.5285,5.0476,85.7976,67.9790,17.8186
"SoftPCA-F (alpha=1.00e-05, K=20/20)",3,period_0943,33.853333,-18.5608,5.2638,85.9799,67.9790,18.0009
"SoftPCA-F (alpha=1.00e-05, K=20/20)",3,period_0943,33.906667,-18.6493,4.1390,86.1023,67.9790,18.1233
"SoftPCA-F (alpha=1.00e-05, K=20/20)",3,period_0943,33.960000,-18.6486,5.3137,86.3125,67.9790,18.3334
"SoftPCA-F (alpha=1.00e-05, K=20/20)",3,period_0943,34.000000,-18.6278,5.5818,86.4564,67.9790,18.4773
"SoftPCA-F (alpha=1.00e-05, K=20/20)",3,period_0943,34.053333,-18.6221,5.2550,86.5301,67.9790,18.5510
"SoftPCA-F (alpha=1.00e-05, K=20/20)",3,period_0943,34.106667,-18.6789,3.5020,86.7591,67.9790,18.7801
"SoftPCA-F (alpha=1.00e-05, K=20/20)",3,period_0943,34.160000,-18.7304,5.2281,86.8812,67.9790,18.9022
"SoftPCA-F (alpha=1.00e-05, K=20/20)",3,period_0943,34.200000,-18.7794,4.9445,86.9451,67.9790,18.9661
"SoftPCA-F (alpha=1.00e-05, K=20/20)",3,period_0943,34.253333,-18.8264,5.4909,87.1634,67.9790,19.1843
"SoftPCA-F (alpha=1.00e-05, K=20/20)",3,period_0943,34.306667,-18.8661,4.5560,87.2721,67.9790,19.2931
"SoftPCA-F (alpha=1.00e-05, K=20/20)",3,period_0943,34.360000,-18.8102,5.3493,87.3860,67.9790,19.4070
"SoftPCA-F (alpha=1.00e-05, K=20/20)",3,period_0943,34.400000,-18.7672,3.9761,87.4744,67.9790,19.4953
"SoftPCA-F (alpha=1.00e-05, K=20/20)",3,period_0943,34.453333,-18.8436,4.8514,87.6210,67.9790,19.6420
"SoftPCA-F (alpha=1.00e-05, K=20/20)",3,period_0943,34.506667,-18.7849,4.1559,87.8045,67.9790,19.8254
"SoftPCA-F (alpha=1.00e-05, K=20/20)",3,period_0943,34.560000,-18.7888,5.3438,88.0321,67.9790,20.0530
"SoftPCA-F (alpha=1.00e-05, K=20/20)",3,period_0943,34.600000,-18.8281,5.3033,88.1459,67.9790,20.1668
"SoftPCA-F (alpha=1.00e-05, K=20/20)",3,period_0943,34.653333,-18.8559,5.8226,88.1520,67.9790,20.1730
"SoftPCA-F (alpha=1.00e-05, K=20/20)",3,period_0943,34.706667,-18.8562,5.9268,88.2896,67.9790,20.3106
"SoftPCA-F (alpha=1.00e-05, K=20/20)",3,period_0943,34.760000,-18.8715,4.1549,88.4060,67.9790,20.4269
"SoftPCA-F (alpha=1.00e-05, K=20/20)",3,period_0943,34.800000,-18.8788,4.1987,88.3763,67.9790,20.3973
"SoftPCA-F (alpha=1.00e-05, K=20/20)",3,period_0943,34.853333,-18.8030,5.7774,88.3535,67.9790,20.3744
"SoftPCA-F (alpha=1.00e-05, K=20/20)",3,period_0943,34.906667,-18.8145,5.2719,88.3156,67.9790,20.3365
"SoftPCA-F (alpha=1.00e-05, K=20/20)",3,period_0943,34.960000,-18.8249,4.6621,88.2907,67.9790,20.3117
"SoftPCA-F (alpha=1.00e-05, K=20/20)",3,period_0943,35.000000,-18.7945,5.4556,88.2452,67.9790,20.2662
"SoftPCA-F (alpha=1.00e-05, K=20/20)",3,period_0943,35.053333,-18.7612,4.9439,88.2255,67.9790,20.2465
"SoftPCA-F (alpha=1.00e-05, K=20/20)",3,period_0943,35.106667,-18.8052,5.3749,88.2017,67.9790,20.2226
"SoftPCA-F (alpha=1.00e-05, K=20/20)",3,period_0943,35.160000,-18.7592,5.5621,88.1797,67.9790,20.2007
"SoftPCA-F (alpha=1.00e-05, K=20/20)",3,period_0943,35.200000,-18.7622,4.6717,88.1675,67.9790,20.1884
"SoftPCA-F (alpha=1.00e-05, K=20/20)",3,period_0943,35.253333,-18.7658,5.8967,88.1366,67.9790,20.1576
"SoftPCA-F (alpha=1.00e-05, K=20/20)",3,period_0943,35.306667,-18.7403,5.3483,88.1153,67.9790,20.1363
"SoftPCA-F (alpha=1.00e-05, K=20/20)",3,period_0943,35.360000,-18.7698,5.4522,88.0837,67.9790,20.1047
"SoftPCA-F (alpha=1.00e-05, K=20/20)",3,period_0943,35.400000,-18.7721,4.4938,88.0585,67.9790,20.0794
"SoftPCA-F (alpha=1.00e-05, K=20/20)",3,period_0943,35.453333,-18.7322,4.4144,88.0187,67.9790,20.0396
"SoftPCA-F (alpha=1.00e-05, K=20/20)",3,period_0943,35.506667,-18.7488,5.2094,87.9964,67.9790,20.0174
"SoftPCA-F (alpha=1.00e-05, K=20/20)",3,period_0943,35.560000,-18.7485,4.4180,87.9665,67.9790,19.9875
"SoftPCA-F (alpha=1.00e-05, K=20/20)",3,period_0943,35.600000,-18.7346,5.0596,87.9259,67.9790,19.9468
"SoftPCA-F (alpha=1.00e-05, K=20/20)",3,period_0943,35.653333,-18.6558,5.6620,87.8887,67.9790,19.9097
"SoftPCA-F (alpha=1.00e-05, K=20/20)",3,period_0943,35.706667,-18.6757,4.8021,87.8709,67.9790,19.8919
"SoftPCA-F (alpha=1.00e-05, K=20/20)",3,period_0943,35.760000,-18.6690,5.0022,87.8548,67.9790,19.8757
"SoftPCA-F (alpha=1.00e-05, K=20/20)",3,period_0943,35.800000,-18.6612,5.1559,87.8421,67.9790,19.8630
"SoftPCA-F (alpha=1.00e-05, K=20/20)",3,period_0943,35.853333,-18.5552,4.4258,87.8290,67.9790,19.8500
"SoftPCA-F (alpha=1.00e-05, K=20/20)",3,period_0943,35.906667,-18.5927,5.4521,87.8069,67.9790,19.8279
"SoftPCA-F (alpha=1.00e-05, K=20/20)",3,period_0943,35.960000,-18.5995,6.4291,87.7650,67.9790,19.7860
"SoftPCA-F (alpha=1.00e-05, K=20/20)",3,period_0943,36.000000,-18.6206,5.7629,87.7501,67.9790,19.7710
"SoftPCA-F (alpha=1.00e-05, K=20/20)",3,period_0943,36.053333,-18.5825,4.5790,87.7376,67.9790,19.7585
"SoftPCA-F (alpha=1.00e-05, K=20/20)",3,period_0943,36.106667,-18.5725,4.4899,87.6984,67.9790,19.7194
"SoftPCA-F (alpha=1.00e-05, K=20/20)",3,period_0943,36.160000,-18.5055,5.8359,87.6764,67.9790,19.6973
"SoftPCA-F (alpha=1.00e-05, K=20/20)",3,period_0943,36.200000,-18.5093,4.5687,87.6745,67.9790,19.6955
"SoftPCA-F (alpha=1.00e-05, K=20/20)",3,period_0943,36.253333,-18.5132,6.0181,87.6477,67.9790,19.6686
"SoftPCA-F (alpha=1.00e-05, K=20/20)",3,period_0943,36.306667,-18.5265,4.6232,87.6322,67.9790,19.6532
"SoftPCA-F (alpha=1.00e-05, K=20/20)",3,period_0943,36.360000,-18.5216,2.5999,87.6208,67.9790,19.6418
"SoftPCA-F (alpha=1.00e-05, K=20/20)",3,period_0943,36.400000,-18.5115,5.5625,87.6057,67.9790,19.6267
"SoftPCA-F (alpha=1.00e-05, K=20/20)",3,period_0943,36.453333,-18.4549,4.7159,87.5914,67.9790,19.6123
"SoftPCA-F (alpha=1.00e-05, K=20/20)",3,period_0943,36.506667,-18.3573,4.5027,87.5783,67.9790,19.5993
"SoftPCA-F (alpha=1.00e-05, K=20/20)",3,period_0943,36.560000,-18.3464,4.7608,87.5716,67.9790,19.5926
"SoftPCA-F (alpha=1.00e-05, K=20/20)",3,period_0943,36.600000,-18.3973,4.6621,87.5526,67.9790,19.5735
"SoftPCA-F (alpha=1.00e-05, K=20/20)",3,period_0943,36.653333,-18.4717,3.4839,87.5144,67.9790,19.5353
"SoftPCA-F (alpha=1.00e-05, K=20/20)",3,period_0943,36.706667,-18.4554,5.3297,87.4941,67.9790,19.5151
"SoftPCA-F (alpha=1.00e-05, K=20/20)",3,period_0943,36.760000,-18.4736,4.8162,87.4552,67.9790,19.4762
"SoftPCA-F (alpha=1.00e-05, K=20/20)",3,period_0943,36.800000,-18.3878,4.6719,87.4343,67.9790,19.4552
"SoftPCA-F (alpha=1.00e-05, K=20/20)",3,period_0943,36.853333,-18.4139,4.8579,87.4157,67.9790,19.4366
"SoftPCA-F (alpha=1.00e-05, K=20/20)",3,period_0943,36.906667,-18.3587,6.0542,87.3936,67.9790,19.4146
"SoftPCA-F (alpha=1.00e-05, K=20/20)",3,period_0943,36.960000,-18.3946,4.8759,87.3909,67.9790,19.4119
"SoftPCA-F (alpha=1.00e-05, K=20/20)",3,period_0943,37.000000,-18.3692,5.7416,87.3796,67.9790,19.4005
"SoftPCA-F (alpha=1.00e-05, K=20/20)",3,period_0943,37.053333,-18.3802,4.9124,87.3710,67.9790,19.3919
"SoftPCA-F (alpha=1.00e-05, K=20/20)",3,period_0943,37.106667,-18.3244,5.3075,87.3489,67.9790,19.3699
"SoftPCA-F (alpha=1.00e-05, K=20/20)",3,period_0943,37.160000,-18.3337,4.7703,87.3248,67.9790,19.3458
"SoftPCA-F (alpha=1.00e-05, K=20/20)",3,period_0943,37.200000,-18.3304,5.0097,87.3104,67.9790,19.3314
"SoftPCA-F (alpha=1.00e-05, K=20/20)",3,period_0943,37.253333,-18.3020,4.0162,87.3112,67.9790,19.3321
"SoftPCA-F (alpha=1.00e-05, K=20/20)",3,period_0943,37.306667,-18.2868,5.9988,87.2860,67.9790,19.3070
"SoftPCA-F (alpha=1.00e-05, K=20/20)",3,period_0943,37.360000,-18.2952,4.8612,87.2753,67.9790,19.2963
"SoftPCA-F (alpha=1.00e-05, K=20/20)",3,period_0943,37.400000,-18.2750,4.8640,87.2688,67.9790,19.2897
"SoftPCA-F (alpha=1.00e-05, K=20/20)",3,period_0943,37.453333,-18.2081,5.0375,87.2562,67.9790,19.2772
"SoftPCA-F (alpha=1.00e-05, K=20/20)",3,period_0943,37.506667,-18.2117,4.1631,87.2351,67.9790,19.2561
"SoftPCA-F (alpha=1.00e-05, K=20/20)",3,period_0943,37.560000,-18.2294,4.1705,87.2123,67.9790,19.2332
"SoftPCA-F (alpha=1.00e-05, K=20/20)",3,period_0943,37.600000,-18.2110,4.4885,87.2072,67.9790,19.2281
"SoftPCA-F (alpha=1.00e-05, K=20/20)",3,period_0943,37.653333,-18.1698,5.0353,87.2052,67.9790,19.2262
"SoftPCA-F (alpha=1.00e-05, K=20/20)",3,period_0943,37.706667,-18.1661,4.6772,87.1876,67.9790,19.2085
"SoftPCA-F (alpha=1.00e-05, K=20/20)",3,period_0943,37.760000,-18.1808,3.8382,87.1602,67.9790,19.1811
"SoftPCA-F (alpha=1.00e-05, K=20/20)",3,period_0943,37.800000,-18.1755,5.0781,87.1549,67.9790,19.1759
"SoftPCA-F (alpha=1.00e-05, K=20/20)",3,period_0943,37.853333,-18.1953,3.8953,87.1528,67.9790,19.1737
"SoftPCA-F (alpha=1.00e-05, K=20/20)",3,period_0943,37.906667,-18.2154,5.1677,87.1333,67.9790,19.1543
"SoftPCA-F (alpha=1.00e-05, K=20/20)",3,period_0943,37.960000,-18.1998,5.7249,87.1188,67.9790,19.1397
"SoftPCA-F (alpha=1.00e-05, K=20/20)",3,period_0943,38.000000,-18.1872,3.4359,87.1113,67.9790,19.1323
"SoftPCA-F (alpha=1.00e-05, K=20/20)",3,period_0943,38.053333,-18.1687,4.8243,87.0985,67.9790,19.1194
"SoftPCA-F (alpha=1.00e-05, K=20/20)",3,period_0943,38.106667,-18.1621,5.1241,87.0762,67.9790,19.0971
"SoftPCA-F (alpha=1.00e-05, K=20/20)",3,period_0943,38.160000,-18.1198,4.1531,87.0530,67.9790,19.0740
"SoftPCA-F (alpha=1.00e-05, K=20/20)",3,period_0943,38.200000,-18.1033,4.8271,87.0567,67.9790,19.0777
"SoftPCA-F (alpha=1.00e-05, K=20/20)",3,period_0943,38.253333,-18.0681,5.9663,87.0390,67.9790,19.0600
"SoftPCA-F (alpha=1.00e-05, K=20/20)",3,period_0943,38.306667,-18.0995,5.3380,87.0386,67.9790,19.0595
"SoftPCA-F (alpha=1.00e-05, K=20/20)",3,period_0943,38.360000,-18.0762,5.9132,87.0239,67.9790,19.0448
"SoftPCA-F (alpha=1.00e-05, K=20/20)",3,period_0943,38.400000,-18.0845,5.1862,87.0157,67.9790,19.0366
"SoftPCA-F (alpha=1.00e-05, K=20/20)",3,period_0943,38.453333,-18.0724,5.1207,87.0125,67.9790,19.0335
"SoftPCA-F (alpha=1.00e-05, K=20/20)",3,period_0943,38.506667,-17.9541,4.7055,87.0183,67.9790,19.0393
"SoftPCA-F (alpha=1.00e-05, K=20/20)",3,period_0943,38.560000,-17.9791,5.3092,87.0049,67.9790,19.0258
"SoftPCA-F (alpha=1.00e-05, K=20/20)",3,period_0943,38.600000,-18.0305,3.2530,87.0000,67.9790,19.0209
"SoftPCA-F (alpha=1.00e-05, K=20/20)",3,period_0943,38.653333,-17.9793,6.2254,86.9687,67.9790,18.9897
"SoftPCA-F (alpha=1.00e-05, K=20/20)",3,period_0943,38.706667,-17.9072,5.0439,86.9541,67.9790,18.9751
"SoftPCA-F (alpha=1.00e-05, K=20/20)",3,period_0943,38.760000,-17.9292,6.2055,86.9465,67.9790,18.9675
"SoftPCA-F (alpha=1.00e-05, K=20/20)",3,period_0943,38.800000,-17.9326,4.0271,86.9387,67.9790,18.9597
"SoftPCA-F (alpha=1.00e-05, K=20/20)",3,period_0943,38.853333,-17.9502,4.6340,86.9239,67.9790,18.9449
"SoftPCA-F (alpha=1.00e-05, K=20/20)",3,period_0943,38.906667,-17.9546,4.9390,86.9025,67.9790,18.9234
"SoftPCA-F (alpha=1.00e-05, K=20/20)",3,period_0943,38.960000,-17.9881,5.0079,86.8974,67.9790,18.9184
"SoftPCA-F (alpha=1.00e-05, K=20/20)",3,period_0943,39.000000,-17.9720,4.8718,86.8877,67.9790,18.9087
"SoftPCA-F (alpha=1.00e-05, K=20/20)",3,period_0943,39.053333,-17.9475,5.0013,86.8754,67.9790,18.8963
"SoftPCA-F (alpha=1.00e-05, K=20/20)",3,period_0943,39.106667,-17.8457,5.0681,86.8483,67.9790,18.8692
"SoftPCA-F (alpha=1.00e-05, K=20/20)",3,period_0943,39.160000,-17.8983,4.1345,86.8338,67.9790,18.8548
"SoftPCA-F (alpha=1.00e-05, K=20/20)",3,period_0943,39.200000,-17.9358,5.3001,86.8153,67.9790,18.8362
"SoftPCA-F (alpha=1.00e-05, K=20/20)",3,period_0943,39.253333,-17.8826,4.8670,86.8091,67.9790,18.8300
"SoftPCA-F (alpha=1.00e-05, K=20/20)",3,period_0943,39.306667,-17.8835,6.0077,86.7963,67.9790,18.8173
"SoftPCA-F (alpha=1.00e-05, K=20/20)",3,period_0943,39.360000,-17.8711,5.0199,86.7970,67.9790,18.8180
"SoftPCA-F (alpha=1.00e-05, K=20/20)",3,period_0943,39.400000,-17.9009,5.0480,86.7826,67.9790,18.8035
"SoftPCA-F (alpha=1.00e-05, K=20/20)",3,period_0943,39.453333,-17.9021,5.3319,86.7614,67.9790,18.7824
"SoftPCA-F (alpha=1.00e-05, K=20/20)",3,period_0943,39.506667,-17.8478,4.4801,86.7621,67.9790,18.7831
"SoftPCA-F (alpha=1.00e-05, K=20/20)",3,period_0943,39.560000,-17.8752,4.5691,86.7533,67.9790,18.7742
"SoftPCA-F (alpha=1.00e-05, K=20/20)",3,period_0943,39.600000,-17.8710,5.0474,86.7567,67.9790,18.7777
"SoftPCA-F (alpha=1.00e-05, K=20/20)",3,period_0943,39.653333,-17.8181,3.8302,86.7470,67.9790,18.7679
"SoftPCA-F (alpha=1.00e-05, K=20/20)",3,period_0943,39.706667,-17.8677,4.7123,86.7363,67.9790,18.7573
"SoftPCA-F (alpha=1.00e-05, K=20/20)",3,period_0943,39.760000,-17.8848,5.1928,86.7235,67.9790,18.7445
"SoftPCA-F (alpha=1.00e-05, K=20/20)",3,period_0943,39.800000,-17.8752,4.2886,86.7225,67.9790,18.7435
"SoftPCA-F (alpha=1.00e-05, K=20/20)",3,period_0943,39.853333,-17.8531,5.8259,86.7126,67.9790,18.7336
"SoftPCA-F (alpha=1.00e-05, K=20/20)",3,period_0943,39.906667,-17.8953,5.2520,86.6921,67.9790,18.7131
"SoftPCA-F (alpha=1.00e-05, K=20/20)",3,period_0943,39.960000,-17.8722,4.3462,86.6773,67.9790,18.6982
"SoftPCA-F (alpha=1.00e-05, K=20/20)",3,period_0943,40.000000,-17.8704,5.1714,86.6670,67.9790,18.6880
"SoftPCA-F (alpha=1.00e-04, K=20/20)",0,period_0707,0.013333,2.5006,-1.3337,85.7138,85.1794,0.5344
"SoftPCA-F (alpha=1.00e-04, K=20/20)",0,period_0707,0.053333,1.9485,0.3992,85.8774,85.1794,0.6980
"SoftPCA-F (alpha=1.00e-04, K=20/20)",0,period_0707,0.106667,1.1759,0.9076,85.9695,85.1794,0.7901
"SoftPCA-F (alpha=1.00e-04, K=20/20)",0,period_0707,0.160000,0.6030,1.0926,86.2094,85.1794,1.0300
"SoftPCA-F (alpha=1.00e-04, K=20/20)",0,period_0707,0.200000,0.1418,1.2781,86.3719,85.1794,1.1925
"SoftPCA-F (alpha=1.00e-04, K=20/20)",0,period_0707,0.253333,-0.2790,1.1492,86.6387,85.1794,1.4593
"SoftPCA-F (alpha=1.00e-04, K=20/20)",0,period_0707,0.306667,-0.8571,1.0106,86.8485,85.1794,1.6691
"SoftPCA-F (alpha=1.00e-04, K=20/20)",0,period_0707,0.360000,-1.3470,2.3935,87.0961,85.1794,1.9167
"SoftPCA-F (alpha=1.00e-04, K=20/20)",0,period_0707,0.400000,-1.6416,1.6292,87.2067,85.1794,2.0273
"SoftPCA-F (alpha=1.00e-04, K=20/20)",0,period_0707,0.453333,-2.1663,1.3547,87.4639,85.1794,2.2845
"SoftPCA-F (alpha=1.00e-04, K=20/20)",0,period_0707,0.506667,-2.5927,0.3819,87.6636,85.1794,2.4842
"SoftPCA-F (alpha=1.00e-04, K=20/20)",0,period_0707,0.560000,-2.8463,2.4327,88.0133,85.1794,2.8340
"SoftPCA-F (alpha=1.00e-04, K=20/20)",0,period_0707,0.600000,-3.0882,2.6868,88.2710,85.1794,3.0916
"SoftPCA-F (alpha=1.00e-04, K=20/20)",0,period_0707,0.653333,-3.3520,2.4267,88.4830,85.1794,3.3036
"SoftPCA-F (alpha=1.00e-04, K=20/20)",0,period_0707,0.706667,-3.6234,3.0000,88.5609,85.1794,3.3815
"SoftPCA-F (alpha=1.00e-04, K=20/20)",0,period_0707,0.760000,-3.8087,1.8213,88.6926,85.1794,3.5132
"SoftPCA-F (alpha=1.00e-04, K=20/20)",0,period_0707,0.800000,-4.0533,0.7367,88.8092,85.1794,3.6298
"SoftPCA-F (alpha=1.00e-04, K=20/20)",0,period_0707,0.853333,-4.4199,0.0180,89.1716,85.1794,3.9922
"SoftPCA-F (alpha=1.00e-04, K=20/20)",0,period_0707,0.906667,-4.6202,1.3960,89.3897,85.1794,4.2103
"SoftPCA-F (alpha=1.00e-04, K=20/20)",0,period_0707,0.960000,-4.7256,2.1305,89.6347,85.1794,4.4553
"SoftPCA-F (alpha=1.00e-04, K=20/20)",0,period_0707,1.000000,-4.8948,2.4911,90.0367,85.1794,4.8573
"SoftPCA-F (alpha=1.00e-04, K=20/20)",0,period_0707,1.053333,-5.2100,1.5149,90.1616,85.1794,4.9822
"SoftPCA-F (alpha=1.00e-04, K=20/20)",0,period_0707,1.106667,-5.3344,0.9600,90.3937,85.1794,5.2144
"SoftPCA-F (alpha=1.00e-04, K=20/20)",0,period_0707,1.160000,-5.7315,1.6820,90.6519,85.1794,5.4725
"SoftPCA-F (alpha=1.00e-04, K=20/20)",0,period_0707,1.200000,-5.7382,1.8782,90.9108,85.1794,5.7315
"SoftPCA-F (alpha=1.00e-04, K=20/20)",0,period_0707,1.253333,-5.9284,2.1267,91.1870,85.1794,6.0077
"SoftPCA-F (alpha=1.00e-04, K=20/20)",0,period_0707,1.306667,-6.0229,0.4295,91.3569,85.1794,6.1775
"SoftPCA-F (alpha=1.00e-04, K=20/20)",0,period_0707,1.360000,-6.1398,1.0288,91.4815,85.1794,6.3022
"SoftPCA-F (alpha=1.00e-04, K=20/20)",0,period_0707,1.400000,-6.2528,1.5597,91.7334,85.1794,6.5540
"SoftPCA-F (alpha=1.00e-04, K=20/20)",0,period_0707,1.453333,-6.5173,1.7013,91.9969,85.1794,6.8176
"SoftPCA-F (alpha=1.00e-04, K=20/20)",0,period_0707,1.506667,-6.4919,2.9442,91.9961,85.1794,6.8168
"SoftPCA-F (alpha=1.00e-04, K=20/20)",0,period_0707,1.560000,-6.6502,1.4532,92.2002,85.1794,7.0208
"SoftPCA-F (alpha=1.00e-04, K=20/20)",0,period_0707,1.600000,-6.7361,1.2257,92.3363,85.1794,7.1569
"SoftPCA-F (alpha=1.00e-04, K=20/20)",0,period_0707,1.653333,-6.8185,0.9618,92.4971,85.1794,7.3178
"SoftPCA-F (alpha=1.00e-04, K=20/20)",0,period_0707,1.706667,-6.9135,2.5147,92.5753,85.1794,7.3959
"SoftPCA-F (alpha=1.00e-04, K=20/20)",0,period_0707,1.760000,-7.0236,0.8332,92.7062,85.1794,7.5268
"SoftPCA-F (alpha=1.00e-04, K=20/20)",0,period_0707,1.800000,-7.1114,1.2132,92.8499,85.1794,7.6706
"SoftPCA-F (alpha=1.00e-04, K=20/20)",0,period_0707,1.853333,-7.0323,2.0489,92.9585,85.1794,7.7791
"SoftPCA-F (alpha=1.00e-04, K=20/20)",0,period_0707,1.906667,-6.9413,0.9099,92.9729,85.1794,7.7935
"SoftPCA-F (alpha=1.00e-04, K=20/20)",0,period_0707,1.960000,-7.0945,2.2904,92.8437,85.1794,7.6643
"SoftPCA-F (alpha=1.00e-04, K=20/20)",0,period_0707,2.000000,-7.2933,1.3722,93.3653,85.1794,8.1859
"SoftPCA-F (alpha=1.00e-04, K=20/20)",0,period_0707,2.053333,-7.4757,1.3299,93.5648,85.1794,8.3855
"SoftPCA-F (alpha=1.00e-04, K=20/20)",0,period_0707,2.106667,-7.7481,1.4932,93.8528,85.1794,8.6735
"SoftPCA-F (alpha=1.00e-04, K=20/20)",0,period_0707,2.160000,-7.1758,1.8506,93.3222,85.1794,8.1428
"SoftPCA-F (alpha=1.00e-04, K=20/20)",0,period_0707,2.200000,-6.8643,2.8839,93.7282,85.1794,8.5488
"SoftPCA-F (alpha=1.00e-04, K=20/20)",0,period_0707,2.253333,-7.2773,1.1230,94.0991,85.1794,8.9197
"SoftPCA-F (alpha=1.00e-04, K=20/20)",0,period_0707,2.306667,-7.5975,1.0139,94.1351,85.1794,8.9558
"SoftPCA-F (alpha=1.00e-04, K=20/20)",0,period_0707,2.360000,-7.6982,1.4804,94.0622,85.1794,8.8829
"SoftPCA-F (alpha=1.00e-04, K=20/20)",0,period_0707,2.400000,-7.6301,0.4180,92.4896,85.1794,7.3102
"SoftPCA-F (alpha=1.00e-04, K=20/20)",0,period_0707,2.453333,-8.0696,1.2892,94.3260,85.1794,9.1466
"SoftPCA-F (alpha=1.00e-04, K=20/20)",0,period_0707,2.506667,-7.9313,1.1821,94.5032,85.1794,9.3238
"SoftPCA-F (alpha=1.00e-04, K=20/20)",0,period_0707,2.560000,-8.0226,0.2750,94.7046,85.1794,9.5253
"SoftPCA-F (alpha=1.00e-04, K=20/20)",0,period_0707,2.600000,-8.0767,1.6263,95.0835,85.1794,9.9041
"SoftPCA-F (alpha=1.00e-04, K=20/20)",0,period_0707,2.653333,-8.1325,2.1120,95.1727,85.1794,9.9934
"SoftPCA-F (alpha=1.00e-04, K=20/20)",0,period_0707,2.706667,-8.4474,1.0852,95.1964,85.1794,10.0170
"SoftPCA-F (alpha=1.00e-04, K=20/20)",0,period_0707,2.760000,-8.4830,1.0728,95.3109,85.1794,10.1316
"SoftPCA-F (alpha=1.00e-04, K=20/20)",0,period_0707,2.800000,-8.4614,2.8683,95.3466,85.1794,10.1673
"SoftPCA-F (alpha=1.00e-04, K=20/20)",0,period_0707,2.853333,-8.3047,3.0045,95.4948,85.1794,10.3154
"SoftPCA-F (alpha=1.00e-04, K=20/20)",0,period_0707,2.906667,-8.2311,2.2847,95.6029,85.1794,10.4236
"SoftPCA-F (alpha=1.00e-04, K=20/20)",0,period_0707,2.960000,-8.6028,-0.6390,95.8660,85.1794,10.6867
"SoftPCA-F (alpha=1.00e-04, K=20/20)",0,period_0707,3.000000,-8.6549,2.2245,95.9611,85.1794,10.7817
"SoftPCA-F (alpha=1.00e-04, K=20/20)",0,period_0707,3.053333,-8.5242,2.9564,95.9740,85.1794,10.7947
"SoftPCA-F (alpha=1.00e-04, K=20/20)",0,period_0707,3.106667,-8.5537,1.7216,96.0050,85.1794,10.8256
"SoftPCA-F (alpha=1.00e-04, K=20/20)",0,period_0707,3.160000,-8.5406,0.9212,96.0459,85.1794,10.8665
"SoftPCA-F (alpha=1.00e-04, K=20/20)",0,period_0707,3.200000,-8.6499,2.1498,96.1389,85.1794,10.9595
"SoftPCA-F (alpha=1.00e-04, K=20/20)",0,period_0707,3.253333,-8.6805,1.8271,96.3847,85.1794,11.2053
"SoftPCA-F (alpha=1.00e-04, K=20/20)",0,period_0707,3.306667,-8.6546,0.5375,96.5117,85.1794,11.3323
"SoftPCA-F (alpha=1.00e-04, K=20/20)",0,period_0707,3.360000,-8.3382,0.3883,93.1699,85.1794,7.9906
"SoftPCA-F (alpha=1.00e-04, K=20/20)",0,period_0707,3.400000,-8.7585,2.1689,96.6678,85.1794,11.4885
"SoftPCA-F (alpha=1.00e-04, K=20/20)",0,period_0707,3.453333,-8.7997,1.9501,95.2625,85.1794,10.0831
"SoftPCA-F (alpha=1.00e-04, K=20/20)",0,period_0707,3.506667,-8.8429,1.5808,96.1136,85.1794,10.9342
"SoftPCA-F (alpha=1.00e-04, K=20/20)",0,period_0707,3.560000,-9.0041,2.3474,96.9550,85.1794,11.7757
"SoftPCA-F (alpha=1.00e-04, K=20/20)",0,period_0707,3.600000,-9.0035,1.9767,97.0254,85.1794,11.8460
"SoftPCA-F (alpha=1.00e-04, K=20/20)",0,period_0707,3.653333,-9.0293,0.5397,96.8714,85.1794,11.6920
"SoftPCA-F (alpha=1.00e-04, K=20/20)",0,period_0707,3.706667,-8.8945,1.3324,97.0137,85.1794,11.8343
"SoftPCA-F (alpha=1.00e-04, K=20/20)",0,period_0707,3.760000,-9.1117,2.0812,97.0042,85.1794,11.8249
"SoftPCA-F (alpha=1.00e-04, K=20/20)",0,period_0707,3.800000,-8.5550,3.4226,97.0449,85.1794,11.8655
"SoftPCA-F (alpha=1.00e-04, K=20/20)",0,period_0707,3.853333,-8.7349,1.4789,97.0070,85.1794,11.8277
"SoftPCA-F (alpha=1.00e-04, K=20/20)",0,period_0707,3.906667,-8.8649,0.3411,96.9248,85.1794,11.7454
"SoftPCA-F (alpha=1.00e-04, K=20/20)",0,period_0707,3.960000,-8.5216,1.2650,97.0013,85.1794,11.8219
"SoftPCA-F (alpha=1.00e-04, K=20/20)",0,period_0707,4.000000,-8.6230,1.6938,97.0353,85.1794,11.8559
"SoftPCA-F (alpha=1.00e-04, K=20/20)",0,period_0707,4.053333,-8.6742,0.8604,95.5696,85.1794,10.3902
"SoftPCA-F (alpha=1.00e-04, K=20/20)",0,period_0707,4.106667,-8.4962,1.4209,94.0784,85.1794,8.8990
"SoftPCA-F (alpha=1.00e-04, K=20/20)",0,period_0707,4.160000,-8.5779,1.6107,93.3272,85.1794,8.1478
"SoftPCA-F (alpha=1.00e-04, K=20/20)",0,period_0707,4.200000,-8.7443,1.0082,93.7979,85.1794,8.6185
"SoftPCA-F (alpha=1.00e-04, K=20/20)",0,period_0707,4.253333,-8.6248,0.7278,92.5442,85.1794,7.3649
"SoftPCA-F (alpha=1.00e-04, K=20/20)",0,period_0707,4.306667,-8.7072,2.0951,95.1279,85.1794,9.9485
"SoftPCA-F (alpha=1.00e-04, K=20/20)",0,period_0707,4.360000,-8.8608,1.9951,95.5571,85.1794,10.3777
"SoftPCA-F (alpha=1.00e-04, K=20/20)",0,period_0707,4.400000,-8.9969,1.3834,96.0142,85.1794,10.8348
"SoftPCA-F (alpha=1.00e-04, K=20/20)",0,period_0707,4.453333,-9.0668,2.6521,96.2165,85.1794,11.0372
"SoftPCA-F (alpha=1.00e-04, K=20/20)",0,period_0707,4.506667,-9.0720,1.8122,97.7372,85.1794,12.5579
"SoftPCA-F (alpha=1.00e-04, K=20/20)",0,period_0707,4.560000,-9.0299,1.8037,97.6493,85.1794,12.4699
"SoftPCA-F (alpha=1.00e-04, K=20/20)",0,period_0707,4.600000,-8.9925,1.5773,97.7803,85.1794,12.6009
"SoftPCA-F (alpha=1.00e-04, K=20/20)",0,period_0707,4.653333,-8.9791,1.6956,97.6885,85.1794,12.5091
"SoftPCA-F (alpha=1.00e-04, K=20/20)",0,period_0707,4.706667,-8.8169,0.9739,94.5278,85.1794,9.3485
"SoftPCA-F (alpha=1.00e-04, K=20/20)",0,period_0707,4.760000,-8.8885,3.0931,95.1753,85.1794,9.9959
"SoftPCA-F (alpha=1.00e-04, K=20/20)",0,period_0707,4.800000,-9.0407,0.4026,94.6740,85.1794,9.4946
"SoftPCA-F (alpha=1.00e-04, K=20/20)",0,period_0707,4.853333,-8.9680,1.6148,95.7949,85.1794,10.6155
"SoftPCA-F (alpha=1.00e-04, K=20/20)",0,period_0707,4.906667,-9.0356,1.8901,97.6352,85.1794,12.4558
"SoftPCA-F (alpha=1.00e-04, K=20/20)",0,period_0707,4.960000,-9.1630,0.4536,97.4829,85.1794,12.3035
"SoftPCA-F (alpha=1.00e-04, K=20/20)",0,period_0707,5.000000,-9.2368,1.5557,97.4245,85.1794,12.2451
"SoftPCA-F (alpha=1.00e-04, K=20/20)",0,period_0707,5.053333,-9.2291,1.1199,96.7982,85.1794,11.6188
"SoftPCA-F (alpha=1.00e-04, K=20/20)",0,period_0707,5.106667,-9.2063,1.3464,98.3124,85.1794,13.1330
"SoftPCA-F (alpha=1.00e-04, K=20/20)",0,period_0707,5.160000,-8.9163,1.0035,96.1979,85.1794,11.0185
"SoftPCA-F (alpha=1.00e-04, K=20/20)",0,period_0707,5.200000,-9.2297,1.5215,96.2153,85.1794,11.0359
"SoftPCA-F (alpha=1.00e-04, K=20/20)",0,period_0707,5.253333,-9.2410,1.0946,95.7055,85.1794,10.5261
"SoftPCA-F (alpha=1.00e-04, K=20/20)",0,period_0707,5.306667,-8.8498,1.6430,91.1033,85.1794,5.9240
"SoftPCA-F (alpha=1.00e-04, K=20/20)",0,period_0707,5.360000,-9.1311,1.8984,93.9723,85.1794,8.7929
"SoftPCA-F (alpha=1.00e-04, K=20/20)",0,period_0707,5.400000,-8.9121,1.5556,92.8544,85.1794,7.6750
"SoftPCA-F (alpha=1.00e-04, K=20/20)",0,period_0707,5.453333,-8.7474,0.5727,91.6443,85.1794,6.4649
"SoftPCA-F (alpha=1.00e-04, K=20/20)",0,period_0707,5.506667,-8.5635,0.8049,89.7177,85.1794,4.5384
"SoftPCA-F (alpha=1.00e-04, K=20/20)",0,period_0707,5.560000,-8.8550,2.1711,92.1820,85.1794,7.0026
"SoftPCA-F (alpha=1.00e-04, K=20/20)",0,period_0707,5.600000,-8.6684,1.9795,91.1319,85.1794,5.9525
"SoftPCA-F (alpha=1.00e-04, K=20/20)",0,period_0707,5.653333,-8.7465,1.1842,91.3366,85.1794,6.1572
"SoftPCA-F (alpha=1.00e-04, K=20/20)",0,period_0707,5.706667,-9.1275,1.9696,96.2300,85.1794,11.0506
"SoftPCA-F (alpha=1.00e-04, K=20/20)",0,period_0707,5.760000,-9.2798,1.4335,96.9844,85.1794,11.8051
"SoftPCA-F (alpha=1.00e-04, K=20/20)",0,period_0707,5.800000,-9.1839,1.6197,95.1567,85.1794,9.9774
"SoftPCA-F (alpha=1.00e-04, K=20/20)",0,period_0707,5.853333,-9.3137,1.3662,98.4282,85.1794,13.2488
"SoftPCA-F (alpha=1.00e-04, K=20/20)",0,period_0707,5.906667,-9.1338,0.6683,93.5042,85.1794,8.3248
"SoftPCA-F (alpha=1.00e-04, K=20/20)",0,period_0707,5.960000,-9.1680,0.9993,93.7503,85.1794,8.5710
"SoftPCA-F (alpha=1.00e-04, K=20/20)",0,period_0707,6.000000,-9.3099,1.3257,96.7956,85.1794,11.6163
"SoftPCA-F (alpha=1.00e-04, K=20/20)",0,period_0707,6.053333,-9.2983,2.2235,97.7378,85.1794,12.5584
"SoftPCA-F (alpha=1.00e-04, K=20/20)",0,period_0707,6.106667,-9.0711,1.2054,94.8786,85.1794,9.6992
"SoftPCA-F (alpha=1.00e-04, K=20/20)",0,period_0707,6.160000,-9.2372,0.9156,96.5694,85.1794,11.3900
"SoftPCA-F (alpha=1.00e-04, K=20/20)",0,period_0707,6.200000,-9.0562,0.4533,92.3705,85.1794,7.1911
"SoftPCA-F (alpha=1.00e-04, K=20/20)",0,period_0707,6.253333,-9.4902,1.6904,96.0781,85.1794,10.8987
"SoftPCA-F (alpha=1.00e-04, K=20/20)",0,period_0707,6.306667,-9.2644,0.9704,94.3163,85.1794,9.1369
"SoftPCA-F (alpha=1.00e-04, K=20/20)",0,period_0707,6.360000,-9.3854,2.1045,96.2215,85.1794,11.0422
"SoftPCA-F (alpha=1.00e-04, K=20/20)",0,period_0707,6.400000,-9.2559,1.7303,95.0423,85.1794,9.8630
"SoftPCA-F (alpha=1.00e-04, K=20/20)",0,period_0707,6.453333,-9.2730,1.2203,94.5584,85.1794,9.3790
"SoftPCA-F (alpha=1.00e-04, K=20/20)",0,period_0707,6.506667,-9.3366,1.4167,95.6606,85.1794,10.4812
"SoftPCA-F (alpha=1.00e-04, K=20/20)",0,period_0707,6.560000,-9.5786,1.4064,97.2591,85.1794,12.0797
"SoftPCA-F (alpha=1.00e-04, K=20/20)",0,period_0707,6.600000,-9.5397,1.9917,96.7326,85.1794,11.5532
"SoftPCA-F (alpha=1.00e-04, K=20/20)",0,period_0707,6.653333,-9.3361,1.0924,97.8858,85.1794,12.7064
"SoftPCA-F (alpha=1.00e-04, K=20/20)",0,period_0707,6.706667,-9.2236,1.1136,95.0172,85.1794,9.8378
"SoftPCA-F (alpha=1.00e-04, K=20/20)",0,period_0707,6.760000,-9.3123,1.0336,96.4166,85.1794,11.2373
"SoftPCA-F (alpha=1.00e-04, K=20/20)",0,period_0707,6.800000,-9.2607,0.8200,94.9505,85.1794,9.7712
"SoftPCA-F (alpha=1.00e-04, K=20/20)",0,period_0707,6.853333,-9.1714,1.1634,93.5270,85.1794,8.3476
"SoftPCA-F (alpha=1.00e-04, K=20/20)",0,period_0707,6.906667,-9.3795,1.3569,93.7084,85.1794,8.5291
"SoftPCA-F (alpha=1.00e-04, K=20/20)",0,period_0707,6.960000,-9.4767,1.3178,94.9080,85.1794,9.7287
"SoftPCA-F (alpha=1.00e-04, K=20/20)",0,period_0707,7.000000,-9.3484,2.0955,93.8949,85.1794,8.7155
"SoftPCA-F (alpha=1.00e-04, K=20/20)",0,period_0707,7.053333,-9.2134,0.7465,93.5949,85.1794,8.4156
"SoftPCA-F (alpha=1.00e-04, K=20/20)",0,period_0707,7.106667,-9.3931,1.0824,94.1440,85.1794,8.9646
"SoftPCA-F (alpha=1.00e-04, K=20/20)",0,period_0707,7.160000,-9.3440,0.9492,94.2221,85.1794,9.0427
"SoftPCA-F (alpha=1.00e-04, K=20/20)",0,period_0707,7.200000,-9.5093,1.4727,95.4658,85.1794,10.2864
"SoftPCA-F (alpha=1.00e-04, K=20/20)",0,period_0707,7.253333,-9.5836,2.0445,97.6766,85.1794,12.4973
"SoftPCA-F (alpha=1.00e-04, K=20/20)",0,period_0707,7.306667,-9.4978,1.0676,95.8938,85.1794,10.7145
"SoftPCA-F (alpha=1.00e-04, K=20/20)",0,period_0707,7.360000,-9.6250,1.4888,99.2447,85.1794,14.0653
"SoftPCA-F (alpha=1.00e-04, K=20/20)",0,period_0707,7.400000,-9.5775,2.5110,98.5536,85.1794,13.3743
"SoftPCA-F (alpha=1.00e-04, K=20/20)",0,period_0707,7.453333,-9.6305,0.6135,99.2226,85.1794,14.0432
"SoftPCA-F (alpha=1.00e-04, K=20/20)",0,period_0707,7.506667,-9.3866,1.3615,96.1492,85.1794,10.9698
"SoftPCA-F (alpha=1.00e-04, K=20/20)",0,period_0707,7.560000,-9.5300,1.5115,99.0724,85.1794,13.8931
"SoftPCA-F (alpha=1.00e-04, K=20/20)",0,period_0707,7.600000,-9.2580,0.6148,95.9619,85.1794,10.7826
"SoftPCA-F (alpha=1.00e-04, K=20/20)",0,period_0707,7.653333,-9.0198,1.3700,94.3678,85.1794,9.1885
"SoftPCA-F (alpha=1.00e-04, K=20/20)",0,period_0707,7.706667,-8.8007,1.5645,94.2851,85.1794,9.1058
"SoftPCA-F (alpha=1.00e-04, K=20/20)",0,period_0707,7.760000,-9.0559,0.9017,94.5046,85.1794,9.3253
"SoftPCA-F (alpha=1.00e-04, K=20/20)",0,period_0707,7.800000,-9.4383,1.9685,98.7557,85.1794,13.5764
"SoftPCA-F (alpha=1.00e-04, K=20/20)",0,period_0707,7.853333,-9.2247,0.2749,96.4142,85.1794,11.2349
"SoftPCA-F (alpha=1.00e-04, K=20/20)",0,period_0707,7.906667,-9.2680,1.0435,96.7773,85.1794,11.5980
"SoftPCA-F (alpha=1.00e-04, K=20/20)",0,period_0707,7.960000,-9.4767,1.9534,97.8072,85.1794,12.6278
"SoftPCA-F (alpha=1.00e-04, K=20/20)",0,period_0707,8.000000,-9.4895,3.0560,98.7106,85.1794,13.5313
"SoftPCA-F (alpha=1.00e-04, K=20/20)",0,period_0707,8.053333,-9.4114,2.2527,98.6554,85.1794,13.4760
"SoftPCA-F (alpha=1.00e-04, K=20/20)",0,period_0707,8.106667,-9.3968,1.7697,98.0339,85.1794,12.8545
"SoftPCA-F (alpha=1.00e-04, K=20/20)",0,period_0707,8.160000,-9.2786,2.3079,98.4107,85.1794,13.2313
"SoftPCA-F (alpha=1.00e-04, K=20/20)",0,period_0707,8.200000,-9.3824,1.8995,98.4360,85.1794,13.2567
"SoftPCA-F (alpha=1.00e-04, K=20/20)",0,period_0707,8.253333,-9.3674,2.1953,98.3103,85.1794,13.1309
"SoftPCA-F (alpha=1.00e-04, K=20/20)",0,period_0707,8.306667,-9.3558,1.6276,98.2820,85.1794,13.1027
"SoftPCA-F (alpha=1.00e-04, K=20/20)",0,period_0707,8.360000,-8.9238,3.3912,98.1652,85.1794,12.9858
"SoftPCA-F (alpha=1.00e-04, K=20/20)",0,period_0707,8.400000,-9.2789,0.2053,98.1398,85.1794,12.9604
"SoftPCA-F (alpha=1.00e-04, K=20/20)",0,period_0707,8.453333,-9.1901,1.8526,98.2118,85.1794,13.0325
"SoftPCA-F (alpha=1.00e-04, K=20/20)",0,period_0707,8.506667,-9.5617,-0.0005,98.2462,85.1794,13.0668
"SoftPCA-F (alpha=1.00e-04, K=20/20)",0,period_0707,8.560000,-9.6196,1.9255,98.5300,85.1794,13.3507
"SoftPCA-F (alpha=1.00e-04, K=20/20)",0,period_0707,8.600000,-9.4804,1.3766,98.5482,85.1794,13.3688
"SoftPCA-F (alpha=1.00e-04, K=20/20)",0,period_0707,8.653333,-9.4957,0.9455,98.6585,85.1794,13.4791
"SoftPCA-F (alpha=1.00e-04, K=20/20)",0,period_0707,8.706667,-9.4835,1.6356,97.8120,85.1794,12.6326
"SoftPCA-F (alpha=1.00e-04, K=20/20)",0,period_0707,8.760000,-9.4590,1.1955,97.6321,85.1794,12.4527
"SoftPCA-F (alpha=1.00e-04, K=20/20)",0,period_0707,8.800000,-9.2670,1.7425,98.7053,85.1794,13.5259
"SoftPCA-F (alpha=1.00e-04, K=20/20)",0,period_0707,8.853333,-9.1996,1.5076,95.8548,85.1794,10.6755
"SoftPCA-F (alpha=1.00e-04, K=20/20)",0,period_0707,8.906667,-9.1659,1.5783,95.0575,85.1794,9.8781
"SoftPCA-F (alpha=1.00e-04, K=20/20)",0,period_0707,8.960000,-9.1034,1.2551,94.1765,85.1794,8.9971
"SoftPCA-F (alpha=1.00e-04, K=20/20)",0,period_0707,9.000000,-9.0947,1.8071,94.8151,85.1794,9.6357
"SoftPCA-F (alpha=1.00e-04, K=20/20)",0,period_0707,9.053333,-9.0236,1.6057,94.5896,85.1794,9.4102
"SoftPCA-F (alpha=1.00e-04, K=20/20)",0,period_0707,9.106667,-9.1260,2.2184,94.6898,85.1794,9.5104
"SoftPCA-F (alpha=1.00e-04, K=20/20)",0,period_0707,9.160000,-9.5902,0.9815,97.4400,85.1794,12.2606
"SoftPCA-F (alpha=1.00e-04, K=20/20)",0,period_0707,9.200000,-9.4021,1.9137,97.2477,85.1794,12.0683
"SoftPCA-F (alpha=1.00e-04, K=20/20)",0,period_0707,9.253333,-9.5311,1.4594,97.3683,85.1794,12.1890
"SoftPCA-F (alpha=1.00e-04, K=20/20)",0,period_0707,9.306667,-9.4652,1.7468,98.9515,85.1794,13.7721
"SoftPCA-F (alpha=1.00e-04, K=20/20)",0,period_0707,9.360000,-9.4376,1.1677,98.9019,85.1794,13.7225
"SoftPCA-F (alpha=1.00e-04, K=20/20)",0,period_0707,9.400000,-9.4470,2.4245,99.0327,85.1794,13.8533
"SoftPCA-F (alpha=1.00e-04, K=20/20)",0,period_0707,9.453333,-9.4281,0.7946,97.7697,85.1794,12.5903
"SoftPCA-F (alpha=1.00e-04, K=20/20)",0,period_0707,9.506667,-9.3784,1.4775,96.0992,85.1794,10.9199
"SoftPCA-F (alpha=1.00e-04, K=20/20)",0,period_0707,9.560000,-9.4971,1.3056,96.7022,85.1794,11.5229
"SoftPCA-F (alpha=1.00e-04, K=20/20)",0,period_0707,9.600000,-9.3923,1.5512,96.4929,85.1794,11.3136
"SoftPCA-F (alpha=1.00e-04, K=20/20)",0,period_0707,9.653333,-9.1578,1.4244,93.2392,85.1794,8.0599
"SoftPCA-F (alpha=1.00e-04, K=20/20)",0,period_0707,9.706667,-9.3820,2.1100,98.6721,85.1794,13.4928
"SoftPCA-F (alpha=1.00e-04, K=20/20)",0,period_0707,9.760000,-9.5056,1.4386,98.7290,85.1794,13.5497
"SoftPCA-F (alpha=1.00e-04, K=20/20)",0,period_0707,9.800000,-9.5628,1.9378,98.7966,85.1794,13.6172
"SoftPCA-F (alpha=1.00e-04, K=20/20)",0,period_0707,9.853333,-9.5616,1.2576,98.6611,85.1794,13.4818
"SoftPCA-F (alpha=1.00e-04, K=20/20)",0,period_0707,9.906667,-9.2964,1.2762,97.0755,85.1794,11.8962
"SoftPCA-F (alpha=1.00e-04, K=20/20)",0,period_0707,9.960000,-9.3518,1.1400,99.0256,85.1794,13.8463
"SoftPCA-F (alpha=1.00e-04, K=20/20)",0,period_0707,10.000000,-9.3333,1.7452,96.4987,85.1794,11.3194
"SoftPCA-F (alpha=1.00e-04, K=20/20)",1,period_0856,10.013333,-0.7621,0.5049,76.5752,75.6790,0.8962
"SoftPCA-F (alpha=1.00e-04, K=20/20)",1,period_0856,10.053333,-1.5095,1.5167,77.2498,75.6790,1.5707
"SoftPCA-F (alpha=1.00e-04, K=20/20)",1,period_0856,10.106667,-2.4668,2.5263,78.9196,75.6790,3.2406
"SoftPCA-F (alpha=1.00e-04, K=20/20)",1,period_0856,10.160000,-3.2996,3.0457,79.9667,75.6790,4.2877
"SoftPCA-F (alpha=1.00e-04, K=20/20)",1,period_0856,10.200000,-3.9715,4.4463,81.2507,75.6790,5.5717
"SoftPCA-F (alpha=1.00e-04, K=20/20)",1,period_0856,10.253333,-4.8847,3.5519,82.0338,75.6790,6.3548
"SoftPCA-F (alpha=1.00e-04, K=20/20)",1,period_0856,10.306667,-5.4652,4.6255,82.1136,75.6790,6.4346
"SoftPCA-F (alpha=1.00e-04, K=20/20)",1,period_0856,10.360000,-6.1354,4.3870,83.0933,75.6790,7.4143
"SoftPCA-F (alpha=1.00e-04, K=20/20)",1,period_0856,10.400000,-6.5832,4.5303,83.2963,75.6790,7.6172
"SoftPCA-F (alpha=1.00e-04, K=20/20)",1,period_0856,10.453333,-7.1071,4.3503,84.0987,75.6790,8.4197
"SoftPCA-F (alpha=1.00e-04, K=20/20)",1,period_0856,10.506667,-7.4839,4.1044,84.6708,75.6790,8.9918
"SoftPCA-F (alpha=1.00e-04, K=20/20)",1,period_0856,10.560000,-8.0610,6.4497,85.3269,75.6790,9.6479
"SoftPCA-F (alpha=1.00e-04, K=20/20)",1,period_0856,10.600000,-8.3679,4.6716,85.7407,75.6790,10.0617
"SoftPCA-F (alpha=1.00e-04, K=20/20)",1,period_0856,10.653333,-8.7091,5.5564,86.3398,75.6790,10.6607
"SoftPCA-F (alpha=1.00e-04, K=20/20)",1,period_0856,10.706667,-9.0154,5.9845,86.1211,75.6790,10.4421
"SoftPCA-F (alpha=1.00e-04, K=20/20)",1,period_0856,10.760000,-9.3326,5.0816,86.4838,75.6790,10.8048
"SoftPCA-F (alpha=1.00e-04, K=20/20)",1,period_0856,10.800000,-9.5379,4.0350,86.8645,75.6790,11.1855
"SoftPCA-F (alpha=1.00e-04, K=20/20)",1,period_0856,10.853333,-9.8410,6.8397,87.2495,75.6790,11.5705
"SoftPCA-F (alpha=1.00e-04, K=20/20)",1,period_0856,10.906667,-10.0202,4.1954,87.7535,75.6790,12.0745
"SoftPCA-F (alpha=1.00e-04, K=20/20)",1,period_0856,10.960000,-10.2084,5.3578,87.5292,75.6790,11.8502
"SoftPCA-F (alpha=1.00e-04, K=20/20)",1,period_0856,11.000000,-10.3302,6.5592,87.7575,75.6790,12.0785
"SoftPCA-F (alpha=1.00e-04, K=20/20)",1,period_0856,11.053333,-10.5031,5.1921,87.6756,75.6790,11.9966
"SoftPCA-F (alpha=1.00e-04, K=20/20)",1,period_0856,11.106667,-10.6367,5.1813,87.6292,75.6790,11.9501
"SoftPCA-F (alpha=1.00e-04, K=20/20)",1,period_0856,11.160000,-10.8488,5.4833,88.1615,75.6790,12.4825
"SoftPCA-F (alpha=1.00e-04, K=20/20)",1,period_0856,11.200000,-10.9087,6.3323,87.9086,75.6790,12.2296
"SoftPCA-F (alpha=1.00e-04, K=20/20)",1,period_0856,11.253333,-11.0738,4.8287,88.2158,75.6790,12.5368
"SoftPCA-F (alpha=1.00e-04, K=20/20)",1,period_0856,11.306667,-11.1027,7.6569,88.8453,75.6790,13.1663
"SoftPCA-F (alpha=1.00e-04, K=20/20)",1,period_0856,11.360000,-11.2636,6.0058,89.3351,75.6790,13.6560
"SoftPCA-F (alpha=1.00e-04, K=20/20)",1,period_0856,11.400000,-11.3730,4.9491,89.3764,75.6790,13.6973
"SoftPCA-F (alpha=1.00e-04, K=20/20)",1,period_0856,11.453333,-11.4086,6.1941,88.9397,75.6790,13.2606
"SoftPCA-F (alpha=1.00e-04, K=20/20)",1,period_0856,11.506667,-11.4823,5.0391,89.0834,75.6790,13.4044
"SoftPCA-F (alpha=1.00e-04, K=20/20)",1,period_0856,11.560000,-11.5155,6.1683,89.4469,75.6790,13.7679
"SoftPCA-F (alpha=1.00e-04, K=20/20)",1,period_0856,11.600000,-11.5191,7.4613,89.1789,75.6790,13.4998
"SoftPCA-F (alpha=1.00e-04, K=20/20)",1,period_0856,11.653333,-11.5126,5.4653,89.5101,75.6790,13.8311
"SoftPCA-F (alpha=1.00e-04, K=20/20)",1,period_0856,11.706667,-11.6207,5.5025,89.3932,75.6790,13.7142
"SoftPCA-F (alpha=1.00e-04, K=20/20)",1,period_0856,11.760000,-11.6054,5.1846,89.2418,75.6790,13.5628
"SoftPCA-F (alpha=1.00e-04, K=20/20)",1,period_0856,11.800000,-11.6680,5.2469,90.1250,75.6790,14.4460
"SoftPCA-F (alpha=1.00e-04, K=20/20)",1,period_0856,11.853333,-11.7194,4.9459,90.4412,75.6790,14.7622
"SoftPCA-F (alpha=1.00e-04, K=20/20)",1,period_0856,11.906667,-11.6458,4.8519,89.3358,75.6790,13.6568
"SoftPCA-F (alpha=1.00e-04, K=20/20)",1,period_0856,11.960000,-11.7124,4.7441,89.0676,75.6790,13.3886
"SoftPCA-F (alpha=1.00e-04, K=20/20)",1,period_0856,12.000000,-11.7167,5.2788,89.0351,75.6790,13.3561
"SoftPCA-F (alpha=1.00e-04, K=20/20)",1,period_0856,12.053333,-11.7686,5.2282,89.0904,75.6790,13.4113
"SoftPCA-F (alpha=1.00e-04, K=20/20)",1,period_0856,12.106667,-11.7475,5.6914,88.5423,75.6790,12.8633
"SoftPCA-F (alpha=1.00e-04, K=20/20)",1,period_0856,12.160000,-11.8411,5.0477,88.6459,75.6790,12.9669
"SoftPCA-F (alpha=1.00e-04, K=20/20)",1,period_0856,12.200000,-11.7694,4.8886,88.4776,75.6790,12.7985
"SoftPCA-F (alpha=1.00e-04, K=20/20)",1,period_0856,12.253333,-11.7527,6.5229,89.0092,75.6790,13.3302
"SoftPCA-F (alpha=1.00e-04, K=20/20)",1,period_0856,12.306667,-11.7481,5.2110,88.9427,75.6790,13.2636
"SoftPCA-F (alpha=1.00e-04, K=20/20)",1,period_0856,12.360000,-11.8721,5.0465,89.0016,75.6790,13.3225
"SoftPCA-F (alpha=1.00e-04, K=20/20)",1,period_0856,12.400000,-11.9035,3.8534,89.1237,75.6790,13.4447
"SoftPCA-F (alpha=1.00e-04, K=20/20)",1,period_0856,12.453333,-11.8613,4.8288,89.1880,75.6790,13.5090
"SoftPCA-F (alpha=1.00e-04, K=20/20)",1,period_0856,12.506667,-11.7856,6.2856,89.5854,75.6790,13.9064
"SoftPCA-F (alpha=1.00e-04, K=20/20)",1,period_0856,12.560000,-11.7613,5.3224,89.3861,75.6790,13.7070
"SoftPCA-F (alpha=1.00e-04, K=20/20)",1,period_0856,12.600000,-11.7963,5.4969,89.3799,75.6790,13.7009
"SoftPCA-F (alpha=1.00e-04, K=20/20)",1,period_0856,12.653333,-11.7699,4.3892,89.3742,75.6790,13.6951
"SoftPCA-F (alpha=1.00e-04, K=20/20)",1,period_0856,12.706667,-11.7505,4.2372,89.2674,75.6790,13.5884
"SoftPCA-F (alpha=1.00e-04, K=20/20)",1,period_0856,12.760000,-11.7258,5.3844,89.2292,75.6790,13.5501
"SoftPCA-F (alpha=1.00e-04, K=20/20)",1,period_0856,12.800000,-11.7959,5.8712,89.1428,75.6790,13.4638
"SoftPCA-F (alpha=1.00e-04, K=20/20)",1,period_0856,12.853333,-11.6444,4.4157,89.1907,75.6790,13.5116
"SoftPCA-F (alpha=1.00e-04, K=20/20)",1,period_0856,12.906667,-11.6399,4.4273,89.0151,75.6790,13.3361
"SoftPCA-F (alpha=1.00e-04, K=20/20)",1,period_0856,12.960000,-11.7110,5.3095,88.8559,75.6790,13.1768
"SoftPCA-F (alpha=1.00e-04, K=20/20)",1,period_0856,13.000000,-11.7150,4.5680,88.6096,75.6790,12.9306
"SoftPCA-F (alpha=1.00e-04, K=20/20)",1,period_0856,13.053333,-11.7468,6.0331,88.6697,75.6790,12.9907
"SoftPCA-F (alpha=1.00e-04, K=20/20)",1,period_0856,13.106667,-11.7670,5.6732,88.9715,75.6790,13.2925
"SoftPCA-F (alpha=1.00e-04, K=20/20)",1,period_0856,13.160000,-11.8153,3.8508,88.8667,75.6790,13.1876
"SoftPCA-F (alpha=1.00e-04, K=20/20)",1,period_0856,13.200000,-11.7593,4.8414,88.8588,75.6790,13.1798
"SoftPCA-F (alpha=1.00e-04, K=20/20)",1,period_0856,13.253333,-11.7097,5.8856,88.8618,75.6790,13.1828
"SoftPCA-F (alpha=1.00e-04, K=20/20)",1,period_0856,13.306667,-11.7184,5.1957,88.8066,75.6790,13.1276
"SoftPCA-F (alpha=1.00e-04, K=20/20)",1,period_0856,13.360000,-11.7807,5.6369,88.7347,75.6790,13.0557
"SoftPCA-F (alpha=1.00e-04, K=20/20)",1,period_0856,13.400000,-11.8086,3.7601,88.8385,75.6790,13.1595
"SoftPCA-F (alpha=1.00e-04, K=20/20)",1,period_0856,13.453333,-11.8057,5.1907,88.8673,75.6790,13.1882
"SoftPCA-F (alpha=1.00e-04, K=20/20)",1,period_0856,13.506667,-11.7853,4.6295,88.7332,75.6790,13.0542
"SoftPCA-F (alpha=1.00e-04, K=20/20)",1,period_0856,13.560000,-11.7212,5.3589,88.8460,75.6790,13.1669
"SoftPCA-F (alpha=1.00e-04, K=20/20)",1,period_0856,13.600000,-11.7506,3.5884,88.8641,75.6790,13.1851
"SoftPCA-F (alpha=1.00e-04, K=20/20)",1,period_0856,13.653333,-11.7347,4.6946,88.9332,75.6790,13.2542
"SoftPCA-F (alpha=1.00e-04, K=20/20)",1,period_0856,13.706667,-11.6324,4.9299,88.8186,75.6790,13.1395
"SoftPCA-F (alpha=1.00e-04, K=20/20)",1,period_0856,13.760000,-11.6038,4.9410,88.6678,75.6790,12.9887
"SoftPCA-F (alpha=1.00e-04, K=20/20)",1,period_0856,13.800000,-11.6640,4.9953,88.6303,75.6790,12.9513
"SoftPCA-F (alpha=1.00e-04, K=20/20)",1,period_0856,13.853333,-11.7216,5.4847,88.5079,75.6790,12.8288
"SoftPCA-F (alpha=1.00e-04, K=20/20)",1,period_0856,13.906667,-11.7077,4.5209,88.4375,75.6790,12.7584
"SoftPCA-F (alpha=1.00e-04, K=20/20)",1,period_0856,13.960000,-11.6951,5.6532,88.3860,75.6790,12.7070
"SoftPCA-F (alpha=1.00e-04, K=20/20)",1,period_0856,14.000000,-11.7488,6.0308,88.4304,75.6790,12.7514
"SoftPCA-F (alpha=1.00e-04, K=20/20)",1,period_0856,14.053333,-11.7714,5.9285,88.4910,75.6790,12.8120
"SoftPCA-F (alpha=1.00e-04, K=20/20)",1,period_0856,14.106667,-11.6684,5.5220,88.3765,75.6790,12.6975
"SoftPCA-F (alpha=1.00e-04, K=20/20)",1,period_0856,14.160000,-11.7781,5.1592,88.4135,75.6790,12.7345
"SoftPCA-F (alpha=1.00e-04, K=20/20)",1,period_0856,14.200000,-11.7691,4.9171,88.5212,75.6790,12.8421
"SoftPCA-F (alpha=1.00e-04, K=20/20)",1,period_0856,14.253333,-11.7229,5.5644,88.4091,75.6790,12.7300
"SoftPCA-F (alpha=1.00e-04, K=20/20)",1,period_0856,14.306667,-11.7255,5.3243,88.6369,75.6790,12.9578
"SoftPCA-F (alpha=1.00e-04, K=20/20)",1,period_0856,14.360000,-11.7407,5.8156,88.5562,75.6790,12.8772
"SoftPCA-F (alpha=1.00e-04, K=20/20)",1,period_0856,14.400000,-11.7620,5.4273,88.4722,75.6790,12.7931
"SoftPCA-F (alpha=1.00e-04, K=20/20)",1,period_0856,14.453333,-11.7668,5.8185,88.4103,75.6790,12.7313
"SoftPCA-F (alpha=1.00e-04, K=20/20)",1,period_0856,14.506667,-11.6300,4.7526,88.2788,75.6790,12.5998
"SoftPCA-F (alpha=1.00e-04, K=20/20)",1,period_0856,14.560000,-11.7080,5.3964,88.2193,75.6790,12.5402
"SoftPCA-F (alpha=1.00e-04, K=20/20)",1,period_0856,14.600000,-11.6468,6.7327,88.2394,75.6790,12.5604
"SoftPCA-F (alpha=1.00e-04, K=20/20)",1,period_0856,14.653333,-11.6507,5.2568,88.3252,75.6790,12.6461
"SoftPCA-F (alpha=1.00e-04, K=20/20)",1,period_0856,14.706667,-11.5589,7.1059,88.2209,75.6790,12.5419
"SoftPCA-F (alpha=1.00e-04, K=20/20)",1,period_0856,14.760000,-11.6613,5.0628,88.2043,75.6790,12.5253
"SoftPCA-F (alpha=1.00e-04, K=20/20)",1,period_0856,14.800000,-11.7078,4.9296,88.4049,75.6790,12.7259
"SoftPCA-F (alpha=1.00e-04, K=20/20)",1,period_0856,14.853333,-11.6608,7.7699,88.4197,75.6790,12.7407
"SoftPCA-F (alpha=1.00e-04, K=20/20)",1,period_0856,14.906667,-11.6437,3.3394,88.4599,75.6790,12.7809
"SoftPCA-F (alpha=1.00e-04, K=20/20)",1,period_0856,14.960000,-11.6578,5.8127,88.3939,75.6790,12.7149
"SoftPCA-F (alpha=1.00e-04, K=20/20)",1,period_0856,15.000000,-11.6219,5.6365,88.7848,75.6790,13.1058
"SoftPCA-F (alpha=1.00e-04, K=20/20)",1,period_0856,15.053333,-11.5852,4.4117,88.7386,75.6790,13.0596
"SoftPCA-F (alpha=1.00e-04, K=20/20)",1,period_0856,15.106667,-11.6260,5.4356,88.6629,75.6790,12.9839
"SoftPCA-F (alpha=1.00e-04, K=20/20)",1,period_0856,15.160000,-11.5184,4.1929,88.5269,75.6790,12.8478
"SoftPCA-F (alpha=1.00e-04, K=20/20)",1,period_0856,15.200000,-11.6164,7.7509,88.3818,75.6790,12.7027
"SoftPCA-F (alpha=1.00e-04, K=20/20)",1,period_0856,15.253333,-11.5366,4.0996,88.2841,75.6790,12.6051
"SoftPCA-F (alpha=1.00e-04, K=20/20)",1,period_0856,15.306667,-11.5336,6.1509,88.3043,75.6790,12.6253
"SoftPCA-F (alpha=1.00e-04, K=20/20)",1,period_0856,15.360000,-11.6317,4.7873,88.2775,75.6790,12.5985
"SoftPCA-F (alpha=1.00e-04, K=20/20)",1,period_0856,15.400000,-11.5727,5.1758,88.3019,75.6790,12.6228
"SoftPCA-F (alpha=1.00e-04, K=20/20)",1,period_0856,15.453333,-11.5626,4.6649,88.3619,75.6790,12.6828
"SoftPCA-F (alpha=1.00e-04, K=20/20)",1,period_0856,15.506667,-11.6205,5.0900,88.4350,75.6790,12.7560
"SoftPCA-F (alpha=1.00e-04, K=20/20)",1,period_0856,15.560000,-11.6352,5.6025,88.3265,75.6790,12.6475
"SoftPCA-F (alpha=1.00e-04, K=20/20)",1,period_0856,15.600000,-11.6415,5.6497,88.5800,75.6790,12.9009
"SoftPCA-F (alpha=1.00e-04, K=20/20)",1,period_0856,15.653333,-11.5840,6.3182,88.5711,75.6790,12.8921
"SoftPCA-F (alpha=1.00e-04, K=20/20)",1,period_0856,15.706667,-11.6184,5.7273,88.4475,75.6790,12.7685
"SoftPCA-F (alpha=1.00e-04, K=20/20)",1,period_0856,15.760000,-11.6359,5.5823,88.4562,75.6790,12.7772
"SoftPCA-F (alpha=1.00e-04, K=20/20)",1,period_0856,15.800000,-11.5946,4.3866,88.4329,75.6790,12.7538
"SoftPCA-F (alpha=1.00e-04, K=20/20)",1,period_0856,15.853333,-11.4873,5.5168,88.3960,75.6790,12.7170
"SoftPCA-F (alpha=1.00e-04, K=20/20)",1,period_0856,15.906667,-11.5466,6.3620,88.3057,75.6790,12.6267
"SoftPCA-F (alpha=1.00e-04, K=20/20)",1,period_0856,15.960000,-11.5065,5.5803,88.4385,75.6790,12.7595
"SoftPCA-F (alpha=1.00e-04, K=20/20)",1,period_0856,16.000000,-11.5880,4.6445,88.4599,75.6790,12.7808
"SoftPCA-F (alpha=1.00e-04, K=20/20)",1,period_0856,16.053333,-11.4693,6.3140,88.2351,75.6790,12.5560
"SoftPCA-F (alpha=1.00e-04, K=20/20)",1,period_0856,16.106667,-11.5894,4.5241,88.1490,75.6790,12.4700
"SoftPCA-F (alpha=1.00e-04, K=20/20)",1,period_0856,16.160000,-11.5956,5.9884,88.1720,75.6790,12.4929
"SoftPCA-F (alpha=1.00e-04, K=20/20)",1,period_0856,16.200000,-11.6279,6.0372,88.2351,75.6790,12.5561
"SoftPCA-F (alpha=1.00e-04, K=20/20)",1,period_0856,16.253333,-11.5732,5.8119,88.1702,75.6790,12.4912
"SoftPCA-F (alpha=1.00e-04, K=20/20)",1,period_0856,16.306667,-11.4492,5.3127,88.1199,75.6790,12.4409
"SoftPCA-F (alpha=1.00e-04, K=20/20)",1,period_0856,16.360000,-11.5525,5.3723,88.0182,75.6790,12.3392
"SoftPCA-F (alpha=1.00e-04, K=20/20)",1,period_0856,16.400000,-11.5365,5.4676,87.9562,75.6790,12.2772
"SoftPCA-F (alpha=1.00e-04, K=20/20)",1,period_0856,16.453333,-11.4545,4.8973,87.9493,75.6790,12.2703
"SoftPCA-F (alpha=1.00e-04, K=20/20)",1,period_0856,16.506667,-11.3543,4.0679,87.9588,75.6790,12.2798
"SoftPCA-F (alpha=1.00e-04, K=20/20)",1,period_0856,16.560000,-11.4267,6.0605,87.9267,75.6790,12.2477
"SoftPCA-F (alpha=1.00e-04, K=20/20)",1,period_0856,16.600000,-11.4453,5.8787,87.8617,75.6790,12.1826
"SoftPCA-F (alpha=1.00e-04, K=20/20)",1,period_0856,16.653333,-11.4822,5.5523,87.8688,75.6790,12.1897
"SoftPCA-F (alpha=1.00e-04, K=20/20)",1,period_0856,16.706667,-11.5832,4.6160,87.8220,75.6790,12.1430
"SoftPCA-F (alpha=1.00e-04, K=20/20)",1,period_0856,16.760000,-11.6279,5.3075,87.8303,75.6790,12.1513
"SoftPCA-F (alpha=1.00e-04, K=20/20)",1,period_0856,16.800000,-11.5596,4.0367,87.7950,75.6790,12.1160
"SoftPCA-F (alpha=1.00e-04, K=20/20)",1,period_0856,16.853333,-11.6026,5.8543,87.8728,75.6790,12.1938
"SoftPCA-F (alpha=1.00e-04, K=20/20)",1,period_0856,16.906667,-11.5943,6.4007,87.9320,75.6790,12.2530
"SoftPCA-F (alpha=1.00e-04, K=20/20)",1,period_0856,16.960000,-11.4774,4.8746,87.9660,75.6790,12.2870
"SoftPCA-F (alpha=1.00e-04, K=20/20)",1,period_0856,17.000000,-11.4846,6.0657,88.0579,75.6790,12.3788
"SoftPCA-F (alpha=1.00e-04, K=20/20)",1,period_0856,17.053333,-11.4751,5.5686,88.0469,75.6790,12.3678
"SoftPCA-F (alpha=1.00e-04, K=20/20)",1,period_0856,17.106667,-11.4787,5.7645,88.2257,75.6790,12.5466
"SoftPCA-F (alpha=1.00e-04, K=20/20)",1,period_0856,17.160000,-11.5204,4.3250,88.3202,75.6790,12.6412
"SoftPCA-F (alpha=1.00e-04, K=20/20)",1,period_0856,17.200000,-11.5423,5.4167,88.3036,75.6790,12.6246
"SoftPCA-F (alpha=1.00e-04, K=20/20)",1,period_0856,17.253333,-11.5522,5.8096,88.3518,75.6790,12.6728
"SoftPCA-F (alpha=1.00e-04, K=20/20)",1,period_0856,17.306667,-11.5977,6.3943,88.2792,75.6790,12.6002
"SoftPCA-F (alpha=1.00e-04, K=20/20)",1,period_0856,17.360000,-11.5914,5.2461,88.2815,75.6790,12.6024
"SoftPCA-F (alpha=1.00e-04, K=20/20)",1,period_0856,17.400000,-11.5500,5.2203,88.3852,75.6790,12.7062
"SoftPCA-F (alpha=1.00e-04, K=20/20)",1,period_0856,17.453333,-11.5575,5.4176,88.2380,75.6790,12.5589
"SoftPCA-F (alpha=1.00e-04, K=20/20)",1,period_0856,17.506667,-11.5800,4.7294,88.1858,75.6790,12.5068
"SoftPCA-F (alpha=1.00e-04, K=20/20)",1,period_0856,17.560000,-11.5700,5.3578,88.1860,75.6790,12.5070
"SoftPCA-F (alpha=1.00e-04, K=20/20)",1,period_0856,17.600000,-11.5159,5.3395,88.3100,75.6790,12.6310
"SoftPCA-F (alpha=1.00e-04, K=20/20)",1,period_0856,17.653333,-11.6369,5.4891,88.3878,75.6790,12.7088
"SoftPCA-F (alpha=1.00e-04, K=20/20)",1,period_0856,17.706667,-11.6503,6.3117,88.4928,75.6790,12.8138
"SoftPCA-F (alpha=1.00e-04, K=20/20)",1,period_0856,17.760000,-11.7270,5.5369,88.4470,75.6790,12.7680
"SoftPCA-F (alpha=1.00e-04, K=20/20)",1,period_0856,17.800000,-11.7246,4.5613,88.4174,75.6790,12.7384
"SoftPCA-F (alpha=1.00e-04, K=20/20)",1,period_0856,17.853333,-11.6108,4.3156,88.4134,75.6790,12.7344
"SoftPCA-F (alpha=1.00e-04, K=20/20)",1,period_0856,17.906667,-11.6385,4.7206,88.3464,75.6790,12.6674
"SoftPCA-F (alpha=1.00e-04, K=20/20)",1,period_0856,17.960000,-11.6516,6.0059,88.5234,75.6790,12.8444
"SoftPCA-F (alpha=1.00e-04, K=20/20)",1,period_0856,18.000000,-11.6241,4.2722,88.3709,75.6790,12.6919
"SoftPCA-F (alpha=1.00e-04, K=20/20)",1,period_0856,18.053333,-11.6332,5.6738,88.4047,75.6790,12.7256
"SoftPCA-F (alpha=1.00e-04, K=20/20)",1,period_0856,18.106667,-11.5303,5.1094,88.2855,75.6790,12.6065
"SoftPCA-F (alpha=1.00e-04, K=20/20)",1,period_0856,18.160000,-11.4314,4.2182,88.4667,75.6790,12.7877
"SoftPCA-F (alpha=1.00e-04, K=20/20)",1,period_0856,18.200000,-11.4802,4.9386,88.4122,75.6790,12.7332
"SoftPCA-F (alpha=1.00e-04, K=20/20)",1,period_0856,18.253333,-11.4020,5.4084,88.3232,75.6790,12.6442
"SoftPCA-F (alpha=1.00e-04, K=20/20)",1,period_0856,18.306667,-11.4217,5.5984,88.1623,75.6790,12.4832
"SoftPCA-F (alpha=1.00e-04, K=20/20)",1,period_0856,18.360000,-11.6006,4.6215,88.1456,75.6790,12.4666
"SoftPCA-F (alpha=1.00e-04, K=20/20)",1,period_0856,18.400000,-11.6100,5.0944,88.2290,75.6790,12.5499
"SoftPCA-F (alpha=1.00e-04, K=20/20)",1,period_0856,18.453333,-11.6078,5.8812,88.2498,75.6790,12.5707
"SoftPCA-F (alpha=1.00e-04, K=20/20)",1,period_0856,18.506667,-11.5643,5.1194,88.3209,75.6790,12.6418
"SoftPCA-F (alpha=1.00e-04, K=20/20)",1,period_0856,18.560000,-11.4696,5.9644,88.2843,75.6790,12.6053
"SoftPCA-F (alpha=1.00e-04, K=20/20)",1,period_0856,18.600000,-11.3774,6.7292,88.1794,75.6790,12.5004
"SoftPCA-F (alpha=1.00e-04, K=20/20)",1,period_0856,18.653333,-11.3922,3.5517,88.1638,75.6790,12.4848
"SoftPCA-F (alpha=1.00e-04, K=20/20)",1,period_0856,18.706667,-11.4620,5.3186,88.2688,75.6790,12.5897
"SoftPCA-F (alpha=1.00e-04, K=20/20)",1,period_0856,18.760000,-11.5397,4.1053,88.1470,75.6790,12.4680
"SoftPCA-F (alpha=1.00e-04, K=20/20)",1,period_0856,18.800000,-11.5988,6.1546,88.1158,75.6790,12.4367
"SoftPCA-F (alpha=1.00e-04, K=20/20)",1,period_0856,18.853333,-11.5778,5.7942,88.0786,75.6790,12.3996
"SoftPCA-F (alpha=1.00e-04, K=20/20)",1,period_0856,18.906667,-11.5321,4.6188,88.1009,75.6790,12.4218
"SoftPCA-F (alpha=1.00e-04, K=20/20)",1,period_0856,18.960000,-11.4276,4.9758,88.0247,75.6790,12.3456
"SoftPCA-F (alpha=1.00e-04, K=20/20)",1,period_0856,19.000000,-11.4228,6.1796,88.0205,75.6790,12.3414
"SoftPCA-F (alpha=1.00e-04, K=20/20)",1,period_0856,19.053333,-11.3636,4.8208,87.9883,75.6790,12.3092
"SoftPCA-F (alpha=1.00e-04, K=20/20)",1,period_0856,19.106667,-11.4275,5.8628,88.3912,75.6790,12.7122
"SoftPCA-F (alpha=1.00e-04, K=20/20)",1,period_0856,19.160000,-11.5146,4.9403,88.1814,75.6790,12.5024
"SoftPCA-F (alpha=1.00e-04, K=20/20)",1,period_0856,19.200000,-11.5638,6.9915,88.2029,75.6790,12.5239
"SoftPCA-F (alpha=1.00e-04, K=20/20)",1,period_0856,19.253333,-11.5274,5.0591,88.2062,75.6790,12.5271
"SoftPCA-F (alpha=1.00e-04, K=20/20)",1,period_0856,19.306667,-11.5982,4.6579,88.0815,75.6790,12.4025
"SoftPCA-F (alpha=1.00e-04, K=20/20)",1,period_0856,19.360000,-11.5992,6.6714,88.0873,75.6790,12.4082
"SoftPCA-F (alpha=1.00e-04, K=20/20)",1,period_0856,19.400000,-11.5151,4.8864,88.0964,75.6790,12.4174
"SoftPCA-F (alpha=1.00e-04, K=20/20)",1,period_0856,19.453333,-11.4828,5.4530,88.2604,75.6790,12.5814
"SoftPCA-F (alpha=1.00e-04, K=20/20)",1,period_0856,19.506667,-11.5163,4.7320,88.1733,75.6790,12.4943
"SoftPCA-F (alpha=1.00e-04, K=20/20)",1,period_0856,19.560000,-11.4091,3.7008,88.1263,75.6790,12.4473
"SoftPCA-F (alpha=1.00e-04, K=20/20)",1,period_0856,19.600000,-11.4397,6.5195,88.1284,75.6790,12.4494
"SoftPCA-F (alpha=1.00e-04, K=20/20)",1,period_0856,19.653333,-11.4521,4.4533,88.0658,75.6790,12.3868
"SoftPCA-F (alpha=1.00e-04, K=20/20)",1,period_0856,19.706667,-11.4847,5.5960,88.0781,75.6790,12.3991
"SoftPCA-F (alpha=1.00e-04, K=20/20)",1,period_0856,19.760000,-11.4650,4.9554,88.0631,75.6790,12.3840
"SoftPCA-F (alpha=1.00e-04, K=20/20)",1,period_0856,19.800000,-11.4116,6.6510,88.0083,75.6790,12.3293
"SoftPCA-F (alpha=1.00e-04, K=20/20)",1,period_0856,19.853333,-11.4955,4.8929,87.9694,75.6790,12.2904
"SoftPCA-F (alpha=1.00e-04, K=20/20)",1,period_0856,19.906667,-11.5390,6.3662,87.9455,75.6790,12.2665
"SoftPCA-F (alpha=1.00e-04, K=20/20)",1,period_0856,19.960000,-11.5226,5.1459,87.9957,75.6790,12.3166
"SoftPCA-F (alpha=1.00e-04, K=20/20)",1,period_0856,20.000000,-11.5466,7.1131,88.0964,75.6790,12.4174
"SoftPCA-F (alpha=1.00e-04, K=20/20)",2,period_0916,20.013333,-3.7251,-6.5226,77.5418,76.8005,0.7413
"SoftPCA-F (alpha=1.00e-04, K=20/20)",2,period_0916,20.053333,-4.4748,-2.0513,79.0292,76.8005,2.2287
"SoftPCA-F (alpha=1.00e-04, K=20/20)",2,period_0916,20.106667,-5.1951,0.0231,79.9403,76.8005,3.1398
"SoftPCA-F (alpha=1.00e-04, K=20/20)",2,period_0916,20.160000,-5.9239,0.9214,80.3966,76.8005,3.5961
"SoftPCA-F (alpha=1.00e-04, K=20/20)",2,period_0916,20.200000,-6.4054,1.0074,82.1211,76.8005,5.3206
"SoftPCA-F (alpha=1.00e-04, K=20/20)",2,period_0916,20.253333,-7.0487,2.0030,83.8214,76.8005,7.0209
"SoftPCA-F (alpha=1.00e-04, K=20/20)",2,period_0916,20.306667,-7.5435,1.8372,84.5112,76.8005,7.7107
"SoftPCA-F (alpha=1.00e-04, K=20/20)",2,period_0916,20.360000,-8.0221,2.6157,84.8758,76.8005,8.0753
"SoftPCA-F (alpha=1.00e-04, K=20/20)",2,period_0916,20.400000,-8.4001,2.2397,85.7509,76.8005,8.9504
"SoftPCA-F (alpha=1.00e-04, K=20/20)",2,period_0916,20.453333,-8.8775,2.3220,86.3454,76.8005,9.5450
"SoftPCA-F (alpha=1.00e-04, K=20/20)",2,period_0916,20.506667,-9.2892,2.2796,86.6961,76.8005,9.8956
"SoftPCA-F (alpha=1.00e-04, K=20/20)",2,period_0916,20.560000,-9.7280,2.8192,86.9097,76.8005,10.1092
"SoftPCA-F (alpha=1.00e-04, K=20/20)",2,period_0916,20.600000,-9.9928,2.4997,87.0089,76.8005,10.2084
"SoftPCA-F (alpha=1.00e-04, K=20/20)",2,period_0916,20.653333,-10.4655,2.7574,87.2653,76.8005,10.4648
"SoftPCA-F (alpha=1.00e-04, K=20/20)",2,period_0916,20.706667,-10.7111,2.6804,87.3271,76.8005,10.5266
"SoftPCA-F (alpha=1.00e-04, K=20/20)",2,period_0916,20.760000,-10.9595,3.4851,87.4049,76.8005,10.6044
"SoftPCA-F (alpha=1.00e-04, K=20/20)",2,period_0916,20.800000,-11.2170,2.4286,87.5322,76.8005,10.7317
"SoftPCA-F (alpha=1.00e-04, K=20/20)",2,period_0916,20.853333,-11.4703,2.7018,87.6671,76.8005,10.8666
"SoftPCA-F (alpha=1.00e-04, K=20/20)",2,period_0916,20.906667,-11.7741,2.7366,87.8638,76.8005,11.0633
"SoftPCA-F (alpha=1.00e-04, K=20/20)",2,period_0916,20.960000,-11.8685,2.9391,88.2995,76.8005,11.4990
"SoftPCA-F (alpha=1.00e-04, K=20/20)",2,period_0916,21.000000,-12.1226,3.7088,88.4651,76.8005,11.6646
"SoftPCA-F (alpha=1.00e-04, K=20/20)",2,period_0916,21.053333,-12.3458,2.4600,88.5578,76.8005,11.7573
"SoftPCA-F (alpha=1.00e-04, K=20/20)",2,period_0916,21.106667,-12.6376,2.9342,88.7490,76.8005,11.9485
"SoftPCA-F (alpha=1.00e-04, K=20/20)",2,period_0916,21.160000,-12.8529,4.1566,89.0832,76.8005,12.2827
"SoftPCA-F (alpha=1.00e-04, K=20/20)",2,period_0916,21.200000,-12.9420,3.5583,89.1834,76.8005,12.3829
"SoftPCA-F (alpha=1.00e-04, K=20/20)",2,period_0916,21.253333,-13.0707,3.9876,89.3888,76.8005,12.5883
"SoftPCA-F (alpha=1.00e-04, K=20/20)",2,period_0916,21.306667,-13.2690,3.7540,89.6223,76.8005,12.8218
"SoftPCA-F (alpha=1.00e-04, K=20/20)",2,period_0916,21.360000,-13.3920,2.5374,89.8063,76.8005,13.0058
"SoftPCA-F (alpha=1.00e-04, K=20/20)",2,period_0916,21.400000,-13.6585,3.1946,89.7999,76.8005,12.9994
"SoftPCA-F (alpha=1.00e-04, K=20/20)",2,period_0916,21.453333,-13.8706,2.3754,89.9066,76.8005,13.1061
"SoftPCA-F (alpha=1.00e-04, K=20/20)",2,period_0916,21.506667,-13.7856,2.3412,89.9823,76.8005,13.1818
"SoftPCA-F (alpha=1.00e-04, K=20/20)",2,period_0916,21.560000,-13.9597,2.7568,90.3002,76.8005,13.4997
"SoftPCA-F (alpha=1.00e-04, K=20/20)",2,period_0916,21.600000,-14.1239,2.9072,90.4660,76.8005,13.6655
"SoftPCA-F (alpha=1.00e-04, K=20/20)",2,period_0916,21.653333,-14.2138,3.4930,90.5565,76.8005,13.7560
"SoftPCA-F (alpha=1.00e-04, K=20/20)",2,period_0916,21.706667,-14.1223,2.4785,90.7507,76.8005,13.9502
"SoftPCA-F (alpha=1.00e-04, K=20/20)",2,period_0916,21.760000,-14.3443,2.6325,90.9697,76.8005,14.1692
"SoftPCA-F (alpha=1.00e-04, K=20/20)",2,period_0916,21.800000,-14.4734,2.2380,91.1961,76.8005,14.3956
"SoftPCA-F (alpha=1.00e-04, K=20/20)",2,period_0916,21.853333,-14.6476,2.8795,91.2827,76.8005,14.4822
"SoftPCA-F (alpha=1.00e-04, K=20/20)",2,period_0916,21.906667,-14.4328,2.0502,89.3426,76.8005,12.5421
"SoftPCA-F (alpha=1.00e-04, K=20/20)",2,period_0916,21.960000,-14.4964,2.3805,88.6060,76.8005,11.8055
"SoftPCA-F (alpha=1.00e-04, K=20/20)",2,period_0916,22.000000,-14.9821,2.9285,91.7544,76.8005,14.9539
"SoftPCA-F (alpha=1.00e-04, K=20/20)",2,period_0916,22.053333,-14.9479,2.0738,91.9246,76.8005,15.1241
"SoftPCA-F (alpha=1.00e-04, K=20/20)",2,period_0916,22.106667,-15.2953,3.3661,91.9288,76.8005,15.1283
"SoftPCA-F (alpha=1.00e-04, K=20/20)",2,period_0916,22.160000,-15.0920,2.4274,90.2133,76.8005,13.4128
"SoftPCA-F (alpha=1.00e-04, K=20/20)",2,period_0916,22.200000,-15.0630,3.4503,89.1735,76.8005,12.3730
"SoftPCA-F (alpha=1.00e-04, K=20/20)",2,period_0916,22.253333,-15.0055,2.8077,90.1502,76.8005,13.3498
"SoftPCA-F (alpha=1.00e-04, K=20/20)",2,period_0916,22.306667,-15.1685,2.5380,89.8741,76.8005,13.0736
"SoftPCA-F (alpha=1.00e-04, K=20/20)",2,period_0916,22.360000,-15.1611,2.2642,88.9079,76.8005,12.1074
"SoftPCA-F (alpha=1.00e-04, K=20/20)",2,period_0916,22.400000,-15.3474,3.2869,90.2462,76.8005,13.4457
"SoftPCA-F (alpha=1.00e-04, K=20/20)",2,period_0916,22.453333,-15.5858,3.1944,92.1994,76.8005,15.3989
"SoftPCA-F (alpha=1.00e-04, K=20/20)",2,period_0916,22.506667,-15.8139,3.1184,93.3480,76.8005,16.5475
"SoftPCA-F (alpha=1.00e-04, K=20/20)",2,period_0916,22.560000,-15.6742,2.7022,93.1172,76.8005,16.3167
"SoftPCA-F (alpha=1.00e-04, K=20/20)",2,period_0916,22.600000,-15.6696,2.6100,92.8917,76.8005,16.0912
"SoftPCA-F (alpha=1.00e-04, K=20/20)",2,period_0916,22.653333,-15.6773,3.1717,93.6873,76.8005,16.8868
"SoftPCA-F (alpha=1.00e-04, K=20/20)",2,period_0916,22.706667,-15.9848,2.8546,93.6414,76.8005,16.8409
"SoftPCA-F (alpha=1.00e-04, K=20/20)",2,period_0916,22.760000,-15.9030,3.1026,92.9352,76.8005,16.1347
"SoftPCA-F (alpha=1.00e-04, K=20/20)",2,period_0916,22.800000,-15.9877,3.8073,93.6527,76.8005,16.8522
"SoftPCA-F (alpha=1.00e-04, K=20/20)",2,period_0916,22.853333,-15.9511,3.6418,93.6401,76.8005,16.8396
"SoftPCA-F (alpha=1.00e-04, K=20/20)",2,period_0916,22.906667,-15.9040,3.3472,91.8838,76.8005,15.0833
"SoftPCA-F (alpha=1.00e-04, K=20/20)",2,period_0916,22.960000,-15.7586,2.9816,93.5919,76.8005,16.7914
"SoftPCA-F (alpha=1.00e-04, K=20/20)",2,period_0916,23.000000,-15.8590,3.7451,91.7193,76.8005,14.9188
"SoftPCA-F (alpha=1.00e-04, K=20/20)",2,period_0916,23.053333,-15.9278,3.1605,90.6009,76.8005,13.8004
"SoftPCA-F (alpha=1.00e-04, K=20/20)",2,period_0916,23.106667,-15.8340,2.5440,91.3620,76.8005,14.5615
"SoftPCA-F (alpha=1.00e-04, K=20/20)",2,period_0916,23.160000,-15.7542,4.4075,92.5110,76.8005,15.7105
"SoftPCA-F (alpha=1.00e-04, K=20/20)",2,period_0916,23.200000,-15.8757,2.3813,92.8789,76.8005,16.0784
"SoftPCA-F (alpha=1.00e-04, K=20/20)",2,period_0916,23.253333,-15.9090,3.0557,93.8982,76.8005,17.0977
"SoftPCA-F (alpha=1.00e-04, K=20/20)",2,period_0916,23.306667,-15.9884,3.9033,93.0150,76.8005,16.2145
"SoftPCA-F (alpha=1.00e-04, K=20/20)",2,period_0916,23.360000,-16.0597,3.7097,92.0988,76.8005,15.2983
"SoftPCA-F (alpha=1.00e-04, K=20/20)",2,period_0916,23.400000,-15.7598,3.7650,91.8514,76.8005,15.0509
"SoftPCA-F (alpha=1.00e-04, K=20/20)",2,period_0916,23.453333,-15.7488,3.1460,93.3035,76.8005,16.5030
"SoftPCA-F (alpha=1.00e-04, K=20/20)",2,period_0916,23.506667,-15.9055,2.5674,91.5681,76.8005,14.7676
"SoftPCA-F (alpha=1.00e-04, K=20/20)",2,period_0916,23.560000,-15.7482,2.7861,90.2596,76.8005,13.4591
"SoftPCA-F (alpha=1.00e-04, K=20/20)",2,period_0916,23.600000,-15.8511,3.9758,90.5954,76.8005,13.7949
"SoftPCA-F (alpha=1.00e-04, K=20/20)",2,period_0916,23.653333,-15.7116,3.4183,90.3206,76.8005,13.5201
"SoftPCA-F (alpha=1.00e-04, K=20/20)",2,period_0916,23.706667,-15.5790,3.8626,91.3294,76.8005,14.5289
"SoftPCA-F (alpha=1.00e-04, K=20/20)",2,period_0916,23.760000,-15.3871,2.6828,90.6752,76.8005,13.8747
"SoftPCA-F (alpha=1.00e-04, K=20/20)",2,period_0916,23.800000,-15.6106,2.1385,90.4556,76.8005,13.6551
"SoftPCA-F (alpha=1.00e-04, K=20/20)",2,period_0916,23.853333,-15.5946,4.1070,91.8332,76.8005,15.0327
"SoftPCA-F (alpha=1.00e-04, K=20/20)",2,period_0916,23.906667,-15.9924,2.7690,94.6518,76.8005,17.8513
"SoftPCA-F (alpha=1.00e-04, K=20/20)",2,period_0916,23.960000,-16.1046,2.5434,94.6260,76.8005,17.8255
"SoftPCA-F (alpha=1.00e-04, K=20/20)",2,period_0916,24.000000,-16.1903,2.3737,94.4515,76.8005,17.6511
"SoftPCA-F (alpha=1.00e-04, K=20/20)",2,period_0916,24.053333,-16.1719,3.7581,93.8690,76.8005,17.0685
"SoftPCA-F (alpha=1.00e-04, K=20/20)",2,period_0916,24.106667,-16.2544,3.5357,94.7086,76.8005,17.9081
"SoftPCA-F (alpha=1.00e-04, K=20/20)",2,period_0916,24.160000,-16.3991,3.2799,92.4995,76.8005,15.6990
"SoftPCA-F (alpha=1.00e-04, K=20/20)",2,period_0916,24.200000,-16.3763,2.8640,91.0995,76.8005,14.2990
"SoftPCA-F (alpha=1.00e-04, K=20/20)",2,period_0916,24.253333,-16.3519,2.5019,90.7502,76.8005,13.9497
"SoftPCA-F (alpha=1.00e-04, K=20/20)",2,period_0916,24.306667,-16.3156,2.4621,92.2303,76.8005,15.4298
"SoftPCA-F (alpha=1.00e-04, K=20/20)",2,period_0916,24.360000,-16.2998,3.6075,91.6739,76.8005,14.8734
"SoftPCA-F (alpha=1.00e-04, K=20/20)",2,period_0916,24.400000,-16.1115,2.9483,91.1131,76.8005,14.3126
"SoftPCA-F (alpha=1.00e-04, K=20/20)",2,period_0916,24.453333,-16.0626,2.5134,91.7828,76.8005,14.9823
"SoftPCA-F (alpha=1.00e-04, K=20/20)",2,period_0916,24.506667,-16.2677,3.1186,91.7666,76.8005,14.9661
"SoftPCA-F (alpha=1.00e-04, K=20/20)",2,period_0916,24.560000,-16.1906,1.9953,91.6591,76.8005,14.8586
"SoftPCA-F (alpha=1.00e-04, K=20/20)",2,period_0916,24.600000,-16.1291,2.0501,89.6907,76.8005,12.8902
"SoftPCA-F (alpha=1.00e-04, K=20/20)",2,period_0916,24.653333,-16.0396,2.6400,91.2357,76.8005,14.4352
"SoftPCA-F (alpha=1.00e-04, K=20/20)",2,period_0916,24.706667,-16.2787,3.0021,94.6241,76.8005,17.8236
"SoftPCA-F (alpha=1.00e-04, K=20/20)",2,period_0916,24.760000,-16.0872,3.9587,94.1320,76.8005,17.3315
"SoftPCA-F (alpha=1.00e-04, K=20/20)",2,period_0916,24.800000,-15.9882,2.6028,93.5601,76.8005,16.7596
"SoftPCA-F (alpha=1.00e-04, K=20/20)",2,period_0916,24.853333,-16.1333,3.7267,92.9118,76.8005,16.1113
"SoftPCA-F (alpha=1.00e-04, K=20/20)",2,period_0916,24.906667,-16.3977,2.2648,92.8738,76.8005,16.0733
"SoftPCA-F (alpha=1.00e-04, K=20/20)",2,period_0916,24.960000,-16.3994,2.4400,94.6797,76.8005,17.8792
"SoftPCA-F (alpha=1.00e-04, K=20/20)",2,period_0916,25.000000,-16.3711,3.4651,92.9427,76.8005,16.1422
"SoftPCA-F (alpha=1.00e-04, K=20/20)",2,period_0916,25.053333,-16.5580,2.7163,93.7564,76.8005,16.9559
"SoftPCA-F (alpha=1.00e-04, K=20/20)",2,period_0916,25.106667,-16.2841,3.1501,94.8194,76.8005,18.0189
"SoftPCA-F (alpha=1.00e-04, K=20/20)",2,period_0916,25.160000,-16.4245,3.2148,94.1548,76.8005,17.3543
"SoftPCA-F (alpha=1.00e-04, K=20/20)",2,period_0916,25.200000,-16.4602,2.8420,95.7511,76.8005,18.9506
"SoftPCA-F (alpha=1.00e-04, K=20/20)",2,period_0916,25.253333,-16.5081,3.0635,94.3899,76.8005,17.5894
"SoftPCA-F (alpha=1.00e-04, K=20/20)",2,period_0916,25.306667,-16.4587,3.4892,92.5872,76.8005,15.7867
"SoftPCA-F (alpha=1.00e-04, K=20/20)",2,period_0916,25.360000,-16.4879,2.7541,93.5272,76.8005,16.7267
"SoftPCA-F (alpha=1.00e-04, K=20/20)",2,period_0916,25.400000,-16.3615,3.3902,93.4268,76.8005,16.6263
"SoftPCA-F (alpha=1.00e-04, K=20/20)",2,period_0916,25.453333,-16.5809,3.3689,95.2872,76.8005,18.4867
"SoftPCA-F (alpha=1.00e-04, K=20/20)",2,period_0916,25.506667,-16.6471,1.8934,93.6270,76.8005,16.8265
"SoftPCA-F (alpha=1.00e-04, K=20/20)",2,period_0916,25.560000,-16.5494,3.3398,93.5603,76.8005,16.7598
"SoftPCA-F (alpha=1.00e-04, K=20/20)",2,period_0916,25.600000,-16.6104,2.4175,93.5835,76.8005,16.7830
"SoftPCA-F (alpha=1.00e-04, K=20/20)",2,period_0916,25.653333,-16.5747,3.2666,95.8304,76.8005,19.0299
"SoftPCA-F (alpha=1.00e-04, K=20/20)",2,period_0916,25.706667,-16.4888,3.1250,94.8266,76.8005,18.0261
"SoftPCA-F (alpha=1.00e-04, K=20/20)",2,period_0916,25.760000,-16.3163,2.4229,92.3171,76.8005,15.5166
"SoftPCA-F (alpha=1.00e-04, K=20/20)",2,period_0916,25.800000,-16.2870,3.2854,93.7018,76.8005,16.9013
"SoftPCA-F (alpha=1.00e-04, K=20/20)",2,period_0916,25.853333,-16.5000,2.4719,94.4384,76.8005,17.6380
"SoftPCA-F (alpha=1.00e-04, K=20/20)",2,period_0916,25.906667,-16.4118,3.7034,93.7011,76.8005,16.9006
"SoftPCA-F (alpha=1.00e-04, K=20/20)",2,period_0916,25.960000,-16.4022,2.5310,94.1960,76.8005,17.3955
"SoftPCA-F (alpha=1.00e-04, K=20/20)",2,period_0916,26.000000,-16.4297,2.6057,94.5141,76.8005,17.7136
"SoftPCA-F (alpha=1.00e-04, K=20/20)",2,period_0916,26.053333,-16.4081,3.1430,94.8696,76.8005,18.0691
"SoftPCA-F (alpha=1.00e-04, K=20/20)",2,period_0916,26.106667,-16.5069,2.4637,94.0950,76.8005,17.2945
"SoftPCA-F (alpha=1.00e-04, K=20/20)",2,period_0916,26.160000,-16.4300,2.5874,91.8462,76.8005,15.0457
"SoftPCA-F (alpha=1.00e-04, K=20/20)",2,period_0916,26.200000,-16.5464,3.1792,92.2177,76.8005,15.4172
"SoftPCA-F (alpha=1.00e-04, K=20/20)",2,period_0916,26.253333,-16.3461,3.3839,91.3310,76.8005,14.5305
"SoftPCA-F (alpha=1.00e-04, K=20/20)",2,period_0916,26.306667,-16.5571,3.1550,92.3242,76.8005,15.5237
"SoftPCA-F (alpha=1.00e-04, K=20/20)",2,period_0916,26.360000,-16.4571,2.8561,92.4608,76.8005,15.6603
"SoftPCA-F (alpha=1.00e-04, K=20/20)",2,period_0916,26.400000,-16.2878,3.8692,92.0128,76.8005,15.2123
"SoftPCA-F (alpha=1.00e-04, K=20/20)",2,period_0916,26.453333,-16.4488,2.8552,91.5158,76.8005,14.7153
"SoftPCA-F (alpha=1.00e-04, K=20/20)",2,period_0916,26.506667,-16.4074,2.6567,92.2705,76.8005,15.4700
"SoftPCA-F (alpha=1.00e-04, K=20/20)",2,period_0916,26.560000,-16.5425,2.7129,92.9703,76.8005,16.1698
"SoftPCA-F (alpha=1.00e-04, K=20/20)",2,period_0916,26.600000,-16.5567,3.6198,92.9715,76.8005,16.1710
"SoftPCA-F (alpha=1.00e-04, K=20/20)",2,period_0916,26.653333,-16.5239,3.2688,93.7830,76.8005,16.9825
"SoftPCA-F (alpha=1.00e-04, K=20/20)",2,period_0916,26.706667,-16.2415,2.9075,92.6279,76.8005,15.8274
"SoftPCA-F (alpha=1.00e-04, K=20/20)",2,period_0916,26.760000,-16.2233,2.7812,93.4041,76.8005,16.6036
"SoftPCA-F (alpha=1.00e-04, K=20/20)",2,period_0916,26.800000,-16.4850,3.6469,93.8823,76.8005,17.0818
"SoftPCA-F (alpha=1.00e-04, K=20/20)",2,period_0916,26.853333,-16.5018,2.5642,93.7043,76.8005,16.9038
"SoftPCA-F (alpha=1.00e-04, K=20/20)",2,period_0916,26.906667,-16.6560,2.9865,94.3988,76.8005,17.5983
"SoftPCA-F (alpha=1.00e-04, K=20/20)",2,period_0916,26.960000,-16.3355,2.3203,95.8356,76.8005,19.0351
"SoftPCA-F (alpha=1.00e-04, K=20/20)",2,period_0916,27.000000,-16.3485,4.3912,94.4423,76.8005,17.6418
"SoftPCA-F (alpha=1.00e-04, K=20/20)",2,period_0916,27.053333,-16.6220,2.5131,91.3020,76.8005,14.5015
"SoftPCA-F (alpha=1.00e-04, K=20/20)",2,period_0916,27.106667,-16.4448,3.8128,90.5045,76.8005,13.7040
"SoftPCA-F (alpha=1.00e-04, K=20/20)",2,period_0916,27.160000,-16.2661,3.9474,90.1826,76.8005,13.3821
"SoftPCA-F (alpha=1.00e-04, K=20/20)",2,period_0916,27.200000,-16.4067,2.1065,91.0514,76.8005,14.2509
"SoftPCA-F (alpha=1.00e-04, K=20/20)",2,period_0916,27.253333,-16.3898,3.0460,90.0604,76.8005,13.2599
"SoftPCA-F (alpha=1.00e-04, K=20/20)",2,period_0916,27.306667,-16.5026,2.4049,90.3850,76.8005,13.5845
"SoftPCA-F (alpha=1.00e-04, K=20/20)",2,period_0916,27.360000,-16.4118,3.2956,90.4177,76.8005,13.6172
"SoftPCA-F (alpha=1.00e-04, K=20/20)",2,period_0916,27.400000,-16.2436,3.5693,90.7820,76.8005,13.9815
"SoftPCA-F (alpha=1.00e-04, K=20/20)",2,period_0916,27.453333,-16.2866,2.6858,92.8424,76.8005,16.0419
"SoftPCA-F (alpha=1.00e-04, K=20/20)",2,period_0916,27.506667,-16.4660,2.7547,91.9676,76.8005,15.1671
"SoftPCA-F (alpha=1.00e-04, K=20/20)",2,period_0916,27.560000,-16.4176,3.8361,92.8147,76.8005,16.0143
"SoftPCA-F (alpha=1.00e-04, K=20/20)",2,period_0916,27.600000,-16.4125,3.0864,91.9002,76.8005,15.0997
"SoftPCA-F (alpha=1.00e-04, K=20/20)",2,period_0916,27.653333,-16.6383,3.8628,93.3013,76.8005,16.5008
"SoftPCA-F (alpha=1.00e-04, K=20/20)",2,period_0916,27.706667,-16.4978,2.8180,91.4863,76.8005,14.6858
"SoftPCA-F (alpha=1.00e-04, K=20/20)",2,period_0916,27.760000,-16.3145,2.6578,90.8573,76.8005,14.0568
"SoftPCA-F (alpha=1.00e-04, K=20/20)",2,period_0916,27.800000,-16.4736,3.0300,89.9574,76.8005,13.1569
"SoftPCA-F (alpha=1.00e-04, K=20/20)",2,period_0916,27.853333,-16.3485,2.6976,89.0910,76.8005,12.2905
"SoftPCA-F (alpha=1.00e-04, K=20/20)",2,period_0916,27.906667,-16.4230,2.6314,89.2094,76.8005,12.4089
"SoftPCA-F (alpha=1.00e-04, K=20/20)",2,period_0916,27.960000,-16.2729,3.4975,89.0456,76.8005,12.2451
"SoftPCA-F (alpha=1.00e-04, K=20/20)",2,period_0916,28.000000,-16.2057,3.6716,89.3462,76.8005,12.5457
"SoftPCA-F (alpha=1.00e-04, K=20/20)",2,period_0916,28.053333,-16.2031,3.3750,90.6264,76.8005,13.8259
"SoftPCA-F (alpha=1.00e-04, K=20/20)",2,period_0916,28.106667,-16.4695,3.2280,91.9091,76.8005,15.1086
"SoftPCA-F (alpha=1.00e-04, K=20/20)",2,period_0916,28.160000,-16.3814,3.0891,91.6446,76.8005,14.8441
"SoftPCA-F (alpha=1.00e-04, K=20/20)",2,period_0916,28.200000,-16.5787,3.3758,93.5481,76.8005,16.7476
"SoftPCA-F (alpha=1.00e-04, K=20/20)",2,period_0916,28.253333,-16.4028,3.5404,90.9368,76.8005,14.1363
"SoftPCA-F (alpha=1.00e-04, K=20/20)",2,period_0916,28.306667,-16.6034,2.3260,92.4568,76.8005,15.6563
"SoftPCA-F (alpha=1.00e-04, K=20/20)",2,period_0916,28.360000,-16.6224,2.8873,94.3613,76.8005,17.5608
"SoftPCA-F (alpha=1.00e-04, K=20/20)",2,period_0916,28.400000,-16.5780,3.3094,94.6784,76.8005,17.8779
"SoftPCA-F (alpha=1.00e-04, K=20/20)",2,period_0916,28.453333,-16.4962,3.9262,94.2608,76.8005,17.4603
"SoftPCA-F (alpha=1.00e-04, K=20/20)",2,period_0916,28.506667,-16.4110,3.8825,93.2401,76.8005,16.4396
"SoftPCA-F (alpha=1.00e-04, K=20/20)",2,period_0916,28.560000,-16.5752,2.8201,92.2197,76.8005,15.4192
"SoftPCA-F (alpha=1.00e-04, K=20/20)",2,period_0916,28.600000,-16.4652,2.8924,91.6194,76.8005,14.8189
"SoftPCA-F (alpha=1.00e-04, K=20/20)",2,period_0916,28.653333,-16.1958,3.9392,91.0198,76.8005,14.2194
"SoftPCA-F (alpha=1.00e-04, K=20/20)",2,period_0916,28.706667,-15.7577,2.2519,90.0645,76.8005,13.2640
"SoftPCA-F (alpha=1.00e-04, K=20/20)",2,period_0916,28.760000,-15.9994,3.4520,92.0994,76.8005,15.2989
"SoftPCA-F (alpha=1.00e-04, K=20/20)",2,period_0916,28.800000,-15.9870,1.5288,92.5434,76.8005,15.7429
"SoftPCA-F (alpha=1.00e-04, K=20/20)",2,period_0916,28.853333,-15.9883,4.4564,92.1653,76.8005,15.3648
"SoftPCA-F (alpha=1.00e-04, K=20/20)",2,period_0916,28.906667,-16.1084,2.0159,93.3958,76.8005,16.5953
"SoftPCA-F (alpha=1.00e-04, K=20/20)",2,period_0916,28.960000,-15.9931,2.8921,92.6002,76.8005,15.7997
"SoftPCA-F (alpha=1.00e-04, K=20/20)",2,period_0916,29.000000,-16.2542,4.9310,94.3487,76.8005,17.5482
"SoftPCA-F (alpha=1.00e-04, K=20/20)",2,period_0916,29.053333,-16.1823,2.8080,93.6662,76.8005,16.8657
"SoftPCA-F (alpha=1.00e-04, K=20/20)",2,period_0916,29.106667,-16.0711,2.6601,93.9364,76.8005,17.1359
"SoftPCA-F (alpha=1.00e-04, K=20/20)",2,period_0916,29.160000,-16.1155,2.1710,93.2630,76.8005,16.4626
"SoftPCA-F (alpha=1.00e-04, K=20/20)",2,period_0916,29.200000,-16.1641,4.1237,92.9351,76.8005,16.1346
"SoftPCA-F (alpha=1.00e-04, K=20/20)",2,period_0916,29.253333,-16.1116,2.8886,91.7544,76.8005,14.9539
"SoftPCA-F (alpha=1.00e-04, K=20/20)",2,period_0916,29.306667,-15.6997,2.3273,87.9980,76.8005,11.1975
"SoftPCA-F (alpha=1.00e-04, K=20/20)",2,period_0916,29.360000,-15.9900,3.2320,88.7898,76.8005,11.9893
"SoftPCA-F (alpha=1.00e-04, K=20/20)",2,period_0916,29.400000,-16.2086,3.1898,90.3548,76.8005,13.5543
"SoftPCA-F (alpha=1.00e-04, K=20/20)",2,period_0916,29.453333,-16.2195,2.4268,90.4840,76.8005,13.6835
"SoftPCA-F (alpha=1.00e-04, K=20/20)",2,period_0916,29.506667,-16.3708,3.1932,94.0186,76.8005,17.2181
"SoftPCA-F (alpha=1.00e-04, K=20/20)",2,period_0916,29.560000,-16.4887,2.6612,95.3139,76.8005,18.5134
"SoftPCA-F (alpha=1.00e-04, K=20/20)",2,period_0916,29.600000,-16.3424,2.7972,93.2506,76.8005,16.4501
"SoftPCA-F (alpha=1.00e-04, K=20/20)",2,period_0916,29.653333,-16.3665,3.2464,93.1695,76.8005,16.3690
"SoftPCA-F (alpha=1.00e-04, K=20/20)",2,period_0916,29.706667,-16.2937,3.7724,92.0103,76.8005,15.2098
"SoftPCA-F (alpha=1.00e-04, K=20/20)",2,period_0916,29.760000,-16.3099,2.7473,91.8069,76.8005,15.0064
"SoftPCA-F (alpha=1.00e-04, K=20/20)",2,period_0916,29.800000,-16.2003,3.1001,92.1349,76.8005,15.3344
"SoftPCA-F (alpha=1.00e-04, K=20/20)",2,period_0916,29.853333,-16.2018,3.5867,93.9114,76.8005,17.1109
"SoftPCA-F (alpha=1.00e-04, K=20/20)",2,period_0916,29.906667,-16.4533,3.1421,94.3973,76.8005,17.5968
"SoftPCA-F (alpha=1.00e-04, K=20/20)",2,period_0916,29.960000,-16.4462,2.9163,93.3231,76.8005,16.5227
"SoftPCA-F (alpha=1.00e-04, K=20/20)",2,period_0916,30.000000,-16.4183,3.2585,92.2452,76.8005,15.4447
"SoftPCA-F (alpha=1.00e-04, K=20/20)",3,period_0943,30.013333,-3.9353,-0.0543,70.3857,67.9790,2.4067
"SoftPCA-F (alpha=1.00e-04, K=20/20)",3,period_0943,30.053333,-4.2861,3.4646,70.5607,67.9790,2.5817
"SoftPCA-F (alpha=1.00e-04, K=20/20)",3,period_0943,30.106667,-4.7856,2.5127,70.8669,67.9790,2.8879
"SoftPCA-F (alpha=1.00e-04, K=20/20)",3,period_0943,30.160000,-5.2572,2.8003,71.1345,67.9790,3.1554
"SoftPCA-F (alpha=1.00e-04, K=20/20)",3,period_0943,30.200000,-5.5296,4.7550,71.2947,67.9790,3.3156
"SoftPCA-F (alpha=1.00e-04, K=20/20)",3,period_0943,30.253333,-5.9814,3.3572,71.7401,67.9790,3.7611
"SoftPCA-F (alpha=1.00e-04, K=20/20)",3,period_0943,30.306667,-6.4234,3.9095,72.0404,67.9790,4.0614
"SoftPCA-F (alpha=1.00e-04, K=20/20)",3,period_0943,30.360000,-6.8463,5.1765,72.5326,67.9790,4.5536
"SoftPCA-F (alpha=1.00e-04, K=20/20)",3,period_0943,30.400000,-7.0662,5.2673,72.6878,67.9790,4.7087
"SoftPCA-F (alpha=1.00e-04, K=20/20)",3,period_0943,30.453333,-7.3995,4.4830,72.8536,67.9790,4.8746
"SoftPCA-F (alpha=1.00e-04, K=20/20)",3,period_0943,30.506667,-7.7442,4.4503,73.1217,67.9790,5.1427
"SoftPCA-F (alpha=1.00e-04, K=20/20)",3,period_0943,30.560000,-8.0669,5.2748,73.4114,67.9790,5.4324
"SoftPCA-F (alpha=1.00e-04, K=20/20)",3,period_0943,30.600000,-8.2679,4.5088,73.5759,67.9790,5.5968
"SoftPCA-F (alpha=1.00e-04, K=20/20)",3,period_0943,30.653333,-8.5210,4.4373,73.9106,67.9790,5.9316
"SoftPCA-F (alpha=1.00e-04, K=20/20)",3,period_0943,30.706667,-8.8125,3.0575,74.0885,67.9790,6.1095
"SoftPCA-F (alpha=1.00e-04, K=20/20)",3,period_0943,30.760000,-9.0404,4.4828,74.2968,67.9790,6.3177
"SoftPCA-F (alpha=1.00e-04, K=20/20)",3,period_0943,30.800000,-9.2323,3.3315,74.4852,67.9790,6.5062
"SoftPCA-F (alpha=1.00e-04, K=20/20)",3,period_0943,30.853333,-9.4565,4.2887,74.6758,67.9790,6.6967
"SoftPCA-F (alpha=1.00e-04, K=20/20)",3,period_0943,30.906667,-9.7383,3.7648,75.0902,67.9790,7.1111
"SoftPCA-F (alpha=1.00e-04, K=20/20)",3,period_0943,30.960000,-10.0105,4.4035,75.4530,67.9790,7.4740
"SoftPCA-F (alpha=1.00e-04, K=20/20)",3,period_0943,31.000000,-10.2238,5.8571,75.7398,67.9790,7.7608
"SoftPCA-F (alpha=1.00e-04, K=20/20)",3,period_0943,31.053333,-10.4244,4.4451,76.0243,67.9790,8.0452
"SoftPCA-F (alpha=1.00e-04, K=20/20)",3,period_0943,31.106667,-10.6002,4.2157,76.2361,67.9790,8.2570
"SoftPCA-F (alpha=1.00e-04, K=20/20)",3,period_0943,31.160000,-10.7600,3.9918,76.3098,67.9790,8.3308
"SoftPCA-F (alpha=1.00e-04, K=20/20)",3,period_0943,31.200000,-10.8455,5.4339,76.5028,67.9790,8.5237
"SoftPCA-F (alpha=1.00e-04, K=20/20)",3,period_0943,31.253333,-10.9321,4.0592,76.5987,67.9790,8.6196
"SoftPCA-F (alpha=1.00e-04, K=20/20)",3,period_0943,31.306667,-11.0396,4.9526,76.7435,67.9790,8.7645
"SoftPCA-F (alpha=1.00e-04, K=20/20)",3,period_0943,31.360000,-11.1692,4.0407,76.9331,67.9790,8.9541
"SoftPCA-F (alpha=1.00e-04, K=20/20)",3,period_0943,31.400000,-11.2567,6.6959,77.0367,67.9790,9.0577
"SoftPCA-F (alpha=1.00e-04, K=20/20)",3,period_0943,31.453333,-11.4013,4.0169,77.2571,67.9790,9.2780
"SoftPCA-F (alpha=1.00e-04, K=20/20)",3,period_0943,31.506667,-11.5240,4.6863,77.4276,67.9790,9.4486
"SoftPCA-F (alpha=1.00e-04, K=20/20)",3,period_0943,31.560000,-11.6802,5.5059,77.6537,67.9790,9.6746
"SoftPCA-F (alpha=1.00e-04, K=20/20)",3,period_0943,31.600000,-11.7581,4.6183,77.7799,67.9790,9.8009
"SoftPCA-F (alpha=1.00e-04, K=20/20)",3,period_0943,31.653333,-11.8551,4.7241,77.9276,67.9790,9.9486
"SoftPCA-F (alpha=1.00e-04, K=20/20)",3,period_0943,31.706667,-11.9074,5.2087,77.9984,67.9790,10.0193
"SoftPCA-F (alpha=1.00e-04, K=20/20)",3,period_0943,31.760000,-12.0104,5.1962,78.0842,67.9790,10.1052
"SoftPCA-F (alpha=1.00e-04, K=20/20)",3,period_0943,31.800000,-12.0616,5.2900,78.2347,67.9790,10.2556
"SoftPCA-F (alpha=1.00e-04, K=20/20)",3,period_0943,31.853333,-12.1335,5.7145,78.4512,67.9790,10.4722
"SoftPCA-F (alpha=1.00e-04, K=20/20)",3,period_0943,31.906667,-12.2793,4.4233,78.7265,67.9790,10.7475
"SoftPCA-F (alpha=1.00e-04, K=20/20)",3,period_0943,31.960000,-12.4512,4.2618,78.8470,67.9790,10.8679
"SoftPCA-F (alpha=1.00e-04, K=20/20)",3,period_0943,32.000000,-12.4649,5.3357,78.9325,67.9790,10.9535
"SoftPCA-F (alpha=1.00e-04, K=20/20)",3,period_0943,32.053333,-12.4758,5.3775,79.0971,67.9790,11.1180
"SoftPCA-F (alpha=1.00e-04, K=20/20)",3,period_0943,32.106667,-12.5581,3.3870,79.2663,67.9790,11.2873
"SoftPCA-F (alpha=1.00e-04, K=20/20)",3,period_0943,32.160000,-12.6597,4.5850,79.4676,67.9790,11.4886
"SoftPCA-F (alpha=1.00e-04, K=20/20)",3,period_0943,32.200000,-12.7245,5.5760,79.5536,67.9790,11.5746
"SoftPCA-F (alpha=1.00e-04, K=20/20)",3,period_0943,32.253333,-12.8103,5.1063,79.7582,67.9790,11.7791
"SoftPCA-F (alpha=1.00e-04, K=20/20)",3,period_0943,32.306667,-12.8828,5.1674,79.8417,67.9790,11.8627
"SoftPCA-F (alpha=1.00e-04, K=20/20)",3,period_0943,32.360000,-12.9127,3.4426,79.9472,67.9790,11.9682
"SoftPCA-F (alpha=1.00e-04, K=20/20)",3,period_0943,32.400000,-12.9918,5.7234,80.0439,67.9790,12.0648
"SoftPCA-F (alpha=1.00e-04, K=20/20)",3,period_0943,32.453333,-13.0006,4.7283,80.1972,67.9790,12.2181
"SoftPCA-F (alpha=1.00e-04, K=20/20)",3,period_0943,32.506667,-13.0457,4.1379,80.1624,67.9790,12.1834
"SoftPCA-F (alpha=1.00e-04, K=20/20)",3,period_0943,32.560000,-13.0943,3.2869,80.3728,67.9790,12.3938
"SoftPCA-F (alpha=1.00e-04, K=20/20)",3,period_0943,32.600000,-13.0363,5.9368,80.3563,67.9790,12.3773
"SoftPCA-F (alpha=1.00e-04, K=20/20)",3,period_0943,32.653333,-13.0609,4.3691,80.4217,67.9790,12.4427
"SoftPCA-F (alpha=1.00e-04, K=20/20)",3,period_0943,32.706667,-13.0878,5.5461,80.4612,67.9790,12.4822
"SoftPCA-F (alpha=1.00e-04, K=20/20)",3,period_0943,32.760000,-13.1032,3.7145,80.6741,67.9790,12.6951
"SoftPCA-F (alpha=1.00e-04, K=20/20)",3,period_0943,32.800000,-13.1073,3.6330,80.7143,67.9790,12.7353
"SoftPCA-F (alpha=1.00e-04, K=20/20)",3,period_0943,32.853333,-13.1109,4.3959,80.7155,67.9790,12.7365
"SoftPCA-F (alpha=1.00e-04, K=20/20)",3,period_0943,32.906667,-13.1160,4.9114,80.6849,67.9790,12.7058
"SoftPCA-F (alpha=1.00e-04, K=20/20)",3,period_0943,32.960000,-13.1907,5.5917,80.7585,67.9790,12.7794
"SoftPCA-F (alpha=1.00e-04, K=20/20)",3,period_0943,33.000000,-13.2238,4.3866,80.8063,67.9790,12.8273
"SoftPCA-F (alpha=1.00e-04, K=20/20)",3,period_0943,33.053333,-13.1935,4.8286,80.8888,67.9790,12.9098
"SoftPCA-F (alpha=1.00e-04, K=20/20)",3,period_0943,33.106667,-13.2571,5.0213,81.3287,67.9790,13.3496
"SoftPCA-F (alpha=1.00e-04, K=20/20)",3,period_0943,33.160000,-13.2591,3.7192,81.2781,67.9790,13.2991
"SoftPCA-F (alpha=1.00e-04, K=20/20)",3,period_0943,33.200000,-13.3076,3.9443,81.3540,67.9790,13.3750
"SoftPCA-F (alpha=1.00e-04, K=20/20)",3,period_0943,33.253333,-13.2986,4.5304,81.6148,67.9790,13.6358
"SoftPCA-F (alpha=1.00e-04, K=20/20)",3,period_0943,33.306667,-13.3177,5.3307,81.6920,67.9790,13.7129
"SoftPCA-F (alpha=1.00e-04, K=20/20)",3,period_0943,33.360000,-13.3700,4.5646,81.6986,67.9790,13.7196
"SoftPCA-F (alpha=1.00e-04, K=20/20)",3,period_0943,33.400000,-13.3583,4.8566,81.7228,67.9790,13.7437
"SoftPCA-F (alpha=1.00e-04, K=20/20)",3,period_0943,33.453333,-13.4215,4.5869,81.9116,67.9790,13.9325
"SoftPCA-F (alpha=1.00e-04, K=20/20)",3,period_0943,33.506667,-13.3779,5.2672,81.8475,67.9790,13.8684
"SoftPCA-F (alpha=1.00e-04, K=20/20)",3,period_0943,33.560000,-13.3937,5.3013,81.9426,67.9790,13.9636
"SoftPCA-F (alpha=1.00e-04, K=20/20)",3,period_0943,33.600000,-13.3992,4.4260,81.9675,67.9790,13.9885
"SoftPCA-F (alpha=1.00e-04, K=20/20)",3,period_0943,33.653333,-13.3736,4.9383,82.1323,67.9790,14.1533
"SoftPCA-F (alpha=1.00e-04, K=20/20)",3,period_0943,33.706667,-13.4124,4.4275,82.1422,67.9790,14.1632
"SoftPCA-F (alpha=1.00e-04, K=20/20)",3,period_0943,33.760000,-13.4449,4.0605,82.3242,67.9790,14.3452
"SoftPCA-F (alpha=1.00e-04, K=20/20)",3,period_0943,33.800000,-13.4740,4.2927,82.3359,67.9790,14.3568
"SoftPCA-F (alpha=1.00e-04, K=20/20)",3,period_0943,33.853333,-13.4612,4.7907,82.3821,67.9790,14.4031
"SoftPCA-F (alpha=1.00e-04, K=20/20)",3,period_0943,33.906667,-13.5087,3.5687,82.4187,67.9790,14.4396
"SoftPCA-F (alpha=1.00e-04, K=20/20)",3,period_0943,33.960000,-13.5325,4.7797,82.4507,67.9790,14.4717
"SoftPCA-F (alpha=1.00e-04, K=20/20)",3,period_0943,34.000000,-13.5140,5.1979,82.4467,67.9790,14.4676
"SoftPCA-F (alpha=1.00e-04, K=20/20)",3,period_0943,34.053333,-13.5332,5.3232,82.4462,67.9790,14.4672
"SoftPCA-F (alpha=1.00e-04, K=20/20)",3,period_0943,34.106667,-13.5387,3.1819,82.5848,67.9790,14.6057
"SoftPCA-F (alpha=1.00e-04, K=20/20)",3,period_0943,34.160000,-13.5769,4.8640,82.7498,67.9790,14.7707
"SoftPCA-F (alpha=1.00e-04, K=20/20)",3,period_0943,34.200000,-13.6132,4.3086,82.6926,67.9790,14.7136
"SoftPCA-F (alpha=1.00e-04, K=20/20)",3,period_0943,34.253333,-13.6356,4.9834,82.7454,67.9790,14.7663
"SoftPCA-F (alpha=1.00e-04, K=20/20)",3,period_0943,34.306667,-13.6608,4.0730,82.8017,67.9790,14.8226
"SoftPCA-F (alpha=1.00e-04, K=20/20)",3,period_0943,34.360000,-13.5592,5.1401,82.7539,67.9790,14.7749
"SoftPCA-F (alpha=1.00e-04, K=20/20)",3,period_0943,34.400000,-13.5253,3.9141,82.7297,67.9790,14.7506
"SoftPCA-F (alpha=1.00e-04, K=20/20)",3,period_0943,34.453333,-13.5624,4.4646,82.7928,67.9790,14.8138
"SoftPCA-F (alpha=1.00e-04, K=20/20)",3,period_0943,34.506667,-13.5204,3.9716,82.8772,67.9790,14.8981
"SoftPCA-F (alpha=1.00e-04, K=20/20)",3,period_0943,34.560000,-13.5364,4.8477,82.9236,67.9790,14.9446
"SoftPCA-F (alpha=1.00e-04, K=20/20)",3,period_0943,34.600000,-13.5338,4.6812,82.9023,67.9790,14.9232
"SoftPCA-F (alpha=1.00e-04, K=20/20)",3,period_0943,34.653333,-13.5397,5.2695,82.8332,67.9790,14.8541
"SoftPCA-F (alpha=1.00e-04, K=20/20)",3,period_0943,34.706667,-13.5502,5.4697,83.0109,67.9790,15.0319
"SoftPCA-F (alpha=1.00e-04, K=20/20)",3,period_0943,34.760000,-13.5952,3.6921,83.1411,67.9790,15.1620
"SoftPCA-F (alpha=1.00e-04, K=20/20)",3,period_0943,34.800000,-13.5751,3.8796,83.0316,67.9790,15.0525
"SoftPCA-F (alpha=1.00e-04, K=20/20)",3,period_0943,34.853333,-13.4952,5.5168,83.0939,67.9790,15.1148
"SoftPCA-F (alpha=1.00e-04, K=20/20)",3,period_0943,34.906667,-13.4947,4.7779,83.0806,67.9790,15.1016
"SoftPCA-F (alpha=1.00e-04, K=20/20)",3,period_0943,34.960000,-13.4912,4.1493,82.9970,67.9790,15.0180
"SoftPCA-F (alpha=1.00e-04, K=20/20)",3,period_0943,35.000000,-13.5096,4.7365,83.1126,67.9790,15.1335
"SoftPCA-F (alpha=1.00e-04, K=20/20)",3,period_0943,35.053333,-13.4833,4.6327,83.0235,67.9790,15.0444
"SoftPCA-F (alpha=1.00e-04, K=20/20)",3,period_0943,35.106667,-13.4876,4.9325,83.2072,67.9790,15.2281
"SoftPCA-F (alpha=1.00e-04, K=20/20)",3,period_0943,35.160000,-13.4820,5.1198,83.1369,67.9790,15.1579
"SoftPCA-F (alpha=1.00e-04, K=20/20)",3,period_0943,35.200000,-13.5159,4.3353,83.2349,67.9790,15.2558
"SoftPCA-F (alpha=1.00e-04, K=20/20)",3,period_0943,35.253333,-13.5425,5.0235,83.3819,67.9790,15.4029
"SoftPCA-F (alpha=1.00e-04, K=20/20)",3,period_0943,35.306667,-13.5342,4.9779,83.2625,67.9790,15.2834
"SoftPCA-F (alpha=1.00e-04, K=20/20)",3,period_0943,35.360000,-13.5391,5.0600,83.2685,67.9790,15.2895
"SoftPCA-F (alpha=1.00e-04, K=20/20)",3,period_0943,35.400000,-13.5402,3.9631,83.2687,67.9790,15.2897
"SoftPCA-F (alpha=1.00e-04, K=20/20)",3,period_0943,35.453333,-13.4997,4.1940,83.1801,67.9790,15.2010
"SoftPCA-F (alpha=1.00e-04, K=20/20)",3,period_0943,35.506667,-13.5164,4.9220,83.2599,67.9790,15.2809
"SoftPCA-F (alpha=1.00e-04, K=20/20)",3,period_0943,35.560000,-13.5118,3.9494,83.2987,67.9790,15.3196
"SoftPCA-F (alpha=1.00e-04, K=20/20)",3,period_0943,35.600000,-13.5071,4.8603,83.2481,67.9790,15.2690
"SoftPCA-F (alpha=1.00e-04, K=20/20)",3,period_0943,35.653333,-13.4755,5.1000,83.1687,67.9790,15.1897
"SoftPCA-F (alpha=1.00e-04, K=20/20)",3,period_0943,35.706667,-13.4888,4.2956,83.1580,67.9790,15.1789
"SoftPCA-F (alpha=1.00e-04, K=20/20)",3,period_0943,35.760000,-13.4940,4.5116,83.1064,67.9790,15.1274
"SoftPCA-F (alpha=1.00e-04, K=20/20)",3,period_0943,35.800000,-13.4863,4.8469,83.1442,67.9790,15.1651
"SoftPCA-F (alpha=1.00e-04, K=20/20)",3,period_0943,35.853333,-13.4770,4.0004,83.2300,67.9790,15.2510
"SoftPCA-F (alpha=1.00e-04, K=20/20)",3,period_0943,35.906667,-13.4901,4.9877,83.3313,67.9790,15.3522
"SoftPCA-F (alpha=1.00e-04, K=20/20)",3,period_0943,35.960000,-13.4808,6.2056,83.3271,67.9790,15.3480
"SoftPCA-F (alpha=1.00e-04, K=20/20)",3,period_0943,36.000000,-13.4800,5.5364,83.5387,67.9790,15.5597
"SoftPCA-F (alpha=1.00e-04, K=20/20)",3,period_0943,36.053333,-13.4566,4.3360,83.4960,67.9790,15.5170
"SoftPCA-F (alpha=1.00e-04, K=20/20)",3,period_0943,36.106667,-13.4719,4.2519,83.5539,67.9790,15.5748
"SoftPCA-F (alpha=1.00e-04, K=20/20)",3,period_0943,36.160000,-13.4653,5.1906,83.3964,67.9790,15.4173
"SoftPCA-F (alpha=1.00e-04, K=20/20)",3,period_0943,36.200000,-13.4927,4.1629,83.3965,67.9790,15.4175
"SoftPCA-F (alpha=1.00e-04, K=20/20)",3,period_0943,36.253333,-13.5003,5.2739,83.3529,67.9790,15.3739
"SoftPCA-F (alpha=1.00e-04, K=20/20)",3,period_0943,36.306667,-13.4937,4.2194,83.4121,67.9790,15.4330
"SoftPCA-F (alpha=1.00e-04, K=20/20)",3,period_0943,36.360000,-13.4848,2.2666,83.2607,67.9790,15.2816
"SoftPCA-F (alpha=1.00e-04, K=20/20)",3,period_0943,36.400000,-13.4741,4.6990,83.1810,67.9790,15.2020
"SoftPCA-F (alpha=1.00e-04, K=20/20)",3,period_0943,36.453333,-13.4455,4.3431,83.2269,67.9790,15.2479
"SoftPCA-F (alpha=1.00e-04, K=20/20)",3,period_0943,36.506667,-13.4281,4.1296,83.2916,67.9790,15.3125
"SoftPCA-F (alpha=1.00e-04, K=20/20)",3,period_0943,36.560000,-13.4424,4.4793,83.4981,67.9790,15.5190
"SoftPCA-F (alpha=1.00e-04, K=20/20)",3,period_0943,36.600000,-13.4732,4.3239,83.5739,67.9790,15.5949
"SoftPCA-F (alpha=1.00e-04, K=20/20)",3,period_0943,36.653333,-13.4535,3.4835,83.4558,67.9790,15.4768
"SoftPCA-F (alpha=1.00e-04, K=20/20)",3,period_0943,36.706667,-13.4421,4.7512,83.4185,67.9790,15.4394
"SoftPCA-F (alpha=1.00e-04, K=20/20)",3,period_0943,36.760000,-13.4760,4.2319,83.5396,67.9790,15.5606
"SoftPCA-F (alpha=1.00e-04, K=20/20)",3,period_0943,36.800000,-13.4252,4.6246,83.6403,67.9790,15.6612
"SoftPCA-F (alpha=1.00e-04, K=20/20)",3,period_0943,36.853333,-13.4306,4.4721,83.8094,67.9790,15.8304
"SoftPCA-F (alpha=1.00e-04, K=20/20)",3,period_0943,36.906667,-13.4431,5.4609,83.7165,67.9790,15.7374
"SoftPCA-F (alpha=1.00e-04, K=20/20)",3,period_0943,36.960000,-13.5236,4.4700,83.9355,67.9790,15.9565
"SoftPCA-F (alpha=1.00e-04, K=20/20)",3,period_0943,37.000000,-13.5103,5.3804,83.7606,67.9790,15.7815
"SoftPCA-F (alpha=1.00e-04, K=20/20)",3,period_0943,37.053333,-13.5097,4.3383,83.7444,67.9790,15.7654
"SoftPCA-F (alpha=1.00e-04, K=20/20)",3,period_0943,37.106667,-13.5291,5.0455,83.8563,67.9790,15.8772
"SoftPCA-F (alpha=1.00e-04, K=20/20)",3,period_0943,37.160000,-13.4911,4.4619,83.7618,67.9790,15.7828
"SoftPCA-F (alpha=1.00e-04, K=20/20)",3,period_0943,37.200000,-13.5091,4.6831,83.8275,67.9790,15.8484
"SoftPCA-F (alpha=1.00e-04, K=20/20)",3,period_0943,37.253333,-13.5202,3.7199,83.7251,67.9790,15.7460
"SoftPCA-F (alpha=1.00e-04, K=20/20)",3,period_0943,37.306667,-13.4896,5.3353,83.7144,67.9790,15.7353
"SoftPCA-F (alpha=1.00e-04, K=20/20)",3,period_0943,37.360000,-13.4946,4.5254,83.6938,67.9790,15.7148
"SoftPCA-F (alpha=1.00e-04, K=20/20)",3,period_0943,37.400000,-13.4513,4.5018,83.6218,67.9790,15.6428
"SoftPCA-F (alpha=1.00e-04, K=20/20)",3,period_0943,37.453333,-13.4227,4.7096,83.5853,67.9790,15.6063
"SoftPCA-F (alpha=1.00e-04, K=20/20)",3,period_0943,37.506667,-13.4100,3.8287,83.6145,67.9790,15.6354
"SoftPCA-F (alpha=1.00e-04, K=20/20)",3,period_0943,37.560000,-13.4311,3.6155,83.5022,67.9790,15.5231
"SoftPCA-F (alpha=1.00e-04, K=20/20)",3,period_0943,37.600000,-13.4077,4.2461,83.5898,67.9790,15.6108
"SoftPCA-F (alpha=1.00e-04, K=20/20)",3,period_0943,37.653333,-13.4169,4.4983,83.7015,67.9790,15.7224
"SoftPCA-F (alpha=1.00e-04, K=20/20)",3,period_0943,37.706667,-13.3973,4.2367,83.7377,67.9790,15.7587
"SoftPCA-F (alpha=1.00e-04, K=20/20)",3,period_0943,37.760000,-13.4280,3.4987,83.6359,67.9790,15.6569
"SoftPCA-F (alpha=1.00e-04, K=20/20)",3,period_0943,37.800000,-13.4365,4.4119,83.5571,67.9790,15.5780
"SoftPCA-F (alpha=1.00e-04, K=20/20)",3,period_0943,37.853333,-13.4526,3.7746,83.3845,67.9790,15.4055
"SoftPCA-F (alpha=1.00e-04, K=20/20)",3,period_0943,37.906667,-13.4885,4.8269,83.5686,67.9790,15.5895
"SoftPCA-F (alpha=1.00e-04, K=20/20)",3,period_0943,37.960000,-13.5064,5.4164,83.7081,67.9790,15.7290
"SoftPCA-F (alpha=1.00e-04, K=20/20)",3,period_0943,38.000000,-13.4965,2.9215,83.6273,67.9790,15.6482
"SoftPCA-F (alpha=1.00e-04, K=20/20)",3,period_0943,38.053333,-13.4478,4.4557,83.8100,67.9790,15.8310
"SoftPCA-F (alpha=1.00e-04, K=20/20)",3,period_0943,38.106667,-13.4432,4.7317,83.6393,67.9790,15.6602
"SoftPCA-F (alpha=1.00e-04, K=20/20)",3,period_0943,38.160000,-13.4217,3.7065,83.5405,67.9790,15.5615
"SoftPCA-F (alpha=1.00e-04, K=20/20)",3,period_0943,38.200000,-13.4155,4.4750,83.7769,67.9790,15.7978
"SoftPCA-F (alpha=1.00e-04, K=20/20)",3,period_0943,38.253333,-13.3905,5.3318,83.8057,67.9790,15.8266
"SoftPCA-F (alpha=1.00e-04, K=20/20)",3,period_0943,38.306667,-13.4242,5.0069,83.7524,67.9790,15.7734
"SoftPCA-F (alpha=1.00e-04, K=20/20)",3,period_0943,38.360000,-13.4023,5.4449,83.7980,67.9790,15.8189
"SoftPCA-F (alpha=1.00e-04, K=20/20)",3,period_0943,38.400000,-13.4490,4.6846,83.7320,67.9790,15.7529
"SoftPCA-F (alpha=1.00e-04, K=20/20)",3,period_0943,38.453333,-13.4096,4.9575,83.8000,67.9790,15.8210
"SoftPCA-F (alpha=1.00e-04, K=20/20)",3,period_0943,38.506667,-13.3438,4.7647,83.8457,67.9790,15.8667
"SoftPCA-F (alpha=1.00e-04, K=20/20)",3,period_0943,38.560000,-13.3982,4.9172,83.7634,67.9790,15.7844
"SoftPCA-F (alpha=1.00e-04, K=20/20)",3,period_0943,38.600000,-13.4438,2.9102,83.7381,67.9790,15.7590
"SoftPCA-F (alpha=1.00e-04, K=20/20)",3,period_0943,38.653333,-13.4126,5.6528,83.9349,67.9790,15.9559
"SoftPCA-F (alpha=1.00e-04, K=20/20)",3,period_0943,38.706667,-13.4187,4.8005,83.8922,67.9790,15.9132
"SoftPCA-F (alpha=1.00e-04, K=20/20)",3,period_0943,38.760000,-13.4447,5.7011,83.8132,67.9790,15.8341
"SoftPCA-F (alpha=1.00e-04, K=20/20)",3,period_0943,38.800000,-13.4337,3.6085,83.9652,67.9790,15.9861
"SoftPCA-F (alpha=1.00e-04, K=20/20)",3,period_0943,38.853333,-13.4758,4.1899,84.0649,67.9790,16.0859
"SoftPCA-F (alpha=1.00e-04, K=20/20)",3,period_0943,38.906667,-13.5039,4.4604,83.9206,67.9790,15.9416
"SoftPCA-F (alpha=1.00e-04, K=20/20)",3,period_0943,38.960000,-13.4955,4.7989,83.9065,67.9790,15.9274
"SoftPCA-F (alpha=1.00e-04, K=20/20)",3,period_0943,39.000000,-13.4673,4.6578,83.9199,67.9790,15.9409
"SoftPCA-F (alpha=1.00e-04, K=20/20)",3,period_0943,39.053333,-13.4228,4.6670,83.9586,67.9790,15.9795
"SoftPCA-F (alpha=1.00e-04, K=20/20)",3,period_0943,39.106667,-13.3913,4.6862,83.9159,67.9790,15.9369
"SoftPCA-F (alpha=1.00e-04, K=20/20)",3,period_0943,39.160000,-13.4073,3.8195,83.8548,67.9790,15.8758
"SoftPCA-F (alpha=1.00e-04, K=20/20)",3,period_0943,39.200000,-13.4654,4.7393,83.7492,67.9790,15.7702
"SoftPCA-F (alpha=1.00e-04, K=20/20)",3,period_0943,39.253333,-13.4250,4.5424,83.6900,67.9790,15.7109
"SoftPCA-F (alpha=1.00e-04, K=20/20)",3,period_0943,39.306667,-13.4013,5.3770,83.5814,67.9790,15.6023
"SoftPCA-F (alpha=1.00e-04, K=20/20)",3,period_0943,39.360000,-13.3858,4.6507,83.4869,67.9790,15.5079
"SoftPCA-F (alpha=1.00e-04, K=20/20)",3,period_0943,39.400000,-13.4379,4.4581,83.4896,67.9790,15.5106
"SoftPCA-F (alpha=1.00e-04, K=20/20)",3,period_0943,39.453333,-13.4114,4.7844,83.6543,67.9790,15.6752
"SoftPCA-F (alpha=1.00e-04, K=20/20)",3,period_0943,39.506667,-13.4054,4.1972,83.7172,67.9790,15.7381
"SoftPCA-F (alpha=1.00e-04, K=20/20)",3,period_0943,39.560000,-13.4401,4.1865,83.6187,67.9790,15.6396
"SoftPCA-F (alpha=1.00e-04, K=20/20)",3,period_0943,39.600000,-13.4269,4.9566,83.6321,67.9790,15.6530
"SoftPCA-F (alpha=1.00e-04, K=20/20)",3,period_0943,39.653333,-13.3788,3.6399,83.4721,67.9790,15.4930
"SoftPCA-F (alpha=1.00e-04, K=20/20)",3,period_0943,39.706667,-13.3908,4.3961,83.5970,67.9790,15.6180
"SoftPCA-F (alpha=1.00e-04, K=20/20)",3,period_0943,39.760000,-13.3968,4.7470,83.5193,67.9790,15.5403
"SoftPCA-F (alpha=1.00e-04, K=20/20)",3,period_0943,39.800000,-13.4239,3.8961,83.5287,67.9790,15.5496
"SoftPCA-F (alpha=1.00e-04, K=20/20)",3,period_0943,39.853333,-13.4304,4.9875,83.6069,67.9790,15.6279
"SoftPCA-F (alpha=1.00e-04, K=20/20)",3,period_0943,39.906667,-13.4953,4.9037,83.9195,67.9790,15.9404
"SoftPCA-F (alpha=1.00e-04, K=20/20)",3,period_0943,39.960000,-13.4666,3.9914,83.7697,67.9790,15.7907
"SoftPCA-F (alpha=1.00e-04, K=20/20)",3,period_0943,40.000000,-13.4250,5.0615,83.7445,67.9790,15.7654
"SoftPCA-F (alpha=1.00e-03, K=20/20)",0,period_0707,0.013333,2.5029,-1.3383,85.7007,85.1794,0.5214
"SoftPCA-F (alpha=1.00e-03, K=20/20)",0,period_0707,0.053333,1.9715,0.3729,85.8853,85.1794,0.7059
"SoftPCA-F (alpha=1.00e-03, K=20/20)",0,period_0707,0.106667,1.2236,0.8155,85.9996,85.1794,0.8202
"SoftPCA-F (alpha=1.00e-03, K=20/20)",0,period_0707,0.160000,0.6403,1.0197,86.2590,85.1794,1.0797
"SoftPCA-F (alpha=1.00e-03, K=20/20)",0,period_0707,0.200000,0.2119,1.2314,86.3139,85.1794,1.1345
"SoftPCA-F (alpha=1.00e-03, K=20/20)",0,period_0707,0.253333,-0.1932,1.1164,86.5531,85.1794,1.3738
"SoftPCA-F (alpha=1.00e-03, K=20/20)",0,period_0707,0.306667,-0.7660,0.9704,86.8349,85.1794,1.6555
"SoftPCA-F (alpha=1.00e-03, K=20/20)",0,period_0707,0.360000,-1.2633,2.3377,87.1159,85.1794,1.9365
"SoftPCA-F (alpha=1.00e-03, K=20/20)",0,period_0707,0.400000,-1.5301,1.4914,87.2517,85.1794,2.0724
"SoftPCA-F (alpha=1.00e-03, K=20/20)",0,period_0707,0.453333,-1.9602,1.3295,87.4416,85.1794,2.2622
"SoftPCA-F (alpha=1.00e-03, K=20/20)",0,period_0707,0.506667,-2.3481,0.3729,87.7153,85.1794,2.5359
"SoftPCA-F (alpha=1.00e-03, K=20/20)",0,period_0707,0.560000,-2.6118,2.3939,88.0273,85.1794,2.8480
"SoftPCA-F (alpha=1.00e-03, K=20/20)",0,period_0707,0.600000,-2.7891,2.5924,88.1199,85.1794,2.9406
"SoftPCA-F (alpha=1.00e-03, K=20/20)",0,period_0707,0.653333,-3.0351,2.3166,88.3732,85.1794,3.1938
"SoftPCA-F (alpha=1.00e-03, K=20/20)",0,period_0707,0.706667,-3.2836,2.8362,88.5353,85.1794,3.3560
"SoftPCA-F (alpha=1.00e-03, K=20/20)",0,period_0707,0.760000,-3.4509,1.7847,88.6660,85.1794,3.4866
"SoftPCA-F (alpha=1.00e-03, K=20/20)",0,period_0707,0.800000,-3.7179,0.6173,88.9017,85.1794,3.7223
"SoftPCA-F (alpha=1.00e-03, K=20/20)",0,period_0707,0.853333,-4.1214,0.0063,89.3609,85.1794,4.1816
"SoftPCA-F (alpha=1.00e-03, K=20/20)",0,period_0707,0.906667,-4.3689,1.2775,89.6128,85.1794,4.4334
"SoftPCA-F (alpha=1.00e-03, K=20/20)",0,period_0707,0.960000,-4.4272,1.9525,89.7856,85.1794,4.6063
"SoftPCA-F (alpha=1.00e-03, K=20/20)",0,period_0707,1.000000,-4.5590,2.3654,90.0554,85.1794,4.8760
"SoftPCA-F (alpha=1.00e-03, K=20/20)",0,period_0707,1.053333,-4.7480,1.4482,90.0698,85.1794,4.8904
"SoftPCA-F (alpha=1.00e-03, K=20/20)",0,period_0707,1.106667,-4.8748,0.8092,90.3117,85.1794,5.1324
"SoftPCA-F (alpha=1.00e-03, K=20/20)",0,period_0707,1.160000,-5.0979,1.6990,90.4530,85.1794,5.2736
"SoftPCA-F (alpha=1.00e-03, K=20/20)",0,period_0707,1.200000,-5.0525,1.8460,90.5477,85.1794,5.3683
"SoftPCA-F (alpha=1.00e-03, K=20/20)",0,period_0707,1.253333,-5.1885,2.0837,90.7332,85.1794,5.5538
"SoftPCA-F (alpha=1.00e-03, K=20/20)",0,period_0707,1.306667,-5.2911,0.3838,90.8914,85.1794,5.7120
"SoftPCA-F (alpha=1.00e-03, K=20/20)",0,period_0707,1.360000,-5.4716,0.9642,91.0243,85.1794,5.8450
"SoftPCA-F (alpha=1.00e-03, K=20/20)",0,period_0707,1.400000,-5.5945,1.5295,91.1990,85.1794,6.0196
"SoftPCA-F (alpha=1.00e-03, K=20/20)",0,period_0707,1.453333,-5.8283,1.6503,91.4257,85.1794,6.2463
"SoftPCA-F (alpha=1.00e-03, K=20/20)",0,period_0707,1.506667,-5.7361,2.8259,91.3678,85.1794,6.1885
"SoftPCA-F (alpha=1.00e-03, K=20/20)",0,period_0707,1.560000,-5.8919,1.4187,91.6547,85.1794,6.4754
"SoftPCA-F (alpha=1.00e-03, K=20/20)",0,period_0707,1.600000,-5.9564,1.1962,91.7793,85.1794,6.5999
"SoftPCA-F (alpha=1.00e-03, K=20/20)",0,period_0707,1.653333,-6.0144,0.8811,91.8210,85.1794,6.6416
"SoftPCA-F (alpha=1.00e-03, K=20/20)",0,period_0707,1.706667,-5.9981,2.4805,91.7485,85.1794,6.5691
"SoftPCA-F (alpha=1.00e-03, K=20/20)",0,period_0707,1.760000,-6.1536,0.7733,91.9510,85.1794,6.7716
"SoftPCA-F (alpha=1.00e-03, K=20/20)",0,period_0707,1.800000,-6.2248,1.2403,92.0989,85.1794,6.9195
"SoftPCA-F (alpha=1.00e-03, K=20/20)",0,period_0707,1.853333,-6.1784,2.0597,92.1873,85.1794,7.0079
"SoftPCA-F (alpha=1.00e-03, K=20/20)",0,period_0707,1.906667,-6.2346,0.8350,92.3539,85.1794,7.1745
"SoftPCA-F (alpha=1.00e-03, K=20/20)",0,period_0707,1.960000,-6.2508,2.2473,92.5031,85.1794,7.3237
"SoftPCA-F (alpha=1.00e-03, K=20/20)",0,period_0707,2.000000,-6.3979,1.3275,92.6877,85.1794,7.5083
"SoftPCA-F (alpha=1.00e-03, K=20/20)",0,period_0707,2.053333,-6.5162,1.2742,92.8862,85.1794,7.7068
"SoftPCA-F (alpha=1.00e-03, K=20/20)",0,period_0707,2.106667,-6.7301,1.4351,93.1155,85.1794,7.9362
"SoftPCA-F (alpha=1.00e-03, K=20/20)",0,period_0707,2.160000,-6.2163,1.8530,92.6908,85.1794,7.5115
"SoftPCA-F (alpha=1.00e-03, K=20/20)",0,period_0707,2.200000,-5.9390,2.8341,92.7883,85.1794,7.6089
"SoftPCA-F (alpha=1.00e-03, K=20/20)",0,period_0707,2.253333,-6.2976,1.0461,93.1267,85.1794,7.9474
"SoftPCA-F (alpha=1.00e-03, K=20/20)",0,period_0707,2.306667,-6.5303,0.9926,93.2851,85.1794,8.1057
"SoftPCA-F (alpha=1.00e-03, K=20/20)",0,period_0707,2.360000,-6.6359,1.4508,93.3476,85.1794,8.1682
"SoftPCA-F (alpha=1.00e-03, K=20/20)",0,period_0707,2.400000,-6.6563,0.3678,92.4090,85.1794,7.2297
"SoftPCA-F (alpha=1.00e-03, K=20/20)",0,period_0707,2.453333,-6.9910,1.3409,93.9346,85.1794,8.7553
"SoftPCA-F (alpha=1.00e-03, K=20/20)",0,period_0707,2.506667,-7.0823,1.1464,93.9329,85.1794,8.7535
"SoftPCA-F (alpha=1.00e-03, K=20/20)",0,period_0707,2.560000,-7.1880,0.2931,94.0174,85.1794,8.8381
"SoftPCA-F (alpha=1.00e-03, K=20/20)",0,period_0707,2.600000,-7.1374,1.5757,94.0093,85.1794,8.8299
"SoftPCA-F (alpha=1.00e-03, K=20/20)",0,period_0707,2.653333,-7.0492,2.0966,93.8966,85.1794,8.7172
"SoftPCA-F (alpha=1.00e-03, K=20/20)",0,period_0707,2.706667,-7.2557,1.1027,93.8920,85.1794,8.7127
"SoftPCA-F (alpha=1.00e-03, K=20/20)",0,period_0707,2.760000,-7.3235,1.0730,94.1992,85.1794,9.0198
"SoftPCA-F (alpha=1.00e-03, K=20/20)",0,period_0707,2.800000,-7.2547,2.8522,94.2544,85.1794,9.0750
"SoftPCA-F (alpha=1.00e-03, K=20/20)",0,period_0707,2.853333,-7.1038,2.8831,94.3452,85.1794,9.1659
"SoftPCA-F (alpha=1.00e-03, K=20/20)",0,period_0707,2.906667,-7.0945,2.2539,94.2180,85.1794,9.0387
"SoftPCA-F (alpha=1.00e-03, K=20/20)",0,period_0707,2.960000,-7.4033,-0.6256,94.5121,85.1794,9.3327
"SoftPCA-F (alpha=1.00e-03, K=20/20)",0,period_0707,3.000000,-7.4531,2.1240,94.5007,85.1794,9.3213
"SoftPCA-F (alpha=1.00e-03, K=20/20)",0,period_0707,3.053333,-7.2989,2.8433,94.4360,85.1794,9.2567
"SoftPCA-F (alpha=1.00e-03, K=20/20)",0,period_0707,3.106667,-7.2662,1.6845,94.4144,85.1794,9.2351
"SoftPCA-F (alpha=1.00e-03, K=20/20)",0,period_0707,3.160000,-7.3293,0.9067,94.4988,85.1794,9.3195
"SoftPCA-F (alpha=1.00e-03, K=20/20)",0,period_0707,3.200000,-7.3921,2.0501,94.5890,85.1794,9.4097
"SoftPCA-F (alpha=1.00e-03, K=20/20)",0,period_0707,3.253333,-7.3902,1.7549,94.7005,85.1794,9.5211
"SoftPCA-F (alpha=1.00e-03, K=20/20)",0,period_0707,3.306667,-7.4054,0.5046,94.7977,85.1794,9.6183
"SoftPCA-F (alpha=1.00e-03, K=20/20)",0,period_0707,3.360000,-7.3020,0.2964,93.2445,85.1794,8.0651
"SoftPCA-F (alpha=1.00e-03, K=20/20)",0,period_0707,3.400000,-7.5952,2.1231,95.1069,85.1794,9.9275
"SoftPCA-F (alpha=1.00e-03, K=20/20)",0,period_0707,3.453333,-7.6852,1.7376,95.2862,85.1794,10.1069
"SoftPCA-F (alpha=1.00e-03, K=20/20)",0,period_0707,3.506667,-7.7390,1.3391,95.2960,85.1794,10.1166
"SoftPCA-F (alpha=1.00e-03, K=20/20)",0,period_0707,3.560000,-7.6691,2.3191,95.3504,85.1794,10.1711
"SoftPCA-F (alpha=1.00e-03, K=20/20)",0,period_0707,3.600000,-7.6159,1.9215,95.3142,85.1794,10.1349
"SoftPCA-F (alpha=1.00e-03, K=20/20)",0,period_0707,3.653333,-7.6217,0.6006,95.3341,85.1794,10.1547
"SoftPCA-F (alpha=1.00e-03, K=20/20)",0,period_0707,3.706667,-7.6690,1.2355,95.2524,85.1794,10.0731
"SoftPCA-F (alpha=1.00e-03, K=20/20)",0,period_0707,3.760000,-7.6819,2.0592,95.1496,85.1794,9.9703
"SoftPCA-F (alpha=1.00e-03, K=20/20)",0,period_0707,3.800000,-7.2172,3.2578,94.9325,85.1794,9.7531
"SoftPCA-F (alpha=1.00e-03, K=20/20)",0,period_0707,3.853333,-7.2307,1.5490,94.9050,85.1794,9.7256
"SoftPCA-F (alpha=1.00e-03, K=20/20)",0,period_0707,3.906667,-7.4512,0.3500,94.9226,85.1794,9.7432
"SoftPCA-F (alpha=1.00e-03, K=20/20)",0,period_0707,3.960000,-7.3152,1.2383,95.1251,85.1794,9.9457
"SoftPCA-F (alpha=1.00e-03, K=20/20)",0,period_0707,4.000000,-7.3677,1.6355,95.0714,85.1794,9.8920
"SoftPCA-F (alpha=1.00e-03, K=20/20)",0,period_0707,4.053333,-7.4526,0.8104,94.6206,85.1794,9.4413
"SoftPCA-F (alpha=1.00e-03, K=20/20)",0,period_0707,4.106667,-7.3453,1.3435,93.0923,85.1794,7.9129
"SoftPCA-F (alpha=1.00e-03, K=20/20)",0,period_0707,4.160000,-7.3849,1.5881,92.6414,85.1794,7.4621
"SoftPCA-F (alpha=1.00e-03, K=20/20)",0,period_0707,4.200000,-7.4108,1.0359,93.0680,85.1794,7.8887
"SoftPCA-F (alpha=1.00e-03, K=20/20)",0,period_0707,4.253333,-7.3753,0.6503,92.4437,85.1794,7.2643
"SoftPCA-F (alpha=1.00e-03, K=20/20)",0,period_0707,4.306667,-7.3078,1.9856,94.1856,85.1794,9.0062
"SoftPCA-F (alpha=1.00e-03, K=20/20)",0,period_0707,4.360000,-7.3979,1.8201,95.0069,85.1794,9.8275
"SoftPCA-F (alpha=1.00e-03, K=20/20)",0,period_0707,4.400000,-7.5339,1.3285,95.1974,85.1794,10.0180
"SoftPCA-F (alpha=1.00e-03, K=20/20)",0,period_0707,4.453333,-7.5343,2.5407,95.1446,85.1794,9.9652
"SoftPCA-F (alpha=1.00e-03, K=20/20)",0,period_0707,4.506667,-7.5900,1.8075,95.3454,85.1794,10.1660
"SoftPCA-F (alpha=1.00e-03, K=20/20)",0,period_0707,4.560000,-7.5650,1.7711,95.2394,85.1794,10.0601
"SoftPCA-F (alpha=1.00e-03, K=20/20)",0,period_0707,4.600000,-7.5321,1.5492,95.2977,85.1794,10.1183
"SoftPCA-F (alpha=1.00e-03, K=20/20)",0,period_0707,4.653333,-7.5617,1.6406,95.2591,85.1794,10.0797
"SoftPCA-F (alpha=1.00e-03, K=20/20)",0,period_0707,4.706667,-7.5204,0.9545,94.3575,85.1794,9.1781
"SoftPCA-F (alpha=1.00e-03, K=20/20)",0,period_0707,4.760000,-7.6482,3.0602,95.1868,85.1794,10.0074
"SoftPCA-F (alpha=1.00e-03, K=20/20)",0,period_0707,4.800000,-7.7921,0.3873,94.1778,85.1794,8.9984
"SoftPCA-F (alpha=1.00e-03, K=20/20)",0,period_0707,4.853333,-7.7770,1.5607,95.0054,85.1794,9.8261
"SoftPCA-F (alpha=1.00e-03, K=20/20)",0,period_0707,4.906667,-7.7408,1.8508,95.9080,85.1794,10.7286
"SoftPCA-F (alpha=1.00e-03, K=20/20)",0,period_0707,4.960000,-7.8796,0.4149,96.1409,85.1794,10.9615
"SoftPCA-F (alpha=1.00e-03, K=20/20)",0,period_0707,5.000000,-7.9242,1.5112,96.0884,85.1794,10.9091
"SoftPCA-F (alpha=1.00e-03, K=20/20)",0,period_0707,5.053333,-7.8755,1.1080,96.1249,85.1794,10.9456
"SoftPCA-F (alpha=1.00e-03, K=20/20)",0,period_0707,5.106667,-7.8718,1.3470,96.1772,85.1794,10.9978
"SoftPCA-F (alpha=1.00e-03, K=20/20)",0,period_0707,5.160000,-7.7996,0.9410,95.4590,85.1794,10.2796
"SoftPCA-F (alpha=1.00e-03, K=20/20)",0,period_0707,5.200000,-8.0068,1.5076,95.5447,85.1794,10.3653
"SoftPCA-F (alpha=1.00e-03, K=20/20)",0,period_0707,5.253333,-8.0519,1.0741,95.2901,85.1794,10.1107
"SoftPCA-F (alpha=1.00e-03, K=20/20)",0,period_0707,5.306667,-7.6502,1.5958,90.7598,85.1794,5.5804
"SoftPCA-F (alpha=1.00e-03, K=20/20)",0,period_0707,5.360000,-7.7528,1.8009,93.2866,85.1794,8.1072
"SoftPCA-F (alpha=1.00e-03, K=20/20)",0,period_0707,5.400000,-7.5528,1.4857,92.4327,85.1794,7.2533
"SoftPCA-F (alpha=1.00e-03, K=20/20)",0,period_0707,5.453333,-7.4036,0.5542,91.3952,85.1794,6.2158
"SoftPCA-F (alpha=1.00e-03, K=20/20)",0,period_0707,5.506667,-7.3718,0.7602,89.7074,85.1794,4.5280
"SoftPCA-F (alpha=1.00e-03, K=20/20)",0,period_0707,5.560000,-7.5244,2.0788,92.1099,85.1794,6.9305
"SoftPCA-F (alpha=1.00e-03, K=20/20)",0,period_0707,5.600000,-7.4215,1.8372,90.9908,85.1794,5.8114
"SoftPCA-F (alpha=1.00e-03, K=20/20)",0,period_0707,5.653333,-7.4232,1.1337,91.0734,85.1794,5.8940
"SoftPCA-F (alpha=1.00e-03, K=20/20)",0,period_0707,5.706667,-7.6392,1.8908,95.8043,85.1794,10.6250
"SoftPCA-F (alpha=1.00e-03, K=20/20)",0,period_0707,5.760000,-7.7277,1.3755,95.8842,85.1794,10.7048
"SoftPCA-F (alpha=1.00e-03, K=20/20)",0,period_0707,5.800000,-7.6471,1.4782,94.5687,85.1794,9.3893
"SoftPCA-F (alpha=1.00e-03, K=20/20)",0,period_0707,5.853333,-7.8149,1.2842,96.2303,85.1794,11.0509
"SoftPCA-F (alpha=1.00e-03, K=20/20)",0,period_0707,5.906667,-7.7475,0.6520,93.3492,85.1794,8.1699
"SoftPCA-F (alpha=1.00e-03, K=20/20)",0,period_0707,5.960000,-7.8552,0.9711,93.6436,85.1794,8.4643
"SoftPCA-F (alpha=1.00e-03, K=20/20)",0,period_0707,6.000000,-7.9578,1.2672,96.4002,85.1794,11.2208
"SoftPCA-F (alpha=1.00e-03, K=20/20)",0,period_0707,6.053333,-7.9557,2.2120,96.2462,85.1794,11.0668
"SoftPCA-F (alpha=1.00e-03, K=20/20)",0,period_0707,6.106667,-7.7447,1.1485,94.5701,85.1794,9.3907
"SoftPCA-F (alpha=1.00e-03, K=20/20)",0,period_0707,6.160000,-7.9902,0.8688,96.4234,85.1794,11.2441
"SoftPCA-F (alpha=1.00e-03, K=20/20)",0,period_0707,6.200000,-7.8917,0.3750,92.4460,85.1794,7.2666
"SoftPCA-F (alpha=1.00e-03, K=20/20)",0,period_0707,6.253333,-8.0490,1.6808,95.5275,85.1794,10.3481
"SoftPCA-F (alpha=1.00e-03, K=20/20)",0,period_0707,6.306667,-7.8811,0.9125,93.6900,85.1794,8.5106
"SoftPCA-F (alpha=1.00e-03, K=20/20)",0,period_0707,6.360000,-8.0327,2.0385,95.4508,85.1794,10.2714
"SoftPCA-F (alpha=1.00e-03, K=20/20)",0,period_0707,6.400000,-7.9370,1.6620,94.2904,85.1794,9.1110
"SoftPCA-F (alpha=1.00e-03, K=20/20)",0,period_0707,6.453333,-7.9357,1.2231,94.0482,85.1794,8.8689
"SoftPCA-F (alpha=1.00e-03, K=20/20)",0,period_0707,6.506667,-7.9572,1.3526,94.9979,85.1794,9.8185
"SoftPCA-F (alpha=1.00e-03, K=20/20)",0,period_0707,6.560000,-8.0816,1.3170,96.5633,85.1794,11.3839
"SoftPCA-F (alpha=1.00e-03, K=20/20)",0,period_0707,6.600000,-8.0858,1.8563,95.7859,85.1794,10.6065
"SoftPCA-F (alpha=1.00e-03, K=20/20)",0,period_0707,6.653333,-7.9461,1.1284,96.8403,85.1794,11.6609
"SoftPCA-F (alpha=1.00e-03, K=20/20)",0,period_0707,6.706667,-7.9153,0.9908,94.6421,85.1794,9.4627
"SoftPCA-F (alpha=1.00e-03, K=20/20)",0,period_0707,6.760000,-7.9389,1.0605,95.9260,85.1794,10.7466
"SoftPCA-F (alpha=1.00e-03, K=20/20)",0,period_0707,6.800000,-8.0479,0.6826,94.4021,85.1794,9.2228
"SoftPCA-F (alpha=1.00e-03, K=20/20)",0,period_0707,6.853333,-7.8725,1.1266,92.8277,85.1794,7.6483
"SoftPCA-F (alpha=1.00e-03, K=20/20)",0,period_0707,6.906667,-8.0216,1.2829,92.8980,85.1794,7.7187
"SoftPCA-F (alpha=1.00e-03, K=20/20)",0,period_0707,6.960000,-8.0537,1.2767,93.5743,85.1794,8.3949
"SoftPCA-F (alpha=1.00e-03, K=20/20)",0,period_0707,7.000000,-7.9776,2.0040,92.8410,85.1794,7.6616
"SoftPCA-F (alpha=1.00e-03, K=20/20)",0,period_0707,7.053333,-7.8662,0.7421,92.8862,85.1794,7.7069
"SoftPCA-F (alpha=1.00e-03, K=20/20)",0,period_0707,7.106667,-7.9701,1.0203,93.0622,85.1794,7.8828
"SoftPCA-F (alpha=1.00e-03, K=20/20)",0,period_0707,7.160000,-8.0411,0.8736,94.1616,85.1794,8.9822
"SoftPCA-F (alpha=1.00e-03, K=20/20)",0,period_0707,7.200000,-8.1521,1.3937,96.8637,85.1794,11.6843
"SoftPCA-F (alpha=1.00e-03, K=20/20)",0,period_0707,7.253333,-8.0977,2.0507,96.7070,85.1794,11.5276
"SoftPCA-F (alpha=1.00e-03, K=20/20)",0,period_0707,7.306667,-7.9866,1.0761,95.6546,85.1794,10.4752
"SoftPCA-F (alpha=1.00e-03, K=20/20)",0,period_0707,7.360000,-8.0793,1.4337,96.5964,85.1794,11.4171
"SoftPCA-F (alpha=1.00e-03, K=20/20)",0,period_0707,7.400000,-8.1443,2.3127,96.5969,85.1794,11.4175
"SoftPCA-F (alpha=1.00e-03, K=20/20)",0,period_0707,7.453333,-8.1868,0.6235,96.5307,85.1794,11.3513
"SoftPCA-F (alpha=1.00e-03, K=20/20)",0,period_0707,7.506667,-8.0207,1.2779,95.5426,85.1794,10.3633
"SoftPCA-F (alpha=1.00e-03, K=20/20)",0,period_0707,7.560000,-8.0668,1.4941,96.1528,85.1794,10.9735
"SoftPCA-F (alpha=1.00e-03, K=20/20)",0,period_0707,7.600000,-7.8165,0.6232,95.5784,85.1794,10.3990
"SoftPCA-F (alpha=1.00e-03, K=20/20)",0,period_0707,7.653333,-7.7445,1.3898,94.0362,85.1794,8.8569
"SoftPCA-F (alpha=1.00e-03, K=20/20)",0,period_0707,7.706667,-7.6145,1.5295,93.9387,85.1794,8.7593
"SoftPCA-F (alpha=1.00e-03, K=20/20)",0,period_0707,7.760000,-7.7975,0.9312,93.9873,85.1794,8.8080
"SoftPCA-F (alpha=1.00e-03, K=20/20)",0,period_0707,7.800000,-8.0600,1.8675,96.1105,85.1794,10.9312
"SoftPCA-F (alpha=1.00e-03, K=20/20)",0,period_0707,7.853333,-7.9175,0.3228,96.1219,85.1794,10.9426
"SoftPCA-F (alpha=1.00e-03, K=20/20)",0,period_0707,7.906667,-7.9618,1.0102,96.0247,85.1794,10.8454
"SoftPCA-F (alpha=1.00e-03, K=20/20)",0,period_0707,7.960000,-8.0654,1.8917,96.1626,85.1794,10.9832
"SoftPCA-F (alpha=1.00e-03, K=20/20)",0,period_0707,8.000000,-7.8961,2.9987,95.8973,85.1794,10.7179
"SoftPCA-F (alpha=1.00e-03, K=20/20)",0,period_0707,8.053333,-7.8678,2.1190,95.8480,85.1794,10.6687
"SoftPCA-F (alpha=1.00e-03, K=20/20)",0,period_0707,8.106667,-7.8018,1.7224,95.9576,85.1794,10.7782
"SoftPCA-F (alpha=1.00e-03, K=20/20)",0,period_0707,8.160000,-7.7000,2.1919,95.7330,85.1794,10.5537
"SoftPCA-F (alpha=1.00e-03, K=20/20)",0,period_0707,8.200000,-7.8098,1.7729,95.8722,85.1794,10.6929
"SoftPCA-F (alpha=1.00e-03, K=20/20)",0,period_0707,8.253333,-7.7448,2.1212,95.8161,85.1794,10.6367
"SoftPCA-F (alpha=1.00e-03, K=20/20)",0,period_0707,8.306667,-7.8446,1.5671,95.9726,85.1794,10.7933
"SoftPCA-F (alpha=1.00e-03, K=20/20)",0,period_0707,8.360000,-7.4776,3.2913,95.8036,85.1794,10.6242
"SoftPCA-F (alpha=1.00e-03, K=20/20)",0,period_0707,8.400000,-7.6598,0.1133,95.7272,85.1794,10.5479
"SoftPCA-F (alpha=1.00e-03, K=20/20)",0,period_0707,8.453333,-7.6556,1.7442,95.8517,85.1794,10.6723
"SoftPCA-F (alpha=1.00e-03, K=20/20)",0,period_0707,8.506667,-8.0042,-0.0240,95.9995,85.1794,10.8201
"SoftPCA-F (alpha=1.00e-03, K=20/20)",0,period_0707,8.560000,-8.1193,1.7491,96.2557,85.1794,11.0764
"SoftPCA-F (alpha=1.00e-03, K=20/20)",0,period_0707,8.600000,-7.9593,1.3713,96.2902,85.1794,11.1108
"SoftPCA-F (alpha=1.00e-03, K=20/20)",0,period_0707,8.653333,-8.0920,0.9301,96.4231,85.1794,11.2438
"SoftPCA-F (alpha=1.00e-03, K=20/20)",0,period_0707,8.706667,-8.0610,1.4164,96.3498,85.1794,11.1704
"SoftPCA-F (alpha=1.00e-03, K=20/20)",0,period_0707,8.760000,-8.0377,1.2084,96.3621,85.1794,11.1827
"SoftPCA-F (alpha=1.00e-03, K=20/20)",0,period_0707,8.800000,-7.9946,1.6951,96.3060,85.1794,11.1267
"SoftPCA-F (alpha=1.00e-03, K=20/20)",0,period_0707,8.853333,-7.8798,1.4825,95.1846,85.1794,10.0052
"SoftPCA-F (alpha=1.00e-03, K=20/20)",0,period_0707,8.906667,-7.7685,1.5397,94.4987,85.1794,9.3193
"SoftPCA-F (alpha=1.00e-03, K=20/20)",0,period_0707,8.960000,-7.7716,1.2293,93.6097,85.1794,8.4303
"SoftPCA-F (alpha=1.00e-03, K=20/20)",0,period_0707,9.000000,-7.8155,1.7690,94.2424,85.1794,9.0630
"SoftPCA-F (alpha=1.00e-03, K=20/20)",0,period_0707,9.053333,-7.7768,1.4343,93.9539,85.1794,8.7746
"SoftPCA-F (alpha=1.00e-03, K=20/20)",0,period_0707,9.106667,-7.7543,2.0886,94.1166,85.1794,8.9373
"SoftPCA-F (alpha=1.00e-03, K=20/20)",0,period_0707,9.160000,-8.0529,0.9968,96.3839,85.1794,11.2045
"SoftPCA-F (alpha=1.00e-03, K=20/20)",0,period_0707,9.200000,-7.9636,1.9065,96.1984,85.1794,11.0190
"SoftPCA-F (alpha=1.00e-03, K=20/20)",0,period_0707,9.253333,-8.0490,1.3585,96.3699,85.1794,11.1906
"SoftPCA-F (alpha=1.00e-03, K=20/20)",0,period_0707,9.306667,-7.9221,1.6677,96.1913,85.1794,11.0119
"SoftPCA-F (alpha=1.00e-03, K=20/20)",0,period_0707,9.360000,-7.8520,1.1400,96.1815,85.1794,11.0022
"SoftPCA-F (alpha=1.00e-03, K=20/20)",0,period_0707,9.400000,-7.9793,2.3770,96.3835,85.1794,11.2042
"SoftPCA-F (alpha=1.00e-03, K=20/20)",0,period_0707,9.453333,-7.9269,0.7729,96.1945,85.1794,11.0151
"SoftPCA-F (alpha=1.00e-03, K=20/20)",0,period_0707,9.506667,-7.9285,1.4358,95.6806,85.1794,10.5012
"SoftPCA-F (alpha=1.00e-03, K=20/20)",0,period_0707,9.560000,-8.0337,1.2765,96.1177,85.1794,10.9383
"SoftPCA-F (alpha=1.00e-03, K=20/20)",0,period_0707,9.600000,-8.0141,1.5479,96.1669,85.1794,10.9875
"SoftPCA-F (alpha=1.00e-03, K=20/20)",0,period_0707,9.653333,-7.8848,1.3711,92.9623,85.1794,7.7829
"SoftPCA-F (alpha=1.00e-03, K=20/20)",0,period_0707,9.706667,-8.0493,2.0664,96.1410,85.1794,10.9616
"SoftPCA-F (alpha=1.00e-03, K=20/20)",0,period_0707,9.760000,-8.0753,1.3545,96.1550,85.1794,10.9756
"SoftPCA-F (alpha=1.00e-03, K=20/20)",0,period_0707,9.800000,-8.1054,1.9222,96.0829,85.1794,10.9036
"SoftPCA-F (alpha=1.00e-03, K=20/20)",0,period_0707,9.853333,-8.0636,1.2168,96.0162,85.1794,10.8368
"SoftPCA-F (alpha=1.00e-03, K=20/20)",0,period_0707,9.906667,-7.9496,1.1849,96.2500,85.1794,11.0706
"SoftPCA-F (alpha=1.00e-03, K=20/20)",0,period_0707,9.960000,-7.9694,1.1117,96.2869,85.1794,11.1076
"SoftPCA-F (alpha=1.00e-03, K=20/20)",0,period_0707,10.000000,-7.9575,1.6163,96.0378,85.1794,10.8584
"SoftPCA-F (alpha=1.00e-03, K=20/20)",1,period_0856,10.013333,-0.7959,0.4968,76.4239,75.6790,0.7449
"SoftPCA-F (alpha=1.00e-03, K=20/20)",1,period_0856,10.053333,-1.5017,1.3973,76.9432,75.6790,1.2642
"SoftPCA-F (alpha=1.00e-03, K=20/20)",1,period_0856,10.106667,-2.3906,2.2042,78.3224,75.6790,2.6433
"SoftPCA-F (alpha=1.00e-03, K=20/20)",1,period_0856,10.160000,-3.1487,2.5673,78.5377,75.6790,2.8587
"SoftPCA-F (alpha=1.00e-03, K=20/20)",1,period_0856,10.200000,-3.7746,3.7198,79.2948,75.6790,3.6158
"SoftPCA-F (alpha=1.00e-03, K=20/20)",1,period_0856,10.253333,-4.6399,3.0706,80.5742,75.6790,4.8952
"SoftPCA-F (alpha=1.00e-03, K=20/20)",1,period_0856,10.306667,-5.1282,3.9119,80.0949,75.6790,4.4159
"SoftPCA-F (alpha=1.00e-03, K=20/20)",1,period_0856,10.360000,-5.7590,3.8860,80.9741,75.6790,5.2951
"SoftPCA-F (alpha=1.00e-03, K=20/20)",1,period_0856,10.400000,-6.1470,3.9086,81.4128,75.6790,5.7337
"SoftPCA-F (alpha=1.00e-03, K=20/20)",1,period_0856,10.453333,-6.6050,3.9430,82.0275,75.6790,6.3484
"SoftPCA-F (alpha=1.00e-03, K=20/20)",1,period_0856,10.506667,-6.9566,3.6267,82.1082,75.6790,6.4292
"SoftPCA-F (alpha=1.00e-03, K=20/20)",1,period_0856,10.560000,-7.4592,5.7420,83.0311,75.6790,7.3521
"SoftPCA-F (alpha=1.00e-03, K=20/20)",1,period_0856,10.600000,-7.6548,4.3265,82.9203,75.6790,7.2412
"SoftPCA-F (alpha=1.00e-03, K=20/20)",1,period_0856,10.653333,-7.9087,4.9212,83.1002,75.6790,7.4211
"SoftPCA-F (alpha=1.00e-03, K=20/20)",1,period_0856,10.706667,-8.1153,5.3648,83.2873,75.6790,7.6083
"SoftPCA-F (alpha=1.00e-03, K=20/20)",1,period_0856,10.760000,-8.3790,4.6475,83.8491,75.6790,8.1701
"SoftPCA-F (alpha=1.00e-03, K=20/20)",1,period_0856,10.800000,-8.5288,3.7532,84.1382,75.6790,8.4592
"SoftPCA-F (alpha=1.00e-03, K=20/20)",1,period_0856,10.853333,-8.7112,6.4611,84.3511,75.6790,8.6721
"SoftPCA-F (alpha=1.00e-03, K=20/20)",1,period_0856,10.906667,-8.8168,4.0102,84.4173,75.6790,8.7383
"SoftPCA-F (alpha=1.00e-03, K=20/20)",1,period_0856,10.960000,-8.9849,4.8820,84.4625,75.6790,8.7835
"SoftPCA-F (alpha=1.00e-03, K=20/20)",1,period_0856,11.000000,-9.0705,6.1210,84.7452,75.6790,9.0662
"SoftPCA-F (alpha=1.00e-03, K=20/20)",1,period_0856,11.053333,-9.1575,4.9791,84.7760,75.6790,9.0969
"SoftPCA-F (alpha=1.00e-03, K=20/20)",1,period_0856,11.106667,-9.2485,4.8840,84.6789,75.6790,8.9999
"SoftPCA-F (alpha=1.00e-03, K=20/20)",1,period_0856,11.160000,-9.3661,5.0805,84.9713,75.6790,9.2922
"SoftPCA-F (alpha=1.00e-03, K=20/20)",1,period_0856,11.200000,-9.3526,5.6911,84.7864,75.6790,9.1074
"SoftPCA-F (alpha=1.00e-03, K=20/20)",1,period_0856,11.253333,-9.4175,4.4543,84.8476,75.6790,9.1686
"SoftPCA-F (alpha=1.00e-03, K=20/20)",1,period_0856,11.306667,-9.4247,7.0511,85.3506,75.6790,9.6716
"SoftPCA-F (alpha=1.00e-03, K=20/20)",1,period_0856,11.360000,-9.5638,5.6710,85.4369,75.6790,9.7579
"SoftPCA-F (alpha=1.00e-03, K=20/20)",1,period_0856,11.400000,-9.5826,4.4394,85.2187,75.6790,9.5397
"SoftPCA-F (alpha=1.00e-03, K=20/20)",1,period_0856,11.453333,-9.6143,5.6746,85.2753,75.6790,9.5963
"SoftPCA-F (alpha=1.00e-03, K=20/20)",1,period_0856,11.506667,-9.6495,4.6311,85.7087,75.6790,10.0297
"SoftPCA-F (alpha=1.00e-03, K=20/20)",1,period_0856,11.560000,-9.6442,5.6980,85.9772,75.6790,10.2982
"SoftPCA-F (alpha=1.00e-03, K=20/20)",1,period_0856,11.600000,-9.6529,6.7704,85.7482,75.6790,10.0692
"SoftPCA-F (alpha=1.00e-03, K=20/20)",1,period_0856,11.653333,-9.6564,5.2438,85.9362,75.6790,10.2571
"SoftPCA-F (alpha=1.00e-03, K=20/20)",1,period_0856,11.706667,-9.7250,5.0287,85.6398,75.6790,9.9608
"SoftPCA-F (alpha=1.00e-03, K=20/20)",1,period_0856,11.760000,-9.7032,5.0400,85.8518,75.6790,10.1728
"SoftPCA-F (alpha=1.00e-03, K=20/20)",1,period_0856,11.800000,-9.7088,5.1283,86.3175,75.6790,10.6385
"SoftPCA-F (alpha=1.00e-03, K=20/20)",1,period_0856,11.853333,-9.7530,4.7149,86.3042,75.6790,10.6252
"SoftPCA-F (alpha=1.00e-03, K=20/20)",1,period_0856,11.906667,-9.6146,4.6687,85.5023,75.6790,9.8233
"SoftPCA-F (alpha=1.00e-03, K=20/20)",1,period_0856,11.960000,-9.6717,4.3040,85.5134,75.6790,9.8344
"SoftPCA-F (alpha=1.00e-03, K=20/20)",1,period_0856,12.000000,-9.6701,5.0156,85.6008,75.6790,9.9217
"SoftPCA-F (alpha=1.00e-03, K=20/20)",1,period_0856,12.053333,-9.7368,4.8780,85.7273,75.6790,10.0483
"SoftPCA-F (alpha=1.00e-03, K=20/20)",1,period_0856,12.106667,-9.6359,5.1749,85.4580,75.6790,9.7790
"SoftPCA-F (alpha=1.00e-03, K=20/20)",1,period_0856,12.160000,-9.6721,4.6525,85.7334,75.6790,10.0543
"SoftPCA-F (alpha=1.00e-03, K=20/20)",1,period_0856,12.200000,-9.6179,4.5281,85.5961,75.6790,9.9171
"SoftPCA-F (alpha=1.00e-03, K=20/20)",1,period_0856,12.253333,-9.6116,6.2206,85.9291,75.6790,10.2501
"SoftPCA-F (alpha=1.00e-03, K=20/20)",1,period_0856,12.306667,-9.6029,4.9274,85.7800,75.6790,10.1010
"SoftPCA-F (alpha=1.00e-03, K=20/20)",1,period_0856,12.360000,-9.6917,4.7787,85.8370,75.6790,10.1580
"SoftPCA-F (alpha=1.00e-03, K=20/20)",1,period_0856,12.400000,-9.6632,3.4816,85.9291,75.6790,10.2501
"SoftPCA-F (alpha=1.00e-03, K=20/20)",1,period_0856,12.453333,-9.7027,4.3875,86.0799,75.6790,10.4009
"SoftPCA-F (alpha=1.00e-03, K=20/20)",1,period_0856,12.506667,-9.5894,5.9038,86.3299,75.6790,10.6509
"SoftPCA-F (alpha=1.00e-03, K=20/20)",1,period_0856,12.560000,-9.6457,4.9166,86.1801,75.6790,10.5010
"SoftPCA-F (alpha=1.00e-03, K=20/20)",1,period_0856,12.600000,-9.6378,5.1941,86.1113,75.6790,10.4322
"SoftPCA-F (alpha=1.00e-03, K=20/20)",1,period_0856,12.653333,-9.6283,4.1482,86.1955,75.6790,10.5165
"SoftPCA-F (alpha=1.00e-03, K=20/20)",1,period_0856,12.706667,-9.6033,4.0540,86.3235,75.6790,10.6444
"SoftPCA-F (alpha=1.00e-03, K=20/20)",1,period_0856,12.760000,-9.6028,4.9189,86.3666,75.6790,10.6875
"SoftPCA-F (alpha=1.00e-03, K=20/20)",1,period_0856,12.800000,-9.6519,5.4944,86.2756,75.6790,10.5966
"SoftPCA-F (alpha=1.00e-03, K=20/20)",1,period_0856,12.853333,-9.5273,4.1191,86.0816,75.6790,10.4025
"SoftPCA-F (alpha=1.00e-03, K=20/20)",1,period_0856,12.906667,-9.5707,4.1667,86.1331,75.6790,10.4541
"SoftPCA-F (alpha=1.00e-03, K=20/20)",1,period_0856,12.960000,-9.5663,4.9323,86.0098,75.6790,10.3307
"SoftPCA-F (alpha=1.00e-03, K=20/20)",1,period_0856,13.000000,-9.5706,4.2558,85.9792,75.6790,10.3002
"SoftPCA-F (alpha=1.00e-03, K=20/20)",1,period_0856,13.053333,-9.6169,5.5874,86.1579,75.6790,10.4789
"SoftPCA-F (alpha=1.00e-03, K=20/20)",1,period_0856,13.106667,-9.6040,5.4072,86.6981,75.6790,11.0191
"SoftPCA-F (alpha=1.00e-03, K=20/20)",1,period_0856,13.160000,-9.6081,3.5830,87.0274,75.6790,11.3483
"SoftPCA-F (alpha=1.00e-03, K=20/20)",1,period_0856,13.200000,-9.5952,4.7602,87.1088,75.6790,11.4298
"SoftPCA-F (alpha=1.00e-03, K=20/20)",1,period_0856,13.253333,-9.5597,5.7042,86.7389,75.6790,11.0599
"SoftPCA-F (alpha=1.00e-03, K=20/20)",1,period_0856,13.306667,-9.5782,4.8965,86.5553,75.6790,10.8763
"SoftPCA-F (alpha=1.00e-03, K=20/20)",1,period_0856,13.360000,-9.6427,5.4047,86.6368,75.6790,10.9578
"SoftPCA-F (alpha=1.00e-03, K=20/20)",1,period_0856,13.400000,-9.6036,3.5403,86.6962,75.6790,11.0172
"SoftPCA-F (alpha=1.00e-03, K=20/20)",1,period_0856,13.453333,-9.5540,4.8052,86.7741,75.6790,11.0951
"SoftPCA-F (alpha=1.00e-03, K=20/20)",1,period_0856,13.506667,-9.5490,4.3075,86.4628,75.6790,10.7837
"SoftPCA-F (alpha=1.00e-03, K=20/20)",1,period_0856,13.560000,-9.5358,5.0891,86.3571,75.6790,10.6781
"SoftPCA-F (alpha=1.00e-03, K=20/20)",1,period_0856,13.600000,-9.5615,3.2221,86.5230,75.6790,10.8439
"SoftPCA-F (alpha=1.00e-03, K=20/20)",1,period_0856,13.653333,-9.5374,4.3913,86.4188,75.6790,10.7398
"SoftPCA-F (alpha=1.00e-03, K=20/20)",1,period_0856,13.706667,-9.4653,4.8467,86.7041,75.6790,11.0251
"SoftPCA-F (alpha=1.00e-03, K=20/20)",1,period_0856,13.760000,-9.4584,4.6291,86.3937,75.6790,10.7147
"SoftPCA-F (alpha=1.00e-03, K=20/20)",1,period_0856,13.800000,-9.4680,4.6240,86.6760,75.6790,10.9970
"SoftPCA-F (alpha=1.00e-03, K=20/20)",1,period_0856,13.853333,-9.5082,5.1827,86.5438,75.6790,10.8647
"SoftPCA-F (alpha=1.00e-03, K=20/20)",1,period_0856,13.906667,-9.4934,4.3268,86.6430,75.6790,10.9640
"SoftPCA-F (alpha=1.00e-03, K=20/20)",1,period_0856,13.960000,-9.4695,5.3284,86.2451,75.6790,10.5661
"SoftPCA-F (alpha=1.00e-03, K=20/20)",1,period_0856,14.000000,-9.5063,5.7054,86.3985,75.6790,10.7195
"SoftPCA-F (alpha=1.00e-03, K=20/20)",1,period_0856,14.053333,-9.5138,5.4921,86.3487,75.6790,10.6697
"SoftPCA-F (alpha=1.00e-03, K=20/20)",1,period_0856,14.106667,-9.4284,5.1962,86.2126,75.6790,10.5336
"SoftPCA-F (alpha=1.00e-03, K=20/20)",1,period_0856,14.160000,-9.4812,4.6878,86.8428,75.6790,11.1638
"SoftPCA-F (alpha=1.00e-03, K=20/20)",1,period_0856,14.200000,-9.4349,4.6536,86.3518,75.6790,10.6728
"SoftPCA-F (alpha=1.00e-03, K=20/20)",1,period_0856,14.253333,-9.4244,5.1505,86.5172,75.6790,10.8382
"SoftPCA-F (alpha=1.00e-03, K=20/20)",1,period_0856,14.306667,-9.3831,4.8615,86.7108,75.6790,11.0318
"SoftPCA-F (alpha=1.00e-03, K=20/20)",1,period_0856,14.360000,-9.4321,5.5987,86.5201,75.6790,10.8411
"SoftPCA-F (alpha=1.00e-03, K=20/20)",1,period_0856,14.400000,-9.4598,5.0440,86.7672,75.6790,11.0881
"SoftPCA-F (alpha=1.00e-03, K=20/20)",1,period_0856,14.453333,-9.4268,5.3362,86.7877,75.6790,11.1087
"SoftPCA-F (alpha=1.00e-03, K=20/20)",1,period_0856,14.506667,-9.3979,4.6136,86.4389,75.6790,10.7599
"SoftPCA-F (alpha=1.00e-03, K=20/20)",1,period_0856,14.560000,-9.4743,5.0524,86.6634,75.6790,10.9844
"SoftPCA-F (alpha=1.00e-03, K=20/20)",1,period_0856,14.600000,-9.4114,6.1896,86.7678,75.6790,11.0888
"SoftPCA-F (alpha=1.00e-03, K=20/20)",1,period_0856,14.653333,-9.4027,4.9424,86.5943,75.6790,10.9153
"SoftPCA-F (alpha=1.00e-03, K=20/20)",1,period_0856,14.706667,-9.3369,6.6803,86.6061,75.6790,10.9271
"SoftPCA-F (alpha=1.00e-03, K=20/20)",1,period_0856,14.760000,-9.3575,4.8324,86.6902,75.6790,11.0112
"SoftPCA-F (alpha=1.00e-03, K=20/20)",1,period_0856,14.800000,-9.3807,4.6150,86.8399,75.6790,11.1608
"SoftPCA-F (alpha=1.00e-03, K=20/20)",1,period_0856,14.853333,-9.3743,7.2868,86.8532,75.6790,11.1741
"SoftPCA-F (alpha=1.00e-03, K=20/20)",1,period_0856,14.906667,-9.3495,3.1181,86.8473,75.6790,11.1683
"SoftPCA-F (alpha=1.00e-03, K=20/20)",1,period_0856,14.960000,-9.3907,5.2761,86.8119,75.6790,11.1329
"SoftPCA-F (alpha=1.00e-03, K=20/20)",1,period_0856,15.000000,-9.3397,5.1495,86.6300,75.6790,10.9509
"SoftPCA-F (alpha=1.00e-03, K=20/20)",1,period_0856,15.053333,-9.3563,4.2544,86.6840,75.6790,11.0050
"SoftPCA-F (alpha=1.00e-03, K=20/20)",1,period_0856,15.106667,-9.3616,5.1172,86.6188,75.6790,10.9397
"SoftPCA-F (alpha=1.00e-03, K=20/20)",1,period_0856,15.160000,-9.3418,4.0549,86.7238,75.6790,11.0448
"SoftPCA-F (alpha=1.00e-03, K=20/20)",1,period_0856,15.200000,-9.4016,7.2566,86.7911,75.6790,11.1121
"SoftPCA-F (alpha=1.00e-03, K=20/20)",1,period_0856,15.253333,-9.3721,4.0098,86.7802,75.6790,11.1012
"SoftPCA-F (alpha=1.00e-03, K=20/20)",1,period_0856,15.306667,-9.3669,5.7266,86.8695,75.6790,11.1905
"SoftPCA-F (alpha=1.00e-03, K=20/20)",1,period_0856,15.360000,-9.3848,4.5170,86.8626,75.6790,11.1836
"SoftPCA-F (alpha=1.00e-03, K=20/20)",1,period_0856,15.400000,-9.3676,4.5993,86.9222,75.6790,11.2432
"SoftPCA-F (alpha=1.00e-03, K=20/20)",1,period_0856,15.453333,-9.3521,4.2586,86.9716,75.6790,11.2926
"SoftPCA-F (alpha=1.00e-03, K=20/20)",1,period_0856,15.506667,-9.3466,4.7165,87.0487,75.6790,11.3697
"SoftPCA-F (alpha=1.00e-03, K=20/20)",1,period_0856,15.560000,-9.3985,5.2657,86.9147,75.6790,11.2356
"SoftPCA-F (alpha=1.00e-03, K=20/20)",1,period_0856,15.600000,-9.3948,5.2955,87.0615,75.6790,11.3824
"SoftPCA-F (alpha=1.00e-03, K=20/20)",1,period_0856,15.653333,-9.3641,5.8942,86.9898,75.6790,11.3108
"SoftPCA-F (alpha=1.00e-03, K=20/20)",1,period_0856,15.706667,-9.4026,5.4558,86.9918,75.6790,11.3127
"SoftPCA-F (alpha=1.00e-03, K=20/20)",1,period_0856,15.760000,-9.3750,5.2239,86.9693,75.6790,11.2903
"SoftPCA-F (alpha=1.00e-03, K=20/20)",1,period_0856,15.800000,-9.3372,4.2774,86.9708,75.6790,11.2918
"SoftPCA-F (alpha=1.00e-03, K=20/20)",1,period_0856,15.853333,-9.3318,5.2989,86.8099,75.6790,11.1309
"SoftPCA-F (alpha=1.00e-03, K=20/20)",1,period_0856,15.906667,-9.3743,6.1047,86.7369,75.6790,11.0579
"SoftPCA-F (alpha=1.00e-03, K=20/20)",1,period_0856,15.960000,-9.3731,5.3884,86.5456,75.6790,10.8666
"SoftPCA-F (alpha=1.00e-03, K=20/20)",1,period_0856,16.000000,-9.3791,4.3969,86.4678,75.6790,10.7888
"SoftPCA-F (alpha=1.00e-03, K=20/20)",1,period_0856,16.053333,-9.3296,6.0306,86.3788,75.6790,10.6998
"SoftPCA-F (alpha=1.00e-03, K=20/20)",1,period_0856,16.106667,-9.3829,4.2509,86.5406,75.6790,10.8616
"SoftPCA-F (alpha=1.00e-03, K=20/20)",1,period_0856,16.160000,-9.3608,5.4855,86.6345,75.6790,10.9555
"SoftPCA-F (alpha=1.00e-03, K=20/20)",1,period_0856,16.200000,-9.4052,5.5958,86.6496,75.6790,10.9706
"SoftPCA-F (alpha=1.00e-03, K=20/20)",1,period_0856,16.253333,-9.3313,5.4926,86.5091,75.6790,10.8301
"SoftPCA-F (alpha=1.00e-03, K=20/20)",1,period_0856,16.306667,-9.2847,5.1538,86.3900,75.6790,10.7110
"SoftPCA-F (alpha=1.00e-03, K=20/20)",1,period_0856,16.360000,-9.3561,4.8625,86.5385,75.6790,10.8595
"SoftPCA-F (alpha=1.00e-03, K=20/20)",1,period_0856,16.400000,-9.3272,5.1496,86.1981,75.6790,10.5191
"SoftPCA-F (alpha=1.00e-03, K=20/20)",1,period_0856,16.453333,-9.2920,4.7258,86.4218,75.6790,10.7428
"SoftPCA-F (alpha=1.00e-03, K=20/20)",1,period_0856,16.506667,-9.3368,3.9064,86.5075,75.6790,10.8284
"SoftPCA-F (alpha=1.00e-03, K=20/20)",1,period_0856,16.560000,-9.3402,5.7846,86.5277,75.6790,10.8487
"SoftPCA-F (alpha=1.00e-03, K=20/20)",1,period_0856,16.600000,-9.3588,5.4123,86.5069,75.6790,10.8279
"SoftPCA-F (alpha=1.00e-03, K=20/20)",1,period_0856,16.653333,-9.3749,5.1763,86.5545,75.6790,10.8754
"SoftPCA-F (alpha=1.00e-03, K=20/20)",1,period_0856,16.706667,-9.3816,4.2293,86.5442,75.6790,10.8652
"SoftPCA-F (alpha=1.00e-03, K=20/20)",1,period_0856,16.760000,-9.3489,4.9579,86.5843,75.6790,10.9053
"SoftPCA-F (alpha=1.00e-03, K=20/20)",1,period_0856,16.800000,-9.2894,3.8001,86.4652,75.6790,10.7862
"SoftPCA-F (alpha=1.00e-03, K=20/20)",1,period_0856,16.853333,-9.3776,5.4306,86.6628,75.6790,10.9838
"SoftPCA-F (alpha=1.00e-03, K=20/20)",1,period_0856,16.906667,-9.3802,6.0041,86.7356,75.6790,11.0566
"SoftPCA-F (alpha=1.00e-03, K=20/20)",1,period_0856,16.960000,-9.3198,4.6295,86.6885,75.6790,11.0095
"SoftPCA-F (alpha=1.00e-03, K=20/20)",1,period_0856,17.000000,-9.3648,5.7140,86.7314,75.6790,11.0524
"SoftPCA-F (alpha=1.00e-03, K=20/20)",1,period_0856,17.053333,-9.3722,5.3102,86.6598,75.6790,10.9808
"SoftPCA-F (alpha=1.00e-03, K=20/20)",1,period_0856,17.106667,-9.3889,5.3727,86.7536,75.6790,11.0746
"SoftPCA-F (alpha=1.00e-03, K=20/20)",1,period_0856,17.160000,-9.3543,4.0732,86.8517,75.6790,11.1727
"SoftPCA-F (alpha=1.00e-03, K=20/20)",1,period_0856,17.200000,-9.3952,5.0759,86.8358,75.6790,11.1568
"SoftPCA-F (alpha=1.00e-03, K=20/20)",1,period_0856,17.253333,-9.4117,5.4113,86.7615,75.6790,11.0825
"SoftPCA-F (alpha=1.00e-03, K=20/20)",1,period_0856,17.306667,-9.4342,6.0196,86.8199,75.6790,11.1409
"SoftPCA-F (alpha=1.00e-03, K=20/20)",1,period_0856,17.360000,-9.3755,4.9613,86.7626,75.6790,11.0836
"SoftPCA-F (alpha=1.00e-03, K=20/20)",1,period_0856,17.400000,-9.3715,4.9194,86.8333,75.6790,11.1542
"SoftPCA-F (alpha=1.00e-03, K=20/20)",1,period_0856,17.453333,-9.3921,5.1011,86.5514,75.6790,10.8724
"SoftPCA-F (alpha=1.00e-03, K=20/20)",1,period_0856,17.506667,-9.4565,4.4768,86.8594,75.6790,11.1804
"SoftPCA-F (alpha=1.00e-03, K=20/20)",1,period_0856,17.560000,-9.3883,5.0614,86.4674,75.6790,10.7884
"SoftPCA-F (alpha=1.00e-03, K=20/20)",1,period_0856,17.600000,-9.3778,5.1491,86.2481,75.6790,10.5690
"SoftPCA-F (alpha=1.00e-03, K=20/20)",1,period_0856,17.653333,-9.4173,5.1650,86.8685,75.6790,11.1895
"SoftPCA-F (alpha=1.00e-03, K=20/20)",1,period_0856,17.706667,-9.4262,5.9607,86.8267,75.6790,11.1476
"SoftPCA-F (alpha=1.00e-03, K=20/20)",1,period_0856,17.760000,-9.4725,5.2907,86.6991,75.6790,11.0201
"SoftPCA-F (alpha=1.00e-03, K=20/20)",1,period_0856,17.800000,-9.4540,4.2889,86.8211,75.6790,11.1421
"SoftPCA-F (alpha=1.00e-03, K=20/20)",1,period_0856,17.853333,-9.4063,4.1816,86.7428,75.6790,11.0637
"SoftPCA-F (alpha=1.00e-03, K=20/20)",1,period_0856,17.906667,-9.4211,4.5071,86.7203,75.6790,11.0412
"SoftPCA-F (alpha=1.00e-03, K=20/20)",1,period_0856,17.960000,-9.4323,5.7307,86.8006,75.6790,11.1216
"SoftPCA-F (alpha=1.00e-03, K=20/20)",1,period_0856,18.000000,-9.3782,4.0352,86.5543,75.6790,10.8753
"SoftPCA-F (alpha=1.00e-03, K=20/20)",1,period_0856,18.053333,-9.3610,5.1792,86.7760,75.6790,11.0970
"SoftPCA-F (alpha=1.00e-03, K=20/20)",1,period_0856,18.106667,-9.3221,4.8940,86.7298,75.6790,11.0508
"SoftPCA-F (alpha=1.00e-03, K=20/20)",1,period_0856,18.160000,-9.3275,4.1267,86.8010,75.6790,11.1220
"SoftPCA-F (alpha=1.00e-03, K=20/20)",1,period_0856,18.200000,-9.3663,4.6823,86.7461,75.6790,11.0670
"SoftPCA-F (alpha=1.00e-03, K=20/20)",1,period_0856,18.253333,-9.3322,5.2273,86.6557,75.6790,10.9767
"SoftPCA-F (alpha=1.00e-03, K=20/20)",1,period_0856,18.306667,-9.2668,5.3642,86.5631,75.6790,10.8841
"SoftPCA-F (alpha=1.00e-03, K=20/20)",1,period_0856,18.360000,-9.3515,4.2883,86.7675,75.6790,11.0885
"SoftPCA-F (alpha=1.00e-03, K=20/20)",1,period_0856,18.400000,-9.3501,4.6912,86.8115,75.6790,11.1325
"SoftPCA-F (alpha=1.00e-03, K=20/20)",1,period_0856,18.453333,-9.3541,5.5326,86.7912,75.6790,11.1122
"SoftPCA-F (alpha=1.00e-03, K=20/20)",1,period_0856,18.506667,-9.3190,4.8052,86.7608,75.6790,11.0817
"SoftPCA-F (alpha=1.00e-03, K=20/20)",1,period_0856,18.560000,-9.2951,5.8207,86.6965,75.6790,11.0175
"SoftPCA-F (alpha=1.00e-03, K=20/20)",1,period_0856,18.600000,-9.2662,6.3626,86.5858,75.6790,10.9068
"SoftPCA-F (alpha=1.00e-03, K=20/20)",1,period_0856,18.653333,-9.2520,3.3320,86.6410,75.6790,10.9620
"SoftPCA-F (alpha=1.00e-03, K=20/20)",1,period_0856,18.706667,-9.3272,5.0483,86.7739,75.6790,11.0948
"SoftPCA-F (alpha=1.00e-03, K=20/20)",1,period_0856,18.760000,-9.3622,3.9455,86.6424,75.6790,10.9634
"SoftPCA-F (alpha=1.00e-03, K=20/20)",1,period_0856,18.800000,-9.3738,5.7624,86.6058,75.6790,10.9268
"SoftPCA-F (alpha=1.00e-03, K=20/20)",1,period_0856,18.853333,-9.3232,5.4612,86.6262,75.6790,10.9472
"SoftPCA-F (alpha=1.00e-03, K=20/20)",1,period_0856,18.906667,-9.2441,4.5286,86.6077,75.6790,10.9287
"SoftPCA-F (alpha=1.00e-03, K=20/20)",1,period_0856,18.960000,-9.2349,4.6960,86.5910,75.6790,10.9120
"SoftPCA-F (alpha=1.00e-03, K=20/20)",1,period_0856,19.000000,-9.2603,5.8893,86.6075,75.6790,10.9285
"SoftPCA-F (alpha=1.00e-03, K=20/20)",1,period_0856,19.053333,-9.2664,4.6371,86.5600,75.6790,10.8810
"SoftPCA-F (alpha=1.00e-03, K=20/20)",1,period_0856,19.106667,-9.3153,5.5516,86.8753,75.6790,11.1963
"SoftPCA-F (alpha=1.00e-03, K=20/20)",1,period_0856,19.160000,-9.3454,4.6993,86.6690,75.6790,10.9899
"SoftPCA-F (alpha=1.00e-03, K=20/20)",1,period_0856,19.200000,-9.3785,6.3003,86.7704,75.6790,11.0914
"SoftPCA-F (alpha=1.00e-03, K=20/20)",1,period_0856,19.253333,-9.3113,4.6121,86.7895,75.6790,11.1105
"SoftPCA-F (alpha=1.00e-03, K=20/20)",1,period_0856,19.306667,-9.3245,4.2313,86.6614,75.6790,10.9824
"SoftPCA-F (alpha=1.00e-03, K=20/20)",1,period_0856,19.360000,-9.3401,6.2226,86.6337,75.6790,10.9546
"SoftPCA-F (alpha=1.00e-03, K=20/20)",1,period_0856,19.400000,-9.3042,4.5292,86.6607,75.6790,10.9817
"SoftPCA-F (alpha=1.00e-03, K=20/20)",1,period_0856,19.453333,-9.3097,4.9841,86.4590,75.6790,10.7799
"SoftPCA-F (alpha=1.00e-03, K=20/20)",1,period_0856,19.506667,-9.3080,4.2283,86.4760,75.6790,10.7970
"SoftPCA-F (alpha=1.00e-03, K=20/20)",1,period_0856,19.560000,-9.2533,3.5206,86.3856,75.6790,10.7066
"SoftPCA-F (alpha=1.00e-03, K=20/20)",1,period_0856,19.600000,-9.3059,5.9267,86.5719,75.6790,10.8928
"SoftPCA-F (alpha=1.00e-03, K=20/20)",1,period_0856,19.653333,-9.2717,4.0349,86.4164,75.6790,10.7374
"SoftPCA-F (alpha=1.00e-03, K=20/20)",1,period_0856,19.706667,-9.2885,5.1216,86.7567,75.6790,11.0776
"SoftPCA-F (alpha=1.00e-03, K=20/20)",1,period_0856,19.760000,-9.2885,4.7342,86.7216,75.6790,11.0426
"SoftPCA-F (alpha=1.00e-03, K=20/20)",1,period_0856,19.800000,-9.2711,6.3426,86.7298,75.6790,11.0507
"SoftPCA-F (alpha=1.00e-03, K=20/20)",1,period_0856,19.853333,-9.3245,4.5327,86.7762,75.6790,11.0971
"SoftPCA-F (alpha=1.00e-03, K=20/20)",1,period_0856,19.906667,-9.3441,5.9196,86.7421,75.6790,11.0631
"SoftPCA-F (alpha=1.00e-03, K=20/20)",1,period_0856,19.960000,-9.2779,4.7177,86.8827,75.6790,11.2037
"SoftPCA-F (alpha=1.00e-03, K=20/20)",1,period_0856,20.000000,-9.2778,6.6305,86.9217,75.6790,11.2427
"SoftPCA-F (alpha=1.00e-03, K=20/20)",2,period_0916,20.013333,-3.7799,-6.3240,77.9186,76.8005,1.1181
"SoftPCA-F (alpha=1.00e-03, K=20/20)",2,period_0916,20.053333,-4.4498,-1.8758,79.1852,76.8005,2.3847
"SoftPCA-F (alpha=1.00e-03, K=20/20)",2,period_0916,20.106667,-5.0751,0.0293,79.7160,76.8005,2.9155
"SoftPCA-F (alpha=1.00e-03, K=20/20)",2,period_0916,20.160000,-5.7462,0.7752,79.9916,76.8005,3.1911
"SoftPCA-F (alpha=1.00e-03, K=20/20)",2,period_0916,20.200000,-6.1795,0.8249,81.4820,76.8005,4.6815
"SoftPCA-F (alpha=1.00e-03, K=20/20)",2,period_0916,20.253333,-6.7569,1.7072,82.9126,76.8005,6.1121
"SoftPCA-F (alpha=1.00e-03, K=20/20)",2,period_0916,20.306667,-7.2007,1.5644,83.5213,76.8005,6.7208
"SoftPCA-F (alpha=1.00e-03, K=20/20)",2,period_0916,20.360000,-7.6279,2.3620,84.8963,76.8005,8.0958
"SoftPCA-F (alpha=1.00e-03, K=20/20)",2,period_0916,20.400000,-7.9865,2.1214,84.8897,76.8005,8.0893
"SoftPCA-F (alpha=1.00e-03, K=20/20)",2,period_0916,20.453333,-8.3680,1.9082,85.3527,76.8005,8.5522
"SoftPCA-F (alpha=1.00e-03, K=20/20)",2,period_0916,20.506667,-8.7345,2.0137,85.3571,76.8005,8.5566
"SoftPCA-F (alpha=1.00e-03, K=20/20)",2,period_0916,20.560000,-9.1022,2.6336,85.9833,76.8005,9.1828
"SoftPCA-F (alpha=1.00e-03, K=20/20)",2,period_0916,20.600000,-9.3413,2.4624,86.1638,76.8005,9.3633
"SoftPCA-F (alpha=1.00e-03, K=20/20)",2,period_0916,20.653333,-9.7003,2.3023,86.7342,76.8005,9.9337
"SoftPCA-F (alpha=1.00e-03, K=20/20)",2,period_0916,20.706667,-9.8667,2.4081,86.7738,76.8005,9.9733
"SoftPCA-F (alpha=1.00e-03, K=20/20)",2,period_0916,20.760000,-10.1167,3.3812,86.9699,76.8005,10.1694
"SoftPCA-F (alpha=1.00e-03, K=20/20)",2,period_0916,20.800000,-10.3728,2.1616,87.2560,76.8005,10.4555
"SoftPCA-F (alpha=1.00e-03, K=20/20)",2,period_0916,20.853333,-10.5478,2.2857,87.1908,76.8005,10.3903
"SoftPCA-F (alpha=1.00e-03, K=20/20)",2,period_0916,20.906667,-10.8444,2.3212,87.4464,76.8005,10.6459
"SoftPCA-F (alpha=1.00e-03, K=20/20)",2,period_0916,20.960000,-10.9502,2.4750,87.6606,76.8005,10.8601
"SoftPCA-F (alpha=1.00e-03, K=20/20)",2,period_0916,21.000000,-11.1792,3.4459,87.8395,76.8005,11.0391
"SoftPCA-F (alpha=1.00e-03, K=20/20)",2,period_0916,21.053333,-11.3550,2.1254,88.1289,76.8005,11.3284
"SoftPCA-F (alpha=1.00e-03, K=20/20)",2,period_0916,21.106667,-11.6123,2.7341,88.4397,76.8005,11.6392
"SoftPCA-F (alpha=1.00e-03, K=20/20)",2,period_0916,21.160000,-11.7400,3.7952,88.6999,76.8005,11.8994
"SoftPCA-F (alpha=1.00e-03, K=20/20)",2,period_0916,21.200000,-11.8339,3.1731,88.8263,76.8005,12.0258
"SoftPCA-F (alpha=1.00e-03, K=20/20)",2,period_0916,21.253333,-11.9212,3.6593,88.6820,76.8005,11.8815
"SoftPCA-F (alpha=1.00e-03, K=20/20)",2,period_0916,21.306667,-12.0888,3.2715,89.1120,76.8005,12.3115
"SoftPCA-F (alpha=1.00e-03, K=20/20)",2,period_0916,21.360000,-12.1142,2.2589,89.3291,76.8005,12.5286
"SoftPCA-F (alpha=1.00e-03, K=20/20)",2,period_0916,21.400000,-12.3724,3.0601,88.5048,76.8005,11.7044
"SoftPCA-F (alpha=1.00e-03, K=20/20)",2,period_0916,21.453333,-12.5943,2.0294,88.7736,76.8005,11.9731
"SoftPCA-F (alpha=1.00e-03, K=20/20)",2,period_0916,21.506667,-12.5843,2.0863,88.8939,76.8005,12.0934
"SoftPCA-F (alpha=1.00e-03, K=20/20)",2,period_0916,21.560000,-12.7291,2.5248,87.8140,76.8005,11.0135
"SoftPCA-F (alpha=1.00e-03, K=20/20)",2,period_0916,21.600000,-12.8263,2.6147,87.9772,76.8005,11.1767
"SoftPCA-F (alpha=1.00e-03, K=20/20)",2,period_0916,21.653333,-12.8258,3.2544,87.6119,76.8005,10.8114
"SoftPCA-F (alpha=1.00e-03, K=20/20)",2,period_0916,21.706667,-12.9392,2.4684,87.2586,76.8005,10.4581
"SoftPCA-F (alpha=1.00e-03, K=20/20)",2,period_0916,21.760000,-13.1587,2.3842,89.1006,76.8005,12.3001
"SoftPCA-F (alpha=1.00e-03, K=20/20)",2,period_0916,21.800000,-13.2632,1.9798,89.0735,76.8005,12.2730
"SoftPCA-F (alpha=1.00e-03, K=20/20)",2,period_0916,21.853333,-13.3700,2.4850,88.9433,76.8005,12.1428
"SoftPCA-F (alpha=1.00e-03, K=20/20)",2,period_0916,21.906667,-13.1996,1.7165,87.7733,76.8005,10.9728
"SoftPCA-F (alpha=1.00e-03, K=20/20)",2,period_0916,21.960000,-13.3210,2.3211,87.4627,76.8005,10.6622
"SoftPCA-F (alpha=1.00e-03, K=20/20)",2,period_0916,22.000000,-13.7205,2.3923,90.7768,76.8005,13.9763
"SoftPCA-F (alpha=1.00e-03, K=20/20)",2,period_0916,22.053333,-13.5262,1.9491,91.4765,76.8005,14.6760
"SoftPCA-F (alpha=1.00e-03, K=20/20)",2,period_0916,22.106667,-13.7445,2.9898,89.4309,76.8005,12.6304
"SoftPCA-F (alpha=1.00e-03, K=20/20)",2,period_0916,22.160000,-13.6114,2.3842,88.6176,76.8005,11.8171
"SoftPCA-F (alpha=1.00e-03, K=20/20)",2,period_0916,22.200000,-13.6965,3.0976,88.4361,76.8005,11.6357
"SoftPCA-F (alpha=1.00e-03, K=20/20)",2,period_0916,22.253333,-13.8013,2.7085,89.0793,76.8005,12.2788
"SoftPCA-F (alpha=1.00e-03, K=20/20)",2,period_0916,22.306667,-13.9555,2.4021,88.8797,76.8005,12.0792
"SoftPCA-F (alpha=1.00e-03, K=20/20)",2,period_0916,22.360000,-14.0116,2.0830,88.1400,76.8005,11.3395
"SoftPCA-F (alpha=1.00e-03, K=20/20)",2,period_0916,22.400000,-14.0786,3.1868,89.0088,76.8005,12.2084
"SoftPCA-F (alpha=1.00e-03, K=20/20)",2,period_0916,22.453333,-14.1468,2.9232,89.4791,76.8005,12.6786
"SoftPCA-F (alpha=1.00e-03, K=20/20)",2,period_0916,22.506667,-14.2010,2.8515,89.2094,76.8005,12.4089
"SoftPCA-F (alpha=1.00e-03, K=20/20)",2,period_0916,22.560000,-13.9350,2.4707,87.5158,76.8005,10.7153
"SoftPCA-F (alpha=1.00e-03, K=20/20)",2,period_0916,22.600000,-13.9196,2.4232,87.5837,76.8005,10.7832
"SoftPCA-F (alpha=1.00e-03, K=20/20)",2,period_0916,22.653333,-14.0380,2.7864,88.8133,76.8005,12.0128
"SoftPCA-F (alpha=1.00e-03, K=20/20)",2,period_0916,22.706667,-14.1398,2.4559,87.9349,76.8005,11.1344
"SoftPCA-F (alpha=1.00e-03, K=20/20)",2,period_0916,22.760000,-14.0648,2.8879,87.9254,76.8005,11.1249
"SoftPCA-F (alpha=1.00e-03, K=20/20)",2,period_0916,22.800000,-14.1967,3.1782,88.5527,76.8005,11.7522
"SoftPCA-F (alpha=1.00e-03, K=20/20)",2,period_0916,22.853333,-14.0884,3.2419,88.2377,76.8005,11.4372
"SoftPCA-F (alpha=1.00e-03, K=20/20)",2,period_0916,22.906667,-14.0582,2.9964,87.1175,76.8005,10.3170
"SoftPCA-F (alpha=1.00e-03, K=20/20)",2,period_0916,22.960000,-14.0115,2.8596,88.4723,76.8005,11.6718
"SoftPCA-F (alpha=1.00e-03, K=20/20)",2,period_0916,23.000000,-14.1873,3.5372,87.4729,76.8005,10.6724
"SoftPCA-F (alpha=1.00e-03, K=20/20)",2,period_0916,23.053333,-14.1910,2.9041,86.8840,76.8005,10.0835
"SoftPCA-F (alpha=1.00e-03, K=20/20)",2,period_0916,23.106667,-14.0929,2.3368,87.1779,76.8005,10.3774
"SoftPCA-F (alpha=1.00e-03, K=20/20)",2,period_0916,23.160000,-14.1458,4.0564,87.7658,76.8005,10.9653
"SoftPCA-F (alpha=1.00e-03, K=20/20)",2,period_0916,23.200000,-14.2168,2.1477,88.3409,76.8005,11.5404
"SoftPCA-F (alpha=1.00e-03, K=20/20)",2,period_0916,23.253333,-14.2201,2.7338,88.3236,76.8005,11.5231
"SoftPCA-F (alpha=1.00e-03, K=20/20)",2,period_0916,23.306667,-14.2212,3.4297,87.4378,76.8005,10.6373
"SoftPCA-F (alpha=1.00e-03, K=20/20)",2,period_0916,23.360000,-14.2239,3.4282,87.4769,76.8005,10.6764
"SoftPCA-F (alpha=1.00e-03, K=20/20)",2,period_0916,23.400000,-13.8601,3.4405,87.4506,76.8005,10.6501
"SoftPCA-F (alpha=1.00e-03, K=20/20)",2,period_0916,23.453333,-13.7450,2.7042,87.5941,76.8005,10.7936
"SoftPCA-F (alpha=1.00e-03, K=20/20)",2,period_0916,23.506667,-13.9394,2.4228,87.2428,76.8005,10.4423
"SoftPCA-F (alpha=1.00e-03, K=20/20)",2,period_0916,23.560000,-13.9141,2.6572,86.9490,76.8005,10.1485
"SoftPCA-F (alpha=1.00e-03, K=20/20)",2,period_0916,23.600000,-14.1239,3.6256,87.3659,76.8005,10.5654
"SoftPCA-F (alpha=1.00e-03, K=20/20)",2,period_0916,23.653333,-14.0665,3.3184,87.0286,76.8005,10.2281
"SoftPCA-F (alpha=1.00e-03, K=20/20)",2,period_0916,23.706667,-13.9917,3.6856,87.7531,76.8005,10.9526
"SoftPCA-F (alpha=1.00e-03, K=20/20)",2,period_0916,23.760000,-13.9955,2.5957,88.7622,76.8005,11.9617
"SoftPCA-F (alpha=1.00e-03, K=20/20)",2,period_0916,23.800000,-14.1535,1.9822,89.4575,76.8005,12.6570
"SoftPCA-F (alpha=1.00e-03, K=20/20)",2,period_0916,23.853333,-14.1722,3.9631,88.8494,76.8005,12.0489
"SoftPCA-F (alpha=1.00e-03, K=20/20)",2,period_0916,23.906667,-14.4341,2.4417,89.7306,76.8005,12.9301
"SoftPCA-F (alpha=1.00e-03, K=20/20)",2,period_0916,23.960000,-14.4126,2.1957,90.0902,76.8005,13.2897
"SoftPCA-F (alpha=1.00e-03, K=20/20)",2,period_0916,24.000000,-14.4739,1.8281,89.7950,76.8005,12.9945
"SoftPCA-F (alpha=1.00e-03, K=20/20)",2,period_0916,24.053333,-14.3631,3.2692,89.9958,76.8005,13.1953
"SoftPCA-F (alpha=1.00e-03, K=20/20)",2,period_0916,24.106667,-14.4471,2.9817,90.3778,76.8005,13.5773
"SoftPCA-F (alpha=1.00e-03, K=20/20)",2,period_0916,24.160000,-14.5473,3.0998,88.8051,76.8005,12.0046
"SoftPCA-F (alpha=1.00e-03, K=20/20)",2,period_0916,24.200000,-14.4877,2.6701,88.1908,76.8005,11.3903
"SoftPCA-F (alpha=1.00e-03, K=20/20)",2,period_0916,24.253333,-14.3069,2.3281,87.2103,76.8005,10.4098
"SoftPCA-F (alpha=1.00e-03, K=20/20)",2,period_0916,24.306667,-14.3522,2.2636,88.3849,76.8005,11.5844
"SoftPCA-F (alpha=1.00e-03, K=20/20)",2,period_0916,24.360000,-14.4134,3.2688,88.0515,76.8005,11.2510
"SoftPCA-F (alpha=1.00e-03, K=20/20)",2,period_0916,24.400000,-14.3020,2.7752,87.6406,76.8005,10.8401
"SoftPCA-F (alpha=1.00e-03, K=20/20)",2,period_0916,24.453333,-14.3986,2.4058,87.9740,76.8005,11.1735
"SoftPCA-F (alpha=1.00e-03, K=20/20)",2,period_0916,24.506667,-14.5015,2.8660,87.7794,76.8005,10.9789
"SoftPCA-F (alpha=1.00e-03, K=20/20)",2,period_0916,24.560000,-14.4293,1.7664,88.8943,76.8005,12.0938
"SoftPCA-F (alpha=1.00e-03, K=20/20)",2,period_0916,24.600000,-14.3425,1.6710,89.9026,76.8005,13.1021
"SoftPCA-F (alpha=1.00e-03, K=20/20)",2,period_0916,24.653333,-14.3038,2.5661,90.2811,76.8005,13.4807
"SoftPCA-F (alpha=1.00e-03, K=20/20)",2,period_0916,24.706667,-14.3621,2.7725,89.3407,76.8005,12.5402
"SoftPCA-F (alpha=1.00e-03, K=20/20)",2,period_0916,24.760000,-14.4088,3.7659,89.0059,76.8005,12.2054
"SoftPCA-F (alpha=1.00e-03, K=20/20)",2,period_0916,24.800000,-14.3257,2.4512,89.1567,76.8005,12.3562
"SoftPCA-F (alpha=1.00e-03, K=20/20)",2,period_0916,24.853333,-14.4286,3.4411,88.5084,76.8005,11.7079
"SoftPCA-F (alpha=1.00e-03, K=20/20)",2,period_0916,24.906667,-14.5514,1.9994,88.1263,76.8005,11.3258
"SoftPCA-F (alpha=1.00e-03, K=20/20)",2,period_0916,24.960000,-14.4750,2.1050,88.4610,76.8005,11.6605
"SoftPCA-F (alpha=1.00e-03, K=20/20)",2,period_0916,25.000000,-14.4137,3.2509,87.5923,76.8005,10.7918
"SoftPCA-F (alpha=1.00e-03, K=20/20)",2,period_0916,25.053333,-14.6864,2.2880,88.2627,76.8005,11.4622
"SoftPCA-F (alpha=1.00e-03, K=20/20)",2,period_0916,25.106667,-14.4493,2.9269,88.7328,76.8005,11.9323
"SoftPCA-F (alpha=1.00e-03, K=20/20)",2,period_0916,25.160000,-14.5286,2.8468,88.2192,76.8005,11.4187
"SoftPCA-F (alpha=1.00e-03, K=20/20)",2,period_0916,25.200000,-14.5259,2.4504,89.2335,76.8005,12.4330
"SoftPCA-F (alpha=1.00e-03, K=20/20)",2,period_0916,25.253333,-14.5087,2.7235,88.4303,76.8005,11.6298
"SoftPCA-F (alpha=1.00e-03, K=20/20)",2,period_0916,25.306667,-14.3890,3.0783,87.2950,76.8005,10.4945
"SoftPCA-F (alpha=1.00e-03, K=20/20)",2,period_0916,25.360000,-14.3788,2.3833,88.0429,76.8005,11.2424
"SoftPCA-F (alpha=1.00e-03, K=20/20)",2,period_0916,25.400000,-14.3419,3.0435,88.0148,76.8005,11.2143
"SoftPCA-F (alpha=1.00e-03, K=20/20)",2,period_0916,25.453333,-14.5747,2.8632,88.7273,76.8005,11.9268
"SoftPCA-F (alpha=1.00e-03, K=20/20)",2,period_0916,25.506667,-14.4584,1.6668,87.7439,76.8005,10.9434
"SoftPCA-F (alpha=1.00e-03, K=20/20)",2,period_0916,25.560000,-14.4093,2.9891,87.7601,76.8005,10.9596
"SoftPCA-F (alpha=1.00e-03, K=20/20)",2,period_0916,25.600000,-14.5169,1.9990,89.1449,76.8005,12.3444
"SoftPCA-F (alpha=1.00e-03, K=20/20)",2,period_0916,25.653333,-14.4276,2.8855,88.8511,76.8005,12.0506
"SoftPCA-F (alpha=1.00e-03, K=20/20)",2,period_0916,25.706667,-14.3909,2.6932,89.1630,76.8005,12.3625
"SoftPCA-F (alpha=1.00e-03, K=20/20)",2,period_0916,25.760000,-14.3955,2.0776,90.3540,76.8005,13.5535
"SoftPCA-F (alpha=1.00e-03, K=20/20)",2,period_0916,25.800000,-14.4352,3.0246,90.6177,76.8005,13.8172
"SoftPCA-F (alpha=1.00e-03, K=20/20)",2,period_0916,25.853333,-14.5865,2.1649,91.0671,76.8005,14.2666
"SoftPCA-F (alpha=1.00e-03, K=20/20)",2,period_0916,25.906667,-14.5382,3.3396,90.1300,76.8005,13.3295
"SoftPCA-F (alpha=1.00e-03, K=20/20)",2,period_0916,25.960000,-14.5487,2.1921,90.3787,76.8005,13.5782
"SoftPCA-F (alpha=1.00e-03, K=20/20)",2,period_0916,26.000000,-14.4964,2.4770,88.7029,76.8005,11.9024
"SoftPCA-F (alpha=1.00e-03, K=20/20)",2,period_0916,26.053333,-14.4339,2.9374,88.9814,76.8005,12.1809
"SoftPCA-F (alpha=1.00e-03, K=20/20)",2,period_0916,26.106667,-14.5525,2.1958,89.1921,76.8005,12.3916
"SoftPCA-F (alpha=1.00e-03, K=20/20)",2,period_0916,26.160000,-14.4704,2.4203,87.8567,76.8005,11.0562
"SoftPCA-F (alpha=1.00e-03, K=20/20)",2,period_0916,26.200000,-14.4833,2.7812,87.5215,76.8005,10.7210
"SoftPCA-F (alpha=1.00e-03, K=20/20)",2,period_0916,26.253333,-14.4484,3.2495,87.3849,76.8005,10.5844
"SoftPCA-F (alpha=1.00e-03, K=20/20)",2,period_0916,26.306667,-14.5998,2.9352,88.5864,76.8005,11.7859
"SoftPCA-F (alpha=1.00e-03, K=20/20)",2,period_0916,26.360000,-14.5331,2.5856,88.3187,76.8005,11.5182
"SoftPCA-F (alpha=1.00e-03, K=20/20)",2,period_0916,26.400000,-14.4366,3.5737,87.5044,76.8005,10.7039
"SoftPCA-F (alpha=1.00e-03, K=20/20)",2,period_0916,26.453333,-14.4813,2.6435,86.9680,76.8005,10.1675
"SoftPCA-F (alpha=1.00e-03, K=20/20)",2,period_0916,26.506667,-14.4321,2.3535,87.2909,76.8005,10.4904
"SoftPCA-F (alpha=1.00e-03, K=20/20)",2,period_0916,26.560000,-14.5666,2.3755,87.8703,76.8005,11.0698
"SoftPCA-F (alpha=1.00e-03, K=20/20)",2,period_0916,26.600000,-14.5356,3.3039,88.1788,76.8005,11.3783
"SoftPCA-F (alpha=1.00e-03, K=20/20)",2,period_0916,26.653333,-14.6107,2.9638,88.9599,76.8005,12.1594
"SoftPCA-F (alpha=1.00e-03, K=20/20)",2,period_0916,26.706667,-14.3962,2.7965,87.9813,76.8005,11.1808
"SoftPCA-F (alpha=1.00e-03, K=20/20)",2,period_0916,26.760000,-14.5381,2.4789,88.1746,76.8005,11.3741
"SoftPCA-F (alpha=1.00e-03, K=20/20)",2,period_0916,26.800000,-14.6852,3.2049,88.4482,76.8005,11.6477
"SoftPCA-F (alpha=1.00e-03, K=20/20)",2,period_0916,26.853333,-14.6678,2.3599,88.0578,76.8005,11.2573
"SoftPCA-F (alpha=1.00e-03, K=20/20)",2,period_0916,26.906667,-14.6411,2.5349,88.1674,76.8005,11.3669
"SoftPCA-F (alpha=1.00e-03, K=20/20)",2,period_0916,26.960000,-14.3910,2.1807,89.3397,76.8005,12.5392
"SoftPCA-F (alpha=1.00e-03, K=20/20)",2,period_0916,27.000000,-14.4965,4.1148,89.2100,76.8005,12.4095
"SoftPCA-F (alpha=1.00e-03, K=20/20)",2,period_0916,27.053333,-14.5382,2.3416,87.3538,76.8005,10.5533
"SoftPCA-F (alpha=1.00e-03, K=20/20)",2,period_0916,27.106667,-14.3954,3.4309,86.8371,76.8005,10.0366
"SoftPCA-F (alpha=1.00e-03, K=20/20)",2,period_0916,27.160000,-14.2880,3.5819,86.6066,76.8005,9.8062
"SoftPCA-F (alpha=1.00e-03, K=20/20)",2,period_0916,27.200000,-14.4358,1.8065,87.0437,76.8005,10.2432
"SoftPCA-F (alpha=1.00e-03, K=20/20)",2,period_0916,27.253333,-14.3761,2.8366,86.4463,76.8005,9.6458
"SoftPCA-F (alpha=1.00e-03, K=20/20)",2,period_0916,27.306667,-14.4571,2.1152,87.0197,76.8005,10.2192
"SoftPCA-F (alpha=1.00e-03, K=20/20)",2,period_0916,27.360000,-14.5461,3.0757,87.2535,76.8005,10.4530
"SoftPCA-F (alpha=1.00e-03, K=20/20)",2,period_0916,27.400000,-14.4633,3.2076,87.4076,76.8005,10.6071
"SoftPCA-F (alpha=1.00e-03, K=20/20)",2,period_0916,27.453333,-14.4600,2.4329,88.5148,76.8005,11.7143
"SoftPCA-F (alpha=1.00e-03, K=20/20)",2,period_0916,27.506667,-14.3950,2.5648,87.4077,76.8005,10.6073
"SoftPCA-F (alpha=1.00e-03, K=20/20)",2,period_0916,27.560000,-14.4221,3.3561,88.1581,76.8005,11.3576
"SoftPCA-F (alpha=1.00e-03, K=20/20)",2,period_0916,27.600000,-14.4597,2.6667,88.0260,76.8005,11.2255
"SoftPCA-F (alpha=1.00e-03, K=20/20)",2,period_0916,27.653333,-14.6232,3.3627,88.3476,76.8005,11.5471
"SoftPCA-F (alpha=1.00e-03, K=20/20)",2,period_0916,27.706667,-14.4077,2.6550,87.9299,76.8005,11.1294
"SoftPCA-F (alpha=1.00e-03, K=20/20)",2,period_0916,27.760000,-14.3429,2.4818,87.6979,76.8005,10.8974
"SoftPCA-F (alpha=1.00e-03, K=20/20)",2,period_0916,27.800000,-14.5313,2.5980,87.3211,76.8005,10.5206
"SoftPCA-F (alpha=1.00e-03, K=20/20)",2,period_0916,27.853333,-14.3474,2.4720,87.5053,76.8005,10.7048
"SoftPCA-F (alpha=1.00e-03, K=20/20)",2,period_0916,27.906667,-14.4539,2.3505,87.6716,76.8005,10.8711
"SoftPCA-F (alpha=1.00e-03, K=20/20)",2,period_0916,27.960000,-14.3381,3.1673,87.4319,76.8005,10.6314
"SoftPCA-F (alpha=1.00e-03, K=20/20)",2,period_0916,28.000000,-14.3365,3.1257,87.5551,76.8005,10.7546
"SoftPCA-F (alpha=1.00e-03, K=20/20)",2,period_0916,28.053333,-14.3347,3.1901,87.5349,76.8005,10.7344
"SoftPCA-F (alpha=1.00e-03, K=20/20)",2,period_0916,28.106667,-14.4687,2.7282,88.5142,76.8005,11.7137
"SoftPCA-F (alpha=1.00e-03, K=20/20)",2,period_0916,28.160000,-14.3506,2.8002,88.6363,76.8005,11.8358
"SoftPCA-F (alpha=1.00e-03, K=20/20)",2,period_0916,28.200000,-14.5124,2.9450,87.7829,76.8005,10.9824
"SoftPCA-F (alpha=1.00e-03, K=20/20)",2,period_0916,28.253333,-14.2905,3.3496,86.5992,76.8005,9.7987
"SoftPCA-F (alpha=1.00e-03, K=20/20)",2,period_0916,28.306667,-14.4546,2.1287,87.5534,76.8005,10.7530
"SoftPCA-F (alpha=1.00e-03, K=20/20)",2,period_0916,28.360000,-14.4598,2.5268,88.7593,76.8005,11.9588
"SoftPCA-F (alpha=1.00e-03, K=20/20)",2,period_0916,28.400000,-14.4292,2.9258,88.5648,76.8005,11.7643
"SoftPCA-F (alpha=1.00e-03, K=20/20)",2,period_0916,28.453333,-14.4145,3.5094,88.9409,76.8005,12.1404
"SoftPCA-F (alpha=1.00e-03, K=20/20)",2,period_0916,28.506667,-14.3870,3.3791,88.0093,76.8005,11.2088
"SoftPCA-F (alpha=1.00e-03, K=20/20)",2,period_0916,28.560000,-14.3763,2.4936,87.2635,76.8005,10.4630
"SoftPCA-F (alpha=1.00e-03, K=20/20)",2,period_0916,28.600000,-14.3223,2.6858,87.0795,76.8005,10.2790
"SoftPCA-F (alpha=1.00e-03, K=20/20)",2,period_0916,28.653333,-14.0982,3.5642,86.7898,76.8005,9.9893
"SoftPCA-F (alpha=1.00e-03, K=20/20)",2,period_0916,28.706667,-13.6733,2.0111,87.2097,76.8005,10.4093
"SoftPCA-F (alpha=1.00e-03, K=20/20)",2,period_0916,28.760000,-14.0008,3.0695,87.1878,76.8005,10.3873
"SoftPCA-F (alpha=1.00e-03, K=20/20)",2,period_0916,28.800000,-14.0529,1.4127,87.6609,76.8005,10.8604
"SoftPCA-F (alpha=1.00e-03, K=20/20)",2,period_0916,28.853333,-14.1692,4.0447,87.8357,76.8005,11.0352
"SoftPCA-F (alpha=1.00e-03, K=20/20)",2,period_0916,28.906667,-14.3680,1.8649,88.6142,76.8005,11.8137
"SoftPCA-F (alpha=1.00e-03, K=20/20)",2,period_0916,28.960000,-14.2943,2.6550,88.9921,76.8005,12.1916
"SoftPCA-F (alpha=1.00e-03, K=20/20)",2,period_0916,29.000000,-14.4648,4.4227,89.1769,76.8005,12.3764
"SoftPCA-F (alpha=1.00e-03, K=20/20)",2,period_0916,29.053333,-14.2442,2.6207,88.5996,76.8005,11.7991
"SoftPCA-F (alpha=1.00e-03, K=20/20)",2,period_0916,29.106667,-14.1813,2.5053,88.7847,76.8005,11.9842
"SoftPCA-F (alpha=1.00e-03, K=20/20)",2,period_0916,29.160000,-14.3413,2.0182,88.7460,76.8005,11.9455
"SoftPCA-F (alpha=1.00e-03, K=20/20)",2,period_0916,29.200000,-14.4355,3.5839,89.7311,76.8005,12.9306
"SoftPCA-F (alpha=1.00e-03, K=20/20)",2,period_0916,29.253333,-14.4157,2.8350,89.1576,76.8005,12.3571
"SoftPCA-F (alpha=1.00e-03, K=20/20)",2,period_0916,29.306667,-14.1002,2.0781,87.5912,76.8005,10.7907
"SoftPCA-F (alpha=1.00e-03, K=20/20)",2,period_0916,29.360000,-14.2137,2.9278,88.5772,76.8005,11.7767
"SoftPCA-F (alpha=1.00e-03, K=20/20)",2,period_0916,29.400000,-14.4076,2.7627,89.2498,76.8005,12.4493
"SoftPCA-F (alpha=1.00e-03, K=20/20)",2,period_0916,29.453333,-14.1537,2.2213,88.5278,76.8005,11.7273
"SoftPCA-F (alpha=1.00e-03, K=20/20)",2,period_0916,29.506667,-14.2939,2.6937,88.7451,76.8005,11.9446
"SoftPCA-F (alpha=1.00e-03, K=20/20)",2,period_0916,29.560000,-14.4705,2.2508,89.2671,76.8005,12.4666
"SoftPCA-F (alpha=1.00e-03, K=20/20)",2,period_0916,29.600000,-14.2919,2.7070,87.8132,76.8005,11.0127
"SoftPCA-F (alpha=1.00e-03, K=20/20)",2,period_0916,29.653333,-14.3281,2.7692,87.8701,76.8005,11.0696
"SoftPCA-F (alpha=1.00e-03, K=20/20)",2,period_0916,29.706667,-14.2627,3.3528,87.1302,76.8005,10.3297
"SoftPCA-F (alpha=1.00e-03, K=20/20)",2,period_0916,29.760000,-14.2238,2.4551,87.1446,76.8005,10.3441
"SoftPCA-F (alpha=1.00e-03, K=20/20)",2,period_0916,29.800000,-14.2063,2.7390,87.1782,76.8005,10.3777
"SoftPCA-F (alpha=1.00e-03, K=20/20)",2,period_0916,29.853333,-14.3417,3.1849,88.1092,76.8005,11.3087
"SoftPCA-F (alpha=1.00e-03, K=20/20)",2,period_0916,29.906667,-14.4354,2.7043,87.8980,76.8005,11.0975
"SoftPCA-F (alpha=1.00e-03, K=20/20)",2,period_0916,29.960000,-14.3373,2.6802,87.7642,76.8005,10.9637
"SoftPCA-F (alpha=1.00e-03, K=20/20)",2,period_0916,30.000000,-14.3807,2.8493,87.0360,76.8005,10.2355
"SoftPCA-F (alpha=1.00e-03, K=20/20)",3,period_0943,30.013333,-3.9051,-0.0971,70.4579,67.9790,2.4789
"SoftPCA-F (alpha=1.00e-03, K=20/20)",3,period_0943,30.053333,-4.2221,3.3000,70.6771,67.9790,2.6981
"SoftPCA-F (alpha=1.00e-03, K=20/20)",3,period_0943,30.106667,-4.6603,2.2375,70.9978,67.9790,3.0188
"SoftPCA-F (alpha=1.00e-03, K=20/20)",3,period_0943,30.160000,-5.0797,2.3668,71.2990,67.9790,3.3199
"SoftPCA-F (alpha=1.00e-03, K=20/20)",3,period_0943,30.200000,-5.3322,4.4887,71.4834,67.9790,3.5043
"SoftPCA-F (alpha=1.00e-03, K=20/20)",3,period_0943,30.253333,-5.7405,3.0004,71.9133,67.9790,3.9342
"SoftPCA-F (alpha=1.00e-03, K=20/20)",3,period_0943,30.306667,-6.1250,3.2902,72.1563,67.9790,4.1772
"SoftPCA-F (alpha=1.00e-03, K=20/20)",3,period_0943,30.360000,-6.4981,4.6336,72.5923,67.9790,4.6132
"SoftPCA-F (alpha=1.00e-03, K=20/20)",3,period_0943,30.400000,-6.7083,4.7731,72.6897,67.9790,4.7106
"SoftPCA-F (alpha=1.00e-03, K=20/20)",3,period_0943,30.453333,-7.0168,3.9558,72.9246,67.9790,4.9455
"SoftPCA-F (alpha=1.00e-03, K=20/20)",3,period_0943,30.506667,-7.3230,3.6754,73.2179,67.9790,5.2389
"SoftPCA-F (alpha=1.00e-03, K=20/20)",3,period_0943,30.560000,-7.6108,4.7424,73.5004,67.9790,5.5214
"SoftPCA-F (alpha=1.00e-03, K=20/20)",3,period_0943,30.600000,-7.7765,3.5746,73.6764,67.9790,5.6974
"SoftPCA-F (alpha=1.00e-03, K=20/20)",3,period_0943,30.653333,-8.0051,3.8666,73.9658,67.9790,5.9868
"SoftPCA-F (alpha=1.00e-03, K=20/20)",3,period_0943,30.706667,-8.2519,2.3515,74.1410,67.9790,6.1619
"SoftPCA-F (alpha=1.00e-03, K=20/20)",3,period_0943,30.760000,-8.4393,3.6322,74.3696,67.9790,6.3905
"SoftPCA-F (alpha=1.00e-03, K=20/20)",3,period_0943,30.800000,-8.5879,3.1138,74.5990,67.9790,6.6200
"SoftPCA-F (alpha=1.00e-03, K=20/20)",3,period_0943,30.853333,-8.7831,3.3470,74.8066,67.9790,6.8276
"SoftPCA-F (alpha=1.00e-03, K=20/20)",3,period_0943,30.906667,-8.9918,3.4225,75.1409,67.9790,7.1619
"SoftPCA-F (alpha=1.00e-03, K=20/20)",3,period_0943,30.960000,-9.2320,3.5071,75.4496,67.9790,7.4705
"SoftPCA-F (alpha=1.00e-03, K=20/20)",3,period_0943,31.000000,-9.4053,5.3377,75.7232,67.9790,7.7441
"SoftPCA-F (alpha=1.00e-03, K=20/20)",3,period_0943,31.053333,-9.5597,3.6568,75.9350,67.9790,7.9559
"SoftPCA-F (alpha=1.00e-03, K=20/20)",3,period_0943,31.106667,-9.6980,3.1394,76.1093,67.9790,8.1303
"SoftPCA-F (alpha=1.00e-03, K=20/20)",3,period_0943,31.160000,-9.7864,3.3879,76.1577,67.9790,8.1786
"SoftPCA-F (alpha=1.00e-03, K=20/20)",3,period_0943,31.200000,-9.8550,4.8467,76.3223,67.9790,8.3432
"SoftPCA-F (alpha=1.00e-03, K=20/20)",3,period_0943,31.253333,-9.9362,3.4383,76.4245,67.9790,8.4455
"SoftPCA-F (alpha=1.00e-03, K=20/20)",3,period_0943,31.306667,-10.0587,4.2456,76.5678,67.9790,8.5888
"SoftPCA-F (alpha=1.00e-03, K=20/20)",3,period_0943,31.360000,-10.1726,3.3072,76.7934,67.9790,8.8143
"SoftPCA-F (alpha=1.00e-03, K=20/20)",3,period_0943,31.400000,-10.2557,5.5586,76.9209,67.9790,8.9419
"SoftPCA-F (alpha=1.00e-03, K=20/20)",3,period_0943,31.453333,-10.3700,3.5278,77.0739,67.9790,9.0949
"SoftPCA-F (alpha=1.00e-03, K=20/20)",3,period_0943,31.506667,-10.4548,3.8708,77.1607,67.9790,9.1817
"SoftPCA-F (alpha=1.00e-03, K=20/20)",3,period_0943,31.560000,-10.5669,4.4580,77.2908,67.9790,9.3117
"SoftPCA-F (alpha=1.00e-03, K=20/20)",3,period_0943,31.600000,-10.6179,3.9398,77.3590,67.9790,9.3800
"SoftPCA-F (alpha=1.00e-03, K=20/20)",3,period_0943,31.653333,-10.6663,3.8090,77.4501,67.9790,9.4710
"SoftPCA-F (alpha=1.00e-03, K=20/20)",3,period_0943,31.706667,-10.7013,4.3494,77.5673,67.9790,9.5883
"SoftPCA-F (alpha=1.00e-03, K=20/20)",3,period_0943,31.760000,-10.7674,3.9634,77.6973,67.9790,9.7183
"SoftPCA-F (alpha=1.00e-03, K=20/20)",3,period_0943,31.800000,-10.7831,4.1868,77.7006,67.9790,9.7216
"SoftPCA-F (alpha=1.00e-03, K=20/20)",3,period_0943,31.853333,-10.8203,4.7325,77.8659,67.9790,9.8868
"SoftPCA-F (alpha=1.00e-03, K=20/20)",3,period_0943,31.906667,-10.8866,3.4237,77.9886,67.9790,10.0095
"SoftPCA-F (alpha=1.00e-03, K=20/20)",3,period_0943,31.960000,-11.0078,3.4616,78.2371,67.9790,10.2580
"SoftPCA-F (alpha=1.00e-03, K=20/20)",3,period_0943,32.000000,-10.9666,4.1520,78.2207,67.9790,10.2416
"SoftPCA-F (alpha=1.00e-03, K=20/20)",3,period_0943,32.053333,-10.9826,4.6150,78.3021,67.9790,10.3230
"SoftPCA-F (alpha=1.00e-03, K=20/20)",3,period_0943,32.106667,-11.0805,2.6903,78.4715,67.9790,10.4925
"SoftPCA-F (alpha=1.00e-03, K=20/20)",3,period_0943,32.160000,-11.1549,3.7543,78.6746,67.9790,10.6956
"SoftPCA-F (alpha=1.00e-03, K=20/20)",3,period_0943,32.200000,-11.2012,4.4805,78.7705,67.9790,10.7914
"SoftPCA-F (alpha=1.00e-03, K=20/20)",3,period_0943,32.253333,-11.2847,4.2113,78.9840,67.9790,11.0050
"SoftPCA-F (alpha=1.00e-03, K=20/20)",3,period_0943,32.306667,-11.3101,4.4086,79.0525,67.9790,11.0734
"SoftPCA-F (alpha=1.00e-03, K=20/20)",3,period_0943,32.360000,-11.3093,2.9971,79.1481,67.9790,11.1690
"SoftPCA-F (alpha=1.00e-03, K=20/20)",3,period_0943,32.400000,-11.3453,4.9091,79.2306,67.9790,11.2515
"SoftPCA-F (alpha=1.00e-03, K=20/20)",3,period_0943,32.453333,-11.3617,3.9138,79.3856,67.9790,11.4066
"SoftPCA-F (alpha=1.00e-03, K=20/20)",3,period_0943,32.506667,-11.4107,3.4698,79.3813,67.9790,11.4022
"SoftPCA-F (alpha=1.00e-03, K=20/20)",3,period_0943,32.560000,-11.4280,2.9107,79.5045,67.9790,11.5254
"SoftPCA-F (alpha=1.00e-03, K=20/20)",3,period_0943,32.600000,-11.3653,5.2990,79.4686,67.9790,11.4895
"SoftPCA-F (alpha=1.00e-03, K=20/20)",3,period_0943,32.653333,-11.3718,3.5632,79.5369,67.9790,11.5579
"SoftPCA-F (alpha=1.00e-03, K=20/20)",3,period_0943,32.706667,-11.4215,4.5573,79.5318,67.9790,11.5528
"SoftPCA-F (alpha=1.00e-03, K=20/20)",3,period_0943,32.760000,-11.3985,2.8683,79.6273,67.9790,11.6482
"SoftPCA-F (alpha=1.00e-03, K=20/20)",3,period_0943,32.800000,-11.3928,3.2506,79.6093,67.9790,11.6302
"SoftPCA-F (alpha=1.00e-03, K=20/20)",3,period_0943,32.853333,-11.3759,3.3487,79.5558,67.9790,11.5767
"SoftPCA-F (alpha=1.00e-03, K=20/20)",3,period_0943,32.906667,-11.3931,4.1526,79.5916,67.9790,11.6125
"SoftPCA-F (alpha=1.00e-03, K=20/20)",3,period_0943,32.960000,-11.4466,4.7184,79.6761,67.9790,11.6970
"SoftPCA-F (alpha=1.00e-03, K=20/20)",3,period_0943,33.000000,-11.4391,3.4691,79.7582,67.9790,11.7792
"SoftPCA-F (alpha=1.00e-03, K=20/20)",3,period_0943,33.053333,-11.4292,3.8755,79.8075,67.9790,11.8284
"SoftPCA-F (alpha=1.00e-03, K=20/20)",3,period_0943,33.106667,-11.4481,4.1102,80.0289,67.9790,12.0498
"SoftPCA-F (alpha=1.00e-03, K=20/20)",3,period_0943,33.160000,-11.4489,2.9988,80.0068,67.9790,12.0277
"SoftPCA-F (alpha=1.00e-03, K=20/20)",3,period_0943,33.200000,-11.4645,2.8871,80.0603,67.9790,12.0812
"SoftPCA-F (alpha=1.00e-03, K=20/20)",3,period_0943,33.253333,-11.4593,3.9885,80.2942,67.9790,12.3151
"SoftPCA-F (alpha=1.00e-03, K=20/20)",3,period_0943,33.306667,-11.4846,4.3522,80.3222,67.9790,12.3432
"SoftPCA-F (alpha=1.00e-03, K=20/20)",3,period_0943,33.360000,-11.5230,3.8138,80.3104,67.9790,12.3314
"SoftPCA-F (alpha=1.00e-03, K=20/20)",3,period_0943,33.400000,-11.5248,3.9280,80.3505,67.9790,12.3715
"SoftPCA-F (alpha=1.00e-03, K=20/20)",3,period_0943,33.453333,-11.5605,3.6818,80.5364,67.9790,12.5574
"SoftPCA-F (alpha=1.00e-03, K=20/20)",3,period_0943,33.506667,-11.5228,4.7331,80.3961,67.9790,12.4171
"SoftPCA-F (alpha=1.00e-03, K=20/20)",3,period_0943,33.560000,-11.5642,4.2367,80.5211,67.9790,12.5421
"SoftPCA-F (alpha=1.00e-03, K=20/20)",3,period_0943,33.600000,-11.5536,3.4790,80.4624,67.9790,12.4834
"SoftPCA-F (alpha=1.00e-03, K=20/20)",3,period_0943,33.653333,-11.5319,4.3816,80.4913,67.9790,12.5123
"SoftPCA-F (alpha=1.00e-03, K=20/20)",3,period_0943,33.706667,-11.5571,3.9022,80.5720,67.9790,12.5929
"SoftPCA-F (alpha=1.00e-03, K=20/20)",3,period_0943,33.760000,-11.6237,3.4865,80.7236,67.9790,12.7446
"SoftPCA-F (alpha=1.00e-03, K=20/20)",3,period_0943,33.800000,-11.6060,3.1736,80.6153,67.9790,12.6362
"SoftPCA-F (alpha=1.00e-03, K=20/20)",3,period_0943,33.853333,-11.5984,3.9150,80.6408,67.9790,12.6617
"SoftPCA-F (alpha=1.00e-03, K=20/20)",3,period_0943,33.906667,-11.6224,2.7280,80.6851,67.9790,12.7060
"SoftPCA-F (alpha=1.00e-03, K=20/20)",3,period_0943,33.960000,-11.6472,3.6777,80.7621,67.9790,12.7830
"SoftPCA-F (alpha=1.00e-03, K=20/20)",3,period_0943,34.000000,-11.6340,4.0888,80.8717,67.9790,12.8926
"SoftPCA-F (alpha=1.00e-03, K=20/20)",3,period_0943,34.053333,-11.6847,4.8951,81.0029,67.9790,13.0239
"SoftPCA-F (alpha=1.00e-03, K=20/20)",3,period_0943,34.106667,-11.6860,2.6059,80.9868,67.9790,13.0078
"SoftPCA-F (alpha=1.00e-03, K=20/20)",3,period_0943,34.160000,-11.6977,4.1648,81.0705,67.9790,13.0914
"SoftPCA-F (alpha=1.00e-03, K=20/20)",3,period_0943,34.200000,-11.6981,3.5389,80.9934,67.9790,13.0143
"SoftPCA-F (alpha=1.00e-03, K=20/20)",3,period_0943,34.253333,-11.7026,4.2235,81.0210,67.9790,13.0420
"SoftPCA-F (alpha=1.00e-03, K=20/20)",3,period_0943,34.306667,-11.6834,3.2421,80.8795,67.9790,12.9004
"SoftPCA-F (alpha=1.00e-03, K=20/20)",3,period_0943,34.360000,-11.6378,4.4385,80.9516,67.9790,12.9725
"SoftPCA-F (alpha=1.00e-03, K=20/20)",3,period_0943,34.400000,-11.6456,3.5594,81.1069,67.9790,13.1278
"SoftPCA-F (alpha=1.00e-03, K=20/20)",3,period_0943,34.453333,-11.6638,3.7849,80.9494,67.9790,12.9704
"SoftPCA-F (alpha=1.00e-03, K=20/20)",3,period_0943,34.506667,-11.6243,3.5553,80.9281,67.9790,12.9491
"SoftPCA-F (alpha=1.00e-03, K=20/20)",3,period_0943,34.560000,-11.6397,4.1172,80.8677,67.9790,12.8886
"SoftPCA-F (alpha=1.00e-03, K=20/20)",3,period_0943,34.600000,-11.6359,3.6089,80.9195,67.9790,12.9405
"SoftPCA-F (alpha=1.00e-03, K=20/20)",3,period_0943,34.653333,-11.6565,4.3046,80.9318,67.9790,12.9527
"SoftPCA-F (alpha=1.00e-03, K=20/20)",3,period_0943,34.706667,-11.6728,4.4268,81.1746,67.9790,13.1955
"SoftPCA-F (alpha=1.00e-03, K=20/20)",3,period_0943,34.760000,-11.6752,2.9651,81.2095,67.9790,13.2305
"SoftPCA-F (alpha=1.00e-03, K=20/20)",3,period_0943,34.800000,-11.6500,3.2090,81.1012,67.9790,13.1222
"SoftPCA-F (alpha=1.00e-03, K=20/20)",3,period_0943,34.853333,-11.6136,4.8051,81.1879,67.9790,13.2088
"SoftPCA-F (alpha=1.00e-03, K=20/20)",3,period_0943,34.906667,-11.6588,4.1065,81.2412,67.9790,13.2621
"SoftPCA-F (alpha=1.00e-03, K=20/20)",3,period_0943,34.960000,-11.6577,3.3641,81.1859,67.9790,13.2068
"SoftPCA-F (alpha=1.00e-03, K=20/20)",3,period_0943,35.000000,-11.6744,3.6692,81.2191,67.9790,13.2400
"SoftPCA-F (alpha=1.00e-03, K=20/20)",3,period_0943,35.053333,-11.6324,3.8652,81.1298,67.9790,13.1507
"SoftPCA-F (alpha=1.00e-03, K=20/20)",3,period_0943,35.106667,-11.6506,4.0486,81.3323,67.9790,13.3532
"SoftPCA-F (alpha=1.00e-03, K=20/20)",3,period_0943,35.160000,-11.6398,4.3183,81.3234,67.9790,13.3443
"SoftPCA-F (alpha=1.00e-03, K=20/20)",3,period_0943,35.200000,-11.6744,3.7644,81.4203,67.9790,13.4412
"SoftPCA-F (alpha=1.00e-03, K=20/20)",3,period_0943,35.253333,-11.6542,3.7636,81.4214,67.9790,13.4423
"SoftPCA-F (alpha=1.00e-03, K=20/20)",3,period_0943,35.306667,-11.6579,3.9615,81.2721,67.9790,13.2931
"SoftPCA-F (alpha=1.00e-03, K=20/20)",3,period_0943,35.360000,-11.6177,4.0880,81.2854,67.9790,13.3063
"SoftPCA-F (alpha=1.00e-03, K=20/20)",3,period_0943,35.400000,-11.6122,2.7690,81.2188,67.9790,13.2398
"SoftPCA-F (alpha=1.00e-03, K=20/20)",3,period_0943,35.453333,-11.5797,3.5514,81.1820,67.9790,13.2030
"SoftPCA-F (alpha=1.00e-03, K=20/20)",3,period_0943,35.506667,-11.6363,4.3091,81.3788,67.9790,13.3998
"SoftPCA-F (alpha=1.00e-03, K=20/20)",3,period_0943,35.560000,-11.6355,3.2950,81.4474,67.9790,13.4684
"SoftPCA-F (alpha=1.00e-03, K=20/20)",3,period_0943,35.600000,-11.6068,4.4553,81.3629,67.9790,13.3838
"SoftPCA-F (alpha=1.00e-03, K=20/20)",3,period_0943,35.653333,-11.5616,4.0761,81.1937,67.9790,13.2147
"SoftPCA-F (alpha=1.00e-03, K=20/20)",3,period_0943,35.706667,-11.5643,3.3734,81.1611,67.9790,13.1821
"SoftPCA-F (alpha=1.00e-03, K=20/20)",3,period_0943,35.760000,-11.5424,3.6653,81.1071,67.9790,13.1281
"SoftPCA-F (alpha=1.00e-03, K=20/20)",3,period_0943,35.800000,-11.5596,3.9530,81.2228,67.9790,13.2437
"SoftPCA-F (alpha=1.00e-03, K=20/20)",3,period_0943,35.853333,-11.5919,3.1636,81.3521,67.9790,13.3731
"SoftPCA-F (alpha=1.00e-03, K=20/20)",3,period_0943,35.906667,-11.6125,4.1742,81.4644,67.9790,13.4854
"SoftPCA-F (alpha=1.00e-03, K=20/20)",3,period_0943,35.960000,-11.6091,5.2705,81.4407,67.9790,13.4617
"SoftPCA-F (alpha=1.00e-03, K=20/20)",3,period_0943,36.000000,-11.6300,4.9675,81.6155,67.9790,13.6364
"SoftPCA-F (alpha=1.00e-03, K=20/20)",3,period_0943,36.053333,-11.6230,3.8344,81.4643,67.9790,13.4853
"SoftPCA-F (alpha=1.00e-03, K=20/20)",3,period_0943,36.106667,-11.6269,3.8694,81.4908,67.9790,13.5117
"SoftPCA-F (alpha=1.00e-03, K=20/20)",3,period_0943,36.160000,-11.6239,4.3340,81.3506,67.9790,13.3716
"SoftPCA-F (alpha=1.00e-03, K=20/20)",3,period_0943,36.200000,-11.6568,3.4214,81.4042,67.9790,13.4251
"SoftPCA-F (alpha=1.00e-03, K=20/20)",3,period_0943,36.253333,-11.6141,3.9983,81.2949,67.9790,13.3159
"SoftPCA-F (alpha=1.00e-03, K=20/20)",3,period_0943,36.306667,-11.6149,3.4572,81.3877,67.9790,13.4086
"SoftPCA-F (alpha=1.00e-03, K=20/20)",3,period_0943,36.360000,-11.5805,1.7675,81.3186,67.9790,13.3396
"SoftPCA-F (alpha=1.00e-03, K=20/20)",3,period_0943,36.400000,-11.5835,3.2684,81.3143,67.9790,13.3353
"SoftPCA-F (alpha=1.00e-03, K=20/20)",3,period_0943,36.453333,-11.5567,3.5768,81.3938,67.9790,13.4147
"SoftPCA-F (alpha=1.00e-03, K=20/20)",3,period_0943,36.506667,-11.5682,3.5173,81.4857,67.9790,13.5067
"SoftPCA-F (alpha=1.00e-03, K=20/20)",3,period_0943,36.560000,-11.5873,3.7918,81.5620,67.9790,13.5830
"SoftPCA-F (alpha=1.00e-03, K=20/20)",3,period_0943,36.600000,-11.6159,3.6043,81.5715,67.9790,13.5925
"SoftPCA-F (alpha=1.00e-03, K=20/20)",3,period_0943,36.653333,-11.5571,3.1784,81.4530,67.9790,13.4740
"SoftPCA-F (alpha=1.00e-03, K=20/20)",3,period_0943,36.706667,-11.5946,4.0596,81.5406,67.9790,13.5616
"SoftPCA-F (alpha=1.00e-03, K=20/20)",3,period_0943,36.760000,-11.6141,3.4075,81.5824,67.9790,13.6034
"SoftPCA-F (alpha=1.00e-03, K=20/20)",3,period_0943,36.800000,-11.5938,4.2104,81.6318,67.9790,13.6527
"SoftPCA-F (alpha=1.00e-03, K=20/20)",3,period_0943,36.853333,-11.6246,3.8904,81.7400,67.9790,13.7610
"SoftPCA-F (alpha=1.00e-03, K=20/20)",3,period_0943,36.906667,-11.6627,4.5344,81.6866,67.9790,13.7075
"SoftPCA-F (alpha=1.00e-03, K=20/20)",3,period_0943,36.960000,-11.7318,3.7333,81.9056,67.9790,13.9265
"SoftPCA-F (alpha=1.00e-03, K=20/20)",3,period_0943,37.000000,-11.6907,4.3988,81.6830,67.9790,13.7039
"SoftPCA-F (alpha=1.00e-03, K=20/20)",3,period_0943,37.053333,-11.6706,3.4825,81.6527,67.9790,13.6736
"SoftPCA-F (alpha=1.00e-03, K=20/20)",3,period_0943,37.106667,-11.7060,4.3227,81.7618,67.9790,13.7828
"SoftPCA-F (alpha=1.00e-03, K=20/20)",3,period_0943,37.160000,-11.6500,3.8588,81.7277,67.9790,13.7487
"SoftPCA-F (alpha=1.00e-03, K=20/20)",3,period_0943,37.200000,-11.6660,3.9655,81.7853,67.9790,13.8063
"SoftPCA-F (alpha=1.00e-03, K=20/20)",3,period_0943,37.253333,-11.6373,3.1522,81.6761,67.9790,13.6971
"SoftPCA-F (alpha=1.00e-03, K=20/20)",3,period_0943,37.306667,-11.6022,4.1641,81.6141,67.9790,13.6350
"SoftPCA-F (alpha=1.00e-03, K=20/20)",3,period_0943,37.360000,-11.5974,3.8737,81.5047,67.9790,13.5256
"SoftPCA-F (alpha=1.00e-03, K=20/20)",3,period_0943,37.400000,-11.5427,3.6768,81.4233,67.9790,13.4442
"SoftPCA-F (alpha=1.00e-03, K=20/20)",3,period_0943,37.453333,-11.5388,4.0128,81.4942,67.9790,13.5152
"SoftPCA-F (alpha=1.00e-03, K=20/20)",3,period_0943,37.506667,-11.5377,3.1214,81.4951,67.9790,13.5161
"SoftPCA-F (alpha=1.00e-03, K=20/20)",3,period_0943,37.560000,-11.5329,2.9340,81.4218,67.9790,13.4428
"SoftPCA-F (alpha=1.00e-03, K=20/20)",3,period_0943,37.600000,-11.5448,3.7055,81.5607,67.9790,13.5817
"SoftPCA-F (alpha=1.00e-03, K=20/20)",3,period_0943,37.653333,-11.5637,3.6665,81.7305,67.9790,13.7515
"SoftPCA-F (alpha=1.00e-03, K=20/20)",3,period_0943,37.706667,-11.5770,3.5864,81.7131,67.9790,13.7341
"SoftPCA-F (alpha=1.00e-03, K=20/20)",3,period_0943,37.760000,-11.5966,2.8417,81.6196,67.9790,13.6406
"SoftPCA-F (alpha=1.00e-03, K=20/20)",3,period_0943,37.800000,-11.6022,3.3418,81.5639,67.9790,13.5848
"SoftPCA-F (alpha=1.00e-03, K=20/20)",3,period_0943,37.853333,-11.5852,3.1982,81.3537,67.9790,13.3747
"SoftPCA-F (alpha=1.00e-03, K=20/20)",3,period_0943,37.906667,-11.5882,4.0870,81.5148,67.9790,13.5357
"SoftPCA-F (alpha=1.00e-03, K=20/20)",3,period_0943,37.960000,-11.5947,4.6190,81.5417,67.9790,13.5627
"SoftPCA-F (alpha=1.00e-03, K=20/20)",3,period_0943,38.000000,-11.5705,2.2923,81.4343,67.9790,13.4552
"SoftPCA-F (alpha=1.00e-03, K=20/20)",3,period_0943,38.053333,-11.5495,3.8026,81.5430,67.9790,13.5639
"SoftPCA-F (alpha=1.00e-03, K=20/20)",3,period_0943,38.106667,-11.5798,4.0635,81.4704,67.9790,13.4913
"SoftPCA-F (alpha=1.00e-03, K=20/20)",3,period_0943,38.160000,-11.5663,2.9605,81.5715,67.9790,13.5925
"SoftPCA-F (alpha=1.00e-03, K=20/20)",3,period_0943,38.200000,-11.5525,3.7824,81.7209,67.9790,13.7419
"SoftPCA-F (alpha=1.00e-03, K=20/20)",3,period_0943,38.253333,-11.5441,4.2739,81.6037,67.9790,13.6247
"SoftPCA-F (alpha=1.00e-03, K=20/20)",3,period_0943,38.306667,-11.5903,4.2528,81.6114,67.9790,13.6324
"SoftPCA-F (alpha=1.00e-03, K=20/20)",3,period_0943,38.360000,-11.5399,4.5201,81.5773,67.9790,13.5982
"SoftPCA-F (alpha=1.00e-03, K=20/20)",3,period_0943,38.400000,-11.5943,3.8443,81.5939,67.9790,13.6149
"SoftPCA-F (alpha=1.00e-03, K=20/20)",3,period_0943,38.453333,-11.5524,4.2968,81.6132,67.9790,13.6341
"SoftPCA-F (alpha=1.00e-03, K=20/20)",3,period_0943,38.506667,-11.5636,4.4913,81.7091,67.9790,13.7300
"SoftPCA-F (alpha=1.00e-03, K=20/20)",3,period_0943,38.560000,-11.6104,4.3460,81.6928,67.9790,13.7137
"SoftPCA-F (alpha=1.00e-03, K=20/20)",3,period_0943,38.600000,-11.6234,2.3872,81.6855,67.9790,13.7064
"SoftPCA-F (alpha=1.00e-03, K=20/20)",3,period_0943,38.653333,-11.6034,4.7038,81.7421,67.9790,13.7630
"SoftPCA-F (alpha=1.00e-03, K=20/20)",3,period_0943,38.706667,-11.6163,4.1647,81.7052,67.9790,13.7261
"SoftPCA-F (alpha=1.00e-03, K=20/20)",3,period_0943,38.760000,-11.6185,4.8784,81.7359,67.9790,13.7568
"SoftPCA-F (alpha=1.00e-03, K=20/20)",3,period_0943,38.800000,-11.6137,2.9803,81.8644,67.9790,13.8853
"SoftPCA-F (alpha=1.00e-03, K=20/20)",3,period_0943,38.853333,-11.6487,3.5718,81.8815,67.9790,13.9025
"SoftPCA-F (alpha=1.00e-03, K=20/20)",3,period_0943,38.906667,-11.6148,3.7480,81.6869,67.9790,13.7079
"SoftPCA-F (alpha=1.00e-03, K=20/20)",3,period_0943,38.960000,-11.6066,4.1084,81.6964,67.9790,13.7173
"SoftPCA-F (alpha=1.00e-03, K=20/20)",3,period_0943,39.000000,-11.6009,4.1593,81.7596,67.9790,13.7806
"SoftPCA-F (alpha=1.00e-03, K=20/20)",3,period_0943,39.053333,-11.5990,4.1237,81.8560,67.9790,13.8769
"SoftPCA-F (alpha=1.00e-03, K=20/20)",3,period_0943,39.106667,-11.5777,4.0722,81.8021,67.9790,13.8231
"SoftPCA-F (alpha=1.00e-03, K=20/20)",3,period_0943,39.160000,-11.5780,3.3053,81.6559,67.9790,13.6768
"SoftPCA-F (alpha=1.00e-03, K=20/20)",3,period_0943,39.200000,-11.6018,3.8849,81.5528,67.9790,13.5737
"SoftPCA-F (alpha=1.00e-03, K=20/20)",3,period_0943,39.253333,-11.5411,3.7552,81.4793,67.9790,13.5002
"SoftPCA-F (alpha=1.00e-03, K=20/20)",3,period_0943,39.306667,-11.5456,4.2969,81.4488,67.9790,13.4698
"SoftPCA-F (alpha=1.00e-03, K=20/20)",3,period_0943,39.360000,-11.5194,3.7649,81.3943,67.9790,13.4152
"SoftPCA-F (alpha=1.00e-03, K=20/20)",3,period_0943,39.400000,-11.5607,3.4885,81.4654,67.9790,13.4864
"SoftPCA-F (alpha=1.00e-03, K=20/20)",3,period_0943,39.453333,-11.5440,3.7704,81.5931,67.9790,13.6140
"SoftPCA-F (alpha=1.00e-03, K=20/20)",3,period_0943,39.506667,-11.5579,3.4754,81.5517,67.9790,13.5726
"SoftPCA-F (alpha=1.00e-03, K=20/20)",3,period_0943,39.560000,-11.5558,3.3041,81.4011,67.9790,13.4220
"SoftPCA-F (alpha=1.00e-03, K=20/20)",3,period_0943,39.600000,-11.5310,4.4394,81.4091,67.9790,13.4301
"SoftPCA-F (alpha=1.00e-03, K=20/20)",3,period_0943,39.653333,-11.4885,3.1352,81.3157,67.9790,13.3366
"SoftPCA-F (alpha=1.00e-03, K=20/20)",3,period_0943,39.706667,-11.5261,3.7737,81.4464,67.9790,13.4673
"SoftPCA-F (alpha=1.00e-03, K=20/20)",3,period_0943,39.760000,-11.5286,3.9203,81.3905,67.9790,13.4115
"SoftPCA-F (alpha=1.00e-03, K=20/20)",3,period_0943,39.800000,-11.5730,3.3335,81.4750,67.9790,13.4959
"SoftPCA-F (alpha=1.00e-03, K=20/20)",3,period_0943,39.853333,-11.5690,3.6395,81.4933,67.9790,13.5143
"SoftPCA-F (alpha=1.00e-03, K=20/20)",3,period_0943,39.906667,-11.5883,4.2190,81.7274,67.9790,13.7484
"SoftPCA-F (alpha=1.00e-03, K=20/20)",3,period_0943,39.960000,-11.5796,3.3953,81.5000,67.9790,13.5210
"SoftPCA-F (alpha=1.00e-03, K=20/20)",3,period_0943,40.000000,-11.5502,4.4261,81.4971,67.9790,13.5181
"SoftPCA-F (alpha=1.00e-02, K=20/20)",0,period_0707,0.013333,2.5112,-1.3511,85.6599,85.1794,0.4805
"SoftPCA-F (alpha=1.00e-02, K=20/20)",0,period_0707,0.053333,1.9896,0.3381,85.7945,85.1794,0.6152
"SoftPCA-F (alpha=1.00e-02, K=20/20)",0,period_0707,0.106667,1.2467,0.7856,85.9772,85.1794,0.7978
"SoftPCA-F (alpha=1.00e-02, K=20/20)",0,period_0707,0.160000,0.6641,1.0089,86.2047,85.1794,1.0253
"SoftPCA-F (alpha=1.00e-02, K=20/20)",0,period_0707,0.200000,0.2477,1.2232,86.2530,85.1794,1.0736
"SoftPCA-F (alpha=1.00e-02, K=20/20)",0,period_0707,0.253333,-0.1734,1.1247,86.5051,85.1794,1.3257
"SoftPCA-F (alpha=1.00e-02, K=20/20)",0,period_0707,0.306667,-0.7614,0.9872,86.8649,85.1794,1.6855
"SoftPCA-F (alpha=1.00e-02, K=20/20)",0,period_0707,0.360000,-1.2260,2.3338,87.0964,85.1794,1.9170
"SoftPCA-F (alpha=1.00e-02, K=20/20)",0,period_0707,0.400000,-1.4948,1.4440,87.2692,85.1794,2.0898
"SoftPCA-F (alpha=1.00e-02, K=20/20)",0,period_0707,0.453333,-1.8922,1.3182,87.4151,85.1794,2.2357
"SoftPCA-F (alpha=1.00e-02, K=20/20)",0,period_0707,0.506667,-2.3105,0.4004,87.7557,85.1794,2.5764
"SoftPCA-F (alpha=1.00e-02, K=20/20)",0,period_0707,0.560000,-2.5642,2.4143,88.0142,85.1794,2.8348
"SoftPCA-F (alpha=1.00e-02, K=20/20)",0,period_0707,0.600000,-2.7215,2.5413,88.0679,85.1794,2.8885
"SoftPCA-F (alpha=1.00e-02, K=20/20)",0,period_0707,0.653333,-2.9576,2.2871,88.3267,85.1794,3.1473
"SoftPCA-F (alpha=1.00e-02, K=20/20)",0,period_0707,0.706667,-3.2020,2.7774,88.5301,85.1794,3.3507
"SoftPCA-F (alpha=1.00e-02, K=20/20)",0,period_0707,0.760000,-3.3818,1.7904,88.6866,85.1794,3.5072
"SoftPCA-F (alpha=1.00e-02, K=20/20)",0,period_0707,0.800000,-3.6565,0.6039,88.9401,85.1794,3.7608
"SoftPCA-F (alpha=1.00e-02, K=20/20)",0,period_0707,0.853333,-4.0765,0.0280,89.3635,85.1794,4.1842
"SoftPCA-F (alpha=1.00e-02, K=20/20)",0,period_0707,0.906667,-4.2685,1.2694,89.5914,85.1794,4.4120
"SoftPCA-F (alpha=1.00e-02, K=20/20)",0,period_0707,0.960000,-4.3216,1.8939,89.7640,85.1794,4.5846
"SoftPCA-F (alpha=1.00e-02, K=20/20)",0,period_0707,1.000000,-4.4308,2.3254,89.8822,85.1794,4.7028
"SoftPCA-F (alpha=1.00e-02, K=20/20)",0,period_0707,1.053333,-4.6551,1.4272,90.0537,85.1794,4.8743
"SoftPCA-F (alpha=1.00e-02, K=20/20)",0,period_0707,1.106667,-4.7520,0.7741,90.2694,85.1794,5.0900
"SoftPCA-F (alpha=1.00e-02, K=20/20)",0,period_0707,1.160000,-4.9077,1.7037,90.3515,85.1794,5.1721
"SoftPCA-F (alpha=1.00e-02, K=20/20)",0,period_0707,1.200000,-4.9332,1.8408,90.4494,85.1794,5.2700
"SoftPCA-F (alpha=1.00e-02, K=20/20)",0,period_0707,1.253333,-5.0924,2.0991,90.6200,85.1794,5.4407
"SoftPCA-F (alpha=1.00e-02, K=20/20)",0,period_0707,1.306667,-5.1385,0.4045,90.7788,85.1794,5.5994
"SoftPCA-F (alpha=1.00e-02, K=20/20)",0,period_0707,1.360000,-5.3403,0.9864,90.9342,85.1794,5.7549
"SoftPCA-F (alpha=1.00e-02, K=20/20)",0,period_0707,1.400000,-5.5011,1.5112,91.0977,85.1794,5.9184
"SoftPCA-F (alpha=1.00e-02, K=20/20)",0,period_0707,1.453333,-5.6723,1.6484,91.3125,85.1794,6.1332
"SoftPCA-F (alpha=1.00e-02, K=20/20)",0,period_0707,1.506667,-5.5682,2.8070,91.2826,85.1794,6.1032
"SoftPCA-F (alpha=1.00e-02, K=20/20)",0,period_0707,1.560000,-5.7964,1.4279,91.5898,85.1794,6.4104
"SoftPCA-F (alpha=1.00e-02, K=20/20)",0,period_0707,1.600000,-5.7832,1.2085,91.6806,85.1794,6.5013
"SoftPCA-F (alpha=1.00e-02, K=20/20)",0,period_0707,1.653333,-5.8410,0.8668,91.6472,85.1794,6.4678
"SoftPCA-F (alpha=1.00e-02, K=20/20)",0,period_0707,1.706667,-5.8389,2.4510,91.6273,85.1794,6.4479
"SoftPCA-F (alpha=1.00e-02, K=20/20)",0,period_0707,1.760000,-6.0127,0.7919,91.8367,85.1794,6.6573
"SoftPCA-F (alpha=1.00e-02, K=20/20)",0,period_0707,1.800000,-6.1213,1.2682,92.0172,85.1794,6.8379
"SoftPCA-F (alpha=1.00e-02, K=20/20)",0,period_0707,1.853333,-6.0884,2.0509,92.0446,85.1794,6.8653
"SoftPCA-F (alpha=1.00e-02, K=20/20)",0,period_0707,1.906667,-6.1049,0.7950,92.3146,85.1794,7.1353
"SoftPCA-F (alpha=1.00e-02, K=20/20)",0,period_0707,1.960000,-6.0759,2.2643,92.3914,85.1794,7.2121
"SoftPCA-F (alpha=1.00e-02, K=20/20)",0,period_0707,2.000000,-6.1760,1.3369,92.5510,85.1794,7.3716
"SoftPCA-F (alpha=1.00e-02, K=20/20)",0,period_0707,2.053333,-6.3505,1.2552,92.7704,85.1794,7.5911
"SoftPCA-F (alpha=1.00e-02, K=20/20)",0,period_0707,2.106667,-6.4939,1.4273,92.9229,85.1794,7.7435
"SoftPCA-F (alpha=1.00e-02, K=20/20)",0,period_0707,2.160000,-6.0946,1.8531,92.4092,85.1794,7.2298
"SoftPCA-F (alpha=1.00e-02, K=20/20)",0,period_0707,2.200000,-5.7703,2.8083,92.4371,85.1794,7.2577
"SoftPCA-F (alpha=1.00e-02, K=20/20)",0,period_0707,2.253333,-6.1405,1.0393,93.0015,85.1794,7.8221
"SoftPCA-F (alpha=1.00e-02, K=20/20)",0,period_0707,2.306667,-6.3448,0.9966,93.1776,85.1794,7.9982
"SoftPCA-F (alpha=1.00e-02, K=20/20)",0,period_0707,2.360000,-6.4696,1.4804,93.2733,85.1794,8.0939
"SoftPCA-F (alpha=1.00e-02, K=20/20)",0,period_0707,2.400000,-6.5264,0.3528,92.4816,85.1794,7.3023
"SoftPCA-F (alpha=1.00e-02, K=20/20)",0,period_0707,2.453333,-6.8483,1.3728,93.6574,85.1794,8.4781
"SoftPCA-F (alpha=1.00e-02, K=20/20)",0,period_0707,2.506667,-6.9328,1.1190,93.7133,85.1794,8.5340
"SoftPCA-F (alpha=1.00e-02, K=20/20)",0,period_0707,2.560000,-7.0178,0.3161,93.8310,85.1794,8.6516
"SoftPCA-F (alpha=1.00e-02, K=20/20)",0,period_0707,2.600000,-6.9260,1.5666,93.7661,85.1794,8.5868
"SoftPCA-F (alpha=1.00e-02, K=20/20)",0,period_0707,2.653333,-6.8796,2.1048,93.6329,85.1794,8.4535
"SoftPCA-F (alpha=1.00e-02, K=20/20)",0,period_0707,2.706667,-7.0362,1.1020,93.6639,85.1794,8.4846
"SoftPCA-F (alpha=1.00e-02, K=20/20)",0,period_0707,2.760000,-7.1738,1.0926,94.0544,85.1794,8.8750
"SoftPCA-F (alpha=1.00e-02, K=20/20)",0,period_0707,2.800000,-7.0381,2.8378,94.0273,85.1794,8.8479
"SoftPCA-F (alpha=1.00e-02, K=20/20)",0,period_0707,2.853333,-6.8982,2.8583,93.9904,85.1794,8.8111
"SoftPCA-F (alpha=1.00e-02, K=20/20)",0,period_0707,2.906667,-6.9045,2.2687,93.9943,85.1794,8.8149
"SoftPCA-F (alpha=1.00e-02, K=20/20)",0,period_0707,2.960000,-7.2327,-0.6205,94.3526,85.1794,9.1732
"SoftPCA-F (alpha=1.00e-02, K=20/20)",0,period_0707,3.000000,-7.2133,2.1172,94.2697,85.1794,9.0904
"SoftPCA-F (alpha=1.00e-02, K=20/20)",0,period_0707,3.053333,-7.0751,2.7969,94.2160,85.1794,9.0367
"SoftPCA-F (alpha=1.00e-02, K=20/20)",0,period_0707,3.106667,-7.0928,1.7136,94.2217,85.1794,9.0423
"SoftPCA-F (alpha=1.00e-02, K=20/20)",0,period_0707,3.160000,-7.1182,0.8660,94.3317,85.1794,9.1524
"SoftPCA-F (alpha=1.00e-02, K=20/20)",0,period_0707,3.200000,-7.1594,2.0750,94.3536,85.1794,9.1742
"SoftPCA-F (alpha=1.00e-02, K=20/20)",0,period_0707,3.253333,-7.1883,1.7659,94.4323,85.1794,9.2530
"SoftPCA-F (alpha=1.00e-02, K=20/20)",0,period_0707,3.306667,-7.1945,0.5332,94.5955,85.1794,9.4162
"SoftPCA-F (alpha=1.00e-02, K=20/20)",0,period_0707,3.360000,-7.1666,0.3151,93.4993,85.1794,8.3199
"SoftPCA-F (alpha=1.00e-02, K=20/20)",0,period_0707,3.400000,-7.3580,2.1194,94.8610,85.1794,9.6817
"SoftPCA-F (alpha=1.00e-02, K=20/20)",0,period_0707,3.453333,-7.4470,1.6738,95.0782,85.1794,9.8989
"SoftPCA-F (alpha=1.00e-02, K=20/20)",0,period_0707,3.506667,-7.4610,1.2679,95.1109,85.1794,9.9315
"SoftPCA-F (alpha=1.00e-02, K=20/20)",0,period_0707,3.560000,-7.4030,2.3240,95.0097,85.1794,9.8303
"SoftPCA-F (alpha=1.00e-02, K=20/20)",0,period_0707,3.600000,-7.3855,1.9433,94.9507,85.1794,9.7713
"SoftPCA-F (alpha=1.00e-02, K=20/20)",0,period_0707,3.653333,-7.4764,0.6325,95.1850,85.1794,10.0057
"SoftPCA-F (alpha=1.00e-02, K=20/20)",0,period_0707,3.706667,-7.4353,1.1829,94.9268,85.1794,9.7474
"SoftPCA-F (alpha=1.00e-02, K=20/20)",0,period_0707,3.760000,-7.3903,2.0279,94.8644,85.1794,9.6850
"SoftPCA-F (alpha=1.00e-02, K=20/20)",0,period_0707,3.800000,-6.8952,3.1274,94.5295,85.1794,9.3501
"SoftPCA-F (alpha=1.00e-02, K=20/20)",0,period_0707,3.853333,-7.0698,1.5523,94.6767,85.1794,9.4973
"SoftPCA-F (alpha=1.00e-02, K=20/20)",0,period_0707,3.906667,-7.3197,0.3689,94.8227,85.1794,9.6433
"SoftPCA-F (alpha=1.00e-02, K=20/20)",0,period_0707,3.960000,-7.1036,1.2447,94.8266,85.1794,9.6472
"SoftPCA-F (alpha=1.00e-02, K=20/20)",0,period_0707,4.000000,-7.1581,1.6188,94.8137,85.1794,9.6343
"SoftPCA-F (alpha=1.00e-02, K=20/20)",0,period_0707,4.053333,-7.2500,0.8152,94.6056,85.1794,9.4262
"SoftPCA-F (alpha=1.00e-02, K=20/20)",0,period_0707,4.106667,-7.2101,1.3287,92.8812,85.1794,7.7018
"SoftPCA-F (alpha=1.00e-02, K=20/20)",0,period_0707,4.160000,-7.1609,1.5608,92.7586,85.1794,7.5793
"SoftPCA-F (alpha=1.00e-02, K=20/20)",0,period_0707,4.200000,-7.2664,1.0355,92.9823,85.1794,7.8030
"SoftPCA-F (alpha=1.00e-02, K=20/20)",0,period_0707,4.253333,-7.1457,0.6671,92.5465,85.1794,7.3671
"SoftPCA-F (alpha=1.00e-02, K=20/20)",0,period_0707,4.306667,-7.0405,1.9857,94.1052,85.1794,8.9259
"SoftPCA-F (alpha=1.00e-02, K=20/20)",0,period_0707,4.360000,-7.1623,1.7231,94.8174,85.1794,9.6380
"SoftPCA-F (alpha=1.00e-02, K=20/20)",0,period_0707,4.400000,-7.2845,1.3048,94.8994,85.1794,9.7201
"SoftPCA-F (alpha=1.00e-02, K=20/20)",0,period_0707,4.453333,-7.2989,2.5322,94.8783,85.1794,9.6990
"SoftPCA-F (alpha=1.00e-02, K=20/20)",0,period_0707,4.506667,-7.3630,1.8085,95.0583,85.1794,9.8789
"SoftPCA-F (alpha=1.00e-02, K=20/20)",0,period_0707,4.560000,-7.3262,1.8074,94.9479,85.1794,9.7685
"SoftPCA-F (alpha=1.00e-02, K=20/20)",0,period_0707,4.600000,-7.3147,1.5812,94.8809,85.1794,9.7015
"SoftPCA-F (alpha=1.00e-02, K=20/20)",0,period_0707,4.653333,-7.3672,1.6429,95.1060,85.1794,9.9266
"SoftPCA-F (alpha=1.00e-02, K=20/20)",0,period_0707,4.706667,-7.3357,0.9529,94.5042,85.1794,9.3248
"SoftPCA-F (alpha=1.00e-02, K=20/20)",0,period_0707,4.760000,-7.4344,3.0715,95.1301,85.1794,9.9507
"SoftPCA-F (alpha=1.00e-02, K=20/20)",0,period_0707,4.800000,-7.5485,0.3744,93.9874,85.1794,8.8081
"SoftPCA-F (alpha=1.00e-02, K=20/20)",0,period_0707,4.853333,-7.6153,1.5941,94.9688,85.1794,9.7895
"SoftPCA-F (alpha=1.00e-02, K=20/20)",0,period_0707,4.906667,-7.5235,1.8730,95.5926,85.1794,10.4132
"SoftPCA-F (alpha=1.00e-02, K=20/20)",0,period_0707,4.960000,-7.6774,0.3927,95.8909,85.1794,10.7115
"SoftPCA-F (alpha=1.00e-02, K=20/20)",0,period_0707,5.000000,-7.6401,1.5015,95.7346,85.1794,10.5552
"SoftPCA-F (alpha=1.00e-02, K=20/20)",0,period_0707,5.053333,-7.6200,1.1339,95.8210,85.1794,10.6416
"SoftPCA-F (alpha=1.00e-02, K=20/20)",0,period_0707,5.106667,-7.7245,1.3418,95.8611,85.1794,10.6818
"SoftPCA-F (alpha=1.00e-02, K=20/20)",0,period_0707,5.160000,-7.6639,0.9449,95.4174,85.1794,10.2380
"SoftPCA-F (alpha=1.00e-02, K=20/20)",0,period_0707,5.200000,-7.7848,1.5301,95.4845,85.1794,10.3051
"SoftPCA-F (alpha=1.00e-02, K=20/20)",0,period_0707,5.253333,-7.8835,1.1022,95.3032,85.1794,10.1239
"SoftPCA-F (alpha=1.00e-02, K=20/20)",0,period_0707,5.306667,-7.3823,1.5921,90.7327,85.1794,5.5533
"SoftPCA-F (alpha=1.00e-02, K=20/20)",0,period_0707,5.360000,-7.5290,1.7958,93.1373,85.1794,7.9579
"SoftPCA-F (alpha=1.00e-02, K=20/20)",0,period_0707,5.400000,-7.3511,1.4871,92.5387,85.1794,7.3593
"SoftPCA-F (alpha=1.00e-02, K=20/20)",0,period_0707,5.453333,-7.2445,0.5822,91.4236,85.1794,6.2442
"SoftPCA-F (alpha=1.00e-02, K=20/20)",0,period_0707,5.506667,-7.1607,0.7564,89.7509,85.1794,4.5715
"SoftPCA-F (alpha=1.00e-02, K=20/20)",0,period_0707,5.560000,-7.2780,2.0351,92.1529,85.1794,6.9736
"SoftPCA-F (alpha=1.00e-02, K=20/20)",0,period_0707,5.600000,-7.1943,1.8009,90.9498,85.1794,5.7704
"SoftPCA-F (alpha=1.00e-02, K=20/20)",0,period_0707,5.653333,-7.2278,1.1381,91.1056,85.1794,5.9262
"SoftPCA-F (alpha=1.00e-02, K=20/20)",0,period_0707,5.706667,-7.4169,1.8660,95.6830,85.1794,10.5036
"SoftPCA-F (alpha=1.00e-02, K=20/20)",0,period_0707,5.760000,-7.4207,1.3770,95.5489,85.1794,10.3695
"SoftPCA-F (alpha=1.00e-02, K=20/20)",0,period_0707,5.800000,-7.4303,1.4430,94.6195,85.1794,9.4401
"SoftPCA-F (alpha=1.00e-02, K=20/20)",0,period_0707,5.853333,-7.5454,1.2786,95.9101,85.1794,10.7307
"SoftPCA-F (alpha=1.00e-02, K=20/20)",0,period_0707,5.906667,-7.5741,0.6368,93.5228,85.1794,8.3434
"SoftPCA-F (alpha=1.00e-02, K=20/20)",0,period_0707,5.960000,-7.6456,0.9995,93.6581,85.1794,8.4787
"SoftPCA-F (alpha=1.00e-02, K=20/20)",0,period_0707,6.000000,-7.7174,1.2744,96.0066,85.1794,10.8272
"SoftPCA-F (alpha=1.00e-02, K=20/20)",0,period_0707,6.053333,-7.7191,2.2024,95.9264,85.1794,10.7471
"SoftPCA-F (alpha=1.00e-02, K=20/20)",0,period_0707,6.106667,-7.5658,1.1718,94.6677,85.1794,9.4883
"SoftPCA-F (alpha=1.00e-02, K=20/20)",0,period_0707,6.160000,-7.7830,0.8543,96.0855,85.1794,10.9062
"SoftPCA-F (alpha=1.00e-02, K=20/20)",0,period_0707,6.200000,-7.6912,0.3780,92.5099,85.1794,7.3305
"SoftPCA-F (alpha=1.00e-02, K=20/20)",0,period_0707,6.253333,-7.7103,1.6916,95.1604,85.1794,9.9810
"SoftPCA-F (alpha=1.00e-02, K=20/20)",0,period_0707,6.306667,-7.7012,0.9230,93.6771,85.1794,8.4978
"SoftPCA-F (alpha=1.00e-02, K=20/20)",0,period_0707,6.360000,-7.7746,2.0362,95.2245,85.1794,10.0452
"SoftPCA-F (alpha=1.00e-02, K=20/20)",0,period_0707,6.400000,-7.6583,1.6629,94.2044,85.1794,9.0250
"SoftPCA-F (alpha=1.00e-02, K=20/20)",0,period_0707,6.453333,-7.7182,1.2396,94.0449,85.1794,8.8655
"SoftPCA-F (alpha=1.00e-02, K=20/20)",0,period_0707,6.506667,-7.7000,1.3537,95.0892,85.1794,9.9098
"SoftPCA-F (alpha=1.00e-02, K=20/20)",0,period_0707,6.560000,-7.8456,1.3065,96.5013,85.1794,11.3220
"SoftPCA-F (alpha=1.00e-02, K=20/20)",0,period_0707,6.600000,-7.8038,1.8496,95.7474,85.1794,10.5680
"SoftPCA-F (alpha=1.00e-02, K=20/20)",0,period_0707,6.653333,-7.7742,1.1544,96.4845,85.1794,11.3051
"SoftPCA-F (alpha=1.00e-02, K=20/20)",0,period_0707,6.706667,-7.6795,0.9651,94.8271,85.1794,9.6477
"SoftPCA-F (alpha=1.00e-02, K=20/20)",0,period_0707,6.760000,-7.7734,1.0885,95.7322,85.1794,10.5528
"SoftPCA-F (alpha=1.00e-02, K=20/20)",0,period_0707,6.800000,-7.8918,0.6126,94.4044,85.1794,9.2251
"SoftPCA-F (alpha=1.00e-02, K=20/20)",0,period_0707,6.853333,-7.6977,1.1259,92.8569,85.1794,7.6775
"SoftPCA-F (alpha=1.00e-02, K=20/20)",0,period_0707,6.906667,-7.6717,1.2735,92.4281,85.1794,7.2487
"SoftPCA-F (alpha=1.00e-02, K=20/20)",0,period_0707,6.960000,-7.8406,1.2968,93.4626,85.1794,8.2832
"SoftPCA-F (alpha=1.00e-02, K=20/20)",0,period_0707,7.000000,-7.7171,1.9943,92.6789,85.1794,7.4995
"SoftPCA-F (alpha=1.00e-02, K=20/20)",0,period_0707,7.053333,-7.7168,0.7579,92.9001,85.1794,7.7208
"SoftPCA-F (alpha=1.00e-02, K=20/20)",0,period_0707,7.106667,-7.7415,1.0303,93.0401,85.1794,7.8607
"SoftPCA-F (alpha=1.00e-02, K=20/20)",0,period_0707,7.160000,-7.7492,0.8683,94.3625,85.1794,9.1832
"SoftPCA-F (alpha=1.00e-02, K=20/20)",0,period_0707,7.200000,-7.9176,1.3837,96.4673,85.1794,11.2879
"SoftPCA-F (alpha=1.00e-02, K=20/20)",0,period_0707,7.253333,-7.8408,2.0606,96.2018,85.1794,11.0224
"SoftPCA-F (alpha=1.00e-02, K=20/20)",0,period_0707,7.306667,-7.7698,1.0972,95.7857,85.1794,10.6064
"SoftPCA-F (alpha=1.00e-02, K=20/20)",0,period_0707,7.360000,-7.8149,1.4553,96.2105,85.1794,11.0311
"SoftPCA-F (alpha=1.00e-02, K=20/20)",0,period_0707,7.400000,-7.9029,2.1731,96.2386,85.1794,11.0593
"SoftPCA-F (alpha=1.00e-02, K=20/20)",0,period_0707,7.453333,-7.9730,0.6601,96.1317,85.1794,10.9523
"SoftPCA-F (alpha=1.00e-02, K=20/20)",0,period_0707,7.506667,-7.7704,1.2483,95.6622,85.1794,10.4829
"SoftPCA-F (alpha=1.00e-02, K=20/20)",0,period_0707,7.560000,-7.7880,1.5063,95.6733,85.1794,10.4939
"SoftPCA-F (alpha=1.00e-02, K=20/20)",0,period_0707,7.600000,-7.6130,0.6362,95.5871,85.1794,10.4078
"SoftPCA-F (alpha=1.00e-02, K=20/20)",0,period_0707,7.653333,-7.5518,1.4116,94.1868,85.1794,9.0074
"SoftPCA-F (alpha=1.00e-02, K=20/20)",0,period_0707,7.706667,-7.4559,1.5512,93.8620,85.1794,8.6826
"SoftPCA-F (alpha=1.00e-02, K=20/20)",0,period_0707,7.760000,-7.6394,0.9571,93.9766,85.1794,8.7972
"SoftPCA-F (alpha=1.00e-02, K=20/20)",0,period_0707,7.800000,-7.8009,1.8239,95.7261,85.1794,10.5467
"SoftPCA-F (alpha=1.00e-02, K=20/20)",0,period_0707,7.853333,-7.7392,0.3429,95.7490,85.1794,10.5696
"SoftPCA-F (alpha=1.00e-02, K=20/20)",0,period_0707,7.906667,-7.8139,0.9768,95.7240,85.1794,10.5446
"SoftPCA-F (alpha=1.00e-02, K=20/20)",0,period_0707,7.960000,-7.7521,1.8750,95.7324,85.1794,10.5530
"SoftPCA-F (alpha=1.00e-02, K=20/20)",0,period_0707,8.000000,-7.6360,2.9804,95.5346,85.1794,10.3552
"SoftPCA-F (alpha=1.00e-02, K=20/20)",0,period_0707,8.053333,-7.5669,2.1290,95.5098,85.1794,10.3304
"SoftPCA-F (alpha=1.00e-02, K=20/20)",0,period_0707,8.106667,-7.4794,1.7336,95.4678,85.1794,10.2884
"SoftPCA-F (alpha=1.00e-02, K=20/20)",0,period_0707,8.160000,-7.4632,2.1802,95.4961,85.1794,10.3167
"SoftPCA-F (alpha=1.00e-02, K=20/20)",0,period_0707,8.200000,-7.5134,1.7414,95.5465,85.1794,10.3672
"SoftPCA-F (alpha=1.00e-02, K=20/20)",0,period_0707,8.253333,-7.5165,2.1200,95.5962,85.1794,10.4169
"SoftPCA-F (alpha=1.00e-02, K=20/20)",0,period_0707,8.306667,-7.6026,1.5420,95.6995,85.1794,10.5201
"SoftPCA-F (alpha=1.00e-02, K=20/20)",0,period_0707,8.360000,-7.2371,3.2880,95.4941,85.1794,10.3147
"SoftPCA-F (alpha=1.00e-02, K=20/20)",0,period_0707,8.400000,-7.4636,0.0850,95.5008,85.1794,10.3215
"SoftPCA-F (alpha=1.00e-02, K=20/20)",0,period_0707,8.453333,-7.3812,1.7390,95.4984,85.1794,10.3190
"SoftPCA-F (alpha=1.00e-02, K=20/20)",0,period_0707,8.506667,-7.7731,-0.0144,95.7735,85.1794,10.5941
"SoftPCA-F (alpha=1.00e-02, K=20/20)",0,period_0707,8.560000,-7.8261,1.7242,95.9316,85.1794,10.7522
"SoftPCA-F (alpha=1.00e-02, K=20/20)",0,period_0707,8.600000,-7.7745,1.3757,96.0541,85.1794,10.8747
"SoftPCA-F (alpha=1.00e-02, K=20/20)",0,period_0707,8.653333,-7.8806,0.9573,96.1004,85.1794,10.9210
"SoftPCA-F (alpha=1.00e-02, K=20/20)",0,period_0707,8.706667,-7.8429,1.3840,96.0913,85.1794,10.9119
"SoftPCA-F (alpha=1.00e-02, K=20/20)",0,period_0707,8.760000,-7.8126,1.2432,95.9714,85.1794,10.7920
"SoftPCA-F (alpha=1.00e-02, K=20/20)",0,period_0707,8.800000,-7.8101,1.7063,95.9792,85.1794,10.7998
"SoftPCA-F (alpha=1.00e-02, K=20/20)",0,period_0707,8.853333,-7.6399,1.4971,95.1870,85.1794,10.0077
"SoftPCA-F (alpha=1.00e-02, K=20/20)",0,period_0707,8.906667,-7.5637,1.5395,94.4264,85.1794,9.2471
"SoftPCA-F (alpha=1.00e-02, K=20/20)",0,period_0707,8.960000,-7.6038,1.2222,93.5827,85.1794,8.4034
"SoftPCA-F (alpha=1.00e-02, K=20/20)",0,period_0707,9.000000,-7.6197,1.7777,94.2178,85.1794,9.0384
"SoftPCA-F (alpha=1.00e-02, K=20/20)",0,period_0707,9.053333,-7.5175,1.4001,93.8341,85.1794,8.6548
"SoftPCA-F (alpha=1.00e-02, K=20/20)",0,period_0707,9.106667,-7.4472,2.0638,93.9606,85.1794,8.7813
"SoftPCA-F (alpha=1.00e-02, K=20/20)",0,period_0707,9.160000,-7.7722,1.0126,96.0529,85.1794,10.8735
"SoftPCA-F (alpha=1.00e-02, K=20/20)",0,period_0707,9.200000,-7.7521,1.9181,96.0035,85.1794,10.8242
"SoftPCA-F (alpha=1.00e-02, K=20/20)",0,period_0707,9.253333,-7.7829,1.3668,96.0194,85.1794,10.8400
"SoftPCA-F (alpha=1.00e-02, K=20/20)",0,period_0707,9.306667,-7.6251,1.6764,95.7655,85.1794,10.5862
"SoftPCA-F (alpha=1.00e-02, K=20/20)",0,period_0707,9.360000,-7.6725,1.1449,95.9907,85.1794,10.8114
"SoftPCA-F (alpha=1.00e-02, K=20/20)",0,period_0707,9.400000,-7.7580,2.3659,95.8914,85.1794,10.7120
"SoftPCA-F (alpha=1.00e-02, K=20/20)",0,period_0707,9.453333,-7.7584,0.7984,95.9820,85.1794,10.8026
"SoftPCA-F (alpha=1.00e-02, K=20/20)",0,period_0707,9.506667,-7.7121,1.4289,95.5539,85.1794,10.3745
"SoftPCA-F (alpha=1.00e-02, K=20/20)",0,period_0707,9.560000,-7.7974,1.3044,95.8265,85.1794,10.6471
"SoftPCA-F (alpha=1.00e-02, K=20/20)",0,period_0707,9.600000,-7.7766,1.5522,95.7709,85.1794,10.5915
"SoftPCA-F (alpha=1.00e-02, K=20/20)",0,period_0707,9.653333,-7.6785,1.3946,92.9807,85.1794,7.8014
"SoftPCA-F (alpha=1.00e-02, K=20/20)",0,period_0707,9.706667,-7.7678,2.0641,95.7829,85.1794,10.6035
"SoftPCA-F (alpha=1.00e-02, K=20/20)",0,period_0707,9.760000,-7.8825,1.3611,95.8438,85.1794,10.6645
"SoftPCA-F (alpha=1.00e-02, K=20/20)",0,period_0707,9.800000,-7.8597,1.9371,95.7445,85.1794,10.5651
"SoftPCA-F (alpha=1.00e-02, K=20/20)",0,period_0707,9.853333,-7.7554,1.1969,95.7000,85.1794,10.5206
"SoftPCA-F (alpha=1.00e-02, K=20/20)",0,period_0707,9.906667,-7.6976,1.1736,95.8877,85.1794,10.7083
"SoftPCA-F (alpha=1.00e-02, K=20/20)",0,period_0707,9.960000,-7.6998,1.1314,95.8681,85.1794,10.6887
"SoftPCA-F (alpha=1.00e-02, K=20/20)",0,period_0707,10.000000,-7.7230,1.6042,95.9181,85.1794,10.7387
"SoftPCA-F (alpha=1.00e-02, K=20/20)",1,period_0856,10.013333,-0.7977,0.4556,76.3977,75.6790,0.7186
"SoftPCA-F (alpha=1.00e-02, K=20/20)",1,period_0856,10.053333,-1.4707,1.2946,76.8819,75.6790,1.2029
"SoftPCA-F (alpha=1.00e-02, K=20/20)",1,period_0856,10.106667,-2.3467,2.0449,77.9003,75.6790,2.2213
"SoftPCA-F (alpha=1.00e-02, K=20/20)",1,period_0856,10.160000,-3.0949,2.4510,78.2673,75.6790,2.5882
"SoftPCA-F (alpha=1.00e-02, K=20/20)",1,period_0856,10.200000,-3.7026,3.5396,78.7770,75.6790,3.0979
"SoftPCA-F (alpha=1.00e-02, K=20/20)",1,period_0856,10.253333,-4.5471,2.9730,79.6615,75.6790,3.9825
"SoftPCA-F (alpha=1.00e-02, K=20/20)",1,period_0856,10.306667,-5.0780,3.7472,79.9980,75.6790,4.3190
"SoftPCA-F (alpha=1.00e-02, K=20/20)",1,period_0856,10.360000,-5.6798,3.8035,80.7311,75.6790,5.0521
"SoftPCA-F (alpha=1.00e-02, K=20/20)",1,period_0856,10.400000,-6.0433,3.7900,80.9409,75.6790,5.2618
"SoftPCA-F (alpha=1.00e-02, K=20/20)",1,period_0856,10.453333,-6.5179,3.8625,81.4962,75.6790,5.8172
"SoftPCA-F (alpha=1.00e-02, K=20/20)",1,period_0856,10.506667,-6.8471,3.5338,81.6695,75.6790,5.9904
"SoftPCA-F (alpha=1.00e-02, K=20/20)",1,period_0856,10.560000,-7.3114,5.5308,82.3690,75.6790,6.6900
"SoftPCA-F (alpha=1.00e-02, K=20/20)",1,period_0856,10.600000,-7.5320,4.2480,82.6056,75.6790,6.9265
"SoftPCA-F (alpha=1.00e-02, K=20/20)",1,period_0856,10.653333,-7.7716,4.8128,82.8071,75.6790,7.1281
"SoftPCA-F (alpha=1.00e-02, K=20/20)",1,period_0856,10.706667,-7.9745,5.2424,83.0549,75.6790,7.3759
"SoftPCA-F (alpha=1.00e-02, K=20/20)",1,period_0856,10.760000,-8.1870,4.5638,83.4563,75.6790,7.7773
"SoftPCA-F (alpha=1.00e-02, K=20/20)",1,period_0856,10.800000,-8.3144,3.7176,83.6245,75.6790,7.9455
"SoftPCA-F (alpha=1.00e-02, K=20/20)",1,period_0856,10.853333,-8.4896,6.3925,83.9379,75.6790,8.2589
"SoftPCA-F (alpha=1.00e-02, K=20/20)",1,period_0856,10.906667,-8.6311,3.9824,84.0546,75.6790,8.3756
"SoftPCA-F (alpha=1.00e-02, K=20/20)",1,period_0856,10.960000,-8.7612,4.7724,84.1087,75.6790,8.4297
"SoftPCA-F (alpha=1.00e-02, K=20/20)",1,period_0856,11.000000,-8.8504,5.9898,84.2555,75.6790,8.5765
"SoftPCA-F (alpha=1.00e-02, K=20/20)",1,period_0856,11.053333,-8.9538,4.9358,84.4448,75.6790,8.7658
"SoftPCA-F (alpha=1.00e-02, K=20/20)",1,period_0856,11.106667,-9.0190,4.8411,84.3846,75.6790,8.7056
"SoftPCA-F (alpha=1.00e-02, K=20/20)",1,period_0856,11.160000,-9.0932,4.9869,84.3776,75.6790,8.6986
"SoftPCA-F (alpha=1.00e-02, K=20/20)",1,period_0856,11.200000,-9.0998,5.4860,84.5001,75.6790,8.8211
"SoftPCA-F (alpha=1.00e-02, K=20/20)",1,period_0856,11.253333,-9.1649,4.4057,84.5064,75.6790,8.8274
"SoftPCA-F (alpha=1.00e-02, K=20/20)",1,period_0856,11.306667,-9.1917,6.9455,84.9304,75.6790,9.2514
"SoftPCA-F (alpha=1.00e-02, K=20/20)",1,period_0856,11.360000,-9.2774,5.6132,84.8271,75.6790,9.1481
"SoftPCA-F (alpha=1.00e-02, K=20/20)",1,period_0856,11.400000,-9.2709,4.3254,84.8789,75.6790,9.1999
"SoftPCA-F (alpha=1.00e-02, K=20/20)",1,period_0856,11.453333,-9.2986,5.5519,84.9145,75.6790,9.2355
"SoftPCA-F (alpha=1.00e-02, K=20/20)",1,period_0856,11.506667,-9.3448,4.5202,85.3143,75.6790,9.6353
"SoftPCA-F (alpha=1.00e-02, K=20/20)",1,period_0856,11.560000,-9.3613,5.6235,85.2585,75.6790,9.5795
"SoftPCA-F (alpha=1.00e-02, K=20/20)",1,period_0856,11.600000,-9.3448,6.6321,85.2379,75.6790,9.5588
"SoftPCA-F (alpha=1.00e-02, K=20/20)",1,period_0856,11.653333,-9.3605,5.2196,85.3436,75.6790,9.6646
"SoftPCA-F (alpha=1.00e-02, K=20/20)",1,period_0856,11.706667,-9.3988,4.9169,85.1467,75.6790,9.4676
"SoftPCA-F (alpha=1.00e-02, K=20/20)",1,period_0856,11.760000,-9.4109,5.0349,85.4563,75.6790,9.7773
"SoftPCA-F (alpha=1.00e-02, K=20/20)",1,period_0856,11.800000,-9.4253,5.0872,85.4528,75.6790,9.7738
"SoftPCA-F (alpha=1.00e-02, K=20/20)",1,period_0856,11.853333,-9.3663,4.6774,85.3962,75.6790,9.7171
"SoftPCA-F (alpha=1.00e-02, K=20/20)",1,period_0856,11.906667,-9.3593,4.6293,85.1424,75.6790,9.4633
"SoftPCA-F (alpha=1.00e-02, K=20/20)",1,period_0856,11.960000,-9.3737,4.2048,85.2702,75.6790,9.5912
"SoftPCA-F (alpha=1.00e-02, K=20/20)",1,period_0856,12.000000,-9.4016,4.9650,85.3024,75.6790,9.6233
"SoftPCA-F (alpha=1.00e-02, K=20/20)",1,period_0856,12.053333,-9.4028,4.7859,85.4029,75.6790,9.7238
"SoftPCA-F (alpha=1.00e-02, K=20/20)",1,period_0856,12.106667,-9.3418,5.0680,85.2828,75.6790,9.6038
"SoftPCA-F (alpha=1.00e-02, K=20/20)",1,period_0856,12.160000,-9.3681,4.5598,85.3801,75.6790,9.7010
"SoftPCA-F (alpha=1.00e-02, K=20/20)",1,period_0856,12.200000,-9.3311,4.4735,85.2844,75.6790,9.6054
"SoftPCA-F (alpha=1.00e-02, K=20/20)",1,period_0856,12.253333,-9.3256,6.1762,85.3991,75.6790,9.7201
"SoftPCA-F (alpha=1.00e-02, K=20/20)",1,period_0856,12.306667,-9.3322,4.8530,85.3751,75.6790,9.6960
"SoftPCA-F (alpha=1.00e-02, K=20/20)",1,period_0856,12.360000,-9.3731,4.7450,85.4315,75.6790,9.7525
"SoftPCA-F (alpha=1.00e-02, K=20/20)",1,period_0856,12.400000,-9.3522,3.3677,85.5134,75.6790,9.8344
"SoftPCA-F (alpha=1.00e-02, K=20/20)",1,period_0856,12.453333,-9.3460,4.3009,85.8099,75.6790,10.1309
"SoftPCA-F (alpha=1.00e-02, K=20/20)",1,period_0856,12.506667,-9.3047,5.7988,85.6725,75.6790,9.9934
"SoftPCA-F (alpha=1.00e-02, K=20/20)",1,period_0856,12.560000,-9.3274,4.8567,85.7994,75.6790,10.1204
"SoftPCA-F (alpha=1.00e-02, K=20/20)",1,period_0856,12.600000,-9.3304,5.1322,85.5952,75.6790,9.9162
"SoftPCA-F (alpha=1.00e-02, K=20/20)",1,period_0856,12.653333,-9.3578,4.0701,85.8102,75.6790,10.1312
"SoftPCA-F (alpha=1.00e-02, K=20/20)",1,period_0856,12.706667,-9.2904,4.0333,86.0215,75.6790,10.3425
"SoftPCA-F (alpha=1.00e-02, K=20/20)",1,period_0856,12.760000,-9.3207,4.8264,86.0926,75.6790,10.4136
"SoftPCA-F (alpha=1.00e-02, K=20/20)",1,period_0856,12.800000,-9.3359,5.4265,86.0653,75.6790,10.3862
"SoftPCA-F (alpha=1.00e-02, K=20/20)",1,period_0856,12.853333,-9.2767,4.0523,85.7850,75.6790,10.1060
"SoftPCA-F (alpha=1.00e-02, K=20/20)",1,period_0856,12.906667,-9.2969,4.1084,85.8073,75.6790,10.1283
"SoftPCA-F (alpha=1.00e-02, K=20/20)",1,period_0856,12.960000,-9.2654,4.8442,85.7112,75.6790,10.0322
"SoftPCA-F (alpha=1.00e-02, K=20/20)",1,period_0856,13.000000,-9.2755,4.2244,85.8747,75.6790,10.1957
"SoftPCA-F (alpha=1.00e-02, K=20/20)",1,period_0856,13.053333,-9.3017,5.4694,85.9426,75.6790,10.2636
"SoftPCA-F (alpha=1.00e-02, K=20/20)",1,period_0856,13.106667,-9.3126,5.3662,86.2107,75.6790,10.5317
"SoftPCA-F (alpha=1.00e-02, K=20/20)",1,period_0856,13.160000,-9.2741,3.5508,86.2527,75.6790,10.5736
"SoftPCA-F (alpha=1.00e-02, K=20/20)",1,period_0856,13.200000,-9.3312,4.7415,86.4398,75.6790,10.7608
"SoftPCA-F (alpha=1.00e-02, K=20/20)",1,period_0856,13.253333,-9.2851,5.6670,86.3469,75.6790,10.6679
"SoftPCA-F (alpha=1.00e-02, K=20/20)",1,period_0856,13.306667,-9.2950,4.8307,86.4188,75.6790,10.7397
"SoftPCA-F (alpha=1.00e-02, K=20/20)",1,period_0856,13.360000,-9.3007,5.3635,86.3442,75.6790,10.6652
"SoftPCA-F (alpha=1.00e-02, K=20/20)",1,period_0856,13.400000,-9.2848,3.4969,86.2636,75.6790,10.5846
"SoftPCA-F (alpha=1.00e-02, K=20/20)",1,period_0856,13.453333,-9.2541,4.7252,86.2744,75.6790,10.5954
"SoftPCA-F (alpha=1.00e-02, K=20/20)",1,period_0856,13.506667,-9.2480,4.1947,86.1982,75.6790,10.5192
"SoftPCA-F (alpha=1.00e-02, K=20/20)",1,period_0856,13.560000,-9.2549,5.0483,86.1907,75.6790,10.5117
"SoftPCA-F (alpha=1.00e-02, K=20/20)",1,period_0856,13.600000,-9.2181,3.1561,86.1718,75.6790,10.4928
"SoftPCA-F (alpha=1.00e-02, K=20/20)",1,period_0856,13.653333,-9.1890,4.3201,86.1437,75.6790,10.4647
"SoftPCA-F (alpha=1.00e-02, K=20/20)",1,period_0856,13.706667,-9.1835,4.8236,86.1387,75.6790,10.4597
"SoftPCA-F (alpha=1.00e-02, K=20/20)",1,period_0856,13.760000,-9.1628,4.5844,86.1799,75.6790,10.5009
"SoftPCA-F (alpha=1.00e-02, K=20/20)",1,period_0856,13.800000,-9.1534,4.5516,86.0652,75.6790,10.3861
"SoftPCA-F (alpha=1.00e-02, K=20/20)",1,period_0856,13.853333,-9.1957,5.1184,85.9910,75.6790,10.3120
"SoftPCA-F (alpha=1.00e-02, K=20/20)",1,period_0856,13.906667,-9.1869,4.2991,86.1260,75.6790,10.4470
"SoftPCA-F (alpha=1.00e-02, K=20/20)",1,period_0856,13.960000,-9.1827,5.3007,85.8082,75.6790,10.1292
"SoftPCA-F (alpha=1.00e-02, K=20/20)",1,period_0856,14.000000,-9.1971,5.6504,85.9943,75.6790,10.3152
"SoftPCA-F (alpha=1.00e-02, K=20/20)",1,period_0856,14.053333,-9.1648,5.3746,85.8932,75.6790,10.2142
"SoftPCA-F (alpha=1.00e-02, K=20/20)",1,period_0856,14.106667,-9.1391,5.0957,86.0076,75.6790,10.3286
"SoftPCA-F (alpha=1.00e-02, K=20/20)",1,period_0856,14.160000,-9.1387,4.5804,86.0892,75.6790,10.4102
"SoftPCA-F (alpha=1.00e-02, K=20/20)",1,period_0856,14.200000,-9.1165,4.5769,86.0759,75.6790,10.3969
"SoftPCA-F (alpha=1.00e-02, K=20/20)",1,period_0856,14.253333,-9.1098,5.0734,86.1455,75.6790,10.4664
"SoftPCA-F (alpha=1.00e-02, K=20/20)",1,period_0856,14.306667,-9.0752,4.7342,86.1127,75.6790,10.4337
"SoftPCA-F (alpha=1.00e-02, K=20/20)",1,period_0856,14.360000,-9.1208,5.5604,86.2164,75.6790,10.5373
"SoftPCA-F (alpha=1.00e-02, K=20/20)",1,period_0856,14.400000,-9.1332,4.9782,86.2876,75.6790,10.6086
"SoftPCA-F (alpha=1.00e-02, K=20/20)",1,period_0856,14.453333,-9.1042,5.2316,86.3568,75.6790,10.6778
"SoftPCA-F (alpha=1.00e-02, K=20/20)",1,period_0856,14.506667,-9.1359,4.5699,85.9880,75.6790,10.3090
"SoftPCA-F (alpha=1.00e-02, K=20/20)",1,period_0856,14.560000,-9.1304,5.0053,86.3417,75.6790,10.6627
"SoftPCA-F (alpha=1.00e-02, K=20/20)",1,period_0856,14.600000,-9.0978,6.0304,86.3826,75.6790,10.7036
"SoftPCA-F (alpha=1.00e-02, K=20/20)",1,period_0856,14.653333,-9.0800,4.8544,86.2973,75.6790,10.6183
"SoftPCA-F (alpha=1.00e-02, K=20/20)",1,period_0856,14.706667,-9.0617,6.6035,86.3478,75.6790,10.6687
"SoftPCA-F (alpha=1.00e-02, K=20/20)",1,period_0856,14.760000,-9.0556,4.7677,86.5318,75.6790,10.8528
"SoftPCA-F (alpha=1.00e-02, K=20/20)",1,period_0856,14.800000,-9.0583,4.5556,86.5968,75.6790,10.9177
"SoftPCA-F (alpha=1.00e-02, K=20/20)",1,period_0856,14.853333,-9.0604,7.1583,86.6368,75.6790,10.9578
"SoftPCA-F (alpha=1.00e-02, K=20/20)",1,period_0856,14.906667,-9.0621,3.0852,86.5131,75.6790,10.8341
"SoftPCA-F (alpha=1.00e-02, K=20/20)",1,period_0856,14.960000,-9.0565,5.1725,86.5631,75.6790,10.8841
"SoftPCA-F (alpha=1.00e-02, K=20/20)",1,period_0856,15.000000,-9.0576,5.0171,86.4281,75.6790,10.7491
"SoftPCA-F (alpha=1.00e-02, K=20/20)",1,period_0856,15.053333,-9.0719,4.2030,86.2602,75.6790,10.5812
"SoftPCA-F (alpha=1.00e-02, K=20/20)",1,period_0856,15.106667,-9.0412,5.0921,86.2757,75.6790,10.5967
"SoftPCA-F (alpha=1.00e-02, K=20/20)",1,period_0856,15.160000,-9.0545,4.0227,86.3583,75.6790,10.6793
"SoftPCA-F (alpha=1.00e-02, K=20/20)",1,period_0856,15.200000,-9.0626,7.1227,86.3718,75.6790,10.6928
"SoftPCA-F (alpha=1.00e-02, K=20/20)",1,period_0856,15.253333,-9.0726,4.0085,86.3442,75.6790,10.6652
"SoftPCA-F (alpha=1.00e-02, K=20/20)",1,period_0856,15.306667,-9.0576,5.6452,86.6658,75.6790,10.9868
"SoftPCA-F (alpha=1.00e-02, K=20/20)",1,period_0856,15.360000,-9.0633,4.4538,86.5854,75.6790,10.9064
"SoftPCA-F (alpha=1.00e-02, K=20/20)",1,period_0856,15.400000,-9.0426,4.4470,86.7081,75.6790,11.0290
"SoftPCA-F (alpha=1.00e-02, K=20/20)",1,period_0856,15.453333,-9.0615,4.1428,86.6548,75.6790,10.9758
"SoftPCA-F (alpha=1.00e-02, K=20/20)",1,period_0856,15.506667,-9.0688,4.6039,86.7359,75.6790,11.0569
"SoftPCA-F (alpha=1.00e-02, K=20/20)",1,period_0856,15.560000,-9.0839,5.2137,86.7174,75.6790,11.0384
"SoftPCA-F (alpha=1.00e-02, K=20/20)",1,period_0856,15.600000,-9.0932,5.2476,86.7053,75.6790,11.0262
"SoftPCA-F (alpha=1.00e-02, K=20/20)",1,period_0856,15.653333,-9.0906,5.8403,86.7470,75.6790,11.0680
"SoftPCA-F (alpha=1.00e-02, K=20/20)",1,period_0856,15.706667,-9.0989,5.4153,86.7392,75.6790,11.0602
"SoftPCA-F (alpha=1.00e-02, K=20/20)",1,period_0856,15.760000,-9.0542,5.1594,86.5444,75.6790,10.8654
"SoftPCA-F (alpha=1.00e-02, K=20/20)",1,period_0856,15.800000,-9.0839,4.2560,86.4746,75.6790,10.7956
"SoftPCA-F (alpha=1.00e-02, K=20/20)",1,period_0856,15.853333,-9.0600,5.2458,86.2532,75.6790,10.5742
"SoftPCA-F (alpha=1.00e-02, K=20/20)",1,period_0856,15.906667,-9.0892,6.0605,86.2968,75.6790,10.6178
"SoftPCA-F (alpha=1.00e-02, K=20/20)",1,period_0856,15.960000,-9.0478,5.3391,86.2981,75.6790,10.6190
"SoftPCA-F (alpha=1.00e-02, K=20/20)",1,period_0856,16.000000,-9.0813,4.3566,86.1840,75.6790,10.5050
"SoftPCA-F (alpha=1.00e-02, K=20/20)",1,period_0856,16.053333,-9.0370,5.9788,86.1372,75.6790,10.4581
"SoftPCA-F (alpha=1.00e-02, K=20/20)",1,period_0856,16.106667,-9.0530,4.2088,86.1233,75.6790,10.4443
"SoftPCA-F (alpha=1.00e-02, K=20/20)",1,period_0856,16.160000,-9.0697,5.3688,86.2873,75.6790,10.6083
"SoftPCA-F (alpha=1.00e-02, K=20/20)",1,period_0856,16.200000,-9.0429,5.4978,86.0763,75.6790,10.3973
"SoftPCA-F (alpha=1.00e-02, K=20/20)",1,period_0856,16.253333,-8.9796,5.4507,85.8986,75.6790,10.2196
"SoftPCA-F (alpha=1.00e-02, K=20/20)",1,period_0856,16.306667,-9.0244,5.1320,85.9474,75.6790,10.2683
"SoftPCA-F (alpha=1.00e-02, K=20/20)",1,period_0856,16.360000,-9.0253,4.7548,86.0653,75.6790,10.3862
"SoftPCA-F (alpha=1.00e-02, K=20/20)",1,period_0856,16.400000,-9.0099,5.0860,85.8637,75.6790,10.1847
"SoftPCA-F (alpha=1.00e-02, K=20/20)",1,period_0856,16.453333,-9.0119,4.6816,86.0352,75.6790,10.3561
"SoftPCA-F (alpha=1.00e-02, K=20/20)",1,period_0856,16.506667,-9.0486,3.8698,86.2328,75.6790,10.5538
"SoftPCA-F (alpha=1.00e-02, K=20/20)",1,period_0856,16.560000,-9.0665,5.7123,86.2787,75.6790,10.5997
"SoftPCA-F (alpha=1.00e-02, K=20/20)",1,period_0856,16.600000,-9.0487,5.2865,86.2911,75.6790,10.6121
"SoftPCA-F (alpha=1.00e-02, K=20/20)",1,period_0856,16.653333,-9.0307,5.0340,86.4236,75.6790,10.7445
"SoftPCA-F (alpha=1.00e-02, K=20/20)",1,period_0856,16.706667,-9.0129,4.1395,86.4253,75.6790,10.7462
"SoftPCA-F (alpha=1.00e-02, K=20/20)",1,period_0856,16.760000,-9.0204,4.8883,86.4142,75.6790,10.7352
"SoftPCA-F (alpha=1.00e-02, K=20/20)",1,period_0856,16.800000,-9.0327,3.7486,86.3176,75.6790,10.6386
"SoftPCA-F (alpha=1.00e-02, K=20/20)",1,period_0856,16.853333,-9.0500,5.3573,86.4864,75.6790,10.8074
"SoftPCA-F (alpha=1.00e-02, K=20/20)",1,period_0856,16.906667,-9.0496,5.9179,86.3723,75.6790,10.6932
"SoftPCA-F (alpha=1.00e-02, K=20/20)",1,period_0856,16.960000,-9.0439,4.5846,86.3865,75.6790,10.7074
"SoftPCA-F (alpha=1.00e-02, K=20/20)",1,period_0856,17.000000,-9.1045,5.6824,86.4538,75.6790,10.7748
"SoftPCA-F (alpha=1.00e-02, K=20/20)",1,period_0856,17.053333,-9.0794,5.2821,86.4643,75.6790,10.7852
"SoftPCA-F (alpha=1.00e-02, K=20/20)",1,period_0856,17.106667,-9.0611,5.2788,86.4044,75.6790,10.7254
"SoftPCA-F (alpha=1.00e-02, K=20/20)",1,period_0856,17.160000,-9.0455,4.0063,86.3270,75.6790,10.6480
"SoftPCA-F (alpha=1.00e-02, K=20/20)",1,period_0856,17.200000,-9.0817,4.9355,86.5064,75.6790,10.8274
"SoftPCA-F (alpha=1.00e-02, K=20/20)",1,period_0856,17.253333,-9.0875,5.3277,86.3916,75.6790,10.7125
"SoftPCA-F (alpha=1.00e-02, K=20/20)",1,period_0856,17.306667,-9.1262,5.9684,86.6880,75.6790,11.0089
"SoftPCA-F (alpha=1.00e-02, K=20/20)",1,period_0856,17.360000,-9.0838,4.8841,86.5701,75.6790,10.8911
"SoftPCA-F (alpha=1.00e-02, K=20/20)",1,period_0856,17.400000,-9.0942,4.8543,86.4880,75.6790,10.8090
"SoftPCA-F (alpha=1.00e-02, K=20/20)",1,period_0856,17.453333,-9.1139,5.0407,86.4028,75.6790,10.7237
"SoftPCA-F (alpha=1.00e-02, K=20/20)",1,period_0856,17.506667,-9.1167,4.4145,86.4396,75.6790,10.7606
"SoftPCA-F (alpha=1.00e-02, K=20/20)",1,period_0856,17.560000,-9.0962,4.9838,86.0983,75.6790,10.4192
"SoftPCA-F (alpha=1.00e-02, K=20/20)",1,period_0856,17.600000,-9.0954,5.1286,86.1204,75.6790,10.4414
"SoftPCA-F (alpha=1.00e-02, K=20/20)",1,period_0856,17.653333,-9.0938,5.0757,86.1474,75.6790,10.4684
"SoftPCA-F (alpha=1.00e-02, K=20/20)",1,period_0856,17.706667,-9.1008,5.8637,86.1619,75.6790,10.4829
"SoftPCA-F (alpha=1.00e-02, K=20/20)",1,period_0856,17.760000,-9.1226,5.2243,86.2864,75.6790,10.6074
"SoftPCA-F (alpha=1.00e-02, K=20/20)",1,period_0856,17.800000,-9.1087,4.2510,86.4950,75.6790,10.8160
"SoftPCA-F (alpha=1.00e-02, K=20/20)",1,period_0856,17.853333,-9.1361,4.1607,86.4669,75.6790,10.7879
"SoftPCA-F (alpha=1.00e-02, K=20/20)",1,period_0856,17.906667,-9.0774,4.4691,86.4743,75.6790,10.7952
"SoftPCA-F (alpha=1.00e-02, K=20/20)",1,period_0856,17.960000,-9.0934,5.6960,86.4407,75.6790,10.7617
"SoftPCA-F (alpha=1.00e-02, K=20/20)",1,period_0856,18.000000,-9.0731,4.0130,86.3303,75.6790,10.6513
"SoftPCA-F (alpha=1.00e-02, K=20/20)",1,period_0856,18.053333,-9.0484,5.0464,86.3673,75.6790,10.6883
"SoftPCA-F (alpha=1.00e-02, K=20/20)",1,period_0856,18.106667,-9.0454,4.8526,86.4943,75.6790,10.8153
"SoftPCA-F (alpha=1.00e-02, K=20/20)",1,period_0856,18.160000,-9.0550,4.1030,86.4312,75.6790,10.7522
"SoftPCA-F (alpha=1.00e-02, K=20/20)",1,period_0856,18.200000,-9.0713,4.6206,86.4809,75.6790,10.8019
"SoftPCA-F (alpha=1.00e-02, K=20/20)",1,period_0856,18.253333,-9.0745,5.1963,86.2861,75.6790,10.6071
"SoftPCA-F (alpha=1.00e-02, K=20/20)",1,period_0856,18.306667,-8.9432,5.2900,86.1918,75.6790,10.5128
"SoftPCA-F (alpha=1.00e-02, K=20/20)",1,period_0856,18.360000,-9.0196,4.2151,86.3187,75.6790,10.6396
"SoftPCA-F (alpha=1.00e-02, K=20/20)",1,period_0856,18.400000,-9.0201,4.5825,86.3141,75.6790,10.6351
"SoftPCA-F (alpha=1.00e-02, K=20/20)",1,period_0856,18.453333,-9.0331,5.4327,86.4540,75.6790,10.7750
"SoftPCA-F (alpha=1.00e-02, K=20/20)",1,period_0856,18.506667,-9.0111,4.7272,86.4288,75.6790,10.7498
"SoftPCA-F (alpha=1.00e-02, K=20/20)",1,period_0856,18.560000,-9.0111,5.7975,86.5261,75.6790,10.8471
"SoftPCA-F (alpha=1.00e-02, K=20/20)",1,period_0856,18.600000,-8.9507,6.2826,86.3262,75.6790,10.6472
"SoftPCA-F (alpha=1.00e-02, K=20/20)",1,period_0856,18.653333,-8.9703,3.2778,86.5071,75.6790,10.8280
"SoftPCA-F (alpha=1.00e-02, K=20/20)",1,period_0856,18.706667,-9.0111,5.0204,86.5423,75.6790,10.8633
"SoftPCA-F (alpha=1.00e-02, K=20/20)",1,period_0856,18.760000,-9.0455,3.8833,86.4296,75.6790,10.7506
"SoftPCA-F (alpha=1.00e-02, K=20/20)",1,period_0856,18.800000,-9.0450,5.6659,86.4523,75.6790,10.7733
"SoftPCA-F (alpha=1.00e-02, K=20/20)",1,period_0856,18.853333,-8.9822,5.3678,86.4480,75.6790,10.7690
"SoftPCA-F (alpha=1.00e-02, K=20/20)",1,period_0856,18.906667,-8.9899,4.4596,86.3520,75.6790,10.6730
"SoftPCA-F (alpha=1.00e-02, K=20/20)",1,period_0856,18.960000,-8.9480,4.6558,86.3228,75.6790,10.6438
"SoftPCA-F (alpha=1.00e-02, K=20/20)",1,period_0856,19.000000,-8.9790,5.8334,86.2708,75.6790,10.5918
"SoftPCA-F (alpha=1.00e-02, K=20/20)",1,period_0856,19.053333,-8.9768,4.6040,86.3238,75.6790,10.6447
"SoftPCA-F (alpha=1.00e-02, K=20/20)",1,period_0856,19.106667,-9.0154,5.4926,86.5275,75.6790,10.8485
"SoftPCA-F (alpha=1.00e-02, K=20/20)",1,period_0856,19.160000,-9.0344,4.6341,86.3422,75.6790,10.6632
"SoftPCA-F (alpha=1.00e-02, K=20/20)",1,period_0856,19.200000,-9.0384,6.1314,86.6077,75.6790,10.9287
"SoftPCA-F (alpha=1.00e-02, K=20/20)",1,period_0856,19.253333,-9.0194,4.4746,86.4698,75.6790,10.7908
"SoftPCA-F (alpha=1.00e-02, K=20/20)",1,period_0856,19.306667,-9.0116,4.1054,86.3995,75.6790,10.7205
"SoftPCA-F (alpha=1.00e-02, K=20/20)",1,period_0856,19.360000,-9.0195,6.1243,86.5052,75.6790,10.8261
"SoftPCA-F (alpha=1.00e-02, K=20/20)",1,period_0856,19.400000,-9.0020,4.4375,86.2868,75.6790,10.6077
"SoftPCA-F (alpha=1.00e-02, K=20/20)",1,period_0856,19.453333,-9.0124,4.8136,86.1652,75.6790,10.4862
"SoftPCA-F (alpha=1.00e-02, K=20/20)",1,period_0856,19.506667,-8.9566,4.0643,86.1180,75.6790,10.4390
"SoftPCA-F (alpha=1.00e-02, K=20/20)",1,period_0856,19.560000,-9.0053,3.4608,86.1857,75.6790,10.5067
"SoftPCA-F (alpha=1.00e-02, K=20/20)",1,period_0856,19.600000,-8.9727,5.8202,86.0878,75.6790,10.4088
"SoftPCA-F (alpha=1.00e-02, K=20/20)",1,period_0856,19.653333,-8.9565,3.9191,86.2138,75.6790,10.5348
"SoftPCA-F (alpha=1.00e-02, K=20/20)",1,period_0856,19.706667,-8.9663,4.9958,86.2890,75.6790,10.6100
"SoftPCA-F (alpha=1.00e-02, K=20/20)",1,period_0856,19.760000,-9.0098,4.6835,86.3321,75.6790,10.6531
"SoftPCA-F (alpha=1.00e-02, K=20/20)",1,period_0856,19.800000,-8.9862,6.2800,86.4409,75.6790,10.7618
"SoftPCA-F (alpha=1.00e-02, K=20/20)",1,period_0856,19.853333,-8.9918,4.4798,86.4870,75.6790,10.8080
"SoftPCA-F (alpha=1.00e-02, K=20/20)",1,period_0856,19.906667,-8.9974,5.8457,86.5708,75.6790,10.8917
"SoftPCA-F (alpha=1.00e-02, K=20/20)",1,period_0856,19.960000,-8.9820,4.5892,86.5683,75.6790,10.8893
"SoftPCA-F (alpha=1.00e-02, K=20/20)",1,period_0856,20.000000,-8.9705,6.5032,86.3668,75.6790,10.6878
"SoftPCA-F (alpha=1.00e-02, K=20/20)",2,period_0916,20.013333,-3.7775,-6.2956,77.9096,76.8005,1.1091
"SoftPCA-F (alpha=1.00e-02, K=20/20)",2,period_0916,20.053333,-4.4147,-1.8891,78.9885,76.8005,2.1880
"SoftPCA-F (alpha=1.00e-02, K=20/20)",2,period_0916,20.106667,-5.0298,-0.0018,79.4649,76.8005,2.6644
"SoftPCA-F (alpha=1.00e-02, K=20/20)",2,period_0916,20.160000,-5.6955,0.7646,79.8475,76.8005,3.0471
"SoftPCA-F (alpha=1.00e-02, K=20/20)",2,period_0916,20.200000,-6.1296,0.7906,81.2329,76.8005,4.4324
"SoftPCA-F (alpha=1.00e-02, K=20/20)",2,period_0916,20.253333,-6.6946,1.6297,82.6564,76.8005,5.8559
"SoftPCA-F (alpha=1.00e-02, K=20/20)",2,period_0916,20.306667,-7.1417,1.5296,83.2976,76.8005,6.4971
"SoftPCA-F (alpha=1.00e-02, K=20/20)",2,period_0916,20.360000,-7.5500,2.3287,84.4673,76.8005,7.6669
"SoftPCA-F (alpha=1.00e-02, K=20/20)",2,period_0916,20.400000,-7.9114,2.1112,84.5449,76.8005,7.7444
"SoftPCA-F (alpha=1.00e-02, K=20/20)",2,period_0916,20.453333,-8.2603,1.7909,84.8246,76.8005,8.0241
"SoftPCA-F (alpha=1.00e-02, K=20/20)",2,period_0916,20.506667,-8.6406,1.9776,84.9713,76.8005,8.1708
"SoftPCA-F (alpha=1.00e-02, K=20/20)",2,period_0916,20.560000,-9.0167,2.5866,85.8441,76.8005,9.0436
"SoftPCA-F (alpha=1.00e-02, K=20/20)",2,period_0916,20.600000,-9.2607,2.4635,86.0466,76.8005,9.2461
"SoftPCA-F (alpha=1.00e-02, K=20/20)",2,period_0916,20.653333,-9.5138,2.1244,86.6143,76.8005,9.8138
"SoftPCA-F (alpha=1.00e-02, K=20/20)",2,period_0916,20.706667,-9.7495,2.3617,86.7865,76.8005,9.9860
"SoftPCA-F (alpha=1.00e-02, K=20/20)",2,period_0916,20.760000,-10.0249,3.3333,87.0531,76.8005,10.2526
"SoftPCA-F (alpha=1.00e-02, K=20/20)",2,period_0916,20.800000,-10.2064,2.1290,87.1924,76.8005,10.3919
"SoftPCA-F (alpha=1.00e-02, K=20/20)",2,period_0916,20.853333,-10.3708,2.1688,87.1465,76.8005,10.3460
"SoftPCA-F (alpha=1.00e-02, K=20/20)",2,period_0916,20.906667,-10.6719,2.2376,87.4103,76.8005,10.6098
"SoftPCA-F (alpha=1.00e-02, K=20/20)",2,period_0916,20.960000,-10.7959,2.3308,87.6470,76.8005,10.8465
"SoftPCA-F (alpha=1.00e-02, K=20/20)",2,period_0916,21.000000,-11.0136,3.3638,87.9071,76.8005,11.1066
"SoftPCA-F (alpha=1.00e-02, K=20/20)",2,period_0916,21.053333,-11.2038,2.0641,88.2017,76.8005,11.4012
"SoftPCA-F (alpha=1.00e-02, K=20/20)",2,period_0916,21.106667,-11.4091,2.6738,88.5545,76.8005,11.7540
"SoftPCA-F (alpha=1.00e-02, K=20/20)",2,period_0916,21.160000,-11.5588,3.7136,88.6862,76.8005,11.8857
"SoftPCA-F (alpha=1.00e-02, K=20/20)",2,period_0916,21.200000,-11.6615,3.1265,88.9000,76.8005,12.0995
"SoftPCA-F (alpha=1.00e-02, K=20/20)",2,period_0916,21.253333,-11.7574,3.5524,88.2215,76.8005,11.4210
"SoftPCA-F (alpha=1.00e-02, K=20/20)",2,period_0916,21.306667,-11.8211,3.1591,88.4004,76.8005,11.6000
"SoftPCA-F (alpha=1.00e-02, K=20/20)",2,period_0916,21.360000,-11.9492,2.1921,88.6205,76.8005,11.8200
"SoftPCA-F (alpha=1.00e-02, K=20/20)",2,period_0916,21.400000,-12.2115,3.0358,88.2860,76.8005,11.4855
"SoftPCA-F (alpha=1.00e-02, K=20/20)",2,period_0916,21.453333,-12.3448,1.9496,88.2522,76.8005,11.4517
"SoftPCA-F (alpha=1.00e-02, K=20/20)",2,period_0916,21.506667,-12.4243,2.0210,88.3439,76.8005,11.5434
"SoftPCA-F (alpha=1.00e-02, K=20/20)",2,period_0916,21.560000,-12.5009,2.5017,87.2504,76.8005,10.4500
"SoftPCA-F (alpha=1.00e-02, K=20/20)",2,period_0916,21.600000,-12.5808,2.5606,87.3805,76.8005,10.5800
"SoftPCA-F (alpha=1.00e-02, K=20/20)",2,period_0916,21.653333,-12.6403,3.1924,87.2161,76.8005,10.4156
"SoftPCA-F (alpha=1.00e-02, K=20/20)",2,period_0916,21.706667,-12.8037,2.4596,86.9115,76.8005,10.1110
"SoftPCA-F (alpha=1.00e-02, K=20/20)",2,period_0916,21.760000,-12.9815,2.3478,88.2407,76.8005,11.4402
"SoftPCA-F (alpha=1.00e-02, K=20/20)",2,period_0916,21.800000,-13.0870,1.9242,88.1444,76.8005,11.3439
"SoftPCA-F (alpha=1.00e-02, K=20/20)",2,period_0916,21.853333,-13.1428,2.3747,88.3097,76.8005,11.5092
"SoftPCA-F (alpha=1.00e-02, K=20/20)",2,period_0916,21.906667,-13.0073,1.6355,87.5380,76.8005,10.7375
"SoftPCA-F (alpha=1.00e-02, K=20/20)",2,period_0916,21.960000,-13.1834,2.3083,87.3609,76.8005,10.5604
"SoftPCA-F (alpha=1.00e-02, K=20/20)",2,period_0916,22.000000,-13.3161,2.2729,89.6080,76.8005,12.8075
"SoftPCA-F (alpha=1.00e-02, K=20/20)",2,period_0916,22.053333,-13.2850,1.9299,90.1612,76.8005,13.3607
"SoftPCA-F (alpha=1.00e-02, K=20/20)",2,period_0916,22.106667,-13.4222,2.9179,88.4064,76.8005,11.6059
"SoftPCA-F (alpha=1.00e-02, K=20/20)",2,period_0916,22.160000,-13.4963,2.3896,88.1244,76.8005,11.3239
"SoftPCA-F (alpha=1.00e-02, K=20/20)",2,period_0916,22.200000,-13.5619,3.0575,88.6164,76.8005,11.8159
"SoftPCA-F (alpha=1.00e-02, K=20/20)",2,period_0916,22.253333,-13.6135,2.6901,88.8766,76.8005,12.0761
"SoftPCA-F (alpha=1.00e-02, K=20/20)",2,period_0916,22.306667,-13.6818,2.3753,88.4317,76.8005,11.6312
"SoftPCA-F (alpha=1.00e-02, K=20/20)",2,period_0916,22.360000,-13.7650,2.0223,87.8192,76.8005,11.0187
"SoftPCA-F (alpha=1.00e-02, K=20/20)",2,period_0916,22.400000,-13.7726,3.1783,88.2123,76.8005,11.4118
"SoftPCA-F (alpha=1.00e-02, K=20/20)",2,period_0916,22.453333,-13.8592,2.8476,88.7523,76.8005,11.9518
"SoftPCA-F (alpha=1.00e-02, K=20/20)",2,period_0916,22.506667,-13.7675,2.7898,87.9161,76.8005,11.1156
"SoftPCA-F (alpha=1.00e-02, K=20/20)",2,period_0916,22.560000,-13.6440,2.4045,87.0428,76.8005,10.2423
"SoftPCA-F (alpha=1.00e-02, K=20/20)",2,period_0916,22.600000,-13.6976,2.3934,87.2105,76.8005,10.4100
"SoftPCA-F (alpha=1.00e-02, K=20/20)",2,period_0916,22.653333,-13.7726,2.7185,87.7826,76.8005,10.9821
"SoftPCA-F (alpha=1.00e-02, K=20/20)",2,period_0916,22.706667,-13.7317,2.3179,87.3301,76.8005,10.5296
"SoftPCA-F (alpha=1.00e-02, K=20/20)",2,period_0916,22.760000,-13.7868,2.8400,87.1970,76.8005,10.3965
"SoftPCA-F (alpha=1.00e-02, K=20/20)",2,period_0916,22.800000,-13.7270,3.0417,87.0173,76.8005,10.2168
"SoftPCA-F (alpha=1.00e-02, K=20/20)",2,period_0916,22.853333,-13.8112,3.1270,87.7614,76.8005,10.9609
"SoftPCA-F (alpha=1.00e-02, K=20/20)",2,period_0916,22.906667,-13.7239,2.9307,87.0097,76.8005,10.2093
"SoftPCA-F (alpha=1.00e-02, K=20/20)",2,period_0916,22.960000,-13.8458,2.8127,87.8065,76.8005,11.0060
"SoftPCA-F (alpha=1.00e-02, K=20/20)",2,period_0916,23.000000,-13.8728,3.5251,86.9526,76.8005,10.1521
"SoftPCA-F (alpha=1.00e-02, K=20/20)",2,period_0916,23.053333,-13.8387,2.8452,86.3961,76.8005,9.5956
"SoftPCA-F (alpha=1.00e-02, K=20/20)",2,period_0916,23.106667,-13.8865,2.2820,86.7196,76.8005,9.9191
"SoftPCA-F (alpha=1.00e-02, K=20/20)",2,period_0916,23.160000,-13.8631,3.9725,86.8608,76.8005,10.0603
"SoftPCA-F (alpha=1.00e-02, K=20/20)",2,period_0916,23.200000,-13.9045,2.0992,87.2267,76.8005,10.4262
"SoftPCA-F (alpha=1.00e-02, K=20/20)",2,period_0916,23.253333,-13.9863,2.6334,87.3841,76.8005,10.5836
"SoftPCA-F (alpha=1.00e-02, K=20/20)",2,period_0916,23.306667,-13.9195,3.2852,86.9974,76.8005,10.1969
"SoftPCA-F (alpha=1.00e-02, K=20/20)",2,period_0916,23.360000,-13.9218,3.3723,87.0216,76.8005,10.2211
"SoftPCA-F (alpha=1.00e-02, K=20/20)",2,period_0916,23.400000,-13.3781,3.2801,86.9999,76.8005,10.1994
"SoftPCA-F (alpha=1.00e-02, K=20/20)",2,period_0916,23.453333,-13.3956,2.5967,86.8716,76.8005,10.0711
"SoftPCA-F (alpha=1.00e-02, K=20/20)",2,period_0916,23.506667,-13.6746,2.3788,87.0563,76.8005,10.2558
"SoftPCA-F (alpha=1.00e-02, K=20/20)",2,period_0916,23.560000,-13.6994,2.6465,86.6839,76.8005,9.8834
"SoftPCA-F (alpha=1.00e-02, K=20/20)",2,period_0916,23.600000,-13.8305,3.5494,86.7705,76.8005,9.9700
"SoftPCA-F (alpha=1.00e-02, K=20/20)",2,period_0916,23.653333,-13.8852,3.2958,86.7158,76.8005,9.9153
"SoftPCA-F (alpha=1.00e-02, K=20/20)",2,period_0916,23.706667,-13.7595,3.6581,87.1466,76.8005,10.3461
"SoftPCA-F (alpha=1.00e-02, K=20/20)",2,period_0916,23.760000,-13.7353,2.5688,88.1396,76.8005,11.3391
"SoftPCA-F (alpha=1.00e-02, K=20/20)",2,period_0916,23.800000,-13.9071,1.9613,88.7918,76.8005,11.9913
"SoftPCA-F (alpha=1.00e-02, K=20/20)",2,period_0916,23.853333,-13.9441,3.9092,88.2693,76.8005,11.4688
"SoftPCA-F (alpha=1.00e-02, K=20/20)",2,period_0916,23.906667,-14.1171,2.3676,88.6051,76.8005,11.8046
"SoftPCA-F (alpha=1.00e-02, K=20/20)",2,period_0916,23.960000,-14.1133,2.0747,89.2942,76.8005,12.4937
"SoftPCA-F (alpha=1.00e-02, K=20/20)",2,period_0916,24.000000,-14.1030,1.6435,89.1813,76.8005,12.3808
"SoftPCA-F (alpha=1.00e-02, K=20/20)",2,period_0916,24.053333,-14.0863,3.1389,89.4952,76.8005,12.6947
"SoftPCA-F (alpha=1.00e-02, K=20/20)",2,period_0916,24.106667,-14.0600,2.8298,89.4451,76.8005,12.6446
"SoftPCA-F (alpha=1.00e-02, K=20/20)",2,period_0916,24.160000,-14.2107,3.0781,88.3962,76.8005,11.5957
"SoftPCA-F (alpha=1.00e-02, K=20/20)",2,period_0916,24.200000,-14.1341,2.6402,87.7864,76.8005,10.9859
"SoftPCA-F (alpha=1.00e-02, K=20/20)",2,period_0916,24.253333,-13.9929,2.2975,86.9696,76.8005,10.1691
"SoftPCA-F (alpha=1.00e-02, K=20/20)",2,period_0916,24.306667,-14.0533,2.2625,87.8068,76.8005,11.0063
"SoftPCA-F (alpha=1.00e-02, K=20/20)",2,period_0916,24.360000,-14.0814,3.1970,87.6195,76.8005,10.8190
"SoftPCA-F (alpha=1.00e-02, K=20/20)",2,period_0916,24.400000,-14.0697,2.7396,87.1309,76.8005,10.3304
"SoftPCA-F (alpha=1.00e-02, K=20/20)",2,period_0916,24.453333,-14.1808,2.4080,87.5347,76.8005,10.7342
"SoftPCA-F (alpha=1.00e-02, K=20/20)",2,period_0916,24.506667,-14.1577,2.7956,87.3630,76.8005,10.5625
"SoftPCA-F (alpha=1.00e-02, K=20/20)",2,period_0916,24.560000,-14.1092,1.7187,88.0068,76.8005,11.2063
"SoftPCA-F (alpha=1.00e-02, K=20/20)",2,period_0916,24.600000,-14.0146,1.5588,89.5145,76.8005,12.7140
"SoftPCA-F (alpha=1.00e-02, K=20/20)",2,period_0916,24.653333,-14.0731,2.5590,89.5108,76.8005,12.7103
"SoftPCA-F (alpha=1.00e-02, K=20/20)",2,period_0916,24.706667,-14.0880,2.7056,88.7158,76.8005,11.9153
"SoftPCA-F (alpha=1.00e-02, K=20/20)",2,period_0916,24.760000,-14.1851,3.6879,88.5239,76.8005,11.7234
"SoftPCA-F (alpha=1.00e-02, K=20/20)",2,period_0916,24.800000,-14.0736,2.4370,88.3484,76.8005,11.5479
"SoftPCA-F (alpha=1.00e-02, K=20/20)",2,period_0916,24.853333,-14.1368,3.3263,87.8362,76.8005,11.0357
"SoftPCA-F (alpha=1.00e-02, K=20/20)",2,period_0916,24.906667,-14.1640,1.9072,87.5937,76.8005,10.7932
"SoftPCA-F (alpha=1.00e-02, K=20/20)",2,period_0916,24.960000,-14.1740,2.0356,87.5595,76.8005,10.7590
"SoftPCA-F (alpha=1.00e-02, K=20/20)",2,period_0916,25.000000,-14.1611,3.2235,87.1495,76.8005,10.3490
"SoftPCA-F (alpha=1.00e-02, K=20/20)",2,period_0916,25.053333,-14.2076,2.2038,87.4418,76.8005,10.6413
"SoftPCA-F (alpha=1.00e-02, K=20/20)",2,period_0916,25.106667,-14.2046,2.8985,87.8339,76.8005,11.0334
"SoftPCA-F (alpha=1.00e-02, K=20/20)",2,period_0916,25.160000,-14.1926,2.7873,87.5133,76.8005,10.7129
"SoftPCA-F (alpha=1.00e-02, K=20/20)",2,period_0916,25.200000,-14.1270,2.3862,88.1319,76.8005,11.3314
"SoftPCA-F (alpha=1.00e-02, K=20/20)",2,period_0916,25.253333,-14.1892,2.6475,87.5899,76.8005,10.7895
"SoftPCA-F (alpha=1.00e-02, K=20/20)",2,period_0916,25.306667,-14.0457,2.9786,86.7244,76.8005,9.9239
"SoftPCA-F (alpha=1.00e-02, K=20/20)",2,period_0916,25.360000,-14.0750,2.3023,87.3800,76.8005,10.5796
"SoftPCA-F (alpha=1.00e-02, K=20/20)",2,period_0916,25.400000,-14.1204,2.9800,87.3253,76.8005,10.5248
"SoftPCA-F (alpha=1.00e-02, K=20/20)",2,period_0916,25.453333,-14.1043,2.7501,87.6247,76.8005,10.8242
"SoftPCA-F (alpha=1.00e-02, K=20/20)",2,period_0916,25.506667,-14.1345,1.6091,87.4274,76.8005,10.6269
"SoftPCA-F (alpha=1.00e-02, K=20/20)",2,period_0916,25.560000,-14.1567,2.9206,87.0457,76.8005,10.2452
"SoftPCA-F (alpha=1.00e-02, K=20/20)",2,period_0916,25.600000,-14.1607,1.9159,88.0518,76.8005,11.2513
"SoftPCA-F (alpha=1.00e-02, K=20/20)",2,period_0916,25.653333,-13.9886,2.7865,87.8401,76.8005,11.0396
"SoftPCA-F (alpha=1.00e-02, K=20/20)",2,period_0916,25.706667,-14.0248,2.6202,88.2959,76.8005,11.4954
"SoftPCA-F (alpha=1.00e-02, K=20/20)",2,period_0916,25.760000,-14.1087,1.9963,89.6529,76.8005,12.8524
"SoftPCA-F (alpha=1.00e-02, K=20/20)",2,period_0916,25.800000,-14.1364,2.9838,89.9784,76.8005,13.1779
"SoftPCA-F (alpha=1.00e-02, K=20/20)",2,period_0916,25.853333,-14.2051,2.1053,89.9096,76.8005,13.1091
"SoftPCA-F (alpha=1.00e-02, K=20/20)",2,period_0916,25.906667,-14.2218,3.2493,89.2193,76.8005,12.4188
"SoftPCA-F (alpha=1.00e-02, K=20/20)",2,period_0916,25.960000,-14.1697,2.1106,89.5711,76.8005,12.7706
"SoftPCA-F (alpha=1.00e-02, K=20/20)",2,period_0916,26.000000,-14.2455,2.4417,88.0565,76.8005,11.2560
"SoftPCA-F (alpha=1.00e-02, K=20/20)",2,period_0916,26.053333,-14.1838,2.9089,88.4179,76.8005,11.6174
"SoftPCA-F (alpha=1.00e-02, K=20/20)",2,period_0916,26.106667,-14.2166,2.1497,87.6467,76.8005,10.8462
"SoftPCA-F (alpha=1.00e-02, K=20/20)",2,period_0916,26.160000,-14.1903,2.3839,87.5013,76.8005,10.7008
"SoftPCA-F (alpha=1.00e-02, K=20/20)",2,period_0916,26.200000,-14.1768,2.6653,87.1972,76.8005,10.3967
"SoftPCA-F (alpha=1.00e-02, K=20/20)",2,period_0916,26.253333,-14.1795,3.2385,87.1472,76.8005,10.3467
"SoftPCA-F (alpha=1.00e-02, K=20/20)",2,period_0916,26.306667,-14.2729,2.8943,87.6549,76.8005,10.8544
"SoftPCA-F (alpha=1.00e-02, K=20/20)",2,period_0916,26.360000,-14.2603,2.5123,87.4060,76.8005,10.6055
"SoftPCA-F (alpha=1.00e-02, K=20/20)",2,period_0916,26.400000,-14.0476,3.5014,86.5109,76.8005,9.7104
"SoftPCA-F (alpha=1.00e-02, K=20/20)",2,period_0916,26.453333,-14.1700,2.6137,86.5469,76.8005,9.7464
"SoftPCA-F (alpha=1.00e-02, K=20/20)",2,period_0916,26.506667,-14.1336,2.2966,86.5025,76.8005,9.7020
"SoftPCA-F (alpha=1.00e-02, K=20/20)",2,period_0916,26.560000,-14.2434,2.3027,87.3168,76.8005,10.5163
"SoftPCA-F (alpha=1.00e-02, K=20/20)",2,period_0916,26.600000,-14.2443,3.1934,87.8520,76.8005,11.0515
"SoftPCA-F (alpha=1.00e-02, K=20/20)",2,period_0916,26.653333,-14.3014,2.9059,88.2082,76.8005,11.4077
"SoftPCA-F (alpha=1.00e-02, K=20/20)",2,period_0916,26.706667,-14.2191,2.7308,87.4501,76.8005,10.6496
"SoftPCA-F (alpha=1.00e-02, K=20/20)",2,period_0916,26.760000,-14.3093,2.3895,87.6671,76.8005,10.8666
"SoftPCA-F (alpha=1.00e-02, K=20/20)",2,period_0916,26.800000,-14.2022,3.0797,87.6193,76.8005,10.8188
"SoftPCA-F (alpha=1.00e-02, K=20/20)",2,period_0916,26.853333,-14.3139,2.3357,87.2882,76.8005,10.4877
"SoftPCA-F (alpha=1.00e-02, K=20/20)",2,period_0916,26.906667,-14.2203,2.4134,87.3517,76.8005,10.5512
"SoftPCA-F (alpha=1.00e-02, K=20/20)",2,period_0916,26.960000,-14.1766,2.1489,88.8863,76.8005,12.0858
"SoftPCA-F (alpha=1.00e-02, K=20/20)",2,period_0916,27.000000,-14.2398,4.1009,88.8231,76.8005,12.0226
"SoftPCA-F (alpha=1.00e-02, K=20/20)",2,period_0916,27.053333,-14.1392,2.3210,87.0452,76.8005,10.2447
"SoftPCA-F (alpha=1.00e-02, K=20/20)",2,period_0916,27.106667,-14.0935,3.3319,86.2464,76.8005,9.4459
"SoftPCA-F (alpha=1.00e-02, K=20/20)",2,period_0916,27.160000,-13.9598,3.5045,86.3491,76.8005,9.5486
"SoftPCA-F (alpha=1.00e-02, K=20/20)",2,period_0916,27.200000,-14.0670,1.7448,86.4729,76.8005,9.6724
"SoftPCA-F (alpha=1.00e-02, K=20/20)",2,period_0916,27.253333,-14.0933,2.7945,86.0808,76.8005,9.2803
"SoftPCA-F (alpha=1.00e-02, K=20/20)",2,period_0916,27.306667,-14.1577,2.0798,86.2532,76.8005,9.4527
"SoftPCA-F (alpha=1.00e-02, K=20/20)",2,period_0916,27.360000,-14.2715,3.0220,86.9104,76.8005,10.1099
"SoftPCA-F (alpha=1.00e-02, K=20/20)",2,period_0916,27.400000,-14.2443,3.0292,87.0585,76.8005,10.2580
"SoftPCA-F (alpha=1.00e-02, K=20/20)",2,period_0916,27.453333,-14.1086,2.3653,87.8638,76.8005,11.0633
"SoftPCA-F (alpha=1.00e-02, K=20/20)",2,period_0916,27.506667,-14.0385,2.5373,86.8953,76.8005,10.0948
"SoftPCA-F (alpha=1.00e-02, K=20/20)",2,period_0916,27.560000,-14.1312,3.2545,87.3724,76.8005,10.5719
"SoftPCA-F (alpha=1.00e-02, K=20/20)",2,period_0916,27.600000,-14.1474,2.5589,87.1722,76.8005,10.3717
"SoftPCA-F (alpha=1.00e-02, K=20/20)",2,period_0916,27.653333,-14.1655,3.2402,87.6163,76.8005,10.8158
"SoftPCA-F (alpha=1.00e-02, K=20/20)",2,period_0916,27.706667,-14.0905,2.6393,87.0952,76.8005,10.2947
"SoftPCA-F (alpha=1.00e-02, K=20/20)",2,period_0916,27.760000,-14.1294,2.4510,87.3021,76.8005,10.5016
"SoftPCA-F (alpha=1.00e-02, K=20/20)",2,period_0916,27.800000,-14.0916,2.4871,86.9274,76.8005,10.1269
"SoftPCA-F (alpha=1.00e-02, K=20/20)",2,period_0916,27.853333,-14.0911,2.4047,87.3527,76.8005,10.5522
"SoftPCA-F (alpha=1.00e-02, K=20/20)",2,period_0916,27.906667,-14.0642,2.3192,87.2992,76.8005,10.4987
"SoftPCA-F (alpha=1.00e-02, K=20/20)",2,period_0916,27.960000,-13.9908,3.1075,87.1104,76.8005,10.3099
"SoftPCA-F (alpha=1.00e-02, K=20/20)",2,period_0916,28.000000,-13.9636,2.9897,87.1368,76.8005,10.3363
"SoftPCA-F (alpha=1.00e-02, K=20/20)",2,period_0916,28.053333,-14.0282,3.1540,87.1597,76.8005,10.3592
"SoftPCA-F (alpha=1.00e-02, K=20/20)",2,period_0916,28.106667,-14.0704,2.6027,87.3808,76.8005,10.5803
"SoftPCA-F (alpha=1.00e-02, K=20/20)",2,period_0916,28.160000,-14.0528,2.7483,87.3895,76.8005,10.5890
"SoftPCA-F (alpha=1.00e-02, K=20/20)",2,period_0916,28.200000,-14.0750,2.8572,87.1388,76.8005,10.3383
"SoftPCA-F (alpha=1.00e-02, K=20/20)",2,period_0916,28.253333,-14.0046,3.2751,86.4608,76.8005,9.6603
"SoftPCA-F (alpha=1.00e-02, K=20/20)",2,period_0916,28.306667,-14.0852,2.0986,86.7627,76.8005,9.9622
"SoftPCA-F (alpha=1.00e-02, K=20/20)",2,period_0916,28.360000,-14.1212,2.4536,87.6624,76.8005,10.8620
"SoftPCA-F (alpha=1.00e-02, K=20/20)",2,period_0916,28.400000,-14.1411,2.8368,87.8235,76.8005,11.0230
"SoftPCA-F (alpha=1.00e-02, K=20/20)",2,period_0916,28.453333,-14.0978,3.4355,87.7930,76.8005,10.9925
"SoftPCA-F (alpha=1.00e-02, K=20/20)",2,period_0916,28.506667,-14.0455,3.2425,87.1065,76.8005,10.3060
"SoftPCA-F (alpha=1.00e-02, K=20/20)",2,period_0916,28.560000,-14.0607,2.4030,87.0577,76.8005,10.2572
"SoftPCA-F (alpha=1.00e-02, K=20/20)",2,period_0916,28.600000,-13.9840,2.6480,86.6769,76.8005,9.8764
"SoftPCA-F (alpha=1.00e-02, K=20/20)",2,period_0916,28.653333,-13.6769,3.4797,85.9533,76.8005,9.1528
"SoftPCA-F (alpha=1.00e-02, K=20/20)",2,period_0916,28.706667,-13.3939,1.9535,86.3519,76.8005,9.5514
"SoftPCA-F (alpha=1.00e-02, K=20/20)",2,period_0916,28.760000,-13.7222,2.9315,86.8272,76.8005,10.0267
"SoftPCA-F (alpha=1.00e-02, K=20/20)",2,period_0916,28.800000,-13.8524,1.3869,87.0512,76.8005,10.2507
"SoftPCA-F (alpha=1.00e-02, K=20/20)",2,period_0916,28.853333,-13.8928,3.9565,87.3408,76.8005,10.5403
"SoftPCA-F (alpha=1.00e-02, K=20/20)",2,period_0916,28.906667,-14.0691,1.8444,87.9172,76.8005,11.1167
"SoftPCA-F (alpha=1.00e-02, K=20/20)",2,period_0916,28.960000,-14.0021,2.5915,88.3476,76.8005,11.5471
"SoftPCA-F (alpha=1.00e-02, K=20/20)",2,period_0916,29.000000,-14.0780,4.3029,87.9643,76.8005,11.1638
"SoftPCA-F (alpha=1.00e-02, K=20/20)",2,period_0916,29.053333,-13.9249,2.5775,87.7866,76.8005,10.9861
"SoftPCA-F (alpha=1.00e-02, K=20/20)",2,period_0916,29.106667,-13.9342,2.4595,88.3331,76.8005,11.5326
"SoftPCA-F (alpha=1.00e-02, K=20/20)",2,period_0916,29.160000,-14.1254,1.9742,88.2830,76.8005,11.4825
"SoftPCA-F (alpha=1.00e-02, K=20/20)",2,period_0916,29.200000,-14.1397,3.4518,88.9026,76.8005,12.1021
"SoftPCA-F (alpha=1.00e-02, K=20/20)",2,period_0916,29.253333,-14.2163,2.8345,88.5049,76.8005,11.7045
"SoftPCA-F (alpha=1.00e-02, K=20/20)",2,period_0916,29.306667,-13.8334,2.0193,87.5794,76.8005,10.7789
"SoftPCA-F (alpha=1.00e-02, K=20/20)",2,period_0916,29.360000,-13.8640,2.8636,88.1973,76.8005,11.3968
"SoftPCA-F (alpha=1.00e-02, K=20/20)",2,period_0916,29.400000,-14.0229,2.6595,88.1067,76.8005,11.3062
"SoftPCA-F (alpha=1.00e-02, K=20/20)",2,period_0916,29.453333,-13.9030,2.1478,88.0598,76.8005,11.2593
"SoftPCA-F (alpha=1.00e-02, K=20/20)",2,period_0916,29.506667,-13.9952,2.6056,88.0427,76.8005,11.2422
"SoftPCA-F (alpha=1.00e-02, K=20/20)",2,period_0916,29.560000,-14.0181,2.1494,88.0698,76.8005,11.2693
"SoftPCA-F (alpha=1.00e-02, K=20/20)",2,period_0916,29.600000,-14.0167,2.6580,87.2496,76.8005,10.4491
"SoftPCA-F (alpha=1.00e-02, K=20/20)",2,period_0916,29.653333,-14.0134,2.6508,87.0794,76.8005,10.2789
"SoftPCA-F (alpha=1.00e-02, K=20/20)",2,period_0916,29.706667,-13.8966,3.2769,86.3453,76.8005,9.5448
"SoftPCA-F (alpha=1.00e-02, K=20/20)",2,period_0916,29.760000,-13.9373,2.3985,86.3990,76.8005,9.5985
"SoftPCA-F (alpha=1.00e-02, K=20/20)",2,period_0916,29.800000,-13.9755,2.6128,86.6691,76.8005,9.8686
"SoftPCA-F (alpha=1.00e-02, K=20/20)",2,period_0916,29.853333,-14.0535,3.1220,87.2745,76.8005,10.4740
"SoftPCA-F (alpha=1.00e-02, K=20/20)",2,period_0916,29.906667,-14.0075,2.5938,87.1452,76.8005,10.3447
"SoftPCA-F (alpha=1.00e-02, K=20/20)",2,period_0916,29.960000,-14.0325,2.6281,87.2359,76.8005,10.4354
"SoftPCA-F (alpha=1.00e-02, K=20/20)",2,period_0916,30.000000,-14.0906,2.7048,86.5263,76.8005,9.7258
"SoftPCA-F (alpha=1.00e-02, K=20/20)",3,period_0943,30.013333,-3.8934,-0.1952,70.4829,67.9790,2.5038
"SoftPCA-F (alpha=1.00e-02, K=20/20)",3,period_0943,30.053333,-4.1961,3.1911,70.7079,67.9790,2.7288
"SoftPCA-F (alpha=1.00e-02, K=20/20)",3,period_0943,30.106667,-4.6236,2.0840,71.0151,67.9790,3.0361
"SoftPCA-F (alpha=1.00e-02, K=20/20)",3,period_0943,30.160000,-5.0430,2.2023,71.3430,67.9790,3.3640
"SoftPCA-F (alpha=1.00e-02, K=20/20)",3,period_0943,30.200000,-5.2956,4.4235,71.5210,67.9790,3.5419
"SoftPCA-F (alpha=1.00e-02, K=20/20)",3,period_0943,30.253333,-5.6868,2.9044,71.9159,67.9790,3.9368
"SoftPCA-F (alpha=1.00e-02, K=20/20)",3,period_0943,30.306667,-6.0566,3.1174,72.1897,67.9790,4.2107
"SoftPCA-F (alpha=1.00e-02, K=20/20)",3,period_0943,30.360000,-6.4424,4.4574,72.5452,67.9790,4.5661
"SoftPCA-F (alpha=1.00e-02, K=20/20)",3,period_0943,30.400000,-6.6470,4.6850,72.6947,67.9790,4.7156
"SoftPCA-F (alpha=1.00e-02, K=20/20)",3,period_0943,30.453333,-6.9521,3.8748,72.9643,67.9790,4.9853
"SoftPCA-F (alpha=1.00e-02, K=20/20)",3,period_0943,30.506667,-7.2424,3.4405,73.2480,67.9790,5.2689
"SoftPCA-F (alpha=1.00e-02, K=20/20)",3,period_0943,30.560000,-7.5282,4.6323,73.5205,67.9790,5.5414
"SoftPCA-F (alpha=1.00e-02, K=20/20)",3,period_0943,30.600000,-7.6970,3.3094,73.6993,67.9790,5.7203
"SoftPCA-F (alpha=1.00e-02, K=20/20)",3,period_0943,30.653333,-7.9262,3.7093,73.9467,67.9790,5.9677
"SoftPCA-F (alpha=1.00e-02, K=20/20)",3,period_0943,30.706667,-8.1414,2.1088,74.1471,67.9790,6.1681
"SoftPCA-F (alpha=1.00e-02, K=20/20)",3,period_0943,30.760000,-8.3228,3.3619,74.3751,67.9790,6.3961
"SoftPCA-F (alpha=1.00e-02, K=20/20)",3,period_0943,30.800000,-8.4780,3.0631,74.5838,67.9790,6.6047
"SoftPCA-F (alpha=1.00e-02, K=20/20)",3,period_0943,30.853333,-8.6574,3.1123,74.8077,67.9790,6.8286
"SoftPCA-F (alpha=1.00e-02, K=20/20)",3,period_0943,30.906667,-8.8714,3.3384,75.1121,67.9790,7.1331
"SoftPCA-F (alpha=1.00e-02, K=20/20)",3,period_0943,30.960000,-9.0853,3.2756,75.4401,67.9790,7.4610
"SoftPCA-F (alpha=1.00e-02, K=20/20)",3,period_0943,31.000000,-9.2634,5.2403,75.7043,67.9790,7.7252
"SoftPCA-F (alpha=1.00e-02, K=20/20)",3,period_0943,31.053333,-9.4065,3.4670,75.9090,67.9790,7.9300
"SoftPCA-F (alpha=1.00e-02, K=20/20)",3,period_0943,31.106667,-9.5211,2.8392,76.0378,67.9790,8.0587
"SoftPCA-F (alpha=1.00e-02, K=20/20)",3,period_0943,31.160000,-9.6192,3.1449,76.1521,67.9790,8.1731
"SoftPCA-F (alpha=1.00e-02, K=20/20)",3,period_0943,31.200000,-9.7044,4.7776,76.2764,67.9790,8.2973
"SoftPCA-F (alpha=1.00e-02, K=20/20)",3,period_0943,31.253333,-9.7944,3.2806,76.3969,67.9790,8.4178
"SoftPCA-F (alpha=1.00e-02, K=20/20)",3,period_0943,31.306667,-9.9078,4.0726,76.5475,67.9790,8.5684
"SoftPCA-F (alpha=1.00e-02, K=20/20)",3,period_0943,31.360000,-10.0061,3.0772,76.7466,67.9790,8.7675
"SoftPCA-F (alpha=1.00e-02, K=20/20)",3,period_0943,31.400000,-10.0930,5.2978,76.8799,67.9790,8.9009
"SoftPCA-F (alpha=1.00e-02, K=20/20)",3,period_0943,31.453333,-10.1995,3.3989,77.0226,67.9790,9.0435
"SoftPCA-F (alpha=1.00e-02, K=20/20)",3,period_0943,31.506667,-10.2697,3.6335,77.1280,67.9790,9.1489
"SoftPCA-F (alpha=1.00e-02, K=20/20)",3,period_0943,31.560000,-10.3589,4.2458,77.2129,67.9790,9.2339
"SoftPCA-F (alpha=1.00e-02, K=20/20)",3,period_0943,31.600000,-10.4112,3.8033,77.2618,67.9790,9.2827
"SoftPCA-F (alpha=1.00e-02, K=20/20)",3,period_0943,31.653333,-10.4505,3.5414,77.3507,67.9790,9.3717
"SoftPCA-F (alpha=1.00e-02, K=20/20)",3,period_0943,31.706667,-10.5101,4.1781,77.4768,67.9790,9.4977
"SoftPCA-F (alpha=1.00e-02, K=20/20)",3,period_0943,31.760000,-10.5361,3.6489,77.5759,67.9790,9.5969
"SoftPCA-F (alpha=1.00e-02, K=20/20)",3,period_0943,31.800000,-10.5715,3.9704,77.6145,67.9790,9.6355
"SoftPCA-F (alpha=1.00e-02, K=20/20)",3,period_0943,31.853333,-10.6171,4.4764,77.7553,67.9790,9.7763
"SoftPCA-F (alpha=1.00e-02, K=20/20)",3,period_0943,31.906667,-10.6269,3.1123,77.8502,67.9790,9.8712
"SoftPCA-F (alpha=1.00e-02, K=20/20)",3,period_0943,31.960000,-10.7438,3.3028,78.0623,67.9790,10.0833
"SoftPCA-F (alpha=1.00e-02, K=20/20)",3,period_0943,32.000000,-10.7122,3.7847,78.0604,67.9790,10.0813
"SoftPCA-F (alpha=1.00e-02, K=20/20)",3,period_0943,32.053333,-10.7630,4.4218,78.2086,67.9790,10.2296
"SoftPCA-F (alpha=1.00e-02, K=20/20)",3,period_0943,32.106667,-10.8422,2.5647,78.3687,67.9790,10.3897
"SoftPCA-F (alpha=1.00e-02, K=20/20)",3,period_0943,32.160000,-10.9199,3.5660,78.5510,67.9790,10.5719
"SoftPCA-F (alpha=1.00e-02, K=20/20)",3,period_0943,32.200000,-10.9638,4.1487,78.6958,67.9790,10.7168
"SoftPCA-F (alpha=1.00e-02, K=20/20)",3,period_0943,32.253333,-11.0404,3.9769,78.8489,67.9790,10.8699
"SoftPCA-F (alpha=1.00e-02, K=20/20)",3,period_0943,32.306667,-11.0468,4.2779,78.9173,67.9790,10.9383
"SoftPCA-F (alpha=1.00e-02, K=20/20)",3,period_0943,32.360000,-11.0687,2.9121,79.0162,67.9790,11.0371
"SoftPCA-F (alpha=1.00e-02, K=20/20)",3,period_0943,32.400000,-11.0933,4.7099,79.1251,67.9790,11.1460
"SoftPCA-F (alpha=1.00e-02, K=20/20)",3,period_0943,32.453333,-11.1106,3.7095,79.2254,67.9790,11.2463
"SoftPCA-F (alpha=1.00e-02, K=20/20)",3,period_0943,32.506667,-11.1533,3.2968,79.2895,67.9790,11.3105
"SoftPCA-F (alpha=1.00e-02, K=20/20)",3,period_0943,32.560000,-11.1406,2.8251,79.3159,67.9790,11.3369
"SoftPCA-F (alpha=1.00e-02, K=20/20)",3,period_0943,32.600000,-11.1329,5.1430,79.3613,67.9790,11.3823
"SoftPCA-F (alpha=1.00e-02, K=20/20)",3,period_0943,32.653333,-11.1250,3.3233,79.4051,67.9790,11.4260
"SoftPCA-F (alpha=1.00e-02, K=20/20)",3,period_0943,32.706667,-11.1437,4.3726,79.3927,67.9790,11.4136
"SoftPCA-F (alpha=1.00e-02, K=20/20)",3,period_0943,32.760000,-11.1331,2.6389,79.4136,67.9790,11.4345
"SoftPCA-F (alpha=1.00e-02, K=20/20)",3,period_0943,32.800000,-11.1323,3.1738,79.4258,67.9790,11.4468
"SoftPCA-F (alpha=1.00e-02, K=20/20)",3,period_0943,32.853333,-11.1033,3.0327,79.4173,67.9790,11.4383
"SoftPCA-F (alpha=1.00e-02, K=20/20)",3,period_0943,32.906667,-11.1306,3.9837,79.4650,67.9790,11.4859
"SoftPCA-F (alpha=1.00e-02, K=20/20)",3,period_0943,32.960000,-11.1365,4.5364,79.5400,67.9790,11.5610
"SoftPCA-F (alpha=1.00e-02, K=20/20)",3,period_0943,33.000000,-11.1578,3.2827,79.5942,67.9790,11.6151
"SoftPCA-F (alpha=1.00e-02, K=20/20)",3,period_0943,33.053333,-11.1481,3.6232,79.6337,67.9790,11.6546
"SoftPCA-F (alpha=1.00e-02, K=20/20)",3,period_0943,33.106667,-11.1612,3.8468,79.7550,67.9790,11.7759
"SoftPCA-F (alpha=1.00e-02, K=20/20)",3,period_0943,33.160000,-11.1504,2.7589,79.8247,67.9790,11.8457
"SoftPCA-F (alpha=1.00e-02, K=20/20)",3,period_0943,33.200000,-11.1364,2.5405,79.9177,67.9790,11.9386
"SoftPCA-F (alpha=1.00e-02, K=20/20)",3,period_0943,33.253333,-11.1736,3.8568,80.0127,67.9790,12.0336
"SoftPCA-F (alpha=1.00e-02, K=20/20)",3,period_0943,33.306667,-11.2006,4.0887,80.0968,67.9790,12.1177
"SoftPCA-F (alpha=1.00e-02, K=20/20)",3,period_0943,33.360000,-11.2296,3.6501,80.1395,67.9790,12.1604
"SoftPCA-F (alpha=1.00e-02, K=20/20)",3,period_0943,33.400000,-11.2438,3.7382,80.1528,67.9790,12.1737
"SoftPCA-F (alpha=1.00e-02, K=20/20)",3,period_0943,33.453333,-11.2414,3.4218,80.2471,67.9790,12.2681
"SoftPCA-F (alpha=1.00e-02, K=20/20)",3,period_0943,33.506667,-11.2536,4.5452,80.2380,67.9790,12.2590
"SoftPCA-F (alpha=1.00e-02, K=20/20)",3,period_0943,33.560000,-11.2563,3.9805,80.2606,67.9790,12.2816
"SoftPCA-F (alpha=1.00e-02, K=20/20)",3,period_0943,33.600000,-11.2259,3.1942,80.1968,67.9790,12.2177
"SoftPCA-F (alpha=1.00e-02, K=20/20)",3,period_0943,33.653333,-11.2575,4.2653,80.2688,67.9790,12.2897
"SoftPCA-F (alpha=1.00e-02, K=20/20)",3,period_0943,33.706667,-11.2908,3.7763,80.3299,67.9790,12.3508
"SoftPCA-F (alpha=1.00e-02, K=20/20)",3,period_0943,33.760000,-11.3408,3.3384,80.4912,67.9790,12.5122
"SoftPCA-F (alpha=1.00e-02, K=20/20)",3,period_0943,33.800000,-11.3120,2.8064,80.3486,67.9790,12.3696
"SoftPCA-F (alpha=1.00e-02, K=20/20)",3,period_0943,33.853333,-11.2959,3.6902,80.3942,67.9790,12.4151
"SoftPCA-F (alpha=1.00e-02, K=20/20)",3,period_0943,33.906667,-11.3236,2.5383,80.4684,67.9790,12.4893
"SoftPCA-F (alpha=1.00e-02, K=20/20)",3,period_0943,33.960000,-11.3475,3.3606,80.5586,67.9790,12.5795
"SoftPCA-F (alpha=1.00e-02, K=20/20)",3,period_0943,34.000000,-11.3602,3.7655,80.6478,67.9790,12.6688
"SoftPCA-F (alpha=1.00e-02, K=20/20)",3,period_0943,34.053333,-11.4083,4.7659,80.7913,67.9790,12.8122
"SoftPCA-F (alpha=1.00e-02, K=20/20)",3,period_0943,34.106667,-11.4070,2.4640,80.7626,67.9790,12.7836
"SoftPCA-F (alpha=1.00e-02, K=20/20)",3,period_0943,34.160000,-11.4019,3.9855,80.7950,67.9790,12.8159
"SoftPCA-F (alpha=1.00e-02, K=20/20)",3,period_0943,34.200000,-11.3965,3.3657,80.7283,67.9790,12.7492
"SoftPCA-F (alpha=1.00e-02, K=20/20)",3,period_0943,34.253333,-11.4273,4.0224,80.7445,67.9790,12.7654
"SoftPCA-F (alpha=1.00e-02, K=20/20)",3,period_0943,34.306667,-11.3562,3.0051,80.5976,67.9790,12.6186
"SoftPCA-F (alpha=1.00e-02, K=20/20)",3,period_0943,34.360000,-11.3642,4.2989,80.6961,67.9790,12.7171
"SoftPCA-F (alpha=1.00e-02, K=20/20)",3,period_0943,34.400000,-11.3883,3.5153,80.7898,67.9790,12.8107
"SoftPCA-F (alpha=1.00e-02, K=20/20)",3,period_0943,34.453333,-11.3684,3.6373,80.6874,67.9790,12.7083
"SoftPCA-F (alpha=1.00e-02, K=20/20)",3,period_0943,34.506667,-11.3456,3.4684,80.6364,67.9790,12.6573
"SoftPCA-F (alpha=1.00e-02, K=20/20)",3,period_0943,34.560000,-11.3626,3.9631,80.6593,67.9790,12.6803
"SoftPCA-F (alpha=1.00e-02, K=20/20)",3,period_0943,34.600000,-11.3637,3.3412,80.7040,67.9790,12.7249
"SoftPCA-F (alpha=1.00e-02, K=20/20)",3,period_0943,34.653333,-11.3893,4.0479,80.7203,67.9790,12.7413
"SoftPCA-F (alpha=1.00e-02, K=20/20)",3,period_0943,34.706667,-11.3986,4.1245,80.9177,67.9790,12.9386
"SoftPCA-F (alpha=1.00e-02, K=20/20)",3,period_0943,34.760000,-11.3833,2.7625,80.8619,67.9790,12.8829
"SoftPCA-F (alpha=1.00e-02, K=20/20)",3,period_0943,34.800000,-11.3863,3.0390,80.9429,67.9790,12.9638
"SoftPCA-F (alpha=1.00e-02, K=20/20)",3,period_0943,34.853333,-11.3726,4.6263,80.9530,67.9790,12.9740
"SoftPCA-F (alpha=1.00e-02, K=20/20)",3,period_0943,34.906667,-11.3999,3.9525,81.0078,67.9790,13.0288
"SoftPCA-F (alpha=1.00e-02, K=20/20)",3,period_0943,34.960000,-11.4011,3.1714,81.0059,67.9790,13.0268
"SoftPCA-F (alpha=1.00e-02, K=20/20)",3,period_0943,35.000000,-11.3919,3.4045,80.9772,67.9790,12.9981
"SoftPCA-F (alpha=1.00e-02, K=20/20)",3,period_0943,35.053333,-11.3355,3.6239,80.8914,67.9790,12.9124
"SoftPCA-F (alpha=1.00e-02, K=20/20)",3,period_0943,35.106667,-11.3905,3.8610,81.0868,67.9790,13.1078
"SoftPCA-F (alpha=1.00e-02, K=20/20)",3,period_0943,35.160000,-11.3761,4.1327,81.1072,67.9790,13.1281
"SoftPCA-F (alpha=1.00e-02, K=20/20)",3,period_0943,35.200000,-11.3948,3.6165,81.1570,67.9790,13.1779
"SoftPCA-F (alpha=1.00e-02, K=20/20)",3,period_0943,35.253333,-11.3443,3.3637,81.0601,67.9790,13.0810
"SoftPCA-F (alpha=1.00e-02, K=20/20)",3,period_0943,35.306667,-11.3400,3.7150,80.9917,67.9790,13.0127
"SoftPCA-F (alpha=1.00e-02, K=20/20)",3,period_0943,35.360000,-11.3172,3.8469,81.0015,67.9790,13.0225
"SoftPCA-F (alpha=1.00e-02, K=20/20)",3,period_0943,35.400000,-11.2649,2.3726,80.8431,67.9790,12.8640
"SoftPCA-F (alpha=1.00e-02, K=20/20)",3,period_0943,35.453333,-11.3109,3.3554,80.9560,67.9790,12.9769
"SoftPCA-F (alpha=1.00e-02, K=20/20)",3,period_0943,35.506667,-11.3540,4.2163,81.1471,67.9790,13.1681
"SoftPCA-F (alpha=1.00e-02, K=20/20)",3,period_0943,35.560000,-11.3461,3.1573,81.1846,67.9790,13.2056
"SoftPCA-F (alpha=1.00e-02, K=20/20)",3,period_0943,35.600000,-11.3174,4.3752,81.0668,67.9790,13.0878
"SoftPCA-F (alpha=1.00e-02, K=20/20)",3,period_0943,35.653333,-11.2327,3.7129,80.8365,67.9790,12.8574
"SoftPCA-F (alpha=1.00e-02, K=20/20)",3,period_0943,35.706667,-11.2561,3.1246,80.8834,67.9790,12.9043
"SoftPCA-F (alpha=1.00e-02, K=20/20)",3,period_0943,35.760000,-11.2471,3.4766,80.8466,67.9790,12.8676
"SoftPCA-F (alpha=1.00e-02, K=20/20)",3,period_0943,35.800000,-11.2814,3.7572,80.9735,67.9790,12.9944
"SoftPCA-F (alpha=1.00e-02, K=20/20)",3,period_0943,35.853333,-11.3239,2.9682,81.1086,67.9790,13.1296
"SoftPCA-F (alpha=1.00e-02, K=20/20)",3,period_0943,35.906667,-11.3248,3.9779,81.1478,67.9790,13.1688
"SoftPCA-F (alpha=1.00e-02, K=20/20)",3,period_0943,35.960000,-11.3524,5.0479,81.2196,67.9790,13.2406
"SoftPCA-F (alpha=1.00e-02, K=20/20)",3,period_0943,36.000000,-11.3572,4.8572,81.2619,67.9790,13.2828
"SoftPCA-F (alpha=1.00e-02, K=20/20)",3,period_0943,36.053333,-11.3564,3.7009,81.2056,67.9790,13.2265
"SoftPCA-F (alpha=1.00e-02, K=20/20)",3,period_0943,36.106667,-11.3549,3.7926,81.1544,67.9790,13.1753
"SoftPCA-F (alpha=1.00e-02, K=20/20)",3,period_0943,36.160000,-11.3547,4.1064,81.1266,67.9790,13.1475
"SoftPCA-F (alpha=1.00e-02, K=20/20)",3,period_0943,36.200000,-11.3644,3.2780,81.1548,67.9790,13.1758
"SoftPCA-F (alpha=1.00e-02, K=20/20)",3,period_0943,36.253333,-11.3018,3.6328,81.0037,67.9790,13.0246
"SoftPCA-F (alpha=1.00e-02, K=20/20)",3,period_0943,36.306667,-11.3088,3.2524,81.1123,67.9790,13.1332
"SoftPCA-F (alpha=1.00e-02, K=20/20)",3,period_0943,36.360000,-11.2908,1.6419,81.1109,67.9790,13.1319
"SoftPCA-F (alpha=1.00e-02, K=20/20)",3,period_0943,36.400000,-11.2987,2.8717,81.1097,67.9790,13.1306
"SoftPCA-F (alpha=1.00e-02, K=20/20)",3,period_0943,36.453333,-11.2822,3.4222,81.1529,67.9790,13.1739
"SoftPCA-F (alpha=1.00e-02, K=20/20)",3,period_0943,36.506667,-11.2932,3.4048,81.2225,67.9790,13.2434
"SoftPCA-F (alpha=1.00e-02, K=20/20)",3,period_0943,36.560000,-11.2892,3.6475,81.2259,67.9790,13.2469
"SoftPCA-F (alpha=1.00e-02, K=20/20)",3,period_0943,36.600000,-11.3082,3.4484,81.2514,67.9790,13.2723
"SoftPCA-F (alpha=1.00e-02, K=20/20)",3,period_0943,36.653333,-11.2860,3.0813,81.1931,67.9790,13.2141
"SoftPCA-F (alpha=1.00e-02, K=20/20)",3,period_0943,36.706667,-11.3181,3.9251,81.3085,67.9790,13.3295
"SoftPCA-F (alpha=1.00e-02, K=20/20)",3,period_0943,36.760000,-11.3140,3.1731,81.2422,67.9790,13.2631
"SoftPCA-F (alpha=1.00e-02, K=20/20)",3,period_0943,36.800000,-11.3403,4.0903,81.3441,67.9790,13.3651
"SoftPCA-F (alpha=1.00e-02, K=20/20)",3,period_0943,36.853333,-11.3603,3.7962,81.4542,67.9790,13.4752
"SoftPCA-F (alpha=1.00e-02, K=20/20)",3,period_0943,36.906667,-11.3788,4.3052,81.4496,67.9790,13.4706
"SoftPCA-F (alpha=1.00e-02, K=20/20)",3,period_0943,36.960000,-11.4052,3.5788,81.5286,67.9790,13.5495
"SoftPCA-F (alpha=1.00e-02, K=20/20)",3,period_0943,37.000000,-11.3895,4.0068,81.3905,67.9790,13.4115
"SoftPCA-F (alpha=1.00e-02, K=20/20)",3,period_0943,37.053333,-11.3886,3.3160,81.4029,67.9790,13.4239
"SoftPCA-F (alpha=1.00e-02, K=20/20)",3,period_0943,37.106667,-11.3993,4.1503,81.4627,67.9790,13.4836
"SoftPCA-F (alpha=1.00e-02, K=20/20)",3,period_0943,37.160000,-11.3804,3.6721,81.4318,67.9790,13.4527
"SoftPCA-F (alpha=1.00e-02, K=20/20)",3,period_0943,37.200000,-11.3651,3.8118,81.4367,67.9790,13.4576
"SoftPCA-F (alpha=1.00e-02, K=20/20)",3,period_0943,37.253333,-11.3517,2.9814,81.4262,67.9790,13.4471
"SoftPCA-F (alpha=1.00e-02, K=20/20)",3,period_0943,37.306667,-11.3242,3.8704,81.3030,67.9790,13.3239
"SoftPCA-F (alpha=1.00e-02, K=20/20)",3,period_0943,37.360000,-11.3086,3.7182,81.2327,67.9790,13.2537
"SoftPCA-F (alpha=1.00e-02, K=20/20)",3,period_0943,37.400000,-11.2533,3.4711,81.1136,67.9790,13.1346
"SoftPCA-F (alpha=1.00e-02, K=20/20)",3,period_0943,37.453333,-11.2548,3.8152,81.1793,67.9790,13.2003
"SoftPCA-F (alpha=1.00e-02, K=20/20)",3,period_0943,37.506667,-11.2511,2.9723,81.1899,67.9790,13.2109
"SoftPCA-F (alpha=1.00e-02, K=20/20)",3,period_0943,37.560000,-11.2433,2.8033,81.1690,67.9790,13.1900
"SoftPCA-F (alpha=1.00e-02, K=20/20)",3,period_0943,37.600000,-11.2740,3.5931,81.2692,67.9790,13.2902
"SoftPCA-F (alpha=1.00e-02, K=20/20)",3,period_0943,37.653333,-11.2764,3.4666,81.3941,67.9790,13.4150
"SoftPCA-F (alpha=1.00e-02, K=20/20)",3,period_0943,37.706667,-11.3154,3.4674,81.4316,67.9790,13.4526
"SoftPCA-F (alpha=1.00e-02, K=20/20)",3,period_0943,37.760000,-11.3033,2.6534,81.3130,67.9790,13.3340
"SoftPCA-F (alpha=1.00e-02, K=20/20)",3,period_0943,37.800000,-11.3065,3.0134,81.2951,67.9790,13.3160
"SoftPCA-F (alpha=1.00e-02, K=20/20)",3,period_0943,37.853333,-11.2817,2.9924,81.0597,67.9790,13.0806
"SoftPCA-F (alpha=1.00e-02, K=20/20)",3,period_0943,37.906667,-11.2776,3.9300,81.0633,67.9790,13.0842
"SoftPCA-F (alpha=1.00e-02, K=20/20)",3,period_0943,37.960000,-11.3082,4.4598,81.1761,67.9790,13.1971
"SoftPCA-F (alpha=1.00e-02, K=20/20)",3,period_0943,38.000000,-11.2839,2.1573,81.1512,67.9790,13.1721
"SoftPCA-F (alpha=1.00e-02, K=20/20)",3,period_0943,38.053333,-11.3050,3.6692,81.2554,67.9790,13.2763
"SoftPCA-F (alpha=1.00e-02, K=20/20)",3,period_0943,38.106667,-11.3040,3.9283,81.2335,67.9790,13.2545
"SoftPCA-F (alpha=1.00e-02, K=20/20)",3,period_0943,38.160000,-11.2965,2.7691,81.3722,67.9790,13.3931
"SoftPCA-F (alpha=1.00e-02, K=20/20)",3,period_0943,38.200000,-11.2791,3.5867,81.3991,67.9790,13.4201
"SoftPCA-F (alpha=1.00e-02, K=20/20)",3,period_0943,38.253333,-11.2766,4.0367,81.2961,67.9790,13.3171
"SoftPCA-F (alpha=1.00e-02, K=20/20)",3,period_0943,38.306667,-11.2835,4.0451,81.3044,67.9790,13.3254
"SoftPCA-F (alpha=1.00e-02, K=20/20)",3,period_0943,38.360000,-11.2721,4.2517,81.2710,67.9790,13.2919
"SoftPCA-F (alpha=1.00e-02, K=20/20)",3,period_0943,38.400000,-11.2931,3.6452,81.3157,67.9790,13.3366
"SoftPCA-F (alpha=1.00e-02, K=20/20)",3,period_0943,38.453333,-11.2947,4.1043,81.3203,67.9790,13.3412
"SoftPCA-F (alpha=1.00e-02, K=20/20)",3,period_0943,38.506667,-11.3415,4.4055,81.4628,67.9790,13.4837
"SoftPCA-F (alpha=1.00e-02, K=20/20)",3,period_0943,38.560000,-11.3357,4.2162,81.4451,67.9790,13.4661
"SoftPCA-F (alpha=1.00e-02, K=20/20)",3,period_0943,38.600000,-11.3284,2.2478,81.3874,67.9790,13.4084
"SoftPCA-F (alpha=1.00e-02, K=20/20)",3,period_0943,38.653333,-11.3361,4.4792,81.4317,67.9790,13.4526
"SoftPCA-F (alpha=1.00e-02, K=20/20)",3,period_0943,38.706667,-11.3345,3.9934,81.4636,67.9790,13.4846
"SoftPCA-F (alpha=1.00e-02, K=20/20)",3,period_0943,38.760000,-11.3451,4.6624,81.4905,67.9790,13.5114
"SoftPCA-F (alpha=1.00e-02, K=20/20)",3,period_0943,38.800000,-11.3468,2.8611,81.5450,67.9790,13.5660
"SoftPCA-F (alpha=1.00e-02, K=20/20)",3,period_0943,38.853333,-11.3635,3.4455,81.5522,67.9790,13.5731
"SoftPCA-F (alpha=1.00e-02, K=20/20)",3,period_0943,38.906667,-11.3320,3.5604,81.3944,67.9790,13.4153
"SoftPCA-F (alpha=1.00e-02, K=20/20)",3,period_0943,38.960000,-11.3180,3.9606,81.4198,67.9790,13.4407
"SoftPCA-F (alpha=1.00e-02, K=20/20)",3,period_0943,39.000000,-11.3365,4.0816,81.4764,67.9790,13.4973
"SoftPCA-F (alpha=1.00e-02, K=20/20)",3,period_0943,39.053333,-11.3451,4.0429,81.5700,67.9790,13.5909
"SoftPCA-F (alpha=1.00e-02, K=20/20)",3,period_0943,39.106667,-11.2962,3.9054,81.4758,67.9790,13.4967
"SoftPCA-F (alpha=1.00e-02, K=20/20)",3,period_0943,39.160000,-11.2934,3.1543,81.3438,67.9790,13.3647
"SoftPCA-F (alpha=1.00e-02, K=20/20)",3,period_0943,39.200000,-11.3010,3.5988,81.2312,67.9790,13.2521
"SoftPCA-F (alpha=1.00e-02, K=20/20)",3,period_0943,39.253333,-11.2573,3.5709,81.1589,67.9790,13.1799
"SoftPCA-F (alpha=1.00e-02, K=20/20)",3,period_0943,39.306667,-11.2523,3.9648,81.1689,67.9790,13.1898
"SoftPCA-F (alpha=1.00e-02, K=20/20)",3,period_0943,39.360000,-11.2411,3.4598,81.1601,67.9790,13.1811
"SoftPCA-F (alpha=1.00e-02, K=20/20)",3,period_0943,39.400000,-11.2615,3.2655,81.2326,67.9790,13.2535
"SoftPCA-F (alpha=1.00e-02, K=20/20)",3,period_0943,39.453333,-11.2781,3.5299,81.2773,67.9790,13.2983
"SoftPCA-F (alpha=1.00e-02, K=20/20)",3,period_0943,39.506667,-11.2704,3.2954,81.2182,67.9790,13.2391
"SoftPCA-F (alpha=1.00e-02, K=20/20)",3,period_0943,39.560000,-11.2336,3.0923,81.0930,67.9790,13.1140
"SoftPCA-F (alpha=1.00e-02, K=20/20)",3,period_0943,39.600000,-11.2449,4.2914,81.1288,67.9790,13.1497
"SoftPCA-F (alpha=1.00e-02, K=20/20)",3,period_0943,39.653333,-11.2127,3.0267,81.0464,67.9790,13.0674
"SoftPCA-F (alpha=1.00e-02, K=20/20)",3,period_0943,39.706667,-11.2354,3.6301,81.1162,67.9790,13.1372
"SoftPCA-F (alpha=1.00e-02, K=20/20)",3,period_0943,39.760000,-11.2552,3.6969,81.1153,67.9790,13.1362
"SoftPCA-F (alpha=1.00e-02, K=20/20)",3,period_0943,39.800000,-11.2888,3.2370,81.2296,67.9790,13.2505
"SoftPCA-F (alpha=1.00e-02, K=20/20)",3,period_0943,39.853333,-11.2734,3.2150,81.1742,67.9790,13.1952
"SoftPCA-F (alpha=1.00e-02, K=20/20)",3,period_0943,39.906667,-11.2909,4.0386,81.2849,67.9790,13.3059
"SoftPCA-F (alpha=1.00e-02, K=20/20)",3,period_0943,39.960000,-11.2842,3.3013,81.1949,67.9790,13.2158
"SoftPCA-F (alpha=1.00e-02, K=20/20)",3,period_0943,40.000000,-11.2853,4.2543,81.2275,67.9790,13.2484
"SoftPCA-F (alpha=1.00e-01, K=20/20)",0,period_0707,0.013333,2.5130,-1.4015,85.6456,85.1794,0.4662
"SoftPCA-F (alpha=1.00e-01, K=20/20)",0,period_0707,0.053333,1.9889,0.2406,85.7998,85.1794,0.6205
"SoftPCA-F (alpha=1.00e-01, K=20/20)",0,period_0707,0.106667,1.2508,0.7116,85.9730,85.1794,0.7937
"SoftPCA-F (alpha=1.00e-01, K=20/20)",0,period_0707,0.160000,0.6675,0.9085,86.1822,85.1794,1.0029
"SoftPCA-F (alpha=1.00e-01, K=20/20)",0,period_0707,0.200000,0.2437,1.1230,86.2559,85.1794,1.0766
"SoftPCA-F (alpha=1.00e-01, K=20/20)",0,period_0707,0.253333,-0.1829,1.0694,86.4954,85.1794,1.3161
"SoftPCA-F (alpha=1.00e-01, K=20/20)",0,period_0707,0.306667,-0.7670,0.8987,86.8645,85.1794,1.6851
"SoftPCA-F (alpha=1.00e-01, K=20/20)",0,period_0707,0.360000,-1.2241,2.2539,87.0921,85.1794,1.9128
"SoftPCA-F (alpha=1.00e-01, K=20/20)",0,period_0707,0.400000,-1.4889,1.3307,87.2680,85.1794,2.0887
"SoftPCA-F (alpha=1.00e-01, K=20/20)",0,period_0707,0.453333,-1.8816,1.2216,87.4264,85.1794,2.2470
"SoftPCA-F (alpha=1.00e-01, K=20/20)",0,period_0707,0.506667,-2.3023,0.3342,87.7592,85.1794,2.5798
"SoftPCA-F (alpha=1.00e-01, K=20/20)",0,period_0707,0.560000,-2.5548,2.3466,88.0060,85.1794,2.8266
"SoftPCA-F (alpha=1.00e-01, K=20/20)",0,period_0707,0.600000,-2.7190,2.4532,88.0662,85.1794,2.8868
"SoftPCA-F (alpha=1.00e-01, K=20/20)",0,period_0707,0.653333,-2.9436,2.1852,88.3044,85.1794,3.1251
"SoftPCA-F (alpha=1.00e-01, K=20/20)",0,period_0707,0.706667,-3.2034,2.6647,88.5226,85.1794,3.3432
"SoftPCA-F (alpha=1.00e-01, K=20/20)",0,period_0707,0.760000,-3.3789,1.6962,88.6888,85.1794,3.5094
"SoftPCA-F (alpha=1.00e-01, K=20/20)",0,period_0707,0.800000,-3.6397,0.5096,88.9416,85.1794,3.7623
"SoftPCA-F (alpha=1.00e-01, K=20/20)",0,period_0707,0.853333,-4.0746,-0.0492,89.3576,85.1794,4.1783
"SoftPCA-F (alpha=1.00e-01, K=20/20)",0,period_0707,0.906667,-4.2523,1.1660,89.5857,85.1794,4.4064
"SoftPCA-F (alpha=1.00e-01, K=20/20)",0,period_0707,0.960000,-4.3286,1.7710,89.7660,85.1794,4.5866
"SoftPCA-F (alpha=1.00e-01, K=20/20)",0,period_0707,1.000000,-4.4123,2.2444,89.8486,85.1794,4.6693
"SoftPCA-F (alpha=1.00e-01, K=20/20)",0,period_0707,1.053333,-4.6394,1.3593,90.0391,85.1794,4.8598
"SoftPCA-F (alpha=1.00e-01, K=20/20)",0,period_0707,1.106667,-4.7498,0.6792,90.2503,85.1794,5.0710
"SoftPCA-F (alpha=1.00e-01, K=20/20)",0,period_0707,1.160000,-4.9121,1.6232,90.3529,85.1794,5.1735
"SoftPCA-F (alpha=1.00e-01, K=20/20)",0,period_0707,1.200000,-4.9188,1.7457,90.4450,85.1794,5.2656
"SoftPCA-F (alpha=1.00e-01, K=20/20)",0,period_0707,1.253333,-5.0956,1.9991,90.6038,85.1794,5.4245
"SoftPCA-F (alpha=1.00e-01, K=20/20)",0,period_0707,1.306667,-5.1333,0.3462,90.7523,85.1794,5.5730
"SoftPCA-F (alpha=1.00e-01, K=20/20)",0,period_0707,1.360000,-5.3211,0.8747,90.9137,85.1794,5.7344
"SoftPCA-F (alpha=1.00e-01, K=20/20)",0,period_0707,1.400000,-5.4962,1.4298,91.0836,85.1794,5.9043
"SoftPCA-F (alpha=1.00e-01, K=20/20)",0,period_0707,1.453333,-5.6460,1.5808,91.2727,85.1794,6.0933
"SoftPCA-F (alpha=1.00e-01, K=20/20)",0,period_0707,1.506667,-5.5544,2.7312,91.2674,85.1794,6.0880
"SoftPCA-F (alpha=1.00e-01, K=20/20)",0,period_0707,1.560000,-5.7589,1.3578,91.5529,85.1794,6.3735
"SoftPCA-F (alpha=1.00e-01, K=20/20)",0,period_0707,1.600000,-5.7480,1.1552,91.6484,85.1794,6.4690
"SoftPCA-F (alpha=1.00e-01, K=20/20)",0,period_0707,1.653333,-5.8116,0.8021,91.6148,85.1794,6.4355
"SoftPCA-F (alpha=1.00e-01, K=20/20)",0,period_0707,1.706667,-5.8081,2.3367,91.6019,85.1794,6.4225
"SoftPCA-F (alpha=1.00e-01, K=20/20)",0,period_0707,1.760000,-5.9827,0.7189,91.8176,85.1794,6.6383
"SoftPCA-F (alpha=1.00e-01, K=20/20)",0,period_0707,1.800000,-6.1050,1.1941,92.0067,85.1794,6.8274
"SoftPCA-F (alpha=1.00e-01, K=20/20)",0,period_0707,1.853333,-6.0774,1.9664,92.0162,85.1794,6.8368
"SoftPCA-F (alpha=1.00e-01, K=20/20)",0,period_0707,1.906667,-6.0988,0.6991,92.3062,85.1794,7.1269
"SoftPCA-F (alpha=1.00e-01, K=20/20)",0,period_0707,1.960000,-6.0867,2.1481,92.3937,85.1794,7.2143
"SoftPCA-F (alpha=1.00e-01, K=20/20)",0,period_0707,2.000000,-6.1551,1.2644,92.5214,85.1794,7.3420
"SoftPCA-F (alpha=1.00e-01, K=20/20)",0,period_0707,2.053333,-6.3050,1.1673,92.7321,85.1794,7.5528
"SoftPCA-F (alpha=1.00e-01, K=20/20)",0,period_0707,2.106667,-6.4156,1.3376,92.8529,85.1794,7.6736
"SoftPCA-F (alpha=1.00e-01, K=20/20)",0,period_0707,2.160000,-6.0863,1.7743,92.4402,85.1794,7.2609
"SoftPCA-F (alpha=1.00e-01, K=20/20)",0,period_0707,2.200000,-5.7702,2.7313,92.4821,85.1794,7.3027
"SoftPCA-F (alpha=1.00e-01, K=20/20)",0,period_0707,2.253333,-6.1339,0.9741,93.0183,85.1794,7.8390
"SoftPCA-F (alpha=1.00e-01, K=20/20)",0,period_0707,2.306667,-6.3390,0.8978,93.1651,85.1794,7.9857
"SoftPCA-F (alpha=1.00e-01, K=20/20)",0,period_0707,2.360000,-6.5030,1.3766,93.3226,85.1794,8.1432
"SoftPCA-F (alpha=1.00e-01, K=20/20)",0,period_0707,2.400000,-6.5032,0.2625,92.4669,85.1794,7.2876
"SoftPCA-F (alpha=1.00e-01, K=20/20)",0,period_0707,2.453333,-6.8150,1.2387,93.5906,85.1794,8.4112
"SoftPCA-F (alpha=1.00e-01, K=20/20)",0,period_0707,2.506667,-6.9236,1.0138,93.6461,85.1794,8.4667
"SoftPCA-F (alpha=1.00e-01, K=20/20)",0,period_0707,2.560000,-6.9732,0.2166,93.7739,85.1794,8.5945
"SoftPCA-F (alpha=1.00e-01, K=20/20)",0,period_0707,2.600000,-6.9044,1.5028,93.7381,85.1794,8.5587
"SoftPCA-F (alpha=1.00e-01, K=20/20)",0,period_0707,2.653333,-6.8636,2.0255,93.5805,85.1794,8.4011
"SoftPCA-F (alpha=1.00e-01, K=20/20)",0,period_0707,2.706667,-7.0228,1.0001,93.6482,85.1794,8.4689
"SoftPCA-F (alpha=1.00e-01, K=20/20)",0,period_0707,2.760000,-7.1412,1.0200,94.0173,85.1794,8.8379
"SoftPCA-F (alpha=1.00e-01, K=20/20)",0,period_0707,2.800000,-7.0381,2.7639,94.0090,85.1794,8.8297
"SoftPCA-F (alpha=1.00e-01, K=20/20)",0,period_0707,2.853333,-6.8663,2.7607,93.9314,85.1794,8.7520
"SoftPCA-F (alpha=1.00e-01, K=20/20)",0,period_0707,2.906667,-6.8761,2.1969,93.9519,85.1794,8.7725
"SoftPCA-F (alpha=1.00e-01, K=20/20)",0,period_0707,2.960000,-7.2348,-0.7112,94.3509,85.1794,9.1715
"SoftPCA-F (alpha=1.00e-01, K=20/20)",0,period_0707,3.000000,-7.2028,2.0175,94.2565,85.1794,9.0771
"SoftPCA-F (alpha=1.00e-01, K=20/20)",0,period_0707,3.053333,-7.0417,2.6734,94.1847,85.1794,9.0053
"SoftPCA-F (alpha=1.00e-01, K=20/20)",0,period_0707,3.106667,-7.0372,1.6267,94.2000,85.1794,9.0207
"SoftPCA-F (alpha=1.00e-01, K=20/20)",0,period_0707,3.160000,-7.1074,0.7382,94.3051,85.1794,9.1257
"SoftPCA-F (alpha=1.00e-01, K=20/20)",0,period_0707,3.200000,-7.0830,1.9760,94.2716,85.1794,9.0923
"SoftPCA-F (alpha=1.00e-01, K=20/20)",0,period_0707,3.253333,-7.1864,1.6814,94.4203,85.1794,9.2409
"SoftPCA-F (alpha=1.00e-01, K=20/20)",0,period_0707,3.306667,-7.1596,0.4415,94.5686,85.1794,9.3893
"SoftPCA-F (alpha=1.00e-01, K=20/20)",0,period_0707,3.360000,-7.0977,0.2207,93.5510,85.1794,8.3716
"SoftPCA-F (alpha=1.00e-01, K=20/20)",0,period_0707,3.400000,-7.2645,2.0425,94.7646,85.1794,9.5853
"SoftPCA-F (alpha=1.00e-01, K=20/20)",0,period_0707,3.453333,-7.4093,1.5684,94.9926,85.1794,9.8132
"SoftPCA-F (alpha=1.00e-01, K=20/20)",0,period_0707,3.506667,-7.4400,1.1843,95.0716,85.1794,9.8922
"SoftPCA-F (alpha=1.00e-01, K=20/20)",0,period_0707,3.560000,-7.3950,2.2281,94.9511,85.1794,9.7718
"SoftPCA-F (alpha=1.00e-01, K=20/20)",0,period_0707,3.600000,-7.3690,1.8556,94.8850,85.1794,9.7056
"SoftPCA-F (alpha=1.00e-01, K=20/20)",0,period_0707,3.653333,-7.4957,0.5462,95.1522,85.1794,9.9728
"SoftPCA-F (alpha=1.00e-01, K=20/20)",0,period_0707,3.706667,-7.4107,1.0981,94.8922,85.1794,9.7128
"SoftPCA-F (alpha=1.00e-01, K=20/20)",0,period_0707,3.760000,-7.3768,1.9158,94.7848,85.1794,9.6054
"SoftPCA-F (alpha=1.00e-01, K=20/20)",0,period_0707,3.800000,-6.8659,2.9787,94.4816,85.1794,9.3022
"SoftPCA-F (alpha=1.00e-01, K=20/20)",0,period_0707,3.853333,-7.0558,1.4337,94.6416,85.1794,9.4623
"SoftPCA-F (alpha=1.00e-01, K=20/20)",0,period_0707,3.906667,-7.2993,0.2821,94.8058,85.1794,9.6264
"SoftPCA-F (alpha=1.00e-01, K=20/20)",0,period_0707,3.960000,-7.0675,1.1476,94.7745,85.1794,9.5951
"SoftPCA-F (alpha=1.00e-01, K=20/20)",0,period_0707,4.000000,-7.1427,1.5177,94.7697,85.1794,9.5904
"SoftPCA-F (alpha=1.00e-01, K=20/20)",0,period_0707,4.053333,-7.2300,0.7428,94.6885,85.1794,9.5092
"SoftPCA-F (alpha=1.00e-01, K=20/20)",0,period_0707,4.106667,-7.2107,1.2292,92.9223,85.1794,7.7429
"SoftPCA-F (alpha=1.00e-01, K=20/20)",0,period_0707,4.160000,-7.1196,1.4510,92.8214,85.1794,7.6420
"SoftPCA-F (alpha=1.00e-01, K=20/20)",0,period_0707,4.200000,-7.2523,0.9215,92.9811,85.1794,7.8017
"SoftPCA-F (alpha=1.00e-01, K=20/20)",0,period_0707,4.253333,-7.1191,0.5908,92.5822,85.1794,7.4028
"SoftPCA-F (alpha=1.00e-01, K=20/20)",0,period_0707,4.306667,-7.0225,1.8867,94.2185,85.1794,9.0391
"SoftPCA-F (alpha=1.00e-01, K=20/20)",0,period_0707,4.360000,-7.1421,1.6137,94.7788,85.1794,9.5994
"SoftPCA-F (alpha=1.00e-01, K=20/20)",0,period_0707,4.400000,-7.2382,1.1971,94.8381,85.1794,9.6587
"SoftPCA-F (alpha=1.00e-01, K=20/20)",0,period_0707,4.453333,-7.3030,2.4307,94.8903,85.1794,9.7109
"SoftPCA-F (alpha=1.00e-01, K=20/20)",0,period_0707,4.506667,-7.3463,1.7262,95.0186,85.1794,9.8392
"SoftPCA-F (alpha=1.00e-01, K=20/20)",0,period_0707,4.560000,-7.2836,1.7099,94.9041,85.1794,9.7248
"SoftPCA-F (alpha=1.00e-01, K=20/20)",0,period_0707,4.600000,-7.3009,1.4990,94.8022,85.1794,9.6228
"SoftPCA-F (alpha=1.00e-01, K=20/20)",0,period_0707,4.653333,-7.3431,1.5291,95.1009,85.1794,9.9215
"SoftPCA-F (alpha=1.00e-01, K=20/20)",0,period_0707,4.706667,-7.3180,0.8266,94.5410,85.1794,9.3617
"SoftPCA-F (alpha=1.00e-01, K=20/20)",0,period_0707,4.760000,-7.4231,2.9601,95.2169,85.1794,10.0375
"SoftPCA-F (alpha=1.00e-01, K=20/20)",0,period_0707,4.800000,-7.5067,0.2979,93.9906,85.1794,8.8112
"SoftPCA-F (alpha=1.00e-01, K=20/20)",0,period_0707,4.853333,-7.5879,1.4951,95.0303,85.1794,9.8509
"SoftPCA-F (alpha=1.00e-01, K=20/20)",0,period_0707,4.906667,-7.5097,1.7818,95.5487,85.1794,10.3694
"SoftPCA-F (alpha=1.00e-01, K=20/20)",0,period_0707,4.960000,-7.6686,0.3011,95.8508,85.1794,10.6715
"SoftPCA-F (alpha=1.00e-01, K=20/20)",0,period_0707,5.000000,-7.5888,1.4201,95.6681,85.1794,10.4887
"SoftPCA-F (alpha=1.00e-01, K=20/20)",0,period_0707,5.053333,-7.5878,1.0325,95.8114,85.1794,10.6320
"SoftPCA-F (alpha=1.00e-01, K=20/20)",0,period_0707,5.106667,-7.7176,1.2555,95.7893,85.1794,10.6099
"SoftPCA-F (alpha=1.00e-01, K=20/20)",0,period_0707,5.160000,-7.6250,0.8614,95.4546,85.1794,10.2752
"SoftPCA-F (alpha=1.00e-01, K=20/20)",0,period_0707,5.200000,-7.7717,1.4292,95.4901,85.1794,10.3107
"SoftPCA-F (alpha=1.00e-01, K=20/20)",0,period_0707,5.253333,-7.8401,1.0160,95.3545,85.1794,10.1751
"SoftPCA-F (alpha=1.00e-01, K=20/20)",0,period_0707,5.306667,-7.3569,1.4989,90.8127,85.1794,5.6333
"SoftPCA-F (alpha=1.00e-01, K=20/20)",0,period_0707,5.360000,-7.5189,1.6967,93.1768,85.1794,7.9974
"SoftPCA-F (alpha=1.00e-01, K=20/20)",0,period_0707,5.400000,-7.3397,1.4130,92.6559,85.1794,7.4765
"SoftPCA-F (alpha=1.00e-01, K=20/20)",0,period_0707,5.453333,-7.2451,0.4643,91.5007,85.1794,6.3213
"SoftPCA-F (alpha=1.00e-01, K=20/20)",0,period_0707,5.506667,-7.1385,0.6756,89.8068,85.1794,4.6274
"SoftPCA-F (alpha=1.00e-01, K=20/20)",0,period_0707,5.560000,-7.2480,1.9437,92.2250,85.1794,7.0456
"SoftPCA-F (alpha=1.00e-01, K=20/20)",0,period_0707,5.600000,-7.1666,1.7093,91.0158,85.1794,5.8365
"SoftPCA-F (alpha=1.00e-01, K=20/20)",0,period_0707,5.653333,-7.2134,1.0288,91.1578,85.1794,5.9784
"SoftPCA-F (alpha=1.00e-01, K=20/20)",0,period_0707,5.706667,-7.3839,1.7904,95.6319,85.1794,10.4525
"SoftPCA-F (alpha=1.00e-01, K=20/20)",0,period_0707,5.760000,-7.3941,1.2970,95.5135,85.1794,10.3341
"SoftPCA-F (alpha=1.00e-01, K=20/20)",0,period_0707,5.800000,-7.3906,1.3808,94.6638,85.1794,9.4845
"SoftPCA-F (alpha=1.00e-01, K=20/20)",0,period_0707,5.853333,-7.5013,1.1652,95.8386,85.1794,10.6592
"SoftPCA-F (alpha=1.00e-01, K=20/20)",0,period_0707,5.906667,-7.5439,0.5426,93.6212,85.1794,8.4418
"SoftPCA-F (alpha=1.00e-01, K=20/20)",0,period_0707,5.960000,-7.6271,0.9054,93.7182,85.1794,8.5388
"SoftPCA-F (alpha=1.00e-01, K=20/20)",0,period_0707,6.000000,-7.6913,1.2079,95.9534,85.1794,10.7740
"SoftPCA-F (alpha=1.00e-01, K=20/20)",0,period_0707,6.053333,-7.6706,2.1036,95.8630,85.1794,10.6836
"SoftPCA-F (alpha=1.00e-01, K=20/20)",0,period_0707,6.106667,-7.5645,1.0536,94.6662,85.1794,9.4869
"SoftPCA-F (alpha=1.00e-01, K=20/20)",0,period_0707,6.160000,-7.7528,0.7623,96.0244,85.1794,10.8450
"SoftPCA-F (alpha=1.00e-01, K=20/20)",0,period_0707,6.200000,-7.6668,0.2814,92.5677,85.1794,7.3883
"SoftPCA-F (alpha=1.00e-01, K=20/20)",0,period_0707,6.253333,-7.6685,1.6210,95.1414,85.1794,9.9621
"SoftPCA-F (alpha=1.00e-01, K=20/20)",0,period_0707,6.306667,-7.6778,0.8221,93.6859,85.1794,8.5066
"SoftPCA-F (alpha=1.00e-01, K=20/20)",0,period_0707,6.360000,-7.7465,1.9240,95.1905,85.1794,10.0111
"SoftPCA-F (alpha=1.00e-01, K=20/20)",0,period_0707,6.400000,-7.6387,1.5717,94.2271,85.1794,9.0477
"SoftPCA-F (alpha=1.00e-01, K=20/20)",0,period_0707,6.453333,-7.6750,1.1599,94.0455,85.1794,8.8661
"SoftPCA-F (alpha=1.00e-01, K=20/20)",0,period_0707,6.506667,-7.6674,1.2792,95.0881,85.1794,9.9087
"SoftPCA-F (alpha=1.00e-01, K=20/20)",0,period_0707,6.560000,-7.8416,1.2142,96.4630,85.1794,11.2837
"SoftPCA-F (alpha=1.00e-01, K=20/20)",0,period_0707,6.600000,-7.7745,1.7600,95.7289,85.1794,10.5495
"SoftPCA-F (alpha=1.00e-01, K=20/20)",0,period_0707,6.653333,-7.7552,1.0729,96.4237,85.1794,11.2443
"SoftPCA-F (alpha=1.00e-01, K=20/20)",0,period_0707,6.706667,-7.6318,0.8673,94.8608,85.1794,9.6814
"SoftPCA-F (alpha=1.00e-01, K=20/20)",0,period_0707,6.760000,-7.7273,1.0010,95.6463,85.1794,10.4669
"SoftPCA-F (alpha=1.00e-01, K=20/20)",0,period_0707,6.800000,-7.8695,0.4825,94.4131,85.1794,9.2337
"SoftPCA-F (alpha=1.00e-01, K=20/20)",0,period_0707,6.853333,-7.7270,0.9952,92.9081,85.1794,7.7287
"SoftPCA-F (alpha=1.00e-01, K=20/20)",0,period_0707,6.906667,-7.6293,1.1888,92.3705,85.1794,7.1912
"SoftPCA-F (alpha=1.00e-01, K=20/20)",0,period_0707,6.960000,-7.8044,1.2209,93.4371,85.1794,8.2577
"SoftPCA-F (alpha=1.00e-01, K=20/20)",0,period_0707,7.000000,-7.6602,1.8987,92.5983,85.1794,7.4190
"SoftPCA-F (alpha=1.00e-01, K=20/20)",0,period_0707,7.053333,-7.6829,0.6722,92.8700,85.1794,7.6906
"SoftPCA-F (alpha=1.00e-01, K=20/20)",0,period_0707,7.106667,-7.7466,0.9546,93.1032,85.1794,7.9238
"SoftPCA-F (alpha=1.00e-01, K=20/20)",0,period_0707,7.160000,-7.6844,0.7723,94.4085,85.1794,9.2291
"SoftPCA-F (alpha=1.00e-01, K=20/20)",0,period_0707,7.200000,-7.9037,1.3006,96.4089,85.1794,11.2295
"SoftPCA-F (alpha=1.00e-01, K=20/20)",0,period_0707,7.253333,-7.8105,1.9730,96.1499,85.1794,10.9705
"SoftPCA-F (alpha=1.00e-01, K=20/20)",0,period_0707,7.306667,-7.7841,1.0012,95.7825,85.1794,10.6032
"SoftPCA-F (alpha=1.00e-01, K=20/20)",0,period_0707,7.360000,-7.8013,1.3478,96.1950,85.1794,11.0157
"SoftPCA-F (alpha=1.00e-01, K=20/20)",0,period_0707,7.400000,-7.8448,2.0267,96.1980,85.1794,11.0186
"SoftPCA-F (alpha=1.00e-01, K=20/20)",0,period_0707,7.453333,-7.9483,0.5857,96.1016,85.1794,10.9222
"SoftPCA-F (alpha=1.00e-01, K=20/20)",0,period_0707,7.506667,-7.7458,1.1365,95.7446,85.1794,10.5652
"SoftPCA-F (alpha=1.00e-01, K=20/20)",0,period_0707,7.560000,-7.7441,1.4349,95.6307,85.1794,10.4513
"SoftPCA-F (alpha=1.00e-01, K=20/20)",0,period_0707,7.600000,-7.6001,0.5801,95.6208,85.1794,10.4415
"SoftPCA-F (alpha=1.00e-01, K=20/20)",0,period_0707,7.653333,-7.5404,1.3103,94.2938,85.1794,9.1144
"SoftPCA-F (alpha=1.00e-01, K=20/20)",0,period_0707,7.706667,-7.4394,1.4556,93.8731,85.1794,8.6937
"SoftPCA-F (alpha=1.00e-01, K=20/20)",0,period_0707,7.760000,-7.6097,0.8825,94.0118,85.1794,8.8324
"SoftPCA-F (alpha=1.00e-01, K=20/20)",0,period_0707,7.800000,-7.7773,1.7462,95.6952,85.1794,10.5159
"SoftPCA-F (alpha=1.00e-01, K=20/20)",0,period_0707,7.853333,-7.7434,0.2579,95.6891,85.1794,10.5097
"SoftPCA-F (alpha=1.00e-01, K=20/20)",0,period_0707,7.906667,-7.8286,0.8758,95.6866,85.1794,10.5072
"SoftPCA-F (alpha=1.00e-01, K=20/20)",0,period_0707,7.960000,-7.7038,1.7661,95.6512,85.1794,10.4718
"SoftPCA-F (alpha=1.00e-01, K=20/20)",0,period_0707,8.000000,-7.6376,2.8712,95.5081,85.1794,10.3287
"SoftPCA-F (alpha=1.00e-01, K=20/20)",0,period_0707,8.053333,-7.5185,2.0423,95.4455,85.1794,10.2662
"SoftPCA-F (alpha=1.00e-01, K=20/20)",0,period_0707,8.106667,-7.4327,1.6441,95.3955,85.1794,10.2162
"SoftPCA-F (alpha=1.00e-01, K=20/20)",0,period_0707,8.160000,-7.4375,2.1109,95.4516,85.1794,10.2722
"SoftPCA-F (alpha=1.00e-01, K=20/20)",0,period_0707,8.200000,-7.4714,1.6462,95.4802,85.1794,10.3008
"SoftPCA-F (alpha=1.00e-01, K=20/20)",0,period_0707,8.253333,-7.4908,2.0353,95.5924,85.1794,10.4131
"SoftPCA-F (alpha=1.00e-01, K=20/20)",0,period_0707,8.306667,-7.5593,1.4426,95.6485,85.1794,10.4691
"SoftPCA-F (alpha=1.00e-01, K=20/20)",0,period_0707,8.360000,-7.2009,3.1952,95.4211,85.1794,10.2417
"SoftPCA-F (alpha=1.00e-01, K=20/20)",0,period_0707,8.400000,-7.4537,0.0273,95.4592,85.1794,10.2798
"SoftPCA-F (alpha=1.00e-01, K=20/20)",0,period_0707,8.453333,-7.3585,1.6337,95.4486,85.1794,10.2692
"SoftPCA-F (alpha=1.00e-01, K=20/20)",0,period_0707,8.506667,-7.7417,-0.0739,95.7457,85.1794,10.5664
"SoftPCA-F (alpha=1.00e-01, K=20/20)",0,period_0707,8.560000,-7.7571,1.6533,95.8569,85.1794,10.6776
"SoftPCA-F (alpha=1.00e-01, K=20/20)",0,period_0707,8.600000,-7.7634,1.2861,95.9940,85.1794,10.8146
"SoftPCA-F (alpha=1.00e-01, K=20/20)",0,period_0707,8.653333,-7.8624,0.8563,96.0358,85.1794,10.8565
"SoftPCA-F (alpha=1.00e-01, K=20/20)",0,period_0707,8.706667,-7.8364,1.2705,96.0691,85.1794,10.8897
"SoftPCA-F (alpha=1.00e-01, K=20/20)",0,period_0707,8.760000,-7.7942,1.1347,95.8826,85.1794,10.7032
"SoftPCA-F (alpha=1.00e-01, K=20/20)",0,period_0707,8.800000,-7.7805,1.6124,95.9347,85.1794,10.7553
"SoftPCA-F (alpha=1.00e-01, K=20/20)",0,period_0707,8.853333,-7.6355,1.4220,95.2653,85.1794,10.0859
"SoftPCA-F (alpha=1.00e-01, K=20/20)",0,period_0707,8.906667,-7.5289,1.4125,94.4314,85.1794,9.2520
"SoftPCA-F (alpha=1.00e-01, K=20/20)",0,period_0707,8.960000,-7.5668,1.1174,93.6190,85.1794,8.4396
"SoftPCA-F (alpha=1.00e-01, K=20/20)",0,period_0707,9.000000,-7.5936,1.6550,94.2639,85.1794,9.0845
"SoftPCA-F (alpha=1.00e-01, K=20/20)",0,period_0707,9.053333,-7.4761,1.3180,93.8730,85.1794,8.6937
"SoftPCA-F (alpha=1.00e-01, K=20/20)",0,period_0707,9.106667,-7.4129,1.9664,93.9666,85.1794,8.7873
"SoftPCA-F (alpha=1.00e-01, K=20/20)",0,period_0707,9.160000,-7.7163,0.9190,95.9906,85.1794,10.8112
"SoftPCA-F (alpha=1.00e-01, K=20/20)",0,period_0707,9.200000,-7.7276,1.8210,95.9272,85.1794,10.7478
"SoftPCA-F (alpha=1.00e-01, K=20/20)",0,period_0707,9.253333,-7.7091,1.2653,95.9367,85.1794,10.7574
"SoftPCA-F (alpha=1.00e-01, K=20/20)",0,period_0707,9.306667,-7.5768,1.5920,95.7024,85.1794,10.5230
"SoftPCA-F (alpha=1.00e-01, K=20/20)",0,period_0707,9.360000,-7.6617,1.0496,95.9683,85.1794,10.7889
"SoftPCA-F (alpha=1.00e-01, K=20/20)",0,period_0707,9.400000,-7.7087,2.2611,95.8028,85.1794,10.6234
"SoftPCA-F (alpha=1.00e-01, K=20/20)",0,period_0707,9.453333,-7.7364,0.7220,95.9091,85.1794,10.7297
"SoftPCA-F (alpha=1.00e-01, K=20/20)",0,period_0707,9.506667,-7.6711,1.3297,95.5181,85.1794,10.3387
"SoftPCA-F (alpha=1.00e-01, K=20/20)",0,period_0707,9.560000,-7.7902,1.2255,95.8326,85.1794,10.6532
"SoftPCA-F (alpha=1.00e-01, K=20/20)",0,period_0707,9.600000,-7.7411,1.4731,95.6895,85.1794,10.5101
"SoftPCA-F (alpha=1.00e-01, K=20/20)",0,period_0707,9.653333,-7.6127,1.3108,92.9766,85.1794,7.7973
"SoftPCA-F (alpha=1.00e-01, K=20/20)",0,period_0707,9.706667,-7.7331,1.9565,95.7194,85.1794,10.5400
"SoftPCA-F (alpha=1.00e-01, K=20/20)",0,period_0707,9.760000,-7.8189,1.2701,95.7439,85.1794,10.5645
"SoftPCA-F (alpha=1.00e-01, K=20/20)",0,period_0707,9.800000,-7.8128,1.8368,95.6965,85.1794,10.5171
"SoftPCA-F (alpha=1.00e-01, K=20/20)",0,period_0707,9.853333,-7.7112,1.1269,95.6548,85.1794,10.4755
"SoftPCA-F (alpha=1.00e-01, K=20/20)",0,period_0707,9.906667,-7.6669,1.0828,95.8548,85.1794,10.6755
"SoftPCA-F (alpha=1.00e-01, K=20/20)",0,period_0707,9.960000,-7.7036,1.0360,95.8334,85.1794,10.6540
"SoftPCA-F (alpha=1.00e-01, K=20/20)",0,period_0707,10.000000,-7.7137,1.5095,95.8849,85.1794,10.7055
"SoftPCA-F (alpha=1.00e-01, K=20/20)",1,period_0856,10.013333,-0.7979,0.3715,76.3931,75.6790,0.7141
"SoftPCA-F (alpha=1.00e-01, K=20/20)",1,period_0856,10.053333,-1.4697,1.1979,76.9020,75.6790,1.2230
"SoftPCA-F (alpha=1.00e-01, K=20/20)",1,period_0856,10.106667,-2.3282,1.9448,77.6386,75.6790,1.9596
"SoftPCA-F (alpha=1.00e-01, K=20/20)",1,period_0856,10.160000,-3.0929,2.3530,78.2918,75.6790,2.6128
"SoftPCA-F (alpha=1.00e-01, K=20/20)",1,period_0856,10.200000,-3.6911,3.4257,78.7579,75.6790,3.0788
"SoftPCA-F (alpha=1.00e-01, K=20/20)",1,period_0856,10.253333,-4.5352,2.8780,79.5981,75.6790,3.9191
"SoftPCA-F (alpha=1.00e-01, K=20/20)",1,period_0856,10.306667,-5.0779,3.5981,79.9914,75.6790,4.3124
"SoftPCA-F (alpha=1.00e-01, K=20/20)",1,period_0856,10.360000,-5.6570,3.6917,80.6015,75.6790,4.9225
"SoftPCA-F (alpha=1.00e-01, K=20/20)",1,period_0856,10.400000,-6.0218,3.6810,80.8838,75.6790,5.2048
"SoftPCA-F (alpha=1.00e-01, K=20/20)",1,period_0856,10.453333,-6.4970,3.7714,81.3732,75.6790,5.6942
"SoftPCA-F (alpha=1.00e-01, K=20/20)",1,period_0856,10.506667,-6.8326,3.4113,81.6700,75.6790,5.9910
"SoftPCA-F (alpha=1.00e-01, K=20/20)",1,period_0856,10.560000,-7.2749,5.3954,82.3276,75.6790,6.6486
"SoftPCA-F (alpha=1.00e-01, K=20/20)",1,period_0856,10.600000,-7.5056,4.1552,82.5409,75.6790,6.8618
"SoftPCA-F (alpha=1.00e-01, K=20/20)",1,period_0856,10.653333,-7.7623,4.7000,82.7977,75.6790,7.1187
"SoftPCA-F (alpha=1.00e-01, K=20/20)",1,period_0856,10.706667,-7.9582,5.0955,83.0648,75.6790,7.3857
"SoftPCA-F (alpha=1.00e-01, K=20/20)",1,period_0856,10.760000,-8.1547,4.4495,83.3157,75.6790,7.6367
"SoftPCA-F (alpha=1.00e-01, K=20/20)",1,period_0856,10.800000,-8.3034,3.6200,83.5941,75.6790,7.9151
"SoftPCA-F (alpha=1.00e-01, K=20/20)",1,period_0856,10.853333,-8.4630,6.2935,83.9136,75.6790,8.2346
"SoftPCA-F (alpha=1.00e-01, K=20/20)",1,period_0856,10.906667,-8.6172,3.8768,84.0309,75.6790,8.3519
"SoftPCA-F (alpha=1.00e-01, K=20/20)",1,period_0856,10.960000,-8.7349,4.6600,84.1057,75.6790,8.4267
"SoftPCA-F (alpha=1.00e-01, K=20/20)",1,period_0856,11.000000,-8.8239,5.8612,84.1965,75.6790,8.5174
"SoftPCA-F (alpha=1.00e-01, K=20/20)",1,period_0856,11.053333,-8.9188,4.8518,84.3643,75.6790,8.6852
"SoftPCA-F (alpha=1.00e-01, K=20/20)",1,period_0856,11.106667,-8.9901,4.7455,84.3678,75.6790,8.6887
"SoftPCA-F (alpha=1.00e-01, K=20/20)",1,period_0856,11.160000,-9.0557,4.8840,84.3714,75.6790,8.6923
"SoftPCA-F (alpha=1.00e-01, K=20/20)",1,period_0856,11.200000,-9.0784,5.3709,84.4726,75.6790,8.7936
"SoftPCA-F (alpha=1.00e-01, K=20/20)",1,period_0856,11.253333,-9.1290,4.3078,84.5190,75.6790,8.8400
"SoftPCA-F (alpha=1.00e-01, K=20/20)",1,period_0856,11.306667,-9.1572,6.8173,84.6506,75.6790,8.9715
"SoftPCA-F (alpha=1.00e-01, K=20/20)",1,period_0856,11.360000,-9.2249,5.5049,84.8076,75.6790,9.1286
"SoftPCA-F (alpha=1.00e-01, K=20/20)",1,period_0856,11.400000,-9.2456,4.1952,84.8508,75.6790,9.1718
"SoftPCA-F (alpha=1.00e-01, K=20/20)",1,period_0856,11.453333,-9.2697,5.4347,84.9254,75.6790,9.2464
"SoftPCA-F (alpha=1.00e-01, K=20/20)",1,period_0856,11.506667,-9.3205,4.4146,85.2027,75.6790,9.5237
"SoftPCA-F (alpha=1.00e-01, K=20/20)",1,period_0856,11.560000,-9.3325,5.5274,85.2223,75.6790,9.5433
"SoftPCA-F (alpha=1.00e-01, K=20/20)",1,period_0856,11.600000,-9.3181,6.5262,85.1202,75.6790,9.4412
"SoftPCA-F (alpha=1.00e-01, K=20/20)",1,period_0856,11.653333,-9.3241,5.1184,85.2196,75.6790,9.5405
"SoftPCA-F (alpha=1.00e-01, K=20/20)",1,period_0856,11.706667,-9.3661,4.8061,85.1462,75.6790,9.4671
"SoftPCA-F (alpha=1.00e-01, K=20/20)",1,period_0856,11.760000,-9.3772,4.9537,85.3760,75.6790,9.6970
"SoftPCA-F (alpha=1.00e-01, K=20/20)",1,period_0856,11.800000,-9.4011,4.9914,85.3684,75.6790,9.6894
"SoftPCA-F (alpha=1.00e-01, K=20/20)",1,period_0856,11.853333,-9.3199,4.5728,85.2077,75.6790,9.5286
"SoftPCA-F (alpha=1.00e-01, K=20/20)",1,period_0856,11.906667,-9.3427,4.5309,85.1467,75.6790,9.4677
"SoftPCA-F (alpha=1.00e-01, K=20/20)",1,period_0856,11.960000,-9.3431,4.0727,85.2287,75.6790,9.5496
"SoftPCA-F (alpha=1.00e-01, K=20/20)",1,period_0856,12.000000,-9.3664,4.8528,85.3187,75.6790,9.6397
"SoftPCA-F (alpha=1.00e-01, K=20/20)",1,period_0856,12.053333,-9.3491,4.6749,85.3497,75.6790,9.6707
"SoftPCA-F (alpha=1.00e-01, K=20/20)",1,period_0856,12.106667,-9.3230,4.9533,85.3088,75.6790,9.6298
"SoftPCA-F (alpha=1.00e-01, K=20/20)",1,period_0856,12.160000,-9.3428,4.4725,85.3835,75.6790,9.7045
"SoftPCA-F (alpha=1.00e-01, K=20/20)",1,period_0856,12.200000,-9.3052,4.3630,85.2443,75.6790,9.5653
"SoftPCA-F (alpha=1.00e-01, K=20/20)",1,period_0856,12.253333,-9.2996,6.0822,85.3992,75.6790,9.7202
"SoftPCA-F (alpha=1.00e-01, K=20/20)",1,period_0856,12.306667,-9.3126,4.7246,85.3669,75.6790,9.6879
"SoftPCA-F (alpha=1.00e-01, K=20/20)",1,period_0856,12.360000,-9.3378,4.6464,85.4033,75.6790,9.7243
"SoftPCA-F (alpha=1.00e-01, K=20/20)",1,period_0856,12.400000,-9.3288,3.2338,85.5046,75.6790,9.8256
"SoftPCA-F (alpha=1.00e-01, K=20/20)",1,period_0856,12.453333,-9.2717,4.1670,85.6329,75.6790,9.9539
"SoftPCA-F (alpha=1.00e-01, K=20/20)",1,period_0856,12.506667,-9.2694,5.6749,85.6038,75.6790,9.9248
"SoftPCA-F (alpha=1.00e-01, K=20/20)",1,period_0856,12.560000,-9.2803,4.7487,85.6266,75.6790,9.9476
"SoftPCA-F (alpha=1.00e-01, K=20/20)",1,period_0856,12.600000,-9.2972,5.0356,85.5761,75.6790,9.8971
"SoftPCA-F (alpha=1.00e-01, K=20/20)",1,period_0856,12.653333,-9.3132,3.9271,85.8245,75.6790,10.1455
"SoftPCA-F (alpha=1.00e-01, K=20/20)",1,period_0856,12.706667,-9.2667,3.9488,85.9853,75.6790,10.3063
"SoftPCA-F (alpha=1.00e-01, K=20/20)",1,period_0856,12.760000,-9.2822,4.7026,86.0594,75.6790,10.3804
"SoftPCA-F (alpha=1.00e-01, K=20/20)",1,period_0856,12.800000,-9.3007,5.3307,86.0126,75.6790,10.3336
"SoftPCA-F (alpha=1.00e-01, K=20/20)",1,period_0856,12.853333,-9.2605,3.9306,85.7923,75.6790,10.1133
"SoftPCA-F (alpha=1.00e-01, K=20/20)",1,period_0856,12.906667,-9.2703,4.0146,85.7881,75.6790,10.1091
"SoftPCA-F (alpha=1.00e-01, K=20/20)",1,period_0856,12.960000,-9.2326,4.7242,85.7163,75.6790,10.0372
"SoftPCA-F (alpha=1.00e-01, K=20/20)",1,period_0856,13.000000,-9.2482,4.1352,85.8544,75.6790,10.1754
"SoftPCA-F (alpha=1.00e-01, K=20/20)",1,period_0856,13.053333,-9.2590,5.3533,85.9823,75.6790,10.3033
"SoftPCA-F (alpha=1.00e-01, K=20/20)",1,period_0856,13.106667,-9.2697,5.2611,86.0367,75.6790,10.3577
"SoftPCA-F (alpha=1.00e-01, K=20/20)",1,period_0856,13.160000,-9.2402,3.4652,86.2177,75.6790,10.5387
"SoftPCA-F (alpha=1.00e-01, K=20/20)",1,period_0856,13.200000,-9.2923,4.6442,86.2915,75.6790,10.6125
"SoftPCA-F (alpha=1.00e-01, K=20/20)",1,period_0856,13.253333,-9.2771,5.5835,86.3607,75.6790,10.6817
"SoftPCA-F (alpha=1.00e-01, K=20/20)",1,period_0856,13.306667,-9.2517,4.7291,86.3628,75.6790,10.6838
"SoftPCA-F (alpha=1.00e-01, K=20/20)",1,period_0856,13.360000,-9.2494,5.2782,86.3138,75.6790,10.6347
"SoftPCA-F (alpha=1.00e-01, K=20/20)",1,period_0856,13.400000,-9.2558,3.3933,86.2051,75.6790,10.5261
"SoftPCA-F (alpha=1.00e-01, K=20/20)",1,period_0856,13.453333,-9.2226,4.6263,86.2570,75.6790,10.5779
"SoftPCA-F (alpha=1.00e-01, K=20/20)",1,period_0856,13.506667,-9.1990,4.0417,86.2414,75.6790,10.5624
"SoftPCA-F (alpha=1.00e-01, K=20/20)",1,period_0856,13.560000,-9.2056,4.9526,86.1384,75.6790,10.4594
"SoftPCA-F (alpha=1.00e-01, K=20/20)",1,period_0856,13.600000,-9.1801,3.0613,86.1145,75.6790,10.4355
"SoftPCA-F (alpha=1.00e-01, K=20/20)",1,period_0856,13.653333,-9.1388,4.2095,86.1200,75.6790,10.4410
"SoftPCA-F (alpha=1.00e-01, K=20/20)",1,period_0856,13.706667,-9.1628,4.7266,86.1418,75.6790,10.4628
"SoftPCA-F (alpha=1.00e-01, K=20/20)",1,period_0856,13.760000,-9.1269,4.4391,86.1611,75.6790,10.4821
"SoftPCA-F (alpha=1.00e-01, K=20/20)",1,period_0856,13.800000,-9.1338,4.4313,86.0767,75.6790,10.3977
"SoftPCA-F (alpha=1.00e-01, K=20/20)",1,period_0856,13.853333,-9.1690,5.0131,85.9744,75.6790,10.2954
"SoftPCA-F (alpha=1.00e-01, K=20/20)",1,period_0856,13.906667,-9.1521,4.2151,85.9759,75.6790,10.2969
"SoftPCA-F (alpha=1.00e-01, K=20/20)",1,period_0856,13.960000,-9.1544,5.2083,85.7710,75.6790,10.0920
"SoftPCA-F (alpha=1.00e-01, K=20/20)",1,period_0856,14.000000,-9.1677,5.5367,85.9052,75.6790,10.2262
"SoftPCA-F (alpha=1.00e-01, K=20/20)",1,period_0856,14.053333,-9.1341,5.2625,85.8614,75.6790,10.1823
"SoftPCA-F (alpha=1.00e-01, K=20/20)",1,period_0856,14.106667,-9.1112,4.9765,85.9750,75.6790,10.2960
"SoftPCA-F (alpha=1.00e-01, K=20/20)",1,period_0856,14.160000,-9.1080,4.4576,86.0629,75.6790,10.3838
"SoftPCA-F (alpha=1.00e-01, K=20/20)",1,period_0856,14.200000,-9.0884,4.4717,86.0663,75.6790,10.3873
"SoftPCA-F (alpha=1.00e-01, K=20/20)",1,period_0856,14.253333,-9.0760,4.9617,86.0974,75.6790,10.4184
"SoftPCA-F (alpha=1.00e-01, K=20/20)",1,period_0856,14.306667,-9.0484,4.6155,86.0851,75.6790,10.4061
"SoftPCA-F (alpha=1.00e-01, K=20/20)",1,period_0856,14.360000,-9.0945,5.4871,86.1748,75.6790,10.4958
"SoftPCA-F (alpha=1.00e-01, K=20/20)",1,period_0856,14.400000,-9.0934,4.8795,86.2422,75.6790,10.5632
"SoftPCA-F (alpha=1.00e-01, K=20/20)",1,period_0856,14.453333,-9.0829,5.1326,86.2036,75.6790,10.5246
"SoftPCA-F (alpha=1.00e-01, K=20/20)",1,period_0856,14.506667,-9.0981,4.4512,85.9883,75.6790,10.3093
"SoftPCA-F (alpha=1.00e-01, K=20/20)",1,period_0856,14.560000,-9.0804,4.9067,86.1842,75.6790,10.5051
"SoftPCA-F (alpha=1.00e-01, K=20/20)",1,period_0856,14.600000,-9.0622,5.8831,86.3573,75.6790,10.6783
"SoftPCA-F (alpha=1.00e-01, K=20/20)",1,period_0856,14.653333,-9.0466,4.7727,86.2960,75.6790,10.6170
"SoftPCA-F (alpha=1.00e-01, K=20/20)",1,period_0856,14.706667,-9.0251,6.4993,86.3069,75.6790,10.6279
"SoftPCA-F (alpha=1.00e-01, K=20/20)",1,period_0856,14.760000,-9.0276,4.6933,86.5067,75.6790,10.8277
"SoftPCA-F (alpha=1.00e-01, K=20/20)",1,period_0856,14.800000,-9.0295,4.4892,86.5731,75.6790,10.8941
"SoftPCA-F (alpha=1.00e-01, K=20/20)",1,period_0856,14.853333,-9.0017,7.0451,86.4768,75.6790,10.7978
"SoftPCA-F (alpha=1.00e-01, K=20/20)",1,period_0856,14.906667,-9.0297,2.9980,86.5056,75.6790,10.8266
"SoftPCA-F (alpha=1.00e-01, K=20/20)",1,period_0856,14.960000,-9.0131,5.0464,86.5790,75.6790,10.9000
"SoftPCA-F (alpha=1.00e-01, K=20/20)",1,period_0856,15.000000,-9.0204,4.8541,86.4612,75.6790,10.7821
"SoftPCA-F (alpha=1.00e-01, K=20/20)",1,period_0856,15.053333,-9.0383,4.1036,86.2545,75.6790,10.5755
"SoftPCA-F (alpha=1.00e-01, K=20/20)",1,period_0856,15.106667,-9.0046,4.9851,86.2793,75.6790,10.6003
"SoftPCA-F (alpha=1.00e-01, K=20/20)",1,period_0856,15.160000,-9.0306,3.9031,86.2997,75.6790,10.6206
"SoftPCA-F (alpha=1.00e-01, K=20/20)",1,period_0856,15.200000,-9.0240,7.0188,86.2921,75.6790,10.6131
"SoftPCA-F (alpha=1.00e-01, K=20/20)",1,period_0856,15.253333,-9.0346,3.9138,86.3335,75.6790,10.6545
"SoftPCA-F (alpha=1.00e-01, K=20/20)",1,period_0856,15.306667,-9.0103,5.5306,86.5079,75.6790,10.8289
"SoftPCA-F (alpha=1.00e-01, K=20/20)",1,period_0856,15.360000,-9.0357,4.3688,86.5781,75.6790,10.8991
"SoftPCA-F (alpha=1.00e-01, K=20/20)",1,period_0856,15.400000,-9.0143,4.3046,86.6351,75.6790,10.9561
"SoftPCA-F (alpha=1.00e-01, K=20/20)",1,period_0856,15.453333,-9.0319,4.0335,86.5950,75.6790,10.9160
"SoftPCA-F (alpha=1.00e-01, K=20/20)",1,period_0856,15.506667,-9.0322,4.4942,86.6946,75.6790,11.0155
"SoftPCA-F (alpha=1.00e-01, K=20/20)",1,period_0856,15.560000,-9.0521,5.1292,86.6245,75.6790,10.9455
"SoftPCA-F (alpha=1.00e-01, K=20/20)",1,period_0856,15.600000,-9.0644,5.1600,86.6864,75.6790,11.0074
"SoftPCA-F (alpha=1.00e-01, K=20/20)",1,period_0856,15.653333,-9.0618,5.7211,86.7412,75.6790,11.0622
"SoftPCA-F (alpha=1.00e-01, K=20/20)",1,period_0856,15.706667,-9.0563,5.3109,86.6557,75.6790,10.9767
"SoftPCA-F (alpha=1.00e-01, K=20/20)",1,period_0856,15.760000,-9.0195,5.0720,86.5224,75.6790,10.8434
"SoftPCA-F (alpha=1.00e-01, K=20/20)",1,period_0856,15.800000,-9.0661,4.1333,86.4820,75.6790,10.8030
"SoftPCA-F (alpha=1.00e-01, K=20/20)",1,period_0856,15.853333,-9.0376,5.1272,86.1816,75.6790,10.5026
"SoftPCA-F (alpha=1.00e-01, K=20/20)",1,period_0856,15.906667,-9.0715,5.9397,86.2905,75.6790,10.6115
"SoftPCA-F (alpha=1.00e-01, K=20/20)",1,period_0856,15.960000,-9.0280,5.2393,86.3115,75.6790,10.6325
"SoftPCA-F (alpha=1.00e-01, K=20/20)",1,period_0856,16.000000,-9.0540,4.2679,86.1690,75.6790,10.4900
"SoftPCA-F (alpha=1.00e-01, K=20/20)",1,period_0856,16.053333,-9.0100,5.8745,86.1066,75.6790,10.4275
"SoftPCA-F (alpha=1.00e-01, K=20/20)",1,period_0856,16.106667,-9.0110,4.1148,86.1590,75.6790,10.4800
"SoftPCA-F (alpha=1.00e-01, K=20/20)",1,period_0856,16.160000,-9.0320,5.2571,86.1522,75.6790,10.4731
"SoftPCA-F (alpha=1.00e-01, K=20/20)",1,period_0856,16.200000,-9.0030,5.3717,86.0427,75.6790,10.3637
"SoftPCA-F (alpha=1.00e-01, K=20/20)",1,period_0856,16.253333,-8.9673,5.3202,85.8893,75.6790,10.2103
"SoftPCA-F (alpha=1.00e-01, K=20/20)",1,period_0856,16.306667,-8.9906,5.0393,85.9015,75.6790,10.2225
"SoftPCA-F (alpha=1.00e-01, K=20/20)",1,period_0856,16.360000,-8.9931,4.6412,86.0143,75.6790,10.3352
"SoftPCA-F (alpha=1.00e-01, K=20/20)",1,period_0856,16.400000,-8.9829,4.9953,85.8906,75.6790,10.2116
"SoftPCA-F (alpha=1.00e-01, K=20/20)",1,period_0856,16.453333,-9.0016,4.6002,85.9794,75.6790,10.3004
"SoftPCA-F (alpha=1.00e-01, K=20/20)",1,period_0856,16.506667,-9.0135,3.7693,86.2112,75.6790,10.5321
"SoftPCA-F (alpha=1.00e-01, K=20/20)",1,period_0856,16.560000,-9.0396,5.6059,86.1948,75.6790,10.5158
"SoftPCA-F (alpha=1.00e-01, K=20/20)",1,period_0856,16.600000,-9.0178,5.1277,86.2812,75.6790,10.6022
"SoftPCA-F (alpha=1.00e-01, K=20/20)",1,period_0856,16.653333,-8.9819,4.9137,86.4032,75.6790,10.7242
"SoftPCA-F (alpha=1.00e-01, K=20/20)",1,period_0856,16.706667,-8.9715,4.0289,86.4493,75.6790,10.7703
"SoftPCA-F (alpha=1.00e-01, K=20/20)",1,period_0856,16.760000,-8.9940,4.7760,86.4354,75.6790,10.7564
"SoftPCA-F (alpha=1.00e-01, K=20/20)",1,period_0856,16.800000,-9.0064,3.6470,86.3431,75.6790,10.6641
"SoftPCA-F (alpha=1.00e-01, K=20/20)",1,period_0856,16.853333,-8.9970,5.2576,86.3060,75.6790,10.6270
"SoftPCA-F (alpha=1.00e-01, K=20/20)",1,period_0856,16.906667,-9.0126,5.8226,86.3608,75.6790,10.6818
"SoftPCA-F (alpha=1.00e-01, K=20/20)",1,period_0856,16.960000,-9.0246,4.4733,86.3948,75.6790,10.7158
"SoftPCA-F (alpha=1.00e-01, K=20/20)",1,period_0856,17.000000,-9.0668,5.5753,86.4213,75.6790,10.7422
"SoftPCA-F (alpha=1.00e-01, K=20/20)",1,period_0856,17.053333,-9.0568,5.1857,86.3949,75.6790,10.7159
"SoftPCA-F (alpha=1.00e-01, K=20/20)",1,period_0856,17.106667,-9.0314,5.1321,86.3610,75.6790,10.6820
"SoftPCA-F (alpha=1.00e-01, K=20/20)",1,period_0856,17.160000,-9.0275,3.9026,86.3239,75.6790,10.6449
"SoftPCA-F (alpha=1.00e-01, K=20/20)",1,period_0856,17.200000,-9.0481,4.8069,86.4127,75.6790,10.7337
"SoftPCA-F (alpha=1.00e-01, K=20/20)",1,period_0856,17.253333,-9.0537,5.2178,86.3724,75.6790,10.6933
"SoftPCA-F (alpha=1.00e-01, K=20/20)",1,period_0856,17.306667,-9.0614,5.8783,86.4670,75.6790,10.7879
"SoftPCA-F (alpha=1.00e-01, K=20/20)",1,period_0856,17.360000,-9.0446,4.7837,86.5106,75.6790,10.8316
"SoftPCA-F (alpha=1.00e-01, K=20/20)",1,period_0856,17.400000,-9.0670,4.7593,86.4273,75.6790,10.7482
"SoftPCA-F (alpha=1.00e-01, K=20/20)",1,period_0856,17.453333,-9.0872,4.9288,86.3741,75.6790,10.6951
"SoftPCA-F (alpha=1.00e-01, K=20/20)",1,period_0856,17.506667,-9.0838,4.3106,86.3961,75.6790,10.7170
"SoftPCA-F (alpha=1.00e-01, K=20/20)",1,period_0856,17.560000,-9.0651,4.8779,86.0618,75.6790,10.3827
"SoftPCA-F (alpha=1.00e-01, K=20/20)",1,period_0856,17.600000,-9.0558,5.0271,86.0447,75.6790,10.3657
"SoftPCA-F (alpha=1.00e-01, K=20/20)",1,period_0856,17.653333,-9.0722,4.9778,86.1256,75.6790,10.4466
"SoftPCA-F (alpha=1.00e-01, K=20/20)",1,period_0856,17.706667,-9.0635,5.7476,86.1088,75.6790,10.4298
"SoftPCA-F (alpha=1.00e-01, K=20/20)",1,period_0856,17.760000,-9.0798,5.1185,86.2248,75.6790,10.5458
"SoftPCA-F (alpha=1.00e-01, K=20/20)",1,period_0856,17.800000,-9.0648,4.1591,86.2858,75.6790,10.6067
"SoftPCA-F (alpha=1.00e-01, K=20/20)",1,period_0856,17.853333,-9.0922,4.0651,86.4010,75.6790,10.7220
"SoftPCA-F (alpha=1.00e-01, K=20/20)",1,period_0856,17.906667,-9.0385,4.3586,86.4483,75.6790,10.7693
"SoftPCA-F (alpha=1.00e-01, K=20/20)",1,period_0856,17.960000,-9.0401,5.5742,86.3784,75.6790,10.6994
"SoftPCA-F (alpha=1.00e-01, K=20/20)",1,period_0856,18.000000,-9.0378,3.9224,86.3094,75.6790,10.6304
"SoftPCA-F (alpha=1.00e-01, K=20/20)",1,period_0856,18.053333,-9.0226,4.9354,86.3569,75.6790,10.6779
"SoftPCA-F (alpha=1.00e-01, K=20/20)",1,period_0856,18.106667,-9.0132,4.7571,86.4718,75.6790,10.7928
"SoftPCA-F (alpha=1.00e-01, K=20/20)",1,period_0856,18.160000,-9.0267,4.0014,86.4172,75.6790,10.7381
"SoftPCA-F (alpha=1.00e-01, K=20/20)",1,period_0856,18.200000,-9.0365,4.4670,86.3813,75.6790,10.7023
"SoftPCA-F (alpha=1.00e-01, K=20/20)",1,period_0856,18.253333,-9.0433,5.1159,86.2446,75.6790,10.5656
"SoftPCA-F (alpha=1.00e-01, K=20/20)",1,period_0856,18.306667,-8.9103,5.2104,86.1937,75.6790,10.5147
"SoftPCA-F (alpha=1.00e-01, K=20/20)",1,period_0856,18.360000,-8.9841,4.1060,86.2599,75.6790,10.5809
"SoftPCA-F (alpha=1.00e-01, K=20/20)",1,period_0856,18.400000,-8.9946,4.4786,86.3149,75.6790,10.6359
"SoftPCA-F (alpha=1.00e-01, K=20/20)",1,period_0856,18.453333,-9.0092,5.3096,86.4235,75.6790,10.7445
"SoftPCA-F (alpha=1.00e-01, K=20/20)",1,period_0856,18.506667,-8.9803,4.6363,86.4677,75.6790,10.7887
"SoftPCA-F (alpha=1.00e-01, K=20/20)",1,period_0856,18.560000,-8.9757,5.6952,86.4697,75.6790,10.7907
"SoftPCA-F (alpha=1.00e-01, K=20/20)",1,period_0856,18.600000,-8.9171,6.1639,86.3539,75.6790,10.6748
"SoftPCA-F (alpha=1.00e-01, K=20/20)",1,period_0856,18.653333,-8.9372,3.1799,86.4552,75.6790,10.7761
"SoftPCA-F (alpha=1.00e-01, K=20/20)",1,period_0856,18.706667,-8.9597,4.9205,86.4965,75.6790,10.8175
"SoftPCA-F (alpha=1.00e-01, K=20/20)",1,period_0856,18.760000,-8.9949,3.7708,86.3814,75.6790,10.7023
"SoftPCA-F (alpha=1.00e-01, K=20/20)",1,period_0856,18.800000,-8.9979,5.5515,86.4178,75.6790,10.7387
"SoftPCA-F (alpha=1.00e-01, K=20/20)",1,period_0856,18.853333,-8.9390,5.2637,86.4270,75.6790,10.7480
"SoftPCA-F (alpha=1.00e-01, K=20/20)",1,period_0856,18.906667,-8.9657,4.3322,86.2495,75.6790,10.5705
"SoftPCA-F (alpha=1.00e-01, K=20/20)",1,period_0856,18.960000,-8.9183,4.5687,86.2236,75.6790,10.5445
"SoftPCA-F (alpha=1.00e-01, K=20/20)",1,period_0856,19.000000,-8.9336,5.7152,86.1264,75.6790,10.4474
"SoftPCA-F (alpha=1.00e-01, K=20/20)",1,period_0856,19.053333,-8.9485,4.5248,86.2449,75.6790,10.5659
"SoftPCA-F (alpha=1.00e-01, K=20/20)",1,period_0856,19.106667,-8.9565,5.4112,86.2564,75.6790,10.5774
"SoftPCA-F (alpha=1.00e-01, K=20/20)",1,period_0856,19.160000,-9.0056,4.5500,86.2941,75.6790,10.6151
"SoftPCA-F (alpha=1.00e-01, K=20/20)",1,period_0856,19.200000,-9.0069,5.9965,86.4186,75.6790,10.7396
"SoftPCA-F (alpha=1.00e-01, K=20/20)",1,period_0856,19.253333,-8.9859,4.3605,86.4293,75.6790,10.7503
"SoftPCA-F (alpha=1.00e-01, K=20/20)",1,period_0856,19.306667,-8.9738,3.9457,86.3529,75.6790,10.6738
"SoftPCA-F (alpha=1.00e-01, K=20/20)",1,period_0856,19.360000,-8.9792,5.9998,86.3963,75.6790,10.7173
"SoftPCA-F (alpha=1.00e-01, K=20/20)",1,period_0856,19.400000,-8.9707,4.3019,86.2889,75.6790,10.6098
"SoftPCA-F (alpha=1.00e-01, K=20/20)",1,period_0856,19.453333,-8.9724,4.6533,86.1613,75.6790,10.4823
"SoftPCA-F (alpha=1.00e-01, K=20/20)",1,period_0856,19.506667,-8.9301,3.9270,86.1427,75.6790,10.4637
"SoftPCA-F (alpha=1.00e-01, K=20/20)",1,period_0856,19.560000,-8.9565,3.3632,86.2081,75.6790,10.5291
"SoftPCA-F (alpha=1.00e-01, K=20/20)",1,period_0856,19.600000,-8.9385,5.6602,86.0718,75.6790,10.3927
"SoftPCA-F (alpha=1.00e-01, K=20/20)",1,period_0856,19.653333,-8.9219,3.8077,86.2264,75.6790,10.5473
"SoftPCA-F (alpha=1.00e-01, K=20/20)",1,period_0856,19.706667,-8.9444,4.8804,86.1396,75.6790,10.4606
"SoftPCA-F (alpha=1.00e-01, K=20/20)",1,period_0856,19.760000,-8.9637,4.6014,86.2822,75.6790,10.6032
"SoftPCA-F (alpha=1.00e-01, K=20/20)",1,period_0856,19.800000,-8.9536,6.1717,86.4032,75.6790,10.7242
"SoftPCA-F (alpha=1.00e-01, K=20/20)",1,period_0856,19.853333,-8.9565,4.3653,86.4495,75.6790,10.7705
"SoftPCA-F (alpha=1.00e-01, K=20/20)",1,period_0856,19.906667,-8.9451,5.7385,86.4419,75.6790,10.7629
"SoftPCA-F (alpha=1.00e-01, K=20/20)",1,period_0856,19.960000,-8.9505,4.4516,86.4635,75.6790,10.7845
"SoftPCA-F (alpha=1.00e-01, K=20/20)",1,period_0856,20.000000,-8.9481,6.3890,86.3671,75.6790,10.6881
"SoftPCA-F (alpha=1.00e-01, K=20/20)",2,period_0916,20.013333,-3.7821,-6.3474,77.9149,76.8005,1.1144
"SoftPCA-F (alpha=1.00e-01, K=20/20)",2,period_0916,20.053333,-4.4119,-1.9473,78.9595,76.8005,2.1590
"SoftPCA-F (alpha=1.00e-01, K=20/20)",2,period_0916,20.106667,-5.0225,-0.0830,79.4042,76.8005,2.6037
"SoftPCA-F (alpha=1.00e-01, K=20/20)",2,period_0916,20.160000,-5.6874,0.6607,79.8178,76.8005,3.0173
"SoftPCA-F (alpha=1.00e-01, K=20/20)",2,period_0916,20.200000,-6.1191,0.7028,81.1542,76.8005,4.3537
"SoftPCA-F (alpha=1.00e-01, K=20/20)",2,period_0916,20.253333,-6.6825,1.5373,82.5661,76.8005,5.7656
"SoftPCA-F (alpha=1.00e-01, K=20/20)",2,period_0916,20.306667,-7.1224,1.4084,83.1826,76.8005,6.3821
"SoftPCA-F (alpha=1.00e-01, K=20/20)",2,period_0916,20.360000,-7.5409,2.2435,84.4240,76.8005,7.6235
"SoftPCA-F (alpha=1.00e-01, K=20/20)",2,period_0916,20.400000,-7.8912,2.0297,84.3648,76.8005,7.5643
"SoftPCA-F (alpha=1.00e-01, K=20/20)",2,period_0916,20.453333,-8.2492,1.7010,84.7515,76.8005,7.9510
"SoftPCA-F (alpha=1.00e-01, K=20/20)",2,period_0916,20.506667,-8.6267,1.9024,84.8864,76.8005,8.0859
"SoftPCA-F (alpha=1.00e-01, K=20/20)",2,period_0916,20.560000,-8.9985,2.4857,85.7206,76.8005,8.9201
"SoftPCA-F (alpha=1.00e-01, K=20/20)",2,period_0916,20.600000,-9.2571,2.3465,86.0529,76.8005,9.2524
"SoftPCA-F (alpha=1.00e-01, K=20/20)",2,period_0916,20.653333,-9.5111,2.0050,86.6088,76.8005,9.8083
"SoftPCA-F (alpha=1.00e-01, K=20/20)",2,period_0916,20.706667,-9.7444,2.2728,86.8114,76.8005,10.0109
"SoftPCA-F (alpha=1.00e-01, K=20/20)",2,period_0916,20.760000,-10.0215,3.2406,87.0693,76.8005,10.2688
"SoftPCA-F (alpha=1.00e-01, K=20/20)",2,period_0916,20.800000,-10.1881,2.0506,87.1940,76.8005,10.3935
"SoftPCA-F (alpha=1.00e-01, K=20/20)",2,period_0916,20.853333,-10.3645,2.0595,87.1672,76.8005,10.3667
"SoftPCA-F (alpha=1.00e-01, K=20/20)",2,period_0916,20.906667,-10.6389,2.1395,87.3971,76.8005,10.5967
"SoftPCA-F (alpha=1.00e-01, K=20/20)",2,period_0916,20.960000,-10.7889,2.2138,87.6571,76.8005,10.8566
"SoftPCA-F (alpha=1.00e-01, K=20/20)",2,period_0916,21.000000,-10.9952,3.2605,87.9261,76.8005,11.1256
"SoftPCA-F (alpha=1.00e-01, K=20/20)",2,period_0916,21.053333,-11.1681,1.9814,88.2361,76.8005,11.4356
"SoftPCA-F (alpha=1.00e-01, K=20/20)",2,period_0916,21.106667,-11.3718,2.5855,88.5424,76.8005,11.7419
"SoftPCA-F (alpha=1.00e-01, K=20/20)",2,period_0916,21.160000,-11.5361,3.6360,88.6702,76.8005,11.8697
"SoftPCA-F (alpha=1.00e-01, K=20/20)",2,period_0916,21.200000,-11.6407,3.0005,88.7308,76.8005,11.9303
"SoftPCA-F (alpha=1.00e-01, K=20/20)",2,period_0916,21.253333,-11.7507,3.4374,88.2037,76.8005,11.4032
"SoftPCA-F (alpha=1.00e-01, K=20/20)",2,period_0916,21.306667,-11.7788,3.0479,87.9378,76.8005,11.1373
"SoftPCA-F (alpha=1.00e-01, K=20/20)",2,period_0916,21.360000,-11.9350,2.1065,88.3999,76.8005,11.5994
"SoftPCA-F (alpha=1.00e-01, K=20/20)",2,period_0916,21.400000,-12.1988,2.9482,88.3590,76.8005,11.5585
"SoftPCA-F (alpha=1.00e-01, K=20/20)",2,period_0916,21.453333,-12.2937,1.8617,88.1586,76.8005,11.3581
"SoftPCA-F (alpha=1.00e-01, K=20/20)",2,period_0916,21.506667,-12.4125,1.9114,88.2591,76.8005,11.4586
"SoftPCA-F (alpha=1.00e-01, K=20/20)",2,period_0916,21.560000,-12.4757,2.3809,87.2803,76.8005,10.4798
"SoftPCA-F (alpha=1.00e-01, K=20/20)",2,period_0916,21.600000,-12.5414,2.4883,87.2376,76.8005,10.4371
"SoftPCA-F (alpha=1.00e-01, K=20/20)",2,period_0916,21.653333,-12.6295,3.0956,87.1263,76.8005,10.3258
"SoftPCA-F (alpha=1.00e-01, K=20/20)",2,period_0916,21.706667,-12.7830,2.3842,86.8385,76.8005,10.0380
"SoftPCA-F (alpha=1.00e-01, K=20/20)",2,period_0916,21.760000,-12.9610,2.2722,87.9863,76.8005,11.1858
"SoftPCA-F (alpha=1.00e-01, K=20/20)",2,period_0916,21.800000,-13.0561,1.8191,88.0257,76.8005,11.2252
"SoftPCA-F (alpha=1.00e-01, K=20/20)",2,period_0916,21.853333,-13.1149,2.2722,88.1625,76.8005,11.3620
"SoftPCA-F (alpha=1.00e-01, K=20/20)",2,period_0916,21.906667,-13.0286,1.5516,87.6670,76.8005,10.8665
"SoftPCA-F (alpha=1.00e-01, K=20/20)",2,period_0916,21.960000,-13.1704,2.2523,87.3416,76.8005,10.5411
"SoftPCA-F (alpha=1.00e-01, K=20/20)",2,period_0916,22.000000,-13.2428,2.1397,89.5384,76.8005,12.7379
"SoftPCA-F (alpha=1.00e-01, K=20/20)",2,period_0916,22.053333,-13.2669,1.8347,90.0246,76.8005,13.2241
"SoftPCA-F (alpha=1.00e-01, K=20/20)",2,period_0916,22.106667,-13.4028,2.8355,88.2782,76.8005,11.4777
"SoftPCA-F (alpha=1.00e-01, K=20/20)",2,period_0916,22.160000,-13.5018,2.3054,88.0717,76.8005,11.2712
"SoftPCA-F (alpha=1.00e-01, K=20/20)",2,period_0916,22.200000,-13.5614,2.9562,88.6810,76.8005,11.8805
"SoftPCA-F (alpha=1.00e-01, K=20/20)",2,period_0916,22.253333,-13.5954,2.6148,88.9143,76.8005,12.1138
"SoftPCA-F (alpha=1.00e-01, K=20/20)",2,period_0916,22.306667,-13.6458,2.2895,88.4090,76.8005,11.6085
"SoftPCA-F (alpha=1.00e-01, K=20/20)",2,period_0916,22.360000,-13.7383,1.9116,87.7810,76.8005,10.9805
"SoftPCA-F (alpha=1.00e-01, K=20/20)",2,period_0916,22.400000,-13.7830,3.0827,88.4324,76.8005,11.6319
"SoftPCA-F (alpha=1.00e-01, K=20/20)",2,period_0916,22.453333,-13.7807,2.7349,88.3088,76.8005,11.5083
"SoftPCA-F (alpha=1.00e-01, K=20/20)",2,period_0916,22.506667,-13.7001,2.6985,87.8969,76.8005,11.0964
"SoftPCA-F (alpha=1.00e-01, K=20/20)",2,period_0916,22.560000,-13.6072,2.3253,86.9768,76.8005,10.1763
"SoftPCA-F (alpha=1.00e-01, K=20/20)",2,period_0916,22.600000,-13.6980,2.3104,87.1904,76.8005,10.3899
"SoftPCA-F (alpha=1.00e-01, K=20/20)",2,period_0916,22.653333,-13.7601,2.6254,87.5607,76.8005,10.7602
"SoftPCA-F (alpha=1.00e-01, K=20/20)",2,period_0916,22.706667,-13.6964,2.2123,87.1536,76.8005,10.3531
"SoftPCA-F (alpha=1.00e-01, K=20/20)",2,period_0916,22.760000,-13.7691,2.7563,87.1662,76.8005,10.3657
"SoftPCA-F (alpha=1.00e-01, K=20/20)",2,period_0916,22.800000,-13.6894,2.9237,87.0243,76.8005,10.2238
"SoftPCA-F (alpha=1.00e-01, K=20/20)",2,period_0916,22.853333,-13.7679,3.0230,87.4960,76.8005,10.6955
"SoftPCA-F (alpha=1.00e-01, K=20/20)",2,period_0916,22.906667,-13.6973,2.8133,87.0581,76.8005,10.2576
"SoftPCA-F (alpha=1.00e-01, K=20/20)",2,period_0916,22.960000,-13.8306,2.7126,87.6503,76.8005,10.8498
"SoftPCA-F (alpha=1.00e-01, K=20/20)",2,period_0916,23.000000,-13.8351,3.4227,86.7833,76.8005,9.9828
"SoftPCA-F (alpha=1.00e-01, K=20/20)",2,period_0916,23.053333,-13.7835,2.7635,86.3360,76.8005,9.5355
"SoftPCA-F (alpha=1.00e-01, K=20/20)",2,period_0916,23.106667,-13.8566,2.1651,86.7020,76.8005,9.9015
"SoftPCA-F (alpha=1.00e-01, K=20/20)",2,period_0916,23.160000,-13.8351,3.8554,86.7012,76.8005,9.9007
"SoftPCA-F (alpha=1.00e-01, K=20/20)",2,period_0916,23.200000,-13.8735,1.9814,86.8637,76.8005,10.0632
"SoftPCA-F (alpha=1.00e-01, K=20/20)",2,period_0916,23.253333,-13.9654,2.5276,87.3250,76.8005,10.5245
"SoftPCA-F (alpha=1.00e-01, K=20/20)",2,period_0916,23.306667,-13.8947,3.1892,86.9415,76.8005,10.1410
"SoftPCA-F (alpha=1.00e-01, K=20/20)",2,period_0916,23.360000,-13.8540,3.2756,86.7403,76.8005,9.9398
"SoftPCA-F (alpha=1.00e-01, K=20/20)",2,period_0916,23.400000,-13.3555,3.1670,86.6066,76.8005,9.8061
"SoftPCA-F (alpha=1.00e-01, K=20/20)",2,period_0916,23.453333,-13.3564,2.5263,86.8161,76.8005,10.0156
"SoftPCA-F (alpha=1.00e-01, K=20/20)",2,period_0916,23.506667,-13.6490,2.3093,87.0331,76.8005,10.2326
"SoftPCA-F (alpha=1.00e-01, K=20/20)",2,period_0916,23.560000,-13.6669,2.5701,86.5411,76.8005,9.7406
"SoftPCA-F (alpha=1.00e-01, K=20/20)",2,period_0916,23.600000,-13.7793,3.4554,86.7151,76.8005,9.9146
"SoftPCA-F (alpha=1.00e-01, K=20/20)",2,period_0916,23.653333,-13.8862,3.2271,86.7163,76.8005,9.9159
"SoftPCA-F (alpha=1.00e-01, K=20/20)",2,period_0916,23.706667,-13.7401,3.5361,87.0755,76.8005,10.2750
"SoftPCA-F (alpha=1.00e-01, K=20/20)",2,period_0916,23.760000,-13.7173,2.4622,88.0015,76.8005,11.2010
"SoftPCA-F (alpha=1.00e-01, K=20/20)",2,period_0916,23.800000,-13.8735,1.8350,88.4383,76.8005,11.6378
"SoftPCA-F (alpha=1.00e-01, K=20/20)",2,period_0916,23.853333,-13.9221,3.8199,88.2372,76.8005,11.4367
"SoftPCA-F (alpha=1.00e-01, K=20/20)",2,period_0916,23.906667,-14.0916,2.2382,88.5780,76.8005,11.7775
"SoftPCA-F (alpha=1.00e-01, K=20/20)",2,period_0916,23.960000,-14.0873,1.9360,89.2641,76.8005,12.4636
"SoftPCA-F (alpha=1.00e-01, K=20/20)",2,period_0916,24.000000,-14.0791,1.5088,89.2382,76.8005,12.4377
"SoftPCA-F (alpha=1.00e-01, K=20/20)",2,period_0916,24.053333,-14.0639,3.0188,89.3676,76.8005,12.5671
"SoftPCA-F (alpha=1.00e-01, K=20/20)",2,period_0916,24.106667,-14.0341,2.6609,89.2620,76.8005,12.4615
"SoftPCA-F (alpha=1.00e-01, K=20/20)",2,period_0916,24.160000,-14.1200,2.9867,88.2998,76.8005,11.4993
"SoftPCA-F (alpha=1.00e-01, K=20/20)",2,period_0916,24.200000,-14.1063,2.5594,87.8440,76.8005,11.0435
"SoftPCA-F (alpha=1.00e-01, K=20/20)",2,period_0916,24.253333,-13.9964,2.2227,87.0855,76.8005,10.2850
"SoftPCA-F (alpha=1.00e-01, K=20/20)",2,period_0916,24.306667,-14.0402,2.1744,87.6788,76.8005,10.8783
"SoftPCA-F (alpha=1.00e-01, K=20/20)",2,period_0916,24.360000,-14.0335,3.0813,87.3707,76.8005,10.5702
"SoftPCA-F (alpha=1.00e-01, K=20/20)",2,period_0916,24.400000,-14.0475,2.6134,87.1051,76.8005,10.3046
"SoftPCA-F (alpha=1.00e-01, K=20/20)",2,period_0916,24.453333,-14.1812,2.3142,87.4834,76.8005,10.6829
"SoftPCA-F (alpha=1.00e-01, K=20/20)",2,period_0916,24.506667,-14.1320,2.6822,87.2905,76.8005,10.4900
"SoftPCA-F (alpha=1.00e-01, K=20/20)",2,period_0916,24.560000,-14.1111,1.6138,87.9669,76.8005,11.1664
"SoftPCA-F (alpha=1.00e-01, K=20/20)",2,period_0916,24.600000,-13.9778,1.4705,89.3503,76.8005,12.5498
"SoftPCA-F (alpha=1.00e-01, K=20/20)",2,period_0916,24.653333,-14.0455,2.4512,89.3474,76.8005,12.5469
"SoftPCA-F (alpha=1.00e-01, K=20/20)",2,period_0916,24.706667,-14.0723,2.5957,88.4631,76.8005,11.6626
"SoftPCA-F (alpha=1.00e-01, K=20/20)",2,period_0916,24.760000,-14.1250,3.5626,88.3448,76.8005,11.5443
"SoftPCA-F (alpha=1.00e-01, K=20/20)",2,period_0916,24.800000,-14.0601,2.3449,88.2827,76.8005,11.4822
"SoftPCA-F (alpha=1.00e-01, K=20/20)",2,period_0916,24.853333,-14.1184,3.1990,87.8394,76.8005,11.0389
"SoftPCA-F (alpha=1.00e-01, K=20/20)",2,period_0916,24.906667,-14.1062,1.8045,87.3638,76.8005,10.5633
"SoftPCA-F (alpha=1.00e-01, K=20/20)",2,period_0916,24.960000,-14.1226,1.9319,87.4725,76.8005,10.6720
"SoftPCA-F (alpha=1.00e-01, K=20/20)",2,period_0916,25.000000,-14.1933,3.1294,87.3358,76.8005,10.5353
"SoftPCA-F (alpha=1.00e-01, K=20/20)",2,period_0916,25.053333,-14.1610,2.0868,87.3981,76.8005,10.5977
"SoftPCA-F (alpha=1.00e-01, K=20/20)",2,period_0916,25.106667,-14.1629,2.7793,87.5930,76.8005,10.7925
"SoftPCA-F (alpha=1.00e-01, K=20/20)",2,period_0916,25.160000,-14.1632,2.6588,87.4719,76.8005,10.6714
"SoftPCA-F (alpha=1.00e-01, K=20/20)",2,period_0916,25.200000,-14.0893,2.2872,87.9894,76.8005,11.1889
"SoftPCA-F (alpha=1.00e-01, K=20/20)",2,period_0916,25.253333,-14.1463,2.5446,87.3326,76.8005,10.5321
"SoftPCA-F (alpha=1.00e-01, K=20/20)",2,period_0916,25.306667,-14.0440,2.8614,86.6644,76.8005,9.8639
"SoftPCA-F (alpha=1.00e-01, K=20/20)",2,period_0916,25.360000,-14.0867,2.2221,87.3799,76.8005,10.5794
"SoftPCA-F (alpha=1.00e-01, K=20/20)",2,period_0916,25.400000,-14.1066,2.9083,87.2503,76.8005,10.4498
"SoftPCA-F (alpha=1.00e-01, K=20/20)",2,period_0916,25.453333,-14.0266,2.6360,87.3638,76.8005,10.5633
"SoftPCA-F (alpha=1.00e-01, K=20/20)",2,period_0916,25.506667,-14.1100,1.5282,87.1464,76.8005,10.3459
"SoftPCA-F (alpha=1.00e-01, K=20/20)",2,period_0916,25.560000,-14.1392,2.8455,87.0836,76.8005,10.2831
"SoftPCA-F (alpha=1.00e-01, K=20/20)",2,period_0916,25.600000,-14.1514,1.8129,87.9594,76.8005,11.1589
"SoftPCA-F (alpha=1.00e-01, K=20/20)",2,period_0916,25.653333,-13.9821,2.6679,87.7719,76.8005,10.9714
"SoftPCA-F (alpha=1.00e-01, K=20/20)",2,period_0916,25.706667,-14.0162,2.5250,88.2374,76.8005,11.4369
"SoftPCA-F (alpha=1.00e-01, K=20/20)",2,period_0916,25.760000,-14.0662,1.9150,89.5458,76.8005,12.7454
"SoftPCA-F (alpha=1.00e-01, K=20/20)",2,period_0916,25.800000,-14.0949,2.8881,89.7219,76.8005,12.9214
"SoftPCA-F (alpha=1.00e-01, K=20/20)",2,period_0916,25.853333,-14.1554,2.0163,89.6362,76.8005,12.8357
"SoftPCA-F (alpha=1.00e-01, K=20/20)",2,period_0916,25.906667,-14.1806,3.1590,89.1393,76.8005,12.3389
"SoftPCA-F (alpha=1.00e-01, K=20/20)",2,period_0916,25.960000,-14.1288,2.0303,89.3753,76.8005,12.5748
"SoftPCA-F (alpha=1.00e-01, K=20/20)",2,period_0916,26.000000,-14.2013,2.3695,88.0378,76.8005,11.2373
"SoftPCA-F (alpha=1.00e-01, K=20/20)",2,period_0916,26.053333,-14.1615,2.8282,88.1631,76.8005,11.3626
"SoftPCA-F (alpha=1.00e-01, K=20/20)",2,period_0916,26.106667,-14.1958,2.0317,87.5419,76.8005,10.7414
"SoftPCA-F (alpha=1.00e-01, K=20/20)",2,period_0916,26.160000,-14.1814,2.3004,87.4911,76.8005,10.6906
"SoftPCA-F (alpha=1.00e-01, K=20/20)",2,period_0916,26.200000,-14.1645,2.5649,87.1159,76.8005,10.3154
"SoftPCA-F (alpha=1.00e-01, K=20/20)",2,period_0916,26.253333,-14.1590,3.1506,87.1049,76.8005,10.3044
"SoftPCA-F (alpha=1.00e-01, K=20/20)",2,period_0916,26.306667,-14.2315,2.7998,87.3070,76.8005,10.5065
"SoftPCA-F (alpha=1.00e-01, K=20/20)",2,period_0916,26.360000,-14.2477,2.4083,87.3416,76.8005,10.5411
"SoftPCA-F (alpha=1.00e-01, K=20/20)",2,period_0916,26.400000,-14.0571,3.3687,86.5496,76.8005,9.7491
"SoftPCA-F (alpha=1.00e-01, K=20/20)",2,period_0916,26.453333,-14.1229,2.5241,86.5306,76.8005,9.7301
"SoftPCA-F (alpha=1.00e-01, K=20/20)",2,period_0916,26.506667,-14.1059,2.2017,86.4756,76.8005,9.6752
"SoftPCA-F (alpha=1.00e-01, K=20/20)",2,period_0916,26.560000,-14.1971,2.2196,87.1699,76.8005,10.3694
"SoftPCA-F (alpha=1.00e-01, K=20/20)",2,period_0916,26.600000,-14.2227,3.1091,87.8111,76.8005,11.0106
"SoftPCA-F (alpha=1.00e-01, K=20/20)",2,period_0916,26.653333,-14.2630,2.8178,87.9706,76.8005,11.1701
"SoftPCA-F (alpha=1.00e-01, K=20/20)",2,period_0916,26.706667,-14.2274,2.6115,87.4595,76.8005,10.6590
"SoftPCA-F (alpha=1.00e-01, K=20/20)",2,period_0916,26.760000,-14.2820,2.2959,87.5952,76.8005,10.7947
"SoftPCA-F (alpha=1.00e-01, K=20/20)",2,period_0916,26.800000,-14.1839,2.9659,87.4443,76.8005,10.6438
"SoftPCA-F (alpha=1.00e-01, K=20/20)",2,period_0916,26.853333,-14.2326,2.2545,87.2833,76.8005,10.4828
"SoftPCA-F (alpha=1.00e-01, K=20/20)",2,period_0916,26.906667,-14.1644,2.3213,87.3282,76.8005,10.5277
"SoftPCA-F (alpha=1.00e-01, K=20/20)",2,period_0916,26.960000,-14.1667,2.0746,88.8066,76.8005,12.0061
"SoftPCA-F (alpha=1.00e-01, K=20/20)",2,period_0916,27.000000,-14.2132,4.0090,88.6750,76.8005,11.8745
"SoftPCA-F (alpha=1.00e-01, K=20/20)",2,period_0916,27.053333,-14.1148,2.2504,87.0212,76.8005,10.2207
"SoftPCA-F (alpha=1.00e-01, K=20/20)",2,period_0916,27.106667,-14.0826,3.2300,86.4114,76.8005,9.6109
"SoftPCA-F (alpha=1.00e-01, K=20/20)",2,period_0916,27.160000,-13.9264,3.4082,86.1366,76.8005,9.3361
"SoftPCA-F (alpha=1.00e-01, K=20/20)",2,period_0916,27.200000,-13.9814,1.6605,86.1515,76.8005,9.3510
"SoftPCA-F (alpha=1.00e-01, K=20/20)",2,period_0916,27.253333,-14.0629,2.6849,86.0636,76.8005,9.2631
"SoftPCA-F (alpha=1.00e-01, K=20/20)",2,period_0916,27.306667,-14.1325,1.9992,86.2813,76.8005,9.4808
"SoftPCA-F (alpha=1.00e-01, K=20/20)",2,period_0916,27.360000,-14.2125,2.9094,86.8262,76.8005,10.0257
"SoftPCA-F (alpha=1.00e-01, K=20/20)",2,period_0916,27.400000,-14.2319,2.9175,87.0904,76.8005,10.2899
"SoftPCA-F (alpha=1.00e-01, K=20/20)",2,period_0916,27.453333,-14.0994,2.2824,87.7454,76.8005,10.9449
"SoftPCA-F (alpha=1.00e-01, K=20/20)",2,period_0916,27.506667,-14.0627,2.4440,86.8432,76.8005,10.0427
"SoftPCA-F (alpha=1.00e-01, K=20/20)",2,period_0916,27.560000,-14.0944,3.1517,87.2236,76.8005,10.4231
"SoftPCA-F (alpha=1.00e-01, K=20/20)",2,period_0916,27.600000,-14.1360,2.4518,87.1853,76.8005,10.3848
"SoftPCA-F (alpha=1.00e-01, K=20/20)",2,period_0916,27.653333,-14.1206,3.1066,87.4591,76.8005,10.6586
"SoftPCA-F (alpha=1.00e-01, K=20/20)",2,period_0916,27.706667,-14.0935,2.5671,87.2108,76.8005,10.4103
"SoftPCA-F (alpha=1.00e-01, K=20/20)",2,period_0916,27.760000,-14.1318,2.3761,87.2409,76.8005,10.4404
"SoftPCA-F (alpha=1.00e-01, K=20/20)",2,period_0916,27.800000,-14.0369,2.3609,86.8912,76.8005,10.0907
"SoftPCA-F (alpha=1.00e-01, K=20/20)",2,period_0916,27.853333,-14.0688,2.3176,87.2807,76.8005,10.4802
"SoftPCA-F (alpha=1.00e-01, K=20/20)",2,period_0916,27.906667,-14.0178,2.2350,87.2180,76.8005,10.4175
"SoftPCA-F (alpha=1.00e-01, K=20/20)",2,period_0916,27.960000,-13.9710,3.0117,87.1449,76.8005,10.3444
"SoftPCA-F (alpha=1.00e-01, K=20/20)",2,period_0916,28.000000,-13.9216,2.8773,86.8835,76.8005,10.0830
"SoftPCA-F (alpha=1.00e-01, K=20/20)",2,period_0916,28.053333,-13.9811,3.0453,86.8690,76.8005,10.0685
"SoftPCA-F (alpha=1.00e-01, K=20/20)",2,period_0916,28.106667,-14.0404,2.4663,87.3274,76.8005,10.5269
"SoftPCA-F (alpha=1.00e-01, K=20/20)",2,period_0916,28.160000,-14.0275,2.6500,87.3199,76.8005,10.5194
"SoftPCA-F (alpha=1.00e-01, K=20/20)",2,period_0916,28.200000,-14.0233,2.7527,87.0374,76.8005,10.2369
"SoftPCA-F (alpha=1.00e-01, K=20/20)",2,period_0916,28.253333,-13.9687,3.1688,86.4772,76.8005,9.6767
"SoftPCA-F (alpha=1.00e-01, K=20/20)",2,period_0916,28.306667,-14.0214,2.0169,86.6984,76.8005,9.8979
"SoftPCA-F (alpha=1.00e-01, K=20/20)",2,period_0916,28.360000,-14.0853,2.3913,87.5395,76.8005,10.7390
"SoftPCA-F (alpha=1.00e-01, K=20/20)",2,period_0916,28.400000,-14.1133,2.7341,87.6381,76.8005,10.8376
"SoftPCA-F (alpha=1.00e-01, K=20/20)",2,period_0916,28.453333,-14.0664,3.3407,87.6485,76.8005,10.8480
"SoftPCA-F (alpha=1.00e-01, K=20/20)",2,period_0916,28.506667,-14.0037,3.1107,86.6935,76.8005,9.8930
"SoftPCA-F (alpha=1.00e-01, K=20/20)",2,period_0916,28.560000,-14.0220,2.3230,86.9984,76.8005,10.1979
"SoftPCA-F (alpha=1.00e-01, K=20/20)",2,period_0916,28.600000,-13.9751,2.5698,86.6341,76.8005,9.8336
"SoftPCA-F (alpha=1.00e-01, K=20/20)",2,period_0916,28.653333,-13.6433,3.3871,86.0642,76.8005,9.2637
"SoftPCA-F (alpha=1.00e-01, K=20/20)",2,period_0916,28.706667,-13.4117,1.8683,86.3441,76.8005,9.5436
"SoftPCA-F (alpha=1.00e-01, K=20/20)",2,period_0916,28.760000,-13.6863,2.8211,86.6915,76.8005,9.8910
"SoftPCA-F (alpha=1.00e-01, K=20/20)",2,period_0916,28.800000,-13.8287,1.2915,86.8983,76.8005,10.0978
"SoftPCA-F (alpha=1.00e-01, K=20/20)",2,period_0916,28.853333,-13.8584,3.8512,87.1204,76.8005,10.3199
"SoftPCA-F (alpha=1.00e-01, K=20/20)",2,period_0916,28.906667,-14.0385,1.7406,87.8314,76.8005,11.0309
"SoftPCA-F (alpha=1.00e-01, K=20/20)",2,period_0916,28.960000,-13.9588,2.4835,88.1402,76.8005,11.3397
"SoftPCA-F (alpha=1.00e-01, K=20/20)",2,period_0916,29.000000,-14.0080,4.1925,87.7764,76.8005,10.9759
"SoftPCA-F (alpha=1.00e-01, K=20/20)",2,period_0916,29.053333,-13.8923,2.4764,87.8935,76.8005,11.0930
"SoftPCA-F (alpha=1.00e-01, K=20/20)",2,period_0916,29.106667,-13.9308,2.3647,88.3123,76.8005,11.5118
"SoftPCA-F (alpha=1.00e-01, K=20/20)",2,period_0916,29.160000,-14.1155,1.8837,88.2003,76.8005,11.3998
"SoftPCA-F (alpha=1.00e-01, K=20/20)",2,period_0916,29.200000,-14.1020,3.3318,88.5092,76.8005,11.7087
"SoftPCA-F (alpha=1.00e-01, K=20/20)",2,period_0916,29.253333,-14.1904,2.7592,88.3795,76.8005,11.5790
"SoftPCA-F (alpha=1.00e-01, K=20/20)",2,period_0916,29.306667,-13.8096,1.9373,87.5827,76.8005,10.7822
"SoftPCA-F (alpha=1.00e-01, K=20/20)",2,period_0916,29.360000,-13.8414,2.7413,88.3452,76.8005,11.5447
"SoftPCA-F (alpha=1.00e-01, K=20/20)",2,period_0916,29.400000,-13.9091,2.5222,87.7375,76.8005,10.9370
"SoftPCA-F (alpha=1.00e-01, K=20/20)",2,period_0916,29.453333,-13.8699,2.0726,87.8442,76.8005,11.0437
"SoftPCA-F (alpha=1.00e-01, K=20/20)",2,period_0916,29.506667,-13.9621,2.4910,87.8895,76.8005,11.0890
"SoftPCA-F (alpha=1.00e-01, K=20/20)",2,period_0916,29.560000,-13.9714,2.0362,87.7614,76.8005,10.9609
"SoftPCA-F (alpha=1.00e-01, K=20/20)",2,period_0916,29.600000,-13.9857,2.5693,87.1685,76.8005,10.3680
"SoftPCA-F (alpha=1.00e-01, K=20/20)",2,period_0916,29.653333,-13.9641,2.5032,86.9567,76.8005,10.1562
"SoftPCA-F (alpha=1.00e-01, K=20/20)",2,period_0916,29.706667,-13.8402,3.1694,86.1899,76.8005,9.3894
"SoftPCA-F (alpha=1.00e-01, K=20/20)",2,period_0916,29.760000,-13.9235,2.2806,86.4586,76.8005,9.6581
"SoftPCA-F (alpha=1.00e-01, K=20/20)",2,period_0916,29.800000,-13.9712,2.4825,86.6216,76.8005,9.8211
"SoftPCA-F (alpha=1.00e-01, K=20/20)",2,period_0916,29.853333,-14.0164,2.9861,87.2697,76.8005,10.4692
"SoftPCA-F (alpha=1.00e-01, K=20/20)",2,period_0916,29.906667,-13.9557,2.5037,86.9888,76.8005,10.1883
"SoftPCA-F (alpha=1.00e-01, K=20/20)",2,period_0916,29.960000,-14.0062,2.5274,87.0888,76.8005,10.2883
"SoftPCA-F (alpha=1.00e-01, K=20/20)",2,period_0916,30.000000,-14.0665,2.5658,86.4822,76.8005,9.6817
"SoftPCA-F (alpha=1.00e-01, K=20/20)",3,period_0943,30.013333,-3.8905,-0.3191,70.4913,67.9790,2.5123
"SoftPCA-F (alpha=1.00e-01, K=20/20)",3,period_0943,30.053333,-4.1928,3.0966,70.7126,67.9790,2.7335
"SoftPCA-F (alpha=1.00e-01, K=20/20)",3,period_0943,30.106667,-4.6206,1.9766,71.0155,67.9790,3.0365
"SoftPCA-F (alpha=1.00e-01, K=20/20)",3,period_0943,30.160000,-5.0401,2.0607,71.3497,67.9790,3.3707
"SoftPCA-F (alpha=1.00e-01, K=20/20)",3,period_0943,30.200000,-5.2924,4.3409,71.5309,67.9790,3.5518
"SoftPCA-F (alpha=1.00e-01, K=20/20)",3,period_0943,30.253333,-5.6788,2.8064,71.8929,67.9790,3.9139
"SoftPCA-F (alpha=1.00e-01, K=20/20)",3,period_0943,30.306667,-6.0506,3.0048,72.1936,67.9790,4.2146
"SoftPCA-F (alpha=1.00e-01, K=20/20)",3,period_0943,30.360000,-6.4373,4.3145,72.5327,67.9790,4.5536
"SoftPCA-F (alpha=1.00e-01, K=20/20)",3,period_0943,30.400000,-6.6392,4.5656,72.6910,67.9790,4.7120
"SoftPCA-F (alpha=1.00e-01, K=20/20)",3,period_0943,30.453333,-6.9403,3.7839,72.9671,67.9790,4.9880
"SoftPCA-F (alpha=1.00e-01, K=20/20)",3,period_0943,30.506667,-7.2315,3.3003,73.2524,67.9790,5.2734
"SoftPCA-F (alpha=1.00e-01, K=20/20)",3,period_0943,30.560000,-7.5192,4.5337,73.5208,67.9790,5.5418
"SoftPCA-F (alpha=1.00e-01, K=20/20)",3,period_0943,30.600000,-7.6905,3.1246,73.6972,67.9790,5.7182
"SoftPCA-F (alpha=1.00e-01, K=20/20)",3,period_0943,30.653333,-7.9141,3.5771,73.9291,67.9790,5.9501
"SoftPCA-F (alpha=1.00e-01, K=20/20)",3,period_0943,30.706667,-8.1264,1.9567,74.1427,67.9790,6.1637
"SoftPCA-F (alpha=1.00e-01, K=20/20)",3,period_0943,30.760000,-8.3026,3.2210,74.3794,67.9790,6.4003
"SoftPCA-F (alpha=1.00e-01, K=20/20)",3,period_0943,30.800000,-8.4656,2.9812,74.5728,67.9790,6.5937
"SoftPCA-F (alpha=1.00e-01, K=20/20)",3,period_0943,30.853333,-8.6368,2.9253,74.8122,67.9790,6.8331
"SoftPCA-F (alpha=1.00e-01, K=20/20)",3,period_0943,30.906667,-8.8553,3.2496,75.1058,67.9790,7.1268
"SoftPCA-F (alpha=1.00e-01, K=20/20)",3,period_0943,30.960000,-9.0685,3.1450,75.4283,67.9790,7.4492
"SoftPCA-F (alpha=1.00e-01, K=20/20)",3,period_0943,31.000000,-9.2436,5.1463,75.6952,67.9790,7.7162
"SoftPCA-F (alpha=1.00e-01, K=20/20)",3,period_0943,31.053333,-9.3872,3.3351,75.8997,67.9790,7.9206
"SoftPCA-F (alpha=1.00e-01, K=20/20)",3,period_0943,31.106667,-9.4927,2.6599,76.0015,67.9790,8.0225
"SoftPCA-F (alpha=1.00e-01, K=20/20)",3,period_0943,31.160000,-9.6023,3.0073,76.1347,67.9790,8.1557
"SoftPCA-F (alpha=1.00e-01, K=20/20)",3,period_0943,31.200000,-9.6879,4.6687,76.2636,67.9790,8.2845
"SoftPCA-F (alpha=1.00e-01, K=20/20)",3,period_0943,31.253333,-9.7773,3.1659,76.3757,67.9790,8.3967
"SoftPCA-F (alpha=1.00e-01, K=20/20)",3,period_0943,31.306667,-9.8865,3.9359,76.5284,67.9790,8.5494
"SoftPCA-F (alpha=1.00e-01, K=20/20)",3,period_0943,31.360000,-9.9895,2.9365,76.7270,67.9790,8.7480
"SoftPCA-F (alpha=1.00e-01, K=20/20)",3,period_0943,31.400000,-10.0655,5.1356,76.8600,67.9790,8.8809
"SoftPCA-F (alpha=1.00e-01, K=20/20)",3,period_0943,31.453333,-10.1732,3.2645,77.0016,67.9790,9.0226
"SoftPCA-F (alpha=1.00e-01, K=20/20)",3,period_0943,31.506667,-10.2399,3.4850,77.1033,67.9790,9.1242
"SoftPCA-F (alpha=1.00e-01, K=20/20)",3,period_0943,31.560000,-10.3330,4.1163,77.1903,67.9790,9.2112
"SoftPCA-F (alpha=1.00e-01, K=20/20)",3,period_0943,31.600000,-10.3794,3.6971,77.2466,67.9790,9.2676
"SoftPCA-F (alpha=1.00e-01, K=20/20)",3,period_0943,31.653333,-10.4302,3.3487,77.3306,67.9790,9.3515
"SoftPCA-F (alpha=1.00e-01, K=20/20)",3,period_0943,31.706667,-10.4752,4.0499,77.4538,67.9790,9.4748
"SoftPCA-F (alpha=1.00e-01, K=20/20)",3,period_0943,31.760000,-10.4983,3.5124,77.5321,67.9790,9.5531
"SoftPCA-F (alpha=1.00e-01, K=20/20)",3,period_0943,31.800000,-10.5284,3.8686,77.5913,67.9790,9.6122
"SoftPCA-F (alpha=1.00e-01, K=20/20)",3,period_0943,31.853333,-10.5873,4.3095,77.7247,67.9790,9.7457
"SoftPCA-F (alpha=1.00e-01, K=20/20)",3,period_0943,31.906667,-10.6015,2.9220,77.8252,67.9790,9.8461
"SoftPCA-F (alpha=1.00e-01, K=20/20)",3,period_0943,31.960000,-10.7101,3.1954,78.0290,67.9790,10.0499
"SoftPCA-F (alpha=1.00e-01, K=20/20)",3,period_0943,32.000000,-10.6815,3.5932,78.0337,67.9790,10.0546
"SoftPCA-F (alpha=1.00e-01, K=20/20)",3,period_0943,32.053333,-10.7297,4.2931,78.1959,67.9790,10.2168
"SoftPCA-F (alpha=1.00e-01, K=20/20)",3,period_0943,32.106667,-10.8122,2.4385,78.3605,67.9790,10.3814
"SoftPCA-F (alpha=1.00e-01, K=20/20)",3,period_0943,32.160000,-10.8874,3.4493,78.5248,67.9790,10.5457
"SoftPCA-F (alpha=1.00e-01, K=20/20)",3,period_0943,32.200000,-10.9352,3.9754,78.6714,67.9790,10.6924
"SoftPCA-F (alpha=1.00e-01, K=20/20)",3,period_0943,32.253333,-10.9995,3.8318,78.8199,67.9790,10.8408
"SoftPCA-F (alpha=1.00e-01, K=20/20)",3,period_0943,32.306667,-11.0115,4.1790,78.8904,67.9790,10.9113
"SoftPCA-F (alpha=1.00e-01, K=20/20)",3,period_0943,32.360000,-11.0280,2.8181,78.9678,67.9790,10.9888
"SoftPCA-F (alpha=1.00e-01, K=20/20)",3,period_0943,32.400000,-11.0507,4.6134,79.0850,67.9790,11.1059
"SoftPCA-F (alpha=1.00e-01, K=20/20)",3,period_0943,32.453333,-11.0831,3.5617,79.1964,67.9790,11.2174
"SoftPCA-F (alpha=1.00e-01, K=20/20)",3,period_0943,32.506667,-11.1069,3.1858,79.2508,67.9790,11.2717
"SoftPCA-F (alpha=1.00e-01, K=20/20)",3,period_0943,32.560000,-11.0956,2.7390,79.2928,67.9790,11.3137
"SoftPCA-F (alpha=1.00e-01, K=20/20)",3,period_0943,32.600000,-11.0996,5.0209,79.3361,67.9790,11.3570
"SoftPCA-F (alpha=1.00e-01, K=20/20)",3,period_0943,32.653333,-11.0954,3.1606,79.3576,67.9790,11.3785
"SoftPCA-F (alpha=1.00e-01, K=20/20)",3,period_0943,32.706667,-11.0924,4.2157,79.3623,67.9790,11.3833
"SoftPCA-F (alpha=1.00e-01, K=20/20)",3,period_0943,32.760000,-11.1022,2.4448,79.3758,67.9790,11.3968
"SoftPCA-F (alpha=1.00e-01, K=20/20)",3,period_0943,32.800000,-11.1032,3.0756,79.3787,67.9790,11.3997
"SoftPCA-F (alpha=1.00e-01, K=20/20)",3,period_0943,32.853333,-11.0780,2.8297,79.3903,67.9790,11.4113
"SoftPCA-F (alpha=1.00e-01, K=20/20)",3,period_0943,32.906667,-11.0967,3.8454,79.4413,67.9790,11.4623
"SoftPCA-F (alpha=1.00e-01, K=20/20)",3,period_0943,32.960000,-11.0978,4.4395,79.5139,67.9790,11.5348
"SoftPCA-F (alpha=1.00e-01, K=20/20)",3,period_0943,33.000000,-11.1247,3.1432,79.5471,67.9790,11.5680
"SoftPCA-F (alpha=1.00e-01, K=20/20)",3,period_0943,33.053333,-11.1033,3.4887,79.5708,67.9790,11.5917
"SoftPCA-F (alpha=1.00e-01, K=20/20)",3,period_0943,33.106667,-11.1190,3.7324,79.7121,67.9790,11.7331
"SoftPCA-F (alpha=1.00e-01, K=20/20)",3,period_0943,33.160000,-11.1058,2.5570,79.7776,67.9790,11.7986
"SoftPCA-F (alpha=1.00e-01, K=20/20)",3,period_0943,33.200000,-11.0886,2.3042,79.8754,67.9790,11.8963
"SoftPCA-F (alpha=1.00e-01, K=20/20)",3,period_0943,33.253333,-11.1340,3.7338,79.9675,67.9790,11.9884
"SoftPCA-F (alpha=1.00e-01, K=20/20)",3,period_0943,33.306667,-11.1583,3.9263,80.0504,67.9790,12.0713
"SoftPCA-F (alpha=1.00e-01, K=20/20)",3,period_0943,33.360000,-11.1942,3.5297,80.1012,67.9790,12.1222
"SoftPCA-F (alpha=1.00e-01, K=20/20)",3,period_0943,33.400000,-11.2033,3.5782,80.1031,67.9790,12.1240
"SoftPCA-F (alpha=1.00e-01, K=20/20)",3,period_0943,33.453333,-11.2026,3.2799,80.1763,67.9790,12.1972
"SoftPCA-F (alpha=1.00e-01, K=20/20)",3,period_0943,33.506667,-11.2190,4.4074,80.2098,67.9790,12.2308
"SoftPCA-F (alpha=1.00e-01, K=20/20)",3,period_0943,33.560000,-11.2071,3.8124,80.1915,67.9790,12.2124
"SoftPCA-F (alpha=1.00e-01, K=20/20)",3,period_0943,33.600000,-11.1779,3.0620,80.1474,67.9790,12.1683
"SoftPCA-F (alpha=1.00e-01, K=20/20)",3,period_0943,33.653333,-11.2134,4.1029,80.2206,67.9790,12.2416
"SoftPCA-F (alpha=1.00e-01, K=20/20)",3,period_0943,33.706667,-11.2542,3.6755,80.2872,67.9790,12.3081
"SoftPCA-F (alpha=1.00e-01, K=20/20)",3,period_0943,33.760000,-11.2999,3.1896,80.4204,67.9790,12.4414
"SoftPCA-F (alpha=1.00e-01, K=20/20)",3,period_0943,33.800000,-11.2802,2.6048,80.3025,67.9790,12.3234
"SoftPCA-F (alpha=1.00e-01, K=20/20)",3,period_0943,33.853333,-11.2619,3.5412,80.3318,67.9790,12.3527
"SoftPCA-F (alpha=1.00e-01, K=20/20)",3,period_0943,33.906667,-11.2808,2.4102,80.4135,67.9790,12.4345
"SoftPCA-F (alpha=1.00e-01, K=20/20)",3,period_0943,33.960000,-11.3048,3.1977,80.5081,67.9790,12.5291
"SoftPCA-F (alpha=1.00e-01, K=20/20)",3,period_0943,34.000000,-11.3269,3.5930,80.6030,67.9790,12.6239
"SoftPCA-F (alpha=1.00e-01, K=20/20)",3,period_0943,34.053333,-11.3637,4.6648,80.7378,67.9790,12.7587
"SoftPCA-F (alpha=1.00e-01, K=20/20)",3,period_0943,34.106667,-11.3715,2.3476,80.6939,67.9790,12.7149
"SoftPCA-F (alpha=1.00e-01, K=20/20)",3,period_0943,34.160000,-11.3628,3.8631,80.7455,67.9790,12.7665
"SoftPCA-F (alpha=1.00e-01, K=20/20)",3,period_0943,34.200000,-11.3534,3.2458,80.6961,67.9790,12.7171
"SoftPCA-F (alpha=1.00e-01, K=20/20)",3,period_0943,34.253333,-11.3813,3.9109,80.6954,67.9790,12.7164
"SoftPCA-F (alpha=1.00e-01, K=20/20)",3,period_0943,34.306667,-11.3203,2.8577,80.5620,67.9790,12.5830
"SoftPCA-F (alpha=1.00e-01, K=20/20)",3,period_0943,34.360000,-11.3243,4.1857,80.6493,67.9790,12.6702
"SoftPCA-F (alpha=1.00e-01, K=20/20)",3,period_0943,34.400000,-11.3535,3.4043,80.6995,67.9790,12.7204
"SoftPCA-F (alpha=1.00e-01, K=20/20)",3,period_0943,34.453333,-11.3340,3.5076,80.6333,67.9790,12.6543
"SoftPCA-F (alpha=1.00e-01, K=20/20)",3,period_0943,34.506667,-11.3153,3.3890,80.5829,67.9790,12.6038
"SoftPCA-F (alpha=1.00e-01, K=20/20)",3,period_0943,34.560000,-11.3298,3.8659,80.6124,67.9790,12.6334
"SoftPCA-F (alpha=1.00e-01, K=20/20)",3,period_0943,34.600000,-11.3312,3.1941,80.6532,67.9790,12.6741
"SoftPCA-F (alpha=1.00e-01, K=20/20)",3,period_0943,34.653333,-11.3492,3.9356,80.6743,67.9790,12.6953
"SoftPCA-F (alpha=1.00e-01, K=20/20)",3,period_0943,34.706667,-11.3671,3.9667,80.8611,67.9790,12.8820
"SoftPCA-F (alpha=1.00e-01, K=20/20)",3,period_0943,34.760000,-11.3439,2.6337,80.8152,67.9790,12.8361
"SoftPCA-F (alpha=1.00e-01, K=20/20)",3,period_0943,34.800000,-11.3460,2.9011,80.9018,67.9790,12.9227
"SoftPCA-F (alpha=1.00e-01, K=20/20)",3,period_0943,34.853333,-11.3410,4.4901,80.9159,67.9790,12.9369
"SoftPCA-F (alpha=1.00e-01, K=20/20)",3,period_0943,34.906667,-11.3500,3.8364,80.9375,67.9790,12.9584
"SoftPCA-F (alpha=1.00e-01, K=20/20)",3,period_0943,34.960000,-11.3655,2.9928,80.9581,67.9790,12.9791
"SoftPCA-F (alpha=1.00e-01, K=20/20)",3,period_0943,35.000000,-11.3549,3.2280,80.9440,67.9790,12.9650
"SoftPCA-F (alpha=1.00e-01, K=20/20)",3,period_0943,35.053333,-11.3071,3.4770,80.8375,67.9790,12.8584
"SoftPCA-F (alpha=1.00e-01, K=20/20)",3,period_0943,35.106667,-11.3545,3.7194,81.0120,67.9790,13.0330
"SoftPCA-F (alpha=1.00e-01, K=20/20)",3,period_0943,35.160000,-11.3521,4.0058,81.0521,67.9790,13.0731
"SoftPCA-F (alpha=1.00e-01, K=20/20)",3,period_0943,35.200000,-11.3538,3.4720,81.1044,67.9790,13.1254
"SoftPCA-F (alpha=1.00e-01, K=20/20)",3,period_0943,35.253333,-11.3094,3.1758,80.9729,67.9790,12.9939
"SoftPCA-F (alpha=1.00e-01, K=20/20)",3,period_0943,35.306667,-11.2840,3.5752,80.9148,67.9790,12.9357
"SoftPCA-F (alpha=1.00e-01, K=20/20)",3,period_0943,35.360000,-11.2863,3.7052,80.9408,67.9790,12.9617
"SoftPCA-F (alpha=1.00e-01, K=20/20)",3,period_0943,35.400000,-11.2185,2.1329,80.7971,67.9790,12.8181
"SoftPCA-F (alpha=1.00e-01, K=20/20)",3,period_0943,35.453333,-11.2769,3.1967,80.9149,67.9790,12.9358
"SoftPCA-F (alpha=1.00e-01, K=20/20)",3,period_0943,35.506667,-11.3157,4.1248,81.0793,67.9790,13.1002
"SoftPCA-F (alpha=1.00e-01, K=20/20)",3,period_0943,35.560000,-11.3129,3.0608,81.1235,67.9790,13.1445
"SoftPCA-F (alpha=1.00e-01, K=20/20)",3,period_0943,35.600000,-11.2929,4.2747,81.0141,67.9790,13.0350
"SoftPCA-F (alpha=1.00e-01, K=20/20)",3,period_0943,35.653333,-11.1982,3.5672,80.7680,67.9790,12.7889
"SoftPCA-F (alpha=1.00e-01, K=20/20)",3,period_0943,35.706667,-11.2141,2.9766,80.8094,67.9790,12.8304
"SoftPCA-F (alpha=1.00e-01, K=20/20)",3,period_0943,35.760000,-11.2062,3.3793,80.7961,67.9790,12.8171
"SoftPCA-F (alpha=1.00e-01, K=20/20)",3,period_0943,35.800000,-11.2451,3.6216,80.9105,67.9790,12.9314
"SoftPCA-F (alpha=1.00e-01, K=20/20)",3,period_0943,35.853333,-11.2914,2.7943,81.0745,67.9790,13.0955
"SoftPCA-F (alpha=1.00e-01, K=20/20)",3,period_0943,35.906667,-11.2875,3.8606,81.0951,67.9790,13.1161
"SoftPCA-F (alpha=1.00e-01, K=20/20)",3,period_0943,35.960000,-11.3164,4.9142,81.1626,67.9790,13.1836
"SoftPCA-F (alpha=1.00e-01, K=20/20)",3,period_0943,36.000000,-11.3281,4.7387,81.2003,67.9790,13.2213
"SoftPCA-F (alpha=1.00e-01, K=20/20)",3,period_0943,36.053333,-11.3199,3.5542,81.1530,67.9790,13.1740
"SoftPCA-F (alpha=1.00e-01, K=20/20)",3,period_0943,36.106667,-11.3266,3.7185,81.0916,67.9790,13.1126
"SoftPCA-F (alpha=1.00e-01, K=20/20)",3,period_0943,36.160000,-11.3202,3.9682,81.0772,67.9790,13.0981
"SoftPCA-F (alpha=1.00e-01, K=20/20)",3,period_0943,36.200000,-11.3224,3.1458,81.1111,67.9790,13.1320
"SoftPCA-F (alpha=1.00e-01, K=20/20)",3,period_0943,36.253333,-11.2702,3.4289,80.9467,67.9790,12.9676
"SoftPCA-F (alpha=1.00e-01, K=20/20)",3,period_0943,36.306667,-11.2690,3.1117,81.0568,67.9790,13.0778
"SoftPCA-F (alpha=1.00e-01, K=20/20)",3,period_0943,36.360000,-11.2550,1.5231,81.0496,67.9790,13.0706
"SoftPCA-F (alpha=1.00e-01, K=20/20)",3,period_0943,36.400000,-11.2602,2.6610,81.0646,67.9790,13.0855
"SoftPCA-F (alpha=1.00e-01, K=20/20)",3,period_0943,36.453333,-11.2477,3.2732,81.1163,67.9790,13.1373
"SoftPCA-F (alpha=1.00e-01, K=20/20)",3,period_0943,36.506667,-11.2489,3.3005,81.1652,67.9790,13.1862
"SoftPCA-F (alpha=1.00e-01, K=20/20)",3,period_0943,36.560000,-11.2449,3.5147,81.1406,67.9790,13.1616
"SoftPCA-F (alpha=1.00e-01, K=20/20)",3,period_0943,36.600000,-11.2604,3.3404,81.1830,67.9790,13.2040
"SoftPCA-F (alpha=1.00e-01, K=20/20)",3,period_0943,36.653333,-11.2600,2.9915,81.1392,67.9790,13.1602
"SoftPCA-F (alpha=1.00e-01, K=20/20)",3,period_0943,36.706667,-11.2785,3.8228,81.2615,67.9790,13.2824
"SoftPCA-F (alpha=1.00e-01, K=20/20)",3,period_0943,36.760000,-11.2839,3.0313,81.1860,67.9790,13.2069
"SoftPCA-F (alpha=1.00e-01, K=20/20)",3,period_0943,36.800000,-11.3088,3.9867,81.2990,67.9790,13.3200
"SoftPCA-F (alpha=1.00e-01, K=20/20)",3,period_0943,36.853333,-11.3321,3.6887,81.3971,67.9790,13.4181
"SoftPCA-F (alpha=1.00e-01, K=20/20)",3,period_0943,36.906667,-11.3438,4.1779,81.3836,67.9790,13.4046
"SoftPCA-F (alpha=1.00e-01, K=20/20)",3,period_0943,36.960000,-11.3621,3.4305,81.4508,67.9790,13.4717
"SoftPCA-F (alpha=1.00e-01, K=20/20)",3,period_0943,37.000000,-11.3505,3.8066,81.3306,67.9790,13.3515
"SoftPCA-F (alpha=1.00e-01, K=20/20)",3,period_0943,37.053333,-11.3511,3.1673,81.3535,67.9790,13.3744
"SoftPCA-F (alpha=1.00e-01, K=20/20)",3,period_0943,37.106667,-11.3559,4.0326,81.3962,67.9790,13.4172
"SoftPCA-F (alpha=1.00e-01, K=20/20)",3,period_0943,37.160000,-11.3395,3.5214,81.3470,67.9790,13.3680
"SoftPCA-F (alpha=1.00e-01, K=20/20)",3,period_0943,37.200000,-11.3226,3.6542,81.3589,67.9790,13.3798
"SoftPCA-F (alpha=1.00e-01, K=20/20)",3,period_0943,37.253333,-11.3181,2.8548,81.3625,67.9790,13.3835
"SoftPCA-F (alpha=1.00e-01, K=20/20)",3,period_0943,37.306667,-11.2845,3.7146,81.2170,67.9790,13.2379
"SoftPCA-F (alpha=1.00e-01, K=20/20)",3,period_0943,37.360000,-11.2683,3.6266,81.1769,67.9790,13.1978
"SoftPCA-F (alpha=1.00e-01, K=20/20)",3,period_0943,37.400000,-11.2195,3.3210,81.0536,67.9790,13.0745
"SoftPCA-F (alpha=1.00e-01, K=20/20)",3,period_0943,37.453333,-11.2099,3.6923,81.1048,67.9790,13.1258
"SoftPCA-F (alpha=1.00e-01, K=20/20)",3,period_0943,37.506667,-11.2135,2.8442,81.1374,67.9790,13.1583
"SoftPCA-F (alpha=1.00e-01, K=20/20)",3,period_0943,37.560000,-11.2058,2.6945,81.1164,67.9790,13.1373
"SoftPCA-F (alpha=1.00e-01, K=20/20)",3,period_0943,37.600000,-11.2361,3.5072,81.1967,67.9790,13.2177
"SoftPCA-F (alpha=1.00e-01, K=20/20)",3,period_0943,37.653333,-11.2408,3.3309,81.3213,67.9790,13.3422
"SoftPCA-F (alpha=1.00e-01, K=20/20)",3,period_0943,37.706667,-11.2731,3.3581,81.3620,67.9790,13.3829
"SoftPCA-F (alpha=1.00e-01, K=20/20)",3,period_0943,37.760000,-11.2649,2.5041,81.2464,67.9790,13.2673
"SoftPCA-F (alpha=1.00e-01, K=20/20)",3,period_0943,37.800000,-11.2634,2.8239,81.2194,67.9790,13.2404
"SoftPCA-F (alpha=1.00e-01, K=20/20)",3,period_0943,37.853333,-11.2490,2.8645,81.0298,67.9790,13.0508
"SoftPCA-F (alpha=1.00e-01, K=20/20)",3,period_0943,37.906667,-11.2361,3.8375,80.9769,67.9790,12.9978
"SoftPCA-F (alpha=1.00e-01, K=20/20)",3,period_0943,37.960000,-11.2666,4.3460,81.0885,67.9790,13.1094
"SoftPCA-F (alpha=1.00e-01, K=20/20)",3,period_0943,38.000000,-11.2482,2.0344,81.0860,67.9790,13.1069
"SoftPCA-F (alpha=1.00e-01, K=20/20)",3,period_0943,38.053333,-11.2699,3.5560,81.1744,67.9790,13.1954
"SoftPCA-F (alpha=1.00e-01, K=20/20)",3,period_0943,38.106667,-11.2715,3.7883,81.1996,67.9790,13.2205
"SoftPCA-F (alpha=1.00e-01, K=20/20)",3,period_0943,38.160000,-11.2618,2.6124,81.3205,67.9790,13.3414
"SoftPCA-F (alpha=1.00e-01, K=20/20)",3,period_0943,38.200000,-11.2523,3.4358,81.3196,67.9790,13.3406
"SoftPCA-F (alpha=1.00e-01, K=20/20)",3,period_0943,38.253333,-11.2534,3.9007,81.2525,67.9790,13.2735
"SoftPCA-F (alpha=1.00e-01, K=20/20)",3,period_0943,38.306667,-11.2368,3.9053,81.2353,67.9790,13.2562
"SoftPCA-F (alpha=1.00e-01, K=20/20)",3,period_0943,38.360000,-11.2399,4.1029,81.2386,67.9790,13.2595
"SoftPCA-F (alpha=1.00e-01, K=20/20)",3,period_0943,38.400000,-11.2574,3.5516,81.2571,67.9790,13.2781
"SoftPCA-F (alpha=1.00e-01, K=20/20)",3,period_0943,38.453333,-11.2703,3.9864,81.3003,67.9790,13.3212
"SoftPCA-F (alpha=1.00e-01, K=20/20)",3,period_0943,38.506667,-11.3157,4.3067,81.4155,67.9790,13.4365
"SoftPCA-F (alpha=1.00e-01, K=20/20)",3,period_0943,38.560000,-11.2939,4.0818,81.3922,67.9790,13.4132
"SoftPCA-F (alpha=1.00e-01, K=20/20)",3,period_0943,38.600000,-11.2956,2.1336,81.3403,67.9790,13.3613
"SoftPCA-F (alpha=1.00e-01, K=20/20)",3,period_0943,38.653333,-11.3034,4.3048,81.3808,67.9790,13.4017
"SoftPCA-F (alpha=1.00e-01, K=20/20)",3,period_0943,38.706667,-11.2901,3.8736,81.4045,67.9790,13.4255
"SoftPCA-F (alpha=1.00e-01, K=20/20)",3,period_0943,38.760000,-11.3143,4.5250,81.4345,67.9790,13.4554
"SoftPCA-F (alpha=1.00e-01, K=20/20)",3,period_0943,38.800000,-11.3074,2.7451,81.4945,67.9790,13.5154
"SoftPCA-F (alpha=1.00e-01, K=20/20)",3,period_0943,38.853333,-11.3316,3.3471,81.4995,67.9790,13.5204
"SoftPCA-F (alpha=1.00e-01, K=20/20)",3,period_0943,38.906667,-11.2947,3.4432,81.3264,67.9790,13.3473
"SoftPCA-F (alpha=1.00e-01, K=20/20)",3,period_0943,38.960000,-11.2852,3.8346,81.3548,67.9790,13.3757
"SoftPCA-F (alpha=1.00e-01, K=20/20)",3,period_0943,39.000000,-11.3012,3.9888,81.4268,67.9790,13.4478
"SoftPCA-F (alpha=1.00e-01, K=20/20)",3,period_0943,39.053333,-11.3077,3.9418,81.4900,67.9790,13.5109
"SoftPCA-F (alpha=1.00e-01, K=20/20)",3,period_0943,39.106667,-11.2659,3.7766,81.3980,67.9790,13.4190
"SoftPCA-F (alpha=1.00e-01, K=20/20)",3,period_0943,39.160000,-11.2545,3.0479,81.2919,67.9790,13.3129
"SoftPCA-F (alpha=1.00e-01, K=20/20)",3,period_0943,39.200000,-11.2528,3.4802,81.1605,67.9790,13.1814
"SoftPCA-F (alpha=1.00e-01, K=20/20)",3,period_0943,39.253333,-11.2292,3.4544,81.0903,67.9790,13.1113
"SoftPCA-F (alpha=1.00e-01, K=20/20)",3,period_0943,39.306667,-11.2140,3.8108,81.1154,67.9790,13.1364
"SoftPCA-F (alpha=1.00e-01, K=20/20)",3,period_0943,39.360000,-11.2140,3.2853,81.1113,67.9790,13.1323
"SoftPCA-F (alpha=1.00e-01, K=20/20)",3,period_0943,39.400000,-11.2308,3.1335,81.1806,67.9790,13.2016
"SoftPCA-F (alpha=1.00e-01, K=20/20)",3,period_0943,39.453333,-11.2456,3.3871,81.2178,67.9790,13.2388
"SoftPCA-F (alpha=1.00e-01, K=20/20)",3,period_0943,39.506667,-11.2260,3.1638,81.1457,67.9790,13.1666
"SoftPCA-F (alpha=1.00e-01, K=20/20)",3,period_0943,39.560000,-11.2039,2.9675,81.0243,67.9790,13.0453
"SoftPCA-F (alpha=1.00e-01, K=20/20)",3,period_0943,39.600000,-11.2023,4.1448,81.0562,67.9790,13.0771
"SoftPCA-F (alpha=1.00e-01, K=20/20)",3,period_0943,39.653333,-11.1731,2.9091,80.9880,67.9790,13.0089
"SoftPCA-F (alpha=1.00e-01, K=20/20)",3,period_0943,39.706667,-11.2005,3.5044,81.0678,67.9790,13.0887
"SoftPCA-F (alpha=1.00e-01, K=20/20)",3,period_0943,39.760000,-11.2185,3.5198,81.0561,67.9790,13.0770
"SoftPCA-F (alpha=1.00e-01, K=20/20)",3,period_0943,39.800000,-11.2574,3.1364,81.1856,67.9790,13.2066
"SoftPCA-F (alpha=1.00e-01, K=20/20)",3,period_0943,39.853333,-11.2264,3.0177,81.1036,67.9790,13.1245
"SoftPCA-F (alpha=1.00e-01, K=20/20)",3,period_0943,39.906667,-11.2594,3.9373,81.2209,67.9790,13.2419
"SoftPCA-F (alpha=1.00e-01, K=20/20)",3,period_0943,39.960000,-11.2445,3.2066,81.1437,67.9790,13.1646
"SoftPCA-F (alpha=1.00e-01, K=20/20)",3,period_0943,40.000000,-11.2541,4.1209,81.1643,67.9790,13.1852
