algorithm,epoch_index,condition_id,t_s,misalignment_db,erle_db,msg_with_afc_db,msg_without_afc_db,asg_db
PEMAFC-F,0,period_0707,0.013333,-0.0008,0.0041,85.1833,85.1794,0.0040
PEMAFC-F,0,period_0707,0.053333,-0.0046,0.0094,85.2038,85.1794,0.0244
PEMAFC-F,0,period_0707,0.106667,-0.0103,0.0234,85.2282,85.1794,0.0488
PEMAFC-F,0,period_0707,0.160000,-0.0161,0.0387,85.2528,85.1794,0.0734
PEMAFC-F,0,period_0707,0.200000,-0.0201,0.0649,85.2715,85.1794,0.0921
PEMAFC-F,0,period_0707,0.253333,-0.0246,0.0707,85.2897,85.1794,0.1103
PEMAFC-F,0,period_0707,0.306667,-0.0300,0.0788,85.3067,85.1794,0.1273
PEMAFC-F,0,period_0707,0.360000,-0.0350,0.1092,85.3347,85.1794,0.1553
PEMAFC-F,0,period_0707,0.400000,-0.0395,0.1100,85.3514,85.1794,0.1720
PEMAFC-F,0,period_0707,0.453333,-0.0452,0.1554,85.3776,85.1794,0.1982
PEMAFC-F,0,period_0707,0.506667,-0.0498,0.1645,85.3987,85.1794,0.2193
PEMAFC-F,0,period_0707,0.560000,-0.0545,0.1673,85.4249,85.1794,0.2455
PEMAFC-F,0,period_0707,0.600000,-0.0587,0.2078,85.4463,85.1794,0.2669
PEMAFC-F,0,period_0707,0.653333,-0.0651,0.2084,85.4734,85.1794,0.2940
PEMAFC-F,0,period_0707,0.706667,-0.0747,0.2410,85.5165,85.1794,0.3371
PEMAFC-F,0,period_0707,0.760000,-0.0843,0.2955,85.5663,85.1794,0.3869
PEMAFC-F,0,period_0707,0.800000,-0.1026,0.3387,85.6121,85.1794,0.4327
PEMAFC-F,0,period_0707,0.853333,-0.3636,0.3648,85.6980,85.1794,0.5186
PEMAFC-F,0,period_0707,0.906667,-1.6420,1.2013,85.8054,85.1794,0.6260
PEMAFC-F,0,period_0707,0.960000,-2.3289,5.0313,87.6322,85.1794,2.4528
PEMAFC-F,0,period_0707,1.000000,-0.8320,4.5826,81.1674,85.1794,-4.0120
PEMAFC-F,0,period_0707,1.053333,0.3715,7.9301,79.1423,85.1794,-6.0370
PEMAFC-F,0,period_0707,1.106667,0.1732,13.0564,81.8704,85.1794,-3.3090
PEMAFC-F,0,period_0707,1.160000,-1.8975,7.9666,87.6855,85.1794,2.5061
PEMAFC-F,0,period_0707,1.200000,-1.3990,12.1695,87.6105,85.1794,2.4311
PEMAFC-F,0,period_0707,1.253333,1.4094,8.2974,79.2795,85.1794,-5.8999
PEMAFC-F,0,period_0707,1.306667,5.9383,8.0140,75.7629,85.1794,-9.4165
PEMAFC-F,0,period_0707,1.360000,5.1667,-3.2933,76.5706,85.1794,-8.6087
PEMAFC-F,0,period_0707,1.400000,4.9963,-4.3797,76.4743,85.1794,-8.7051
PEMAFC-F,0,period_0707,1.453333,4.8142,-5.3203,76.4681,85.1794,-8.7113
PEMAFC-F,0,period_0707,1.506667,4.7032,-5.0452,76.4910,85.1794,-8.6883
PEMAFC-F,0,period_0707,1.560000,4.6276,-4.1086,76.5759,85.1794,-8.6035
PEMAFC-F,0,period_0707,1.600000,4.5910,-3.4728,76.5849,85.1794,-8.5945
PEMAFC-F,0,period_0707,1.653333,4.5502,-4.4306,76.6205,85.1794,-8.5589
PEMAFC-F,0,period_0707,1.706667,4.5174,-3.3311,76.6755,85.1794,-8.5039
PEMAFC-F,0,period_0707,1.760000,4.4935,-4.1877,76.6937,85.1794,-8.4857
PEMAFC-F,0,period_0707,1.800000,4.4785,-3.9306,76.7028,85.1794,-8.4766
PEMAFC-F,0,period_0707,1.853333,4.4567,-3.5305,76.7318,85.1794,-8.4475
PEMAFC-F,0,period_0707,1.906667,4.4433,-4.1871,76.7379,85.1794,-8.4415
PEMAFC-F,0,period_0707,1.960000,4.4311,-3.7964,76.7527,85.1794,-8.4266
PEMAFC-F,0,period_0707,2.000000,4.4240,-3.1663,76.7707,85.1794,-8.4086
PEMAFC-F,0,period_0707,2.053333,4.4157,-4.5816,76.7820,85.1794,-8.3974
PEMAFC-F,0,period_0707,2.106667,4.4066,-3.2918,76.7960,85.1794,-8.3834
PEMAFC-F,0,period_0707,2.160000,4.3965,-3.7330,76.8175,85.1794,-8.3618
PEMAFC-F,0,period_0707,2.200000,4.3916,-4.1456,76.8151,85.1794,-8.3643
PEMAFC-F,0,period_0707,2.253333,4.3831,-3.1695,76.8348,85.1794,-8.3445
PEMAFC-F,0,period_0707,2.306667,4.3755,-3.1509,76.8404,85.1794,-8.3390
PEMAFC-F,0,period_0707,2.360000,4.3690,-3.7022,76.8476,85.1794,-8.3317
PEMAFC-F,0,period_0707,2.400000,4.3637,-3.1400,76.8551,85.1794,-8.3243
PEMAFC-F,0,period_0707,2.453333,4.3573,-4.2249,76.8647,85.1794,-8.3147
PEMAFC-F,0,period_0707,2.506667,4.3502,-3.9212,76.8718,85.1794,-8.3076
PEMAFC-F,0,period_0707,2.560000,0.0805,-0.6190,82.7078,85.1794,-2.4715
PEMAFC-F,0,period_0707,2.600000,-0.7175,11.9358,84.4599,85.1794,-0.7194
PEMAFC-F,0,period_0707,2.653333,-0.8690,8.0125,82.1279,85.1794,-3.0515
PEMAFC-F,0,period_0707,2.706667,0.2363,11.4239,78.6307,85.1794,-6.5487
PEMAFC-F,0,period_0707,2.760000,0.4037,9.8632,79.3773,85.1794,-5.8020
PEMAFC-F,0,period_0707,2.800000,-0.9405,4.2503,84.8486,85.1794,-0.3308
PEMAFC-F,0,period_0707,2.853333,-1.3880,1.7372,84.7874,85.1794,-0.3919
PEMAFC-F,0,period_0707,2.906667,-2.6571,3.6331,87.8781,85.1794,2.6987
PEMAFC-F,0,period_0707,2.960000,-2.2186,2.2143,86.9041,85.1794,1.7247
PEMAFC-F,0,period_0707,3.000000,-2.5208,1.3982,87.6514,85.1794,2.4721
PEMAFC-F,0,period_0707,3.053333,-3.0230,3.8132,87.6914,85.1794,2.5120
PEMAFC-F,0,period_0707,3.106667,-3.4802,5.6189,87.7143,85.1794,2.5349
PEMAFC-F,0,period_0707,3.160000,-3.7619,4.8311,87.7911,85.1794,2.6117
PEMAFC-F,0,period_0707,3.200000,-3.9549,2.1233,87.9663,85.1794,2.7869
PEMAFC-F,0,period_0707,3.253333,-4.2249,2.0445,89.1573,85.1794,3.9779
PEMAFC-F,0,period_0707,3.306667,-4.3627,2.6376,89.5594,85.1794,4.3800
PEMAFC-F,0,period_0707,3.360000,-4.4338,3.1249,89.6204,85.1794,4.4411
PEMAFC-F,0,period_0707,3.400000,-4.4780,2.9656,89.6562,85.1794,4.4769
PEMAFC-F,0,period_0707,3.453333,-4.5239,3.3313,89.6728,85.1794,4.4935
PEMAFC-F,0,period_0707,3.506667,-4.5557,3.1158,89.7077,85.1794,4.5283
PEMAFC-F,0,period_0707,3.560000,-4.5812,2.9672,89.7351,85.1794,4.5557
PEMAFC-F,0,period_0707,3.600000,-4.5922,5.0195,89.7406,85.1794,4.5612
PEMAFC-F,0,period_0707,3.653333,-4.6169,2.9052,89.7732,85.1794,4.5938
PEMAFC-F,0,period_0707,3.706667,-4.6320,3.3016,89.7892,85.1794,4.6098
PEMAFC-F,0,period_0707,3.760000,-4.6416,3.8244,89.7971,85.1794,4.6178
PEMAFC-F,0,period_0707,3.800000,-4.6487,3.5194,89.8012,85.1794,4.6219
PEMAFC-F,0,period_0707,3.853333,-4.6566,2.9044,89.8054,85.1794,4.6260
PEMAFC-F,0,period_0707,3.906667,-4.6634,3.5312,89.8103,85.1794,4.6309
PEMAFC-F,0,period_0707,3.960000,-4.6691,3.4597,89.8163,85.1794,4.6369
PEMAFC-F,0,period_0707,4.000000,-4.6731,4.0288,89.8166,85.1794,4.6372
PEMAFC-F,0,period_0707,4.053333,-4.7037,5.7767,89.7637,85.1794,4.5843
PEMAFC-F,0,period_0707,4.106667,-5.5665,4.9614,94.3580,85.1794,9.1786
PEMAFC-F,0,period_0707,4.160000,-3.0793,4.5953,84.3420,85.1794,-0.8374
PEMAFC-F,0,period_0707,4.200000,-3.0511,4.8553,83.1964,85.1794,-1.9829
PEMAFC-F,0,period_0707,4.253333,-2.0886,7.0463,80.2548,85.1794,-4.9246
PEMAFC-F,0,period_0707,4.306667,-1.9157,8.5967,79.6221,85.1794,-5.5573
PEMAFC-F,0,period_0707,4.360000,-2.4671,5.4095,81.9644,85.1794,-3.2150
PEMAFC-F,0,period_0707,4.400000,-4.6121,4.7843,86.4584,85.1794,1.2791
PEMAFC-F,0,period_0707,4.453333,-3.2359,12.0201,85.6335,85.1794,0.4541
PEMAFC-F,0,period_0707,4.506667,-2.8367,16.8023,84.2262,85.1794,-0.9532
PEMAFC-F,0,period_0707,4.560000,-3.0715,11.0029,82.5463,85.1794,-2.6331
PEMAFC-F,0,period_0707,4.600000,-2.7841,6.3308,81.4016,85.1794,-3.7778
PEMAFC-F,0,period_0707,4.653333,-1.9472,7.8082,80.1530,85.1794,-5.0264
PEMAFC-F,0,period_0707,4.706667,-4.1423,-0.3123,82.2459,85.1794,-2.9335
PEMAFC-F,0,period_0707,4.760000,-4.7421,5.3139,83.8587,85.1794,-1.3206
PEMAFC-F,0,period_0707,4.800000,-4.0518,6.4441,83.1186,85.1794,-2.0608
PEMAFC-F,0,period_0707,4.853333,-3.8903,1.7087,86.5441,85.1794,1.3647
PEMAFC-F,0,period_0707,4.906667,-4.0673,4.4298,86.5242,85.1794,1.3448
PEMAFC-F,0,period_0707,4.960000,-4.2043,5.5788,86.4932,85.1794,1.3138
PEMAFC-F,0,period_0707,5.000000,-4.2852,5.9324,86.4867,85.1794,1.3074
PEMAFC-F,0,period_0707,5.053333,-4.4061,3.9948,86.5029,85.1794,1.3235
PEMAFC-F,0,period_0707,5.106667,-4.6397,2.6090,86.7312,85.1794,1.5518
PEMAFC-F,0,period_0707,5.160000,-4.7839,3.7339,87.0477,85.1794,1.8683
PEMAFC-F,0,period_0707,5.200000,-4.8763,3.9773,87.1784,85.1794,1.9990
PEMAFC-F,0,period_0707,5.253333,-4.9538,3.8994,87.3458,85.1794,2.1664
PEMAFC-F,0,period_0707,5.306667,-5.0137,3.0582,87.3390,85.1794,2.1597
PEMAFC-F,0,period_0707,5.360000,-5.0679,3.0735,87.3253,85.1794,2.1460
PEMAFC-F,0,period_0707,5.400000,-5.0837,4.0632,87.3302,85.1794,2.1508
PEMAFC-F,0,period_0707,5.453333,-5.1073,3.8769,87.3314,85.1794,2.1520
PEMAFC-F,0,period_0707,5.506667,-5.1267,4.4590,87.3414,85.1794,2.1621
PEMAFC-F,0,period_0707,5.560000,-5.1412,4.1786,87.3385,85.1794,2.1591
PEMAFC-F,0,period_0707,5.600000,-5.1552,3.0107,87.3383,85.1794,2.1590
PEMAFC-F,0,period_0707,5.653333,-5.1648,4.5838,87.3381,85.1794,2.1588
PEMAFC-F,0,period_0707,5.706667,-5.1735,3.6849,87.3365,85.1794,2.1571
PEMAFC-F,0,period_0707,5.760000,-5.1862,3.2775,87.3391,85.1794,2.1597
PEMAFC-F,0,period_0707,5.800000,-5.1901,5.5153,87.3383,85.1794,2.1589
PEMAFC-F,0,period_0707,5.853333,-5.3053,4.1410,87.4716,85.1794,2.2922
PEMAFC-F,0,period_0707,5.906667,-4.1856,5.4865,85.7299,85.1794,0.5506
PEMAFC-F,0,period_0707,5.960000,-3.4831,6.6857,85.2235,85.1794,0.0441
PEMAFC-F,0,period_0707,6.000000,-3.6707,5.2543,84.1148,85.1794,-1.0646
PEMAFC-F,0,period_0707,6.053333,0.2736,5.5567,77.6610,85.1794,-7.5183
PEMAFC-F,0,period_0707,6.106667,2.2257,5.0632,73.9493,85.1794,-11.2300
PEMAFC-F,0,period_0707,6.160000,0.7978,5.0652,80.2652,85.1794,-4.9142
PEMAFC-F,0,period_0707,6.200000,0.6855,3.7945,79.7094,85.1794,-5.4699
PEMAFC-F,0,period_0707,6.253333,0.6197,-0.0600,79.8042,85.1794,-5.3752
PEMAFC-F,0,period_0707,6.306667,-2.4259,1.5281,84.7073,85.1794,-0.4721
PEMAFC-F,0,period_0707,6.360000,-1.1101,6.1324,79.6003,85.1794,-5.5791
PEMAFC-F,0,period_0707,6.400000,-0.6601,8.9958,78.9300,85.1794,-6.2493
PEMAFC-F,0,period_0707,6.453333,-0.8656,9.2307,78.4142,85.1794,-6.7652
PEMAFC-F,0,period_0707,6.506667,0.1360,9.3924,80.4698,85.1794,-4.7096
PEMAFC-F,0,period_0707,6.560000,-4.0596,5.7080,84.2511,85.1794,-0.9282
PEMAFC-F,0,period_0707,6.600000,-2.4626,17.0514,83.7578,85.1794,-1.4216
PEMAFC-F,0,period_0707,6.653333,-3.6508,15.2311,84.4048,85.1794,-0.7746
PEMAFC-F,0,period_0707,6.706667,-3.8389,12.7116,84.6778,85.1794,-0.5016
PEMAFC-F,0,period_0707,6.760000,-4.7385,8.8084,85.0012,85.1794,-0.1781
PEMAFC-F,0,period_0707,6.800000,-4.7537,10.3555,83.1755,85.1794,-2.0038
PEMAFC-F,0,period_0707,6.853333,-4.6870,3.2616,81.1746,85.1794,-4.0047
PEMAFC-F,0,period_0707,6.906667,-4.9260,6.8578,81.3858,85.1794,-3.7936
PEMAFC-F,0,period_0707,6.960000,-3.7622,8.0295,81.3555,85.1794,-3.8238
PEMAFC-F,0,period_0707,7.000000,-1.6324,7.5312,81.2280,85.1794,-3.9513
PEMAFC-F,0,period_0707,7.053333,-1.7261,0.9769,81.5889,85.1794,-3.5905
PEMAFC-F,0,period_0707,7.106667,-1.7485,4.0516,81.5852,85.1794,-3.5941
PEMAFC-F,0,period_0707,7.160000,-1.7632,6.1431,81.6549,85.1794,-3.5245
PEMAFC-F,0,period_0707,7.200000,-4.3337,1.5947,82.9777,85.1794,-2.2016
PEMAFC-F,0,period_0707,7.253333,-5.0521,4.1878,82.7540,85.1794,-2.4254
PEMAFC-F,0,period_0707,7.306667,-5.0295,7.7476,82.2827,85.1794,-2.8967
PEMAFC-F,0,period_0707,7.360000,-5.0353,8.6059,81.8308,85.1794,-3.3485
PEMAFC-F,0,period_0707,7.400000,-4.6640,9.3229,81.7438,85.1794,-3.4355
PEMAFC-F,0,period_0707,7.453333,-4.2257,5.3087,81.6020,85.1794,-3.5774
PEMAFC-F,0,period_0707,7.506667,-4.5726,7.7932,80.9569,85.1794,-4.2224
PEMAFC-F,0,period_0707,7.560000,-3.7493,7.2804,80.6490,85.1794,-4.5304
PEMAFC-F,0,period_0707,7.600000,-3.1076,3.4324,80.4988,85.1794,-4.6806
PEMAFC-F,0,period_0707,7.653333,-2.5973,8.7127,82.2949,85.1794,-2.8844
PEMAFC-F,0,period_0707,7.706667,-3.1083,13.2257,81.0637,85.1794,-4.1156
PEMAFC-F,0,period_0707,7.760000,-3.3753,11.7711,80.6688,85.1794,-4.5106
PEMAFC-F,0,period_0707,7.800000,-3.8667,7.0071,80.4618,85.1794,-4.7176
PEMAFC-F,0,period_0707,7.853333,-3.0653,11.5209,80.4579,85.1794,-4.7214
PEMAFC-F,0,period_0707,7.906667,-3.5714,12.7620,80.3838,85.1794,-4.7956
PEMAFC-F,0,period_0707,7.960000,-3.0592,12.7868,80.1900,85.1794,-4.9894
PEMAFC-F,0,period_0707,8.000000,-1.3435,14.1646,80.0582,85.1794,-5.1212
PEMAFC-F,0,period_0707,8.053333,-0.5513,13.9515,80.3021,85.1794,-4.8773
PEMAFC-F,0,period_0707,8.106667,1.5155,1.5588,74.0966,85.1794,-11.0828
PEMAFC-F,0,period_0707,8.160000,-1.1890,3.3343,77.9915,85.1794,-7.1878
PEMAFC-F,0,period_0707,8.200000,-2.8107,9.1840,77.7419,85.1794,-7.4375
PEMAFC-F,0,period_0707,8.253333,-3.4339,10.9507,77.7365,85.1794,-7.4429
PEMAFC-F,0,period_0707,8.306667,-4.2344,14.1101,77.7794,85.1794,-7.4000
PEMAFC-F,0,period_0707,8.360000,-3.3735,16.8238,77.7649,85.1794,-7.4144
PEMAFC-F,0,period_0707,8.400000,-3.4058,11.0528,77.9281,85.1794,-7.2513
PEMAFC-F,0,period_0707,8.453333,-3.9334,5.3419,77.7237,85.1794,-7.4557
PEMAFC-F,0,period_0707,8.506667,-3.9771,12.3594,78.0321,85.1794,-7.1473
PEMAFC-F,0,period_0707,8.560000,-3.9150,13.0605,78.1531,85.1794,-7.0262
PEMAFC-F,0,period_0707,8.600000,-3.5517,12.5160,78.1315,85.1794,-7.0479
PEMAFC-F,0,period_0707,8.653333,-3.9645,12.0110,78.1495,85.1794,-7.0299
PEMAFC-F,0,period_0707,8.706667,-4.0501,10.7801,78.0448,85.1794,-7.1345
PEMAFC-F,0,period_0707,8.760000,-3.3785,11.8322,77.8303,85.1794,-7.3491
PEMAFC-F,0,period_0707,8.800000,-3.2268,12.2557,77.4826,85.1794,-7.6967
PEMAFC-F,0,period_0707,8.853333,-0.5683,16.1152,77.5180,85.1794,-7.6613
PEMAFC-F,0,period_0707,8.906667,4.3188,16.0815,73.5695,85.1794,-11.6099
PEMAFC-F,0,period_0707,8.960000,4.3884,5.6443,73.6140,85.1794,-11.5654
PEMAFC-F,0,period_0707,9.000000,3.7846,-2.4920,74.1561,85.1794,-11.0232
PEMAFC-F,0,period_0707,9.053333,2.6441,-3.1575,75.6217,85.1794,-9.5577
PEMAFC-F,0,period_0707,9.106667,2.3693,-3.8479,75.7984,85.1794,-9.3809
PEMAFC-F,0,period_0707,9.160000,2.1933,-2.6329,75.9302,85.1794,-9.2492
PEMAFC-F,0,period_0707,9.200000,2.0865,-2.4180,75.9759,85.1794,-9.2035
PEMAFC-F,0,period_0707,9.253333,1.9787,-0.9149,76.0664,85.1794,-9.1130
PEMAFC-F,0,period_0707,9.306667,1.8957,-2.3950,76.1611,85.1794,-9.0183
PEMAFC-F,0,period_0707,9.360000,1.8483,-1.2487,76.1838,85.1794,-8.9955
PEMAFC-F,0,period_0707,9.400000,1.8063,-1.4749,76.2150,85.1794,-8.9644
PEMAFC-F,0,period_0707,9.453333,1.7563,-1.3392,76.2702,85.1794,-8.9091
PEMAFC-F,0,period_0707,9.506667,1.6936,-1.3294,76.3307,85.1794,-8.8487
PEMAFC-F,0,period_0707,9.560000,1.6262,-0.9898,76.3945,85.1794,-8.7849
PEMAFC-F,0,period_0707,9.600000,1.5634,-2.2512,76.4522,85.1794,-8.7271
PEMAFC-F,0,period_0707,9.653333,1.4919,-0.6793,76.5009,85.1794,-8.6785
PEMAFC-F,0,period_0707,9.706667,1.4040,-0.5343,76.5710,85.1794,-8.6083
PEMAFC-F,0,period_0707,9.760000,1.3166,-0.7006,76.6701,85.1794,-8.5093
PEMAFC-F,0,period_0707,9.800000,1.2718,0.5403,76.7385,85.1794,-8.4409
PEMAFC-F,0,period_0707,9.853333,1.2200,-1.2844,76.7998,85.1794,-8.3796
PEMAFC-F,0,period_0707,9.906667,1.1852,0.4460,76.8284,85.1794,-8.3510
PEMAFC-F,0,period_0707,9.960000,-1.2206,-2.5312,79.6824,85.1794,-5.4970
PEMAFC-F,0,period_0707,10.000000,0.0235,1.7391,82.1561,85.1794,-3.0232
PEMAFC-F,1,period_0856,10.013333,-0.5764,-40.2223,76.6862,75.6790,1.0072
PEMAFC-F,1,period_0856,10.053333,-0.5782,0.8250,76.6880,75.6790,1.0090
PEMAFC-F,1,period_0856,10.106667,-0.5808,0.4072,76.6899,75.6790,1.0109
PEMAFC-F,1,period_0856,10.160000,-0.5833,1.0887,76.6912,75.6790,1.0122
PEMAFC-F,1,period_0856,10.200000,-0.5849,0.9384,76.6922,75.6790,1.0131
PEMAFC-F,1,period_0856,10.253333,-0.5873,0.2934,76.6931,75.6790,1.0141
PEMAFC-F,1,period_0856,10.306667,-0.5897,1.1110,76.6940,75.6790,1.0150
PEMAFC-F,1,period_0856,10.360000,-0.5924,0.0893,76.6950,75.6790,1.0160
PEMAFC-F,1,period_0856,10.400000,-0.5942,0.9045,76.6961,75.6790,1.0171
PEMAFC-F,1,period_0856,10.453333,-0.5969,0.0889,76.6971,75.6790,1.0180
PEMAFC-F,1,period_0856,10.506667,-0.5991,-0.1111,76.6983,75.6790,1.0193
PEMAFC-F,1,period_0856,10.560000,-0.6013,0.3407,76.6994,75.6790,1.0204
PEMAFC-F,1,period_0856,10.600000,-0.6033,0.6077,76.7006,75.6790,1.0216
PEMAFC-F,1,period_0856,10.653333,-0.6062,0.4701,76.7015,75.6790,1.0225
PEMAFC-F,1,period_0856,10.706667,-0.6102,0.6312,76.7038,75.6790,1.0248
PEMAFC-F,1,period_0856,10.760000,-0.6144,0.8352,76.7056,75.6790,1.0266
PEMAFC-F,1,period_0856,10.800000,-0.6568,0.2526,76.8616,75.6790,1.1826
PEMAFC-F,1,period_0856,10.853333,-0.9488,1.1071,77.0694,75.6790,1.3904
PEMAFC-F,1,period_0856,10.906667,-1.9072,1.8088,77.4249,75.6790,1.7459
PEMAFC-F,1,period_0856,10.960000,-2.5844,8.9601,77.8590,75.6790,2.1799
PEMAFC-F,1,period_0856,11.000000,-2.6117,9.0166,77.9379,75.6790,2.2589
PEMAFC-F,1,period_0856,11.053333,-2.4648,7.9430,77.9472,75.6790,2.2682
PEMAFC-F,1,period_0856,11.106667,-2.3519,14.6636,77.9318,75.6790,2.2528
PEMAFC-F,1,period_0856,11.160000,-2.6197,5.9624,77.8084,75.6790,2.1293
PEMAFC-F,1,period_0856,11.200000,-2.5211,10.5668,77.7718,75.6790,2.0927
PEMAFC-F,1,period_0856,11.253333,-2.0038,9.3630,74.5817,75.6790,-1.0973
PEMAFC-F,1,period_0856,11.306667,-1.5421,10.6070,73.0191,75.6790,-2.6600
PEMAFC-F,1,period_0856,11.360000,-1.9309,-2.8606,75.0930,75.6790,-0.5860
PEMAFC-F,1,period_0856,11.400000,-2.0771,-6.2321,76.2959,75.6790,0.6169
PEMAFC-F,1,period_0856,11.453333,-2.1935,-4.1334,77.4691,75.6790,1.7901
PEMAFC-F,1,period_0856,11.506667,-2.2702,-4.9895,77.8830,75.6790,2.2040
PEMAFC-F,1,period_0856,11.560000,-2.3099,-1.9832,77.8911,75.6790,2.2121
PEMAFC-F,1,period_0856,11.600000,-2.3341,-3.1211,77.8964,75.6790,2.2174
PEMAFC-F,1,period_0856,11.653333,-2.3571,-2.9133,77.9040,75.6790,2.2249
PEMAFC-F,1,period_0856,11.706667,-2.3745,-1.7144,77.9105,75.6790,2.2314
PEMAFC-F,1,period_0856,11.760000,-2.3886,-2.2521,77.9233,75.6790,2.2443
PEMAFC-F,1,period_0856,11.800000,-2.3969,-1.9107,77.9260,75.6790,2.2470
PEMAFC-F,1,period_0856,11.853333,-2.4078,-1.7122,77.9285,75.6790,2.2494
PEMAFC-F,1,period_0856,11.906667,-2.4156,-2.3278,77.9314,75.6790,2.2524
PEMAFC-F,1,period_0856,11.960000,-2.4218,-1.6298,77.9334,75.6790,2.2544
PEMAFC-F,1,period_0856,12.000000,-2.4258,-0.3095,77.9377,75.6790,2.2587
PEMAFC-F,1,period_0856,12.053333,-2.4301,-1.1946,77.9404,75.6790,2.2614
PEMAFC-F,1,period_0856,12.106667,-2.4347,-1.0955,77.9420,75.6790,2.2630
PEMAFC-F,1,period_0856,12.160000,-2.4397,0.0287,77.9436,75.6790,2.2646
PEMAFC-F,1,period_0856,12.200000,-2.4436,-2.9582,77.9469,75.6790,2.2679
PEMAFC-F,1,period_0856,12.253333,-2.4487,-0.5720,77.9485,75.6790,2.2695
PEMAFC-F,1,period_0856,12.306667,-2.4535,-2.2346,77.9498,75.6790,2.2708
PEMAFC-F,1,period_0856,12.360000,-2.4571,-1.5526,77.9523,75.6790,2.2733
PEMAFC-F,1,period_0856,12.400000,-2.4602,-1.2537,77.9536,75.6790,2.2746
PEMAFC-F,1,period_0856,12.453333,-2.4637,-0.8187,77.9564,75.6790,2.2774
PEMAFC-F,1,period_0856,12.506667,-2.4675,-1.0762,77.9584,75.6790,2.2793
PEMAFC-F,1,period_0856,12.560000,-2.8383,9.4493,77.9409,75.6790,2.2619
PEMAFC-F,1,period_0856,12.600000,-2.8686,12.1575,77.9391,75.6790,2.2601
PEMAFC-F,1,period_0856,12.653333,-3.3287,10.3347,78.6969,75.6790,3.0178
PEMAFC-F,1,period_0856,12.706667,-3.5580,9.4941,79.1141,75.6790,3.4351
PEMAFC-F,1,period_0856,12.760000,-3.6192,9.4792,80.0760,75.6790,4.3970
PEMAFC-F,1,period_0856,12.800000,-3.8777,3.2939,81.1405,75.6790,5.4615
PEMAFC-F,1,period_0856,12.853333,-4.0473,1.4869,81.4172,75.6790,5.7381
PEMAFC-F,1,period_0856,12.906667,-4.4190,7.4471,81.5359,75.6790,5.8569
PEMAFC-F,1,period_0856,12.960000,-4.0069,5.7501,82.0765,75.6790,6.3975
PEMAFC-F,1,period_0856,13.000000,-4.2526,3.1086,82.1364,75.6790,6.4573
PEMAFC-F,1,period_0856,13.053333,-4.5867,4.4533,82.1621,75.6790,6.4830
PEMAFC-F,1,period_0856,13.106667,-4.9628,4.4771,82.1864,75.6790,6.5074
PEMAFC-F,1,period_0856,13.160000,-5.2346,4.0434,82.2186,75.6790,6.5396
PEMAFC-F,1,period_0856,13.200000,-5.4361,3.2025,82.2575,75.6790,6.5785
PEMAFC-F,1,period_0856,13.253333,-5.6589,1.1524,82.3118,75.6790,6.6327
PEMAFC-F,1,period_0856,13.306667,-5.7532,1.1938,82.3808,75.6790,6.7017
PEMAFC-F,1,period_0856,13.360000,-5.7941,3.5696,82.4077,75.6790,6.7287
PEMAFC-F,1,period_0856,13.400000,-5.8209,2.7597,82.4156,75.6790,6.7366
PEMAFC-F,1,period_0856,13.453333,-5.8487,3.1709,82.4384,75.6790,6.7594
PEMAFC-F,1,period_0856,13.506667,-5.8670,3.7290,82.4458,75.6790,6.7668
PEMAFC-F,1,period_0856,13.560000,-5.8824,3.1155,82.4521,75.6790,6.7731
PEMAFC-F,1,period_0856,13.600000,-5.8927,3.6969,82.4605,75.6790,6.7815
PEMAFC-F,1,period_0856,13.653333,-5.9071,3.6286,82.4769,75.6790,6.7979
PEMAFC-F,1,period_0856,13.706667,-5.9176,3.1316,82.4812,75.6790,6.8022
PEMAFC-F,1,period_0856,13.760000,-5.9249,3.4120,82.4855,75.6790,6.8065
PEMAFC-F,1,period_0856,13.800000,-5.9302,3.8755,82.4892,75.6790,6.8102
PEMAFC-F,1,period_0856,13.853333,-5.9355,3.0155,82.4922,75.6790,6.8131
PEMAFC-F,1,period_0856,13.906667,-5.9403,3.4420,82.4948,75.6790,6.8158
PEMAFC-F,1,period_0856,13.960000,-5.9441,4.6949,82.4967,75.6790,6.8177
PEMAFC-F,1,period_0856,14.000000,-5.9476,2.9129,82.4983,75.6790,6.8193
PEMAFC-F,1,period_0856,14.053333,-6.0227,1.4528,82.4966,75.6790,6.8176
PEMAFC-F,1,period_0856,14.106667,-7.3878,5.6241,82.9359,75.6790,7.2569
PEMAFC-F,1,period_0856,14.160000,-8.6051,5.7274,84.0927,75.6790,8.4136
PEMAFC-F,1,period_0856,14.200000,-9.4160,9.3446,85.2565,75.6790,9.5775
PEMAFC-F,1,period_0856,14.253333,-9.4307,9.1962,85.7168,75.6790,10.0378
PEMAFC-F,1,period_0856,14.306667,-9.5191,10.1973,83.8700,75.6790,8.1910
PEMAFC-F,1,period_0856,14.360000,-9.9460,6.5960,81.9722,75.6790,6.2932
PEMAFC-F,1,period_0856,14.400000,-9.5252,5.5619,79.6743,75.6790,3.9953
PEMAFC-F,1,period_0856,14.453333,-8.9793,9.4295,82.0122,75.6790,6.3332
PEMAFC-F,1,period_0856,14.506667,-8.8082,13.6947,80.5744,75.6790,4.8954
PEMAFC-F,1,period_0856,14.560000,-8.7435,10.4947,81.1212,75.6790,5.4421
PEMAFC-F,1,period_0856,14.600000,-8.3102,9.7852,80.7834,75.6790,5.1044
PEMAFC-F,1,period_0856,14.653333,-7.7214,11.3509,79.4184,75.6790,3.7393
PEMAFC-F,1,period_0856,14.706667,-9.4078,1.9365,86.6361,75.6790,10.9570
PEMAFC-F,1,period_0856,14.760000,-10.2654,8.3825,86.8335,75.6790,11.1545
PEMAFC-F,1,period_0856,14.800000,-9.7631,9.5243,86.9195,75.6790,11.2404
PEMAFC-F,1,period_0856,14.853333,-9.4351,3.5902,87.4631,75.6790,11.7841
PEMAFC-F,1,period_0856,14.906667,-9.7531,6.4672,87.4862,75.6790,11.8071
PEMAFC-F,1,period_0856,14.960000,-9.9248,7.8029,87.4899,75.6790,11.8109
PEMAFC-F,1,period_0856,15.000000,-10.0727,7.4862,87.5026,75.6790,11.8236
PEMAFC-F,1,period_0856,15.053333,-10.2557,6.6470,87.5496,75.6790,11.8705
PEMAFC-F,1,period_0856,15.106667,-10.5464,3.4967,87.6541,75.6790,11.9751
PEMAFC-F,1,period_0856,15.160000,-10.7049,2.5547,87.8062,75.6790,12.1271
PEMAFC-F,1,period_0856,15.200000,-10.7989,3.8481,87.8584,75.6790,12.1794
PEMAFC-F,1,period_0856,15.253333,-10.8863,4.4748,87.8748,75.6790,12.1958
PEMAFC-F,1,period_0856,15.306667,-10.9428,4.1874,87.8999,75.6790,12.2209
PEMAFC-F,1,period_0856,15.360000,-10.9912,4.5881,87.9285,75.6790,12.2494
PEMAFC-F,1,period_0856,15.400000,-11.0110,5.9456,87.9345,75.6790,12.2555
PEMAFC-F,1,period_0856,15.453333,-11.0329,4.6415,87.9370,75.6790,12.2580
PEMAFC-F,1,period_0856,15.506667,-11.0514,4.9455,87.9561,75.6790,12.2771
PEMAFC-F,1,period_0856,15.560000,-11.0685,4.7652,87.9746,75.6790,12.2955
PEMAFC-F,1,period_0856,15.600000,-11.0787,6.3660,87.9862,75.6790,12.3072
PEMAFC-F,1,period_0856,15.653333,-11.0888,5.0258,87.9931,75.6790,12.3141
PEMAFC-F,1,period_0856,15.706667,-11.0968,5.5316,87.9989,75.6790,12.3198
PEMAFC-F,1,period_0856,15.760000,-11.1073,5.2240,88.0098,75.6790,12.3308
PEMAFC-F,1,period_0856,15.800000,-11.1127,5.4637,88.0159,75.6790,12.3369
PEMAFC-F,1,period_0856,15.853333,-11.3760,7.9554,87.9750,75.6790,12.2960
PEMAFC-F,1,period_0856,15.906667,-12.2654,10.3629,87.6737,75.6790,11.9947
PEMAFC-F,1,period_0856,15.960000,-11.8144,10.7048,84.6771,75.6790,8.9981
PEMAFC-F,1,period_0856,16.000000,-11.7573,10.3129,84.4865,75.6790,8.8075
PEMAFC-F,1,period_0856,16.053333,-8.8004,4.5637,79.1195,75.6790,3.4405
PEMAFC-F,1,period_0856,16.106667,-9.2584,5.5658,78.4707,75.6790,2.7916
PEMAFC-F,1,period_0856,16.160000,-10.6141,7.8433,77.9965,75.6790,2.3175
PEMAFC-F,1,period_0856,16.200000,-10.9359,1.4173,78.5366,75.6790,2.8576
PEMAFC-F,1,period_0856,16.253333,-11.0346,5.1807,78.6112,75.6790,2.9322
PEMAFC-F,1,period_0856,16.306667,-11.6202,7.1481,79.4189,75.6790,3.7399
PEMAFC-F,1,period_0856,16.360000,-10.7697,6.5812,78.1750,75.6790,2.4960
PEMAFC-F,1,period_0856,16.400000,-9.4180,11.7337,77.0388,75.6790,1.3598
PEMAFC-F,1,period_0856,16.453333,-9.9978,7.0951,76.8166,75.6790,1.1376
PEMAFC-F,1,period_0856,16.506667,-9.1590,10.1053,77.8212,75.6790,2.1421
PEMAFC-F,1,period_0856,16.560000,-9.7691,5.9532,82.6335,75.6790,6.9544
PEMAFC-F,1,period_0856,16.600000,-8.7647,16.5376,79.0000,75.6790,3.3210
PEMAFC-F,1,period_0856,16.653333,-9.0183,14.9091,81.7791,75.6790,6.1001
PEMAFC-F,1,period_0856,16.706667,-9.1382,12.1854,81.1046,75.6790,5.4256
PEMAFC-F,1,period_0856,16.760000,-9.6697,10.2948,83.1949,75.6790,7.5159
PEMAFC-F,1,period_0856,16.800000,-9.6615,10.5333,82.4819,75.6790,6.8029
PEMAFC-F,1,period_0856,16.853333,-9.8259,3.1670,83.1345,75.6790,7.4555
PEMAFC-F,1,period_0856,16.906667,-10.5179,5.0605,84.5102,75.6790,8.8312
PEMAFC-F,1,period_0856,16.960000,-10.2256,7.8024,86.0593,75.6790,10.3802
PEMAFC-F,1,period_0856,17.000000,-8.7788,7.5323,77.7261,75.6790,2.0471
PEMAFC-F,1,period_0856,17.053333,-8.8861,0.8996,78.3075,75.6790,2.6285
PEMAFC-F,1,period_0856,17.106667,-8.9229,5.2750,78.3404,75.6790,2.6614
PEMAFC-F,1,period_0856,17.160000,-8.9511,6.6125,78.3729,75.6790,2.6938
PEMAFC-F,1,period_0856,17.200000,-10.3351,8.2558,82.2481,75.6790,6.5691
PEMAFC-F,1,period_0856,17.253333,-10.5534,4.9146,83.3512,75.6790,7.6722
PEMAFC-F,1,period_0856,17.306667,-10.5151,9.6415,84.5934,75.6790,8.9143
PEMAFC-F,1,period_0856,17.360000,-10.5514,9.5222,83.9383,75.6790,8.2593
PEMAFC-F,1,period_0856,17.400000,-10.3486,9.3367,83.2670,75.6790,7.5880
PEMAFC-F,1,period_0856,17.453333,-11.1540,7.0338,89.6033,75.6790,13.9243
PEMAFC-F,1,period_0856,17.506667,-11.1868,8.6478,81.6005,75.6790,5.9215
PEMAFC-F,1,period_0856,17.560000,-11.0355,9.0683,80.4956,75.6790,4.8166
PEMAFC-F,1,period_0856,17.600000,-10.3333,4.2713,82.4104,75.6790,6.7314
PEMAFC-F,1,period_0856,17.653333,-8.1187,5.9400,80.2010,75.6790,4.5220
PEMAFC-F,1,period_0856,17.706667,-9.5390,10.0940,81.4337,75.6790,5.7546
PEMAFC-F,1,period_0856,17.760000,-10.3454,11.0342,83.5393,75.6790,7.8603
PEMAFC-F,1,period_0856,17.800000,-11.0113,9.1138,84.8316,75.6790,9.1526
PEMAFC-F,1,period_0856,17.853333,-10.1232,11.8427,80.9810,75.6790,5.3020
PEMAFC-F,1,period_0856,17.906667,-9.9620,14.0244,80.5333,75.6790,4.8543
PEMAFC-F,1,period_0856,17.960000,-9.5089,13.5361,79.2738,75.6790,3.5948
PEMAFC-F,1,period_0856,18.000000,-9.2561,13.6838,76.8018,75.6790,1.1228
PEMAFC-F,1,period_0856,18.053333,-8.8686,11.2291,76.7388,75.6790,1.0597
PEMAFC-F,1,period_0856,18.106667,-7.5832,2.8428,78.8232,75.6790,3.1442
PEMAFC-F,1,period_0856,18.160000,-9.8500,6.3143,81.1545,75.6790,5.4755
PEMAFC-F,1,period_0856,18.200000,-10.5385,10.9409,81.5072,75.6790,5.8282
PEMAFC-F,1,period_0856,18.253333,-10.6729,10.3134,83.3708,75.6790,7.6918
PEMAFC-F,1,period_0856,18.306667,-10.5578,13.6468,84.3060,75.6790,8.6270
PEMAFC-F,1,period_0856,18.360000,-10.2287,15.1244,81.8349,75.6790,6.1558
PEMAFC-F,1,period_0856,18.400000,-10.1257,11.6209,81.8552,75.6790,6.1761
PEMAFC-F,1,period_0856,18.453333,-10.3220,8.2280,84.9767,75.6790,9.2977
PEMAFC-F,1,period_0856,18.506667,-10.4842,10.6900,84.4076,75.6790,8.7286
PEMAFC-F,1,period_0856,18.560000,-10.6077,13.1261,86.8218,75.6790,11.1428
PEMAFC-F,1,period_0856,18.600000,-10.3922,13.4291,84.3138,75.6790,8.6347
PEMAFC-F,1,period_0856,18.653333,-10.3231,14.0302,84.2647,75.6790,8.5857
PEMAFC-F,1,period_0856,18.706667,-10.2976,12.3911,84.6710,75.6790,8.9920
PEMAFC-F,1,period_0856,18.760000,-9.8838,9.5566,80.9570,75.6790,5.2779
PEMAFC-F,1,period_0856,18.800000,-9.6918,10.8260,82.3897,75.6790,6.7107
PEMAFC-F,1,period_0856,18.853333,-8.6723,12.6201,75.6097,75.6790,-0.0693
PEMAFC-F,1,period_0856,18.906667,-5.8430,15.2473,71.6246,75.6790,-4.0544
PEMAFC-F,1,period_0856,18.960000,-6.2383,4.4601,72.6314,75.6790,-3.0476
PEMAFC-F,1,period_0856,19.000000,-7.2751,-4.7181,74.1088,75.6790,-1.5702
PEMAFC-F,1,period_0856,19.053333,-8.2215,-0.0704,75.4087,75.6790,-0.2704
PEMAFC-F,1,period_0856,19.106667,-8.6515,-3.3867,76.0866,75.6790,0.4075
PEMAFC-F,1,period_0856,19.160000,-9.0156,-3.1620,76.6932,75.6790,1.0142
PEMAFC-F,1,period_0856,19.200000,-9.2449,-1.5077,77.0071,75.6790,1.3281
PEMAFC-F,1,period_0856,19.253333,-9.4813,-1.9420,77.4199,75.6790,1.7408
PEMAFC-F,1,period_0856,19.306667,-9.6313,-2.2532,77.6712,75.6790,1.9922
PEMAFC-F,1,period_0856,19.360000,-9.7526,-1.8247,77.8743,75.6790,2.1953
PEMAFC-F,1,period_0856,19.400000,-9.8318,-0.7799,78.0129,75.6790,2.3339
PEMAFC-F,1,period_0856,19.453333,-9.9271,0.6598,78.1676,75.6790,2.4886
PEMAFC-F,1,period_0856,19.506667,-10.0242,0.3177,78.3357,75.6790,2.6566
PEMAFC-F,1,period_0856,19.560000,-10.1548,1.5512,78.5432,75.6790,2.8642
PEMAFC-F,1,period_0856,19.600000,-10.2405,2.1883,78.7057,75.6790,3.0266
PEMAFC-F,1,period_0856,19.653333,-10.3968,0.9086,78.9943,75.6790,3.3153
PEMAFC-F,1,period_0856,19.706667,-10.5376,1.9156,79.2574,75.6790,3.5784
PEMAFC-F,1,period_0856,19.760000,-10.6390,1.9546,79.4751,75.6790,3.7961
PEMAFC-F,1,period_0856,19.800000,-10.6891,1.4913,79.5710,75.6790,3.8920
PEMAFC-F,1,period_0856,19.853333,-10.7489,0.8032,79.6883,75.6790,4.0093
PEMAFC-F,1,period_0856,19.906667,-10.8068,0.7384,79.8072,75.6790,4.1281
PEMAFC-F,1,period_0856,19.960000,-13.6059,5.5436,83.3081,75.6790,7.6291
PEMAFC-F,1,period_0856,20.000000,-11.3759,6.3058,81.1584,75.6790,5.4794
PEMAFC-F,2,period_0916,20.013333,-3.2369,-45.7016,77.3882,76.8005,0.5877
PEMAFC-F,2,period_0916,20.053333,-3.2405,-7.2120,77.3961,76.8005,0.5956
PEMAFC-F,2,period_0916,20.106667,-3.2454,-6.3982,77.4069,76.8005,0.6064
PEMAFC-F,2,period_0916,20.160000,-3.2510,-6.4547,77.4194,76.8005,0.6190
PEMAFC-F,2,period_0916,20.200000,-3.2547,-7.3900,77.4284,76.8005,0.6279
PEMAFC-F,2,period_0916,20.253333,-3.2587,-7.1896,77.4387,76.8005,0.6382
PEMAFC-F,2,period_0916,20.306667,-3.2633,-6.0667,77.4543,76.8005,0.6538
PEMAFC-F,2,period_0916,20.360000,-3.2683,-5.3848,77.4640,76.8005,0.6635
PEMAFC-F,2,period_0916,20.400000,-3.2717,-7.9683,77.4717,76.8005,0.6712
PEMAFC-F,2,period_0916,20.453333,-3.2764,-7.2126,77.4829,76.8005,0.6824
PEMAFC-F,2,period_0916,20.506667,-3.2807,-6.1294,77.4889,76.8005,0.6884
PEMAFC-F,2,period_0916,20.560000,-3.2848,-7.4616,77.4964,76.8005,0.6959
PEMAFC-F,2,period_0916,20.600000,-3.2887,-7.1372,77.5064,76.8005,0.7059
PEMAFC-F,2,period_0916,20.653333,-3.2941,-6.4879,77.5220,76.8005,0.7215
PEMAFC-F,2,period_0916,20.706667,-3.3021,-6.8365,77.5409,76.8005,0.7404
PEMAFC-F,2,period_0916,20.760000,-3.3108,-7.0092,77.5633,76.8005,0.7628
PEMAFC-F,2,period_0916,20.800000,-3.3282,-0.4321,77.5729,76.8005,0.7724
PEMAFC-F,2,period_0916,20.853333,-3.5154,3.4662,77.6030,76.8005,0.8025
PEMAFC-F,2,period_0916,20.906667,-4.2067,5.4802,77.6134,76.8005,0.8129
PEMAFC-F,2,period_0916,20.960000,-5.5671,5.7964,82.4589,76.8005,5.6584
PEMAFC-F,2,period_0916,21.000000,-5.7256,6.3843,81.7951,76.8005,4.9946
PEMAFC-F,2,period_0916,21.053333,-5.3678,6.7749,82.5847,76.8005,5.7842
PEMAFC-F,2,period_0916,21.106667,-5.3112,9.2876,79.7707,76.8005,2.9702
PEMAFC-F,2,period_0916,21.160000,-5.6959,5.8499,82.3707,76.8005,5.5702
PEMAFC-F,2,period_0916,21.200000,-5.4831,8.4672,78.2127,76.8005,1.4122
PEMAFC-F,2,period_0916,21.253333,-5.2082,6.5874,77.4337,76.8005,0.6332
PEMAFC-F,2,period_0916,21.306667,-4.5358,7.0570,73.2377,76.8005,-3.5628
PEMAFC-F,2,period_0916,21.360000,-4.7320,-0.3983,73.8410,76.8005,-2.9595
PEMAFC-F,2,period_0916,21.400000,-4.8073,-3.0000,74.0929,76.8005,-2.7076
PEMAFC-F,2,period_0916,21.453333,-4.8620,-3.7647,74.3523,76.8005,-2.4482
PEMAFC-F,2,period_0916,21.506667,-4.8983,-3.4345,74.5122,76.8005,-2.2883
PEMAFC-F,2,period_0916,21.560000,-4.9183,-2.7885,74.6073,76.8005,-2.1932
PEMAFC-F,2,period_0916,21.600000,-4.9295,-2.4327,74.6640,76.8005,-2.1365
PEMAFC-F,2,period_0916,21.653333,-4.9411,-2.9433,74.7171,76.8005,-2.0834
PEMAFC-F,2,period_0916,21.706667,-4.9507,-1.8263,74.7571,76.8005,-2.0434
PEMAFC-F,2,period_0916,21.760000,-4.9577,-1.2470,74.7892,76.8005,-2.0113
PEMAFC-F,2,period_0916,21.800000,-4.9625,-1.8291,74.8092,76.8005,-1.9913
PEMAFC-F,2,period_0916,21.853333,-4.9693,-2.1254,74.8378,76.8005,-1.9627
PEMAFC-F,2,period_0916,21.906667,-4.9740,-1.1347,74.8563,76.8005,-1.9442
PEMAFC-F,2,period_0916,21.960000,-4.9788,-2.5312,74.8735,76.8005,-1.9270
PEMAFC-F,2,period_0916,22.000000,-4.9808,-1.2683,74.8811,76.8005,-1.9194
PEMAFC-F,2,period_0916,22.053333,-4.9830,-1.5061,74.8911,76.8005,-1.9094
PEMAFC-F,2,period_0916,22.106667,-4.9856,-1.1703,74.9019,76.8005,-1.8986
PEMAFC-F,2,period_0916,22.160000,-4.9888,-1.6967,74.9133,76.8005,-1.8872
PEMAFC-F,2,period_0916,22.200000,-4.9908,-2.2899,74.9211,76.8005,-1.8794
PEMAFC-F,2,period_0916,22.253333,-4.9933,-1.0564,74.9309,76.8005,-1.8696
PEMAFC-F,2,period_0916,22.306667,-4.9958,-1.3795,74.9426,76.8005,-1.8579
PEMAFC-F,2,period_0916,22.360000,-4.9979,-1.8956,74.9514,76.8005,-1.8491
PEMAFC-F,2,period_0916,22.400000,-4.9996,-1.9502,74.9583,76.8005,-1.8422
PEMAFC-F,2,period_0916,22.453333,-5.0017,-1.3543,74.9661,76.8005,-1.8344
PEMAFC-F,2,period_0916,22.506667,-5.0045,-1.4178,74.9752,76.8005,-1.8253
PEMAFC-F,2,period_0916,22.560000,-5.7778,3.9503,78.9030,76.8005,2.1025
PEMAFC-F,2,period_0916,22.600000,-5.9077,8.7137,78.9152,76.8005,2.1147
PEMAFC-F,2,period_0916,22.653333,-5.8954,8.3601,79.1117,76.8005,2.3112
PEMAFC-F,2,period_0916,22.706667,-5.6830,12.1606,79.0216,76.8005,2.2212
PEMAFC-F,2,period_0916,22.760000,-5.6963,7.2866,79.0269,76.8005,2.2264
PEMAFC-F,2,period_0916,22.800000,-5.8121,0.6613,79.6774,76.8005,2.8769
PEMAFC-F,2,period_0916,22.853333,-6.5206,0.6724,80.9222,76.8005,4.1217
PEMAFC-F,2,period_0916,22.906667,-7.1494,0.0133,83.3980,76.8005,6.5975
PEMAFC-F,2,period_0916,22.960000,-7.2101,1.3687,80.7629,76.8005,3.9624
PEMAFC-F,2,period_0916,23.000000,-7.9269,3.8971,80.5568,76.8005,3.7563
PEMAFC-F,2,period_0916,23.053333,-9.1819,9.0589,80.5609,76.8005,3.7604
PEMAFC-F,2,period_0916,23.106667,-10.2808,10.3442,80.5726,76.8005,3.7721
PEMAFC-F,2,period_0916,23.160000,-10.8786,10.0814,80.6273,76.8005,3.8268
PEMAFC-F,2,period_0916,23.200000,-11.3120,8.6040,80.6967,76.8005,3.8962
PEMAFC-F,2,period_0916,23.253333,-11.6011,2.1917,81.1362,76.8005,4.3357
PEMAFC-F,2,period_0916,23.306667,-11.7258,0.1142,81.6200,76.8005,4.8195
PEMAFC-F,2,period_0916,23.360000,-11.7862,0.0970,81.8837,76.8005,5.0832
PEMAFC-F,2,period_0916,23.400000,-11.8234,0.3620,82.0354,76.8005,5.2350
PEMAFC-F,2,period_0916,23.453333,-11.8627,0.4263,82.2187,76.8005,5.4182
PEMAFC-F,2,period_0916,23.506667,-11.8850,1.0708,82.3238,76.8005,5.5233
PEMAFC-F,2,period_0916,23.560000,-11.9067,0.9931,82.4196,76.8005,5.6191
PEMAFC-F,2,period_0916,23.600000,-11.9189,1.4547,82.4673,76.8005,5.6668
PEMAFC-F,2,period_0916,23.653333,-11.9355,1.7907,82.5416,76.8005,5.7411
PEMAFC-F,2,period_0916,23.706667,-11.9512,0.8991,82.5996,76.8005,5.7991
PEMAFC-F,2,period_0916,23.760000,-11.9617,0.8969,82.6440,76.8005,5.8435
PEMAFC-F,2,period_0916,23.800000,-11.9674,1.6125,82.6679,76.8005,5.8674
PEMAFC-F,2,period_0916,23.853333,-11.9763,0.7519,82.7049,76.8005,5.9044
PEMAFC-F,2,period_0916,23.906667,-11.9824,1.3790,82.7308,76.8005,5.9303
PEMAFC-F,2,period_0916,23.960000,-11.9886,1.2487,82.7578,76.8005,5.9573
PEMAFC-F,2,period_0916,24.000000,-11.9928,0.8746,82.7703,76.8005,5.9698
PEMAFC-F,2,period_0916,24.053333,-12.0660,1.2488,82.8915,76.8005,6.0910
PEMAFC-F,2,period_0916,24.106667,-12.7441,5.9012,82.9679,76.8005,6.1674
PEMAFC-F,2,period_0916,24.160000,-12.4507,6.4603,83.3696,76.8005,6.5691
PEMAFC-F,2,period_0916,24.200000,-12.6561,9.3334,83.6701,76.8005,6.8696
PEMAFC-F,2,period_0916,24.253333,-12.1438,10.0530,83.3444,76.8005,6.5439
PEMAFC-F,2,period_0916,24.306667,-11.5282,9.7937,83.2770,76.8005,6.4765
PEMAFC-F,2,period_0916,24.360000,-12.3521,3.4347,83.6461,76.8005,6.8456
PEMAFC-F,2,period_0916,24.400000,-10.7137,2.8710,78.7260,76.8005,1.9255
PEMAFC-F,2,period_0916,24.453333,-10.0295,7.3611,77.5286,76.8005,0.7281
PEMAFC-F,2,period_0916,24.506667,-9.7986,12.9324,77.4532,76.8005,0.6527
PEMAFC-F,2,period_0916,24.560000,-9.7008,7.0104,82.3518,76.8005,5.5513
PEMAFC-F,2,period_0916,24.600000,-9.8283,4.5294,84.7910,76.8005,7.9905
PEMAFC-F,2,period_0916,24.653333,-10.0119,6.4872,87.2961,76.8005,10.4956
PEMAFC-F,2,period_0916,24.706667,-13.5105,-0.3730,91.1647,76.8005,14.3642
PEMAFC-F,2,period_0916,24.760000,-13.9403,4.8934,91.3550,76.8005,14.5545
PEMAFC-F,2,period_0916,24.800000,-13.6760,3.5725,91.4457,76.8005,14.6452
PEMAFC-F,2,period_0916,24.853333,-14.4195,1.5501,92.2198,76.8005,15.4193
PEMAFC-F,2,period_0916,24.906667,-15.0558,11.8755,94.5289,76.8005,17.7284
PEMAFC-F,2,period_0916,24.960000,-15.5204,14.5829,95.8294,76.8005,19.0289
PEMAFC-F,2,period_0916,25.000000,-15.7811,14.2730,95.9331,76.8005,19.1326
PEMAFC-F,2,period_0916,25.053333,-16.1254,12.9576,96.1281,76.8005,19.3276
PEMAFC-F,2,period_0916,25.106667,-16.3116,3.9085,97.0664,76.8005,20.2659
PEMAFC-F,2,period_0916,25.160000,-16.3736,2.6316,97.1889,76.8005,20.3884
PEMAFC-F,2,period_0916,25.200000,-16.4402,1.9149,97.2188,76.8005,20.4183
PEMAFC-F,2,period_0916,25.253333,-16.4899,2.6638,97.2192,76.8005,20.4187
PEMAFC-F,2,period_0916,25.306667,-16.5202,2.3894,97.2612,76.8005,20.4607
PEMAFC-F,2,period_0916,25.360000,-16.5493,3.0979,97.2784,76.8005,20.4779
PEMAFC-F,2,period_0916,25.400000,-16.5646,2.2653,97.2844,76.8005,20.4839
PEMAFC-F,2,period_0916,25.453333,-16.5764,3.8216,97.2990,76.8005,20.4985
PEMAFC-F,2,period_0916,25.506667,-16.5922,3.1328,97.3293,76.8005,20.5288
PEMAFC-F,2,period_0916,25.560000,-16.6039,2.8844,97.3408,76.8005,20.5403
PEMAFC-F,2,period_0916,25.600000,-16.6096,4.5061,97.3470,76.8005,20.5465
PEMAFC-F,2,period_0916,25.653333,-16.6182,3.4448,97.3487,76.8005,20.5482
PEMAFC-F,2,period_0916,25.706667,-16.6240,2.2768,97.3427,76.8005,20.5422
PEMAFC-F,2,period_0916,25.760000,-16.6318,3.4577,97.3565,76.8005,20.5560
PEMAFC-F,2,period_0916,25.800000,-16.6367,2.7736,97.3585,76.8005,20.5580
PEMAFC-F,2,period_0916,25.853333,-16.9129,10.7570,97.1975,76.8005,20.3970
PEMAFC-F,2,period_0916,25.906667,-14.6809,8.5099,88.1676,76.8005,11.3671
PEMAFC-F,2,period_0916,25.960000,-13.1999,10.3827,85.0712,76.8005,8.2707
PEMAFC-F,2,period_0916,26.000000,-12.8620,8.8437,85.6808,76.8005,8.8803
PEMAFC-F,2,period_0916,26.053333,-8.9532,3.1254,80.5622,76.8005,3.7617
PEMAFC-F,2,period_0916,26.106667,-8.3485,6.8027,77.9952,76.8005,1.1947
PEMAFC-F,2,period_0916,26.160000,-10.7968,7.3427,76.2896,76.8005,-0.5109
PEMAFC-F,2,period_0916,26.200000,-10.7511,1.4343,76.6516,76.8005,-0.1489
PEMAFC-F,2,period_0916,26.253333,-10.8706,6.7723,76.7145,76.8005,-0.0860
PEMAFC-F,2,period_0916,26.306667,-14.2828,2.8282,81.7265,76.8005,4.9260
PEMAFC-F,2,period_0916,26.360000,-12.8806,6.1103,80.5464,76.8005,3.7459
PEMAFC-F,2,period_0916,26.400000,-11.4602,8.2245,81.9681,76.8005,5.1676
PEMAFC-F,2,period_0916,26.453333,-12.0095,8.5348,81.1808,76.8005,4.3803
PEMAFC-F,2,period_0916,26.506667,-12.5246,7.8019,85.3204,76.8005,8.5199
PEMAFC-F,2,period_0916,26.560000,-12.3560,5.0177,81.0453,76.8005,4.2448
PEMAFC-F,2,period_0916,26.600000,-12.4261,9.4688,83.4683,76.8005,6.6678
PEMAFC-F,2,period_0916,26.653333,-12.6423,12.2296,82.6662,76.8005,5.8657
PEMAFC-F,2,period_0916,26.706667,-12.5450,12.7422,82.3803,76.8005,5.5798
PEMAFC-F,2,period_0916,26.760000,-13.2891,9.0047,80.9700,76.8005,4.1695
PEMAFC-F,2,period_0916,26.800000,-11.6449,11.2182,77.5726,76.8005,0.7721
PEMAFC-F,2,period_0916,26.853333,-13.9257,1.4205,87.8111,76.8005,11.0106
PEMAFC-F,2,period_0916,26.906667,-14.8146,4.0928,84.2443,76.8005,7.4438
PEMAFC-F,2,period_0916,26.960000,-14.7642,3.3667,85.3798,76.8005,8.5793
PEMAFC-F,2,period_0916,27.000000,-13.1047,3.9312,82.7370,76.8005,5.9366
PEMAFC-F,2,period_0916,27.053333,-13.1671,2.4986,82.6951,76.8005,5.8946
PEMAFC-F,2,period_0916,27.106667,-13.2322,11.8675,82.7052,76.8005,5.9047
PEMAFC-F,2,period_0916,27.160000,-13.3513,11.5325,82.7784,76.8005,5.9779
PEMAFC-F,2,period_0916,27.200000,-15.5354,5.1501,85.1838,76.8005,8.3833
PEMAFC-F,2,period_0916,27.253333,-16.2262,3.0525,87.9375,76.8005,11.1370
PEMAFC-F,2,period_0916,27.306667,-16.0441,5.6950,85.5549,76.8005,8.7544
PEMAFC-F,2,period_0916,27.360000,-15.6687,7.5277,82.6743,76.8005,5.8739
PEMAFC-F,2,period_0916,27.400000,-15.3318,8.5603,82.4430,76.8005,5.6425
PEMAFC-F,2,period_0916,27.453333,-14.2921,5.1840,82.0687,76.8005,5.2682
PEMAFC-F,2,period_0916,27.506667,-14.9965,6.0526,81.2438,76.8005,4.4433
PEMAFC-F,2,period_0916,27.560000,-15.3171,4.0282,83.6387,76.8005,6.8382
PEMAFC-F,2,period_0916,27.600000,-14.2074,2.6589,81.7562,76.8005,4.9557
PEMAFC-F,2,period_0916,27.653333,-9.6774,3.8280,77.6719,76.8005,0.8714
PEMAFC-F,2,period_0916,27.706667,-10.0941,7.9802,77.2814,76.8005,0.4809
PEMAFC-F,2,period_0916,27.760000,-13.1853,5.9870,79.1357,76.8005,2.3352
PEMAFC-F,2,period_0916,27.800000,-14.3928,4.7553,83.7970,76.8005,6.9965
PEMAFC-F,2,period_0916,27.853333,-13.5981,5.4665,81.2153,76.8005,4.4148
PEMAFC-F,2,period_0916,27.906667,-13.4495,9.8666,81.7482,76.8005,4.9477
PEMAFC-F,2,period_0916,27.960000,-13.1496,10.0263,82.5692,76.8005,5.7687
PEMAFC-F,2,period_0916,28.000000,-12.6782,7.9659,82.0042,76.8005,5.2037
PEMAFC-F,2,period_0916,28.053333,-11.7714,7.0106,79.3387,76.8005,2.5382
PEMAFC-F,2,period_0916,28.106667,-7.5664,1.6402,73.5550,76.8005,-3.2455
PEMAFC-F,2,period_0916,28.160000,-13.5504,-0.2124,82.4619,76.8005,5.6614
PEMAFC-F,2,period_0916,28.200000,-15.3904,5.8479,88.1400,76.8005,11.3395
PEMAFC-F,2,period_0916,28.253333,-14.6670,8.6049,81.9417,76.8005,5.1412
PEMAFC-F,2,period_0916,28.306667,-12.8142,11.5652,78.1104,76.8005,1.3099
PEMAFC-F,2,period_0916,28.360000,-11.1946,15.9875,75.3519,76.8005,-1.4486
PEMAFC-F,2,period_0916,28.400000,-12.6021,7.4084,78.8179,76.8005,2.0174
PEMAFC-F,2,period_0916,28.453333,-13.4405,4.3218,79.7379,76.8005,2.9374
PEMAFC-F,2,period_0916,28.506667,-13.8276,4.5968,81.0945,76.8005,4.2940
PEMAFC-F,2,period_0916,28.560000,-14.4637,8.3240,82.2167,76.8005,5.4162
PEMAFC-F,2,period_0916,28.600000,-14.4943,8.3791,85.1227,76.8005,8.3222
PEMAFC-F,2,period_0916,28.653333,-13.7730,9.1254,80.6524,76.8005,3.8519
PEMAFC-F,2,period_0916,28.706667,-12.8116,5.9490,79.8187,76.8005,3.0182
PEMAFC-F,2,period_0916,28.760000,-11.0367,5.5543,79.0529,76.8005,2.2524
PEMAFC-F,2,period_0916,28.800000,-10.9779,8.2535,76.6153,76.8005,-0.1852
PEMAFC-F,2,period_0916,28.853333,-10.8031,7.3451,80.7656,76.8005,3.9651
PEMAFC-F,2,period_0916,28.906667,-7.1991,13.1829,74.4489,76.8005,-2.3516
PEMAFC-F,2,period_0916,28.960000,-7.5579,4.4321,73.5471,76.8005,-3.2533
PEMAFC-F,2,period_0916,29.000000,-8.2516,-4.6289,74.3735,76.8005,-2.4270
PEMAFC-F,2,period_0916,29.053333,-9.4048,-4.5062,75.9812,76.8005,-0.8193
PEMAFC-F,2,period_0916,29.106667,-9.7113,-4.1075,76.3335,76.8005,-0.4670
PEMAFC-F,2,period_0916,29.160000,-9.9323,-4.3102,76.6311,76.8005,-0.1694
PEMAFC-F,2,period_0916,29.200000,-10.0515,-3.3042,76.7581,76.8005,-0.0424
PEMAFC-F,2,period_0916,29.253333,-10.1801,-2.7830,76.9421,76.8005,0.1417
PEMAFC-F,2,period_0916,29.306667,-10.3046,-3.8949,77.1043,76.8005,0.3038
PEMAFC-F,2,period_0916,29.360000,-10.3634,-2.8383,77.1765,76.8005,0.3760
PEMAFC-F,2,period_0916,29.400000,-10.4094,-3.2445,77.2360,76.8005,0.4355
PEMAFC-F,2,period_0916,29.453333,-10.4800,-1.2283,77.3276,76.8005,0.5271
PEMAFC-F,2,period_0916,29.506667,-10.5512,-2.1065,77.4344,76.8005,0.6339
PEMAFC-F,2,period_0916,29.560000,-10.6346,0.6987,77.5537,76.8005,0.7532
PEMAFC-F,2,period_0916,29.600000,-10.6910,-0.0303,77.6400,76.8005,0.8395
PEMAFC-F,2,period_0916,29.653333,-10.7712,0.0179,77.7643,76.8005,0.9638
PEMAFC-F,2,period_0916,29.706667,-10.8706,0.3752,77.9047,76.8005,1.1042
PEMAFC-F,2,period_0916,29.760000,-10.9448,-1.1432,78.0439,76.8005,1.2434
PEMAFC-F,2,period_0916,29.800000,-11.0078,-3.9501,78.1587,76.8005,1.3582
PEMAFC-F,2,period_0916,29.853333,-11.0599,-3.0535,78.2559,76.8005,1.4554
PEMAFC-F,2,period_0916,29.906667,-11.1012,-3.4320,78.3194,76.8005,1.5189
PEMAFC-F,2,period_0916,29.960000,-14.9995,1.2705,82.9578,76.8005,6.1573
PEMAFC-F,2,period_0916,30.000000,-12.9332,4.2917,80.3143,76.8005,3.5138
PEMAFC-F,3,period_0943,30.013333,-3.7225,-39.6622,70.1769,67.9790,2.1978
PEMAFC-F,3,period_0943,30.053333,-3.7238,-2.4755,70.1772,67.9790,2.1982
PEMAFC-F,3,period_0943,30.106667,-3.7261,-1.7560,70.1807,67.9790,2.2016
PEMAFC-F,3,period_0943,30.160000,-3.7285,-1.7626,70.1826,67.9790,2.2035
PEMAFC-F,3,period_0943,30.200000,-3.7301,-1.9797,70.1831,67.9790,2.2041
PEMAFC-F,3,period_0943,30.253333,-3.7316,-1.4220,70.1841,67.9790,2.2050
PEMAFC-F,3,period_0943,30.306667,-3.7338,-1.7239,70.1851,67.9790,2.2061
PEMAFC-F,3,period_0943,30.360000,-3.7360,-1.5629,70.1855,67.9790,2.2064
PEMAFC-F,3,period_0943,30.400000,-3.7376,-1.2448,70.1868,67.9790,2.2077
PEMAFC-F,3,period_0943,30.453333,-3.7396,-1.4448,70.1878,67.9790,2.2087
PEMAFC-F,3,period_0943,30.506667,-3.7417,-1.0949,70.1897,67.9790,2.2106
PEMAFC-F,3,period_0943,30.560000,-3.7434,-1.2943,70.1910,67.9790,2.2120
PEMAFC-F,3,period_0943,30.600000,-3.7448,-1.6378,70.1922,67.9790,2.2132
PEMAFC-F,3,period_0943,30.653333,-3.7473,-1.7113,70.1947,67.9790,2.2156
PEMAFC-F,3,period_0943,30.706667,-3.7508,-1.5842,70.1962,67.9790,2.2172
PEMAFC-F,3,period_0943,30.760000,-3.7544,-1.6563,70.1987,67.9790,2.2197
PEMAFC-F,3,period_0943,30.800000,-3.7687,3.6282,70.2159,67.9790,2.2369
PEMAFC-F,3,period_0943,30.853333,-4.0245,4.5539,70.4518,67.9790,2.4728
PEMAFC-F,3,period_0943,30.906667,-5.4248,5.6062,71.7393,67.9790,3.7603
PEMAFC-F,3,period_0943,30.960000,-6.0271,3.2188,71.9276,67.9790,3.9486
PEMAFC-F,3,period_0943,31.000000,-6.0167,4.7407,71.9328,67.9790,3.9537
PEMAFC-F,3,period_0943,31.053333,-5.8620,4.9981,71.9388,67.9790,3.9598
PEMAFC-F,3,period_0943,31.106667,-5.7602,11.4413,71.9641,67.9790,3.9850
PEMAFC-F,3,period_0943,31.160000,-5.8148,8.6642,71.9817,67.9790,4.0027
PEMAFC-F,3,period_0943,31.200000,-5.7937,11.3913,71.9963,67.9790,4.0173
PEMAFC-F,3,period_0943,31.253333,-5.5009,7.8514,72.1227,67.9790,4.1436
PEMAFC-F,3,period_0943,31.306667,-5.6244,6.4568,72.1108,67.9790,4.1317
PEMAFC-F,3,period_0943,31.360000,-5.7868,-3.6510,72.2013,67.9790,4.2223
PEMAFC-F,3,period_0943,31.400000,-5.8184,-2.2419,72.2089,67.9790,4.2299
PEMAFC-F,3,period_0943,31.453333,-5.8400,0.0164,72.2190,67.9790,4.2399
PEMAFC-F,3,period_0943,31.506667,-5.8552,0.1973,72.2255,67.9790,4.2465
PEMAFC-F,3,period_0943,31.560000,-5.8644,1.2785,72.2285,67.9790,4.2495
PEMAFC-F,3,period_0943,31.600000,-5.8700,1.0320,72.2301,67.9790,4.2511
PEMAFC-F,3,period_0943,31.653333,-5.8771,0.8530,72.2355,67.9790,4.2565
PEMAFC-F,3,period_0943,31.706667,-5.8833,0.7912,72.2388,67.9790,4.2598
PEMAFC-F,3,period_0943,31.760000,-5.8874,1.5871,72.2417,67.9790,4.2626
PEMAFC-F,3,period_0943,31.800000,-5.8901,1.3272,72.2435,67.9790,4.2645
PEMAFC-F,3,period_0943,31.853333,-5.8947,0.1264,72.2453,67.9790,4.2663
PEMAFC-F,3,period_0943,31.906667,-5.8978,0.7848,72.2466,67.9790,4.2676
PEMAFC-F,3,period_0943,31.960000,-5.9010,0.5390,72.2483,67.9790,4.2693
PEMAFC-F,3,period_0943,32.000000,-5.9027,0.6224,72.2497,67.9790,4.2707
PEMAFC-F,3,period_0943,32.053333,-5.9044,0.3797,72.2514,67.9790,4.2724
PEMAFC-F,3,period_0943,32.106667,-5.9065,1.1039,72.2536,67.9790,4.2746
PEMAFC-F,3,period_0943,32.160000,-5.9088,0.3065,72.2559,67.9790,4.2769
PEMAFC-F,3,period_0943,32.200000,-5.9101,0.8387,72.2571,67.9790,4.2780
PEMAFC-F,3,period_0943,32.253333,-5.9120,1.2961,72.2579,67.9790,4.2788
PEMAFC-F,3,period_0943,32.306667,-5.9137,1.4847,72.2593,67.9790,4.2802
PEMAFC-F,3,period_0943,32.360000,-5.9153,0.5407,72.2620,67.9790,4.2830
PEMAFC-F,3,period_0943,32.400000,-5.9164,1.6767,72.2631,67.9790,4.2840
PEMAFC-F,3,period_0943,32.453333,-5.9179,1.0772,72.2636,67.9790,4.2846
PEMAFC-F,3,period_0943,32.506667,-5.9196,0.6698,72.2648,67.9790,4.2857
PEMAFC-F,3,period_0943,32.560000,-6.1990,-0.5930,72.2731,67.9790,4.2940
PEMAFC-F,3,period_0943,32.600000,-6.1630,8.6284,72.2988,67.9790,4.3198
PEMAFC-F,3,period_0943,32.653333,-6.2306,8.1261,72.4067,67.9790,4.4277
PEMAFC-F,3,period_0943,32.706667,-6.1327,8.3500,72.4206,67.9790,4.4416
PEMAFC-F,3,period_0943,32.760000,-6.0920,8.7206,72.4379,67.9790,4.4589
PEMAFC-F,3,period_0943,32.800000,-6.1741,2.3807,72.4244,67.9790,4.4453
PEMAFC-F,3,period_0943,32.853333,-6.7404,-0.1217,72.4697,67.9790,4.4907
PEMAFC-F,3,period_0943,32.906667,-7.1382,3.5985,72.4825,67.9790,4.5034
PEMAFC-F,3,period_0943,32.960000,-7.0449,3.5689,72.4971,67.9790,4.5180
PEMAFC-F,3,period_0943,33.000000,-7.9176,5.0662,73.9097,67.9790,5.9307
PEMAFC-F,3,period_0943,33.053333,-9.4185,9.0491,75.6463,67.9790,7.6672
PEMAFC-F,3,period_0943,33.106667,-10.7533,10.7877,76.5768,67.9790,8.5978
PEMAFC-F,3,period_0943,33.160000,-11.5015,11.1001,77.2480,67.9790,9.2689
PEMAFC-F,3,period_0943,33.200000,-12.0307,8.5201,77.7137,67.9790,9.7347
PEMAFC-F,3,period_0943,33.253333,-12.3729,1.6302,77.8670,67.9790,9.8880
PEMAFC-F,3,period_0943,33.306667,-12.5242,-1.1162,77.8811,67.9790,9.9021
PEMAFC-F,3,period_0943,33.360000,-12.5860,0.1549,77.8961,67.9790,9.9171
PEMAFC-F,3,period_0943,33.400000,-12.6172,-0.7447,77.8996,67.9790,9.9205
PEMAFC-F,3,period_0943,33.453333,-12.6469,0.5309,77.9060,67.9790,9.9270
PEMAFC-F,3,period_0943,33.506667,-12.6668,0.8878,77.9130,67.9790,9.9339
PEMAFC-F,3,period_0943,33.560000,-12.6833,0.6435,77.9174,67.9790,9.9384
PEMAFC-F,3,period_0943,33.600000,-12.6934,1.8166,77.9224,67.9790,9.9433
PEMAFC-F,3,period_0943,33.653333,-12.7067,1.3564,77.9269,67.9790,9.9479
PEMAFC-F,3,period_0943,33.706667,-12.7177,1.5599,77.9327,67.9790,9.9536
PEMAFC-F,3,period_0943,33.760000,-12.7255,1.5718,77.9340,67.9790,9.9550
PEMAFC-F,3,period_0943,33.800000,-12.7315,1.2120,77.9371,67.9790,9.9581
PEMAFC-F,3,period_0943,33.853333,-12.7371,1.1638,77.9389,67.9790,9.9598
PEMAFC-F,3,period_0943,33.906667,-12.7424,1.7804,77.9430,67.9790,9.9640
PEMAFC-F,3,period_0943,33.960000,-12.7472,1.9886,77.9478,67.9790,9.9687
PEMAFC-F,3,period_0943,34.000000,-12.7504,2.1252,77.9494,67.9790,9.9704
PEMAFC-F,3,period_0943,34.053333,-12.8325,-0.0984,77.9537,67.9790,9.9746
PEMAFC-F,3,period_0943,34.106667,-13.5043,5.2541,77.9813,67.9790,10.0023
PEMAFC-F,3,period_0943,34.160000,-13.6134,5.7526,77.9911,67.9790,10.0120
PEMAFC-F,3,period_0943,34.200000,-13.7630,8.5210,78.0065,67.9790,10.0274
PEMAFC-F,3,period_0943,34.253333,-13.1514,9.3626,77.9935,67.9790,10.0144
PEMAFC-F,3,period_0943,34.306667,-13.0658,9.3926,78.0140,67.9790,10.0349
PEMAFC-F,3,period_0943,34.360000,-13.3032,4.3947,77.5892,67.9790,9.6102
PEMAFC-F,3,period_0943,34.400000,-12.6074,3.9157,74.6649,67.9790,6.6858
PEMAFC-F,3,period_0943,34.453333,-12.5562,7.0562,77.9561,67.9790,9.9771
PEMAFC-F,3,period_0943,34.506667,-12.8331,11.6099,78.1788,67.9790,10.1997
PEMAFC-F,3,period_0943,34.560000,-12.6599,9.2051,78.2756,67.9790,10.2965
PEMAFC-F,3,period_0943,34.600000,-12.4922,7.0912,78.3993,67.9790,10.4203
PEMAFC-F,3,period_0943,34.653333,-12.5794,8.7800,78.4236,67.9790,10.4445
PEMAFC-F,3,period_0943,34.706667,-13.8374,0.4548,78.4872,67.9790,10.5081
PEMAFC-F,3,period_0943,34.760000,-14.5342,4.6986,78.5397,67.9790,10.5607
PEMAFC-F,3,period_0943,34.800000,-14.3177,6.0316,78.5356,67.9790,10.5566
PEMAFC-F,3,period_0943,34.853333,-14.9433,3.0027,79.7845,67.9790,11.8054
PEMAFC-F,3,period_0943,34.906667,-15.6860,13.1742,80.2342,67.9790,12.2551
PEMAFC-F,3,period_0943,34.960000,-16.2940,15.8275,80.9060,67.9790,12.9270
PEMAFC-F,3,period_0943,35.000000,-16.7316,15.4293,81.8059,67.9790,13.8269
PEMAFC-F,3,period_0943,35.053333,-17.2079,13.4748,82.5985,67.9790,14.6194
PEMAFC-F,3,period_0943,35.106667,-17.6198,2.6831,82.7528,67.9790,14.7738
PEMAFC-F,3,period_0943,35.160000,-17.8242,1.4069,82.7972,67.9790,14.8182
PEMAFC-F,3,period_0943,35.200000,-17.9491,1.1168,82.8157,67.9790,14.8367
PEMAFC-F,3,period_0943,35.253333,-18.0286,2.3391,82.8254,67.9790,14.8463
PEMAFC-F,3,period_0943,35.306667,-18.0825,2.4073,82.8320,67.9790,14.8530
PEMAFC-F,3,period_0943,35.360000,-18.1263,2.3990,82.8455,67.9790,14.8665
PEMAFC-F,3,period_0943,35.400000,-18.1447,4.3094,82.8497,67.9790,14.8706
PEMAFC-F,3,period_0943,35.453333,-18.1644,4.3720,82.8602,67.9790,14.8811
PEMAFC-F,3,period_0943,35.506667,-18.1810,3.6567,82.8662,67.9790,14.8872
PEMAFC-F,3,period_0943,35.560000,-18.1932,4.2725,82.8695,67.9790,14.8905
PEMAFC-F,3,period_0943,35.600000,-18.2026,3.4982,82.8754,67.9790,14.8963
PEMAFC-F,3,period_0943,35.653333,-18.2105,4.6477,82.8797,67.9790,14.9007
PEMAFC-F,3,period_0943,35.706667,-18.2179,4.0450,82.8880,67.9790,14.9089
PEMAFC-F,3,period_0943,35.760000,-18.2280,3.4522,82.8939,67.9790,14.9149
PEMAFC-F,3,period_0943,35.800000,-18.2327,4.7316,82.8970,67.9790,14.9179
PEMAFC-F,3,period_0943,35.853333,-18.3969,13.6335,82.9883,67.9790,15.0092
PEMAFC-F,3,period_0943,35.906667,-18.7724,8.6122,83.0200,67.9790,15.0409
PEMAFC-F,3,period_0943,35.960000,-18.4099,7.1974,83.0651,67.9790,15.0860
PEMAFC-F,3,period_0943,36.000000,-18.4443,8.6365,83.1105,67.9790,15.1314
PEMAFC-F,3,period_0943,36.053333,-14.9908,4.9678,80.5273,67.9790,12.5483
PEMAFC-F,3,period_0943,36.106667,-16.3667,4.2696,81.4334,67.9790,13.4544
PEMAFC-F,3,period_0943,36.160000,-17.0645,1.5920,79.7591,67.9790,11.7800
PEMAFC-F,3,period_0943,36.200000,-17.4571,0.4904,81.6059,67.9790,13.6269
PEMAFC-F,3,period_0943,36.253333,-17.6422,13.9458,81.6991,67.9790,13.7200
PEMAFC-F,3,period_0943,36.306667,-18.6566,4.6779,82.3601,67.9790,14.3811
PEMAFC-F,3,period_0943,36.360000,-17.3043,4.2739,81.5917,67.9790,13.6127
PEMAFC-F,3,period_0943,36.400000,-14.9952,7.5514,74.2441,67.9790,6.2651
PEMAFC-F,3,period_0943,36.453333,-14.8883,7.1521,73.7833,67.9790,5.8042
PEMAFC-F,3,period_0943,36.506667,-14.3820,8.6529,72.9779,67.9790,4.9989
PEMAFC-F,3,period_0943,36.560000,-16.6445,3.7357,78.5102,67.9790,10.5311
PEMAFC-F,3,period_0943,36.600000,-14.9338,14.6084,73.5737,67.9790,5.5946
PEMAFC-F,3,period_0943,36.653333,-15.1930,15.8010,74.2433,67.9790,6.2643
PEMAFC-F,3,period_0943,36.706667,-15.1798,14.8513,74.1375,67.9790,6.1584
PEMAFC-F,3,period_0943,36.760000,-15.5535,11.9805,75.2063,67.9790,7.2273
PEMAFC-F,3,period_0943,36.800000,-14.6499,10.1655,74.7278,67.9790,6.7488
PEMAFC-F,3,period_0943,36.853333,-14.6303,3.7649,85.4176,67.9790,17.4386
PEMAFC-F,3,period_0943,36.906667,-15.8418,5.0441,81.6083,67.9790,13.6292
PEMAFC-F,3,period_0943,36.960000,-15.8519,5.7828,79.7364,67.9790,11.7573
PEMAFC-F,3,period_0943,37.000000,-14.1858,6.4966,73.3929,67.9790,5.4139
PEMAFC-F,3,period_0943,37.053333,-14.1543,3.5463,73.1425,67.9790,5.1635
PEMAFC-F,3,period_0943,37.106667,-14.2202,13.7347,73.1628,67.9790,5.1838
PEMAFC-F,3,period_0943,37.160000,-14.3790,15.4831,73.2605,67.9790,5.2814
PEMAFC-F,3,period_0943,37.200000,-15.4311,3.1330,75.0710,67.9790,7.0920
PEMAFC-F,3,period_0943,37.253333,-15.7282,3.6970,75.9177,67.9790,7.9387
PEMAFC-F,3,period_0943,37.306667,-15.8364,6.2170,76.8459,67.9790,8.8668
PEMAFC-F,3,period_0943,37.360000,-15.6472,8.5286,76.5281,67.9790,8.5491
PEMAFC-F,3,period_0943,37.400000,-15.3911,12.2490,75.6746,67.9790,7.6956
PEMAFC-F,3,period_0943,37.453333,-16.1136,8.5704,86.1541,67.9790,18.1750
PEMAFC-F,3,period_0943,37.506667,-16.7729,5.5396,77.7326,67.9790,9.7536
PEMAFC-F,3,period_0943,37.560000,-16.4413,5.4209,76.1925,67.9790,8.2134
PEMAFC-F,3,period_0943,37.600000,-15.2800,5.4776,75.0560,67.9790,7.0770
PEMAFC-F,3,period_0943,37.653333,-14.5893,5.9771,81.1236,67.9790,13.1446
PEMAFC-F,3,period_0943,37.706667,-15.7679,8.2471,79.9344,67.9790,11.9554
PEMAFC-F,3,period_0943,37.760000,-16.9022,8.6578,81.4009,67.9790,13.4219
PEMAFC-F,3,period_0943,37.800000,-17.2387,5.5478,78.8765,67.9790,10.8975
PEMAFC-F,3,period_0943,37.853333,-16.0336,9.4260,74.9774,67.9790,6.9984
PEMAFC-F,3,period_0943,37.906667,-15.8715,14.5805,74.5853,67.9790,6.6063
PEMAFC-F,3,period_0943,37.960000,-15.0732,14.4548,73.1949,67.9790,5.2159
PEMAFC-F,3,period_0943,38.000000,-14.8425,12.3796,72.7470,67.9790,4.7680
PEMAFC-F,3,period_0943,38.053333,-13.5682,13.4054,70.9005,67.9790,2.9215
PEMAFC-F,3,period_0943,38.106667,-12.7721,2.2375,75.4094,67.9790,7.4304
PEMAFC-F,3,period_0943,38.160000,-15.7156,1.0552,81.2863,67.9790,13.3073
PEMAFC-F,3,period_0943,38.200000,-16.4425,9.7205,78.1222,67.9790,10.1432
PEMAFC-F,3,period_0943,38.253333,-15.7549,9.4771,76.2695,67.9790,8.2905
PEMAFC-F,3,period_0943,38.306667,-15.1342,12.4172,75.9613,67.9790,7.9822
PEMAFC-F,3,period_0943,38.360000,-14.6491,11.4877,75.1140,67.9790,7.1349
PEMAFC-F,3,period_0943,38.400000,-14.4074,9.0921,74.1475,67.9790,6.1685
PEMAFC-F,3,period_0943,38.453333,-14.8110,6.8488,75.8978,67.9790,7.9187
PEMAFC-F,3,period_0943,38.506667,-15.4554,6.3255,78.7324,67.9790,10.7533
PEMAFC-F,3,period_0943,38.560000,-15.7093,10.6286,77.3267,67.9790,9.3476
PEMAFC-F,3,period_0943,38.600000,-15.5156,11.1280,75.8091,67.9790,7.8300
PEMAFC-F,3,period_0943,38.653333,-15.2361,13.1867,75.4831,67.9790,7.5041
PEMAFC-F,3,period_0943,38.706667,-15.2637,9.5565,77.6078,67.9790,9.6288
PEMAFC-F,3,period_0943,38.760000,-15.5326,6.3680,81.1205,67.9790,13.1415
PEMAFC-F,3,period_0943,38.800000,-14.7443,8.7427,74.8946,67.9790,6.9156
PEMAFC-F,3,period_0943,38.853333,-14.1469,11.3898,72.8094,67.9790,4.8303
PEMAFC-F,3,period_0943,38.906667,-10.5503,15.6184,69.2627,67.9790,1.2836
PEMAFC-F,3,period_0943,38.960000,-10.5921,4.7581,69.4323,67.9790,1.4532
PEMAFC-F,3,period_0943,39.000000,-11.6273,-8.0647,71.5849,67.9790,3.6059
PEMAFC-F,3,period_0943,39.053333,-12.4799,-3.8730,73.2610,67.9790,5.2820
PEMAFC-F,3,period_0943,39.106667,-12.8408,-5.0665,74.3380,67.9790,6.3590
PEMAFC-F,3,period_0943,39.160000,-13.0988,-3.4248,75.2385,67.9790,7.2594
PEMAFC-F,3,period_0943,39.200000,-13.2465,-1.2273,75.7219,67.9790,7.7429
PEMAFC-F,3,period_0943,39.253333,-13.4186,-2.2104,76.3461,67.9790,8.3671
PEMAFC-F,3,period_0943,39.306667,-13.5255,-2.6533,76.7626,67.9790,8.7836
PEMAFC-F,3,period_0943,39.360000,-13.5970,-1.7154,77.0894,67.9790,9.1103
PEMAFC-F,3,period_0943,39.400000,-13.6425,-0.6731,77.3223,67.9790,9.3433
PEMAFC-F,3,period_0943,39.453333,-13.6998,1.0040,77.5798,67.9790,9.6007
PEMAFC-F,3,period_0943,39.506667,-13.7646,-0.2715,77.8709,67.9790,9.8918
PEMAFC-F,3,period_0943,39.560000,-13.8295,2.2218,78.1652,67.9790,10.1862
PEMAFC-F,3,period_0943,39.600000,-13.8909,1.3812,78.5106,67.9790,10.5316
PEMAFC-F,3,period_0943,39.653333,-13.9803,1.4876,78.9903,67.9790,11.0113
PEMAFC-F,3,period_0943,39.706667,-14.0599,2.3931,79.4496,67.9790,11.4706
PEMAFC-F,3,period_0943,39.760000,-14.1270,0.7807,79.8588,67.9790,11.8797
PEMAFC-F,3,period_0943,39.800000,-14.1605,0.6240,80.0458,67.9790,12.0667
PEMAFC-F,3,period_0943,39.853333,-14.1945,0.0692,80.2498,67.9790,12.2707
PEMAFC-F,3,period_0943,39.906667,-14.2296,-0.2678,80.4983,67.9790,12.5193
PEMAFC-F,3,period_0943,39.960000,-16.0782,-1.1451,78.1711,67.9790,10.1921
PEMAFC-F,3,period_0943,40.000000,-14.3900,3.2138,77.3289,67.9790,9.3499
PEMAFC-A,0,period_0707,0.013333,-0.0617,0.3160,85.5223,85.1794,0.3429
PEMAFC-A,0,period_0707,0.053333,-0.2752,0.7432,85.7207,85.1794,0.5413
PEMAFC-A,0,period_0707,0.106667,-0.4764,1.7251,85.7263,85.1794,0.5469
PEMAFC-A,0,period_0707,0.160000,-0.5844,2.4852,85.7283,85.1794,0.5489
PEMAFC-A,0,period_0707,0.200000,-0.6268,4.2520,85.7288,85.1794,0.5494
PEMAFC-A,0,period_0707,0.253333,-0.6583,3.9443,85.7291,85.1794,0.5497
PEMAFC-A,0,period_0707,0.306667,-0.6821,4.3214,85.7313,85.1794,0.5520
PEMAFC-A,0,period_0707,0.360000,-0.6901,5.3105,85.7302,85.1794,0.5509
PEMAFC-A,0,period_0707,0.400000,-0.6764,5.1572,85.7340,85.1794,0.5546
PEMAFC-A,0,period_0707,0.453333,-0.6604,6.9237,85.7377,85.1794,0.5583
PEMAFC-A,0,period_0707,0.506667,-0.6569,5.9476,85.7427,85.1794,0.5633
PEMAFC-A,0,period_0707,0.560000,-0.6334,6.1448,85.7443,85.1794,0.5649
PEMAFC-A,0,period_0707,0.600000,-0.6200,6.9866,85.7445,85.1794,0.5652
PEMAFC-A,0,period_0707,0.653333,-0.6087,6.3083,85.7559,85.1794,0.5765
PEMAFC-A,0,period_0707,0.706667,-0.5683,8.0364,85.7624,85.1794,0.5830
PEMAFC-A,0,period_0707,0.760000,-0.5468,8.1572,85.7693,85.1794,0.5899
PEMAFC-A,0,period_0707,0.800000,-0.5824,6.5530,85.8005,85.1794,0.6211
PEMAFC-A,0,period_0707,0.853333,-0.7647,2.1063,85.7845,85.1794,0.6051
PEMAFC-A,0,period_0707,0.906667,-1.5644,1.5094,86.3759,85.1794,1.1966
PEMAFC-A,0,period_0707,0.960000,-1.5469,3.9814,86.4392,85.1794,1.2599
PEMAFC-A,0,period_0707,1.000000,0.0439,4.4095,81.6062,85.1794,-3.5732
PEMAFC-A,0,period_0707,1.053333,0.9174,7.6702,79.1068,85.1794,-6.0726
PEMAFC-A,0,period_0707,1.106667,0.6594,12.9568,81.4287,85.1794,-3.7506
PEMAFC-A,0,period_0707,1.160000,-1.1682,7.6335,86.4939,85.1794,1.3145
PEMAFC-A,0,period_0707,1.200000,-0.6449,12.3249,85.4048,85.1794,0.2254
PEMAFC-A,0,period_0707,1.253333,2.1596,8.0024,78.3474,85.1794,-6.8320
PEMAFC-A,0,period_0707,1.306667,9.1436,10.2526,69.5355,85.1794,-15.6439
PEMAFC-A,0,period_0707,1.360000,2.8823,-1.9548,78.7012,85.1794,-6.4782
PEMAFC-A,0,period_0707,1.400000,1.7774,2.6470,80.6108,85.1794,-4.5685
PEMAFC-A,0,period_0707,1.453333,0.9922,2.9942,82.9660,85.1794,-2.2134
PEMAFC-A,0,period_0707,1.506667,0.5213,5.0883,84.4524,85.1794,-0.7269
PEMAFC-A,0,period_0707,1.560000,0.4619,5.5071,83.7183,85.1794,-1.4611
PEMAFC-A,0,period_0707,1.600000,0.4049,7.7413,83.8324,85.1794,-1.3469
PEMAFC-A,0,period_0707,1.653333,0.3325,7.2507,84.0276,85.1794,-1.1518
PEMAFC-A,0,period_0707,1.706667,0.2544,6.5632,84.1041,85.1794,-1.0752
PEMAFC-A,0,period_0707,1.760000,0.1289,6.8450,84.7350,85.1794,-0.4444
PEMAFC-A,0,period_0707,1.800000,0.0617,5.8580,84.9983,85.1794,-0.1811
PEMAFC-A,0,period_0707,1.853333,0.0499,6.4922,84.6936,85.1794,-0.4858
PEMAFC-A,0,period_0707,1.906667,-0.0635,5.5212,85.2843,85.1794,0.1049
PEMAFC-A,0,period_0707,1.960000,-0.0974,7.4760,85.7254,85.1794,0.5460
PEMAFC-A,0,period_0707,2.000000,-0.1067,7.0435,85.3714,85.1794,0.1920
PEMAFC-A,0,period_0707,2.053333,-0.1434,6.6795,85.3811,85.1794,0.2017
PEMAFC-A,0,period_0707,2.106667,-0.1690,6.6983,85.6427,85.1794,0.4633
PEMAFC-A,0,period_0707,2.160000,-0.1801,8.4456,85.5166,85.1794,0.3373
PEMAFC-A,0,period_0707,2.200000,-0.2265,4.7809,85.7184,85.1794,0.5390
PEMAFC-A,0,period_0707,2.253333,-0.2422,6.5919,85.6108,85.1794,0.4314
PEMAFC-A,0,period_0707,2.306667,-0.3037,5.9612,85.8427,85.1794,0.6633
PEMAFC-A,0,period_0707,2.360000,-0.3195,6.7377,85.8399,85.1794,0.6605
PEMAFC-A,0,period_0707,2.400000,-0.3200,8.9046,85.8637,85.1794,0.6843
PEMAFC-A,0,period_0707,2.453333,-0.3677,7.1125,86.0727,85.1794,0.8933
PEMAFC-A,0,period_0707,2.506667,-0.4358,5.3295,86.0814,85.1794,0.9020
PEMAFC-A,0,period_0707,2.560000,-0.5925,8.0884,86.0561,85.1794,0.8768
PEMAFC-A,0,period_0707,2.600000,-0.1143,14.7424,86.0712,85.1794,0.8918
PEMAFC-A,0,period_0707,2.653333,0.1619,8.4830,81.0176,85.1794,-4.1618
PEMAFC-A,0,period_0707,2.706667,1.1574,12.3913,78.1941,85.1794,-6.9852
PEMAFC-A,0,period_0707,2.760000,1.2401,10.5558,79.3480,85.1794,-5.8313
PEMAFC-A,0,period_0707,2.800000,-0.0127,4.6075,85.0474,85.1794,-0.1320
PEMAFC-A,0,period_0707,2.853333,-0.3520,2.4207,84.8084,85.1794,-0.3710
PEMAFC-A,0,period_0707,2.906667,-1.4076,3.7376,86.2539,85.1794,1.0745
PEMAFC-A,0,period_0707,2.960000,0.5068,2.6800,83.4427,85.1794,-1.7367
PEMAFC-A,0,period_0707,3.000000,0.6801,1.5379,80.0793,85.1794,-5.1000
PEMAFC-A,0,period_0707,3.053333,0.0068,2.2086,80.3763,85.1794,-4.8031
PEMAFC-A,0,period_0707,3.106667,-0.5246,4.4096,80.5613,85.1794,-4.6181
PEMAFC-A,0,period_0707,3.160000,-1.0847,3.8463,81.1402,85.1794,-4.0391
PEMAFC-A,0,period_0707,3.200000,-1.6481,1.7008,81.7878,85.1794,-3.3916
PEMAFC-A,0,period_0707,3.253333,-2.9436,3.5137,86.2523,85.1794,1.0729
PEMAFC-A,0,period_0707,3.306667,-3.1235,6.5905,86.6346,85.1794,1.4552
PEMAFC-A,0,period_0707,3.360000,-3.1016,7.4549,85.8747,85.1794,0.6954
PEMAFC-A,0,period_0707,3.400000,-3.1545,7.0647,85.7389,85.1794,0.5595
PEMAFC-A,0,period_0707,3.453333,-3.2371,8.8742,85.5907,85.1794,0.4114
PEMAFC-A,0,period_0707,3.506667,-3.2266,8.2203,85.5825,85.1794,0.4031
PEMAFC-A,0,period_0707,3.560000,-3.3628,7.0290,85.3833,85.1794,0.2039
PEMAFC-A,0,period_0707,3.600000,-3.5041,9.3736,85.9070,85.1794,0.7277
PEMAFC-A,0,period_0707,3.653333,-3.5009,7.5387,85.7844,85.1794,0.6050
PEMAFC-A,0,period_0707,3.706667,-3.7062,6.7300,86.6235,85.1794,1.4441
PEMAFC-A,0,period_0707,3.760000,-3.7091,7.2669,87.0126,85.1794,1.8332
PEMAFC-A,0,period_0707,3.800000,-3.7462,7.4237,86.8832,85.1794,1.7039
PEMAFC-A,0,period_0707,3.853333,-3.9031,5.0656,87.4278,85.1794,2.2484
PEMAFC-A,0,period_0707,3.906667,-3.9046,7.4536,87.5194,85.1794,2.3400
PEMAFC-A,0,period_0707,3.960000,-3.9086,7.2353,87.2673,85.1794,2.0879
PEMAFC-A,0,period_0707,4.000000,-4.0476,6.1070,87.8031,85.1794,2.6237
PEMAFC-A,0,period_0707,4.053333,-4.0258,11.4471,88.9698,85.1794,3.7905
PEMAFC-A,0,period_0707,4.106667,-4.5849,7.7378,88.9904,85.1794,3.8110
PEMAFC-A,0,period_0707,4.160000,-1.2317,6.8959,81.2042,85.1794,-3.9752
PEMAFC-A,0,period_0707,4.200000,-1.3442,7.1277,81.4194,85.1794,-3.7600
PEMAFC-A,0,period_0707,4.253333,-0.6250,8.4202,79.1253,85.1794,-6.0541
PEMAFC-A,0,period_0707,4.306667,-0.5491,10.0197,78.7231,85.1794,-6.4563
PEMAFC-A,0,period_0707,4.360000,-1.1887,7.4462,82.2840,85.1794,-2.8954
PEMAFC-A,0,period_0707,4.400000,-3.9293,6.3763,85.7900,85.1794,0.6107
PEMAFC-A,0,period_0707,4.453333,-2.8638,11.4667,86.2494,85.1794,1.0700
PEMAFC-A,0,period_0707,4.506667,-2.5301,16.2053,84.8347,85.1794,-0.3447
PEMAFC-A,0,period_0707,4.560000,-2.4318,11.2113,82.4650,85.1794,-2.7143
PEMAFC-A,0,period_0707,4.600000,-1.9226,7.4755,81.2477,85.1794,-3.9316
PEMAFC-A,0,period_0707,4.653333,-1.0862,9.5766,80.1884,85.1794,-4.9909
PEMAFC-A,0,period_0707,4.706667,-2.8408,0.0189,85.3603,85.1794,0.1810
PEMAFC-A,0,period_0707,4.760000,-4.3414,4.4616,91.0423,85.1794,5.8630
PEMAFC-A,0,period_0707,4.800000,-3.7749,5.7856,92.4502,85.1794,7.2708
PEMAFC-A,0,period_0707,4.853333,-3.1785,1.9934,88.6413,85.1794,3.4619
PEMAFC-A,0,period_0707,4.906667,-3.5768,4.8683,88.4882,85.1794,3.3089
PEMAFC-A,0,period_0707,4.960000,-3.9235,5.3635,89.0059,85.1794,3.8265
PEMAFC-A,0,period_0707,5.000000,-4.1079,6.1360,89.2794,85.1794,4.1001
PEMAFC-A,0,period_0707,5.053333,-4.6045,4.3684,90.0233,85.1794,4.8439
PEMAFC-A,0,period_0707,5.106667,-4.7872,4.8966,90.1403,85.1794,4.9609
PEMAFC-A,0,period_0707,5.160000,-4.6991,8.2378,91.4403,85.1794,6.2609
PEMAFC-A,0,period_0707,5.200000,-4.5716,9.5983,90.4291,85.1794,5.2498
PEMAFC-A,0,period_0707,5.253333,-4.6694,9.4474,89.4009,85.1794,4.2215
PEMAFC-A,0,period_0707,5.306667,-4.4762,7.0490,87.8212,85.1794,2.6418
PEMAFC-A,0,period_0707,5.360000,-4.2111,9.1311,85.7877,85.1794,0.6083
PEMAFC-A,0,period_0707,5.400000,-4.6727,4.8751,87.9793,85.1794,2.8000
PEMAFC-A,0,period_0707,5.453333,-4.7283,7.3127,88.0801,85.1794,2.9008
PEMAFC-A,0,period_0707,5.506667,-4.8714,9.7339,88.4879,85.1794,3.3086
PEMAFC-A,0,period_0707,5.560000,-4.9080,9.0427,88.6301,85.1794,3.4507
PEMAFC-A,0,period_0707,5.600000,-4.7812,10.4054,87.6203,85.1794,2.4410
PEMAFC-A,0,period_0707,5.653333,-4.9866,7.4808,88.7634,85.1794,3.5840
PEMAFC-A,0,period_0707,5.706667,-4.8713,9.2670,88.6257,85.1794,3.4464
PEMAFC-A,0,period_0707,5.760000,-4.8874,8.0225,87.7565,85.1794,2.5771
PEMAFC-A,0,period_0707,5.800000,-5.0362,6.4946,88.6096,85.1794,3.4302
PEMAFC-A,0,period_0707,5.853333,-5.5572,6.7486,88.4748,85.1794,3.2955
PEMAFC-A,0,period_0707,5.906667,-4.5401,4.8666,90.4822,85.1794,5.3028
PEMAFC-A,0,period_0707,5.960000,-2.9571,7.5969,87.1660,85.1794,1.9866
PEMAFC-A,0,period_0707,6.000000,-2.9012,6.0537,85.4214,85.1794,0.2421
PEMAFC-A,0,period_0707,6.053333,1.3969,5.7290,76.4502,85.1794,-8.7291
PEMAFC-A,0,period_0707,6.106667,2.3195,4.9485,74.1182,85.1794,-11.0612
PEMAFC-A,0,period_0707,6.160000,2.7514,5.9465,74.7593,85.1794,-10.4201
PEMAFC-A,0,period_0707,6.200000,1.1160,2.5913,76.2722,85.1794,-8.9071
PEMAFC-A,0,period_0707,6.253333,-0.5946,-0.0693,79.5998,85.1794,-5.5796
PEMAFC-A,0,period_0707,6.306667,-4.9935,1.4093,86.2469,85.1794,1.0675
PEMAFC-A,0,period_0707,6.360000,-2.6538,4.0497,80.8065,85.1794,-4.3729
PEMAFC-A,0,period_0707,6.400000,-1.1108,9.5974,78.8048,85.1794,-6.3746
PEMAFC-A,0,period_0707,6.453333,-1.0489,9.4131,78.2121,85.1794,-6.9672
PEMAFC-A,0,period_0707,6.506667,0.3305,9.5777,80.8482,85.1794,-4.3311
PEMAFC-A,0,period_0707,6.560000,-4.3905,5.2579,87.4075,85.1794,2.2282
PEMAFC-A,0,period_0707,6.600000,-2.7839,16.3938,84.5290,85.1794,-0.6503
PEMAFC-A,0,period_0707,6.653333,-3.7257,15.8400,90.2202,85.1794,5.0408
PEMAFC-A,0,period_0707,6.706667,-3.7459,12.6753,87.0273,85.1794,1.8479
PEMAFC-A,0,period_0707,6.760000,-4.6616,8.8950,87.1213,85.1794,1.9419
PEMAFC-A,0,period_0707,6.800000,-4.6211,10.1484,86.9220,85.1794,1.7426
PEMAFC-A,0,period_0707,6.853333,-2.5888,3.4791,80.6762,85.1794,-4.5031
PEMAFC-A,0,period_0707,6.906667,-4.1973,5.7466,82.4640,85.1794,-2.7154
PEMAFC-A,0,period_0707,6.960000,-3.1472,7.8024,82.4269,85.1794,-2.7525
PEMAFC-A,0,period_0707,7.000000,-0.7503,7.6998,82.0448,85.1794,-3.1346
PEMAFC-A,0,period_0707,7.053333,-1.2107,1.8229,78.6586,85.1794,-6.5208
PEMAFC-A,0,period_0707,7.106667,-1.5397,4.5193,79.0473,85.1794,-6.1321
PEMAFC-A,0,period_0707,7.160000,-1.6458,6.8931,79.2759,85.1794,-5.9035
PEMAFC-A,0,period_0707,7.200000,-4.0152,1.5756,82.6239,85.1794,-2.5555
PEMAFC-A,0,period_0707,7.253333,-5.2054,3.0890,84.5039,85.1794,-0.6754
PEMAFC-A,0,period_0707,7.306667,-5.0816,7.7303,83.6344,85.1794,-1.5450
PEMAFC-A,0,period_0707,7.360000,-4.7551,8.9836,82.8765,85.1794,-2.3029
PEMAFC-A,0,period_0707,7.400000,-4.0448,10.5536,82.8634,85.1794,-2.3160
PEMAFC-A,0,period_0707,7.453333,-3.5159,5.2827,82.0900,85.1794,-3.0893
PEMAFC-A,0,period_0707,7.506667,-3.9088,7.5516,81.3395,85.1794,-3.8398
PEMAFC-A,0,period_0707,7.560000,-2.8692,7.4801,81.0055,85.1794,-4.1738
PEMAFC-A,0,period_0707,7.600000,-2.6731,3.2559,82.2404,85.1794,-2.9390
PEMAFC-A,0,period_0707,7.653333,-2.1023,9.0695,84.5438,85.1794,-0.6356
PEMAFC-A,0,period_0707,7.706667,-2.6289,12.9582,82.8145,85.1794,-2.3649
PEMAFC-A,0,period_0707,7.760000,-2.9341,11.2211,82.3588,85.1794,-2.8206
PEMAFC-A,0,period_0707,7.800000,-2.9139,7.9098,81.9749,85.1794,-3.2044
PEMAFC-A,0,period_0707,7.853333,-2.7008,13.2619,82.0024,85.1794,-3.1770
PEMAFC-A,0,period_0707,7.906667,-3.3084,15.2514,81.9490,85.1794,-3.2304
PEMAFC-A,0,period_0707,7.960000,-2.4707,13.7250,81.4391,85.1794,-3.7402
PEMAFC-A,0,period_0707,8.000000,-1.0933,13.4284,81.3020,85.1794,-3.8774
PEMAFC-A,0,period_0707,8.053333,0.0199,13.8727,80.9823,85.1794,-4.1970
PEMAFC-A,0,period_0707,8.106667,4.7327,1.8749,71.3791,85.1794,-13.8003
PEMAFC-A,0,period_0707,8.160000,-0.7269,4.8854,75.6915,85.1794,-9.4879
PEMAFC-A,0,period_0707,8.200000,-1.3663,11.3130,75.7393,85.1794,-9.4401
PEMAFC-A,0,period_0707,8.253333,-1.9893,13.6917,76.1353,85.1794,-9.0440
PEMAFC-A,0,period_0707,8.306667,-2.5597,14.4457,76.2365,85.1794,-8.9428
PEMAFC-A,0,period_0707,8.360000,-2.0431,15.6479,76.1999,85.1794,-8.9795
PEMAFC-A,0,period_0707,8.400000,-1.9733,11.4615,76.4279,85.1794,-8.7514
PEMAFC-A,0,period_0707,8.453333,-2.6989,5.6133,76.4556,85.1794,-8.7237
PEMAFC-A,0,period_0707,8.506667,-2.9538,12.5399,77.1460,85.1794,-8.0334
PEMAFC-A,0,period_0707,8.560000,-2.9716,13.3728,77.3241,85.1794,-7.8552
PEMAFC-A,0,period_0707,8.600000,-2.3693,13.4746,77.2743,85.1794,-7.9051
PEMAFC-A,0,period_0707,8.653333,-3.1927,12.9449,77.4739,85.1794,-7.7055
PEMAFC-A,0,period_0707,8.706667,-3.1500,10.6102,77.1361,85.1794,-8.0433
PEMAFC-A,0,period_0707,8.760000,-2.5758,12.4473,77.1082,85.1794,-8.0712
PEMAFC-A,0,period_0707,8.800000,-2.5460,11.7174,76.8076,85.1794,-8.3718
PEMAFC-A,0,period_0707,8.853333,-0.2116,15.7122,76.8755,85.1794,-8.3039
PEMAFC-A,0,period_0707,8.906667,5.6026,16.5328,72.3169,85.1794,-12.8625
PEMAFC-A,0,period_0707,8.960000,4.1094,8.5133,75.7402,85.1794,-9.4392
PEMAFC-A,0,period_0707,9.000000,-0.5701,2.0814,81.1999,85.1794,-3.9795
PEMAFC-A,0,period_0707,9.053333,-0.8990,3.7016,85.2940,85.1794,0.1146
PEMAFC-A,0,period_0707,9.106667,-3.9097,2.4442,86.5765,85.1794,1.3971
PEMAFC-A,0,period_0707,9.160000,-4.5004,6.7926,87.4023,85.1794,2.2229
PEMAFC-A,0,period_0707,9.200000,-5.0516,6.6028,88.3056,85.1794,3.1262
PEMAFC-A,0,period_0707,9.253333,-5.3925,5.5410,90.2238,85.1794,5.0445
PEMAFC-A,0,period_0707,9.306667,-5.4871,6.9878,90.5187,85.1794,5.3393
PEMAFC-A,0,period_0707,9.360000,-5.8609,5.5762,92.8528,85.1794,7.6734
PEMAFC-A,0,period_0707,9.400000,-6.1240,6.2977,94.0738,85.1794,8.8944
PEMAFC-A,0,period_0707,9.453333,-6.2030,7.0067,93.2309,85.1794,8.0515
PEMAFC-A,0,period_0707,9.506667,-6.1036,6.7017,94.7328,85.1794,9.5534
PEMAFC-A,0,period_0707,9.560000,-6.1395,7.3952,94.5847,85.1794,9.4054
PEMAFC-A,0,period_0707,9.600000,-6.4179,7.3781,93.1850,85.1794,8.0056
PEMAFC-A,0,period_0707,9.653333,-6.6159,5.7356,93.8528,85.1794,8.6734
PEMAFC-A,0,period_0707,9.706667,-6.5652,5.9605,91.4791,85.1794,6.2998
PEMAFC-A,0,period_0707,9.760000,-6.4950,7.2632,90.1505,85.1794,4.9711
PEMAFC-A,0,period_0707,9.800000,-5.8117,8.4607,90.5296,85.1794,5.3502
PEMAFC-A,0,period_0707,9.853333,-6.3740,6.3113,91.8660,85.1794,6.6866
PEMAFC-A,0,period_0707,9.906667,-6.2437,8.2768,91.2501,85.1794,6.0707
PEMAFC-A,0,period_0707,9.960000,-8.8939,3.6207,91.7628,85.1794,6.5834
PEMAFC-A,0,period_0707,10.000000,-0.5609,3.3648,83.4136,85.1794,-1.7658
PEMAFC-A,1,period_0856,10.013333,-0.5712,-40.3697,76.8315,75.6790,1.1525
PEMAFC-A,1,period_0856,10.053333,-0.6407,1.8016,76.8554,75.6790,1.1763
PEMAFC-A,1,period_0856,10.106667,-0.7137,2.6236,76.8990,75.6790,1.2200
PEMAFC-A,1,period_0856,10.160000,-0.7579,4.7279,76.9151,75.6790,1.2361
PEMAFC-A,1,period_0856,10.200000,-0.7814,5.3983,76.9295,75.6790,1.2505
PEMAFC-A,1,period_0856,10.253333,-0.8132,5.3792,76.9536,75.6790,1.2746
PEMAFC-A,1,period_0856,10.306667,-0.8453,5.1146,76.9933,75.6790,1.3143
PEMAFC-A,1,period_0856,10.360000,-0.8747,4.6265,77.0173,75.6790,1.3383
PEMAFC-A,1,period_0856,10.400000,-0.8905,6.7438,77.0277,75.6790,1.3487
PEMAFC-A,1,period_0856,10.453333,-0.9176,5.8383,77.0421,75.6790,1.3630
PEMAFC-A,1,period_0856,10.506667,-0.9382,5.2143,77.0565,75.6790,1.3775
PEMAFC-A,1,period_0856,10.560000,-0.9590,6.3175,77.0927,75.6790,1.4137
PEMAFC-A,1,period_0856,10.600000,-0.9781,6.1959,77.1219,75.6790,1.4429
PEMAFC-A,1,period_0856,10.653333,-1.0036,6.4527,77.1565,75.6790,1.4774
PEMAFC-A,1,period_0856,10.706667,-1.0350,6.3996,77.1881,75.6790,1.5090
PEMAFC-A,1,period_0856,10.760000,-1.0682,7.1104,77.2682,75.6790,1.5891
PEMAFC-A,1,period_0856,10.800000,-1.4547,1.9954,77.6960,75.6790,2.0170
PEMAFC-A,1,period_0856,10.853333,-1.9662,3.5684,77.9420,75.6790,2.2629
PEMAFC-A,1,period_0856,10.906667,-3.1677,4.4587,79.9872,75.6790,4.3082
PEMAFC-A,1,period_0856,10.960000,-3.4358,10.5019,80.1396,75.6790,4.4606
PEMAFC-A,1,period_0856,11.000000,-3.2634,9.2142,80.1655,75.6790,4.4865
PEMAFC-A,1,period_0856,11.053333,-2.9735,8.1310,78.3705,75.6790,2.6914
PEMAFC-A,1,period_0856,11.106667,-2.8375,14.5957,78.1368,75.6790,2.4578
PEMAFC-A,1,period_0856,11.160000,-3.1379,5.6289,79.9482,75.6790,4.2692
PEMAFC-A,1,period_0856,11.200000,-3.0188,10.3402,79.9118,75.6790,4.2327
PEMAFC-A,1,period_0856,11.253333,-2.2583,9.2373,73.4144,75.6790,-2.2646
PEMAFC-A,1,period_0856,11.306667,-0.7736,12.2437,79.2810,75.6790,3.6020
PEMAFC-A,1,period_0856,11.360000,-2.4915,1.3092,79.9685,75.6790,4.2894
PEMAFC-A,1,period_0856,11.400000,-2.7066,4.0850,80.0947,75.6790,4.4157
PEMAFC-A,1,period_0856,11.453333,-2.8993,5.3209,80.2686,75.6790,4.5896
PEMAFC-A,1,period_0856,11.506667,-3.0841,7.1129,80.4169,75.6790,4.7379
PEMAFC-A,1,period_0856,11.560000,-3.2219,7.5879,80.5186,75.6790,4.8395
PEMAFC-A,1,period_0856,11.600000,-3.2722,8.9129,80.5866,75.6790,4.9076
PEMAFC-A,1,period_0856,11.653333,-3.3423,8.4068,80.6850,75.6790,5.0060
PEMAFC-A,1,period_0856,11.706667,-3.3995,8.9279,80.7852,75.6790,5.1062
PEMAFC-A,1,period_0856,11.760000,-3.4436,9.4990,80.9728,75.6790,5.2938
PEMAFC-A,1,period_0856,11.800000,-3.4687,9.6223,81.0129,75.6790,5.3339
PEMAFC-A,1,period_0856,11.853333,-3.5013,9.1957,81.0508,75.6790,5.3718
PEMAFC-A,1,period_0856,11.906667,-3.5288,8.7069,81.0986,75.6790,5.4196
PEMAFC-A,1,period_0856,11.960000,-3.5466,7.8866,81.1297,75.6790,5.4506
PEMAFC-A,1,period_0856,12.000000,-3.5616,9.9901,81.2055,75.6790,5.5265
PEMAFC-A,1,period_0856,12.053333,-3.5817,9.0919,81.2480,75.6790,5.5689
PEMAFC-A,1,period_0856,12.106667,-3.6021,7.6511,81.2762,75.6790,5.5971
PEMAFC-A,1,period_0856,12.160000,-3.6273,9.1879,81.3044,75.6790,5.6254
PEMAFC-A,1,period_0856,12.200000,-3.6501,5.9534,81.3616,75.6790,5.6826
PEMAFC-A,1,period_0856,12.253333,-3.6697,9.2952,81.3900,75.6790,5.7110
PEMAFC-A,1,period_0856,12.306667,-3.6858,9.1528,81.4120,75.6790,5.7329
PEMAFC-A,1,period_0856,12.360000,-3.6958,8.6055,81.4536,75.6790,5.7746
PEMAFC-A,1,period_0856,12.400000,-3.7064,9.9189,81.4773,75.6790,5.7982
PEMAFC-A,1,period_0856,12.453333,-3.7229,9.8803,81.5255,75.6790,5.8464
PEMAFC-A,1,period_0856,12.506667,-3.7411,7.8568,81.5601,75.6790,5.8810
PEMAFC-A,1,period_0856,12.560000,-3.8624,18.5688,81.4979,75.6790,5.8189
PEMAFC-A,1,period_0856,12.600000,-3.6966,14.1049,81.4306,75.6790,5.7516
PEMAFC-A,1,period_0856,12.653333,-3.7368,11.2369,81.4899,75.6790,5.8108
PEMAFC-A,1,period_0856,12.706667,-3.5932,11.3947,79.7211,75.6790,4.0421
PEMAFC-A,1,period_0856,12.760000,-3.5148,9.9282,79.1322,75.6790,3.4531
PEMAFC-A,1,period_0856,12.800000,-3.6838,3.1904,82.2220,75.6790,6.5430
PEMAFC-A,1,period_0856,12.853333,-3.6756,2.1829,82.3946,75.6790,6.7156
PEMAFC-A,1,period_0856,12.906667,-4.0233,6.1478,82.3249,75.6790,6.6459
PEMAFC-A,1,period_0856,12.960000,-2.6105,6.0522,81.1876,75.6790,5.5085
PEMAFC-A,1,period_0856,13.000000,-2.7438,3.1448,77.8840,75.6790,2.2050
PEMAFC-A,1,period_0856,13.053333,-3.3662,3.1217,78.1500,75.6790,2.4709
PEMAFC-A,1,period_0856,13.106667,-3.9603,3.9173,78.4342,75.6790,2.7552
PEMAFC-A,1,period_0856,13.160000,-4.5863,3.7559,79.2379,75.6790,3.5589
PEMAFC-A,1,period_0856,13.200000,-5.1488,3.5101,79.7656,75.6790,4.0865
PEMAFC-A,1,period_0856,13.253333,-6.3991,3.4000,83.4324,75.6790,7.7534
PEMAFC-A,1,period_0856,13.306667,-6.8154,7.4649,83.5339,75.6790,7.8549
PEMAFC-A,1,period_0856,13.360000,-7.0240,10.2040,83.5264,75.6790,7.8474
PEMAFC-A,1,period_0856,13.400000,-7.1087,9.2839,83.5528,75.6790,7.8738
PEMAFC-A,1,period_0856,13.453333,-7.2293,10.5923,83.6512,75.6790,7.9722
PEMAFC-A,1,period_0856,13.506667,-7.3307,10.7150,83.7031,75.6790,8.0241
PEMAFC-A,1,period_0856,13.560000,-7.4070,9.8928,83.7327,75.6790,8.0537
PEMAFC-A,1,period_0856,13.600000,-7.4918,9.6660,83.7788,75.6790,8.0998
PEMAFC-A,1,period_0856,13.653333,-7.5653,9.3636,83.7872,75.6790,8.1082
PEMAFC-A,1,period_0856,13.706667,-7.6062,8.8821,83.8240,75.6790,8.1450
PEMAFC-A,1,period_0856,13.760000,-7.6520,8.2635,83.8571,75.6790,8.1781
PEMAFC-A,1,period_0856,13.800000,-7.6774,10.3380,83.8835,75.6790,8.2045
PEMAFC-A,1,period_0856,13.853333,-7.7057,8.1085,83.8909,75.6790,8.2119
PEMAFC-A,1,period_0856,13.906667,-7.7257,9.7054,83.9112,75.6790,8.2321
PEMAFC-A,1,period_0856,13.960000,-7.7437,11.1958,83.9199,75.6790,8.2409
PEMAFC-A,1,period_0856,14.000000,-7.7809,7.8805,83.9306,75.6790,8.2516
PEMAFC-A,1,period_0856,14.053333,-7.7560,14.2294,83.9958,75.6790,8.3168
PEMAFC-A,1,period_0856,14.106667,-7.9140,9.9411,84.1490,75.6790,8.4699
PEMAFC-A,1,period_0856,14.160000,-7.9027,8.1480,83.7639,75.6790,8.0848
PEMAFC-A,1,period_0856,14.200000,-8.1303,10.9556,83.2152,75.6790,7.5362
PEMAFC-A,1,period_0856,14.253333,-7.9146,11.0256,82.7454,75.6790,7.0664
PEMAFC-A,1,period_0856,14.306667,-7.7963,11.3799,81.4449,75.6790,5.7658
PEMAFC-A,1,period_0856,14.360000,-8.0640,7.3028,80.0500,75.6790,4.3710
PEMAFC-A,1,period_0856,14.400000,-7.9370,6.0199,78.5541,75.6790,2.8751
PEMAFC-A,1,period_0856,14.453333,-7.8253,8.8360,81.7279,75.6790,6.0488
PEMAFC-A,1,period_0856,14.506667,-7.6986,12.9796,80.5989,75.6790,4.9199
PEMAFC-A,1,period_0856,14.560000,-7.4204,10.2531,80.7522,75.6790,5.0731
PEMAFC-A,1,period_0856,14.600000,-6.9433,10.5796,79.5793,75.6790,3.9002
PEMAFC-A,1,period_0856,14.653333,-6.2743,12.3644,77.9171,75.6790,2.2381
PEMAFC-A,1,period_0856,14.706667,-7.4754,2.8347,85.6970,75.6790,10.0180
PEMAFC-A,1,period_0856,14.760000,-8.9177,7.2756,87.6707,75.6790,11.9917
PEMAFC-A,1,period_0856,14.800000,-8.5431,7.3783,87.6972,75.6790,12.0181
PEMAFC-A,1,period_0856,14.853333,-7.1562,3.7983,82.4483,75.6790,6.7692
PEMAFC-A,1,period_0856,14.906667,-7.6744,6.1615,82.6415,75.6790,6.9625
PEMAFC-A,1,period_0856,14.960000,-8.0080,7.5214,82.9176,75.6790,7.2386
PEMAFC-A,1,period_0856,15.000000,-8.2835,7.4220,83.1019,75.6790,7.4228
PEMAFC-A,1,period_0856,15.053333,-8.8050,7.0764,84.5395,75.6790,8.8605
PEMAFC-A,1,period_0856,15.106667,-10.2069,6.3505,88.1880,75.6790,12.5089
PEMAFC-A,1,period_0856,15.160000,-10.5574,9.1810,88.3260,75.6790,12.6469
PEMAFC-A,1,period_0856,15.200000,-10.6443,10.1801,88.4187,75.6790,12.7396
PEMAFC-A,1,period_0856,15.253333,-10.8781,11.3596,88.5575,75.6790,12.8785
PEMAFC-A,1,period_0856,15.306667,-11.0457,10.0290,88.6089,75.6790,12.9299
PEMAFC-A,1,period_0856,15.360000,-11.1270,11.1196,88.6972,75.6790,13.0182
PEMAFC-A,1,period_0856,15.400000,-11.2274,10.2248,88.7543,75.6790,13.0753
PEMAFC-A,1,period_0856,15.453333,-11.3217,8.2585,88.8223,75.6790,13.1433
PEMAFC-A,1,period_0856,15.506667,-11.3760,10.3409,88.8678,75.6790,13.1888
PEMAFC-A,1,period_0856,15.560000,-11.4352,10.8925,88.9222,75.6790,13.2431
PEMAFC-A,1,period_0856,15.600000,-11.4691,12.8338,88.9531,75.6790,13.2741
PEMAFC-A,1,period_0856,15.653333,-11.4964,10.4227,89.0084,75.6790,13.3293
PEMAFC-A,1,period_0856,15.706667,-11.5368,10.9164,89.0353,75.6790,13.3563
PEMAFC-A,1,period_0856,15.760000,-11.5862,10.1760,89.1132,75.6790,13.4341
PEMAFC-A,1,period_0856,15.800000,-11.6157,10.7556,89.1340,75.6790,13.4549
PEMAFC-A,1,period_0856,15.853333,-12.3907,12.5445,90.6404,75.6790,14.9614
PEMAFC-A,1,period_0856,15.906667,-11.4689,10.9094,87.9088,75.6790,12.2297
PEMAFC-A,1,period_0856,15.960000,-10.8764,10.4761,84.3466,75.6790,8.6676
PEMAFC-A,1,period_0856,16.000000,-10.7637,10.0665,84.6162,75.6790,8.9371
PEMAFC-A,1,period_0856,16.053333,-7.7788,4.6148,78.2081,75.6790,2.5291
PEMAFC-A,1,period_0856,16.106667,-8.6780,5.2313,78.0901,75.6790,2.4111
PEMAFC-A,1,period_0856,16.160000,-9.4580,8.3601,77.9713,75.6790,2.2923
PEMAFC-A,1,period_0856,16.200000,-10.2790,2.4270,80.1721,75.6790,4.4931
PEMAFC-A,1,period_0856,16.253333,-11.6764,5.7507,84.7785,75.6790,9.0995
PEMAFC-A,1,period_0856,16.306667,-12.8022,6.0586,89.8952,75.6790,14.2162
PEMAFC-A,1,period_0856,16.360000,-11.5819,5.2046,83.7249,75.6790,8.0459
PEMAFC-A,1,period_0856,16.400000,-9.5474,11.2201,79.5917,75.6790,3.9127
PEMAFC-A,1,period_0856,16.453333,-10.1717,6.6220,78.6940,75.6790,3.0150
PEMAFC-A,1,period_0856,16.506667,-8.9321,9.9961,79.5651,75.6790,3.8861
PEMAFC-A,1,period_0856,16.560000,-9.5463,5.2745,82.1927,75.6790,6.5137
PEMAFC-A,1,period_0856,16.600000,-8.6233,16.1344,78.8698,75.6790,3.1907
PEMAFC-A,1,period_0856,16.653333,-8.8868,13.6572,80.3706,75.6790,4.6916
PEMAFC-A,1,period_0856,16.706667,-9.1627,11.3724,80.1368,75.6790,4.4578
PEMAFC-A,1,period_0856,16.760000,-9.7273,10.1759,81.5093,75.6790,5.8302
PEMAFC-A,1,period_0856,16.800000,-9.5794,10.0832,80.7302,75.6790,5.0511
PEMAFC-A,1,period_0856,16.853333,-8.3078,3.5039,79.1220,75.6790,3.4430
PEMAFC-A,1,period_0856,16.906667,-9.8409,3.7238,85.9720,75.6790,10.2930
PEMAFC-A,1,period_0856,16.960000,-9.5591,7.8264,83.4586,75.6790,7.7796
PEMAFC-A,1,period_0856,17.000000,-7.9615,7.9356,76.7260,75.6790,1.0470
PEMAFC-A,1,period_0856,17.053333,-8.0108,1.8192,77.4612,75.6790,1.7822
PEMAFC-A,1,period_0856,17.106667,-8.6643,5.6535,78.4249,75.6790,2.7459
PEMAFC-A,1,period_0856,17.160000,-9.7957,7.2177,79.9419,75.6790,4.2629
PEMAFC-A,1,period_0856,17.200000,-12.3872,7.8889,91.5904,75.6790,15.9114
PEMAFC-A,1,period_0856,17.253333,-12.7997,3.5209,86.6518,75.6790,10.9728
PEMAFC-A,1,period_0856,17.306667,-12.4122,9.1697,84.4107,75.6790,8.7317
PEMAFC-A,1,period_0856,17.360000,-12.2080,9.1707,81.7752,75.6790,6.0962
PEMAFC-A,1,period_0856,17.400000,-11.6756,9.5754,81.0110,75.6790,5.3320
PEMAFC-A,1,period_0856,17.453333,-12.0615,7.4709,87.8434,75.6790,12.1644
PEMAFC-A,1,period_0856,17.506667,-11.8421,9.0007,79.8316,75.6790,4.1526
PEMAFC-A,1,period_0856,17.560000,-11.6120,9.3234,79.2975,75.6790,3.6184
PEMAFC-A,1,period_0856,17.600000,-10.4345,3.6744,80.4535,75.6790,4.7745
PEMAFC-A,1,period_0856,17.653333,-7.7863,6.5957,78.0542,75.6790,2.3752
PEMAFC-A,1,period_0856,17.706667,-9.6630,9.9126,80.8296,75.6790,5.1506
PEMAFC-A,1,period_0856,17.760000,-10.6274,9.9485,82.8135,75.6790,7.1344
PEMAFC-A,1,period_0856,17.800000,-11.2603,9.9334,80.9979,75.6790,5.3189
PEMAFC-A,1,period_0856,17.853333,-9.9622,13.2351,79.3277,75.6790,3.6487
PEMAFC-A,1,period_0856,17.906667,-10.0605,15.6516,79.5518,75.6790,3.8728
PEMAFC-A,1,period_0856,17.960000,-9.3682,14.4879,79.1197,75.6790,3.4407
PEMAFC-A,1,period_0856,18.000000,-9.5045,12.0053,77.2799,75.6790,1.6009
PEMAFC-A,1,period_0856,18.053333,-9.1122,10.4467,76.7886,75.6790,1.1096
PEMAFC-A,1,period_0856,18.106667,-5.4392,3.0995,75.2207,75.6790,-0.4583
PEMAFC-A,1,period_0856,18.160000,-10.2873,6.8026,82.3853,75.6790,6.7062
PEMAFC-A,1,period_0856,18.200000,-11.3729,11.0565,81.3764,75.6790,5.6974
PEMAFC-A,1,period_0856,18.253333,-11.4079,12.6536,81.2305,75.6790,5.5515
PEMAFC-A,1,period_0856,18.306667,-11.0110,14.9035,82.2754,75.6790,6.5964
PEMAFC-A,1,period_0856,18.360000,-10.7435,13.6877,80.5899,75.6790,4.9109
PEMAFC-A,1,period_0856,18.400000,-10.4647,12.3936,80.4695,75.6790,4.7904
PEMAFC-A,1,period_0856,18.453333,-10.5222,8.1289,83.8790,75.6790,8.2000
PEMAFC-A,1,period_0856,18.506667,-10.8876,11.2645,84.2280,75.6790,8.5490
PEMAFC-A,1,period_0856,18.560000,-10.7390,14.1504,82.5045,75.6790,6.8255
PEMAFC-A,1,period_0856,18.600000,-10.2447,15.2524,80.8080,75.6790,5.1290
PEMAFC-A,1,period_0856,18.653333,-10.4682,13.9649,82.0400,75.6790,6.3609
PEMAFC-A,1,period_0856,18.706667,-10.3853,13.5228,82.2316,75.6790,6.5526
PEMAFC-A,1,period_0856,18.760000,-9.8616,11.1143,80.2980,75.6790,4.6189
PEMAFC-A,1,period_0856,18.800000,-9.8539,9.8821,81.9920,75.6790,6.3130
PEMAFC-A,1,period_0856,18.853333,-8.8130,11.9830,75.7523,75.6790,0.0733
PEMAFC-A,1,period_0856,18.906667,-5.0359,15.1224,70.7551,75.6790,-4.9240
PEMAFC-A,1,period_0856,18.960000,-7.3832,7.1437,75.9943,75.6790,0.3153
PEMAFC-A,1,period_0856,19.000000,-8.3750,6.0624,75.5030,75.6790,-0.1760
PEMAFC-A,1,period_0856,19.053333,-10.0105,4.9684,80.5631,75.6790,4.8840
PEMAFC-A,1,period_0856,19.106667,-11.5773,6.3268,81.1810,75.6790,5.5020
PEMAFC-A,1,period_0856,19.160000,-12.1820,8.6335,81.5029,75.6790,5.8239
PEMAFC-A,1,period_0856,19.200000,-13.1162,6.9294,83.4079,75.6790,7.7289
PEMAFC-A,1,period_0856,19.253333,-13.4103,5.0060,83.0604,75.6790,7.3814
PEMAFC-A,1,period_0856,19.306667,-13.7545,7.2722,83.5312,75.6790,7.8522
PEMAFC-A,1,period_0856,19.360000,-14.0166,7.2458,85.4434,75.6790,9.7644
PEMAFC-A,1,period_0856,19.400000,-14.2543,8.1234,85.7942,75.6790,10.1152
PEMAFC-A,1,period_0856,19.453333,-14.5493,10.4850,86.9910,75.6790,11.3119
PEMAFC-A,1,period_0856,19.506667,-14.6738,9.2772,86.9969,75.6790,11.3179
PEMAFC-A,1,period_0856,19.560000,-14.8585,10.5238,88.0095,75.6790,12.3305
PEMAFC-A,1,period_0856,19.600000,-15.0318,10.1123,88.5976,75.6790,12.9186
PEMAFC-A,1,period_0856,19.653333,-15.1420,9.6082,91.3826,75.6790,15.7036
PEMAFC-A,1,period_0856,19.706667,-15.3368,10.2490,91.2485,75.6790,15.5695
PEMAFC-A,1,period_0856,19.760000,-15.4682,9.4341,91.1305,75.6790,15.4515
PEMAFC-A,1,period_0856,19.800000,-15.4803,9.3367,91.1282,75.6790,15.4492
PEMAFC-A,1,period_0856,19.853333,-15.4366,10.3432,90.3448,75.6790,14.6658
PEMAFC-A,1,period_0856,19.906667,-15.5189,10.4767,92.8924,75.6790,17.2133
PEMAFC-A,1,period_0856,19.960000,-15.7800,11.3414,92.9433,75.6790,17.2643
PEMAFC-A,1,period_0856,20.000000,-10.3993,6.8431,86.3142,75.6790,10.6352
PEMAFC-A,2,period_0916,20.013333,-3.1449,-45.2816,79.1851,76.8005,2.3846
PEMAFC-A,2,period_0916,20.053333,-3.4099,-7.0640,79.7038,76.8005,2.9033
PEMAFC-A,2,period_0916,20.106667,-3.6393,-4.4063,80.7949,76.8005,3.9944
PEMAFC-A,2,period_0916,20.160000,-3.8230,-3.3930,80.9348,76.8005,4.1343
PEMAFC-A,2,period_0916,20.200000,-3.9176,-3.1079,80.9386,76.8005,4.1381
PEMAFC-A,2,period_0916,20.253333,-3.9958,-1.8495,80.9403,76.8005,4.1398
PEMAFC-A,2,period_0916,20.306667,-4.0807,-1.0630,80.9432,76.8005,4.1427
PEMAFC-A,2,period_0916,20.360000,-4.1450,0.0269,80.9496,76.8005,4.1491
PEMAFC-A,2,period_0916,20.400000,-4.1688,0.5835,80.9508,76.8005,4.1503
PEMAFC-A,2,period_0916,20.453333,-4.2127,0.5177,80.9520,76.8005,4.1515
PEMAFC-A,2,period_0916,20.506667,-4.2497,0.4134,80.9544,76.8005,4.1539
PEMAFC-A,2,period_0916,20.560000,-4.2692,1.2855,80.9555,76.8005,4.1550
PEMAFC-A,2,period_0916,20.600000,-4.2923,1.7108,80.9551,76.8005,4.1546
PEMAFC-A,2,period_0916,20.653333,-4.3200,1.6353,80.9540,76.8005,4.1535
PEMAFC-A,2,period_0916,20.706667,-4.3485,2.5061,80.9542,76.8005,4.1537
PEMAFC-A,2,period_0916,20.760000,-4.3691,3.0772,80.9556,76.8005,4.1551
PEMAFC-A,2,period_0916,20.800000,-4.4808,5.0743,80.9578,76.8005,4.1573
PEMAFC-A,2,period_0916,20.853333,-4.6873,6.9454,81.0126,76.8005,4.2121
PEMAFC-A,2,period_0916,20.906667,-5.1608,7.6746,81.1523,76.8005,4.3518
PEMAFC-A,2,period_0916,20.960000,-5.0996,8.8792,81.2393,76.8005,4.4388
PEMAFC-A,2,period_0916,21.000000,-4.9731,7.3035,80.1188,76.8005,3.3183
PEMAFC-A,2,period_0916,21.053333,-4.6425,7.0736,81.2521,76.8005,4.4516
PEMAFC-A,2,period_0916,21.106667,-4.5939,9.0427,79.5920,76.8005,2.7915
PEMAFC-A,2,period_0916,21.160000,-4.8784,5.4404,81.2480,76.8005,4.4475
PEMAFC-A,2,period_0916,21.200000,-4.6745,8.0331,77.9705,76.8005,1.1700
PEMAFC-A,2,period_0916,21.253333,-4.3668,6.1637,77.1708,76.8005,0.3703
PEMAFC-A,2,period_0916,21.306667,-3.3419,7.7912,72.6083,76.8005,-4.1922
PEMAFC-A,2,period_0916,21.360000,-3.9606,2.5877,72.2727,76.8005,-4.5278
PEMAFC-A,2,period_0916,21.400000,-4.0992,1.4493,74.2327,76.8005,-2.5678
PEMAFC-A,2,period_0916,21.453333,-4.5009,-0.2193,75.6818,76.8005,-1.1187
PEMAFC-A,2,period_0916,21.506667,-4.6499,3.6328,76.2823,76.8005,-0.5182
PEMAFC-A,2,period_0916,21.560000,-4.7680,2.4921,77.3057,76.8005,0.5052
PEMAFC-A,2,period_0916,21.600000,-4.8128,3.5690,77.0088,76.8005,0.2083
PEMAFC-A,2,period_0916,21.653333,-4.8406,4.3910,77.3535,76.8005,0.5530
PEMAFC-A,2,period_0916,21.706667,-4.9026,3.8354,77.6311,76.8005,0.8306
PEMAFC-A,2,period_0916,21.760000,-4.9268,3.9139,77.9450,76.8005,1.1445
PEMAFC-A,2,period_0916,21.800000,-4.9263,5.0157,78.1206,76.8005,1.3201
PEMAFC-A,2,period_0916,21.853333,-4.9565,3.8457,78.0963,76.8005,1.2958
PEMAFC-A,2,period_0916,21.906667,-4.9662,4.2917,78.3178,76.8005,1.5173
PEMAFC-A,2,period_0916,21.960000,-4.9798,3.0255,78.4776,76.8005,1.6771
PEMAFC-A,2,period_0916,22.000000,-5.0059,3.1540,78.6271,76.8005,1.8266
PEMAFC-A,2,period_0916,22.053333,-5.0225,3.5727,78.8251,76.8005,2.0246
PEMAFC-A,2,period_0916,22.106667,-5.0343,4.1251,78.9302,76.8005,2.1297
PEMAFC-A,2,period_0916,22.160000,-5.0611,4.4227,79.1600,76.8005,2.3595
PEMAFC-A,2,period_0916,22.200000,-5.0661,2.4918,79.2031,76.8005,2.4026
PEMAFC-A,2,period_0916,22.253333,-5.0891,3.1433,79.3285,76.8005,2.5280
PEMAFC-A,2,period_0916,22.306667,-5.1117,2.9546,79.4197,76.8005,2.6192
PEMAFC-A,2,period_0916,22.360000,-5.1145,2.9924,79.5069,76.8005,2.7064
PEMAFC-A,2,period_0916,22.400000,-5.1240,4.6610,79.6302,76.8005,2.8297
PEMAFC-A,2,period_0916,22.453333,-5.1379,4.9299,79.8856,76.8005,3.0851
PEMAFC-A,2,period_0916,22.506667,-5.1411,4.4469,79.9512,76.8005,3.1507
PEMAFC-A,2,period_0916,22.560000,-5.2461,6.8300,81.3238,76.8005,4.5233
PEMAFC-A,2,period_0916,22.600000,-5.2003,9.9118,81.2095,76.8005,4.4090
PEMAFC-A,2,period_0916,22.653333,-5.0518,8.3327,81.2849,76.8005,4.4845
PEMAFC-A,2,period_0916,22.706667,-4.7751,12.9500,81.0212,76.8005,4.2207
PEMAFC-A,2,period_0916,22.760000,-4.7850,7.5914,81.3437,76.8005,4.5432
PEMAFC-A,2,period_0916,22.800000,-4.7809,0.7105,80.9884,76.8005,4.1879
PEMAFC-A,2,period_0916,22.853333,-5.1443,0.7515,81.3504,76.8005,4.5499
PEMAFC-A,2,period_0916,22.906667,-5.4697,0.3965,81.4193,76.8005,4.6188
PEMAFC-A,2,period_0916,22.960000,-5.1603,1.4096,81.4427,76.8005,4.6422
PEMAFC-A,2,period_0916,23.000000,-5.7003,3.4103,78.2875,76.8005,1.4870
PEMAFC-A,2,period_0916,23.053333,-7.1356,6.6865,78.5475,76.8005,1.7470
PEMAFC-A,2,period_0916,23.106667,-8.3222,8.4517,78.7349,76.8005,1.9344
PEMAFC-A,2,period_0916,23.160000,-9.0902,9.0575,79.5010,76.8005,2.7005
PEMAFC-A,2,period_0916,23.200000,-9.6982,8.3659,80.6324,76.8005,3.8319
PEMAFC-A,2,period_0916,23.253333,-10.2701,4.3958,82.1477,76.8005,5.3472
PEMAFC-A,2,period_0916,23.306667,-10.4456,4.2669,82.9783,76.8005,6.1778
PEMAFC-A,2,period_0916,23.360000,-10.4292,4.6694,83.1230,76.8005,6.3225
PEMAFC-A,2,period_0916,23.400000,-10.5461,4.3332,82.9281,76.8005,6.1276
PEMAFC-A,2,period_0916,23.453333,-10.5733,5.1754,83.4643,76.8005,6.6638
PEMAFC-A,2,period_0916,23.506667,-10.4724,5.8523,83.5912,76.8005,6.7907
PEMAFC-A,2,period_0916,23.560000,-10.6252,5.1377,84.4550,76.8005,7.6545
PEMAFC-A,2,period_0916,23.600000,-10.6119,5.6206,84.0215,76.8005,7.2210
PEMAFC-A,2,period_0916,23.653333,-10.6632,4.7341,84.1123,76.8005,7.3118
PEMAFC-A,2,period_0916,23.706667,-10.7060,4.6812,84.4974,76.8005,7.6969
PEMAFC-A,2,period_0916,23.760000,-10.6970,3.6305,84.3830,76.8005,7.5825
PEMAFC-A,2,period_0916,23.800000,-10.7220,4.0084,83.9826,76.8005,7.1821
PEMAFC-A,2,period_0916,23.853333,-10.7790,3.6360,85.0268,76.8005,8.2263
PEMAFC-A,2,period_0916,23.906667,-10.7583,4.3495,84.8906,76.8005,8.0901
PEMAFC-A,2,period_0916,23.960000,-10.7870,4.9810,85.2196,76.8005,8.4191
PEMAFC-A,2,period_0916,24.000000,-10.8001,4.3303,84.9559,76.8005,8.1554
PEMAFC-A,2,period_0916,24.053333,-10.8000,10.8060,85.1641,76.8005,8.3636
PEMAFC-A,2,period_0916,24.106667,-10.8286,8.9259,84.2560,76.8005,7.4555
PEMAFC-A,2,period_0916,24.160000,-9.8986,9.3421,81.7434,76.8005,4.9429
PEMAFC-A,2,period_0916,24.200000,-10.0157,11.7159,81.1774,76.8005,4.3770
PEMAFC-A,2,period_0916,24.253333,-9.6950,11.5309,80.4002,76.8005,3.5997
PEMAFC-A,2,period_0916,24.306667,-9.2750,11.0576,80.0890,76.8005,3.2885
PEMAFC-A,2,period_0916,24.360000,-9.9548,4.8257,80.8253,76.8005,4.0248
PEMAFC-A,2,period_0916,24.400000,-8.9437,4.1903,77.6413,76.8005,0.8408
PEMAFC-A,2,period_0916,24.453333,-8.6268,7.2439,77.5965,76.8005,0.7960
PEMAFC-A,2,period_0916,24.506667,-8.5248,12.7741,77.4078,76.8005,0.6073
PEMAFC-A,2,period_0916,24.560000,-8.1610,7.5506,83.1118,76.8005,6.3113
PEMAFC-A,2,period_0916,24.600000,-8.1839,5.9239,83.7580,76.8005,6.9575
PEMAFC-A,2,period_0916,24.653333,-8.1484,8.1343,86.4301,76.8005,9.6296
PEMAFC-A,2,period_0916,24.706667,-10.5066,-0.0863,82.1484,76.8005,5.3479
PEMAFC-A,2,period_0916,24.760000,-11.1259,2.9525,87.7611,76.8005,10.9606
PEMAFC-A,2,period_0916,24.800000,-10.7808,2.8619,87.8078,76.8005,11.0073
PEMAFC-A,2,period_0916,24.853333,-10.4368,1.7255,88.5055,76.8005,11.7050
PEMAFC-A,2,period_0916,24.906667,-11.2052,10.2612,90.7116,76.8005,13.9111
PEMAFC-A,2,period_0916,24.960000,-11.8147,12.1949,91.5029,76.8005,14.7024
PEMAFC-A,2,period_0916,25.000000,-12.1633,12.7935,91.4857,76.8005,14.6852
PEMAFC-A,2,period_0916,25.053333,-12.6954,11.7042,92.5660,76.8005,15.7655
PEMAFC-A,2,period_0916,25.106667,-13.6343,5.0548,93.0208,76.8005,16.2203
PEMAFC-A,2,period_0916,25.160000,-13.6625,4.5577,93.1070,76.8005,16.3065
PEMAFC-A,2,period_0916,25.200000,-13.8582,4.6992,93.1266,76.8005,16.3261
PEMAFC-A,2,period_0916,25.253333,-14.0210,5.4637,93.2278,76.8005,16.4273
PEMAFC-A,2,period_0916,25.306667,-14.0503,3.8409,93.2820,76.8005,16.4815
PEMAFC-A,2,period_0916,25.360000,-14.4763,4.0805,93.2604,76.8005,16.4599
PEMAFC-A,2,period_0916,25.400000,-14.2615,3.6556,90.8884,76.8005,14.0879
PEMAFC-A,2,period_0916,25.453333,-14.2241,5.1979,91.8344,76.8005,15.0339
PEMAFC-A,2,period_0916,25.506667,-14.3643,5.1284,92.7765,76.8005,15.9760
PEMAFC-A,2,period_0916,25.560000,-14.3486,5.2358,92.3764,76.8005,15.5759
PEMAFC-A,2,period_0916,25.600000,-14.4235,5.7302,92.2379,76.8005,15.4374
PEMAFC-A,2,period_0916,25.653333,-14.4277,5.3800,92.7444,76.8005,15.9439
PEMAFC-A,2,period_0916,25.706667,-14.3754,4.2388,92.8302,76.8005,16.0297
PEMAFC-A,2,period_0916,25.760000,-14.5283,4.5105,92.9416,76.8005,16.1411
PEMAFC-A,2,period_0916,25.800000,-14.4966,4.5349,92.0469,76.8005,15.2465
PEMAFC-A,2,period_0916,25.853333,-14.9305,13.9453,92.2046,76.8005,15.4041
PEMAFC-A,2,period_0916,25.906667,-12.2613,10.1001,83.7973,76.8005,6.9968
PEMAFC-A,2,period_0916,25.960000,-10.8845,11.9779,81.4651,76.8005,4.6647
PEMAFC-A,2,period_0916,26.000000,-10.6231,9.5263,82.7593,76.8005,5.9588
PEMAFC-A,2,period_0916,26.053333,-7.3224,3.6032,79.7241,76.8005,2.9236
PEMAFC-A,2,period_0916,26.106667,-7.4947,6.7356,77.6462,76.8005,0.8457
PEMAFC-A,2,period_0916,26.160000,-9.0909,7.7240,77.7076,76.8005,0.9071
PEMAFC-A,2,period_0916,26.200000,-9.2467,2.2596,78.4954,76.8005,1.6950
PEMAFC-A,2,period_0916,26.253333,-11.1505,6.5542,79.9121,76.8005,3.1116
PEMAFC-A,2,period_0916,26.306667,-14.0427,3.7778,82.4490,76.8005,5.6485
PEMAFC-A,2,period_0916,26.360000,-12.3589,4.6352,81.9671,76.8005,5.1666
PEMAFC-A,2,period_0916,26.400000,-10.7394,8.2202,81.7477,76.8005,4.9472
PEMAFC-A,2,period_0916,26.453333,-11.2166,8.1935,81.0337,76.8005,4.2332
PEMAFC-A,2,period_0916,26.506667,-11.2171,7.9959,83.6355,76.8005,6.8350
PEMAFC-A,2,period_0916,26.560000,-11.1842,4.2958,80.7510,76.8005,3.9505
PEMAFC-A,2,period_0916,26.600000,-11.3313,8.7472,83.4449,76.8005,6.6444
PEMAFC-A,2,period_0916,26.653333,-11.4072,11.9476,82.7316,76.8005,5.9311
PEMAFC-A,2,period_0916,26.706667,-11.3865,12.7419,82.1341,76.8005,5.3336
PEMAFC-A,2,period_0916,26.760000,-11.9670,9.4635,80.6178,76.8005,3.8173
PEMAFC-A,2,period_0916,26.800000,-10.5737,11.3966,77.2622,76.8005,0.4617
PEMAFC-A,2,period_0916,26.853333,-10.8033,1.8077,88.0630,76.8005,11.2625
PEMAFC-A,2,period_0916,26.906667,-13.0648,2.2795,87.3388,76.8005,10.5383
PEMAFC-A,2,period_0916,26.960000,-12.7857,3.8172,88.5287,76.8005,11.7282
PEMAFC-A,2,period_0916,27.000000,-11.2969,4.3940,81.6739,76.8005,4.8734
PEMAFC-A,2,period_0916,27.053333,-10.3965,2.8725,81.0844,76.8005,4.2839
PEMAFC-A,2,period_0916,27.106667,-10.8737,11.4897,81.7106,76.8005,4.9101
PEMAFC-A,2,period_0916,27.160000,-11.8763,11.1628,83.8800,76.8005,7.0795
PEMAFC-A,2,period_0916,27.200000,-14.6236,4.1532,88.3666,76.8005,11.5661
PEMAFC-A,2,period_0916,27.253333,-14.9858,2.5057,86.4369,76.8005,9.6365
PEMAFC-A,2,period_0916,27.306667,-14.1517,6.9691,82.4313,76.8005,5.6308
PEMAFC-A,2,period_0916,27.360000,-13.6481,9.0100,80.4249,76.8005,3.6244
PEMAFC-A,2,period_0916,27.400000,-13.3817,9.5286,80.9943,76.8005,4.1938
PEMAFC-A,2,period_0916,27.453333,-12.6225,5.6136,81.0928,76.8005,4.2923
PEMAFC-A,2,period_0916,27.506667,-13.3619,6.0321,80.3902,76.8005,3.5897
PEMAFC-A,2,period_0916,27.560000,-13.4849,4.5715,83.2975,76.8005,6.4970
PEMAFC-A,2,period_0916,27.600000,-12.2288,2.3480,80.2746,76.8005,3.4742
PEMAFC-A,2,period_0916,27.653333,-8.2669,4.6870,76.5431,76.8005,-0.2574
PEMAFC-A,2,period_0916,27.706667,-9.2866,7.3150,76.8614,76.8005,0.0610
PEMAFC-A,2,period_0916,27.760000,-11.9706,6.1412,78.9751,76.8005,2.1746
PEMAFC-A,2,period_0916,27.800000,-12.7605,5.5571,84.9479,76.8005,8.1474
PEMAFC-A,2,period_0916,27.853333,-12.0323,8.7289,80.0541,76.8005,3.2536
PEMAFC-A,2,period_0916,27.906667,-12.2135,13.1486,81.6294,76.8005,4.8290
PEMAFC-A,2,period_0916,27.960000,-12.2425,10.6655,82.8968,76.8005,6.0963
PEMAFC-A,2,period_0916,28.000000,-11.9311,7.4848,82.2015,76.8005,5.4010
PEMAFC-A,2,period_0916,28.053333,-10.6806,7.0911,79.1002,76.8005,2.2997
PEMAFC-A,2,period_0916,28.106667,-3.2662,2.1374,68.1162,76.8005,-8.6843
PEMAFC-A,2,period_0916,28.160000,-13.9219,1.5902,87.0150,76.8005,10.2145
PEMAFC-A,2,period_0916,28.200000,-14.1497,8.6092,85.8768,76.8005,9.0763
PEMAFC-A,2,period_0916,28.253333,-13.0913,12.5077,81.5297,76.8005,4.7292
PEMAFC-A,2,period_0916,28.306667,-11.8946,12.5785,78.2118,76.8005,1.4113
PEMAFC-A,2,period_0916,28.360000,-10.6276,15.0164,75.5121,76.8005,-1.2884
PEMAFC-A,2,period_0916,28.400000,-11.2474,8.8805,80.0201,76.8005,3.2196
PEMAFC-A,2,period_0916,28.453333,-12.6390,4.4213,80.5023,76.8005,3.7018
PEMAFC-A,2,period_0916,28.506667,-13.5119,5.8633,80.4709,76.8005,3.6704
PEMAFC-A,2,period_0916,28.560000,-13.4724,11.2545,82.4672,76.8005,5.6667
PEMAFC-A,2,period_0916,28.600000,-13.2751,12.0801,85.2634,76.8005,8.4629
PEMAFC-A,2,period_0916,28.653333,-12.4822,11.3203,78.7251,76.8005,1.9246
PEMAFC-A,2,period_0916,28.706667,-11.1103,9.0892,78.4417,76.8005,1.6412
PEMAFC-A,2,period_0916,28.760000,-10.0482,8.7375,77.8812,76.8005,1.0807
PEMAFC-A,2,period_0916,28.800000,-10.4112,7.5721,76.4286,76.8005,-0.3719
PEMAFC-A,2,period_0916,28.853333,-10.3638,6.7481,80.5865,76.8005,3.7860
PEMAFC-A,2,period_0916,28.906667,-6.1561,13.2968,73.0275,76.8005,-3.7730
PEMAFC-A,2,period_0916,28.960000,-8.2415,7.4503,73.0877,76.8005,-3.7128
PEMAFC-A,2,period_0916,29.000000,-12.6545,-0.3144,83.4894,76.8005,6.6890
PEMAFC-A,2,period_0916,29.053333,-12.8429,0.5440,83.8398,76.8005,7.0393
PEMAFC-A,2,period_0916,29.106667,-15.2203,2.0106,93.4086,76.8005,16.6081
PEMAFC-A,2,period_0916,29.160000,-15.5431,4.1547,92.5029,76.8005,15.7024
PEMAFC-A,2,period_0916,29.200000,-15.4426,5.4068,91.7827,76.8005,14.9822
PEMAFC-A,2,period_0916,29.253333,-15.7326,3.6574,90.2617,76.8005,13.4612
PEMAFC-A,2,period_0916,29.306667,-15.2746,5.1884,92.0386,76.8005,15.2381
PEMAFC-A,2,period_0916,29.360000,-14.8681,3.8659,93.1385,76.8005,16.3380
PEMAFC-A,2,period_0916,29.400000,-15.6789,3.8597,93.5946,76.8005,16.7941
PEMAFC-A,2,period_0916,29.453333,-15.9612,7.2919,93.0927,76.8005,16.2922
PEMAFC-A,2,period_0916,29.506667,-15.8966,5.3124,93.2614,76.8005,16.4609
PEMAFC-A,2,period_0916,29.560000,-16.1328,9.3331,94.7680,76.8005,17.9675
PEMAFC-A,2,period_0916,29.600000,-16.1794,6.7158,93.8272,76.8005,17.0268
PEMAFC-A,2,period_0916,29.653333,-16.2805,6.1717,94.9758,76.8005,18.1754
PEMAFC-A,2,period_0916,29.706667,-16.7212,6.2991,94.7647,76.8005,17.9642
PEMAFC-A,2,period_0916,29.760000,-16.4748,4.8693,90.3023,76.8005,13.5018
PEMAFC-A,2,period_0916,29.800000,-16.3899,3.5307,93.1216,76.8005,16.3211
PEMAFC-A,2,period_0916,29.853333,-16.5128,3.5752,93.7672,76.8005,16.9667
PEMAFC-A,2,period_0916,29.906667,-16.1877,4.7531,92.4027,76.8005,15.6022
PEMAFC-A,2,period_0916,29.960000,-16.7869,7.0962,91.7861,76.8005,14.9856
PEMAFC-A,2,period_0916,30.000000,-11.4470,5.4422,81.2947,76.8005,4.4943
PEMAFC-A,3,period_0943,30.013333,-3.5637,-41.2560,70.2105,67.9790,2.2315
PEMAFC-A,3,period_0943,30.053333,-3.6060,-2.0528,70.2096,67.9790,2.2305
PEMAFC-A,3,period_0943,30.106667,-3.6529,-0.5915,70.2158,67.9790,2.2367
PEMAFC-A,3,period_0943,30.160000,-3.6880,0.4700,70.2196,67.9790,2.2405
PEMAFC-A,3,period_0943,30.200000,-3.7103,1.3627,70.2201,67.9790,2.2411
PEMAFC-A,3,period_0943,30.253333,-3.7307,1.9474,70.2225,67.9790,2.2435
PEMAFC-A,3,period_0943,30.306667,-3.7539,1.8798,70.2250,67.9790,2.2459
PEMAFC-A,3,period_0943,30.360000,-3.7725,2.6526,70.2253,67.9790,2.2462
PEMAFC-A,3,period_0943,30.400000,-3.7826,3.8970,70.2287,67.9790,2.2496
PEMAFC-A,3,period_0943,30.453333,-3.7960,3.9480,70.2310,67.9790,2.2520
PEMAFC-A,3,period_0943,30.506667,-3.8063,3.9563,70.2361,67.9790,2.2571
PEMAFC-A,3,period_0943,30.560000,-3.8149,4.3128,70.2399,67.9790,2.2608
PEMAFC-A,3,period_0943,30.600000,-3.8225,5.3478,70.2429,67.9790,2.2638
PEMAFC-A,3,period_0943,30.653333,-3.8347,4.3555,70.2488,67.9790,2.2698
PEMAFC-A,3,period_0943,30.706667,-3.8482,5.4865,70.2526,67.9790,2.2735
PEMAFC-A,3,period_0943,30.760000,-3.8598,5.4298,70.2586,67.9790,2.2795
PEMAFC-A,3,period_0943,30.800000,-3.9114,6.3807,70.2837,67.9790,2.3046
PEMAFC-A,3,period_0943,30.853333,-4.0675,5.7506,70.4070,67.9790,2.4279
PEMAFC-A,3,period_0943,30.906667,-4.7597,5.5699,71.0052,67.9790,3.0261
PEMAFC-A,3,period_0943,30.960000,-4.8568,11.3840,71.0462,67.9790,3.0672
PEMAFC-A,3,period_0943,31.000000,-4.8182,4.7951,71.0510,67.9790,3.0720
PEMAFC-A,3,period_0943,31.053333,-4.6595,4.9152,71.0519,67.9790,3.0729
PEMAFC-A,3,period_0943,31.106667,-4.5715,11.3693,71.0712,67.9790,3.0922
PEMAFC-A,3,period_0943,31.160000,-4.6081,8.3844,71.0871,67.9790,3.1080
PEMAFC-A,3,period_0943,31.200000,-4.5870,11.2032,71.0940,67.9790,3.1150
PEMAFC-A,3,period_0943,31.253333,-4.2694,7.7252,71.0879,67.9790,3.1089
PEMAFC-A,3,period_0943,31.306667,-3.5285,7.8013,68.2882,67.9790,0.3091
PEMAFC-A,3,period_0943,31.360000,-4.8028,-2.8894,71.0631,67.9790,3.0841
PEMAFC-A,3,period_0943,31.400000,-4.8458,6.5524,71.0731,67.9790,3.0940
PEMAFC-A,3,period_0943,31.453333,-4.8594,5.6239,71.0883,67.9790,3.1093
PEMAFC-A,3,period_0943,31.506667,-4.9047,7.7887,71.1041,67.9790,3.1251
PEMAFC-A,3,period_0943,31.560000,-4.9141,6.9718,71.1113,67.9790,3.1323
PEMAFC-A,3,period_0943,31.600000,-4.9270,7.7083,71.1162,67.9790,3.1372
PEMAFC-A,3,period_0943,31.653333,-4.9360,8.0461,71.1302,67.9790,3.1511
PEMAFC-A,3,period_0943,31.706667,-4.9463,6.8756,71.1384,67.9790,3.1593
PEMAFC-A,3,period_0943,31.760000,-4.9543,7.6720,71.1445,67.9790,3.1655
PEMAFC-A,3,period_0943,31.800000,-4.9559,8.8035,71.1480,67.9790,3.1689
PEMAFC-A,3,period_0943,31.853333,-4.9617,7.1205,71.1529,67.9790,3.1739
PEMAFC-A,3,period_0943,31.906667,-4.9662,7.4182,71.1559,67.9790,3.1768
PEMAFC-A,3,period_0943,31.960000,-4.9708,7.0729,71.1601,67.9790,3.1810
PEMAFC-A,3,period_0943,32.000000,-4.9726,7.7295,71.1633,67.9790,3.1843
PEMAFC-A,3,period_0943,32.053333,-4.9761,7.7715,71.1683,67.9790,3.1893
PEMAFC-A,3,period_0943,32.106667,-4.9800,6.4933,71.1738,67.9790,3.1947
PEMAFC-A,3,period_0943,32.160000,-4.9845,7.6168,71.1790,67.9790,3.1999
PEMAFC-A,3,period_0943,32.200000,-4.9872,6.1074,71.1829,67.9790,3.2039
PEMAFC-A,3,period_0943,32.253333,-4.9902,7.0107,71.1842,67.9790,3.2052
PEMAFC-A,3,period_0943,32.306667,-4.9965,6.1019,71.1878,67.9790,3.2088
PEMAFC-A,3,period_0943,32.360000,-4.9970,6.5313,71.1949,67.9790,3.2158
PEMAFC-A,3,period_0943,32.400000,-4.9995,8.0591,71.1973,67.9790,3.2183
PEMAFC-A,3,period_0943,32.453333,-5.0016,7.6392,71.1989,67.9790,3.2198
PEMAFC-A,3,period_0943,32.506667,-5.0060,6.1711,71.2021,67.9790,3.2231
PEMAFC-A,3,period_0943,32.560000,-5.0178,12.4367,71.2093,67.9790,3.2303
PEMAFC-A,3,period_0943,32.600000,-4.9358,10.8932,71.2183,67.9790,3.2393
PEMAFC-A,3,period_0943,32.653333,-4.9412,8.8782,71.2182,67.9790,3.2392
PEMAFC-A,3,period_0943,32.706667,-4.7980,9.8130,71.2186,67.9790,3.2396
PEMAFC-A,3,period_0943,32.760000,-4.7562,8.7256,71.2365,67.9790,3.2575
PEMAFC-A,3,period_0943,32.800000,-4.8094,2.3967,71.2265,67.9790,3.2475
PEMAFC-A,3,period_0943,32.853333,-4.9965,0.7741,71.2364,67.9790,3.2574
PEMAFC-A,3,period_0943,32.906667,-5.1065,5.2635,71.2376,67.9790,3.2585
PEMAFC-A,3,period_0943,32.960000,-4.7711,3.9589,71.2209,67.9790,3.2418
PEMAFC-A,3,period_0943,33.000000,-5.6119,3.8946,73.0885,67.9790,5.1095
PEMAFC-A,3,period_0943,33.053333,-7.4872,6.6984,75.8227,67.9790,7.8436
PEMAFC-A,3,period_0943,33.106667,-9.0880,8.9875,77.0348,67.9790,9.0558
PEMAFC-A,3,period_0943,33.160000,-10.2551,9.5477,77.9016,67.9790,9.9225
PEMAFC-A,3,period_0943,33.200000,-11.1809,8.3614,78.4219,67.9790,10.4428
PEMAFC-A,3,period_0943,33.253333,-11.3866,7.9542,78.5454,67.9790,10.5664
PEMAFC-A,3,period_0943,33.306667,-11.5688,8.6508,78.5802,67.9790,10.6012
PEMAFC-A,3,period_0943,33.360000,-11.5746,9.0814,78.5997,67.9790,10.6206
PEMAFC-A,3,period_0943,33.400000,-11.6697,7.9636,78.6131,67.9790,10.6340
PEMAFC-A,3,period_0943,33.453333,-11.6800,10.5148,78.6262,67.9790,10.6471
PEMAFC-A,3,period_0943,33.506667,-11.6853,8.8861,78.6384,67.9790,10.6593
PEMAFC-A,3,period_0943,33.560000,-11.7482,7.1633,78.6498,67.9790,10.6708
PEMAFC-A,3,period_0943,33.600000,-11.7419,9.1071,78.6659,67.9790,10.6869
PEMAFC-A,3,period_0943,33.653333,-11.7828,9.0354,78.6789,67.9790,10.6999
PEMAFC-A,3,period_0943,33.706667,-11.8108,7.0931,78.6949,67.9790,10.7159
PEMAFC-A,3,period_0943,33.760000,-11.8027,7.9224,78.6987,67.9790,10.7197
PEMAFC-A,3,period_0943,33.800000,-11.8085,8.3930,78.7074,67.9790,10.7284
PEMAFC-A,3,period_0943,33.853333,-11.8343,6.5646,78.7095,67.9790,10.7305
PEMAFC-A,3,period_0943,33.906667,-11.8506,7.4023,78.7215,67.9790,10.7424
PEMAFC-A,3,period_0943,33.960000,-11.8596,9.0384,78.7324,67.9790,10.7534
PEMAFC-A,3,period_0943,34.000000,-11.8646,8.0714,78.7394,67.9790,10.7603
PEMAFC-A,3,period_0943,34.053333,-11.8606,12.9318,78.7546,67.9790,10.7756
PEMAFC-A,3,period_0943,34.106667,-11.8902,8.7418,78.7411,67.9790,10.7620
PEMAFC-A,3,period_0943,34.160000,-11.5351,7.6069,78.7360,67.9790,10.7570
PEMAFC-A,3,period_0943,34.200000,-11.6414,9.6227,78.7437,67.9790,10.7647
PEMAFC-A,3,period_0943,34.253333,-11.2033,10.2560,78.7251,67.9790,10.7460
PEMAFC-A,3,period_0943,34.306667,-11.1101,10.3688,78.7494,67.9790,10.7704
PEMAFC-A,3,period_0943,34.360000,-11.1728,6.0092,75.8377,67.9790,7.8586
PEMAFC-A,3,period_0943,34.400000,-10.6429,5.8224,73.1136,67.9790,5.1346
PEMAFC-A,3,period_0943,34.453333,-11.0046,6.5029,77.2815,67.9790,9.3025
PEMAFC-A,3,period_0943,34.506667,-11.2018,11.0487,78.8510,67.9790,10.8719
PEMAFC-A,3,period_0943,34.560000,-10.9418,9.1351,78.8569,67.9790,10.8779
PEMAFC-A,3,period_0943,34.600000,-10.7782,7.8959,78.8608,67.9790,10.8817
PEMAFC-A,3,period_0943,34.653333,-10.8725,9.8716,78.8595,67.9790,10.8805
PEMAFC-A,3,period_0943,34.706667,-11.5855,1.8625,78.8254,67.9790,10.8463
PEMAFC-A,3,period_0943,34.760000,-12.3130,5.0238,78.8480,67.9790,10.8689
PEMAFC-A,3,period_0943,34.800000,-12.0324,5.6415,78.8181,67.9790,10.8390
PEMAFC-A,3,period_0943,34.853333,-12.2044,3.7694,79.7315,67.9790,11.7525
PEMAFC-A,3,period_0943,34.906667,-13.3719,11.6612,80.3311,67.9790,12.3520
PEMAFC-A,3,period_0943,34.960000,-14.2943,13.7456,81.1220,67.9790,13.1430
PEMAFC-A,3,period_0943,35.000000,-15.0097,14.1034,82.1904,67.9790,14.2113
PEMAFC-A,3,period_0943,35.053333,-15.6639,13.6305,82.8689,67.9790,14.8899
PEMAFC-A,3,period_0943,35.106667,-15.5689,9.6578,82.9884,67.9790,15.0093
PEMAFC-A,3,period_0943,35.160000,-15.7316,8.7197,83.0285,67.9790,15.0495
PEMAFC-A,3,period_0943,35.200000,-15.7506,10.3312,83.0438,67.9790,15.0647
PEMAFC-A,3,period_0943,35.253333,-15.7797,9.1138,83.0778,67.9790,15.0987
PEMAFC-A,3,period_0943,35.306667,-15.9255,8.3990,83.0996,67.9790,15.1205
PEMAFC-A,3,period_0943,35.360000,-15.8410,8.6800,83.1298,67.9790,15.1507
PEMAFC-A,3,period_0943,35.400000,-15.9716,7.5628,83.1419,67.9790,15.1628
PEMAFC-A,3,period_0943,35.453333,-15.9851,9.9833,83.1634,67.9790,15.1843
PEMAFC-A,3,period_0943,35.506667,-16.0510,9.8085,83.1785,67.9790,15.1995
PEMAFC-A,3,period_0943,35.560000,-16.0446,9.1688,83.1862,67.9790,15.2072
PEMAFC-A,3,period_0943,35.600000,-16.0529,9.4922,83.1994,67.9790,15.2203
PEMAFC-A,3,period_0943,35.653333,-16.1205,8.1403,83.2105,67.9790,15.2314
PEMAFC-A,3,period_0943,35.706667,-16.0696,9.6604,83.2317,67.9790,15.2526
PEMAFC-A,3,period_0943,35.760000,-16.1037,7.2810,83.2432,67.9790,15.2642
PEMAFC-A,3,period_0943,35.800000,-16.1416,7.8474,83.2540,67.9790,15.2749
PEMAFC-A,3,period_0943,35.853333,-16.3543,16.8088,83.3311,67.9790,15.3520
PEMAFC-A,3,period_0943,35.906667,-16.3489,8.8960,83.3434,67.9790,15.3643
PEMAFC-A,3,period_0943,35.960000,-15.9488,8.0016,83.3668,67.9790,15.3877
PEMAFC-A,3,period_0943,36.000000,-15.9609,9.2311,83.3462,67.9790,15.3672
PEMAFC-A,3,period_0943,36.053333,-13.5140,5.2484,80.4034,67.9790,12.4243
PEMAFC-A,3,period_0943,36.106667,-14.6994,4.0584,81.6028,67.9790,13.6237
PEMAFC-A,3,period_0943,36.160000,-11.4736,2.0145,71.0383,67.9790,3.0593
PEMAFC-A,3,period_0943,36.200000,-12.9568,0.2451,76.3677,67.9790,8.3886
PEMAFC-A,3,period_0943,36.253333,-14.7680,11.8334,79.6427,67.9790,11.6637
PEMAFC-A,3,period_0943,36.306667,-16.6598,4.3986,83.5757,67.9790,15.5966
PEMAFC-A,3,period_0943,36.360000,-15.6071,3.6683,83.3685,67.9790,15.3894
PEMAFC-A,3,period_0943,36.400000,-13.8232,7.0485,74.0913,67.9790,6.1122
PEMAFC-A,3,period_0943,36.453333,-13.6932,7.0331,73.5636,67.9790,5.5846
PEMAFC-A,3,period_0943,36.506667,-13.0845,8.9029,72.7550,67.9790,4.7760
PEMAFC-A,3,period_0943,36.560000,-14.8147,3.3833,78.4125,67.9790,10.4335
PEMAFC-A,3,period_0943,36.600000,-13.6182,14.0559,73.4820,67.9790,5.5030
PEMAFC-A,3,period_0943,36.653333,-13.8315,15.6086,74.1719,67.9790,6.1929
PEMAFC-A,3,period_0943,36.706667,-13.8872,14.6974,74.0559,67.9790,6.0768
PEMAFC-A,3,period_0943,36.760000,-14.2182,11.9972,75.3455,67.9790,7.3665
PEMAFC-A,3,period_0943,36.800000,-13.3858,9.8998,74.6437,67.9790,6.6646
PEMAFC-A,3,period_0943,36.853333,-12.6173,4.6211,84.0306,67.9790,16.0516
PEMAFC-A,3,period_0943,36.906667,-13.9998,4.3452,82.9200,67.9790,14.9410
PEMAFC-A,3,period_0943,36.960000,-13.8885,6.2379,77.9929,67.9790,10.0138
PEMAFC-A,3,period_0943,37.000000,-12.4517,7.2641,72.0322,67.9790,4.0531
PEMAFC-A,3,period_0943,37.053333,-10.9827,5.0992,70.4626,67.9790,2.4836
PEMAFC-A,3,period_0943,37.106667,-11.8742,12.3263,71.2820,67.9790,3.3029
PEMAFC-A,3,period_0943,37.160000,-13.3387,13.7471,72.6030,67.9790,4.6240
PEMAFC-A,3,period_0943,37.200000,-16.9523,4.8319,82.5334,67.9790,14.5544
PEMAFC-A,3,period_0943,37.253333,-16.7572,3.6226,79.7887,67.9790,11.8097
PEMAFC-A,3,period_0943,37.306667,-16.3324,8.7161,78.6758,67.9790,10.6968
PEMAFC-A,3,period_0943,37.360000,-15.8377,10.0188,76.5538,67.9790,8.5747
PEMAFC-A,3,period_0943,37.400000,-15.6070,13.0406,75.6848,67.9790,7.7058
PEMAFC-A,3,period_0943,37.453333,-16.2985,9.6113,82.7639,67.9790,14.7848
PEMAFC-A,3,period_0943,37.506667,-16.4676,6.4345,76.8668,67.9790,8.8877
PEMAFC-A,3,period_0943,37.560000,-15.8974,6.1901,75.2348,67.9790,7.2558
PEMAFC-A,3,period_0943,37.600000,-14.6538,5.2026,74.3194,67.9790,6.3403
PEMAFC-A,3,period_0943,37.653333,-14.1629,6.9243,80.4179,67.9790,12.4389
PEMAFC-A,3,period_0943,37.706667,-15.3098,8.1866,78.5299,67.9790,10.5509
PEMAFC-A,3,period_0943,37.760000,-16.3660,8.4501,80.2661,67.9790,12.2870
PEMAFC-A,3,period_0943,37.800000,-16.2143,6.8598,77.0507,67.9790,9.0716
PEMAFC-A,3,period_0943,37.853333,-14.9650,12.5388,73.9871,67.9790,6.0080
PEMAFC-A,3,period_0943,37.906667,-15.2552,16.6443,74.5298,67.9790,6.5507
PEMAFC-A,3,period_0943,37.960000,-14.5647,15.3288,73.3291,67.9790,5.3500
PEMAFC-A,3,period_0943,38.000000,-14.4896,12.0833,73.0636,67.9790,5.0845
PEMAFC-A,3,period_0943,38.053333,-12.8616,13.3566,70.5871,67.9790,2.6081
PEMAFC-A,3,period_0943,38.106667,-8.9548,2.5058,72.3138,67.9790,4.3347
PEMAFC-A,3,period_0943,38.160000,-15.2986,1.5349,80.6654,67.9790,12.6864
PEMAFC-A,3,period_0943,38.200000,-15.4713,11.2116,78.1433,67.9790,10.1642
PEMAFC-A,3,period_0943,38.253333,-14.9751,11.6384,75.5558,67.9790,7.5768
PEMAFC-A,3,period_0943,38.306667,-14.6978,12.4967,75.5104,67.9790,7.5313
PEMAFC-A,3,period_0943,38.360000,-14.2684,10.8848,74.4428,67.9790,6.4637
PEMAFC-A,3,period_0943,38.400000,-14.1473,9.5464,73.7320,67.9790,5.7530
PEMAFC-A,3,period_0943,38.453333,-14.5894,6.9183,75.9725,67.9790,7.9935
PEMAFC-A,3,period_0943,38.506667,-15.7347,6.8571,79.2475,67.9790,11.2685
PEMAFC-A,3,period_0943,38.560000,-15.4940,12.1491,76.1514,67.9790,8.1723
PEMAFC-A,3,period_0943,38.600000,-14.9801,14.8020,74.5883,67.9790,6.6093
PEMAFC-A,3,period_0943,38.653333,-14.7770,13.7455,74.8604,67.9790,6.8813
PEMAFC-A,3,period_0943,38.706667,-14.8038,11.7390,78.0894,67.9790,10.1104
PEMAFC-A,3,period_0943,38.760000,-15.3639,9.4708,80.1957,67.9790,12.2167
PEMAFC-A,3,period_0943,38.800000,-14.6453,7.9338,74.7229,67.9790,6.7438
PEMAFC-A,3,period_0943,38.853333,-14.0903,11.2350,73.2523,67.9790,5.2733
PEMAFC-A,3,period_0943,38.906667,-9.4817,15.6050,68.4306,67.9790,0.4516
PEMAFC-A,3,period_0943,38.960000,-11.6312,6.4891,75.1476,67.9790,7.1686
PEMAFC-A,3,period_0943,39.000000,-13.3395,1.2961,87.4627,67.9790,19.4836
PEMAFC-A,3,period_0943,39.053333,-13.8981,2.9397,88.4478,67.9790,20.4688
PEMAFC-A,3,period_0943,39.106667,-15.2843,4.5206,88.4250,67.9790,20.4459
PEMAFC-A,3,period_0943,39.160000,-15.8545,7.4547,88.4210,67.9790,20.4420
PEMAFC-A,3,period_0943,39.200000,-16.6483,6.1711,88.4334,67.9790,20.4544
PEMAFC-A,3,period_0943,39.253333,-17.1113,4.6832,87.1373,67.9790,19.1582
PEMAFC-A,3,period_0943,39.306667,-17.3149,6.6640,88.3807,67.9790,20.4017
PEMAFC-A,3,period_0943,39.360000,-17.4530,7.2611,88.3677,67.9790,20.3887
PEMAFC-A,3,period_0943,39.400000,-17.5904,8.1771,88.3590,67.9790,20.3800
PEMAFC-A,3,period_0943,39.453333,-17.6874,10.1173,88.3548,67.9790,20.3758
PEMAFC-A,3,period_0943,39.506667,-17.8286,8.3746,88.3429,67.9790,20.3639
PEMAFC-A,3,period_0943,39.560000,-17.8829,10.9508,88.3340,67.9790,20.3550
PEMAFC-A,3,period_0943,39.600000,-18.0511,9.6433,88.3241,67.9790,20.3450
PEMAFC-A,3,period_0943,39.653333,-18.1446,9.3304,88.3193,67.9790,20.3402
PEMAFC-A,3,period_0943,39.706667,-18.1806,11.3493,88.3109,67.9790,20.3319
PEMAFC-A,3,period_0943,39.760000,-18.4229,6.2049,88.3276,67.9790,20.3485
PEMAFC-A,3,period_0943,39.800000,-18.3096,7.3179,87.3330,67.9790,19.3539
PEMAFC-A,3,period_0943,39.853333,-18.5386,7.3338,88.3362,67.9790,20.3571
PEMAFC-A,3,period_0943,39.906667,-18.5294,7.6695,88.3380,67.9790,20.3589
PEMAFC-A,3,period_0943,39.960000,-19.0084,6.5722,88.3044,67.9790,20.3254
PEMAFC-A,3,period_0943,40.000000,-14.7495,4.9515,76.2601,67.9790,8.2811
PEMAFC-PCA-F (K=20/20),0,period_0707,0.013333,2.6764,-0.7047,85.0254,85.1794,-0.1540
PEMAFC-PCA-F (K=20/20),0,period_0707,0.053333,2.6744,-0.0157,85.0401,85.1794,-0.1393
PEMAFC-PCA-F (K=20/20),0,period_0707,0.106667,2.6715,-0.1202,85.0597,85.1794,-0.1197
PEMAFC-PCA-F (K=20/20),0,period_0707,0.160000,2.6685,-0.0487,85.0780,85.1794,-0.1014
PEMAFC-PCA-F (K=20/20),0,period_0707,0.200000,2.6664,-0.0667,85.0923,85.1794,-0.0871
PEMAFC-PCA-F (K=20/20),0,period_0707,0.253333,2.6640,-0.0817,85.1064,85.1794,-0.0730
PEMAFC-PCA-F (K=20/20),0,period_0707,0.306667,2.6611,-0.0677,85.1192,85.1794,-0.0602
PEMAFC-PCA-F (K=20/20),0,period_0707,0.360000,2.6581,-0.0894,85.1416,85.1794,-0.0378
PEMAFC-PCA-F (K=20/20),0,period_0707,0.400000,2.6558,0.0216,85.1532,85.1794,-0.0261
PEMAFC-PCA-F (K=20/20),0,period_0707,0.453333,2.6530,-0.0588,85.1742,85.1794,-0.0052
PEMAFC-PCA-F (K=20/20),0,period_0707,0.506667,2.6504,-0.0946,85.1917,85.1794,0.0123
PEMAFC-PCA-F (K=20/20),0,period_0707,0.560000,2.6480,0.0281,85.2114,85.1794,0.0320
PEMAFC-PCA-F (K=20/20),0,period_0707,0.600000,2.6460,-0.0010,85.2279,85.1794,0.0486
PEMAFC-PCA-F (K=20/20),0,period_0707,0.653333,2.6427,-0.0111,85.2495,85.1794,0.0701
PEMAFC-PCA-F (K=20/20),0,period_0707,0.706667,2.6377,0.0081,85.2832,85.1794,0.1039
PEMAFC-PCA-F (K=20/20),0,period_0707,0.760000,2.6330,0.0723,85.3221,85.1794,0.1428
PEMAFC-PCA-F (K=20/20),0,period_0707,0.800000,2.6086,-1.4798,85.3612,85.1794,0.1819
PEMAFC-PCA-F (K=20/20),0,period_0707,0.853333,1.7576,-2.9245,85.5762,85.1794,0.3968
PEMAFC-PCA-F (K=20/20),0,period_0707,0.906667,-3.3793,-0.1687,86.0006,85.1794,0.8212
PEMAFC-PCA-F (K=20/20),0,period_0707,0.960000,-4.0236,5.6651,85.6540,85.1794,0.4747
PEMAFC-PCA-F (K=20/20),0,period_0707,1.000000,-0.8643,5.9772,79.4457,85.1794,-5.7336
PEMAFC-PCA-F (K=20/20),0,period_0707,1.053333,0.1942,9.4917,79.5026,85.1794,-5.6768
PEMAFC-PCA-F (K=20/20),0,period_0707,1.106667,0.1112,15.1286,84.0532,85.1794,-1.1262
PEMAFC-PCA-F (K=20/20),0,period_0707,1.160000,-3.3727,8.8679,94.1650,85.1794,8.9856
PEMAFC-PCA-F (K=20/20),0,period_0707,1.200000,-1.5299,11.2436,88.2470,85.1794,3.0676
PEMAFC-PCA-F (K=20/20),0,period_0707,1.253333,1.5685,8.2160,79.2001,85.1794,-5.9793
PEMAFC-PCA-F (K=20/20),0,period_0707,1.306667,6.2808,8.1619,74.7824,85.1794,-10.3969
PEMAFC-PCA-F (K=20/20),0,period_0707,1.360000,5.4803,-3.3794,75.7474,85.1794,-9.4320
PEMAFC-PCA-F (K=20/20),0,period_0707,1.400000,5.3043,-4.4797,75.7408,85.1794,-9.4386
PEMAFC-PCA-F (K=20/20),0,period_0707,1.453333,5.1057,-5.5688,75.8083,85.1794,-9.3711
PEMAFC-PCA-F (K=20/20),0,period_0707,1.506667,4.9770,-5.5536,75.8675,85.1794,-9.3119
PEMAFC-PCA-F (K=20/20),0,period_0707,1.560000,4.8892,-4.6478,75.9646,85.1794,-9.2148
PEMAFC-PCA-F (K=20/20),0,period_0707,1.600000,4.8444,-4.2408,75.9853,85.1794,-9.1941
PEMAFC-PCA-F (K=20/20),0,period_0707,1.653333,4.7950,-5.0964,76.0300,85.1794,-9.1494
PEMAFC-PCA-F (K=20/20),0,period_0707,1.706667,4.7553,-4.0329,76.0862,85.1794,-9.0932
PEMAFC-PCA-F (K=20/20),0,period_0707,1.760000,4.7255,-4.9706,76.1109,85.1794,-9.0685
PEMAFC-PCA-F (K=20/20),0,period_0707,1.800000,4.7073,-4.6525,76.1239,85.1794,-9.0555
PEMAFC-PCA-F (K=20/20),0,period_0707,1.853333,4.6804,-4.2819,76.1548,85.1794,-9.0245
PEMAFC-PCA-F (K=20/20),0,period_0707,1.906667,4.6636,-4.9849,76.1651,85.1794,-9.0143
PEMAFC-PCA-F (K=20/20),0,period_0707,1.960000,4.6487,-4.5556,76.1819,85.1794,-8.9975
PEMAFC-PCA-F (K=20/20),0,period_0707,2.000000,4.6401,-3.9079,76.1985,85.1794,-8.9808
PEMAFC-PCA-F (K=20/20),0,period_0707,2.053333,4.6299,-5.3512,76.2107,85.1794,-8.9686
PEMAFC-PCA-F (K=20/20),0,period_0707,2.106667,4.6186,-4.0753,76.2253,85.1794,-8.9541
PEMAFC-PCA-F (K=20/20),0,period_0707,2.160000,4.6065,-4.4721,76.2462,85.1794,-8.9332
PEMAFC-PCA-F (K=20/20),0,period_0707,2.200000,4.6005,-4.9419,76.2461,85.1794,-8.9333
PEMAFC-PCA-F (K=20/20),0,period_0707,2.253333,4.5900,-3.9711,76.2648,85.1794,-8.9146
PEMAFC-PCA-F (K=20/20),0,period_0707,2.306667,4.5802,-4.0620,76.2724,85.1794,-8.9070
PEMAFC-PCA-F (K=20/20),0,period_0707,2.360000,4.5721,-4.5345,76.2807,85.1794,-8.8987
PEMAFC-PCA-F (K=20/20),0,period_0707,2.400000,4.5653,-4.0140,76.2885,85.1794,-8.8908
PEMAFC-PCA-F (K=20/20),0,period_0707,2.453333,4.5571,-5.0815,76.2988,85.1794,-8.8806
PEMAFC-PCA-F (K=20/20),0,period_0707,2.506667,4.5483,-4.6613,76.3072,85.1794,-8.8722
PEMAFC-PCA-F (K=20/20),0,period_0707,2.560000,-0.8017,-0.9487,83.5815,85.1794,-1.5979
PEMAFC-PCA-F (K=20/20),0,period_0707,2.600000,-1.6012,12.3692,86.5931,85.1794,1.4137
PEMAFC-PCA-F (K=20/20),0,period_0707,2.653333,-1.3773,10.2437,80.4023,85.1794,-4.7771
PEMAFC-PCA-F (K=20/20),0,period_0707,2.706667,0.3610,15.1381,78.0480,85.1794,-7.1314
PEMAFC-PCA-F (K=20/20),0,period_0707,2.760000,0.8714,11.9914,82.4042,85.1794,-2.7752
PEMAFC-PCA-F (K=20/20),0,period_0707,2.800000,-2.4459,6.1390,87.1208,85.1794,1.9414
PEMAFC-PCA-F (K=20/20),0,period_0707,2.853333,-0.2872,2.4714,83.3200,85.1794,-1.8594
PEMAFC-PCA-F (K=20/20),0,period_0707,2.906667,-3.8493,4.0273,90.1909,85.1794,5.0116
PEMAFC-PCA-F (K=20/20),0,period_0707,2.960000,-2.2963,2.4849,85.7675,85.1794,0.5881
PEMAFC-PCA-F (K=20/20),0,period_0707,3.000000,-2.9214,1.4718,82.2726,85.1794,-2.9068
PEMAFC-PCA-F (K=20/20),0,period_0707,3.053333,-3.6346,5.9340,83.3154,85.1794,-1.8640
PEMAFC-PCA-F (K=20/20),0,period_0707,3.106667,-3.8444,7.5611,84.1992,85.1794,-0.9801
PEMAFC-PCA-F (K=20/20),0,period_0707,3.160000,-4.4175,4.7901,84.8208,85.1794,-0.3585
PEMAFC-PCA-F (K=20/20),0,period_0707,3.200000,-4.5331,1.7987,85.0930,85.1794,-0.0864
PEMAFC-PCA-F (K=20/20),0,period_0707,3.253333,-4.9535,0.2259,85.4863,85.1794,0.3069
PEMAFC-PCA-F (K=20/20),0,period_0707,3.306667,-5.0929,1.0654,85.4899,85.1794,0.3106
PEMAFC-PCA-F (K=20/20),0,period_0707,3.360000,-5.1766,1.1264,85.5614,85.1794,0.3820
PEMAFC-PCA-F (K=20/20),0,period_0707,3.400000,-5.2525,0.6239,85.6658,85.1794,0.4864
PEMAFC-PCA-F (K=20/20),0,period_0707,3.453333,-5.3257,0.9974,85.7801,85.1794,0.6007
PEMAFC-PCA-F (K=20/20),0,period_0707,3.506667,-5.3733,0.8868,85.8456,85.1794,0.6662
PEMAFC-PCA-F (K=20/20),0,period_0707,3.560000,-5.4151,0.7148,85.9116,85.1794,0.7322
PEMAFC-PCA-F (K=20/20),0,period_0707,3.600000,-5.4305,1.8256,85.9373,85.1794,0.7579
PEMAFC-PCA-F (K=20/20),0,period_0707,3.653333,-5.4745,0.7125,86.0137,85.1794,0.8343
PEMAFC-PCA-F (K=20/20),0,period_0707,3.706667,-5.4975,1.0632,86.0529,85.1794,0.8735
PEMAFC-PCA-F (K=20/20),0,period_0707,3.760000,-5.5100,1.6731,86.0698,85.1794,0.8904
PEMAFC-PCA-F (K=20/20),0,period_0707,3.800000,-5.5239,0.9084,86.0951,85.1794,0.9157
PEMAFC-PCA-F (K=20/20),0,period_0707,3.853333,-5.5363,1.0967,86.1135,85.1794,0.9341
PEMAFC-PCA-F (K=20/20),0,period_0707,3.906667,-5.5464,1.2139,86.1288,85.1794,0.9494
PEMAFC-PCA-F (K=20/20),0,period_0707,3.960000,-5.5561,1.0712,86.1452,85.1794,0.9659
PEMAFC-PCA-F (K=20/20),0,period_0707,4.000000,-5.5633,1.6483,86.1567,85.1794,0.9773
PEMAFC-PCA-F (K=20/20),0,period_0707,4.053333,-5.6414,3.8176,86.2399,85.1794,1.0605
PEMAFC-PCA-F (K=20/20),0,period_0707,4.106667,-5.9242,7.7302,87.5647,85.1794,2.3853
PEMAFC-PCA-F (K=20/20),0,period_0707,4.160000,0.2026,7.1881,78.5642,85.1794,-6.6151
PEMAFC-PCA-F (K=20/20),0,period_0707,4.200000,-0.0737,7.3414,80.1316,85.1794,-5.0478
PEMAFC-PCA-F (K=20/20),0,period_0707,4.253333,0.9093,8.8829,76.8140,85.1794,-8.3654
PEMAFC-PCA-F (K=20/20),0,period_0707,4.306667,0.7087,11.9796,77.8085,85.1794,-7.3709
PEMAFC-PCA-F (K=20/20),0,period_0707,4.360000,-0.6921,8.0251,86.6811,85.1794,1.5017
PEMAFC-PCA-F (K=20/20),0,period_0707,4.400000,-4.1315,7.4320,88.5902,85.1794,3.4108
PEMAFC-PCA-F (K=20/20),0,period_0707,4.453333,-1.7422,12.0980,88.7762,85.1794,3.5969
PEMAFC-PCA-F (K=20/20),0,period_0707,4.506667,-1.4355,14.3920,86.7783,85.1794,1.5990
PEMAFC-PCA-F (K=20/20),0,period_0707,4.560000,-1.1964,11.2947,88.3772,85.1794,3.1978
PEMAFC-PCA-F (K=20/20),0,period_0707,4.600000,-0.7105,8.1685,92.5208,85.1794,7.3414
PEMAFC-PCA-F (K=20/20),0,period_0707,4.653333,0.5172,7.0843,87.1570,85.1794,1.9776
PEMAFC-PCA-F (K=20/20),0,period_0707,4.706667,-2.8674,0.1075,87.6275,85.1794,2.4481
PEMAFC-PCA-F (K=20/20),0,period_0707,4.760000,-3.7586,5.5074,92.9157,85.1794,7.7363
PEMAFC-PCA-F (K=20/20),0,period_0707,4.800000,-0.9719,6.0994,85.5717,85.1794,0.3923
PEMAFC-PCA-F (K=20/20),0,period_0707,4.853333,-2.4173,1.9562,85.4981,85.1794,0.3188
PEMAFC-PCA-F (K=20/20),0,period_0707,4.906667,-4.8342,4.5284,89.7287,85.1794,4.5493
PEMAFC-PCA-F (K=20/20),0,period_0707,4.960000,-5.3986,5.2454,88.1831,85.1794,3.0037
PEMAFC-PCA-F (K=20/20),0,period_0707,5.000000,-5.7773,4.8979,87.7370,85.1794,2.5576
PEMAFC-PCA-F (K=20/20),0,period_0707,5.053333,-6.1158,2.8696,88.0066,85.1794,2.8273
PEMAFC-PCA-F (K=20/20),0,period_0707,5.106667,-6.4335,0.9883,89.1860,85.1794,4.0066
PEMAFC-PCA-F (K=20/20),0,period_0707,5.160000,-6.5665,1.4884,90.0830,85.1794,4.9036
PEMAFC-PCA-F (K=20/20),0,period_0707,5.200000,-6.6787,1.6562,90.6970,85.1794,5.5177
PEMAFC-PCA-F (K=20/20),0,period_0707,5.253333,-6.7619,1.7929,91.2118,85.1794,6.0325
PEMAFC-PCA-F (K=20/20),0,period_0707,5.306667,-6.8188,1.4507,91.5496,85.1794,6.3702
PEMAFC-PCA-F (K=20/20),0,period_0707,5.360000,-6.8693,1.7604,91.8020,85.1794,6.6227
PEMAFC-PCA-F (K=20/20),0,period_0707,5.400000,-6.8844,1.8618,91.9753,85.1794,6.7959
PEMAFC-PCA-F (K=20/20),0,period_0707,5.453333,-6.9021,1.9793,92.1631,85.1794,6.9837
PEMAFC-PCA-F (K=20/20),0,period_0707,5.506667,-6.9214,2.1519,92.3065,85.1794,7.1271
PEMAFC-PCA-F (K=20/20),0,period_0707,5.560000,-6.9336,2.1361,92.4122,85.1794,7.2329
PEMAFC-PCA-F (K=20/20),0,period_0707,5.600000,-6.9464,1.8076,92.4573,85.1794,7.2780
PEMAFC-PCA-F (K=20/20),0,period_0707,5.653333,-6.9543,2.3226,92.5431,85.1794,7.3638
PEMAFC-PCA-F (K=20/20),0,period_0707,5.706667,-6.9624,1.8880,92.5916,85.1794,7.4122
PEMAFC-PCA-F (K=20/20),0,period_0707,5.760000,-6.9719,2.0176,92.6590,85.1794,7.4796
PEMAFC-PCA-F (K=20/20),0,period_0707,5.800000,-6.9755,2.4055,92.7081,85.1794,7.5287
PEMAFC-PCA-F (K=20/20),0,period_0707,5.853333,-7.4365,4.1689,93.4696,85.1794,8.2903
PEMAFC-PCA-F (K=20/20),0,period_0707,5.906667,-2.5055,7.2568,80.8809,85.1794,-4.2985
PEMAFC-PCA-F (K=20/20),0,period_0707,5.960000,0.4039,8.0497,79.9626,85.1794,-5.2168
PEMAFC-PCA-F (K=20/20),0,period_0707,6.000000,0.7652,6.7739,78.9177,85.1794,-6.2616
PEMAFC-PCA-F (K=20/20),0,period_0707,6.053333,4.2951,6.5359,73.6500,85.1794,-11.5293
PEMAFC-PCA-F (K=20/20),0,period_0707,6.106667,3.5861,5.6527,73.3114,85.1794,-11.8680
PEMAFC-PCA-F (K=20/20),0,period_0707,6.160000,2.6377,5.8508,79.3131,85.1794,-5.8663
PEMAFC-PCA-F (K=20/20),0,period_0707,6.200000,2.0171,3.7417,78.3103,85.1794,-6.8691
PEMAFC-PCA-F (K=20/20),0,period_0707,6.253333,0.6289,-0.5569,78.9819,85.1794,-6.1974
PEMAFC-PCA-F (K=20/20),0,period_0707,6.306667,-3.0871,3.1587,88.6458,85.1794,3.4664
PEMAFC-PCA-F (K=20/20),0,period_0707,6.360000,-0.0281,5.2536,78.1777,85.1794,-7.0017
PEMAFC-PCA-F (K=20/20),0,period_0707,6.400000,0.8580,10.0033,78.4446,85.1794,-6.7348
PEMAFC-PCA-F (K=20/20),0,period_0707,6.453333,0.2125,9.2858,77.8209,85.1794,-7.3585
PEMAFC-PCA-F (K=20/20),0,period_0707,6.506667,1.6214,10.0110,82.5504,85.1794,-2.6289
PEMAFC-PCA-F (K=20/20),0,period_0707,6.560000,-2.7736,6.1950,88.9171,85.1794,3.7377
PEMAFC-PCA-F (K=20/20),0,period_0707,6.600000,-1.2565,16.7907,87.9527,85.1794,2.7733
PEMAFC-PCA-F (K=20/20),0,period_0707,6.653333,-2.1731,15.0568,92.1757,85.1794,6.9963
PEMAFC-PCA-F (K=20/20),0,period_0707,6.706667,-1.4355,10.8987,88.7138,85.1794,3.5345
PEMAFC-PCA-F (K=20/20),0,period_0707,6.760000,-3.3311,8.8011,91.2864,85.1794,6.1070
PEMAFC-PCA-F (K=20/20),0,period_0707,6.800000,-2.5209,10.9663,92.7323,85.1794,7.5530
PEMAFC-PCA-F (K=20/20),0,period_0707,6.853333,-1.4668,3.5668,91.9594,85.1794,6.7800
PEMAFC-PCA-F (K=20/20),0,period_0707,6.906667,-2.3850,6.0643,89.3603,85.1794,4.1810
PEMAFC-PCA-F (K=20/20),0,period_0707,6.960000,0.4300,8.4104,86.0148,85.1794,0.8354
PEMAFC-PCA-F (K=20/20),0,period_0707,7.000000,1.5919,8.0991,83.5416,85.1794,-1.6377
PEMAFC-PCA-F (K=20/20),0,period_0707,7.053333,-0.3414,1.7945,79.7312,85.1794,-5.4482
PEMAFC-PCA-F (K=20/20),0,period_0707,7.106667,-1.0762,2.7822,80.6031,85.1794,-4.5762
PEMAFC-PCA-F (K=20/20),0,period_0707,7.160000,-1.7699,4.9053,82.0791,85.1794,-3.1002
PEMAFC-PCA-F (K=20/20),0,period_0707,7.200000,-4.7152,1.9008,86.1287,85.1794,0.9494
PEMAFC-PCA-F (K=20/20),0,period_0707,7.253333,-4.4824,4.3565,92.4936,85.1794,7.3143
PEMAFC-PCA-F (K=20/20),0,period_0707,7.306667,-4.4827,6.6353,93.2053,85.1794,8.0259
PEMAFC-PCA-F (K=20/20),0,period_0707,7.360000,-4.1678,7.8256,92.9314,85.1794,7.7521
PEMAFC-PCA-F (K=20/20),0,period_0707,7.400000,-3.3814,8.7436,93.0421,85.1794,7.8627
PEMAFC-PCA-F (K=20/20),0,period_0707,7.453333,-3.4930,5.3164,91.8323,85.1794,6.6530
PEMAFC-PCA-F (K=20/20),0,period_0707,7.506667,-2.7920,10.2709,84.7559,85.1794,-0.4234
PEMAFC-PCA-F (K=20/20),0,period_0707,7.560000,-1.4553,8.8485,86.4321,85.1794,1.2527
PEMAFC-PCA-F (K=20/20),0,period_0707,7.600000,-2.7586,3.1286,89.7185,85.1794,4.5392
PEMAFC-PCA-F (K=20/20),0,period_0707,7.653333,-0.7977,9.4937,86.0765,85.1794,0.8971
PEMAFC-PCA-F (K=20/20),0,period_0707,7.706667,-0.9311,12.8086,86.1196,85.1794,0.9402
PEMAFC-PCA-F (K=20/20),0,period_0707,7.760000,-1.2008,10.7347,84.2660,85.1794,-0.9134
PEMAFC-PCA-F (K=20/20),0,period_0707,7.800000,-1.3342,8.8681,83.7692,85.1794,-1.4102
PEMAFC-PCA-F (K=20/20),0,period_0707,7.853333,-1.5764,14.4737,88.0760,85.1794,2.8966
PEMAFC-PCA-F (K=20/20),0,period_0707,7.906667,-2.0686,14.3648,90.0382,85.1794,4.8588
PEMAFC-PCA-F (K=20/20),0,period_0707,7.960000,-1.2610,12.7931,89.5726,85.1794,4.3932
PEMAFC-PCA-F (K=20/20),0,period_0707,8.000000,0.1835,14.7782,83.6113,85.1794,-1.5681
PEMAFC-PCA-F (K=20/20),0,period_0707,8.053333,1.6882,15.9559,89.9039,85.1794,4.7245
PEMAFC-PCA-F (K=20/20),0,period_0707,8.106667,2.5508,1.6473,73.7852,85.1794,-11.3941
PEMAFC-PCA-F (K=20/20),0,period_0707,8.160000,-0.7612,5.2564,82.0433,85.1794,-3.1361
PEMAFC-PCA-F (K=20/20),0,period_0707,8.200000,-1.7617,12.6999,91.3319,85.1794,6.1525
PEMAFC-PCA-F (K=20/20),0,period_0707,8.253333,-2.7982,15.0419,92.8785,85.1794,7.6991
PEMAFC-PCA-F (K=20/20),0,period_0707,8.306667,-3.7695,14.3919,93.1821,85.1794,8.0028
PEMAFC-PCA-F (K=20/20),0,period_0707,8.360000,-2.4933,15.9117,92.3358,85.1794,7.1564
PEMAFC-PCA-F (K=20/20),0,period_0707,8.400000,-1.6761,11.9849,90.9499,85.1794,5.7705
PEMAFC-PCA-F (K=20/20),0,period_0707,8.453333,-3.0066,6.2399,92.4283,85.1794,7.2489
PEMAFC-PCA-F (K=20/20),0,period_0707,8.506667,-3.0135,12.4108,92.2143,85.1794,7.0349
PEMAFC-PCA-F (K=20/20),0,period_0707,8.560000,-2.8953,13.1679,92.7268,85.1794,7.5475
PEMAFC-PCA-F (K=20/20),0,period_0707,8.600000,-2.0568,12.9549,92.1265,85.1794,6.9471
PEMAFC-PCA-F (K=20/20),0,period_0707,8.653333,-3.4894,12.4680,93.2746,85.1794,8.0953
PEMAFC-PCA-F (K=20/20),0,period_0707,8.706667,-2.6525,9.7464,91.5967,85.1794,6.4173
PEMAFC-PCA-F (K=20/20),0,period_0707,8.760000,-1.3997,13.0725,90.9461,85.1794,5.7668
PEMAFC-PCA-F (K=20/20),0,period_0707,8.800000,-1.7537,11.4261,86.6806,85.1794,1.5013
PEMAFC-PCA-F (K=20/20),0,period_0707,8.853333,0.4028,15.7948,79.3451,85.1794,-5.8343
PEMAFC-PCA-F (K=20/20),0,period_0707,8.906667,5.0179,16.4116,73.5519,85.1794,-11.6275
PEMAFC-PCA-F (K=20/20),0,period_0707,8.960000,5.4349,6.0184,74.1617,85.1794,-11.0176
PEMAFC-PCA-F (K=20/20),0,period_0707,9.000000,5.0555,-1.3530,74.7948,85.1794,-10.3846
PEMAFC-PCA-F (K=20/20),0,period_0707,9.053333,4.1141,-3.3505,76.5055,85.1794,-8.6739
PEMAFC-PCA-F (K=20/20),0,period_0707,9.106667,3.9235,-3.6407,76.7287,85.1794,-8.4507
PEMAFC-PCA-F (K=20/20),0,period_0707,9.160000,3.8128,-1.8214,76.9022,85.1794,-8.2772
PEMAFC-PCA-F (K=20/20),0,period_0707,9.200000,3.7392,-1.7471,76.9677,85.1794,-8.2117
PEMAFC-PCA-F (K=20/20),0,period_0707,9.253333,3.6706,-0.6024,77.0944,85.1794,-8.0850
PEMAFC-PCA-F (K=20/20),0,period_0707,9.306667,3.6221,-1.8259,77.1983,85.1794,-7.9811
PEMAFC-PCA-F (K=20/20),0,period_0707,9.360000,3.5956,-0.5449,77.2375,85.1794,-7.9418
PEMAFC-PCA-F (K=20/20),0,period_0707,9.400000,3.5707,-0.8207,77.2766,85.1794,-7.9028
PEMAFC-PCA-F (K=20/20),0,period_0707,9.453333,3.5366,-1.3164,77.3449,85.1794,-7.8344
PEMAFC-PCA-F (K=20/20),0,period_0707,9.506667,3.4963,-0.9847,77.4186,85.1794,-7.7608
PEMAFC-PCA-F (K=20/20),0,period_0707,9.560000,3.4484,-0.8131,77.5044,85.1794,-7.6750
PEMAFC-PCA-F (K=20/20),0,period_0707,9.600000,3.4021,-2.2656,77.5785,85.1794,-7.6009
PEMAFC-PCA-F (K=20/20),0,period_0707,9.653333,3.3528,-0.4959,77.6481,85.1794,-7.5313
PEMAFC-PCA-F (K=20/20),0,period_0707,9.706667,3.2872,-0.6260,77.7291,85.1794,-7.4503
PEMAFC-PCA-F (K=20/20),0,period_0707,9.760000,3.2265,-0.9762,77.8561,85.1794,-7.3233
PEMAFC-PCA-F (K=20/20),0,period_0707,9.800000,3.1991,0.7431,77.9336,85.1794,-7.2457
PEMAFC-PCA-F (K=20/20),0,period_0707,9.853333,3.1649,-1.3279,78.0066,85.1794,-7.1728
PEMAFC-PCA-F (K=20/20),0,period_0707,9.906667,3.1439,0.6996,78.0385,85.1794,-7.1409
PEMAFC-PCA-F (K=20/20),0,period_0707,9.960000,-2.5536,0.2378,88.4671,85.1794,3.2877
PEMAFC-PCA-F (K=20/20),0,period_0707,10.000000,1.3619,4.7411,84.4908,85.1794,-0.6885
PEMAFC-PCA-F (K=20/20),1,period_0856,10.013333,-0.7853,-39.1223,76.2953,75.6790,0.6162
PEMAFC-PCA-F (K=20/20),1,period_0856,10.053333,-0.7872,0.4919,76.2961,75.6790,0.6170
PEMAFC-PCA-F (K=20/20),1,period_0856,10.106667,-0.7898,-0.1186,76.2969,75.6790,0.6179
PEMAFC-PCA-F (K=20/20),1,period_0856,10.160000,-0.7923,0.5658,76.2977,75.6790,0.6187
PEMAFC-PCA-F (K=20/20),1,period_0856,10.200000,-0.7941,0.1431,76.2982,75.6790,0.6191
PEMAFC-PCA-F (K=20/20),1,period_0856,10.253333,-0.7965,-0.1972,76.2992,75.6790,0.6201
PEMAFC-PCA-F (K=20/20),1,period_0856,10.306667,-0.7990,0.5311,76.3002,75.6790,0.6212
PEMAFC-PCA-F (K=20/20),1,period_0856,10.360000,-0.8017,-0.3681,76.3014,75.6790,0.6224
PEMAFC-PCA-F (K=20/20),1,period_0856,10.400000,-0.8036,0.0089,76.3020,75.6790,0.6230
PEMAFC-PCA-F (K=20/20),1,period_0856,10.453333,-0.8064,-0.3525,76.3030,75.6790,0.6239
PEMAFC-PCA-F (K=20/20),1,period_0856,10.506667,-0.8087,-0.8319,76.3037,75.6790,0.6246
PEMAFC-PCA-F (K=20/20),1,period_0856,10.560000,-0.8110,-0.0113,76.3045,75.6790,0.6255
PEMAFC-PCA-F (K=20/20),1,period_0856,10.600000,-0.8130,0.0684,76.3051,75.6790,0.6261
PEMAFC-PCA-F (K=20/20),1,period_0856,10.653333,-0.8159,-0.0342,76.3060,75.6790,0.6270
PEMAFC-PCA-F (K=20/20),1,period_0856,10.706667,-0.8203,-0.1182,76.3074,75.6790,0.6283
PEMAFC-PCA-F (K=20/20),1,period_0856,10.760000,-0.8245,0.2445,76.3086,75.6790,0.6296
PEMAFC-PCA-F (K=20/20),1,period_0856,10.800000,-0.8615,-0.0511,76.3448,75.6790,0.6658
PEMAFC-PCA-F (K=20/20),1,period_0856,10.853333,-1.5414,0.8494,76.9834,75.6790,1.3044
PEMAFC-PCA-F (K=20/20),1,period_0856,10.906667,-5.5113,3.5326,81.0164,75.6790,5.3373
PEMAFC-PCA-F (K=20/20),1,period_0856,10.960000,-7.0156,9.0780,81.8901,75.6790,6.2111
PEMAFC-PCA-F (K=20/20),1,period_0856,11.000000,-6.2836,9.9045,81.0947,75.6790,5.4157
PEMAFC-PCA-F (K=20/20),1,period_0856,11.053333,-5.6562,9.2953,78.1065,75.6790,2.4275
PEMAFC-PCA-F (K=20/20),1,period_0856,11.106667,-4.4820,13.3274,77.6790,75.6790,2.0000
PEMAFC-PCA-F (K=20/20),1,period_0856,11.160000,-7.1061,5.1837,80.6381,75.6790,4.9591
PEMAFC-PCA-F (K=20/20),1,period_0856,11.200000,-6.5732,10.8877,80.1583,75.6790,4.4793
PEMAFC-PCA-F (K=20/20),1,period_0856,11.253333,-4.6028,9.3752,74.0461,75.6790,-1.6329
PEMAFC-PCA-F (K=20/20),1,period_0856,11.306667,-3.5066,10.5400,72.7663,75.6790,-2.9128
PEMAFC-PCA-F (K=20/20),1,period_0856,11.360000,-4.1461,-2.7360,74.4275,75.6790,-1.2515
PEMAFC-PCA-F (K=20/20),1,period_0856,11.400000,-4.4028,-6.3331,75.3259,75.6790,-0.3531
PEMAFC-PCA-F (K=20/20),1,period_0856,11.453333,-4.6236,-4.6682,76.1826,75.6790,0.5035
PEMAFC-PCA-F (K=20/20),1,period_0856,11.506667,-4.7761,-5.6336,76.8382,75.6790,1.1592
PEMAFC-PCA-F (K=20/20),1,period_0856,11.560000,-4.8540,-2.6692,77.1874,75.6790,1.5084
PEMAFC-PCA-F (K=20/20),1,period_0856,11.600000,-4.9042,-3.9829,77.4302,75.6790,1.7511
PEMAFC-PCA-F (K=20/20),1,period_0856,11.653333,-4.9503,-3.7839,77.6633,75.6790,1.9843
PEMAFC-PCA-F (K=20/20),1,period_0856,11.706667,-4.9860,-2.6274,77.8377,75.6790,2.1587
PEMAFC-PCA-F (K=20/20),1,period_0856,11.760000,-5.0129,-3.1349,77.9791,75.6790,2.3001
PEMAFC-PCA-F (K=20/20),1,period_0856,11.800000,-5.0291,-2.7721,78.0652,75.6790,2.3862
PEMAFC-PCA-F (K=20/20),1,period_0856,11.853333,-5.0509,-2.6517,78.1815,75.6790,2.5025
PEMAFC-PCA-F (K=20/20),1,period_0856,11.906667,-5.0664,-3.3033,78.2653,75.6790,2.5862
PEMAFC-PCA-F (K=20/20),1,period_0856,11.960000,-5.0784,-2.5445,78.3285,75.6790,2.6495
PEMAFC-PCA-F (K=20/20),1,period_0856,12.000000,-5.0855,-1.0641,78.3636,75.6790,2.6846
PEMAFC-PCA-F (K=20/20),1,period_0856,12.053333,-5.0934,-2.1965,78.4059,75.6790,2.7268
PEMAFC-PCA-F (K=20/20),1,period_0856,12.106667,-5.1024,-2.0118,78.4537,75.6790,2.7747
PEMAFC-PCA-F (K=20/20),1,period_0856,12.160000,-5.1106,-0.6749,78.4927,75.6790,2.8136
PEMAFC-PCA-F (K=20/20),1,period_0856,12.200000,-5.1168,-3.6738,78.5257,75.6790,2.8467
PEMAFC-PCA-F (K=20/20),1,period_0856,12.253333,-5.1252,-1.5257,78.5686,75.6790,2.8896
PEMAFC-PCA-F (K=20/20),1,period_0856,12.306667,-5.1343,-3.1508,78.6189,75.6790,2.9399
PEMAFC-PCA-F (K=20/20),1,period_0856,12.360000,-5.1409,-2.4467,78.6562,75.6790,2.9771
PEMAFC-PCA-F (K=20/20),1,period_0856,12.400000,-5.1468,-2.1901,78.6886,75.6790,3.0095
PEMAFC-PCA-F (K=20/20),1,period_0856,12.453333,-5.1531,-1.8843,78.7229,75.6790,3.0439
PEMAFC-PCA-F (K=20/20),1,period_0856,12.506667,-5.1600,-1.9283,78.7620,75.6790,3.0830
PEMAFC-PCA-F (K=20/20),1,period_0856,12.560000,-6.2902,9.1191,81.6489,75.6790,5.9699
PEMAFC-PCA-F (K=20/20),1,period_0856,12.600000,-6.6580,12.0402,82.7268,75.6790,7.0477
PEMAFC-PCA-F (K=20/20),1,period_0856,12.653333,-7.1310,11.5308,80.6404,75.6790,4.9614
PEMAFC-PCA-F (K=20/20),1,period_0856,12.706667,-7.2773,9.9588,79.3391,75.6790,3.6601
PEMAFC-PCA-F (K=20/20),1,period_0856,12.760000,-5.9582,8.5099,78.7880,75.6790,3.1090
PEMAFC-PCA-F (K=20/20),1,period_0856,12.800000,-7.3315,4.2967,82.5401,75.6790,6.8611
PEMAFC-PCA-F (K=20/20),1,period_0856,12.853333,-6.8486,2.3131,82.4603,75.6790,6.7813
PEMAFC-PCA-F (K=20/20),1,period_0856,12.906667,-7.7874,8.7015,83.3192,75.6790,7.6401
PEMAFC-PCA-F (K=20/20),1,period_0856,12.960000,-5.2539,6.3457,79.2252,75.6790,3.5461
PEMAFC-PCA-F (K=20/20),1,period_0856,13.000000,-5.4126,3.4727,79.7471,75.6790,4.0681
PEMAFC-PCA-F (K=20/20),1,period_0856,13.053333,-5.6188,6.0072,82.2939,75.6790,6.6148
PEMAFC-PCA-F (K=20/20),1,period_0856,13.106667,-6.3282,6.1509,82.3190,75.6790,6.6399
PEMAFC-PCA-F (K=20/20),1,period_0856,13.160000,-6.3601,5.2934,81.8251,75.6790,6.1461
PEMAFC-PCA-F (K=20/20),1,period_0856,13.200000,-6.3749,4.0317,81.6614,75.6790,5.9824
PEMAFC-PCA-F (K=20/20),1,period_0856,13.253333,-6.5062,3.1826,81.7080,75.6790,6.0289
PEMAFC-PCA-F (K=20/20),1,period_0856,13.306667,-6.5524,3.1820,81.7059,75.6790,6.0268
PEMAFC-PCA-F (K=20/20),1,period_0856,13.360000,-6.5701,5.7693,81.7036,75.6790,6.0246
PEMAFC-PCA-F (K=20/20),1,period_0856,13.400000,-6.5834,4.6131,81.7030,75.6790,6.0239
PEMAFC-PCA-F (K=20/20),1,period_0856,13.453333,-6.5990,4.6833,81.7016,75.6790,6.0226
PEMAFC-PCA-F (K=20/20),1,period_0856,13.506667,-6.6085,5.2978,81.7032,75.6790,6.0242
PEMAFC-PCA-F (K=20/20),1,period_0856,13.560000,-6.6171,4.4679,81.7039,75.6790,6.0249
PEMAFC-PCA-F (K=20/20),1,period_0856,13.600000,-6.6236,4.3760,81.7051,75.6790,6.0261
PEMAFC-PCA-F (K=20/20),1,period_0856,13.653333,-6.6338,4.2956,81.7074,75.6790,6.0284
PEMAFC-PCA-F (K=20/20),1,period_0856,13.706667,-6.6393,4.6866,81.7083,75.6790,6.0293
PEMAFC-PCA-F (K=20/20),1,period_0856,13.760000,-6.6433,4.3242,81.7089,75.6790,6.0299
PEMAFC-PCA-F (K=20/20),1,period_0856,13.800000,-6.6465,4.8897,81.7091,75.6790,6.0301
PEMAFC-PCA-F (K=20/20),1,period_0856,13.853333,-6.6494,3.7759,81.7092,75.6790,6.0302
PEMAFC-PCA-F (K=20/20),1,period_0856,13.906667,-6.6519,4.5050,81.7096,75.6790,6.0306
PEMAFC-PCA-F (K=20/20),1,period_0856,13.960000,-6.6535,6.2012,81.7095,75.6790,6.0305
PEMAFC-PCA-F (K=20/20),1,period_0856,14.000000,-6.6564,2.5129,81.7094,75.6790,6.0304
PEMAFC-PCA-F (K=20/20),1,period_0856,14.053333,-6.7875,0.1771,81.7169,75.6790,6.0378
PEMAFC-PCA-F (K=20/20),1,period_0856,14.106667,-8.9662,7.4397,83.5138,75.6790,7.8348
PEMAFC-PCA-F (K=20/20),1,period_0856,14.160000,-8.3122,9.0028,81.8246,75.6790,6.1456
PEMAFC-PCA-F (K=20/20),1,period_0856,14.200000,-7.7525,12.2610,80.8580,75.6790,5.1790
PEMAFC-PCA-F (K=20/20),1,period_0856,14.253333,-6.9675,9.6926,80.5603,75.6790,4.8813
PEMAFC-PCA-F (K=20/20),1,period_0856,14.306667,-6.4157,11.9782,80.2101,75.6790,4.5311
PEMAFC-PCA-F (K=20/20),1,period_0856,14.360000,-6.4984,7.6126,79.3577,75.6790,3.6787
PEMAFC-PCA-F (K=20/20),1,period_0856,14.400000,-6.5279,7.0245,78.3706,75.6790,2.6916
PEMAFC-PCA-F (K=20/20),1,period_0856,14.453333,-6.7443,9.2991,81.1042,75.6790,5.4252
PEMAFC-PCA-F (K=20/20),1,period_0856,14.506667,-6.6772,13.1151,80.6117,75.6790,4.9327
PEMAFC-PCA-F (K=20/20),1,period_0856,14.560000,-6.6294,10.1891,80.2178,75.6790,4.5388
PEMAFC-PCA-F (K=20/20),1,period_0856,14.600000,-6.1814,11.2412,77.9495,75.6790,2.2705
PEMAFC-PCA-F (K=20/20),1,period_0856,14.653333,-4.9678,12.4815,75.4998,75.6790,-0.1792
PEMAFC-PCA-F (K=20/20),1,period_0856,14.706667,-6.8145,2.4740,83.8098,75.6790,8.1308
PEMAFC-PCA-F (K=20/20),1,period_0856,14.760000,-7.9207,8.3304,83.9682,75.6790,8.2892
PEMAFC-PCA-F (K=20/20),1,period_0856,14.800000,-6.6702,8.5705,83.4435,75.6790,7.7644
PEMAFC-PCA-F (K=20/20),1,period_0856,14.853333,-6.9618,3.5461,84.0454,75.6790,8.3664
PEMAFC-PCA-F (K=20/20),1,period_0856,14.906667,-7.3521,5.6053,83.0148,75.6790,7.3358
PEMAFC-PCA-F (K=20/20),1,period_0856,14.960000,-7.2680,6.1170,82.6224,75.6790,6.9434
PEMAFC-PCA-F (K=20/20),1,period_0856,15.000000,-7.5275,6.2105,82.5899,75.6790,6.9109
PEMAFC-PCA-F (K=20/20),1,period_0856,15.053333,-7.4550,6.6988,82.3389,75.6790,6.6599
PEMAFC-PCA-F (K=20/20),1,period_0856,15.106667,-7.5846,5.8476,82.5069,75.6790,6.8278
PEMAFC-PCA-F (K=20/20),1,period_0856,15.160000,-7.5918,7.3230,82.5082,75.6790,6.8292
PEMAFC-PCA-F (K=20/20),1,period_0856,15.200000,-7.6054,6.9004,82.5128,75.6790,6.8338
PEMAFC-PCA-F (K=20/20),1,period_0856,15.253333,-7.6165,8.3321,82.5156,75.6790,6.8366
PEMAFC-PCA-F (K=20/20),1,period_0856,15.306667,-7.6233,7.4099,82.5199,75.6790,6.8409
PEMAFC-PCA-F (K=20/20),1,period_0856,15.360000,-7.6319,7.7991,82.5274,75.6790,6.8483
PEMAFC-PCA-F (K=20/20),1,period_0856,15.400000,-7.6383,6.5011,82.5303,75.6790,6.8513
PEMAFC-PCA-F (K=20/20),1,period_0856,15.453333,-7.6414,6.6400,82.5335,75.6790,6.8544
PEMAFC-PCA-F (K=20/20),1,period_0856,15.506667,-7.6446,7.6332,82.5349,75.6790,6.8559
PEMAFC-PCA-F (K=20/20),1,period_0856,15.560000,-7.6476,7.3896,82.5368,75.6790,6.8578
PEMAFC-PCA-F (K=20/20),1,period_0856,15.600000,-7.6492,9.4570,82.5384,75.6790,6.8594
PEMAFC-PCA-F (K=20/20),1,period_0856,15.653333,-7.6516,6.9991,82.5401,75.6790,6.8611
PEMAFC-PCA-F (K=20/20),1,period_0856,15.706667,-7.6529,7.8193,82.5406,75.6790,6.8616
PEMAFC-PCA-F (K=20/20),1,period_0856,15.760000,-7.6549,7.6480,82.5420,75.6790,6.8630
PEMAFC-PCA-F (K=20/20),1,period_0856,15.800000,-7.6560,7.2034,82.5424,75.6790,6.8633
PEMAFC-PCA-F (K=20/20),1,period_0856,15.853333,-8.5141,6.4712,83.6823,75.6790,8.0033
PEMAFC-PCA-F (K=20/20),1,period_0856,15.906667,-8.1016,11.1557,83.1354,75.6790,7.4563
PEMAFC-PCA-F (K=20/20),1,period_0856,15.960000,-7.0824,9.1940,80.8375,75.6790,5.1585
PEMAFC-PCA-F (K=20/20),1,period_0856,16.000000,-6.2253,10.1123,79.1197,75.6790,3.4407
PEMAFC-PCA-F (K=20/20),1,period_0856,16.053333,-4.3266,5.2935,75.9803,75.6790,0.3013
PEMAFC-PCA-F (K=20/20),1,period_0856,16.106667,-5.1525,6.2600,77.2321,75.6790,1.5531
PEMAFC-PCA-F (K=20/20),1,period_0856,16.160000,-5.8320,8.4192,77.9283,75.6790,2.2492
PEMAFC-PCA-F (K=20/20),1,period_0856,16.200000,-6.3972,1.7501,79.7109,75.6790,4.0319
PEMAFC-PCA-F (K=20/20),1,period_0856,16.253333,-7.4308,4.8073,83.4753,75.6790,7.7963
PEMAFC-PCA-F (K=20/20),1,period_0856,16.306667,-8.2172,6.9092,84.5751,75.6790,8.8961
PEMAFC-PCA-F (K=20/20),1,period_0856,16.360000,-6.7625,5.9901,79.3161,75.6790,3.6371
PEMAFC-PCA-F (K=20/20),1,period_0856,16.400000,-5.5055,10.9339,77.9023,75.6790,2.2233
PEMAFC-PCA-F (K=20/20),1,period_0856,16.453333,-6.2803,7.1240,77.0385,75.6790,1.3594
PEMAFC-PCA-F (K=20/20),1,period_0856,16.506667,-5.6443,10.1089,79.2055,75.6790,3.5265
PEMAFC-PCA-F (K=20/20),1,period_0856,16.560000,-7.0294,5.7821,82.0278,75.6790,6.3488
PEMAFC-PCA-F (K=20/20),1,period_0856,16.600000,-6.3046,16.2017,78.8153,75.6790,3.1363
PEMAFC-PCA-F (K=20/20),1,period_0856,16.653333,-6.6323,13.5489,79.9982,75.6790,4.3192
PEMAFC-PCA-F (K=20/20),1,period_0856,16.706667,-6.9747,11.1754,80.0051,75.6790,4.3261
PEMAFC-PCA-F (K=20/20),1,period_0856,16.760000,-7.5469,10.3234,80.8709,75.6790,5.1919
PEMAFC-PCA-F (K=20/20),1,period_0856,16.800000,-7.4654,9.8691,79.8656,75.6790,4.1866
PEMAFC-PCA-F (K=20/20),1,period_0856,16.853333,-6.7165,3.8059,78.0296,75.6790,2.3506
PEMAFC-PCA-F (K=20/20),1,period_0856,16.906667,-7.5794,4.8176,81.6062,75.6790,5.9272
PEMAFC-PCA-F (K=20/20),1,period_0856,16.960000,-6.2140,7.1333,80.4235,75.6790,4.7445
PEMAFC-PCA-F (K=20/20),1,period_0856,17.000000,-4.9905,6.3320,76.4364,75.6790,0.7573
PEMAFC-PCA-F (K=20/20),1,period_0856,17.053333,-6.9133,1.9946,76.2479,75.6790,0.5689
PEMAFC-PCA-F (K=20/20),1,period_0856,17.106667,-7.3656,4.8905,76.4872,75.6790,0.8082
PEMAFC-PCA-F (K=20/20),1,period_0856,17.160000,-7.7299,6.0148,77.2236,75.6790,1.5446
PEMAFC-PCA-F (K=20/20),1,period_0856,17.200000,-9.0592,7.9704,83.4844,75.6790,7.8053
PEMAFC-PCA-F (K=20/20),1,period_0856,17.253333,-9.0487,5.0773,83.7879,75.6790,8.1089
PEMAFC-PCA-F (K=20/20),1,period_0856,17.306667,-8.2362,9.1629,83.0799,75.6790,7.4009
PEMAFC-PCA-F (K=20/20),1,period_0856,17.360000,-8.1902,8.4726,80.4757,75.6790,4.7967
PEMAFC-PCA-F (K=20/20),1,period_0856,17.400000,-7.7989,9.2765,80.6807,75.6790,5.0017
PEMAFC-PCA-F (K=20/20),1,period_0856,17.453333,-7.5986,7.8490,85.8602,75.6790,10.1812
PEMAFC-PCA-F (K=20/20),1,period_0856,17.506667,-7.3416,10.6893,78.3506,75.6790,2.6716
PEMAFC-PCA-F (K=20/20),1,period_0856,17.560000,-7.3228,8.6699,78.3401,75.6790,2.6611
PEMAFC-PCA-F (K=20/20),1,period_0856,17.600000,-7.5157,4.2298,80.2451,75.6790,4.5660
PEMAFC-PCA-F (K=20/20),1,period_0856,17.653333,-5.8609,5.4786,79.9390,75.6790,4.2600
PEMAFC-PCA-F (K=20/20),1,period_0856,17.706667,-6.4766,9.8698,80.0742,75.6790,4.3951
PEMAFC-PCA-F (K=20/20),1,period_0856,17.760000,-7.0821,9.7495,81.9695,75.6790,6.2905
PEMAFC-PCA-F (K=20/20),1,period_0856,17.800000,-7.2993,9.6359,80.3833,75.6790,4.7042
PEMAFC-PCA-F (K=20/20),1,period_0856,17.853333,-6.3121,11.8802,79.0967,75.6790,3.4177
PEMAFC-PCA-F (K=20/20),1,period_0856,17.906667,-6.0297,13.3030,79.3321,75.6790,3.6530
PEMAFC-PCA-F (K=20/20),1,period_0856,17.960000,-5.9379,11.7406,79.1759,75.6790,3.4968
PEMAFC-PCA-F (K=20/20),1,period_0856,18.000000,-5.8630,12.9006,77.4316,75.6790,1.7526
PEMAFC-PCA-F (K=20/20),1,period_0856,18.053333,-5.5962,10.6573,76.5285,75.6790,0.8495
PEMAFC-PCA-F (K=20/20),1,period_0856,18.106667,-4.1950,3.0037,74.5430,75.6790,-1.1361
PEMAFC-PCA-F (K=20/20),1,period_0856,18.160000,-5.3601,6.9440,81.6065,75.6790,5.9275
PEMAFC-PCA-F (K=20/20),1,period_0856,18.200000,-5.6561,12.5997,81.0940,75.6790,5.4150
PEMAFC-PCA-F (K=20/20),1,period_0856,18.253333,-6.0315,12.6518,81.1532,75.6790,5.4742
PEMAFC-PCA-F (K=20/20),1,period_0856,18.306667,-5.9977,14.3826,81.8351,75.6790,6.1561
PEMAFC-PCA-F (K=20/20),1,period_0856,18.360000,-5.8909,15.0461,79.6529,75.6790,3.9739
PEMAFC-PCA-F (K=20/20),1,period_0856,18.400000,-5.4769,12.2034,79.5111,75.6790,3.8321
PEMAFC-PCA-F (K=20/20),1,period_0856,18.453333,-5.7943,8.2629,82.8812,75.6790,7.2022
PEMAFC-PCA-F (K=20/20),1,period_0856,18.506667,-6.2207,11.0832,83.5243,75.6790,7.8452
PEMAFC-PCA-F (K=20/20),1,period_0856,18.560000,-6.3675,12.7651,81.2819,75.6790,5.6029
PEMAFC-PCA-F (K=20/20),1,period_0856,18.600000,-6.2327,14.1046,79.8642,75.6790,4.1851
PEMAFC-PCA-F (K=20/20),1,period_0856,18.653333,-6.4517,13.4768,81.3719,75.6790,5.6929
PEMAFC-PCA-F (K=20/20),1,period_0856,18.706667,-5.4235,12.7421,81.6050,75.6790,5.9260
PEMAFC-PCA-F (K=20/20),1,period_0856,18.760000,-5.5749,10.2769,80.2977,75.6790,4.6186
PEMAFC-PCA-F (K=20/20),1,period_0856,18.800000,-5.5245,10.1932,80.6590,75.6790,4.9800
PEMAFC-PCA-F (K=20/20),1,period_0856,18.853333,-4.9868,12.0329,77.2088,75.6790,1.5297
PEMAFC-PCA-F (K=20/20),1,period_0856,18.906667,-3.2398,13.2736,72.7293,75.6790,-2.9497
PEMAFC-PCA-F (K=20/20),1,period_0856,18.960000,-3.1901,4.5353,72.7313,75.6790,-2.9477
PEMAFC-PCA-F (K=20/20),1,period_0856,19.000000,-3.5729,-4.0315,73.6682,75.6790,-2.0109
PEMAFC-PCA-F (K=20/20),1,period_0856,19.053333,-3.9345,-0.0433,74.6617,75.6790,-1.0173
PEMAFC-PCA-F (K=20/20),1,period_0856,19.106667,-4.1094,-3.6394,75.1293,75.6790,-0.5497
PEMAFC-PCA-F (K=20/20),1,period_0856,19.160000,-4.2500,-3.5885,75.5380,75.6790,-0.1411
PEMAFC-PCA-F (K=20/20),1,period_0856,19.200000,-4.3614,-2.2568,75.7929,75.6790,0.1138
PEMAFC-PCA-F (K=20/20),1,period_0856,19.253333,-4.4511,-2.7154,76.0900,75.6790,0.4110
PEMAFC-PCA-F (K=20/20),1,period_0856,19.306667,-4.5017,-2.9233,76.2693,75.6790,0.5903
PEMAFC-PCA-F (K=20/20),1,period_0856,19.360000,-4.5424,-2.6646,76.4161,75.6790,0.7371
PEMAFC-PCA-F (K=20/20),1,period_0856,19.400000,-4.5723,-1.9626,76.5214,75.6790,0.8424
PEMAFC-PCA-F (K=20/20),1,period_0856,19.453333,-4.6095,-0.6484,76.6408,75.6790,0.9617
PEMAFC-PCA-F (K=20/20),1,period_0856,19.506667,-4.6465,-0.8812,76.7680,75.6790,1.0890
PEMAFC-PCA-F (K=20/20),1,period_0856,19.560000,-4.7004,0.3183,76.9362,75.6790,1.2572
PEMAFC-PCA-F (K=20/20),1,period_0856,19.600000,-4.7429,0.5901,77.0662,75.6790,1.3872
PEMAFC-PCA-F (K=20/20),1,period_0856,19.653333,-4.8107,-0.7290,77.3178,75.6790,1.6388
PEMAFC-PCA-F (K=20/20),1,period_0856,19.706667,-4.8732,0.3020,77.5499,75.6790,1.8709
PEMAFC-PCA-F (K=20/20),1,period_0856,19.760000,-4.9147,-0.1389,77.7357,75.6790,2.0567
PEMAFC-PCA-F (K=20/20),1,period_0856,19.800000,-4.9330,-0.1851,77.8145,75.6790,2.1355
PEMAFC-PCA-F (K=20/20),1,period_0856,19.853333,-4.9560,-1.1975,77.9150,75.6790,2.2360
PEMAFC-PCA-F (K=20/20),1,period_0856,19.906667,-4.9776,-1.3639,78.0206,75.6790,2.3416
PEMAFC-PCA-F (K=20/20),1,period_0856,19.960000,-6.0904,7.7936,83.4784,75.6790,7.7994
PEMAFC-PCA-F (K=20/20),1,period_0856,20.000000,-4.3472,7.8424,75.3846,75.6790,-0.2944
PEMAFC-PCA-F (K=20/20),2,period_0916,20.013333,-3.5840,-45.9517,78.6467,76.8005,1.8462
PEMAFC-PCA-F (K=20/20),2,period_0916,20.053333,-3.5881,-8.0796,78.6503,76.8005,1.8498
PEMAFC-PCA-F (K=20/20),2,period_0916,20.106667,-3.5937,-7.1673,78.6547,76.8005,1.8542
PEMAFC-PCA-F (K=20/20),2,period_0916,20.160000,-3.5996,-7.1838,78.6616,76.8005,1.8611
PEMAFC-PCA-F (K=20/20),2,period_0916,20.200000,-3.6036,-8.1792,78.6673,76.8005,1.8668
PEMAFC-PCA-F (K=20/20),2,period_0916,20.253333,-3.6083,-7.9517,78.6744,76.8005,1.8739
PEMAFC-PCA-F (K=20/20),2,period_0916,20.306667,-3.6133,-6.5607,78.6861,76.8005,1.8856
PEMAFC-PCA-F (K=20/20),2,period_0916,20.360000,-3.6184,-6.0644,78.6909,76.8005,1.8904
PEMAFC-PCA-F (K=20/20),2,period_0916,20.400000,-3.6226,-8.9628,78.6951,76.8005,1.8946
PEMAFC-PCA-F (K=20/20),2,period_0916,20.453333,-3.6281,-8.0862,78.7020,76.8005,1.9015
PEMAFC-PCA-F (K=20/20),2,period_0916,20.506667,-3.6329,-7.0296,78.7034,76.8005,1.9029
PEMAFC-PCA-F (K=20/20),2,period_0916,20.560000,-3.6377,-8.4183,78.7062,76.8005,1.9057
PEMAFC-PCA-F (K=20/20),2,period_0916,20.600000,-3.6422,-8.0395,78.7119,76.8005,1.9114
PEMAFC-PCA-F (K=20/20),2,period_0916,20.653333,-3.6485,-7.2043,78.7225,76.8005,1.9220
PEMAFC-PCA-F (K=20/20),2,period_0916,20.706667,-3.6576,-7.6870,78.7327,76.8005,1.9322
PEMAFC-PCA-F (K=20/20),2,period_0916,20.760000,-3.6674,-7.8105,78.7442,76.8005,1.9437
PEMAFC-PCA-F (K=20/20),2,period_0916,20.800000,-3.6845,-0.8700,78.7481,76.8005,1.9476
PEMAFC-PCA-F (K=20/20),2,period_0916,20.853333,-4.2947,3.6587,78.8769,76.8005,2.0764
PEMAFC-PCA-F (K=20/20),2,period_0916,20.906667,-7.7625,7.2495,79.3357,76.8005,2.5352
PEMAFC-PCA-F (K=20/20),2,period_0916,20.960000,-8.7649,7.1238,82.4356,76.8005,5.6351
PEMAFC-PCA-F (K=20/20),2,period_0916,21.000000,-8.9416,7.5814,79.9350,76.8005,3.1345
PEMAFC-PCA-F (K=20/20),2,period_0916,21.053333,-8.6621,7.9503,79.2556,76.8005,2.4551
PEMAFC-PCA-F (K=20/20),2,period_0916,21.106667,-8.9120,9.5766,78.6845,76.8005,1.8841
PEMAFC-PCA-F (K=20/20),2,period_0916,21.160000,-8.2609,6.1959,80.5809,76.8005,3.7804
PEMAFC-PCA-F (K=20/20),2,period_0916,21.200000,-8.1646,9.0747,77.6364,76.8005,0.8359
PEMAFC-PCA-F (K=20/20),2,period_0916,21.253333,-8.5408,6.7438,77.2551,76.8005,0.4546
PEMAFC-PCA-F (K=20/20),2,period_0916,21.306667,-6.8420,7.0943,73.2431,76.8005,-3.5574
PEMAFC-PCA-F (K=20/20),2,period_0916,21.360000,-7.2188,-0.2946,73.8203,76.8005,-2.9802
PEMAFC-PCA-F (K=20/20),2,period_0916,21.400000,-7.3567,-2.9775,74.0689,76.8005,-2.7316
PEMAFC-PCA-F (K=20/20),2,period_0916,21.453333,-7.4883,-4.1829,74.3236,76.8005,-2.4768
PEMAFC-PCA-F (K=20/20),2,period_0916,21.506667,-7.5677,-3.8682,74.4844,76.8005,-2.3161
PEMAFC-PCA-F (K=20/20),2,period_0916,21.560000,-7.6165,-3.3500,74.5812,76.8005,-2.2193
PEMAFC-PCA-F (K=20/20),2,period_0916,21.600000,-7.6444,-3.2754,74.6388,76.8005,-2.1617
PEMAFC-PCA-F (K=20/20),2,period_0916,21.653333,-7.6719,-3.7057,74.6948,76.8005,-2.1057
PEMAFC-PCA-F (K=20/20),2,period_0916,21.706667,-7.6923,-2.5147,74.7359,76.8005,-2.0646
PEMAFC-PCA-F (K=20/20),2,period_0916,21.760000,-7.7086,-2.0696,74.7706,76.8005,-2.0299
PEMAFC-PCA-F (K=20/20),2,period_0916,21.800000,-7.7192,-2.2954,74.7910,76.8005,-2.0095
PEMAFC-PCA-F (K=20/20),2,period_0916,21.853333,-7.7342,-2.9939,74.8214,76.8005,-1.9791
PEMAFC-PCA-F (K=20/20),2,period_0916,21.906667,-7.7435,-1.6480,74.8408,76.8005,-1.9597
PEMAFC-PCA-F (K=20/20),2,period_0916,21.960000,-7.7526,-3.0007,74.8590,76.8005,-1.9415
PEMAFC-PCA-F (K=20/20),2,period_0916,22.000000,-7.7568,-1.8804,74.8672,76.8005,-1.9333
PEMAFC-PCA-F (K=20/20),2,period_0916,22.053333,-7.7621,-2.1881,74.8777,76.8005,-1.9228
PEMAFC-PCA-F (K=20/20),2,period_0916,22.106667,-7.7680,-1.7520,74.8894,76.8005,-1.9111
PEMAFC-PCA-F (K=20/20),2,period_0916,22.160000,-7.7743,-2.2994,74.9014,76.8005,-1.8991
PEMAFC-PCA-F (K=20/20),2,period_0916,22.200000,-7.7785,-2.7025,74.9096,76.8005,-1.8909
PEMAFC-PCA-F (K=20/20),2,period_0916,22.253333,-7.7841,-1.7875,74.9203,76.8005,-1.8802
PEMAFC-PCA-F (K=20/20),2,period_0916,22.306667,-7.7899,-2.1940,74.9326,76.8005,-1.8678
PEMAFC-PCA-F (K=20/20),2,period_0916,22.360000,-7.7947,-2.4578,74.9423,76.8005,-1.8582
PEMAFC-PCA-F (K=20/20),2,period_0916,22.400000,-7.7984,-2.7537,74.9498,76.8005,-1.8507
PEMAFC-PCA-F (K=20/20),2,period_0916,22.453333,-7.8025,-1.8522,74.9584,76.8005,-1.8421
PEMAFC-PCA-F (K=20/20),2,period_0916,22.506667,-7.8075,-1.7169,74.9682,76.8005,-1.8323
PEMAFC-PCA-F (K=20/20),2,period_0916,22.560000,-9.5297,3.9905,80.2566,76.8005,3.4561
PEMAFC-PCA-F (K=20/20),2,period_0916,22.600000,-9.9045,8.8597,83.8654,76.8005,7.0649
PEMAFC-PCA-F (K=20/20),2,period_0916,22.653333,-9.2957,10.2771,80.6370,76.8005,3.8365
PEMAFC-PCA-F (K=20/20),2,period_0916,22.706667,-8.8643,13.9939,80.6947,76.8005,3.8942
PEMAFC-PCA-F (K=20/20),2,period_0916,22.760000,-9.3443,8.5761,81.8909,76.8005,5.0904
PEMAFC-PCA-F (K=20/20),2,period_0916,22.800000,-8.2973,2.5226,80.6232,76.8005,3.8227
PEMAFC-PCA-F (K=20/20),2,period_0916,22.853333,-10.4270,1.6305,82.4841,76.8005,5.6836
PEMAFC-PCA-F (K=20/20),2,period_0916,22.906667,-10.7892,1.5307,89.8667,76.8005,13.0662
PEMAFC-PCA-F (K=20/20),2,period_0916,22.960000,-10.5097,2.2474,88.8601,76.8005,12.0596
PEMAFC-PCA-F (K=20/20),2,period_0916,23.000000,-12.0380,4.7958,87.7795,76.8005,10.9790
PEMAFC-PCA-F (K=20/20),2,period_0916,23.053333,-12.4570,15.8633,85.2839,76.8005,8.4834
PEMAFC-PCA-F (K=20/20),2,period_0916,23.106667,-12.2887,16.3963,84.0814,76.8005,7.2809
PEMAFC-PCA-F (K=20/20),2,period_0916,23.160000,-12.0998,12.2183,83.2892,76.8005,6.4887
PEMAFC-PCA-F (K=20/20),2,period_0916,23.200000,-12.1083,9.2737,83.0290,76.8005,6.2285
PEMAFC-PCA-F (K=20/20),2,period_0916,23.253333,-12.2812,0.9361,83.0092,76.8005,6.2087
PEMAFC-PCA-F (K=20/20),2,period_0916,23.306667,-12.3527,-0.5157,82.9394,76.8005,6.1389
PEMAFC-PCA-F (K=20/20),2,period_0916,23.360000,-12.3790,-0.1399,82.9034,76.8005,6.1029
PEMAFC-PCA-F (K=20/20),2,period_0916,23.400000,-12.4181,-1.2897,82.9244,76.8005,6.1239
PEMAFC-PCA-F (K=20/20),2,period_0916,23.453333,-12.4480,-0.5447,82.9215,76.8005,6.1210
PEMAFC-PCA-F (K=20/20),2,period_0916,23.506667,-12.4605,0.4431,82.9150,76.8005,6.1145
PEMAFC-PCA-F (K=20/20),2,period_0916,23.560000,-12.4813,-0.9461,82.9219,76.8005,6.1214
PEMAFC-PCA-F (K=20/20),2,period_0916,23.600000,-12.4888,0.3264,82.9166,76.8005,6.1161
PEMAFC-PCA-F (K=20/20),2,period_0916,23.653333,-12.5053,0.4308,82.9268,76.8005,6.1263
PEMAFC-PCA-F (K=20/20),2,period_0916,23.706667,-12.5185,-0.5625,82.9349,76.8005,6.1344
PEMAFC-PCA-F (K=20/20),2,period_0916,23.760000,-12.5230,0.2046,82.9301,76.8005,6.1296
PEMAFC-PCA-F (K=20/20),2,period_0916,23.800000,-12.5282,-0.1455,82.9299,76.8005,6.1294
PEMAFC-PCA-F (K=20/20),2,period_0916,23.853333,-12.5356,-0.4393,82.9370,76.8005,6.1365
PEMAFC-PCA-F (K=20/20),2,period_0916,23.906667,-12.5386,0.6637,82.9368,76.8005,6.1363
PEMAFC-PCA-F (K=20/20),2,period_0916,23.960000,-12.5431,-0.1197,82.9372,76.8005,6.1367
PEMAFC-PCA-F (K=20/20),2,period_0916,24.000000,-12.5481,-1.1560,82.9385,76.8005,6.1380
PEMAFC-PCA-F (K=20/20),2,period_0916,24.053333,-12.6520,-0.9670,82.7821,76.8005,5.9816
PEMAFC-PCA-F (K=20/20),2,period_0916,24.106667,-13.3829,6.2082,83.9211,76.8005,7.1206
PEMAFC-PCA-F (K=20/20),2,period_0916,24.160000,-9.5848,9.0831,78.9920,76.8005,2.1915
PEMAFC-PCA-F (K=20/20),2,period_0916,24.200000,-9.1695,11.5389,78.9093,76.8005,2.1088
PEMAFC-PCA-F (K=20/20),2,period_0916,24.253333,-9.2175,11.0626,78.6919,76.8005,1.8914
PEMAFC-PCA-F (K=20/20),2,period_0916,24.306667,-9.6120,11.5435,79.0696,76.8005,2.2691
PEMAFC-PCA-F (K=20/20),2,period_0916,24.360000,-11.4417,5.7412,79.6046,76.8005,2.8041
PEMAFC-PCA-F (K=20/20),2,period_0916,24.400000,-9.4349,4.6504,77.5015,76.8005,0.7010
PEMAFC-PCA-F (K=20/20),2,period_0916,24.453333,-8.8347,7.3461,77.1360,76.8005,0.3355
PEMAFC-PCA-F (K=20/20),2,period_0916,24.506667,-8.8247,11.5193,77.1275,76.8005,0.3270
PEMAFC-PCA-F (K=20/20),2,period_0916,24.560000,-8.2902,7.2954,83.1941,76.8005,6.3936
PEMAFC-PCA-F (K=20/20),2,period_0916,24.600000,-8.5310,6.0358,86.1036,76.8005,9.3031
PEMAFC-PCA-F (K=20/20),2,period_0916,24.653333,-7.9783,6.3638,88.1847,76.8005,11.3842
PEMAFC-PCA-F (K=20/20),2,period_0916,24.706667,-11.1299,0.7163,86.0741,76.8005,9.2736
PEMAFC-PCA-F (K=20/20),2,period_0916,24.760000,-11.3038,3.1392,89.4881,76.8005,12.6876
PEMAFC-PCA-F (K=20/20),2,period_0916,24.800000,-10.8532,3.3937,90.3845,76.8005,13.5840
PEMAFC-PCA-F (K=20/20),2,period_0916,24.853333,-11.7862,2.3426,87.8127,76.8005,11.0122
PEMAFC-PCA-F (K=20/20),2,period_0916,24.906667,-12.1190,12.5313,85.7556,76.8005,8.9551
PEMAFC-PCA-F (K=20/20),2,period_0916,24.960000,-12.0575,13.7601,83.9652,76.8005,7.1647
PEMAFC-PCA-F (K=20/20),2,period_0916,25.000000,-11.7526,13.4770,82.7944,76.8005,5.9939
PEMAFC-PCA-F (K=20/20),2,period_0916,25.053333,-11.7983,10.3625,82.4989,76.8005,5.6984
PEMAFC-PCA-F (K=20/20),2,period_0916,25.106667,-11.9891,0.6058,82.4264,76.8005,5.6259
PEMAFC-PCA-F (K=20/20),2,period_0916,25.160000,-12.0471,-0.7676,82.3412,76.8005,5.5407
PEMAFC-PCA-F (K=20/20),2,period_0916,25.200000,-12.1193,-1.6951,82.3306,76.8005,5.5301
PEMAFC-PCA-F (K=20/20),2,period_0916,25.253333,-12.1822,-1.0883,82.3414,76.8005,5.5409
PEMAFC-PCA-F (K=20/20),2,period_0916,25.306667,-12.2144,-0.0591,82.3328,76.8005,5.5323
PEMAFC-PCA-F (K=20/20),2,period_0916,25.360000,-12.2596,-1.4798,82.3560,76.8005,5.5555
PEMAFC-PCA-F (K=20/20),2,period_0916,25.400000,-12.2707,0.4628,82.3527,76.8005,5.5522
PEMAFC-PCA-F (K=20/20),2,period_0916,25.453333,-12.2795,0.8352,82.3456,76.8005,5.5451
PEMAFC-PCA-F (K=20/20),2,period_0916,25.506667,-12.2952,-0.7145,82.3501,76.8005,5.5496
PEMAFC-PCA-F (K=20/20),2,period_0916,25.560000,-12.3065,-0.1426,82.3539,76.8005,5.5534
PEMAFC-PCA-F (K=20/20),2,period_0916,25.600000,-12.3152,-0.1247,82.3600,76.8005,5.5595
PEMAFC-PCA-F (K=20/20),2,period_0916,25.653333,-12.3232,0.2040,82.3676,76.8005,5.5671
PEMAFC-PCA-F (K=20/20),2,period_0916,25.706667,-12.3286,-0.0957,82.3673,76.8005,5.5668
PEMAFC-PCA-F (K=20/20),2,period_0916,25.760000,-12.3372,-0.7691,82.3718,76.8005,5.5713
PEMAFC-PCA-F (K=20/20),2,period_0916,25.800000,-12.3411,-0.0619,82.3741,76.8005,5.5736
PEMAFC-PCA-F (K=20/20),2,period_0916,25.853333,-12.5848,9.4014,82.2798,76.8005,5.4793
PEMAFC-PCA-F (K=20/20),2,period_0916,25.906667,-8.5124,9.0444,78.5628,76.8005,1.7623
PEMAFC-PCA-F (K=20/20),2,period_0916,25.960000,-7.0012,10.2339,78.7597,76.8005,1.9592
PEMAFC-PCA-F (K=20/20),2,period_0916,26.000000,-5.8847,10.0748,78.7767,76.8005,1.9762
PEMAFC-PCA-F (K=20/20),2,period_0916,26.053333,-3.1624,6.2974,73.5263,76.8005,-3.2742
PEMAFC-PCA-F (K=20/20),2,period_0916,26.106667,-4.6534,8.3625,74.1461,76.8005,-2.6544
PEMAFC-PCA-F (K=20/20),2,period_0916,26.160000,-7.7599,7.3829,76.4914,76.8005,-0.3091
PEMAFC-PCA-F (K=20/20),2,period_0916,26.200000,-7.9440,1.9532,77.3325,76.8005,0.5320
PEMAFC-PCA-F (K=20/20),2,period_0916,26.253333,-9.3749,5.9052,78.9410,76.8005,2.1405
PEMAFC-PCA-F (K=20/20),2,period_0916,26.306667,-11.4145,4.1517,84.1054,76.8005,7.3049
PEMAFC-PCA-F (K=20/20),2,period_0916,26.360000,-10.1031,5.8779,79.8060,76.8005,3.0055
PEMAFC-PCA-F (K=20/20),2,period_0916,26.400000,-10.2333,8.2896,82.6521,76.8005,5.8516
PEMAFC-PCA-F (K=20/20),2,period_0916,26.453333,-10.0025,9.2450,80.1267,76.8005,3.3262
PEMAFC-PCA-F (K=20/20),2,period_0916,26.506667,-10.7529,8.5258,84.8400,76.8005,8.0395
PEMAFC-PCA-F (K=20/20),2,period_0916,26.560000,-9.8222,5.3064,79.6998,76.8005,2.8993
PEMAFC-PCA-F (K=20/20),2,period_0916,26.600000,-10.4802,9.2875,82.6417,76.8005,5.8412
PEMAFC-PCA-F (K=20/20),2,period_0916,26.653333,-10.0477,11.2094,82.4594,76.8005,5.6589
PEMAFC-PCA-F (K=20/20),2,period_0916,26.706667,-9.7434,11.1828,82.1495,76.8005,5.3490
PEMAFC-PCA-F (K=20/20),2,period_0916,26.760000,-9.3296,9.7870,79.9874,76.8005,3.1869
PEMAFC-PCA-F (K=20/20),2,period_0916,26.800000,-7.8967,10.9868,76.9147,76.8005,0.1142
PEMAFC-PCA-F (K=20/20),2,period_0916,26.853333,-8.6225,2.2227,85.6738,76.8005,8.8733
PEMAFC-PCA-F (K=20/20),2,period_0916,26.906667,-9.4710,3.5635,84.5237,76.8005,7.7232
PEMAFC-PCA-F (K=20/20),2,period_0916,26.960000,-9.2744,5.4510,84.5575,76.8005,7.7570
PEMAFC-PCA-F (K=20/20),2,period_0916,27.000000,-8.4395,5.6675,80.3454,76.8005,3.5449
PEMAFC-PCA-F (K=20/20),2,period_0916,27.053333,-10.3265,3.0088,81.1244,76.8005,4.3239
PEMAFC-PCA-F (K=20/20),2,period_0916,27.106667,-11.2393,11.8859,81.2627,76.8005,4.4622
PEMAFC-PCA-F (K=20/20),2,period_0916,27.160000,-11.5782,11.1830,81.2344,76.8005,4.4339
PEMAFC-PCA-F (K=20/20),2,period_0916,27.200000,-13.1398,4.1178,84.3151,76.8005,7.5146
PEMAFC-PCA-F (K=20/20),2,period_0916,27.253333,-11.3151,3.8979,80.3568,76.8005,3.5563
PEMAFC-PCA-F (K=20/20),2,period_0916,27.306667,-10.3828,8.9995,78.9534,76.8005,2.1529
PEMAFC-PCA-F (K=20/20),2,period_0916,27.360000,-10.2072,9.3960,78.8789,76.8005,2.0784
PEMAFC-PCA-F (K=20/20),2,period_0916,27.400000,-9.6721,8.5185,80.1149,76.8005,3.3145
PEMAFC-PCA-F (K=20/20),2,period_0916,27.453333,-9.3564,6.0209,80.5847,76.8005,3.7842
PEMAFC-PCA-F (K=20/20),2,period_0916,27.506667,-9.5726,7.7582,79.1328,76.8005,2.3323
PEMAFC-PCA-F (K=20/20),2,period_0916,27.560000,-9.9179,6.6429,81.6357,76.8005,4.8352
PEMAFC-PCA-F (K=20/20),2,period_0916,27.600000,-9.3967,2.8846,80.3556,76.8005,3.5551
PEMAFC-PCA-F (K=20/20),2,period_0916,27.653333,-6.3859,3.7793,77.8426,76.8005,1.0421
PEMAFC-PCA-F (K=20/20),2,period_0916,27.706667,-6.5340,8.7399,76.3897,76.8005,-0.4107
PEMAFC-PCA-F (K=20/20),2,period_0916,27.760000,-8.9231,5.4513,80.4143,76.8005,3.6138
PEMAFC-PCA-F (K=20/20),2,period_0916,27.800000,-9.5487,6.2371,83.6908,76.8005,6.8903
PEMAFC-PCA-F (K=20/20),2,period_0916,27.853333,-9.5831,9.9915,80.6597,76.8005,3.8592
PEMAFC-PCA-F (K=20/20),2,period_0916,27.906667,-9.4692,11.2642,82.0015,76.8005,5.2010
PEMAFC-PCA-F (K=20/20),2,period_0916,27.960000,-9.2738,9.7784,82.3992,76.8005,5.5987
PEMAFC-PCA-F (K=20/20),2,period_0916,28.000000,-9.3939,9.0273,81.7836,76.8005,4.9831
PEMAFC-PCA-F (K=20/20),2,period_0916,28.053333,-8.4664,7.9655,78.8698,76.8005,2.0693
PEMAFC-PCA-F (K=20/20),2,period_0916,28.106667,-5.6366,1.7232,71.8767,76.8005,-4.9238
PEMAFC-PCA-F (K=20/20),2,period_0916,28.160000,-11.4519,0.8325,87.9407,76.8005,11.1402
PEMAFC-PCA-F (K=20/20),2,period_0916,28.200000,-10.8219,9.4418,83.5896,76.8005,6.7891
PEMAFC-PCA-F (K=20/20),2,period_0916,28.253333,-9.7043,12.1350,79.8902,76.8005,3.0897
PEMAFC-PCA-F (K=20/20),2,period_0916,28.306667,-8.7172,12.3670,77.9440,76.8005,1.1435
PEMAFC-PCA-F (K=20/20),2,period_0916,28.360000,-7.8269,16.0377,75.4811,76.8005,-1.3194
PEMAFC-PCA-F (K=20/20),2,period_0916,28.400000,-8.0437,10.4518,80.7524,76.8005,3.9519
PEMAFC-PCA-F (K=20/20),2,period_0916,28.453333,-9.0389,6.1541,79.5633,76.8005,2.7628
PEMAFC-PCA-F (K=20/20),2,period_0916,28.506667,-9.8094,7.0253,80.9261,76.8005,4.1257
PEMAFC-PCA-F (K=20/20),2,period_0916,28.560000,-9.1355,11.4060,81.8313,76.8005,5.0308
PEMAFC-PCA-F (K=20/20),2,period_0916,28.600000,-9.0568,12.0563,83.3910,76.8005,6.5905
PEMAFC-PCA-F (K=20/20),2,period_0916,28.653333,-8.1358,12.0433,78.4382,76.8005,1.6377
PEMAFC-PCA-F (K=20/20),2,period_0916,28.706667,-7.9507,10.3615,78.1289,76.8005,1.3284
PEMAFC-PCA-F (K=20/20),2,period_0916,28.760000,-7.2951,8.4303,76.4728,76.8005,-0.3277
PEMAFC-PCA-F (K=20/20),2,period_0916,28.800000,-7.2878,8.1527,76.5151,76.8005,-0.2854
PEMAFC-PCA-F (K=20/20),2,period_0916,28.853333,-8.1310,7.3797,81.8381,76.8005,5.0376
PEMAFC-PCA-F (K=20/20),2,period_0916,28.906667,-5.8051,12.7730,74.6915,76.8005,-2.1090
PEMAFC-PCA-F (K=20/20),2,period_0916,28.960000,-6.0080,4.8780,73.7433,76.8005,-3.0572
PEMAFC-PCA-F (K=20/20),2,period_0916,29.000000,-6.4662,-3.9336,74.5918,76.8005,-2.2087
PEMAFC-PCA-F (K=20/20),2,period_0916,29.053333,-7.1682,-4.1575,76.1708,76.8005,-0.6297
PEMAFC-PCA-F (K=20/20),2,period_0916,29.106667,-7.3664,-3.6639,76.5485,76.8005,-0.2520
PEMAFC-PCA-F (K=20/20),2,period_0916,29.160000,-7.5042,-3.7860,76.8546,76.8005,0.0541
PEMAFC-PCA-F (K=20/20),2,period_0916,29.200000,-7.6006,-2.9927,76.9989,76.8005,0.1984
PEMAFC-PCA-F (K=20/20),2,period_0916,29.253333,-7.6847,-2.4655,77.1890,76.8005,0.3885
PEMAFC-PCA-F (K=20/20),2,period_0916,29.306667,-7.7523,-3.6044,77.3569,76.8005,0.5564
PEMAFC-PCA-F (K=20/20),2,period_0916,29.360000,-7.7883,-2.5070,77.4304,76.8005,0.6300
PEMAFC-PCA-F (K=20/20),2,period_0916,29.400000,-7.8187,-2.8294,77.4925,76.8005,0.6920
PEMAFC-PCA-F (K=20/20),2,period_0916,29.453333,-7.8620,-0.9159,77.5846,76.8005,0.7841
PEMAFC-PCA-F (K=20/20),2,period_0916,29.506667,-7.9079,-1.9810,77.6977,76.8005,0.8972
PEMAFC-PCA-F (K=20/20),2,period_0916,29.560000,-7.9652,0.8622,77.8173,76.8005,1.0168
PEMAFC-PCA-F (K=20/20),2,period_0916,29.600000,-8.0091,0.0265,77.9086,76.8005,1.1081
PEMAFC-PCA-F (K=20/20),2,period_0916,29.653333,-8.0738,-0.0070,78.0358,76.8005,1.2353
PEMAFC-PCA-F (K=20/20),2,period_0916,29.706667,-8.1442,0.4173,78.1832,76.8005,1.3827
PEMAFC-PCA-F (K=20/20),2,period_0916,29.760000,-8.1934,-0.9291,78.3277,76.8005,1.5272
PEMAFC-PCA-F (K=20/20),2,period_0916,29.800000,-8.2296,-3.7960,78.4437,76.8005,1.6432
PEMAFC-PCA-F (K=20/20),2,period_0916,29.853333,-8.2616,-2.8675,78.5437,76.8005,1.7432
PEMAFC-PCA-F (K=20/20),2,period_0916,29.906667,-8.2872,-3.2894,78.6098,76.8005,1.8093
PEMAFC-PCA-F (K=20/20),2,period_0916,29.960000,-9.9604,3.9173,85.6207,76.8005,8.8202
PEMAFC-PCA-F (K=20/20),2,period_0916,30.000000,-7.3318,6.1986,79.9354,76.8005,3.1349
PEMAFC-PCA-F (K=20/20),3,period_0943,30.013333,-3.0517,-39.6379,70.3286,67.9790,2.3496
PEMAFC-PCA-F (K=20/20),3,period_0943,30.053333,-3.0528,-1.8351,70.3291,67.9790,2.3500
PEMAFC-PCA-F (K=20/20),3,period_0943,30.106667,-3.0545,-1.3842,70.3305,67.9790,2.3515
PEMAFC-PCA-F (K=20/20),3,period_0943,30.160000,-3.0565,-1.5225,70.3316,67.9790,2.3526
PEMAFC-PCA-F (K=20/20),3,period_0943,30.200000,-3.0578,-1.4273,70.3323,67.9790,2.3532
PEMAFC-PCA-F (K=20/20),3,period_0943,30.253333,-3.0590,-1.2743,70.3327,67.9790,2.3537
PEMAFC-PCA-F (K=20/20),3,period_0943,30.306667,-3.0609,-1.6622,70.3339,67.9790,2.3548
PEMAFC-PCA-F (K=20/20),3,period_0943,30.360000,-3.0628,-0.8679,70.3349,67.9790,2.3558
PEMAFC-PCA-F (K=20/20),3,period_0943,30.400000,-3.0640,-0.9871,70.3358,67.9790,2.3568
PEMAFC-PCA-F (K=20/20),3,period_0943,30.453333,-3.0656,-1.1597,70.3367,67.9790,2.3577
PEMAFC-PCA-F (K=20/20),3,period_0943,30.506667,-3.0673,-0.6500,70.3377,67.9790,2.3587
PEMAFC-PCA-F (K=20/20),3,period_0943,30.560000,-3.0687,-0.8640,70.3384,67.9790,2.3594
PEMAFC-PCA-F (K=20/20),3,period_0943,30.600000,-3.0697,-1.1966,70.3390,67.9790,2.3599
PEMAFC-PCA-F (K=20/20),3,period_0943,30.653333,-3.0716,-1.4437,70.3406,67.9790,2.3615
PEMAFC-PCA-F (K=20/20),3,period_0943,30.706667,-3.0744,-1.1239,70.3422,67.9790,2.3631
PEMAFC-PCA-F (K=20/20),3,period_0943,30.760000,-3.0772,-1.2892,70.3438,67.9790,2.3648
PEMAFC-PCA-F (K=20/20),3,period_0943,30.800000,-3.0882,4.0498,70.3593,67.9790,2.3802
PEMAFC-PCA-F (K=20/20),3,period_0943,30.853333,-3.8647,4.5418,71.3836,67.9790,3.4046
PEMAFC-PCA-F (K=20/20),3,period_0943,30.906667,-8.8816,8.3232,76.6597,67.9790,8.6806
PEMAFC-PCA-F (K=20/20),3,period_0943,30.960000,-10.0804,3.9472,77.5295,67.9790,9.5505
PEMAFC-PCA-F (K=20/20),3,period_0943,31.000000,-9.9271,6.0614,77.5510,67.9790,9.5720
PEMAFC-PCA-F (K=20/20),3,period_0943,31.053333,-9.2512,6.6379,75.6019,67.9790,7.6228
PEMAFC-PCA-F (K=20/20),3,period_0943,31.106667,-8.8499,12.6300,73.9533,67.9790,5.9743
PEMAFC-PCA-F (K=20/20),3,period_0943,31.160000,-8.9866,8.5018,75.4882,67.9790,7.5092
PEMAFC-PCA-F (K=20/20),3,period_0943,31.200000,-8.7097,7.4519,73.7753,67.9790,5.7963
PEMAFC-PCA-F (K=20/20),3,period_0943,31.253333,-8.4481,8.0386,75.5200,67.9790,7.5410
PEMAFC-PCA-F (K=20/20),3,period_0943,31.306667,-8.4914,6.1897,74.6442,67.9790,6.6652
PEMAFC-PCA-F (K=20/20),3,period_0943,31.360000,-8.8058,-4.4635,75.6603,67.9790,7.6812
PEMAFC-PCA-F (K=20/20),3,period_0943,31.400000,-8.8799,-4.7559,75.8393,67.9790,7.8603
PEMAFC-PCA-F (K=20/20),3,period_0943,31.453333,-8.9369,-3.6518,76.0733,67.9790,8.0942
PEMAFC-PCA-F (K=20/20),3,period_0943,31.506667,-8.9712,-3.9577,76.2311,67.9790,8.2520
PEMAFC-PCA-F (K=20/20),3,period_0943,31.560000,-8.9932,-2.6955,76.3415,67.9790,8.3624
PEMAFC-PCA-F (K=20/20),3,period_0943,31.600000,-9.0038,-3.4675,76.3982,67.9790,8.4192
PEMAFC-PCA-F (K=20/20),3,period_0943,31.653333,-9.0174,-3.5004,76.4652,67.9790,8.4861
PEMAFC-PCA-F (K=20/20),3,period_0943,31.706667,-9.0281,-2.8458,76.5212,67.9790,8.5421
PEMAFC-PCA-F (K=20/20),3,period_0943,31.760000,-9.0356,-2.8716,76.5643,67.9790,8.5853
PEMAFC-PCA-F (K=20/20),3,period_0943,31.800000,-9.0398,-2.3095,76.5838,67.9790,8.6048
PEMAFC-PCA-F (K=20/20),3,period_0943,31.853333,-9.0473,-3.7775,76.6210,67.9790,8.6419
PEMAFC-PCA-F (K=20/20),3,period_0943,31.906667,-9.0518,-2.6084,76.6437,67.9790,8.6646
PEMAFC-PCA-F (K=20/20),3,period_0943,31.960000,-9.0561,-2.9710,76.6647,67.9790,8.6856
PEMAFC-PCA-F (K=20/20),3,period_0943,32.000000,-9.0585,-2.4541,76.6776,67.9790,8.6986
PEMAFC-PCA-F (K=20/20),3,period_0943,32.053333,-9.0611,-3.2213,76.6934,67.9790,8.7143
PEMAFC-PCA-F (K=20/20),3,period_0943,32.106667,-9.0637,-2.3505,76.7074,67.9790,8.7283
PEMAFC-PCA-F (K=20/20),3,period_0943,32.160000,-9.0667,-2.4815,76.7249,67.9790,8.7459
PEMAFC-PCA-F (K=20/20),3,period_0943,32.200000,-9.0682,-2.3700,76.7313,67.9790,8.7522
PEMAFC-PCA-F (K=20/20),3,period_0943,32.253333,-9.0709,-2.3532,76.7470,67.9790,8.7680
PEMAFC-PCA-F (K=20/20),3,period_0943,32.306667,-9.0732,-2.6074,76.7601,67.9790,8.7811
PEMAFC-PCA-F (K=20/20),3,period_0943,32.360000,-9.0754,-3.0766,76.7720,67.9790,8.7929
PEMAFC-PCA-F (K=20/20),3,period_0943,32.400000,-9.0769,-2.4059,76.7795,67.9790,8.8005
PEMAFC-PCA-F (K=20/20),3,period_0943,32.453333,-9.0792,-2.7251,76.7930,67.9790,8.8139
PEMAFC-PCA-F (K=20/20),3,period_0943,32.506667,-9.0814,-2.3817,76.8036,67.9790,8.8246
PEMAFC-PCA-F (K=20/20),3,period_0943,32.560000,-9.6415,-0.7291,77.6437,67.9790,9.6647
PEMAFC-PCA-F (K=20/20),3,period_0943,32.600000,-9.3849,8.3745,77.6350,67.9790,9.6560
PEMAFC-PCA-F (K=20/20),3,period_0943,32.653333,-9.5649,6.8233,78.0244,67.9790,10.0453
PEMAFC-PCA-F (K=20/20),3,period_0943,32.706667,-8.7827,8.2890,77.5178,67.9790,9.5387
PEMAFC-PCA-F (K=20/20),3,period_0943,32.760000,-8.1148,8.4568,74.8250,67.9790,6.8460
PEMAFC-PCA-F (K=20/20),3,period_0943,32.800000,-8.6546,3.7253,76.8389,67.9790,8.8598
PEMAFC-PCA-F (K=20/20),3,period_0943,32.853333,-9.6428,0.9584,79.7756,67.9790,11.7965
PEMAFC-PCA-F (K=20/20),3,period_0943,32.906667,-9.8432,4.4897,79.5199,67.9790,11.5408
PEMAFC-PCA-F (K=20/20),3,period_0943,32.960000,-9.4762,4.2673,79.6747,67.9790,11.6957
PEMAFC-PCA-F (K=20/20),3,period_0943,33.000000,-10.3015,6.8578,80.5564,67.9790,12.5773
PEMAFC-PCA-F (K=20/20),3,period_0943,33.053333,-9.9937,14.2431,79.4213,67.9790,11.4422
PEMAFC-PCA-F (K=20/20),3,period_0943,33.106667,-10.4953,14.7830,80.2657,67.9790,12.2867
PEMAFC-PCA-F (K=20/20),3,period_0943,33.160000,-10.3486,12.4740,80.8359,67.9790,12.8569
PEMAFC-PCA-F (K=20/20),3,period_0943,33.200000,-10.4851,9.1145,81.2575,67.9790,13.2785
PEMAFC-PCA-F (K=20/20),3,period_0943,33.253333,-10.5598,2.7812,81.4635,67.9790,13.4845
PEMAFC-PCA-F (K=20/20),3,period_0943,33.306667,-10.5857,-0.2589,81.4790,67.9790,13.5000
PEMAFC-PCA-F (K=20/20),3,period_0943,33.360000,-10.6000,-0.2107,81.4873,67.9790,13.5083
PEMAFC-PCA-F (K=20/20),3,period_0943,33.400000,-10.6072,-0.5286,81.4927,67.9790,13.5136
PEMAFC-PCA-F (K=20/20),3,period_0943,33.453333,-10.6141,-0.4028,81.4978,67.9790,13.5188
PEMAFC-PCA-F (K=20/20),3,period_0943,33.506667,-10.6190,0.0582,81.5006,67.9790,13.5216
PEMAFC-PCA-F (K=20/20),3,period_0943,33.560000,-10.6234,-0.1822,81.5041,67.9790,13.5251
PEMAFC-PCA-F (K=20/20),3,period_0943,33.600000,-10.6265,0.1420,81.5064,67.9790,13.5273
PEMAFC-PCA-F (K=20/20),3,period_0943,33.653333,-10.6311,-0.1809,81.5109,67.9790,13.5319
PEMAFC-PCA-F (K=20/20),3,period_0943,33.706667,-10.6340,0.2112,81.5137,67.9790,13.5346
PEMAFC-PCA-F (K=20/20),3,period_0943,33.760000,-10.6365,-0.3117,81.5154,67.9790,13.5364
PEMAFC-PCA-F (K=20/20),3,period_0943,33.800000,-10.6377,0.3422,81.5165,67.9790,13.5375
PEMAFC-PCA-F (K=20/20),3,period_0943,33.853333,-10.6394,-0.2455,81.5181,67.9790,13.5391
PEMAFC-PCA-F (K=20/20),3,period_0943,33.906667,-10.6409,0.1292,81.5203,67.9790,13.5413
PEMAFC-PCA-F (K=20/20),3,period_0943,33.960000,-10.6419,0.6601,81.5214,67.9790,13.5423
PEMAFC-PCA-F (K=20/20),3,period_0943,34.000000,-10.6426,1.1468,81.5220,67.9790,13.5429
PEMAFC-PCA-F (K=20/20),3,period_0943,34.053333,-10.6652,3.0106,81.5362,67.9790,13.5571
PEMAFC-PCA-F (K=20/20),3,period_0943,34.106667,-11.0535,5.0373,82.2998,67.9790,14.3208
PEMAFC-PCA-F (K=20/20),3,period_0943,34.160000,-10.2602,6.9748,80.7222,67.9790,12.7431
PEMAFC-PCA-F (K=20/20),3,period_0943,34.200000,-10.4807,8.4110,80.6757,67.9790,12.6966
PEMAFC-PCA-F (K=20/20),3,period_0943,34.253333,-9.9057,10.0386,81.0601,67.9790,13.0811
PEMAFC-PCA-F (K=20/20),3,period_0943,34.306667,-9.9492,10.1839,80.6008,67.9790,12.6217
PEMAFC-PCA-F (K=20/20),3,period_0943,34.360000,-10.0041,5.9176,77.6335,67.9790,9.6544
PEMAFC-PCA-F (K=20/20),3,period_0943,34.400000,-9.5630,5.7311,73.2204,67.9790,5.2414
PEMAFC-PCA-F (K=20/20),3,period_0943,34.453333,-9.5474,6.9792,75.1822,67.9790,7.2031
PEMAFC-PCA-F (K=20/20),3,period_0943,34.506667,-9.9092,7.8458,76.5540,67.9790,8.5750
PEMAFC-PCA-F (K=20/20),3,period_0943,34.560000,-9.5644,6.7064,77.6973,67.9790,9.7183
PEMAFC-PCA-F (K=20/20),3,period_0943,34.600000,-9.2547,6.7301,77.6366,67.9790,9.6576
PEMAFC-PCA-F (K=20/20),3,period_0943,34.653333,-8.8721,7.5897,77.1150,67.9790,9.1359
PEMAFC-PCA-F (K=20/20),3,period_0943,34.706667,-10.3868,1.3445,77.6154,67.9790,9.6363
PEMAFC-PCA-F (K=20/20),3,period_0943,34.760000,-10.0210,3.0261,77.0233,67.9790,9.0442
PEMAFC-PCA-F (K=20/20),3,period_0943,34.800000,-9.8899,5.1944,77.1280,67.9790,9.1490
PEMAFC-PCA-F (K=20/20),3,period_0943,34.853333,-11.1064,3.6287,80.8388,67.9790,12.8598
PEMAFC-PCA-F (K=20/20),3,period_0943,34.906667,-10.8834,12.0793,80.4561,67.9790,12.4771
PEMAFC-PCA-F (K=20/20),3,period_0943,34.960000,-10.9462,12.8054,81.4749,67.9790,13.4959
PEMAFC-PCA-F (K=20/20),3,period_0943,35.000000,-10.8318,13.0758,82.1754,67.9790,14.1963
PEMAFC-PCA-F (K=20/20),3,period_0943,35.053333,-10.9053,10.7712,83.2360,67.9790,15.2570
PEMAFC-PCA-F (K=20/20),3,period_0943,35.106667,-10.9710,2.2213,83.4766,67.9790,15.4975
PEMAFC-PCA-F (K=20/20),3,period_0943,35.160000,-11.0036,-0.7821,83.4718,67.9790,15.4927
PEMAFC-PCA-F (K=20/20),3,period_0943,35.200000,-11.0213,-0.5501,83.4767,67.9790,15.4976
PEMAFC-PCA-F (K=20/20),3,period_0943,35.253333,-11.0352,-0.5284,83.4741,67.9790,15.4950
PEMAFC-PCA-F (K=20/20),3,period_0943,35.306667,-11.0439,0.3621,83.4740,67.9790,15.4949
PEMAFC-PCA-F (K=20/20),3,period_0943,35.360000,-11.0505,-0.0985,83.4734,67.9790,15.4943
PEMAFC-PCA-F (K=20/20),3,period_0943,35.400000,-11.0544,0.7230,83.4737,67.9790,15.4946
PEMAFC-PCA-F (K=20/20),3,period_0943,35.453333,-11.0584,0.1466,83.4735,67.9790,15.4944
PEMAFC-PCA-F (K=20/20),3,period_0943,35.506667,-11.0615,0.2311,83.4729,67.9790,15.4939
PEMAFC-PCA-F (K=20/20),3,period_0943,35.560000,-11.0638,0.6983,83.4727,67.9790,15.4937
PEMAFC-PCA-F (K=20/20),3,period_0943,35.600000,-11.0654,0.7578,83.4728,67.9790,15.4937
PEMAFC-PCA-F (K=20/20),3,period_0943,35.653333,-11.0671,0.6022,83.4723,67.9790,15.4933
PEMAFC-PCA-F (K=20/20),3,period_0943,35.706667,-11.0684,0.3340,83.4724,67.9790,15.4933
PEMAFC-PCA-F (K=20/20),3,period_0943,35.760000,-11.0700,0.2935,83.4714,67.9790,15.4923
PEMAFC-PCA-F (K=20/20),3,period_0943,35.800000,-11.0710,0.2698,83.4714,67.9790,15.4924
PEMAFC-PCA-F (K=20/20),3,period_0943,35.853333,-11.4347,8.6467,83.6036,67.9790,15.6246
PEMAFC-PCA-F (K=20/20),3,period_0943,35.906667,-11.6118,4.4788,82.7495,67.9790,14.7704
PEMAFC-PCA-F (K=20/20),3,period_0943,35.960000,-10.9119,5.5154,81.6776,67.9790,13.6986
PEMAFC-PCA-F (K=20/20),3,period_0943,36.000000,-9.7325,7.9431,80.9339,67.9790,12.9549
PEMAFC-PCA-F (K=20/20),3,period_0943,36.053333,-9.9567,5.3202,77.8228,67.9790,9.8438
PEMAFC-PCA-F (K=20/20),3,period_0943,36.106667,-10.1083,4.9515,78.8542,67.9790,10.8751
PEMAFC-PCA-F (K=20/20),3,period_0943,36.160000,-9.7428,2.0311,75.7751,67.9790,7.7960
PEMAFC-PCA-F (K=20/20),3,period_0943,36.200000,-10.0863,0.3530,78.2088,67.9790,10.2298
PEMAFC-PCA-F (K=20/20),3,period_0943,36.253333,-9.8414,10.1044,78.7458,67.9790,10.7668
PEMAFC-PCA-F (K=20/20),3,period_0943,36.306667,-10.9333,0.1549,80.3687,67.9790,12.3896
PEMAFC-PCA-F (K=20/20),3,period_0943,36.360000,-10.2289,4.5446,81.3402,67.9790,13.3612
PEMAFC-PCA-F (K=20/20),3,period_0943,36.400000,-9.1341,8.4035,73.5843,67.9790,5.6053
PEMAFC-PCA-F (K=20/20),3,period_0943,36.453333,-9.2094,7.2132,74.5364,67.9790,6.5574
PEMAFC-PCA-F (K=20/20),3,period_0943,36.506667,-8.6714,8.9605,73.4815,67.9790,5.5025
PEMAFC-PCA-F (K=20/20),3,period_0943,36.560000,-9.6522,3.6573,79.5831,67.9790,11.6041
PEMAFC-PCA-F (K=20/20),3,period_0943,36.600000,-9.2205,14.7440,75.2954,67.9790,7.3164
PEMAFC-PCA-F (K=20/20),3,period_0943,36.653333,-9.3404,14.8365,74.7364,67.9790,6.7574
PEMAFC-PCA-F (K=20/20),3,period_0943,36.706667,-9.4594,12.3894,75.3301,67.9790,7.3511
PEMAFC-PCA-F (K=20/20),3,period_0943,36.760000,-9.4958,11.7659,75.4689,67.9790,7.4898
PEMAFC-PCA-F (K=20/20),3,period_0943,36.800000,-8.9761,6.8560,73.9979,67.9790,6.0189
PEMAFC-PCA-F (K=20/20),3,period_0943,36.853333,-8.3490,3.7283,78.4898,67.9790,10.5108
PEMAFC-PCA-F (K=20/20),3,period_0943,36.906667,-8.8785,3.8385,76.8998,67.9790,8.9208
PEMAFC-PCA-F (K=20/20),3,period_0943,36.960000,-8.5263,7.1623,76.6594,67.9790,8.6803
PEMAFC-PCA-F (K=20/20),3,period_0943,37.000000,-8.8211,9.2886,73.4959,67.9790,5.5168
PEMAFC-PCA-F (K=20/20),3,period_0943,37.053333,-9.4403,4.4215,73.0878,67.9790,5.1088
PEMAFC-PCA-F (K=20/20),3,period_0943,37.106667,-9.5636,12.2755,74.8625,67.9790,6.8835
PEMAFC-PCA-F (K=20/20),3,period_0943,37.160000,-9.9367,11.7878,78.0441,67.9790,10.0651
PEMAFC-PCA-F (K=20/20),3,period_0943,37.200000,-11.1515,-0.6294,82.1982,67.9790,14.2192
PEMAFC-PCA-F (K=20/20),3,period_0943,37.253333,-10.2779,3.4479,75.8304,67.9790,7.8514
PEMAFC-PCA-F (K=20/20),3,period_0943,37.306667,-10.2529,7.1517,75.2543,67.9790,7.2752
PEMAFC-PCA-F (K=20/20),3,period_0943,37.360000,-10.3135,7.8874,75.8833,67.9790,7.9043
PEMAFC-PCA-F (K=20/20),3,period_0943,37.400000,-10.2399,10.0148,76.7232,67.9790,8.7442
PEMAFC-PCA-F (K=20/20),3,period_0943,37.453333,-10.3201,9.1195,76.7675,67.9790,8.7885
PEMAFC-PCA-F (K=20/20),3,period_0943,37.506667,-10.0175,8.1589,77.8194,67.9790,9.8403
PEMAFC-PCA-F (K=20/20),3,period_0943,37.560000,-9.9317,7.2621,76.5930,67.9790,8.6139
PEMAFC-PCA-F (K=20/20),3,period_0943,37.600000,-9.2308,4.2831,74.5389,67.9790,6.5598
PEMAFC-PCA-F (K=20/20),3,period_0943,37.653333,-8.5557,6.9006,75.7528,67.9790,7.7738
PEMAFC-PCA-F (K=20/20),3,period_0943,37.706667,-9.0208,7.8674,76.2223,67.9790,8.2432
PEMAFC-PCA-F (K=20/20),3,period_0943,37.760000,-9.4678,7.4133,78.6193,67.9790,10.6402
PEMAFC-PCA-F (K=20/20),3,period_0943,37.800000,-9.5698,6.3507,79.7384,67.9790,11.7593
PEMAFC-PCA-F (K=20/20),3,period_0943,37.853333,-9.3469,12.7043,75.7357,67.9790,7.7567
PEMAFC-PCA-F (K=20/20),3,period_0943,37.906667,-9.4623,15.1782,76.3519,67.9790,8.3728
PEMAFC-PCA-F (K=20/20),3,period_0943,37.960000,-9.2442,14.1037,75.3906,67.9790,7.4116
PEMAFC-PCA-F (K=20/20),3,period_0943,38.000000,-9.3411,12.8459,74.6914,67.9790,6.7124
PEMAFC-PCA-F (K=20/20),3,period_0943,38.053333,-8.4248,13.0799,71.7972,67.9790,3.8181
PEMAFC-PCA-F (K=20/20),3,period_0943,38.106667,-8.1077,2.2689,73.5533,67.9790,5.5743
PEMAFC-PCA-F (K=20/20),3,period_0943,38.160000,-9.7137,2.3464,78.9545,67.9790,10.9754
PEMAFC-PCA-F (K=20/20),3,period_0943,38.200000,-9.6264,11.7347,79.1316,67.9790,11.1526
PEMAFC-PCA-F (K=20/20),3,period_0943,38.253333,-9.2727,12.3353,75.6650,67.9790,7.6860
PEMAFC-PCA-F (K=20/20),3,period_0943,38.306667,-9.1031,10.4012,75.2077,67.9790,7.2287
PEMAFC-PCA-F (K=20/20),3,period_0943,38.360000,-8.9231,9.4186,73.4271,67.9790,5.4481
PEMAFC-PCA-F (K=20/20),3,period_0943,38.400000,-8.8988,8.9377,73.8354,67.9790,5.8564
PEMAFC-PCA-F (K=20/20),3,period_0943,38.453333,-8.9052,6.9423,75.8345,67.9790,7.8554
PEMAFC-PCA-F (K=20/20),3,period_0943,38.506667,-9.2616,7.2375,78.2997,67.9790,10.3207
PEMAFC-PCA-F (K=20/20),3,period_0943,38.560000,-9.0151,11.1758,76.7268,67.9790,8.7477
PEMAFC-PCA-F (K=20/20),3,period_0943,38.600000,-8.9256,13.7341,76.3247,67.9790,8.3457
PEMAFC-PCA-F (K=20/20),3,period_0943,38.653333,-8.6060,11.6006,74.6788,67.9790,6.6998
PEMAFC-PCA-F (K=20/20),3,period_0943,38.706667,-8.3814,11.1293,76.3093,67.9790,8.3302
PEMAFC-PCA-F (K=20/20),3,period_0943,38.760000,-8.2636,10.7057,77.0180,67.9790,9.0389
PEMAFC-PCA-F (K=20/20),3,period_0943,38.800000,-8.2262,7.6440,74.6332,67.9790,6.6541
PEMAFC-PCA-F (K=20/20),3,period_0943,38.853333,-8.2968,11.9655,75.9017,67.9790,7.9226
PEMAFC-PCA-F (K=20/20),3,period_0943,38.906667,-6.8052,14.4650,70.2501,67.9790,2.2711
PEMAFC-PCA-F (K=20/20),3,period_0943,38.960000,-6.9024,4.4270,70.2215,67.9790,2.2425
PEMAFC-PCA-F (K=20/20),3,period_0943,39.000000,-7.3793,-8.7616,72.2264,67.9790,4.2473
PEMAFC-PCA-F (K=20/20),3,period_0943,39.053333,-7.6896,-4.2519,73.7299,67.9790,5.7509
PEMAFC-PCA-F (K=20/20),3,period_0943,39.106667,-7.8323,-5.8983,74.7108,67.9790,6.7317
PEMAFC-PCA-F (K=20/20),3,period_0943,39.160000,-7.9332,-4.7711,75.5201,67.9790,7.5410
PEMAFC-PCA-F (K=20/20),3,period_0943,39.200000,-8.0105,-2.8255,76.0361,67.9790,8.0570
PEMAFC-PCA-F (K=20/20),3,period_0943,39.253333,-8.0679,-2.8669,76.5599,67.9790,8.5808
PEMAFC-PCA-F (K=20/20),3,period_0943,39.306667,-8.1018,-3.6025,76.9187,67.9790,8.9396
PEMAFC-PCA-F (K=20/20),3,period_0943,39.360000,-8.1259,-3.0999,77.1915,67.9790,9.2125
PEMAFC-PCA-F (K=20/20),3,period_0943,39.400000,-8.1435,-2.6936,77.4020,67.9790,9.4230
PEMAFC-PCA-F (K=20/20),3,period_0943,39.453333,-8.1638,-0.5116,77.6240,67.9790,9.6449
PEMAFC-PCA-F (K=20/20),3,period_0943,39.506667,-8.1863,-1.3645,77.8791,67.9790,9.9001
PEMAFC-PCA-F (K=20/20),3,period_0943,39.560000,-8.2148,0.2589,77.9219,67.9790,9.9428
PEMAFC-PCA-F (K=20/20),3,period_0943,39.600000,-8.2392,0.0482,77.9247,67.9790,9.9457
PEMAFC-PCA-F (K=20/20),3,period_0943,39.653333,-8.2731,-0.1839,77.9280,67.9790,9.9490
PEMAFC-PCA-F (K=20/20),3,period_0943,39.706667,-8.3058,0.7479,77.9319,67.9790,9.9528
PEMAFC-PCA-F (K=20/20),3,period_0943,39.760000,-8.3255,-0.2402,77.9320,67.9790,9.9529
PEMAFC-PCA-F (K=20/20),3,period_0943,39.800000,-8.3351,-0.4145,77.9306,67.9790,9.9515
PEMAFC-PCA-F (K=20/20),3,period_0943,39.853333,-8.3462,-1.2187,77.9310,67.9790,9.9520
PEMAFC-PCA-F (K=20/20),3,period_0943,39.906667,-8.3567,-1.5924,77.9311,67.9790,9.9521
PEMAFC-PCA-F (K=20/20),3,period_0943,39.960000,-8.3592,0.4572,76.9210,67.9790,8.9419
PEMAFC-PCA-F (K=20/20),3,period_0943,40.000000,-7.3940,5.3639,77.5982,67.9790,9.6191
NLMS,0,period_0707,0.013333,-0.0617,0.3160,85.5223,85.1794,0.3429
NLMS,0,period_0707,0.053333,-0.2752,0.7432,85.7207,85.1794,0.5413
NLMS,0,period_0707,0.106667,-0.4764,1.7251,85.7263,85.1794,0.5469
NLMS,0,period_0707,0.160000,-0.5844,2.4852,85.7283,85.1794,0.5489
NLMS,0,period_0707,0.200000,-0.6268,4.2520,85.7288,85.1794,0.5494
NLMS,0,period_0707,0.253333,-0.6583,3.9443,85.7291,85.1794,0.5497
NLMS,0,period_0707,0.306667,-0.6821,4.3214,85.7313,85.1794,0.5520
NLMS,0,period_0707,0.360000,-0.6901,5.3105,85.7302,85.1794,0.5509
NLMS,0,period_0707,0.400000,-0.6764,5.1572,85.7340,85.1794,0.5546
NLMS,0,period_0707,0.453333,-0.6604,6.9237,85.7377,85.1794,0.5583
NLMS,0,period_0707,0.506667,-0.6569,5.9476,85.7427,85.1794,0.5633
NLMS,0,period_0707,0.560000,-0.6334,6.1448,85.7443,85.1794,0.5649
NLMS,0,period_0707,0.600000,-0.6200,6.9866,85.7445,85.1794,0.5652
NLMS,0,period_0707,0.653333,-0.6087,6.3083,85.7559,85.1794,0.5765
NLMS,0,period_0707,0.706667,-0.5683,8.0364,85.7624,85.1794,0.5830
NLMS,0,period_0707,0.760000,-0.5468,8.1572,85.7693,85.1794,0.5899
NLMS,0,period_0707,0.800000,-0.5824,6.5530,85.8005,85.1794,0.6211
NLMS,0,period_0707,0.853333,-0.7647,2.1063,85.7845,85.1794,0.6051
NLMS,0,period_0707,0.906667,-1.5644,1.5094,86.3759,85.1794,1.1966
NLMS,0,period_0707,0.960000,-1.5469,3.9814,86.4392,85.1794,1.2599
NLMS,0,period_0707,1.000000,0.0439,4.4095,81.6061,85.1794,-3.5732
NLMS,0,period_0707,1.053333,0.9174,7.6702,79.1068,85.1794,-6.0726
NLMS,0,period_0707,1.106667,0.6594,12.9568,81.4287,85.1794,-3.7506
NLMS,0,period_0707,1.160000,-1.1682,7.6335,86.4939,85.1794,1.3145
NLMS,0,period_0707,1.200000,-0.6449,12.3249,85.4048,85.1794,0.2254
NLMS,0,period_0707,1.253333,2.1596,8.0024,78.3474,85.1794,-6.8320
NLMS,0,period_0707,1.306667,9.1436,10.2526,69.5355,85.1794,-15.6439
NLMS,0,period_0707,1.360000,2.8823,-1.9548,78.7012,85.1794,-6.4782
NLMS,0,period_0707,1.400000,1.7774,2.6470,80.6108,85.1794,-4.5685
NLMS,0,period_0707,1.453333,0.9922,2.9942,82.9660,85.1794,-2.2134
NLMS,0,period_0707,1.506667,0.5213,5.0883,84.4524,85.1794,-0.7269
NLMS,0,period_0707,1.560000,0.4619,5.5071,83.7183,85.1794,-1.4611
NLMS,0,period_0707,1.600000,0.4049,7.7413,83.8324,85.1794,-1.3469
NLMS,0,period_0707,1.653333,0.3325,7.2507,84.0276,85.1794,-1.1518
NLMS,0,period_0707,1.706667,0.2544,6.5632,84.1041,85.1794,-1.0752
NLMS,0,period_0707,1.760000,0.1289,6.8450,84.7350,85.1794,-0.4444
NLMS,0,period_0707,1.800000,0.0617,5.8580,84.9983,85.1794,-0.1811
NLMS,0,period_0707,1.853333,0.0499,6.4922,84.6936,85.1794,-0.4858
NLMS,0,period_0707,1.906667,-0.0635,5.5212,85.2843,85.1794,0.1049
NLMS,0,period_0707,1.960000,-0.0974,7.4760,85.7254,85.1794,0.5460
NLMS,0,period_0707,2.000000,-0.1067,7.0435,85.3714,85.1794,0.1920
NLMS,0,period_0707,2.053333,-0.1434,6.6795,85.3811,85.1794,0.2017
NLMS,0,period_0707,2.106667,-0.1690,6.6983,85.6427,85.1794,0.4633
NLMS,0,period_0707,2.160000,-0.1801,8.4456,85.5166,85.1794,0.3373
NLMS,0,period_0707,2.200000,-0.2265,4.7809,85.7184,85.1794,0.5390
NLMS,0,period_0707,2.253333,-0.2422,6.5919,85.6108,85.1794,0.4314
NLMS,0,period_0707,2.306667,-0.3037,5.9612,85.8427,85.1794,0.6633
NLMS,0,period_0707,2.360000,-0.3195,6.7377,85.8399,85.1794,0.6605
NLMS,0,period_0707,2.400000,-0.3200,8.9046,85.8637,85.1794,0.6843
NLMS,0,period_0707,2.453333,-0.3677,7.1125,86.0727,85.1794,0.8933
NLMS,0,period_0707,2.506667,-0.4358,5.3295,86.0814,85.1794,0.9020
NLMS,0,period_0707,2.560000,-0.5925,8.0884,86.0561,85.1794,0.8768
NLMS,0,period_0707,2.600000,-0.1143,14.7424,86.0712,85.1794,0.8918
NLMS,0,period_0707,2.653333,0.1619,8.4830,81.0175,85.1794,-4.1618
NLMS,0,period_0707,2.706667,1.1574,12.3913,78.1941,85.1794,-6.9852
NLMS,0,period_0707,2.760000,1.2401,10.5558,79.3480,85.1794,-5.8313
NLMS,0,period_0707,2.800000,-0.0127,4.6075,85.0475,85.1794,-0.1319
NLMS,0,period_0707,2.853333,-0.3520,2.4207,84.8084,85.1794,-0.3710
NLMS,0,period_0707,2.906667,-1.4076,3.7375,86.2539,85.1794,1.0745
NLMS,0,period_0707,2.960000,0.5068,2.6800,83.4427,85.1794,-1.7367
NLMS,0,period_0707,3.000000,0.6801,1.5379,80.0793,85.1794,-5.1000
NLMS,0,period_0707,3.053333,0.0068,2.2086,80.3763,85.1794,-4.8031
NLMS,0,period_0707,3.106667,-0.5246,4.4096,80.5612,85.1794,-4.6181
NLMS,0,period_0707,3.160000,-1.0847,3.8463,81.1402,85.1794,-4.0391
NLMS,0,period_0707,3.200000,-1.6481,1.7008,81.7878,85.1794,-3.3916
NLMS,0,period_0707,3.253333,-2.9436,3.5137,86.2523,85.1794,1.0729
NLMS,0,period_0707,3.306667,-3.1235,6.5905,86.6346,85.1794,1.4552
NLMS,0,period_0707,3.360000,-3.1016,7.4549,85.8747,85.1794,0.6954
NLMS,0,period_0707,3.400000,-3.1545,7.0647,85.7389,85.1794,0.5595
NLMS,0,period_0707,3.453333,-3.2371,8.8742,85.5907,85.1794,0.4114
NLMS,0,period_0707,3.506667,-3.2265,8.2203,85.5825,85.1794,0.4031
NLMS,0,period_0707,3.560000,-3.3628,7.0290,85.3832,85.1794,0.2039
NLMS,0,period_0707,3.600000,-3.5041,9.3736,85.9070,85.1794,0.7277
NLMS,0,period_0707,3.653333,-3.5009,7.5387,85.7844,85.1794,0.6050
NLMS,0,period_0707,3.706667,-3.7062,6.7300,86.6235,85.1794,1.4441
NLMS,0,period_0707,3.760000,-3.7091,7.2669,87.0126,85.1794,1.8332
NLMS,0,period_0707,3.800000,-3.7462,7.4237,86.8832,85.1794,1.7039
NLMS,0,period_0707,3.853333,-3.9031,5.0656,87.4277,85.1794,2.2484
NLMS,0,period_0707,3.906667,-3.9046,7.4536,87.5194,85.1794,2.3400
NLMS,0,period_0707,3.960000,-3.9086,7.2353,87.2673,85.1794,2.0879
NLMS,0,period_0707,4.000000,-4.0476,6.1070,87.8031,85.1794,2.6237
NLMS,0,period_0707,4.053333,-4.0258,11.4471,88.9698,85.1794,3.7904
NLMS,0,period_0707,4.106667,-4.5849,7.7378,88.9904,85.1794,3.8110
NLMS,0,period_0707,4.160000,-1.2317,6.8959,81.2041,85.1794,-3.9752
NLMS,0,period_0707,4.200000,-1.3441,7.1277,81.4193,85.1794,-3.7600
NLMS,0,period_0707,4.253333,-0.6249,8.4202,79.1253,85.1794,-6.0541
NLMS,0,period_0707,4.306667,-0.5491,10.0197,78.7231,85.1794,-6.4563
NLMS,0,period_0707,4.360000,-1.1886,7.4462,82.2840,85.1794,-2.8954
NLMS,0,period_0707,4.400000,-3.9293,6.3763,85.7901,85.1794,0.6107
NLMS,0,period_0707,4.453333,-2.8638,11.4667,86.2494,85.1794,1.0700
NLMS,0,period_0707,4.506667,-2.5301,16.2053,84.8347,85.1794,-0.3446
NLMS,0,period_0707,4.560000,-2.4318,11.2113,82.4650,85.1794,-2.7143
NLMS,0,period_0707,4.600000,-1.9226,7.4755,81.2478,85.1794,-3.9316
NLMS,0,period_0707,4.653333,-1.0862,9.5766,80.1884,85.1794,-4.9909
NLMS,0,period_0707,4.706667,-2.8408,0.0189,85.3603,85.1794,0.1810
NLMS,0,period_0707,4.760000,-4.3414,4.4616,91.0423,85.1794,5.8630
NLMS,0,period_0707,4.800000,-3.7749,5.7856,92.4502,85.1794,7.2709
NLMS,0,period_0707,4.853333,-3.1785,1.9934,88.6413,85.1794,3.4619
NLMS,0,period_0707,4.906667,-3.5768,4.8683,88.4882,85.1794,3.3089
NLMS,0,period_0707,4.960000,-3.9235,5.3635,89.0059,85.1794,3.8265
NLMS,0,period_0707,5.000000,-4.1079,6.1360,89.2794,85.1794,4.1001
NLMS,0,period_0707,5.053333,-4.6045,4.3684,90.0233,85.1794,4.8439
NLMS,0,period_0707,5.106667,-4.7872,4.8966,90.1403,85.1794,4.9609
NLMS,0,period_0707,5.160000,-4.6991,8.2378,91.4403,85.1794,6.2609
NLMS,0,period_0707,5.200000,-4.5715,9.5983,90.4291,85.1794,5.2498
NLMS,0,period_0707,5.253333,-4.6694,9.4474,89.4009,85.1794,4.2215
NLMS,0,period_0707,5.306667,-4.4762,7.0490,87.8212,85.1794,2.6418
NLMS,0,period_0707,5.360000,-4.2111,9.1311,85.7877,85.1794,0.6083
NLMS,0,period_0707,5.400000,-4.6727,4.8751,87.9793,85.1794,2.8000
NLMS,0,period_0707,5.453333,-4.7283,7.3127,88.0801,85.1794,2.9008
NLMS,0,period_0707,5.506667,-4.8714,9.7339,88.4879,85.1794,3.3086
NLMS,0,period_0707,5.560000,-4.9080,9.0427,88.6301,85.1794,3.4507
NLMS,0,period_0707,5.600000,-4.7812,10.4054,87.6203,85.1794,2.4410
NLMS,0,period_0707,5.653333,-4.9866,7.4808,88.7634,85.1794,3.5840
NLMS,0,period_0707,5.706667,-4.8713,9.2670,88.6257,85.1794,3.4464
NLMS,0,period_0707,5.760000,-4.8874,8.0225,87.7565,85.1794,2.5771
NLMS,0,period_0707,5.800000,-5.0362,6.4946,88.6096,85.1794,3.4302
NLMS,0,period_0707,5.853333,-5.5572,6.7485,88.4748,85.1794,3.2955
NLMS,0,period_0707,5.906667,-4.5401,4.8666,90.4821,85.1794,5.3027
NLMS,0,period_0707,5.960000,-2.9571,7.5969,87.1658,85.1794,1.9865
NLMS,0,period_0707,6.000000,-2.9011,6.0538,85.4213,85.1794,0.2419
NLMS,0,period_0707,6.053333,1.3970,5.7290,76.4501,85.1794,-8.7293
NLMS,0,period_0707,6.106667,2.3195,4.9485,74.1182,85.1794,-11.0612
NLMS,0,period_0707,6.160000,2.7514,5.9465,74.7593,85.1794,-10.4201
NLMS,0,period_0707,6.200000,1.1160,2.5913,76.2722,85.1794,-8.9071
NLMS,0,period_0707,6.253333,-0.5946,-0.0693,79.5998,85.1794,-5.5796
NLMS,0,period_0707,6.306667,-4.9935,1.4092,86.2469,85.1794,1.0675
NLMS,0,period_0707,6.360000,-2.6538,4.0496,80.8065,85.1794,-4.3729
NLMS,0,period_0707,6.400000,-1.1107,9.5973,78.8048,85.1794,-6.3746
NLMS,0,period_0707,6.453333,-1.0489,9.4131,78.2121,85.1794,-6.9672
NLMS,0,period_0707,6.506667,0.3305,9.5777,80.8482,85.1794,-4.3311
NLMS,0,period_0707,6.560000,-4.3905,5.2579,87.4075,85.1794,2.2282
NLMS,0,period_0707,6.600000,-2.7838,16.3938,84.5290,85.1794,-0.6503
NLMS,0,period_0707,6.653333,-3.7257,15.8400,90.2202,85.1794,5.0408
NLMS,0,period_0707,6.706667,-3.7459,12.6753,87.0273,85.1794,1.8479
NLMS,0,period_0707,6.760000,-4.6616,8.8950,87.1213,85.1794,1.9419
NLMS,0,period_0707,6.800000,-4.6211,10.1484,86.9220,85.1794,1.7426
NLMS,0,period_0707,6.853333,-2.5888,3.4791,80.6763,85.1794,-4.5031
NLMS,0,period_0707,6.906667,-4.1973,5.7466,82.4640,85.1794,-2.7154
NLMS,0,period_0707,6.960000,-3.1472,7.8024,82.4269,85.1794,-2.7525
NLMS,0,period_0707,7.000000,-0.7503,7.6998,82.0448,85.1794,-3.1346
NLMS,0,period_0707,7.053333,-1.2107,1.8229,78.6586,85.1794,-6.5208
NLMS,0,period_0707,7.106667,-1.5397,4.5193,79.0472,85.1794,-6.1321
NLMS,0,period_0707,7.160000,-1.6458,6.8931,79.2759,85.1794,-5.9035
NLMS,0,period_0707,7.200000,-4.0152,1.5756,82.6238,85.1794,-2.5555
NLMS,0,period_0707,7.253333,-5.2054,3.0890,84.5039,85.1794,-0.6754
NLMS,0,period_0707,7.306667,-5.0815,7.7303,83.6344,85.1794,-1.5450
NLMS,0,period_0707,7.360000,-4.7551,8.9836,82.8765,85.1794,-2.3028
NLMS,0,period_0707,7.400000,-4.0448,10.5536,82.8634,85.1794,-2.3160
NLMS,0,period_0707,7.453333,-3.5159,5.2827,82.0900,85.1794,-3.0893
NLMS,0,period_0707,7.506667,-3.9088,7.5516,81.3395,85.1794,-3.8398
NLMS,0,period_0707,7.560000,-2.8692,7.4801,81.0055,85.1794,-4.1738
NLMS,0,period_0707,7.600000,-2.6731,3.2559,82.2404,85.1794,-2.9390
NLMS,0,period_0707,7.653333,-2.1023,9.0695,84.5438,85.1794,-0.6356
NLMS,0,period_0707,7.706667,-2.6289,12.9582,82.8145,85.1794,-2.3649
NLMS,0,period_0707,7.760000,-2.9341,11.2211,82.3588,85.1794,-2.8205
NLMS,0,period_0707,7.800000,-2.9139,7.9098,81.9749,85.1794,-3.2044
NLMS,0,period_0707,7.853333,-2.7008,13.2619,82.0024,85.1794,-3.1770
NLMS,0,period_0707,7.906667,-3.3084,15.2514,81.9490,85.1794,-3.2304
NLMS,0,period_0707,7.960000,-2.4707,13.7250,81.4392,85.1794,-3.7402
NLMS,0,period_0707,8.000000,-1.0933,13.4284,81.3020,85.1794,-3.8774
NLMS,0,period_0707,8.053333,0.0199,13.8727,80.9823,85.1794,-4.1970
NLMS,0,period_0707,8.106667,4.7327,1.8749,71.3791,85.1794,-13.8003
NLMS,0,period_0707,8.160000,-0.7269,4.8854,75.6914,85.1794,-9.4879
NLMS,0,period_0707,8.200000,-1.3663,11.3130,75.7393,85.1794,-9.4401
NLMS,0,period_0707,8.253333,-1.9893,13.6917,76.1353,85.1794,-9.0440
NLMS,0,period_0707,8.306667,-2.5597,14.4457,76.2365,85.1794,-8.9428
NLMS,0,period_0707,8.360000,-2.0431,15.6479,76.1999,85.1794,-8.9795
NLMS,0,period_0707,8.400000,-1.9732,11.4615,76.4279,85.1794,-8.7514
NLMS,0,period_0707,8.453333,-2.6989,5.6133,76.4556,85.1794,-8.7237
NLMS,0,period_0707,8.506667,-2.9538,12.5399,77.1459,85.1794,-8.0334
NLMS,0,period_0707,8.560000,-2.9716,13.3728,77.3241,85.1794,-7.8552
NLMS,0,period_0707,8.600000,-2.3693,13.4746,77.2743,85.1794,-7.9051
NLMS,0,period_0707,8.653333,-3.1927,12.9449,77.4739,85.1794,-7.7055
NLMS,0,period_0707,8.706667,-3.1500,10.6102,77.1361,85.1794,-8.0433
NLMS,0,period_0707,8.760000,-2.5758,12.4473,77.1082,85.1794,-8.0712
NLMS,0,period_0707,8.800000,-2.5460,11.7174,76.8076,85.1794,-8.3718
NLMS,0,period_0707,8.853333,-0.2116,15.7122,76.8755,85.1794,-8.3039
NLMS,0,period_0707,8.906667,5.6026,16.5328,72.3169,85.1794,-12.8625
NLMS,0,period_0707,8.960000,4.1094,8.5133,75.7402,85.1794,-9.4392
NLMS,0,period_0707,9.000000,-0.5701,2.0814,81.1999,85.1794,-3.9795
NLMS,0,period_0707,9.053333,-0.8990,3.7016,85.2940,85.1794,0.1146
NLMS,0,period_0707,9.106667,-3.9097,2.4442,86.5765,85.1794,1.3971
NLMS,0,period_0707,9.160000,-4.5004,6.7926,87.4023,85.1794,2.2229
NLMS,0,period_0707,9.200000,-5.0516,6.6028,88.3056,85.1794,3.1262
NLMS,0,period_0707,9.253333,-5.3925,5.5410,90.2238,85.1794,5.0445
NLMS,0,period_0707,9.306667,-5.4871,6.9878,90.5187,85.1794,5.3393
NLMS,0,period_0707,9.360000,-5.8609,5.5762,92.8528,85.1794,7.6734
NLMS,0,period_0707,9.400000,-6.1240,6.2977,94.0738,85.1794,8.8944
NLMS,0,period_0707,9.453333,-6.2030,7.0067,93.2309,85.1794,8.0515
NLMS,0,period_0707,9.506667,-6.1036,6.7017,94.7328,85.1794,9.5534
NLMS,0,period_0707,9.560000,-6.1395,7.3952,94.5847,85.1794,9.4053
NLMS,0,period_0707,9.600000,-6.4179,7.3781,93.1850,85.1794,8.0056
NLMS,0,period_0707,9.653333,-6.6159,5.7356,93.8528,85.1794,8.6734
NLMS,0,period_0707,9.706667,-6.5652,5.9605,91.4791,85.1794,6.2998
NLMS,0,period_0707,9.760000,-6.4950,7.2632,90.1505,85.1794,4.9711
NLMS,0,period_0707,9.800000,-5.8117,8.4607,90.5296,85.1794,5.3502
NLMS,0,period_0707,9.853333,-6.3740,6.3113,91.8660,85.1794,6.6866
NLMS,0,period_0707,9.906667,-6.2437,8.2768,91.2500,85.1794,6.0707
NLMS,0,period_0707,9.960000,-8.8939,3.6207,91.7628,85.1794,6.5834
NLMS,0,period_0707,10.000000,-0.5608,3.3647,83.4136,85.1794,-1.7658
NLMS,1,period_0856,10.013333,-0.5712,-40.3698,76.8315,75.6790,1.1525
NLMS,1,period_0856,10.053333,-0.6407,1.8017,76.8554,75.6790,1.1763
NLMS,1,period_0856,10.106667,-0.7137,2.6237,76.8991,75.6790,1.2200
NLMS,1,period_0856,10.160000,-0.7579,4.7280,76.9151,75.6790,1.2361
NLMS,1,period_0856,10.200000,-0.7814,5.3983,76.9295,75.6790,1.2505
NLMS,1,period_0856,10.253333,-0.8132,5.3792,76.9536,75.6790,1.2746
NLMS,1,period_0856,10.306667,-0.8453,5.1146,76.9933,75.6790,1.3143
NLMS,1,period_0856,10.360000,-0.8747,4.6265,77.0173,75.6790,1.3383
NLMS,1,period_0856,10.400000,-0.8905,6.7438,77.0278,75.6790,1.3487
NLMS,1,period_0856,10.453333,-0.9176,5.8383,77.0421,75.6790,1.3631
NLMS,1,period_0856,10.506667,-0.9382,5.2143,77.0565,75.6790,1.3775
NLMS,1,period_0856,10.560000,-0.9590,6.3175,77.0928,75.6790,1.4137
NLMS,1,period_0856,10.600000,-0.9781,6.1959,77.1219,75.6790,1.4429
NLMS,1,period_0856,10.653333,-1.0036,6.4527,77.1565,75.6790,1.4774
NLMS,1,period_0856,10.706667,-1.0350,6.3996,77.1881,75.6790,1.5090
NLMS,1,period_0856,10.760000,-1.0682,7.1104,77.2682,75.6790,1.5891
NLMS,1,period_0856,10.800000,-1.4547,1.9954,77.6960,75.6790,2.0170
NLMS,1,period_0856,10.853333,-1.9662,3.5684,77.9420,75.6790,2.2629
NLMS,1,period_0856,10.906667,-3.1677,4.4587,79.9872,75.6790,4.3082
NLMS,1,period_0856,10.960000,-3.4358,10.5019,80.1396,75.6790,4.4606
NLMS,1,period_0856,11.000000,-3.2634,9.2141,80.1655,75.6790,4.4865
NLMS,1,period_0856,11.053333,-2.9735,8.1310,78.3704,75.6790,2.6914
NLMS,1,period_0856,11.106667,-2.8375,14.5957,78.1368,75.6790,2.4578
NLMS,1,period_0856,11.160000,-3.1379,5.6288,79.9482,75.6790,4.2692
NLMS,1,period_0856,11.200000,-3.0188,10.3402,79.9118,75.6790,4.2327
NLMS,1,period_0856,11.253333,-2.2583,9.2373,73.4144,75.6790,-2.2646
NLMS,1,period_0856,11.306667,-0.7736,12.2437,79.2810,75.6790,3.6020
NLMS,1,period_0856,11.360000,-2.4915,1.3092,79.9685,75.6790,4.2894
NLMS,1,period_0856,11.400000,-2.7066,4.0850,80.0947,75.6790,4.4157
NLMS,1,period_0856,11.453333,-2.8993,5.3209,80.2686,75.6790,4.5896
NLMS,1,period_0856,11.506667,-3.0841,7.1129,80.4169,75.6790,4.7379
NLMS,1,period_0856,11.560000,-3.2219,7.5879,80.5186,75.6790,4.8395
NLMS,1,period_0856,11.600000,-3.2722,8.9129,80.5866,75.6790,4.9076
NLMS,1,period_0856,11.653333,-3.3423,8.4068,80.6850,75.6790,5.0060
NLMS,1,period_0856,11.706667,-3.3995,8.9279,80.7852,75.6790,5.1062
NLMS,1,period_0856,11.760000,-3.4436,9.4990,80.9728,75.6790,5.2938
NLMS,1,period_0856,11.800000,-3.4687,9.6223,81.0129,75.6790,5.3339
NLMS,1,period_0856,11.853333,-3.5013,9.1957,81.0508,75.6790,5.3718
NLMS,1,period_0856,11.906667,-3.5288,8.7069,81.0986,75.6790,5.4196
NLMS,1,period_0856,11.960000,-3.5466,7.8866,81.1297,75.6790,5.4506
NLMS,1,period_0856,12.000000,-3.5616,9.9901,81.2055,75.6790,5.5265
NLMS,1,period_0856,12.053333,-3.5817,9.0919,81.2480,75.6790,5.5689
NLMS,1,period_0856,12.106667,-3.6021,7.6511,81.2762,75.6790,5.5971
NLMS,1,period_0856,12.160000,-3.6273,9.1879,81.3044,75.6790,5.6254
NLMS,1,period_0856,12.200000,-3.6501,5.9534,81.3616,75.6790,5.6826
NLMS,1,period_0856,12.253333,-3.6697,9.2952,81.3900,75.6790,5.7110
NLMS,1,period_0856,12.306667,-3.6858,9.1528,81.4120,75.6790,5.7329
NLMS,1,period_0856,12.360000,-3.6958,8.6055,81.4536,75.6790,5.7746
NLMS,1,period_0856,12.400000,-3.7064,9.9189,81.4773,75.6790,5.7982
NLMS,1,period_0856,12.453333,-3.7229,9.8803,81.5255,75.6790,5.8464
NLMS,1,period_0856,12.506667,-3.7411,7.8568,81.5601,75.6790,5.8810
NLMS,1,period_0856,12.560000,-3.8624,18.5688,81.4979,75.6790,5.8189
NLMS,1,period_0856,12.600000,-3.6966,14.1049,81.4306,75.6790,5.7516
NLMS,1,period_0856,12.653333,-3.7367,11.2369,81.4898,75.6790,5.8108
NLMS,1,period_0856,12.706667,-3.5932,11.3947,79.7211,75.6790,4.0421
NLMS,1,period_0856,12.760000,-3.5148,9.9282,79.1322,75.6790,3.4531
NLMS,1,period_0856,12.800000,-3.6838,3.1904,82.2219,75.6790,6.5429
NLMS,1,period_0856,12.853333,-3.6756,2.1828,82.3946,75.6790,6.7156
NLMS,1,period_0856,12.906667,-4.0233,6.1477,82.3249,75.6790,6.6459
NLMS,1,period_0856,12.960000,-2.6105,6.0522,81.1876,75.6790,5.5085
NLMS,1,period_0856,13.000000,-2.7438,3.1448,77.8840,75.6790,2.2050
NLMS,1,period_0856,13.053333,-3.3662,3.1217,78.1499,75.6790,2.4709
NLMS,1,period_0856,13.106667,-3.9603,3.9173,78.4342,75.6790,2.7552
NLMS,1,period_0856,13.160000,-4.5863,3.7559,79.2379,75.6790,3.5589
NLMS,1,period_0856,13.200000,-5.1488,3.5101,79.7656,75.6790,4.0865
NLMS,1,period_0856,13.253333,-6.3991,3.4000,83.4324,75.6790,7.7534
NLMS,1,period_0856,13.306667,-6.8153,7.4649,83.5339,75.6790,7.8549
NLMS,1,period_0856,13.360000,-7.0240,10.2040,83.5264,75.6790,7.8474
NLMS,1,period_0856,13.400000,-7.1087,9.2839,83.5528,75.6790,7.8738
NLMS,1,period_0856,13.453333,-7.2292,10.5923,83.6512,75.6790,7.9722
NLMS,1,period_0856,13.506667,-7.3307,10.7150,83.7031,75.6790,8.0241
NLMS,1,period_0856,13.560000,-7.4070,9.8928,83.7327,75.6790,8.0537
NLMS,1,period_0856,13.600000,-7.4918,9.6660,83.7788,75.6790,8.0998
NLMS,1,period_0856,13.653333,-7.5653,9.3636,83.7872,75.6790,8.1082
NLMS,1,period_0856,13.706667,-7.6062,8.8821,83.8240,75.6790,8.1450
NLMS,1,period_0856,13.760000,-7.6519,8.2635,83.8571,75.6790,8.1781
NLMS,1,period_0856,13.800000,-7.6774,10.3379,83.8835,75.6790,8.2044
NLMS,1,period_0856,13.853333,-7.7057,8.1085,83.8909,75.6790,8.2119
NLMS,1,period_0856,13.906667,-7.7257,9.7054,83.9111,75.6790,8.2321
NLMS,1,period_0856,13.960000,-7.7437,11.1958,83.9199,75.6790,8.2408
NLMS,1,period_0856,14.000000,-7.7809,7.8805,83.9305,75.6790,8.2515
NLMS,1,period_0856,14.053333,-7.7560,14.2294,83.9958,75.6790,8.3168
NLMS,1,period_0856,14.106667,-7.9140,9.9410,84.1489,75.6790,8.4699
NLMS,1,period_0856,14.160000,-7.9026,8.1480,83.7638,75.6790,8.0848
NLMS,1,period_0856,14.200000,-8.1302,10.9556,83.2152,75.6790,7.5362
NLMS,1,period_0856,14.253333,-7.9146,11.0256,82.7454,75.6790,7.0664
NLMS,1,period_0856,14.306667,-7.7963,11.3798,81.4448,75.6790,5.7658
NLMS,1,period_0856,14.360000,-8.0640,7.3028,80.0500,75.6790,4.3709
NLMS,1,period_0856,14.400000,-7.9370,6.0199,78.5541,75.6790,2.8751
NLMS,1,period_0856,14.453333,-7.8252,8.8360,81.7279,75.6790,6.0488
NLMS,1,period_0856,14.506667,-7.6985,12.9795,80.5989,75.6790,4.9199
NLMS,1,period_0856,14.560000,-7.4204,10.2531,80.7522,75.6790,5.0731
NLMS,1,period_0856,14.600000,-6.9432,10.5796,79.5793,75.6790,3.9002
NLMS,1,period_0856,14.653333,-6.2742,12.3644,77.9171,75.6790,2.2381
NLMS,1,period_0856,14.706667,-7.4754,2.8347,85.6970,75.6790,10.0180
NLMS,1,period_0856,14.760000,-8.9176,7.2756,87.6705,75.6790,11.9914
NLMS,1,period_0856,14.800000,-8.5430,7.3783,87.6969,75.6790,12.0178
NLMS,1,period_0856,14.853333,-7.1562,3.7983,82.4482,75.6790,6.7692
NLMS,1,period_0856,14.906667,-7.6743,6.1615,82.6415,75.6790,6.9625
NLMS,1,period_0856,14.960000,-8.0080,7.5214,82.9176,75.6790,7.2385
NLMS,1,period_0856,15.000000,-8.2835,7.4220,83.1018,75.6790,7.4228
NLMS,1,period_0856,15.053333,-8.8049,7.0764,84.5395,75.6790,8.8605
NLMS,1,period_0856,15.106667,-10.2068,6.3505,88.1877,75.6790,12.5086
NLMS,1,period_0856,15.160000,-10.5574,9.1810,88.3257,75.6790,12.6466
NLMS,1,period_0856,15.200000,-10.6443,10.1801,88.4184,75.6790,12.7393
NLMS,1,period_0856,15.253333,-10.8780,11.3596,88.5573,75.6790,12.8783
NLMS,1,period_0856,15.306667,-11.0456,10.0290,88.6087,75.6790,12.9297
NLMS,1,period_0856,15.360000,-11.1269,11.1196,88.6970,75.6790,13.0180
NLMS,1,period_0856,15.400000,-11.2273,10.2248,88.7540,75.6790,13.0750
NLMS,1,period_0856,15.453333,-11.3216,8.2585,88.8220,75.6790,13.1430
NLMS,1,period_0856,15.506667,-11.3760,10.3409,88.8676,75.6790,13.1886
NLMS,1,period_0856,15.560000,-11.4351,10.8925,88.9220,75.6790,13.2429
NLMS,1,period_0856,15.600000,-11.4690,12.8338,88.9529,75.6790,13.2739
NLMS,1,period_0856,15.653333,-11.4963,10.4227,89.0082,75.6790,13.3291
NLMS,1,period_0856,15.706667,-11.5367,10.9164,89.0351,75.6790,13.3561
NLMS,1,period_0856,15.760000,-11.5861,10.1760,89.1130,75.6790,13.4339
NLMS,1,period_0856,15.800000,-11.6156,10.7556,89.1338,75.6790,13.4547
NLMS,1,period_0856,15.853333,-12.3906,12.5444,90.6401,75.6790,14.9611
NLMS,1,period_0856,15.906667,-11.4688,10.9094,87.9087,75.6790,12.2297
NLMS,1,period_0856,15.960000,-10.8763,10.4761,84.3465,75.6790,8.6675
NLMS,1,period_0856,16.000000,-10.7637,10.0665,84.6161,75.6790,8.9371
NLMS,1,period_0856,16.053333,-7.7787,4.6147,78.2080,75.6790,2.5289
NLMS,1,period_0856,16.106667,-8.6779,5.2312,78.0901,75.6790,2.4110
NLMS,1,period_0856,16.160000,-9.4579,8.3601,77.9713,75.6790,2.2923
NLMS,1,period_0856,16.200000,-10.2789,2.4270,80.1720,75.6790,4.4930
NLMS,1,period_0856,16.253333,-11.6763,5.7507,84.7785,75.6790,9.0995
NLMS,1,period_0856,16.306667,-12.8021,6.0586,89.8951,75.6790,14.2161
NLMS,1,period_0856,16.360000,-11.5818,5.2045,83.7248,75.6790,8.0458
NLMS,1,period_0856,16.400000,-9.5474,11.2201,79.5917,75.6790,3.9127
NLMS,1,period_0856,16.453333,-10.1717,6.6219,78.6940,75.6790,3.0150
NLMS,1,period_0856,16.506667,-8.9321,9.9961,79.5651,75.6790,3.8861
NLMS,1,period_0856,16.560000,-9.5462,5.2745,82.1927,75.6790,6.5137
NLMS,1,period_0856,16.600000,-8.6232,16.1344,78.8698,75.6790,3.1907
NLMS,1,period_0856,16.653333,-8.8867,13.6572,80.3706,75.6790,4.6916
NLMS,1,period_0856,16.706667,-9.1626,11.3724,80.1368,75.6790,4.4578
NLMS,1,period_0856,16.760000,-9.7273,10.1759,81.5092,75.6790,5.8302
NLMS,1,period_0856,16.800000,-9.5793,10.0832,80.7302,75.6790,5.0511
NLMS,1,period_0856,16.853333,-8.3078,3.5039,79.1220,75.6790,3.4430
NLMS,1,period_0856,16.906667,-9.8408,3.7238,85.9720,75.6790,10.2930
NLMS,1,period_0856,16.960000,-9.5591,7.8264,83.4586,75.6790,7.7796
NLMS,1,period_0856,17.000000,-7.9615,7.9356,76.7260,75.6790,1.0470
NLMS,1,period_0856,17.053333,-8.0108,1.8192,77.4612,75.6790,1.7822
NLMS,1,period_0856,17.106667,-8.6642,5.6535,78.4249,75.6790,2.7459
NLMS,1,period_0856,17.160000,-9.7957,7.2177,79.9419,75.6790,4.2629
NLMS,1,period_0856,17.200000,-12.3871,7.8888,91.5901,75.6790,15.9111
NLMS,1,period_0856,17.253333,-12.7996,3.5209,86.6518,75.6790,10.9728
NLMS,1,period_0856,17.306667,-12.4121,9.1696,84.4107,75.6790,8.7317
NLMS,1,period_0856,17.360000,-12.2080,9.1707,81.7752,75.6790,6.0962
NLMS,1,period_0856,17.400000,-11.6756,9.5754,81.0110,75.6790,5.3320
NLMS,1,period_0856,17.453333,-12.0615,7.4709,87.8434,75.6790,12.1644
NLMS,1,period_0856,17.506667,-11.8421,9.0006,79.8316,75.6790,4.1526
NLMS,1,period_0856,17.560000,-11.6119,9.3234,79.2975,75.6790,3.6184
NLMS,1,period_0856,17.600000,-10.4345,3.6743,80.4535,75.6790,4.7745
NLMS,1,period_0856,17.653333,-7.7863,6.5957,78.0542,75.6790,2.3752
NLMS,1,period_0856,17.706667,-9.6629,9.9126,80.8296,75.6790,5.1506
NLMS,1,period_0856,17.760000,-10.6274,9.9485,82.8134,75.6790,7.1344
NLMS,1,period_0856,17.800000,-11.2603,9.9334,80.9979,75.6790,5.3189
NLMS,1,period_0856,17.853333,-9.9621,13.2351,79.3277,75.6790,3.6487
NLMS,1,period_0856,17.906667,-10.0605,15.6516,79.5518,75.6790,3.8728
NLMS,1,period_0856,17.960000,-9.3682,14.4879,79.1197,75.6790,3.4407
NLMS,1,period_0856,18.000000,-9.5045,12.0053,77.2799,75.6790,1.6009
NLMS,1,period_0856,18.053333,-9.1122,10.4467,76.7886,75.6790,1.1096
NLMS,1,period_0856,18.106667,-5.4392,3.0995,75.2207,75.6790,-0.4583
NLMS,1,period_0856,18.160000,-10.2873,6.8025,82.3853,75.6790,6.7062
NLMS,1,period_0856,18.200000,-11.3728,11.0565,81.3764,75.6790,5.6974
NLMS,1,period_0856,18.253333,-11.4079,12.6536,81.2305,75.6790,5.5515
NLMS,1,period_0856,18.306667,-11.0110,14.9035,82.2754,75.6790,6.5964
NLMS,1,period_0856,18.360000,-10.7435,13.6877,80.5899,75.6790,4.9109
NLMS,1,period_0856,18.400000,-10.4646,12.3936,80.4695,75.6790,4.7904
NLMS,1,period_0856,18.453333,-10.5222,8.1289,83.8790,75.6790,8.2000
NLMS,1,period_0856,18.506667,-10.8876,11.2645,84.2280,75.6790,8.5490
NLMS,1,period_0856,18.560000,-10.7390,14.1503,82.5045,75.6790,6.8255
NLMS,1,period_0856,18.600000,-10.2447,15.2524,80.8080,75.6790,5.1290
NLMS,1,period_0856,18.653333,-10.4682,13.9649,82.0400,75.6790,6.3609
NLMS,1,period_0856,18.706667,-10.3853,13.5228,82.2316,75.6790,6.5526
NLMS,1,period_0856,18.760000,-9.8616,11.1143,80.2980,75.6790,4.6189
NLMS,1,period_0856,18.800000,-9.8539,9.8821,81.9920,75.6790,6.3130
NLMS,1,period_0856,18.853333,-8.8130,11.9830,75.7523,75.6790,0.0733
NLMS,1,period_0856,18.906667,-5.0359,15.1224,70.7551,75.6790,-4.9240
NLMS,1,period_0856,18.960000,-7.3832,7.1437,75.9943,75.6790,0.3153
NLMS,1,period_0856,19.000000,-8.3750,6.0624,75.5030,75.6790,-0.1760
NLMS,1,period_0856,19.053333,-10.0105,4.9684,80.5631,75.6790,4.8840
NLMS,1,period_0856,19.106667,-11.5773,6.3268,81.1810,75.6790,5.5020
NLMS,1,period_0856,19.160000,-12.1820,8.6335,81.5029,75.6790,5.8239
NLMS,1,period_0856,19.200000,-13.1162,6.9294,83.4079,75.6790,7.7289
NLMS,1,period_0856,19.253333,-13.4103,5.0060,83.0604,75.6790,7.3814
NLMS,1,period_0856,19.306667,-13.7544,7.2722,83.5312,75.6790,7.8522
NLMS,1,period_0856,19.360000,-14.0165,7.2458,85.4434,75.6790,9.7644
NLMS,1,period_0856,19.400000,-14.2543,8.1234,85.7942,75.6790,10.1152
NLMS,1,period_0856,19.453333,-14.5493,10.4849,86.9910,75.6790,11.3119
NLMS,1,period_0856,19.506667,-14.6738,9.2772,86.9969,75.6790,11.3179
NLMS,1,period_0856,19.560000,-14.8585,10.5238,88.0095,75.6790,12.3305
NLMS,1,period_0856,19.600000,-15.0317,10.1123,88.5976,75.6790,12.9186
NLMS,1,period_0856,19.653333,-15.1420,9.6082,91.3826,75.6790,15.7036
NLMS,1,period_0856,19.706667,-15.3368,10.2490,91.2485,75.6790,15.5695
NLMS,1,period_0856,19.760000,-15.4682,9.4341,91.1305,75.6790,15.4515
NLMS,1,period_0856,19.800000,-15.4803,9.3367,91.1282,75.6790,15.4492
NLMS,1,period_0856,19.853333,-15.4366,10.3432,90.3448,75.6790,14.6658
NLMS,1,period_0856,19.906667,-15.5189,10.4767,92.8924,75.6790,17.2133
NLMS,1,period_0856,19.960000,-15.7800,11.3414,92.9433,75.6790,17.2643
NLMS,1,period_0856,20.000000,-10.3993,6.8431,86.3142,75.6790,10.6351
NLMS,2,period_0916,20.013333,-3.1449,-45.2816,79.1851,76.8005,2.3846
NLMS,2,period_0916,20.053333,-3.4099,-7.0640,79.7039,76.8005,2.9034
NLMS,2,period_0916,20.106667,-3.6393,-4.4063,80.7949,76.8005,3.9944
NLMS,2,period_0916,20.160000,-3.8230,-3.3930,80.9348,76.8005,4.1343
NLMS,2,period_0916,20.200000,-3.9176,-3.1079,80.9386,76.8005,4.1381
NLMS,2,period_0916,20.253333,-3.9958,-1.8494,80.9403,76.8005,4.1398
NLMS,2,period_0916,20.306667,-4.0807,-1.0630,80.9432,76.8005,4.1427
NLMS,2,period_0916,20.360000,-4.1450,0.0269,80.9496,76.8005,4.1491
NLMS,2,period_0916,20.400000,-4.1688,0.5836,80.9508,76.8005,4.1503
NLMS,2,period_0916,20.453333,-4.2127,0.5178,80.9520,76.8005,4.1515
NLMS,2,period_0916,20.506667,-4.2497,0.4134,80.9544,76.8005,4.1539
NLMS,2,period_0916,20.560000,-4.2692,1.2855,80.9555,76.8005,4.1550
NLMS,2,period_0916,20.600000,-4.2923,1.7108,80.9551,76.8005,4.1546
NLMS,2,period_0916,20.653333,-4.3200,1.6353,80.9540,76.8005,4.1535
NLMS,2,period_0916,20.706667,-4.3485,2.5062,80.9542,76.8005,4.1537
NLMS,2,period_0916,20.760000,-4.3691,3.0772,80.9556,76.8005,4.1551
NLMS,2,period_0916,20.800000,-4.4808,5.0743,80.9578,76.8005,4.1573
NLMS,2,period_0916,20.853333,-4.6873,6.9454,81.0126,76.8005,4.2121
NLMS,2,period_0916,20.906667,-5.1608,7.6746,81.1523,76.8005,4.3518
NLMS,2,period_0916,20.960000,-5.0996,8.8792,81.2393,76.8005,4.4388
NLMS,2,period_0916,21.000000,-4.9731,7.3034,80.1188,76.8005,3.3183
NLMS,2,period_0916,21.053333,-4.6425,7.0736,81.2521,76.8005,4.4516
NLMS,2,period_0916,21.106667,-4.5939,9.0426,79.5920,76.8005,2.7915
NLMS,2,period_0916,21.160000,-4.8784,5.4404,81.2480,76.8005,4.4475
NLMS,2,period_0916,21.200000,-4.6745,8.0331,77.9705,76.8005,1.1700
NLMS,2,period_0916,21.253333,-4.3668,6.1637,77.1708,76.8005,0.3703
NLMS,2,period_0916,21.306667,-3.3419,7.7912,72.6083,76.8005,-4.1922
NLMS,2,period_0916,21.360000,-3.9606,2.5877,72.2727,76.8005,-4.5278
NLMS,2,period_0916,21.400000,-4.0992,1.4493,74.2327,76.8005,-2.5678
NLMS,2,period_0916,21.453333,-4.5009,-0.2193,75.6818,76.8005,-1.1187
NLMS,2,period_0916,21.506667,-4.6499,3.6328,76.2823,76.8005,-0.5182
NLMS,2,period_0916,21.560000,-4.7680,2.4921,77.3057,76.8005,0.5052
NLMS,2,period_0916,21.600000,-4.8128,3.5690,77.0088,76.8005,0.2083
NLMS,2,period_0916,21.653333,-4.8406,4.3910,77.3535,76.8005,0.5530
NLMS,2,period_0916,21.706667,-4.9026,3.8354,77.6311,76.8005,0.8306
NLMS,2,period_0916,21.760000,-4.9268,3.9139,77.9450,76.8005,1.1445
NLMS,2,period_0916,21.800000,-4.9263,5.0157,78.1206,76.8005,1.3201
NLMS,2,period_0916,21.853333,-4.9565,3.8457,78.0963,76.8005,1.2959
NLMS,2,period_0916,21.906667,-4.9662,4.2917,78.3178,76.8005,1.5173
NLMS,2,period_0916,21.960000,-4.9798,3.0255,78.4776,76.8005,1.6771
NLMS,2,period_0916,22.000000,-5.0059,3.1540,78.6271,76.8005,1.8266
NLMS,2,period_0916,22.053333,-5.0225,3.5727,78.8251,76.8005,2.0246
NLMS,2,period_0916,22.106667,-5.0343,4.1251,78.9302,76.8005,2.1297
NLMS,2,period_0916,22.160000,-5.0611,4.4227,79.1600,76.8005,2.3595
NLMS,2,period_0916,22.200000,-5.0661,2.4918,79.2031,76.8005,2.4026
NLMS,2,period_0916,22.253333,-5.0891,3.1433,79.3285,76.8005,2.5280
NLMS,2,period_0916,22.306667,-5.1117,2.9546,79.4197,76.8005,2.6192
NLMS,2,period_0916,22.360000,-5.1145,2.9924,79.5069,76.8005,2.7064
NLMS,2,period_0916,22.400000,-5.1240,4.6610,79.6302,76.8005,2.8297
NLMS,2,period_0916,22.453333,-5.1379,4.9299,79.8856,76.8005,3.0851
NLMS,2,period_0916,22.506667,-5.1411,4.4469,79.9512,76.8005,3.1507
NLMS,2,period_0916,22.560000,-5.2461,6.8300,81.3238,76.8005,4.5233
NLMS,2,period_0916,22.600000,-5.2003,9.9118,81.2095,76.8005,4.4090
NLMS,2,period_0916,22.653333,-5.0518,8.3327,81.2849,76.8005,4.4845
NLMS,2,period_0916,22.706667,-4.7751,12.9500,81.0211,76.8005,4.2207
NLMS,2,period_0916,22.760000,-4.7850,7.5914,81.3437,76.8005,4.5432
NLMS,2,period_0916,22.800000,-4.7809,0.7105,80.9884,76.8005,4.1879
NLMS,2,period_0916,22.853333,-5.1443,0.7514,81.3504,76.8005,4.5499
NLMS,2,period_0916,22.906667,-5.4697,0.3964,81.4193,76.8005,4.6188
NLMS,2,period_0916,22.960000,-5.1603,1.4096,81.4427,76.8005,4.6422
NLMS,2,period_0916,23.000000,-5.7003,3.4103,78.2875,76.8005,1.4870
NLMS,2,period_0916,23.053333,-7.1356,6.6865,78.5475,76.8005,1.7470
NLMS,2,period_0916,23.106667,-8.3222,8.4517,78.7349,76.8005,1.9344
NLMS,2,period_0916,23.160000,-9.0902,9.0575,79.5010,76.8005,2.7005
NLMS,2,period_0916,23.200000,-9.6982,8.3659,80.6324,76.8005,3.8319
NLMS,2,period_0916,23.253333,-10.2701,4.3958,82.1477,76.8005,5.3472
NLMS,2,period_0916,23.306667,-10.4456,4.2669,82.9783,76.8005,6.1778
NLMS,2,period_0916,23.360000,-10.4292,4.6694,83.1230,76.8005,6.3225
NLMS,2,period_0916,23.400000,-10.5461,4.3332,82.9281,76.8005,6.1276
NLMS,2,period_0916,23.453333,-10.5733,5.1754,83.4643,76.8005,6.6638
NLMS,2,period_0916,23.506667,-10.4724,5.8523,83.5912,76.8005,6.7907
NLMS,2,period_0916,23.560000,-10.6252,5.1377,84.4550,76.8005,7.6545
NLMS,2,period_0916,23.600000,-10.6119,5.6206,84.0215,76.8005,7.2210
NLMS,2,period_0916,23.653333,-10.6632,4.7341,84.1123,76.8005,7.3118
NLMS,2,period_0916,23.706667,-10.7060,4.6812,84.4974,76.8005,7.6969
NLMS,2,period_0916,23.760000,-10.6970,3.6305,84.3830,76.8005,7.5825
NLMS,2,period_0916,23.800000,-10.7220,4.0084,83.9826,76.8005,7.1821
NLMS,2,period_0916,23.853333,-10.7790,3.6360,85.0268,76.8005,8.2263
NLMS,2,period_0916,23.906667,-10.7583,4.3495,84.8906,76.8005,8.0901
NLMS,2,period_0916,23.960000,-10.7870,4.9810,85.2196,76.8005,8.4191
NLMS,2,period_0916,24.000000,-10.8001,4.3303,84.9559,76.8005,8.1554
NLMS,2,period_0916,24.053333,-10.8000,10.8060,85.1641,76.8005,8.3636
NLMS,2,period_0916,24.106667,-10.8286,8.9259,84.2559,76.8005,7.4554
NLMS,2,period_0916,24.160000,-9.8986,9.3421,81.7434,76.8005,4.9429
NLMS,2,period_0916,24.200000,-10.0157,11.7159,81.1774,76.8005,4.3769
NLMS,2,period_0916,24.253333,-9.6950,11.5309,80.4002,76.8005,3.5997
NLMS,2,period_0916,24.306667,-9.2750,11.0576,80.0890,76.8005,3.2885
NLMS,2,period_0916,24.360000,-9.9548,4.8257,80.8252,76.8005,4.0247
NLMS,2,period_0916,24.400000,-8.9437,4.1903,77.6413,76.8005,0.8408
NLMS,2,period_0916,24.453333,-8.6268,7.2439,77.5965,76.8005,0.7960
NLMS,2,period_0916,24.506667,-8.5247,12.7741,77.4078,76.8005,0.6073
NLMS,2,period_0916,24.560000,-8.1610,7.5506,83.1118,76.8005,6.3113
NLMS,2,period_0916,24.600000,-8.1839,5.9239,83.7580,76.8005,6.9575
NLMS,2,period_0916,24.653333,-8.1483,8.1343,86.4301,76.8005,9.6296
NLMS,2,period_0916,24.706667,-10.5066,-0.0863,82.1483,76.8005,5.3478
NLMS,2,period_0916,24.760000,-11.1259,2.9525,87.7610,76.8005,10.9606
NLMS,2,period_0916,24.800000,-10.7808,2.8619,87.8078,76.8005,11.0073
NLMS,2,period_0916,24.853333,-10.4368,1.7255,88.5055,76.8005,11.7050
NLMS,2,period_0916,24.906667,-11.2052,10.2612,90.7116,76.8005,13.9111
NLMS,2,period_0916,24.960000,-11.8147,12.1949,91.5029,76.8005,14.7024
NLMS,2,period_0916,25.000000,-12.1633,12.7935,91.4857,76.8005,14.6852
NLMS,2,period_0916,25.053333,-12.6954,11.7042,92.5659,76.8005,15.7654
NLMS,2,period_0916,25.106667,-13.6343,5.0548,93.0207,76.8005,16.2202
NLMS,2,period_0916,25.160000,-13.6624,4.5577,93.1069,76.8005,16.3064
NLMS,2,period_0916,25.200000,-13.8582,4.6992,93.1264,76.8005,16.3260
NLMS,2,period_0916,25.253333,-14.0210,5.4637,93.2276,76.8005,16.4271
NLMS,2,period_0916,25.306667,-14.0503,3.8409,93.2819,76.8005,16.4814
NLMS,2,period_0916,25.360000,-14.4763,4.0805,93.2603,76.8005,16.4598
NLMS,2,period_0916,25.400000,-14.2615,3.6556,90.8883,76.8005,14.0878
NLMS,2,period_0916,25.453333,-14.2241,5.1979,91.8343,76.8005,15.0338
NLMS,2,period_0916,25.506667,-14.3643,5.1284,92.7765,76.8005,15.9760
NLMS,2,period_0916,25.560000,-14.3486,5.2358,92.3764,76.8005,15.5759
NLMS,2,period_0916,25.600000,-14.4235,5.7302,92.2379,76.8005,15.4374
NLMS,2,period_0916,25.653333,-14.4277,5.3800,92.7443,76.8005,15.9438
NLMS,2,period_0916,25.706667,-14.3754,4.2388,92.8301,76.8005,16.0296
NLMS,2,period_0916,25.760000,-14.5283,4.5105,92.9416,76.8005,16.1411
NLMS,2,period_0916,25.800000,-14.4966,4.5349,92.0469,76.8005,15.2464
NLMS,2,period_0916,25.853333,-14.9305,13.9453,92.2046,76.8005,15.4041
NLMS,2,period_0916,25.906667,-12.2612,10.1001,83.7973,76.8005,6.9968
NLMS,2,period_0916,25.960000,-10.8844,11.9780,81.4651,76.8005,4.6646
NLMS,2,period_0916,26.000000,-10.6230,9.5263,82.7593,76.8005,5.9588
NLMS,2,period_0916,26.053333,-7.3222,3.6032,79.7238,76.8005,2.9233
NLMS,2,period_0916,26.106667,-7.4946,6.7356,77.6461,76.8005,0.8456
NLMS,2,period_0916,26.160000,-9.0908,7.7239,77.7076,76.8005,0.9071
NLMS,2,period_0916,26.200000,-9.2467,2.2596,78.4954,76.8005,1.6949
NLMS,2,period_0916,26.253333,-11.1504,6.5542,79.9121,76.8005,3.1116
NLMS,2,period_0916,26.306667,-14.0426,3.7778,82.4490,76.8005,5.6485
NLMS,2,period_0916,26.360000,-12.3589,4.6352,81.9670,76.8005,5.1666
NLMS,2,period_0916,26.400000,-10.7394,8.2202,81.7477,76.8005,4.9472
NLMS,2,period_0916,26.453333,-11.2165,8.1934,81.0337,76.8005,4.2332
NLMS,2,period_0916,26.506667,-11.2171,7.9959,83.6355,76.8005,6.8350
NLMS,2,period_0916,26.560000,-11.1842,4.2958,80.7510,76.8005,3.9505
NLMS,2,period_0916,26.600000,-11.3313,8.7472,83.4449,76.8005,6.6444
NLMS,2,period_0916,26.653333,-11.4072,11.9476,82.7316,76.8005,5.9311
NLMS,2,period_0916,26.706667,-11.3864,12.7419,82.1341,76.8005,5.3336
NLMS,2,period_0916,26.760000,-11.9670,9.4635,80.6178,76.8005,3.8173
NLMS,2,period_0916,26.800000,-10.5737,11.3966,77.2622,76.8005,0.4617
NLMS,2,period_0916,26.853333,-10.8033,1.8077,88.0630,76.8005,11.2625
NLMS,2,period_0916,26.906667,-13.0648,2.2795,87.3388,76.8005,10.5383
NLMS,2,period_0916,26.960000,-12.7857,3.8172,88.5287,76.8005,11.7282
NLMS,2,period_0916,27.000000,-11.2969,4.3940,81.6739,76.8005,4.8734
NLMS,2,period_0916,27.053333,-10.3965,2.8725,81.0844,76.8005,4.2839
NLMS,2,period_0916,27.106667,-10.8737,11.4897,81.7106,76.8005,4.9101
NLMS,2,period_0916,27.160000,-11.8762,11.1628,83.8800,76.8005,7.0795
NLMS,2,period_0916,27.200000,-14.6236,4.1532,88.3667,76.8005,11.5662
NLMS,2,period_0916,27.253333,-14.9858,2.5057,86.4369,76.8005,9.6364
NLMS,2,period_0916,27.306667,-14.1517,6.9691,82.4312,76.8005,5.6307
NLMS,2,period_0916,27.360000,-13.6481,9.0100,80.4249,76.8005,3.6244
NLMS,2,period_0916,27.400000,-13.3817,9.5286,80.9943,76.8005,4.1938
NLMS,2,period_0916,27.453333,-12.6225,5.6136,81.0928,76.8005,4.2923
NLMS,2,period_0916,27.506667,-13.3618,6.0321,80.3901,76.8005,3.5897
NLMS,2,period_0916,27.560000,-13.4849,4.5715,83.2975,76.8005,6.4970
NLMS,2,period_0916,27.600000,-12.2288,2.3480,80.2746,76.8005,3.4741
NLMS,2,period_0916,27.653333,-8.2669,4.6870,76.5431,76.8005,-0.2574
NLMS,2,period_0916,27.706667,-9.2866,7.3150,76.8614,76.8005,0.0610
NLMS,2,period_0916,27.760000,-11.9705,6.1412,78.9751,76.8005,2.1746
NLMS,2,period_0916,27.800000,-12.7605,5.5572,84.9479,76.8005,8.1474
NLMS,2,period_0916,27.853333,-12.0323,8.7289,80.0541,76.8005,3.2536
NLMS,2,period_0916,27.906667,-12.2135,13.1486,81.6295,76.8005,4.8290
NLMS,2,period_0916,27.960000,-12.2425,10.6655,82.8968,76.8005,6.0963
NLMS,2,period_0916,28.000000,-11.9311,7.4848,82.2015,76.8005,5.4010
NLMS,2,period_0916,28.053333,-10.6806,7.0911,79.1002,76.8005,2.2997
NLMS,2,period_0916,28.106667,-3.2662,2.1374,68.1162,76.8005,-8.6843
NLMS,2,period_0916,28.160000,-13.9218,1.5902,87.0150,76.8005,10.2145
NLMS,2,period_0916,28.200000,-14.1497,8.6092,85.8768,76.8005,9.0763
NLMS,2,period_0916,28.253333,-13.0913,12.5077,81.5297,76.8005,4.7292
NLMS,2,period_0916,28.306667,-11.8946,12.5785,78.2118,76.8005,1.4113
NLMS,2,period_0916,28.360000,-10.6276,15.0164,75.5121,76.8005,-1.2884
NLMS,2,period_0916,28.400000,-11.2474,8.8805,80.0201,76.8005,3.2196
NLMS,2,period_0916,28.453333,-12.6390,4.4213,80.5023,76.8005,3.7018
NLMS,2,period_0916,28.506667,-13.5119,5.8633,80.4709,76.8005,3.6705
NLMS,2,period_0916,28.560000,-13.4724,11.2545,82.4672,76.8005,5.6667
NLMS,2,period_0916,28.600000,-13.2751,12.0801,85.2634,76.8005,8.4629
NLMS,2,period_0916,28.653333,-12.4822,11.3203,78.7251,76.8005,1.9246
NLMS,2,period_0916,28.706667,-11.1103,9.0892,78.4417,76.8005,1.6412
NLMS,2,period_0916,28.760000,-10.0482,8.7375,77.8812,76.8005,1.0807
NLMS,2,period_0916,28.800000,-10.4112,7.5721,76.4286,76.8005,-0.3719
NLMS,2,period_0916,28.853333,-10.3638,6.7481,80.5865,76.8005,3.7860
NLMS,2,period_0916,28.906667,-6.1561,13.2968,73.0275,76.8005,-3.7730
NLMS,2,period_0916,28.960000,-8.2415,7.4503,73.0877,76.8005,-3.7128
NLMS,2,period_0916,29.000000,-12.6545,-0.3144,83.4894,76.8005,6.6890
NLMS,2,period_0916,29.053333,-12.8429,0.5440,83.8398,76.8005,7.0393
NLMS,2,period_0916,29.106667,-15.2203,2.0106,93.4086,76.8005,16.6081
NLMS,2,period_0916,29.160000,-15.5431,4.1547,92.5028,76.8005,15.7023
NLMS,2,period_0916,29.200000,-15.4426,5.4068,91.7827,76.8005,14.9822
NLMS,2,period_0916,29.253333,-15.7326,3.6574,90.2617,76.8005,13.4612
NLMS,2,period_0916,29.306667,-15.2746,5.1884,92.0386,76.8005,15.2381
NLMS,2,period_0916,29.360000,-14.8681,3.8659,93.1385,76.8005,16.3380
NLMS,2,period_0916,29.400000,-15.6789,3.8597,93.5946,76.8005,16.7941
NLMS,2,period_0916,29.453333,-15.9612,7.2919,93.0927,76.8005,16.2922
NLMS,2,period_0916,29.506667,-15.8966,5.3124,93.2614,76.8005,16.4609
NLMS,2,period_0916,29.560000,-16.1328,9.3331,94.7680,76.8005,17.9675
NLMS,2,period_0916,29.600000,-16.1794,6.7158,93.8272,76.8005,17.0268
NLMS,2,period_0916,29.653333,-16.2805,6.1717,94.9758,76.8005,18.1753
NLMS,2,period_0916,29.706667,-16.7212,6.2991,94.7647,76.8005,17.9642
NLMS,2,period_0916,29.760000,-16.4748,4.8693,90.3023,76.8005,13.5018
NLMS,2,period_0916,29.800000,-16.3899,3.5307,93.1216,76.8005,16.3211
NLMS,2,period_0916,29.853333,-16.5128,3.5752,93.7672,76.8005,16.9667
NLMS,2,period_0916,29.906667,-16.1877,4.7531,92.4027,76.8005,15.6022
NLMS,2,period_0916,29.960000,-16.7869,7.0962,91.7860,76.8005,14.9856
NLMS,2,period_0916,30.000000,-11.4470,5.4422,81.2947,76.8005,4.4942
NLMS,3,period_0943,30.013333,-3.5637,-41.2560,70.2105,67.9790,2.2315
NLMS,3,period_0943,30.053333,-3.6060,-2.0528,70.2096,67.9790,2.2305
NLMS,3,period_0943,30.106667,-3.6529,-0.5915,70.2158,67.9790,2.2367
NLMS,3,period_0943,30.160000,-3.6880,0.4700,70.2196,67.9790,2.2405
NLMS,3,period_0943,30.200000,-3.7103,1.3627,70.2201,67.9790,2.2411
NLMS,3,period_0943,30.253333,-3.7307,1.9474,70.2225,67.9790,2.2435
NLMS,3,period_0943,30.306667,-3.7539,1.8798,70.2250,67.9790,2.2459
NLMS,3,period_0943,30.360000,-3.7725,2.6526,70.2253,67.9790,2.2462
NLMS,3,period_0943,30.400000,-3.7826,3.8970,70.2287,67.9790,2.2496
NLMS,3,period_0943,30.453333,-3.7960,3.9480,70.2310,67.9790,2.2520
NLMS,3,period_0943,30.506667,-3.8063,3.9563,70.2361,67.9790,2.2571
NLMS,3,period_0943,30.560000,-3.8149,4.3128,70.2399,67.9790,2.2608
NLMS,3,period_0943,30.600000,-3.8225,5.3478,70.2429,67.9790,2.2638
NLMS,3,period_0943,30.653333,-3.8347,4.3555,70.2488,67.9790,2.2698
NLMS,3,period_0943,30.706667,-3.8482,5.4865,70.2526,67.9790,2.2735
NLMS,3,period_0943,30.760000,-3.8598,5.4298,70.2586,67.9790,2.2795
NLMS,3,period_0943,30.800000,-3.9114,6.3807,70.2837,67.9790,2.3046
NLMS,3,period_0943,30.853333,-4.0675,5.7506,70.4070,67.9790,2.4279
NLMS,3,period_0943,30.906667,-4.7597,5.5699,71.0052,67.9790,3.0261
NLMS,3,period_0943,30.960000,-4.8568,11.3840,71.0462,67.9790,3.0672
NLMS,3,period_0943,31.000000,-4.8182,4.7951,71.0510,67.9790,3.0720
NLMS,3,period_0943,31.053333,-4.6595,4.9151,71.0519,67.9790,3.0729
NLMS,3,period_0943,31.106667,-4.5715,11.3693,71.0712,67.9790,3.0922
NLMS,3,period_0943,31.160000,-4.6081,8.3844,71.0871,67.9790,3.1080
NLMS,3,period_0943,31.200000,-4.5870,11.2032,71.0940,67.9790,3.1150
NLMS,3,period_0943,31.253333,-4.2694,7.7252,71.0879,67.9790,3.1089
NLMS,3,period_0943,31.306667,-3.5285,7.8013,68.2882,67.9790,0.3091
NLMS,3,period_0943,31.360000,-4.8028,-2.8894,71.0631,67.9790,3.0841
NLMS,3,period_0943,31.400000,-4.8458,6.5524,71.0731,67.9790,3.0940
NLMS,3,period_0943,31.453333,-4.8594,5.6239,71.0883,67.9790,3.1093
NLMS,3,period_0943,31.506667,-4.9047,7.7887,71.1041,67.9790,3.1251
NLMS,3,period_0943,31.560000,-4.9141,6.9718,71.1113,67.9790,3.1323
NLMS,3,period_0943,31.600000,-4.9270,7.7083,71.1162,67.9790,3.1372
NLMS,3,period_0943,31.653333,-4.9360,8.0461,71.1302,67.9790,3.1511
NLMS,3,period_0943,31.706667,-4.9463,6.8756,71.1384,67.9790,3.1593
NLMS,3,period_0943,31.760000,-4.9543,7.6720,71.1445,67.9790,3.1655
NLMS,3,period_0943,31.800000,-4.9559,8.8035,71.1480,67.9790,3.1689
NLMS,3,period_0943,31.853333,-4.9617,7.1205,71.1529,67.9790,3.1739
NLMS,3,period_0943,31.906667,-4.9662,7.4182,71.1559,67.9790,3.1768
NLMS,3,period_0943,31.960000,-4.9708,7.0729,71.1601,67.9790,3.1810
NLMS,3,period_0943,32.000000,-4.9726,7.7295,71.1633,67.9790,3.1843
NLMS,3,period_0943,32.053333,-4.9761,7.7715,71.1683,67.9790,3.1893
NLMS,3,period_0943,32.106667,-4.9800,6.4933,71.1738,67.9790,3.1947
NLMS,3,period_0943,32.160000,-4.9845,7.6168,71.1790,67.9790,3.1999
NLMS,3,period_0943,32.200000,-4.9872,6.1074,71.1829,67.9790,3.2039
NLMS,3,period_0943,32.253333,-4.9902,7.0107,71.1842,67.9790,3.2052
NLMS,3,period_0943,32.306667,-4.9965,6.1019,71.1878,67.9790,3.2088
NLMS,3,period_0943,32.360000,-4.9970,6.5313,71.1949,67.9790,3.2158
NLMS,3,period_0943,32.400000,-4.9995,8.0591,71.1973,67.9790,3.2183
NLMS,3,period_0943,32.453333,-5.0016,7.6392,71.1989,67.9790,3.2198
NLMS,3,period_0943,32.506667,-5.0060,6.1711,71.2021,67.9790,3.2231
NLMS,3,period_0943,32.560000,-5.0178,12.4367,71.2093,67.9790,3.2303
NLMS,3,period_0943,32.600000,-4.9358,10.8932,71.2183,67.9790,3.2393
NLMS,3,period_0943,32.653333,-4.9412,8.8782,71.2182,67.9790,3.2392
NLMS,3,period_0943,32.706667,-4.7980,9.8130,71.2186,67.9790,3.2396
NLMS,3,period_0943,32.760000,-4.7562,8.7256,71.2365,67.9790,3.2575
NLMS,3,period_0943,32.800000,-4.8094,2.3966,71.2265,67.9790,3.2475
NLMS,3,period_0943,32.853333,-4.9965,0.7741,71.2364,67.9790,3.2574
NLMS,3,period_0943,32.906667,-5.1065,5.2635,71.2376,67.9790,3.2585
NLMS,3,period_0943,32.960000,-4.7711,3.9589,71.2209,67.9790,3.2418
NLMS,3,period_0943,33.000000,-5.6119,3.8946,73.0885,67.9790,5.1095
NLMS,3,period_0943,33.053333,-7.4872,6.6984,75.8227,67.9790,7.8436
NLMS,3,period_0943,33.106667,-9.0879,8.9875,77.0348,67.9790,9.0558
NLMS,3,period_0943,33.160000,-10.2551,9.5477,77.9016,67.9790,9.9225
NLMS,3,period_0943,33.200000,-11.1808,8.3614,78.4219,67.9790,10.4428
NLMS,3,period_0943,33.253333,-11.3866,7.9542,78.5454,67.9790,10.5664
NLMS,3,period_0943,33.306667,-11.5688,8.6508,78.5802,67.9790,10.6012
NLMS,3,period_0943,33.360000,-11.5746,9.0814,78.5997,67.9790,10.6206
NLMS,3,period_0943,33.400000,-11.6697,7.9636,78.6131,67.9790,10.6340
NLMS,3,period_0943,33.453333,-11.6800,10.5148,78.6262,67.9790,10.6471
NLMS,3,period_0943,33.506667,-11.6853,8.8861,78.6384,67.9790,10.6593
NLMS,3,period_0943,33.560000,-11.7482,7.1633,78.6498,67.9790,10.6708
NLMS,3,period_0943,33.600000,-11.7419,9.1071,78.6659,67.9790,10.6869
NLMS,3,period_0943,33.653333,-11.7828,9.0354,78.6789,67.9790,10.6999
NLMS,3,period_0943,33.706667,-11.8108,7.0930,78.6949,67.9790,10.7159
NLMS,3,period_0943,33.760000,-11.8027,7.9224,78.6987,67.9790,10.7197
NLMS,3,period_0943,33.800000,-11.8085,8.3930,78.7074,67.9790,10.7284
NLMS,3,period_0943,33.853333,-11.8343,6.5646,78.7095,67.9790,10.7305
NLMS,3,period_0943,33.906667,-11.8505,7.4023,78.7215,67.9790,10.7424
NLMS,3,period_0943,33.960000,-11.8596,9.0384,78.7324,67.9790,10.7534
NLMS,3,period_0943,34.000000,-11.8646,8.0714,78.7394,67.9790,10.7603
NLMS,3,period_0943,34.053333,-11.8606,12.9318,78.7546,67.9790,10.7756
NLMS,3,period_0943,34.106667,-11.8902,8.7417,78.7411,67.9790,10.7620
NLMS,3,period_0943,34.160000,-11.5351,7.6069,78.7360,67.9790,10.7570
NLMS,3,period_0943,34.200000,-11.6414,9.6228,78.7437,67.9790,10.7647
NLMS,3,period_0943,34.253333,-11.2032,10.2560,78.7251,67.9790,10.7460
NLMS,3,period_0943,34.306667,-11.1101,10.3688,78.7494,67.9790,10.7704
NLMS,3,period_0943,34.360000,-11.1728,6.0093,75.8376,67.9790,7.8586
NLMS,3,period_0943,34.400000,-10.6428,5.8224,73.1136,67.9790,5.1345
NLMS,3,period_0943,34.453333,-11.0046,6.5029,77.2815,67.9790,9.3024
NLMS,3,period_0943,34.506667,-11.2018,11.0486,78.8510,67.9790,10.8719
NLMS,3,period_0943,34.560000,-10.9418,9.1351,78.8569,67.9790,10.8779
NLMS,3,period_0943,34.600000,-10.7781,7.8959,78.8608,67.9790,10.8817
NLMS,3,period_0943,34.653333,-10.8725,9.8716,78.8595,67.9790,10.8805
NLMS,3,period_0943,34.706667,-11.5854,1.8625,78.8254,67.9790,10.8463
NLMS,3,period_0943,34.760000,-12.3130,5.0238,78.8480,67.9790,10.8689
NLMS,3,period_0943,34.800000,-12.0324,5.6415,78.8181,67.9790,10.8390
NLMS,3,period_0943,34.853333,-12.2043,3.7694,79.7315,67.9790,11.7525
NLMS,3,period_0943,34.906667,-13.3719,11.6612,80.3311,67.9790,12.3520
NLMS,3,period_0943,34.960000,-14.2943,13.7455,81.1220,67.9790,13.1429
NLMS,3,period_0943,35.000000,-15.0097,14.1034,82.1904,67.9790,14.2113
NLMS,3,period_0943,35.053333,-15.6639,13.6304,82.8689,67.9790,14.8899
NLMS,3,period_0943,35.106667,-15.5688,9.6578,82.9884,67.9790,15.0093
NLMS,3,period_0943,35.160000,-15.7316,8.7196,83.0285,67.9790,15.0495
NLMS,3,period_0943,35.200000,-15.7505,10.3312,83.0438,67.9790,15.0647
NLMS,3,period_0943,35.253333,-15.7796,9.1138,83.0778,67.9790,15.0987
NLMS,3,period_0943,35.306667,-15.9255,8.3990,83.0996,67.9790,15.1205
NLMS,3,period_0943,35.360000,-15.8409,8.6800,83.1298,67.9790,15.1507
NLMS,3,period_0943,35.400000,-15.9716,7.5628,83.1419,67.9790,15.1628
NLMS,3,period_0943,35.453333,-15.9851,9.9833,83.1634,67.9790,15.1843
NLMS,3,period_0943,35.506667,-16.0510,9.8085,83.1785,67.9790,15.1995
NLMS,3,period_0943,35.560000,-16.0446,9.1688,83.1862,67.9790,15.2072
NLMS,3,period_0943,35.600000,-16.0528,9.4922,83.1994,67.9790,15.2203
NLMS,3,period_0943,35.653333,-16.1205,8.1403,83.2105,67.9790,15.2314
NLMS,3,period_0943,35.706667,-16.0696,9.6604,83.2317,67.9790,15.2526
NLMS,3,period_0943,35.760000,-16.1036,7.2810,83.2432,67.9790,15.2642
NLMS,3,period_0943,35.800000,-16.1415,7.8474,83.2540,67.9790,15.2749
NLMS,3,period_0943,35.853333,-16.3542,16.8087,83.3311,67.9790,15.3520
NLMS,3,period_0943,35.906667,-16.3488,8.8960,83.3434,67.9790,15.3643
NLMS,3,period_0943,35.960000,-15.9488,8.0016,83.3668,67.9790,15.3877
NLMS,3,period_0943,36.000000,-15.9608,9.2311,83.3462,67.9790,15.3672
NLMS,3,period_0943,36.053333,-13.5139,5.2483,80.4033,67.9790,12.4242
NLMS,3,period_0943,36.106667,-14.6994,4.0584,81.6026,67.9790,13.6236
NLMS,3,period_0943,36.160000,-11.4736,2.0145,71.0383,67.9790,3.0592
NLMS,3,period_0943,36.200000,-12.9568,0.2451,76.3677,67.9790,8.3886
NLMS,3,period_0943,36.253333,-14.7679,11.8334,79.6427,67.9790,11.6637
NLMS,3,period_0943,36.306667,-16.6598,4.3985,83.5757,67.9790,15.5966
NLMS,3,period_0943,36.360000,-15.6071,3.6682,83.3684,67.9790,15.3894
NLMS,3,period_0943,36.400000,-13.8232,7.0484,74.0913,67.9790,6.1122
NLMS,3,period_0943,36.453333,-13.6932,7.0331,73.5636,67.9790,5.5846
NLMS,3,period_0943,36.506667,-13.0845,8.9029,72.7550,67.9790,4.7760
NLMS,3,period_0943,36.560000,-14.8146,3.3832,78.4125,67.9790,10.4335
NLMS,3,period_0943,36.600000,-13.6182,14.0559,73.4820,67.9790,5.5030
NLMS,3,period_0943,36.653333,-13.8315,15.6086,74.1719,67.9790,6.1929
NLMS,3,period_0943,36.706667,-13.8872,14.6974,74.0559,67.9790,6.0768
NLMS,3,period_0943,36.760000,-14.2181,11.9972,75.3455,67.9790,7.3665
NLMS,3,period_0943,36.800000,-13.3858,9.8998,74.6437,67.9790,6.6646
NLMS,3,period_0943,36.853333,-12.6173,4.6211,84.0306,67.9790,16.0516
NLMS,3,period_0943,36.906667,-13.9998,4.3452,82.9200,67.9790,14.9410
NLMS,3,period_0943,36.960000,-13.8885,6.2379,77.9929,67.9790,10.0138
NLMS,3,period_0943,37.000000,-12.4517,7.2641,72.0322,67.9790,4.0531
NLMS,3,period_0943,37.053333,-10.9826,5.0992,70.4626,67.9790,2.4835
NLMS,3,period_0943,37.106667,-11.8742,12.3263,71.2819,67.9790,3.3029
NLMS,3,period_0943,37.160000,-13.3387,13.7471,72.6030,67.9790,4.6239
NLMS,3,period_0943,37.200000,-16.9523,4.8319,82.5334,67.9790,14.5544
NLMS,3,period_0943,37.253333,-16.7572,3.6226,79.7887,67.9790,11.8097
NLMS,3,period_0943,37.306667,-16.3324,8.7161,78.6758,67.9790,10.6967
NLMS,3,period_0943,37.360000,-15.8377,10.0188,76.5538,67.9790,8.5747
NLMS,3,period_0943,37.400000,-15.6070,13.0406,75.6848,67.9790,7.7058
NLMS,3,period_0943,37.453333,-16.2985,9.6112,82.7639,67.9790,14.7848
NLMS,3,period_0943,37.506667,-16.4676,6.4345,76.8668,67.9790,8.8877
NLMS,3,period_0943,37.560000,-15.8974,6.1901,75.2348,67.9790,7.2557
NLMS,3,period_0943,37.600000,-14.6538,5.2026,74.3194,67.9790,6.3403
NLMS,3,period_0943,37.653333,-14.1629,6.9243,80.4179,67.9790,12.4389
NLMS,3,period_0943,37.706667,-15.3098,8.1866,78.5299,67.9790,10.5509
NLMS,3,period_0943,37.760000,-16.3660,8.4501,80.2661,67.9790,12.2870
NLMS,3,period_0943,37.800000,-16.2143,6.8598,77.0506,67.9790,9.0716
NLMS,3,period_0943,37.853333,-14.9650,12.5389,73.9871,67.9790,6.0080
NLMS,3,period_0943,37.906667,-15.2552,16.6443,74.5298,67.9790,6.5507
NLMS,3,period_0943,37.960000,-14.5647,15.3288,73.3291,67.9790,5.3500
NLMS,3,period_0943,38.000000,-14.4896,12.0833,73.0636,67.9790,5.0845
NLMS,3,period_0943,38.053333,-12.8616,13.3566,70.5871,67.9790,2.6081
NLMS,3,period_0943,38.106667,-8.9548,2.5058,72.3137,67.9790,4.3347
NLMS,3,period_0943,38.160000,-15.2986,1.5348,80.6654,67.9790,12.6863
NLMS,3,period_0943,38.200000,-15.4712,11.2116,78.1433,67.9790,10.1643
NLMS,3,period_0943,38.253333,-14.9750,11.6384,75.5558,67.9790,7.5768
NLMS,3,period_0943,38.306667,-14.6978,12.4967,75.5104,67.9790,7.5313
NLMS,3,period_0943,38.360000,-14.2684,10.8848,74.4428,67.9790,6.4637
NLMS,3,period_0943,38.400000,-14.1473,9.5464,73.7320,67.9790,5.7530
NLMS,3,period_0943,38.453333,-14.5894,6.9183,75.9725,67.9790,7.9935
NLMS,3,period_0943,38.506667,-15.7347,6.8571,79.2475,67.9790,11.2685
NLMS,3,period_0943,38.560000,-15.4940,12.1491,76.1513,67.9790,8.1723
NLMS,3,period_0943,38.600000,-14.9801,14.8020,74.5883,67.9790,6.6093
NLMS,3,period_0943,38.653333,-14.7770,13.7455,74.8604,67.9790,6.8813
NLMS,3,period_0943,38.706667,-14.8038,11.7390,78.0894,67.9790,10.1104
NLMS,3,period_0943,38.760000,-15.3639,9.4708,80.1957,67.9790,12.2166
NLMS,3,period_0943,38.800000,-14.6453,7.9338,74.7229,67.9790,6.7438
NLMS,3,period_0943,38.853333,-14.0903,11.2350,73.2523,67.9790,5.2733
NLMS,3,period_0943,38.906667,-9.4817,15.6050,68.4306,67.9790,0.4516
NLMS,3,period_0943,38.960000,-11.6312,6.4891,75.1476,67.9790,7.1686
NLMS,3,period_0943,39.000000,-13.3395,1.2961,87.4626,67.9790,19.4836
NLMS,3,period_0943,39.053333,-13.8981,2.9397,88.4478,67.9790,20.4688
NLMS,3,period_0943,39.106667,-15.2843,4.5206,88.4250,67.9790,20.4459
NLMS,3,period_0943,39.160000,-15.8545,7.4547,88.4210,67.9790,20.4420
NLMS,3,period_0943,39.200000,-16.6483,6.1711,88.4334,67.9790,20.4543
NLMS,3,period_0943,39.253333,-17.1113,4.6832,87.1373,67.9790,19.1582
NLMS,3,period_0943,39.306667,-17.3149,6.6640,88.3807,67.9790,20.4017
NLMS,3,period_0943,39.360000,-17.4530,7.2611,88.3677,67.9790,20.3887
NLMS,3,period_0943,39.400000,-17.5904,8.1771,88.3590,67.9790,20.3800
NLMS,3,period_0943,39.453333,-17.6874,10.1173,88.3548,67.9790,20.3758
NLMS,3,period_0943,39.506667,-17.8286,8.3746,88.3429,67.9790,20.3639
NLMS,3,period_0943,39.560000,-17.8829,10.9508,88.3340,67.9790,20.3550
NLMS,3,period_0943,39.600000,-18.0511,9.6433,88.3241,67.9790,20.3450
NLMS,3,period_0943,39.653333,-18.1446,9.3304,88.3192,67.9790,20.3402
NLMS,3,period_0943,39.706667,-18.1806,11.3493,88.3109,67.9790,20.3319
NLMS,3,period_0943,39.760000,-18.4229,6.2049,88.3276,67.9790,20.3485
NLMS,3,period_0943,39.800000,-18.3096,7.3179,87.3330,67.9790,19.3539
NLMS,3,period_0943,39.853333,-18.5386,7.3338,88.3361,67.9790,20.3571
NLMS,3,period_0943,39.906667,-18.5294,7.6695,88.3380,67.9790,20.3589
NLMS,3,period_0943,39.960000,-19.0084,6.5722,88.3044,67.9790,20.3254
NLMS,3,period_0943,40.000000,-14.7495,4.9515,76.2601,67.9790,8.2810
NLMS-PCA (K=20/20),0,period_0707,0.013333,2.6476,-0.4750,85.3920,85.1794,0.2126
NLMS-PCA (K=20/20),0,period_0707,0.053333,2.5567,0.4116,85.4948,85.1794,0.3154
NLMS-PCA (K=20/20),0,period_0707,0.106667,2.4657,0.9420,85.4083,85.1794,0.2289
NLMS-PCA (K=20/20),0,period_0707,0.160000,2.4121,1.4700,85.2843,85.1794,0.1050
NLMS-PCA (K=20/20),0,period_0707,0.200000,2.3889,2.5878,85.2058,85.1794,0.0264
NLMS-PCA (K=20/20),0,period_0707,0.253333,2.3714,2.5061,85.1221,85.1794,-0.0573
NLMS-PCA (K=20/20),0,period_0707,0.306667,2.3598,2.9384,85.0207,85.1794,-0.1587
NLMS-PCA (K=20/20),0,period_0707,0.360000,2.3588,3.6952,84.9678,85.1794,-0.2116
NLMS-PCA (K=20/20),0,period_0707,0.400000,2.3691,3.6504,84.9114,85.1794,-0.2680
NLMS-PCA (K=20/20),0,period_0707,0.453333,2.3845,4.8674,84.8598,85.1794,-0.3196
NLMS-PCA (K=20/20),0,period_0707,0.506667,2.3983,4.6346,84.8102,85.1794,-0.3692
NLMS-PCA (K=20/20),0,period_0707,0.560000,2.4211,4.5997,84.7668,85.1794,-0.4126
NLMS-PCA (K=20/20),0,period_0707,0.600000,2.4372,5.2593,84.7374,85.1794,-0.4419
NLMS-PCA (K=20/20),0,period_0707,0.653333,2.4546,5.0768,84.6858,85.1794,-0.4935
NLMS-PCA (K=20/20),0,period_0707,0.706667,2.4967,6.4575,84.6142,85.1794,-0.5652
NLMS-PCA (K=20/20),0,period_0707,0.760000,2.5335,6.6552,84.5581,85.1794,-0.6213
NLMS-PCA (K=20/20),0,period_0707,0.800000,2.3278,2.2564,84.5868,85.1794,-0.5926
NLMS-PCA (K=20/20),0,period_0707,0.853333,0.5148,-0.6474,85.8408,85.1794,0.6615
NLMS-PCA (K=20/20),0,period_0707,0.906667,-4.3468,2.1850,91.0552,85.1794,5.8758
NLMS-PCA (K=20/20),0,period_0707,0.960000,-4.0286,5.0412,84.8487,85.1794,-0.3307
NLMS-PCA (K=20/20),0,period_0707,1.000000,-0.7779,5.3735,78.9930,85.1794,-6.1863
NLMS-PCA (K=20/20),0,period_0707,1.053333,0.1900,9.0756,79.5103,85.1794,-5.6690
NLMS-PCA (K=20/20),0,period_0707,1.106667,0.0765,14.4824,83.8019,85.1794,-1.3775
NLMS-PCA (K=20/20),0,period_0707,1.160000,-3.4315,8.4225,91.1469,85.1794,5.9675
NLMS-PCA (K=20/20),0,period_0707,1.200000,-1.4532,10.7689,88.0658,85.1794,2.8864
NLMS-PCA (K=20/20),0,period_0707,1.253333,1.9561,7.7335,78.5138,85.1794,-6.6656
NLMS-PCA (K=20/20),0,period_0707,1.306667,9.1122,10.6053,68.9289,85.1794,-16.2505
NLMS-PCA (K=20/20),0,period_0707,1.360000,0.6816,-1.3449,81.5211,85.1794,-3.6583
NLMS-PCA (K=20/20),0,period_0707,1.400000,-0.7245,3.3114,84.3900,85.1794,-0.7893
NLMS-PCA (K=20/20),0,period_0707,1.453333,-1.6297,3.0609,84.7731,85.1794,-0.4063
NLMS-PCA (K=20/20),0,period_0707,1.506667,-1.8948,5.9347,85.9293,85.1794,0.7499
NLMS-PCA (K=20/20),0,period_0707,1.560000,-1.6938,5.5821,86.1539,85.1794,0.9745
NLMS-PCA (K=20/20),0,period_0707,1.600000,-1.6326,7.3941,86.3867,85.1794,1.2073
NLMS-PCA (K=20/20),0,period_0707,1.653333,-1.5209,7.7744,86.6935,85.1794,1.5142
NLMS-PCA (K=20/20),0,period_0707,1.706667,-1.5289,6.4140,86.9622,85.1794,1.7829
NLMS-PCA (K=20/20),0,period_0707,1.760000,-1.6325,6.8305,87.1159,85.1794,1.9365
NLMS-PCA (K=20/20),0,period_0707,1.800000,-1.7093,5.5542,87.2931,85.1794,2.1138
NLMS-PCA (K=20/20),0,period_0707,1.853333,-1.6801,6.0200,87.2459,85.1794,2.0666
NLMS-PCA (K=20/20),0,period_0707,1.906667,-1.7933,5.4945,87.4955,85.1794,2.3161
NLMS-PCA (K=20/20),0,period_0707,1.960000,-1.7805,7.7736,87.6113,85.1794,2.4320
NLMS-PCA (K=20/20),0,period_0707,2.000000,-1.7851,6.2692,87.6281,85.1794,2.4488
NLMS-PCA (K=20/20),0,period_0707,2.053333,-1.8376,6.0575,87.7262,85.1794,2.5468
NLMS-PCA (K=20/20),0,period_0707,2.106667,-1.8196,6.8825,87.7966,85.1794,2.6172
NLMS-PCA (K=20/20),0,period_0707,2.160000,-1.8118,8.1163,87.8389,85.1794,2.6595
NLMS-PCA (K=20/20),0,period_0707,2.200000,-1.8769,4.3053,87.9456,85.1794,2.7662
NLMS-PCA (K=20/20),0,period_0707,2.253333,-1.8522,6.4029,88.0153,85.1794,2.8360
NLMS-PCA (K=20/20),0,period_0707,2.306667,-1.9185,5.9234,88.0957,85.1794,2.9163
NLMS-PCA (K=20/20),0,period_0707,2.360000,-1.8964,6.3346,88.1493,85.1794,2.9699
NLMS-PCA (K=20/20),0,period_0707,2.400000,-1.8651,8.7843,88.1904,85.1794,3.0110
NLMS-PCA (K=20/20),0,period_0707,2.453333,-1.9106,7.4082,88.2869,85.1794,3.1076
NLMS-PCA (K=20/20),0,period_0707,2.506667,-1.9592,5.7431,88.4886,85.1794,3.3092
NLMS-PCA (K=20/20),0,period_0707,2.560000,-2.7960,8.3342,87.8094,85.1794,2.6300
NLMS-PCA (K=20/20),0,period_0707,2.600000,-1.7018,15.0955,87.2738,85.1794,2.0944
NLMS-PCA (K=20/20),0,period_0707,2.653333,-0.9395,9.8775,80.2840,85.1794,-4.8953
NLMS-PCA (K=20/20),0,period_0707,2.706667,0.6688,14.3540,78.1260,85.1794,-7.0534
NLMS-PCA (K=20/20),0,period_0707,2.760000,1.2033,11.5715,82.5209,85.1794,-2.6584
NLMS-PCA (K=20/20),0,period_0707,2.800000,-1.3748,5.6810,86.8489,85.1794,1.6695
NLMS-PCA (K=20/20),0,period_0707,2.853333,1.6933,2.2162,82.7828,85.1794,-2.3966
NLMS-PCA (K=20/20),0,period_0707,2.906667,-1.6585,3.1338,90.3012,85.1794,5.1218
NLMS-PCA (K=20/20),0,period_0707,2.960000,0.5825,2.1106,83.6692,85.1794,-1.5101
NLMS-PCA (K=20/20),0,period_0707,3.000000,-2.6048,1.8842,87.0309,85.1794,1.8515
NLMS-PCA (K=20/20),0,period_0707,3.053333,-5.3697,5.8966,93.0680,85.1794,7.8886
NLMS-PCA (K=20/20),0,period_0707,3.106667,-6.8385,8.4720,95.0980,85.1794,9.9186
NLMS-PCA (K=20/20),0,period_0707,3.160000,-6.3445,7.3607,94.5376,85.1794,9.3582
NLMS-PCA (K=20/20),0,period_0707,3.200000,-5.7921,4.6117,94.0282,85.1794,8.8488
NLMS-PCA (K=20/20),0,period_0707,3.253333,-3.2369,6.9093,93.0714,85.1794,7.8921
NLMS-PCA (K=20/20),0,period_0707,3.306667,-3.7152,6.3588,93.1637,85.1794,7.9843
NLMS-PCA (K=20/20),0,period_0707,3.360000,-3.3596,7.1154,93.1378,85.1794,7.9585
NLMS-PCA (K=20/20),0,period_0707,3.400000,-3.4116,6.6062,92.9133,85.1794,7.7339
NLMS-PCA (K=20/20),0,period_0707,3.453333,-3.4485,8.5787,92.8869,85.1794,7.7075
NLMS-PCA (K=20/20),0,period_0707,3.506667,-2.9511,8.1846,92.8652,85.1794,7.6858
NLMS-PCA (K=20/20),0,period_0707,3.560000,-3.0904,6.2307,92.7770,85.1794,7.5977
NLMS-PCA (K=20/20),0,period_0707,3.600000,-3.2340,8.2953,92.8392,85.1794,7.6598
NLMS-PCA (K=20/20),0,period_0707,3.653333,-3.1245,7.0098,92.7752,85.1794,7.5959
NLMS-PCA (K=20/20),0,period_0707,3.706667,-3.1618,6.8032,92.8288,85.1794,7.6494
NLMS-PCA (K=20/20),0,period_0707,3.760000,-3.1175,6.8537,92.8933,85.1794,7.7139
NLMS-PCA (K=20/20),0,period_0707,3.800000,-3.1883,6.2211,92.8478,85.1794,7.6684
NLMS-PCA (K=20/20),0,period_0707,3.853333,-3.2964,5.0030,92.8898,85.1794,7.7104
NLMS-PCA (K=20/20),0,period_0707,3.906667,-3.2571,6.8448,92.8719,85.1794,7.6926
NLMS-PCA (K=20/20),0,period_0707,3.960000,-3.2573,6.4343,92.8721,85.1794,7.6927
NLMS-PCA (K=20/20),0,period_0707,4.000000,-3.2974,8.1352,92.9035,85.1794,7.7241
NLMS-PCA (K=20/20),0,period_0707,4.053333,-4.1284,12.0167,93.0618,85.1794,7.8824
NLMS-PCA (K=20/20),0,period_0707,4.106667,-4.4538,8.0381,86.5716,85.1794,1.3923
NLMS-PCA (K=20/20),0,period_0707,4.160000,1.0455,7.2752,78.2675,85.1794,-6.9119
NLMS-PCA (K=20/20),0,period_0707,4.200000,0.5638,7.5995,80.1484,85.1794,-5.0310
NLMS-PCA (K=20/20),0,period_0707,4.253333,1.2040,8.3917,76.8399,85.1794,-8.3395
NLMS-PCA (K=20/20),0,period_0707,4.306667,0.9728,11.9023,77.8197,85.1794,-7.3596
NLMS-PCA (K=20/20),0,period_0707,4.360000,-0.4080,7.9735,85.6912,85.1794,0.5118
NLMS-PCA (K=20/20),0,period_0707,4.400000,-3.2963,6.9484,88.9318,85.1794,3.7524
NLMS-PCA (K=20/20),0,period_0707,4.453333,-1.3877,11.4143,88.4043,85.1794,3.2249
NLMS-PCA (K=20/20),0,period_0707,4.506667,-0.9165,14.1563,86.3935,85.1794,1.2141
NLMS-PCA (K=20/20),0,period_0707,4.560000,-0.3877,11.2311,87.5735,85.1794,2.3941
NLMS-PCA (K=20/20),0,period_0707,4.600000,0.1044,7.8810,89.4053,85.1794,4.2260
NLMS-PCA (K=20/20),0,period_0707,4.653333,1.5137,7.0191,86.5516,85.1794,1.3722
NLMS-PCA (K=20/20),0,period_0707,4.706667,-0.6473,-0.1543,81.5822,85.1794,-3.5972
NLMS-PCA (K=20/20),0,period_0707,4.760000,-2.3085,4.3728,91.3548,85.1794,6.1754
NLMS-PCA (K=20/20),0,period_0707,4.800000,0.0397,5.7664,87.1732,85.1794,1.9938
NLMS-PCA (K=20/20),0,period_0707,4.853333,1.3168,1.9835,83.1064,85.1794,-2.0730
NLMS-PCA (K=20/20),0,period_0707,4.906667,-2.9948,3.5988,86.2920,85.1794,1.1127
NLMS-PCA (K=20/20),0,period_0707,4.960000,-5.8772,5.1901,92.6122,85.1794,7.4329
NLMS-PCA (K=20/20),0,period_0707,5.000000,-6.3500,5.8972,94.4926,85.1794,9.3132
NLMS-PCA (K=20/20),0,period_0707,5.053333,-5.9678,4.8386,94.4632,85.1794,9.2839
NLMS-PCA (K=20/20),0,period_0707,5.106667,-3.8949,5.5889,94.3174,85.1794,9.1380
NLMS-PCA (K=20/20),0,period_0707,5.160000,-3.2199,8.6246,94.1427,85.1794,8.9633
NLMS-PCA (K=20/20),0,period_0707,5.200000,-3.1123,9.7135,94.4323,85.1794,9.2529
NLMS-PCA (K=20/20),0,period_0707,5.253333,-3.5165,8.1648,94.4542,85.1794,9.2748
NLMS-PCA (K=20/20),0,period_0707,5.306667,-3.1476,6.0923,94.2203,85.1794,9.0409
NLMS-PCA (K=20/20),0,period_0707,5.360000,-2.5885,8.7429,94.1103,85.1794,8.9309
NLMS-PCA (K=20/20),0,period_0707,5.400000,-3.0382,4.5332,94.1028,85.1794,8.9234
NLMS-PCA (K=20/20),0,period_0707,5.453333,-2.9658,7.1422,94.1110,85.1794,8.9317
NLMS-PCA (K=20/20),0,period_0707,5.506667,-3.0016,9.2965,94.0925,85.1794,8.9131
NLMS-PCA (K=20/20),0,period_0707,5.560000,-3.0080,8.1243,94.0497,85.1794,8.8704
NLMS-PCA (K=20/20),0,period_0707,5.600000,-2.8561,9.5105,94.1056,85.1794,8.9262
NLMS-PCA (K=20/20),0,period_0707,5.653333,-2.9791,7.2080,94.0866,85.1794,8.9073
NLMS-PCA (K=20/20),0,period_0707,5.706667,-2.8503,8.6928,94.0579,85.1794,8.8785
NLMS-PCA (K=20/20),0,period_0707,5.760000,-2.8335,7.4971,94.0848,85.1794,8.9055
NLMS-PCA (K=20/20),0,period_0707,5.800000,-2.9317,6.1633,94.0723,85.1794,8.8930
NLMS-PCA (K=20/20),0,period_0707,5.853333,-6.0415,6.6800,96.5192,85.1794,11.3398
NLMS-PCA (K=20/20),0,period_0707,5.906667,-1.9994,6.8093,80.7018,85.1794,-4.4775
NLMS-PCA (K=20/20),0,period_0707,5.960000,1.4574,8.0625,78.9568,85.1794,-6.2226
NLMS-PCA (K=20/20),0,period_0707,6.000000,1.8646,6.6397,77.6066,85.1794,-7.5728
NLMS-PCA (K=20/20),0,period_0707,6.053333,5.1219,6.6608,72.8398,85.1794,-12.3395
NLMS-PCA (K=20/20),0,period_0707,6.106667,3.7032,4.8653,73.3122,85.1794,-11.8672
NLMS-PCA (K=20/20),0,period_0707,6.160000,5.7729,6.9044,73.3414,85.1794,-11.8380
NLMS-PCA (K=20/20),0,period_0707,6.200000,1.4710,2.6557,78.0792,85.1794,-7.1002
NLMS-PCA (K=20/20),0,period_0707,6.253333,-2.6114,0.9620,87.7660,85.1794,2.5866
NLMS-PCA (K=20/20),0,period_0707,6.306667,-2.6722,3.8089,89.3158,85.1794,4.1364
NLMS-PCA (K=20/20),0,period_0707,6.360000,0.0263,4.3978,78.1582,85.1794,-7.0212
NLMS-PCA (K=20/20),0,period_0707,6.400000,0.8466,9.1232,78.4159,85.1794,-6.7635
NLMS-PCA (K=20/20),0,period_0707,6.453333,0.3457,8.6798,77.8595,85.1794,-7.3199
NLMS-PCA (K=20/20),0,period_0707,6.506667,1.7488,9.4366,82.7930,85.1794,-2.3864
NLMS-PCA (K=20/20),0,period_0707,6.560000,-2.2489,5.7127,88.6969,85.1794,3.5175
NLMS-PCA (K=20/20),0,period_0707,6.600000,-0.9279,16.1907,87.8741,85.1794,2.6948
NLMS-PCA (K=20/20),0,period_0707,6.653333,-1.5815,14.6454,91.6766,85.1794,6.4973
NLMS-PCA (K=20/20),0,period_0707,6.706667,-0.8281,10.3553,89.4225,85.1794,4.2431
NLMS-PCA (K=20/20),0,period_0707,6.760000,-2.4998,7.9547,89.1383,85.1794,3.9589
NLMS-PCA (K=20/20),0,period_0707,6.800000,-1.9955,10.1844,90.9759,85.1794,5.7965
NLMS-PCA (K=20/20),0,period_0707,6.853333,-0.0378,3.3423,90.2720,85.1794,5.0927
NLMS-PCA (K=20/20),0,period_0707,6.906667,-1.0976,5.3293,88.1196,85.1794,2.9403
NLMS-PCA (K=20/20),0,period_0707,6.960000,1.0898,7.9426,85.4603,85.1794,0.2810
NLMS-PCA (K=20/20),0,period_0707,7.000000,2.1771,7.7199,84.0605,85.1794,-1.1189
NLMS-PCA (K=20/20),0,period_0707,7.053333,0.1672,2.6210,80.2021,85.1794,-4.9772
NLMS-PCA (K=20/20),0,period_0707,7.106667,-3.2258,3.7180,89.1779,85.1794,3.9985
NLMS-PCA (K=20/20),0,period_0707,7.160000,-2.3855,6.1684,90.2488,85.1794,5.0694
NLMS-PCA (K=20/20),0,period_0707,7.200000,-4.2113,3.3646,90.5524,85.1794,5.3731
NLMS-PCA (K=20/20),0,period_0707,7.253333,-3.5851,3.8706,90.7878,85.1794,5.6084
NLMS-PCA (K=20/20),0,period_0707,7.306667,-3.6419,5.9346,90.3343,85.1794,5.1549
NLMS-PCA (K=20/20),0,period_0707,7.360000,-3.4476,7.3517,90.9003,85.1794,5.7209
NLMS-PCA (K=20/20),0,period_0707,7.400000,-3.0601,8.0747,92.5189,85.1794,7.3395
NLMS-PCA (K=20/20),0,period_0707,7.453333,-3.3135,4.7899,90.8080,85.1794,5.6286
NLMS-PCA (K=20/20),0,period_0707,7.506667,-2.2799,9.7463,83.8280,85.1794,-1.3514
NLMS-PCA (K=20/20),0,period_0707,7.560000,-1.0828,8.7343,86.7147,85.1794,1.5353
NLMS-PCA (K=20/20),0,period_0707,7.600000,-2.6958,2.6443,88.4234,85.1794,3.2440
NLMS-PCA (K=20/20),0,period_0707,7.653333,-0.8846,9.3801,85.9849,85.1794,0.8055
NLMS-PCA (K=20/20),0,period_0707,7.706667,-0.7058,12.7163,85.5884,85.1794,0.4090
NLMS-PCA (K=20/20),0,period_0707,7.760000,-0.8651,10.3730,83.9933,85.1794,-1.1860
NLMS-PCA (K=20/20),0,period_0707,7.800000,-0.8320,8.2210,83.2456,85.1794,-1.9337
NLMS-PCA (K=20/20),0,period_0707,7.853333,-1.1047,13.7362,86.9289,85.1794,1.7495
NLMS-PCA (K=20/20),0,period_0707,7.906667,-1.4563,13.4855,90.2290,85.1794,5.0496
NLMS-PCA (K=20/20),0,period_0707,7.960000,-0.5328,12.4053,88.5444,85.1794,3.3650
NLMS-PCA (K=20/20),0,period_0707,8.000000,0.7362,14.0625,83.2445,85.1794,-1.9348
NLMS-PCA (K=20/20),0,period_0707,8.053333,2.2402,15.2965,88.6169,85.1794,3.4376
NLMS-PCA (K=20/20),0,period_0707,8.106667,5.3957,2.4262,72.4676,85.1794,-12.7117
NLMS-PCA (K=20/20),0,period_0707,8.160000,1.6647,7.6248,85.3317,85.1794,0.1524
NLMS-PCA (K=20/20),0,period_0707,8.200000,1.1769,11.6009,87.9039,85.1794,2.7245
NLMS-PCA (K=20/20),0,period_0707,8.253333,0.2686,12.9062,89.6121,85.1794,4.4327
NLMS-PCA (K=20/20),0,period_0707,8.306667,-0.3242,13.4002,88.6166,85.1794,3.4372
NLMS-PCA (K=20/20),0,period_0707,8.360000,0.2433,15.5766,89.9674,85.1794,4.7880
NLMS-PCA (K=20/20),0,period_0707,8.400000,0.5110,11.3202,88.0076,85.1794,2.8282
NLMS-PCA (K=20/20),0,period_0707,8.453333,-1.0529,5.5672,91.4752,85.1794,6.2958
NLMS-PCA (K=20/20),0,period_0707,8.506667,-1.4800,11.7892,90.4469,85.1794,5.2676
NLMS-PCA (K=20/20),0,period_0707,8.560000,-1.8533,12.1218,91.5747,85.1794,6.3953
NLMS-PCA (K=20/20),0,period_0707,8.600000,-1.0676,12.6437,91.4865,85.1794,6.3071
NLMS-PCA (K=20/20),0,period_0707,8.653333,-2.2223,12.1769,91.7014,85.1794,6.5220
NLMS-PCA (K=20/20),0,period_0707,8.706667,-1.6178,9.8319,91.6929,85.1794,6.5135
NLMS-PCA (K=20/20),0,period_0707,8.760000,-0.8801,13.0747,91.3122,85.1794,6.1328
NLMS-PCA (K=20/20),0,period_0707,8.800000,-1.1051,10.9882,85.3268,85.1794,0.1475
NLMS-PCA (K=20/20),0,period_0707,8.853333,0.8031,15.3522,79.3028,85.1794,-5.8766
NLMS-PCA (K=20/20),0,period_0707,8.906667,6.2925,16.9246,72.1761,85.1794,-13.0033
NLMS-PCA (K=20/20),0,period_0707,8.960000,5.4195,9.2035,77.4968,85.1794,-7.6825
NLMS-PCA (K=20/20),0,period_0707,9.000000,1.3435,2.3642,83.7588,85.1794,-1.4206
NLMS-PCA (K=20/20),0,period_0707,9.053333,1.7361,4.1061,86.8697,85.1794,1.6903
NLMS-PCA (K=20/20),0,period_0707,9.106667,-0.1771,2.2904,89.9864,85.1794,4.8070
NLMS-PCA (K=20/20),0,period_0707,9.160000,-0.3642,6.7697,89.8602,85.1794,4.6808
NLMS-PCA (K=20/20),0,period_0707,9.200000,-0.7592,5.8325,90.0748,85.1794,4.8955
NLMS-PCA (K=20/20),0,period_0707,9.253333,-0.8439,5.3909,90.2826,85.1794,5.1033
NLMS-PCA (K=20/20),0,period_0707,9.306667,-0.8938,6.6777,90.2539,85.1794,5.0745
NLMS-PCA (K=20/20),0,period_0707,9.360000,-0.9761,5.7847,90.4821,85.1794,5.3027
NLMS-PCA (K=20/20),0,period_0707,9.400000,-1.2068,5.8095,90.5981,85.1794,5.4188
NLMS-PCA (K=20/20),0,period_0707,9.453333,-1.2695,6.5856,90.5758,85.1794,5.3964
NLMS-PCA (K=20/20),0,period_0707,9.506667,-1.1981,6.1850,90.6875,85.1794,5.5082
NLMS-PCA (K=20/20),0,period_0707,9.560000,-1.1508,6.4706,90.7083,85.1794,5.5290
NLMS-PCA (K=20/20),0,period_0707,9.600000,-1.2829,6.5035,90.4093,85.1794,5.2299
NLMS-PCA (K=20/20),0,period_0707,9.653333,-1.3623,5.1312,90.5030,85.1794,5.3236
NLMS-PCA (K=20/20),0,period_0707,9.706667,-1.2091,5.3066,90.3656,85.1794,5.1862
NLMS-PCA (K=20/20),0,period_0707,9.760000,-1.0566,6.4236,89.9998,85.1794,4.8204
NLMS-PCA (K=20/20),0,period_0707,9.800000,-0.7126,7.9766,89.9387,85.1794,4.7593
NLMS-PCA (K=20/20),0,period_0707,9.853333,-0.8974,6.0917,89.9417,85.1794,4.7623
NLMS-PCA (K=20/20),0,period_0707,9.906667,-0.8078,8.2255,89.9124,85.1794,4.7330
NLMS-PCA (K=20/20),0,period_0707,9.960000,-1.9615,4.6371,88.8351,85.1794,3.6557
NLMS-PCA (K=20/20),0,period_0707,10.000000,2.3665,4.4121,86.3853,85.1794,1.2059
NLMS-PCA (K=20/20),1,period_0856,10.013333,-0.4272,-40.0717,76.0553,75.6790,0.3762
NLMS-PCA (K=20/20),1,period_0856,10.053333,-0.5199,0.6344,76.0646,75.6790,0.3856
NLMS-PCA (K=20/20),1,period_0856,10.106667,-0.6130,1.7127,76.0792,75.6790,0.4001
NLMS-PCA (K=20/20),1,period_0856,10.160000,-0.6726,3.7361,76.0956,75.6790,0.4166
NLMS-PCA (K=20/20),1,period_0856,10.200000,-0.7044,4.4014,76.1055,75.6790,0.4265
NLMS-PCA (K=20/20),1,period_0856,10.253333,-0.7457,4.4190,76.1250,75.6790,0.4460
NLMS-PCA (K=20/20),1,period_0856,10.306667,-0.7773,5.1301,76.1458,75.6790,0.4668
NLMS-PCA (K=20/20),1,period_0856,10.360000,-0.8100,4.6505,76.1701,75.6790,0.4911
NLMS-PCA (K=20/20),1,period_0856,10.400000,-0.8277,6.3361,76.1842,75.6790,0.5052
NLMS-PCA (K=20/20),1,period_0856,10.453333,-0.8555,5.8948,76.2039,75.6790,0.5249
NLMS-PCA (K=20/20),1,period_0856,10.506667,-0.8724,5.5222,76.2168,75.6790,0.5378
NLMS-PCA (K=20/20),1,period_0856,10.560000,-0.8942,6.1684,76.2367,75.6790,0.5576
NLMS-PCA (K=20/20),1,period_0856,10.600000,-0.9076,6.7147,76.2486,75.6790,0.5695
NLMS-PCA (K=20/20),1,period_0856,10.653333,-0.9259,7.0504,76.2606,75.6790,0.5816
NLMS-PCA (K=20/20),1,period_0856,10.706667,-0.9536,6.3382,76.2808,75.6790,0.6018
NLMS-PCA (K=20/20),1,period_0856,10.760000,-0.9776,7.3838,76.3011,75.6790,0.6221
NLMS-PCA (K=20/20),1,period_0856,10.800000,-1.5010,1.1295,76.8870,75.6790,1.2080
NLMS-PCA (K=20/20),1,period_0856,10.853333,-4.3055,3.0750,80.3107,75.6790,4.6317
NLMS-PCA (K=20/20),1,period_0856,10.906667,-7.8375,8.3301,84.8455,75.6790,9.1664
NLMS-PCA (K=20/20),1,period_0856,10.960000,-8.3907,8.6566,85.0728,75.6790,9.3938
NLMS-PCA (K=20/20),1,period_0856,11.000000,-7.2165,9.6983,84.1706,75.6790,8.4916
NLMS-PCA (K=20/20),1,period_0856,11.053333,-6.5223,8.7042,78.2844,75.6790,2.6054
NLMS-PCA (K=20/20),1,period_0856,11.106667,-5.0836,12.4100,77.7071,75.6790,2.0281
NLMS-PCA (K=20/20),1,period_0856,11.160000,-8.2112,4.5475,80.5125,75.6790,4.8335
NLMS-PCA (K=20/20),1,period_0856,11.200000,-7.4905,10.3498,80.0920,75.6790,4.4130
NLMS-PCA (K=20/20),1,period_0856,11.253333,-4.9585,8.9903,73.8001,75.6790,-1.8790
NLMS-PCA (K=20/20),1,period_0856,11.306667,-2.3529,12.1600,76.4033,75.6790,0.7243
NLMS-PCA (K=20/20),1,period_0856,11.360000,-6.3196,2.1585,82.6954,75.6790,7.0163
NLMS-PCA (K=20/20),1,period_0856,11.400000,-7.0191,4.1502,83.6388,75.6790,7.9598
NLMS-PCA (K=20/20),1,period_0856,11.453333,-7.2627,5.6225,84.2238,75.6790,8.5448
NLMS-PCA (K=20/20),1,period_0856,11.506667,-7.6665,7.5730,85.6311,75.6790,9.9520
NLMS-PCA (K=20/20),1,period_0856,11.560000,-7.8420,7.6811,86.3408,75.6790,10.6617
NLMS-PCA (K=20/20),1,period_0856,11.600000,-7.9047,9.0788,86.7246,75.6790,11.0455
NLMS-PCA (K=20/20),1,period_0856,11.653333,-7.9650,8.5804,86.7115,75.6790,11.0325
NLMS-PCA (K=20/20),1,period_0856,11.706667,-8.0432,9.4567,86.7196,75.6790,11.0405
NLMS-PCA (K=20/20),1,period_0856,11.760000,-8.0523,10.7802,86.6683,75.6790,10.9893
NLMS-PCA (K=20/20),1,period_0856,11.800000,-8.0820,9.2001,86.6461,75.6790,10.9670
NLMS-PCA (K=20/20),1,period_0856,11.853333,-8.1124,9.7113,86.6428,75.6790,10.9638
NLMS-PCA (K=20/20),1,period_0856,11.906667,-8.1366,8.7267,86.6341,75.6790,10.9551
NLMS-PCA (K=20/20),1,period_0856,11.960000,-8.1624,7.7484,86.6520,75.6790,10.9729
NLMS-PCA (K=20/20),1,period_0856,12.000000,-8.1658,10.7789,86.6317,75.6790,10.9527
NLMS-PCA (K=20/20),1,period_0856,12.053333,-8.1794,9.5466,86.6015,75.6790,10.9225
NLMS-PCA (K=20/20),1,period_0856,12.106667,-8.2030,7.4876,86.6035,75.6790,10.9245
NLMS-PCA (K=20/20),1,period_0856,12.160000,-8.2237,9.7022,86.6062,75.6790,10.9272
NLMS-PCA (K=20/20),1,period_0856,12.200000,-8.2507,6.8748,86.6096,75.6790,10.9306
NLMS-PCA (K=20/20),1,period_0856,12.253333,-8.2361,9.9058,86.6032,75.6790,10.9242
NLMS-PCA (K=20/20),1,period_0856,12.306667,-8.2471,10.1309,86.6170,75.6790,10.9380
NLMS-PCA (K=20/20),1,period_0856,12.360000,-8.2459,8.7424,86.6155,75.6790,10.9365
NLMS-PCA (K=20/20),1,period_0856,12.400000,-8.2435,10.3633,86.5931,75.6790,10.9140
NLMS-PCA (K=20/20),1,period_0856,12.453333,-8.2514,10.4042,86.5794,75.6790,10.9004
NLMS-PCA (K=20/20),1,period_0856,12.506667,-8.2655,8.0516,86.5818,75.6790,10.9027
NLMS-PCA (K=20/20),1,period_0856,12.560000,-8.3344,18.6661,86.5052,75.6790,10.8262
NLMS-PCA (K=20/20),1,period_0856,12.600000,-8.1214,14.1270,82.0208,75.6790,6.3418
NLMS-PCA (K=20/20),1,period_0856,12.653333,-7.8372,11.8720,80.6045,75.6790,4.9255
NLMS-PCA (K=20/20),1,period_0856,12.706667,-7.2656,10.1893,78.8957,75.6790,3.2167
NLMS-PCA (K=20/20),1,period_0856,12.760000,-5.8494,7.9824,78.6002,75.6790,2.9212
NLMS-PCA (K=20/20),1,period_0856,12.800000,-7.0286,3.7398,83.1875,75.6790,7.5085
NLMS-PCA (K=20/20),1,period_0856,12.853333,-5.3802,2.1038,83.8207,75.6790,8.1416
NLMS-PCA (K=20/20),1,period_0856,12.906667,-6.8874,7.7818,84.7718,75.6790,9.0927
NLMS-PCA (K=20/20),1,period_0856,12.960000,-3.3935,6.4503,77.0549,75.6790,1.3758
NLMS-PCA (K=20/20),1,period_0856,13.000000,-4.8349,3.7132,79.9521,75.6790,4.2731
NLMS-PCA (K=20/20),1,period_0856,13.053333,-7.2887,6.0185,83.1066,75.6790,7.4276
NLMS-PCA (K=20/20),1,period_0856,13.106667,-8.0641,7.0245,83.3865,75.6790,7.7075
NLMS-PCA (K=20/20),1,period_0856,13.160000,-8.2386,6.4889,83.1888,75.6790,7.5098
NLMS-PCA (K=20/20),1,period_0856,13.200000,-8.4582,5.6072,83.2042,75.6790,7.5252
NLMS-PCA (K=20/20),1,period_0856,13.253333,-8.8161,7.3423,83.5066,75.6790,7.8276
NLMS-PCA (K=20/20),1,period_0856,13.306667,-8.8883,8.8886,83.6027,75.6790,7.9237
NLMS-PCA (K=20/20),1,period_0856,13.360000,-8.8664,11.1147,83.5563,75.6790,7.8773
NLMS-PCA (K=20/20),1,period_0856,13.400000,-8.8573,9.4343,83.6453,75.6790,7.9663
NLMS-PCA (K=20/20),1,period_0856,13.453333,-8.9036,10.7895,83.6692,75.6790,7.9902
NLMS-PCA (K=20/20),1,period_0856,13.506667,-8.9486,10.1180,83.7473,75.6790,8.0683
NLMS-PCA (K=20/20),1,period_0856,13.560000,-8.9308,9.5519,83.8133,75.6790,8.1343
NLMS-PCA (K=20/20),1,period_0856,13.600000,-9.0122,9.1930,83.8401,75.6790,8.1611
NLMS-PCA (K=20/20),1,period_0856,13.653333,-9.0352,9.0929,83.9270,75.6790,8.2479
NLMS-PCA (K=20/20),1,period_0856,13.706667,-9.0238,8.6316,83.9457,75.6790,8.2667
NLMS-PCA (K=20/20),1,period_0856,13.760000,-9.0762,7.7444,83.9886,75.6790,8.3096
NLMS-PCA (K=20/20),1,period_0856,13.800000,-9.1117,10.0469,84.0150,75.6790,8.3360
NLMS-PCA (K=20/20),1,period_0856,13.853333,-9.0874,7.7654,84.0147,75.6790,8.3356
NLMS-PCA (K=20/20),1,period_0856,13.906667,-9.0917,9.2449,84.0468,75.6790,8.3678
NLMS-PCA (K=20/20),1,period_0856,13.960000,-9.0782,11.1644,84.0446,75.6790,8.3656
NLMS-PCA (K=20/20),1,period_0856,14.000000,-9.1275,6.5433,84.0377,75.6790,8.3587
NLMS-PCA (K=20/20),1,period_0856,14.053333,-9.1300,12.7801,84.1933,75.6790,8.5143
NLMS-PCA (K=20/20),1,period_0856,14.106667,-9.2366,10.0345,84.7855,75.6790,9.1065
NLMS-PCA (K=20/20),1,period_0856,14.160000,-8.0511,9.1927,80.8533,75.6790,5.1742
NLMS-PCA (K=20/20),1,period_0856,14.200000,-7.7368,11.4747,80.4936,75.6790,4.8146
NLMS-PCA (K=20/20),1,period_0856,14.253333,-7.1625,9.2460,79.5285,75.6790,3.8495
NLMS-PCA (K=20/20),1,period_0856,14.306667,-6.9134,11.0587,79.4589,75.6790,3.7798
NLMS-PCA (K=20/20),1,period_0856,14.360000,-7.0922,7.1704,79.1940,75.6790,3.5150
NLMS-PCA (K=20/20),1,period_0856,14.400000,-7.0397,6.2893,77.9192,75.6790,2.2401
NLMS-PCA (K=20/20),1,period_0856,14.453333,-7.4625,8.3874,80.7556,75.6790,5.0766
NLMS-PCA (K=20/20),1,period_0856,14.506667,-7.3762,12.0812,80.5913,75.6790,4.9123
NLMS-PCA (K=20/20),1,period_0856,14.560000,-7.2220,9.4424,80.1461,75.6790,4.4671
NLMS-PCA (K=20/20),1,period_0856,14.600000,-6.7827,10.5978,77.5385,75.6790,1.8595
NLMS-PCA (K=20/20),1,period_0856,14.653333,-5.3021,11.7778,74.5308,75.6790,-1.1482
NLMS-PCA (K=20/20),1,period_0856,14.706667,-4.8274,2.7114,83.0532,75.6790,7.3742
NLMS-PCA (K=20/20),1,period_0856,14.760000,-7.7350,7.6118,84.8874,75.6790,9.2084
NLMS-PCA (K=20/20),1,period_0856,14.800000,-6.7713,7.8948,82.6181,75.6790,6.9390
NLMS-PCA (K=20/20),1,period_0856,14.853333,-4.7627,3.6972,76.7378,75.6790,1.0588
NLMS-PCA (K=20/20),1,period_0856,14.906667,-7.2207,5.3467,82.5610,75.6790,6.8819
NLMS-PCA (K=20/20),1,period_0856,14.960000,-7.8538,6.5945,83.3555,75.6790,7.6765
NLMS-PCA (K=20/20),1,period_0856,15.000000,-8.1034,6.5573,83.4610,75.6790,7.7820
NLMS-PCA (K=20/20),1,period_0856,15.053333,-7.9707,7.0981,83.3501,75.6790,7.6711
NLMS-PCA (K=20/20),1,period_0856,15.106667,-8.6168,7.0740,84.1478,75.6790,8.4688
NLMS-PCA (K=20/20),1,period_0856,15.160000,-8.5586,8.8809,84.1624,75.6790,8.4834
NLMS-PCA (K=20/20),1,period_0856,15.200000,-8.6792,9.3080,84.3376,75.6790,8.6586
NLMS-PCA (K=20/20),1,period_0856,15.253333,-8.7488,10.7320,84.3270,75.6790,8.6480
NLMS-PCA (K=20/20),1,period_0856,15.306667,-8.6802,9.3435,84.3638,75.6790,8.6848
NLMS-PCA (K=20/20),1,period_0856,15.360000,-8.7271,10.0948,84.4526,75.6790,8.7736
NLMS-PCA (K=20/20),1,period_0856,15.400000,-8.8667,8.5410,84.5194,75.6790,8.8404
NLMS-PCA (K=20/20),1,period_0856,15.453333,-8.8049,7.7715,84.4875,75.6790,8.8084
NLMS-PCA (K=20/20),1,period_0856,15.506667,-8.8325,9.4991,84.5280,75.6790,8.8490
NLMS-PCA (K=20/20),1,period_0856,15.560000,-8.8350,9.6692,84.5295,75.6790,8.8505
NLMS-PCA (K=20/20),1,period_0856,15.600000,-8.8054,11.1539,84.5167,75.6790,8.8377
NLMS-PCA (K=20/20),1,period_0856,15.653333,-8.8231,9.4284,84.5333,75.6790,8.8542
NLMS-PCA (K=20/20),1,period_0856,15.706667,-8.8269,9.9843,84.5225,75.6790,8.8435
NLMS-PCA (K=20/20),1,period_0856,15.760000,-8.8409,9.2570,84.5573,75.6790,8.8783
NLMS-PCA (K=20/20),1,period_0856,15.800000,-8.8536,9.5835,84.5653,75.6790,8.8862
NLMS-PCA (K=20/20),1,period_0856,15.853333,-9.3926,9.6963,86.8360,75.6790,11.1569
NLMS-PCA (K=20/20),1,period_0856,15.906667,-8.0802,10.2189,83.6588,75.6790,7.9798
NLMS-PCA (K=20/20),1,period_0856,15.960000,-6.6592,8.7783,80.9675,75.6790,5.2884
NLMS-PCA (K=20/20),1,period_0856,16.000000,-6.2079,9.4737,79.7830,75.6790,4.1040
NLMS-PCA (K=20/20),1,period_0856,16.053333,-4.4491,5.3315,76.3112,75.6790,0.6321
NLMS-PCA (K=20/20),1,period_0856,16.106667,-5.5414,5.6693,77.5063,75.6790,1.8272
NLMS-PCA (K=20/20),1,period_0856,16.160000,-5.1380,8.9452,74.0578,75.6790,-1.6212
NLMS-PCA (K=20/20),1,period_0856,16.200000,-6.6185,2.0783,78.9387,75.6790,3.2597
NLMS-PCA (K=20/20),1,period_0856,16.253333,-8.0201,5.7621,83.8756,75.6790,8.1965
NLMS-PCA (K=20/20),1,period_0856,16.306667,-8.4707,6.8617,85.2815,75.6790,9.6025
NLMS-PCA (K=20/20),1,period_0856,16.360000,-7.0669,5.1726,79.5220,75.6790,3.8429
NLMS-PCA (K=20/20),1,period_0856,16.400000,-5.6794,10.2620,78.1342,75.6790,2.4551
NLMS-PCA (K=20/20),1,period_0856,16.453333,-6.4226,6.4735,77.3343,75.6790,1.6553
NLMS-PCA (K=20/20),1,period_0856,16.506667,-5.9130,9.4336,80.0849,75.6790,4.4058
NLMS-PCA (K=20/20),1,period_0856,16.560000,-7.3614,5.1030,81.9075,75.6790,6.2285
NLMS-PCA (K=20/20),1,period_0856,16.600000,-6.5918,15.5483,78.7885,75.6790,3.1095
NLMS-PCA (K=20/20),1,period_0856,16.653333,-6.8782,12.7876,79.7305,75.6790,4.0514
NLMS-PCA (K=20/20),1,period_0856,16.706667,-7.1710,10.6488,79.7781,75.6790,4.0990
NLMS-PCA (K=20/20),1,period_0856,16.760000,-7.8343,9.4291,80.6692,75.6790,4.9902
NLMS-PCA (K=20/20),1,period_0856,16.800000,-7.7444,8.7516,79.5079,75.6790,3.8289
NLMS-PCA (K=20/20),1,period_0856,16.853333,-6.4061,3.5235,76.8461,75.6790,1.1671
NLMS-PCA (K=20/20),1,period_0856,16.906667,-7.8526,3.7949,81.3845,75.6790,5.7054
NLMS-PCA (K=20/20),1,period_0856,16.960000,-6.4748,6.4305,80.0008,75.6790,4.3217
NLMS-PCA (K=20/20),1,period_0856,17.000000,-5.0786,5.8322,76.0175,75.6790,0.3385
NLMS-PCA (K=20/20),1,period_0856,17.053333,-6.2321,2.3171,76.9925,75.6790,1.3135
NLMS-PCA (K=20/20),1,period_0856,17.106667,-8.7005,5.1714,84.0732,75.6790,8.3942
NLMS-PCA (K=20/20),1,period_0856,17.160000,-9.2414,7.0650,84.3730,75.6790,8.6940
NLMS-PCA (K=20/20),1,period_0856,17.200000,-9.0464,9.5511,83.9514,75.6790,8.2724
NLMS-PCA (K=20/20),1,period_0856,17.253333,-8.9839,4.5097,83.2995,75.6790,7.6205
NLMS-PCA (K=20/20),1,period_0856,17.306667,-8.1361,8.7963,82.4081,75.6790,6.7291
NLMS-PCA (K=20/20),1,period_0856,17.360000,-8.0679,8.4143,80.3945,75.6790,4.7155
NLMS-PCA (K=20/20),1,period_0856,17.400000,-7.6307,8.9951,80.7107,75.6790,5.0317
NLMS-PCA (K=20/20),1,period_0856,17.453333,-7.5806,7.2477,85.2270,75.6790,9.5480
NLMS-PCA (K=20/20),1,period_0856,17.506667,-7.1694,10.3392,77.7688,75.6790,2.0898
NLMS-PCA (K=20/20),1,period_0856,17.560000,-7.6482,8.1456,78.6476,75.6790,2.9686
NLMS-PCA (K=20/20),1,period_0856,17.600000,-7.7633,3.6828,80.3836,75.6790,4.7046
NLMS-PCA (K=20/20),1,period_0856,17.653333,-5.3118,5.4600,78.8047,75.6790,3.1256
NLMS-PCA (K=20/20),1,period_0856,17.706667,-6.5358,8.7484,79.4928,75.6790,3.8138
NLMS-PCA (K=20/20),1,period_0856,17.760000,-7.2092,9.0677,81.6262,75.6790,5.9472
NLMS-PCA (K=20/20),1,period_0856,17.800000,-7.4215,9.3417,79.6317,75.6790,3.9526
NLMS-PCA (K=20/20),1,period_0856,17.853333,-6.4359,11.5071,79.2321,75.6790,3.5531
NLMS-PCA (K=20/20),1,period_0856,17.906667,-6.5533,12.8060,79.2819,75.6790,3.6029
NLMS-PCA (K=20/20),1,period_0856,17.960000,-6.4101,11.3103,79.0863,75.6790,3.4073
NLMS-PCA (K=20/20),1,period_0856,18.000000,-6.3605,12.0268,77.4105,75.6790,1.7314
NLMS-PCA (K=20/20),1,period_0856,18.053333,-6.1299,9.7199,76.2987,75.6790,0.6197
NLMS-PCA (K=20/20),1,period_0856,18.106667,-3.0043,3.3965,74.0983,75.6790,-1.5807
NLMS-PCA (K=20/20),1,period_0856,18.160000,-5.6935,8.3833,82.5524,75.6790,6.8734
NLMS-PCA (K=20/20),1,period_0856,18.200000,-6.2946,11.3588,80.9520,75.6790,5.2730
NLMS-PCA (K=20/20),1,period_0856,18.253333,-6.8354,11.6004,80.6358,75.6790,4.9568
NLMS-PCA (K=20/20),1,period_0856,18.306667,-6.9342,13.0050,81.3305,75.6790,5.6515
NLMS-PCA (K=20/20),1,period_0856,18.360000,-6.8443,13.7891,79.3567,75.6790,3.6777
NLMS-PCA (K=20/20),1,period_0856,18.400000,-6.4186,11.7151,79.3803,75.6790,3.7013
NLMS-PCA (K=20/20),1,period_0856,18.453333,-6.7215,7.9644,82.8966,75.6790,7.2175
NLMS-PCA (K=20/20),1,period_0856,18.506667,-7.0561,10.8626,84.4570,75.6790,8.7780
NLMS-PCA (K=20/20),1,period_0856,18.560000,-6.9281,13.1225,80.4872,75.6790,4.8082
NLMS-PCA (K=20/20),1,period_0856,18.600000,-6.6890,14.2935,79.5921,75.6790,3.9131
NLMS-PCA (K=20/20),1,period_0856,18.653333,-7.0311,12.9785,80.6391,75.6790,4.9601
NLMS-PCA (K=20/20),1,period_0856,18.706667,-6.5015,11.8693,81.3292,75.6790,5.6502
NLMS-PCA (K=20/20),1,period_0856,18.760000,-6.3938,9.8156,80.2840,75.6790,4.6050
NLMS-PCA (K=20/20),1,period_0856,18.800000,-6.3213,9.6465,80.8889,75.6790,5.2099
NLMS-PCA (K=20/20),1,period_0856,18.853333,-5.6967,11.1096,76.9582,75.6790,1.2791
NLMS-PCA (K=20/20),1,period_0856,18.906667,-3.0273,12.7801,71.3771,75.6790,-4.3019
NLMS-PCA (K=20/20),1,period_0856,18.960000,-5.1960,6.5255,78.7652,75.6790,3.0862
NLMS-PCA (K=20/20),1,period_0856,19.000000,-5.7410,5.5741,83.3277,75.6790,7.6486
NLMS-PCA (K=20/20),1,period_0856,19.053333,-5.6806,6.1453,84.5432,75.6790,8.8642
NLMS-PCA (K=20/20),1,period_0856,19.106667,-5.8810,7.2499,85.0825,75.6790,9.4035
NLMS-PCA (K=20/20),1,period_0856,19.160000,-6.0706,8.0470,84.9985,75.6790,9.3195
NLMS-PCA (K=20/20),1,period_0856,19.200000,-6.4766,6.1034,85.0144,75.6790,9.3354
NLMS-PCA (K=20/20),1,period_0856,19.253333,-6.4761,4.5913,84.8906,75.6790,9.2116
NLMS-PCA (K=20/20),1,period_0856,19.306667,-6.5306,7.0153,84.8254,75.6790,9.1464
NLMS-PCA (K=20/20),1,period_0856,19.360000,-6.5997,6.9949,84.8329,75.6790,9.1538
NLMS-PCA (K=20/20),1,period_0856,19.400000,-6.6517,8.1638,84.8229,75.6790,9.1439
NLMS-PCA (K=20/20),1,period_0856,19.453333,-6.7006,9.4308,84.7955,75.6790,9.1165
NLMS-PCA (K=20/20),1,period_0856,19.506667,-6.6872,8.8912,84.7510,75.6790,9.0719
NLMS-PCA (K=20/20),1,period_0856,19.560000,-6.7560,9.9876,84.7403,75.6790,9.0613
NLMS-PCA (K=20/20),1,period_0856,19.600000,-6.7521,9.7825,84.7002,75.6790,9.0212
NLMS-PCA (K=20/20),1,period_0856,19.653333,-6.8410,9.0010,84.6620,75.6790,8.9829
NLMS-PCA (K=20/20),1,period_0856,19.706667,-6.8967,9.5030,84.6372,75.6790,8.9581
NLMS-PCA (K=20/20),1,period_0856,19.760000,-6.8911,8.7397,84.5806,75.6790,8.9015
NLMS-PCA (K=20/20),1,period_0856,19.800000,-6.8609,8.8285,84.5605,75.6790,8.8814
NLMS-PCA (K=20/20),1,period_0856,19.853333,-6.8303,9.7553,84.5093,75.6790,8.8303
NLMS-PCA (K=20/20),1,period_0856,19.906667,-6.8775,9.5923,84.5284,75.6790,8.8494
NLMS-PCA (K=20/20),1,period_0856,19.960000,-6.7074,10.6090,84.1547,75.6790,8.4757
NLMS-PCA (K=20/20),1,period_0856,20.000000,-4.6641,7.1807,77.1476,75.6790,1.4686
NLMS-PCA (K=20/20),2,period_0916,20.013333,-4.8762,-45.6374,80.5376,76.8005,3.7371
NLMS-PCA (K=20/20),2,period_0916,20.053333,-5.1362,-6.2983,80.3329,76.8005,3.5324
NLMS-PCA (K=20/20),2,period_0916,20.106667,-5.3719,-4.0508,80.3665,76.8005,3.5660
NLMS-PCA (K=20/20),2,period_0916,20.160000,-5.5579,-3.1526,80.4911,76.8005,3.6906
NLMS-PCA (K=20/20),2,period_0916,20.200000,-5.6609,-3.1357,80.8004,76.8005,3.9999
NLMS-PCA (K=20/20),2,period_0916,20.253333,-5.7414,-1.8645,80.9633,76.8005,4.1628
NLMS-PCA (K=20/20),2,period_0916,20.306667,-5.8365,-1.3076,81.5262,76.8005,4.7257
NLMS-PCA (K=20/20),2,period_0916,20.360000,-5.9128,-0.6812,81.9302,76.8005,5.1298
NLMS-PCA (K=20/20),2,period_0916,20.400000,-5.9405,-0.1810,81.9760,76.8005,5.1755
NLMS-PCA (K=20/20),2,period_0916,20.453333,-5.9938,-0.3455,82.2966,76.8005,5.4961
NLMS-PCA (K=20/20),2,period_0916,20.506667,-6.0359,0.1613,82.6041,76.8005,5.8036
NLMS-PCA (K=20/20),2,period_0916,20.560000,-6.0574,0.4744,82.6941,76.8005,5.8936
NLMS-PCA (K=20/20),2,period_0916,20.600000,-6.0862,0.7277,83.0801,76.8005,6.2796
NLMS-PCA (K=20/20),2,period_0916,20.653333,-6.1212,0.6585,83.6128,76.8005,6.8123
NLMS-PCA (K=20/20),2,period_0916,20.706667,-6.1585,1.6935,83.6221,76.8005,6.8216
NLMS-PCA (K=20/20),2,period_0916,20.760000,-6.1759,1.5775,83.5967,76.8005,6.7962
NLMS-PCA (K=20/20),2,period_0916,20.800000,-6.3086,5.6455,83.6828,76.8005,6.8823
NLMS-PCA (K=20/20),2,period_0916,20.853333,-7.6788,7.8561,85.2807,76.8005,8.4802
NLMS-PCA (K=20/20),2,period_0916,20.906667,-10.5152,11.1531,83.9756,76.8005,7.1751
NLMS-PCA (K=20/20),2,period_0916,20.960000,-8.7719,7.6827,83.7920,76.8005,6.9915
NLMS-PCA (K=20/20),2,period_0916,21.000000,-8.5821,7.7431,79.0036,76.8005,2.2031
NLMS-PCA (K=20/20),2,period_0916,21.053333,-8.6052,7.5084,79.6751,76.8005,2.8746
NLMS-PCA (K=20/20),2,period_0916,21.106667,-8.7705,9.1804,78.8630,76.8005,2.0625
NLMS-PCA (K=20/20),2,period_0916,21.160000,-8.0883,5.6443,80.4723,76.8005,3.6718
NLMS-PCA (K=20/20),2,period_0916,21.200000,-7.9708,8.5394,77.4750,76.8005,0.6745
NLMS-PCA (K=20/20),2,period_0916,21.253333,-8.2495,6.3167,76.9920,76.8005,0.1915
NLMS-PCA (K=20/20),2,period_0916,21.306667,-6.1565,7.8678,73.3773,76.8005,-3.4232
NLMS-PCA (K=20/20),2,period_0916,21.360000,-8.2876,2.9417,78.7004,76.8005,1.8999
NLMS-PCA (K=20/20),2,period_0916,21.400000,-7.8904,2.2280,79.7435,76.8005,2.9430
NLMS-PCA (K=20/20),2,period_0916,21.453333,-9.1597,0.2002,81.0918,76.8005,4.2913
NLMS-PCA (K=20/20),2,period_0916,21.506667,-9.2134,4.2669,81.0261,76.8005,4.2256
NLMS-PCA (K=20/20),2,period_0916,21.560000,-9.3302,3.1072,81.2252,76.8005,4.4247
NLMS-PCA (K=20/20),2,period_0916,21.600000,-9.4110,3.5363,81.1436,76.8005,4.3431
NLMS-PCA (K=20/20),2,period_0916,21.653333,-9.3813,4.4311,81.2102,76.8005,4.4097
NLMS-PCA (K=20/20),2,period_0916,21.706667,-9.4775,4.1492,81.2820,76.8005,4.4815
NLMS-PCA (K=20/20),2,period_0916,21.760000,-9.4450,3.9756,81.2700,76.8005,4.4695
NLMS-PCA (K=20/20),2,period_0916,21.800000,-9.3714,4.8182,81.1915,76.8005,4.3910
NLMS-PCA (K=20/20),2,period_0916,21.853333,-9.4237,3.9079,81.3071,76.8005,4.5067
NLMS-PCA (K=20/20),2,period_0916,21.906667,-9.3735,4.3135,81.2461,76.8005,4.4456
NLMS-PCA (K=20/20),2,period_0916,21.960000,-9.3600,2.9180,81.3455,76.8005,4.5450
NLMS-PCA (K=20/20),2,period_0916,22.000000,-9.4067,3.3632,81.4059,76.8005,4.6054
NLMS-PCA (K=20/20),2,period_0916,22.053333,-9.4162,3.9379,81.4241,76.8005,4.6236
NLMS-PCA (K=20/20),2,period_0916,22.106667,-9.4075,3.9043,81.4462,76.8005,4.6457
NLMS-PCA (K=20/20),2,period_0916,22.160000,-9.4436,4.6351,81.5568,76.8005,4.7563
NLMS-PCA (K=20/20),2,period_0916,22.200000,-9.4311,2.6091,81.5456,76.8005,4.7451
NLMS-PCA (K=20/20),2,period_0916,22.253333,-9.4705,2.9795,81.6315,76.8005,4.8310
NLMS-PCA (K=20/20),2,period_0916,22.306667,-9.5110,2.9255,81.6753,76.8005,4.8748
NLMS-PCA (K=20/20),2,period_0916,22.360000,-9.4909,2.8846,81.6875,76.8005,4.8870
NLMS-PCA (K=20/20),2,period_0916,22.400000,-9.4962,4.5563,81.7222,76.8005,4.9217
NLMS-PCA (K=20/20),2,period_0916,22.453333,-9.4909,4.6535,81.7542,76.8005,4.9537
NLMS-PCA (K=20/20),2,period_0916,22.506667,-9.4561,3.8956,81.7717,76.8005,4.9712
NLMS-PCA (K=20/20),2,period_0916,22.560000,-9.3089,7.1679,82.0186,76.8005,5.2181
NLMS-PCA (K=20/20),2,period_0916,22.600000,-9.1666,9.8178,82.8001,76.8005,5.9996
NLMS-PCA (K=20/20),2,period_0916,22.653333,-8.7001,9.4609,80.6519,76.8005,3.8514
NLMS-PCA (K=20/20),2,period_0916,22.706667,-8.5562,12.4000,80.5012,76.8005,3.7007
NLMS-PCA (K=20/20),2,period_0916,22.760000,-9.0572,8.0349,81.6440,76.8005,4.8435
NLMS-PCA (K=20/20),2,period_0916,22.800000,-7.8444,2.1229,80.1290,76.8005,3.3285
NLMS-PCA (K=20/20),2,period_0916,22.853333,-9.0124,1.3909,81.6160,76.8005,4.8155
NLMS-PCA (K=20/20),2,period_0916,22.906667,-9.5959,0.6286,87.0175,76.8005,10.2170
NLMS-PCA (K=20/20),2,period_0916,22.960000,-8.6503,1.9205,86.8346,76.8005,10.0341
NLMS-PCA (K=20/20),2,period_0916,23.000000,-10.4588,5.2946,82.0036,76.8005,5.2031
NLMS-PCA (K=20/20),2,period_0916,23.053333,-12.3807,14.9544,83.3146,76.8005,6.5142
NLMS-PCA (K=20/20),2,period_0916,23.106667,-13.0298,16.4970,84.3051,76.8005,7.5046
NLMS-PCA (K=20/20),2,period_0916,23.160000,-13.3149,13.7508,84.3193,76.8005,7.5188
NLMS-PCA (K=20/20),2,period_0916,23.200000,-13.0836,11.0307,84.5276,76.8005,7.7271
NLMS-PCA (K=20/20),2,period_0916,23.253333,-13.4394,5.6595,84.9593,76.8005,8.1588
NLMS-PCA (K=20/20),2,period_0916,23.306667,-13.0482,4.0454,83.8233,76.8005,7.0228
NLMS-PCA (K=20/20),2,period_0916,23.360000,-12.8358,4.3454,83.6173,76.8005,6.8168
NLMS-PCA (K=20/20),2,period_0916,23.400000,-12.9175,3.9723,83.5206,76.8005,6.7201
NLMS-PCA (K=20/20),2,period_0916,23.453333,-12.7941,4.5963,83.3764,76.8005,6.5759
NLMS-PCA (K=20/20),2,period_0916,23.506667,-12.5734,5.0310,83.1475,76.8005,6.3470
NLMS-PCA (K=20/20),2,period_0916,23.560000,-12.7096,4.6565,83.3124,76.8005,6.5119
NLMS-PCA (K=20/20),2,period_0916,23.600000,-12.6256,4.9589,83.1308,76.8005,6.3303
NLMS-PCA (K=20/20),2,period_0916,23.653333,-12.7304,4.6911,83.2855,76.8005,6.4850
NLMS-PCA (K=20/20),2,period_0916,23.706667,-12.6378,3.9809,83.2246,76.8005,6.4241
NLMS-PCA (K=20/20),2,period_0916,23.760000,-12.6098,3.0389,83.2198,76.8005,6.4193
NLMS-PCA (K=20/20),2,period_0916,23.800000,-12.6892,3.9826,83.3215,76.8005,6.5210
NLMS-PCA (K=20/20),2,period_0916,23.853333,-12.6542,2.9126,83.4012,76.8005,6.6007
NLMS-PCA (K=20/20),2,period_0916,23.906667,-12.6338,3.6306,83.4032,76.8005,6.6027
NLMS-PCA (K=20/20),2,period_0916,23.960000,-12.6431,4.9496,83.4433,76.8005,6.6428
NLMS-PCA (K=20/20),2,period_0916,24.000000,-12.6370,4.0596,83.4069,76.8005,6.6064
NLMS-PCA (K=20/20),2,period_0916,24.053333,-12.5449,12.0800,83.7667,76.8005,6.9662
NLMS-PCA (K=20/20),2,period_0916,24.106667,-12.3115,8.5671,82.9938,76.8005,6.1933
NLMS-PCA (K=20/20),2,period_0916,24.160000,-8.8855,9.3031,77.6395,76.8005,0.8390
NLMS-PCA (K=20/20),2,period_0916,24.200000,-8.3731,12.1796,77.9860,76.8005,1.1856
NLMS-PCA (K=20/20),2,period_0916,24.253333,-8.5299,10.8188,77.6178,76.8005,0.8173
NLMS-PCA (K=20/20),2,period_0916,24.306667,-9.0619,10.9697,78.1197,76.8005,1.3192
NLMS-PCA (K=20/20),2,period_0916,24.360000,-11.1460,5.3873,79.9832,76.8005,3.1827
NLMS-PCA (K=20/20),2,period_0916,24.400000,-9.0903,4.4172,77.2833,76.8005,0.4828
NLMS-PCA (K=20/20),2,period_0916,24.453333,-8.5892,6.9011,77.2507,76.8005,0.4502
NLMS-PCA (K=20/20),2,period_0916,24.506667,-8.5542,10.8398,77.1001,76.8005,0.2996
NLMS-PCA (K=20/20),2,period_0916,24.560000,-7.8804,6.8005,83.8826,76.8005,7.0821
NLMS-PCA (K=20/20),2,period_0916,24.600000,-7.8509,5.7788,84.6258,76.8005,7.8253
NLMS-PCA (K=20/20),2,period_0916,24.653333,-7.0293,6.1505,85.6528,76.8005,8.8523
NLMS-PCA (K=20/20),2,period_0916,24.706667,-8.3412,0.2588,78.4423,76.8005,1.6418
NLMS-PCA (K=20/20),2,period_0916,24.760000,-10.0720,2.3030,86.8216,76.8005,10.0211
NLMS-PCA (K=20/20),2,period_0916,24.800000,-9.6544,3.0239,87.9527,76.8005,11.1522
NLMS-PCA (K=20/20),2,period_0916,24.853333,-8.7968,2.3470,86.1904,76.8005,9.3899
NLMS-PCA (K=20/20),2,period_0916,24.906667,-10.3705,12.0747,85.5953,76.8005,8.7948
NLMS-PCA (K=20/20),2,period_0916,24.960000,-12.0156,13.5805,86.3274,76.8005,9.5270
NLMS-PCA (K=20/20),2,period_0916,25.000000,-11.9704,14.1498,84.3986,76.8005,7.5981
NLMS-PCA (K=20/20),2,period_0916,25.053333,-13.3790,12.2212,85.2541,76.8005,8.4536
NLMS-PCA (K=20/20),2,period_0916,25.106667,-13.1090,5.2575,84.4042,76.8005,7.6038
NLMS-PCA (K=20/20),2,period_0916,25.160000,-12.7776,4.0529,84.4208,76.8005,7.6203
NLMS-PCA (K=20/20),2,period_0916,25.200000,-12.8366,4.3570,84.3046,76.8005,7.5041
NLMS-PCA (K=20/20),2,period_0916,25.253333,-12.8441,5.3199,84.0510,76.8005,7.2505
NLMS-PCA (K=20/20),2,period_0916,25.306667,-12.7409,3.6976,84.1249,76.8005,7.3244
NLMS-PCA (K=20/20),2,period_0916,25.360000,-13.1291,3.7157,84.6633,76.8005,7.8628
NLMS-PCA (K=20/20),2,period_0916,25.400000,-12.9339,3.4321,84.1862,76.8005,7.3857
NLMS-PCA (K=20/20),2,period_0916,25.453333,-12.8453,4.8184,84.2707,76.8005,7.4702
NLMS-PCA (K=20/20),2,period_0916,25.506667,-12.9369,4.2946,84.4483,76.8005,7.6478
NLMS-PCA (K=20/20),2,period_0916,25.560000,-12.8465,5.0206,84.2886,76.8005,7.4881
NLMS-PCA (K=20/20),2,period_0916,25.600000,-12.9452,5.1704,84.4068,76.8005,7.6063
NLMS-PCA (K=20/20),2,period_0916,25.653333,-12.8994,4.5203,84.3814,76.8005,7.5809
NLMS-PCA (K=20/20),2,period_0916,25.706667,-12.8274,4.0549,84.3090,76.8005,7.5085
NLMS-PCA (K=20/20),2,period_0916,25.760000,-12.9454,4.1757,84.4446,76.8005,7.6441
NLMS-PCA (K=20/20),2,period_0916,25.800000,-12.8954,3.6966,84.3541,76.8005,7.5536
NLMS-PCA (K=20/20),2,period_0916,25.853333,-13.5503,13.8567,84.7456,76.8005,7.9451
NLMS-PCA (K=20/20),2,period_0916,25.906667,-8.1737,9.4339,78.5252,76.8005,1.7247
NLMS-PCA (K=20/20),2,period_0916,25.960000,-6.2504,9.9777,78.4478,76.8005,1.6473
NLMS-PCA (K=20/20),2,period_0916,26.000000,-4.7587,11.2481,79.1690,76.8005,2.3685
NLMS-PCA (K=20/20),2,period_0916,26.053333,-2.8162,6.2660,73.4233,76.8005,-3.3772
NLMS-PCA (K=20/20),2,period_0916,26.106667,-4.4299,7.7273,74.3494,76.8005,-2.4511
NLMS-PCA (K=20/20),2,period_0916,26.160000,-6.8657,7.7595,74.1407,76.8005,-2.6598
NLMS-PCA (K=20/20),2,period_0916,26.200000,-6.7592,3.3873,73.8228,76.8005,-2.9777
NLMS-PCA (K=20/20),2,period_0916,26.253333,-10.3077,7.3096,81.8524,76.8005,5.0519
NLMS-PCA (K=20/20),2,period_0916,26.306667,-10.0057,4.7082,84.7065,76.8005,7.9060
NLMS-PCA (K=20/20),2,period_0916,26.360000,-9.1333,5.2794,79.4912,76.8005,2.6907
NLMS-PCA (K=20/20),2,period_0916,26.400000,-9.4692,7.3166,82.9634,76.8005,6.1629
NLMS-PCA (K=20/20),2,period_0916,26.453333,-9.2571,8.4028,80.1318,76.8005,3.3313
NLMS-PCA (K=20/20),2,period_0916,26.506667,-9.7527,7.9046,85.1605,76.8005,8.3600
NLMS-PCA (K=20/20),2,period_0916,26.560000,-8.9875,4.6341,79.6623,76.8005,2.8618
NLMS-PCA (K=20/20),2,period_0916,26.600000,-9.5587,8.5127,82.5680,76.8005,5.7675
NLMS-PCA (K=20/20),2,period_0916,26.653333,-9.1369,10.6381,82.3363,76.8005,5.5358
NLMS-PCA (K=20/20),2,period_0916,26.706667,-8.9089,10.7970,82.4450,76.8005,5.6445
NLMS-PCA (K=20/20),2,period_0916,26.760000,-8.6017,9.2711,80.0047,76.8005,3.2042
NLMS-PCA (K=20/20),2,period_0916,26.800000,-7.3539,10.3554,76.8239,76.8005,0.0234
NLMS-PCA (K=20/20),2,period_0916,26.853333,-7.0878,2.0577,84.3651,76.8005,7.5646
NLMS-PCA (K=20/20),2,period_0916,26.906667,-8.3420,2.8563,83.4672,76.8005,6.6667
NLMS-PCA (K=20/20),2,period_0916,26.960000,-8.2710,5.0089,84.8127,76.8005,8.0122
NLMS-PCA (K=20/20),2,period_0916,27.000000,-7.6367,5.2788,80.3070,76.8005,3.5065
NLMS-PCA (K=20/20),2,period_0916,27.053333,-7.7172,3.3665,79.5429,76.8005,2.7424
NLMS-PCA (K=20/20),2,period_0916,27.106667,-11.1759,11.7794,82.9418,76.8005,6.1413
NLMS-PCA (K=20/20),2,period_0916,27.160000,-12.5323,11.5817,81.9911,76.8005,5.1906
NLMS-PCA (K=20/20),2,period_0916,27.200000,-12.7295,3.7649,84.1863,76.8005,7.3858
NLMS-PCA (K=20/20),2,period_0916,27.253333,-10.7687,3.5665,79.4490,76.8005,2.6485
NLMS-PCA (K=20/20),2,period_0916,27.306667,-9.9275,8.8576,78.4470,76.8005,1.6466
NLMS-PCA (K=20/20),2,period_0916,27.360000,-9.9756,8.9817,79.0603,76.8005,2.2598
NLMS-PCA (K=20/20),2,period_0916,27.400000,-9.4788,8.0215,80.4109,76.8005,3.6104
NLMS-PCA (K=20/20),2,period_0916,27.453333,-9.2496,5.6864,80.2599,76.8005,3.4594
NLMS-PCA (K=20/20),2,period_0916,27.506667,-9.3661,7.3830,79.3509,76.8005,2.5504
NLMS-PCA (K=20/20),2,period_0916,27.560000,-9.7553,6.2047,82.0538,76.8005,5.2533
NLMS-PCA (K=20/20),2,period_0916,27.600000,-8.8998,2.4719,79.9921,76.8005,3.1916
NLMS-PCA (K=20/20),2,period_0916,27.653333,-5.0506,3.7039,76.2470,76.8005,-0.5535
NLMS-PCA (K=20/20),2,period_0916,27.706667,-5.8926,7.5041,75.9791,76.8005,-0.8214
NLMS-PCA (K=20/20),2,period_0916,27.760000,-8.1803,5.0511,79.8406,76.8005,3.0401
NLMS-PCA (K=20/20),2,period_0916,27.800000,-8.7439,5.7991,83.1862,76.8005,6.3857
NLMS-PCA (K=20/20),2,period_0916,27.853333,-8.7183,9.3629,80.7658,76.8005,3.9653
NLMS-PCA (K=20/20),2,period_0916,27.906667,-8.4690,10.9184,82.1396,76.8005,5.3391
NLMS-PCA (K=20/20),2,period_0916,27.960000,-8.2742,9.4734,82.5090,76.8005,5.7085
NLMS-PCA (K=20/20),2,period_0916,28.000000,-8.4269,8.1674,81.9351,76.8005,5.1346
NLMS-PCA (K=20/20),2,period_0916,28.053333,-7.4604,7.4903,78.9176,76.8005,2.1171
NLMS-PCA (K=20/20),2,period_0916,28.106667,-3.4809,2.8058,68.7892,76.8005,-8.0113
NLMS-PCA (K=20/20),2,period_0916,28.160000,-10.9042,4.5775,85.1610,76.8005,8.3605
NLMS-PCA (K=20/20),2,period_0916,28.200000,-10.5758,8.8003,84.0168,76.8005,7.2163
NLMS-PCA (K=20/20),2,period_0916,28.253333,-9.5338,12.0919,80.4455,76.8005,3.6450
NLMS-PCA (K=20/20),2,period_0916,28.306667,-8.5647,12.0597,77.9963,76.8005,1.1958
NLMS-PCA (K=20/20),2,period_0916,28.360000,-7.7483,15.2924,75.5533,76.8005,-1.2472
NLMS-PCA (K=20/20),2,period_0916,28.400000,-7.6911,10.5186,81.0166,76.8005,4.2161
NLMS-PCA (K=20/20),2,period_0916,28.453333,-8.9198,6.5784,79.0019,76.8005,2.2014
NLMS-PCA (K=20/20),2,period_0916,28.506667,-9.6248,7.1571,81.0011,76.8005,4.2006
NLMS-PCA (K=20/20),2,period_0916,28.560000,-8.8965,11.4430,82.1171,76.8005,5.3166
NLMS-PCA (K=20/20),2,period_0916,28.600000,-8.8022,11.8416,83.8100,76.8005,7.0095
NLMS-PCA (K=20/20),2,period_0916,28.653333,-8.0032,12.5650,78.6538,76.8005,1.8533
NLMS-PCA (K=20/20),2,period_0916,28.706667,-7.6759,10.4918,77.8318,76.8005,1.0313
NLMS-PCA (K=20/20),2,period_0916,28.760000,-7.0262,8.2733,76.5176,76.8005,-0.2829
NLMS-PCA (K=20/20),2,period_0916,28.800000,-6.9781,7.6124,76.5036,76.8005,-0.2969
NLMS-PCA (K=20/20),2,period_0916,28.853333,-7.9085,6.5417,82.1638,76.8005,5.3633
NLMS-PCA (K=20/20),2,period_0916,28.906667,-4.9375,12.5921,73.0352,76.8005,-3.7653
NLMS-PCA (K=20/20),2,period_0916,28.960000,-6.9485,7.9365,74.2834,76.8005,-2.5171
NLMS-PCA (K=20/20),2,period_0916,29.000000,-9.3581,-0.0866,84.6924,76.8005,7.8919
NLMS-PCA (K=20/20),2,period_0916,29.053333,-9.0225,0.6206,81.8124,76.8005,5.0119
NLMS-PCA (K=20/20),2,period_0916,29.106667,-10.0415,2.0165,87.3379,76.8005,10.5374
NLMS-PCA (K=20/20),2,period_0916,29.160000,-10.0278,3.7698,87.4461,76.8005,10.6456
NLMS-PCA (K=20/20),2,period_0916,29.200000,-10.0109,5.6688,87.0140,76.8005,10.2135
NLMS-PCA (K=20/20),2,period_0916,29.253333,-9.9467,3.2017,87.3525,76.8005,10.5520
NLMS-PCA (K=20/20),2,period_0916,29.306667,-9.5415,3.9598,87.0131,76.8005,10.2126
NLMS-PCA (K=20/20),2,period_0916,29.360000,-9.3711,3.3328,86.6728,76.8005,9.8723
NLMS-PCA (K=20/20),2,period_0916,29.400000,-9.6764,3.9073,86.8594,76.8005,10.0589
NLMS-PCA (K=20/20),2,period_0916,29.453333,-9.6531,6.3735,86.8175,76.8005,10.0170
NLMS-PCA (K=20/20),2,period_0916,29.506667,-9.5579,4.7832,86.5986,76.8005,9.7981
NLMS-PCA (K=20/20),2,period_0916,29.560000,-9.6553,9.0801,86.5775,76.8005,9.7770
NLMS-PCA (K=20/20),2,period_0916,29.600000,-9.6880,6.3144,86.6304,76.8005,9.8299
NLMS-PCA (K=20/20),2,period_0916,29.653333,-9.7557,5.7636,86.6827,76.8005,9.8822
NLMS-PCA (K=20/20),2,period_0916,29.706667,-9.8536,6.2746,86.6778,76.8005,9.8773
NLMS-PCA (K=20/20),2,period_0916,29.760000,-9.7009,4.8421,86.6994,76.8005,9.8989
NLMS-PCA (K=20/20),2,period_0916,29.800000,-9.6259,3.0836,86.5716,76.8005,9.7711
NLMS-PCA (K=20/20),2,period_0916,29.853333,-9.6382,3.3918,86.5102,76.8005,9.7097
NLMS-PCA (K=20/20),2,period_0916,29.906667,-9.5356,4.3304,86.4586,76.8005,9.6581
NLMS-PCA (K=20/20),2,period_0916,29.960000,-9.0722,7.2932,85.9296,76.8005,9.1291
NLMS-PCA (K=20/20),2,period_0916,30.000000,-6.6907,6.2239,79.8021,76.8005,3.0016
NLMS-PCA (K=20/20),3,period_0943,30.013333,-3.4435,-40.5274,70.8188,67.9790,2.8398
NLMS-PCA (K=20/20),3,period_0943,30.053333,-3.4752,-1.2583,70.8024,67.9790,2.8234
NLMS-PCA (K=20/20),3,period_0943,30.106667,-3.5103,-0.3068,70.7842,67.9790,2.8051
NLMS-PCA (K=20/20),3,period_0943,30.160000,-3.5377,0.5546,70.7658,67.9790,2.7867
NLMS-PCA (K=20/20),3,period_0943,30.200000,-3.5563,1.3756,70.7548,67.9790,2.7758
NLMS-PCA (K=20/20),3,period_0943,30.253333,-3.5722,1.9288,70.7445,67.9790,2.7654
NLMS-PCA (K=20/20),3,period_0943,30.306667,-3.5919,1.6555,70.7407,67.9790,2.7616
NLMS-PCA (K=20/20),3,period_0943,30.360000,-3.6097,2.2402,70.7420,67.9790,2.7630
NLMS-PCA (K=20/20),3,period_0943,30.400000,-3.6178,3.7286,70.7388,67.9790,2.7597
NLMS-PCA (K=20/20),3,period_0943,30.453333,-3.6290,3.5319,70.7328,67.9790,2.7537
NLMS-PCA (K=20/20),3,period_0943,30.506667,-3.6386,3.6268,70.7338,67.9790,2.7548
NLMS-PCA (K=20/20),3,period_0943,30.560000,-3.6457,3.9815,70.7342,67.9790,2.7551
NLMS-PCA (K=20/20),3,period_0943,30.600000,-3.6520,4.7471,70.7389,67.9790,2.7598
NLMS-PCA (K=20/20),3,period_0943,30.653333,-3.6626,3.8993,70.7391,67.9790,2.7600
NLMS-PCA (K=20/20),3,period_0943,30.706667,-3.6768,5.0242,70.7457,67.9790,2.7667
NLMS-PCA (K=20/20),3,period_0943,30.760000,-3.6881,4.8154,70.7507,67.9790,2.7716
NLMS-PCA (K=20/20),3,period_0943,30.800000,-3.7424,6.4679,70.8029,67.9790,2.8238
NLMS-PCA (K=20/20),3,period_0943,30.853333,-4.6670,6.1327,71.9628,67.9790,3.9837
NLMS-PCA (K=20/20),3,period_0943,30.906667,-7.7722,8.9589,75.5809,67.9790,7.6019
NLMS-PCA (K=20/20),3,period_0943,30.960000,-7.8446,5.6038,75.4612,67.9790,7.4822
NLMS-PCA (K=20/20),3,period_0943,31.000000,-7.7195,5.6878,75.4540,67.9790,7.4750
NLMS-PCA (K=20/20),3,period_0943,31.053333,-7.2829,6.2074,75.5138,67.9790,7.5348
NLMS-PCA (K=20/20),3,period_0943,31.106667,-6.9868,12.4625,73.7630,67.9790,5.7839
NLMS-PCA (K=20/20),3,period_0943,31.160000,-7.0436,8.2340,75.1752,67.9790,7.1961
NLMS-PCA (K=20/20),3,period_0943,31.200000,-6.8415,7.4164,73.7944,67.9790,5.8154
NLMS-PCA (K=20/20),3,period_0943,31.253333,-6.5351,7.9538,75.1269,67.9790,7.1479
NLMS-PCA (K=20/20),3,period_0943,31.306667,-4.9806,7.6285,68.3274,67.9790,0.3484
NLMS-PCA (K=20/20),3,period_0943,31.360000,-7.1622,-2.2381,75.6890,67.9790,7.7100
NLMS-PCA (K=20/20),3,period_0943,31.400000,-7.2066,7.2829,75.6798,67.9790,7.7007
NLMS-PCA (K=20/20),3,period_0943,31.453333,-7.1939,5.4726,75.6883,67.9790,7.7093
NLMS-PCA (K=20/20),3,period_0943,31.506667,-7.2497,7.4877,75.6785,67.9790,7.6994
NLMS-PCA (K=20/20),3,period_0943,31.560000,-7.2511,6.5951,75.6892,67.9790,7.7101
NLMS-PCA (K=20/20),3,period_0943,31.600000,-7.2612,7.3202,75.6921,67.9790,7.7131
NLMS-PCA (K=20/20),3,period_0943,31.653333,-7.2487,7.3875,75.6918,67.9790,7.7128
NLMS-PCA (K=20/20),3,period_0943,31.706667,-7.2551,6.4711,75.6956,67.9790,7.7165
NLMS-PCA (K=20/20),3,period_0943,31.760000,-7.2599,7.3826,75.7015,67.9790,7.7225
NLMS-PCA (K=20/20),3,period_0943,31.800000,-7.2558,7.9313,75.7080,67.9790,7.7290
NLMS-PCA (K=20/20),3,period_0943,31.853333,-7.2541,7.0365,75.7051,67.9790,7.7260
NLMS-PCA (K=20/20),3,period_0943,31.906667,-7.2508,7.0387,75.7137,67.9790,7.7347
NLMS-PCA (K=20/20),3,period_0943,31.960000,-7.2482,6.6450,75.7102,67.9790,7.7311
NLMS-PCA (K=20/20),3,period_0943,32.000000,-7.2480,7.5952,75.7167,67.9790,7.7376
NLMS-PCA (K=20/20),3,period_0943,32.053333,-7.2503,7.0524,75.7164,67.9790,7.7373
NLMS-PCA (K=20/20),3,period_0943,32.106667,-7.2519,6.1098,75.7137,67.9790,7.7347
NLMS-PCA (K=20/20),3,period_0943,32.160000,-7.2574,7.8344,75.7168,67.9790,7.7378
NLMS-PCA (K=20/20),3,period_0943,32.200000,-7.2542,6.0149,75.7176,67.9790,7.7385
NLMS-PCA (K=20/20),3,period_0943,32.253333,-7.2566,6.3632,75.7178,67.9790,7.7387
NLMS-PCA (K=20/20),3,period_0943,32.306667,-7.2677,6.0202,75.7204,67.9790,7.7413
NLMS-PCA (K=20/20),3,period_0943,32.360000,-7.2604,5.9536,75.7210,67.9790,7.7419
NLMS-PCA (K=20/20),3,period_0943,32.400000,-7.2622,7.6010,75.7212,67.9790,7.7422
NLMS-PCA (K=20/20),3,period_0943,32.453333,-7.2602,7.0405,75.7221,67.9790,7.7431
NLMS-PCA (K=20/20),3,period_0943,32.506667,-7.2609,5.6946,75.7162,67.9790,7.7372
NLMS-PCA (K=20/20),3,period_0943,32.560000,-7.3755,12.0122,75.7867,67.9790,7.8076
NLMS-PCA (K=20/20),3,period_0943,32.600000,-7.1433,10.7526,75.7547,67.9790,7.7757
NLMS-PCA (K=20/20),3,period_0943,32.653333,-7.1197,8.8171,75.9175,67.9790,7.9384
NLMS-PCA (K=20/20),3,period_0943,32.706667,-6.6759,9.6584,75.9448,67.9790,7.9658
NLMS-PCA (K=20/20),3,period_0943,32.760000,-6.2730,8.8463,73.5323,67.9790,5.5533
NLMS-PCA (K=20/20),3,period_0943,32.800000,-6.5365,3.3421,75.7049,67.9790,7.7258
NLMS-PCA (K=20/20),3,period_0943,32.853333,-6.7852,0.7890,75.5082,67.9790,7.5292
NLMS-PCA (K=20/20),3,period_0943,32.906667,-6.9242,5.2282,75.5874,67.9790,7.6083
NLMS-PCA (K=20/20),3,period_0943,32.960000,-6.3997,4.3587,75.3454,67.9790,7.3664
NLMS-PCA (K=20/20),3,period_0943,33.000000,-9.7820,6.2550,80.0866,67.9790,12.1076
NLMS-PCA (K=20/20),3,period_0943,33.053333,-10.8776,14.0579,80.8995,67.9790,12.9204
NLMS-PCA (K=20/20),3,period_0943,33.106667,-11.0315,15.8136,82.6775,67.9790,14.6984
NLMS-PCA (K=20/20),3,period_0943,33.160000,-10.7738,13.9487,83.0683,67.9790,15.0893
NLMS-PCA (K=20/20),3,period_0943,33.200000,-10.7960,11.5676,79.4846,67.9790,11.5056
NLMS-PCA (K=20/20),3,period_0943,33.253333,-10.8567,8.4091,79.8648,67.9790,11.8858
NLMS-PCA (K=20/20),3,period_0943,33.306667,-11.0040,7.0158,79.6713,67.9790,11.6922
NLMS-PCA (K=20/20),3,period_0943,33.360000,-11.0046,7.1848,80.2011,67.9790,12.2221
NLMS-PCA (K=20/20),3,period_0943,33.400000,-11.1191,5.9477,80.8845,67.9790,12.9055
NLMS-PCA (K=20/20),3,period_0943,33.453333,-11.0698,8.0789,80.1977,67.9790,12.2187
NLMS-PCA (K=20/20),3,period_0943,33.506667,-11.0575,6.5543,80.6330,67.9790,12.6539
NLMS-PCA (K=20/20),3,period_0943,33.560000,-11.1391,5.2666,81.3420,67.9790,13.3630
NLMS-PCA (K=20/20),3,period_0943,33.600000,-11.1074,6.1785,80.9023,67.9790,12.9232
NLMS-PCA (K=20/20),3,period_0943,33.653333,-11.1590,6.6366,81.6408,67.9790,13.6617
NLMS-PCA (K=20/20),3,period_0943,33.706667,-11.1698,5.1064,81.6317,67.9790,13.6526
NLMS-PCA (K=20/20),3,period_0943,33.760000,-11.1485,5.7778,81.5777,67.9790,13.5987
NLMS-PCA (K=20/20),3,period_0943,33.800000,-11.1387,7.1711,81.4478,67.9790,13.4688
NLMS-PCA (K=20/20),3,period_0943,33.853333,-11.1461,5.6459,81.5968,67.9790,13.6177
NLMS-PCA (K=20/20),3,period_0943,33.906667,-11.1496,5.8290,81.5889,67.9790,13.6099
NLMS-PCA (K=20/20),3,period_0943,33.960000,-11.1565,7.2162,81.5872,67.9790,13.6081
NLMS-PCA (K=20/20),3,period_0943,34.000000,-11.1752,4.8857,81.5545,67.9790,13.5755
NLMS-PCA (K=20/20),3,period_0943,34.053333,-11.4116,11.5915,81.6803,67.9790,13.7012
NLMS-PCA (K=20/20),3,period_0943,34.106667,-11.1524,6.0584,81.5028,67.9790,13.5238
NLMS-PCA (K=20/20),3,period_0943,34.160000,-10.1480,6.1542,80.1378,67.9790,12.1588
NLMS-PCA (K=20/20),3,period_0943,34.200000,-10.2082,8.5181,79.7865,67.9790,11.8074
NLMS-PCA (K=20/20),3,period_0943,34.253333,-9.6616,9.6504,80.4103,67.9790,12.4313
NLMS-PCA (K=20/20),3,period_0943,34.306667,-9.6029,10.1016,80.0236,67.9790,12.0445
NLMS-PCA (K=20/20),3,period_0943,34.360000,-9.4945,6.0274,76.6632,67.9790,8.6842
NLMS-PCA (K=20/20),3,period_0943,34.400000,-9.0289,5.6549,72.7025,67.9790,4.7235
NLMS-PCA (K=20/20),3,period_0943,34.453333,-9.1673,6.4766,75.2120,67.9790,7.2329
NLMS-PCA (K=20/20),3,period_0943,34.506667,-9.4877,7.2065,76.7629,67.9790,8.7838
NLMS-PCA (K=20/20),3,period_0943,34.560000,-9.1871,5.7024,77.3647,67.9790,9.3856
NLMS-PCA (K=20/20),3,period_0943,34.600000,-8.8972,6.1744,77.5964,67.9790,9.6174
NLMS-PCA (K=20/20),3,period_0943,34.653333,-8.5489,7.1924,76.8239,67.9790,8.8448
NLMS-PCA (K=20/20),3,period_0943,34.706667,-8.9612,1.4497,77.9713,67.9790,9.9922
NLMS-PCA (K=20/20),3,period_0943,34.760000,-9.8665,2.6884,77.9688,67.9790,9.9898
NLMS-PCA (K=20/20),3,period_0943,34.800000,-9.8059,5.0857,78.2392,67.9790,10.2602
NLMS-PCA (K=20/20),3,period_0943,34.853333,-10.4815,3.8581,79.4932,67.9790,11.5142
NLMS-PCA (K=20/20),3,period_0943,34.906667,-11.3539,11.9939,81.9400,67.9790,13.9610
NLMS-PCA (K=20/20),3,period_0943,34.960000,-11.4354,13.3870,84.0742,67.9790,16.0952
NLMS-PCA (K=20/20),3,period_0943,35.000000,-11.1721,14.0340,84.1722,67.9790,16.1932
NLMS-PCA (K=20/20),3,period_0943,35.053333,-11.1507,12.4788,83.4858,67.9790,15.5067
NLMS-PCA (K=20/20),3,period_0943,35.106667,-10.9529,7.8244,78.5624,67.9790,10.5833
NLMS-PCA (K=20/20),3,period_0943,35.160000,-11.0159,6.6823,79.4137,67.9790,11.4346
NLMS-PCA (K=20/20),3,period_0943,35.200000,-11.1294,6.6864,81.0869,67.9790,13.1079
NLMS-PCA (K=20/20),3,period_0943,35.253333,-11.0588,7.7461,80.1504,67.9790,12.1714
NLMS-PCA (K=20/20),3,period_0943,35.306667,-11.1109,6.7846,80.9775,67.9790,12.9984
NLMS-PCA (K=20/20),3,period_0943,35.360000,-11.0522,6.4786,80.2888,67.9790,12.3098
NLMS-PCA (K=20/20),3,period_0943,35.400000,-11.1252,5.4484,81.3912,67.9790,13.4122
NLMS-PCA (K=20/20),3,period_0943,35.453333,-11.1028,7.1397,81.2482,67.9790,13.2692
NLMS-PCA (K=20/20),3,period_0943,35.506667,-11.1419,6.9395,81.6345,67.9790,13.6555
NLMS-PCA (K=20/20),3,period_0943,35.560000,-11.1213,7.3021,81.3998,67.9790,13.4207
NLMS-PCA (K=20/20),3,period_0943,35.600000,-11.1269,7.1202,81.6564,67.9790,13.6774
NLMS-PCA (K=20/20),3,period_0943,35.653333,-11.1651,6.0748,81.9519,67.9790,13.9729
NLMS-PCA (K=20/20),3,period_0943,35.706667,-11.1259,6.7669,81.6295,67.9790,13.6504
NLMS-PCA (K=20/20),3,period_0943,35.760000,-11.1624,5.2509,82.1099,67.9790,14.1309
NLMS-PCA (K=20/20),3,period_0943,35.800000,-11.1726,5.5291,82.0885,67.9790,14.1094
NLMS-PCA (K=20/20),3,period_0943,35.853333,-11.7232,11.6629,82.0729,67.9790,14.0939
NLMS-PCA (K=20/20),3,period_0943,35.906667,-11.5736,5.4669,81.2491,67.9790,13.2701
NLMS-PCA (K=20/20),3,period_0943,35.960000,-10.7612,5.8269,80.8087,67.9790,12.8296
NLMS-PCA (K=20/20),3,period_0943,36.000000,-9.2929,8.5666,79.4502,67.9790,11.4712
NLMS-PCA (K=20/20),3,period_0943,36.053333,-9.7644,5.3662,77.5115,67.9790,9.5324
NLMS-PCA (K=20/20),3,period_0943,36.106667,-9.9699,4.4143,78.2120,67.9790,10.2330
NLMS-PCA (K=20/20),3,period_0943,36.160000,-7.0358,2.5170,68.8628,67.9790,0.8837
NLMS-PCA (K=20/20),3,period_0943,36.200000,-8.3002,1.0508,71.7667,67.9790,3.7876
NLMS-PCA (K=20/20),3,period_0943,36.253333,-9.9631,10.2365,78.0010,67.9790,10.0219
NLMS-PCA (K=20/20),3,period_0943,36.306667,-10.8301,0.7123,78.7862,67.9790,10.8071
NLMS-PCA (K=20/20),3,period_0943,36.360000,-10.0319,4.1151,79.2679,67.9790,11.2888
NLMS-PCA (K=20/20),3,period_0943,36.400000,-8.9487,7.5749,73.6888,67.9790,5.7098
NLMS-PCA (K=20/20),3,period_0943,36.453333,-8.9547,6.6005,74.6374,67.9790,6.6584
NLMS-PCA (K=20/20),3,period_0943,36.506667,-8.3100,8.4750,73.3440,67.9790,5.3650
NLMS-PCA (K=20/20),3,period_0943,36.560000,-9.1964,3.1652,78.5961,67.9790,10.6171
NLMS-PCA (K=20/20),3,period_0943,36.600000,-8.8028,14.2536,75.0958,67.9790,7.1168
NLMS-PCA (K=20/20),3,period_0943,36.653333,-8.8491,14.1940,74.5727,67.9790,6.5936
NLMS-PCA (K=20/20),3,period_0943,36.706667,-8.9272,11.6329,75.0606,67.9790,7.0816
NLMS-PCA (K=20/20),3,period_0943,36.760000,-9.0362,11.2130,75.3712,67.9790,7.3921
NLMS-PCA (K=20/20),3,period_0943,36.800000,-8.4862,6.4495,73.6702,67.9790,5.6912
NLMS-PCA (K=20/20),3,period_0943,36.853333,-7.2898,3.6841,77.2212,67.9790,9.2422
NLMS-PCA (K=20/20),3,period_0943,36.906667,-8.0120,3.3979,76.6226,67.9790,8.6436
NLMS-PCA (K=20/20),3,period_0943,36.960000,-7.7801,7.1169,75.6822,67.9790,7.7031
NLMS-PCA (K=20/20),3,period_0943,37.000000,-8.0156,8.7861,72.7460,67.9790,4.7669
NLMS-PCA (K=20/20),3,period_0943,37.053333,-7.3922,5.8069,67.7792,67.9790,-0.1999
NLMS-PCA (K=20/20),3,period_0943,37.106667,-10.4730,11.7827,75.7832,67.9790,7.8042
NLMS-PCA (K=20/20),3,period_0943,37.160000,-11.1397,12.6033,77.8390,67.9790,9.8600
NLMS-PCA (K=20/20),3,period_0943,37.200000,-11.0731,1.2037,80.6214,67.9790,12.6423
NLMS-PCA (K=20/20),3,period_0943,37.253333,-10.0740,3.1033,75.7936,67.9790,7.8146
NLMS-PCA (K=20/20),3,period_0943,37.306667,-9.9096,7.0143,75.4815,67.9790,7.5025
NLMS-PCA (K=20/20),3,period_0943,37.360000,-9.9696,7.4625,75.8889,67.9790,7.9099
NLMS-PCA (K=20/20),3,period_0943,37.400000,-9.8328,10.2213,76.5137,67.9790,8.5347
NLMS-PCA (K=20/20),3,period_0943,37.453333,-9.9821,9.0051,77.5514,67.9790,9.5724
NLMS-PCA (K=20/20),3,period_0943,37.506667,-9.5913,8.2413,76.4279,67.9790,8.4488
NLMS-PCA (K=20/20),3,period_0943,37.560000,-9.3848,7.4395,75.7076,67.9790,7.7285
NLMS-PCA (K=20/20),3,period_0943,37.600000,-8.5185,4.2004,74.0574,67.9790,6.0784
NLMS-PCA (K=20/20),3,period_0943,37.653333,-7.8371,7.3173,76.6011,67.9790,8.6220
NLMS-PCA (K=20/20),3,period_0943,37.706667,-8.3089,7.5530,76.3047,67.9790,8.3257
NLMS-PCA (K=20/20),3,period_0943,37.760000,-8.6466,7.7423,78.9831,67.9790,11.0040
NLMS-PCA (K=20/20),3,period_0943,37.800000,-8.6617,6.1386,78.3911,67.9790,10.4120
NLMS-PCA (K=20/20),3,period_0943,37.853333,-8.4045,12.6955,74.9898,67.9790,7.0108
NLMS-PCA (K=20/20),3,period_0943,37.906667,-8.5140,14.0714,75.4858,67.9790,7.5068
NLMS-PCA (K=20/20),3,period_0943,37.960000,-8.3215,13.8871,74.5060,67.9790,6.5269
NLMS-PCA (K=20/20),3,period_0943,38.000000,-8.4257,12.2914,74.1220,67.9790,6.1430
NLMS-PCA (K=20/20),3,period_0943,38.053333,-7.5802,12.9586,71.1785,67.9790,3.1995
NLMS-PCA (K=20/20),3,period_0943,38.106667,-5.9594,3.1011,74.5396,67.9790,6.5605
NLMS-PCA (K=20/20),3,period_0943,38.160000,-8.6137,3.8930,78.0612,67.9790,10.0822
NLMS-PCA (K=20/20),3,period_0943,38.200000,-8.6464,10.5386,78.4037,67.9790,10.4246
NLMS-PCA (K=20/20),3,period_0943,38.253333,-8.5225,10.8152,75.5952,67.9790,7.6161
NLMS-PCA (K=20/20),3,period_0943,38.306667,-8.4157,9.7332,75.1786,67.9790,7.1995
NLMS-PCA (K=20/20),3,period_0943,38.360000,-8.3027,8.8658,73.5131,67.9790,5.5341
NLMS-PCA (K=20/20),3,period_0943,38.400000,-8.2791,8.7652,73.7297,67.9790,5.7507
NLMS-PCA (K=20/20),3,period_0943,38.453333,-8.3822,6.7919,75.6508,67.9790,7.6717
NLMS-PCA (K=20/20),3,period_0943,38.506667,-8.8779,6.5109,78.0641,67.9790,10.0850
NLMS-PCA (K=20/20),3,period_0943,38.560000,-8.6382,10.7482,75.9393,67.9790,7.9602
NLMS-PCA (K=20/20),3,period_0943,38.600000,-8.5043,14.1522,75.2733,67.9790,7.2942
NLMS-PCA (K=20/20),3,period_0943,38.653333,-8.4206,11.1465,74.4184,67.9790,6.4394
NLMS-PCA (K=20/20),3,period_0943,38.706667,-8.3311,10.6422,76.3766,67.9790,8.3976
NLMS-PCA (K=20/20),3,period_0943,38.760000,-8.4446,10.2636,77.3675,67.9790,9.3885
NLMS-PCA (K=20/20),3,period_0943,38.800000,-8.3983,7.2377,74.6431,67.9790,6.6640
NLMS-PCA (K=20/20),3,period_0943,38.853333,-8.4230,11.8482,75.5600,67.9790,7.5809
NLMS-PCA (K=20/20),3,period_0943,38.906667,-6.3464,14.6293,69.0899,67.9790,1.1108
NLMS-PCA (K=20/20),3,period_0943,38.960000,-7.1367,6.3759,73.9085,67.9790,5.9294
NLMS-PCA (K=20/20),3,period_0943,39.000000,-8.0774,0.7554,77.2832,67.9790,9.3042
NLMS-PCA (K=20/20),3,period_0943,39.053333,-8.0219,2.9768,76.9855,67.9790,9.0065
NLMS-PCA (K=20/20),3,period_0943,39.106667,-8.5572,3.7506,76.8516,67.9790,8.8725
NLMS-PCA (K=20/20),3,period_0943,39.160000,-8.6486,6.2866,76.6689,67.9790,8.6899
NLMS-PCA (K=20/20),3,period_0943,39.200000,-8.7864,6.1724,76.5719,67.9790,8.5928
NLMS-PCA (K=20/20),3,period_0943,39.253333,-8.8690,4.5795,76.5391,67.9790,8.5600
NLMS-PCA (K=20/20),3,period_0943,39.306667,-8.8272,6.4581,76.4664,67.9790,8.4874
NLMS-PCA (K=20/20),3,period_0943,39.360000,-8.8084,6.3681,76.3529,67.9790,8.3738
NLMS-PCA (K=20/20),3,period_0943,39.400000,-8.8328,7.1484,76.3593,67.9790,8.3803
NLMS-PCA (K=20/20),3,period_0943,39.453333,-8.8454,7.6845,76.3315,67.9790,8.3525
NLMS-PCA (K=20/20),3,period_0943,39.506667,-8.8551,7.2168,76.2798,67.9790,8.3007
NLMS-PCA (K=20/20),3,period_0943,39.560000,-8.9043,8.6657,76.2089,67.9790,8.2298
NLMS-PCA (K=20/20),3,period_0943,39.600000,-8.9107,8.2475,76.1628,67.9790,8.1838
NLMS-PCA (K=20/20),3,period_0943,39.653333,-8.8693,7.8766,76.0778,67.9790,8.0987
NLMS-PCA (K=20/20),3,period_0943,39.706667,-8.8741,9.4522,76.0569,67.9790,8.0779
NLMS-PCA (K=20/20),3,period_0943,39.760000,-8.8514,5.9195,76.0544,67.9790,8.0754
NLMS-PCA (K=20/20),3,period_0943,39.800000,-8.8128,6.3780,76.0227,67.9790,8.0436
NLMS-PCA (K=20/20),3,period_0943,39.853333,-8.8343,6.5977,75.9992,67.9790,8.0202
NLMS-PCA (K=20/20),3,period_0943,39.906667,-8.8269,6.8267,75.9757,67.9790,7.9967
NLMS-PCA (K=20/20),3,period_0943,39.960000,-8.6448,6.1441,75.7856,67.9790,7.8065
NLMS-PCA (K=20/20),3,period_0943,40.000000,-7.4780,5.1374,76.3720,67.9790,8.3930
