algorithm,epoch_index,condition_id,t_s,misalignment_db,erle_db,msg_with_afc_db,msg_without_afc_db,asg_db
PEMAFC-F,0,periodavg_0837-0839,0.013333,-0.1118,0.5331,77.2921,77.2970,-0.0049
PEMAFC-F,0,periodavg_0837-0839,0.053333,-0.5902,1.2052,77.5341,77.2970,0.2372
PEMAFC-F,0,periodavg_0837-0839,0.106667,-1.2260,1.9262,78.0299,77.2970,0.7330
PEMAFC-F,0,periodavg_0837-0839,0.160000,-1.7471,2.3689,78.2376,77.2970,0.9407
PEMAFC-F,0,periodavg_0837-0839,0.200000,-2.1245,3.2748,78.4732,77.2970,1.1762
PEMAFC-F,0,periodavg_0837-0839,0.253333,-2.6265,2.1794,78.6025,77.2970,1.3056
PEMAFC-F,0,periodavg_0837-0839,0.306667,-3.1351,2.6947,78.7700,77.2970,1.4730
PEMAFC-F,0,periodavg_0837-0839,0.360000,-3.6692,3.8538,79.0320,77.2970,1.7351
PEMAFC-F,0,periodavg_0837-0839,0.400000,-3.9629,3.5797,79.0742,77.2970,1.7772
PEMAFC-F,0,periodavg_0837-0839,0.453333,-4.4287,2.7963,79.3119,77.2970,2.0149
PEMAFC-F,0,periodavg_0837-0839,0.506667,-4.8836,4.3269,79.5889,77.2970,2.2919
PEMAFC-F,0,periodavg_0837-0839,0.560000,-5.2638,4.2254,79.7589,77.2970,2.4619
PEMAFC-F,0,periodavg_0837-0839,0.600000,-5.5625,3.3945,79.9967,77.2970,2.6998
PEMAFC-F,0,periodavg_0837-0839,0.653333,-5.9378,5.0057,80.0904,77.2970,2.7935
PEMAFC-F,0,periodavg_0837-0839,0.706667,-6.2584,5.5782,80.1747,77.2970,2.8778
PEMAFC-F,0,periodavg_0837-0839,0.760000,-6.5618,3.1472,80.3412,77.2970,3.0443
PEMAFC-F,0,periodavg_0837-0839,0.800000,-6.8035,5.2053,80.4275,77.2970,3.1306
PEMAFC-F,0,periodavg_0837-0839,0.853333,-7.1427,3.5250,80.6549,77.2970,3.3580
PEMAFC-F,0,periodavg_0837-0839,0.906667,-7.4377,4.8299,80.7744,77.2970,3.4775
PEMAFC-F,0,periodavg_0837-0839,0.960000,-7.6768,5.8228,80.8766,77.2970,3.5797
PEMAFC-F,0,periodavg_0837-0839,1.000000,-7.9565,2.1191,81.2739,77.2970,3.9770
PEMAFC-F,0,periodavg_0837-0839,1.053333,-8.2295,5.4754,81.4647,77.2970,4.1678
PEMAFC-F,0,periodavg_0837-0839,1.106667,-8.5201,5.2984,81.6289,77.2970,4.3319
PEMAFC-F,0,periodavg_0837-0839,1.160000,-8.8331,2.8566,81.8866,77.2970,4.5897
PEMAFC-F,0,periodavg_0837-0839,1.200000,-9.0358,4.0047,82.1707,77.2970,4.8738
PEMAFC-F,0,periodavg_0837-0839,1.253333,-9.3301,4.5072,82.5122,77.2970,5.2153
PEMAFC-F,0,periodavg_0837-0839,1.306667,-9.6194,3.6784,82.8184,77.2970,5.5214
PEMAFC-F,0,periodavg_0837-0839,1.360000,-9.8819,4.0144,82.9229,77.2970,5.6259
PEMAFC-F,0,periodavg_0837-0839,1.400000,-10.0647,5.2916,83.1208,77.2970,5.8239
PEMAFC-F,0,periodavg_0837-0839,1.453333,-10.2812,3.8803,83.4083,77.2970,6.1114
PEMAFC-F,0,periodavg_0837-0839,1.506667,-10.4989,4.7455,83.5693,77.2970,6.2723
PEMAFC-F,0,periodavg_0837-0839,1.560000,-10.7059,4.8752,83.7069,77.2970,6.4099
PEMAFC-F,0,periodavg_0837-0839,1.600000,-10.8762,3.2231,83.8963,77.2970,6.5993
PEMAFC-F,0,periodavg_0837-0839,1.653333,-11.1442,2.8935,84.1388,77.2970,6.8418
PEMAFC-F,0,periodavg_0837-0839,1.706667,-11.3553,3.9547,84.3207,77.2970,7.0237
PEMAFC-F,0,periodavg_0837-0839,1.760000,-11.6210,5.3371,84.5764,77.2970,7.2794
PEMAFC-F,0,periodavg_0837-0839,1.800000,-11.7919,4.0783,84.7711,77.2970,7.4741
PEMAFC-F,0,periodavg_0837-0839,1.853333,-11.9840,5.0092,84.9650,77.2970,7.6681
PEMAFC-F,0,periodavg_0837-0839,1.906667,-12.2359,3.7476,85.0773,77.2970,7.7804
PEMAFC-F,0,periodavg_0837-0839,1.960000,-12.5011,3.8762,85.3089,77.2970,8.0119
PEMAFC-F,0,periodavg_0837-0839,2.000000,-12.6835,5.3572,85.4596,77.2970,8.1626
PEMAFC-F,0,periodavg_0837-0839,2.053333,-12.9105,4.2128,85.5641,77.2970,8.2672
PEMAFC-F,0,periodavg_0837-0839,2.106667,-13.1501,6.4353,85.8275,77.2970,8.5306
PEMAFC-F,0,periodavg_0837-0839,2.160000,-13.3193,2.7609,85.9437,77.2970,8.6468
PEMAFC-F,0,periodavg_0837-0839,2.200000,-13.2831,6.1093,86.0545,77.2970,8.7576
PEMAFC-F,0,periodavg_0837-0839,2.253333,-13.4823,3.8305,86.2576,77.2970,8.9606
PEMAFC-F,0,periodavg_0837-0839,2.306667,-13.7584,4.7884,86.5027,77.2970,9.2057
PEMAFC-F,0,periodavg_0837-0839,2.360000,-14.0512,4.1982,86.6623,77.2970,9.3653
PEMAFC-F,0,periodavg_0837-0839,2.400000,-14.3407,3.7055,86.8060,77.2970,9.5090
PEMAFC-F,0,periodavg_0837-0839,2.453333,-14.6284,5.3972,87.0843,77.2970,9.7873
PEMAFC-F,0,periodavg_0837-0839,2.506667,-14.7223,4.8549,87.2889,77.2970,9.9920
PEMAFC-F,0,periodavg_0837-0839,2.560000,-14.9936,2.8956,87.5204,77.2970,10.2234
PEMAFC-F,0,periodavg_0837-0839,2.600000,-15.1777,4.2271,87.6980,77.2970,10.4010
PEMAFC-F,0,periodavg_0837-0839,2.653333,-15.4109,3.3460,87.9373,77.2970,10.6403
PEMAFC-F,0,periodavg_0837-0839,2.706667,-15.6769,4.6954,88.2480,77.2970,10.9510
PEMAFC-F,0,periodavg_0837-0839,2.760000,-15.8757,4.4976,88.3949,77.2970,11.0979
PEMAFC-F,0,periodavg_0837-0839,2.800000,-15.9926,5.2341,88.4996,77.2970,11.2026
PEMAFC-F,0,periodavg_0837-0839,2.853333,-16.2015,4.8368,88.7269,77.2970,11.4299
PEMAFC-F,0,periodavg_0837-0839,2.906667,-16.3953,4.3139,89.0336,77.2970,11.7366
PEMAFC-F,0,periodavg_0837-0839,2.960000,-16.6940,3.5416,89.1569,77.2970,11.8599
PEMAFC-F,0,periodavg_0837-0839,3.000000,-16.7791,5.3946,89.2469,77.2970,11.9500
PEMAFC-F,0,periodavg_0837-0839,3.053333,-16.8136,5.2952,89.5503,77.2970,12.2533
PEMAFC-F,0,periodavg_0837-0839,3.106667,-17.0894,3.6224,89.6592,77.2970,12.3623
PEMAFC-F,0,periodavg_0837-0839,3.160000,-17.3088,5.1422,89.8489,77.2970,12.5520
PEMAFC-F,0,periodavg_0837-0839,3.200000,-17.4624,5.9195,90.1118,77.2970,12.8148
PEMAFC-F,0,periodavg_0837-0839,3.253333,-17.6929,5.0397,90.4133,77.2970,13.1164
PEMAFC-F,0,periodavg_0837-0839,3.306667,-17.8007,4.7725,90.4719,77.2970,13.1749
PEMAFC-F,0,periodavg_0837-0839,3.360000,-17.9685,4.0868,90.7375,77.2970,13.4405
PEMAFC-F,0,periodavg_0837-0839,3.400000,-18.0395,6.6981,90.8625,77.2970,13.5656
PEMAFC-F,0,periodavg_0837-0839,3.453333,-18.0811,4.3428,90.9525,77.2970,13.6555
PEMAFC-F,0,periodavg_0837-0839,3.506667,-18.2318,5.2582,91.0966,77.2970,13.7997
PEMAFC-F,0,periodavg_0837-0839,3.560000,-18.3305,5.4577,91.2697,77.2970,13.9728
PEMAFC-F,0,periodavg_0837-0839,3.600000,-18.4729,5.2499,91.4664,77.2970,14.1695
PEMAFC-F,0,periodavg_0837-0839,3.653333,-18.6257,4.2595,91.7472,77.2970,14.4502
PEMAFC-F,0,periodavg_0837-0839,3.706667,-18.8604,4.8086,91.9643,77.2970,14.6674
PEMAFC-F,0,periodavg_0837-0839,3.760000,-19.1170,3.7478,92.2943,77.2970,14.9973
PEMAFC-F,0,periodavg_0837-0839,3.800000,-19.2629,4.0287,92.4727,77.2970,15.1757
PEMAFC-F,0,periodavg_0837-0839,3.853333,-19.6158,4.0866,92.7248,77.2970,15.4278
PEMAFC-F,0,periodavg_0837-0839,3.906667,-19.7293,4.0874,92.8698,77.2970,15.5728
PEMAFC-F,0,periodavg_0837-0839,3.960000,-19.8762,5.1624,93.1543,77.2970,15.8574
PEMAFC-F,0,periodavg_0837-0839,4.000000,-20.0227,6.4693,93.3136,77.2970,16.0167
PEMAFC-F,0,periodavg_0837-0839,4.053333,-20.1507,6.4237,93.5472,77.2970,16.2503
PEMAFC-F,0,periodavg_0837-0839,4.106667,-20.1420,4.0498,93.7632,77.2970,16.4662
PEMAFC-F,0,periodavg_0837-0839,4.160000,-20.3507,6.8533,93.9774,77.2970,16.6805
PEMAFC-F,0,periodavg_0837-0839,4.200000,-20.4046,4.5715,93.9879,77.2970,16.6910
PEMAFC-F,0,periodavg_0837-0839,4.253333,-20.6066,3.8585,94.1332,77.2970,16.8363
PEMAFC-F,0,periodavg_0837-0839,4.306667,-20.7133,4.2382,94.1839,77.2970,16.8870
PEMAFC-F,0,periodavg_0837-0839,4.360000,-20.8448,5.4731,94.5380,77.2970,17.2410
PEMAFC-F,0,periodavg_0837-0839,4.400000,-20.9980,4.6888,94.7392,77.2970,17.4423
PEMAFC-F,0,periodavg_0837-0839,4.453333,-21.1002,5.5648,94.8383,77.2970,17.5414
PEMAFC-F,0,periodavg_0837-0839,4.506667,-21.0294,5.6523,95.0290,77.2970,17.7320
PEMAFC-F,0,periodavg_0837-0839,4.560000,-21.1837,3.2375,95.3492,77.2970,18.0522
PEMAFC-F,0,periodavg_0837-0839,4.600000,-21.3441,4.2479,95.4436,77.2970,18.1466
PEMAFC-F,0,periodavg_0837-0839,4.653333,-21.3920,5.2401,95.8939,77.2970,18.5970
PEMAFC-F,0,periodavg_0837-0839,4.706667,-21.3935,4.2336,96.2557,77.2970,18.9587
PEMAFC-F,0,periodavg_0837-0839,4.760000,-21.5295,6.3392,96.4052,77.2970,19.1082
PEMAFC-F,0,periodavg_0837-0839,4.800000,-21.8084,3.8034,96.6398,77.2970,19.3429
PEMAFC-F,0,periodavg_0837-0839,4.853333,-21.8980,4.9531,97.0399,77.2970,19.7429
PEMAFC-F,0,periodavg_0837-0839,4.906667,-22.1990,5.0479,97.2009,77.2970,19.9039
PEMAFC-F,0,periodavg_0837-0839,4.960000,-22.2575,2.9971,97.5970,77.2970,20.3000
PEMAFC-F,0,periodavg_0837-0839,5.000000,-22.3150,4.2824,97.9912,77.2970,20.6942
PEMAFC-F,0,periodavg_0837-0839,5.053333,-22.4932,4.9326,98.2037,77.2970,20.9067
PEMAFC-F,0,periodavg_0837-0839,5.106667,-22.6227,4.1563,98.5077,77.2970,21.2108
PEMAFC-F,0,periodavg_0837-0839,5.160000,-22.4062,6.2655,97.7931,77.2970,20.4962
PEMAFC-F,0,periodavg_0837-0839,5.200000,-22.2548,5.0002,95.1986,77.2970,17.9017
PEMAFC-F,0,periodavg_0837-0839,5.253333,-22.4322,3.9457,96.9286,77.2970,19.6317
PEMAFC-F,0,periodavg_0837-0839,5.306667,-22.0591,5.7708,94.6359,77.2970,17.3390
PEMAFC-F,0,periodavg_0837-0839,5.360000,-22.3724,5.0088,95.4646,77.2970,18.1676
PEMAFC-F,0,periodavg_0837-0839,5.400000,-22.4986,3.1020,96.1491,77.2970,18.8522
PEMAFC-F,0,periodavg_0837-0839,5.453333,-22.4464,4.0493,96.8369,77.2970,19.5400
PEMAFC-F,0,periodavg_0837-0839,5.506667,-22.5571,5.6806,97.8301,77.2970,20.5331
PEMAFC-F,0,periodavg_0837-0839,5.560000,-22.7193,5.5046,98.6062,77.2970,21.3093
PEMAFC-F,0,periodavg_0837-0839,5.600000,-22.3617,5.4302,93.5263,77.2970,16.2293
PEMAFC-F,0,periodavg_0837-0839,5.653333,-22.4458,5.7056,93.4027,77.2970,16.1057
PEMAFC-F,0,periodavg_0837-0839,5.706667,-23.0708,3.9205,97.0069,77.2970,19.7099
PEMAFC-F,0,periodavg_0837-0839,5.760000,-22.6036,4.1836,93.9563,77.2970,16.6593
PEMAFC-F,0,periodavg_0837-0839,5.800000,-22.5087,5.6006,93.3561,77.2970,16.0591
PEMAFC-F,0,periodavg_0837-0839,5.853333,-22.6900,4.6532,94.4437,77.2970,17.1467
PEMAFC-F,0,periodavg_0837-0839,5.906667,-23.0964,4.7315,96.0635,77.2970,18.7665
PEMAFC-F,0,periodavg_0837-0839,5.960000,-23.3050,5.0512,97.3553,77.2970,20.0584
PEMAFC-F,0,periodavg_0837-0839,6.000000,-23.5059,3.5197,101.9003,77.2970,24.6034
PEMAFC-F,0,periodavg_0837-0839,6.053333,-23.5762,6.9218,101.9586,77.2970,24.6617
PEMAFC-F,0,periodavg_0837-0839,6.106667,-23.6069,4.6498,101.7856,77.2970,24.4886
PEMAFC-F,0,periodavg_0837-0839,6.160000,-23.8266,4.8750,101.9556,77.2970,24.6586
PEMAFC-F,0,periodavg_0837-0839,6.200000,-23.8187,6.5039,101.8521,77.2970,24.5551
PEMAFC-F,0,periodavg_0837-0839,6.253333,-23.8253,4.3814,101.9609,77.2970,24.6640
PEMAFC-F,0,periodavg_0837-0839,6.306667,-23.9688,3.7074,101.9817,77.2970,24.6848
PEMAFC-F,0,periodavg_0837-0839,6.360000,-23.9500,6.1376,101.9585,77.2970,24.6615
PEMAFC-F,0,periodavg_0837-0839,6.400000,-23.8291,4.3361,101.9371,77.2970,24.6402
PEMAFC-F,0,periodavg_0837-0839,6.453333,-23.7366,7.0671,99.4372,77.2970,22.1403
PEMAFC-F,0,periodavg_0837-0839,6.506667,-23.8105,3.7071,101.3482,77.2970,24.0513
PEMAFC-F,0,periodavg_0837-0839,6.560000,-24.1665,6.0839,101.9713,77.2970,24.6743
PEMAFC-F,0,periodavg_0837-0839,6.600000,-24.1928,3.3759,101.9518,77.2970,24.6549
PEMAFC-F,0,periodavg_0837-0839,6.653333,-24.0434,5.7378,101.9799,77.2970,24.6830
PEMAFC-F,0,periodavg_0837-0839,6.706667,-23.9027,6.0652,101.9858,77.2970,24.6888
PEMAFC-F,0,periodavg_0837-0839,6.760000,-23.7980,4.9918,100.8289,77.2970,23.5319
PEMAFC-F,0,periodavg_0837-0839,6.800000,-23.6848,3.9773,99.0609,77.2970,21.7639
PEMAFC-F,0,periodavg_0837-0839,6.853333,-23.6419,5.4007,97.5241,77.2970,20.2272
PEMAFC-F,0,periodavg_0837-0839,6.906667,-23.7725,5.8719,96.8676,77.2970,19.5707
PEMAFC-F,0,periodavg_0837-0839,6.960000,-24.0249,4.0257,102.0125,77.2970,24.7156
PEMAFC-F,0,periodavg_0837-0839,7.000000,-24.1589,6.2039,102.0017,77.2970,24.7047
PEMAFC-F,0,periodavg_0837-0839,7.053333,-24.1309,4.8729,101.9685,77.2970,24.6715
PEMAFC-F,0,periodavg_0837-0839,7.106667,-24.1955,4.7278,101.2141,77.2970,23.9171
PEMAFC-F,0,periodavg_0837-0839,7.160000,-24.2438,4.0499,102.0106,77.2970,24.7137
PEMAFC-F,0,periodavg_0837-0839,7.200000,-24.0311,3.7091,102.0465,77.2970,24.7495
PEMAFC-F,0,periodavg_0837-0839,7.253333,-23.9560,5.0490,102.0383,77.2970,24.7413
PEMAFC-F,0,periodavg_0837-0839,7.306667,-23.9350,3.2443,100.4070,77.2970,23.1100
PEMAFC-F,0,periodavg_0837-0839,7.360000,-23.9860,4.0276,101.6356,77.2970,24.3387
PEMAFC-F,0,periodavg_0837-0839,7.400000,-23.8614,4.6509,101.9823,77.2970,24.6853
PEMAFC-F,0,periodavg_0837-0839,7.453333,-23.9926,5.2483,101.9964,77.2970,24.6994
PEMAFC-F,0,periodavg_0837-0839,7.506667,-24.3551,3.9428,101.9971,77.2970,24.7001
PEMAFC-F,0,periodavg_0837-0839,7.560000,-24.2178,4.2276,102.0236,77.2970,24.7267
PEMAFC-F,0,periodavg_0837-0839,7.600000,-24.0257,3.1662,102.0225,77.2970,24.7255
PEMAFC-F,0,periodavg_0837-0839,7.653333,-23.9333,4.7411,102.0175,77.2970,24.7206
PEMAFC-F,0,periodavg_0837-0839,7.706667,-24.0140,5.1770,102.0696,77.2970,24.7726
PEMAFC-F,0,periodavg_0837-0839,7.760000,-24.2144,4.4534,102.0825,77.2970,24.7855
PEMAFC-F,0,periodavg_0837-0839,7.800000,-24.2836,5.9274,102.0801,77.2970,24.7831
PEMAFC-F,0,periodavg_0837-0839,7.853333,-24.2297,4.9306,102.0976,77.2970,24.8006
PEMAFC-F,0,periodavg_0837-0839,7.906667,-24.1639,4.9635,102.1259,77.2970,24.8289
PEMAFC-F,0,periodavg_0837-0839,7.960000,-24.1965,5.5105,102.0901,77.2970,24.7932
PEMAFC-F,0,periodavg_0837-0839,8.000000,-24.3861,4.9546,102.1167,77.2970,24.8198
PEMAFC-F,0,periodavg_0837-0839,8.053333,-24.2469,4.9864,102.1127,77.2970,24.8157
PEMAFC-F,0,periodavg_0837-0839,8.106667,-24.3719,4.3454,102.1015,77.2970,24.8045
PEMAFC-F,0,periodavg_0837-0839,8.160000,-24.1881,3.3252,101.2203,77.2970,23.9233
PEMAFC-F,0,periodavg_0837-0839,8.200000,-24.5084,5.9727,102.0888,77.2970,24.7919
PEMAFC-F,0,periodavg_0837-0839,8.253333,-24.4373,4.2490,101.7615,77.2970,24.4645
PEMAFC-F,0,periodavg_0837-0839,8.306667,-24.4719,6.1502,101.3834,77.2970,24.0865
PEMAFC-F,0,periodavg_0837-0839,8.360000,-23.9299,4.2475,97.4414,77.2970,20.1444
PEMAFC-F,0,periodavg_0837-0839,8.400000,-24.2566,3.3474,100.8359,77.2970,23.5390
PEMAFC-F,0,periodavg_0837-0839,8.453333,-24.3671,5.4361,102.1335,77.2970,24.8365
PEMAFC-F,0,periodavg_0837-0839,8.506667,-24.5793,5.4754,102.0958,77.2970,24.7988
PEMAFC-F,0,periodavg_0837-0839,8.560000,-24.3934,5.3829,102.1178,77.2970,24.8208
PEMAFC-F,0,periodavg_0837-0839,8.600000,-23.8881,6.1288,98.7096,77.2970,21.4127
PEMAFC-F,0,periodavg_0837-0839,8.653333,-24.4764,3.0088,102.1180,77.2970,24.8211
PEMAFC-F,0,periodavg_0837-0839,8.706667,-24.2267,7.4906,101.2846,77.2970,23.9876
PEMAFC-F,0,periodavg_0837-0839,8.760000,-24.3031,4.4870,102.1168,77.2970,24.8199
PEMAFC-F,0,periodavg_0837-0839,8.800000,-24.2315,4.7952,102.1270,77.2970,24.8300
PEMAFC-F,0,periodavg_0837-0839,8.853333,-24.4924,4.2979,101.3986,77.2970,24.1016
PEMAFC-F,0,periodavg_0837-0839,8.906667,-24.4736,5.7837,102.1251,77.2970,24.8281
PEMAFC-F,0,periodavg_0837-0839,8.960000,-24.4616,5.9760,102.0963,77.2970,24.7993
PEMAFC-F,0,periodavg_0837-0839,9.000000,-24.2876,6.2207,101.2739,77.2970,23.9770
PEMAFC-F,0,periodavg_0837-0839,9.053333,-23.9695,6.0817,101.9896,77.2970,24.6926
PEMAFC-F,0,periodavg_0837-0839,9.106667,-23.5905,6.0928,99.0705,77.2970,21.7736
PEMAFC-F,0,periodavg_0837-0839,9.160000,-24.1285,4.2972,102.0668,77.2970,24.7698
PEMAFC-F,0,periodavg_0837-0839,9.200000,-24.2051,4.5874,102.0873,77.2970,24.7903
PEMAFC-F,0,periodavg_0837-0839,9.253333,-23.9891,4.7618,102.0918,77.2970,24.7948
PEMAFC-F,0,periodavg_0837-0839,9.306667,-24.3350,4.4641,102.0864,77.2970,24.7895
PEMAFC-F,0,periodavg_0837-0839,9.360000,-24.5913,5.5539,102.0801,77.2970,24.7831
PEMAFC-F,0,periodavg_0837-0839,9.400000,-24.4159,4.9804,102.0814,77.2970,24.7844
PEMAFC-F,0,periodavg_0837-0839,9.453333,-24.5567,3.3886,102.0872,77.2970,24.7903
PEMAFC-F,0,periodavg_0837-0839,9.506667,-24.6642,4.9886,102.0722,77.2970,24.7753
PEMAFC-F,0,periodavg_0837-0839,9.560000,-24.6183,4.1675,102.0978,77.2970,24.8008
PEMAFC-F,0,periodavg_0837-0839,9.600000,-24.1354,4.4675,102.1033,77.2970,24.8064
PEMAFC-F,0,periodavg_0837-0839,9.653333,-24.0124,4.1722,102.1063,77.2970,24.8093
PEMAFC-F,0,periodavg_0837-0839,9.706667,-24.2512,4.7778,102.0959,77.2970,24.7990
PEMAFC-F,0,periodavg_0837-0839,9.760000,-24.4740,4.9208,102.0775,77.2970,24.7806
PEMAFC-F,0,periodavg_0837-0839,9.800000,-24.4531,5.0176,102.1187,77.2970,24.8217
PEMAFC-F,0,periodavg_0837-0839,9.853333,-24.6376,3.9113,102.1149,77.2970,24.8179
PEMAFC-F,0,periodavg_0837-0839,9.906667,-24.6041,3.9016,102.1251,77.2970,24.8281
PEMAFC-F,0,periodavg_0837-0839,9.960000,-24.6256,5.8551,102.1040,77.2970,24.8070
PEMAFC-F,0,periodavg_0837-0839,10.000000,-24.3576,5.2730,99.4570,77.2970,22.1601
PEMAFC-F,1,periodavg_0342-0344,10.013333,4.3468,-7.5511,81.3278,83.9969,-2.6691
PEMAFC-F,1,periodavg_0342-0344,10.053333,3.8238,0.2715,81.3954,83.9969,-2.6015
PEMAFC-F,1,periodavg_0342-0344,10.106667,3.2174,-0.3960,81.7215,83.9969,-2.2754
PEMAFC-F,1,periodavg_0342-0344,10.160000,2.6144,1.1873,81.9678,83.9969,-2.0291
PEMAFC-F,1,periodavg_0342-0344,10.200000,2.1746,2.2428,82.1503,83.9969,-1.8466
PEMAFC-F,1,periodavg_0342-0344,10.253333,1.5798,1.2800,82.2546,83.9969,-1.7423
PEMAFC-F,1,periodavg_0342-0344,10.306667,1.1419,2.9843,82.4973,83.9969,-1.4996
PEMAFC-F,1,periodavg_0342-0344,10.360000,0.6349,1.9609,82.7187,83.9969,-1.2782
PEMAFC-F,1,periodavg_0342-0344,10.400000,0.2952,3.7314,82.8974,83.9969,-1.0995
PEMAFC-F,1,periodavg_0342-0344,10.453333,-0.1520,2.7014,83.0932,83.9969,-0.9038
PEMAFC-F,1,periodavg_0342-0344,10.506667,-0.5042,1.5728,83.2610,83.9969,-0.7359
PEMAFC-F,1,periodavg_0342-0344,10.560000,-0.9047,2.6795,83.3185,83.9969,-0.6784
PEMAFC-F,1,periodavg_0342-0344,10.600000,-1.2328,3.0367,83.5275,83.9969,-0.4694
PEMAFC-F,1,periodavg_0342-0344,10.653333,-1.5825,2.1729,83.6020,83.9969,-0.3949
PEMAFC-F,1,periodavg_0342-0344,10.706667,-1.9064,2.0444,83.6972,83.9969,-0.2997
PEMAFC-F,1,periodavg_0342-0344,10.760000,-2.2792,2.5108,83.9149,83.9969,-0.0820
PEMAFC-F,1,periodavg_0342-0344,10.800000,-2.5510,3.5900,84.1752,83.9969,0.1783
PEMAFC-F,1,periodavg_0342-0344,10.853333,-2.9138,2.0001,84.4422,83.9969,0.4453
PEMAFC-F,1,periodavg_0342-0344,10.906667,-3.2325,2.3797,84.6826,83.9969,0.6857
PEMAFC-F,1,periodavg_0342-0344,10.960000,-3.5459,1.1354,84.9788,83.9969,0.9819
PEMAFC-F,1,periodavg_0342-0344,11.000000,-3.7838,2.6745,85.1145,83.9969,1.1176
PEMAFC-F,1,periodavg_0342-0344,11.053333,-4.1111,3.9252,85.3663,83.9969,1.3694
PEMAFC-F,1,periodavg_0342-0344,11.106667,-4.3579,2.2136,85.5190,83.9969,1.5221
PEMAFC-F,1,periodavg_0342-0344,11.160000,-4.7281,2.1637,86.2110,83.9969,2.2141
PEMAFC-F,1,periodavg_0342-0344,11.200000,-4.9244,1.8382,86.4050,83.9969,2.4081
PEMAFC-F,1,periodavg_0342-0344,11.253333,-5.2496,3.2343,86.5807,83.9969,2.5838
PEMAFC-F,1,periodavg_0342-0344,11.306667,-5.4860,2.6473,86.8360,83.9969,2.8391
PEMAFC-F,1,periodavg_0342-0344,11.360000,-5.7531,1.6086,87.2426,83.9969,3.2457
PEMAFC-F,1,periodavg_0342-0344,11.400000,-5.9180,2.1434,87.3680,83.9969,3.3710
PEMAFC-F,1,periodavg_0342-0344,11.453333,-6.2006,2.8253,87.5293,83.9969,3.5324
PEMAFC-F,1,periodavg_0342-0344,11.506667,-6.4158,2.8081,87.6350,83.9969,3.6381
PEMAFC-F,1,periodavg_0342-0344,11.560000,-6.6526,2.3925,87.7871,83.9969,3.7902
PEMAFC-F,1,periodavg_0342-0344,11.600000,-6.6896,1.6853,87.9314,83.9969,3.9345
PEMAFC-F,1,periodavg_0342-0344,11.653333,-6.9823,2.3299,88.0812,83.9969,4.0843
PEMAFC-F,1,periodavg_0342-0344,11.706667,-7.2722,2.1855,88.3424,83.9969,4.3455
PEMAFC-F,1,periodavg_0342-0344,11.760000,-7.5238,2.7679,88.6970,83.9969,4.7001
PEMAFC-F,1,periodavg_0342-0344,11.800000,-7.7036,3.0861,88.8665,83.9969,4.8696
PEMAFC-F,1,periodavg_0342-0344,11.853333,-8.0050,3.7485,89.2199,83.9969,5.2230
PEMAFC-F,1,periodavg_0342-0344,11.906667,-8.2129,2.7592,89.4137,83.9969,5.4168
PEMAFC-F,1,periodavg_0342-0344,11.960000,-8.4378,3.3653,89.7508,83.9969,5.7539
PEMAFC-F,1,periodavg_0342-0344,12.000000,-8.5950,3.9400,89.9315,83.9969,5.9346
PEMAFC-F,1,periodavg_0342-0344,12.053333,-8.8025,2.9184,90.1605,83.9969,6.1636
PEMAFC-F,1,periodavg_0342-0344,12.106667,-8.9942,2.4499,90.4947,83.9969,6.4978
PEMAFC-F,1,periodavg_0342-0344,12.160000,-9.1760,3.3826,90.5826,83.9969,6.5857
PEMAFC-F,1,periodavg_0342-0344,12.200000,-9.3290,3.4360,90.6765,83.9969,6.6796
PEMAFC-F,1,periodavg_0342-0344,12.253333,-9.5041,3.5537,90.9791,83.9969,6.9822
PEMAFC-F,1,periodavg_0342-0344,12.306667,-9.7293,2.5880,91.3082,83.9969,7.3113
PEMAFC-F,1,periodavg_0342-0344,12.360000,-9.9792,2.1217,91.5032,83.9969,7.5062
PEMAFC-F,1,periodavg_0342-0344,12.400000,-10.1075,3.4408,91.6382,83.9969,7.6413
PEMAFC-F,1,periodavg_0342-0344,12.453333,-10.1241,2.7980,91.7201,83.9969,7.7232
PEMAFC-F,1,periodavg_0342-0344,12.506667,-10.3101,3.0009,91.8159,83.9969,7.8190
PEMAFC-F,1,periodavg_0342-0344,12.560000,-10.5125,1.4024,91.9747,83.9969,7.9778
PEMAFC-F,1,periodavg_0342-0344,12.600000,-10.6246,2.8234,92.2700,83.9969,8.2731
PEMAFC-F,1,periodavg_0342-0344,12.653333,-10.7156,3.8425,92.4262,83.9969,8.4293
PEMAFC-F,1,periodavg_0342-0344,12.706667,-10.9498,3.3376,92.6191,83.9969,8.6222
PEMAFC-F,1,periodavg_0342-0344,12.760000,-11.0990,2.7018,92.8983,83.9969,8.9014
PEMAFC-F,1,periodavg_0342-0344,12.800000,-11.2734,2.4097,92.9910,83.9969,8.9941
PEMAFC-F,1,periodavg_0342-0344,12.853333,-11.4298,3.0034,93.0963,83.9969,9.0994
PEMAFC-F,1,periodavg_0342-0344,12.906667,-11.5620,1.9397,93.4053,83.9969,9.4084
PEMAFC-F,1,periodavg_0342-0344,12.960000,-11.6898,3.8970,93.5385,83.9969,9.5416
PEMAFC-F,1,periodavg_0342-0344,13.000000,-11.8242,1.9720,93.7969,83.9969,9.8000
PEMAFC-F,1,periodavg_0342-0344,13.053333,-11.8896,3.5286,93.9463,83.9969,9.9494
PEMAFC-F,1,periodavg_0342-0344,13.106667,-12.0526,2.2475,94.1578,83.9969,10.1609
PEMAFC-F,1,periodavg_0342-0344,13.160000,-12.1243,2.4459,94.3531,83.9969,10.3562
PEMAFC-F,1,periodavg_0342-0344,13.200000,-12.3433,1.7339,94.6327,83.9969,10.6358
PEMAFC-F,1,periodavg_0342-0344,13.253333,-12.6616,2.9894,94.7342,83.9969,10.7373
PEMAFC-F,1,periodavg_0342-0344,13.306667,-12.7337,2.5622,95.0469,83.9969,11.0499
PEMAFC-F,1,periodavg_0342-0344,13.360000,-12.5820,2.6437,95.3098,83.9969,11.3129
PEMAFC-F,1,periodavg_0342-0344,13.400000,-12.9014,2.4783,95.4373,83.9969,11.4404
PEMAFC-F,1,periodavg_0342-0344,13.453333,-12.9024,2.6636,95.5760,83.9969,11.5791
PEMAFC-F,1,periodavg_0342-0344,13.506667,-12.9349,2.3253,95.8533,83.9969,11.8564
PEMAFC-F,1,periodavg_0342-0344,13.560000,-13.0569,3.0077,96.0074,83.9969,12.0105
PEMAFC-F,1,periodavg_0342-0344,13.600000,-13.1314,2.5128,96.2260,83.9969,12.2291
PEMAFC-F,1,periodavg_0342-0344,13.653333,-13.1026,3.4711,96.5852,83.9969,12.5883
PEMAFC-F,1,periodavg_0342-0344,13.706667,-13.1122,2.2444,96.6465,83.9969,12.6496
PEMAFC-F,1,periodavg_0342-0344,13.760000,-13.1308,3.4095,96.8522,83.9969,12.8553
PEMAFC-F,1,periodavg_0342-0344,13.800000,-13.3575,2.1013,97.1193,83.9969,13.1223
PEMAFC-F,1,periodavg_0342-0344,13.853333,-13.3921,3.3093,97.3041,83.9969,13.3072
PEMAFC-F,1,periodavg_0342-0344,13.906667,-13.4964,3.1327,97.6769,83.9969,13.6800
PEMAFC-F,1,periodavg_0342-0344,13.960000,-13.6850,2.5424,97.9225,83.9969,13.9256
PEMAFC-F,1,periodavg_0342-0344,14.000000,-13.7254,4.0380,98.0501,83.9969,14.0532
PEMAFC-F,1,periodavg_0342-0344,14.053333,-13.4110,4.2816,98.0244,83.9969,14.0275
PEMAFC-F,1,periodavg_0342-0344,14.106667,-13.5354,3.7488,98.3061,83.9969,14.3092
PEMAFC-F,1,periodavg_0342-0344,14.160000,-13.7878,2.9246,98.4144,83.9969,14.4175
PEMAFC-F,1,periodavg_0342-0344,14.200000,-13.9261,3.3908,98.4126,83.9969,14.4157
PEMAFC-F,1,periodavg_0342-0344,14.253333,-13.6965,3.0014,98.3967,83.9969,14.3997
PEMAFC-F,1,periodavg_0342-0344,14.306667,-13.9839,3.1022,98.4272,83.9969,14.4303
PEMAFC-F,1,periodavg_0342-0344,14.360000,-14.1094,2.9345,98.4241,83.9969,14.4272
PEMAFC-F,1,periodavg_0342-0344,14.400000,-14.2647,1.3377,98.4274,83.9969,14.4305
PEMAFC-F,1,periodavg_0342-0344,14.453333,-14.2102,3.1839,98.4460,83.9969,14.4490
PEMAFC-F,1,periodavg_0342-0344,14.506667,-14.2841,2.7482,98.4207,83.9969,14.4238
PEMAFC-F,1,periodavg_0342-0344,14.560000,-14.4342,2.0366,98.3671,83.9969,14.3702
PEMAFC-F,1,periodavg_0342-0344,14.600000,-14.4344,3.3065,98.3709,83.9969,14.3740
PEMAFC-F,1,periodavg_0342-0344,14.653333,-14.5400,2.6540,98.3621,83.9969,14.3652
PEMAFC-F,1,periodavg_0342-0344,14.706667,-14.5732,2.7831,98.3729,83.9969,14.3760
PEMAFC-F,1,periodavg_0342-0344,14.760000,-14.8164,2.7555,98.3534,83.9969,14.3565
PEMAFC-F,1,periodavg_0342-0344,14.800000,-14.8258,3.0018,98.3609,83.9969,14.3640
PEMAFC-F,1,periodavg_0342-0344,14.853333,-14.8353,2.9256,98.3503,83.9969,14.3534
PEMAFC-F,1,periodavg_0342-0344,14.906667,-15.0183,1.6798,98.3603,83.9969,14.3634
PEMAFC-F,1,periodavg_0342-0344,14.960000,-15.0489,2.6117,98.3613,83.9969,14.3644
PEMAFC-F,1,periodavg_0342-0344,15.000000,-14.9612,2.6857,98.3687,83.9969,14.3718
PEMAFC-F,1,periodavg_0342-0344,15.053333,-14.6871,1.9997,97.9965,83.9969,13.9996
PEMAFC-F,1,periodavg_0342-0344,15.106667,-14.9467,2.8226,98.3853,83.9969,14.3884
PEMAFC-F,1,periodavg_0342-0344,15.160000,-14.8644,2.5364,98.3506,83.9969,14.3537
PEMAFC-F,1,periodavg_0342-0344,15.200000,-15.0213,3.3216,98.3468,83.9969,14.3499
PEMAFC-F,1,periodavg_0342-0344,15.253333,-14.8507,1.9058,98.3644,83.9969,14.3675
PEMAFC-F,1,periodavg_0342-0344,15.306667,-14.6615,2.3383,98.3550,83.9969,14.3581
PEMAFC-F,1,periodavg_0342-0344,15.360000,-15.0710,4.0665,98.3589,83.9969,14.3620
PEMAFC-F,1,periodavg_0342-0344,15.400000,-14.9507,1.9816,98.3502,83.9969,14.3533
PEMAFC-F,1,periodavg_0342-0344,15.453333,-14.9531,2.3356,98.3889,83.9969,14.3920
PEMAFC-F,1,periodavg_0342-0344,15.506667,-14.8884,2.3299,98.3982,83.9969,14.4013
PEMAFC-F,1,periodavg_0342-0344,15.560000,-15.2167,2.6458,98.4032,83.9969,14.4063
PEMAFC-F,1,periodavg_0342-0344,15.600000,-15.1168,2.5468,98.3939,83.9969,14.3969
PEMAFC-F,1,periodavg_0342-0344,15.653333,-15.0751,2.2904,98.3800,83.9969,14.3831
PEMAFC-F,1,periodavg_0342-0344,15.706667,-15.2857,4.6404,98.3780,83.9969,14.3811
PEMAFC-F,1,periodavg_0342-0344,15.760000,-15.0216,2.6055,98.3744,83.9969,14.3775
PEMAFC-F,1,periodavg_0342-0344,15.800000,-15.2151,2.1930,98.3459,83.9969,14.3490
PEMAFC-F,1,periodavg_0342-0344,15.853333,-15.2520,2.6668,98.3591,83.9969,14.3621
PEMAFC-F,1,periodavg_0342-0344,15.906667,-15.1544,2.3186,98.3727,83.9969,14.3758
PEMAFC-F,1,periodavg_0342-0344,15.960000,-15.2830,1.9765,98.3728,83.9969,14.3759
PEMAFC-F,1,periodavg_0342-0344,16.000000,-14.7643,1.9411,96.3375,83.9969,12.3406
PEMAFC-F,1,periodavg_0342-0344,16.053333,-14.9848,4.0162,97.2313,83.9969,13.2344
PEMAFC-F,1,periodavg_0342-0344,16.106667,-14.7243,3.0978,96.7983,83.9969,12.8014
PEMAFC-F,1,periodavg_0342-0344,16.160000,-15.2454,3.4957,98.4268,83.9969,14.4299
PEMAFC-F,1,periodavg_0342-0344,16.200000,-15.1621,2.7289,98.4369,83.9969,14.4400
PEMAFC-F,1,periodavg_0342-0344,16.253333,-15.1547,3.1064,98.4306,83.9969,14.4337
PEMAFC-F,1,periodavg_0342-0344,16.306667,-15.2194,2.6153,98.4175,83.9969,14.4206
PEMAFC-F,1,periodavg_0342-0344,16.360000,-15.1892,2.2731,98.4086,83.9969,14.4117
PEMAFC-F,1,periodavg_0342-0344,16.400000,-15.5436,1.1021,98.4112,83.9969,14.4143
PEMAFC-F,1,periodavg_0342-0344,16.453333,-15.5315,3.0004,98.4395,83.9969,14.4426
PEMAFC-F,1,periodavg_0342-0344,16.506667,-15.3485,2.2513,98.4292,83.9969,14.4323
PEMAFC-F,1,periodavg_0342-0344,16.560000,-15.5520,1.5719,98.4462,83.9969,14.4493
PEMAFC-F,1,periodavg_0342-0344,16.600000,-15.5136,2.6712,98.4605,83.9969,14.4636
PEMAFC-F,1,periodavg_0342-0344,16.653333,-15.4592,2.5984,98.4313,83.9969,14.4344
PEMAFC-F,1,periodavg_0342-0344,16.706667,-15.6316,3.6302,98.4248,83.9969,14.4279
PEMAFC-F,1,periodavg_0342-0344,16.760000,-15.6799,3.0368,98.4279,83.9969,14.4310
PEMAFC-F,1,periodavg_0342-0344,16.800000,-15.4953,3.2273,98.4542,83.9969,14.4573
PEMAFC-F,1,periodavg_0342-0344,16.853333,-15.4946,3.1429,98.4330,83.9969,14.4361
PEMAFC-F,1,periodavg_0342-0344,16.906667,-15.6372,2.7263,98.4550,83.9969,14.4581
PEMAFC-F,1,periodavg_0342-0344,16.960000,-15.6895,2.4593,98.4693,83.9969,14.4724
PEMAFC-F,1,periodavg_0342-0344,17.000000,-15.5350,2.6383,98.4308,83.9969,14.4339
PEMAFC-F,1,periodavg_0342-0344,17.053333,-15.5689,2.3521,98.4472,83.9969,14.4503
PEMAFC-F,1,periodavg_0342-0344,17.106667,-15.7369,3.0258,98.4344,83.9969,14.4375
PEMAFC-F,1,periodavg_0342-0344,17.160000,-15.7801,2.0619,98.4273,83.9969,14.4304
PEMAFC-F,1,periodavg_0342-0344,17.200000,-15.8059,3.2558,98.4311,83.9969,14.4342
PEMAFC-F,1,periodavg_0342-0344,17.253333,-15.8218,2.0143,98.4566,83.9969,14.4597
PEMAFC-F,1,periodavg_0342-0344,17.306667,-15.4214,2.1734,97.2458,83.9969,13.2489
PEMAFC-F,1,periodavg_0342-0344,17.360000,-15.4499,2.3816,96.3336,83.9969,12.3367
PEMAFC-F,1,periodavg_0342-0344,17.400000,-15.5940,3.5579,98.3224,83.9969,14.3255
PEMAFC-F,1,periodavg_0342-0344,17.453333,-15.7889,3.4521,98.4328,83.9969,14.4358
PEMAFC-F,1,periodavg_0342-0344,17.506667,-15.8968,2.1736,98.4446,83.9969,14.4477
PEMAFC-F,1,periodavg_0342-0344,17.560000,-15.7251,3.3636,98.4313,83.9969,14.4344
PEMAFC-F,1,periodavg_0342-0344,17.600000,-15.6567,2.6392,98.4414,83.9969,14.4445
PEMAFC-F,1,periodavg_0342-0344,17.653333,-15.8352,1.9119,98.4419,83.9969,14.4450
PEMAFC-F,1,periodavg_0342-0344,17.706667,-15.9823,2.4019,98.4656,83.9969,14.4687
PEMAFC-F,1,periodavg_0342-0344,17.760000,-15.2679,2.2158,98.4951,83.9969,14.4982
PEMAFC-F,1,periodavg_0342-0344,17.800000,-15.4356,4.6721,98.4037,83.9969,14.4068
PEMAFC-F,1,periodavg_0342-0344,17.853333,-15.6272,2.1327,98.4635,83.9969,14.4666
PEMAFC-F,1,periodavg_0342-0344,17.906667,-15.7317,3.3021,98.4449,83.9969,14.4480
PEMAFC-F,1,periodavg_0342-0344,17.960000,-15.7036,3.7995,98.4213,83.9969,14.4244
PEMAFC-F,1,periodavg_0342-0344,18.000000,-15.8092,2.3676,98.4175,83.9969,14.4206
PEMAFC-F,1,periodavg_0342-0344,18.053333,-15.4227,3.2057,98.4653,83.9969,14.4684
PEMAFC-F,1,periodavg_0342-0344,18.106667,-15.4067,2.4367,98.4680,83.9969,14.4711
PEMAFC-F,1,periodavg_0342-0344,18.160000,-15.4817,3.0154,98.4791,83.9969,14.4822
PEMAFC-F,1,periodavg_0342-0344,18.200000,-15.6432,3.3321,98.4939,83.9969,14.4970
PEMAFC-F,1,periodavg_0342-0344,18.253333,-15.6363,2.2885,98.5043,83.9969,14.5073
PEMAFC-F,1,periodavg_0342-0344,18.306667,-15.3439,4.2941,98.4555,83.9969,14.4586
PEMAFC-F,1,periodavg_0342-0344,18.360000,-15.2514,2.2563,98.4550,83.9969,14.4581
PEMAFC-F,1,periodavg_0342-0344,18.400000,-15.2546,2.6445,98.4559,83.9969,14.4590
PEMAFC-F,1,periodavg_0342-0344,18.453333,-15.4678,2.4629,98.4569,83.9969,14.4600
PEMAFC-F,1,periodavg_0342-0344,18.506667,-15.6163,3.9008,98.4475,83.9969,14.4506
PEMAFC-F,1,periodavg_0342-0344,18.560000,-15.7316,3.4356,98.4448,83.9969,14.4479
PEMAFC-F,1,periodavg_0342-0344,18.600000,-15.8005,2.3734,98.4379,83.9969,14.4410
PEMAFC-F,1,periodavg_0342-0344,18.653333,-15.9452,2.3689,98.4142,83.9969,14.4173
PEMAFC-F,1,periodavg_0342-0344,18.706667,-15.4565,3.3222,95.7262,83.9969,11.7293
PEMAFC-F,1,periodavg_0342-0344,18.760000,-15.4612,1.5225,96.9740,83.9969,12.9771
PEMAFC-F,1,periodavg_0342-0344,18.800000,-15.6117,4.1454,98.4131,83.9969,14.4162
PEMAFC-F,1,periodavg_0342-0344,18.853333,-15.7813,2.2194,98.3999,83.9969,14.4030
PEMAFC-F,1,periodavg_0342-0344,18.906667,-15.9479,2.5924,98.3764,83.9969,14.3795
PEMAFC-F,1,periodavg_0342-0344,18.960000,-15.8219,3.7455,98.3857,83.9969,14.3888
PEMAFC-F,1,periodavg_0342-0344,19.000000,-15.4115,2.3379,98.4074,83.9969,14.4105
PEMAFC-F,1,periodavg_0342-0344,19.053333,-15.7346,2.0352,98.4129,83.9969,14.4160
PEMAFC-F,1,periodavg_0342-0344,19.106667,-15.5786,3.0550,98.3919,83.9969,14.3950
PEMAFC-F,1,periodavg_0342-0344,19.160000,-15.9306,1.1127,98.4111,83.9969,14.4142
PEMAFC-F,1,periodavg_0342-0344,19.200000,-15.9023,3.3179,98.4298,83.9969,14.4329
PEMAFC-F,1,periodavg_0342-0344,19.253333,-15.9874,2.5122,98.4375,83.9969,14.4406
PEMAFC-F,1,periodavg_0342-0344,19.306667,-16.1639,2.9930,98.4364,83.9969,14.4395
PEMAFC-F,1,periodavg_0342-0344,19.360000,-16.0894,3.5361,98.4414,83.9969,14.4445
PEMAFC-F,1,periodavg_0342-0344,19.400000,-16.2192,2.6617,98.4584,83.9969,14.4615
PEMAFC-F,1,periodavg_0342-0344,19.453333,-15.8624,2.9520,98.4466,83.9969,14.4497
PEMAFC-F,1,periodavg_0342-0344,19.506667,-15.8977,2.0735,98.4484,83.9969,14.4515
PEMAFC-F,1,periodavg_0342-0344,19.560000,-15.8525,2.7290,98.4142,83.9969,14.4173
PEMAFC-F,1,periodavg_0342-0344,19.600000,-15.3789,2.7895,98.2987,83.9969,14.3017
PEMAFC-F,1,periodavg_0342-0344,19.653333,-15.4088,2.4555,98.0138,83.9969,14.0168
PEMAFC-F,1,periodavg_0342-0344,19.706667,-15.6316,3.7354,98.4111,83.9969,14.4142
PEMAFC-F,1,periodavg_0342-0344,19.760000,-15.6527,1.6846,98.3646,83.9969,14.3677
PEMAFC-F,1,periodavg_0342-0344,19.800000,-15.4634,2.8628,98.3564,83.9969,14.3595
PEMAFC-F,1,periodavg_0342-0344,19.853333,-15.3821,1.7874,98.3564,83.9969,14.3595
PEMAFC-F,1,periodavg_0342-0344,19.906667,-15.2896,1.7302,98.3919,83.9969,14.3950
PEMAFC-F,1,periodavg_0342-0344,19.960000,-15.6308,3.1595,98.3683,83.9969,14.3714
PEMAFC-F,1,periodavg_0342-0344,20.000000,-15.5116,2.7750,98.3744,83.9969,14.3775
PEMAFC-F,2,periodavg_0678-0680,20.013333,-2.2312,-5.4800,82.1652,80.3766,1.7886
PEMAFC-F,2,periodavg_0678-0680,20.053333,-2.8206,-1.6971,83.4799,80.3766,3.1033
PEMAFC-F,2,periodavg_0678-0680,20.106667,-3.3975,0.3431,83.8594,80.3766,3.4828
PEMAFC-F,2,periodavg_0678-0680,20.160000,-4.0140,0.0681,84.0458,80.3766,3.6692
PEMAFC-F,2,periodavg_0678-0680,20.200000,-4.2806,1.3405,84.1713,80.3766,3.7947
PEMAFC-F,2,periodavg_0678-0680,20.253333,-4.7954,0.4136,84.6020,80.3766,4.2254
PEMAFC-F,2,periodavg_0678-0680,20.306667,-5.2574,1.1323,84.9614,80.3766,4.5847
PEMAFC-F,2,periodavg_0678-0680,20.360000,-5.6482,1.0352,85.2579,80.3766,4.8813
PEMAFC-F,2,periodavg_0678-0680,20.400000,-5.8748,1.1011,85.4590,80.3766,5.0824
PEMAFC-F,2,periodavg_0678-0680,20.453333,-6.2570,1.4655,85.6651,80.3766,5.2885
PEMAFC-F,2,periodavg_0678-0680,20.506667,-6.5442,1.0656,86.0017,80.3766,5.6250
PEMAFC-F,2,periodavg_0678-0680,20.560000,-6.8289,1.3799,86.2547,80.3766,5.8781
PEMAFC-F,2,periodavg_0678-0680,20.600000,-7.1044,0.8049,86.4938,80.3766,6.1172
PEMAFC-F,2,periodavg_0678-0680,20.653333,-7.3152,1.2713,86.6862,80.3766,6.3096
PEMAFC-F,2,periodavg_0678-0680,20.706667,-7.6411,1.0704,86.9763,80.3766,6.5997
PEMAFC-F,2,periodavg_0678-0680,20.760000,-7.8502,1.2352,87.1628,80.3766,6.7862
PEMAFC-F,2,periodavg_0678-0680,20.800000,-8.0575,0.9131,87.4112,80.3766,7.0345
PEMAFC-F,2,periodavg_0678-0680,20.853333,-8.2934,1.8054,87.6019,80.3766,7.2252
PEMAFC-F,2,periodavg_0678-0680,20.906667,-8.5756,0.9700,87.7514,80.3766,7.3748
PEMAFC-F,2,periodavg_0678-0680,20.960000,-8.8048,2.7045,88.0199,80.3766,7.6433
PEMAFC-F,2,periodavg_0678-0680,21.000000,-9.0018,1.8802,88.2575,80.3766,7.8809
PEMAFC-F,2,periodavg_0678-0680,21.053333,-9.2066,1.5735,88.5731,80.3766,8.1964
PEMAFC-F,2,periodavg_0678-0680,21.106667,-9.4542,1.4817,88.7478,80.3766,8.3712
PEMAFC-F,2,periodavg_0678-0680,21.160000,-9.6341,2.5310,88.9293,80.3766,8.5527
PEMAFC-F,2,periodavg_0678-0680,21.200000,-9.7389,1.9323,89.1246,80.3766,8.7479
PEMAFC-F,2,periodavg_0678-0680,21.253333,-9.8712,1.5954,89.2985,80.3766,8.9218
PEMAFC-F,2,periodavg_0678-0680,21.306667,-10.0675,1.8837,89.4979,80.3766,9.1213
PEMAFC-F,2,periodavg_0678-0680,21.360000,-10.1448,0.6430,89.6148,80.3766,9.2381
PEMAFC-F,2,periodavg_0678-0680,21.400000,-10.4991,1.5048,89.8951,80.3766,9.5185
PEMAFC-F,2,periodavg_0678-0680,21.453333,-10.6567,0.8063,90.1030,80.3766,9.7263
PEMAFC-F,2,periodavg_0678-0680,21.506667,-10.7258,1.7765,90.2868,80.3766,9.9102
PEMAFC-F,2,periodavg_0678-0680,21.560000,-10.9295,0.7612,90.6377,80.3766,10.2610
PEMAFC-F,2,periodavg_0678-0680,21.600000,-11.0563,0.4969,90.9745,80.3766,10.5978
PEMAFC-F,2,periodavg_0678-0680,21.653333,-11.1960,1.3734,91.1271,80.3766,10.7505
PEMAFC-F,2,periodavg_0678-0680,21.706667,-11.4136,1.7547,91.2889,80.3766,10.9123
PEMAFC-F,2,periodavg_0678-0680,21.760000,-11.6292,2.0127,91.5120,80.3766,11.1354
PEMAFC-F,2,periodavg_0678-0680,21.800000,-11.7512,1.3541,91.7190,80.3766,11.3424
PEMAFC-F,2,periodavg_0678-0680,21.853333,-11.8046,1.3671,91.9567,80.3766,11.5800
PEMAFC-F,2,periodavg_0678-0680,21.906667,-11.9806,1.2839,92.0769,80.3766,11.7003
PEMAFC-F,2,periodavg_0678-0680,21.960000,-12.1786,0.8020,92.2348,80.3766,11.8582
PEMAFC-F,2,periodavg_0678-0680,22.000000,-12.2816,2.6439,92.5203,80.3766,12.1437
PEMAFC-F,2,periodavg_0678-0680,22.053333,-12.4328,1.2375,92.7018,80.3766,12.3252
PEMAFC-F,2,periodavg_0678-0680,22.106667,-12.5453,2.4981,92.8685,80.3766,12.4919
PEMAFC-F,2,periodavg_0678-0680,22.160000,-12.6616,1.5093,93.1621,80.3766,12.7854
PEMAFC-F,2,periodavg_0678-0680,22.200000,-12.5845,1.3563,93.4681,80.3766,13.0914
PEMAFC-F,2,periodavg_0678-0680,22.253333,-12.4833,0.3621,93.7562,80.3766,13.3796
PEMAFC-F,2,periodavg_0678-0680,22.306667,-12.3551,0.7213,93.9580,80.3766,13.5813
PEMAFC-F,2,periodavg_0678-0680,22.360000,-12.4612,1.0339,94.0181,80.3766,13.6414
PEMAFC-F,2,periodavg_0678-0680,22.400000,-12.7362,1.8135,94.1078,80.3766,13.7311
PEMAFC-F,2,periodavg_0678-0680,22.453333,-12.8692,1.7374,94.3124,80.3766,13.9358
PEMAFC-F,2,periodavg_0678-0680,22.506667,-12.7694,0.8647,94.4716,80.3766,14.0950
PEMAFC-F,2,periodavg_0678-0680,22.560000,-12.6896,1.4705,94.7106,80.3766,14.3340
PEMAFC-F,2,periodavg_0678-0680,22.600000,-12.9719,0.3201,94.9475,80.3766,14.5709
PEMAFC-F,2,periodavg_0678-0680,22.653333,-13.1313,1.3895,95.1015,80.3766,14.7249
PEMAFC-F,2,periodavg_0678-0680,22.706667,-13.3204,1.6491,95.2651,80.3766,14.8885
PEMAFC-F,2,periodavg_0678-0680,22.760000,-13.5966,1.3058,95.4581,80.3766,15.0815
PEMAFC-F,2,periodavg_0678-0680,22.800000,-13.7338,0.7211,95.5873,80.3766,15.2107
PEMAFC-F,2,periodavg_0678-0680,22.853333,-13.7764,1.1309,95.8484,80.3766,15.4717
PEMAFC-F,2,periodavg_0678-0680,22.906667,-13.5149,2.0332,96.0178,80.3766,15.6411
PEMAFC-F,2,periodavg_0678-0680,22.960000,-13.6975,1.7211,96.1103,80.3766,15.7337
PEMAFC-F,2,periodavg_0678-0680,23.000000,-13.8210,1.9485,96.3680,80.3766,15.9913
PEMAFC-F,2,periodavg_0678-0680,23.053333,-13.8635,1.3735,96.5447,80.3766,16.1680
PEMAFC-F,2,periodavg_0678-0680,23.106667,-14.0875,1.4376,96.7319,80.3766,16.3553
PEMAFC-F,2,periodavg_0678-0680,23.160000,-14.1794,1.8089,96.9594,80.3766,16.5828
PEMAFC-F,2,periodavg_0678-0680,23.200000,-14.3108,1.2452,97.0836,80.3766,16.7070
PEMAFC-F,2,periodavg_0678-0680,23.253333,-14.3787,1.8433,97.3121,80.3766,16.9355
PEMAFC-F,2,periodavg_0678-0680,23.306667,-14.1394,1.6467,97.6157,80.3766,17.2391
PEMAFC-F,2,periodavg_0678-0680,23.360000,-14.3440,0.3685,97.8214,80.3766,17.4448
PEMAFC-F,2,periodavg_0678-0680,23.400000,-14.0798,0.5340,97.9503,80.3766,17.5736
PEMAFC-F,2,periodavg_0678-0680,23.453333,-14.1254,1.6266,97.1611,80.3766,16.7845
PEMAFC-F,2,periodavg_0678-0680,23.506667,-13.9782,2.0356,97.4309,80.3766,17.0543
PEMAFC-F,2,periodavg_0678-0680,23.560000,-14.2504,0.5489,98.6304,80.3766,18.2538
PEMAFC-F,2,periodavg_0678-0680,23.600000,-14.0856,1.8461,96.6531,80.3766,16.2764
PEMAFC-F,2,periodavg_0678-0680,23.653333,-14.1145,1.6472,96.8000,80.3766,16.4234
PEMAFC-F,2,periodavg_0678-0680,23.706667,-14.1020,1.5546,98.4668,80.3766,18.0902
PEMAFC-F,2,periodavg_0678-0680,23.760000,-13.9460,1.5432,97.1277,80.3766,16.7511
PEMAFC-F,2,periodavg_0678-0680,23.800000,-14.0631,0.5123,96.4737,80.3766,16.0970
PEMAFC-F,2,periodavg_0678-0680,23.853333,-14.4370,1.4726,98.7032,80.3766,18.3266
PEMAFC-F,2,periodavg_0678-0680,23.906667,-14.6013,1.2660,99.7555,80.3766,19.3789
PEMAFC-F,2,periodavg_0678-0680,23.960000,-14.4117,1.3751,99.3911,80.3766,19.0144
PEMAFC-F,2,periodavg_0678-0680,24.000000,-14.4280,1.2018,96.1148,80.3766,15.7382
PEMAFC-F,2,periodavg_0678-0680,24.053333,-14.5379,2.0529,98.4166,80.3766,18.0400
PEMAFC-F,2,periodavg_0678-0680,24.106667,-14.5789,0.7811,97.5130,80.3766,17.1363
PEMAFC-F,2,periodavg_0678-0680,24.160000,-14.9801,1.5453,99.7560,80.3766,19.3793
PEMAFC-F,2,periodavg_0678-0680,24.200000,-14.1355,2.2519,94.5158,80.3766,14.1392
PEMAFC-F,2,periodavg_0678-0680,24.253333,-14.5087,1.8247,95.5443,80.3766,15.1677
PEMAFC-F,2,periodavg_0678-0680,24.306667,-14.5456,1.3039,96.1780,80.3766,15.8014
PEMAFC-F,2,periodavg_0678-0680,24.360000,-14.7230,1.3701,96.9719,80.3766,16.5953
PEMAFC-F,2,periodavg_0678-0680,24.400000,-14.7670,1.8456,97.4987,80.3766,17.1221
PEMAFC-F,2,periodavg_0678-0680,24.453333,-14.9559,1.5101,99.2858,80.3766,18.9091
PEMAFC-F,2,periodavg_0678-0680,24.506667,-14.6495,2.8684,95.1710,80.3766,14.7944
PEMAFC-F,2,periodavg_0678-0680,24.560000,-14.8476,1.5823,96.6492,80.3766,16.2726
PEMAFC-F,2,periodavg_0678-0680,24.600000,-15.0037,1.2306,99.6876,80.3766,19.3110
PEMAFC-F,2,periodavg_0678-0680,24.653333,-14.9801,0.8577,99.7310,80.3766,19.3543
PEMAFC-F,2,periodavg_0678-0680,24.706667,-14.8857,1.7695,98.4309,80.3766,18.0543
PEMAFC-F,2,periodavg_0678-0680,24.760000,-15.0201,1.6763,99.1175,80.3766,18.7409
PEMAFC-F,2,periodavg_0678-0680,24.800000,-15.2610,1.0464,99.7041,80.3766,19.3275
PEMAFC-F,2,periodavg_0678-0680,24.853333,-15.3140,1.9576,99.7261,80.3766,19.3495
PEMAFC-F,2,periodavg_0678-0680,24.906667,-15.2991,0.8459,99.7223,80.3766,19.3456
PEMAFC-F,2,periodavg_0678-0680,24.960000,-15.2858,1.6999,99.7031,80.3766,19.3265
PEMAFC-F,2,periodavg_0678-0680,25.000000,-15.5100,1.8293,99.7258,80.3766,19.3492
PEMAFC-F,2,periodavg_0678-0680,25.053333,-15.5031,1.2896,99.7254,80.3766,19.3488
PEMAFC-F,2,periodavg_0678-0680,25.106667,-15.2675,1.4998,99.7210,80.3766,19.3443
PEMAFC-F,2,periodavg_0678-0680,25.160000,-15.4369,1.7544,99.7356,80.3766,19.3590
PEMAFC-F,2,periodavg_0678-0680,25.200000,-15.0660,1.6439,99.7376,80.3766,19.3609
PEMAFC-F,2,periodavg_0678-0680,25.253333,-15.1337,1.3562,99.7198,80.3766,19.3431
PEMAFC-F,2,periodavg_0678-0680,25.306667,-15.2643,2.1599,99.7137,80.3766,19.3371
PEMAFC-F,2,periodavg_0678-0680,25.360000,-15.3092,0.2573,99.7330,80.3766,19.3563
PEMAFC-F,2,periodavg_0678-0680,25.400000,-15.0660,1.8529,99.7277,80.3766,19.3510
PEMAFC-F,2,periodavg_0678-0680,25.453333,-15.0071,1.9674,99.7091,80.3766,19.3325
PEMAFC-F,2,periodavg_0678-0680,25.506667,-14.8843,1.3622,98.9285,80.3766,18.5519
PEMAFC-F,2,periodavg_0678-0680,25.560000,-15.1717,1.7055,99.6472,80.3766,19.2706
PEMAFC-F,2,periodavg_0678-0680,25.600000,-15.4153,2.2324,99.6431,80.3766,19.2665
PEMAFC-F,2,periodavg_0678-0680,25.653333,-15.2311,2.3166,99.6289,80.3766,19.2523
PEMAFC-F,2,periodavg_0678-0680,25.706667,-15.1907,1.5872,99.5958,80.3766,19.2191
PEMAFC-F,2,periodavg_0678-0680,25.760000,-15.2350,1.0175,99.6191,80.3766,19.2424
PEMAFC-F,2,periodavg_0678-0680,25.800000,-14.8656,0.1490,99.6546,80.3766,19.2780
PEMAFC-F,2,periodavg_0678-0680,25.853333,-15.2738,1.2903,99.6108,80.3766,19.2342
PEMAFC-F,2,periodavg_0678-0680,25.906667,-15.5587,1.7799,99.6453,80.3766,19.2687
PEMAFC-F,2,periodavg_0678-0680,25.960000,-15.3245,1.4002,99.6475,80.3766,19.2709
PEMAFC-F,2,periodavg_0678-0680,26.000000,-15.4839,1.2818,99.6419,80.3766,19.2653
PEMAFC-F,2,periodavg_0678-0680,26.053333,-15.5469,1.3601,99.6527,80.3766,19.2761
PEMAFC-F,2,periodavg_0678-0680,26.106667,-15.4541,1.5102,99.6356,80.3766,19.2589
PEMAFC-F,2,periodavg_0678-0680,26.160000,-15.3657,0.4527,99.6391,80.3766,19.2625
PEMAFC-F,2,periodavg_0678-0680,26.200000,-15.2500,1.5482,99.6580,80.3766,19.2814
PEMAFC-F,2,periodavg_0678-0680,26.253333,-15.2059,1.1646,98.9134,80.3766,18.5367
PEMAFC-F,2,periodavg_0678-0680,26.306667,-15.4219,1.9459,99.6366,80.3766,19.2600
PEMAFC-F,2,periodavg_0678-0680,26.360000,-15.5114,1.1755,99.6352,80.3766,19.2586
PEMAFC-F,2,periodavg_0678-0680,26.400000,-15.7043,3.3236,99.6119,80.3766,19.2352
PEMAFC-F,2,periodavg_0678-0680,26.453333,-15.3634,1.2300,99.6643,80.3766,19.2877
PEMAFC-F,2,periodavg_0678-0680,26.506667,-15.5699,1.2464,99.6663,80.3766,19.2897
PEMAFC-F,2,periodavg_0678-0680,26.560000,-15.5819,2.1956,99.6286,80.3766,19.2520
PEMAFC-F,2,periodavg_0678-0680,26.600000,-15.5924,1.9896,99.6434,80.3766,19.2668
PEMAFC-F,2,periodavg_0678-0680,26.653333,-15.5507,0.8145,99.6492,80.3766,19.2726
PEMAFC-F,2,periodavg_0678-0680,26.706667,-15.3696,1.5673,97.9728,80.3766,17.5962
PEMAFC-F,2,periodavg_0678-0680,26.760000,-15.5333,1.3684,99.5742,80.3766,19.1976
PEMAFC-F,2,periodavg_0678-0680,26.800000,-15.5296,2.2359,99.5512,80.3766,19.1746
PEMAFC-F,2,periodavg_0678-0680,26.853333,-15.3868,1.6976,99.5979,80.3766,19.2213
PEMAFC-F,2,periodavg_0678-0680,26.906667,-15.2832,1.9745,97.3533,80.3766,16.9767
PEMAFC-F,2,periodavg_0678-0680,26.960000,-15.4663,0.9037,99.5179,80.3766,19.1413
PEMAFC-F,2,periodavg_0678-0680,27.000000,-15.4475,1.7883,99.5673,80.3766,19.1906
PEMAFC-F,2,periodavg_0678-0680,27.053333,-15.2452,1.8071,99.5965,80.3766,19.2198
PEMAFC-F,2,periodavg_0678-0680,27.106667,-15.7158,1.2072,99.5763,80.3766,19.1997
PEMAFC-F,2,periodavg_0678-0680,27.160000,-15.7910,1.3752,99.5831,80.3766,19.2064
PEMAFC-F,2,periodavg_0678-0680,27.200000,-15.6251,0.7882,99.5886,80.3766,19.2120
PEMAFC-F,2,periodavg_0678-0680,27.253333,-15.7196,1.4382,99.6025,80.3766,19.2259
PEMAFC-F,2,periodavg_0678-0680,27.306667,-15.7044,1.0860,99.6018,80.3766,19.2251
PEMAFC-F,2,periodavg_0678-0680,27.360000,-15.7838,1.7438,99.6003,80.3766,19.2237
PEMAFC-F,2,periodavg_0678-0680,27.400000,-15.5708,1.8931,99.6171,80.3766,19.2405
PEMAFC-F,2,periodavg_0678-0680,27.453333,-15.6429,0.2799,99.6287,80.3766,19.2520
PEMAFC-F,2,periodavg_0678-0680,27.506667,-15.4257,1.3886,99.6582,80.3766,19.2816
PEMAFC-F,2,periodavg_0678-0680,27.560000,-15.0447,2.3127,99.6564,80.3766,19.2797
PEMAFC-F,2,periodavg_0678-0680,27.600000,-15.0849,1.0146,99.6704,80.3766,19.2938
PEMAFC-F,2,periodavg_0678-0680,27.653333,-15.2242,2.4184,99.6616,80.3766,19.2850
PEMAFC-F,2,periodavg_0678-0680,27.706667,-14.7461,-0.3212,98.2916,80.3766,17.9150
PEMAFC-F,2,periodavg_0678-0680,27.760000,-15.0148,1.0014,98.0612,80.3766,17.6846
PEMAFC-F,2,periodavg_0678-0680,27.800000,-15.1913,2.0683,99.6366,80.3766,19.2600
PEMAFC-F,2,periodavg_0678-0680,27.853333,-15.3693,1.0620,99.6789,80.3766,19.3022
PEMAFC-F,2,periodavg_0678-0680,27.906667,-15.2718,1.2544,99.7016,80.3766,19.3249
PEMAFC-F,2,periodavg_0678-0680,27.960000,-15.1207,1.7843,99.7091,80.3766,19.3325
PEMAFC-F,2,periodavg_0678-0680,28.000000,-15.3800,2.3489,99.6808,80.3766,19.3042
PEMAFC-F,2,periodavg_0678-0680,28.053333,-15.0054,1.9199,99.3171,80.3766,18.9405
PEMAFC-F,2,periodavg_0678-0680,28.106667,-15.0100,2.1333,99.6523,80.3766,19.2756
PEMAFC-F,2,periodavg_0678-0680,28.160000,-15.3506,1.2743,99.6503,80.3766,19.2737
PEMAFC-F,2,periodavg_0678-0680,28.200000,-15.6559,2.0914,99.6485,80.3766,19.2719
PEMAFC-F,2,periodavg_0678-0680,28.253333,-15.7108,1.4583,99.6285,80.3766,19.2518
PEMAFC-F,2,periodavg_0678-0680,28.306667,-15.8417,1.6014,99.6519,80.3766,19.2753
PEMAFC-F,2,periodavg_0678-0680,28.360000,-15.8215,1.2422,99.6360,80.3766,19.2594
PEMAFC-F,2,periodavg_0678-0680,28.400000,-15.4658,1.5852,99.6771,80.3766,19.3005
PEMAFC-F,2,periodavg_0678-0680,28.453333,-15.5380,0.5350,99.6702,80.3766,19.2936
PEMAFC-F,2,periodavg_0678-0680,28.506667,-15.5000,1.8882,99.6632,80.3766,19.2865
PEMAFC-F,2,periodavg_0678-0680,28.560000,-15.4867,1.9425,99.6279,80.3766,19.2512
PEMAFC-F,2,periodavg_0678-0680,28.600000,-15.6150,2.5224,99.6134,80.3766,19.2368
PEMAFC-F,2,periodavg_0678-0680,28.653333,-15.0189,2.5298,95.3927,80.3766,15.0160
PEMAFC-F,2,periodavg_0678-0680,28.706667,-13.6474,1.8388,90.9409,80.3766,10.5643
PEMAFC-F,2,periodavg_0678-0680,28.760000,-14.2858,1.9835,92.0304,80.3766,11.6538
PEMAFC-F,2,periodavg_0678-0680,28.800000,-14.1953,1.0355,92.4621,80.3766,12.0854
PEMAFC-F,2,periodavg_0678-0680,28.853333,-14.0080,2.1301,92.5886,80.3766,12.2120
PEMAFC-F,2,periodavg_0678-0680,28.906667,-13.4413,2.5220,91.5010,80.3766,11.1244
PEMAFC-F,2,periodavg_0678-0680,28.960000,-13.6713,1.6316,90.4150,80.3766,10.0384
PEMAFC-F,2,periodavg_0678-0680,29.000000,-13.7282,1.4541,91.1842,80.3766,10.8076
PEMAFC-F,2,periodavg_0678-0680,29.053333,-14.0232,1.7359,91.7815,80.3766,11.4049
PEMAFC-F,2,periodavg_0678-0680,29.106667,-14.5410,1.1214,95.1609,80.3766,14.7843
PEMAFC-F,2,periodavg_0678-0680,29.160000,-14.8765,1.1307,94.4720,80.3766,14.0954
PEMAFC-F,2,periodavg_0678-0680,29.200000,-14.8919,3.0868,94.7316,80.3766,14.3550
PEMAFC-F,2,periodavg_0678-0680,29.253333,-15.4625,1.0604,99.6685,80.3766,19.2918
PEMAFC-F,2,periodavg_0678-0680,29.306667,-15.3115,1.0042,99.7135,80.3766,19.3369
PEMAFC-F,2,periodavg_0678-0680,29.360000,-15.5479,1.1910,99.7116,80.3766,19.3350
PEMAFC-F,2,periodavg_0678-0680,29.400000,-15.4149,1.2715,99.6882,80.3766,19.3116
PEMAFC-F,2,periodavg_0678-0680,29.453333,-15.1692,1.4027,99.6640,80.3766,19.2874
PEMAFC-F,2,periodavg_0678-0680,29.506667,-15.2019,1.3879,99.6431,80.3766,19.2665
PEMAFC-F,2,periodavg_0678-0680,29.560000,-15.1789,1.1183,99.0060,80.3766,18.6294
PEMAFC-F,2,periodavg_0678-0680,29.600000,-15.2838,1.0858,99.6601,80.3766,19.2835
PEMAFC-F,2,periodavg_0678-0680,29.653333,-15.7686,1.2173,99.6755,80.3766,19.2989
PEMAFC-F,2,periodavg_0678-0680,29.706667,-15.5147,2.1292,99.6846,80.3766,19.3079
PEMAFC-F,2,periodavg_0678-0680,29.760000,-15.6619,1.4861,99.6830,80.3766,19.3063
PEMAFC-F,2,periodavg_0678-0680,29.800000,-15.7426,1.5115,99.6599,80.3766,19.2833
PEMAFC-F,2,periodavg_0678-0680,29.853333,-15.5721,1.8766,99.6352,80.3766,19.2586
PEMAFC-F,2,periodavg_0678-0680,29.906667,-15.4530,1.7304,99.6260,80.3766,19.2494
PEMAFC-F,2,periodavg_0678-0680,29.960000,-15.3939,1.7649,99.6555,80.3766,19.2789
PEMAFC-F,2,periodavg_0678-0680,30.000000,-15.3667,2.1003,99.6122,80.3766,19.2355
PEMAFC-F,3,periodavg_0927-0929,30.013333,-2.6950,-1.1355,79.4246,77.8076,1.6170
PEMAFC-F,3,periodavg_0927-0929,30.053333,-3.3263,0.6332,79.6404,77.8076,1.8328
PEMAFC-F,3,periodavg_0927-0929,30.106667,-4.1882,1.8788,79.9724,77.8076,2.1648
PEMAFC-F,3,periodavg_0927-0929,30.160000,-4.8833,3.5586,80.4352,77.8076,2.6276
PEMAFC-F,3,periodavg_0927-0929,30.200000,-5.3998,2.2931,80.8274,77.8076,3.0198
PEMAFC-F,3,periodavg_0927-0929,30.253333,-6.1552,4.0362,81.6046,77.8076,3.7970
PEMAFC-F,3,periodavg_0927-0929,30.306667,-6.9048,4.5511,82.2102,77.8076,4.4026
PEMAFC-F,3,periodavg_0927-0929,30.360000,-7.6234,4.8224,83.0029,77.8076,5.1953
PEMAFC-F,3,periodavg_0927-0929,30.400000,-8.0806,6.1307,83.2241,77.8076,5.4165
PEMAFC-F,3,periodavg_0927-0929,30.453333,-8.7682,4.2471,84.0299,77.8076,6.2223
PEMAFC-F,3,periodavg_0927-0929,30.506667,-9.3564,6.8388,84.2769,77.8076,6.4693
PEMAFC-F,3,periodavg_0927-0929,30.560000,-10.0169,4.3966,85.3907,77.8076,7.5831
PEMAFC-F,3,periodavg_0927-0929,30.600000,-10.4451,3.7742,85.9709,77.8076,8.1633
PEMAFC-F,3,periodavg_0927-0929,30.653333,-11.0003,5.9494,86.8605,77.8076,9.0529
PEMAFC-F,3,periodavg_0927-0929,30.706667,-11.5853,5.3966,87.3708,77.8076,9.5632
PEMAFC-F,3,periodavg_0927-0929,30.760000,-12.1292,7.1905,87.8589,77.8076,10.0513
PEMAFC-F,3,periodavg_0927-0929,30.800000,-12.5315,5.7272,88.0895,77.8076,10.2819
PEMAFC-F,3,periodavg_0927-0929,30.853333,-12.9918,5.7717,88.5856,77.8076,10.7780
PEMAFC-F,3,periodavg_0927-0929,30.906667,-13.5045,5.7366,89.1280,77.8076,11.3204
PEMAFC-F,3,periodavg_0927-0929,30.960000,-14.0362,8.0733,90.1121,77.8076,12.3045
PEMAFC-F,3,periodavg_0927-0929,31.000000,-14.4110,7.0811,90.6536,77.8076,12.8460
PEMAFC-F,3,periodavg_0927-0929,31.053333,-14.8707,3.7040,91.2485,77.8076,13.4409
PEMAFC-F,3,periodavg_0927-0929,31.106667,-15.3500,6.5755,91.8614,77.8076,14.0538
PEMAFC-F,3,periodavg_0927-0929,31.160000,-15.8179,6.6236,92.7473,77.8076,14.9397
PEMAFC-F,3,periodavg_0927-0929,31.200000,-16.0501,5.7371,93.0553,77.8076,15.2477
PEMAFC-F,3,periodavg_0927-0929,31.253333,-16.4115,6.0143,93.3686,77.8076,15.5610
PEMAFC-F,3,periodavg_0927-0929,31.306667,-16.7940,5.5172,93.7569,77.8076,15.9493
PEMAFC-F,3,periodavg_0927-0929,31.360000,-17.1008,6.2215,94.1284,77.8076,16.3208
PEMAFC-F,3,periodavg_0927-0929,31.400000,-17.3384,8.3609,94.5744,77.8076,16.7668
PEMAFC-F,3,periodavg_0927-0929,31.453333,-17.7231,6.3105,95.3754,77.8076,17.5678
PEMAFC-F,3,periodavg_0927-0929,31.506667,-18.0762,7.2226,95.5234,77.8076,17.7158
PEMAFC-F,3,periodavg_0927-0929,31.560000,-18.3661,6.1516,95.6822,77.8076,17.8746
PEMAFC-F,3,periodavg_0927-0929,31.600000,-18.6418,7.4094,95.9200,77.8076,18.1124
PEMAFC-F,3,periodavg_0927-0929,31.653333,-18.9281,8.2514,96.0063,77.8076,18.1987
PEMAFC-F,3,periodavg_0927-0929,31.706667,-19.1746,8.8819,96.0700,77.8076,18.2624
PEMAFC-F,3,periodavg_0927-0929,31.760000,-19.4919,7.2073,96.3817,77.8076,18.5741
PEMAFC-F,3,periodavg_0927-0929,31.800000,-19.7129,8.2023,96.5215,77.8076,18.7139
PEMAFC-F,3,periodavg_0927-0929,31.853333,-20.0136,6.7799,96.7291,77.8076,18.9215
PEMAFC-F,3,periodavg_0927-0929,31.906667,-20.2592,5.2203,96.9329,77.8076,19.1253
PEMAFC-F,3,periodavg_0927-0929,31.960000,-20.5041,6.6629,97.2131,77.8076,19.4055
PEMAFC-F,3,periodavg_0927-0929,32.000000,-20.7336,5.6627,97.3634,77.8076,19.5558
PEMAFC-F,3,periodavg_0927-0929,32.053333,-20.8435,5.3879,97.5870,77.8076,19.7794
PEMAFC-F,3,periodavg_0927-0929,32.106667,-21.1431,5.5588,97.7173,77.8076,19.9097
PEMAFC-F,3,periodavg_0927-0929,32.160000,-21.3395,7.1899,97.9583,77.8076,20.1507
PEMAFC-F,3,periodavg_0927-0929,32.200000,-21.4063,5.8041,98.2272,77.8076,20.4196
PEMAFC-F,3,periodavg_0927-0929,32.253333,-21.5473,5.7374,98.3080,77.8076,20.5004
PEMAFC-F,3,periodavg_0927-0929,32.306667,-21.9343,6.3015,98.4926,77.8076,20.6850
PEMAFC-F,3,periodavg_0927-0929,32.360000,-22.0987,6.5156,98.5791,77.8076,20.7715
PEMAFC-F,3,periodavg_0927-0929,32.400000,-22.2923,5.5610,98.8534,77.8076,21.0458
PEMAFC-F,3,periodavg_0927-0929,32.453333,-22.3965,5.2641,99.1455,77.8076,21.3379
PEMAFC-F,3,periodavg_0927-0929,32.506667,-22.4885,5.7554,99.2979,77.8076,21.4903
PEMAFC-F,3,periodavg_0927-0929,32.560000,-22.3680,3.9777,99.5096,77.8076,21.7020
PEMAFC-F,3,periodavg_0927-0929,32.600000,-22.5036,7.2632,99.6728,77.8076,21.8652
PEMAFC-F,3,periodavg_0927-0929,32.653333,-22.7406,5.9394,99.5760,77.8076,21.7684
PEMAFC-F,3,periodavg_0927-0929,32.706667,-22.9263,7.9850,100.0519,77.8076,22.2443
PEMAFC-F,3,periodavg_0927-0929,32.760000,-22.7787,5.8642,96.3528,77.8076,18.5452
PEMAFC-F,3,periodavg_0927-0929,32.800000,-23.0936,3.9783,99.3450,77.8076,21.5373
PEMAFC-F,3,periodavg_0927-0929,32.853333,-23.1573,7.2210,100.5934,77.8076,22.7858
PEMAFC-F,3,periodavg_0927-0929,32.906667,-23.3553,4.8182,100.7871,77.8076,22.9795
PEMAFC-F,3,periodavg_0927-0929,32.960000,-23.3676,4.8626,100.8820,77.8076,23.0744
PEMAFC-F,3,periodavg_0927-0929,33.000000,-23.5231,5.9212,100.9270,77.8076,23.1194
PEMAFC-F,3,periodavg_0927-0929,33.053333,-23.7346,8.9754,101.0114,77.8076,23.2037
PEMAFC-F,3,periodavg_0927-0929,33.106667,-23.9011,7.1000,101.0134,77.8076,23.2058
PEMAFC-F,3,periodavg_0927-0929,33.160000,-24.0897,6.8566,101.2399,77.8076,23.4323
PEMAFC-F,3,periodavg_0927-0929,33.200000,-24.0909,7.3103,101.4989,77.8076,23.6913
PEMAFC-F,3,periodavg_0927-0929,33.253333,-24.1407,7.6242,101.8064,77.8076,23.9988
PEMAFC-F,3,periodavg_0927-0929,33.306667,-24.1547,7.0365,101.9460,77.8076,24.1384
PEMAFC-F,3,periodavg_0927-0929,33.360000,-24.1551,7.8695,102.0341,77.8076,24.2265
PEMAFC-F,3,periodavg_0927-0929,33.400000,-24.4255,6.1347,102.3068,77.8076,24.4992
PEMAFC-F,3,periodavg_0927-0929,33.453333,-24.5263,6.2422,102.5039,77.8076,24.6963
PEMAFC-F,3,periodavg_0927-0929,33.506667,-24.3432,7.1709,102.6812,77.8076,24.8736
PEMAFC-F,3,periodavg_0927-0929,33.560000,-24.1649,7.1459,102.7388,77.8076,24.9312
PEMAFC-F,3,periodavg_0927-0929,33.600000,-24.1784,5.3564,102.7855,77.8076,24.9779
PEMAFC-F,3,periodavg_0927-0929,33.653333,-24.3422,4.6724,102.9723,77.8076,25.1647
PEMAFC-F,3,periodavg_0927-0929,33.706667,-24.4660,6.8863,103.1638,77.8076,25.3562
PEMAFC-F,3,periodavg_0927-0929,33.760000,-23.8890,5.9667,102.1236,77.8076,24.3160
PEMAFC-F,3,periodavg_0927-0929,33.800000,-23.9427,5.6500,101.8580,77.8076,24.0504
PEMAFC-F,3,periodavg_0927-0929,33.853333,-24.0428,5.7542,103.3001,77.8076,25.4925
PEMAFC-F,3,periodavg_0927-0929,33.906667,-24.4126,6.0595,103.4256,77.8076,25.6180
PEMAFC-F,3,periodavg_0927-0929,33.960000,-24.5475,4.9510,103.2745,77.8076,25.4669
PEMAFC-F,3,periodavg_0927-0929,34.000000,-24.6997,7.6876,101.9411,77.8076,24.1335
PEMAFC-F,3,periodavg_0927-0929,34.053333,-24.9670,6.5558,103.4226,77.8076,25.6150
PEMAFC-F,3,periodavg_0927-0929,34.106667,-25.0136,7.9633,103.3715,77.8076,25.5639
PEMAFC-F,3,periodavg_0927-0929,34.160000,-25.1112,6.6060,103.4222,77.8076,25.6146
PEMAFC-F,3,periodavg_0927-0929,34.200000,-25.2055,6.6753,103.4403,77.8076,25.6327
PEMAFC-F,3,periodavg_0927-0929,34.253333,-25.2788,7.1279,103.4620,77.8076,25.6544
PEMAFC-F,3,periodavg_0927-0929,34.306667,-25.1897,5.0896,103.1156,77.8076,25.3080
PEMAFC-F,3,periodavg_0927-0929,34.360000,-25.2876,8.2711,103.4804,77.8076,25.6728
PEMAFC-F,3,periodavg_0927-0929,34.400000,-25.0369,4.0542,103.4902,77.8076,25.6826
PEMAFC-F,3,periodavg_0927-0929,34.453333,-25.3322,5.6195,103.1920,77.8076,25.3844
PEMAFC-F,3,periodavg_0927-0929,34.506667,-25.3195,6.8641,103.4807,77.8076,25.6731
PEMAFC-F,3,periodavg_0927-0929,34.560000,-25.4175,6.5395,103.4700,77.8076,25.6624
PEMAFC-F,3,periodavg_0927-0929,34.600000,-25.3979,7.9653,102.5530,77.8076,24.7454
PEMAFC-F,3,periodavg_0927-0929,34.653333,-25.3837,8.3886,103.4851,77.8076,25.6775
PEMAFC-F,3,periodavg_0927-0929,34.706667,-25.4790,7.7134,103.5040,77.8076,25.6964
PEMAFC-F,3,periodavg_0927-0929,34.760000,-25.2936,7.6965,103.5201,77.8076,25.7125
PEMAFC-F,3,periodavg_0927-0929,34.800000,-25.4826,6.6653,103.5222,77.8076,25.7146
PEMAFC-F,3,periodavg_0927-0929,34.853333,-25.2716,7.2742,103.5375,77.8076,25.7299
PEMAFC-F,3,periodavg_0927-0929,34.906667,-25.3452,6.4574,103.5073,77.8076,25.6997
PEMAFC-F,3,periodavg_0927-0929,34.960000,-25.6231,7.5010,103.5396,77.8076,25.7320
PEMAFC-F,3,periodavg_0927-0929,35.000000,-25.3187,7.4744,103.5883,77.8076,25.7807
PEMAFC-F,3,periodavg_0927-0929,35.053333,-25.3072,7.1884,103.2228,77.8076,25.4152
PEMAFC-F,3,periodavg_0927-0929,35.106667,-25.7181,4.6332,103.5143,77.8076,25.7067
PEMAFC-F,3,periodavg_0927-0929,35.160000,-25.6271,7.0115,103.5195,77.8076,25.7119
PEMAFC-F,3,periodavg_0927-0929,35.200000,-25.5216,6.0203,103.0598,77.8076,25.2522
PEMAFC-F,3,periodavg_0927-0929,35.253333,-25.7843,5.6027,103.5516,77.8076,25.7440
PEMAFC-F,3,periodavg_0927-0929,35.306667,-25.5562,6.8598,103.5813,77.8076,25.7737
PEMAFC-F,3,periodavg_0927-0929,35.360000,-25.6263,8.0378,103.5782,77.8076,25.7706
PEMAFC-F,3,periodavg_0927-0929,35.400000,-25.6869,7.5408,103.5671,77.8076,25.7595
PEMAFC-F,3,periodavg_0927-0929,35.453333,-25.6909,5.8710,103.5254,77.8076,25.7178
PEMAFC-F,3,periodavg_0927-0929,35.506667,-25.8535,8.1845,103.5349,77.8076,25.7273
PEMAFC-F,3,periodavg_0927-0929,35.560000,-25.7504,6.9242,103.5181,77.8076,25.7105
PEMAFC-F,3,periodavg_0927-0929,35.600000,-25.8518,3.1706,103.5166,77.8076,25.7090
PEMAFC-F,3,periodavg_0927-0929,35.653333,-25.8766,5.1775,103.5619,77.8076,25.7543
PEMAFC-F,3,periodavg_0927-0929,35.706667,-25.7934,5.1476,103.5721,77.8076,25.7645
PEMAFC-F,3,periodavg_0927-0929,35.760000,-25.8861,7.2644,103.5409,77.8076,25.7333
PEMAFC-F,3,periodavg_0927-0929,35.800000,-25.8914,7.1003,103.5699,77.8076,25.7623
PEMAFC-F,3,periodavg_0927-0929,35.853333,-24.6842,4.7889,101.1284,77.8076,23.3208
PEMAFC-F,3,periodavg_0927-0929,35.906667,-24.9348,4.9840,103.5601,77.8076,25.7525
PEMAFC-F,3,periodavg_0927-0929,35.960000,-25.4552,5.7352,103.5756,77.8076,25.7680
PEMAFC-F,3,periodavg_0927-0929,36.000000,-25.8219,5.0087,103.5782,77.8076,25.7706
PEMAFC-F,3,periodavg_0927-0929,36.053333,-25.8929,7.8992,103.5944,77.8076,25.7868
PEMAFC-F,3,periodavg_0927-0929,36.106667,-25.8869,5.9660,103.5937,77.8076,25.7861
PEMAFC-F,3,periodavg_0927-0929,36.160000,-25.8267,5.8688,103.6218,77.8076,25.8142
PEMAFC-F,3,periodavg_0927-0929,36.200000,-25.7976,6.9765,103.6183,77.8076,25.8107
PEMAFC-F,3,periodavg_0927-0929,36.253333,-25.7675,7.0763,103.5940,77.8076,25.7864
PEMAFC-F,3,periodavg_0927-0929,36.306667,-25.5774,6.2263,103.5385,77.8076,25.7309
PEMAFC-F,3,periodavg_0927-0929,36.360000,-25.7020,6.4550,103.5973,77.8076,25.7897
PEMAFC-F,3,periodavg_0927-0929,36.400000,-25.5464,6.6462,103.6052,77.8076,25.7976
PEMAFC-F,3,periodavg_0927-0929,36.453333,-25.4557,9.0899,103.6379,77.8076,25.8302
PEMAFC-F,3,periodavg_0927-0929,36.506667,-25.7810,6.2520,103.6449,77.8076,25.8373
PEMAFC-F,3,periodavg_0927-0929,36.560000,-25.4625,7.7950,103.6455,77.8076,25.8379
PEMAFC-F,3,periodavg_0927-0929,36.600000,-25.3911,6.6706,103.6479,77.8076,25.8403
PEMAFC-F,3,periodavg_0927-0929,36.653333,-25.4391,5.2712,103.2120,77.8076,25.4044
PEMAFC-F,3,periodavg_0927-0929,36.706667,-25.8108,5.1595,103.6082,77.8076,25.8006
PEMAFC-F,3,periodavg_0927-0929,36.760000,-25.5885,5.5699,100.0143,77.8076,22.2067
PEMAFC-F,3,periodavg_0927-0929,36.800000,-25.5904,4.2065,99.5555,77.8076,21.7479
PEMAFC-F,3,periodavg_0927-0929,36.853333,-25.6753,6.3511,99.9330,77.8076,22.1254
PEMAFC-F,3,periodavg_0927-0929,36.906667,-25.7816,6.4233,100.5908,77.8076,22.7832
PEMAFC-F,3,periodavg_0927-0929,36.960000,-25.6318,5.4450,103.7356,77.8076,25.9280
PEMAFC-F,3,periodavg_0927-0929,37.000000,-25.4727,5.4196,103.7596,77.8076,25.9520
PEMAFC-F,3,periodavg_0927-0929,37.053333,-25.7290,7.1164,103.7632,77.8076,25.9556
PEMAFC-F,3,periodavg_0927-0929,37.106667,-25.7349,7.9525,103.7981,77.8076,25.9905
PEMAFC-F,3,periodavg_0927-0929,37.160000,-25.8818,5.8177,103.7733,77.8076,25.9657
PEMAFC-F,3,periodavg_0927-0929,37.200000,-25.9263,4.8470,103.7706,77.8076,25.9630
PEMAFC-F,3,periodavg_0927-0929,37.253333,-25.8443,6.3648,103.7691,77.8076,25.9615
PEMAFC-F,3,periodavg_0927-0929,37.306667,-25.7942,8.1417,103.7588,77.8076,25.9512
PEMAFC-F,3,periodavg_0927-0929,37.360000,-25.8086,5.7151,103.7601,77.8076,25.9525
PEMAFC-F,3,periodavg_0927-0929,37.400000,-25.5610,5.8887,101.7631,77.8076,23.9555
PEMAFC-F,3,periodavg_0927-0929,37.453333,-25.6759,5.2268,103.7898,77.8076,25.9822
PEMAFC-F,3,periodavg_0927-0929,37.506667,-25.3869,4.1126,99.0579,77.8076,21.2503
PEMAFC-F,3,periodavg_0927-0929,37.560000,-25.1715,6.2069,98.3595,77.8076,20.5519
PEMAFC-F,3,periodavg_0927-0929,37.600000,-25.2583,5.3956,98.1452,77.8076,20.3376
PEMAFC-F,3,periodavg_0927-0929,37.653333,-24.9659,4.6635,96.8094,77.8076,19.0018
PEMAFC-F,3,periodavg_0927-0929,37.706667,-25.4933,6.2982,102.1124,77.8076,24.3048
PEMAFC-F,3,periodavg_0927-0929,37.760000,-25.8817,5.1391,103.6669,77.8076,25.8593
PEMAFC-F,3,periodavg_0927-0929,37.800000,-25.7778,8.4687,103.7899,77.8076,25.9823
PEMAFC-F,3,periodavg_0927-0929,37.853333,-25.7675,6.6723,103.2927,77.8076,25.4851
PEMAFC-F,3,periodavg_0927-0929,37.906667,-25.7175,5.0637,103.3262,77.8076,25.5186
PEMAFC-F,3,periodavg_0927-0929,37.960000,-25.6683,6.3078,103.5681,77.8076,25.7605
PEMAFC-F,3,periodavg_0927-0929,38.000000,-25.8091,7.8238,103.7556,77.8076,25.9480
PEMAFC-F,3,periodavg_0927-0929,38.053333,-25.4735,5.9590,103.8716,77.8076,26.0640
PEMAFC-F,3,periodavg_0927-0929,38.106667,-25.5126,5.2564,103.8681,77.8076,26.0605
PEMAFC-F,3,periodavg_0927-0929,38.160000,-25.7895,6.6845,103.8963,77.8076,26.0887
PEMAFC-F,3,periodavg_0927-0929,38.200000,-25.8025,5.9357,103.9357,77.8076,26.1281
PEMAFC-F,3,periodavg_0927-0929,38.253333,-25.8369,7.0935,103.9298,77.8076,26.1222
PEMAFC-F,3,periodavg_0927-0929,38.306667,-25.8189,7.6027,103.9323,77.8076,26.1247
PEMAFC-F,3,periodavg_0927-0929,38.360000,-25.3667,5.6367,103.9515,77.8076,26.1439
PEMAFC-F,3,periodavg_0927-0929,38.400000,-25.1124,6.1671,102.6321,77.8076,24.8245
PEMAFC-F,3,periodavg_0927-0929,38.453333,-25.5112,6.5546,103.9409,77.8076,26.1333
PEMAFC-F,3,periodavg_0927-0929,38.506667,-25.6822,4.3369,103.9186,77.8076,26.1110
PEMAFC-F,3,periodavg_0927-0929,38.560000,-25.1737,5.1443,99.1546,77.8076,21.3470
PEMAFC-F,3,periodavg_0927-0929,38.600000,-25.6470,4.6188,103.2087,77.8076,25.4011
PEMAFC-F,3,periodavg_0927-0929,38.653333,-25.7780,7.2644,103.9864,77.8076,26.1788
PEMAFC-F,3,periodavg_0927-0929,38.706667,-25.4773,5.9609,103.9782,77.8076,26.1706
PEMAFC-F,3,periodavg_0927-0929,38.760000,-25.5374,6.3545,103.9801,77.8076,26.1725
PEMAFC-F,3,periodavg_0927-0929,38.800000,-25.5628,8.8479,103.9819,77.8076,26.1743
PEMAFC-F,3,periodavg_0927-0929,38.853333,-25.2297,4.7578,99.3922,77.8076,21.5846
PEMAFC-F,3,periodavg_0927-0929,38.906667,-25.2791,5.9167,98.1672,77.8076,20.3596
PEMAFC-F,3,periodavg_0927-0929,38.960000,-25.4500,6.9628,99.5514,77.8076,21.7438
PEMAFC-F,3,periodavg_0927-0929,39.000000,-25.5578,8.0376,100.2128,77.8076,22.4052
PEMAFC-F,3,periodavg_0927-0929,39.053333,-25.3292,7.3576,97.9929,77.8076,20.1853
PEMAFC-F,3,periodavg_0927-0929,39.106667,-24.8158,5.6993,97.2938,77.8076,19.4862
PEMAFC-F,3,periodavg_0927-0929,39.160000,-24.5401,4.8883,94.9630,77.8076,17.1554
PEMAFC-F,3,periodavg_0927-0929,39.200000,-24.4166,5.1437,93.7916,77.8076,15.9840
PEMAFC-F,3,periodavg_0927-0929,39.253333,-24.6193,5.6356,94.6485,77.8076,16.8409
PEMAFC-F,3,periodavg_0927-0929,39.306667,-24.8818,6.6137,95.8394,77.8076,18.0318
PEMAFC-F,3,periodavg_0927-0929,39.360000,-25.0383,7.0621,96.3443,77.8076,18.5367
PEMAFC-F,3,periodavg_0927-0929,39.400000,-24.6185,5.2653,94.2391,77.8076,16.4315
PEMAFC-F,3,periodavg_0927-0929,39.453333,-25.4445,5.0380,101.9990,77.8076,24.1914
PEMAFC-F,3,periodavg_0927-0929,39.506667,-25.5436,5.4318,103.9094,77.8076,26.1018
PEMAFC-F,3,periodavg_0927-0929,39.560000,-25.8791,7.2904,103.9096,77.8076,26.1020
PEMAFC-F,3,periodavg_0927-0929,39.600000,-25.6976,5.8631,103.9459,77.8076,26.1383
PEMAFC-F,3,periodavg_0927-0929,39.653333,-25.7077,4.7689,103.9364,77.8076,26.1288
PEMAFC-F,3,periodavg_0927-0929,39.706667,-25.9230,7.1346,103.9396,77.8076,26.1320
PEMAFC-F,3,periodavg_0927-0929,39.760000,-25.8801,6.8194,103.9605,77.8076,26.1529
PEMAFC-F,3,periodavg_0927-0929,39.800000,-25.8582,7.4977,103.9697,77.8076,26.1621
PEMAFC-F,3,periodavg_0927-0929,39.853333,-25.7812,8.1846,103.9411,77.8076,26.1335
PEMAFC-F,3,periodavg_0927-0929,39.906667,-25.7404,4.4142,103.9068,77.8076,26.0992
PEMAFC-F,3,periodavg_0927-0929,39.960000,-25.4881,5.7458,101.3058,77.8076,23.4982
PEMAFC-F,3,periodavg_0927-0929,40.000000,-25.7100,5.7602,103.4244,77.8076,25.6168
PEMAFC-F,4,periodavg_0873-0875,40.013333,-12.9600,-1.3539,84.7271,78.8996,5.8275
PEMAFC-F,4,periodavg_0873-0875,40.053333,-13.7796,2.8603,85.7766,78.8996,6.8770
PEMAFC-F,4,periodavg_0873-0875,40.106667,-14.6587,4.4467,86.7827,78.8996,7.8831
PEMAFC-F,4,periodavg_0873-0875,40.160000,-15.8584,2.6608,89.6868,78.8996,10.7872
PEMAFC-F,4,periodavg_0873-0875,40.200000,-16.4867,5.4120,91.2512,78.8996,12.3516
PEMAFC-F,4,periodavg_0873-0875,40.253333,-17.3899,3.3985,93.1334,78.8996,14.2338
PEMAFC-F,4,periodavg_0873-0875,40.306667,-18.1492,4.7285,93.1893,78.8996,14.2897
PEMAFC-F,4,periodavg_0873-0875,40.360000,-18.7963,3.7336,93.6732,78.8996,14.7736
PEMAFC-F,4,periodavg_0873-0875,40.400000,-19.1150,8.1725,94.1573,78.8996,15.2577
PEMAFC-F,4,periodavg_0873-0875,40.453333,-19.6912,4.5480,95.7436,78.8996,16.8440
PEMAFC-F,4,periodavg_0873-0875,40.506667,-20.0499,5.6005,97.7431,78.8996,18.8435
PEMAFC-F,4,periodavg_0873-0875,40.560000,-20.1769,5.8414,98.1764,78.8996,19.2768
PEMAFC-F,4,periodavg_0873-0875,40.600000,-20.4580,4.4846,97.9141,78.8996,19.0145
PEMAFC-F,4,periodavg_0873-0875,40.653333,-21.1013,4.8393,98.7248,78.8996,19.8252
PEMAFC-F,4,periodavg_0873-0875,40.706667,-21.5673,3.5807,99.5971,78.8996,20.6975
PEMAFC-F,4,periodavg_0873-0875,40.760000,-21.8464,5.8453,99.8761,78.8996,20.9765
PEMAFC-F,4,periodavg_0873-0875,40.800000,-21.9655,6.7389,100.3542,78.8996,21.4546
PEMAFC-F,4,periodavg_0873-0875,40.853333,-22.0839,5.6774,97.3986,78.8996,18.4990
PEMAFC-F,4,periodavg_0873-0875,40.906667,-22.5123,4.7060,101.8222,78.8996,22.9225
PEMAFC-F,4,periodavg_0873-0875,40.960000,-22.6890,4.9642,100.2756,78.8996,21.3760
PEMAFC-F,4,periodavg_0873-0875,41.000000,-23.0276,5.2202,102.9917,78.8996,24.0921
PEMAFC-F,4,periodavg_0873-0875,41.053333,-23.1109,4.8671,99.5003,78.8996,20.6007
PEMAFC-F,4,periodavg_0873-0875,41.106667,-23.3890,5.8423,102.6682,78.8996,23.7686
PEMAFC-F,4,periodavg_0873-0875,41.160000,-23.6149,4.0726,104.3950,78.8996,25.4954
PEMAFC-F,4,periodavg_0873-0875,41.200000,-23.4097,4.9876,104.5971,78.8996,25.6975
PEMAFC-F,4,periodavg_0873-0875,41.253333,-23.3754,4.1676,104.6328,78.8996,25.7332
PEMAFC-F,4,periodavg_0873-0875,41.306667,-23.7332,3.8664,104.5911,78.8996,25.6915
PEMAFC-F,4,periodavg_0873-0875,41.360000,-24.0453,4.0487,104.5400,78.8996,25.6404
PEMAFC-F,4,periodavg_0873-0875,41.400000,-24.2280,6.2791,104.5458,78.8996,25.6462
PEMAFC-F,4,periodavg_0873-0875,41.453333,-24.3754,5.3495,104.5206,78.8996,25.6210
PEMAFC-F,4,periodavg_0873-0875,41.506667,-24.4237,3.2523,104.5335,78.8996,25.6339
PEMAFC-F,4,periodavg_0873-0875,41.560000,-24.4039,4.9081,104.5283,78.8996,25.6287
PEMAFC-F,4,periodavg_0873-0875,41.600000,-24.4577,4.4062,104.5578,78.8996,25.6582
PEMAFC-F,4,periodavg_0873-0875,41.653333,-24.0205,4.6825,104.5805,78.8996,25.6809
PEMAFC-F,4,periodavg_0873-0875,41.706667,-24.1427,2.5343,104.6147,78.8996,25.7151
PEMAFC-F,4,periodavg_0873-0875,41.760000,-23.8979,4.7547,102.4357,78.8996,23.5361
PEMAFC-F,4,periodavg_0873-0875,41.800000,-24.0616,5.7326,101.2285,78.8996,22.3289
PEMAFC-F,4,periodavg_0873-0875,41.853333,-24.3273,3.2173,104.2136,78.8996,25.3140
PEMAFC-F,4,periodavg_0873-0875,41.906667,-23.9632,5.0334,101.0827,78.8996,22.1831
PEMAFC-F,4,periodavg_0873-0875,41.960000,-24.2965,5.3147,104.3207,78.8996,25.4211
PEMAFC-F,4,periodavg_0873-0875,42.000000,-24.1610,4.3947,104.6047,78.8996,25.7051
PEMAFC-F,4,periodavg_0873-0875,42.053333,-23.9976,6.0387,104.6236,78.8996,25.7240
PEMAFC-F,4,periodavg_0873-0875,42.106667,-23.0908,4.0933,104.7160,78.8996,25.8164
PEMAFC-F,4,periodavg_0873-0875,42.160000,-23.4035,4.3728,104.6921,78.8996,25.7925
PEMAFC-F,4,periodavg_0873-0875,42.200000,-23.1937,4.5333,104.7508,78.8996,25.8512
PEMAFC-F,4,periodavg_0873-0875,42.253333,-23.6524,4.0957,103.8619,78.8996,24.9623
PEMAFC-F,4,periodavg_0873-0875,42.306667,-24.1087,4.4155,102.9388,78.8996,24.0392
PEMAFC-F,4,periodavg_0873-0875,42.360000,-24.5192,4.3945,104.7025,78.8996,25.8029
PEMAFC-F,4,periodavg_0873-0875,42.400000,-24.5438,7.1934,104.6895,78.8996,25.7899
PEMAFC-F,4,periodavg_0873-0875,42.453333,-24.5260,5.8976,104.3651,78.8996,25.4655
PEMAFC-F,4,periodavg_0873-0875,42.506667,-24.7660,5.5349,104.7068,78.8996,25.8072
PEMAFC-F,4,periodavg_0873-0875,42.560000,-23.4262,3.1221,104.8588,78.8996,25.9592
PEMAFC-F,4,periodavg_0873-0875,42.600000,-23.8538,4.8392,104.8382,78.8996,25.9386
PEMAFC-F,4,periodavg_0873-0875,42.653333,-23.0747,4.1398,104.8512,78.8996,25.9516
PEMAFC-F,4,periodavg_0873-0875,42.706667,-23.0140,5.7353,104.8547,78.8996,25.9551
PEMAFC-F,4,periodavg_0873-0875,42.760000,-23.0249,4.5872,97.5162,78.8996,18.6166
PEMAFC-F,4,periodavg_0873-0875,42.800000,-24.0371,4.5727,98.7262,78.8996,19.8266
PEMAFC-F,4,periodavg_0873-0875,42.853333,-24.2563,4.8529,100.0015,78.8996,21.1019
PEMAFC-F,4,periodavg_0873-0875,42.906667,-24.6446,5.7364,104.3226,78.8996,25.4230
PEMAFC-F,4,periodavg_0873-0875,42.960000,-25.0422,3.9525,104.7195,78.8996,25.8199
PEMAFC-F,4,periodavg_0873-0875,43.000000,-24.9587,5.9011,104.7128,78.8996,25.8132
PEMAFC-F,4,periodavg_0873-0875,43.053333,-24.8547,4.5868,104.7290,78.8996,25.8294
PEMAFC-F,4,periodavg_0873-0875,43.106667,-24.7236,5.5514,104.6752,78.8996,25.7756
PEMAFC-F,4,periodavg_0873-0875,43.160000,-24.6335,4.8445,104.6936,78.8996,25.7940
PEMAFC-F,4,periodavg_0873-0875,43.200000,-24.5472,6.1524,104.2807,78.8996,25.3811
PEMAFC-F,4,periodavg_0873-0875,43.253333,-24.5769,5.9970,99.1920,78.8996,20.2924
PEMAFC-F,4,periodavg_0873-0875,43.306667,-24.0637,4.3401,98.2697,78.8996,19.3701
PEMAFC-F,4,periodavg_0873-0875,43.360000,-23.1091,5.1102,93.2820,78.8996,14.3824
PEMAFC-F,4,periodavg_0873-0875,43.400000,-23.4392,5.7690,94.5265,78.8996,15.6269
PEMAFC-F,4,periodavg_0873-0875,43.453333,-24.6468,3.0295,103.3004,78.8996,24.4008
PEMAFC-F,4,periodavg_0873-0875,43.506667,-24.5348,5.8866,100.2722,78.8996,21.3726
PEMAFC-F,4,periodavg_0873-0875,43.560000,-24.5728,6.3748,99.8945,78.8996,20.9949
PEMAFC-F,4,periodavg_0873-0875,43.600000,-25.1411,2.8784,104.7591,78.8996,25.8595
PEMAFC-F,4,periodavg_0873-0875,43.653333,-25.0040,5.8177,104.7614,78.8996,25.8618
PEMAFC-F,4,periodavg_0873-0875,43.706667,-24.8729,3.4654,104.4788,78.8996,25.5792
PEMAFC-F,4,periodavg_0873-0875,43.760000,-24.9863,4.3912,104.8095,78.8996,25.9099
PEMAFC-F,4,periodavg_0873-0875,43.800000,-25.0044,5.1518,104.8303,78.8996,25.9307
PEMAFC-F,4,periodavg_0873-0875,43.853333,-24.8470,4.2980,103.8170,78.8996,24.9174
PEMAFC-F,4,periodavg_0873-0875,43.906667,-24.5461,4.2225,104.2918,78.8996,25.3922
PEMAFC-F,4,periodavg_0873-0875,43.960000,-24.8231,4.8832,104.7911,78.8996,25.8915
PEMAFC-F,4,periodavg_0873-0875,44.000000,-24.6803,4.5962,104.7851,78.8996,25.8855
PEMAFC-F,4,periodavg_0873-0875,44.053333,-24.7933,5.7634,104.7672,78.8996,25.8676
PEMAFC-F,4,periodavg_0873-0875,44.106667,-24.5352,5.5096,102.5623,78.8996,23.6627
PEMAFC-F,4,periodavg_0873-0875,44.160000,-24.9495,4.7324,104.7773,78.8996,25.8777
PEMAFC-F,4,periodavg_0873-0875,44.200000,-24.8565,5.5858,103.2463,78.8996,24.3467
PEMAFC-F,4,periodavg_0873-0875,44.253333,-25.0463,4.1337,104.7536,78.8996,25.8540
PEMAFC-F,4,periodavg_0873-0875,44.306667,-24.6037,6.8695,103.4808,78.8996,24.5812
PEMAFC-F,4,periodavg_0873-0875,44.360000,-24.8112,4.0724,104.7428,78.8996,25.8432
PEMAFC-F,4,periodavg_0873-0875,44.400000,-23.8614,6.3494,100.0116,78.8996,21.1120
PEMAFC-F,4,periodavg_0873-0875,44.453333,-24.0715,2.3138,100.5331,78.8996,21.6335
PEMAFC-F,4,periodavg_0873-0875,44.506667,-24.6840,4.2132,100.4958,78.8996,21.5962
PEMAFC-F,4,periodavg_0873-0875,44.560000,-24.7689,4.9830,104.6864,78.8996,25.7868
PEMAFC-F,4,periodavg_0873-0875,44.600000,-23.9462,3.9564,102.4575,78.8996,23.5579
PEMAFC-F,4,periodavg_0873-0875,44.653333,-23.9192,4.2179,104.7159,78.8996,25.8163
PEMAFC-F,4,periodavg_0873-0875,44.706667,-23.9081,4.6998,104.7129,78.8996,25.8133
PEMAFC-F,4,periodavg_0873-0875,44.760000,-22.8732,3.3005,103.3545,78.8996,24.4549
PEMAFC-F,4,periodavg_0873-0875,44.800000,-22.9385,5.4920,102.5807,78.8996,23.6811
PEMAFC-F,4,periodavg_0873-0875,44.853333,-24.0482,4.0957,98.2271,78.8996,19.3275
PEMAFC-F,4,periodavg_0873-0875,44.906667,-24.4868,4.0011,104.7464,78.8996,25.8468
PEMAFC-F,4,periodavg_0873-0875,44.960000,-24.6270,7.0186,104.7612,78.8996,25.8616
PEMAFC-F,4,periodavg_0873-0875,45.000000,-24.2857,5.2019,104.7606,78.8996,25.8610
PEMAFC-F,4,periodavg_0873-0875,45.053333,-23.9075,5.4188,104.8143,78.8996,25.9147
PEMAFC-F,4,periodavg_0873-0875,45.106667,-24.1614,4.7084,104.8212,78.8996,25.9216
PEMAFC-F,4,periodavg_0873-0875,45.160000,-24.6856,5.3458,104.8184,78.8996,25.9188
PEMAFC-F,4,periodavg_0873-0875,45.200000,-24.2074,3.7612,104.8415,78.8996,25.9419
PEMAFC-F,4,periodavg_0873-0875,45.253333,-24.8297,3.8323,104.7759,78.8996,25.8763
PEMAFC-F,4,periodavg_0873-0875,45.306667,-24.6352,5.6592,104.7885,78.8996,25.8889
PEMAFC-F,4,periodavg_0873-0875,45.360000,-24.3477,5.5259,104.8171,78.8996,25.9175
PEMAFC-F,4,periodavg_0873-0875,45.400000,-24.3838,5.2148,103.1684,78.8996,24.2688
PEMAFC-F,4,periodavg_0873-0875,45.453333,-23.9294,4.7633,98.0427,78.8996,19.1431
PEMAFC-F,4,periodavg_0873-0875,45.506667,-24.7509,6.2944,104.8188,78.8996,25.9192
PEMAFC-F,4,periodavg_0873-0875,45.560000,-25.0993,4.8452,103.6676,78.8996,24.7680
PEMAFC-F,4,periodavg_0873-0875,45.600000,-25.2200,6.0507,104.7989,78.8996,25.8993
PEMAFC-F,4,periodavg_0873-0875,45.653333,-24.3545,4.2377,104.8346,78.8996,25.9350
PEMAFC-F,4,periodavg_0873-0875,45.706667,-24.6463,5.4036,104.8498,78.8996,25.9502
PEMAFC-F,4,periodavg_0873-0875,45.760000,-24.7847,5.0925,101.7574,78.8996,22.8578
PEMAFC-F,4,periodavg_0873-0875,45.800000,-24.8992,4.2666,104.7919,78.8996,25.8923
PEMAFC-F,4,periodavg_0873-0875,45.853333,-25.0360,4.9655,104.7899,78.8996,25.8903
PEMAFC-F,4,periodavg_0873-0875,45.906667,-24.9199,4.6289,104.5069,78.8996,25.6073
PEMAFC-F,4,periodavg_0873-0875,45.960000,-23.6800,4.0693,104.7675,78.8996,25.8679
PEMAFC-F,4,periodavg_0873-0875,46.000000,-23.5707,2.9948,104.7593,78.8996,25.8597
PEMAFC-F,4,periodavg_0873-0875,46.053333,-23.6055,4.3378,99.7197,78.8996,20.8201
PEMAFC-F,4,periodavg_0873-0875,46.106667,-24.2712,4.8094,103.6829,78.8996,24.7833
PEMAFC-F,4,periodavg_0873-0875,46.160000,-24.4553,5.9155,104.7608,78.8996,25.8612
PEMAFC-F,4,periodavg_0873-0875,46.200000,-24.8687,4.7309,104.7342,78.8996,25.8346
PEMAFC-F,4,periodavg_0873-0875,46.253333,-24.9187,4.8710,104.7712,78.8996,25.8716
PEMAFC-F,4,periodavg_0873-0875,46.306667,-24.5081,3.7116,104.7765,78.8996,25.8769
PEMAFC-F,4,periodavg_0873-0875,46.360000,-24.5006,6.1301,104.8036,78.8996,25.9040
PEMAFC-F,4,periodavg_0873-0875,46.400000,-24.7120,5.8740,104.7645,78.8996,25.8649
PEMAFC-F,4,periodavg_0873-0875,46.453333,-24.7450,5.0815,104.3263,78.8996,25.4267
PEMAFC-F,4,periodavg_0873-0875,46.506667,-24.6323,5.2584,101.5084,78.8996,22.6088
PEMAFC-F,4,periodavg_0873-0875,46.560000,-23.9350,5.8341,96.7803,78.8996,17.8807
PEMAFC-F,4,periodavg_0873-0875,46.600000,-24.2261,3.5358,100.7631,78.8996,21.8635
PEMAFC-F,4,periodavg_0873-0875,46.653333,-24.7486,3.5262,104.7184,78.8996,25.8188
PEMAFC-F,4,periodavg_0873-0875,46.706667,-24.9401,6.5807,104.7051,78.8996,25.8055
PEMAFC-F,4,periodavg_0873-0875,46.760000,-24.8275,5.6574,104.7197,78.8996,25.8201
PEMAFC-F,4,periodavg_0873-0875,46.800000,-24.5887,6.4823,104.7294,78.8996,25.8298
PEMAFC-F,4,periodavg_0873-0875,46.853333,-24.4359,5.5331,101.2717,78.8996,22.3721
PEMAFC-F,4,periodavg_0873-0875,46.906667,-24.3029,4.5981,101.8760,78.8996,22.9764
PEMAFC-F,4,periodavg_0873-0875,46.960000,-24.4206,3.6025,104.6930,78.8996,25.7934
PEMAFC-F,4,periodavg_0873-0875,47.000000,-24.8011,5.1624,104.6789,78.8996,25.7793
PEMAFC-F,4,periodavg_0873-0875,47.053333,-24.7197,3.9333,103.5932,78.8996,24.6936
PEMAFC-F,4,periodavg_0873-0875,47.106667,-24.3081,3.9994,103.4607,78.8996,24.5611
PEMAFC-F,4,periodavg_0873-0875,47.160000,-24.4566,4.6624,102.2525,78.8996,23.3529
PEMAFC-F,4,periodavg_0873-0875,47.200000,-24.6713,7.6430,104.7198,78.8996,25.8202
PEMAFC-F,4,periodavg_0873-0875,47.253333,-24.5866,4.3797,102.6572,78.8996,23.7576
PEMAFC-F,4,periodavg_0873-0875,47.306667,-24.2220,4.1509,101.6956,78.8996,22.7960
PEMAFC-F,4,periodavg_0873-0875,47.360000,-24.5550,5.7383,104.4016,78.8996,25.5020
PEMAFC-F,4,periodavg_0873-0875,47.400000,-24.4094,5.9493,104.7442,78.8996,25.8446
PEMAFC-F,4,periodavg_0873-0875,47.453333,-24.0158,4.1286,100.4284,78.8996,21.5288
PEMAFC-F,4,periodavg_0873-0875,47.506667,-24.4460,4.4929,102.0502,78.8996,23.1506
PEMAFC-F,4,periodavg_0873-0875,47.560000,-24.8513,5.7188,104.7017,78.8996,25.8021
PEMAFC-F,4,periodavg_0873-0875,47.600000,-24.8108,5.2646,104.6666,78.8996,25.7670
PEMAFC-F,4,periodavg_0873-0875,47.653333,-24.7295,3.4638,104.6596,78.8996,25.7600
PEMAFC-F,4,periodavg_0873-0875,47.706667,-24.5746,4.8617,104.6621,78.8996,25.7625
PEMAFC-F,4,periodavg_0873-0875,47.760000,-23.8157,3.2362,104.6544,78.8996,25.7548
PEMAFC-F,4,periodavg_0873-0875,47.800000,-23.6069,3.8862,104.6242,78.8996,25.7246
PEMAFC-F,4,periodavg_0873-0875,47.853333,-23.9503,4.5864,103.5505,78.8996,24.6509
PEMAFC-F,4,periodavg_0873-0875,47.906667,-23.8155,6.2991,104.6871,78.8996,25.7875
PEMAFC-F,4,periodavg_0873-0875,47.960000,-23.8802,3.8344,104.7127,78.8996,25.8131
PEMAFC-F,4,periodavg_0873-0875,48.000000,-23.7119,4.4135,104.6923,78.8996,25.7927
PEMAFC-F,4,periodavg_0873-0875,48.053333,-23.1583,4.3226,104.6943,78.8996,25.7947
PEMAFC-F,4,periodavg_0873-0875,48.106667,-23.5580,5.7626,103.3153,78.8996,24.4157
PEMAFC-F,4,periodavg_0873-0875,48.160000,-23.9086,4.0072,103.6834,78.8996,24.7838
PEMAFC-F,4,periodavg_0873-0875,48.200000,-24.0890,6.8553,103.5642,78.8996,24.6646
PEMAFC-F,4,periodavg_0873-0875,48.253333,-24.7574,4.8858,104.7322,78.8996,25.8326
PEMAFC-F,4,periodavg_0873-0875,48.306667,-24.4733,4.9339,103.9227,78.8996,25.0231
PEMAFC-F,4,periodavg_0873-0875,48.360000,-24.6445,3.9930,103.2373,78.8996,24.3377
PEMAFC-F,4,periodavg_0873-0875,48.400000,-24.2194,5.7294,98.3902,78.8996,19.4906
PEMAFC-F,4,periodavg_0873-0875,48.453333,-24.1090,7.8222,96.9758,78.8996,18.0762
PEMAFC-F,4,periodavg_0873-0875,48.506667,-24.6278,4.6281,100.7114,78.8996,21.8118
PEMAFC-F,4,periodavg_0873-0875,48.560000,-24.6288,4.2702,100.3575,78.8996,21.4579
PEMAFC-F,4,periodavg_0873-0875,48.600000,-24.5581,4.7521,98.7242,78.8996,19.8246
PEMAFC-F,4,periodavg_0873-0875,48.653333,-24.7732,4.5450,101.7343,78.8996,22.8347
PEMAFC-F,4,periodavg_0873-0875,48.706667,-24.2332,6.2342,98.4859,78.8996,19.5863
PEMAFC-F,4,periodavg_0873-0875,48.760000,-23.9088,4.5184,97.9636,78.8996,19.0640
PEMAFC-F,4,periodavg_0873-0875,48.800000,-24.2519,5.0313,98.7127,78.8996,19.8131
PEMAFC-F,4,periodavg_0873-0875,48.853333,-24.2357,6.3840,97.7615,78.8996,18.8619
PEMAFC-F,4,periodavg_0873-0875,48.906667,-24.6644,5.6591,102.3493,78.8996,23.4497
PEMAFC-F,4,periodavg_0873-0875,48.960000,-24.7145,3.6113,102.2636,78.8996,23.3640
PEMAFC-F,4,periodavg_0873-0875,49.000000,-24.8563,5.5421,103.0884,78.8996,24.1888
PEMAFC-F,4,periodavg_0873-0875,49.053333,-24.7611,5.7558,104.6759,78.8996,25.7763
PEMAFC-F,4,periodavg_0873-0875,49.106667,-24.7983,5.9042,104.7134,78.8996,25.8138
PEMAFC-F,4,periodavg_0873-0875,49.160000,-24.8533,4.6273,104.7035,78.8996,25.8039
PEMAFC-F,4,periodavg_0873-0875,49.200000,-24.6000,6.3211,104.2592,78.8996,25.3596
PEMAFC-F,4,periodavg_0873-0875,49.253333,-24.6771,3.7874,104.4533,78.8996,25.5537
PEMAFC-F,4,periodavg_0873-0875,49.306667,-24.6741,4.5803,104.6220,78.8996,25.7224
PEMAFC-F,4,periodavg_0873-0875,49.360000,-24.5797,5.0900,102.0727,78.8996,23.1731
PEMAFC-F,4,periodavg_0873-0875,49.400000,-24.2256,4.0780,97.4210,78.8996,18.5214
PEMAFC-F,4,periodavg_0873-0875,49.453333,-24.0698,4.6761,96.6869,78.8996,17.7873
PEMAFC-F,4,periodavg_0873-0875,49.506667,-23.9012,5.5563,97.8618,78.8996,18.9622
PEMAFC-F,4,periodavg_0873-0875,49.560000,-23.8830,5.0080,99.6970,78.8996,20.7974
PEMAFC-F,4,periodavg_0873-0875,49.600000,-24.1866,5.9331,100.2933,78.8996,21.3937
PEMAFC-F,4,periodavg_0873-0875,49.653333,-24.2313,4.9841,99.7007,78.8996,20.8011
PEMAFC-F,4,periodavg_0873-0875,49.706667,-24.5040,6.4746,102.4130,78.8996,23.5134
PEMAFC-F,4,periodavg_0873-0875,49.760000,-24.7604,5.0518,104.6197,78.8996,25.7201
PEMAFC-F,4,periodavg_0873-0875,49.800000,-24.6718,6.7687,103.3582,78.8996,24.4586
PEMAFC-F,4,periodavg_0873-0875,49.853333,-24.5929,5.6047,104.6557,78.8996,25.7561
PEMAFC-F,4,periodavg_0873-0875,49.906667,-24.5184,4.3467,104.6530,78.8996,25.7534
PEMAFC-F,4,periodavg_0873-0875,49.960000,-24.6544,4.9768,103.1087,78.8996,24.2091
PEMAFC-F,4,periodavg_0873-0875,50.000000,-24.7412,5.0841,104.6529,78.8996,25.7533
PEMAFC-F,5,periodavg_0555-0557,50.013333,9.2802,-4.1127,79.7942,83.8249,-4.0307
PEMAFC-F,5,periodavg_0555-0557,50.053333,8.7622,-1.0559,80.0564,83.8249,-3.7685
PEMAFC-F,5,periodavg_0555-0557,50.106667,8.1078,-1.3421,80.1962,83.8249,-3.6288
PEMAFC-F,5,periodavg_0555-0557,50.160000,7.4129,-0.6248,80.3529,83.8249,-3.4720
PEMAFC-F,5,periodavg_0555-0557,50.200000,7.0312,1.3831,80.4380,83.8249,-3.3869
PEMAFC-F,5,periodavg_0555-0557,50.253333,6.4331,-0.0268,80.7162,83.8249,-3.1087
PEMAFC-F,5,periodavg_0555-0557,50.306667,5.8525,0.9379,80.8212,83.8249,-3.0037
PEMAFC-F,5,periodavg_0555-0557,50.360000,5.3723,0.4010,80.9545,83.8249,-2.8704
PEMAFC-F,5,periodavg_0555-0557,50.400000,4.9893,1.5058,81.1408,83.8249,-2.6841
PEMAFC-F,5,periodavg_0555-0557,50.453333,4.5627,0.7321,81.2160,83.8249,-2.6089
PEMAFC-F,5,periodavg_0555-0557,50.506667,4.1421,1.2908,81.2891,83.8249,-2.5358
PEMAFC-F,5,periodavg_0555-0557,50.560000,3.7331,0.4925,81.5614,83.8249,-2.2635
PEMAFC-F,5,periodavg_0555-0557,50.600000,3.4427,0.8991,81.6226,83.8249,-2.2023
PEMAFC-F,5,periodavg_0555-0557,50.653333,3.0491,1.5680,81.9823,83.8249,-1.8426
PEMAFC-F,5,periodavg_0555-0557,50.706667,2.6385,1.8311,82.2304,83.8249,-1.5945
PEMAFC-F,5,periodavg_0555-0557,50.760000,2.2721,2.9805,82.4606,83.8249,-1.3643
PEMAFC-F,5,periodavg_0555-0557,50.800000,2.0259,0.9809,82.7503,83.8249,-1.0746
PEMAFC-F,5,periodavg_0555-0557,50.853333,1.7285,1.8869,82.9422,83.8249,-0.8827
PEMAFC-F,5,periodavg_0555-0557,50.906667,1.4249,2.3193,83.1406,83.8249,-0.6843
PEMAFC-F,5,periodavg_0555-0557,50.960000,1.1041,0.2728,83.3199,83.8249,-0.5050
PEMAFC-F,5,periodavg_0555-0557,51.000000,0.9025,3.5760,83.4839,83.8249,-0.3410
PEMAFC-F,5,periodavg_0555-0557,51.053333,0.5598,2.2257,83.7858,83.8249,-0.0391
PEMAFC-F,5,periodavg_0555-0557,51.106667,0.3375,3.8530,83.9052,83.8249,0.0803
PEMAFC-F,5,periodavg_0555-0557,51.160000,0.0648,1.4152,84.2075,83.8249,0.3826
PEMAFC-F,5,periodavg_0555-0557,51.200000,-0.1599,0.2620,84.3840,83.8249,0.5591
PEMAFC-F,5,periodavg_0555-0557,51.253333,-0.3683,3.4453,84.5724,83.8249,0.7475
PEMAFC-F,5,periodavg_0555-0557,51.306667,-0.6704,1.5388,84.8815,83.8249,1.0566
PEMAFC-F,5,periodavg_0555-0557,51.360000,-0.9657,1.8273,85.0952,83.8249,1.2703
PEMAFC-F,5,periodavg_0555-0557,51.400000,-1.1788,3.5263,85.3247,83.8249,1.4998
PEMAFC-F,5,periodavg_0555-0557,51.453333,-1.4328,2.1250,85.3721,83.8249,1.5472
PEMAFC-F,5,periodavg_0555-0557,51.506667,-1.7480,0.7768,85.5255,83.8249,1.7006
PEMAFC-F,5,periodavg_0555-0557,51.560000,-2.0021,0.9171,85.8229,83.8249,1.9980
PEMAFC-F,5,periodavg_0555-0557,51.600000,-2.2044,0.3948,85.9722,83.8249,2.1472
PEMAFC-F,5,periodavg_0555-0557,51.653333,-2.5173,0.8007,86.1313,83.8249,2.3064
PEMAFC-F,5,periodavg_0555-0557,51.706667,-2.7514,1.5242,86.2661,83.8249,2.4412
PEMAFC-F,5,periodavg_0555-0557,51.760000,-2.9980,1.6806,86.4091,83.8249,2.5842
PEMAFC-F,5,periodavg_0555-0557,51.800000,-3.0355,3.9090,86.6962,83.8249,2.8713
PEMAFC-F,5,periodavg_0555-0557,51.853333,-3.2715,2.2736,86.8971,83.8249,3.0721
PEMAFC-F,5,periodavg_0555-0557,51.906667,-3.5631,1.0789,87.0960,83.8249,3.2711
PEMAFC-F,5,periodavg_0555-0557,51.960000,-3.8663,0.5819,87.3162,83.8249,3.4913
PEMAFC-F,5,periodavg_0555-0557,52.000000,-3.9959,1.5991,87.4605,83.8249,3.6356
PEMAFC-F,5,periodavg_0555-0557,52.053333,-4.1515,-0.0996,87.5495,83.8249,3.7246
PEMAFC-F,5,periodavg_0555-0557,52.106667,-4.4400,2.2618,87.7651,83.8249,3.9402
PEMAFC-F,5,periodavg_0555-0557,52.160000,-4.6466,2.1121,88.0948,83.8249,4.2698
PEMAFC-F,5,periodavg_0555-0557,52.200000,-4.6839,1.1161,88.2298,83.8249,4.4049
PEMAFC-F,5,periodavg_0555-0557,52.253333,-4.8748,0.8741,88.4187,83.8249,4.5938
PEMAFC-F,5,periodavg_0555-0557,52.306667,-5.1600,2.6239,88.6761,83.8249,4.8511
PEMAFC-F,5,periodavg_0555-0557,52.360000,-5.3170,0.0485,88.8536,83.8249,5.0287
PEMAFC-F,5,periodavg_0555-0557,52.400000,-5.3892,1.3247,88.9701,83.8249,5.1452
PEMAFC-F,5,periodavg_0555-0557,52.453333,-5.6925,1.9702,89.2520,83.8249,5.4271
PEMAFC-F,5,periodavg_0555-0557,52.506667,-5.8830,2.3358,89.5134,83.8249,5.6885
PEMAFC-F,5,periodavg_0555-0557,52.560000,-5.9985,2.1772,89.7040,83.8249,5.8791
PEMAFC-F,5,periodavg_0555-0557,52.600000,-6.2249,1.7302,89.8348,83.8249,6.0099
PEMAFC-F,5,periodavg_0555-0557,52.653333,-6.5145,1.1963,90.0268,83.8249,6.2019
PEMAFC-F,5,periodavg_0555-0557,52.706667,-6.6967,1.9735,90.2549,83.8249,6.4300
PEMAFC-F,5,periodavg_0555-0557,52.760000,-6.8317,-0.3998,90.6026,83.8249,6.7777
PEMAFC-F,5,periodavg_0555-0557,52.800000,-6.9541,1.7757,90.6625,83.8249,6.8376
PEMAFC-F,5,periodavg_0555-0557,52.853333,-7.1478,3.0630,91.0863,83.8249,7.2613
PEMAFC-F,5,periodavg_0555-0557,52.906667,-7.2103,-0.0571,91.3481,83.8249,7.5232
PEMAFC-F,5,periodavg_0555-0557,52.960000,-7.4855,2.3377,91.5713,83.8249,7.7464
PEMAFC-F,5,periodavg_0555-0557,53.000000,-7.6953,0.3542,91.7753,83.8249,7.9504
PEMAFC-F,5,periodavg_0555-0557,53.053333,-7.9509,2.7857,92.0209,83.8249,8.1960
PEMAFC-F,5,periodavg_0555-0557,53.106667,-8.0005,0.5150,92.1752,83.8249,8.3503
PEMAFC-F,5,periodavg_0555-0557,53.160000,-8.2384,2.2459,92.4494,83.8249,8.6245
PEMAFC-F,5,periodavg_0555-0557,53.200000,-8.2419,1.5356,92.6217,83.8249,8.7968
PEMAFC-F,5,periodavg_0555-0557,53.253333,-8.2604,1.5276,92.9431,83.8249,9.1182
PEMAFC-F,5,periodavg_0555-0557,53.306667,-8.6155,3.6334,93.3496,83.8249,9.5247
PEMAFC-F,5,periodavg_0555-0557,53.360000,-8.9028,2.0765,93.7041,83.8249,9.8792
PEMAFC-F,5,periodavg_0555-0557,53.400000,-8.7020,1.5834,93.7588,83.8249,9.9339
PEMAFC-F,5,periodavg_0555-0557,53.453333,-8.9448,1.3156,93.8471,83.8249,10.0222
PEMAFC-F,5,periodavg_0555-0557,53.506667,-8.6129,0.9670,93.9191,83.8249,10.0942
PEMAFC-F,5,periodavg_0555-0557,53.560000,-9.0099,1.3537,94.1983,83.8249,10.3734
PEMAFC-F,5,periodavg_0555-0557,53.600000,-9.0456,1.0523,94.3895,83.8249,10.5646
PEMAFC-F,5,periodavg_0555-0557,53.653333,-9.2712,2.0388,94.7814,83.8249,10.9565
PEMAFC-F,5,periodavg_0555-0557,53.706667,-9.1687,1.3157,94.8531,83.8249,11.0282
PEMAFC-F,5,periodavg_0555-0557,53.760000,-9.8818,2.4702,95.0256,83.8249,11.2007
PEMAFC-F,5,periodavg_0555-0557,53.800000,-9.9886,1.4268,95.2361,83.8249,11.4112
PEMAFC-F,5,periodavg_0555-0557,53.853333,-10.1658,2.2435,95.3671,83.8249,11.5421
PEMAFC-F,5,periodavg_0555-0557,53.906667,-9.9264,0.4131,94.9236,83.8249,11.0987
PEMAFC-F,5,periodavg_0555-0557,53.960000,-10.0973,2.0008,95.6441,83.8249,11.8192
PEMAFC-F,5,periodavg_0555-0557,54.000000,-10.2772,2.6283,95.7627,83.8249,11.9378
PEMAFC-F,5,periodavg_0555-0557,54.053333,-10.4747,2.4758,95.9482,83.8249,12.1233
PEMAFC-F,5,periodavg_0555-0557,54.106667,-10.4492,0.4552,96.1859,83.8249,12.3610
PEMAFC-F,5,periodavg_0555-0557,54.160000,-10.3504,1.5018,96.3059,83.8249,12.4810
PEMAFC-F,5,periodavg_0555-0557,54.200000,-10.4228,1.2071,96.4702,83.8249,12.6452
PEMAFC-F,5,periodavg_0555-0557,54.253333,-10.6430,3.0534,96.8381,83.8249,13.0132
PEMAFC-F,5,periodavg_0555-0557,54.306667,-10.4782,0.9738,97.0430,83.8249,13.2181
PEMAFC-F,5,periodavg_0555-0557,54.360000,-10.5146,3.6625,97.1756,83.8249,13.3507
PEMAFC-F,5,periodavg_0555-0557,54.400000,-10.5054,2.3336,97.3784,83.8249,13.5535
PEMAFC-F,5,periodavg_0555-0557,54.453333,-11.1642,1.1904,97.6406,83.8249,13.8157
PEMAFC-F,5,periodavg_0555-0557,54.506667,-11.4565,1.9046,97.8198,83.8249,13.9949
PEMAFC-F,5,periodavg_0555-0557,54.560000,-11.5723,1.3090,97.9910,83.8249,14.1661
PEMAFC-F,5,periodavg_0555-0557,54.600000,-11.6189,0.7611,98.0865,83.8249,14.2616
PEMAFC-F,5,periodavg_0555-0557,54.653333,-11.4274,2.6781,98.1046,83.8249,14.2797
PEMAFC-F,5,periodavg_0555-0557,54.706667,-11.6666,2.2923,98.2943,83.8249,14.4694
PEMAFC-F,5,periodavg_0555-0557,54.760000,-11.1459,1.6946,94.3152,83.8249,10.4903
PEMAFC-F,5,periodavg_0555-0557,54.800000,-11.5361,0.1735,96.3549,83.8249,12.5300
PEMAFC-F,5,periodavg_0555-0557,54.853333,-11.8716,2.7246,98.9373,83.8249,15.1124
PEMAFC-F,5,periodavg_0555-0557,54.906667,-11.8394,1.9918,99.1145,83.8249,15.2896
PEMAFC-F,5,periodavg_0555-0557,54.960000,-11.8851,2.2088,99.2149,83.8249,15.3900
PEMAFC-F,5,periodavg_0555-0557,55.000000,-11.9373,1.5373,99.3676,83.8249,15.5427
PEMAFC-F,5,periodavg_0555-0557,55.053333,-11.9189,-0.6092,96.5896,83.8249,12.7647
PEMAFC-F,5,periodavg_0555-0557,55.106667,-11.8249,1.1493,97.1212,83.8249,13.2962
PEMAFC-F,5,periodavg_0555-0557,55.160000,-11.9618,1.0744,98.8688,83.8249,15.0439
PEMAFC-F,5,periodavg_0555-0557,55.200000,-12.0469,1.9285,98.6676,83.8249,14.8427
PEMAFC-F,5,periodavg_0555-0557,55.253333,-12.0217,1.1725,96.4671,83.8249,12.6422
PEMAFC-F,5,periodavg_0555-0557,55.306667,-12.3273,2.0869,100.4631,83.8249,16.6382
PEMAFC-F,5,periodavg_0555-0557,55.360000,-12.3622,1.3522,100.6228,83.8249,16.7979
PEMAFC-F,5,periodavg_0555-0557,55.400000,-12.1602,0.8597,100.0250,83.8249,16.2001
PEMAFC-F,5,periodavg_0555-0557,55.453333,-12.0380,1.4142,98.4434,83.8249,14.6185
PEMAFC-F,5,periodavg_0555-0557,55.506667,-12.1488,2.5221,97.4906,83.8249,13.6656
PEMAFC-F,5,periodavg_0555-0557,55.560000,-11.8830,1.7607,95.3589,83.8249,11.5340
PEMAFC-F,5,periodavg_0555-0557,55.600000,-11.9459,0.4338,95.9482,83.8249,12.1233
PEMAFC-F,5,periodavg_0555-0557,55.653333,-12.1146,1.6508,96.0183,83.8249,12.1934
PEMAFC-F,5,periodavg_0555-0557,55.706667,-11.9783,1.6413,95.7608,83.8249,11.9359
PEMAFC-F,5,periodavg_0555-0557,55.760000,-11.8870,1.3687,102.0717,83.8249,18.2468
PEMAFC-F,5,periodavg_0555-0557,55.800000,-12.3639,2.1871,99.3176,83.8249,15.4927
PEMAFC-F,5,periodavg_0555-0557,55.853333,-12.7813,1.7699,102.6931,83.8249,18.8682
PEMAFC-F,5,periodavg_0555-0557,55.906667,-12.6837,0.9341,100.8548,83.8249,17.0299
PEMAFC-F,5,periodavg_0555-0557,55.960000,-13.1170,3.9426,102.8533,83.8249,19.0283
PEMAFC-F,5,periodavg_0555-0557,56.000000,-12.4383,2.8685,102.8822,83.8249,19.0573
PEMAFC-F,5,periodavg_0555-0557,56.053333,-12.6206,1.4526,102.8831,83.8249,19.0582
PEMAFC-F,5,periodavg_0555-0557,56.106667,-12.9321,1.5373,102.8958,83.8249,19.0709
PEMAFC-F,5,periodavg_0555-0557,56.160000,-13.1498,2.4879,102.8793,83.8249,19.0544
PEMAFC-F,5,periodavg_0555-0557,56.200000,-12.4595,3.9591,102.9082,83.8249,19.0833
PEMAFC-F,5,periodavg_0555-0557,56.253333,-12.7088,1.9158,102.9162,83.8249,19.0913
PEMAFC-F,5,periodavg_0555-0557,56.306667,-12.7423,2.5205,102.9085,83.8249,19.0836
PEMAFC-F,5,periodavg_0555-0557,56.360000,-12.5005,2.2916,98.8362,83.8249,15.0113
PEMAFC-F,5,periodavg_0555-0557,56.400000,-12.4525,3.0450,98.9743,83.8249,15.1494
PEMAFC-F,5,periodavg_0555-0557,56.453333,-12.9150,2.3382,102.8940,83.8249,19.0691
PEMAFC-F,5,periodavg_0555-0557,56.506667,-12.8920,-0.5341,100.4298,83.8249,16.6049
PEMAFC-F,5,periodavg_0555-0557,56.560000,-10.7885,-0.2764,90.3176,83.8249,6.4927
PEMAFC-F,5,periodavg_0555-0557,56.600000,-11.9272,1.9037,91.9797,83.8249,8.1547
PEMAFC-F,5,periodavg_0555-0557,56.653333,-12.5844,1.7328,96.1937,83.8249,12.3688
PEMAFC-F,5,periodavg_0555-0557,56.706667,-12.9584,2.0743,96.6789,83.8249,12.8540
PEMAFC-F,5,periodavg_0555-0557,56.760000,-12.2353,1.7249,95.7515,83.8249,11.9265
PEMAFC-F,5,periodavg_0555-0557,56.800000,-11.5818,2.1813,93.8511,83.8249,10.0262
PEMAFC-F,5,periodavg_0555-0557,56.853333,-12.5795,0.8864,95.0815,83.8249,11.2565
PEMAFC-F,5,periodavg_0555-0557,56.906667,-13.2834,1.5207,99.5927,83.8249,15.7677
PEMAFC-F,5,periodavg_0555-0557,56.960000,-13.3805,3.1320,101.1891,83.8249,17.3642
PEMAFC-F,5,periodavg_0555-0557,57.000000,-13.5486,2.2260,102.9388,83.8249,19.1139
PEMAFC-F,5,periodavg_0555-0557,57.053333,-13.0862,0.8139,101.3771,83.8249,17.5522
PEMAFC-F,5,periodavg_0555-0557,57.106667,-13.4594,2.4644,102.9305,83.8249,19.1056
PEMAFC-F,5,periodavg_0555-0557,57.160000,-13.4006,1.7334,102.9571,83.8249,19.1322
PEMAFC-F,5,periodavg_0555-0557,57.200000,-13.5136,0.6869,100.6108,83.8249,16.7858
PEMAFC-F,5,periodavg_0555-0557,57.253333,-13.6303,2.7832,102.9216,83.8249,19.0967
PEMAFC-F,5,periodavg_0555-0557,57.306667,-13.3958,0.8443,99.6609,83.8249,15.8359
PEMAFC-F,5,periodavg_0555-0557,57.360000,-13.7648,2.2595,102.7803,83.8249,18.9554
PEMAFC-F,5,periodavg_0555-0557,57.400000,-13.8689,4.2980,102.9114,83.8249,19.0865
PEMAFC-F,5,periodavg_0555-0557,57.453333,-13.6515,4.3295,102.9072,83.8249,19.0822
PEMAFC-F,5,periodavg_0555-0557,57.506667,-13.2934,3.3252,102.9083,83.8249,19.0834
PEMAFC-F,5,periodavg_0555-0557,57.560000,-13.6286,-0.3027,102.8818,83.8249,19.0569
PEMAFC-F,5,periodavg_0555-0557,57.600000,-13.6533,2.1788,102.8946,83.8249,19.0697
PEMAFC-F,5,periodavg_0555-0557,57.653333,-13.6802,1.2928,102.8928,83.8249,19.0679
PEMAFC-F,5,periodavg_0555-0557,57.706667,-13.9780,2.3128,102.8535,83.8249,19.0285
PEMAFC-F,5,periodavg_0555-0557,57.760000,-13.3630,1.1409,97.7296,83.8249,13.9047
PEMAFC-F,5,periodavg_0555-0557,57.800000,-13.4516,3.7303,99.9728,83.8249,16.1479
PEMAFC-F,5,periodavg_0555-0557,57.853333,-13.5043,0.5002,98.6082,83.8249,14.7833
PEMAFC-F,5,periodavg_0555-0557,57.906667,-13.4414,2.8325,99.2473,83.8249,15.4224
PEMAFC-F,5,periodavg_0555-0557,57.960000,-13.7114,1.6165,100.6985,83.8249,16.8736
PEMAFC-F,5,periodavg_0555-0557,58.000000,-13.8167,1.6112,102.3478,83.8249,18.5229
PEMAFC-F,5,periodavg_0555-0557,58.053333,-13.5309,2.9899,102.9071,83.8249,19.0822
PEMAFC-F,5,periodavg_0555-0557,58.106667,-12.7560,2.6895,102.9534,83.8249,19.1285
PEMAFC-F,5,periodavg_0555-0557,58.160000,-13.1473,1.7916,102.9612,83.8249,19.1363
PEMAFC-F,5,periodavg_0555-0557,58.200000,-13.0965,3.4722,102.9654,83.8249,19.1405
PEMAFC-F,5,periodavg_0555-0557,58.253333,-13.1147,2.9029,102.9693,83.8249,19.1444
PEMAFC-F,5,periodavg_0555-0557,58.306667,-12.9513,1.7508,102.9701,83.8249,19.1452
PEMAFC-F,5,periodavg_0555-0557,58.360000,-12.8877,3.9831,102.9542,83.8249,19.1293
PEMAFC-F,5,periodavg_0555-0557,58.400000,-12.4796,2.9768,98.3174,83.8249,14.4925
PEMAFC-F,5,periodavg_0555-0557,58.453333,-12.9723,1.0736,96.2194,83.8249,12.3945
PEMAFC-F,5,periodavg_0555-0557,58.506667,-12.4499,1.4904,94.0888,83.8249,10.2639
PEMAFC-F,5,periodavg_0555-0557,58.560000,-12.4500,2.6526,93.9346,83.8249,10.1097
PEMAFC-F,5,periodavg_0555-0557,58.600000,-12.0921,3.5149,91.9070,83.8249,8.0821
PEMAFC-F,5,periodavg_0555-0557,58.653333,-11.9857,0.8667,94.5702,83.8249,10.7453
PEMAFC-F,5,periodavg_0555-0557,58.706667,-11.2040,1.1356,92.1401,83.8249,8.3152
PEMAFC-F,5,periodavg_0555-0557,58.760000,-10.9206,2.2329,90.8952,83.8249,7.0703
PEMAFC-F,5,periodavg_0555-0557,58.800000,-11.1159,0.2277,89.8138,83.8249,5.9889
PEMAFC-F,5,periodavg_0555-0557,58.853333,-12.3384,1.8083,95.1660,83.8249,11.3410
PEMAFC-F,5,periodavg_0555-0557,58.906667,-11.8336,2.0369,94.6531,83.8249,10.8282
PEMAFC-F,5,periodavg_0555-0557,58.960000,-12.7538,2.7927,96.8399,83.8249,13.0149
PEMAFC-F,5,periodavg_0555-0557,59.000000,-13.0979,0.7541,96.8630,83.8249,13.0381
PEMAFC-F,5,periodavg_0555-0557,59.053333,-12.6585,2.1789,96.8286,83.8249,13.0037
PEMAFC-F,5,periodavg_0555-0557,59.106667,-12.5927,2.9316,94.5232,83.8249,10.6983
PEMAFC-F,5,periodavg_0555-0557,59.160000,-12.4949,1.1498,93.9210,83.8249,10.0961
PEMAFC-F,5,periodavg_0555-0557,59.200000,-12.3183,-0.5419,92.7367,83.8249,8.9118
PEMAFC-F,5,periodavg_0555-0557,59.253333,-13.1059,1.6567,96.6232,83.8249,12.7982
PEMAFC-F,5,periodavg_0555-0557,59.306667,-13.6210,1.8230,102.4454,83.8249,18.6205
PEMAFC-F,5,periodavg_0555-0557,59.360000,-13.5982,1.8051,102.5070,83.8249,18.6821
PEMAFC-F,5,periodavg_0555-0557,59.400000,-13.5502,7.0558,102.8743,83.8249,19.0494
PEMAFC-F,5,periodavg_0555-0557,59.453333,-13.4353,0.7432,102.8931,83.8249,19.0682
PEMAFC-F,5,periodavg_0555-0557,59.506667,-12.8786,1.5689,102.8814,83.8249,19.0565
PEMAFC-F,5,periodavg_0555-0557,59.560000,-12.2927,2.0008,102.9221,83.8249,19.0972
PEMAFC-F,5,periodavg_0555-0557,59.600000,-12.6281,1.0314,102.9277,83.8249,19.1028
PEMAFC-F,5,periodavg_0555-0557,59.653333,-12.9283,1.5069,102.9478,83.8249,19.1229
PEMAFC-F,5,periodavg_0555-0557,59.706667,-12.5535,0.7690,101.1115,83.8249,17.2866
PEMAFC-F,5,periodavg_0555-0557,59.760000,-13.2530,1.4267,102.9436,83.8249,19.1187
PEMAFC-F,5,periodavg_0555-0557,59.800000,-13.1266,0.9765,101.8494,83.8249,18.0244
PEMAFC-F,5,periodavg_0555-0557,59.853333,-13.2632,2.4318,102.9683,83.8249,19.1434
PEMAFC-F,5,periodavg_0555-0557,59.906667,-13.0460,2.5528,102.9918,83.8249,19.1669
PEMAFC-F,5,periodavg_0555-0557,59.960000,-13.3482,1.4664,103.0186,83.8249,19.1937
PEMAFC-F,5,periodavg_0555-0557,60.000000,-13.7737,2.0099,102.9735,83.8249,19.1486
PEMAFC-PCA-F (K=20/20),0,periodavg_0837-0839,0.013333,-6.9287,5.3925,84.9744,77.2970,7.6775
PEMAFC-PCA-F (K=20/20),0,periodavg_0837-0839,0.053333,-9.5560,5.7631,87.0418,77.2970,9.7449
PEMAFC-PCA-F (K=20/20),0,periodavg_0837-0839,0.106667,-12.3821,5.0624,89.3778,77.2970,12.0808
PEMAFC-PCA-F (K=20/20),0,periodavg_0837-0839,0.160000,-13.0608,3.5769,90.3284,77.2970,13.0314
PEMAFC-PCA-F (K=20/20),0,periodavg_0837-0839,0.200000,-12.8427,5.7756,91.3737,77.2970,14.0767
PEMAFC-PCA-F (K=20/20),0,periodavg_0837-0839,0.253333,-13.1384,3.4321,88.5217,77.2970,11.2248
PEMAFC-PCA-F (K=20/20),0,periodavg_0837-0839,0.306667,-13.4817,3.5386,90.4644,77.2970,13.1674
PEMAFC-PCA-F (K=20/20),0,periodavg_0837-0839,0.360000,-12.3895,5.6219,92.4253,77.2970,15.1283
PEMAFC-PCA-F (K=20/20),0,periodavg_0837-0839,0.400000,-13.6654,3.8741,94.0224,77.2970,16.7254
PEMAFC-PCA-F (K=20/20),0,periodavg_0837-0839,0.453333,-13.6712,3.6939,91.1101,77.2970,13.8132
PEMAFC-PCA-F (K=20/20),0,periodavg_0837-0839,0.506667,-14.1491,4.2240,90.9673,77.2970,13.6704
PEMAFC-PCA-F (K=20/20),0,periodavg_0837-0839,0.560000,-14.1416,4.1192,92.6576,77.2970,15.3607
PEMAFC-PCA-F (K=20/20),0,periodavg_0837-0839,0.600000,-14.2518,4.1775,89.9121,77.2970,12.6152
PEMAFC-PCA-F (K=20/20),0,periodavg_0837-0839,0.653333,-14.2704,5.5279,91.8937,77.2970,14.5968
PEMAFC-PCA-F (K=20/20),0,periodavg_0837-0839,0.706667,-14.3804,5.4271,92.3620,77.2970,15.0650
PEMAFC-PCA-F (K=20/20),0,periodavg_0837-0839,0.760000,-13.7861,3.5969,92.2460,77.2970,14.9490
PEMAFC-PCA-F (K=20/20),0,periodavg_0837-0839,0.800000,-13.1607,5.8017,87.3572,77.2970,10.0602
PEMAFC-PCA-F (K=20/20),0,periodavg_0837-0839,0.853333,-14.1523,3.4586,92.1068,77.2970,14.8099
PEMAFC-PCA-F (K=20/20),0,periodavg_0837-0839,0.906667,-13.5251,5.0041,89.2361,77.2970,11.9392
PEMAFC-PCA-F (K=20/20),0,periodavg_0837-0839,0.960000,-12.0402,6.8648,82.3004,77.2970,5.0035
PEMAFC-PCA-F (K=20/20),0,periodavg_0837-0839,1.000000,-13.7268,1.8908,92.3080,77.2970,15.0110
PEMAFC-PCA-F (K=20/20),0,periodavg_0837-0839,1.053333,-13.7312,6.0976,87.4819,77.2970,10.1849
PEMAFC-PCA-F (K=20/20),0,periodavg_0837-0839,1.106667,-13.6071,5.6174,85.7380,77.2970,8.4410
PEMAFC-PCA-F (K=20/20),0,periodavg_0837-0839,1.160000,-13.3985,3.6616,93.1914,77.2970,15.8944
PEMAFC-PCA-F (K=20/20),0,periodavg_0837-0839,1.200000,-14.0333,3.9175,91.3244,77.2970,14.0275
PEMAFC-PCA-F (K=20/20),0,periodavg_0837-0839,1.253333,-14.5749,4.3417,92.7895,77.2970,15.4925
PEMAFC-PCA-F (K=20/20),0,periodavg_0837-0839,1.306667,-14.3220,3.6765,93.5889,77.2970,16.2920
PEMAFC-PCA-F (K=20/20),0,periodavg_0837-0839,1.360000,-14.1479,4.0064,93.0038,77.2970,15.7068
PEMAFC-PCA-F (K=20/20),0,periodavg_0837-0839,1.400000,-14.0324,4.7398,92.9009,77.2970,15.6039
PEMAFC-PCA-F (K=20/20),0,periodavg_0837-0839,1.453333,-13.7980,4.1824,93.0884,77.2970,15.7915
PEMAFC-PCA-F (K=20/20),0,periodavg_0837-0839,1.506667,-14.0421,4.7412,91.6912,77.2970,14.3942
PEMAFC-PCA-F (K=20/20),0,periodavg_0837-0839,1.560000,-13.2439,5.0802,88.5533,77.2970,11.2564
PEMAFC-PCA-F (K=20/20),0,periodavg_0837-0839,1.600000,-12.7224,4.1381,91.4282,77.2970,14.1313
PEMAFC-PCA-F (K=20/20),0,periodavg_0837-0839,1.653333,-14.3123,2.5136,90.8378,77.2970,13.5409
PEMAFC-PCA-F (K=20/20),0,periodavg_0837-0839,1.706667,-14.3022,4.1003,92.5251,77.2970,15.2281
PEMAFC-PCA-F (K=20/20),0,periodavg_0837-0839,1.760000,-14.2660,4.7677,91.8884,77.2970,14.5915
PEMAFC-PCA-F (K=20/20),0,periodavg_0837-0839,1.800000,-13.8683,3.9744,90.1493,77.2970,12.8523
PEMAFC-PCA-F (K=20/20),0,periodavg_0837-0839,1.853333,-13.0724,5.2941,91.7821,77.2970,14.4852
PEMAFC-PCA-F (K=20/20),0,periodavg_0837-0839,1.906667,-14.4337,3.8878,93.1861,77.2970,15.8892
PEMAFC-PCA-F (K=20/20),0,periodavg_0837-0839,1.960000,-13.9684,4.1649,92.1445,77.2970,14.8476
PEMAFC-PCA-F (K=20/20),0,periodavg_0837-0839,2.000000,-13.8414,5.4278,87.5283,77.2970,10.2314
PEMAFC-PCA-F (K=20/20),0,periodavg_0837-0839,2.053333,-14.1414,3.3901,93.0051,77.2970,15.7081
PEMAFC-PCA-F (K=20/20),0,periodavg_0837-0839,2.106667,-13.9023,6.5840,92.2219,77.2970,14.9250
PEMAFC-PCA-F (K=20/20),0,periodavg_0837-0839,2.160000,-12.4874,3.3118,88.9364,77.2970,11.6395
PEMAFC-PCA-F (K=20/20),0,periodavg_0837-0839,2.200000,-11.9804,6.6631,85.1148,77.2970,7.8179
PEMAFC-PCA-F (K=20/20),0,periodavg_0837-0839,2.253333,-13.3127,3.8931,87.3669,77.2970,10.0700
PEMAFC-PCA-F (K=20/20),0,periodavg_0837-0839,2.306667,-14.1653,4.3587,91.5791,77.2970,14.2821
PEMAFC-PCA-F (K=20/20),0,periodavg_0837-0839,2.360000,-13.5716,4.6193,91.3056,77.2970,14.0086
PEMAFC-PCA-F (K=20/20),0,periodavg_0837-0839,2.400000,-14.1005,5.1268,91.4731,77.2970,14.1761
PEMAFC-PCA-F (K=20/20),0,periodavg_0837-0839,2.453333,-14.3591,5.2032,92.5816,77.2970,15.2847
PEMAFC-PCA-F (K=20/20),0,periodavg_0837-0839,2.506667,-13.2469,5.1653,85.0302,77.2970,7.7332
PEMAFC-PCA-F (K=20/20),0,periodavg_0837-0839,2.560000,-13.7502,3.0912,92.5912,77.2970,15.2942
PEMAFC-PCA-F (K=20/20),0,periodavg_0837-0839,2.600000,-13.2802,4.3347,85.8194,77.2970,8.5225
PEMAFC-PCA-F (K=20/20),0,periodavg_0837-0839,2.653333,-13.3554,3.6877,90.8777,77.2970,13.5807
PEMAFC-PCA-F (K=20/20),0,periodavg_0837-0839,2.706667,-14.4863,4.1153,90.5088,77.2970,13.2119
PEMAFC-PCA-F (K=20/20),0,periodavg_0837-0839,2.760000,-14.2897,4.5371,93.4059,77.2970,16.1090
PEMAFC-PCA-F (K=20/20),0,periodavg_0837-0839,2.800000,-13.8775,5.4442,88.6572,77.2970,11.3602
PEMAFC-PCA-F (K=20/20),0,periodavg_0837-0839,2.853333,-14.3178,5.0350,92.5512,77.2970,15.2542
PEMAFC-PCA-F (K=20/20),0,periodavg_0837-0839,2.906667,-13.8360,4.8577,93.3395,77.2970,16.0425
PEMAFC-PCA-F (K=20/20),0,periodavg_0837-0839,2.960000,-14.2770,3.4358,92.8298,77.2970,15.5328
PEMAFC-PCA-F (K=20/20),0,periodavg_0837-0839,3.000000,-14.3532,4.7587,89.8496,77.2970,12.5526
PEMAFC-PCA-F (K=20/20),0,periodavg_0837-0839,3.053333,-14.0896,5.1330,90.8972,77.2970,13.6003
PEMAFC-PCA-F (K=20/20),0,periodavg_0837-0839,3.106667,-13.6625,3.8054,89.9293,77.2970,12.6324
PEMAFC-PCA-F (K=20/20),0,periodavg_0837-0839,3.160000,-14.3759,4.2820,92.7814,77.2970,15.4844
PEMAFC-PCA-F (K=20/20),0,periodavg_0837-0839,3.200000,-14.3035,4.8545,92.8700,77.2970,15.5730
PEMAFC-PCA-F (K=20/20),0,periodavg_0837-0839,3.253333,-13.9450,4.6874,92.3653,77.2970,15.0683
PEMAFC-PCA-F (K=20/20),0,periodavg_0837-0839,3.306667,-13.4095,4.5756,91.4168,77.2970,14.1199
PEMAFC-PCA-F (K=20/20),0,periodavg_0837-0839,3.360000,-13.5661,4.4312,89.5509,77.2970,12.2540
PEMAFC-PCA-F (K=20/20),0,periodavg_0837-0839,3.400000,-13.3816,6.8039,85.6952,77.2970,8.3982
PEMAFC-PCA-F (K=20/20),0,periodavg_0837-0839,3.453333,-13.7282,4.6889,89.3873,77.2970,12.0903
PEMAFC-PCA-F (K=20/20),0,periodavg_0837-0839,3.506667,-13.4803,5.2338,86.8319,77.2970,9.5350
PEMAFC-PCA-F (K=20/20),0,periodavg_0837-0839,3.560000,-13.9011,5.1083,92.1490,77.2970,14.8521
PEMAFC-PCA-F (K=20/20),0,periodavg_0837-0839,3.600000,-14.2639,5.0250,89.2244,77.2970,11.9274
PEMAFC-PCA-F (K=20/20),0,periodavg_0837-0839,3.653333,-14.3521,4.3698,92.5694,77.2970,15.2724
PEMAFC-PCA-F (K=20/20),0,periodavg_0837-0839,3.706667,-14.5987,4.4864,92.1500,77.2970,14.8530
PEMAFC-PCA-F (K=20/20),0,periodavg_0837-0839,3.760000,-14.4033,4.0512,89.7584,77.2970,12.4615
PEMAFC-PCA-F (K=20/20),0,periodavg_0837-0839,3.800000,-13.9084,4.1755,87.1319,77.2970,9.8349
PEMAFC-PCA-F (K=20/20),0,periodavg_0837-0839,3.853333,-14.1272,4.3177,90.4604,77.2970,13.1634
PEMAFC-PCA-F (K=20/20),0,periodavg_0837-0839,3.906667,-14.1428,4.1382,93.0120,77.2970,15.7151
PEMAFC-PCA-F (K=20/20),0,periodavg_0837-0839,3.960000,-14.4099,4.2799,93.2453,77.2970,15.9484
PEMAFC-PCA-F (K=20/20),0,periodavg_0837-0839,4.000000,-14.3115,5.2628,92.2181,77.2970,14.9211
PEMAFC-PCA-F (K=20/20),0,periodavg_0837-0839,4.053333,-13.6708,5.8006,88.5161,77.2970,11.2192
PEMAFC-PCA-F (K=20/20),0,periodavg_0837-0839,4.106667,-13.9271,4.0499,93.3391,77.2970,16.0421
PEMAFC-PCA-F (K=20/20),0,periodavg_0837-0839,4.160000,-14.4108,5.6116,93.0683,77.2970,15.7713
PEMAFC-PCA-F (K=20/20),0,periodavg_0837-0839,4.200000,-13.9205,4.1823,88.1463,77.2970,10.8493
PEMAFC-PCA-F (K=20/20),0,periodavg_0837-0839,4.253333,-14.3062,4.0986,91.2165,77.2970,13.9195
PEMAFC-PCA-F (K=20/20),0,periodavg_0837-0839,4.306667,-14.1826,4.0450,92.5030,77.2970,15.2060
PEMAFC-PCA-F (K=20/20),0,periodavg_0837-0839,4.360000,-14.0833,4.8073,88.8217,77.2970,11.5247
PEMAFC-PCA-F (K=20/20),0,periodavg_0837-0839,4.400000,-14.2878,4.5010,92.2769,77.2970,14.9800
PEMAFC-PCA-F (K=20/20),0,periodavg_0837-0839,4.453333,-13.9080,5.7756,87.8678,77.2970,10.5709
PEMAFC-PCA-F (K=20/20),0,periodavg_0837-0839,4.506667,-14.0802,4.7822,92.1988,77.2970,14.9019
PEMAFC-PCA-F (K=20/20),0,periodavg_0837-0839,4.560000,-13.7498,3.5857,92.4393,77.2970,15.1424
PEMAFC-PCA-F (K=20/20),0,periodavg_0837-0839,4.600000,-14.1443,3.8683,92.0440,77.2970,14.7471
PEMAFC-PCA-F (K=20/20),0,periodavg_0837-0839,4.653333,-14.5517,4.4096,93.7020,77.2970,16.4051
PEMAFC-PCA-F (K=20/20),0,periodavg_0837-0839,4.706667,-14.0083,4.3379,89.9328,77.2970,12.6358
PEMAFC-PCA-F (K=20/20),0,periodavg_0837-0839,4.760000,-14.5195,4.8653,93.2373,77.2970,15.9404
PEMAFC-PCA-F (K=20/20),0,periodavg_0837-0839,4.800000,-14.5320,4.5680,92.7872,77.2970,15.4902
PEMAFC-PCA-F (K=20/20),0,periodavg_0837-0839,4.853333,-14.2842,4.5947,93.1517,77.2970,15.8548
PEMAFC-PCA-F (K=20/20),0,periodavg_0837-0839,4.906667,-14.3633,5.2578,92.3494,77.2970,15.0525
PEMAFC-PCA-F (K=20/20),0,periodavg_0837-0839,4.960000,-14.2677,3.1379,89.3802,77.2970,12.0832
PEMAFC-PCA-F (K=20/20),0,periodavg_0837-0839,5.000000,-14.4977,4.1062,91.8054,77.2970,14.5085
PEMAFC-PCA-F (K=20/20),0,periodavg_0837-0839,5.053333,-14.4194,4.3480,92.8242,77.2970,15.5272
PEMAFC-PCA-F (K=20/20),0,periodavg_0837-0839,5.106667,-14.6135,4.3645,93.4549,77.2970,16.1579
PEMAFC-PCA-F (K=20/20),0,periodavg_0837-0839,5.160000,-13.4432,6.7843,84.0368,77.2970,6.7398
PEMAFC-PCA-F (K=20/20),0,periodavg_0837-0839,5.200000,-12.9443,4.8552,83.0985,77.2970,5.8015
PEMAFC-PCA-F (K=20/20),0,periodavg_0837-0839,5.253333,-13.7527,3.7540,88.6077,77.2970,11.3108
PEMAFC-PCA-F (K=20/20),0,periodavg_0837-0839,5.306667,-13.8566,5.7979,89.4855,77.2970,12.1886
PEMAFC-PCA-F (K=20/20),0,periodavg_0837-0839,5.360000,-14.5019,4.4425,92.6985,77.2970,15.4015
PEMAFC-PCA-F (K=20/20),0,periodavg_0837-0839,5.400000,-14.2927,3.9757,93.6048,77.2970,16.3079
PEMAFC-PCA-F (K=20/20),0,periodavg_0837-0839,5.453333,-14.2595,3.6201,92.0458,77.2970,14.7488
PEMAFC-PCA-F (K=20/20),0,periodavg_0837-0839,5.506667,-14.4026,4.9061,93.0170,77.2970,15.7200
PEMAFC-PCA-F (K=20/20),0,periodavg_0837-0839,5.560000,-14.3107,5.0052,89.9953,77.2970,12.6984
PEMAFC-PCA-F (K=20/20),0,periodavg_0837-0839,5.600000,-13.6809,5.4760,86.4139,77.2970,9.1170
PEMAFC-PCA-F (K=20/20),0,periodavg_0837-0839,5.653333,-13.9817,5.1052,88.6596,77.2970,11.3626
PEMAFC-PCA-F (K=20/20),0,periodavg_0837-0839,5.706667,-14.0908,4.5137,92.4600,77.2970,15.1630
PEMAFC-PCA-F (K=20/20),0,periodavg_0837-0839,5.760000,-14.0994,4.4730,89.7206,77.2970,12.4236
PEMAFC-PCA-F (K=20/20),0,periodavg_0837-0839,5.800000,-13.7856,6.3662,84.8124,77.2970,7.5154
PEMAFC-PCA-F (K=20/20),0,periodavg_0837-0839,5.853333,-13.9370,3.5164,92.3721,77.2970,15.0751
PEMAFC-PCA-F (K=20/20),0,periodavg_0837-0839,5.906667,-14.1671,4.6839,93.3600,77.2970,16.0631
PEMAFC-PCA-F (K=20/20),0,periodavg_0837-0839,5.960000,-14.0805,4.8743,90.3251,77.2970,13.0281
PEMAFC-PCA-F (K=20/20),0,periodavg_0837-0839,6.000000,-14.1868,3.9355,92.7858,77.2970,15.4888
PEMAFC-PCA-F (K=20/20),0,periodavg_0837-0839,6.053333,-14.5802,5.5952,93.2791,77.2970,15.9821
PEMAFC-PCA-F (K=20/20),0,periodavg_0837-0839,6.106667,-14.4338,4.6887,93.3366,77.2970,16.0397
PEMAFC-PCA-F (K=20/20),0,periodavg_0837-0839,6.160000,-14.7553,3.9906,93.6539,77.2970,16.3569
PEMAFC-PCA-F (K=20/20),0,periodavg_0837-0839,6.200000,-14.2028,5.8708,92.4042,77.2970,15.1073
PEMAFC-PCA-F (K=20/20),0,periodavg_0837-0839,6.253333,-13.9346,4.3986,92.4691,77.2970,15.1722
PEMAFC-PCA-F (K=20/20),0,periodavg_0837-0839,6.306667,-14.5675,3.5976,91.9962,77.2970,14.6993
PEMAFC-PCA-F (K=20/20),0,periodavg_0837-0839,6.360000,-14.6987,5.5117,92.3846,77.2970,15.0877
PEMAFC-PCA-F (K=20/20),0,periodavg_0837-0839,6.400000,-14.1930,3.8513,92.3023,77.2970,15.0053
PEMAFC-PCA-F (K=20/20),0,periodavg_0837-0839,6.453333,-13.9870,7.0029,88.6629,77.2970,11.3659
PEMAFC-PCA-F (K=20/20),0,periodavg_0837-0839,6.506667,-14.0610,3.2127,90.5679,77.2970,13.2710
PEMAFC-PCA-F (K=20/20),0,periodavg_0837-0839,6.560000,-13.8736,5.6399,90.3814,77.2970,13.0845
PEMAFC-PCA-F (K=20/20),0,periodavg_0837-0839,6.600000,-14.3170,3.4028,92.9329,77.2970,15.6360
PEMAFC-PCA-F (K=20/20),0,periodavg_0837-0839,6.653333,-14.0121,5.0608,92.3627,77.2970,15.0657
PEMAFC-PCA-F (K=20/20),0,periodavg_0837-0839,6.706667,-14.2627,5.8266,92.4700,77.2970,15.1730
PEMAFC-PCA-F (K=20/20),0,periodavg_0837-0839,6.760000,-13.8729,4.6700,92.7269,77.2970,15.4300
PEMAFC-PCA-F (K=20/20),0,periodavg_0837-0839,6.800000,-14.0894,4.0124,93.9961,77.2970,16.6991
PEMAFC-PCA-F (K=20/20),0,periodavg_0837-0839,6.853333,-14.0537,5.1082,89.4742,77.2970,12.1772
PEMAFC-PCA-F (K=20/20),0,periodavg_0837-0839,6.906667,-13.5507,5.8081,87.4246,77.2970,10.1276
PEMAFC-PCA-F (K=20/20),0,periodavg_0837-0839,6.960000,-14.3196,3.7029,92.9411,77.2970,15.6442
PEMAFC-PCA-F (K=20/20),0,periodavg_0837-0839,7.000000,-14.4696,5.4884,93.0459,77.2970,15.7490
PEMAFC-PCA-F (K=20/20),0,periodavg_0837-0839,7.053333,-13.9903,4.4658,91.6362,77.2970,14.3392
PEMAFC-PCA-F (K=20/20),0,periodavg_0837-0839,7.106667,-14.0608,4.4333,87.0746,77.2970,9.7776
PEMAFC-PCA-F (K=20/20),0,periodavg_0837-0839,7.160000,-14.1345,3.7941,91.7397,77.2970,14.4428
PEMAFC-PCA-F (K=20/20),0,periodavg_0837-0839,7.200000,-14.2061,3.5466,92.1649,77.2970,14.8680
PEMAFC-PCA-F (K=20/20),0,periodavg_0837-0839,7.253333,-14.4170,4.7924,92.1735,77.2970,14.8766
PEMAFC-PCA-F (K=20/20),0,periodavg_0837-0839,7.306667,-14.5071,3.3290,92.7425,77.2970,15.4455
PEMAFC-PCA-F (K=20/20),0,periodavg_0837-0839,7.360000,-14.5455,3.9113,90.2199,77.2970,12.9229
PEMAFC-PCA-F (K=20/20),0,periodavg_0837-0839,7.400000,-14.5353,3.9866,93.7026,77.2970,16.4056
PEMAFC-PCA-F (K=20/20),0,periodavg_0837-0839,7.453333,-14.4697,4.2875,93.6796,77.2970,16.3826
PEMAFC-PCA-F (K=20/20),0,periodavg_0837-0839,7.506667,-14.0458,4.1285,92.3505,77.2970,15.0536
PEMAFC-PCA-F (K=20/20),0,periodavg_0837-0839,7.560000,-13.8327,4.3902,92.6634,77.2970,15.3664
PEMAFC-PCA-F (K=20/20),0,periodavg_0837-0839,7.600000,-13.2471,3.7628,92.2818,77.2970,14.9849
PEMAFC-PCA-F (K=20/20),0,periodavg_0837-0839,7.653333,-14.1050,3.9495,90.9039,77.2970,13.6070
PEMAFC-PCA-F (K=20/20),0,periodavg_0837-0839,7.706667,-13.6721,5.1222,92.5289,77.2970,15.2319
PEMAFC-PCA-F (K=20/20),0,periodavg_0837-0839,7.760000,-14.2827,4.0126,89.6145,77.2970,12.3175
PEMAFC-PCA-F (K=20/20),0,periodavg_0837-0839,7.800000,-14.1374,5.3806,91.9320,77.2970,14.6351
PEMAFC-PCA-F (K=20/20),0,periodavg_0837-0839,7.853333,-14.1342,4.4435,91.3562,77.2970,14.0593
PEMAFC-PCA-F (K=20/20),0,periodavg_0837-0839,7.906667,-14.4291,4.2267,91.9939,77.2970,14.6970
PEMAFC-PCA-F (K=20/20),0,periodavg_0837-0839,7.960000,-14.2354,5.0074,92.7661,77.2970,15.4691
PEMAFC-PCA-F (K=20/20),0,periodavg_0837-0839,8.000000,-14.1657,4.8269,92.6373,77.2970,15.3404
PEMAFC-PCA-F (K=20/20),0,periodavg_0837-0839,8.053333,-13.9902,5.7380,85.8959,77.2970,8.5990
PEMAFC-PCA-F (K=20/20),0,periodavg_0837-0839,8.106667,-14.5153,4.2679,93.2704,77.2970,15.9735
PEMAFC-PCA-F (K=20/20),0,periodavg_0837-0839,8.160000,-14.3308,3.5575,89.9183,77.2970,12.6214
PEMAFC-PCA-F (K=20/20),0,periodavg_0837-0839,8.200000,-14.1629,5.7692,92.9546,77.2970,15.6576
PEMAFC-PCA-F (K=20/20),0,periodavg_0837-0839,8.253333,-14.0523,4.4545,89.6706,77.2970,12.3737
PEMAFC-PCA-F (K=20/20),0,periodavg_0837-0839,8.306667,-14.3457,5.2509,92.8523,77.2970,15.5553
PEMAFC-PCA-F (K=20/20),0,periodavg_0837-0839,8.360000,-13.3100,4.5791,84.9916,77.2970,7.6947
PEMAFC-PCA-F (K=20/20),0,periodavg_0837-0839,8.400000,-14.5548,2.7691,92.4816,77.2970,15.1847
PEMAFC-PCA-F (K=20/20),0,periodavg_0837-0839,8.453333,-14.5721,4.2237,92.9987,77.2970,15.7017
PEMAFC-PCA-F (K=20/20),0,periodavg_0837-0839,8.506667,-14.4893,5.4372,91.6482,77.2970,14.3512
PEMAFC-PCA-F (K=20/20),0,periodavg_0837-0839,8.560000,-14.3786,5.0302,92.6746,77.2970,15.3777
PEMAFC-PCA-F (K=20/20),0,periodavg_0837-0839,8.600000,-13.9487,5.9101,91.5554,77.2970,14.2585
PEMAFC-PCA-F (K=20/20),0,periodavg_0837-0839,8.653333,-14.1879,2.9047,92.8686,77.2970,15.5717
PEMAFC-PCA-F (K=20/20),0,periodavg_0837-0839,8.706667,-14.3780,5.7207,92.8043,77.2970,15.5074
PEMAFC-PCA-F (K=20/20),0,periodavg_0837-0839,8.760000,-14.0719,4.4245,92.7764,77.2970,15.4795
PEMAFC-PCA-F (K=20/20),0,periodavg_0837-0839,8.800000,-13.4128,4.6494,88.1845,77.2970,10.8875
PEMAFC-PCA-F (K=20/20),0,periodavg_0837-0839,8.853333,-13.8295,4.1293,87.0765,77.2970,9.7795
PEMAFC-PCA-F (K=20/20),0,periodavg_0837-0839,8.906667,-14.4088,4.9781,92.3988,77.2970,15.1018
PEMAFC-PCA-F (K=20/20),0,periodavg_0837-0839,8.960000,-14.1171,5.3042,91.4481,77.2970,14.1512
PEMAFC-PCA-F (K=20/20),0,periodavg_0837-0839,9.000000,-14.1643,5.1067,91.4028,77.2970,14.1058
PEMAFC-PCA-F (K=20/20),0,periodavg_0837-0839,9.053333,-14.7501,5.5550,92.5112,77.2970,15.2142
PEMAFC-PCA-F (K=20/20),0,periodavg_0837-0839,9.106667,-14.2586,6.2053,90.9819,77.2970,13.6850
PEMAFC-PCA-F (K=20/20),0,periodavg_0837-0839,9.160000,-14.5673,3.9807,92.9382,77.2970,15.6412
PEMAFC-PCA-F (K=20/20),0,periodavg_0837-0839,9.200000,-14.5794,4.0197,91.2211,77.2970,13.9242
PEMAFC-PCA-F (K=20/20),0,periodavg_0837-0839,9.253333,-14.3781,4.2886,92.1889,77.2970,14.8919
PEMAFC-PCA-F (K=20/20),0,periodavg_0837-0839,9.306667,-14.0826,4.2772,93.5647,77.2970,16.2677
PEMAFC-PCA-F (K=20/20),0,periodavg_0837-0839,9.360000,-14.2532,4.8037,92.5557,77.2970,15.2588
PEMAFC-PCA-F (K=20/20),0,periodavg_0837-0839,9.400000,-14.2333,4.6489,92.2744,77.2970,14.9775
PEMAFC-PCA-F (K=20/20),0,periodavg_0837-0839,9.453333,-14.3733,3.5291,93.1164,77.2970,15.8194
PEMAFC-PCA-F (K=20/20),0,periodavg_0837-0839,9.506667,-14.2951,4.5093,91.3771,77.2970,14.0802
PEMAFC-PCA-F (K=20/20),0,periodavg_0837-0839,9.560000,-14.3782,3.5143,92.5320,77.2970,15.2351
PEMAFC-PCA-F (K=20/20),0,periodavg_0837-0839,9.600000,-13.9611,5.0551,91.9679,77.2970,14.6710
PEMAFC-PCA-F (K=20/20),0,periodavg_0837-0839,9.653333,-13.8163,4.2501,92.2953,77.2970,14.9983
PEMAFC-PCA-F (K=20/20),0,periodavg_0837-0839,9.706667,-14.2011,4.4661,92.8233,77.2970,15.5263
PEMAFC-PCA-F (K=20/20),0,periodavg_0837-0839,9.760000,-14.4387,4.8746,92.8455,77.2970,15.5485
PEMAFC-PCA-F (K=20/20),0,periodavg_0837-0839,9.800000,-13.7156,5.4690,91.8631,77.2970,14.5661
PEMAFC-PCA-F (K=20/20),0,periodavg_0837-0839,9.853333,-14.2040,3.5085,92.2996,77.2970,15.0027
PEMAFC-PCA-F (K=20/20),0,periodavg_0837-0839,9.906667,-14.5747,4.3015,91.5141,77.2970,14.2172
PEMAFC-PCA-F (K=20/20),0,periodavg_0837-0839,9.960000,-14.6371,5.3441,94.0644,77.2970,16.7675
PEMAFC-PCA-F (K=20/20),0,periodavg_0837-0839,10.000000,-14.0018,5.3635,91.3966,77.2970,14.0996
PEMAFC-PCA-F (K=20/20),1,periodavg_0342-0344,10.013333,2.8852,-6.7258,81.8863,83.9969,-2.1106
PEMAFC-PCA-F (K=20/20),1,periodavg_0342-0344,10.053333,-0.8086,1.6169,83.1990,83.9969,-0.7979
PEMAFC-PCA-F (K=20/20),1,periodavg_0342-0344,10.106667,-3.8991,0.9229,85.5067,83.9969,1.5098
PEMAFC-PCA-F (K=20/20),1,periodavg_0342-0344,10.160000,-6.1100,1.9995,88.4781,83.9969,4.4812
PEMAFC-PCA-F (K=20/20),1,periodavg_0342-0344,10.200000,-7.4966,3.1378,90.4805,83.9969,6.4836
PEMAFC-PCA-F (K=20/20),1,periodavg_0342-0344,10.253333,-8.2820,2.4418,91.1974,83.9969,7.2005
PEMAFC-PCA-F (K=20/20),1,periodavg_0342-0344,10.306667,-8.6877,2.7570,94.1293,83.9969,10.1324
PEMAFC-PCA-F (K=20/20),1,periodavg_0342-0344,10.360000,-9.2204,2.3192,94.5177,83.9969,10.5208
PEMAFC-PCA-F (K=20/20),1,periodavg_0342-0344,10.400000,-9.2064,3.6570,96.3559,83.9969,12.3589
PEMAFC-PCA-F (K=20/20),1,periodavg_0342-0344,10.453333,-9.1228,2.8099,92.7625,83.9969,8.7656
PEMAFC-PCA-F (K=20/20),1,periodavg_0342-0344,10.506667,-9.3097,1.4484,91.2415,83.9969,7.2446
PEMAFC-PCA-F (K=20/20),1,periodavg_0342-0344,10.560000,-9.4495,2.6282,93.1177,83.9969,9.1208
PEMAFC-PCA-F (K=20/20),1,periodavg_0342-0344,10.600000,-8.8601,3.3778,91.8668,83.9969,7.8699
PEMAFC-PCA-F (K=20/20),1,periodavg_0342-0344,10.653333,-8.8772,1.6089,91.4936,83.9969,7.4967
PEMAFC-PCA-F (K=20/20),1,periodavg_0342-0344,10.706667,-8.7503,2.1528,90.6211,83.9969,6.6242
PEMAFC-PCA-F (K=20/20),1,periodavg_0342-0344,10.760000,-9.2130,2.1775,94.5013,83.9969,10.5044
PEMAFC-PCA-F (K=20/20),1,periodavg_0342-0344,10.800000,-9.1480,3.6885,94.7842,83.9969,10.7873
PEMAFC-PCA-F (K=20/20),1,periodavg_0342-0344,10.853333,-9.0593,2.3223,94.3674,83.9969,10.3705
PEMAFC-PCA-F (K=20/20),1,periodavg_0342-0344,10.906667,-9.2093,1.9389,94.7866,83.9969,10.7896
PEMAFC-PCA-F (K=20/20),1,periodavg_0342-0344,10.960000,-8.8902,1.1950,90.1806,83.9969,6.1837
PEMAFC-PCA-F (K=20/20),1,periodavg_0342-0344,11.000000,-9.3152,2.1108,95.7929,83.9969,11.7960
PEMAFC-PCA-F (K=20/20),1,periodavg_0342-0344,11.053333,-8.3141,3.7024,94.0363,83.9969,10.0394
PEMAFC-PCA-F (K=20/20),1,periodavg_0342-0344,11.106667,-8.9357,2.0834,95.1815,83.9969,11.1846
PEMAFC-PCA-F (K=20/20),1,periodavg_0342-0344,11.160000,-9.7272,1.7164,94.3641,83.9969,10.3672
PEMAFC-PCA-F (K=20/20),1,periodavg_0342-0344,11.200000,-9.2710,2.2403,93.0748,83.9969,9.0779
PEMAFC-PCA-F (K=20/20),1,periodavg_0342-0344,11.253333,-9.0099,2.4087,95.4049,83.9969,11.4080
PEMAFC-PCA-F (K=20/20),1,periodavg_0342-0344,11.306667,-7.9678,2.6721,89.4910,83.9969,5.4941
PEMAFC-PCA-F (K=20/20),1,periodavg_0342-0344,11.360000,-8.9749,1.3954,92.1365,83.9969,8.1395
PEMAFC-PCA-F (K=20/20),1,periodavg_0342-0344,11.400000,-8.5896,1.9178,90.4432,83.9969,6.4463
PEMAFC-PCA-F (K=20/20),1,periodavg_0342-0344,11.453333,-9.3690,2.6783,93.9025,83.9969,9.9056
PEMAFC-PCA-F (K=20/20),1,periodavg_0342-0344,11.506667,-9.3419,2.9923,93.2252,83.9969,9.2283
PEMAFC-PCA-F (K=20/20),1,periodavg_0342-0344,11.560000,-8.8422,2.0141,92.1322,83.9969,8.1353
PEMAFC-PCA-F (K=20/20),1,periodavg_0342-0344,11.600000,-7.9185,2.3576,91.9336,83.9969,7.9367
PEMAFC-PCA-F (K=20/20),1,periodavg_0342-0344,11.653333,-8.9422,2.1926,92.0533,83.9969,8.0564
PEMAFC-PCA-F (K=20/20),1,periodavg_0342-0344,11.706667,-9.7677,2.0697,92.6213,83.9969,8.6244
PEMAFC-PCA-F (K=20/20),1,periodavg_0342-0344,11.760000,-8.8754,2.7900,88.6134,83.9969,4.6165
PEMAFC-PCA-F (K=20/20),1,periodavg_0342-0344,11.800000,-9.0012,2.8447,92.5770,83.9969,8.5801
PEMAFC-PCA-F (K=20/20),1,periodavg_0342-0344,11.853333,-9.4165,3.8728,94.7701,83.9969,10.7732
PEMAFC-PCA-F (K=20/20),1,periodavg_0342-0344,11.906667,-9.0858,2.3167,93.0793,83.9969,9.0824
PEMAFC-PCA-F (K=20/20),1,periodavg_0342-0344,11.960000,-8.8990,2.5889,95.0730,83.9969,11.0761
PEMAFC-PCA-F (K=20/20),1,periodavg_0342-0344,12.000000,-9.2514,3.0203,94.6421,83.9969,10.6452
PEMAFC-PCA-F (K=20/20),1,periodavg_0342-0344,12.053333,-9.2237,2.3595,94.3020,83.9969,10.3051
PEMAFC-PCA-F (K=20/20),1,periodavg_0342-0344,12.106667,-9.1166,2.2018,92.0287,83.9969,8.0318
PEMAFC-PCA-F (K=20/20),1,periodavg_0342-0344,12.160000,-9.2742,2.5414,95.1309,83.9969,11.1340
PEMAFC-PCA-F (K=20/20),1,periodavg_0342-0344,12.200000,-9.1781,3.7296,94.8735,83.9969,10.8766
PEMAFC-PCA-F (K=20/20),1,periodavg_0342-0344,12.253333,-8.6756,4.2243,90.7147,83.9969,6.7178
PEMAFC-PCA-F (K=20/20),1,periodavg_0342-0344,12.306667,-9.0638,2.3242,95.6478,83.9969,11.6509
PEMAFC-PCA-F (K=20/20),1,periodavg_0342-0344,12.360000,-9.2190,2.0476,91.6022,83.9969,7.6053
PEMAFC-PCA-F (K=20/20),1,periodavg_0342-0344,12.400000,-9.0810,3.3927,89.1214,83.9969,5.1245
PEMAFC-PCA-F (K=20/20),1,periodavg_0342-0344,12.453333,-8.3701,3.5052,87.8749,83.9969,3.8780
PEMAFC-PCA-F (K=20/20),1,periodavg_0342-0344,12.506667,-9.1707,2.1452,93.3668,83.9969,9.3699
PEMAFC-PCA-F (K=20/20),1,periodavg_0342-0344,12.560000,-8.8497,1.6670,89.1540,83.9969,5.1571
PEMAFC-PCA-F (K=20/20),1,periodavg_0342-0344,12.600000,-8.8747,2.9695,91.6444,83.9969,7.6475
PEMAFC-PCA-F (K=20/20),1,periodavg_0342-0344,12.653333,-9.0227,3.0135,92.1441,83.9969,8.1472
PEMAFC-PCA-F (K=20/20),1,periodavg_0342-0344,12.706667,-7.7728,3.7439,85.3035,83.9969,1.3066
PEMAFC-PCA-F (K=20/20),1,periodavg_0342-0344,12.760000,-8.6714,1.7593,92.4828,83.9969,8.4859
PEMAFC-PCA-F (K=20/20),1,periodavg_0342-0344,12.800000,-9.4327,2.1459,93.1744,83.9969,9.1775
PEMAFC-PCA-F (K=20/20),1,periodavg_0342-0344,12.853333,-9.3753,2.6151,94.8282,83.9969,10.8313
PEMAFC-PCA-F (K=20/20),1,periodavg_0342-0344,12.906667,-9.2292,1.8234,92.0639,83.9969,8.0670
PEMAFC-PCA-F (K=20/20),1,periodavg_0342-0344,12.960000,-9.1480,3.1855,95.5815,83.9969,11.5846
PEMAFC-PCA-F (K=20/20),1,periodavg_0342-0344,13.000000,-9.7665,1.5469,94.8421,83.9969,10.8452
PEMAFC-PCA-F (K=20/20),1,periodavg_0342-0344,13.053333,-9.7311,2.8936,92.5431,83.9969,8.5462
PEMAFC-PCA-F (K=20/20),1,periodavg_0342-0344,13.106667,-8.8585,2.9468,93.1870,83.9969,9.1900
PEMAFC-PCA-F (K=20/20),1,periodavg_0342-0344,13.160000,-9.6385,2.4434,91.7577,83.9969,7.7608
PEMAFC-PCA-F (K=20/20),1,periodavg_0342-0344,13.200000,-9.2975,1.8954,95.5141,83.9969,11.5172
PEMAFC-PCA-F (K=20/20),1,periodavg_0342-0344,13.253333,-8.9265,2.9651,95.8586,83.9969,11.8617
PEMAFC-PCA-F (K=20/20),1,periodavg_0342-0344,13.306667,-8.6605,2.7696,92.7402,83.9969,8.7433
PEMAFC-PCA-F (K=20/20),1,periodavg_0342-0344,13.360000,-9.1616,2.2717,93.4662,83.9969,9.4693
PEMAFC-PCA-F (K=20/20),1,periodavg_0342-0344,13.400000,-8.6250,2.5623,88.1064,83.9969,4.1095
PEMAFC-PCA-F (K=20/20),1,periodavg_0342-0344,13.453333,-9.3892,2.1026,90.7842,83.9969,6.7873
PEMAFC-PCA-F (K=20/20),1,periodavg_0342-0344,13.506667,-9.0218,2.1275,87.9455,83.9969,3.9485
PEMAFC-PCA-F (K=20/20),1,periodavg_0342-0344,13.560000,-9.3070,2.4319,92.9561,83.9969,8.9592
PEMAFC-PCA-F (K=20/20),1,periodavg_0342-0344,13.600000,-9.5565,2.0281,92.6679,83.9969,8.6710
PEMAFC-PCA-F (K=20/20),1,periodavg_0342-0344,13.653333,-8.7496,3.1063,94.8658,83.9969,10.8689
PEMAFC-PCA-F (K=20/20),1,periodavg_0342-0344,13.706667,-7.8371,2.3243,91.7905,83.9969,7.7936
PEMAFC-PCA-F (K=20/20),1,periodavg_0342-0344,13.760000,-9.1837,2.6404,95.4992,83.9969,11.5022
PEMAFC-PCA-F (K=20/20),1,periodavg_0342-0344,13.800000,-9.3442,1.7837,93.4914,83.9969,9.4945
PEMAFC-PCA-F (K=20/20),1,periodavg_0342-0344,13.853333,-8.8391,2.9116,92.3006,83.9969,8.3037
PEMAFC-PCA-F (K=20/20),1,periodavg_0342-0344,13.906667,-9.2754,2.2644,90.9166,83.9969,6.9197
PEMAFC-PCA-F (K=20/20),1,periodavg_0342-0344,13.960000,-9.4711,2.6937,95.5590,83.9969,11.5620
PEMAFC-PCA-F (K=20/20),1,periodavg_0342-0344,14.000000,-9.0469,3.4106,95.8530,83.9969,11.8561
PEMAFC-PCA-F (K=20/20),1,periodavg_0342-0344,14.053333,-8.4006,4.5596,91.4251,83.9969,7.4282
PEMAFC-PCA-F (K=20/20),1,periodavg_0342-0344,14.106667,-8.1075,3.6482,93.3548,83.9969,9.3579
PEMAFC-PCA-F (K=20/20),1,periodavg_0342-0344,14.160000,-8.7901,2.7553,94.8117,83.9969,10.8148
PEMAFC-PCA-F (K=20/20),1,periodavg_0342-0344,14.200000,-8.8093,3.0497,92.7517,83.9969,8.7548
PEMAFC-PCA-F (K=20/20),1,periodavg_0342-0344,14.253333,-8.4780,2.1211,91.9264,83.9969,7.9295
PEMAFC-PCA-F (K=20/20),1,periodavg_0342-0344,14.306667,-8.6878,3.1228,93.8002,83.9969,9.8032
PEMAFC-PCA-F (K=20/20),1,periodavg_0342-0344,14.360000,-9.4213,2.9123,93.7188,83.9969,9.7219
PEMAFC-PCA-F (K=20/20),1,periodavg_0342-0344,14.400000,-8.6764,1.6734,89.5648,83.9969,5.5679
PEMAFC-PCA-F (K=20/20),1,periodavg_0342-0344,14.453333,-9.3828,2.6054,95.4695,83.9969,11.4725
PEMAFC-PCA-F (K=20/20),1,periodavg_0342-0344,14.506667,-9.6049,2.4456,93.4617,83.9969,9.4648
PEMAFC-PCA-F (K=20/20),1,periodavg_0342-0344,14.560000,-9.7092,1.8015,91.2132,83.9969,7.2163
PEMAFC-PCA-F (K=20/20),1,periodavg_0342-0344,14.600000,-8.8288,3.4604,92.4375,83.9969,8.4406
PEMAFC-PCA-F (K=20/20),1,periodavg_0342-0344,14.653333,-9.5783,2.2961,93.8280,83.9969,9.8311
PEMAFC-PCA-F (K=20/20),1,periodavg_0342-0344,14.706667,-9.2333,2.4357,91.7360,83.9969,7.7391
PEMAFC-PCA-F (K=20/20),1,periodavg_0342-0344,14.760000,-9.6067,2.6387,92.9012,83.9969,8.9043
PEMAFC-PCA-F (K=20/20),1,periodavg_0342-0344,14.800000,-9.2756,2.9624,95.1099,83.9969,11.1130
PEMAFC-PCA-F (K=20/20),1,periodavg_0342-0344,14.853333,-9.4608,2.6085,93.4138,83.9969,9.4169
PEMAFC-PCA-F (K=20/20),1,periodavg_0342-0344,14.906667,-9.5434,2.0346,93.7366,83.9969,9.7397
PEMAFC-PCA-F (K=20/20),1,periodavg_0342-0344,14.960000,-9.3291,2.0005,95.2859,83.9969,11.2890
PEMAFC-PCA-F (K=20/20),1,periodavg_0342-0344,15.000000,-9.3676,2.0656,93.7590,83.9969,9.7621
PEMAFC-PCA-F (K=20/20),1,periodavg_0342-0344,15.053333,-8.8135,2.2626,93.6584,83.9969,9.6615
PEMAFC-PCA-F (K=20/20),1,periodavg_0342-0344,15.106667,-9.1156,3.2468,95.9105,83.9969,11.9136
PEMAFC-PCA-F (K=20/20),1,periodavg_0342-0344,15.160000,-8.6041,2.3326,93.4047,83.9969,9.4078
PEMAFC-PCA-F (K=20/20),1,periodavg_0342-0344,15.200000,-8.8099,3.1463,94.6971,83.9969,10.7002
PEMAFC-PCA-F (K=20/20),1,periodavg_0342-0344,15.253333,-8.6871,1.7834,94.3059,83.9969,10.3090
PEMAFC-PCA-F (K=20/20),1,periodavg_0342-0344,15.306667,-9.4030,1.5694,94.1501,83.9969,10.1532
PEMAFC-PCA-F (K=20/20),1,periodavg_0342-0344,15.360000,-8.5448,4.2193,90.6887,83.9969,6.6918
PEMAFC-PCA-F (K=20/20),1,periodavg_0342-0344,15.400000,-9.1476,1.6714,95.0358,83.9969,11.0389
PEMAFC-PCA-F (K=20/20),1,periodavg_0342-0344,15.453333,-9.1703,2.3852,92.5717,83.9969,8.5748
PEMAFC-PCA-F (K=20/20),1,periodavg_0342-0344,15.506667,-9.5569,2.3976,94.2010,83.9969,10.2041
PEMAFC-PCA-F (K=20/20),1,periodavg_0342-0344,15.560000,-9.6691,2.6133,93.5912,83.9969,9.5943
PEMAFC-PCA-F (K=20/20),1,periodavg_0342-0344,15.600000,-9.2454,2.6062,91.4761,83.9969,7.4792
PEMAFC-PCA-F (K=20/20),1,periodavg_0342-0344,15.653333,-8.8938,1.7176,92.2731,83.9969,8.2762
PEMAFC-PCA-F (K=20/20),1,periodavg_0342-0344,15.706667,-8.8709,4.6745,91.3247,83.9969,7.3278
PEMAFC-PCA-F (K=20/20),1,periodavg_0342-0344,15.760000,-8.7911,2.9637,93.4890,83.9969,9.4921
PEMAFC-PCA-F (K=20/20),1,periodavg_0342-0344,15.800000,-9.4913,1.6318,93.6378,83.9969,9.6409
PEMAFC-PCA-F (K=20/20),1,periodavg_0342-0344,15.853333,-9.2948,2.5438,93.2072,83.9969,9.2103
PEMAFC-PCA-F (K=20/20),1,periodavg_0342-0344,15.906667,-8.7847,2.3477,87.9948,83.9969,3.9979
PEMAFC-PCA-F (K=20/20),1,periodavg_0342-0344,15.960000,-9.4806,1.7615,93.5116,83.9969,9.5147
PEMAFC-PCA-F (K=20/20),1,periodavg_0342-0344,16.000000,-9.2257,2.0202,91.0276,83.9969,7.0307
PEMAFC-PCA-F (K=20/20),1,periodavg_0342-0344,16.053333,-9.5984,2.9877,94.0242,83.9969,10.0272
PEMAFC-PCA-F (K=20/20),1,periodavg_0342-0344,16.106667,-9.2555,2.6041,92.9984,83.9969,9.0015
PEMAFC-PCA-F (K=20/20),1,periodavg_0342-0344,16.160000,-9.3044,3.7395,92.7747,83.9969,8.7778
PEMAFC-PCA-F (K=20/20),1,periodavg_0342-0344,16.200000,-9.2838,2.8974,93.1521,83.9969,9.1552
PEMAFC-PCA-F (K=20/20),1,periodavg_0342-0344,16.253333,-8.4500,3.4479,93.2688,83.9969,9.2719
PEMAFC-PCA-F (K=20/20),1,periodavg_0342-0344,16.306667,-8.6178,2.7352,89.4640,83.9969,5.4671
PEMAFC-PCA-F (K=20/20),1,periodavg_0342-0344,16.360000,-9.2341,2.1857,95.7312,83.9969,11.7343
PEMAFC-PCA-F (K=20/20),1,periodavg_0342-0344,16.400000,-9.2930,1.4193,93.5043,83.9969,9.5074
PEMAFC-PCA-F (K=20/20),1,periodavg_0342-0344,16.453333,-9.3074,3.3143,91.5100,83.9969,7.5131
PEMAFC-PCA-F (K=20/20),1,periodavg_0342-0344,16.506667,-9.3633,2.1425,92.1313,83.9969,8.1344
PEMAFC-PCA-F (K=20/20),1,periodavg_0342-0344,16.560000,-9.0573,1.5536,92.3349,83.9969,8.3380
PEMAFC-PCA-F (K=20/20),1,periodavg_0342-0344,16.600000,-9.4374,2.8819,92.8951,83.9969,8.8982
PEMAFC-PCA-F (K=20/20),1,periodavg_0342-0344,16.653333,-9.0777,2.6857,89.5200,83.9969,5.5231
PEMAFC-PCA-F (K=20/20),1,periodavg_0342-0344,16.706667,-9.0615,3.4101,92.2495,83.9969,8.2526
PEMAFC-PCA-F (K=20/20),1,periodavg_0342-0344,16.760000,-9.2527,2.8802,93.5966,83.9969,9.5997
PEMAFC-PCA-F (K=20/20),1,periodavg_0342-0344,16.800000,-9.1325,2.5206,92.5446,83.9969,8.5477
PEMAFC-PCA-F (K=20/20),1,periodavg_0342-0344,16.853333,-8.1143,3.0450,94.3206,83.9969,10.3237
PEMAFC-PCA-F (K=20/20),1,periodavg_0342-0344,16.906667,-8.6118,2.5153,93.1047,83.9969,9.1077
PEMAFC-PCA-F (K=20/20),1,periodavg_0342-0344,16.960000,-9.3627,2.1865,93.9954,83.9969,9.9985
PEMAFC-PCA-F (K=20/20),1,periodavg_0342-0344,17.000000,-9.1378,2.9077,91.1491,83.9969,7.1522
PEMAFC-PCA-F (K=20/20),1,periodavg_0342-0344,17.053333,-9.3017,2.0211,95.2177,83.9969,11.2208
PEMAFC-PCA-F (K=20/20),1,periodavg_0342-0344,17.106667,-9.3636,2.4180,96.5877,83.9969,12.5908
PEMAFC-PCA-F (K=20/20),1,periodavg_0342-0344,17.160000,-9.0942,1.9057,93.5372,83.9969,9.5403
PEMAFC-PCA-F (K=20/20),1,periodavg_0342-0344,17.200000,-9.0525,2.5898,95.6773,83.9969,11.6804
PEMAFC-PCA-F (K=20/20),1,periodavg_0342-0344,17.253333,-9.6281,2.0087,94.1088,83.9969,10.1119
PEMAFC-PCA-F (K=20/20),1,periodavg_0342-0344,17.306667,-9.0144,1.9216,88.4003,83.9969,4.4034
PEMAFC-PCA-F (K=20/20),1,periodavg_0342-0344,17.360000,-9.6690,2.1216,91.2624,83.9969,7.2655
PEMAFC-PCA-F (K=20/20),1,periodavg_0342-0344,17.400000,-9.3438,3.1074,93.3385,83.9969,9.3416
PEMAFC-PCA-F (K=20/20),1,periodavg_0342-0344,17.453333,-9.4821,3.3441,94.3306,83.9969,10.3337
PEMAFC-PCA-F (K=20/20),1,periodavg_0342-0344,17.506667,-9.4481,1.9167,95.5785,83.9969,11.5815
PEMAFC-PCA-F (K=20/20),1,periodavg_0342-0344,17.560000,-9.5111,3.2639,93.1521,83.9969,9.1552
PEMAFC-PCA-F (K=20/20),1,periodavg_0342-0344,17.600000,-9.0738,2.4925,93.9731,83.9969,9.9762
PEMAFC-PCA-F (K=20/20),1,periodavg_0342-0344,17.653333,-8.6488,1.8909,94.6521,83.9969,10.6552
PEMAFC-PCA-F (K=20/20),1,periodavg_0342-0344,17.706667,-9.2639,2.0574,92.8234,83.9969,8.8265
PEMAFC-PCA-F (K=20/20),1,periodavg_0342-0344,17.760000,-9.1122,2.7580,92.7907,83.9969,8.7938
PEMAFC-PCA-F (K=20/20),1,periodavg_0342-0344,17.800000,-9.2495,3.4324,92.2313,83.9969,8.2344
PEMAFC-PCA-F (K=20/20),1,periodavg_0342-0344,17.853333,-9.3168,2.2005,95.3974,83.9969,11.4004
PEMAFC-PCA-F (K=20/20),1,periodavg_0342-0344,17.906667,-8.5858,3.2844,95.2812,83.9969,11.2843
PEMAFC-PCA-F (K=20/20),1,periodavg_0342-0344,17.960000,-9.0132,3.4067,91.5169,83.9969,7.5200
PEMAFC-PCA-F (K=20/20),1,periodavg_0342-0344,18.000000,-9.6845,2.3693,93.4830,83.9969,9.4861
PEMAFC-PCA-F (K=20/20),1,periodavg_0342-0344,18.053333,-9.0896,2.7757,95.7348,83.9969,11.7379
PEMAFC-PCA-F (K=20/20),1,periodavg_0342-0344,18.106667,-9.1300,2.3490,92.1473,83.9969,8.1503
PEMAFC-PCA-F (K=20/20),1,periodavg_0342-0344,18.160000,-8.6180,2.7421,92.5844,83.9969,8.5875
PEMAFC-PCA-F (K=20/20),1,periodavg_0342-0344,18.200000,-9.0666,2.6894,94.1110,83.9969,10.1141
PEMAFC-PCA-F (K=20/20),1,periodavg_0342-0344,18.253333,-8.6957,2.7531,91.8507,83.9969,7.8538
PEMAFC-PCA-F (K=20/20),1,periodavg_0342-0344,18.306667,-7.2955,4.6998,86.7197,83.9969,2.7228
PEMAFC-PCA-F (K=20/20),1,periodavg_0342-0344,18.360000,-8.6775,1.9789,92.8499,83.9969,8.8530
PEMAFC-PCA-F (K=20/20),1,periodavg_0342-0344,18.400000,-9.5160,2.5020,92.9174,83.9969,8.9205
PEMAFC-PCA-F (K=20/20),1,periodavg_0342-0344,18.453333,-9.4230,2.3742,93.7487,83.9969,9.7518
PEMAFC-PCA-F (K=20/20),1,periodavg_0342-0344,18.506667,-8.9522,3.6670,92.6237,83.9969,8.6268
PEMAFC-PCA-F (K=20/20),1,periodavg_0342-0344,18.560000,-9.5906,3.1170,93.3677,83.9969,9.3708
PEMAFC-PCA-F (K=20/20),1,periodavg_0342-0344,18.600000,-9.6231,2.8333,95.0698,83.9969,11.0729
PEMAFC-PCA-F (K=20/20),1,periodavg_0342-0344,18.653333,-8.9999,1.7833,92.8359,83.9969,8.8390
PEMAFC-PCA-F (K=20/20),1,periodavg_0342-0344,18.706667,-8.2450,3.0038,92.5499,83.9969,8.5529
PEMAFC-PCA-F (K=20/20),1,periodavg_0342-0344,18.760000,-8.6575,1.6808,91.9026,83.9969,7.9057
PEMAFC-PCA-F (K=20/20),1,periodavg_0342-0344,18.800000,-8.7797,4.2519,94.1863,83.9969,10.1894
PEMAFC-PCA-F (K=20/20),1,periodavg_0342-0344,18.853333,-9.2550,2.7411,94.8585,83.9969,10.8616
PEMAFC-PCA-F (K=20/20),1,periodavg_0342-0344,18.906667,-8.5780,2.3055,95.0138,83.9969,11.0169
PEMAFC-PCA-F (K=20/20),1,periodavg_0342-0344,18.960000,-8.5825,3.9457,87.9965,83.9969,3.9996
PEMAFC-PCA-F (K=20/20),1,periodavg_0342-0344,19.000000,-7.9404,3.1318,90.0548,83.9969,6.0579
PEMAFC-PCA-F (K=20/20),1,periodavg_0342-0344,19.053333,-9.4246,1.5471,93.0302,83.9969,9.0333
PEMAFC-PCA-F (K=20/20),1,periodavg_0342-0344,19.106667,-9.4615,2.9969,90.5636,83.9969,6.5667
PEMAFC-PCA-F (K=20/20),1,periodavg_0342-0344,19.160000,-8.9429,1.2542,91.3403,83.9969,7.3434
PEMAFC-PCA-F (K=20/20),1,periodavg_0342-0344,19.200000,-9.0037,2.6022,93.3614,83.9969,9.3645
PEMAFC-PCA-F (K=20/20),1,periodavg_0342-0344,19.253333,-8.8643,2.0129,91.8420,83.9969,7.8451
PEMAFC-PCA-F (K=20/20),1,periodavg_0342-0344,19.306667,-9.3424,2.4140,93.6093,83.9969,9.6124
PEMAFC-PCA-F (K=20/20),1,periodavg_0342-0344,19.360000,-9.3028,3.3769,95.2938,83.9969,11.2969
PEMAFC-PCA-F (K=20/20),1,periodavg_0342-0344,19.400000,-9.5396,2.7394,95.3447,83.9969,11.3478
PEMAFC-PCA-F (K=20/20),1,periodavg_0342-0344,19.453333,-9.0002,2.4631,94.3806,83.9969,10.3837
PEMAFC-PCA-F (K=20/20),1,periodavg_0342-0344,19.506667,-9.5307,1.9324,90.7787,83.9969,6.7818
PEMAFC-PCA-F (K=20/20),1,periodavg_0342-0344,19.560000,-8.4219,2.6786,90.8873,83.9969,6.8904
PEMAFC-PCA-F (K=20/20),1,periodavg_0342-0344,19.600000,-8.4399,2.1275,92.4835,83.9969,8.4866
PEMAFC-PCA-F (K=20/20),1,periodavg_0342-0344,19.653333,-9.2653,1.6709,93.0853,83.9969,9.0884
PEMAFC-PCA-F (K=20/20),1,periodavg_0342-0344,19.706667,-9.2923,3.5897,93.0382,83.9969,9.0413
PEMAFC-PCA-F (K=20/20),1,periodavg_0342-0344,19.760000,-8.9597,1.7684,90.1513,83.9969,6.1543
PEMAFC-PCA-F (K=20/20),1,periodavg_0342-0344,19.800000,-9.2284,2.5326,90.9145,83.9969,6.9176
PEMAFC-PCA-F (K=20/20),1,periodavg_0342-0344,19.853333,-9.1130,1.5605,90.5969,83.9969,6.6000
PEMAFC-PCA-F (K=20/20),1,periodavg_0342-0344,19.906667,-8.4590,1.8531,91.5274,83.9969,7.5305
PEMAFC-PCA-F (K=20/20),1,periodavg_0342-0344,19.960000,-8.9049,2.8433,93.8624,83.9969,9.8655
PEMAFC-PCA-F (K=20/20),1,periodavg_0342-0344,20.000000,-8.8635,2.7688,91.8688,83.9969,7.8719
PEMAFC-PCA-F (K=20/20),2,periodavg_0678-0680,20.013333,-2.6759,-3.3175,82.6121,80.3766,2.2355
PEMAFC-PCA-F (K=20/20),2,periodavg_0678-0680,20.053333,-5.1748,1.2773,84.6258,80.3766,4.2491
PEMAFC-PCA-F (K=20/20),2,periodavg_0678-0680,20.106667,-5.5998,2.1039,85.5683,80.3766,5.1916
PEMAFC-PCA-F (K=20/20),2,periodavg_0678-0680,20.160000,-7.8481,1.5065,87.2724,80.3766,6.8958
PEMAFC-PCA-F (K=20/20),2,periodavg_0678-0680,20.200000,-7.8936,1.1072,88.3284,80.3766,7.9518
PEMAFC-PCA-F (K=20/20),2,periodavg_0678-0680,20.253333,-9.2834,1.5374,91.1318,80.3766,10.7552
PEMAFC-PCA-F (K=20/20),2,periodavg_0678-0680,20.306667,-9.1267,1.7330,91.0404,80.3766,10.6637
PEMAFC-PCA-F (K=20/20),2,periodavg_0678-0680,20.360000,-10.2089,1.7320,92.1143,80.3766,11.7377
PEMAFC-PCA-F (K=20/20),2,periodavg_0678-0680,20.400000,-8.5824,1.2497,92.3899,80.3766,12.0132
PEMAFC-PCA-F (K=20/20),2,periodavg_0678-0680,20.453333,-8.0191,1.9667,90.4803,80.3766,10.1037
PEMAFC-PCA-F (K=20/20),2,periodavg_0678-0680,20.506667,-9.4623,1.5092,93.6077,80.3766,13.2311
PEMAFC-PCA-F (K=20/20),2,periodavg_0678-0680,20.560000,-8.1363,1.7454,89.9615,80.3766,9.5848
PEMAFC-PCA-F (K=20/20),2,periodavg_0678-0680,20.600000,-8.5792,1.6460,87.5879,80.3766,7.2112
PEMAFC-PCA-F (K=20/20),2,periodavg_0678-0680,20.653333,-8.9357,1.9616,85.2499,80.3766,4.8732
PEMAFC-PCA-F (K=20/20),2,periodavg_0678-0680,20.706667,-9.3807,1.0158,92.8127,80.3766,12.4361
PEMAFC-PCA-F (K=20/20),2,periodavg_0678-0680,20.760000,-8.8032,1.5181,93.3672,80.3766,12.9906
PEMAFC-PCA-F (K=20/20),2,periodavg_0678-0680,20.800000,-8.1197,1.3565,93.5420,80.3766,13.1654
PEMAFC-PCA-F (K=20/20),2,periodavg_0678-0680,20.853333,-9.2526,1.7414,93.5297,80.3766,13.1530
PEMAFC-PCA-F (K=20/20),2,periodavg_0678-0680,20.906667,-9.7100,1.1453,92.0269,80.3766,11.6503
PEMAFC-PCA-F (K=20/20),2,periodavg_0678-0680,20.960000,-8.3506,2.7745,86.6069,80.3766,6.2303
PEMAFC-PCA-F (K=20/20),2,periodavg_0678-0680,21.000000,-9.1878,1.9111,92.0952,80.3766,11.7185
PEMAFC-PCA-F (K=20/20),2,periodavg_0678-0680,21.053333,-9.6647,1.0845,89.0087,80.3766,8.6321
PEMAFC-PCA-F (K=20/20),2,periodavg_0678-0680,21.106667,-9.8043,1.8443,90.1564,80.3766,9.7797
PEMAFC-PCA-F (K=20/20),2,periodavg_0678-0680,21.160000,-8.8334,2.6211,87.7441,80.3766,7.3675
PEMAFC-PCA-F (K=20/20),2,periodavg_0678-0680,21.200000,-8.2295,1.9201,88.5190,80.3766,8.1424
PEMAFC-PCA-F (K=20/20),2,periodavg_0678-0680,21.253333,-8.5942,1.4024,90.7744,80.3766,10.3978
PEMAFC-PCA-F (K=20/20),2,periodavg_0678-0680,21.306667,-9.0595,2.3324,89.7238,80.3766,9.3472
PEMAFC-PCA-F (K=20/20),2,periodavg_0678-0680,21.360000,-8.2956,0.8984,89.8747,80.3766,9.4981
PEMAFC-PCA-F (K=20/20),2,periodavg_0678-0680,21.400000,-8.8526,1.9876,88.3861,80.3766,8.0094
PEMAFC-PCA-F (K=20/20),2,periodavg_0678-0680,21.453333,-8.8269,1.2775,91.3528,80.3766,10.9762
PEMAFC-PCA-F (K=20/20),2,periodavg_0678-0680,21.506667,-8.6952,1.7184,92.3472,80.3766,11.9706
PEMAFC-PCA-F (K=20/20),2,periodavg_0678-0680,21.560000,-7.5877,1.2980,85.8110,80.3766,5.4344
PEMAFC-PCA-F (K=20/20),2,periodavg_0678-0680,21.600000,-7.8463,1.2897,88.4576,80.3766,8.0810
PEMAFC-PCA-F (K=20/20),2,periodavg_0678-0680,21.653333,-8.7375,1.5908,92.7642,80.3766,12.3876
PEMAFC-PCA-F (K=20/20),2,periodavg_0678-0680,21.706667,-9.4391,2.6447,91.0124,80.3766,10.6357
PEMAFC-PCA-F (K=20/20),2,periodavg_0678-0680,21.760000,-9.4607,2.0535,93.3508,80.3766,12.9742
PEMAFC-PCA-F (K=20/20),2,periodavg_0678-0680,21.800000,-9.8883,1.2769,95.6384,80.3766,15.2618
PEMAFC-PCA-F (K=20/20),2,periodavg_0678-0680,21.853333,-9.8288,1.3421,93.0482,80.3766,12.6716
PEMAFC-PCA-F (K=20/20),2,periodavg_0678-0680,21.906667,-9.7829,1.6100,95.2885,80.3766,14.9119
PEMAFC-PCA-F (K=20/20),2,periodavg_0678-0680,21.960000,-10.6066,1.3327,94.2987,80.3766,13.9221
PEMAFC-PCA-F (K=20/20),2,periodavg_0678-0680,22.000000,-9.6836,3.3363,93.3773,80.3766,13.0007
PEMAFC-PCA-F (K=20/20),2,periodavg_0678-0680,22.053333,-10.1060,1.5395,94.1289,80.3766,13.7523
PEMAFC-PCA-F (K=20/20),2,periodavg_0678-0680,22.106667,-9.5729,2.5480,89.5226,80.3766,9.1459
PEMAFC-PCA-F (K=20/20),2,periodavg_0678-0680,22.160000,-8.8302,1.4574,93.5770,80.3766,13.2004
PEMAFC-PCA-F (K=20/20),2,periodavg_0678-0680,22.200000,-7.6755,1.6509,90.0568,80.3766,9.6802
PEMAFC-PCA-F (K=20/20),2,periodavg_0678-0680,22.253333,-8.3618,0.7207,86.4049,80.3766,6.0283
PEMAFC-PCA-F (K=20/20),2,periodavg_0678-0680,22.306667,-9.2186,1.0824,89.3495,80.3766,8.9728
PEMAFC-PCA-F (K=20/20),2,periodavg_0678-0680,22.360000,-8.9011,1.3560,92.4680,80.3766,12.0914
PEMAFC-PCA-F (K=20/20),2,periodavg_0678-0680,22.400000,-9.7190,1.8128,93.5247,80.3766,13.1480
PEMAFC-PCA-F (K=20/20),2,periodavg_0678-0680,22.453333,-8.7553,1.3364,93.1463,80.3766,12.7697
PEMAFC-PCA-F (K=20/20),2,periodavg_0678-0680,22.506667,-8.5129,1.5066,92.3132,80.3766,11.9366
PEMAFC-PCA-F (K=20/20),2,periodavg_0678-0680,22.560000,-8.0632,1.9987,87.5156,80.3766,7.1389
PEMAFC-PCA-F (K=20/20),2,periodavg_0678-0680,22.600000,-8.5243,0.6004,91.9450,80.3766,11.5683
PEMAFC-PCA-F (K=20/20),2,periodavg_0678-0680,22.653333,-9.7213,1.1815,94.6872,80.3766,14.3106
PEMAFC-PCA-F (K=20/20),2,periodavg_0678-0680,22.706667,-9.5204,1.9731,88.9101,80.3766,8.5335
PEMAFC-PCA-F (K=20/20),2,periodavg_0678-0680,22.760000,-10.0340,1.0487,94.3132,80.3766,13.9366
PEMAFC-PCA-F (K=20/20),2,periodavg_0678-0680,22.800000,-9.6587,1.2882,93.1656,80.3766,12.7890
PEMAFC-PCA-F (K=20/20),2,periodavg_0678-0680,22.853333,-9.1837,1.3943,88.1949,80.3766,7.8182
PEMAFC-PCA-F (K=20/20),2,periodavg_0678-0680,22.906667,-7.6545,2.3163,88.2119,80.3766,7.8353
PEMAFC-PCA-F (K=20/20),2,periodavg_0678-0680,22.960000,-9.4760,1.6093,91.3028,80.3766,10.9262
PEMAFC-PCA-F (K=20/20),2,periodavg_0678-0680,23.000000,-9.5782,1.7472,93.8503,80.3766,13.4736
PEMAFC-PCA-F (K=20/20),2,periodavg_0678-0680,23.053333,-9.3898,1.8745,94.0715,80.3766,13.6949
PEMAFC-PCA-F (K=20/20),2,periodavg_0678-0680,23.106667,-9.3744,1.9581,93.0633,80.3766,12.6867
PEMAFC-PCA-F (K=20/20),2,periodavg_0678-0680,23.160000,-9.5168,1.5091,94.1464,80.3766,13.7697
PEMAFC-PCA-F (K=20/20),2,periodavg_0678-0680,23.200000,-9.0739,1.4086,91.5318,80.3766,11.1552
PEMAFC-PCA-F (K=20/20),2,periodavg_0678-0680,23.253333,-9.3828,1.2134,93.2336,80.3766,12.8569
PEMAFC-PCA-F (K=20/20),2,periodavg_0678-0680,23.306667,-8.8577,1.6555,88.4572,80.3766,8.0806
PEMAFC-PCA-F (K=20/20),2,periodavg_0678-0680,23.360000,-9.2539,0.6192,90.6795,80.3766,10.3028
PEMAFC-PCA-F (K=20/20),2,periodavg_0678-0680,23.400000,-8.2769,1.3310,88.6136,80.3766,8.2370
PEMAFC-PCA-F (K=20/20),2,periodavg_0678-0680,23.453333,-8.5531,2.0810,88.1324,80.3766,7.7558
PEMAFC-PCA-F (K=20/20),2,periodavg_0678-0680,23.506667,-8.5122,2.7819,86.8353,80.3766,6.4586
PEMAFC-PCA-F (K=20/20),2,periodavg_0678-0680,23.560000,-9.4372,0.6864,91.6587,80.3766,11.2821
PEMAFC-PCA-F (K=20/20),2,periodavg_0678-0680,23.600000,-9.0193,2.2113,88.9188,80.3766,8.5421
PEMAFC-PCA-F (K=20/20),2,periodavg_0678-0680,23.653333,-8.8796,1.6417,88.8616,80.3766,8.4850
PEMAFC-PCA-F (K=20/20),2,periodavg_0678-0680,23.706667,-9.6216,1.8418,92.7835,80.3766,12.4069
PEMAFC-PCA-F (K=20/20),2,periodavg_0678-0680,23.760000,-9.6791,1.9386,94.4752,80.3766,14.0986
PEMAFC-PCA-F (K=20/20),2,periodavg_0678-0680,23.800000,-9.5350,0.6943,90.2702,80.3766,9.8936
PEMAFC-PCA-F (K=20/20),2,periodavg_0678-0680,23.853333,-9.4290,1.4231,93.5126,80.3766,13.1359
PEMAFC-PCA-F (K=20/20),2,periodavg_0678-0680,23.906667,-8.7267,2.0098,90.5493,80.3766,10.1727
PEMAFC-PCA-F (K=20/20),2,periodavg_0678-0680,23.960000,-8.9659,1.3812,89.5121,80.3766,9.1354
PEMAFC-PCA-F (K=20/20),2,periodavg_0678-0680,24.000000,-9.2487,1.4916,88.6189,80.3766,8.2423
PEMAFC-PCA-F (K=20/20),2,periodavg_0678-0680,24.053333,-9.1338,2.2435,90.2587,80.3766,9.8821
PEMAFC-PCA-F (K=20/20),2,periodavg_0678-0680,24.106667,-9.9145,0.5465,94.3229,80.3766,13.9462
PEMAFC-PCA-F (K=20/20),2,periodavg_0678-0680,24.160000,-9.0969,1.7072,93.7759,80.3766,13.3993
PEMAFC-PCA-F (K=20/20),2,periodavg_0678-0680,24.200000,-6.5567,3.6883,81.9166,80.3766,1.5400
PEMAFC-PCA-F (K=20/20),2,periodavg_0678-0680,24.253333,-9.3043,1.6395,91.4033,80.3766,11.0266
PEMAFC-PCA-F (K=20/20),2,periodavg_0678-0680,24.306667,-8.2762,1.7808,89.1514,80.3766,8.7748
PEMAFC-PCA-F (K=20/20),2,periodavg_0678-0680,24.360000,-9.4995,1.3390,94.3872,80.3766,14.0106
PEMAFC-PCA-F (K=20/20),2,periodavg_0678-0680,24.400000,-9.3365,1.7299,90.7990,80.3766,10.4224
PEMAFC-PCA-F (K=20/20),2,periodavg_0678-0680,24.453333,-9.1314,1.4316,92.9997,80.3766,12.6230
PEMAFC-PCA-F (K=20/20),2,periodavg_0678-0680,24.506667,-8.6583,2.7956,88.3990,80.3766,8.0224
PEMAFC-PCA-F (K=20/20),2,periodavg_0678-0680,24.560000,-9.0662,1.7048,92.4165,80.3766,12.0399
PEMAFC-PCA-F (K=20/20),2,periodavg_0678-0680,24.600000,-8.8985,1.4094,88.2636,80.3766,7.8869
PEMAFC-PCA-F (K=20/20),2,periodavg_0678-0680,24.653333,-8.8153,1.1221,89.7482,80.3766,9.3715
PEMAFC-PCA-F (K=20/20),2,periodavg_0678-0680,24.706667,-8.9862,1.4157,91.4301,80.3766,11.0535
PEMAFC-PCA-F (K=20/20),2,periodavg_0678-0680,24.760000,-8.5684,1.6364,90.5390,80.3766,10.1624
PEMAFC-PCA-F (K=20/20),2,periodavg_0678-0680,24.800000,-8.4646,1.4196,87.8391,80.3766,7.4625
PEMAFC-PCA-F (K=20/20),2,periodavg_0678-0680,24.853333,-9.7350,1.2531,93.1446,80.3766,12.7680
PEMAFC-PCA-F (K=20/20),2,periodavg_0678-0680,24.906667,-10.0430,1.0468,92.3744,80.3766,11.9978
PEMAFC-PCA-F (K=20/20),2,periodavg_0678-0680,24.960000,-9.6131,1.5760,90.5806,80.3766,10.2040
PEMAFC-PCA-F (K=20/20),2,periodavg_0678-0680,25.000000,-9.1624,1.6649,93.1131,80.3766,12.7364
PEMAFC-PCA-F (K=20/20),2,periodavg_0678-0680,25.053333,-8.9773,1.8099,92.6613,80.3766,12.2847
PEMAFC-PCA-F (K=20/20),2,periodavg_0678-0680,25.106667,-8.4134,1.5136,90.8931,80.3766,10.5165
PEMAFC-PCA-F (K=20/20),2,periodavg_0678-0680,25.160000,-9.1782,1.5791,92.5499,80.3766,12.1732
PEMAFC-PCA-F (K=20/20),2,periodavg_0678-0680,25.200000,-7.9465,2.5483,90.8737,80.3766,10.4971
PEMAFC-PCA-F (K=20/20),2,periodavg_0678-0680,25.253333,-9.3326,1.2874,89.5480,80.3766,9.1714
PEMAFC-PCA-F (K=20/20),2,periodavg_0678-0680,25.306667,-9.1916,1.8354,93.0445,80.3766,12.6679
PEMAFC-PCA-F (K=20/20),2,periodavg_0678-0680,25.360000,-9.2329,0.7357,90.9890,80.3766,10.6123
PEMAFC-PCA-F (K=20/20),2,periodavg_0678-0680,25.400000,-8.1722,1.3368,92.8993,80.3766,12.5227
PEMAFC-PCA-F (K=20/20),2,periodavg_0678-0680,25.453333,-9.4817,1.4510,93.6247,80.3766,13.2481
PEMAFC-PCA-F (K=20/20),2,periodavg_0678-0680,25.506667,-8.7789,1.5702,87.3476,80.3766,6.9710
PEMAFC-PCA-F (K=20/20),2,periodavg_0678-0680,25.560000,-9.8428,1.6235,94.0373,80.3766,13.6607
PEMAFC-PCA-F (K=20/20),2,periodavg_0678-0680,25.600000,-9.2451,3.2106,86.6324,80.3766,6.2558
PEMAFC-PCA-F (K=20/20),2,periodavg_0678-0680,25.653333,-8.6958,2.7241,89.4185,80.3766,9.0419
PEMAFC-PCA-F (K=20/20),2,periodavg_0678-0680,25.706667,-9.8437,1.3796,92.7306,80.3766,12.3539
PEMAFC-PCA-F (K=20/20),2,periodavg_0678-0680,25.760000,-8.9332,1.4672,94.1970,80.3766,13.8204
PEMAFC-PCA-F (K=20/20),2,periodavg_0678-0680,25.800000,-8.3204,1.2292,92.7831,80.3766,12.4065
PEMAFC-PCA-F (K=20/20),2,periodavg_0678-0680,25.853333,-9.6694,1.7038,93.7187,80.3766,13.3421
PEMAFC-PCA-F (K=20/20),2,periodavg_0678-0680,25.906667,-9.1244,2.2093,92.6832,80.3766,12.3065
PEMAFC-PCA-F (K=20/20),2,periodavg_0678-0680,25.960000,-9.3507,1.1368,93.4536,80.3766,13.0770
PEMAFC-PCA-F (K=20/20),2,periodavg_0678-0680,26.000000,-9.5486,1.3757,94.0549,80.3766,13.6783
PEMAFC-PCA-F (K=20/20),2,periodavg_0678-0680,26.053333,-9.1797,1.9631,90.9706,80.3766,10.5939
PEMAFC-PCA-F (K=20/20),2,periodavg_0678-0680,26.106667,-9.3224,1.4320,91.8121,80.3766,11.4355
PEMAFC-PCA-F (K=20/20),2,periodavg_0678-0680,26.160000,-8.7212,0.8037,88.0724,80.3766,7.6957
PEMAFC-PCA-F (K=20/20),2,periodavg_0678-0680,26.200000,-9.3020,0.9177,89.7473,80.3766,9.3707
PEMAFC-PCA-F (K=20/20),2,periodavg_0678-0680,26.253333,-9.1749,0.9701,89.4230,80.3766,9.0464
PEMAFC-PCA-F (K=20/20),2,periodavg_0678-0680,26.306667,-9.2042,2.2817,89.5586,80.3766,9.1820
PEMAFC-PCA-F (K=20/20),2,periodavg_0678-0680,26.360000,-9.5953,1.4011,90.1917,80.3766,9.8151
PEMAFC-PCA-F (K=20/20),2,periodavg_0678-0680,26.400000,-9.5696,2.9233,94.4425,80.3766,14.0659
PEMAFC-PCA-F (K=20/20),2,periodavg_0678-0680,26.453333,-8.4939,1.3954,89.7559,80.3766,9.3793
PEMAFC-PCA-F (K=20/20),2,periodavg_0678-0680,26.506667,-9.2515,1.3488,93.1658,80.3766,12.7892
PEMAFC-PCA-F (K=20/20),2,periodavg_0678-0680,26.560000,-9.1161,2.4530,92.9455,80.3766,12.5689
PEMAFC-PCA-F (K=20/20),2,periodavg_0678-0680,26.600000,-9.2359,2.0417,92.4782,80.3766,12.1016
PEMAFC-PCA-F (K=20/20),2,periodavg_0678-0680,26.653333,-9.7048,1.0026,93.6986,80.3766,13.3219
PEMAFC-PCA-F (K=20/20),2,periodavg_0678-0680,26.706667,-9.4178,1.6118,88.6885,80.3766,8.3118
PEMAFC-PCA-F (K=20/20),2,periodavg_0678-0680,26.760000,-9.9126,1.7828,91.5781,80.3766,11.2014
PEMAFC-PCA-F (K=20/20),2,periodavg_0678-0680,26.800000,-10.5709,1.8664,94.4214,80.3766,14.0448
PEMAFC-PCA-F (K=20/20),2,periodavg_0678-0680,26.853333,-9.5730,1.5635,92.7422,80.3766,12.3655
PEMAFC-PCA-F (K=20/20),2,periodavg_0678-0680,26.906667,-8.7661,2.1733,91.1627,80.3766,10.7861
PEMAFC-PCA-F (K=20/20),2,periodavg_0678-0680,26.960000,-9.3457,1.0415,94.1318,80.3766,13.7552
PEMAFC-PCA-F (K=20/20),2,periodavg_0678-0680,27.000000,-9.7203,1.4921,94.3258,80.3766,13.9492
PEMAFC-PCA-F (K=20/20),2,periodavg_0678-0680,27.053333,-8.1703,2.7784,88.6892,80.3766,8.3125
PEMAFC-PCA-F (K=20/20),2,periodavg_0678-0680,27.106667,-8.5949,1.0909,92.8467,80.3766,12.4701
PEMAFC-PCA-F (K=20/20),2,periodavg_0678-0680,27.160000,-9.4264,1.5788,90.9684,80.3766,10.5918
PEMAFC-PCA-F (K=20/20),2,periodavg_0678-0680,27.200000,-9.0974,1.1128,93.0367,80.3766,12.6601
PEMAFC-PCA-F (K=20/20),2,periodavg_0678-0680,27.253333,-8.6808,1.3745,90.0346,80.3766,9.6580
PEMAFC-PCA-F (K=20/20),2,periodavg_0678-0680,27.306667,-9.3260,1.3891,89.0702,80.3766,8.6936
PEMAFC-PCA-F (K=20/20),2,periodavg_0678-0680,27.360000,-9.4824,2.2112,88.8504,80.3766,8.4738
PEMAFC-PCA-F (K=20/20),2,periodavg_0678-0680,27.400000,-9.6215,1.8754,91.9281,80.3766,11.5514
PEMAFC-PCA-F (K=20/20),2,periodavg_0678-0680,27.453333,-9.1144,0.9416,92.7483,80.3766,12.3716
PEMAFC-PCA-F (K=20/20),2,periodavg_0678-0680,27.506667,-8.9781,1.4615,92.5971,80.3766,12.2205
PEMAFC-PCA-F (K=20/20),2,periodavg_0678-0680,27.560000,-7.6181,2.2957,89.9330,80.3766,9.5563
PEMAFC-PCA-F (K=20/20),2,periodavg_0678-0680,27.600000,-8.8367,1.0421,93.1137,80.3766,12.7370
PEMAFC-PCA-F (K=20/20),2,periodavg_0678-0680,27.653333,-9.4332,2.3566,93.9010,80.3766,13.5243
PEMAFC-PCA-F (K=20/20),2,periodavg_0678-0680,27.706667,-8.7006,0.7818,90.6691,80.3766,10.2925
PEMAFC-PCA-F (K=20/20),2,periodavg_0678-0680,27.760000,-10.3336,1.4094,93.4615,80.3766,13.0848
PEMAFC-PCA-F (K=20/20),2,periodavg_0678-0680,27.800000,-9.6858,2.0327,93.4248,80.3766,13.0482
PEMAFC-PCA-F (K=20/20),2,periodavg_0678-0680,27.853333,-8.6382,1.4305,92.0724,80.3766,11.6958
PEMAFC-PCA-F (K=20/20),2,periodavg_0678-0680,27.906667,-9.3064,1.2892,91.5526,80.3766,11.1760
PEMAFC-PCA-F (K=20/20),2,periodavg_0678-0680,27.960000,-8.2774,2.0070,92.6431,80.3766,12.2665
PEMAFC-PCA-F (K=20/20),2,periodavg_0678-0680,28.000000,-8.8190,2.3929,89.4300,80.3766,9.0534
PEMAFC-PCA-F (K=20/20),2,periodavg_0678-0680,28.053333,-8.3500,1.8998,88.4134,80.3766,8.0368
PEMAFC-PCA-F (K=20/20),2,periodavg_0678-0680,28.106667,-8.5327,2.2715,94.3924,80.3766,14.0157
PEMAFC-PCA-F (K=20/20),2,periodavg_0678-0680,28.160000,-8.9757,1.6491,93.6154,80.3766,13.2388
PEMAFC-PCA-F (K=20/20),2,periodavg_0678-0680,28.200000,-9.4794,1.6952,93.6081,80.3766,13.2315
PEMAFC-PCA-F (K=20/20),2,periodavg_0678-0680,28.253333,-9.4186,1.5433,90.2759,80.3766,9.8992
PEMAFC-PCA-F (K=20/20),2,periodavg_0678-0680,28.306667,-9.3912,2.0627,89.5727,80.3766,9.1961
PEMAFC-PCA-F (K=20/20),2,periodavg_0678-0680,28.360000,-10.3620,1.2287,93.7337,80.3766,13.3571
PEMAFC-PCA-F (K=20/20),2,periodavg_0678-0680,28.400000,-9.4922,1.0475,92.7467,80.3766,12.3701
PEMAFC-PCA-F (K=20/20),2,periodavg_0678-0680,28.453333,-9.0789,0.9052,88.2998,80.3766,7.9232
PEMAFC-PCA-F (K=20/20),2,periodavg_0678-0680,28.506667,-8.6345,1.7225,92.3625,80.3766,11.9859
PEMAFC-PCA-F (K=20/20),2,periodavg_0678-0680,28.560000,-9.5906,1.7611,92.4688,80.3766,12.0922
PEMAFC-PCA-F (K=20/20),2,periodavg_0678-0680,28.600000,-9.5077,3.0023,92.4310,80.3766,12.0543
PEMAFC-PCA-F (K=20/20),2,periodavg_0678-0680,28.653333,-7.6140,3.3987,85.1790,80.3766,4.8023
PEMAFC-PCA-F (K=20/20),2,periodavg_0678-0680,28.706667,-6.5363,2.9865,84.0302,80.3766,3.6535
PEMAFC-PCA-F (K=20/20),2,periodavg_0678-0680,28.760000,-9.4333,1.7349,93.3903,80.3766,13.0137
PEMAFC-PCA-F (K=20/20),2,periodavg_0678-0680,28.800000,-9.1877,1.4363,91.6471,80.3766,11.2705
PEMAFC-PCA-F (K=20/20),2,periodavg_0678-0680,28.853333,-7.1638,2.8165,88.2298,80.3766,7.8532
PEMAFC-PCA-F (K=20/20),2,periodavg_0678-0680,28.906667,-6.8064,2.9024,87.0457,80.3766,6.6690
PEMAFC-PCA-F (K=20/20),2,periodavg_0678-0680,28.960000,-8.7135,2.0251,86.3495,80.3766,5.9728
PEMAFC-PCA-F (K=20/20),2,periodavg_0678-0680,29.000000,-8.5912,1.9376,87.4687,80.3766,7.0920
PEMAFC-PCA-F (K=20/20),2,periodavg_0678-0680,29.053333,-8.0408,2.0076,85.3879,80.3766,5.0113
PEMAFC-PCA-F (K=20/20),2,periodavg_0678-0680,29.106667,-8.6738,1.6918,92.5291,80.3766,12.1525
PEMAFC-PCA-F (K=20/20),2,periodavg_0678-0680,29.160000,-8.3801,1.5290,86.1007,80.3766,5.7241
PEMAFC-PCA-F (K=20/20),2,periodavg_0678-0680,29.200000,-9.3291,2.4129,92.9469,80.3766,12.5702
PEMAFC-PCA-F (K=20/20),2,periodavg_0678-0680,29.253333,-7.6329,1.9337,90.3815,80.3766,10.0049
PEMAFC-PCA-F (K=20/20),2,periodavg_0678-0680,29.306667,-7.6905,2.5499,92.0757,80.3766,11.6990
PEMAFC-PCA-F (K=20/20),2,periodavg_0678-0680,29.360000,-9.3085,0.8812,92.7489,80.3766,12.3722
PEMAFC-PCA-F (K=20/20),2,periodavg_0678-0680,29.400000,-9.0842,1.4379,93.1241,80.3766,12.7475
PEMAFC-PCA-F (K=20/20),2,periodavg_0678-0680,29.453333,-9.4985,1.9688,91.2213,80.3766,10.8447
PEMAFC-PCA-F (K=20/20),2,periodavg_0678-0680,29.506667,-9.3592,1.3558,92.5874,80.3766,12.2108
PEMAFC-PCA-F (K=20/20),2,periodavg_0678-0680,29.560000,-10.5601,1.2495,94.7099,80.3766,14.3333
PEMAFC-PCA-F (K=20/20),2,periodavg_0678-0680,29.600000,-9.6310,1.3151,89.4578,80.3766,9.0812
PEMAFC-PCA-F (K=20/20),2,periodavg_0678-0680,29.653333,-8.5450,1.5688,88.5429,80.3766,8.1662
PEMAFC-PCA-F (K=20/20),2,periodavg_0678-0680,29.706667,-8.3819,2.6069,89.9100,80.3766,9.5333
PEMAFC-PCA-F (K=20/20),2,periodavg_0678-0680,29.760000,-8.7671,1.3861,90.1068,80.3766,9.7302
PEMAFC-PCA-F (K=20/20),2,periodavg_0678-0680,29.800000,-10.0083,1.8321,94.6569,80.3766,14.2803
PEMAFC-PCA-F (K=20/20),2,periodavg_0678-0680,29.853333,-9.0109,1.8185,93.4332,80.3766,13.0566
PEMAFC-PCA-F (K=20/20),2,periodavg_0678-0680,29.906667,-9.8241,1.9399,91.9054,80.3766,11.5288
PEMAFC-PCA-F (K=20/20),2,periodavg_0678-0680,29.960000,-7.9498,1.9270,85.9391,80.3766,5.5625
PEMAFC-PCA-F (K=20/20),2,periodavg_0678-0680,30.000000,-8.8048,1.7078,92.1138,80.3766,11.7372
PEMAFC-PCA-F (K=20/20),3,periodavg_0927-0929,30.013333,-3.4226,-0.0973,79.8494,77.8076,2.0418
PEMAFC-PCA-F (K=20/20),3,periodavg_0927-0929,30.053333,-8.3338,3.9457,83.8712,77.8076,6.0636
PEMAFC-PCA-F (K=20/20),3,periodavg_0927-0929,30.106667,-14.7000,5.8476,90.1173,77.8076,12.3097
PEMAFC-PCA-F (K=20/20),3,periodavg_0927-0929,30.160000,-15.1319,6.7925,90.2131,77.8076,12.4055
PEMAFC-PCA-F (K=20/20),3,periodavg_0927-0929,30.200000,-18.2929,3.8441,95.4372,77.8076,17.6296
PEMAFC-PCA-F (K=20/20),3,periodavg_0927-0929,30.253333,-19.7487,6.4232,95.1840,77.8076,17.3764
PEMAFC-PCA-F (K=20/20),3,periodavg_0927-0929,30.306667,-19.4825,7.1445,99.1604,77.8076,21.3528
PEMAFC-PCA-F (K=20/20),3,periodavg_0927-0929,30.360000,-18.7185,7.1178,96.5024,77.8076,18.6948
PEMAFC-PCA-F (K=20/20),3,periodavg_0927-0929,30.400000,-19.8185,6.3808,93.3415,77.8076,15.5339
PEMAFC-PCA-F (K=20/20),3,periodavg_0927-0929,30.453333,-19.7908,4.9579,93.5659,77.8076,15.7583
PEMAFC-PCA-F (K=20/20),3,periodavg_0927-0929,30.506667,-19.4141,6.8197,90.0584,77.8076,12.2508
PEMAFC-PCA-F (K=20/20),3,periodavg_0927-0929,30.560000,-20.2869,4.8902,89.5902,77.8076,11.7826
PEMAFC-PCA-F (K=20/20),3,periodavg_0927-0929,30.600000,-20.8146,3.8846,95.9657,77.8076,18.1581
PEMAFC-PCA-F (K=20/20),3,periodavg_0927-0929,30.653333,-19.8995,7.0084,98.0597,77.8076,20.2521
PEMAFC-PCA-F (K=20/20),3,periodavg_0927-0929,30.706667,-21.3410,6.1111,95.5417,77.8076,17.7341
PEMAFC-PCA-F (K=20/20),3,periodavg_0927-0929,30.760000,-20.5544,8.2748,93.6824,77.8076,15.8748
PEMAFC-PCA-F (K=20/20),3,periodavg_0927-0929,30.800000,-20.3701,6.4934,95.4441,77.8076,17.6365
PEMAFC-PCA-F (K=20/20),3,periodavg_0927-0929,30.853333,-20.0784,6.1201,97.3883,77.8076,19.5807
PEMAFC-PCA-F (K=20/20),3,periodavg_0927-0929,30.906667,-20.5273,6.3459,93.7814,77.8076,15.9738
PEMAFC-PCA-F (K=20/20),3,periodavg_0927-0929,30.960000,-20.8290,7.5602,94.7330,77.8076,16.9254
PEMAFC-PCA-F (K=20/20),3,periodavg_0927-0929,31.000000,-18.7853,8.5649,89.8664,77.8076,12.0588
PEMAFC-PCA-F (K=20/20),3,periodavg_0927-0929,31.053333,-21.3507,4.1729,95.2473,77.8076,17.4397
PEMAFC-PCA-F (K=20/20),3,periodavg_0927-0929,31.106667,-21.3249,6.6361,94.4839,77.8076,16.6763
PEMAFC-PCA-F (K=20/20),3,periodavg_0927-0929,31.160000,-20.8104,6.9426,93.5417,77.8076,15.7341
PEMAFC-PCA-F (K=20/20),3,periodavg_0927-0929,31.200000,-19.3484,6.6303,97.1736,77.8076,19.3660
PEMAFC-PCA-F (K=20/20),3,periodavg_0927-0929,31.253333,-19.5582,6.1427,93.3912,77.8076,15.5836
PEMAFC-PCA-F (K=20/20),3,periodavg_0927-0929,31.306667,-21.2469,5.2870,96.3963,77.8076,18.5887
PEMAFC-PCA-F (K=20/20),3,periodavg_0927-0929,31.360000,-20.2543,6.0675,93.2903,77.8076,15.4827
PEMAFC-PCA-F (K=20/20),3,periodavg_0927-0929,31.400000,-20.8917,7.0623,94.4215,77.8076,16.6139
PEMAFC-PCA-F (K=20/20),3,periodavg_0927-0929,31.453333,-20.6722,6.8611,96.4913,77.8076,18.6837
PEMAFC-PCA-F (K=20/20),3,periodavg_0927-0929,31.506667,-20.8081,7.2455,97.0438,77.8076,19.2362
PEMAFC-PCA-F (K=20/20),3,periodavg_0927-0929,31.560000,-20.8707,6.1933,98.0509,77.8076,20.2433
PEMAFC-PCA-F (K=20/20),3,periodavg_0927-0929,31.600000,-20.7450,7.0066,95.4200,77.8076,17.6124
PEMAFC-PCA-F (K=20/20),3,periodavg_0927-0929,31.653333,-20.5964,8.0231,94.6706,77.8076,16.8630
PEMAFC-PCA-F (K=20/20),3,periodavg_0927-0929,31.706667,-20.8498,8.1381,95.0149,77.8076,17.2073
PEMAFC-PCA-F (K=20/20),3,periodavg_0927-0929,31.760000,-20.9839,7.1560,95.7512,77.8076,17.9436
PEMAFC-PCA-F (K=20/20),3,periodavg_0927-0929,31.800000,-21.0605,8.2328,94.2709,77.8076,16.4633
PEMAFC-PCA-F (K=20/20),3,periodavg_0927-0929,31.853333,-20.8778,6.6492,94.8236,77.8076,17.0160
PEMAFC-PCA-F (K=20/20),3,periodavg_0927-0929,31.906667,-19.2723,6.1596,88.0491,77.8076,10.2415
PEMAFC-PCA-F (K=20/20),3,periodavg_0927-0929,31.960000,-20.4211,6.5206,91.6763,77.8076,13.8687
PEMAFC-PCA-F (K=20/20),3,periodavg_0927-0929,32.000000,-19.5175,6.1857,94.2760,77.8076,16.4684
PEMAFC-PCA-F (K=20/20),3,periodavg_0927-0929,32.053333,-20.5344,5.3226,96.2075,77.8076,18.3999
PEMAFC-PCA-F (K=20/20),3,periodavg_0927-0929,32.106667,-20.2495,5.5751,93.7846,77.8076,15.9770
PEMAFC-PCA-F (K=20/20),3,periodavg_0927-0929,32.160000,-21.1628,6.8431,98.2534,77.8076,20.4458
PEMAFC-PCA-F (K=20/20),3,periodavg_0927-0929,32.200000,-20.0661,6.6886,88.4353,77.8076,10.6277
PEMAFC-PCA-F (K=20/20),3,periodavg_0927-0929,32.253333,-20.1478,5.8888,94.9041,77.8076,17.0965
PEMAFC-PCA-F (K=20/20),3,periodavg_0927-0929,32.306667,-21.3366,6.5732,95.0702,77.8076,17.2626
PEMAFC-PCA-F (K=20/20),3,periodavg_0927-0929,32.360000,-19.7837,7.6843,91.6998,77.8076,13.8922
PEMAFC-PCA-F (K=20/20),3,periodavg_0927-0929,32.400000,-20.4447,5.3247,92.4818,77.8076,14.6742
PEMAFC-PCA-F (K=20/20),3,periodavg_0927-0929,32.453333,-20.6490,4.9404,95.5229,77.8076,17.7153
PEMAFC-PCA-F (K=20/20),3,periodavg_0927-0929,32.506667,-20.8244,5.8778,94.4793,77.8076,16.6717
PEMAFC-PCA-F (K=20/20),3,periodavg_0927-0929,32.560000,-20.6173,4.2845,96.1651,77.8076,18.3575
PEMAFC-PCA-F (K=20/20),3,periodavg_0927-0929,32.600000,-20.7060,7.3612,94.1521,77.8076,16.3445
PEMAFC-PCA-F (K=20/20),3,periodavg_0927-0929,32.653333,-19.6369,6.1441,96.0645,77.8076,18.2569
PEMAFC-PCA-F (K=20/20),3,periodavg_0927-0929,32.706667,-20.8057,7.5874,93.7310,77.8076,15.9234
PEMAFC-PCA-F (K=20/20),3,periodavg_0927-0929,32.760000,-20.5863,6.0397,90.7704,77.8076,12.9627
PEMAFC-PCA-F (K=20/20),3,periodavg_0927-0929,32.800000,-19.4143,5.1944,92.5483,77.8076,14.7407
PEMAFC-PCA-F (K=20/20),3,periodavg_0927-0929,32.853333,-20.2822,7.4515,91.8889,77.8076,14.0813
PEMAFC-PCA-F (K=20/20),3,periodavg_0927-0929,32.906667,-19.8432,5.3646,91.9107,77.8076,14.1031
PEMAFC-PCA-F (K=20/20),3,periodavg_0927-0929,32.960000,-20.0530,5.2648,93.6163,77.8076,15.8087
PEMAFC-PCA-F (K=20/20),3,periodavg_0927-0929,33.000000,-20.5687,5.9137,90.2862,77.8076,12.4786
PEMAFC-PCA-F (K=20/20),3,periodavg_0927-0929,33.053333,-20.7340,8.0259,94.5690,77.8076,16.7614
PEMAFC-PCA-F (K=20/20),3,periodavg_0927-0929,33.106667,-19.3160,7.6003,93.5278,77.8076,15.7202
PEMAFC-PCA-F (K=20/20),3,periodavg_0927-0929,33.160000,-20.0395,6.5850,93.4802,77.8076,15.6726
PEMAFC-PCA-F (K=20/20),3,periodavg_0927-0929,33.200000,-20.9854,7.1952,94.7851,77.8076,16.9775
PEMAFC-PCA-F (K=20/20),3,periodavg_0927-0929,33.253333,-21.2253,7.5299,97.7900,77.8076,19.9824
PEMAFC-PCA-F (K=20/20),3,periodavg_0927-0929,33.306667,-20.5912,6.8802,95.9994,77.8076,18.1918
PEMAFC-PCA-F (K=20/20),3,periodavg_0927-0929,33.360000,-20.5143,7.3811,92.6173,77.8076,14.8097
PEMAFC-PCA-F (K=20/20),3,periodavg_0927-0929,33.400000,-19.4621,6.4673,89.8744,77.8076,12.0668
PEMAFC-PCA-F (K=20/20),3,periodavg_0927-0929,33.453333,-21.2549,6.0788,97.0376,77.8076,19.2300
PEMAFC-PCA-F (K=20/20),3,periodavg_0927-0929,33.506667,-19.6624,7.1677,94.6665,77.8076,16.8589
PEMAFC-PCA-F (K=20/20),3,periodavg_0927-0929,33.560000,-19.9014,7.1500,93.3940,77.8076,15.5864
PEMAFC-PCA-F (K=20/20),3,periodavg_0927-0929,33.600000,-17.7259,6.4194,94.1176,77.8076,16.3100
PEMAFC-PCA-F (K=20/20),3,periodavg_0927-0929,33.653333,-20.3078,4.4685,96.0391,77.8076,18.2315
PEMAFC-PCA-F (K=20/20),3,periodavg_0927-0929,33.706667,-20.8037,6.9791,96.4105,77.8076,18.6029
PEMAFC-PCA-F (K=20/20),3,periodavg_0927-0929,33.760000,-18.3179,6.5456,97.0155,77.8076,19.2079
PEMAFC-PCA-F (K=20/20),3,periodavg_0927-0929,33.800000,-20.8167,5.6071,99.2819,77.8076,21.4743
PEMAFC-PCA-F (K=20/20),3,periodavg_0927-0929,33.853333,-19.4536,5.9156,95.0187,77.8076,17.2111
PEMAFC-PCA-F (K=20/20),3,periodavg_0927-0929,33.906667,-20.7309,6.0420,95.8702,77.8076,18.0626
PEMAFC-PCA-F (K=20/20),3,periodavg_0927-0929,33.960000,-20.8811,5.2294,94.6838,77.8076,16.8762
PEMAFC-PCA-F (K=20/20),3,periodavg_0927-0929,34.000000,-20.9375,7.8763,94.2221,77.8076,16.4145
PEMAFC-PCA-F (K=20/20),3,periodavg_0927-0929,34.053333,-20.9549,6.7809,96.4777,77.8076,18.6701
PEMAFC-PCA-F (K=20/20),3,periodavg_0927-0929,34.106667,-20.8348,7.9204,94.2332,77.8076,16.4256
PEMAFC-PCA-F (K=20/20),3,periodavg_0927-0929,34.160000,-20.2578,6.8292,90.3079,77.8076,12.5003
PEMAFC-PCA-F (K=20/20),3,periodavg_0927-0929,34.200000,-20.7609,6.6662,96.7408,77.8076,18.9332
PEMAFC-PCA-F (K=20/20),3,periodavg_0927-0929,34.253333,-20.1713,7.0806,93.8051,77.8076,15.9975
PEMAFC-PCA-F (K=20/20),3,periodavg_0927-0929,34.306667,-21.1640,4.9432,95.9568,77.8076,18.1492
PEMAFC-PCA-F (K=20/20),3,periodavg_0927-0929,34.360000,-20.9805,8.1647,95.5629,77.8076,17.7553
PEMAFC-PCA-F (K=20/20),3,periodavg_0927-0929,34.400000,-18.9630,4.5645,93.4400,77.8076,15.6324
PEMAFC-PCA-F (K=20/20),3,periodavg_0927-0929,34.453333,-20.5085,5.7994,91.8305,77.8076,14.0229
PEMAFC-PCA-F (K=20/20),3,periodavg_0927-0929,34.506667,-19.7371,6.5585,94.5620,77.8076,16.7544
PEMAFC-PCA-F (K=20/20),3,periodavg_0927-0929,34.560000,-20.4632,6.8719,93.6911,77.8076,15.8835
PEMAFC-PCA-F (K=20/20),3,periodavg_0927-0929,34.600000,-20.6298,7.8275,94.3670,77.8076,16.5594
PEMAFC-PCA-F (K=20/20),3,periodavg_0927-0929,34.653333,-20.6652,7.8585,95.9302,77.8076,18.1226
PEMAFC-PCA-F (K=20/20),3,periodavg_0927-0929,34.706667,-21.0317,6.7900,93.5485,77.8076,15.7409
PEMAFC-PCA-F (K=20/20),3,periodavg_0927-0929,34.760000,-19.8650,8.5323,94.7192,77.8076,16.9116
PEMAFC-PCA-F (K=20/20),3,periodavg_0927-0929,34.800000,-21.1323,6.4511,94.2409,77.8076,16.4333
PEMAFC-PCA-F (K=20/20),3,periodavg_0927-0929,34.853333,-20.5250,7.2330,94.5120,77.8076,16.7044
PEMAFC-PCA-F (K=20/20),3,periodavg_0927-0929,34.906667,-20.9045,6.7414,96.0091,77.8076,18.2015
PEMAFC-PCA-F (K=20/20),3,periodavg_0927-0929,34.960000,-21.2895,7.1133,97.0964,77.8076,19.2888
PEMAFC-PCA-F (K=20/20),3,periodavg_0927-0929,35.000000,-20.8379,7.0418,94.3048,77.8076,16.4972
PEMAFC-PCA-F (K=20/20),3,periodavg_0927-0929,35.053333,-20.6421,7.2078,93.1460,77.8076,15.3384
PEMAFC-PCA-F (K=20/20),3,periodavg_0927-0929,35.106667,-20.0770,4.9581,89.6099,77.8076,11.8023
PEMAFC-PCA-F (K=20/20),3,periodavg_0927-0929,35.160000,-20.8216,6.8378,90.9622,77.8076,13.1546
PEMAFC-PCA-F (K=20/20),3,periodavg_0927-0929,35.200000,-21.1123,6.0731,93.2046,77.8076,15.3970
PEMAFC-PCA-F (K=20/20),3,periodavg_0927-0929,35.253333,-19.8009,5.9004,94.4874,77.8076,16.6798
PEMAFC-PCA-F (K=20/20),3,periodavg_0927-0929,35.306667,-20.2805,6.4351,93.9625,77.8076,16.1549
PEMAFC-PCA-F (K=20/20),3,periodavg_0927-0929,35.360000,-21.0949,7.8615,94.1847,77.8076,16.3771
PEMAFC-PCA-F (K=20/20),3,periodavg_0927-0929,35.400000,-20.9717,6.8658,93.3894,77.8076,15.5818
PEMAFC-PCA-F (K=20/20),3,periodavg_0927-0929,35.453333,-20.3609,6.0099,95.6910,77.8076,17.8834
PEMAFC-PCA-F (K=20/20),3,periodavg_0927-0929,35.506667,-20.9704,7.7958,94.1455,77.8076,16.3379
PEMAFC-PCA-F (K=20/20),3,periodavg_0927-0929,35.560000,-20.4046,7.1538,92.3595,77.8076,14.5519
PEMAFC-PCA-F (K=20/20),3,periodavg_0927-0929,35.600000,-19.5724,4.1267,97.8419,77.8076,20.0343
PEMAFC-PCA-F (K=20/20),3,periodavg_0927-0929,35.653333,-20.5604,5.5956,96.5572,77.8076,18.7496
PEMAFC-PCA-F (K=20/20),3,periodavg_0927-0929,35.706667,-21.2121,5.1554,94.7217,77.8076,16.9141
PEMAFC-PCA-F (K=20/20),3,periodavg_0927-0929,35.760000,-20.1238,7.7948,91.7601,77.8076,13.9525
PEMAFC-PCA-F (K=20/20),3,periodavg_0927-0929,35.800000,-20.3526,6.9348,95.8505,77.8076,18.0429
PEMAFC-PCA-F (K=20/20),3,periodavg_0927-0929,35.853333,-17.1450,6.7431,89.1597,77.8076,11.3521
PEMAFC-PCA-F (K=20/20),3,periodavg_0927-0929,35.906667,-20.4151,5.4240,97.8230,77.8076,20.0154
PEMAFC-PCA-F (K=20/20),3,periodavg_0927-0929,35.960000,-20.8877,5.7664,94.8075,77.8076,16.9999
PEMAFC-PCA-F (K=20/20),3,periodavg_0927-0929,36.000000,-20.7866,5.5985,95.2829,77.8076,17.4753
PEMAFC-PCA-F (K=20/20),3,periodavg_0927-0929,36.053333,-21.1174,7.7334,94.7360,77.8076,16.9284
PEMAFC-PCA-F (K=20/20),3,periodavg_0927-0929,36.106667,-20.9698,6.4306,96.4760,77.8076,18.6684
PEMAFC-PCA-F (K=20/20),3,periodavg_0927-0929,36.160000,-20.8112,5.9628,92.1805,77.8076,14.3729
PEMAFC-PCA-F (K=20/20),3,periodavg_0927-0929,36.200000,-21.2199,6.7403,95.7662,77.8076,17.9586
PEMAFC-PCA-F (K=20/20),3,periodavg_0927-0929,36.253333,-21.0531,6.8220,95.9683,77.8076,18.1607
PEMAFC-PCA-F (K=20/20),3,periodavg_0927-0929,36.306667,-20.7242,6.3288,93.4401,77.8076,15.6325
PEMAFC-PCA-F (K=20/20),3,periodavg_0927-0929,36.360000,-19.6247,6.8804,91.1562,77.8076,13.3486
PEMAFC-PCA-F (K=20/20),3,periodavg_0927-0929,36.400000,-20.0112,6.5168,91.9626,77.8076,14.1550
PEMAFC-PCA-F (K=20/20),3,periodavg_0927-0929,36.453333,-20.2453,9.0732,92.9006,77.8076,15.0930
PEMAFC-PCA-F (K=20/20),3,periodavg_0927-0929,36.506667,-20.7571,6.3753,95.8675,77.8076,18.0599
PEMAFC-PCA-F (K=20/20),3,periodavg_0927-0929,36.560000,-20.1874,7.7932,92.0097,77.8076,14.2021
PEMAFC-PCA-F (K=20/20),3,periodavg_0927-0929,36.600000,-20.6094,6.5655,93.1496,77.8076,15.3420
PEMAFC-PCA-F (K=20/20),3,periodavg_0927-0929,36.653333,-19.1816,5.9350,92.8455,77.8076,15.0379
PEMAFC-PCA-F (K=20/20),3,periodavg_0927-0929,36.706667,-19.9693,5.7336,88.8037,77.8076,10.9961
PEMAFC-PCA-F (K=20/20),3,periodavg_0927-0929,36.760000,-19.6048,6.1058,88.0519,77.8076,10.2443
PEMAFC-PCA-F (K=20/20),3,periodavg_0927-0929,36.800000,-20.4069,4.4975,92.8235,77.8076,15.0159
PEMAFC-PCA-F (K=20/20),3,periodavg_0927-0929,36.853333,-19.5140,6.8115,90.2571,77.8076,12.4495
PEMAFC-PCA-F (K=20/20),3,periodavg_0927-0929,36.906667,-20.2512,6.3376,93.4805,77.8076,15.6729
PEMAFC-PCA-F (K=20/20),3,periodavg_0927-0929,36.960000,-17.4120,6.7816,93.4117,77.8076,15.6041
PEMAFC-PCA-F (K=20/20),3,periodavg_0927-0929,37.000000,-19.9915,5.6867,92.8923,77.8076,15.0847
PEMAFC-PCA-F (K=20/20),3,periodavg_0927-0929,37.053333,-21.4170,6.7715,95.0943,77.8076,17.2867
PEMAFC-PCA-F (K=20/20),3,periodavg_0927-0929,37.106667,-21.1785,7.8981,94.3249,77.8076,16.5173
PEMAFC-PCA-F (K=20/20),3,periodavg_0927-0929,37.160000,-21.3514,6.3194,97.7034,77.8076,19.8958
PEMAFC-PCA-F (K=20/20),3,periodavg_0927-0929,37.200000,-20.6417,5.6853,94.9446,77.8076,17.1370
PEMAFC-PCA-F (K=20/20),3,periodavg_0927-0929,37.253333,-20.7289,6.3761,91.6264,77.8076,13.8188
PEMAFC-PCA-F (K=20/20),3,periodavg_0927-0929,37.306667,-20.9284,7.7174,94.0795,77.8076,16.2719
PEMAFC-PCA-F (K=20/20),3,periodavg_0927-0929,37.360000,-20.0227,6.0740,92.8594,77.8076,15.0518
PEMAFC-PCA-F (K=20/20),3,periodavg_0927-0929,37.400000,-19.6641,6.7031,87.8970,77.8076,10.0894
PEMAFC-PCA-F (K=20/20),3,periodavg_0927-0929,37.453333,-21.0009,5.1550,96.2497,77.8076,18.4421
PEMAFC-PCA-F (K=20/20),3,periodavg_0927-0929,37.506667,-19.8290,4.5297,89.0066,77.8076,11.1990
PEMAFC-PCA-F (K=20/20),3,periodavg_0927-0929,37.560000,-19.5096,6.8048,89.2663,77.8076,11.4587
PEMAFC-PCA-F (K=20/20),3,periodavg_0927-0929,37.600000,-20.4160,5.5405,91.3876,77.8076,13.5800
PEMAFC-PCA-F (K=20/20),3,periodavg_0927-0929,37.653333,-19.2422,5.5707,92.3623,77.8076,14.5547
PEMAFC-PCA-F (K=20/20),3,periodavg_0927-0929,37.706667,-20.0554,6.6169,94.8293,77.8076,17.0217
PEMAFC-PCA-F (K=20/20),3,periodavg_0927-0929,37.760000,-20.0642,5.3851,95.2586,77.8076,17.4510
PEMAFC-PCA-F (K=20/20),3,periodavg_0927-0929,37.800000,-19.9572,8.2079,93.4290,77.8076,15.6214
PEMAFC-PCA-F (K=20/20),3,periodavg_0927-0929,37.853333,-19.5442,6.8615,94.3175,77.8076,16.5099
PEMAFC-PCA-F (K=20/20),3,periodavg_0927-0929,37.906667,-18.4212,5.8822,85.8023,77.8076,7.9947
PEMAFC-PCA-F (K=20/20),3,periodavg_0927-0929,37.960000,-20.8083,6.1476,97.2076,77.8076,19.4000
PEMAFC-PCA-F (K=20/20),3,periodavg_0927-0929,38.000000,-20.4896,8.4541,94.0913,77.8076,16.2837
PEMAFC-PCA-F (K=20/20),3,periodavg_0927-0929,38.053333,-17.8938,7.0821,94.0589,77.8076,16.2513
PEMAFC-PCA-F (K=20/20),3,periodavg_0927-0929,38.106667,-19.9060,5.3367,92.7020,77.8076,14.8944
PEMAFC-PCA-F (K=20/20),3,periodavg_0927-0929,38.160000,-21.1069,6.7505,94.2335,77.8076,16.4259
PEMAFC-PCA-F (K=20/20),3,periodavg_0927-0929,38.200000,-20.9294,6.0557,95.4786,77.8076,17.6710
PEMAFC-PCA-F (K=20/20),3,periodavg_0927-0929,38.253333,-21.0571,6.7999,94.7635,77.8076,16.9559
PEMAFC-PCA-F (K=20/20),3,periodavg_0927-0929,38.306667,-20.6192,7.8417,96.4834,77.8076,18.6758
PEMAFC-PCA-F (K=20/20),3,periodavg_0927-0929,38.360000,-19.9502,5.7015,91.9973,77.8076,14.1897
PEMAFC-PCA-F (K=20/20),3,periodavg_0927-0929,38.400000,-18.9032,6.4966,91.6520,77.8076,13.8444
PEMAFC-PCA-F (K=20/20),3,periodavg_0927-0929,38.453333,-21.0710,6.4172,95.5919,77.8076,17.7843
PEMAFC-PCA-F (K=20/20),3,periodavg_0927-0929,38.506667,-19.9253,4.9877,89.5672,77.8076,11.7596
PEMAFC-PCA-F (K=20/20),3,periodavg_0927-0929,38.560000,-18.6815,5.8639,87.4919,77.8076,9.6843
PEMAFC-PCA-F (K=20/20),3,periodavg_0927-0929,38.600000,-20.7210,4.7645,93.3851,77.8076,15.5775
PEMAFC-PCA-F (K=20/20),3,periodavg_0927-0929,38.653333,-20.4094,7.3198,93.3911,77.8076,15.5835
PEMAFC-PCA-F (K=20/20),3,periodavg_0927-0929,38.706667,-19.9218,5.6267,90.9454,77.8076,13.1378
PEMAFC-PCA-F (K=20/20),3,periodavg_0927-0929,38.760000,-20.8788,6.4549,94.3148,77.8076,16.5072
PEMAFC-PCA-F (K=20/20),3,periodavg_0927-0929,38.800000,-20.6975,8.6243,92.3451,77.8076,14.5375
PEMAFC-PCA-F (K=20/20),3,periodavg_0927-0929,38.853333,-19.7767,5.1128,90.0438,77.8076,12.2362
PEMAFC-PCA-F (K=20/20),3,periodavg_0927-0929,38.906667,-20.4426,6.6477,93.0010,77.8076,15.1934
PEMAFC-PCA-F (K=20/20),3,periodavg_0927-0929,38.960000,-20.9533,6.5983,95.4422,77.8076,17.6346
PEMAFC-PCA-F (K=20/20),3,periodavg_0927-0929,39.000000,-20.9372,7.8555,94.7709,77.8076,16.9633
PEMAFC-PCA-F (K=20/20),3,periodavg_0927-0929,39.053333,-19.6168,8.0666,88.1974,77.8076,10.3898
PEMAFC-PCA-F (K=20/20),3,periodavg_0927-0929,39.106667,-19.7245,6.2845,97.4514,77.8076,19.6438
PEMAFC-PCA-F (K=20/20),3,periodavg_0927-0929,39.160000,-18.6138,5.9524,85.5606,77.8076,7.7530
PEMAFC-PCA-F (K=20/20),3,periodavg_0927-0929,39.200000,-18.4144,6.1194,86.3806,77.8076,8.5730
PEMAFC-PCA-F (K=20/20),3,periodavg_0927-0929,39.253333,-20.4064,5.4193,95.8541,77.8076,18.0465
PEMAFC-PCA-F (K=20/20),3,periodavg_0927-0929,39.306667,-21.0782,6.3278,95.2382,77.8076,17.4306
PEMAFC-PCA-F (K=20/20),3,periodavg_0927-0929,39.360000,-21.2697,7.2644,96.2729,77.8076,18.4653
PEMAFC-PCA-F (K=20/20),3,periodavg_0927-0929,39.400000,-20.0353,5.9705,89.7778,77.8076,11.9702
PEMAFC-PCA-F (K=20/20),3,periodavg_0927-0929,39.453333,-18.6725,5.7291,92.4458,77.8076,14.6382
PEMAFC-PCA-F (K=20/20),3,periodavg_0927-0929,39.506667,-20.7327,5.4364,94.5770,77.8076,16.7694
PEMAFC-PCA-F (K=20/20),3,periodavg_0927-0929,39.560000,-20.0240,7.7892,92.2262,77.8076,14.4186
PEMAFC-PCA-F (K=20/20),3,periodavg_0927-0929,39.600000,-19.5003,5.9800,96.5186,77.8076,18.7110
PEMAFC-PCA-F (K=20/20),3,periodavg_0927-0929,39.653333,-19.5837,4.9580,90.6431,77.8076,12.8355
PEMAFC-PCA-F (K=20/20),3,periodavg_0927-0929,39.706667,-19.9303,6.6615,92.9558,77.8076,15.1482
PEMAFC-PCA-F (K=20/20),3,periodavg_0927-0929,39.760000,-20.5049,6.3881,92.6676,77.8076,14.8600
PEMAFC-PCA-F (K=20/20),3,periodavg_0927-0929,39.800000,-20.6491,7.3285,92.6689,77.8076,14.8613
PEMAFC-PCA-F (K=20/20),3,periodavg_0927-0929,39.853333,-20.3073,8.0290,92.2903,77.8076,14.4827
PEMAFC-PCA-F (K=20/20),3,periodavg_0927-0929,39.906667,-19.6556,5.2421,92.0323,77.8076,14.2247
PEMAFC-PCA-F (K=20/20),3,periodavg_0927-0929,39.960000,-19.1088,6.2868,88.1708,77.8076,10.3632
PEMAFC-PCA-F (K=20/20),3,periodavg_0927-0929,40.000000,-20.5894,5.2316,92.2137,77.8076,14.4061
PEMAFC-PCA-F (K=20/20),4,periodavg_0873-0875,40.013333,-13.7237,0.1345,85.3442,78.8996,6.4446
PEMAFC-PCA-F (K=20/20),4,periodavg_0873-0875,40.053333,-18.0442,4.4020,90.2698,78.8996,11.3702
PEMAFC-PCA-F (K=20/20),4,periodavg_0873-0875,40.106667,-19.5949,6.4308,97.1266,78.8996,18.2270
PEMAFC-PCA-F (K=20/20),4,periodavg_0873-0875,40.160000,-19.2178,3.8712,96.9675,78.8996,18.0679
PEMAFC-PCA-F (K=20/20),4,periodavg_0873-0875,40.200000,-19.1057,6.8066,96.0053,78.8996,17.1057
PEMAFC-PCA-F (K=20/20),4,periodavg_0873-0875,40.253333,-19.9065,4.2484,98.8880,78.8996,19.9884
PEMAFC-PCA-F (K=20/20),4,periodavg_0873-0875,40.306667,-19.0977,5.9327,94.8960,78.8996,15.9964
PEMAFC-PCA-F (K=20/20),4,periodavg_0873-0875,40.360000,-18.0793,4.6577,90.3841,78.8996,11.4845
PEMAFC-PCA-F (K=20/20),4,periodavg_0873-0875,40.400000,-18.9909,8.3338,94.6473,78.8996,15.7477
PEMAFC-PCA-F (K=20/20),4,periodavg_0873-0875,40.453333,-18.0273,4.9017,89.0153,78.8996,10.1157
PEMAFC-PCA-F (K=20/20),4,periodavg_0873-0875,40.506667,-19.4339,5.4423,97.3422,78.8996,18.4426
PEMAFC-PCA-F (K=20/20),4,periodavg_0873-0875,40.560000,-17.9472,6.2276,96.1468,78.8996,17.2472
PEMAFC-PCA-F (K=20/20),4,periodavg_0873-0875,40.600000,-18.1165,4.9901,90.1493,78.8996,11.2497
PEMAFC-PCA-F (K=20/20),4,periodavg_0873-0875,40.653333,-18.7702,6.0552,90.9957,78.8996,12.0961
PEMAFC-PCA-F (K=20/20),4,periodavg_0873-0875,40.706667,-16.8532,4.5420,85.0271,78.8996,6.1275
PEMAFC-PCA-F (K=20/20),4,periodavg_0873-0875,40.760000,-19.4205,5.1132,98.1481,78.8996,19.2485
PEMAFC-PCA-F (K=20/20),4,periodavg_0873-0875,40.800000,-18.7533,7.2264,93.0724,78.8996,14.1728
PEMAFC-PCA-F (K=20/20),4,periodavg_0873-0875,40.853333,-17.9189,6.0435,88.2076,78.8996,9.3080
PEMAFC-PCA-F (K=20/20),4,periodavg_0873-0875,40.906667,-18.8782,4.9639,90.4313,78.8996,11.5317
PEMAFC-PCA-F (K=20/20),4,periodavg_0873-0875,40.960000,-18.7969,5.1412,95.2825,78.8996,16.3829
PEMAFC-PCA-F (K=20/20),4,periodavg_0873-0875,41.000000,-18.2505,5.9057,98.7195,78.8996,19.8199
PEMAFC-PCA-F (K=20/20),4,periodavg_0873-0875,41.053333,-17.1960,5.3817,87.8566,78.8996,8.9570
PEMAFC-PCA-F (K=20/20),4,periodavg_0873-0875,41.106667,-19.2224,5.2924,96.4858,78.8996,17.5862
PEMAFC-PCA-F (K=20/20),4,periodavg_0873-0875,41.160000,-15.8585,5.6290,96.4921,78.8996,17.5925
PEMAFC-PCA-F (K=20/20),4,periodavg_0873-0875,41.200000,-16.8309,5.8940,96.5476,78.8996,17.6480
PEMAFC-PCA-F (K=20/20),4,periodavg_0873-0875,41.253333,-15.1357,5.1651,87.2976,78.8996,8.3980
PEMAFC-PCA-F (K=20/20),4,periodavg_0873-0875,41.306667,-18.9959,3.6364,91.7905,78.8996,12.8909
PEMAFC-PCA-F (K=20/20),4,periodavg_0873-0875,41.360000,-18.1490,5.0249,91.7869,78.8996,12.8873
PEMAFC-PCA-F (K=20/20),4,periodavg_0873-0875,41.400000,-19.7733,6.2055,98.1557,78.8996,19.2561
PEMAFC-PCA-F (K=20/20),4,periodavg_0873-0875,41.453333,-19.9978,5.7561,97.7324,78.8996,18.8328
PEMAFC-PCA-F (K=20/20),4,periodavg_0873-0875,41.506667,-19.2298,3.6719,94.1149,78.8996,15.2153
PEMAFC-PCA-F (K=20/20),4,periodavg_0873-0875,41.560000,-18.9095,4.9710,98.2024,78.8996,19.3028
PEMAFC-PCA-F (K=20/20),4,periodavg_0873-0875,41.600000,-18.5863,4.5882,98.9177,78.8996,20.0181
PEMAFC-PCA-F (K=20/20),4,periodavg_0873-0875,41.653333,-16.3076,5.6449,90.3080,78.8996,11.4084
PEMAFC-PCA-F (K=20/20),4,periodavg_0873-0875,41.706667,-17.5615,3.3855,92.4394,78.8996,13.5398
PEMAFC-PCA-F (K=20/20),4,periodavg_0873-0875,41.760000,-16.3588,6.1262,85.8780,78.8996,6.9784
PEMAFC-PCA-F (K=20/20),4,periodavg_0873-0875,41.800000,-18.8213,5.7862,92.5224,78.8996,13.6228
PEMAFC-PCA-F (K=20/20),4,periodavg_0873-0875,41.853333,-19.3367,3.4763,95.6489,78.8996,16.7493
PEMAFC-PCA-F (K=20/20),4,periodavg_0873-0875,41.906667,-16.4388,6.0788,88.8887,78.8996,9.9891
PEMAFC-PCA-F (K=20/20),4,periodavg_0873-0875,41.960000,-19.1365,5.0680,98.5568,78.8996,19.6572
PEMAFC-PCA-F (K=20/20),4,periodavg_0873-0875,42.000000,-18.4099,4.8865,99.6480,78.8996,20.7484
PEMAFC-PCA-F (K=20/20),4,periodavg_0873-0875,42.053333,-18.8884,6.3034,98.2133,78.8996,19.3137
PEMAFC-PCA-F (K=20/20),4,periodavg_0873-0875,42.106667,-16.6557,4.9632,98.3232,78.8996,19.4236
PEMAFC-PCA-F (K=20/20),4,periodavg_0873-0875,42.160000,-18.3211,4.5737,93.3547,78.8996,14.4551
PEMAFC-PCA-F (K=20/20),4,periodavg_0873-0875,42.200000,-18.2060,4.8336,95.6320,78.8996,16.7324
PEMAFC-PCA-F (K=20/20),4,periodavg_0873-0875,42.253333,-17.8870,4.9328,89.8465,78.8996,10.9469
PEMAFC-PCA-F (K=20/20),4,periodavg_0873-0875,42.306667,-18.4233,4.5048,93.0596,78.8996,14.1600
PEMAFC-PCA-F (K=20/20),4,periodavg_0873-0875,42.360000,-19.0776,4.8157,98.5816,78.8996,19.6820
PEMAFC-PCA-F (K=20/20),4,periodavg_0873-0875,42.400000,-18.5774,6.9115,95.9703,78.8996,17.0707
PEMAFC-PCA-F (K=20/20),4,periodavg_0873-0875,42.453333,-17.9974,6.6943,97.0870,78.8996,18.1874
PEMAFC-PCA-F (K=20/20),4,periodavg_0873-0875,42.506667,-19.6630,5.3981,97.2066,78.8996,18.3070
PEMAFC-PCA-F (K=20/20),4,periodavg_0873-0875,42.560000,-17.2476,4.3056,97.6770,78.8996,18.7774
PEMAFC-PCA-F (K=20/20),4,periodavg_0873-0875,42.600000,-18.2076,5.2328,92.1074,78.8996,13.2078
PEMAFC-PCA-F (K=20/20),4,periodavg_0873-0875,42.653333,-15.4421,5.0260,94.0295,78.8996,15.1299
PEMAFC-PCA-F (K=20/20),4,periodavg_0873-0875,42.706667,-16.9428,5.8047,93.4331,78.8996,14.5335
PEMAFC-PCA-F (K=20/20),4,periodavg_0873-0875,42.760000,-18.1001,5.1553,88.6073,78.8996,9.7077
PEMAFC-PCA-F (K=20/20),4,periodavg_0873-0875,42.800000,-18.2764,6.4468,87.4522,78.8996,8.5526
PEMAFC-PCA-F (K=20/20),4,periodavg_0873-0875,42.853333,-19.6874,4.7499,95.3103,78.8996,16.4107
PEMAFC-PCA-F (K=20/20),4,periodavg_0873-0875,42.906667,-19.4003,6.4096,93.8875,78.8996,14.9879
PEMAFC-PCA-F (K=20/20),4,periodavg_0873-0875,42.960000,-17.1073,4.7656,85.1513,78.8996,6.2517
PEMAFC-PCA-F (K=20/20),4,periodavg_0873-0875,43.000000,-18.8539,6.0025,90.0690,78.8996,11.1694
PEMAFC-PCA-F (K=20/20),4,periodavg_0873-0875,43.053333,-18.6917,5.0460,98.1666,78.8996,19.2670
PEMAFC-PCA-F (K=20/20),4,periodavg_0873-0875,43.106667,-19.2770,5.5630,94.5506,78.8996,15.6510
PEMAFC-PCA-F (K=20/20),4,periodavg_0873-0875,43.160000,-18.7968,5.0833,97.7932,78.8996,18.8936
PEMAFC-PCA-F (K=20/20),4,periodavg_0873-0875,43.200000,-19.0394,6.3450,94.6302,78.8996,15.7306
PEMAFC-PCA-F (K=20/20),4,periodavg_0873-0875,43.253333,-17.7346,6.8138,87.5720,78.8996,8.6724
PEMAFC-PCA-F (K=20/20),4,periodavg_0873-0875,43.306667,-18.4321,4.8445,96.5968,78.8996,17.6972
PEMAFC-PCA-F (K=20/20),4,periodavg_0873-0875,43.360000,-17.5935,5.2182,87.0964,78.8996,8.1968
PEMAFC-PCA-F (K=20/20),4,periodavg_0873-0875,43.400000,-18.6641,5.8189,97.3054,78.8996,18.4058
PEMAFC-PCA-F (K=20/20),4,periodavg_0873-0875,43.453333,-18.8020,3.5268,97.0441,78.8996,18.1445
PEMAFC-PCA-F (K=20/20),4,periodavg_0873-0875,43.506667,-19.4289,5.9443,92.7413,78.8996,13.8417
PEMAFC-PCA-F (K=20/20),4,periodavg_0873-0875,43.560000,-18.8240,6.5310,92.4616,78.8996,13.5620
PEMAFC-PCA-F (K=20/20),4,periodavg_0873-0875,43.600000,-16.2351,4.0225,85.2586,78.8996,6.3590
PEMAFC-PCA-F (K=20/20),4,periodavg_0873-0875,43.653333,-18.8342,5.7231,92.6292,78.8996,13.7296
PEMAFC-PCA-F (K=20/20),4,periodavg_0873-0875,43.706667,-18.1948,3.9008,88.1526,78.8996,9.2530
PEMAFC-PCA-F (K=20/20),4,periodavg_0873-0875,43.760000,-19.1896,4.3653,94.9599,78.8996,16.0603
PEMAFC-PCA-F (K=20/20),4,periodavg_0873-0875,43.800000,-19.6988,5.1373,97.0665,78.8996,18.1669
PEMAFC-PCA-F (K=20/20),4,periodavg_0873-0875,43.853333,-18.8641,4.7261,90.8247,78.8996,11.9251
PEMAFC-PCA-F (K=20/20),4,periodavg_0873-0875,43.906667,-17.2941,4.8852,91.4078,78.8996,12.5082
PEMAFC-PCA-F (K=20/20),4,periodavg_0873-0875,43.960000,-19.4108,4.7473,95.8398,78.8996,16.9402
PEMAFC-PCA-F (K=20/20),4,periodavg_0873-0875,44.000000,-19.0932,4.7732,95.4564,78.8996,16.5568
PEMAFC-PCA-F (K=20/20),4,periodavg_0873-0875,44.053333,-19.8456,5.6508,99.7934,78.8996,20.8938
PEMAFC-PCA-F (K=20/20),4,periodavg_0873-0875,44.106667,-18.8423,5.7649,96.1725,78.8996,17.2729
PEMAFC-PCA-F (K=20/20),4,periodavg_0873-0875,44.160000,-19.5531,5.1236,97.1277,78.8996,18.2281
PEMAFC-PCA-F (K=20/20),4,periodavg_0873-0875,44.200000,-19.3709,5.7049,92.7273,78.8996,13.8277
PEMAFC-PCA-F (K=20/20),4,periodavg_0873-0875,44.253333,-18.8699,4.4780,95.5569,78.8996,16.6573
PEMAFC-PCA-F (K=20/20),4,periodavg_0873-0875,44.306667,-18.7054,7.4048,92.5765,78.8996,13.6769
PEMAFC-PCA-F (K=20/20),4,periodavg_0873-0875,44.360000,-19.8405,4.0745,97.0275,78.8996,18.1279
PEMAFC-PCA-F (K=20/20),4,periodavg_0873-0875,44.400000,-16.5125,8.8765,86.2731,78.8996,7.3735
PEMAFC-PCA-F (K=20/20),4,periodavg_0873-0875,44.453333,-18.1753,2.7178,95.8713,78.8996,16.9717
PEMAFC-PCA-F (K=20/20),4,periodavg_0873-0875,44.506667,-18.8660,5.0066,89.5556,78.8996,10.6560
PEMAFC-PCA-F (K=20/20),4,periodavg_0873-0875,44.560000,-18.4140,5.4654,98.8191,78.8996,19.9195
PEMAFC-PCA-F (K=20/20),4,periodavg_0873-0875,44.600000,-16.4800,5.0800,91.2764,78.8996,12.3768
PEMAFC-PCA-F (K=20/20),4,periodavg_0873-0875,44.653333,-18.6555,4.2246,94.6979,78.8996,15.7983
PEMAFC-PCA-F (K=20/20),4,periodavg_0873-0875,44.706667,-19.0053,4.8757,92.9730,78.8996,14.0734
PEMAFC-PCA-F (K=20/20),4,periodavg_0873-0875,44.760000,-18.0905,3.6785,95.5998,78.8996,16.7002
PEMAFC-PCA-F (K=20/20),4,periodavg_0873-0875,44.800000,-18.6394,5.4182,96.4643,78.8996,17.5647
PEMAFC-PCA-F (K=20/20),4,periodavg_0873-0875,44.853333,-17.4374,5.5510,86.0600,78.8996,7.1604
PEMAFC-PCA-F (K=20/20),4,periodavg_0873-0875,44.906667,-18.6956,4.0699,95.6060,78.8996,16.7064
PEMAFC-PCA-F (K=20/20),4,periodavg_0873-0875,44.960000,-19.4923,6.8116,98.5074,78.8996,19.6078
PEMAFC-PCA-F (K=20/20),4,periodavg_0873-0875,45.000000,-18.4887,5.6143,95.9476,78.8996,17.0480
PEMAFC-PCA-F (K=20/20),4,periodavg_0873-0875,45.053333,-16.6923,6.4597,97.3442,78.8996,18.4446
PEMAFC-PCA-F (K=20/20),4,periodavg_0873-0875,45.106667,-19.5928,4.6107,95.4279,78.8996,16.5283
PEMAFC-PCA-F (K=20/20),4,periodavg_0873-0875,45.160000,-19.4320,5.9373,98.1627,78.8996,19.2631
PEMAFC-PCA-F (K=20/20),4,periodavg_0873-0875,45.200000,-17.7039,4.2863,96.9256,78.8996,18.0260
PEMAFC-PCA-F (K=20/20),4,periodavg_0873-0875,45.253333,-19.2736,4.3703,90.0088,78.8996,11.1092
PEMAFC-PCA-F (K=20/20),4,periodavg_0873-0875,45.306667,-18.7705,5.9982,95.9529,78.8996,17.0533
PEMAFC-PCA-F (K=20/20),4,periodavg_0873-0875,45.360000,-19.2811,5.8689,97.0890,78.8996,18.1894
PEMAFC-PCA-F (K=20/20),4,periodavg_0873-0875,45.400000,-19.1487,5.2913,96.2811,78.8996,17.3815
PEMAFC-PCA-F (K=20/20),4,periodavg_0873-0875,45.453333,-17.4528,5.8400,87.2146,78.8996,8.3150
PEMAFC-PCA-F (K=20/20),4,periodavg_0873-0875,45.506667,-19.3328,6.3298,95.1891,78.8996,16.2895
PEMAFC-PCA-F (K=20/20),4,periodavg_0873-0875,45.560000,-19.0289,5.4071,90.9080,78.8996,12.0084
PEMAFC-PCA-F (K=20/20),4,periodavg_0873-0875,45.600000,-18.7852,6.2292,94.2333,78.8996,15.3337
PEMAFC-PCA-F (K=20/20),4,periodavg_0873-0875,45.653333,-17.0611,5.3939,93.6654,78.8996,14.7658
PEMAFC-PCA-F (K=20/20),4,periodavg_0873-0875,45.706667,-19.5003,5.5155,98.4525,78.8996,19.5529
PEMAFC-PCA-F (K=20/20),4,periodavg_0873-0875,45.760000,-19.9382,5.2010,94.6118,78.8996,15.7122
PEMAFC-PCA-F (K=20/20),4,periodavg_0873-0875,45.800000,-19.3466,4.6217,93.3653,78.8996,14.4657
PEMAFC-PCA-F (K=20/20),4,periodavg_0873-0875,45.853333,-18.5933,5.8360,88.7945,78.8996,9.8949
PEMAFC-PCA-F (K=20/20),4,periodavg_0873-0875,45.906667,-18.8622,4.8107,94.8377,78.8996,15.9381
PEMAFC-PCA-F (K=20/20),4,periodavg_0873-0875,45.960000,-13.5251,5.9700,85.5987,78.8996,6.6991
PEMAFC-PCA-F (K=20/20),4,periodavg_0873-0875,46.000000,-16.9659,3.4214,89.2774,78.8996,10.3778
PEMAFC-PCA-F (K=20/20),4,periodavg_0873-0875,46.053333,-17.0641,4.8130,85.9372,78.8996,7.0376
PEMAFC-PCA-F (K=20/20),4,periodavg_0873-0875,46.106667,-19.2545,5.5509,93.7908,78.8996,14.8912
PEMAFC-PCA-F (K=20/20),4,periodavg_0873-0875,46.160000,-19.5958,5.9784,96.0722,78.8996,17.1726
PEMAFC-PCA-F (K=20/20),4,periodavg_0873-0875,46.200000,-19.4055,5.0069,92.3101,78.8996,13.4105
PEMAFC-PCA-F (K=20/20),4,periodavg_0873-0875,46.253333,-19.2808,5.2968,97.6647,78.8996,18.7651
PEMAFC-PCA-F (K=20/20),4,periodavg_0873-0875,46.306667,-16.8319,4.2834,89.4901,78.8996,10.5905
PEMAFC-PCA-F (K=20/20),4,periodavg_0873-0875,46.360000,-18.8390,5.7380,93.9335,78.8996,15.0339
PEMAFC-PCA-F (K=20/20),4,periodavg_0873-0875,46.400000,-19.0860,6.1341,92.1099,78.8996,13.2103
PEMAFC-PCA-F (K=20/20),4,periodavg_0873-0875,46.453333,-18.6309,5.9900,90.3497,78.8996,11.4501
PEMAFC-PCA-F (K=20/20),4,periodavg_0873-0875,46.506667,-19.1299,5.4017,92.2053,78.8996,13.3057
PEMAFC-PCA-F (K=20/20),4,periodavg_0873-0875,46.560000,-16.4011,6.8952,86.7958,78.8996,7.8962
PEMAFC-PCA-F (K=20/20),4,periodavg_0873-0875,46.600000,-19.8049,3.5558,94.5649,78.8996,15.6653
PEMAFC-PCA-F (K=20/20),4,periodavg_0873-0875,46.653333,-19.7861,4.0020,96.1250,78.8996,17.2254
PEMAFC-PCA-F (K=20/20),4,periodavg_0873-0875,46.706667,-18.6239,7.3857,97.2802,78.8996,18.3806
PEMAFC-PCA-F (K=20/20),4,periodavg_0873-0875,46.760000,-18.2143,5.8796,92.8717,78.8996,13.9721
PEMAFC-PCA-F (K=20/20),4,periodavg_0873-0875,46.800000,-18.4593,7.2836,89.3078,78.8996,10.4082
PEMAFC-PCA-F (K=20/20),4,periodavg_0873-0875,46.853333,-18.7805,5.8605,88.7433,78.8996,9.8437
PEMAFC-PCA-F (K=20/20),4,periodavg_0873-0875,46.906667,-17.7965,5.0082,89.0174,78.8996,10.1178
PEMAFC-PCA-F (K=20/20),4,periodavg_0873-0875,46.960000,-19.7408,3.5406,94.4358,78.8996,15.5362
PEMAFC-PCA-F (K=20/20),4,periodavg_0873-0875,47.000000,-19.1023,5.8470,96.5689,78.8996,17.6693
PEMAFC-PCA-F (K=20/20),4,periodavg_0873-0875,47.053333,-17.4690,4.3569,93.0536,78.8996,14.1540
PEMAFC-PCA-F (K=20/20),4,periodavg_0873-0875,47.106667,-17.5058,4.4246,96.7056,78.8996,17.8060
PEMAFC-PCA-F (K=20/20),4,periodavg_0873-0875,47.160000,-17.8821,5.0411,91.8360,78.8996,12.9364
PEMAFC-PCA-F (K=20/20),4,periodavg_0873-0875,47.200000,-18.4099,8.5287,89.5235,78.8996,10.6239
PEMAFC-PCA-F (K=20/20),4,periodavg_0873-0875,47.253333,-18.2244,4.5674,92.9766,78.8996,14.0770
PEMAFC-PCA-F (K=20/20),4,periodavg_0873-0875,47.306667,-18.6646,4.9325,96.6986,78.8996,17.7990
PEMAFC-PCA-F (K=20/20),4,periodavg_0873-0875,47.360000,-18.7553,6.0197,90.7120,78.8996,11.8124
PEMAFC-PCA-F (K=20/20),4,periodavg_0873-0875,47.400000,-19.0825,5.5671,97.6425,78.8996,18.7429
PEMAFC-PCA-F (K=20/20),4,periodavg_0873-0875,47.453333,-17.9191,4.7625,89.1235,78.8996,10.2239
PEMAFC-PCA-F (K=20/20),4,periodavg_0873-0875,47.506667,-19.2491,4.4721,96.4300,78.8996,17.5304
PEMAFC-PCA-F (K=20/20),4,periodavg_0873-0875,47.560000,-19.1839,6.1504,97.9850,78.8996,19.0854
PEMAFC-PCA-F (K=20/20),4,periodavg_0873-0875,47.600000,-19.1247,5.6142,92.4325,78.8996,13.5329
PEMAFC-PCA-F (K=20/20),4,periodavg_0873-0875,47.653333,-19.6153,3.5552,98.3887,78.8996,19.4891
PEMAFC-PCA-F (K=20/20),4,periodavg_0873-0875,47.706667,-17.9324,5.5564,92.4497,78.8996,13.5501
PEMAFC-PCA-F (K=20/20),4,periodavg_0873-0875,47.760000,-18.6326,3.9336,97.0133,78.8996,18.1137
PEMAFC-PCA-F (K=20/20),4,periodavg_0873-0875,47.800000,-19.6158,4.3093,91.5407,78.8996,12.6411
PEMAFC-PCA-F (K=20/20),4,periodavg_0873-0875,47.853333,-18.8547,5.3551,98.3035,78.8996,19.4039
PEMAFC-PCA-F (K=20/20),4,periodavg_0873-0875,47.906667,-18.3737,6.4023,98.6694,78.8996,19.7698
PEMAFC-PCA-F (K=20/20),4,periodavg_0873-0875,47.960000,-18.8668,4.1473,98.5208,78.8996,19.6212
PEMAFC-PCA-F (K=20/20),4,periodavg_0873-0875,48.000000,-17.7600,4.6227,93.8878,78.8996,14.9882
PEMAFC-PCA-F (K=20/20),4,periodavg_0873-0875,48.053333,-17.5402,5.1087,94.5821,78.8996,15.6825
PEMAFC-PCA-F (K=20/20),4,periodavg_0873-0875,48.106667,-18.6773,6.3170,97.4679,78.8996,18.5683
PEMAFC-PCA-F (K=20/20),4,periodavg_0873-0875,48.160000,-18.8617,4.5087,91.9917,78.8996,13.0921
PEMAFC-PCA-F (K=20/20),4,periodavg_0873-0875,48.200000,-19.4795,7.1631,94.7510,78.8996,15.8514
PEMAFC-PCA-F (K=20/20),4,periodavg_0873-0875,48.253333,-19.3307,5.4942,93.7142,78.8996,14.8146
PEMAFC-PCA-F (K=20/20),4,periodavg_0873-0875,48.306667,-19.1633,4.8166,98.1579,78.8996,19.2583
PEMAFC-PCA-F (K=20/20),4,periodavg_0873-0875,48.360000,-18.9227,4.3481,90.4615,78.8996,11.5619
PEMAFC-PCA-F (K=20/20),4,periodavg_0873-0875,48.400000,-18.2319,6.5454,87.2925,78.8996,8.3929
PEMAFC-PCA-F (K=20/20),4,periodavg_0873-0875,48.453333,-18.5757,7.3324,88.8173,78.8996,9.9177
PEMAFC-PCA-F (K=20/20),4,periodavg_0873-0875,48.506667,-18.7697,5.0332,94.3970,78.8996,15.4974
PEMAFC-PCA-F (K=20/20),4,periodavg_0873-0875,48.560000,-18.1972,4.8239,88.7835,78.8996,9.8839
PEMAFC-PCA-F (K=20/20),4,periodavg_0873-0875,48.600000,-17.0284,5.2165,85.0403,78.8996,6.1407
PEMAFC-PCA-F (K=20/20),4,periodavg_0873-0875,48.653333,-20.0906,4.3903,93.3488,78.8996,14.4492
PEMAFC-PCA-F (K=20/20),4,periodavg_0873-0875,48.706667,-18.9742,6.8316,90.8882,78.8996,11.9886
PEMAFC-PCA-F (K=20/20),4,periodavg_0873-0875,48.760000,-18.7958,4.9565,87.7051,78.8996,8.8055
PEMAFC-PCA-F (K=20/20),4,periodavg_0873-0875,48.800000,-18.7534,5.4111,89.7055,78.8996,10.8059
PEMAFC-PCA-F (K=20/20),4,periodavg_0873-0875,48.853333,-19.2421,6.0342,92.9951,78.8996,14.0955
PEMAFC-PCA-F (K=20/20),4,periodavg_0873-0875,48.906667,-18.7618,6.4917,96.5243,78.8996,17.6247
PEMAFC-PCA-F (K=20/20),4,periodavg_0873-0875,48.960000,-18.0125,4.1786,97.4710,78.8996,18.5714
PEMAFC-PCA-F (K=20/20),4,periodavg_0873-0875,49.000000,-19.2108,5.6918,91.5783,78.8996,12.6787
PEMAFC-PCA-F (K=20/20),4,periodavg_0873-0875,49.053333,-18.7186,5.9676,95.7913,78.8996,16.8917
PEMAFC-PCA-F (K=20/20),4,periodavg_0873-0875,49.106667,-18.8459,6.0157,94.8423,78.8996,15.9427
PEMAFC-PCA-F (K=20/20),4,periodavg_0873-0875,49.160000,-19.0934,4.4989,98.1127,78.8996,19.2131
PEMAFC-PCA-F (K=20/20),4,periodavg_0873-0875,49.200000,-18.9476,6.5735,97.1235,78.8996,18.2239
PEMAFC-PCA-F (K=20/20),4,periodavg_0873-0875,49.253333,-18.8428,4.5208,91.1652,78.8996,12.2656
PEMAFC-PCA-F (K=20/20),4,periodavg_0873-0875,49.306667,-18.3955,4.7025,91.6967,78.8996,12.7971
PEMAFC-PCA-F (K=20/20),4,periodavg_0873-0875,49.360000,-18.4330,5.1883,96.4390,78.8996,17.5394
PEMAFC-PCA-F (K=20/20),4,periodavg_0873-0875,49.400000,-16.0043,5.4177,83.2761,78.8996,4.3765
PEMAFC-PCA-F (K=20/20),4,periodavg_0873-0875,49.453333,-18.6532,4.4309,91.4649,78.8996,12.5653
PEMAFC-PCA-F (K=20/20),4,periodavg_0873-0875,49.506667,-18.1024,5.6072,93.7239,78.8996,14.8243
PEMAFC-PCA-F (K=20/20),4,periodavg_0873-0875,49.560000,-19.3578,5.2060,94.8631,78.8996,15.9635
PEMAFC-PCA-F (K=20/20),4,periodavg_0873-0875,49.600000,-19.7570,6.2971,95.8062,78.8996,16.9066
PEMAFC-PCA-F (K=20/20),4,periodavg_0873-0875,49.653333,-18.6480,5.0047,93.4957,78.8996,14.5961
PEMAFC-PCA-F (K=20/20),4,periodavg_0873-0875,49.706667,-18.9806,6.9688,94.5215,78.8996,15.6219
PEMAFC-PCA-F (K=20/20),4,periodavg_0873-0875,49.760000,-17.3410,5.9069,86.6893,78.8996,7.7897
PEMAFC-PCA-F (K=20/20),4,periodavg_0873-0875,49.800000,-17.9573,6.9668,87.4272,78.8996,8.5276
PEMAFC-PCA-F (K=20/20),4,periodavg_0873-0875,49.853333,-18.2938,5.4062,96.6751,78.8996,17.7755
PEMAFC-PCA-F (K=20/20),4,periodavg_0873-0875,49.906667,-19.2846,4.7748,97.4550,78.8996,18.5554
PEMAFC-PCA-F (K=20/20),4,periodavg_0873-0875,49.960000,-19.3121,5.5826,91.9957,78.8996,13.0961
PEMAFC-PCA-F (K=20/20),4,periodavg_0873-0875,50.000000,-19.4918,5.3992,93.6569,78.8996,14.7573
PEMAFC-PCA-F (K=20/20),5,periodavg_0555-0557,50.013333,7.9109,-1.4967,80.1971,83.8249,-3.6279
PEMAFC-PCA-F (K=20/20),5,periodavg_0555-0557,50.053333,4.4420,1.0691,81.8486,83.8249,-1.9763
PEMAFC-PCA-F (K=20/20),5,periodavg_0555-0557,50.106667,0.0158,1.4126,84.7625,83.8249,0.9376
PEMAFC-PCA-F (K=20/20),5,periodavg_0555-0557,50.160000,-2.1580,2.9692,86.7862,83.8249,2.9613
PEMAFC-PCA-F (K=20/20),5,periodavg_0555-0557,50.200000,-3.5015,1.8075,85.4281,83.8249,1.6032
PEMAFC-PCA-F (K=20/20),5,periodavg_0555-0557,50.253333,-3.8988,1.1067,83.6405,83.8249,-0.1844
PEMAFC-PCA-F (K=20/20),5,periodavg_0555-0557,50.306667,-6.4861,2.6265,91.3196,83.8249,7.4947
PEMAFC-PCA-F (K=20/20),5,periodavg_0555-0557,50.360000,-5.6723,0.8593,85.3274,83.8249,1.5025
PEMAFC-PCA-F (K=20/20),5,periodavg_0555-0557,50.400000,-8.5841,2.6106,92.8195,83.8249,8.9945
PEMAFC-PCA-F (K=20/20),5,periodavg_0555-0557,50.453333,-7.1513,1.4121,89.2147,83.8249,5.3898
PEMAFC-PCA-F (K=20/20),5,periodavg_0555-0557,50.506667,-7.9898,2.4169,92.9177,83.8249,9.0928
PEMAFC-PCA-F (K=20/20),5,periodavg_0555-0557,50.560000,-6.6939,1.1424,87.6473,83.8249,3.8224
PEMAFC-PCA-F (K=20/20),5,periodavg_0555-0557,50.600000,-7.1091,1.8446,86.4362,83.8249,2.6113
PEMAFC-PCA-F (K=20/20),5,periodavg_0555-0557,50.653333,-8.8675,2.4596,94.0079,83.8249,10.1830
PEMAFC-PCA-F (K=20/20),5,periodavg_0555-0557,50.706667,-10.4173,2.2901,95.6584,83.8249,11.8335
PEMAFC-PCA-F (K=20/20),5,periodavg_0555-0557,50.760000,-9.8373,3.4580,94.8145,83.8249,10.9896
PEMAFC-PCA-F (K=20/20),5,periodavg_0555-0557,50.800000,-10.2473,1.4087,94.9983,83.8249,11.1734
PEMAFC-PCA-F (K=20/20),5,periodavg_0555-0557,50.853333,-4.0265,2.7945,85.1397,83.8249,1.3147
PEMAFC-PCA-F (K=20/20),5,periodavg_0555-0557,50.906667,-7.6430,3.2225,92.9383,83.8249,9.1134
PEMAFC-PCA-F (K=20/20),5,periodavg_0555-0557,50.960000,-9.8743,0.8211,97.9772,83.8249,14.1523
PEMAFC-PCA-F (K=20/20),5,periodavg_0555-0557,51.000000,-8.0038,4.2008,89.6448,83.8249,5.8198
PEMAFC-PCA-F (K=20/20),5,periodavg_0555-0557,51.053333,-9.0466,2.4935,88.2839,83.8249,4.4590
PEMAFC-PCA-F (K=20/20),5,periodavg_0555-0557,51.106667,-4.9683,5.1046,89.6483,83.8249,5.8234
PEMAFC-PCA-F (K=20/20),5,periodavg_0555-0557,51.160000,-7.4606,1.7567,85.8357,83.8249,2.0108
PEMAFC-PCA-F (K=20/20),5,periodavg_0555-0557,51.200000,-8.7738,0.6866,88.6178,83.8249,4.7929
PEMAFC-PCA-F (K=20/20),5,periodavg_0555-0557,51.253333,-4.3663,4.1085,91.4881,83.8249,7.6632
PEMAFC-PCA-F (K=20/20),5,periodavg_0555-0557,51.306667,-5.6484,2.2301,90.9369,83.8249,7.1119
PEMAFC-PCA-F (K=20/20),5,periodavg_0555-0557,51.360000,-8.4586,2.5139,94.9074,83.8249,11.0825
PEMAFC-PCA-F (K=20/20),5,periodavg_0555-0557,51.400000,-6.5555,4.8357,98.9014,83.8249,15.0764
PEMAFC-PCA-F (K=20/20),5,periodavg_0555-0557,51.453333,-9.2187,2.3862,94.3406,83.8249,10.5157
PEMAFC-PCA-F (K=20/20),5,periodavg_0555-0557,51.506667,-10.6150,1.2174,97.3752,83.8249,13.5502
PEMAFC-PCA-F (K=20/20),5,periodavg_0555-0557,51.560000,-9.2424,1.4384,88.8751,83.8249,5.0502
PEMAFC-PCA-F (K=20/20),5,periodavg_0555-0557,51.600000,-9.6800,1.9331,94.4979,83.8249,10.6730
PEMAFC-PCA-F (K=20/20),5,periodavg_0555-0557,51.653333,-9.6079,1.5515,90.7651,83.8249,6.9402
PEMAFC-PCA-F (K=20/20),5,periodavg_0555-0557,51.706667,-10.5335,2.0844,96.8973,83.8249,13.0723
PEMAFC-PCA-F (K=20/20),5,periodavg_0555-0557,51.760000,-9.2115,2.2920,89.6305,83.8249,5.8056
PEMAFC-PCA-F (K=20/20),5,periodavg_0555-0557,51.800000,-5.1048,4.6375,84.4959,83.8249,0.6710
PEMAFC-PCA-F (K=20/20),5,periodavg_0555-0557,51.853333,-8.8998,2.8913,97.0719,83.8249,13.2470
PEMAFC-PCA-F (K=20/20),5,periodavg_0555-0557,51.906667,-8.9830,1.5143,90.6659,83.8249,6.8409
PEMAFC-PCA-F (K=20/20),5,periodavg_0555-0557,51.960000,-5.3085,1.4488,83.8094,83.8249,-0.0156
PEMAFC-PCA-F (K=20/20),5,periodavg_0555-0557,52.000000,-10.2180,0.8243,93.5321,83.8249,9.7072
PEMAFC-PCA-F (K=20/20),5,periodavg_0555-0557,52.053333,-5.3581,2.2143,84.5337,83.8249,0.7087
PEMAFC-PCA-F (K=20/20),5,periodavg_0555-0557,52.106667,-8.6308,2.3342,96.1837,83.8249,12.3588
PEMAFC-PCA-F (K=20/20),5,periodavg_0555-0557,52.160000,-7.6423,2.8853,91.8695,83.8249,8.0446
PEMAFC-PCA-F (K=20/20),5,periodavg_0555-0557,52.200000,-5.2476,1.9401,96.9374,83.8249,13.1124
PEMAFC-PCA-F (K=20/20),5,periodavg_0555-0557,52.253333,-7.7791,0.9594,89.6794,83.8249,5.8545
PEMAFC-PCA-F (K=20/20),5,periodavg_0555-0557,52.306667,-6.6248,3.4485,86.2785,83.8249,2.4536
PEMAFC-PCA-F (K=20/20),5,periodavg_0555-0557,52.360000,-8.0371,0.5248,87.5901,83.8249,3.7652
PEMAFC-PCA-F (K=20/20),5,periodavg_0555-0557,52.400000,-5.5542,2.9100,83.3532,83.8249,-0.4717
PEMAFC-PCA-F (K=20/20),5,periodavg_0555-0557,52.453333,-7.1372,2.9774,96.6698,83.8249,12.8449
PEMAFC-PCA-F (K=20/20),5,periodavg_0555-0557,52.506667,-9.6313,3.1153,92.3296,83.8249,8.5047
PEMAFC-PCA-F (K=20/20),5,periodavg_0555-0557,52.560000,-8.3772,2.9863,90.0612,83.8249,6.2363
PEMAFC-PCA-F (K=20/20),5,periodavg_0555-0557,52.600000,-8.6636,2.4312,94.1290,83.8249,10.3041
PEMAFC-PCA-F (K=20/20),5,periodavg_0555-0557,52.653333,-11.1069,1.3118,97.6845,83.8249,13.8596
PEMAFC-PCA-F (K=20/20),5,periodavg_0555-0557,52.706667,-8.3224,2.8436,85.9181,83.8249,2.0932
PEMAFC-PCA-F (K=20/20),5,periodavg_0555-0557,52.760000,-4.9250,1.1010,85.1875,83.8249,1.3626
PEMAFC-PCA-F (K=20/20),5,periodavg_0555-0557,52.800000,-10.5285,1.1810,94.2084,83.8249,10.3835
PEMAFC-PCA-F (K=20/20),5,periodavg_0555-0557,52.853333,-8.1496,3.5375,96.6127,83.8249,12.7878
PEMAFC-PCA-F (K=20/20),5,periodavg_0555-0557,52.906667,-8.3273,0.1168,88.6815,83.8249,4.8566
PEMAFC-PCA-F (K=20/20),5,periodavg_0555-0557,52.960000,-9.2454,2.8338,96.6651,83.8249,12.8402
PEMAFC-PCA-F (K=20/20),5,periodavg_0555-0557,53.000000,-8.7878,1.0752,88.6090,83.8249,4.7840
PEMAFC-PCA-F (K=20/20),5,periodavg_0555-0557,53.053333,-8.2655,3.9160,97.0481,83.8249,13.2232
PEMAFC-PCA-F (K=20/20),5,periodavg_0555-0557,53.106667,-9.6166,0.8081,94.8073,83.8249,10.9823
PEMAFC-PCA-F (K=20/20),5,periodavg_0555-0557,53.160000,-7.3082,3.3136,87.7579,83.8249,3.9330
PEMAFC-PCA-F (K=20/20),5,periodavg_0555-0557,53.200000,-7.6287,2.0939,93.0467,83.8249,9.2218
PEMAFC-PCA-F (K=20/20),5,periodavg_0555-0557,53.253333,-9.4759,1.8278,97.1346,83.8249,13.3096
PEMAFC-PCA-F (K=20/20),5,periodavg_0555-0557,53.306667,-8.1206,4.3276,92.6086,83.8249,8.7837
PEMAFC-PCA-F (K=20/20),5,periodavg_0555-0557,53.360000,-9.5107,2.7975,95.9017,83.8249,12.0768
PEMAFC-PCA-F (K=20/20),5,periodavg_0555-0557,53.400000,-4.4907,3.2507,86.4710,83.8249,2.6461
PEMAFC-PCA-F (K=20/20),5,periodavg_0555-0557,53.453333,-9.5291,1.5374,91.1835,83.8249,7.3586
PEMAFC-PCA-F (K=20/20),5,periodavg_0555-0557,53.506667,-6.0510,2.1336,85.8028,83.8249,1.9779
PEMAFC-PCA-F (K=20/20),5,periodavg_0555-0557,53.560000,-7.4421,1.9382,90.3680,83.8249,6.5431
PEMAFC-PCA-F (K=20/20),5,periodavg_0555-0557,53.600000,-8.9458,1.0176,96.0283,83.8249,12.2034
PEMAFC-PCA-F (K=20/20),5,periodavg_0555-0557,53.653333,-8.9635,2.6915,90.1559,83.8249,6.3310
PEMAFC-PCA-F (K=20/20),5,periodavg_0555-0557,53.706667,-8.5241,1.7162,88.7649,83.8249,4.9400
PEMAFC-PCA-F (K=20/20),5,periodavg_0555-0557,53.760000,-7.8232,3.3910,92.4893,83.8249,8.6644
PEMAFC-PCA-F (K=20/20),5,periodavg_0555-0557,53.800000,-7.0115,2.4446,88.0586,83.8249,4.2337
PEMAFC-PCA-F (K=20/20),5,periodavg_0555-0557,53.853333,-9.0843,2.4045,96.6447,83.8249,12.8198
PEMAFC-PCA-F (K=20/20),5,periodavg_0555-0557,53.906667,-4.4933,1.7055,80.8563,83.8249,-2.9686
PEMAFC-PCA-F (K=20/20),5,periodavg_0555-0557,53.960000,-9.1731,1.8063,93.2538,83.8249,9.4289
PEMAFC-PCA-F (K=20/20),5,periodavg_0555-0557,54.000000,-9.0892,2.8878,96.3666,83.8249,12.5416
PEMAFC-PCA-F (K=20/20),5,periodavg_0555-0557,54.053333,-8.0266,3.5227,95.3580,83.8249,11.5331
PEMAFC-PCA-F (K=20/20),5,periodavg_0555-0557,54.106667,-6.7587,1.1019,89.5308,83.8249,5.7059
PEMAFC-PCA-F (K=20/20),5,periodavg_0555-0557,54.160000,-6.9879,1.9556,86.5354,83.8249,2.7105
PEMAFC-PCA-F (K=20/20),5,periodavg_0555-0557,54.200000,-7.3175,2.1081,86.0511,83.8249,2.2262
PEMAFC-PCA-F (K=20/20),5,periodavg_0555-0557,54.253333,-8.2957,3.4098,95.6776,83.8249,11.8527
PEMAFC-PCA-F (K=20/20),5,periodavg_0555-0557,54.306667,-6.8854,1.7050,93.0829,83.8249,9.2580
PEMAFC-PCA-F (K=20/20),5,periodavg_0555-0557,54.360000,-7.6503,4.7809,94.3474,83.8249,10.5225
PEMAFC-PCA-F (K=20/20),5,periodavg_0555-0557,54.400000,-9.1852,2.6716,95.7889,83.8249,11.9640
PEMAFC-PCA-F (K=20/20),5,periodavg_0555-0557,54.453333,-5.9240,2.4698,83.2364,83.8249,-0.5885
PEMAFC-PCA-F (K=20/20),5,periodavg_0555-0557,54.506667,-9.2888,2.4200,88.8694,83.8249,5.0445
PEMAFC-PCA-F (K=20/20),5,periodavg_0555-0557,54.560000,-9.9238,1.7308,91.5930,83.8249,7.7681
PEMAFC-PCA-F (K=20/20),5,periodavg_0555-0557,54.600000,-10.0271,0.8948,95.1911,83.8249,11.3662
PEMAFC-PCA-F (K=20/20),5,periodavg_0555-0557,54.653333,-7.7800,3.3801,87.3568,83.8249,3.5319
PEMAFC-PCA-F (K=20/20),5,periodavg_0555-0557,54.706667,-9.0754,2.6342,98.4589,83.8249,14.6340
PEMAFC-PCA-F (K=20/20),5,periodavg_0555-0557,54.760000,-6.0353,2.3975,83.2720,83.8249,-0.5529
PEMAFC-PCA-F (K=20/20),5,periodavg_0555-0557,54.800000,-9.3892,0.4872,88.9035,83.8249,5.0786
PEMAFC-PCA-F (K=20/20),5,periodavg_0555-0557,54.853333,-8.8490,3.2744,94.4581,83.8249,10.6332
PEMAFC-PCA-F (K=20/20),5,periodavg_0555-0557,54.906667,-7.0095,2.6615,88.0017,83.8249,4.1768
PEMAFC-PCA-F (K=20/20),5,periodavg_0555-0557,54.960000,-8.8737,2.4368,97.1296,83.8249,13.3047
PEMAFC-PCA-F (K=20/20),5,periodavg_0555-0557,55.000000,-6.4443,2.2751,87.6539,83.8249,3.8290
PEMAFC-PCA-F (K=20/20),5,periodavg_0555-0557,55.053333,-6.9206,0.3787,84.2653,83.8249,0.4404
PEMAFC-PCA-F (K=20/20),5,periodavg_0555-0557,55.106667,-9.3308,1.4478,93.9771,83.8249,10.1522
PEMAFC-PCA-F (K=20/20),5,periodavg_0555-0557,55.160000,-9.2662,1.7559,92.5600,83.8249,8.7351
PEMAFC-PCA-F (K=20/20),5,periodavg_0555-0557,55.200000,-9.9591,2.3229,92.1330,83.8249,8.3081
PEMAFC-PCA-F (K=20/20),5,periodavg_0555-0557,55.253333,-9.7397,1.4251,93.8356,83.8249,10.0107
PEMAFC-PCA-F (K=20/20),5,periodavg_0555-0557,55.306667,-10.0888,2.6552,97.3587,83.8249,13.5338
PEMAFC-PCA-F (K=20/20),5,periodavg_0555-0557,55.360000,-7.8738,2.0479,92.1221,83.8249,8.2972
PEMAFC-PCA-F (K=20/20),5,periodavg_0555-0557,55.400000,-8.7663,1.2586,89.9617,83.8249,6.1368
PEMAFC-PCA-F (K=20/20),5,periodavg_0555-0557,55.453333,-7.4834,2.0517,89.7470,83.8249,5.9221
PEMAFC-PCA-F (K=20/20),5,periodavg_0555-0557,55.506667,-6.9353,3.4585,87.3103,83.8249,3.4854
PEMAFC-PCA-F (K=20/20),5,periodavg_0555-0557,55.560000,-8.6531,2.1872,89.4047,83.8249,5.5798
PEMAFC-PCA-F (K=20/20),5,periodavg_0555-0557,55.600000,-6.7057,1.5321,89.8640,83.8249,6.0391
PEMAFC-PCA-F (K=20/20),5,periodavg_0555-0557,55.653333,-9.1996,2.1847,91.5404,83.8249,7.7155
PEMAFC-PCA-F (K=20/20),5,periodavg_0555-0557,55.706667,-8.1653,2.0999,86.8747,83.8249,3.0498
PEMAFC-PCA-F (K=20/20),5,periodavg_0555-0557,55.760000,-8.0624,1.9726,89.6008,83.8249,5.7758
PEMAFC-PCA-F (K=20/20),5,periodavg_0555-0557,55.800000,-10.2804,2.1552,96.3195,83.8249,12.4946
PEMAFC-PCA-F (K=20/20),5,periodavg_0555-0557,55.853333,-8.8097,2.5590,90.6540,83.8249,6.8290
PEMAFC-PCA-F (K=20/20),5,periodavg_0555-0557,55.906667,-10.1892,1.1230,92.8758,83.8249,9.0508
PEMAFC-PCA-F (K=20/20),5,periodavg_0555-0557,55.960000,-10.2802,4.5144,96.6306,83.8249,12.8057
PEMAFC-PCA-F (K=20/20),5,periodavg_0555-0557,56.000000,-7.4725,3.7989,97.6050,83.8249,13.7801
PEMAFC-PCA-F (K=20/20),5,periodavg_0555-0557,56.053333,-10.5659,1.7727,94.4740,83.8249,10.6491
PEMAFC-PCA-F (K=20/20),5,periodavg_0555-0557,56.106667,-9.5843,2.0295,90.7875,83.8249,6.9626
PEMAFC-PCA-F (K=20/20),5,periodavg_0555-0557,56.160000,-11.0147,2.7075,97.8662,83.8249,14.0413
PEMAFC-PCA-F (K=20/20),5,periodavg_0555-0557,56.200000,-7.1695,5.0114,97.7470,83.8249,13.9221
PEMAFC-PCA-F (K=20/20),5,periodavg_0555-0557,56.253333,-9.9554,2.1351,97.5786,83.8249,13.7536
PEMAFC-PCA-F (K=20/20),5,periodavg_0555-0557,56.306667,-10.7541,3.1552,98.1203,83.8249,14.2954
PEMAFC-PCA-F (K=20/20),5,periodavg_0555-0557,56.360000,-9.2463,2.4947,94.7929,83.8249,10.9680
PEMAFC-PCA-F (K=20/20),5,periodavg_0555-0557,56.400000,-8.1347,3.5106,90.5713,83.8249,6.7463
PEMAFC-PCA-F (K=20/20),5,periodavg_0555-0557,56.453333,-10.1820,2.5462,98.1696,83.8249,14.3447
PEMAFC-PCA-F (K=20/20),5,periodavg_0555-0557,56.506667,-6.5864,0.9070,84.6395,83.8249,0.8146
PEMAFC-PCA-F (K=20/20),5,periodavg_0555-0557,56.560000,-3.8061,1.8141,81.5113,83.8249,-2.3136
PEMAFC-PCA-F (K=20/20),5,periodavg_0555-0557,56.600000,-8.2906,1.5757,90.3309,83.8249,6.5060
PEMAFC-PCA-F (K=20/20),5,periodavg_0555-0557,56.653333,-6.5338,3.7621,83.7514,83.8249,-0.0735
PEMAFC-PCA-F (K=20/20),5,periodavg_0555-0557,56.706667,-9.4768,2.7754,88.7304,83.8249,4.9055
PEMAFC-PCA-F (K=20/20),5,periodavg_0555-0557,56.760000,-7.4907,2.9016,90.8299,83.8249,7.0050
PEMAFC-PCA-F (K=20/20),5,periodavg_0555-0557,56.800000,-7.0744,2.6716,87.2020,83.8249,3.3771
PEMAFC-PCA-F (K=20/20),5,periodavg_0555-0557,56.853333,-9.1477,1.2296,89.6092,83.8249,5.7843
PEMAFC-PCA-F (K=20/20),5,periodavg_0555-0557,56.906667,-10.0545,2.0067,95.6300,83.8249,11.8050
PEMAFC-PCA-F (K=20/20),5,periodavg_0555-0557,56.960000,-8.7974,3.8034,91.5776,83.8249,7.7527
PEMAFC-PCA-F (K=20/20),5,periodavg_0555-0557,57.000000,-9.4233,2.5399,95.3402,83.8249,11.5153
PEMAFC-PCA-F (K=20/20),5,periodavg_0555-0557,57.053333,-7.8604,1.4951,90.8014,83.8249,6.9765
PEMAFC-PCA-F (K=20/20),5,periodavg_0555-0557,57.106667,-8.7957,2.8029,95.4600,83.8249,11.6351
PEMAFC-PCA-F (K=20/20),5,periodavg_0555-0557,57.160000,-9.5206,2.0505,95.8693,83.8249,12.0444
PEMAFC-PCA-F (K=20/20),5,periodavg_0555-0557,57.200000,-8.9178,1.3407,91.1171,83.8249,7.2922
PEMAFC-PCA-F (K=20/20),5,periodavg_0555-0557,57.253333,-10.5476,3.0654,96.6480,83.8249,12.8230
PEMAFC-PCA-F (K=20/20),5,periodavg_0555-0557,57.306667,-10.5229,1.1958,93.8125,83.8249,9.9876
PEMAFC-PCA-F (K=20/20),5,periodavg_0555-0557,57.360000,-9.7996,2.7439,96.0445,83.8249,12.2195
PEMAFC-PCA-F (K=20/20),5,periodavg_0555-0557,57.400000,-7.7940,5.4222,93.5063,83.8249,9.6814
PEMAFC-PCA-F (K=20/20),5,periodavg_0555-0557,57.453333,-7.6723,5.8324,92.1631,83.8249,8.3382
PEMAFC-PCA-F (K=20/20),5,periodavg_0555-0557,57.506667,-7.7432,4.2315,89.0450,83.8249,5.2201
PEMAFC-PCA-F (K=20/20),5,periodavg_0555-0557,57.560000,-9.4789,-0.0256,90.7688,83.8249,6.9439
PEMAFC-PCA-F (K=20/20),5,periodavg_0555-0557,57.600000,-10.6005,2.3304,96.5034,83.8249,12.6784
PEMAFC-PCA-F (K=20/20),5,periodavg_0555-0557,57.653333,-9.1666,1.8748,89.5881,83.8249,5.7632
PEMAFC-PCA-F (K=20/20),5,periodavg_0555-0557,57.706667,-9.7398,2.8196,91.8616,83.8249,8.0366
PEMAFC-PCA-F (K=20/20),5,periodavg_0555-0557,57.760000,-7.8011,1.5638,86.4901,83.8249,2.6652
PEMAFC-PCA-F (K=20/20),5,periodavg_0555-0557,57.800000,-9.4004,3.6365,92.6363,83.8249,8.8114
PEMAFC-PCA-F (K=20/20),5,periodavg_0555-0557,57.853333,-8.8348,1.0544,94.9686,83.8249,11.1437
PEMAFC-PCA-F (K=20/20),5,periodavg_0555-0557,57.906667,-8.2597,2.9441,92.9714,83.8249,9.1464
PEMAFC-PCA-F (K=20/20),5,periodavg_0555-0557,57.960000,-8.6004,2.0368,89.2584,83.8249,5.4335
PEMAFC-PCA-F (K=20/20),5,periodavg_0555-0557,58.000000,-8.4443,2.8280,88.5263,83.8249,4.7014
PEMAFC-PCA-F (K=20/20),5,periodavg_0555-0557,58.053333,-7.4965,4.2191,93.1524,83.8249,9.3275
PEMAFC-PCA-F (K=20/20),5,periodavg_0555-0557,58.106667,-6.5888,3.1687,95.2833,83.8249,11.4584
PEMAFC-PCA-F (K=20/20),5,periodavg_0555-0557,58.160000,-7.0080,2.1865,92.5636,83.8249,8.7387
PEMAFC-PCA-F (K=20/20),5,periodavg_0555-0557,58.200000,-7.5396,4.2667,92.7514,83.8249,8.9265
PEMAFC-PCA-F (K=20/20),5,periodavg_0555-0557,58.253333,-9.4920,2.9106,96.7074,83.8249,12.8825
PEMAFC-PCA-F (K=20/20),5,periodavg_0555-0557,58.306667,-8.5227,2.2441,96.4084,83.8249,12.5835
PEMAFC-PCA-F (K=20/20),5,periodavg_0555-0557,58.360000,-8.3388,4.4457,96.1916,83.8249,12.3667
PEMAFC-PCA-F (K=20/20),5,periodavg_0555-0557,58.400000,-4.8977,4.2560,87.3334,83.8249,3.5085
PEMAFC-PCA-F (K=20/20),5,periodavg_0555-0557,58.453333,-8.6960,1.2588,94.4282,83.8249,10.6033
PEMAFC-PCA-F (K=20/20),5,periodavg_0555-0557,58.506667,-6.4137,2.4323,86.1425,83.8249,2.3176
PEMAFC-PCA-F (K=20/20),5,periodavg_0555-0557,58.560000,-8.2087,3.0821,94.7532,83.8249,10.9283
PEMAFC-PCA-F (K=20/20),5,periodavg_0555-0557,58.600000,-6.9956,4.0774,88.4850,83.8249,4.6601
PEMAFC-PCA-F (K=20/20),5,periodavg_0555-0557,58.653333,-4.3954,2.2090,81.9648,83.8249,-1.8601
PEMAFC-PCA-F (K=20/20),5,periodavg_0555-0557,58.706667,-6.4143,2.0680,84.8451,83.8249,1.0202
PEMAFC-PCA-F (K=20/20),5,periodavg_0555-0557,58.760000,-5.9135,2.5422,84.4805,83.8249,0.6556
PEMAFC-PCA-F (K=20/20),5,periodavg_0555-0557,58.800000,-6.4300,0.9976,83.6303,83.8249,-0.1946
PEMAFC-PCA-F (K=20/20),5,periodavg_0555-0557,58.853333,-7.6658,2.4844,95.7988,83.8249,11.9738
PEMAFC-PCA-F (K=20/20),5,periodavg_0555-0557,58.906667,-6.5310,2.4821,89.4473,83.8249,5.6224
PEMAFC-PCA-F (K=20/20),5,periodavg_0555-0557,58.960000,-8.8613,3.7071,93.9265,83.8249,10.1015
PEMAFC-PCA-F (K=20/20),5,periodavg_0555-0557,59.000000,-9.1021,1.2517,87.7655,83.8249,3.9406
PEMAFC-PCA-F (K=20/20),5,periodavg_0555-0557,59.053333,-6.8626,2.6359,85.8831,83.8249,2.0582
PEMAFC-PCA-F (K=20/20),5,periodavg_0555-0557,59.106667,-8.2398,3.2751,86.7525,83.8249,2.9276
PEMAFC-PCA-F (K=20/20),5,periodavg_0555-0557,59.160000,-8.9970,1.7470,91.8276,83.8249,8.0027
PEMAFC-PCA-F (K=20/20),5,periodavg_0555-0557,59.200000,-7.3563,0.2542,86.8007,83.8249,2.9758
PEMAFC-PCA-F (K=20/20),5,periodavg_0555-0557,59.253333,-9.0756,2.8268,88.4493,83.8249,4.6244
PEMAFC-PCA-F (K=20/20),5,periodavg_0555-0557,59.306667,-6.4784,3.8188,92.3503,83.8249,8.5254
PEMAFC-PCA-F (K=20/20),5,periodavg_0555-0557,59.360000,-8.1420,2.1157,96.6305,83.8249,12.8056
PEMAFC-PCA-F (K=20/20),5,periodavg_0555-0557,59.400000,-9.7717,7.8652,98.6700,83.8249,14.8451
PEMAFC-PCA-F (K=20/20),5,periodavg_0555-0557,59.453333,-10.3670,1.1652,97.1288,83.8249,13.3039
PEMAFC-PCA-F (K=20/20),5,periodavg_0555-0557,59.506667,-9.0827,1.9042,90.4125,83.8249,6.5876
PEMAFC-PCA-F (K=20/20),5,periodavg_0555-0557,59.560000,-8.6291,2.6142,94.2325,83.8249,10.4075
PEMAFC-PCA-F (K=20/20),5,periodavg_0555-0557,59.600000,-8.7423,1.5196,97.9819,83.8249,14.1570
PEMAFC-PCA-F (K=20/20),5,periodavg_0555-0557,59.653333,-7.7985,2.3001,87.7398,83.8249,3.9149
PEMAFC-PCA-F (K=20/20),5,periodavg_0555-0557,59.706667,-9.1826,0.6448,88.3129,83.8249,4.4879
PEMAFC-PCA-F (K=20/20),5,periodavg_0555-0557,59.760000,-10.6292,1.9353,99.2875,83.8249,15.4626
PEMAFC-PCA-F (K=20/20),5,periodavg_0555-0557,59.800000,-6.7399,1.9111,85.9409,83.8249,2.1160
PEMAFC-PCA-F (K=20/20),5,periodavg_0555-0557,59.853333,-7.4657,3.1371,86.3962,83.8249,2.5713
PEMAFC-PCA-F (K=20/20),5,periodavg_0555-0557,59.906667,-6.7458,3.4068,91.8282,83.8249,8.0033
PEMAFC-PCA-F (K=20/20),5,periodavg_0555-0557,59.960000,-8.4480,1.8654,98.4882,83.8249,14.6633
PEMAFC-PCA-F (K=20/20),5,periodavg_0555-0557,60.000000,-8.3744,3.0311,88.6119,83.8249,4.7869
NLMS,0,periodavg_0837-0839,0.013333,-0.0859,0.9099,77.2967,77.2970,-0.0003
NLMS,0,periodavg_0837-0839,0.053333,-0.2408,1.8287,77.3239,77.2970,0.0269
NLMS,0,periodavg_0837-0839,0.106667,-0.4182,2.3992,77.3907,77.2970,0.0938
NLMS,0,periodavg_0837-0839,0.160000,-0.5064,2.1340,77.4014,77.2970,0.1045
NLMS,0,periodavg_0837-0839,0.200000,-0.5701,3.9459,77.4244,77.2970,0.1275
NLMS,0,periodavg_0837-0839,0.253333,-0.6646,1.9814,77.4429,77.2970,0.1459
NLMS,0,periodavg_0837-0839,0.306667,-0.7727,2.4107,77.4800,77.2970,0.1831
NLMS,0,periodavg_0837-0839,0.360000,-0.8400,4.5445,77.5159,77.2970,0.2190
NLMS,0,periodavg_0837-0839,0.400000,-0.9128,2.8591,77.5450,77.2970,0.2481
NLMS,0,periodavg_0837-0839,0.453333,-1.0097,2.2565,77.5864,77.2970,0.2894
NLMS,0,periodavg_0837-0839,0.506667,-1.1003,3.0677,77.6026,77.2970,0.3057
NLMS,0,periodavg_0837-0839,0.560000,-1.1627,3.3462,77.6305,77.2970,0.3336
NLMS,0,periodavg_0837-0839,0.600000,-1.2096,3.2063,77.6557,77.2970,0.3587
NLMS,0,periodavg_0837-0839,0.653333,-1.2713,4.2228,77.6776,77.2970,0.3806
NLMS,0,periodavg_0837-0839,0.706667,-1.3332,4.6685,77.7223,77.2970,0.4253
NLMS,0,periodavg_0837-0839,0.760000,-1.3627,2.8697,77.7340,77.2970,0.4371
NLMS,0,periodavg_0837-0839,0.800000,-1.3917,5.0104,77.7539,77.2970,0.4570
NLMS,0,periodavg_0837-0839,0.853333,-1.4547,2.8374,77.7681,77.2970,0.4711
NLMS,0,periodavg_0837-0839,0.906667,-1.4856,4.6114,77.7925,77.2970,0.4955
NLMS,0,periodavg_0837-0839,0.960000,-1.4767,6.2654,77.8160,77.2970,0.5191
NLMS,0,periodavg_0837-0839,1.000000,-1.5497,1.2313,77.8391,77.2970,0.5421
NLMS,0,periodavg_0837-0839,1.053333,-1.6052,4.8920,77.8687,77.2970,0.5717
NLMS,0,periodavg_0837-0839,1.106667,-1.6394,4.9269,77.9017,77.2970,0.6047
NLMS,0,periodavg_0837-0839,1.160000,-1.6906,2.6852,77.9288,77.2970,0.6318
NLMS,0,periodavg_0837-0839,1.200000,-1.7302,3.3594,77.9455,77.2970,0.6486
NLMS,0,periodavg_0837-0839,1.253333,-1.7778,3.9941,77.9662,77.2970,0.6693
NLMS,0,periodavg_0837-0839,1.306667,-1.8279,3.1586,77.9740,77.2970,0.6770
NLMS,0,periodavg_0837-0839,1.360000,-1.8588,3.5869,77.9995,77.2970,0.7025
NLMS,0,periodavg_0837-0839,1.400000,-1.8884,4.6156,78.0349,77.2970,0.7380
NLMS,0,periodavg_0837-0839,1.453333,-1.9159,3.5281,78.0394,77.2970,0.7425
NLMS,0,periodavg_0837-0839,1.506667,-1.9552,4.2628,78.0560,77.2970,0.7591
NLMS,0,periodavg_0837-0839,1.560000,-1.9721,4.5479,78.1132,77.2970,0.8163
NLMS,0,periodavg_0837-0839,1.600000,-1.9881,3.0489,78.1383,77.2970,0.8413
NLMS,0,periodavg_0837-0839,1.653333,-2.0613,2.1798,78.1366,77.2970,0.8396
NLMS,0,periodavg_0837-0839,1.706667,-2.1021,3.5365,78.1667,77.2970,0.8698
NLMS,0,periodavg_0837-0839,1.760000,-2.1442,4.7147,78.1689,77.2970,0.8719
NLMS,0,periodavg_0837-0839,1.800000,-2.1661,3.7491,78.1771,77.2970,0.8801
NLMS,0,periodavg_0837-0839,1.853333,-2.1772,4.8350,78.1995,77.2970,0.9026
NLMS,0,periodavg_0837-0839,1.906667,-2.2358,3.3950,78.2211,77.2970,0.9241
NLMS,0,periodavg_0837-0839,1.960000,-2.2699,3.5051,78.2496,77.2970,0.9526
NLMS,0,periodavg_0837-0839,2.000000,-2.3016,4.9824,78.2844,77.2970,0.9874
NLMS,0,periodavg_0837-0839,2.053333,-2.3469,3.5623,78.3187,77.2970,1.0218
NLMS,0,periodavg_0837-0839,2.106667,-2.3773,6.2833,78.3478,77.2970,1.0508
NLMS,0,periodavg_0837-0839,2.160000,-2.3704,2.7393,78.3602,77.2970,1.0633
NLMS,0,periodavg_0837-0839,2.200000,-2.3566,6.5916,78.3964,77.2970,1.0995
NLMS,0,periodavg_0837-0839,2.253333,-2.4233,3.3185,78.4326,77.2970,1.1357
NLMS,0,periodavg_0837-0839,2.306667,-2.4951,3.8055,78.4422,77.2970,1.1452
NLMS,0,periodavg_0837-0839,2.360000,-2.5317,3.9666,78.4720,77.2970,1.1750
NLMS,0,periodavg_0837-0839,2.400000,-2.5636,4.3036,78.4786,77.2970,1.1817
NLMS,0,periodavg_0837-0839,2.453333,-2.5984,5.0358,78.5114,77.2970,1.2145
NLMS,0,periodavg_0837-0839,2.506667,-2.5871,5.0851,78.5336,77.2970,1.2366
NLMS,0,periodavg_0837-0839,2.560000,-2.6421,2.4225,78.5310,77.2970,1.2340
NLMS,0,periodavg_0837-0839,2.600000,-2.6735,3.8043,78.5525,77.2970,1.2555
NLMS,0,periodavg_0837-0839,2.653333,-2.7094,3.0575,78.5664,77.2970,1.2695
NLMS,0,periodavg_0837-0839,2.706667,-2.7628,3.8340,78.6157,77.2970,1.3187
NLMS,0,periodavg_0837-0839,2.760000,-2.7954,4.2008,78.6631,77.2970,1.3662
NLMS,0,periodavg_0837-0839,2.800000,-2.8200,4.8072,78.6873,77.2970,1.3904
NLMS,0,periodavg_0837-0839,2.853333,-2.8517,4.4883,78.7027,77.2970,1.4058
NLMS,0,periodavg_0837-0839,2.906667,-2.8780,4.3113,78.7648,77.2970,1.4679
NLMS,0,periodavg_0837-0839,2.960000,-2.9355,2.8871,78.7950,77.2970,1.4981
NLMS,0,periodavg_0837-0839,3.000000,-2.9602,4.8194,78.8190,77.2970,1.5221
NLMS,0,periodavg_0837-0839,3.053333,-2.9702,5.0119,78.8476,77.2970,1.5507
NLMS,0,periodavg_0837-0839,3.106667,-3.0159,3.3221,78.8541,77.2970,1.5572
NLMS,0,periodavg_0837-0839,3.160000,-3.0577,4.4564,78.8785,77.2970,1.5815
NLMS,0,periodavg_0837-0839,3.200000,-3.0764,5.4614,78.8967,77.2970,1.5998
NLMS,0,periodavg_0837-0839,3.253333,-3.1139,4.6110,78.9259,77.2970,1.6290
NLMS,0,periodavg_0837-0839,3.306667,-3.1282,4.6144,78.9238,77.2970,1.6269
NLMS,0,periodavg_0837-0839,3.360000,-3.1540,3.8887,78.9324,77.2970,1.6354
NLMS,0,periodavg_0837-0839,3.400000,-3.1608,6.7011,78.9526,77.2970,1.6557
NLMS,0,periodavg_0837-0839,3.453333,-3.1940,4.1721,78.9948,77.2970,1.6978
NLMS,0,periodavg_0837-0839,3.506667,-3.2332,4.7646,79.0229,77.2970,1.7259
NLMS,0,periodavg_0837-0839,3.560000,-3.2725,4.9796,79.0412,77.2970,1.7443
NLMS,0,periodavg_0837-0839,3.600000,-3.3076,4.7451,79.0511,77.2970,1.7542
NLMS,0,periodavg_0837-0839,3.653333,-3.3332,4.0775,79.0695,77.2970,1.7726
NLMS,0,periodavg_0837-0839,3.706667,-3.3798,4.2016,79.0796,77.2970,1.7826
NLMS,0,periodavg_0837-0839,3.760000,-3.4066,3.5468,79.1025,77.2970,1.8055
NLMS,0,periodavg_0837-0839,3.800000,-3.4149,4.2438,79.1220,77.2970,1.8250
NLMS,0,periodavg_0837-0839,3.853333,-3.4605,3.7804,79.1512,77.2970,1.8543
NLMS,0,periodavg_0837-0839,3.906667,-3.4811,4.1374,79.1707,77.2970,1.8737
NLMS,0,periodavg_0837-0839,3.960000,-3.5250,4.4906,79.1821,77.2970,1.8852
NLMS,0,periodavg_0837-0839,4.000000,-3.5544,5.8215,79.1921,77.2970,1.8951
NLMS,0,periodavg_0837-0839,4.053333,-3.5761,6.2005,79.2070,77.2970,1.9101
NLMS,0,periodavg_0837-0839,4.106667,-3.6018,3.7131,79.2463,77.2970,1.9494
NLMS,0,periodavg_0837-0839,4.160000,-3.6454,6.0153,79.2858,77.2970,1.9888
NLMS,0,periodavg_0837-0839,4.200000,-3.6600,4.3161,79.3045,77.2970,2.0076
NLMS,0,periodavg_0837-0839,4.253333,-3.7003,3.4726,79.3330,77.2970,2.0361
NLMS,0,periodavg_0837-0839,4.306667,-3.7315,3.9015,79.3495,77.2970,2.0525
NLMS,0,periodavg_0837-0839,4.360000,-3.7591,5.0474,79.3686,77.2970,2.0716
NLMS,0,periodavg_0837-0839,4.400000,-3.7826,4.2950,79.3951,77.2970,2.0982
NLMS,0,periodavg_0837-0839,4.453333,-3.7938,5.4827,79.4236,77.2970,2.1267
NLMS,0,periodavg_0837-0839,4.506667,-3.8324,5.1614,79.4540,77.2970,2.1570
NLMS,0,periodavg_0837-0839,4.560000,-3.8555,3.1668,79.4754,77.2970,2.1785
NLMS,0,periodavg_0837-0839,4.600000,-3.8912,3.7908,79.5051,77.2970,2.2082
NLMS,0,periodavg_0837-0839,4.653333,-3.9281,4.6496,79.5253,77.2970,2.2283
NLMS,0,periodavg_0837-0839,4.706667,-3.9389,3.9813,79.5333,77.2970,2.2363
NLMS,0,periodavg_0837-0839,4.760000,-3.9795,5.5138,79.5450,77.2970,2.2480
NLMS,0,periodavg_0837-0839,4.800000,-4.0134,3.5832,79.5556,77.2970,2.2587
NLMS,0,periodavg_0837-0839,4.853333,-4.0282,4.8294,79.6001,77.2970,2.3032
NLMS,0,periodavg_0837-0839,4.906667,-4.0642,4.9831,79.6119,77.2970,2.3149
NLMS,0,periodavg_0837-0839,4.960000,-4.0975,2.5340,79.6336,77.2970,2.3366
NLMS,0,periodavg_0837-0839,5.000000,-4.1212,3.9269,79.6545,77.2970,2.3575
NLMS,0,periodavg_0837-0839,5.053333,-4.1541,4.5261,79.6781,77.2970,2.3811
NLMS,0,periodavg_0837-0839,5.106667,-4.1869,3.9259,79.7197,77.2970,2.4227
NLMS,0,periodavg_0837-0839,5.160000,-4.1798,6.7090,79.7314,77.2970,2.4344
NLMS,0,periodavg_0837-0839,5.200000,-4.1849,5.0635,79.7460,77.2970,2.4490
NLMS,0,periodavg_0837-0839,5.253333,-4.2619,3.2758,79.7910,77.2970,2.4940
NLMS,0,periodavg_0837-0839,5.306667,-4.2734,5.7728,79.8103,77.2970,2.5134
NLMS,0,periodavg_0837-0839,5.360000,-4.3359,4.4146,79.8283,77.2970,2.5314
NLMS,0,periodavg_0837-0839,5.400000,-4.3486,3.0630,79.8349,77.2970,2.5380
NLMS,0,periodavg_0837-0839,5.453333,-4.3694,3.6998,79.8502,77.2970,2.5532
NLMS,0,periodavg_0837-0839,5.506667,-4.4085,5.1602,79.8861,77.2970,2.5891
NLMS,0,periodavg_0837-0839,5.560000,-4.4454,5.1370,79.9070,77.2970,2.6100
NLMS,0,periodavg_0837-0839,5.600000,-4.4464,5.0807,79.9276,77.2970,2.6307
NLMS,0,periodavg_0837-0839,5.653333,-4.4829,5.1924,79.9445,77.2970,2.6475
NLMS,0,periodavg_0837-0839,5.706667,-4.5157,4.0158,79.9822,77.2970,2.6853
NLMS,0,periodavg_0837-0839,5.760000,-4.5339,4.0036,80.0002,77.2970,2.7032
NLMS,0,periodavg_0837-0839,5.800000,-4.5612,5.4333,80.0234,77.2970,2.7264
NLMS,0,periodavg_0837-0839,5.853333,-4.6179,4.0431,80.0500,77.2970,2.7531
NLMS,0,periodavg_0837-0839,5.906667,-4.6713,4.3272,80.0686,77.2970,2.7717
NLMS,0,periodavg_0837-0839,5.960000,-4.7006,4.7730,80.0996,77.2970,2.8026
NLMS,0,periodavg_0837-0839,6.000000,-4.7135,3.4880,80.1078,77.2970,2.8109
NLMS,0,periodavg_0837-0839,6.053333,-4.7448,6.6060,80.1287,77.2970,2.8318
NLMS,0,periodavg_0837-0839,6.106667,-4.7856,3.9867,80.1499,77.2970,2.8530
NLMS,0,periodavg_0837-0839,6.160000,-4.8231,4.4812,80.1796,77.2970,2.8827
NLMS,0,periodavg_0837-0839,6.200000,-4.8411,5.9262,80.1997,77.2970,2.9028
NLMS,0,periodavg_0837-0839,6.253333,-4.8597,4.2832,80.2228,77.2970,2.9259
NLMS,0,periodavg_0837-0839,6.306667,-4.8972,3.4116,80.2305,77.2970,2.9336
NLMS,0,periodavg_0837-0839,6.360000,-4.9266,5.6239,80.2446,77.2970,2.9476
NLMS,0,periodavg_0837-0839,6.400000,-4.9382,4.0993,80.2503,77.2970,2.9534
NLMS,0,periodavg_0837-0839,6.453333,-4.9721,6.6666,80.2725,77.2970,2.9756
NLMS,0,periodavg_0837-0839,6.506667,-5.0069,3.4234,80.2913,77.2970,2.9944
NLMS,0,periodavg_0837-0839,6.560000,-5.0462,5.9145,80.3119,77.2970,3.0150
NLMS,0,periodavg_0837-0839,6.600000,-5.0678,3.0753,80.3433,77.2970,3.0463
NLMS,0,periodavg_0837-0839,6.653333,-5.1043,5.2750,80.3994,77.2970,3.1025
NLMS,0,periodavg_0837-0839,6.706667,-5.1272,5.8010,80.4200,77.2970,3.1231
NLMS,0,periodavg_0837-0839,6.760000,-5.1558,4.7183,80.4494,77.2970,3.1525
NLMS,0,periodavg_0837-0839,6.800000,-5.1664,3.8179,80.4448,77.2970,3.1479
NLMS,0,periodavg_0837-0839,6.853333,-5.1888,5.0508,80.4681,77.2970,3.1711
NLMS,0,periodavg_0837-0839,6.906667,-5.2256,5.6472,80.4626,77.2970,3.1656
NLMS,0,periodavg_0837-0839,6.960000,-5.2775,3.7009,80.4916,77.2970,3.1947
NLMS,0,periodavg_0837-0839,7.000000,-5.2926,6.0583,80.5188,77.2970,3.2219
NLMS,0,periodavg_0837-0839,7.053333,-5.3164,4.5782,80.5670,77.2970,3.2700
NLMS,0,periodavg_0837-0839,7.106667,-5.3462,4.5486,80.5564,77.2970,3.2595
NLMS,0,periodavg_0837-0839,7.160000,-5.3876,3.5954,80.5661,77.2970,3.2691
NLMS,0,periodavg_0837-0839,7.200000,-5.3925,3.5205,80.5641,77.2970,3.2672
NLMS,0,periodavg_0837-0839,7.253333,-5.4280,4.6729,80.6040,77.2970,3.3071
NLMS,0,periodavg_0837-0839,7.306667,-5.4548,2.9921,80.6319,77.2970,3.3350
NLMS,0,periodavg_0837-0839,7.360000,-5.4841,3.6991,80.6542,77.2970,3.3572
NLMS,0,periodavg_0837-0839,7.400000,-5.4943,4.4612,80.6628,77.2970,3.3658
NLMS,0,periodavg_0837-0839,7.453333,-5.5369,4.8165,80.6672,77.2970,3.3703
NLMS,0,periodavg_0837-0839,7.506667,-5.5731,3.7516,80.7245,77.2970,3.4275
NLMS,0,periodavg_0837-0839,7.560000,-5.5609,4.4093,80.7506,77.2970,3.4536
NLMS,0,periodavg_0837-0839,7.600000,-5.5621,3.2670,80.7708,77.2970,3.4739
NLMS,0,periodavg_0837-0839,7.653333,-5.6188,4.2643,80.8077,77.2970,3.5108
NLMS,0,periodavg_0837-0839,7.706667,-5.6522,5.0268,80.7986,77.2970,3.5016
NLMS,0,periodavg_0837-0839,7.760000,-5.7151,4.1588,80.8252,77.2970,3.5283
NLMS,0,periodavg_0837-0839,7.800000,-5.7318,5.8571,80.8332,77.2970,3.5362
NLMS,0,periodavg_0837-0839,7.853333,-5.7648,4.4775,80.8634,77.2970,3.5665
NLMS,0,periodavg_0837-0839,7.906667,-5.7919,4.6096,80.8931,77.2970,3.5961
NLMS,0,periodavg_0837-0839,7.960000,-5.8230,5.1455,80.9116,77.2970,3.6146
NLMS,0,periodavg_0837-0839,8.000000,-5.8503,4.7124,80.9164,77.2970,3.6194
NLMS,0,periodavg_0837-0839,8.053333,-5.8392,5.3266,80.9115,77.2970,3.6145
NLMS,0,periodavg_0837-0839,8.106667,-5.8965,3.9382,80.9356,77.2970,3.6387
NLMS,0,periodavg_0837-0839,8.160000,-5.9200,3.2417,80.9414,77.2970,3.6444
NLMS,0,periodavg_0837-0839,8.200000,-5.9764,5.7035,80.9986,77.2970,3.7017
NLMS,0,periodavg_0837-0839,8.253333,-5.9720,4.2207,80.9917,77.2970,3.6948
NLMS,0,periodavg_0837-0839,8.306667,-6.0053,5.9195,81.0076,77.2970,3.7107
NLMS,0,periodavg_0837-0839,8.360000,-5.9916,4.1451,81.0116,77.2970,3.7147
NLMS,0,periodavg_0837-0839,8.400000,-6.0734,2.6982,81.0303,77.2970,3.7333
NLMS,0,periodavg_0837-0839,8.453333,-6.1115,5.1053,81.0633,77.2970,3.7663
NLMS,0,periodavg_0837-0839,8.506667,-6.1559,5.1799,81.0893,77.2970,3.7923
NLMS,0,periodavg_0837-0839,8.560000,-6.1818,5.1225,81.1187,77.2970,3.8218
NLMS,0,periodavg_0837-0839,8.600000,-6.1679,6.1538,81.1040,77.2970,3.8071
NLMS,0,periodavg_0837-0839,8.653333,-6.2368,2.5512,81.1580,77.2970,3.8611
NLMS,0,periodavg_0837-0839,8.706667,-6.2493,7.2120,81.1645,77.2970,3.8675
NLMS,0,periodavg_0837-0839,8.760000,-6.2803,4.3897,81.2079,77.2970,3.9109
NLMS,0,periodavg_0837-0839,8.800000,-6.3016,4.4288,81.1901,77.2970,3.8932
NLMS,0,periodavg_0837-0839,8.853333,-6.3263,4.2132,81.2325,77.2970,3.9355
NLMS,0,periodavg_0837-0839,8.906667,-6.3532,5.5083,81.2644,77.2970,3.9675
NLMS,0,periodavg_0837-0839,8.960000,-6.3904,5.6038,81.3107,77.2970,4.0137
NLMS,0,periodavg_0837-0839,9.000000,-6.3952,5.9757,81.3202,77.2970,4.0233
NLMS,0,periodavg_0837-0839,9.053333,-6.4165,5.9077,81.3318,77.2970,4.0348
NLMS,0,periodavg_0837-0839,9.106667,-6.4115,6.2740,81.3756,77.2970,4.0786
NLMS,0,periodavg_0837-0839,9.160000,-6.5003,3.8370,81.4035,77.2970,4.1065
NLMS,0,periodavg_0837-0839,9.200000,-6.5340,4.2719,81.4283,77.2970,4.1313
NLMS,0,periodavg_0837-0839,9.253333,-6.5620,4.3023,81.4603,77.2970,4.1633
NLMS,0,periodavg_0837-0839,9.306667,-6.5754,4.4099,81.4624,77.2970,4.1654
NLMS,0,periodavg_0837-0839,9.360000,-6.6154,5.4078,81.5062,77.2970,4.2092
NLMS,0,periodavg_0837-0839,9.400000,-6.6343,4.7093,81.5321,77.2970,4.2352
NLMS,0,periodavg_0837-0839,9.453333,-6.6617,3.0465,81.5197,77.2970,4.2227
NLMS,0,periodavg_0837-0839,9.506667,-6.6977,4.7722,81.5436,77.2970,4.2467
NLMS,0,periodavg_0837-0839,9.560000,-6.7326,3.7923,81.5759,77.2970,4.2789
NLMS,0,periodavg_0837-0839,9.600000,-6.7056,4.7234,81.6053,77.2970,4.3083
NLMS,0,periodavg_0837-0839,9.653333,-6.7401,3.9179,81.6358,77.2970,4.3388
NLMS,0,periodavg_0837-0839,9.706667,-6.7744,4.6354,81.6179,77.2970,4.3210
NLMS,0,periodavg_0837-0839,9.760000,-6.8089,4.7176,81.6226,77.2970,4.3256
NLMS,0,periodavg_0837-0839,9.800000,-6.8134,5.0355,81.6285,77.2970,4.3315
NLMS,0,periodavg_0837-0839,9.853333,-6.8597,3.7101,81.6359,77.2970,4.3390
NLMS,0,periodavg_0837-0839,9.906667,-6.8784,3.7451,81.6563,77.2970,4.3594
NLMS,0,periodavg_0837-0839,9.960000,-6.9218,5.4432,81.6756,77.2970,4.3786
NLMS,0,periodavg_0837-0839,10.000000,-6.9026,5.2021,81.6635,77.2970,4.3666
NLMS,1,periodavg_0342-0344,10.013333,0.4578,-7.7216,84.1223,83.9969,0.1254
NLMS,1,periodavg_0342-0344,10.053333,-0.0947,0.6372,84.7945,83.9969,0.7976
NLMS,1,periodavg_0342-0344,10.106667,-0.5119,0.2537,85.6012,83.9969,1.6043
NLMS,1,periodavg_0342-0344,10.160000,-0.8328,1.8363,85.8278,83.9969,1.8309
NLMS,1,periodavg_0342-0344,10.200000,-1.0798,1.8505,86.4743,83.9969,2.4774
NLMS,1,periodavg_0342-0344,10.253333,-1.4772,1.3091,87.0682,83.9969,3.0713
NLMS,1,periodavg_0342-0344,10.306667,-1.6429,2.9703,87.5077,83.9969,3.5108
NLMS,1,periodavg_0342-0344,10.360000,-1.8256,1.9679,87.7723,83.9969,3.7754
NLMS,1,periodavg_0342-0344,10.400000,-1.9509,3.4450,87.7775,83.9969,3.7806
NLMS,1,periodavg_0342-0344,10.453333,-2.1552,2.4913,87.8793,83.9969,3.8824
NLMS,1,periodavg_0342-0344,10.506667,-2.2910,1.1181,87.9660,83.9969,3.9691
NLMS,1,periodavg_0342-0344,10.560000,-2.5226,2.4014,88.0624,83.9969,4.0655
NLMS,1,periodavg_0342-0344,10.600000,-2.5997,2.9706,88.0786,83.9969,4.0817
NLMS,1,periodavg_0342-0344,10.653333,-2.7166,1.9222,88.1017,83.9969,4.1048
NLMS,1,periodavg_0342-0344,10.706667,-2.7594,1.9768,88.1313,83.9969,4.1344
NLMS,1,periodavg_0342-0344,10.760000,-2.9183,2.2599,88.2235,83.9969,4.2266
NLMS,1,periodavg_0342-0344,10.800000,-3.0148,3.4638,88.2759,83.9969,4.2790
NLMS,1,periodavg_0342-0344,10.853333,-3.1104,2.0147,88.3193,83.9969,4.3224
NLMS,1,periodavg_0342-0344,10.906667,-3.2132,2.1053,88.3399,83.9969,4.3430
NLMS,1,periodavg_0342-0344,10.960000,-3.2316,1.1546,88.3699,83.9969,4.3730
NLMS,1,periodavg_0342-0344,11.000000,-3.3650,2.2771,88.4650,83.9969,4.4681
NLMS,1,periodavg_0342-0344,11.053333,-3.4547,3.6977,88.5494,83.9969,4.5525
NLMS,1,periodavg_0342-0344,11.106667,-3.5303,2.0315,88.6466,83.9969,4.6497
NLMS,1,periodavg_0342-0344,11.160000,-3.6364,1.9721,88.6918,83.9969,4.6949
NLMS,1,periodavg_0342-0344,11.200000,-3.6691,1.6836,88.7489,83.9969,4.7520
NLMS,1,periodavg_0342-0344,11.253333,-3.7522,3.0170,88.8402,83.9969,4.8433
NLMS,1,periodavg_0342-0344,11.306667,-3.6609,2.7438,88.8438,83.9969,4.8469
NLMS,1,periodavg_0342-0344,11.360000,-3.7695,1.3758,88.9447,83.9969,4.9478
NLMS,1,periodavg_0342-0344,11.400000,-3.7650,2.0874,88.9773,83.9969,4.9804
NLMS,1,periodavg_0342-0344,11.453333,-3.9731,2.5988,89.0203,83.9969,5.0234
NLMS,1,periodavg_0342-0344,11.506667,-4.0588,2.6361,89.0189,83.9969,5.0220
NLMS,1,periodavg_0342-0344,11.560000,-4.0666,2.4353,89.0891,83.9969,5.0922
NLMS,1,periodavg_0342-0344,11.600000,-3.9332,1.7894,89.1144,83.9969,5.1175
NLMS,1,periodavg_0342-0344,11.653333,-4.1247,2.0910,89.1865,83.9969,5.1896
NLMS,1,periodavg_0342-0344,11.706667,-4.2537,2.0180,89.2567,83.9969,5.2597
NLMS,1,periodavg_0342-0344,11.760000,-4.2777,2.7733,89.3556,83.9969,5.3587
NLMS,1,periodavg_0342-0344,11.800000,-4.3594,2.7799,89.3804,83.9969,5.3835
NLMS,1,periodavg_0342-0344,11.853333,-4.4004,3.8454,89.4475,83.9969,5.4506
NLMS,1,periodavg_0342-0344,11.906667,-4.4776,2.4737,89.4822,83.9969,5.4853
NLMS,1,periodavg_0342-0344,11.960000,-4.5076,3.2842,89.5239,83.9969,5.5270
NLMS,1,periodavg_0342-0344,12.000000,-4.5675,3.6489,89.5109,83.9969,5.5140
NLMS,1,periodavg_0342-0344,12.053333,-4.6200,2.6963,89.5596,83.9969,5.5627
NLMS,1,periodavg_0342-0344,12.106667,-4.6222,2.3722,89.6453,83.9969,5.6484
NLMS,1,periodavg_0342-0344,12.160000,-4.7053,3.1103,89.6885,83.9969,5.6916
NLMS,1,periodavg_0342-0344,12.200000,-4.7310,3.3715,89.7206,83.9969,5.7236
NLMS,1,periodavg_0342-0344,12.253333,-4.6866,3.6036,89.7530,83.9969,5.7561
NLMS,1,periodavg_0342-0344,12.306667,-4.7939,2.3760,89.8067,83.9969,5.8098
NLMS,1,periodavg_0342-0344,12.360000,-4.8771,2.0115,89.9242,83.9969,5.9273
NLMS,1,periodavg_0342-0344,12.400000,-4.8967,3.3788,89.9333,83.9969,5.9364
NLMS,1,periodavg_0342-0344,12.453333,-4.7398,3.0385,89.9644,83.9969,5.9675
NLMS,1,periodavg_0342-0344,12.506667,-4.9542,2.5509,89.9985,83.9969,6.0016
NLMS,1,periodavg_0342-0344,12.560000,-4.9881,1.5096,90.0051,83.9969,6.0082
NLMS,1,periodavg_0342-0344,12.600000,-4.9560,2.8580,90.0430,83.9969,6.0461
NLMS,1,periodavg_0342-0344,12.653333,-4.9812,3.8200,90.0587,83.9969,6.0618
NLMS,1,periodavg_0342-0344,12.706667,-4.9626,3.4380,90.0860,83.9969,6.0890
NLMS,1,periodavg_0342-0344,12.760000,-5.0375,2.4749,90.1264,83.9969,6.1295
NLMS,1,periodavg_0342-0344,12.800000,-5.1884,2.1755,90.1950,83.9969,6.1981
NLMS,1,periodavg_0342-0344,12.853333,-5.2601,2.7514,90.2825,83.9969,6.2856
NLMS,1,periodavg_0342-0344,12.906667,-5.1934,1.9822,90.3697,83.9969,6.3727
NLMS,1,periodavg_0342-0344,12.960000,-5.2927,3.5031,90.3889,83.9969,6.3920
NLMS,1,periodavg_0342-0344,13.000000,-5.3607,1.7172,90.3953,83.9969,6.3984
NLMS,1,periodavg_0342-0344,13.053333,-5.3607,3.3961,90.4358,83.9969,6.4389
NLMS,1,periodavg_0342-0344,13.106667,-5.2779,2.4209,90.5082,83.9969,6.5113
NLMS,1,periodavg_0342-0344,13.160000,-5.3557,2.3035,90.5955,83.9969,6.5986
NLMS,1,periodavg_0342-0344,13.200000,-5.4794,1.5733,90.6477,83.9969,6.6508
NLMS,1,periodavg_0342-0344,13.253333,-5.5146,3.1237,90.6925,83.9969,6.6956
NLMS,1,periodavg_0342-0344,13.306667,-5.5433,2.3764,90.7145,83.9969,6.7176
NLMS,1,periodavg_0342-0344,13.360000,-5.5281,2.4826,90.7437,83.9969,6.7468
NLMS,1,periodavg_0342-0344,13.400000,-5.6510,2.3039,90.7509,83.9969,6.7540
NLMS,1,periodavg_0342-0344,13.453333,-5.6338,2.6269,90.7580,83.9969,6.7611
NLMS,1,periodavg_0342-0344,13.506667,-5.6599,2.2651,90.8009,83.9969,6.8040
NLMS,1,periodavg_0342-0344,13.560000,-5.7309,2.8492,90.8243,83.9969,6.8274
NLMS,1,periodavg_0342-0344,13.600000,-5.7940,2.2694,90.8600,83.9969,6.8631
NLMS,1,periodavg_0342-0344,13.653333,-5.7315,3.4035,90.8873,83.9969,6.8904
NLMS,1,periodavg_0342-0344,13.706667,-5.5866,2.4415,90.8911,83.9969,6.8942
NLMS,1,periodavg_0342-0344,13.760000,-5.7280,3.0320,90.9316,83.9969,6.9347
NLMS,1,periodavg_0342-0344,13.800000,-5.8845,1.8530,90.9220,83.9969,6.9250
NLMS,1,periodavg_0342-0344,13.853333,-5.7794,3.3104,90.9404,83.9969,6.9435
NLMS,1,periodavg_0342-0344,13.906667,-5.9213,2.9109,90.9443,83.9969,6.9474
NLMS,1,periodavg_0342-0344,13.960000,-6.0156,2.4130,90.9917,83.9969,6.9948
NLMS,1,periodavg_0342-0344,14.000000,-6.0231,4.0079,90.9910,83.9969,6.9941
NLMS,1,periodavg_0342-0344,14.053333,-5.7967,4.5512,90.9884,83.9969,6.9914
NLMS,1,periodavg_0342-0344,14.106667,-5.9369,3.5373,91.0513,83.9969,7.0544
NLMS,1,periodavg_0342-0344,14.160000,-6.0886,2.7586,91.0670,83.9969,7.0701
NLMS,1,periodavg_0342-0344,14.200000,-6.1906,3.1375,91.0803,83.9969,7.0834
NLMS,1,periodavg_0342-0344,14.253333,-6.1060,2.9590,91.0763,83.9969,7.0794
NLMS,1,periodavg_0342-0344,14.306667,-6.2532,2.9177,91.1607,83.9969,7.1638
NLMS,1,periodavg_0342-0344,14.360000,-6.2775,2.9129,91.2395,83.9969,7.2426
NLMS,1,periodavg_0342-0344,14.400000,-6.2054,1.5487,91.2502,83.9969,7.2533
NLMS,1,periodavg_0342-0344,14.453333,-6.2627,3.0033,91.2883,83.9969,7.2914
NLMS,1,periodavg_0342-0344,14.506667,-6.3708,2.5187,91.3149,83.9969,7.3180
NLMS,1,periodavg_0342-0344,14.560000,-6.3329,2.0920,91.2802,83.9969,7.2833
NLMS,1,periodavg_0342-0344,14.600000,-6.2478,3.4553,91.2990,83.9969,7.3021
NLMS,1,periodavg_0342-0344,14.653333,-6.4719,2.3474,91.3358,83.9969,7.3389
NLMS,1,periodavg_0342-0344,14.706667,-6.4206,2.8785,91.3576,83.9969,7.3607
NLMS,1,periodavg_0342-0344,14.760000,-6.5922,2.5912,91.3596,83.9969,7.3627
NLMS,1,periodavg_0342-0344,14.800000,-6.5584,3.0093,91.4055,83.9969,7.4086
NLMS,1,periodavg_0342-0344,14.853333,-6.5731,2.7478,91.4106,83.9969,7.4137
NLMS,1,periodavg_0342-0344,14.906667,-6.6582,1.5878,91.4267,83.9969,7.4298
NLMS,1,periodavg_0342-0344,14.960000,-6.6877,2.4063,91.4457,83.9969,7.4487
NLMS,1,periodavg_0342-0344,15.000000,-6.6932,2.4503,91.4631,83.9969,7.4662
NLMS,1,periodavg_0342-0344,15.053333,-6.6103,1.9021,91.5097,83.9969,7.5128
NLMS,1,periodavg_0342-0344,15.106667,-6.6322,2.9293,91.5566,83.9969,7.5597
NLMS,1,periodavg_0342-0344,15.160000,-6.6967,2.2456,91.5676,83.9969,7.5707
NLMS,1,periodavg_0342-0344,15.200000,-6.7868,3.2451,91.5734,83.9969,7.5765
NLMS,1,periodavg_0342-0344,15.253333,-6.6458,1.9077,91.6379,83.9969,7.6410
NLMS,1,periodavg_0342-0344,15.306667,-6.7092,2.1484,91.6421,83.9969,7.6451
NLMS,1,periodavg_0342-0344,15.360000,-6.8833,4.2209,91.6684,83.9969,7.6715
NLMS,1,periodavg_0342-0344,15.400000,-6.8484,1.8412,91.6493,83.9969,7.6524
NLMS,1,periodavg_0342-0344,15.453333,-6.9001,2.2376,91.7128,83.9969,7.7159
NLMS,1,periodavg_0342-0344,15.506667,-6.9720,2.2777,91.7600,83.9969,7.7631
NLMS,1,periodavg_0342-0344,15.560000,-7.0625,2.6516,91.7857,83.9969,7.7888
NLMS,1,periodavg_0342-0344,15.600000,-6.9675,2.6405,91.7986,83.9969,7.8017
NLMS,1,periodavg_0342-0344,15.653333,-6.9563,2.1653,91.8005,83.9969,7.8036
NLMS,1,periodavg_0342-0344,15.706667,-7.0984,4.5381,91.8196,83.9969,7.8227
NLMS,1,periodavg_0342-0344,15.760000,-6.9446,2.5470,91.8364,83.9969,7.8395
NLMS,1,periodavg_0342-0344,15.800000,-7.2201,1.7760,91.8669,83.9969,7.8700
NLMS,1,periodavg_0342-0344,15.853333,-7.1362,2.6826,91.8755,83.9969,7.8786
NLMS,1,periodavg_0342-0344,15.906667,-7.1204,2.2553,91.9140,83.9969,7.9171
NLMS,1,periodavg_0342-0344,15.960000,-7.2351,1.9084,91.9403,83.9969,7.9434
NLMS,1,periodavg_0342-0344,16.000000,-6.9812,2.1009,90.8587,83.9969,6.8618
NLMS,1,periodavg_0342-0344,16.053333,-7.2566,3.6558,91.9916,83.9969,7.9947
NLMS,1,periodavg_0342-0344,16.106667,-7.2186,3.0340,92.0344,83.9969,8.0375
NLMS,1,periodavg_0342-0344,16.160000,-7.3760,3.6903,92.0598,83.9969,8.0629
NLMS,1,periodavg_0342-0344,16.200000,-7.3938,2.4978,92.0970,83.9969,8.1001
NLMS,1,periodavg_0342-0344,16.253333,-7.2223,3.2353,92.0895,83.9969,8.0926
NLMS,1,periodavg_0342-0344,16.306667,-7.3224,2.4315,92.1141,83.9969,8.1172
NLMS,1,periodavg_0342-0344,16.360000,-7.4999,2.0260,92.1402,83.9969,8.1433
NLMS,1,periodavg_0342-0344,16.400000,-7.4644,1.1431,92.1385,83.9969,8.1416
NLMS,1,periodavg_0342-0344,16.453333,-7.4974,2.8699,92.1881,83.9969,8.1912
NLMS,1,periodavg_0342-0344,16.506667,-7.3830,2.2875,92.2008,83.9969,8.2039
NLMS,1,periodavg_0342-0344,16.560000,-7.5205,1.6508,92.2302,83.9969,8.2333
NLMS,1,periodavg_0342-0344,16.600000,-7.6049,2.6152,92.2484,83.9969,8.2515
NLMS,1,periodavg_0342-0344,16.653333,-7.5877,2.5244,92.2573,83.9969,8.2604
NLMS,1,periodavg_0342-0344,16.706667,-7.7546,3.5634,92.2691,83.9969,8.2722
NLMS,1,periodavg_0342-0344,16.760000,-7.7412,2.9931,92.3023,83.9969,8.3053
NLMS,1,periodavg_0342-0344,16.800000,-7.7333,3.0504,92.3338,83.9969,8.3369
NLMS,1,periodavg_0342-0344,16.853333,-7.6257,3.1660,92.3340,83.9969,8.3371
NLMS,1,periodavg_0342-0344,16.906667,-7.7112,2.6569,92.3779,83.9969,8.3810
NLMS,1,periodavg_0342-0344,16.960000,-7.7894,2.2874,92.4230,83.9969,8.4261
NLMS,1,periodavg_0342-0344,17.000000,-7.7677,2.6616,92.3957,83.9969,8.3988
NLMS,1,periodavg_0342-0344,17.053333,-7.9137,2.2799,92.4556,83.9969,8.4587
NLMS,1,periodavg_0342-0344,17.106667,-8.0249,2.7218,92.4835,83.9969,8.4866
NLMS,1,periodavg_0342-0344,17.160000,-7.9765,1.9341,92.4985,83.9969,8.5015
NLMS,1,periodavg_0342-0344,17.200000,-7.9851,3.2767,92.5062,83.9969,8.5093
NLMS,1,periodavg_0342-0344,17.253333,-8.0036,2.0010,92.5333,83.9969,8.5364
NLMS,1,periodavg_0342-0344,17.306667,-7.8126,2.0643,91.8191,83.9969,7.8222
NLMS,1,periodavg_0342-0344,17.360000,-7.8868,2.3060,92.2883,83.9969,8.2914
NLMS,1,periodavg_0342-0344,17.400000,-7.9794,3.4670,92.5214,83.9969,8.5244
NLMS,1,periodavg_0342-0344,17.453333,-8.1123,3.3454,92.5612,83.9969,8.5643
NLMS,1,periodavg_0342-0344,17.506667,-8.2471,1.9660,92.6128,83.9969,8.6159
NLMS,1,periodavg_0342-0344,17.560000,-8.1529,3.3641,92.6698,83.9969,8.6729
NLMS,1,periodavg_0342-0344,17.600000,-8.1919,2.4264,92.6934,83.9969,8.6964
NLMS,1,periodavg_0342-0344,17.653333,-8.2229,1.8809,92.6991,83.9969,8.7022
NLMS,1,periodavg_0342-0344,17.706667,-8.3701,2.1880,92.7352,83.9969,8.7383
NLMS,1,periodavg_0342-0344,17.760000,-8.0398,2.2658,92.7818,83.9969,8.7849
NLMS,1,periodavg_0342-0344,17.800000,-8.2502,4.3976,92.7932,83.9969,8.7963
NLMS,1,periodavg_0342-0344,17.853333,-8.3186,2.1101,92.8000,83.9969,8.8031
NLMS,1,periodavg_0342-0344,17.906667,-8.3148,3.1711,92.8009,83.9969,8.8040
NLMS,1,periodavg_0342-0344,17.960000,-8.3362,3.6899,92.7801,83.9969,8.7832
NLMS,1,periodavg_0342-0344,18.000000,-8.3346,2.2470,92.8072,83.9969,8.8103
NLMS,1,periodavg_0342-0344,18.053333,-8.3918,3.0175,92.8385,83.9969,8.8416
NLMS,1,periodavg_0342-0344,18.106667,-8.3360,2.3907,92.8509,83.9969,8.8540
NLMS,1,periodavg_0342-0344,18.160000,-8.1923,3.0621,92.9039,83.9969,8.9070
NLMS,1,periodavg_0342-0344,18.200000,-8.5409,2.8112,92.9343,83.9969,8.9374
NLMS,1,periodavg_0342-0344,18.253333,-8.3255,2.5279,93.0125,83.9969,9.0155
NLMS,1,periodavg_0342-0344,18.306667,-7.8493,4.3566,89.0508,83.9969,5.0539
NLMS,1,periodavg_0342-0344,18.360000,-8.3972,1.9157,92.9804,83.9969,8.9835
NLMS,1,periodavg_0342-0344,18.400000,-8.5582,2.4486,93.0044,83.9969,9.0075
NLMS,1,periodavg_0342-0344,18.453333,-8.6055,2.3823,93.0193,83.9969,9.0224
NLMS,1,periodavg_0342-0344,18.506667,-8.7090,3.7391,93.0416,83.9969,9.0447
NLMS,1,periodavg_0342-0344,18.560000,-8.6542,3.4271,93.0523,83.9969,9.0554
NLMS,1,periodavg_0342-0344,18.600000,-8.8130,2.2743,93.0986,83.9969,9.1017
NLMS,1,periodavg_0342-0344,18.653333,-8.7250,2.3112,93.0778,83.9969,9.0809
NLMS,1,periodavg_0342-0344,18.706667,-8.4706,3.5046,91.9171,83.9969,7.9202
NLMS,1,periodavg_0342-0344,18.760000,-8.4953,1.5233,93.1288,83.9969,9.1319
NLMS,1,periodavg_0342-0344,18.800000,-8.7581,3.8757,93.1391,83.9969,9.1422
NLMS,1,periodavg_0342-0344,18.853333,-8.7467,2.2050,93.1556,83.9969,9.1587
NLMS,1,periodavg_0342-0344,18.906667,-8.9073,2.3765,93.1491,83.9969,9.1522
NLMS,1,periodavg_0342-0344,18.960000,-8.6598,3.8174,92.1806,83.9969,8.1837
NLMS,1,periodavg_0342-0344,19.000000,-8.4025,2.5408,93.1756,83.9969,9.1787
NLMS,1,periodavg_0342-0344,19.053333,-8.9554,1.6602,93.1984,83.9969,9.2015
NLMS,1,periodavg_0342-0344,19.106667,-8.9306,2.9682,93.1867,83.9969,9.1898
NLMS,1,periodavg_0342-0344,19.160000,-8.9752,1.1592,93.2090,83.9969,9.2121
NLMS,1,periodavg_0342-0344,19.200000,-8.9488,3.2498,93.2414,83.9969,9.2445
NLMS,1,periodavg_0342-0344,19.253333,-8.9776,2.5606,93.2856,83.9969,9.2887
NLMS,1,periodavg_0342-0344,19.306667,-9.1141,2.8346,93.3062,83.9969,9.3093
NLMS,1,periodavg_0342-0344,19.360000,-9.2082,3.2987,93.3586,83.9969,9.3617
NLMS,1,periodavg_0342-0344,19.400000,-9.2934,2.5493,93.3984,83.9969,9.4014
NLMS,1,periodavg_0342-0344,19.453333,-9.1254,2.8717,93.4042,83.9969,9.4073
NLMS,1,periodavg_0342-0344,19.506667,-9.2565,1.9451,93.4297,83.9969,9.4328
NLMS,1,periodavg_0342-0344,19.560000,-9.0732,2.6564,93.4123,83.9969,9.4154
NLMS,1,periodavg_0342-0344,19.600000,-8.9420,2.5754,93.4492,83.9969,9.4523
NLMS,1,periodavg_0342-0344,19.653333,-9.1738,2.2511,93.5115,83.9969,9.5146
NLMS,1,periodavg_0342-0344,19.706667,-9.4123,3.5898,93.5412,83.9969,9.5443
NLMS,1,periodavg_0342-0344,19.760000,-9.2020,1.8312,93.4736,83.9969,9.4766
NLMS,1,periodavg_0342-0344,19.800000,-9.0955,2.9830,93.1871,83.9969,9.1902
NLMS,1,periodavg_0342-0344,19.853333,-9.1160,1.6620,93.5193,83.9969,9.5224
NLMS,1,periodavg_0342-0344,19.906667,-8.8855,1.7832,93.5680,83.9969,9.5711
NLMS,1,periodavg_0342-0344,19.960000,-9.3164,2.8289,93.5589,83.9969,9.5620
NLMS,1,periodavg_0342-0344,20.000000,-9.2255,2.7821,93.5833,83.9969,9.5864
NLMS,2,periodavg_0678-0680,20.013333,-3.4020,-5.3416,83.2654,80.3766,2.8888
NLMS,2,periodavg_0678-0680,20.053333,-4.3367,-0.3487,85.4429,80.3766,5.0663
NLMS,2,periodavg_0678-0680,20.106667,-4.4207,1.4992,85.4579,80.3766,5.0813
NLMS,2,periodavg_0678-0680,20.160000,-4.9201,0.7361,85.4894,80.3766,5.1128
NLMS,2,periodavg_0678-0680,20.200000,-4.9250,1.1354,85.4805,80.3766,5.1039
NLMS,2,periodavg_0678-0680,20.253333,-4.9347,1.0538,85.5646,80.3766,5.1880
NLMS,2,periodavg_0678-0680,20.306667,-5.1544,1.2549,85.5771,80.3766,5.2004
NLMS,2,periodavg_0678-0680,20.360000,-5.2365,1.2744,85.6016,80.3766,5.2250
NLMS,2,periodavg_0678-0680,20.400000,-5.1737,0.9087,85.6202,80.3766,5.2436
NLMS,2,periodavg_0678-0680,20.453333,-5.1782,1.5033,85.6610,80.3766,5.2844
NLMS,2,periodavg_0678-0680,20.506667,-5.1919,1.0737,85.7113,80.3766,5.3347
NLMS,2,periodavg_0678-0680,20.560000,-5.1488,1.4222,85.7285,80.3766,5.3519
NLMS,2,periodavg_0678-0680,20.600000,-5.2840,0.7317,85.7137,80.3766,5.3371
NLMS,2,periodavg_0678-0680,20.653333,-5.2692,1.4028,85.7475,80.3766,5.3709
NLMS,2,periodavg_0678-0680,20.706667,-5.4823,0.8361,85.7946,80.3766,5.4179
NLMS,2,periodavg_0678-0680,20.760000,-5.4814,1.0335,85.8252,80.3766,5.4486
NLMS,2,periodavg_0678-0680,20.800000,-5.4727,0.8490,85.8314,80.3766,5.4548
NLMS,2,periodavg_0678-0680,20.853333,-5.6233,1.6890,85.8575,80.3766,5.4809
NLMS,2,periodavg_0678-0680,20.906667,-5.6172,0.9742,85.8712,80.3766,5.4945
NLMS,2,periodavg_0678-0680,20.960000,-5.5179,2.8519,85.8836,80.3766,5.5070
NLMS,2,periodavg_0678-0680,21.000000,-5.6615,1.6455,85.8961,80.3766,5.5195
NLMS,2,periodavg_0678-0680,21.053333,-5.6795,1.4105,85.9280,80.3766,5.5514
NLMS,2,periodavg_0678-0680,21.106667,-5.8157,1.3181,85.9394,80.3766,5.5628
NLMS,2,periodavg_0678-0680,21.160000,-5.7326,2.6873,85.9494,80.3766,5.5727
NLMS,2,periodavg_0678-0680,21.200000,-5.6128,2.0341,85.9489,80.3766,5.5723
NLMS,2,periodavg_0678-0680,21.253333,-5.6248,1.5897,85.9696,80.3766,5.5930
NLMS,2,periodavg_0678-0680,21.306667,-5.6950,1.7986,85.9835,80.3766,5.6069
NLMS,2,periodavg_0678-0680,21.360000,-5.7420,0.5583,85.9916,80.3766,5.6150
NLMS,2,periodavg_0678-0680,21.400000,-5.9070,1.5437,86.0150,80.3766,5.6384
NLMS,2,periodavg_0678-0680,21.453333,-5.9630,0.8023,86.0756,80.3766,5.6990
NLMS,2,periodavg_0678-0680,21.506667,-5.9265,1.6314,86.0990,80.3766,5.7224
NLMS,2,periodavg_0678-0680,21.560000,-5.8252,0.8637,86.1322,80.3766,5.7556
NLMS,2,periodavg_0678-0680,21.600000,-5.7274,0.6168,86.1470,80.3766,5.7703
NLMS,2,periodavg_0678-0680,21.653333,-5.8965,1.4448,86.1638,80.3766,5.7871
NLMS,2,periodavg_0678-0680,21.706667,-6.0074,1.8202,86.1792,80.3766,5.8026
NLMS,2,periodavg_0678-0680,21.760000,-6.1658,1.8429,86.2211,80.3766,5.8444
NLMS,2,periodavg_0678-0680,21.800000,-6.2516,1.1424,86.2474,80.3766,5.8708
NLMS,2,periodavg_0678-0680,21.853333,-6.1611,1.3482,86.2797,80.3766,5.9030
NLMS,2,periodavg_0678-0680,21.906667,-6.2116,1.1997,86.2868,80.3766,5.9102
NLMS,2,periodavg_0678-0680,21.960000,-6.3067,0.7201,86.2995,80.3766,5.9228
NLMS,2,periodavg_0678-0680,22.000000,-6.2155,2.9525,86.3117,80.3766,5.9351
NLMS,2,periodavg_0678-0680,22.053333,-6.3248,1.0193,86.3102,80.3766,5.9336
NLMS,2,periodavg_0678-0680,22.106667,-6.2862,2.6598,86.3066,80.3766,5.9299
NLMS,2,periodavg_0678-0680,22.160000,-6.2374,1.4748,86.3676,80.3766,5.9909
NLMS,2,periodavg_0678-0680,22.200000,-6.0431,1.6114,86.3998,80.3766,6.0232
NLMS,2,periodavg_0678-0680,22.253333,-6.1065,0.3334,86.4307,80.3766,6.0541
NLMS,2,periodavg_0678-0680,22.306667,-6.0190,0.9061,86.4649,80.3766,6.0883
NLMS,2,periodavg_0678-0680,22.360000,-6.1621,0.9745,86.4642,80.3766,6.0875
NLMS,2,periodavg_0678-0680,22.400000,-6.3822,1.6786,86.4577,80.3766,6.0811
NLMS,2,periodavg_0678-0680,22.453333,-6.4530,1.5770,86.4777,80.3766,6.1011
NLMS,2,periodavg_0678-0680,22.506667,-6.1463,1.0407,86.4985,80.3766,6.1218
NLMS,2,periodavg_0678-0680,22.560000,-6.0178,1.6482,86.5255,80.3766,6.1489
NLMS,2,periodavg_0678-0680,22.600000,-6.3368,-0.1117,86.5386,80.3766,6.1620
NLMS,2,periodavg_0678-0680,22.653333,-6.4754,1.1947,86.5640,80.3766,6.1874
NLMS,2,periodavg_0678-0680,22.706667,-6.4744,1.7856,86.6034,80.3766,6.2267
NLMS,2,periodavg_0678-0680,22.760000,-6.7170,1.0559,86.6132,80.3766,6.2366
NLMS,2,periodavg_0678-0680,22.800000,-6.6664,0.6919,86.6217,80.3766,6.2450
NLMS,2,periodavg_0678-0680,22.853333,-6.5737,1.1320,86.6316,80.3766,6.2550
NLMS,2,periodavg_0678-0680,22.906667,-6.3484,2.2294,86.6286,80.3766,6.2519
NLMS,2,periodavg_0678-0680,22.960000,-6.5987,1.4985,86.6307,80.3766,6.2541
NLMS,2,periodavg_0678-0680,23.000000,-6.7040,1.6133,86.6581,80.3766,6.2815
NLMS,2,periodavg_0678-0680,23.053333,-6.6408,1.3626,86.7053,80.3766,6.3286
NLMS,2,periodavg_0678-0680,23.106667,-6.6746,1.5792,86.7196,80.3766,6.3430
NLMS,2,periodavg_0678-0680,23.160000,-6.8414,1.4741,86.7286,80.3766,6.3520
NLMS,2,periodavg_0678-0680,23.200000,-6.7473,1.4173,86.7495,80.3766,6.3729
NLMS,2,periodavg_0678-0680,23.253333,-6.7953,1.7936,86.7674,80.3766,6.3908
NLMS,2,periodavg_0678-0680,23.306667,-6.7038,1.6464,86.8019,80.3766,6.4252
NLMS,2,periodavg_0678-0680,23.360000,-6.9314,0.2375,86.8178,80.3766,6.4411
NLMS,2,periodavg_0678-0680,23.400000,-6.6250,0.7573,86.8231,80.3766,6.4464
NLMS,2,periodavg_0678-0680,23.453333,-6.7835,1.5544,86.8427,80.3766,6.4661
NLMS,2,periodavg_0678-0680,23.506667,-6.6485,2.3542,86.8671,80.3766,6.4905
NLMS,2,periodavg_0678-0680,23.560000,-6.8669,0.5048,86.9096,80.3766,6.5330
NLMS,2,periodavg_0678-0680,23.600000,-6.7322,2.0185,86.9348,80.3766,6.5581
NLMS,2,periodavg_0678-0680,23.653333,-6.7345,1.6286,86.9729,80.3766,6.5962
NLMS,2,periodavg_0678-0680,23.706667,-6.9326,1.2581,87.0039,80.3766,6.6273
NLMS,2,periodavg_0678-0680,23.760000,-6.9169,1.6027,87.0708,80.3766,6.6941
NLMS,2,periodavg_0678-0680,23.800000,-7.0285,0.3097,87.0855,80.3766,6.7089
NLMS,2,periodavg_0678-0680,23.853333,-7.1305,1.5816,87.0859,80.3766,6.7092
NLMS,2,periodavg_0678-0680,23.906667,-7.0457,1.4488,87.1232,80.3766,6.7465
NLMS,2,periodavg_0678-0680,23.960000,-7.0171,1.1847,87.1484,80.3766,6.7718
NLMS,2,periodavg_0678-0680,24.000000,-6.9677,1.1005,87.1680,80.3766,6.7914
NLMS,2,periodavg_0678-0680,24.053333,-7.0643,1.9700,87.1648,80.3766,6.7881
NLMS,2,periodavg_0678-0680,24.106667,-7.1449,0.5547,87.1982,80.3766,6.8216
NLMS,2,periodavg_0678-0680,24.160000,-7.2800,1.4821,87.2377,80.3766,6.8611
NLMS,2,periodavg_0678-0680,24.200000,-6.2758,2.7025,85.6555,80.3766,5.2788
NLMS,2,periodavg_0678-0680,24.253333,-7.0221,1.4129,87.2794,80.3766,6.9028
NLMS,2,periodavg_0678-0680,24.306667,-7.0417,1.2368,87.3166,80.3766,6.9400
NLMS,2,periodavg_0678-0680,24.360000,-7.2599,1.2845,87.3357,80.3766,6.9590
NLMS,2,periodavg_0678-0680,24.400000,-7.2651,1.8243,87.3639,80.3766,6.9873
NLMS,2,periodavg_0678-0680,24.453333,-7.3238,1.4289,87.3803,80.3766,7.0036
NLMS,2,periodavg_0678-0680,24.506667,-7.1459,2.9293,87.3697,80.3766,6.9930
NLMS,2,periodavg_0678-0680,24.560000,-7.2859,1.5665,87.3576,80.3766,6.9810
NLMS,2,periodavg_0678-0680,24.600000,-7.3173,1.2144,87.3979,80.3766,7.0213
NLMS,2,periodavg_0678-0680,24.653333,-7.2201,0.8648,87.4177,80.3766,7.0411
NLMS,2,periodavg_0678-0680,24.706667,-7.4144,1.4194,87.4401,80.3766,7.0635
NLMS,2,periodavg_0678-0680,24.760000,-7.4343,1.6639,87.4813,80.3766,7.1047
NLMS,2,periodavg_0678-0680,24.800000,-7.4905,1.0691,87.4827,80.3766,7.1061
NLMS,2,periodavg_0678-0680,24.853333,-7.6400,1.6427,87.5163,80.3766,7.1397
NLMS,2,periodavg_0678-0680,24.906667,-7.4458,0.8109,87.5567,80.3766,7.1801
NLMS,2,periodavg_0678-0680,24.960000,-7.5365,1.5458,87.6101,80.3766,7.2335
NLMS,2,periodavg_0678-0680,25.000000,-7.7100,1.5109,87.6200,80.3766,7.2434
NLMS,2,periodavg_0678-0680,25.053333,-7.6210,1.2776,87.6387,80.3766,7.2621
NLMS,2,periodavg_0678-0680,25.106667,-7.5256,1.4045,87.6394,80.3766,7.2628
NLMS,2,periodavg_0678-0680,25.160000,-7.6653,1.5065,87.6745,80.3766,7.2979
NLMS,2,periodavg_0678-0680,25.200000,-7.2589,1.9928,87.6764,80.3766,7.2997
NLMS,2,periodavg_0678-0680,25.253333,-7.4615,1.0292,87.6848,80.3766,7.3081
NLMS,2,periodavg_0678-0680,25.306667,-7.6261,1.9179,87.7167,80.3766,7.3401
NLMS,2,periodavg_0678-0680,25.360000,-7.6012,0.2504,87.7571,80.3766,7.3805
NLMS,2,periodavg_0678-0680,25.400000,-7.4663,1.8573,87.7981,80.3766,7.4215
NLMS,2,periodavg_0678-0680,25.453333,-7.6206,1.7881,87.8104,80.3766,7.4337
NLMS,2,periodavg_0678-0680,25.506667,-7.5108,1.3618,87.8235,80.3766,7.4469
NLMS,2,periodavg_0678-0680,25.560000,-7.7013,1.6074,87.8267,80.3766,7.4501
NLMS,2,periodavg_0678-0680,25.600000,-7.6249,2.7112,87.8443,80.3766,7.4677
NLMS,2,periodavg_0678-0680,25.653333,-7.5781,2.5078,87.8639,80.3766,7.4873
NLMS,2,periodavg_0678-0680,25.706667,-7.7004,1.3465,87.8833,80.3766,7.5067
NLMS,2,periodavg_0678-0680,25.760000,-7.8035,0.9237,87.9274,80.3766,7.5508
NLMS,2,periodavg_0678-0680,25.800000,-7.3850,0.8020,87.9565,80.3766,7.5799
NLMS,2,periodavg_0678-0680,25.853333,-7.9012,0.9621,87.9821,80.3766,7.6055
NLMS,2,periodavg_0678-0680,25.906667,-7.9035,1.9998,88.0096,80.3766,7.6330
NLMS,2,periodavg_0678-0680,25.960000,-7.9739,1.0793,88.0385,80.3766,7.6619
NLMS,2,periodavg_0678-0680,26.000000,-8.0914,1.1229,88.0598,80.3766,7.6832
NLMS,2,periodavg_0678-0680,26.053333,-8.0037,1.4416,88.0955,80.3766,7.7188
NLMS,2,periodavg_0678-0680,26.106667,-7.8072,1.3809,88.1315,80.3766,7.7549
NLMS,2,periodavg_0678-0680,26.160000,-7.9058,0.3191,88.1627,80.3766,7.7861
NLMS,2,periodavg_0678-0680,26.200000,-7.8604,1.6083,88.1894,80.3766,7.8128
NLMS,2,periodavg_0678-0680,26.253333,-7.9063,1.3058,88.1830,80.3766,7.8064
NLMS,2,periodavg_0678-0680,26.306667,-8.0722,1.7856,88.1840,80.3766,7.8074
NLMS,2,periodavg_0678-0680,26.360000,-8.0856,1.1831,88.2218,80.3766,7.8452
NLMS,2,periodavg_0678-0680,26.400000,-8.2543,3.1998,88.2200,80.3766,7.8434
NLMS,2,periodavg_0678-0680,26.453333,-8.0017,1.2421,88.2241,80.3766,7.8475
NLMS,2,periodavg_0678-0680,26.506667,-8.3619,1.0443,88.2564,80.3766,7.8798
NLMS,2,periodavg_0678-0680,26.560000,-8.2307,2.3246,88.2725,80.3766,7.8958
NLMS,2,periodavg_0678-0680,26.600000,-8.1918,2.0634,88.3160,80.3766,7.9394
NLMS,2,periodavg_0678-0680,26.653333,-8.2575,0.6934,88.3545,80.3766,7.9779
NLMS,2,periodavg_0678-0680,26.706667,-8.1903,1.5215,88.3714,80.3766,7.9948
NLMS,2,periodavg_0678-0680,26.760000,-8.1985,1.4495,88.3775,80.3766,8.0009
NLMS,2,periodavg_0678-0680,26.800000,-8.3956,1.8605,88.3959,80.3766,8.0192
NLMS,2,periodavg_0678-0680,26.853333,-8.2586,1.6904,88.4344,80.3766,8.0577
NLMS,2,periodavg_0678-0680,26.906667,-8.2277,1.9621,88.4172,80.3766,8.0406
NLMS,2,periodavg_0678-0680,26.960000,-8.3851,0.7587,88.4539,80.3766,8.0773
NLMS,2,periodavg_0678-0680,27.000000,-8.4059,1.6326,88.4762,80.3766,8.0995
NLMS,2,periodavg_0678-0680,27.053333,-7.8432,2.0587,88.5399,80.3766,8.1633
NLMS,2,periodavg_0678-0680,27.106667,-8.4249,0.8465,88.5339,80.3766,8.1573
NLMS,2,periodavg_0678-0680,27.160000,-8.5960,1.0775,88.5459,80.3766,8.1693
NLMS,2,periodavg_0678-0680,27.200000,-8.4225,0.7402,88.5695,80.3766,8.1929
NLMS,2,periodavg_0678-0680,27.253333,-8.4825,1.2844,88.6040,80.3766,8.2274
NLMS,2,periodavg_0678-0680,27.306667,-8.4840,1.0515,88.6079,80.3766,8.2313
NLMS,2,periodavg_0678-0680,27.360000,-8.5505,1.5345,88.6256,80.3766,8.2490
NLMS,2,periodavg_0678-0680,27.400000,-8.4570,1.8876,88.6726,80.3766,8.2959
NLMS,2,periodavg_0678-0680,27.453333,-8.4286,0.2951,88.7291,80.3766,8.3524
NLMS,2,periodavg_0678-0680,27.506667,-8.3397,1.4327,88.7656,80.3766,8.3890
NLMS,2,periodavg_0678-0680,27.560000,-8.0357,2.4352,88.7680,80.3766,8.3913
NLMS,2,periodavg_0678-0680,27.600000,-8.3805,0.6069,88.8081,80.3766,8.4315
NLMS,2,periodavg_0678-0680,27.653333,-8.5952,2.2676,88.8106,80.3766,8.4339
NLMS,2,periodavg_0678-0680,27.706667,-7.9482,0.1575,88.8516,80.3766,8.4749
NLMS,2,periodavg_0678-0680,27.760000,-8.5789,0.7963,88.8637,80.3766,8.4871
NLMS,2,periodavg_0678-0680,27.800000,-8.7416,1.9105,88.8951,80.3766,8.5185
NLMS,2,periodavg_0678-0680,27.853333,-8.6187,1.1423,88.9061,80.3766,8.5295
NLMS,2,periodavg_0678-0680,27.906667,-8.6754,1.2172,88.9156,80.3766,8.5390
NLMS,2,periodavg_0678-0680,27.960000,-8.4943,1.8111,88.9430,80.3766,8.5664
NLMS,2,periodavg_0678-0680,28.000000,-8.5092,2.6638,88.9628,80.3766,8.5861
NLMS,2,periodavg_0678-0680,28.053333,-8.4641,1.8320,88.9978,80.3766,8.6212
NLMS,2,periodavg_0678-0680,28.106667,-8.5587,2.1786,89.0161,80.3766,8.6394
NLMS,2,periodavg_0678-0680,28.160000,-8.8077,1.1101,89.0473,80.3766,8.6707
NLMS,2,periodavg_0678-0680,28.200000,-9.0400,1.9287,89.0497,80.3766,8.6731
NLMS,2,periodavg_0678-0680,28.253333,-8.8939,1.4099,89.0262,80.3766,8.6496
NLMS,2,periodavg_0678-0680,28.306667,-8.8632,1.4748,89.0614,80.3766,8.6847
NLMS,2,periodavg_0678-0680,28.360000,-9.0015,1.0096,89.0780,80.3766,8.7013
NLMS,2,periodavg_0678-0680,28.400000,-8.6763,1.7206,89.0967,80.3766,8.7200
NLMS,2,periodavg_0678-0680,28.453333,-8.7136,0.4362,89.1512,80.3766,8.7746
NLMS,2,periodavg_0678-0680,28.506667,-8.9135,1.5602,89.1622,80.3766,8.7855
NLMS,2,periodavg_0678-0680,28.560000,-8.9161,1.8349,89.1573,80.3766,8.7807
NLMS,2,periodavg_0678-0680,28.600000,-8.9119,2.3768,89.1727,80.3766,8.7961
NLMS,2,periodavg_0678-0680,28.653333,-8.2962,2.7339,88.2964,80.3766,7.9198
NLMS,2,periodavg_0678-0680,28.706667,-7.1895,2.3605,85.0394,80.3766,4.6628
NLMS,2,periodavg_0678-0680,28.760000,-8.5257,1.3092,88.5734,80.3766,8.1968
NLMS,2,periodavg_0678-0680,28.800000,-8.5650,1.0094,89.2752,80.3766,8.8985
NLMS,2,periodavg_0678-0680,28.853333,-7.9969,2.7596,89.2063,80.3766,8.8297
NLMS,2,periodavg_0678-0680,28.906667,-7.8934,2.7321,88.0929,80.3766,7.7162
NLMS,2,periodavg_0678-0680,28.960000,-8.3499,1.5522,87.4242,80.3766,7.0475
NLMS,2,periodavg_0678-0680,29.000000,-8.3884,1.5737,88.9652,80.3766,8.5886
NLMS,2,periodavg_0678-0680,29.053333,-8.5608,1.7625,88.7756,80.3766,8.3990
NLMS,2,periodavg_0678-0680,29.106667,-8.7581,1.5098,89.4190,80.3766,9.0424
NLMS,2,periodavg_0678-0680,29.160000,-8.5693,1.3997,89.4704,80.3766,9.0937
NLMS,2,periodavg_0678-0680,29.200000,-9.1129,2.5382,89.4815,80.3766,9.1049
NLMS,2,periodavg_0678-0680,29.253333,-9.1680,1.3119,89.5050,80.3766,9.1283
NLMS,2,periodavg_0678-0680,29.306667,-8.2684,2.2041,89.5215,80.3766,9.1449
NLMS,2,periodavg_0678-0680,29.360000,-9.0851,0.6547,89.5618,80.3766,9.1852
NLMS,2,periodavg_0678-0680,29.400000,-9.0619,1.0745,89.6036,80.3766,9.2270
NLMS,2,periodavg_0678-0680,29.453333,-8.8721,1.5057,89.6706,80.3766,9.2940
NLMS,2,periodavg_0678-0680,29.506667,-9.1685,1.1076,89.6688,80.3766,9.2922
NLMS,2,periodavg_0678-0680,29.560000,-9.1891,1.1169,89.7053,80.3766,9.3287
NLMS,2,periodavg_0678-0680,29.600000,-9.0933,1.0746,89.6852,80.3766,9.3086
NLMS,2,periodavg_0678-0680,29.653333,-9.3314,1.2597,89.6807,80.3766,9.3040
NLMS,2,periodavg_0678-0680,29.706667,-9.0133,2.2761,89.7596,80.3766,9.3830
NLMS,2,periodavg_0678-0680,29.760000,-9.0406,1.4788,89.7800,80.3766,9.4033
NLMS,2,periodavg_0678-0680,29.800000,-9.3623,1.2451,89.8179,80.3766,9.4413
NLMS,2,periodavg_0678-0680,29.853333,-9.3042,1.8025,89.8120,80.3766,9.4353
NLMS,2,periodavg_0678-0680,29.906667,-9.3504,1.6565,89.8356,80.3766,9.4590
NLMS,2,periodavg_0678-0680,29.960000,-9.0095,1.8366,89.8325,80.3766,9.4559
NLMS,2,periodavg_0678-0680,30.000000,-9.2312,1.7917,89.8608,80.3766,9.4842
NLMS,3,periodavg_0927-0929,30.013333,-2.8466,-1.7203,79.7698,77.8076,1.9622
NLMS,3,periodavg_0927-0929,30.053333,-3.2319,1.1424,79.7852,77.8076,1.9776
NLMS,3,periodavg_0927-0929,30.106667,-3.5255,2.2871,79.8324,77.8076,2.0248
NLMS,3,periodavg_0927-0929,30.160000,-3.6381,3.9444,79.8411,77.8076,2.0335
NLMS,3,periodavg_0927-0929,30.200000,-3.7958,2.3110,79.8515,77.8076,2.0439
NLMS,3,periodavg_0927-0929,30.253333,-3.9791,3.8461,79.8892,77.8076,2.0816
NLMS,3,periodavg_0927-0929,30.306667,-4.1205,4.6432,79.9080,77.8076,2.1004
NLMS,3,periodavg_0927-0929,30.360000,-4.2204,5.3185,79.9518,77.8076,2.1442
NLMS,3,periodavg_0927-0929,30.400000,-4.3115,5.3858,79.9639,77.8076,2.1563
NLMS,3,periodavg_0927-0929,30.453333,-4.4222,3.5530,80.0011,77.8076,2.1935
NLMS,3,periodavg_0927-0929,30.506667,-4.4988,5.6767,80.0147,77.8076,2.2071
NLMS,3,periodavg_0927-0929,30.560000,-4.5846,3.8072,80.0814,77.8076,2.2738
NLMS,3,periodavg_0927-0929,30.600000,-4.6442,3.0904,80.1149,77.8076,2.3073
NLMS,3,periodavg_0927-0929,30.653333,-4.7231,5.5949,80.1498,77.8076,2.3422
NLMS,3,periodavg_0927-0929,30.706667,-4.7982,4.7364,80.1680,77.8076,2.3604
NLMS,3,periodavg_0927-0929,30.760000,-4.8577,6.4690,80.1948,77.8076,2.3872
NLMS,3,periodavg_0927-0929,30.800000,-4.9094,5.4452,80.2229,77.8076,2.4153
NLMS,3,periodavg_0927-0929,30.853333,-4.9549,5.1861,80.2510,77.8076,2.4434
NLMS,3,periodavg_0927-0929,30.906667,-5.0266,5.2501,80.2796,77.8076,2.4720
NLMS,3,periodavg_0927-0929,30.960000,-5.1030,6.7923,80.3287,77.8076,2.5211
NLMS,3,periodavg_0927-0929,31.000000,-5.1285,7.0213,80.3754,77.8076,2.5678
NLMS,3,periodavg_0927-0929,31.053333,-5.1972,3.2937,80.4127,77.8076,2.6051
NLMS,3,periodavg_0927-0929,31.106667,-5.2498,5.7298,80.4469,77.8076,2.6393
NLMS,3,periodavg_0927-0929,31.160000,-5.2948,6.3196,80.4728,77.8076,2.6652
NLMS,3,periodavg_0927-0929,31.200000,-5.3201,5.5336,80.4763,77.8076,2.6687
NLMS,3,periodavg_0927-0929,31.253333,-5.3703,5.3809,80.5173,77.8076,2.7097
NLMS,3,periodavg_0927-0929,31.306667,-5.4225,4.8643,80.5359,77.8076,2.7283
NLMS,3,periodavg_0927-0929,31.360000,-5.4514,5.7143,80.5724,77.8076,2.7648
NLMS,3,periodavg_0927-0929,31.400000,-5.4766,7.5058,80.6123,77.8076,2.8047
NLMS,3,periodavg_0927-0929,31.453333,-5.5235,5.7323,80.6765,77.8076,2.8689
NLMS,3,periodavg_0927-0929,31.506667,-5.5704,6.4482,80.7130,77.8076,2.9054
NLMS,3,periodavg_0927-0929,31.560000,-5.6171,5.6057,80.7332,77.8076,2.9256
NLMS,3,periodavg_0927-0929,31.600000,-5.6557,6.5489,80.7613,77.8076,2.9537
NLMS,3,periodavg_0927-0929,31.653333,-5.6919,7.3418,80.7861,77.8076,2.9785
NLMS,3,periodavg_0927-0929,31.706667,-5.7286,7.9719,80.7890,77.8076,2.9814
NLMS,3,periodavg_0927-0929,31.760000,-5.7751,6.5394,80.8395,77.8076,3.0319
NLMS,3,periodavg_0927-0929,31.800000,-5.8061,7.6295,80.8645,77.8076,3.0569
NLMS,3,periodavg_0927-0929,31.853333,-5.8488,6.0769,80.9116,77.8076,3.1040
NLMS,3,periodavg_0927-0929,31.906667,-5.8676,5.0631,80.9634,77.8076,3.1558
NLMS,3,periodavg_0927-0929,31.960000,-5.9195,6.0338,80.9798,77.8076,3.1722
NLMS,3,periodavg_0927-0929,32.000000,-5.9447,5.4373,81.0017,77.8076,3.1941
NLMS,3,periodavg_0927-0929,32.053333,-5.9753,5.0055,81.0319,77.8076,3.2243
NLMS,3,periodavg_0927-0929,32.106667,-6.0265,4.9670,81.0537,77.8076,3.2461
NLMS,3,periodavg_0927-0929,32.160000,-6.0650,6.6277,81.0928,77.8076,3.2852
NLMS,3,periodavg_0927-0929,32.200000,-6.0827,5.5770,81.1102,77.8076,3.3026
NLMS,3,periodavg_0927-0929,32.253333,-6.1139,5.4207,81.1480,77.8076,3.3404
NLMS,3,periodavg_0927-0929,32.306667,-6.1873,5.6070,81.1996,77.8076,3.3920
NLMS,3,periodavg_0927-0929,32.360000,-6.1963,6.7481,81.2317,77.8076,3.4240
NLMS,3,periodavg_0927-0929,32.400000,-6.2496,4.9266,81.2556,77.8076,3.4480
NLMS,3,periodavg_0927-0929,32.453333,-6.2818,4.7352,81.2882,77.8076,3.4806
NLMS,3,periodavg_0927-0929,32.506667,-6.3026,5.4933,81.2908,77.8076,3.4832
NLMS,3,periodavg_0927-0929,32.560000,-6.3390,3.8344,81.3813,77.8076,3.5737
NLMS,3,periodavg_0927-0929,32.600000,-6.3761,6.5824,81.3936,77.8076,3.5860
NLMS,3,periodavg_0927-0929,32.653333,-6.4100,5.6741,81.4226,77.8076,3.6150
NLMS,3,periodavg_0927-0929,32.706667,-6.4657,6.9405,81.4506,77.8076,3.6430
NLMS,3,periodavg_0927-0929,32.760000,-6.4791,5.4666,81.4778,77.8076,3.6702
NLMS,3,periodavg_0927-0929,32.800000,-6.4956,4.1842,81.4997,77.8076,3.6921
NLMS,3,periodavg_0927-0929,32.853333,-6.5203,7.2117,81.5179,77.8076,3.7103
NLMS,3,periodavg_0927-0929,32.906667,-6.5652,4.6351,81.5372,77.8076,3.7296
NLMS,3,periodavg_0927-0929,32.960000,-6.6035,4.7929,81.5828,77.8076,3.7752
NLMS,3,periodavg_0927-0929,33.000000,-6.6596,4.9712,81.6304,77.8076,3.8228
NLMS,3,periodavg_0927-0929,33.053333,-6.6974,8.2925,81.6531,77.8076,3.8455
NLMS,3,periodavg_0927-0929,33.106667,-6.7204,7.0600,81.6871,77.8076,3.8795
NLMS,3,periodavg_0927-0929,33.160000,-6.7549,6.2905,81.7008,77.8076,3.8932
NLMS,3,periodavg_0927-0929,33.200000,-6.7796,6.6695,81.7168,77.8076,3.9092
NLMS,3,periodavg_0927-0929,33.253333,-6.8227,6.7788,81.7611,77.8076,3.9535
NLMS,3,periodavg_0927-0929,33.306667,-6.8453,6.6767,81.8148,77.8076,4.0072
NLMS,3,periodavg_0927-0929,33.360000,-6.8826,7.4875,81.8647,77.8076,4.0571
NLMS,3,periodavg_0927-0929,33.400000,-6.9095,5.9171,81.8745,77.8076,4.0669
NLMS,3,periodavg_0927-0929,33.453333,-6.9680,5.7200,81.9572,77.8076,4.1496
NLMS,3,periodavg_0927-0929,33.506667,-6.9727,6.9316,81.9845,77.8076,4.1769
NLMS,3,periodavg_0927-0929,33.560000,-6.9959,6.9472,82.0166,77.8076,4.2090
NLMS,3,periodavg_0927-0929,33.600000,-6.9954,5.4401,82.0349,77.8076,4.2273
NLMS,3,periodavg_0927-0929,33.653333,-7.0717,4.0537,82.0927,77.8076,4.2851
NLMS,3,periodavg_0927-0929,33.706667,-7.1333,6.2578,82.1845,77.8076,4.3769
NLMS,3,periodavg_0927-0929,33.760000,-7.0976,6.0736,82.2244,77.8076,4.4168
NLMS,3,periodavg_0927-0929,33.800000,-7.1608,5.1847,82.2499,77.8076,4.4423
NLMS,3,periodavg_0927-0929,33.853333,-7.2082,5.4889,82.3035,77.8076,4.4959
NLMS,3,periodavg_0927-0929,33.906667,-7.2792,5.5409,82.3289,77.8076,4.5213
NLMS,3,periodavg_0927-0929,33.960000,-7.3083,4.6997,82.3473,77.8076,4.5397
NLMS,3,periodavg_0927-0929,34.000000,-7.3366,7.2277,82.3693,77.8076,4.5617
NLMS,3,periodavg_0927-0929,34.053333,-7.3809,6.2896,82.4120,77.8076,4.6044
NLMS,3,periodavg_0927-0929,34.106667,-7.4173,7.5235,82.4358,77.8076,4.6282
NLMS,3,periodavg_0927-0929,34.160000,-7.4479,6.3915,82.4684,77.8076,4.6608
NLMS,3,periodavg_0927-0929,34.200000,-7.4794,6.3630,82.4730,77.8076,4.6654
NLMS,3,periodavg_0927-0929,34.253333,-7.5308,6.5191,82.5085,77.8076,4.7009
NLMS,3,periodavg_0927-0929,34.306667,-7.5674,4.7010,82.5546,77.8076,4.7470
NLMS,3,periodavg_0927-0929,34.360000,-7.6084,7.6366,82.5900,77.8076,4.7824
NLMS,3,periodavg_0927-0929,34.400000,-7.6014,3.9465,82.6393,77.8076,4.8317
NLMS,3,periodavg_0927-0929,34.453333,-7.6659,5.2276,82.6472,77.8076,4.8396
NLMS,3,periodavg_0927-0929,34.506667,-7.7031,6.4829,82.6803,77.8076,4.8727
NLMS,3,periodavg_0927-0929,34.560000,-7.7459,6.1380,82.6848,77.8076,4.8772
NLMS,3,periodavg_0927-0929,34.600000,-7.7676,7.6309,82.7223,77.8076,4.9147
NLMS,3,periodavg_0927-0929,34.653333,-7.8220,7.6773,82.7646,77.8076,4.9570
NLMS,3,periodavg_0927-0929,34.706667,-7.8531,7.5015,82.7783,77.8076,4.9707
NLMS,3,periodavg_0927-0929,34.760000,-7.8771,7.4773,82.8045,77.8076,4.9969
NLMS,3,periodavg_0927-0929,34.800000,-7.9253,6.1292,82.8253,77.8076,5.0177
NLMS,3,periodavg_0927-0929,34.853333,-7.9429,6.9029,82.8551,77.8076,5.0475
NLMS,3,periodavg_0927-0929,34.906667,-7.9798,6.2316,82.9042,77.8076,5.0966
NLMS,3,periodavg_0927-0929,34.960000,-8.0249,7.0097,82.9452,77.8076,5.1376
NLMS,3,periodavg_0927-0929,35.000000,-8.0238,7.3323,82.9407,77.8076,5.1331
NLMS,3,periodavg_0927-0929,35.053333,-8.0659,6.7406,82.9933,77.8076,5.1857
NLMS,3,periodavg_0927-0929,35.106667,-8.1023,4.4318,83.0221,77.8076,5.2145
NLMS,3,periodavg_0927-0929,35.160000,-8.1470,6.5827,83.0483,77.8076,5.2407
NLMS,3,periodavg_0927-0929,35.200000,-8.1708,5.6898,83.0650,77.8076,5.2574
NLMS,3,periodavg_0927-0929,35.253333,-8.2034,5.4952,83.0856,77.8076,5.2780
NLMS,3,periodavg_0927-0929,35.306667,-8.2141,6.6439,83.1177,77.8076,5.3101
NLMS,3,periodavg_0927-0929,35.360000,-8.2651,7.5287,83.1489,77.8076,5.3413
NLMS,3,periodavg_0927-0929,35.400000,-8.2892,6.9963,83.1497,77.8076,5.3421
NLMS,3,periodavg_0927-0929,35.453333,-8.3223,5.5385,83.1971,77.8076,5.3895
NLMS,3,periodavg_0927-0929,35.506667,-8.3748,7.6397,83.2235,77.8076,5.4159
NLMS,3,periodavg_0927-0929,35.560000,-8.3915,6.7363,83.2311,77.8076,5.4235
NLMS,3,periodavg_0927-0929,35.600000,-8.4070,3.1162,83.2615,77.8076,5.4539
NLMS,3,periodavg_0927-0929,35.653333,-8.4429,5.1365,83.2774,77.8076,5.4698
NLMS,3,periodavg_0927-0929,35.706667,-8.4887,4.7446,83.3098,77.8076,5.5022
NLMS,3,periodavg_0927-0929,35.760000,-8.5216,7.1365,83.3269,77.8076,5.5193
NLMS,3,periodavg_0927-0929,35.800000,-8.5524,6.7111,83.3343,77.8076,5.5267
NLMS,3,periodavg_0927-0929,35.853333,-8.4527,5.2839,83.3622,77.8076,5.5545
NLMS,3,periodavg_0927-0929,35.906667,-8.5874,4.7294,83.4014,77.8076,5.5938
NLMS,3,periodavg_0927-0929,35.960000,-8.6643,5.3498,83.4578,77.8076,5.6502
NLMS,3,periodavg_0927-0929,36.000000,-8.6918,4.8844,83.4675,77.8076,5.6599
NLMS,3,periodavg_0927-0929,36.053333,-8.7192,7.7267,83.5049,77.8076,5.6973
NLMS,3,periodavg_0927-0929,36.106667,-8.7407,6.0052,83.5562,77.8076,5.7486
NLMS,3,periodavg_0927-0929,36.160000,-8.7717,5.5063,83.5812,77.8076,5.7736
NLMS,3,periodavg_0927-0929,36.200000,-8.8026,6.5936,83.6070,77.8076,5.7994
NLMS,3,periodavg_0927-0929,36.253333,-8.8308,6.7937,83.6290,77.8076,5.8214
NLMS,3,periodavg_0927-0929,36.306667,-8.8526,6.0500,83.6700,77.8076,5.8624
NLMS,3,periodavg_0927-0929,36.360000,-8.8726,6.2862,83.7107,77.8076,5.9031
NLMS,3,periodavg_0927-0929,36.400000,-8.8914,6.3372,83.7255,77.8076,5.9179
NLMS,3,periodavg_0927-0929,36.453333,-8.9233,8.7821,83.7551,77.8076,5.9475
NLMS,3,periodavg_0927-0929,36.506667,-8.9865,5.9363,83.7733,77.8076,5.9657
NLMS,3,periodavg_0927-0929,36.560000,-8.9895,7.5482,83.7866,77.8076,5.9790
NLMS,3,periodavg_0927-0929,36.600000,-9.0182,6.3417,83.8103,77.8076,6.0027
NLMS,3,periodavg_0927-0929,36.653333,-9.0289,5.1441,83.8461,77.8076,6.0385
NLMS,3,periodavg_0927-0929,36.706667,-9.0778,5.0585,83.8788,77.8076,6.0712
NLMS,3,periodavg_0927-0929,36.760000,-9.0876,5.6567,83.9069,77.8076,6.0993
NLMS,3,periodavg_0927-0929,36.800000,-9.1211,4.1123,83.9070,77.8076,6.0994
NLMS,3,periodavg_0927-0929,36.853333,-9.1813,5.8454,83.9528,77.8076,6.1451
NLMS,3,periodavg_0927-0929,36.906667,-9.2366,6.1554,83.9911,77.8076,6.1835
NLMS,3,periodavg_0927-0929,36.960000,-9.1675,5.8841,84.0404,77.8076,6.2328
NLMS,3,periodavg_0927-0929,37.000000,-9.2112,5.3426,84.0571,77.8076,6.2495
NLMS,3,periodavg_0927-0929,37.053333,-9.3113,6.2905,84.0659,77.8076,6.2583
NLMS,3,periodavg_0927-0929,37.106667,-9.3606,7.6947,84.1168,77.8076,6.3092
NLMS,3,periodavg_0927-0929,37.160000,-9.3993,5.6787,84.1318,77.8076,6.3242
NLMS,3,periodavg_0927-0929,37.200000,-9.4096,4.6787,84.1356,77.8076,6.3280
NLMS,3,periodavg_0927-0929,37.253333,-9.4552,5.9066,84.1846,77.8076,6.3770
NLMS,3,periodavg_0927-0929,37.306667,-9.4853,7.7422,84.2147,77.8076,6.4071
NLMS,3,periodavg_0927-0929,37.360000,-9.5120,5.5349,84.2220,77.8076,6.4144
NLMS,3,periodavg_0927-0929,37.400000,-9.5077,5.8137,84.2537,77.8076,6.4461
NLMS,3,periodavg_0927-0929,37.453333,-9.5706,4.9407,84.2845,77.8076,6.4769
NLMS,3,periodavg_0927-0929,37.506667,-9.5566,4.0345,84.3087,77.8076,6.5011
NLMS,3,periodavg_0927-0929,37.560000,-9.5696,5.9740,84.3573,77.8076,6.5497
NLMS,3,periodavg_0927-0929,37.600000,-9.6418,5.0463,84.3673,77.8076,6.5597
NLMS,3,periodavg_0927-0929,37.653333,-9.6003,5.0938,84.3930,77.8076,6.5854
NLMS,3,periodavg_0927-0929,37.706667,-9.7066,6.0497,84.4224,77.8076,6.6148
NLMS,3,periodavg_0927-0929,37.760000,-9.7567,5.0129,84.4491,77.8076,6.6415
NLMS,3,periodavg_0927-0929,37.800000,-9.7688,8.3886,84.4808,77.8076,6.6732
NLMS,3,periodavg_0927-0929,37.853333,-9.7583,6.9784,84.4933,77.8076,6.6857
NLMS,3,periodavg_0927-0929,37.906667,-9.7940,4.8342,84.5222,77.8076,6.7146
NLMS,3,periodavg_0927-0929,37.960000,-9.8687,5.8857,84.5619,77.8076,6.7543
NLMS,3,periodavg_0927-0929,38.000000,-9.9043,7.7009,84.5757,77.8076,6.7681
NLMS,3,periodavg_0927-0929,38.053333,-9.8429,6.4969,84.5888,77.8076,6.7812
NLMS,3,periodavg_0927-0929,38.106667,-9.9660,4.7673,84.6188,77.8076,6.8112
NLMS,3,periodavg_0927-0929,38.160000,-10.0157,6.4459,84.6621,77.8076,6.8545
NLMS,3,periodavg_0927-0929,38.200000,-10.0208,5.8404,84.6645,77.8076,6.8569
NLMS,3,periodavg_0927-0929,38.253333,-10.0689,6.6356,84.6976,77.8076,6.8900
NLMS,3,periodavg_0927-0929,38.306667,-10.0928,7.4862,84.7128,77.8076,6.9052
NLMS,3,periodavg_0927-0929,38.360000,-10.0800,5.5284,84.7370,77.8076,6.9294
NLMS,3,periodavg_0927-0929,38.400000,-10.0407,6.1107,84.7832,77.8076,6.9756
NLMS,3,periodavg_0927-0929,38.453333,-10.1699,5.8727,84.8096,77.8076,7.0020
NLMS,3,periodavg_0927-0929,38.506667,-10.1629,4.4333,84.8646,77.8076,7.0570
NLMS,3,periodavg_0927-0929,38.560000,-10.1037,5.5586,84.8686,77.8076,7.0610
NLMS,3,periodavg_0927-0929,38.600000,-10.2543,3.9290,84.8884,77.8076,7.0808
NLMS,3,periodavg_0927-0929,38.653333,-10.2982,6.9855,84.8868,77.8076,7.0792
NLMS,3,periodavg_0927-0929,38.706667,-10.2895,5.8683,84.9131,77.8076,7.1055
NLMS,3,periodavg_0927-0929,38.760000,-10.3449,6.1955,84.9460,77.8076,7.1383
NLMS,3,periodavg_0927-0929,38.800000,-10.3674,8.5283,84.9517,77.8076,7.1441
NLMS,3,periodavg_0927-0929,38.853333,-10.3408,4.8196,84.9871,77.8076,7.1795
NLMS,3,periodavg_0927-0929,38.906667,-10.4012,5.9175,85.0167,77.8076,7.2091
NLMS,3,periodavg_0927-0929,38.960000,-10.4646,6.5556,85.0308,77.8076,7.2232
NLMS,3,periodavg_0927-0929,39.000000,-10.4856,7.8296,85.0414,77.8076,7.2338
NLMS,3,periodavg_0927-0929,39.053333,-10.4775,7.5171,85.0956,77.8076,7.2880
NLMS,3,periodavg_0927-0929,39.106667,-10.4690,5.7225,85.1168,77.8076,7.3092
NLMS,3,periodavg_0927-0929,39.160000,-10.4384,5.2984,85.1566,77.8076,7.3490
NLMS,3,periodavg_0927-0929,39.200000,-10.4043,5.8620,85.1766,77.8076,7.3690
NLMS,3,periodavg_0927-0929,39.253333,-10.5738,5.2194,85.2187,77.8076,7.4111
NLMS,3,periodavg_0927-0929,39.306667,-10.6952,5.9821,85.2435,77.8076,7.4359
NLMS,3,periodavg_0927-0929,39.360000,-10.7462,6.6941,85.2920,77.8076,7.4844
NLMS,3,periodavg_0927-0929,39.400000,-10.6961,5.2927,85.3343,77.8076,7.5267
NLMS,3,periodavg_0927-0929,39.453333,-10.7596,5.1013,85.3706,77.8076,7.5630
NLMS,3,periodavg_0927-0929,39.506667,-10.8274,5.1446,85.3766,77.8076,7.5690
NLMS,3,periodavg_0927-0929,39.560000,-10.8409,7.5989,85.4109,77.8076,7.6033
NLMS,3,periodavg_0927-0929,39.600000,-10.8360,5.6626,85.4088,77.8076,7.6012
NLMS,3,periodavg_0927-0929,39.653333,-10.8891,4.3795,85.4436,77.8076,7.6360
NLMS,3,periodavg_0927-0929,39.706667,-10.9213,7.1175,85.4569,77.8076,7.6493
NLMS,3,periodavg_0927-0929,39.760000,-10.9628,6.5600,85.4845,77.8076,7.6769
NLMS,3,periodavg_0927-0929,39.800000,-11.0004,7.1889,85.4965,77.8076,7.6889
NLMS,3,periodavg_0927-0929,39.853333,-11.0278,7.8140,85.5375,77.8076,7.7299
NLMS,3,periodavg_0927-0929,39.906667,-11.0060,4.3712,85.5967,77.8076,7.7891
NLMS,3,periodavg_0927-0929,39.960000,-11.0088,5.7021,85.5897,77.8076,7.7821
NLMS,3,periodavg_0927-0929,40.000000,-11.1036,5.2091,85.6275,77.8076,7.8199
NLMS,4,periodavg_0873-0875,40.013333,-10.7103,-0.8671,84.2895,78.8996,5.3899
NLMS,4,periodavg_0873-0875,40.053333,-11.4862,3.2778,87.5834,78.8996,8.6838
NLMS,4,periodavg_0873-0875,40.106667,-11.8503,5.8279,88.8370,78.8996,9.9374
NLMS,4,periodavg_0873-0875,40.160000,-12.0809,3.3366,88.9047,78.8996,10.0051
NLMS,4,periodavg_0873-0875,40.200000,-12.1465,6.5355,88.9293,78.8996,10.0297
NLMS,4,periodavg_0873-0875,40.253333,-12.2524,3.7800,88.9625,78.8996,10.0629
NLMS,4,periodavg_0873-0875,40.306667,-12.1954,5.5413,89.0012,78.8996,10.1016
NLMS,4,periodavg_0873-0875,40.360000,-12.0589,4.2221,89.0306,78.8996,10.1309
NLMS,4,periodavg_0873-0875,40.400000,-12.2061,7.7453,89.0483,78.8996,10.1487
NLMS,4,periodavg_0873-0875,40.453333,-12.3093,4.4943,89.1186,78.8996,10.2190
NLMS,4,periodavg_0873-0875,40.506667,-12.3717,5.3077,89.1642,78.8996,10.2646
NLMS,4,periodavg_0873-0875,40.560000,-12.2613,5.8634,89.2084,78.8996,10.3088
NLMS,4,periodavg_0873-0875,40.600000,-12.3107,4.3555,89.1939,78.8996,10.2943
NLMS,4,periodavg_0873-0875,40.653333,-12.4154,5.1617,89.2050,78.8996,10.3054
NLMS,4,periodavg_0873-0875,40.706667,-12.2202,3.9714,88.8856,78.8996,9.9860
NLMS,4,periodavg_0873-0875,40.760000,-12.4820,5.0547,89.2149,78.8996,10.3153
NLMS,4,periodavg_0873-0875,40.800000,-12.4896,6.6033,89.2623,78.8996,10.3627
NLMS,4,periodavg_0873-0875,40.853333,-12.3805,5.8847,89.3054,78.8996,10.4058
NLMS,4,periodavg_0873-0875,40.906667,-12.5505,4.5526,89.3470,78.8996,10.4474
NLMS,4,periodavg_0873-0875,40.960000,-12.6194,4.5922,89.4008,78.8996,10.5012
NLMS,4,periodavg_0873-0875,41.000000,-12.6283,5.3930,89.4457,78.8996,10.5461
NLMS,4,periodavg_0873-0875,41.053333,-12.5615,4.8403,89.4877,78.8996,10.5881
NLMS,4,periodavg_0873-0875,41.106667,-12.6954,5.3651,89.5379,78.8996,10.6383
NLMS,4,periodavg_0873-0875,41.160000,-12.5234,4.4721,89.6043,78.8996,10.7047
NLMS,4,periodavg_0873-0875,41.200000,-12.5004,5.1182,89.6136,78.8996,10.7140
NLMS,4,periodavg_0873-0875,41.253333,-12.4219,4.3478,89.6407,78.8996,10.7411
NLMS,4,periodavg_0873-0875,41.306667,-12.7254,3.4163,89.6506,78.8996,10.7510
NLMS,4,periodavg_0873-0875,41.360000,-12.8692,3.8472,89.7163,78.8996,10.8167
NLMS,4,periodavg_0873-0875,41.400000,-12.9512,6.0322,89.7396,78.8996,10.8400
NLMS,4,periodavg_0873-0875,41.453333,-12.9511,5.3683,89.7894,78.8996,10.8898
NLMS,4,periodavg_0873-0875,41.506667,-12.9802,3.1084,89.8511,78.8996,10.9515
NLMS,4,periodavg_0873-0875,41.560000,-13.0102,4.8067,89.8927,78.8996,10.9931
NLMS,4,periodavg_0873-0875,41.600000,-12.9944,4.3646,89.9704,78.8996,11.0708
NLMS,4,periodavg_0873-0875,41.653333,-12.7517,4.8801,89.9661,78.8996,11.0665
NLMS,4,periodavg_0873-0875,41.706667,-12.9400,2.3932,90.0019,78.8996,11.1023
NLMS,4,periodavg_0873-0875,41.760000,-12.7527,5.4544,90.0176,78.8996,11.1180
NLMS,4,periodavg_0873-0875,41.800000,-12.9082,5.6801,90.0215,78.8996,11.1219
NLMS,4,periodavg_0873-0875,41.853333,-13.0748,2.9223,90.0478,78.8996,11.1482
NLMS,4,periodavg_0873-0875,41.906667,-12.8677,5.1926,90.0781,78.8996,11.1785
NLMS,4,periodavg_0873-0875,41.960000,-13.1635,4.7858,90.1137,78.8996,11.2141
NLMS,4,periodavg_0873-0875,42.000000,-13.1050,4.3832,90.1673,78.8996,11.2677
NLMS,4,periodavg_0873-0875,42.053333,-13.0870,6.1106,90.1866,78.8996,11.2870
NLMS,4,periodavg_0873-0875,42.106667,-12.7074,4.4843,90.2473,78.8996,11.3477
NLMS,4,periodavg_0873-0875,42.160000,-12.9743,3.8722,90.2491,78.8996,11.3495
NLMS,4,periodavg_0873-0875,42.200000,-12.9167,4.6275,90.2751,78.8996,11.3755
NLMS,4,periodavg_0873-0875,42.253333,-13.0613,4.1630,90.2787,78.8996,11.3791
NLMS,4,periodavg_0873-0875,42.306667,-13.2682,4.2150,90.3001,78.8996,11.4005
NLMS,4,periodavg_0873-0875,42.360000,-13.3057,4.3034,90.3661,78.8996,11.4665
NLMS,4,periodavg_0873-0875,42.400000,-13.3535,6.9353,90.3933,78.8996,11.4937
NLMS,4,periodavg_0873-0875,42.453333,-13.3974,5.6053,90.4495,78.8996,11.5499
NLMS,4,periodavg_0873-0875,42.506667,-13.4563,5.4062,90.4535,78.8996,11.5539
NLMS,4,periodavg_0873-0875,42.560000,-12.8709,3.4787,90.5031,78.8996,11.6035
NLMS,4,periodavg_0873-0875,42.600000,-13.2295,4.1308,90.5376,78.8996,11.6380
NLMS,4,periodavg_0873-0875,42.653333,-12.6231,4.4645,90.5691,78.8996,11.6695
NLMS,4,periodavg_0873-0875,42.706667,-12.9034,5.7150,90.6032,78.8996,11.7036
NLMS,4,periodavg_0873-0875,42.760000,-13.0468,4.7037,89.8361,78.8996,10.9365
NLMS,4,periodavg_0873-0875,42.800000,-13.3184,4.9514,90.6212,78.8996,11.7216
NLMS,4,periodavg_0873-0875,42.853333,-13.4813,4.5819,90.6507,78.8996,11.7511
NLMS,4,periodavg_0873-0875,42.906667,-13.5807,5.6537,90.6886,78.8996,11.7890
NLMS,4,periodavg_0873-0875,42.960000,-13.4137,4.0679,90.6907,78.8996,11.7911
NLMS,4,periodavg_0873-0875,43.000000,-13.4788,5.7381,90.7254,78.8996,11.8258
NLMS,4,periodavg_0873-0875,43.053333,-13.5004,4.5820,90.7810,78.8996,11.8814
NLMS,4,periodavg_0873-0875,43.106667,-13.6047,5.2494,90.8069,78.8996,11.9073
NLMS,4,periodavg_0873-0875,43.160000,-13.6467,4.7716,90.8593,78.8996,11.9597
NLMS,4,periodavg_0873-0875,43.200000,-13.6515,6.0351,90.8811,78.8996,11.9815
NLMS,4,periodavg_0873-0875,43.253333,-13.5858,6.2638,90.8725,78.8996,11.9729
NLMS,4,periodavg_0873-0875,43.306667,-13.5838,4.2236,90.9274,78.8996,12.0278
NLMS,4,periodavg_0873-0875,43.360000,-13.3605,5.1748,88.5496,78.8996,9.6500
NLMS,4,periodavg_0873-0875,43.400000,-13.6494,5.3701,90.9843,78.8996,12.0847
NLMS,4,periodavg_0873-0875,43.453333,-13.8111,3.0139,91.0253,78.8996,12.1257
NLMS,4,periodavg_0873-0875,43.506667,-13.8957,5.5717,91.0470,78.8996,12.1474
NLMS,4,periodavg_0873-0875,43.560000,-13.8877,6.3560,91.0756,78.8996,12.1760
NLMS,4,periodavg_0873-0875,43.600000,-13.7607,3.0994,91.1055,78.8996,12.2058
NLMS,4,periodavg_0873-0875,43.653333,-13.8650,5.8497,91.1357,78.8996,12.2361
NLMS,4,periodavg_0873-0875,43.706667,-13.7892,3.4393,91.1477,78.8996,12.2481
NLMS,4,periodavg_0873-0875,43.760000,-13.9203,4.1398,91.1634,78.8996,12.2638
NLMS,4,periodavg_0873-0875,43.800000,-13.9731,4.7985,91.2123,78.8996,12.3127
NLMS,4,periodavg_0873-0875,43.853333,-13.8971,4.2676,91.2087,78.8996,12.3091
NLMS,4,periodavg_0873-0875,43.906667,-13.6698,4.3238,91.2103,78.8996,12.3107
NLMS,4,periodavg_0873-0875,43.960000,-13.9712,4.4569,91.2987,78.8996,12.3991
NLMS,4,periodavg_0873-0875,44.000000,-13.9202,4.4718,91.3044,78.8996,12.4048
NLMS,4,periodavg_0873-0875,44.053333,-14.0454,5.5636,91.3215,78.8996,12.4219
NLMS,4,periodavg_0873-0875,44.106667,-13.9449,5.6007,91.3230,78.8996,12.4234
NLMS,4,periodavg_0873-0875,44.160000,-14.1127,4.5058,91.3410,78.8996,12.4414
NLMS,4,periodavg_0873-0875,44.200000,-14.0808,5.4812,91.3488,78.8996,12.4492
NLMS,4,periodavg_0873-0875,44.253333,-14.0831,4.0812,91.3720,78.8996,12.4724
NLMS,4,periodavg_0873-0875,44.306667,-13.9229,7.5083,91.3677,78.8996,12.4681
NLMS,4,periodavg_0873-0875,44.360000,-14.1575,3.6550,91.3728,78.8996,12.4732
NLMS,4,periodavg_0873-0875,44.400000,-13.6722,7.2622,89.6739,78.8996,10.7743
NLMS,4,periodavg_0873-0875,44.453333,-13.8478,2.1213,91.3785,78.8996,12.4789
NLMS,4,periodavg_0873-0875,44.506667,-14.1074,4.0667,91.3968,78.8996,12.4972
NLMS,4,periodavg_0873-0875,44.560000,-14.1002,4.9644,91.4429,78.8996,12.5433
NLMS,4,periodavg_0873-0875,44.600000,-13.8468,4.2511,91.4521,78.8996,12.5525
NLMS,4,periodavg_0873-0875,44.653333,-14.0881,3.7382,91.4686,78.8996,12.5690
NLMS,4,periodavg_0873-0875,44.706667,-14.0987,4.5348,91.4597,78.8996,12.5601
NLMS,4,periodavg_0873-0875,44.760000,-13.8474,3.2463,91.5038,78.8996,12.6042
NLMS,4,periodavg_0873-0875,44.800000,-14.0772,5.2266,91.5115,78.8996,12.6119
NLMS,4,periodavg_0873-0875,44.853333,-14.2135,4.5716,91.4977,78.8996,12.5981
NLMS,4,periodavg_0873-0875,44.906667,-14.3823,3.8322,91.5590,78.8996,12.6594
NLMS,4,periodavg_0873-0875,44.960000,-14.4755,6.7965,91.5757,78.8996,12.6761
NLMS,4,periodavg_0873-0875,45.000000,-14.3391,5.1043,91.5767,78.8996,12.6771
NLMS,4,periodavg_0873-0875,45.053333,-14.0267,6.0117,91.6252,78.8996,12.7256
NLMS,4,periodavg_0873-0875,45.106667,-14.4143,4.2594,91.6552,78.8996,12.7556
NLMS,4,periodavg_0873-0875,45.160000,-14.5314,5.3312,91.6525,78.8996,12.7529
NLMS,4,periodavg_0873-0875,45.200000,-14.4367,3.5517,91.6744,78.8996,12.7748
NLMS,4,periodavg_0873-0875,45.253333,-14.5843,3.7592,91.6824,78.8996,12.7828
NLMS,4,periodavg_0873-0875,45.306667,-14.5256,5.5876,91.6906,78.8996,12.7910
NLMS,4,periodavg_0873-0875,45.360000,-14.4869,5.6625,91.7254,78.8996,12.8258
NLMS,4,periodavg_0873-0875,45.400000,-14.5536,5.0333,91.7328,78.8996,12.8332
NLMS,4,periodavg_0873-0875,45.453333,-14.2096,4.9584,89.6862,78.8996,10.7866
NLMS,4,periodavg_0873-0875,45.506667,-14.7205,5.8393,91.7718,78.8996,12.8722
NLMS,4,periodavg_0873-0875,45.560000,-14.7548,4.8894,91.7683,78.8996,12.8687
NLMS,4,periodavg_0873-0875,45.600000,-14.7166,6.1223,91.7843,78.8996,12.8847
NLMS,4,periodavg_0873-0875,45.653333,-14.3356,4.6358,91.8250,78.8996,12.9254
NLMS,4,periodavg_0873-0875,45.706667,-14.7319,4.8835,91.8242,78.8996,12.9246
NLMS,4,periodavg_0873-0875,45.760000,-14.8440,4.8748,91.8335,78.8996,12.9339
NLMS,4,periodavg_0873-0875,45.800000,-14.8933,4.1574,91.8619,78.8996,12.9623
NLMS,4,periodavg_0873-0875,45.853333,-14.7913,5.2468,91.8724,78.8996,12.9728
NLMS,4,periodavg_0873-0875,45.906667,-14.7484,4.5672,91.8547,78.8996,12.9551
NLMS,4,periodavg_0873-0875,45.960000,-13.7531,4.7379,91.7766,78.8996,12.8770
NLMS,4,periodavg_0873-0875,46.000000,-14.2087,2.8698,91.8965,78.8996,12.9969
NLMS,4,periodavg_0873-0875,46.053333,-14.2248,4.4335,88.7890,78.8996,9.8894
NLMS,4,periodavg_0873-0875,46.106667,-14.8577,4.7625,91.9101,78.8996,13.0105
NLMS,4,periodavg_0873-0875,46.160000,-14.9630,5.7131,91.9378,78.8996,13.0382
NLMS,4,periodavg_0873-0875,46.200000,-14.9900,4.8098,91.9341,78.8996,13.0345
NLMS,4,periodavg_0873-0875,46.253333,-14.9471,4.9490,91.9674,78.8996,13.0678
NLMS,4,periodavg_0873-0875,46.306667,-14.7560,3.5632,91.9997,78.8996,13.1001
NLMS,4,periodavg_0873-0875,46.360000,-14.8398,5.8960,92.0206,78.8996,13.1210
NLMS,4,periodavg_0873-0875,46.400000,-14.9681,5.6635,92.0147,78.8996,13.1151
NLMS,4,periodavg_0873-0875,46.453333,-14.9516,5.1274,92.0301,78.8996,13.1305
NLMS,4,periodavg_0873-0875,46.506667,-14.9803,5.0102,92.0426,78.8996,13.1430
NLMS,4,periodavg_0873-0875,46.560000,-14.6016,6.1074,89.6181,78.8996,10.7185
NLMS,4,periodavg_0873-0875,46.600000,-15.0161,3.0599,92.0433,78.8996,13.1437
NLMS,4,periodavg_0873-0875,46.653333,-15.1501,3.4858,92.0843,78.8996,13.1847
NLMS,4,periodavg_0873-0875,46.706667,-15.0924,6.9986,92.0909,78.8996,13.1913
NLMS,4,periodavg_0873-0875,46.760000,-15.0570,5.6595,92.1072,78.8996,13.2076
NLMS,4,periodavg_0873-0875,46.800000,-15.0101,6.6985,92.1164,78.8996,13.2168
NLMS,4,periodavg_0873-0875,46.853333,-14.9392,5.6601,90.4981,78.8996,11.5985
NLMS,4,periodavg_0873-0875,46.906667,-14.8811,4.4758,91.7050,78.8996,12.8054
NLMS,4,periodavg_0873-0875,46.960000,-15.0732,3.3401,92.1305,78.8996,13.2309
NLMS,4,periodavg_0873-0875,47.000000,-15.1574,5.3250,92.1400,78.8996,13.2404
NLMS,4,periodavg_0873-0875,47.053333,-14.9030,4.1319,92.1606,78.8996,13.2610
NLMS,4,periodavg_0873-0875,47.106667,-14.7861,4.0105,92.1708,78.8996,13.2712
NLMS,4,periodavg_0873-0875,47.160000,-15.0210,4.3638,92.1713,78.8996,13.2717
NLMS,4,periodavg_0873-0875,47.200000,-15.1541,7.7632,92.1863,78.8996,13.2867
NLMS,4,periodavg_0873-0875,47.253333,-15.1476,4.2188,92.1965,78.8996,13.2969
NLMS,4,periodavg_0873-0875,47.306667,-14.9019,4.3584,92.2091,78.8996,13.3095
NLMS,4,periodavg_0873-0875,47.360000,-15.2704,5.3714,92.2153,78.8996,13.3157
NLMS,4,periodavg_0873-0875,47.400000,-15.2570,5.8014,92.2349,78.8996,13.3353
NLMS,4,periodavg_0873-0875,47.453333,-15.0116,4.1647,92.1891,78.8996,13.2895
NLMS,4,periodavg_0873-0875,47.506667,-15.2736,4.2961,92.2150,78.8996,13.3154
NLMS,4,periodavg_0873-0875,47.560000,-15.3639,5.7670,92.2381,78.8996,13.3385
NLMS,4,periodavg_0873-0875,47.600000,-15.2805,5.3818,92.2417,78.8996,13.3421
NLMS,4,periodavg_0873-0875,47.653333,-15.3160,3.1635,92.2482,78.8996,13.3486
NLMS,4,periodavg_0873-0875,47.706667,-15.1244,4.9806,92.2463,78.8996,13.3467
NLMS,4,periodavg_0873-0875,47.760000,-14.9362,3.4054,92.2699,78.8996,13.3703
NLMS,4,periodavg_0873-0875,47.800000,-14.9063,3.8652,92.2533,78.8996,13.3537
NLMS,4,periodavg_0873-0875,47.853333,-15.1748,4.6456,92.2942,78.8996,13.3946
NLMS,4,periodavg_0873-0875,47.906667,-15.2240,6.1969,92.3129,78.8996,13.4133
NLMS,4,periodavg_0873-0875,47.960000,-15.3864,3.6456,92.3188,78.8996,13.4192
NLMS,4,periodavg_0873-0875,48.000000,-15.1243,4.4516,92.3210,78.8996,13.4214
NLMS,4,periodavg_0873-0875,48.053333,-14.8536,4.5190,92.3262,78.8996,13.4266
NLMS,4,periodavg_0873-0875,48.106667,-15.1758,5.3976,92.3598,78.8996,13.4602
NLMS,4,periodavg_0873-0875,48.160000,-15.3088,3.9877,92.3759,78.8996,13.4763
NLMS,4,periodavg_0873-0875,48.200000,-15.4110,6.7874,92.3956,78.8996,13.4960
NLMS,4,periodavg_0873-0875,48.253333,-15.4990,5.0515,92.3764,78.8996,13.4768
NLMS,4,periodavg_0873-0875,48.306667,-15.6032,4.4346,92.4122,78.8996,13.5126
NLMS,4,periodavg_0873-0875,48.360000,-15.5264,3.9811,92.4063,78.8996,13.5067
NLMS,4,periodavg_0873-0875,48.400000,-15.3750,5.7504,90.9583,78.8996,12.0587
NLMS,4,periodavg_0873-0875,48.453333,-15.3814,7.9211,90.4504,78.8996,11.5508
NLMS,4,periodavg_0873-0875,48.506667,-15.6493,4.4978,92.4281,78.8996,13.5285
NLMS,4,periodavg_0873-0875,48.560000,-15.3823,4.4787,91.6272,78.8996,12.7276
NLMS,4,periodavg_0873-0875,48.600000,-15.4427,4.6318,90.3075,78.8996,11.4079
NLMS,4,periodavg_0873-0875,48.653333,-15.7881,4.1846,92.4528,78.8996,13.5532
NLMS,4,periodavg_0873-0875,48.706667,-15.4929,6.6331,92.4443,78.8996,13.5447
NLMS,4,periodavg_0873-0875,48.760000,-15.2397,4.6313,92.3234,78.8996,13.4238
NLMS,4,periodavg_0873-0875,48.800000,-15.5823,4.8660,92.4770,78.8996,13.5774
NLMS,4,periodavg_0873-0875,48.853333,-15.7207,6.0570,92.4854,78.8996,13.5858
NLMS,4,periodavg_0873-0875,48.906667,-15.7620,5.8812,92.5136,78.8996,13.6140
NLMS,4,periodavg_0873-0875,48.960000,-15.4917,3.7441,92.5365,78.8996,13.6369
NLMS,4,periodavg_0873-0875,49.000000,-15.9393,4.9091,92.5549,78.8996,13.6553
NLMS,4,periodavg_0873-0875,49.053333,-15.8057,5.8130,92.5766,78.8996,13.6770
NLMS,4,periodavg_0873-0875,49.106667,-15.8452,5.7583,92.6012,78.8996,13.7016
NLMS,4,periodavg_0873-0875,49.160000,-15.9046,4.4467,92.6473,78.8996,13.7477
NLMS,4,periodavg_0873-0875,49.200000,-15.8226,6.3237,92.6549,78.8996,13.7553
NLMS,4,periodavg_0873-0875,49.253333,-15.8333,3.8583,92.6377,78.8996,13.7381
NLMS,4,periodavg_0873-0875,49.306667,-15.7107,4.5646,92.6393,78.8996,13.7397
NLMS,4,periodavg_0873-0875,49.360000,-15.7231,5.0381,92.6567,78.8996,13.7571
NLMS,4,periodavg_0873-0875,49.400000,-15.3523,4.3204,88.4121,78.8996,9.5125
NLMS,4,periodavg_0873-0875,49.453333,-15.4630,4.5374,89.2582,78.8996,10.3586
NLMS,4,periodavg_0873-0875,49.506667,-15.4974,5.3288,91.8971,78.8996,12.9975
NLMS,4,periodavg_0873-0875,49.560000,-15.5814,4.8708,92.6185,78.8996,13.7189
NLMS,4,periodavg_0873-0875,49.600000,-15.8410,5.7829,92.6301,78.8996,13.7305
NLMS,4,periodavg_0873-0875,49.653333,-15.8717,4.8446,92.6390,78.8996,13.7394
NLMS,4,periodavg_0873-0875,49.706667,-15.9676,6.4480,92.6645,78.8996,13.7649
NLMS,4,periodavg_0873-0875,49.760000,-15.8792,5.3589,92.7080,78.8996,13.8084
NLMS,4,periodavg_0873-0875,49.800000,-15.8479,6.7650,92.7245,78.8996,13.8249
NLMS,4,periodavg_0873-0875,49.853333,-16.0629,5.1432,92.7398,78.8996,13.8402
NLMS,4,periodavg_0873-0875,49.906667,-16.0740,4.2305,92.7473,78.8996,13.8477
NLMS,4,periodavg_0873-0875,49.960000,-16.0732,4.9541,92.7641,78.8996,13.8645
NLMS,4,periodavg_0873-0875,50.000000,-16.1122,5.2050,92.7718,78.8996,13.8722
NLMS,5,periodavg_0555-0557,50.013333,8.4477,-3.7731,80.9187,83.8249,-2.9062
NLMS,5,periodavg_0555-0557,50.053333,8.2162,-0.6210,80.9690,83.8249,-2.8559
NLMS,5,periodavg_0555-0557,50.106667,7.9914,-0.7655,80.9991,83.8249,-2.8258
NLMS,5,periodavg_0555-0557,50.160000,7.7892,0.4680,81.0742,83.8249,-2.7507
NLMS,5,periodavg_0555-0557,50.200000,7.6843,0.0013,81.0745,83.8249,-2.7504
NLMS,5,periodavg_0555-0557,50.253333,7.5616,-0.1899,81.1473,83.8249,-2.6776
NLMS,5,periodavg_0555-0557,50.306667,7.3843,0.9900,81.2138,83.8249,-2.6111
NLMS,5,periodavg_0555-0557,50.360000,7.2942,-0.3891,81.2523,83.8249,-2.5726
NLMS,5,periodavg_0555-0557,50.400000,7.1616,1.2194,81.2899,83.8249,-2.5350
NLMS,5,periodavg_0555-0557,50.453333,7.0739,0.2996,81.2939,83.8249,-2.5310
NLMS,5,periodavg_0555-0557,50.506667,6.9690,0.9428,81.3203,83.8249,-2.5046
NLMS,5,periodavg_0555-0557,50.560000,6.8919,-0.0720,81.3572,83.8249,-2.4678
NLMS,5,periodavg_0555-0557,50.600000,6.8348,0.6274,81.3703,83.8249,-2.4546
NLMS,5,periodavg_0555-0557,50.653333,6.7171,1.3915,81.4212,83.8249,-2.4037
NLMS,5,periodavg_0555-0557,50.706667,6.6425,0.9381,81.4820,83.8249,-2.3429
NLMS,5,periodavg_0555-0557,50.760000,6.5829,2.4691,81.5126,83.8249,-2.3123
NLMS,5,periodavg_0555-0557,50.800000,6.5335,0.0447,81.5349,83.8249,-2.2900
NLMS,5,periodavg_0555-0557,50.853333,6.5412,1.8151,81.5358,83.8249,-2.2892
NLMS,5,periodavg_0555-0557,50.906667,6.4797,2.2340,81.5721,83.8249,-2.2528
NLMS,5,periodavg_0555-0557,50.960000,6.3965,-0.1117,81.6120,83.8249,-2.2129
NLMS,5,periodavg_0555-0557,51.000000,6.3799,3.5760,81.6424,83.8249,-2.1826
NLMS,5,periodavg_0555-0557,51.053333,6.3173,1.5848,81.6856,83.8249,-2.1393
NLMS,5,periodavg_0555-0557,51.106667,6.3429,4.2315,81.7418,83.8249,-2.0831
NLMS,5,periodavg_0555-0557,51.160000,6.2690,0.9731,81.7780,83.8249,-2.0469
NLMS,5,periodavg_0555-0557,51.200000,6.2061,-0.2744,81.8091,83.8249,-2.0158
NLMS,5,periodavg_0555-0557,51.253333,6.2445,3.4579,81.8728,83.8249,-1.9521
NLMS,5,periodavg_0555-0557,51.306667,6.1450,1.1901,81.9174,83.8249,-1.9075
NLMS,5,periodavg_0555-0557,51.360000,6.0531,1.5151,81.9650,83.8249,-1.8599
NLMS,5,periodavg_0555-0557,51.400000,6.0572,3.8124,81.9883,83.8249,-1.8366
NLMS,5,periodavg_0555-0557,51.453333,5.9735,1.4695,82.0519,83.8249,-1.7730
NLMS,5,periodavg_0555-0557,51.506667,5.8931,0.3923,82.1378,83.8249,-1.6871
NLMS,5,periodavg_0555-0557,51.560000,5.8599,0.5882,82.1646,83.8249,-1.6603
NLMS,5,periodavg_0555-0557,51.600000,5.8168,0.3618,82.1982,83.8249,-1.6267
NLMS,5,periodavg_0555-0557,51.653333,5.7694,0.8549,82.2151,83.8249,-1.6098
NLMS,5,periodavg_0555-0557,51.706667,5.7237,1.2116,82.2269,83.8249,-1.5980
NLMS,5,periodavg_0555-0557,51.760000,5.6945,1.4713,82.2277,83.8249,-1.5972
NLMS,5,periodavg_0555-0557,51.800000,5.7289,3.6937,82.2454,83.8249,-1.5795
NLMS,5,periodavg_0555-0557,51.853333,5.6712,1.9702,82.3238,83.8249,-1.5011
NLMS,5,periodavg_0555-0557,51.906667,5.5876,0.6051,82.2955,83.8249,-1.5294
NLMS,5,periodavg_0555-0557,51.960000,5.5755,0.5534,82.2882,83.8249,-1.5367
NLMS,5,periodavg_0555-0557,52.000000,5.5177,0.7024,82.3396,83.8249,-1.4853
NLMS,5,periodavg_0555-0557,52.053333,5.5706,0.8214,82.3442,83.8249,-1.4807
NLMS,5,periodavg_0555-0557,52.106667,5.4669,1.8655,82.3399,83.8249,-1.4850
NLMS,5,periodavg_0555-0557,52.160000,5.4483,2.0874,82.3470,83.8249,-1.4779
NLMS,5,periodavg_0555-0557,52.200000,5.4720,1.1602,82.3707,83.8249,-1.4542
NLMS,5,periodavg_0555-0557,52.253333,5.3984,0.4479,82.3838,83.8249,-1.4411
NLMS,5,periodavg_0555-0557,52.306667,5.3357,2.4377,82.4788,83.8249,-1.3461
NLMS,5,periodavg_0555-0557,52.360000,5.2815,-0.2449,82.4936,83.8249,-1.3313
NLMS,5,periodavg_0555-0557,52.400000,5.3079,1.7165,82.4949,83.8249,-1.3300
NLMS,5,periodavg_0555-0557,52.453333,5.2116,1.8283,82.5111,83.8249,-1.3139
NLMS,5,periodavg_0555-0557,52.506667,5.1760,2.2798,82.5479,83.8249,-1.2770
NLMS,5,periodavg_0555-0557,52.560000,5.1389,2.1819,82.5941,83.8249,-1.2308
NLMS,5,periodavg_0555-0557,52.600000,5.0973,1.6119,82.6223,83.8249,-1.2026
NLMS,5,periodavg_0555-0557,52.653333,5.0319,0.7215,82.6322,83.8249,-1.1927
NLMS,5,periodavg_0555-0557,52.706667,5.0148,1.8683,82.6418,83.8249,-1.1831
NLMS,5,periodavg_0555-0557,52.760000,5.1093,0.1034,82.6167,83.8249,-1.2082
NLMS,5,periodavg_0555-0557,52.800000,4.9889,0.8129,82.6202,83.8249,-1.2047
NLMS,5,periodavg_0555-0557,52.853333,4.9327,2.6710,82.6258,83.8249,-1.1991
NLMS,5,periodavg_0555-0557,52.906667,4.9100,-0.3618,82.6393,83.8249,-1.1856
NLMS,5,periodavg_0555-0557,52.960000,4.8297,1.9057,82.6714,83.8249,-1.1535
NLMS,5,periodavg_0555-0557,53.000000,4.7981,0.0568,82.7248,83.8249,-1.1001
NLMS,5,periodavg_0555-0557,53.053333,4.7723,2.7740,82.7373,83.8249,-1.0877
NLMS,5,periodavg_0555-0557,53.106667,4.7439,0.2048,82.7929,83.8249,-1.0320
NLMS,5,periodavg_0555-0557,53.160000,4.7245,2.2663,82.7930,83.8249,-1.0319
NLMS,5,periodavg_0555-0557,53.200000,4.7361,1.5751,82.7833,83.8249,-1.0416
NLMS,5,periodavg_0555-0557,53.253333,4.7023,1.3732,82.7991,83.8249,-1.0259
NLMS,5,periodavg_0555-0557,53.306667,4.6212,3.0386,82.8244,83.8249,-1.0006
NLMS,5,periodavg_0555-0557,53.360000,4.5631,2.0384,82.8626,83.8249,-0.9623
NLMS,5,periodavg_0555-0557,53.400000,4.6300,1.7442,82.8199,83.8249,-1.0050
NLMS,5,periodavg_0555-0557,53.453333,4.5278,0.8081,82.8094,83.8249,-1.0155
NLMS,5,periodavg_0555-0557,53.506667,4.6161,1.5216,82.8017,83.8249,-1.0232
NLMS,5,periodavg_0555-0557,53.560000,4.4921,0.9600,82.8917,83.8249,-0.9333
NLMS,5,periodavg_0555-0557,53.600000,4.4488,0.5582,82.8981,83.8249,-0.9268
NLMS,5,periodavg_0555-0557,53.653333,4.4031,1.8537,82.9318,83.8249,-0.8931
NLMS,5,periodavg_0555-0557,53.706667,4.4005,1.1987,82.9504,83.8249,-0.8745
NLMS,5,periodavg_0555-0557,53.760000,4.2986,2.2963,82.9575,83.8249,-0.8674
NLMS,5,periodavg_0555-0557,53.800000,4.3095,1.5205,82.9996,83.8249,-0.8253
NLMS,5,periodavg_0555-0557,53.853333,4.2307,1.6576,83.0059,83.8249,-0.8190
NLMS,5,periodavg_0555-0557,53.906667,4.3231,0.7136,83.0104,83.8249,-0.8145
NLMS,5,periodavg_0555-0557,53.960000,4.2079,1.5891,83.0319,83.8249,-0.7930
NLMS,5,periodavg_0555-0557,54.000000,4.1506,2.0691,83.0516,83.8249,-0.7733
NLMS,5,periodavg_0555-0557,54.053333,4.1437,2.5422,83.0813,83.8249,-0.7436
NLMS,5,periodavg_0555-0557,54.106667,4.1379,0.2463,83.0898,83.8249,-0.7351
NLMS,5,periodavg_0555-0557,54.160000,4.1323,1.3792,83.0727,83.8249,-0.7523
NLMS,5,periodavg_0555-0557,54.200000,4.0629,0.9550,83.0988,83.8249,-0.7261
NLMS,5,periodavg_0555-0557,54.253333,4.0207,2.8600,83.1523,83.8249,-0.6726
NLMS,5,periodavg_0555-0557,54.306667,4.0609,0.9407,83.1791,83.8249,-0.6458
NLMS,5,periodavg_0555-0557,54.360000,4.0348,4.0523,83.2103,83.8249,-0.6146
NLMS,5,periodavg_0555-0557,54.400000,3.9678,2.0877,83.2469,83.8249,-0.5780
NLMS,5,periodavg_0555-0557,54.453333,3.8939,1.1631,83.2644,83.8249,-0.5605
NLMS,5,periodavg_0555-0557,54.506667,3.8465,1.7798,83.2694,83.8249,-0.5556
NLMS,5,periodavg_0555-0557,54.560000,3.7789,0.9227,83.2754,83.8249,-0.5495
NLMS,5,periodavg_0555-0557,54.600000,3.7654,0.4431,83.2859,83.8249,-0.5390
NLMS,5,periodavg_0555-0557,54.653333,3.7868,2.8776,83.2842,83.8249,-0.5407
NLMS,5,periodavg_0555-0557,54.706667,3.7028,1.8682,83.3099,83.8249,-0.5150
NLMS,5,periodavg_0555-0557,54.760000,3.7833,1.8458,83.3177,83.8249,-0.5072
NLMS,5,periodavg_0555-0557,54.800000,3.6785,-0.4330,83.3460,83.8249,-0.4790
NLMS,5,periodavg_0555-0557,54.853333,3.6078,2.4638,83.3802,83.8249,-0.4448
NLMS,5,periodavg_0555-0557,54.906667,3.6211,2.0458,83.3625,83.8249,-0.4625
NLMS,5,periodavg_0555-0557,54.960000,3.5734,1.9334,83.3733,83.8249,-0.4516
NLMS,5,periodavg_0555-0557,55.000000,3.5643,1.4967,83.3723,83.8249,-0.4526
NLMS,5,periodavg_0555-0557,55.053333,3.5895,-0.4009,83.3894,83.8249,-0.4356
NLMS,5,periodavg_0555-0557,55.106667,3.5115,0.8535,83.4406,83.8249,-0.3844
NLMS,5,periodavg_0555-0557,55.160000,3.4545,0.8905,83.4481,83.8249,-0.3768
NLMS,5,periodavg_0555-0557,55.200000,3.4048,1.6849,83.4777,83.8249,-0.3472
NLMS,5,periodavg_0555-0557,55.253333,3.3892,1.0077,83.4349,83.8249,-0.3900
NLMS,5,periodavg_0555-0557,55.306667,3.3238,1.8269,83.4953,83.8249,-0.3296
NLMS,5,periodavg_0555-0557,55.360000,3.3446,1.3641,83.4912,83.8249,-0.3337
NLMS,5,periodavg_0555-0557,55.400000,3.3286,0.6289,83.5178,83.8249,-0.3071
NLMS,5,periodavg_0555-0557,55.453333,3.3293,1.3748,83.5153,83.8249,-0.3096
NLMS,5,periodavg_0555-0557,55.506667,3.2836,2.4968,83.5802,83.8249,-0.2448
NLMS,5,periodavg_0555-0557,55.560000,3.2489,1.5567,83.5827,83.8249,-0.2422
NLMS,5,periodavg_0555-0557,55.600000,3.2259,0.1914,83.6038,83.8249,-0.2211
NLMS,5,periodavg_0555-0557,55.653333,3.1472,1.3223,83.6548,83.8249,-0.1701
NLMS,5,periodavg_0555-0557,55.706667,3.1395,1.4546,83.6660,83.8249,-0.1589
NLMS,5,periodavg_0555-0557,55.760000,3.1335,1.3107,83.6508,83.8249,-0.1741
NLMS,5,periodavg_0555-0557,55.800000,3.0359,1.7277,83.6430,83.8249,-0.1819
NLMS,5,periodavg_0555-0557,55.853333,2.9897,1.7278,83.7009,83.8249,-0.1240
NLMS,5,periodavg_0555-0557,55.906667,2.9648,0.5977,83.7460,83.8249,-0.0790
NLMS,5,periodavg_0555-0557,55.960000,2.9079,3.7481,83.7496,83.8249,-0.0753
NLMS,5,periodavg_0555-0557,56.000000,2.9976,3.0469,83.7578,83.8249,-0.0671
NLMS,5,periodavg_0555-0557,56.053333,2.8875,1.0838,83.7989,83.8249,-0.0260
NLMS,5,periodavg_0555-0557,56.106667,2.8477,1.2788,83.8052,83.8249,-0.0198
NLMS,5,periodavg_0555-0557,56.160000,2.8041,2.1240,83.8160,83.8249,-0.0089
NLMS,5,periodavg_0555-0557,56.200000,2.8901,4.2067,83.8331,83.8249,0.0082
NLMS,5,periodavg_0555-0557,56.253333,2.8061,1.6200,83.8488,83.8249,0.0239
NLMS,5,periodavg_0555-0557,56.306667,2.7600,2.3181,83.8858,83.8249,0.0609
NLMS,5,periodavg_0555-0557,56.360000,2.7539,2.1754,83.8861,83.8249,0.0612
NLMS,5,periodavg_0555-0557,56.400000,2.7499,3.0872,83.9267,83.8249,0.1018
NLMS,5,periodavg_0555-0557,56.453333,2.6479,1.8197,83.9575,83.8249,0.1325
NLMS,5,periodavg_0555-0557,56.506667,2.7770,-0.0204,83.9516,83.8249,0.1267
NLMS,5,periodavg_0555-0557,56.560000,3.2323,0.7477,81.4941,83.8249,-2.3308
NLMS,5,periodavg_0555-0557,56.600000,2.7184,0.1703,83.9512,83.8249,0.1263
NLMS,5,periodavg_0555-0557,56.653333,2.6076,1.3719,84.0084,83.8249,0.1834
NLMS,5,periodavg_0555-0557,56.706667,2.5346,2.1688,84.0614,83.8249,0.2365
NLMS,5,periodavg_0555-0557,56.760000,2.5874,1.8227,84.0386,83.8249,0.2137
NLMS,5,periodavg_0555-0557,56.800000,2.6095,2.2461,84.0206,83.8249,0.1957
NLMS,5,periodavg_0555-0557,56.853333,2.4203,0.6036,84.0731,83.8249,0.2482
NLMS,5,periodavg_0555-0557,56.906667,2.3511,1.3825,84.0978,83.8249,0.2729
NLMS,5,periodavg_0555-0557,56.960000,2.3463,3.1849,84.1018,83.8249,0.2769
NLMS,5,periodavg_0555-0557,57.000000,2.3245,2.0282,84.1089,83.8249,0.2840
NLMS,5,periodavg_0555-0557,57.053333,2.3517,0.6744,84.1272,83.8249,0.3022
NLMS,5,periodavg_0555-0557,57.106667,2.2897,2.1759,84.1299,83.8249,0.3049
NLMS,5,periodavg_0555-0557,57.160000,2.2604,1.4966,84.1529,83.8249,0.3280
NLMS,5,periodavg_0555-0557,57.200000,2.2429,0.5607,84.1451,83.8249,0.3202
NLMS,5,periodavg_0555-0557,57.253333,2.1758,2.4118,84.2028,83.8249,0.3779
NLMS,5,periodavg_0555-0557,57.306667,2.1601,0.7212,84.2210,83.8249,0.3961
NLMS,5,periodavg_0555-0557,57.360000,2.0897,2.0277,84.2395,83.8249,0.4146
NLMS,5,periodavg_0555-0557,57.400000,2.0917,4.4537,84.2560,83.8249,0.4311
NLMS,5,periodavg_0555-0557,57.453333,2.1183,4.8572,84.2595,83.8249,0.4346
NLMS,5,periodavg_0555-0557,57.506667,2.1323,3.5389,84.3141,83.8249,0.4891
NLMS,5,periodavg_0555-0557,57.560000,2.0051,-0.6676,84.2781,83.8249,0.4531
NLMS,5,periodavg_0555-0557,57.600000,1.9785,1.8528,84.2968,83.8249,0.4719
NLMS,5,periodavg_0555-0557,57.653333,1.9699,1.1892,84.3120,83.8249,0.4871
NLMS,5,periodavg_0555-0557,57.706667,1.8947,2.1696,84.3348,83.8249,0.5099
NLMS,5,periodavg_0555-0557,57.760000,1.9801,1.0671,84.3201,83.8249,0.4951
NLMS,5,periodavg_0555-0557,57.800000,1.9161,3.2753,84.3301,83.8249,0.5052
NLMS,5,periodavg_0555-0557,57.853333,1.8694,0.3219,84.3809,83.8249,0.5560
NLMS,5,periodavg_0555-0557,57.906667,1.8519,2.6573,84.3772,83.8249,0.5523
NLMS,5,periodavg_0555-0557,57.960000,1.7892,1.3803,84.3841,83.8249,0.5592
NLMS,5,periodavg_0555-0557,58.000000,1.7527,1.5647,84.4111,83.8249,0.5862
NLMS,5,periodavg_0555-0557,58.053333,1.8007,3.2516,84.4406,83.8249,0.6157
NLMS,5,periodavg_0555-0557,58.106667,1.8572,2.7143,84.4513,83.8249,0.6264
NLMS,5,periodavg_0555-0557,58.160000,1.7783,1.4980,84.4841,83.8249,0.6592
NLMS,5,periodavg_0555-0557,58.200000,1.7700,3.6971,84.5607,83.8249,0.7357
NLMS,5,periodavg_0555-0557,58.253333,1.6697,2.5165,84.6086,83.8249,0.7837
NLMS,5,periodavg_0555-0557,58.306667,1.6058,1.2981,84.6218,83.8249,0.7969
NLMS,5,periodavg_0555-0557,58.360000,1.6069,3.9737,84.6361,83.8249,0.8112
NLMS,5,periodavg_0555-0557,58.400000,1.7320,3.3021,84.6574,83.8249,0.8325
NLMS,5,periodavg_0555-0557,58.453333,1.5615,0.6139,84.6672,83.8249,0.8423
NLMS,5,periodavg_0555-0557,58.506667,1.6633,1.6808,84.6781,83.8249,0.8532
NLMS,5,periodavg_0555-0557,58.560000,1.5413,2.3790,84.6801,83.8249,0.8551
NLMS,5,periodavg_0555-0557,58.600000,1.5725,3.7128,84.6684,83.8249,0.8435
NLMS,5,periodavg_0555-0557,58.653333,1.6368,1.1464,84.6845,83.8249,0.8596
NLMS,5,periodavg_0555-0557,58.706667,1.7099,1.3163,84.7105,83.8249,0.8856
NLMS,5,periodavg_0555-0557,58.760000,1.6701,2.0311,84.7291,83.8249,0.9042
NLMS,5,periodavg_0555-0557,58.800000,1.5899,0.0563,84.6891,83.8249,0.8642
NLMS,5,periodavg_0555-0557,58.853333,1.2922,1.6250,84.7809,83.8249,0.9560
NLMS,5,periodavg_0555-0557,58.906667,1.3758,1.9367,84.8109,83.8249,0.9860
NLMS,5,periodavg_0555-0557,58.960000,1.2555,2.9537,84.8206,83.8249,0.9957
NLMS,5,periodavg_0555-0557,59.000000,1.2080,0.5912,84.8671,83.8249,1.0422
NLMS,5,periodavg_0555-0557,59.053333,1.2774,2.1505,84.8405,83.8249,1.0155
NLMS,5,periodavg_0555-0557,59.106667,1.1930,2.5985,84.8769,83.8249,1.0519
NLMS,5,periodavg_0555-0557,59.160000,1.1535,1.0340,84.9032,83.8249,1.0783
NLMS,5,periodavg_0555-0557,59.200000,1.1750,-0.6218,84.9172,83.8249,1.0923
NLMS,5,periodavg_0555-0557,59.253333,1.0788,1.8470,84.9848,83.8249,1.1598
NLMS,5,periodavg_0555-0557,59.306667,1.2143,2.5130,84.9625,83.8249,1.1376
NLMS,5,periodavg_0555-0557,59.360000,1.1454,1.7603,84.9983,83.8249,1.1734
NLMS,5,periodavg_0555-0557,59.400000,1.0260,7.3875,85.0376,83.8249,1.2127
NLMS,5,periodavg_0555-0557,59.453333,0.9477,0.5946,85.0472,83.8249,1.2223
NLMS,5,periodavg_0555-0557,59.506667,0.9864,1.4672,85.0356,83.8249,1.2106
NLMS,5,periodavg_0555-0557,59.560000,1.0196,2.0079,85.0577,83.8249,1.2328
NLMS,5,periodavg_0555-0557,59.600000,0.9309,0.8709,85.1260,83.8249,1.3011
NLMS,5,periodavg_0555-0557,59.653333,0.9280,1.7307,85.1354,83.8249,1.3105
NLMS,5,periodavg_0555-0557,59.706667,0.8552,0.2270,85.1642,83.8249,1.3393
NLMS,5,periodavg_0555-0557,59.760000,0.7559,1.2411,85.2373,83.8249,1.4124
NLMS,5,periodavg_0555-0557,59.800000,0.8831,1.0970,85.2103,83.8249,1.3854
NLMS,5,periodavg_0555-0557,59.853333,0.8639,2.5923,85.2684,83.8249,1.4435
NLMS,5,periodavg_0555-0557,59.906667,0.8816,2.6557,85.3479,83.8249,1.5230
NLMS,5,periodavg_0555-0557,59.960000,0.6985,0.9528,85.3790,83.8249,1.5540
NLMS,5,periodavg_0555-0557,60.000000,0.6576,2.1558,85.3432,83.8249,1.5183
NLMS-PCA (K=20/20),0,periodavg_0837-0839,0.013333,-6.3185,5.8046,84.4911,77.2970,7.1942
NLMS-PCA (K=20/20),0,periodavg_0837-0839,0.053333,-6.3545,5.5136,84.5176,77.2970,7.2206
NLMS-PCA (K=20/20),0,periodavg_0837-0839,0.106667,-7.0596,4.6095,84.6615,77.2970,7.3645
NLMS-PCA (K=20/20),0,periodavg_0837-0839,0.160000,-7.1836,3.4866,84.6116,77.2970,7.3146
NLMS-PCA (K=20/20),0,periodavg_0837-0839,0.200000,-7.0881,5.9103,84.1630,77.2970,6.8661
NLMS-PCA (K=20/20),0,periodavg_0837-0839,0.253333,-7.3194,3.3433,83.4273,77.2970,6.1304
NLMS-PCA (K=20/20),0,periodavg_0837-0839,0.306667,-7.5542,3.4544,84.2666,77.2970,6.9696
NLMS-PCA (K=20/20),0,periodavg_0837-0839,0.360000,-7.0640,5.7460,83.7969,77.2970,6.5000
NLMS-PCA (K=20/20),0,periodavg_0837-0839,0.400000,-7.9568,3.5028,84.5531,77.2970,7.2561
NLMS-PCA (K=20/20),0,periodavg_0837-0839,0.453333,-7.7016,3.9284,84.1257,77.2970,6.8288
NLMS-PCA (K=20/20),0,periodavg_0837-0839,0.506667,-8.2129,3.9940,84.3321,77.2970,7.0351
NLMS-PCA (K=20/20),0,periodavg_0837-0839,0.560000,-8.4221,4.1034,83.9582,77.2970,6.6613
NLMS-PCA (K=20/20),0,periodavg_0837-0839,0.600000,-8.7555,4.1096,84.4181,77.2970,7.1211
NLMS-PCA (K=20/20),0,periodavg_0837-0839,0.653333,-8.7324,5.6925,84.2359,77.2970,6.9390
NLMS-PCA (K=20/20),0,periodavg_0837-0839,0.706667,-8.8486,5.4730,84.3758,77.2970,7.0788
NLMS-PCA (K=20/20),0,periodavg_0837-0839,0.760000,-8.6299,3.3828,83.7890,77.2970,6.4920
NLMS-PCA (K=20/20),0,periodavg_0837-0839,0.800000,-8.2005,5.6946,83.3230,77.2970,6.0260
NLMS-PCA (K=20/20),0,periodavg_0837-0839,0.853333,-8.9224,3.0758,84.3483,77.2970,7.0513
NLMS-PCA (K=20/20),0,periodavg_0837-0839,0.906667,-8.6038,5.0153,84.4015,77.2970,7.1046
NLMS-PCA (K=20/20),0,periodavg_0837-0839,0.960000,-7.6349,7.1275,79.2025,77.2970,1.9056
NLMS-PCA (K=20/20),0,periodavg_0837-0839,1.000000,-8.7408,1.3278,84.2131,77.2970,6.9161
NLMS-PCA (K=20/20),0,periodavg_0837-0839,1.053333,-8.9457,6.2489,84.6146,77.2970,7.3177
NLMS-PCA (K=20/20),0,periodavg_0837-0839,1.106667,-8.6133,5.9788,84.0180,77.2970,6.7210
NLMS-PCA (K=20/20),0,periodavg_0837-0839,1.160000,-8.5786,3.5319,84.0899,77.2970,6.7929
NLMS-PCA (K=20/20),0,periodavg_0837-0839,1.200000,-9.0565,3.6536,84.6334,77.2970,7.3365
NLMS-PCA (K=20/20),0,periodavg_0837-0839,1.253333,-9.2793,4.3063,84.6225,77.2970,7.3255
NLMS-PCA (K=20/20),0,periodavg_0837-0839,1.306667,-8.9009,3.6167,84.0653,77.2970,6.7684
NLMS-PCA (K=20/20),0,periodavg_0837-0839,1.360000,-9.2110,3.6128,84.4804,77.2970,7.1834
NLMS-PCA (K=20/20),0,periodavg_0837-0839,1.400000,-8.5930,5.2841,84.6476,77.2970,7.3507
NLMS-PCA (K=20/20),0,periodavg_0837-0839,1.453333,-8.9085,4.0225,84.3376,77.2970,7.0407
NLMS-PCA (K=20/20),0,periodavg_0837-0839,1.506667,-8.9255,4.6769,84.5187,77.2970,7.2218
NLMS-PCA (K=20/20),0,periodavg_0837-0839,1.560000,-8.2908,5.2441,83.9986,77.2970,6.7016
NLMS-PCA (K=20/20),0,periodavg_0837-0839,1.600000,-8.0491,3.7375,84.8823,77.2970,7.5853
NLMS-PCA (K=20/20),0,periodavg_0837-0839,1.653333,-9.0422,2.5947,85.0147,77.2970,7.7178
NLMS-PCA (K=20/20),0,periodavg_0837-0839,1.706667,-8.8520,4.2644,85.0783,77.2970,7.7814
NLMS-PCA (K=20/20),0,periodavg_0837-0839,1.760000,-8.7334,4.7182,85.0998,77.2970,7.8028
NLMS-PCA (K=20/20),0,periodavg_0837-0839,1.800000,-8.7215,4.0410,84.4268,77.2970,7.1298
NLMS-PCA (K=20/20),0,periodavg_0837-0839,1.853333,-8.2798,5.1562,84.1786,77.2970,6.8817
NLMS-PCA (K=20/20),0,periodavg_0837-0839,1.906667,-9.0105,3.7687,85.0591,77.2970,7.7621
NLMS-PCA (K=20/20),0,periodavg_0837-0839,1.960000,-8.7317,4.0429,85.3995,77.2970,8.1026
NLMS-PCA (K=20/20),0,periodavg_0837-0839,2.000000,-8.3999,5.9981,81.4288,77.2970,4.1318
NLMS-PCA (K=20/20),0,periodavg_0837-0839,2.053333,-8.8127,2.5768,85.7946,77.2970,8.4977
NLMS-PCA (K=20/20),0,periodavg_0837-0839,2.106667,-8.9050,6.9375,85.1338,77.2970,7.8369
NLMS-PCA (K=20/20),0,periodavg_0837-0839,2.160000,-7.8065,3.4939,84.9257,77.2970,7.6287
NLMS-PCA (K=20/20),0,periodavg_0837-0839,2.200000,-7.9847,6.6124,84.4576,77.2970,7.1606
NLMS-PCA (K=20/20),0,periodavg_0837-0839,2.253333,-8.7454,3.8854,84.8446,77.2970,7.5476
NLMS-PCA (K=20/20),0,periodavg_0837-0839,2.306667,-9.0668,4.3941,85.3914,77.2970,8.0944
NLMS-PCA (K=20/20),0,periodavg_0837-0839,2.360000,-8.5675,4.7282,85.4956,77.2970,8.1986
NLMS-PCA (K=20/20),0,periodavg_0837-0839,2.400000,-9.0153,4.8565,85.6387,77.2970,8.3417
NLMS-PCA (K=20/20),0,periodavg_0837-0839,2.453333,-9.1983,5.2646,85.8113,77.2970,8.5144
NLMS-PCA (K=20/20),0,periodavg_0837-0839,2.506667,-8.6641,5.2119,83.6590,77.2970,6.3621
NLMS-PCA (K=20/20),0,periodavg_0837-0839,2.560000,-8.6709,3.2162,86.0363,77.2970,8.7393
NLMS-PCA (K=20/20),0,periodavg_0837-0839,2.600000,-8.3073,4.8901,81.7628,77.2970,4.4659
NLMS-PCA (K=20/20),0,periodavg_0837-0839,2.653333,-8.3234,3.9162,85.6273,77.2970,8.3303
NLMS-PCA (K=20/20),0,periodavg_0837-0839,2.706667,-9.1326,3.9224,85.8967,77.2970,8.5998
NLMS-PCA (K=20/20),0,periodavg_0837-0839,2.760000,-8.6525,4.7726,86.3343,77.2970,9.0373
NLMS-PCA (K=20/20),0,periodavg_0837-0839,2.800000,-8.6866,5.3374,83.6149,77.2970,6.3179
NLMS-PCA (K=20/20),0,periodavg_0837-0839,2.853333,-8.9919,4.9642,85.8578,77.2970,8.5608
NLMS-PCA (K=20/20),0,periodavg_0837-0839,2.906667,-8.8129,5.3692,86.4508,77.2970,9.1538
NLMS-PCA (K=20/20),0,periodavg_0837-0839,2.960000,-8.9108,4.0782,86.4971,77.2970,9.2001
NLMS-PCA (K=20/20),0,periodavg_0837-0839,3.000000,-9.1237,4.7344,86.3695,77.2970,9.0726
NLMS-PCA (K=20/20),0,periodavg_0837-0839,3.053333,-8.8148,5.5739,86.2836,77.2970,8.9866
NLMS-PCA (K=20/20),0,periodavg_0837-0839,3.106667,-8.4044,3.9589,86.1913,77.2970,8.8944
NLMS-PCA (K=20/20),0,periodavg_0837-0839,3.160000,-9.0927,4.1958,86.1131,77.2970,8.8161
NLMS-PCA (K=20/20),0,periodavg_0837-0839,3.200000,-8.9778,5.1772,85.9708,77.2970,8.6739
NLMS-PCA (K=20/20),0,periodavg_0837-0839,3.253333,-8.8984,4.8741,86.4624,77.2970,9.1655
NLMS-PCA (K=20/20),0,periodavg_0837-0839,3.306667,-8.2961,4.7396,85.8985,77.2970,8.6015
NLMS-PCA (K=20/20),0,periodavg_0837-0839,3.360000,-8.4914,4.4751,85.4586,77.2970,8.1616
NLMS-PCA (K=20/20),0,periodavg_0837-0839,3.400000,-8.4301,7.0494,83.1312,77.2970,5.8342
NLMS-PCA (K=20/20),0,periodavg_0837-0839,3.453333,-8.5410,4.6935,85.6270,77.2970,8.3301
NLMS-PCA (K=20/20),0,periodavg_0837-0839,3.506667,-8.3658,5.2021,84.0360,77.2970,6.7391
NLMS-PCA (K=20/20),0,periodavg_0837-0839,3.560000,-8.7399,4.8928,85.9051,77.2970,8.6081
NLMS-PCA (K=20/20),0,periodavg_0837-0839,3.600000,-9.0106,4.7699,85.8047,77.2970,8.5077
NLMS-PCA (K=20/20),0,periodavg_0837-0839,3.653333,-8.9930,4.3886,86.0926,77.2970,8.7957
NLMS-PCA (K=20/20),0,periodavg_0837-0839,3.706667,-9.0945,4.6377,85.9594,77.2970,8.6624
NLMS-PCA (K=20/20),0,periodavg_0837-0839,3.760000,-8.9973,3.9769,86.0322,77.2970,8.7352
NLMS-PCA (K=20/20),0,periodavg_0837-0839,3.800000,-8.7093,4.3838,86.1516,77.2970,8.8547
NLMS-PCA (K=20/20),0,periodavg_0837-0839,3.853333,-8.6071,4.5020,86.3472,77.2970,9.0502
NLMS-PCA (K=20/20),0,periodavg_0837-0839,3.906667,-8.7662,4.2111,86.1089,77.2970,8.8119
NLMS-PCA (K=20/20),0,periodavg_0837-0839,3.960000,-8.7654,4.3437,85.3992,77.2970,8.1023
NLMS-PCA (K=20/20),0,periodavg_0837-0839,4.000000,-8.6439,5.6900,85.3160,77.2970,8.0190
NLMS-PCA (K=20/20),0,periodavg_0837-0839,4.053333,-8.0513,6.3290,84.1419,77.2970,6.8449
NLMS-PCA (K=20/20),0,periodavg_0837-0839,4.106667,-8.2562,4.0364,84.9054,77.2970,7.6085
NLMS-PCA (K=20/20),0,periodavg_0837-0839,4.160000,-8.5247,5.6293,84.7547,77.2970,7.4577
NLMS-PCA (K=20/20),0,periodavg_0837-0839,4.200000,-8.1594,4.5929,84.1172,77.2970,6.8203
NLMS-PCA (K=20/20),0,periodavg_0837-0839,4.253333,-8.4884,4.0493,84.8450,77.2970,7.5481
NLMS-PCA (K=20/20),0,periodavg_0837-0839,4.306667,-8.0838,4.4100,83.0157,77.2970,5.7187
NLMS-PCA (K=20/20),0,periodavg_0837-0839,4.360000,-8.2574,4.9817,84.8964,77.2970,7.5995
NLMS-PCA (K=20/20),0,periodavg_0837-0839,4.400000,-8.3528,4.5065,84.9452,77.2970,7.6482
NLMS-PCA (K=20/20),0,periodavg_0837-0839,4.453333,-8.1926,5.8308,83.4752,77.2970,6.1782
NLMS-PCA (K=20/20),0,periodavg_0837-0839,4.506667,-8.2641,4.8960,85.1951,77.2970,7.8982
NLMS-PCA (K=20/20),0,periodavg_0837-0839,4.560000,-7.8993,3.6730,85.3545,77.2970,8.0575
NLMS-PCA (K=20/20),0,periodavg_0837-0839,4.600000,-8.0691,4.0115,85.1691,77.2970,7.8721
NLMS-PCA (K=20/20),0,periodavg_0837-0839,4.653333,-8.4895,4.2419,85.5911,77.2970,8.2942
NLMS-PCA (K=20/20),0,periodavg_0837-0839,4.706667,-8.3258,4.3816,85.3332,77.2970,8.0362
NLMS-PCA (K=20/20),0,periodavg_0837-0839,4.760000,-8.2647,5.1585,85.2529,77.2970,7.9559
NLMS-PCA (K=20/20),0,periodavg_0837-0839,4.800000,-8.4035,4.6444,85.2696,77.2970,7.9726
NLMS-PCA (K=20/20),0,periodavg_0837-0839,4.853333,-8.2487,4.8245,85.1950,77.2970,7.8980
NLMS-PCA (K=20/20),0,periodavg_0837-0839,4.906667,-8.3057,5.2255,84.9142,77.2970,7.6172
NLMS-PCA (K=20/20),0,periodavg_0837-0839,4.960000,-8.3974,3.4177,85.4682,77.2970,8.1713
NLMS-PCA (K=20/20),0,periodavg_0837-0839,5.000000,-8.4900,4.0182,84.7058,77.2970,7.4088
NLMS-PCA (K=20/20),0,periodavg_0837-0839,5.053333,-8.3879,4.4133,84.9723,77.2970,7.6754
NLMS-PCA (K=20/20),0,periodavg_0837-0839,5.106667,-8.5811,4.3962,85.5351,77.2970,8.2381
NLMS-PCA (K=20/20),0,periodavg_0837-0839,5.160000,-8.1328,7.1808,81.5252,77.2970,4.2282
NLMS-PCA (K=20/20),0,periodavg_0837-0839,5.200000,-7.6595,5.4745,81.6910,77.2970,4.3940
NLMS-PCA (K=20/20),0,periodavg_0837-0839,5.253333,-8.1460,3.9095,85.2957,77.2970,7.9987
NLMS-PCA (K=20/20),0,periodavg_0837-0839,5.306667,-8.3703,5.8359,85.4582,77.2970,8.1612
NLMS-PCA (K=20/20),0,periodavg_0837-0839,5.360000,-8.5743,4.4058,85.3306,77.2970,8.0337
NLMS-PCA (K=20/20),0,periodavg_0837-0839,5.400000,-8.6149,3.8481,85.8296,77.2970,8.5327
NLMS-PCA (K=20/20),0,periodavg_0837-0839,5.453333,-8.6000,3.6849,85.3418,77.2970,8.0449
NLMS-PCA (K=20/20),0,periodavg_0837-0839,5.506667,-8.6095,5.0045,85.3566,77.2970,8.0597
NLMS-PCA (K=20/20),0,periodavg_0837-0839,5.560000,-8.5549,4.9883,85.6582,77.2970,8.3612
NLMS-PCA (K=20/20),0,periodavg_0837-0839,5.600000,-8.2782,5.8958,84.8743,77.2970,7.5773
NLMS-PCA (K=20/20),0,periodavg_0837-0839,5.653333,-8.3200,5.1642,85.5425,77.2970,8.2455
NLMS-PCA (K=20/20),0,periodavg_0837-0839,5.706667,-7.7485,5.0214,85.4040,77.2970,8.1070
NLMS-PCA (K=20/20),0,periodavg_0837-0839,5.760000,-8.4315,4.0854,85.1289,77.2970,7.8319
NLMS-PCA (K=20/20),0,periodavg_0837-0839,5.800000,-8.3659,6.7580,83.5472,77.2970,6.2502
NLMS-PCA (K=20/20),0,periodavg_0837-0839,5.853333,-8.0632,3.7196,85.1941,77.2970,7.8971
NLMS-PCA (K=20/20),0,periodavg_0837-0839,5.906667,-8.4024,4.3478,85.3026,77.2970,8.0056
NLMS-PCA (K=20/20),0,periodavg_0837-0839,5.960000,-8.2331,5.0059,85.1603,77.2970,7.8633
NLMS-PCA (K=20/20),0,periodavg_0837-0839,6.000000,-8.4706,3.7522,85.5339,77.2970,8.2369
NLMS-PCA (K=20/20),0,periodavg_0837-0839,6.053333,-8.6146,5.8178,85.4242,77.2970,8.1272
NLMS-PCA (K=20/20),0,periodavg_0837-0839,6.106667,-8.7058,4.5190,85.8584,77.2970,8.5614
NLMS-PCA (K=20/20),0,periodavg_0837-0839,6.160000,-8.7882,4.0889,85.5560,77.2970,8.2590
NLMS-PCA (K=20/20),0,periodavg_0837-0839,6.200000,-8.5997,6.4237,85.4612,77.2970,8.1642
NLMS-PCA (K=20/20),0,periodavg_0837-0839,6.253333,-8.3053,4.4033,85.3255,77.2970,8.0285
NLMS-PCA (K=20/20),0,periodavg_0837-0839,6.306667,-8.4544,3.5546,85.1191,77.2970,7.8222
NLMS-PCA (K=20/20),0,periodavg_0837-0839,6.360000,-8.6303,5.3371,85.2220,77.2970,7.9250
NLMS-PCA (K=20/20),0,periodavg_0837-0839,6.400000,-8.2985,3.8707,85.0745,77.2970,7.7775
NLMS-PCA (K=20/20),0,periodavg_0837-0839,6.453333,-8.4608,6.9040,85.4165,77.2970,8.1195
NLMS-PCA (K=20/20),0,periodavg_0837-0839,6.506667,-8.0103,3.2463,85.0592,77.2970,7.7623
NLMS-PCA (K=20/20),0,periodavg_0837-0839,6.560000,-7.9433,6.2946,83.7878,77.2970,6.4909
NLMS-PCA (K=20/20),0,periodavg_0837-0839,6.600000,-8.4554,3.0673,85.2971,77.2970,8.0001
NLMS-PCA (K=20/20),0,periodavg_0837-0839,6.653333,-8.1523,5.3262,85.0109,77.2970,7.7140
NLMS-PCA (K=20/20),0,periodavg_0837-0839,6.706667,-8.4168,5.7711,85.1200,77.2970,7.8230
NLMS-PCA (K=20/20),0,periodavg_0837-0839,6.760000,-8.1810,4.7087,85.1772,77.2970,7.8802
NLMS-PCA (K=20/20),0,periodavg_0837-0839,6.800000,-8.2516,3.8706,85.2444,77.2970,7.9474
NLMS-PCA (K=20/20),0,periodavg_0837-0839,6.853333,-8.1907,4.9357,85.1155,77.2970,7.8185
NLMS-PCA (K=20/20),0,periodavg_0837-0839,6.906667,-8.0636,5.9489,85.2357,77.2970,7.9387
NLMS-PCA (K=20/20),0,periodavg_0837-0839,6.960000,-8.2179,3.7957,85.1109,77.2970,7.8139
NLMS-PCA (K=20/20),0,periodavg_0837-0839,7.000000,-8.3872,5.5557,85.0619,77.2970,7.7650
NLMS-PCA (K=20/20),0,periodavg_0837-0839,7.053333,-8.0762,4.8795,85.4953,77.2970,8.1983
NLMS-PCA (K=20/20),0,periodavg_0837-0839,7.106667,-8.1749,4.6753,83.4037,77.2970,6.1068
NLMS-PCA (K=20/20),0,periodavg_0837-0839,7.160000,-8.0820,3.7693,85.2399,77.2970,7.9430
NLMS-PCA (K=20/20),0,periodavg_0837-0839,7.200000,-8.2171,3.2480,85.4029,77.2970,8.1059
NLMS-PCA (K=20/20),0,periodavg_0837-0839,7.253333,-8.3245,4.9138,85.1389,77.2970,7.8420
NLMS-PCA (K=20/20),0,periodavg_0837-0839,7.306667,-8.4128,3.1957,85.3626,77.2970,8.0656
NLMS-PCA (K=20/20),0,periodavg_0837-0839,7.360000,-8.5145,3.8133,85.5800,77.2970,8.2831
NLMS-PCA (K=20/20),0,periodavg_0837-0839,7.400000,-8.3998,3.9853,85.7239,77.2970,8.4270
NLMS-PCA (K=20/20),0,periodavg_0837-0839,7.453333,-8.2809,4.5635,85.5301,77.2970,8.2331
NLMS-PCA (K=20/20),0,periodavg_0837-0839,7.506667,-8.0181,4.2375,85.3396,77.2970,8.0427
NLMS-PCA (K=20/20),0,periodavg_0837-0839,7.560000,-7.8659,4.4549,84.9088,77.2970,7.6119
NLMS-PCA (K=20/20),0,periodavg_0837-0839,7.600000,-7.8264,3.6165,85.2936,77.2970,7.9967
NLMS-PCA (K=20/20),0,periodavg_0837-0839,7.653333,-8.2022,3.7517,85.2504,77.2970,7.9534
NLMS-PCA (K=20/20),0,periodavg_0837-0839,7.706667,-7.5113,5.8454,85.1453,77.2970,7.8483
NLMS-PCA (K=20/20),0,periodavg_0837-0839,7.760000,-8.0408,3.7071,83.6889,77.2970,6.3919
NLMS-PCA (K=20/20),0,periodavg_0837-0839,7.800000,-8.2710,5.5404,85.2874,77.2970,7.9905
NLMS-PCA (K=20/20),0,periodavg_0837-0839,7.853333,-8.1676,4.7559,85.4666,77.2970,8.1696
NLMS-PCA (K=20/20),0,periodavg_0837-0839,7.906667,-8.2857,4.2807,85.1815,77.2970,7.8845
NLMS-PCA (K=20/20),0,periodavg_0837-0839,7.960000,-8.1301,5.1975,85.5864,77.2970,8.2894
NLMS-PCA (K=20/20),0,periodavg_0837-0839,8.000000,-8.2355,4.6384,85.1148,77.2970,7.8178
NLMS-PCA (K=20/20),0,periodavg_0837-0839,8.053333,-8.2510,5.7034,84.6507,77.2970,7.3538
NLMS-PCA (K=20/20),0,periodavg_0837-0839,8.106667,-8.3378,4.0287,85.6697,77.2970,8.3728
NLMS-PCA (K=20/20),0,periodavg_0837-0839,8.160000,-8.3172,3.6328,85.5186,77.2970,8.2217
NLMS-PCA (K=20/20),0,periodavg_0837-0839,8.200000,-8.2094,5.9303,85.1381,77.2970,7.8411
NLMS-PCA (K=20/20),0,periodavg_0837-0839,8.253333,-8.4162,4.2669,85.7998,77.2970,8.5028
NLMS-PCA (K=20/20),0,periodavg_0837-0839,8.306667,-8.5225,5.3898,85.7960,77.2970,8.4991
NLMS-PCA (K=20/20),0,periodavg_0837-0839,8.360000,-8.0369,4.5643,81.2634,77.2970,3.9664
NLMS-PCA (K=20/20),0,periodavg_0837-0839,8.400000,-8.7462,2.5992,85.7496,77.2970,8.4527
NLMS-PCA (K=20/20),0,periodavg_0837-0839,8.453333,-8.4007,4.7134,85.5831,77.2970,8.2862
NLMS-PCA (K=20/20),0,periodavg_0837-0839,8.506667,-8.6212,5.2388,85.7411,77.2970,8.4441
NLMS-PCA (K=20/20),0,periodavg_0837-0839,8.560000,-8.4669,5.4980,85.8656,77.2970,8.5687
NLMS-PCA (K=20/20),0,periodavg_0837-0839,8.600000,-8.4856,5.9977,85.6102,77.2970,8.3132
NLMS-PCA (K=20/20),0,periodavg_0837-0839,8.653333,-8.0910,3.0960,85.2579,77.2970,7.9609
NLMS-PCA (K=20/20),0,periodavg_0837-0839,8.706667,-8.3647,5.7124,84.8863,77.2970,7.5893
NLMS-PCA (K=20/20),0,periodavg_0837-0839,8.760000,-8.1413,4.7722,84.8779,77.2970,7.5809
NLMS-PCA (K=20/20),0,periodavg_0837-0839,8.800000,-7.8655,4.6809,84.9006,77.2970,7.6036
NLMS-PCA (K=20/20),0,periodavg_0837-0839,8.853333,-7.9558,4.1020,82.2190,77.2970,4.9221
NLMS-PCA (K=20/20),0,periodavg_0837-0839,8.906667,-8.3909,5.0221,85.0371,77.2970,7.7401
NLMS-PCA (K=20/20),0,periodavg_0837-0839,8.960000,-8.3179,5.4030,85.1969,77.2970,7.8999
NLMS-PCA (K=20/20),0,periodavg_0837-0839,9.000000,-8.2661,5.5788,84.6890,77.2970,7.3920
NLMS-PCA (K=20/20),0,periodavg_0837-0839,9.053333,-8.4903,5.4888,84.7468,77.2970,7.4498
NLMS-PCA (K=20/20),0,periodavg_0837-0839,9.106667,-8.3081,6.4732,85.1465,77.2970,7.8496
NLMS-PCA (K=20/20),0,periodavg_0837-0839,9.160000,-8.5257,4.0748,85.0147,77.2970,7.7177
NLMS-PCA (K=20/20),0,periodavg_0837-0839,9.200000,-8.5568,3.8775,85.3398,77.2970,8.0428
NLMS-PCA (K=20/20),0,periodavg_0837-0839,9.253333,-8.4192,4.5344,84.8006,77.2970,7.5036
NLMS-PCA (K=20/20),0,periodavg_0837-0839,9.306667,-8.2564,4.3876,85.1486,77.2970,7.8517
NLMS-PCA (K=20/20),0,periodavg_0837-0839,9.360000,-8.3979,4.8734,85.3271,77.2970,8.0301
NLMS-PCA (K=20/20),0,periodavg_0837-0839,9.400000,-8.4424,4.5785,85.1668,77.2970,7.8698
NLMS-PCA (K=20/20),0,periodavg_0837-0839,9.453333,-8.5727,3.1223,85.6372,77.2970,8.3403
NLMS-PCA (K=20/20),0,periodavg_0837-0839,9.506667,-8.4641,4.5983,85.4145,77.2970,8.1175
NLMS-PCA (K=20/20),0,periodavg_0837-0839,9.560000,-8.3903,3.7328,85.1435,77.2970,7.8466
NLMS-PCA (K=20/20),0,periodavg_0837-0839,9.600000,-8.2116,5.4470,85.1109,77.2970,7.8139
NLMS-PCA (K=20/20),0,periodavg_0837-0839,9.653333,-8.1612,4.1635,84.9319,77.2970,7.6349
NLMS-PCA (K=20/20),0,periodavg_0837-0839,9.706667,-8.3036,4.7661,85.5400,77.2970,8.2431
NLMS-PCA (K=20/20),0,periodavg_0837-0839,9.760000,-8.5116,5.0022,85.3695,77.2970,8.0726
NLMS-PCA (K=20/20),0,periodavg_0837-0839,9.800000,-8.2086,5.5319,84.9994,77.2970,7.7024
NLMS-PCA (K=20/20),0,periodavg_0837-0839,9.853333,-8.4636,3.3886,85.3592,77.2970,8.0623
NLMS-PCA (K=20/20),0,periodavg_0837-0839,9.906667,-8.5304,4.1681,85.0891,77.2970,7.7922
NLMS-PCA (K=20/20),0,periodavg_0837-0839,9.960000,-8.6207,5.2971,85.0512,77.2970,7.7543
NLMS-PCA (K=20/20),0,periodavg_0837-0839,10.000000,-8.3313,5.4725,85.3760,77.2970,8.0790
NLMS-PCA (K=20/20),1,periodavg_0342-0344,10.013333,4.3683,-7.3878,80.1198,83.9969,-3.8771
NLMS-PCA (K=20/20),1,periodavg_0342-0344,10.053333,3.7149,0.9589,80.6461,83.9969,-3.3508
NLMS-PCA (K=20/20),1,periodavg_0342-0344,10.106667,3.0307,-0.2367,80.6709,83.9969,-3.3261
NLMS-PCA (K=20/20),1,periodavg_0342-0344,10.160000,2.6188,1.3268,81.1615,83.9969,-2.8354
NLMS-PCA (K=20/20),1,periodavg_0342-0344,10.200000,2.2273,1.8695,81.4090,83.9969,-2.5879
NLMS-PCA (K=20/20),1,periodavg_0342-0344,10.253333,1.9027,1.7793,82.0444,83.9969,-1.9525
NLMS-PCA (K=20/20),1,periodavg_0342-0344,10.306667,1.6205,2.0099,82.3217,83.9969,-1.6752
NLMS-PCA (K=20/20),1,periodavg_0342-0344,10.360000,1.3779,1.7938,82.6298,83.9969,-1.3671
NLMS-PCA (K=20/20),1,periodavg_0342-0344,10.400000,1.2196,3.0307,82.7270,83.9969,-1.2699
NLMS-PCA (K=20/20),1,periodavg_0342-0344,10.453333,0.9245,2.1605,83.0132,83.9969,-0.9837
NLMS-PCA (K=20/20),1,periodavg_0342-0344,10.506667,0.5163,0.8411,83.4493,83.9969,-0.5476
NLMS-PCA (K=20/20),1,periodavg_0342-0344,10.560000,0.2378,2.0313,83.9094,83.9969,-0.0875
NLMS-PCA (K=20/20),1,periodavg_0342-0344,10.600000,0.1441,3.0034,83.9745,83.9969,-0.0224
NLMS-PCA (K=20/20),1,periodavg_0342-0344,10.653333,-0.1086,1.2600,83.9956,83.9969,-0.0013
NLMS-PCA (K=20/20),1,periodavg_0342-0344,10.706667,-0.3647,1.6691,84.3103,83.9969,0.3134
NLMS-PCA (K=20/20),1,periodavg_0342-0344,10.760000,-0.6156,1.8942,84.8193,83.9969,0.8224
NLMS-PCA (K=20/20),1,periodavg_0342-0344,10.800000,-0.6979,3.4236,85.4224,83.9969,1.4255
NLMS-PCA (K=20/20),1,periodavg_0342-0344,10.853333,-0.9590,1.6903,85.3236,83.9969,1.3267
NLMS-PCA (K=20/20),1,periodavg_0342-0344,10.906667,-0.9640,1.6572,85.6971,83.9969,1.7002
NLMS-PCA (K=20/20),1,periodavg_0342-0344,10.960000,-1.2654,0.8030,86.1707,83.9969,2.1738
NLMS-PCA (K=20/20),1,periodavg_0342-0344,11.000000,-1.8156,1.5153,86.5941,83.9969,2.5972
NLMS-PCA (K=20/20),1,periodavg_0342-0344,11.053333,-1.4888,3.5085,86.5842,83.9969,2.5873
NLMS-PCA (K=20/20),1,periodavg_0342-0344,11.106667,-2.0631,1.6710,86.9221,83.9969,2.9252
NLMS-PCA (K=20/20),1,periodavg_0342-0344,11.160000,-2.3161,1.5076,86.8960,83.9969,2.8991
NLMS-PCA (K=20/20),1,periodavg_0342-0344,11.200000,-2.4676,1.7849,87.2935,83.9969,3.2966
NLMS-PCA (K=20/20),1,periodavg_0342-0344,11.253333,-2.3855,2.3252,87.3460,83.9969,3.3491
NLMS-PCA (K=20/20),1,periodavg_0342-0344,11.306667,-2.1006,2.4533,85.7384,83.9969,1.7415
NLMS-PCA (K=20/20),1,periodavg_0342-0344,11.360000,-3.1282,1.0365,88.4780,83.9969,4.4811
NLMS-PCA (K=20/20),1,periodavg_0342-0344,11.400000,-2.7626,1.9477,86.1663,83.9969,2.1693
NLMS-PCA (K=20/20),1,periodavg_0342-0344,11.453333,-3.1000,2.6453,87.9403,83.9969,3.9434
NLMS-PCA (K=20/20),1,periodavg_0342-0344,11.506667,-3.4394,2.5866,88.3351,83.9969,4.3382
NLMS-PCA (K=20/20),1,periodavg_0342-0344,11.560000,-3.3471,2.0898,88.3611,83.9969,4.3642
NLMS-PCA (K=20/20),1,periodavg_0342-0344,11.600000,-2.7602,2.3965,87.5967,83.9969,3.5998
NLMS-PCA (K=20/20),1,periodavg_0342-0344,11.653333,-2.8941,1.8886,87.8246,83.9969,3.8277
NLMS-PCA (K=20/20),1,periodavg_0342-0344,11.706667,-4.0704,1.2497,88.9116,83.9969,4.9147
NLMS-PCA (K=20/20),1,periodavg_0342-0344,11.760000,-3.7144,2.6987,86.5361,83.9969,2.5392
NLMS-PCA (K=20/20),1,periodavg_0342-0344,11.800000,-3.7547,2.7187,88.1547,83.9969,4.1578
NLMS-PCA (K=20/20),1,periodavg_0342-0344,11.853333,-4.0069,3.3203,88.6525,83.9969,4.6556
NLMS-PCA (K=20/20),1,periodavg_0342-0344,11.906667,-3.7191,2.1784,88.0151,83.9969,4.0182
NLMS-PCA (K=20/20),1,periodavg_0342-0344,11.960000,-4.0571,2.3966,89.5264,83.9969,5.5295
NLMS-PCA (K=20/20),1,periodavg_0342-0344,12.000000,-4.4195,2.7550,89.8912,83.9969,5.8943
NLMS-PCA (K=20/20),1,periodavg_0342-0344,12.053333,-4.6672,2.0420,90.3741,83.9969,6.3772
NLMS-PCA (K=20/20),1,periodavg_0342-0344,12.106667,-4.7103,2.0068,90.9215,83.9969,6.9246
NLMS-PCA (K=20/20),1,periodavg_0342-0344,12.160000,-4.8251,2.4484,90.1113,83.9969,6.1144
NLMS-PCA (K=20/20),1,periodavg_0342-0344,12.200000,-5.0321,3.5287,90.4854,83.9969,6.4885
NLMS-PCA (K=20/20),1,periodavg_0342-0344,12.253333,-4.8438,4.2271,90.1468,83.9969,6.1499
NLMS-PCA (K=20/20),1,periodavg_0342-0344,12.306667,-5.0319,2.0596,90.9284,83.9969,6.9315
NLMS-PCA (K=20/20),1,periodavg_0342-0344,12.360000,-4.9326,1.7859,88.0698,83.9969,4.0729
NLMS-PCA (K=20/20),1,periodavg_0342-0344,12.400000,-5.2736,2.9198,89.1820,83.9969,5.1851
NLMS-PCA (K=20/20),1,periodavg_0342-0344,12.453333,-5.2369,3.1130,87.8941,83.9969,3.8972
NLMS-PCA (K=20/20),1,periodavg_0342-0344,12.506667,-5.4468,2.1745,90.4753,83.9969,6.4784
NLMS-PCA (K=20/20),1,periodavg_0342-0344,12.560000,-5.2167,1.5712,90.8899,83.9969,6.8930
NLMS-PCA (K=20/20),1,periodavg_0342-0344,12.600000,-4.8503,2.9395,90.9053,83.9969,6.9084
NLMS-PCA (K=20/20),1,periodavg_0342-0344,12.653333,-4.7280,3.0247,89.1328,83.9969,5.1359
NLMS-PCA (K=20/20),1,periodavg_0342-0344,12.706667,-4.0995,3.6491,82.9318,83.9969,-1.0651
NLMS-PCA (K=20/20),1,periodavg_0342-0344,12.760000,-4.7061,1.6360,90.8058,83.9969,6.8088
NLMS-PCA (K=20/20),1,periodavg_0342-0344,12.800000,-5.1976,2.1086,91.5639,83.9969,7.5670
NLMS-PCA (K=20/20),1,periodavg_0342-0344,12.853333,-5.2133,2.5068,91.5453,83.9969,7.5484
NLMS-PCA (K=20/20),1,periodavg_0342-0344,12.906667,-4.9742,1.7115,90.4271,83.9969,6.4302
NLMS-PCA (K=20/20),1,periodavg_0342-0344,12.960000,-4.7399,3.1477,89.7796,83.9969,5.7827
NLMS-PCA (K=20/20),1,periodavg_0342-0344,13.000000,-5.1723,1.3656,91.0051,83.9969,7.0082
NLMS-PCA (K=20/20),1,periodavg_0342-0344,13.053333,-4.9583,2.6444,90.3234,83.9969,6.3265
NLMS-PCA (K=20/20),1,periodavg_0342-0344,13.106667,-5.2719,2.4816,91.9494,83.9969,7.9525
NLMS-PCA (K=20/20),1,periodavg_0342-0344,13.160000,-5.3362,2.6984,90.1670,83.9969,6.1701
NLMS-PCA (K=20/20),1,periodavg_0342-0344,13.200000,-5.0361,1.9732,90.7449,83.9969,6.7480
NLMS-PCA (K=20/20),1,periodavg_0342-0344,13.253333,-4.9828,2.7375,92.0206,83.9969,8.0237
NLMS-PCA (K=20/20),1,periodavg_0342-0344,13.306667,-5.0229,2.6163,88.4507,83.9969,4.4538
NLMS-PCA (K=20/20),1,periodavg_0342-0344,13.360000,-5.3994,2.1216,91.3581,83.9969,7.3612
NLMS-PCA (K=20/20),1,periodavg_0342-0344,13.400000,-4.6923,2.6164,84.2243,83.9969,0.2273
NLMS-PCA (K=20/20),1,periodavg_0342-0344,13.453333,-5.4338,1.8712,89.6123,83.9969,5.6154
NLMS-PCA (K=20/20),1,periodavg_0342-0344,13.506667,-5.0495,2.1759,86.1304,83.9969,2.1335
NLMS-PCA (K=20/20),1,periodavg_0342-0344,13.560000,-5.2711,2.4026,90.5557,83.9969,6.5588
NLMS-PCA (K=20/20),1,periodavg_0342-0344,13.600000,-5.1981,1.9172,91.0221,83.9969,7.0252
NLMS-PCA (K=20/20),1,periodavg_0342-0344,13.653333,-4.2719,3.2036,90.1653,83.9969,6.1684
NLMS-PCA (K=20/20),1,periodavg_0342-0344,13.706667,-3.6063,2.3800,90.0180,83.9969,6.0211
NLMS-PCA (K=20/20),1,periodavg_0342-0344,13.760000,-5.2267,2.0733,90.8756,83.9969,6.8787
NLMS-PCA (K=20/20),1,periodavg_0342-0344,13.800000,-5.1453,1.6333,90.3899,83.9969,6.3930
NLMS-PCA (K=20/20),1,periodavg_0342-0344,13.853333,-4.4279,2.9228,89.1809,83.9969,5.1839
NLMS-PCA (K=20/20),1,periodavg_0342-0344,13.906667,-4.8476,2.3296,87.3631,83.9969,3.3662
NLMS-PCA (K=20/20),1,periodavg_0342-0344,13.960000,-5.1842,2.4568,91.2049,83.9969,7.2080
NLMS-PCA (K=20/20),1,periodavg_0342-0344,14.000000,-4.4366,3.5000,90.1582,83.9969,6.1613
NLMS-PCA (K=20/20),1,periodavg_0342-0344,14.053333,-4.4598,4.4483,89.9140,83.9969,5.9171
NLMS-PCA (K=20/20),1,periodavg_0342-0344,14.106667,-4.5588,3.4301,89.7449,83.9969,5.7480
NLMS-PCA (K=20/20),1,periodavg_0342-0344,14.160000,-4.8437,2.5488,90.2330,83.9969,6.2361
NLMS-PCA (K=20/20),1,periodavg_0342-0344,14.200000,-5.3165,2.6069,89.8166,83.9969,5.8197
NLMS-PCA (K=20/20),1,periodavg_0342-0344,14.253333,-4.5375,2.1003,87.6940,83.9969,3.6971
NLMS-PCA (K=20/20),1,periodavg_0342-0344,14.306667,-4.9220,2.8979,89.7331,83.9969,5.7362
NLMS-PCA (K=20/20),1,periodavg_0342-0344,14.360000,-5.9517,2.4305,89.1962,83.9969,5.1993
NLMS-PCA (K=20/20),1,periodavg_0342-0344,14.400000,-5.0479,1.7539,89.7968,83.9969,5.7999
NLMS-PCA (K=20/20),1,periodavg_0342-0344,14.453333,-5.8246,2.5962,89.4031,83.9969,5.4062
NLMS-PCA (K=20/20),1,periodavg_0342-0344,14.506667,-5.5433,2.3677,89.6510,83.9969,5.6541
NLMS-PCA (K=20/20),1,periodavg_0342-0344,14.560000,-5.4321,1.6876,89.6164,83.9969,5.6195
NLMS-PCA (K=20/20),1,periodavg_0342-0344,14.600000,-4.9381,3.4814,89.4772,83.9969,5.4803
NLMS-PCA (K=20/20),1,periodavg_0342-0344,14.653333,-5.2144,2.2962,89.4336,83.9969,5.4367
NLMS-PCA (K=20/20),1,periodavg_0342-0344,14.706667,-5.2533,2.0627,89.9346,83.9969,5.9377
NLMS-PCA (K=20/20),1,periodavg_0342-0344,14.760000,-5.0602,2.5666,89.3801,83.9969,5.3832
NLMS-PCA (K=20/20),1,periodavg_0342-0344,14.800000,-5.1256,2.8826,90.2507,83.9969,6.2538
NLMS-PCA (K=20/20),1,periodavg_0342-0344,14.853333,-4.9646,2.4106,89.7298,83.9969,5.7329
NLMS-PCA (K=20/20),1,periodavg_0342-0344,14.906667,-5.4272,1.8439,89.6761,83.9969,5.6792
NLMS-PCA (K=20/20),1,periodavg_0342-0344,14.960000,-5.5559,1.6980,90.3445,83.9969,6.3476
NLMS-PCA (K=20/20),1,periodavg_0342-0344,15.000000,-5.7276,1.7207,90.5163,83.9969,6.5194
NLMS-PCA (K=20/20),1,periodavg_0342-0344,15.053333,-5.3154,1.9743,89.7176,83.9969,5.7207
NLMS-PCA (K=20/20),1,periodavg_0342-0344,15.106667,-5.4758,3.1866,89.9824,83.9969,5.9855
NLMS-PCA (K=20/20),1,periodavg_0342-0344,15.160000,-4.9437,2.2696,88.6279,83.9969,4.6310
NLMS-PCA (K=20/20),1,periodavg_0342-0344,15.200000,-5.1569,2.9314,88.3882,83.9969,4.3913
NLMS-PCA (K=20/20),1,periodavg_0342-0344,15.253333,-4.9998,1.6233,89.0486,83.9969,5.0517
NLMS-PCA (K=20/20),1,periodavg_0342-0344,15.306667,-5.2557,1.4680,89.1951,83.9969,5.1982
NLMS-PCA (K=20/20),1,periodavg_0342-0344,15.360000,-4.5895,4.4058,86.4800,83.9969,2.4831
NLMS-PCA (K=20/20),1,periodavg_0342-0344,15.400000,-5.5368,1.2166,88.8610,83.9969,4.8641
NLMS-PCA (K=20/20),1,periodavg_0342-0344,15.453333,-6.0276,2.1468,89.9880,83.9969,5.9911
NLMS-PCA (K=20/20),1,periodavg_0342-0344,15.506667,-5.9143,2.2870,90.5931,83.9969,6.5962
NLMS-PCA (K=20/20),1,periodavg_0342-0344,15.560000,-6.1118,2.3666,90.5900,83.9969,6.5931
NLMS-PCA (K=20/20),1,periodavg_0342-0344,15.600000,-5.8526,2.4181,88.9272,83.9969,4.9303
NLMS-PCA (K=20/20),1,periodavg_0342-0344,15.653333,-5.3353,1.5939,88.6735,83.9969,4.6766
NLMS-PCA (K=20/20),1,periodavg_0342-0344,15.706667,-5.3333,4.7295,89.3046,83.9969,5.3077
NLMS-PCA (K=20/20),1,periodavg_0342-0344,15.760000,-4.8844,2.9457,89.3891,83.9969,5.3922
NLMS-PCA (K=20/20),1,periodavg_0342-0344,15.800000,-5.7204,1.4659,88.9445,83.9969,4.9476
NLMS-PCA (K=20/20),1,periodavg_0342-0344,15.853333,-5.5276,2.3325,89.9653,83.9969,5.9683
NLMS-PCA (K=20/20),1,periodavg_0342-0344,15.906667,-5.0642,2.2205,86.4502,83.9969,2.4533
NLMS-PCA (K=20/20),1,periodavg_0342-0344,15.960000,-5.6447,1.4933,89.5002,83.9969,5.5033
NLMS-PCA (K=20/20),1,periodavg_0342-0344,16.000000,-5.4428,1.8919,89.4974,83.9969,5.5005
NLMS-PCA (K=20/20),1,periodavg_0342-0344,16.053333,-5.2911,3.0543,89.3702,83.9969,5.3732
NLMS-PCA (K=20/20),1,periodavg_0342-0344,16.106667,-4.8123,2.3794,89.8322,83.9969,5.8353
NLMS-PCA (K=20/20),1,periodavg_0342-0344,16.160000,-4.7285,3.7357,89.5340,83.9969,5.5371
NLMS-PCA (K=20/20),1,periodavg_0342-0344,16.200000,-4.7871,2.6716,89.1901,83.9969,5.1932
NLMS-PCA (K=20/20),1,periodavg_0342-0344,16.253333,-3.7857,3.6194,89.2517,83.9969,5.2547
NLMS-PCA (K=20/20),1,periodavg_0342-0344,16.306667,-3.9475,2.4823,86.5959,83.9969,2.5990
NLMS-PCA (K=20/20),1,periodavg_0342-0344,16.360000,-4.5007,2.1004,88.2722,83.9969,4.2753
NLMS-PCA (K=20/20),1,periodavg_0342-0344,16.400000,-4.2672,1.4033,87.3655,83.9969,3.3686
NLMS-PCA (K=20/20),1,periodavg_0342-0344,16.453333,-4.7154,2.9529,87.9162,83.9969,3.9193
NLMS-PCA (K=20/20),1,periodavg_0342-0344,16.506667,-4.5653,1.9863,87.9223,83.9969,3.9254
NLMS-PCA (K=20/20),1,periodavg_0342-0344,16.560000,-4.1688,1.8271,87.3931,83.9969,3.3962
NLMS-PCA (K=20/20),1,periodavg_0342-0344,16.600000,-4.5114,3.0336,87.3347,83.9969,3.3377
NLMS-PCA (K=20/20),1,periodavg_0342-0344,16.653333,-4.7827,2.5487,88.3540,83.9969,4.3571
NLMS-PCA (K=20/20),1,periodavg_0342-0344,16.706667,-4.8636,3.2096,88.1091,83.9969,4.1122
NLMS-PCA (K=20/20),1,periodavg_0342-0344,16.760000,-5.0086,2.5998,88.2525,83.9969,4.2556
NLMS-PCA (K=20/20),1,periodavg_0342-0344,16.800000,-5.0264,2.6507,88.1204,83.9969,4.1235
NLMS-PCA (K=20/20),1,periodavg_0342-0344,16.853333,-4.1529,3.0710,87.6441,83.9969,3.6472
NLMS-PCA (K=20/20),1,periodavg_0342-0344,16.906667,-4.6632,2.2701,87.3169,83.9969,3.3200
NLMS-PCA (K=20/20),1,periodavg_0342-0344,16.960000,-5.4384,2.0783,88.0005,83.9969,4.0036
NLMS-PCA (K=20/20),1,periodavg_0342-0344,17.000000,-5.0047,2.8130,86.2865,83.9969,2.2896
NLMS-PCA (K=20/20),1,periodavg_0342-0344,17.053333,-5.3839,1.7187,88.3592,83.9969,4.3623
NLMS-PCA (K=20/20),1,periodavg_0342-0344,17.106667,-5.2020,2.1933,88.2796,83.9969,4.2827
NLMS-PCA (K=20/20),1,periodavg_0342-0344,17.160000,-4.5891,1.6068,87.4021,83.9969,3.4052
NLMS-PCA (K=20/20),1,periodavg_0342-0344,17.200000,-4.8489,2.4927,88.6813,83.9969,4.6844
NLMS-PCA (K=20/20),1,periodavg_0342-0344,17.253333,-4.9712,2.0622,88.2360,83.9969,4.2391
NLMS-PCA (K=20/20),1,periodavg_0342-0344,17.306667,-4.4577,1.7717,86.0810,83.9969,2.0840
NLMS-PCA (K=20/20),1,periodavg_0342-0344,17.360000,-4.8606,1.9034,88.1268,83.9969,4.1299
NLMS-PCA (K=20/20),1,periodavg_0342-0344,17.400000,-4.5358,2.9730,87.3619,83.9969,3.3650
NLMS-PCA (K=20/20),1,periodavg_0342-0344,17.453333,-4.5736,3.0912,87.7433,83.9969,3.7463
NLMS-PCA (K=20/20),1,periodavg_0342-0344,17.506667,-4.6316,1.7457,87.1201,83.9969,3.1232
NLMS-PCA (K=20/20),1,periodavg_0342-0344,17.560000,-4.8243,2.9415,87.7553,83.9969,3.7584
NLMS-PCA (K=20/20),1,periodavg_0342-0344,17.600000,-4.6160,2.4628,88.2469,83.9969,4.2500
NLMS-PCA (K=20/20),1,periodavg_0342-0344,17.653333,-4.5163,1.8118,88.0069,83.9969,4.0100
NLMS-PCA (K=20/20),1,periodavg_0342-0344,17.706667,-4.5508,2.1726,87.2643,83.9969,3.2674
NLMS-PCA (K=20/20),1,periodavg_0342-0344,17.760000,-5.0044,2.4707,88.5690,83.9969,4.5720
NLMS-PCA (K=20/20),1,periodavg_0342-0344,17.800000,-4.8427,3.4937,88.0761,83.9969,4.0792
NLMS-PCA (K=20/20),1,periodavg_0342-0344,17.853333,-5.0510,2.1378,88.2741,83.9969,4.2771
NLMS-PCA (K=20/20),1,periodavg_0342-0344,17.906667,-4.2152,3.1159,88.0348,83.9969,4.0379
NLMS-PCA (K=20/20),1,periodavg_0342-0344,17.960000,-4.8868,3.1021,88.2323,83.9969,4.2354
NLMS-PCA (K=20/20),1,periodavg_0342-0344,18.000000,-5.4627,2.0313,88.0646,83.9969,4.0677
NLMS-PCA (K=20/20),1,periodavg_0342-0344,18.053333,-5.3017,2.6128,88.2952,83.9969,4.2983
NLMS-PCA (K=20/20),1,periodavg_0342-0344,18.106667,-4.9218,2.4049,88.7979,83.9969,4.8010
NLMS-PCA (K=20/20),1,periodavg_0342-0344,18.160000,-4.7139,2.3935,89.1772,83.9969,5.1803
NLMS-PCA (K=20/20),1,periodavg_0342-0344,18.200000,-5.0300,2.5740,88.3283,83.9969,4.3314
NLMS-PCA (K=20/20),1,periodavg_0342-0344,18.253333,-4.5256,2.7800,87.8252,83.9969,3.8283
NLMS-PCA (K=20/20),1,periodavg_0342-0344,18.306667,-3.4153,4.3821,82.2512,83.9969,-1.7457
NLMS-PCA (K=20/20),1,periodavg_0342-0344,18.360000,-5.0793,1.4092,89.1627,83.9969,5.1658
NLMS-PCA (K=20/20),1,periodavg_0342-0344,18.400000,-5.5921,2.4776,89.6355,83.9969,5.6386
NLMS-PCA (K=20/20),1,periodavg_0342-0344,18.453333,-5.3458,2.2561,88.3641,83.9969,4.3672
NLMS-PCA (K=20/20),1,periodavg_0342-0344,18.506667,-4.9848,3.5412,88.2205,83.9969,4.2236
NLMS-PCA (K=20/20),1,periodavg_0342-0344,18.560000,-5.4019,2.8035,88.9818,83.9969,4.9849
NLMS-PCA (K=20/20),1,periodavg_0342-0344,18.600000,-5.2417,2.7254,88.6243,83.9969,4.6274
NLMS-PCA (K=20/20),1,periodavg_0342-0344,18.653333,-4.3432,1.7906,87.6654,83.9969,3.6685
NLMS-PCA (K=20/20),1,periodavg_0342-0344,18.706667,-3.8922,2.8587,87.5794,83.9969,3.5824
NLMS-PCA (K=20/20),1,periodavg_0342-0344,18.760000,-3.9777,1.4494,87.3605,83.9969,3.3636
NLMS-PCA (K=20/20),1,periodavg_0342-0344,18.800000,-4.4045,3.9157,87.4588,83.9969,3.4619
NLMS-PCA (K=20/20),1,periodavg_0342-0344,18.853333,-4.9641,2.5357,87.8524,83.9969,3.8555
NLMS-PCA (K=20/20),1,periodavg_0342-0344,18.906667,-4.0494,2.2273,87.1717,83.9969,3.1748
NLMS-PCA (K=20/20),1,periodavg_0342-0344,18.960000,-4.2515,3.7502,85.4284,83.9969,1.4315
NLMS-PCA (K=20/20),1,periodavg_0342-0344,19.000000,-3.8765,3.0623,87.0356,83.9969,3.0387
NLMS-PCA (K=20/20),1,periodavg_0342-0344,19.053333,-4.7287,1.1926,88.5184,83.9969,4.5215
NLMS-PCA (K=20/20),1,periodavg_0342-0344,19.106667,-4.9933,3.0227,88.8943,83.9969,4.8974
NLMS-PCA (K=20/20),1,periodavg_0342-0344,19.160000,-4.2593,1.2845,87.5820,83.9969,3.5851
NLMS-PCA (K=20/20),1,periodavg_0342-0344,19.200000,-4.2959,2.5170,87.2967,83.9969,3.2998
NLMS-PCA (K=20/20),1,periodavg_0342-0344,19.253333,-3.9624,2.0451,88.1350,83.9969,4.1381
NLMS-PCA (K=20/20),1,periodavg_0342-0344,19.306667,-4.4992,2.1979,88.4283,83.9969,4.4314
NLMS-PCA (K=20/20),1,periodavg_0342-0344,19.360000,-4.8019,3.0177,88.8105,83.9969,4.8136
NLMS-PCA (K=20/20),1,periodavg_0342-0344,19.400000,-5.0903,2.4562,88.4080,83.9969,4.4111
NLMS-PCA (K=20/20),1,periodavg_0342-0344,19.453333,-4.8240,2.2650,88.3487,83.9969,4.3518
NLMS-PCA (K=20/20),1,periodavg_0342-0344,19.506667,-5.1671,1.8608,87.8516,83.9969,3.8547
NLMS-PCA (K=20/20),1,periodavg_0342-0344,19.560000,-4.3954,2.5016,87.6417,83.9969,3.6448
NLMS-PCA (K=20/20),1,periodavg_0342-0344,19.600000,-4.6516,1.6925,87.6571,83.9969,3.6602
NLMS-PCA (K=20/20),1,periodavg_0342-0344,19.653333,-5.1492,1.4728,87.8285,83.9969,3.8316
NLMS-PCA (K=20/20),1,periodavg_0342-0344,19.706667,-4.7821,3.4763,87.4690,83.9969,3.4721
NLMS-PCA (K=20/20),1,periodavg_0342-0344,19.760000,-4.6412,1.6719,87.5066,83.9969,3.5097
NLMS-PCA (K=20/20),1,periodavg_0342-0344,19.800000,-4.7506,2.3915,87.5982,83.9969,3.6013
NLMS-PCA (K=20/20),1,periodavg_0342-0344,19.853333,-4.6165,1.3355,87.0294,83.9969,3.0325
NLMS-PCA (K=20/20),1,periodavg_0342-0344,19.906667,-3.8258,1.8125,86.0045,83.9969,2.0076
NLMS-PCA (K=20/20),1,periodavg_0342-0344,19.960000,-4.1322,2.7025,86.1255,83.9969,2.1286
NLMS-PCA (K=20/20),1,periodavg_0342-0344,20.000000,-4.1823,2.3159,86.4682,83.9969,2.4713
NLMS-PCA (K=20/20),2,periodavg_0678-0680,20.013333,-0.1263,-3.9922,79.2811,80.3766,-1.0955
NLMS-PCA (K=20/20),2,periodavg_0678-0680,20.053333,-0.4623,1.5473,79.4288,80.3766,-0.9479
NLMS-PCA (K=20/20),2,periodavg_0678-0680,20.106667,-0.2221,1.8607,79.3533,80.3766,-1.0233
NLMS-PCA (K=20/20),2,periodavg_0678-0680,20.160000,-0.8821,0.9276,79.6125,80.3766,-0.7642
NLMS-PCA (K=20/20),2,periodavg_0678-0680,20.200000,-0.7146,1.0368,79.6027,80.3766,-0.7739
NLMS-PCA (K=20/20),2,periodavg_0678-0680,20.253333,-1.3086,1.1886,80.3204,80.3766,-0.0562
NLMS-PCA (K=20/20),2,periodavg_0678-0680,20.306667,-1.1386,1.5921,79.9628,80.3766,-0.4138
NLMS-PCA (K=20/20),2,periodavg_0678-0680,20.360000,-1.6907,1.5681,80.3704,80.3766,-0.0062
NLMS-PCA (K=20/20),2,periodavg_0678-0680,20.400000,-1.2650,1.4402,80.3155,80.3766,-0.0611
NLMS-PCA (K=20/20),2,periodavg_0678-0680,20.453333,-1.3725,1.5514,80.8328,80.3766,0.4562
NLMS-PCA (K=20/20),2,periodavg_0678-0680,20.506667,-1.9965,1.2982,80.7365,80.3766,0.3599
NLMS-PCA (K=20/20),2,periodavg_0678-0680,20.560000,-1.4495,1.5290,80.0221,80.3766,-0.3546
NLMS-PCA (K=20/20),2,periodavg_0678-0680,20.600000,-1.9996,1.2455,80.6244,80.3766,0.2478
NLMS-PCA (K=20/20),2,periodavg_0678-0680,20.653333,-2.2571,1.7423,81.1312,80.3766,0.7546
NLMS-PCA (K=20/20),2,periodavg_0678-0680,20.706667,-2.5790,0.7644,81.1801,80.3766,0.8035
NLMS-PCA (K=20/20),2,periodavg_0678-0680,20.760000,-2.3209,1.2579,80.9402,80.3766,0.5636
NLMS-PCA (K=20/20),2,periodavg_0678-0680,20.800000,-2.0646,1.2576,81.3465,80.3766,0.9699
NLMS-PCA (K=20/20),2,periodavg_0678-0680,20.853333,-2.7184,1.3054,81.3389,80.3766,0.9623
NLMS-PCA (K=20/20),2,periodavg_0678-0680,20.906667,-2.7637,1.0542,81.5493,80.3766,1.1727
NLMS-PCA (K=20/20),2,periodavg_0678-0680,20.960000,-2.2410,2.8021,81.8895,80.3766,1.5129
NLMS-PCA (K=20/20),2,periodavg_0678-0680,21.000000,-2.8334,1.7296,81.7126,80.3766,1.3360
NLMS-PCA (K=20/20),2,periodavg_0678-0680,21.053333,-3.1029,0.9763,82.1120,80.3766,1.7354
NLMS-PCA (K=20/20),2,periodavg_0678-0680,21.106667,-3.2073,1.5441,82.1555,80.3766,1.7789
NLMS-PCA (K=20/20),2,periodavg_0678-0680,21.160000,-2.8192,2.6998,82.0346,80.3766,1.6580
NLMS-PCA (K=20/20),2,periodavg_0678-0680,21.200000,-2.5671,1.8160,81.2756,80.3766,0.8990
NLMS-PCA (K=20/20),2,periodavg_0678-0680,21.253333,-2.3341,1.3754,80.7853,80.3766,0.4086
NLMS-PCA (K=20/20),2,periodavg_0678-0680,21.306667,-2.6941,2.0085,81.3283,80.3766,0.9517
NLMS-PCA (K=20/20),2,periodavg_0678-0680,21.360000,-1.9914,1.1802,80.8862,80.3766,0.5096
NLMS-PCA (K=20/20),2,periodavg_0678-0680,21.400000,-2.6419,1.4417,81.5292,80.3766,1.1526
NLMS-PCA (K=20/20),2,periodavg_0678-0680,21.453333,-2.3763,1.4955,81.5064,80.3766,1.1298
NLMS-PCA (K=20/20),2,periodavg_0678-0680,21.506667,-2.5832,1.5736,81.6000,80.3766,1.2233
NLMS-PCA (K=20/20),2,periodavg_0678-0680,21.560000,-2.2793,1.3019,81.7959,80.3766,1.4192
NLMS-PCA (K=20/20),2,periodavg_0678-0680,21.600000,-2.4575,1.0821,82.1381,80.3766,1.7615
NLMS-PCA (K=20/20),2,periodavg_0678-0680,21.653333,-2.6613,1.5543,82.2629,80.3766,1.8862
NLMS-PCA (K=20/20),2,periodavg_0678-0680,21.706667,-3.6545,2.2623,83.0074,80.3766,2.6307
NLMS-PCA (K=20/20),2,periodavg_0678-0680,21.760000,-3.3456,2.1332,82.4944,80.3766,2.1178
NLMS-PCA (K=20/20),2,periodavg_0678-0680,21.800000,-3.4958,0.8673,82.9687,80.3766,2.5921
NLMS-PCA (K=20/20),2,periodavg_0678-0680,21.853333,-3.9235,1.0774,83.2953,80.3766,2.9187
NLMS-PCA (K=20/20),2,periodavg_0678-0680,21.906667,-3.9948,1.5164,83.3198,80.3766,2.9431
NLMS-PCA (K=20/20),2,periodavg_0678-0680,21.960000,-4.6323,1.1945,84.1720,80.3766,3.7954
NLMS-PCA (K=20/20),2,periodavg_0678-0680,22.000000,-4.3268,3.0959,83.9979,80.3766,3.6213
NLMS-PCA (K=20/20),2,periodavg_0678-0680,22.053333,-4.2160,1.4231,83.9347,80.3766,3.5581
NLMS-PCA (K=20/20),2,periodavg_0678-0680,22.106667,-4.2639,2.6997,83.6318,80.3766,3.2552
NLMS-PCA (K=20/20),2,periodavg_0678-0680,22.160000,-2.4712,1.6761,82.7835,80.3766,2.4069
NLMS-PCA (K=20/20),2,periodavg_0678-0680,22.200000,-2.4710,1.4470,82.2058,80.3766,1.8291
NLMS-PCA (K=20/20),2,periodavg_0678-0680,22.253333,-3.0047,0.6116,82.2536,80.3766,1.8770
NLMS-PCA (K=20/20),2,periodavg_0678-0680,22.306667,-4.0464,0.8992,83.3786,80.3766,3.0020
NLMS-PCA (K=20/20),2,periodavg_0678-0680,22.360000,-3.5966,1.3397,83.7552,80.3766,3.3786
NLMS-PCA (K=20/20),2,periodavg_0678-0680,22.400000,-4.4122,1.3369,84.2785,80.3766,3.9018
NLMS-PCA (K=20/20),2,periodavg_0678-0680,22.453333,-3.9880,1.3800,84.3187,80.3766,3.9421
NLMS-PCA (K=20/20),2,periodavg_0678-0680,22.506667,-3.6527,1.1919,84.1350,80.3766,3.7584
NLMS-PCA (K=20/20),2,periodavg_0678-0680,22.560000,-3.3963,1.7945,83.5788,80.3766,3.2022
NLMS-PCA (K=20/20),2,periodavg_0678-0680,22.600000,-3.6333,0.3235,83.7930,80.3766,3.4163
NLMS-PCA (K=20/20),2,periodavg_0678-0680,22.653333,-4.7763,0.9632,84.6057,80.3766,4.2290
NLMS-PCA (K=20/20),2,periodavg_0678-0680,22.706667,-4.5281,1.7948,85.5729,80.3766,5.1963
NLMS-PCA (K=20/20),2,periodavg_0678-0680,22.760000,-4.8461,0.7866,84.9012,80.3766,4.5246
NLMS-PCA (K=20/20),2,periodavg_0678-0680,22.800000,-4.4397,1.1503,85.2867,80.3766,4.9101
NLMS-PCA (K=20/20),2,periodavg_0678-0680,22.853333,-4.3837,1.0658,84.8725,80.3766,4.4958
NLMS-PCA (K=20/20),2,periodavg_0678-0680,22.906667,-3.7386,2.3743,84.8824,80.3766,4.5057
NLMS-PCA (K=20/20),2,periodavg_0678-0680,22.960000,-4.7046,1.4255,85.7711,80.3766,5.3945
NLMS-PCA (K=20/20),2,periodavg_0678-0680,23.000000,-4.9759,1.1792,85.8125,80.3766,5.4358
NLMS-PCA (K=20/20),2,periodavg_0678-0680,23.053333,-4.9384,1.7892,86.0814,80.3766,5.7048
NLMS-PCA (K=20/20),2,periodavg_0678-0680,23.106667,-5.0924,1.8107,85.9073,80.3766,5.5306
NLMS-PCA (K=20/20),2,periodavg_0678-0680,23.160000,-5.0800,1.2834,85.4416,80.3766,5.0649
NLMS-PCA (K=20/20),2,periodavg_0678-0680,23.200000,-4.1544,1.3037,85.1399,80.3766,4.7633
NLMS-PCA (K=20/20),2,periodavg_0678-0680,23.253333,-4.3541,1.0360,84.9938,80.3766,4.6172
NLMS-PCA (K=20/20),2,periodavg_0678-0680,23.306667,-3.8303,1.5072,85.4815,80.3766,5.1049
NLMS-PCA (K=20/20),2,periodavg_0678-0680,23.360000,-4.0271,0.5915,85.0089,80.3766,4.6323
NLMS-PCA (K=20/20),2,periodavg_0678-0680,23.400000,-3.1419,1.2570,84.9821,80.3766,4.6055
NLMS-PCA (K=20/20),2,periodavg_0678-0680,23.453333,-3.9273,2.0700,85.0639,80.3766,4.6873
NLMS-PCA (K=20/20),2,periodavg_0678-0680,23.506667,-4.1065,2.6085,85.8427,80.3766,5.4661
NLMS-PCA (K=20/20),2,periodavg_0678-0680,23.560000,-4.2607,0.6845,85.7348,80.3766,5.3581
NLMS-PCA (K=20/20),2,periodavg_0678-0680,23.600000,-4.0339,2.2196,85.5803,80.3766,5.2036
NLMS-PCA (K=20/20),2,periodavg_0678-0680,23.653333,-4.0588,1.5467,85.7159,80.3766,5.3393
NLMS-PCA (K=20/20),2,periodavg_0678-0680,23.706667,-4.9021,1.4996,85.9740,80.3766,5.5973
NLMS-PCA (K=20/20),2,periodavg_0678-0680,23.760000,-4.9234,1.8011,85.9497,80.3766,5.5731
NLMS-PCA (K=20/20),2,periodavg_0678-0680,23.800000,-4.7823,0.4275,85.3886,80.3766,5.0120
NLMS-PCA (K=20/20),2,periodavg_0678-0680,23.853333,-3.8317,1.5796,84.2408,80.3766,3.8642
NLMS-PCA (K=20/20),2,periodavg_0678-0680,23.906667,-3.9167,1.6511,84.8631,80.3766,4.4865
NLMS-PCA (K=20/20),2,periodavg_0678-0680,23.960000,-4.8536,1.0058,86.0602,80.3766,5.6835
NLMS-PCA (K=20/20),2,periodavg_0678-0680,24.000000,-5.1770,1.2295,86.1010,80.3766,5.7244
NLMS-PCA (K=20/20),2,periodavg_0678-0680,24.053333,-4.8031,2.2064,85.8029,80.3766,5.4263
NLMS-PCA (K=20/20),2,periodavg_0678-0680,24.106667,-5.2474,0.4934,85.8423,80.3766,5.4657
NLMS-PCA (K=20/20),2,periodavg_0678-0680,24.160000,-4.1959,1.6091,85.4968,80.3766,5.1202
NLMS-PCA (K=20/20),2,periodavg_0678-0680,24.200000,-2.9967,3.4833,80.5323,80.3766,0.1557
NLMS-PCA (K=20/20),2,periodavg_0678-0680,24.253333,-4.6222,1.3152,86.0190,80.3766,5.6423
NLMS-PCA (K=20/20),2,periodavg_0678-0680,24.306667,-3.6624,1.9562,85.8805,80.3766,5.5039
NLMS-PCA (K=20/20),2,periodavg_0678-0680,24.360000,-4.6321,0.9959,85.7225,80.3766,5.3459
NLMS-PCA (K=20/20),2,periodavg_0678-0680,24.400000,-4.5698,1.8471,85.3897,80.3766,5.0130
NLMS-PCA (K=20/20),2,periodavg_0678-0680,24.453333,-4.0487,1.5348,84.5059,80.3766,4.1293
NLMS-PCA (K=20/20),2,periodavg_0678-0680,24.506667,-3.7782,2.6914,84.7146,80.3766,4.3379
NLMS-PCA (K=20/20),2,periodavg_0678-0680,24.560000,-3.8748,1.6950,84.5367,80.3766,4.1601
NLMS-PCA (K=20/20),2,periodavg_0678-0680,24.600000,-3.3484,1.2029,84.7446,80.3766,4.3680
NLMS-PCA (K=20/20),2,periodavg_0678-0680,24.653333,-3.3576,1.0105,84.0428,80.3766,3.6662
NLMS-PCA (K=20/20),2,periodavg_0678-0680,24.706667,-3.4192,1.2089,84.5984,80.3766,4.2218
NLMS-PCA (K=20/20),2,periodavg_0678-0680,24.760000,-3.0827,1.5632,84.8741,80.3766,4.4975
NLMS-PCA (K=20/20),2,periodavg_0678-0680,24.800000,-3.0174,1.4249,84.1992,80.3766,3.8226
NLMS-PCA (K=20/20),2,periodavg_0678-0680,24.853333,-3.6268,1.2675,84.5357,80.3766,4.1590
NLMS-PCA (K=20/20),2,periodavg_0678-0680,24.906667,-4.0104,0.8768,84.9553,80.3766,4.5786
NLMS-PCA (K=20/20),2,periodavg_0678-0680,24.960000,-3.7690,1.5536,84.9985,80.3766,4.6218
NLMS-PCA (K=20/20),2,periodavg_0678-0680,25.000000,-3.5230,1.6887,84.3086,80.3766,3.9319
NLMS-PCA (K=20/20),2,periodavg_0678-0680,25.053333,-3.6267,1.5219,84.0856,80.3766,3.7090
NLMS-PCA (K=20/20),2,periodavg_0678-0680,25.106667,-3.0131,1.5665,83.3256,80.3766,2.9490
NLMS-PCA (K=20/20),2,periodavg_0678-0680,25.160000,-3.2515,1.4750,83.5298,80.3766,3.1532
NLMS-PCA (K=20/20),2,periodavg_0678-0680,25.200000,-2.6311,2.6043,83.2177,80.3766,2.8410
NLMS-PCA (K=20/20),2,periodavg_0678-0680,25.253333,-3.5536,0.9754,84.2166,80.3766,3.8400
NLMS-PCA (K=20/20),2,periodavg_0678-0680,25.306667,-3.4996,1.5443,83.9361,80.3766,3.5595
NLMS-PCA (K=20/20),2,periodavg_0678-0680,25.360000,-3.6564,0.6254,84.7676,80.3766,4.3909
NLMS-PCA (K=20/20),2,periodavg_0678-0680,25.400000,-2.7230,1.5494,84.1931,80.3766,3.8165
NLMS-PCA (K=20/20),2,periodavg_0678-0680,25.453333,-3.5412,0.9761,84.0987,80.3766,3.7221
NLMS-PCA (K=20/20),2,periodavg_0678-0680,25.506667,-2.7857,1.6030,84.1524,80.3766,3.7758
NLMS-PCA (K=20/20),2,periodavg_0678-0680,25.560000,-3.4177,1.5747,84.5314,80.3766,4.1548
NLMS-PCA (K=20/20),2,periodavg_0678-0680,25.600000,-3.3960,3.1346,83.8146,80.3766,3.4380
NLMS-PCA (K=20/20),2,periodavg_0678-0680,25.653333,-3.2441,2.5389,84.7384,80.3766,4.3618
NLMS-PCA (K=20/20),2,periodavg_0678-0680,25.706667,-3.6398,1.2933,84.2993,80.3766,3.9227
NLMS-PCA (K=20/20),2,periodavg_0678-0680,25.760000,-3.3927,1.5082,84.8591,80.3766,4.4825
NLMS-PCA (K=20/20),2,periodavg_0678-0680,25.800000,-3.5828,1.2363,84.0221,80.3766,3.6454
NLMS-PCA (K=20/20),2,periodavg_0678-0680,25.853333,-4.3874,1.8060,84.5990,80.3766,4.2224
NLMS-PCA (K=20/20),2,periodavg_0678-0680,25.906667,-3.9208,2.3727,84.2630,80.3766,3.8864
NLMS-PCA (K=20/20),2,periodavg_0678-0680,25.960000,-3.9865,0.9079,83.8012,80.3766,3.4245
NLMS-PCA (K=20/20),2,periodavg_0678-0680,26.000000,-3.7680,1.2131,84.0649,80.3766,3.6883
NLMS-PCA (K=20/20),2,periodavg_0678-0680,26.053333,-3.2125,2.1643,84.7349,80.3766,4.3583
NLMS-PCA (K=20/20),2,periodavg_0678-0680,26.106667,-4.0296,1.0308,84.5817,80.3766,4.2051
NLMS-PCA (K=20/20),2,periodavg_0678-0680,26.160000,-3.3283,0.5292,83.8978,80.3766,3.5212
NLMS-PCA (K=20/20),2,periodavg_0678-0680,26.200000,-3.4524,0.8413,83.7657,80.3766,3.3891
NLMS-PCA (K=20/20),2,periodavg_0678-0680,26.253333,-3.3376,1.2067,83.7278,80.3766,3.3512
NLMS-PCA (K=20/20),2,periodavg_0678-0680,26.306667,-3.9364,1.8716,84.1227,80.3766,3.7461
NLMS-PCA (K=20/20),2,periodavg_0678-0680,26.360000,-4.1182,1.3497,84.5348,80.3766,4.1582
NLMS-PCA (K=20/20),2,periodavg_0678-0680,26.400000,-4.1280,3.1219,84.4683,80.3766,4.0916
NLMS-PCA (K=20/20),2,periodavg_0678-0680,26.453333,-3.0223,1.3999,83.5388,80.3766,3.1622
NLMS-PCA (K=20/20),2,periodavg_0678-0680,26.506667,-3.4289,1.2650,84.0382,80.3766,3.6616
NLMS-PCA (K=20/20),2,periodavg_0678-0680,26.560000,-3.8234,2.3074,84.4321,80.3766,4.0555
NLMS-PCA (K=20/20),2,periodavg_0678-0680,26.600000,-3.5750,2.4534,84.2581,80.3766,3.8814
NLMS-PCA (K=20/20),2,periodavg_0678-0680,26.653333,-4.0071,0.8892,84.7835,80.3766,4.4069
NLMS-PCA (K=20/20),2,periodavg_0678-0680,26.706667,-3.9483,1.4734,84.9363,80.3766,4.5596
NLMS-PCA (K=20/20),2,periodavg_0678-0680,26.760000,-4.5340,1.5623,85.5422,80.3766,5.1655
NLMS-PCA (K=20/20),2,periodavg_0678-0680,26.800000,-5.3225,1.1303,86.0387,80.3766,5.6620
NLMS-PCA (K=20/20),2,periodavg_0678-0680,26.853333,-4.0561,1.8347,84.7144,80.3766,4.3377
NLMS-PCA (K=20/20),2,periodavg_0678-0680,26.906667,-3.6329,2.1137,84.7445,80.3766,4.3679
NLMS-PCA (K=20/20),2,periodavg_0678-0680,26.960000,-3.3515,1.0765,84.3156,80.3766,3.9390
NLMS-PCA (K=20/20),2,periodavg_0678-0680,27.000000,-3.8707,1.3708,84.8910,80.3766,4.5143
NLMS-PCA (K=20/20),2,periodavg_0678-0680,27.053333,-2.9969,2.6871,84.5525,80.3766,4.1759
NLMS-PCA (K=20/20),2,periodavg_0678-0680,27.106667,-3.2890,1.0220,83.9302,80.3766,3.5536
NLMS-PCA (K=20/20),2,periodavg_0678-0680,27.160000,-4.1764,1.2045,84.3775,80.3766,4.0009
NLMS-PCA (K=20/20),2,periodavg_0678-0680,27.200000,-3.8627,1.1359,83.9640,80.3766,3.5874
NLMS-PCA (K=20/20),2,periodavg_0678-0680,27.253333,-2.7371,1.4498,83.7104,80.3766,3.3337
NLMS-PCA (K=20/20),2,periodavg_0678-0680,27.306667,-3.7850,0.9317,83.9778,80.3766,3.6012
NLMS-PCA (K=20/20),2,periodavg_0678-0680,27.360000,-3.9686,2.1153,84.6340,80.3766,4.2574
NLMS-PCA (K=20/20),2,periodavg_0678-0680,27.400000,-3.8575,1.7708,83.8606,80.3766,3.4840
NLMS-PCA (K=20/20),2,periodavg_0678-0680,27.453333,-3.9142,0.9905,84.0201,80.3766,3.6435
NLMS-PCA (K=20/20),2,periodavg_0678-0680,27.506667,-3.5259,1.4558,83.9398,80.3766,3.5632
NLMS-PCA (K=20/20),2,periodavg_0678-0680,27.560000,-2.6195,2.5639,83.7287,80.3766,3.3521
NLMS-PCA (K=20/20),2,periodavg_0678-0680,27.600000,-3.4072,0.6180,83.6448,80.3766,3.2682
NLMS-PCA (K=20/20),2,periodavg_0678-0680,27.653333,-3.9075,1.8418,84.3377,80.3766,3.9611
NLMS-PCA (K=20/20),2,periodavg_0678-0680,27.706667,-4.0821,0.7033,84.9123,80.3766,4.5356
NLMS-PCA (K=20/20),2,periodavg_0678-0680,27.760000,-4.7718,1.4806,84.7188,80.3766,4.3422
NLMS-PCA (K=20/20),2,periodavg_0678-0680,27.800000,-4.3598,2.1313,84.5481,80.3766,4.1715
NLMS-PCA (K=20/20),2,periodavg_0678-0680,27.853333,-4.0401,1.3951,84.1769,80.3766,3.8003
NLMS-PCA (K=20/20),2,periodavg_0678-0680,27.906667,-4.2693,1.0380,84.9618,80.3766,4.5851
NLMS-PCA (K=20/20),2,periodavg_0678-0680,27.960000,-3.5185,1.8575,84.5471,80.3766,4.1705
NLMS-PCA (K=20/20),2,periodavg_0678-0680,28.000000,-3.8414,2.3481,84.8822,80.3766,4.5056
NLMS-PCA (K=20/20),2,periodavg_0678-0680,28.053333,-3.6819,1.8209,85.2829,80.3766,4.9063
NLMS-PCA (K=20/20),2,periodavg_0678-0680,28.106667,-4.0027,2.2716,84.9869,80.3766,4.6103
NLMS-PCA (K=20/20),2,periodavg_0678-0680,28.160000,-4.0065,1.5203,84.6760,80.3766,4.2993
NLMS-PCA (K=20/20),2,periodavg_0678-0680,28.200000,-4.4190,1.1707,84.8221,80.3766,4.4455
NLMS-PCA (K=20/20),2,periodavg_0678-0680,28.253333,-4.0316,1.3575,84.8893,80.3766,4.5127
NLMS-PCA (K=20/20),2,periodavg_0678-0680,28.306667,-3.9661,2.0721,85.0274,80.3766,4.6507
NLMS-PCA (K=20/20),2,periodavg_0678-0680,28.360000,-4.5007,1.1383,84.9036,80.3766,4.5269
NLMS-PCA (K=20/20),2,periodavg_0678-0680,28.400000,-3.9076,1.1562,84.3944,80.3766,4.0178
NLMS-PCA (K=20/20),2,periodavg_0678-0680,28.453333,-3.6529,0.8481,84.8379,80.3766,4.4613
NLMS-PCA (K=20/20),2,periodavg_0678-0680,28.506667,-3.4496,1.8399,84.4089,80.3766,4.0323
NLMS-PCA (K=20/20),2,periodavg_0678-0680,28.560000,-4.5270,1.4482,85.1375,80.3766,4.7609
NLMS-PCA (K=20/20),2,periodavg_0678-0680,28.600000,-4.2108,2.8059,84.9742,80.3766,4.5976
NLMS-PCA (K=20/20),2,periodavg_0678-0680,28.653333,-3.3305,3.4629,82.9285,80.3766,2.5519
NLMS-PCA (K=20/20),2,periodavg_0678-0680,28.706667,-2.4366,3.1043,82.7080,80.3766,2.3314
NLMS-PCA (K=20/20),2,periodavg_0678-0680,28.760000,-4.0303,2.1445,84.6073,80.3766,4.2307
NLMS-PCA (K=20/20),2,periodavg_0678-0680,28.800000,-4.2200,1.0826,84.5102,80.3766,4.1335
NLMS-PCA (K=20/20),2,periodavg_0678-0680,28.853333,-2.8745,3.0651,83.1476,80.3766,2.7710
NLMS-PCA (K=20/20),2,periodavg_0678-0680,28.906667,-2.5482,2.8342,82.9399,80.3766,2.5633
NLMS-PCA (K=20/20),2,periodavg_0678-0680,28.960000,-3.9342,1.5570,83.8333,80.3766,3.4567
NLMS-PCA (K=20/20),2,periodavg_0678-0680,29.000000,-4.2471,1.7935,84.3131,80.3766,3.9365
NLMS-PCA (K=20/20),2,periodavg_0678-0680,29.053333,-3.3812,2.0290,82.5103,80.3766,2.1336
NLMS-PCA (K=20/20),2,periodavg_0678-0680,29.106667,-3.8342,1.7679,84.6211,80.3766,4.2445
NLMS-PCA (K=20/20),2,periodavg_0678-0680,29.160000,-3.9834,1.3258,82.8445,80.3766,2.4679
NLMS-PCA (K=20/20),2,periodavg_0678-0680,29.200000,-4.1433,2.4913,85.2138,80.3766,4.8372
NLMS-PCA (K=20/20),2,periodavg_0678-0680,29.253333,-3.0944,2.1750,84.5625,80.3766,4.1859
NLMS-PCA (K=20/20),2,periodavg_0678-0680,29.306667,-3.0796,2.5743,83.8734,80.3766,3.4968
NLMS-PCA (K=20/20),2,periodavg_0678-0680,29.360000,-3.9482,0.6432,84.3352,80.3766,3.9586
NLMS-PCA (K=20/20),2,periodavg_0678-0680,29.400000,-3.9505,1.2453,84.3571,80.3766,3.9804
NLMS-PCA (K=20/20),2,periodavg_0678-0680,29.453333,-4.4752,1.9473,84.8490,80.3766,4.4723
NLMS-PCA (K=20/20),2,periodavg_0678-0680,29.506667,-4.2267,1.3676,85.0485,80.3766,4.6718
NLMS-PCA (K=20/20),2,periodavg_0678-0680,29.560000,-4.9780,1.2012,85.4444,80.3766,5.0677
NLMS-PCA (K=20/20),2,periodavg_0678-0680,29.600000,-4.1994,1.1378,85.1974,80.3766,4.8208
NLMS-PCA (K=20/20),2,periodavg_0678-0680,29.653333,-3.8052,1.4279,83.9985,80.3766,3.6219
NLMS-PCA (K=20/20),2,periodavg_0678-0680,29.706667,-3.5264,2.5493,84.6815,80.3766,4.3049
NLMS-PCA (K=20/20),2,periodavg_0678-0680,29.760000,-3.9838,1.1764,84.8970,80.3766,4.5203
NLMS-PCA (K=20/20),2,periodavg_0678-0680,29.800000,-4.6504,1.6786,85.2176,80.3766,4.8410
NLMS-PCA (K=20/20),2,periodavg_0678-0680,29.853333,-3.9712,1.7409,84.6846,80.3766,4.3080
NLMS-PCA (K=20/20),2,periodavg_0678-0680,29.906667,-4.5540,1.8094,85.2482,80.3766,4.8716
NLMS-PCA (K=20/20),2,periodavg_0678-0680,29.960000,-3.0052,2.0786,81.7989,80.3766,1.4223
NLMS-PCA (K=20/20),2,periodavg_0678-0680,30.000000,-4.0572,1.6100,84.8077,80.3766,4.4311
NLMS-PCA (K=20/20),3,periodavg_0927-0929,30.013333,-3.6590,-0.6164,80.6753,77.8076,2.8677
NLMS-PCA (K=20/20),3,periodavg_0927-0929,30.053333,-4.9845,3.1567,81.4941,77.8076,3.6865
NLMS-PCA (K=20/20),3,periodavg_0927-0929,30.106667,-5.9463,4.4140,81.8505,77.8076,4.0429
NLMS-PCA (K=20/20),3,periodavg_0927-0929,30.160000,-5.9771,5.8644,82.2768,77.8076,4.4692
NLMS-PCA (K=20/20),3,periodavg_0927-0929,30.200000,-6.5994,3.3965,82.1805,77.8076,4.3729
NLMS-PCA (K=20/20),3,periodavg_0927-0929,30.253333,-7.0779,5.7481,82.8131,77.8076,5.0055
NLMS-PCA (K=20/20),3,periodavg_0927-0929,30.306667,-7.2945,7.0558,83.0599,77.8076,5.2523
NLMS-PCA (K=20/20),3,periodavg_0927-0929,30.360000,-7.6050,6.8360,83.4546,77.8076,5.6470
NLMS-PCA (K=20/20),3,periodavg_0927-0929,30.400000,-7.8550,6.1815,83.4625,77.8076,5.6548
NLMS-PCA (K=20/20),3,periodavg_0927-0929,30.453333,-8.1883,4.5178,83.7151,77.8076,5.9075
NLMS-PCA (K=20/20),3,periodavg_0927-0929,30.506667,-8.3830,6.3544,84.0246,77.8076,6.2170
NLMS-PCA (K=20/20),3,periodavg_0927-0929,30.560000,-8.7767,4.2687,84.2869,77.8076,6.4793
NLMS-PCA (K=20/20),3,periodavg_0927-0929,30.600000,-8.9966,3.3199,84.4687,77.8076,6.6611
NLMS-PCA (K=20/20),3,periodavg_0927-0929,30.653333,-8.9575,6.8390,84.8073,77.8076,6.9997
NLMS-PCA (K=20/20),3,periodavg_0927-0929,30.706667,-9.4784,5.6672,84.9336,77.8076,7.1260
NLMS-PCA (K=20/20),3,periodavg_0927-0929,30.760000,-9.5293,7.8790,85.2524,77.8076,7.4448
NLMS-PCA (K=20/20),3,periodavg_0927-0929,30.800000,-9.6043,6.3542,85.3608,77.8076,7.5532
NLMS-PCA (K=20/20),3,periodavg_0927-0929,30.853333,-9.9859,5.5878,85.9418,77.8076,8.1342
NLMS-PCA (K=20/20),3,periodavg_0927-0929,30.906667,-10.1721,6.0523,86.0796,77.8076,8.2720
NLMS-PCA (K=20/20),3,periodavg_0927-0929,30.960000,-10.3790,7.4584,86.3272,77.8076,8.5196
NLMS-PCA (K=20/20),3,periodavg_0927-0929,31.000000,-10.1622,8.9003,86.3530,77.8076,8.5454
NLMS-PCA (K=20/20),3,periodavg_0927-0929,31.053333,-10.8557,3.8869,86.6182,77.8076,8.8106
NLMS-PCA (K=20/20),3,periodavg_0927-0929,31.106667,-11.2586,6.1072,87.0922,77.8076,9.2846
NLMS-PCA (K=20/20),3,periodavg_0927-0929,31.160000,-11.2304,6.9445,87.5189,77.8076,9.7113
NLMS-PCA (K=20/20),3,periodavg_0927-0929,31.200000,-10.8974,6.7517,87.5656,77.8076,9.7580
NLMS-PCA (K=20/20),3,periodavg_0927-0929,31.253333,-11.3478,5.8019,88.0222,77.8076,10.2146
NLMS-PCA (K=20/20),3,periodavg_0927-0929,31.306667,-11.7806,5.0681,87.9135,77.8076,10.1059
NLMS-PCA (K=20/20),3,periodavg_0927-0929,31.360000,-11.6224,6.1103,88.8181,77.8076,11.0105
NLMS-PCA (K=20/20),3,periodavg_0927-0929,31.400000,-11.8975,6.8852,88.7355,77.8076,10.9279
NLMS-PCA (K=20/20),3,periodavg_0927-0929,31.453333,-12.2384,6.4893,88.6886,77.8076,10.8810
NLMS-PCA (K=20/20),3,periodavg_0927-0929,31.506667,-12.4180,7.0642,89.0200,77.8076,11.2124
NLMS-PCA (K=20/20),3,periodavg_0927-0929,31.560000,-12.5179,6.1037,89.2924,77.8076,11.4848
NLMS-PCA (K=20/20),3,periodavg_0927-0929,31.600000,-12.7173,6.7164,89.6974,77.8076,11.8898
NLMS-PCA (K=20/20),3,periodavg_0927-0929,31.653333,-12.9148,7.6619,89.2967,77.8076,11.4891
NLMS-PCA (K=20/20),3,periodavg_0927-0929,31.706667,-13.1328,8.1287,89.7046,77.8076,11.8970
NLMS-PCA (K=20/20),3,periodavg_0927-0929,31.760000,-13.1803,7.0204,89.7119,77.8076,11.9043
NLMS-PCA (K=20/20),3,periodavg_0927-0929,31.800000,-13.5301,8.0391,90.0684,77.8076,12.2608
NLMS-PCA (K=20/20),3,periodavg_0927-0929,31.853333,-13.4716,6.6551,90.0162,77.8076,12.2086
NLMS-PCA (K=20/20),3,periodavg_0927-0929,31.906667,-13.0523,5.8397,85.2158,77.8076,7.4082
NLMS-PCA (K=20/20),3,periodavg_0927-0929,31.960000,-13.7435,6.5138,90.6513,77.8076,12.8437
NLMS-PCA (K=20/20),3,periodavg_0927-0929,32.000000,-13.3041,6.5186,86.4996,77.8076,8.6920
NLMS-PCA (K=20/20),3,periodavg_0927-0929,32.053333,-14.3108,4.8750,90.7459,77.8076,12.9383
NLMS-PCA (K=20/20),3,periodavg_0927-0929,32.106667,-13.7533,5.6247,90.2384,77.8076,12.4308
NLMS-PCA (K=20/20),3,periodavg_0927-0929,32.160000,-14.4366,6.5158,90.2300,77.8076,12.4224
NLMS-PCA (K=20/20),3,periodavg_0927-0929,32.200000,-14.3044,6.4961,86.5195,77.8076,8.7119
NLMS-PCA (K=20/20),3,periodavg_0927-0929,32.253333,-14.1597,6.0394,88.6950,77.8076,10.8874
NLMS-PCA (K=20/20),3,periodavg_0927-0929,32.306667,-15.0649,6.4657,90.3479,77.8076,12.5403
NLMS-PCA (K=20/20),3,periodavg_0927-0929,32.360000,-14.5483,7.6855,90.0617,77.8076,12.2541
NLMS-PCA (K=20/20),3,periodavg_0927-0929,32.400000,-14.8949,5.2207,89.7382,77.8076,11.9306
NLMS-PCA (K=20/20),3,periodavg_0927-0929,32.453333,-15.0187,4.6351,90.8263,77.8076,13.0187
NLMS-PCA (K=20/20),3,periodavg_0927-0929,32.506667,-14.8738,5.6987,89.9046,77.8076,12.0970
NLMS-PCA (K=20/20),3,periodavg_0927-0929,32.560000,-15.0958,4.1441,90.0912,77.8076,12.2836
NLMS-PCA (K=20/20),3,periodavg_0927-0929,32.600000,-14.8491,7.1946,89.7860,77.8076,11.9784
NLMS-PCA (K=20/20),3,periodavg_0927-0929,32.653333,-13.8583,6.2926,89.9249,77.8076,12.1173
NLMS-PCA (K=20/20),3,periodavg_0927-0929,32.706667,-14.7574,7.2847,89.6739,77.8076,11.8663
NLMS-PCA (K=20/20),3,periodavg_0927-0929,32.760000,-14.9517,5.5780,89.9206,77.8076,12.1130
NLMS-PCA (K=20/20),3,periodavg_0927-0929,32.800000,-14.3907,5.4589,88.5009,77.8076,10.6933
NLMS-PCA (K=20/20),3,periodavg_0927-0929,32.853333,-14.6540,7.1954,89.0230,77.8076,11.2154
NLMS-PCA (K=20/20),3,periodavg_0927-0929,32.906667,-13.8698,5.4469,85.9985,77.8076,8.1909
NLMS-PCA (K=20/20),3,periodavg_0927-0929,32.960000,-15.0501,5.4103,90.2290,77.8076,12.4214
NLMS-PCA (K=20/20),3,periodavg_0927-0929,33.000000,-14.8359,6.3210,86.6648,77.8076,8.8572
NLMS-PCA (K=20/20),3,periodavg_0927-0929,33.053333,-14.9104,7.9312,90.0050,77.8076,12.1974
NLMS-PCA (K=20/20),3,periodavg_0927-0929,33.106667,-13.9895,7.8721,89.9583,77.8076,12.1507
NLMS-PCA (K=20/20),3,periodavg_0927-0929,33.160000,-14.6295,6.2441,89.6598,77.8076,11.8522
NLMS-PCA (K=20/20),3,periodavg_0927-0929,33.200000,-15.1183,6.7334,89.2140,77.8076,11.4064
NLMS-PCA (K=20/20),3,periodavg_0927-0929,33.253333,-15.4108,7.4133,89.7613,77.8076,11.9537
NLMS-PCA (K=20/20),3,periodavg_0927-0929,33.306667,-14.7159,7.0732,89.3982,77.8076,11.5906
NLMS-PCA (K=20/20),3,periodavg_0927-0929,33.360000,-14.2670,7.6551,89.5871,77.8076,11.7795
NLMS-PCA (K=20/20),3,periodavg_0927-0929,33.400000,-13.2609,6.7472,84.1824,77.8076,6.3747
NLMS-PCA (K=20/20),3,periodavg_0927-0929,33.453333,-14.7900,5.5099,89.3920,77.8076,11.5844
NLMS-PCA (K=20/20),3,periodavg_0927-0929,33.506667,-13.5618,7.4327,88.8258,77.8076,11.0182
NLMS-PCA (K=20/20),3,periodavg_0927-0929,33.560000,-14.5039,7.1372,89.3057,77.8076,11.4981
NLMS-PCA (K=20/20),3,periodavg_0927-0929,33.600000,-12.9845,6.7401,89.0064,77.8076,11.1988
NLMS-PCA (K=20/20),3,periodavg_0927-0929,33.653333,-14.4012,4.1565,88.5579,77.8076,10.7503
NLMS-PCA (K=20/20),3,periodavg_0927-0929,33.706667,-14.7317,6.9530,88.9245,77.8076,11.1169
NLMS-PCA (K=20/20),3,periodavg_0927-0929,33.760000,-13.1938,6.5976,88.4608,77.8076,10.6532
NLMS-PCA (K=20/20),3,periodavg_0927-0929,33.800000,-14.5343,5.6535,88.7708,77.8076,10.9632
NLMS-PCA (K=20/20),3,periodavg_0927-0929,33.853333,-13.7514,5.9108,88.5978,77.8076,10.7902
NLMS-PCA (K=20/20),3,periodavg_0927-0929,33.906667,-14.5014,5.7095,89.0667,77.8076,11.2591
NLMS-PCA (K=20/20),3,periodavg_0927-0929,33.960000,-14.6663,4.8726,89.4300,77.8076,11.6224
NLMS-PCA (K=20/20),3,periodavg_0927-0929,34.000000,-14.8639,7.7159,89.2225,77.8076,11.4149
NLMS-PCA (K=20/20),3,periodavg_0927-0929,34.053333,-15.1631,6.8848,89.1991,77.8076,11.3915
NLMS-PCA (K=20/20),3,periodavg_0927-0929,34.106667,-15.2606,7.8446,89.6648,77.8076,11.8572
NLMS-PCA (K=20/20),3,periodavg_0927-0929,34.160000,-14.8339,6.8355,88.1916,77.8076,10.3840
NLMS-PCA (K=20/20),3,periodavg_0927-0929,34.200000,-15.4506,6.4512,89.9796,77.8076,12.1720
NLMS-PCA (K=20/20),3,periodavg_0927-0929,34.253333,-15.0482,7.1047,90.0220,77.8076,12.2144
NLMS-PCA (K=20/20),3,periodavg_0927-0929,34.306667,-15.5888,4.5890,90.6359,77.8076,12.8283
NLMS-PCA (K=20/20),3,periodavg_0927-0929,34.360000,-15.7390,7.8624,90.2046,77.8076,12.3970
NLMS-PCA (K=20/20),3,periodavg_0927-0929,34.400000,-13.8566,4.5209,86.7918,77.8076,8.9842
NLMS-PCA (K=20/20),3,periodavg_0927-0929,34.453333,-15.1773,5.7465,89.5161,77.8076,11.7085
NLMS-PCA (K=20/20),3,periodavg_0927-0929,34.506667,-14.3351,6.6167,90.0626,77.8076,12.2550
NLMS-PCA (K=20/20),3,periodavg_0927-0929,34.560000,-14.8841,6.7308,89.4034,77.8076,11.5958
NLMS-PCA (K=20/20),3,periodavg_0927-0929,34.600000,-15.1599,7.8999,89.9705,77.8076,12.1629
NLMS-PCA (K=20/20),3,periodavg_0927-0929,34.653333,-15.2718,7.7225,89.6087,77.8076,11.8011
NLMS-PCA (K=20/20),3,periodavg_0927-0929,34.706667,-15.1702,6.8404,89.0878,77.8076,11.2802
NLMS-PCA (K=20/20),3,periodavg_0927-0929,34.760000,-14.8433,8.3568,89.3747,77.8076,11.5671
NLMS-PCA (K=20/20),3,periodavg_0927-0929,34.800000,-15.3869,6.3130,89.5411,77.8076,11.7335
NLMS-PCA (K=20/20),3,periodavg_0927-0929,34.853333,-15.1481,7.1110,89.5826,77.8076,11.7750
NLMS-PCA (K=20/20),3,periodavg_0927-0929,34.906667,-15.4042,6.4616,89.6033,77.8076,11.7957
NLMS-PCA (K=20/20),3,periodavg_0927-0929,34.960000,-15.4117,7.1169,89.6202,77.8076,11.8126
NLMS-PCA (K=20/20),3,periodavg_0927-0929,35.000000,-14.9875,7.0252,89.0075,77.8076,11.1999
NLMS-PCA (K=20/20),3,periodavg_0927-0929,35.053333,-15.0577,6.9860,89.7108,77.8076,11.9032
NLMS-PCA (K=20/20),3,periodavg_0927-0929,35.106667,-14.5011,4.8161,87.1595,77.8076,9.3519
NLMS-PCA (K=20/20),3,periodavg_0927-0929,35.160000,-15.2398,6.6351,89.6952,77.8076,11.8876
NLMS-PCA (K=20/20),3,periodavg_0927-0929,35.200000,-15.3620,5.7934,89.5552,77.8076,11.7476
NLMS-PCA (K=20/20),3,periodavg_0927-0929,35.253333,-14.2630,6.0545,89.7651,77.8076,11.9575
NLMS-PCA (K=20/20),3,periodavg_0927-0929,35.306667,-14.2048,6.3422,89.2426,77.8076,11.4350
NLMS-PCA (K=20/20),3,periodavg_0927-0929,35.360000,-15.1548,7.5022,89.5976,77.8076,11.7900
NLMS-PCA (K=20/20),3,periodavg_0927-0929,35.400000,-14.8513,6.8788,89.2662,77.8076,11.4586
NLMS-PCA (K=20/20),3,periodavg_0927-0929,35.453333,-14.3321,5.8681,88.6897,77.8076,10.8821
NLMS-PCA (K=20/20),3,periodavg_0927-0929,35.506667,-14.7761,7.8799,88.6801,77.8076,10.8725
NLMS-PCA (K=20/20),3,periodavg_0927-0929,35.560000,-14.5199,7.1357,88.8565,77.8076,11.0489
NLMS-PCA (K=20/20),3,periodavg_0927-0929,35.600000,-13.2380,4.5857,88.9775,77.8076,11.1699
NLMS-PCA (K=20/20),3,periodavg_0927-0929,35.653333,-14.2008,5.5675,89.0204,77.8076,11.2128
NLMS-PCA (K=20/20),3,periodavg_0927-0929,35.706667,-14.8063,4.8156,89.1884,77.8076,11.3808
NLMS-PCA (K=20/20),3,periodavg_0927-0929,35.760000,-14.2636,8.2694,89.0361,77.8076,11.2285
NLMS-PCA (K=20/20),3,periodavg_0927-0929,35.800000,-14.3627,6.9001,89.1554,77.8076,11.3478
NLMS-PCA (K=20/20),3,periodavg_0927-0929,35.853333,-13.0424,6.9628,86.3983,77.8076,8.5907
NLMS-PCA (K=20/20),3,periodavg_0927-0929,35.906667,-14.3288,5.6459,86.7430,77.8076,8.9354
NLMS-PCA (K=20/20),3,periodavg_0927-0929,35.960000,-14.8491,5.6350,89.3649,77.8076,11.5573
NLMS-PCA (K=20/20),3,periodavg_0927-0929,36.000000,-14.9676,5.1777,88.9833,77.8076,11.1757
NLMS-PCA (K=20/20),3,periodavg_0927-0929,36.053333,-15.1119,7.5253,89.1130,77.8076,11.3054
NLMS-PCA (K=20/20),3,periodavg_0927-0929,36.106667,-14.9024,6.4520,89.3513,77.8076,11.5437
NLMS-PCA (K=20/20),3,periodavg_0927-0929,36.160000,-14.8142,5.6601,89.3967,77.8076,11.5891
NLMS-PCA (K=20/20),3,periodavg_0927-0929,36.200000,-15.1384,6.6680,89.6314,77.8076,11.8238
NLMS-PCA (K=20/20),3,periodavg_0927-0929,36.253333,-15.1549,6.6951,89.4122,77.8076,11.6046
NLMS-PCA (K=20/20),3,periodavg_0927-0929,36.306667,-14.9676,6.1353,89.5699,77.8076,11.7623
NLMS-PCA (K=20/20),3,periodavg_0927-0929,36.360000,-14.3957,7.0512,89.8624,77.8076,12.0548
NLMS-PCA (K=20/20),3,periodavg_0927-0929,36.400000,-14.7903,6.0767,89.6392,77.8076,11.8316
NLMS-PCA (K=20/20),3,periodavg_0927-0929,36.453333,-14.7831,9.0567,88.9945,77.8076,11.1869
NLMS-PCA (K=20/20),3,periodavg_0927-0929,36.506667,-14.4349,6.3593,88.9787,77.8076,11.1711
NLMS-PCA (K=20/20),3,periodavg_0927-0929,36.560000,-14.4482,7.7347,89.5381,77.8076,11.7305
NLMS-PCA (K=20/20),3,periodavg_0927-0929,36.600000,-14.5733,6.0878,89.2927,77.8076,11.4851
NLMS-PCA (K=20/20),3,periodavg_0927-0929,36.653333,-13.8601,5.8583,89.5627,77.8076,11.7551
NLMS-PCA (K=20/20),3,periodavg_0927-0929,36.706667,-14.1768,5.8916,86.7400,77.8076,8.9324
NLMS-PCA (K=20/20),3,periodavg_0927-0929,36.760000,-14.1274,5.7025,86.0203,77.8076,8.2127
NLMS-PCA (K=20/20),3,periodavg_0927-0929,36.800000,-14.0625,4.7540,87.6423,77.8076,9.8347
NLMS-PCA (K=20/20),3,periodavg_0927-0929,36.853333,-13.9269,6.6649,88.2601,77.8076,10.4525
NLMS-PCA (K=20/20),3,periodavg_0927-0929,36.906667,-14.3008,6.6302,89.4961,77.8076,11.6885
NLMS-PCA (K=20/20),3,periodavg_0927-0929,36.960000,-13.2806,7.1879,90.0688,77.8076,12.2612
NLMS-PCA (K=20/20),3,periodavg_0927-0929,37.000000,-14.6046,5.8429,89.7274,77.8076,11.9198
NLMS-PCA (K=20/20),3,periodavg_0927-0929,37.053333,-14.7780,7.0118,89.2021,77.8076,11.3945
NLMS-PCA (K=20/20),3,periodavg_0927-0929,37.106667,-14.7918,7.8148,89.3944,77.8076,11.5868
NLMS-PCA (K=20/20),3,periodavg_0927-0929,37.160000,-14.7830,6.0503,89.2550,77.8076,11.4474
NLMS-PCA (K=20/20),3,periodavg_0927-0929,37.200000,-14.6746,6.0022,89.3222,77.8076,11.5146
NLMS-PCA (K=20/20),3,periodavg_0927-0929,37.253333,-14.7404,6.2868,89.4740,77.8076,11.6664
NLMS-PCA (K=20/20),3,periodavg_0927-0929,37.306667,-14.9255,7.6822,89.6252,77.8076,11.8176
NLMS-PCA (K=20/20),3,periodavg_0927-0929,37.360000,-14.2289,5.8875,88.2250,77.8076,10.4174
NLMS-PCA (K=20/20),3,periodavg_0927-0929,37.400000,-14.3159,6.1507,85.2644,77.8076,7.4568
NLMS-PCA (K=20/20),3,periodavg_0927-0929,37.453333,-14.7395,5.0286,89.0849,77.8076,11.2773
NLMS-PCA (K=20/20),3,periodavg_0927-0929,37.506667,-14.2954,4.3985,86.3558,77.8076,8.5482
NLMS-PCA (K=20/20),3,periodavg_0927-0929,37.560000,-14.4526,6.4356,88.2481,77.8076,10.4404
NLMS-PCA (K=20/20),3,periodavg_0927-0929,37.600000,-15.0571,5.6260,89.8310,77.8076,12.0234
NLMS-PCA (K=20/20),3,periodavg_0927-0929,37.653333,-14.4203,5.6860,89.1685,77.8076,11.3609
NLMS-PCA (K=20/20),3,periodavg_0927-0929,37.706667,-14.5898,6.7950,89.3810,77.8076,11.5734
NLMS-PCA (K=20/20),3,periodavg_0927-0929,37.760000,-14.2560,5.1608,89.1808,77.8076,11.3732
NLMS-PCA (K=20/20),3,periodavg_0927-0929,37.800000,-14.5300,7.8452,89.3595,77.8076,11.5519
NLMS-PCA (K=20/20),3,periodavg_0927-0929,37.853333,-13.8683,6.9258,88.8410,77.8076,11.0334
NLMS-PCA (K=20/20),3,periodavg_0927-0929,37.906667,-12.8775,6.3277,82.2555,77.8076,4.4479
NLMS-PCA (K=20/20),3,periodavg_0927-0929,37.960000,-14.6622,5.7047,89.3932,77.8076,11.5856
NLMS-PCA (K=20/20),3,periodavg_0927-0929,38.000000,-14.5114,8.6557,89.2930,77.8076,11.4854
NLMS-PCA (K=20/20),3,periodavg_0927-0929,38.053333,-12.9758,7.4260,89.4695,77.8076,11.6619
NLMS-PCA (K=20/20),3,periodavg_0927-0929,38.106667,-14.0330,5.4948,89.2096,77.8076,11.4020
NLMS-PCA (K=20/20),3,periodavg_0927-0929,38.160000,-14.6639,6.4884,88.9949,77.8076,11.1873
NLMS-PCA (K=20/20),3,periodavg_0927-0929,38.200000,-14.3939,5.9785,88.6033,77.8076,10.7957
NLMS-PCA (K=20/20),3,periodavg_0927-0929,38.253333,-14.4508,6.5486,88.4648,77.8076,10.6572
NLMS-PCA (K=20/20),3,periodavg_0927-0929,38.306667,-14.3118,7.8053,88.9772,77.8076,11.1696
NLMS-PCA (K=20/20),3,periodavg_0927-0929,38.360000,-13.8311,5.6426,88.9727,77.8076,11.1651
NLMS-PCA (K=20/20),3,periodavg_0927-0929,38.400000,-13.1018,6.2151,88.7038,77.8076,10.8962
NLMS-PCA (K=20/20),3,periodavg_0927-0929,38.453333,-14.5637,5.8708,88.5439,77.8076,10.7363
NLMS-PCA (K=20/20),3,periodavg_0927-0929,38.506667,-13.8389,5.0355,87.6076,77.8076,9.8000
NLMS-PCA (K=20/20),3,periodavg_0927-0929,38.560000,-13.2209,5.8301,85.8815,77.8076,8.0739
NLMS-PCA (K=20/20),3,periodavg_0927-0929,38.600000,-13.7201,4.9827,88.2808,77.8076,10.4732
NLMS-PCA (K=20/20),3,periodavg_0927-0929,38.653333,-13.9687,7.3982,88.1249,77.8076,10.3173
NLMS-PCA (K=20/20),3,periodavg_0927-0929,38.706667,-13.7201,5.6742,88.3830,77.8076,10.5753
NLMS-PCA (K=20/20),3,periodavg_0927-0929,38.760000,-13.9706,6.2355,88.6269,77.8076,10.8192
NLMS-PCA (K=20/20),3,periodavg_0927-0929,38.800000,-13.8531,8.5991,88.3809,77.8076,10.5733
NLMS-PCA (K=20/20),3,periodavg_0927-0929,38.853333,-13.1746,5.1142,87.0521,77.8076,9.2445
NLMS-PCA (K=20/20),3,periodavg_0927-0929,38.906667,-14.0402,6.6455,88.4942,77.8076,10.6866
NLMS-PCA (K=20/20),3,periodavg_0927-0929,38.960000,-14.0361,6.6828,88.8578,77.8076,11.0502
NLMS-PCA (K=20/20),3,periodavg_0927-0929,39.000000,-13.8110,8.0136,88.3293,77.8076,10.5217
NLMS-PCA (K=20/20),3,periodavg_0927-0929,39.053333,-13.3334,8.1972,85.7195,77.8076,7.9119
NLMS-PCA (K=20/20),3,periodavg_0927-0929,39.106667,-13.6602,5.9354,88.4466,77.8076,10.6390
NLMS-PCA (K=20/20),3,periodavg_0927-0929,39.160000,-13.3943,5.9994,84.1954,77.8076,6.3878
NLMS-PCA (K=20/20),3,periodavg_0927-0929,39.200000,-13.4641,6.1686,85.6853,77.8076,7.8777
NLMS-PCA (K=20/20),3,periodavg_0927-0929,39.253333,-14.1728,5.3058,88.4464,77.8076,10.6388
NLMS-PCA (K=20/20),3,periodavg_0927-0929,39.306667,-14.1090,6.4156,88.4827,77.8076,10.6751
NLMS-PCA (K=20/20),3,periodavg_0927-0929,39.360000,-14.4781,6.8917,88.5272,77.8076,10.7196
NLMS-PCA (K=20/20),3,periodavg_0927-0929,39.400000,-14.4167,6.0217,88.9407,77.8076,11.1331
NLMS-PCA (K=20/20),3,periodavg_0927-0929,39.453333,-13.6015,5.8588,88.5247,77.8076,10.7171
NLMS-PCA (K=20/20),3,periodavg_0927-0929,39.506667,-14.7939,5.3065,88.4220,77.8076,10.6144
NLMS-PCA (K=20/20),3,periodavg_0927-0929,39.560000,-14.3277,7.7135,88.1107,77.8076,10.3031
NLMS-PCA (K=20/20),3,periodavg_0927-0929,39.600000,-13.8499,5.8739,88.1450,77.8076,10.3374
NLMS-PCA (K=20/20),3,periodavg_0927-0929,39.653333,-13.7219,4.7174,86.3945,77.8076,8.5868
NLMS-PCA (K=20/20),3,periodavg_0927-0929,39.706667,-13.9865,6.7154,88.4123,77.8076,10.6047
NLMS-PCA (K=20/20),3,periodavg_0927-0929,39.760000,-13.9362,6.4760,87.8730,77.8076,10.0654
NLMS-PCA (K=20/20),3,periodavg_0927-0929,39.800000,-14.0351,7.3957,87.5906,77.8076,9.7830
NLMS-PCA (K=20/20),3,periodavg_0927-0929,39.853333,-14.0873,7.7323,88.2477,77.8076,10.4401
NLMS-PCA (K=20/20),3,periodavg_0927-0929,39.906667,-13.8123,5.4779,88.9100,77.8076,11.1024
NLMS-PCA (K=20/20),3,periodavg_0927-0929,39.960000,-13.3082,6.5637,86.1553,77.8076,8.3477
NLMS-PCA (K=20/20),3,periodavg_0927-0929,40.000000,-13.9895,4.9595,88.0769,77.8076,10.2693
NLMS-PCA (K=20/20),4,periodavg_0873-0875,40.013333,-10.9542,-0.3159,85.5163,78.8996,6.6167
NLMS-PCA (K=20/20),4,periodavg_0873-0875,40.053333,-11.8352,4.4837,87.3137,78.8996,8.4141
NLMS-PCA (K=20/20),4,periodavg_0873-0875,40.106667,-11.9242,6.4237,87.6943,78.8996,8.7947
NLMS-PCA (K=20/20),4,periodavg_0873-0875,40.160000,-11.4585,3.6119,87.1379,78.8996,8.2383
NLMS-PCA (K=20/20),4,periodavg_0873-0875,40.200000,-11.7220,6.4833,87.1863,78.8996,8.2867
NLMS-PCA (K=20/20),4,periodavg_0873-0875,40.253333,-12.1916,4.0588,87.3914,78.8996,8.4918
NLMS-PCA (K=20/20),4,periodavg_0873-0875,40.306667,-12.0634,5.6706,87.8669,78.8996,8.9673
NLMS-PCA (K=20/20),4,periodavg_0873-0875,40.360000,-11.8601,4.2784,88.5094,78.8996,9.6098
NLMS-PCA (K=20/20),4,periodavg_0873-0875,40.400000,-12.1317,8.3100,88.0390,78.8996,9.1394
NLMS-PCA (K=20/20),4,periodavg_0873-0875,40.453333,-11.5660,4.8651,85.3829,78.8996,6.4833
NLMS-PCA (K=20/20),4,periodavg_0873-0875,40.506667,-12.2053,4.9848,88.5437,78.8996,9.6441
NLMS-PCA (K=20/20),4,periodavg_0873-0875,40.560000,-11.8281,6.0728,88.6142,78.8996,9.7146
NLMS-PCA (K=20/20),4,periodavg_0873-0875,40.600000,-11.9467,4.9511,87.3625,78.8996,8.4629
NLMS-PCA (K=20/20),4,periodavg_0873-0875,40.653333,-12.4196,5.9771,87.6494,78.8996,8.7498
NLMS-PCA (K=20/20),4,periodavg_0873-0875,40.706667,-11.2691,4.6675,81.5811,78.8996,2.6815
NLMS-PCA (K=20/20),4,periodavg_0873-0875,40.760000,-12.5246,4.7315,88.7160,78.8996,9.8164
NLMS-PCA (K=20/20),4,periodavg_0873-0875,40.800000,-12.7956,6.8685,89.3441,78.8996,10.4445
NLMS-PCA (K=20/20),4,periodavg_0873-0875,40.853333,-12.0333,5.9027,84.0255,78.8996,5.1259
NLMS-PCA (K=20/20),4,periodavg_0873-0875,40.906667,-12.6829,4.5559,87.7189,78.8996,8.8193
NLMS-PCA (K=20/20),4,periodavg_0873-0875,40.960000,-12.8873,4.8436,88.9807,78.8996,10.0811
NLMS-PCA (K=20/20),4,periodavg_0873-0875,41.000000,-12.3776,6.2819,88.7997,78.8996,9.9001
NLMS-PCA (K=20/20),4,periodavg_0873-0875,41.053333,-12.0555,5.2464,83.9758,78.8996,5.0762
NLMS-PCA (K=20/20),4,periodavg_0873-0875,41.106667,-13.2283,4.8684,89.5084,78.8996,10.6088
NLMS-PCA (K=20/20),4,periodavg_0873-0875,41.160000,-10.9678,5.7978,89.7643,78.8996,10.8647
NLMS-PCA (K=20/20),4,periodavg_0873-0875,41.200000,-12.3019,5.3945,89.9856,78.8996,11.0860
NLMS-PCA (K=20/20),4,periodavg_0873-0875,41.253333,-10.5864,5.5254,82.6043,78.8996,3.7047
NLMS-PCA (K=20/20),4,periodavg_0873-0875,41.306667,-13.5097,3.1242,89.4216,78.8996,10.5220
NLMS-PCA (K=20/20),4,periodavg_0873-0875,41.360000,-12.5835,5.3053,89.6471,78.8996,10.7475
NLMS-PCA (K=20/20),4,periodavg_0873-0875,41.400000,-13.7636,6.0706,90.4204,78.8996,11.5208
NLMS-PCA (K=20/20),4,periodavg_0873-0875,41.453333,-13.9151,5.4543,90.2725,78.8996,11.3729
NLMS-PCA (K=20/20),4,periodavg_0873-0875,41.506667,-13.4829,3.5509,90.8171,78.8996,11.9175
NLMS-PCA (K=20/20),4,periodavg_0873-0875,41.560000,-13.0223,4.8675,90.3987,78.8996,11.4991
NLMS-PCA (K=20/20),4,periodavg_0873-0875,41.600000,-13.1598,4.5623,90.2498,78.8996,11.3502
NLMS-PCA (K=20/20),4,periodavg_0873-0875,41.653333,-11.9415,5.6537,86.8636,78.8996,7.9640
NLMS-PCA (K=20/20),4,periodavg_0873-0875,41.706667,-12.2666,3.5422,87.9209,78.8996,9.0213
NLMS-PCA (K=20/20),4,periodavg_0873-0875,41.760000,-12.1969,5.7277,83.9823,78.8996,5.0827
NLMS-PCA (K=20/20),4,periodavg_0873-0875,41.800000,-13.6407,5.8205,89.6760,78.8996,10.7764
NLMS-PCA (K=20/20),4,periodavg_0873-0875,41.853333,-13.1492,3.8690,88.1595,78.8996,9.2599
NLMS-PCA (K=20/20),4,periodavg_0873-0875,41.906667,-11.3005,6.0074,85.8204,78.8996,6.9208
NLMS-PCA (K=20/20),4,periodavg_0873-0875,41.960000,-13.6049,5.0170,90.0049,78.8996,11.1053
NLMS-PCA (K=20/20),4,periodavg_0873-0875,42.000000,-13.2811,4.6847,89.6722,78.8996,10.7726
NLMS-PCA (K=20/20),4,periodavg_0873-0875,42.053333,-13.5433,6.5192,90.0535,78.8996,11.1539
NLMS-PCA (K=20/20),4,periodavg_0873-0875,42.106667,-12.6296,4.7120,89.7117,78.8996,10.8121
NLMS-PCA (K=20/20),4,periodavg_0873-0875,42.160000,-13.3603,4.3023,90.4025,78.8996,11.5029
NLMS-PCA (K=20/20),4,periodavg_0873-0875,42.200000,-13.5079,4.7355,91.0310,78.8996,12.1314
NLMS-PCA (K=20/20),4,periodavg_0873-0875,42.253333,-13.2610,5.3769,85.5938,78.8996,6.6941
NLMS-PCA (K=20/20),4,periodavg_0873-0875,42.306667,-12.8421,4.4349,88.5967,78.8996,9.6971
NLMS-PCA (K=20/20),4,periodavg_0873-0875,42.360000,-14.0602,4.5400,90.7065,78.8996,11.8069
NLMS-PCA (K=20/20),4,periodavg_0873-0875,42.400000,-13.5128,7.0354,90.5253,78.8996,11.6257
NLMS-PCA (K=20/20),4,periodavg_0873-0875,42.453333,-13.2429,6.6682,90.4990,78.8996,11.5994
NLMS-PCA (K=20/20),4,periodavg_0873-0875,42.506667,-14.3600,4.9438,90.7672,78.8996,11.8676
NLMS-PCA (K=20/20),4,periodavg_0873-0875,42.560000,-12.7825,4.4831,88.5506,78.8996,9.6510
NLMS-PCA (K=20/20),4,periodavg_0873-0875,42.600000,-13.3068,5.2998,87.7052,78.8996,8.8056
NLMS-PCA (K=20/20),4,periodavg_0873-0875,42.653333,-11.6427,5.2797,90.2804,78.8996,11.3808
NLMS-PCA (K=20/20),4,periodavg_0873-0875,42.706667,-12.4801,5.3905,89.2178,78.8996,10.3182
NLMS-PCA (K=20/20),4,periodavg_0873-0875,42.760000,-13.3575,4.8462,88.5248,78.8996,9.6251
NLMS-PCA (K=20/20),4,periodavg_0873-0875,42.800000,-13.0914,6.7150,85.8347,78.8996,6.9351
NLMS-PCA (K=20/20),4,periodavg_0873-0875,42.853333,-13.3497,4.8405,89.6625,78.8996,10.7629
NLMS-PCA (K=20/20),4,periodavg_0873-0875,42.906667,-13.6041,6.3385,89.3224,78.8996,10.4228
NLMS-PCA (K=20/20),4,periodavg_0873-0875,42.960000,-11.3079,5.0875,80.2785,78.8996,1.3789
NLMS-PCA (K=20/20),4,periodavg_0873-0875,43.000000,-13.7392,5.2409,90.0489,78.8996,11.1493
NLMS-PCA (K=20/20),4,periodavg_0873-0875,43.053333,-13.9617,4.8007,90.5697,78.8996,11.6701
NLMS-PCA (K=20/20),4,periodavg_0873-0875,43.106667,-14.2393,5.2637,90.1234,78.8996,11.2238
NLMS-PCA (K=20/20),4,periodavg_0873-0875,43.160000,-13.9369,4.9423,91.0027,78.8996,12.1031
NLMS-PCA (K=20/20),4,periodavg_0873-0875,43.200000,-14.5708,5.9019,91.0428,78.8996,12.1432
NLMS-PCA (K=20/20),4,periodavg_0873-0875,43.253333,-13.6155,6.6463,86.1291,78.8996,7.2295
NLMS-PCA (K=20/20),4,periodavg_0873-0875,43.306667,-14.0474,4.8268,90.7179,78.8996,11.8183
NLMS-PCA (K=20/20),4,periodavg_0873-0875,43.360000,-13.4773,4.8765,86.3042,78.8996,7.4046
NLMS-PCA (K=20/20),4,periodavg_0873-0875,43.400000,-14.2101,5.7898,91.0604,78.8996,12.1608
NLMS-PCA (K=20/20),4,periodavg_0873-0875,43.453333,-13.4608,3.1352,90.6374,78.8996,11.7378
NLMS-PCA (K=20/20),4,periodavg_0873-0875,43.506667,-14.2780,5.6050,89.6928,78.8996,10.7932
NLMS-PCA (K=20/20),4,periodavg_0873-0875,43.560000,-13.8537,6.2526,91.4270,78.8996,12.5274
NLMS-PCA (K=20/20),4,periodavg_0873-0875,43.600000,-11.4838,4.3331,80.3559,78.8996,1.4563
NLMS-PCA (K=20/20),4,periodavg_0873-0875,43.653333,-14.1817,5.4388,91.5061,78.8996,12.6065
NLMS-PCA (K=20/20),4,periodavg_0873-0875,43.706667,-13.4830,3.6082,85.3097,78.8996,6.4101
NLMS-PCA (K=20/20),4,periodavg_0873-0875,43.760000,-14.1863,4.0890,91.4723,78.8996,12.5727
NLMS-PCA (K=20/20),4,periodavg_0873-0875,43.800000,-14.5587,4.9366,91.5977,78.8996,12.6981
NLMS-PCA (K=20/20),4,periodavg_0873-0875,43.853333,-13.6479,4.5620,88.6804,78.8996,9.7808
NLMS-PCA (K=20/20),4,periodavg_0873-0875,43.906667,-12.6612,5.0445,88.7521,78.8996,9.8525
NLMS-PCA (K=20/20),4,periodavg_0873-0875,43.960000,-13.9821,4.4683,90.3240,78.8996,11.4244
NLMS-PCA (K=20/20),4,periodavg_0873-0875,44.000000,-12.9680,4.6567,88.6067,78.8996,9.7071
NLMS-PCA (K=20/20),4,periodavg_0873-0875,44.053333,-13.9594,5.2473,89.9100,78.8996,11.0104
NLMS-PCA (K=20/20),4,periodavg_0873-0875,44.106667,-13.8868,5.4262,89.8664,78.8996,10.9668
NLMS-PCA (K=20/20),4,periodavg_0873-0875,44.160000,-14.1617,4.9527,90.8750,78.8996,11.9754
NLMS-PCA (K=20/20),4,periodavg_0873-0875,44.200000,-14.1469,5.2976,89.7368,78.8996,10.8372
NLMS-PCA (K=20/20),4,periodavg_0873-0875,44.253333,-13.8498,4.1941,90.4938,78.8996,11.5942
NLMS-PCA (K=20/20),4,periodavg_0873-0875,44.306667,-13.9597,7.2979,90.6626,78.8996,11.7630
NLMS-PCA (K=20/20),4,periodavg_0873-0875,44.360000,-14.3852,3.8220,91.5006,78.8996,12.6010
NLMS-PCA (K=20/20),4,periodavg_0873-0875,44.400000,-12.9530,9.3115,84.9389,78.8996,6.0393
NLMS-PCA (K=20/20),4,periodavg_0873-0875,44.453333,-13.2117,2.4879,90.0077,78.8996,11.1081
NLMS-PCA (K=20/20),4,periodavg_0873-0875,44.506667,-13.6072,4.7125,86.7845,78.8996,7.8849
NLMS-PCA (K=20/20),4,periodavg_0873-0875,44.560000,-13.3923,5.3420,90.2880,78.8996,11.3884
NLMS-PCA (K=20/20),4,periodavg_0873-0875,44.600000,-12.0704,5.5079,90.0063,78.8996,11.1067
NLMS-PCA (K=20/20),4,periodavg_0873-0875,44.653333,-13.8324,3.8723,90.0024,78.8996,11.1028
NLMS-PCA (K=20/20),4,periodavg_0873-0875,44.706667,-13.9484,4.5296,89.1294,78.8996,10.2298
NLMS-PCA (K=20/20),4,periodavg_0873-0875,44.760000,-13.7927,3.5286,90.9169,78.8996,12.0173
NLMS-PCA (K=20/20),4,periodavg_0873-0875,44.800000,-13.9531,5.3238,90.0291,78.8996,11.1295
NLMS-PCA (K=20/20),4,periodavg_0873-0875,44.853333,-12.0213,6.0955,80.7992,78.8996,1.8996
NLMS-PCA (K=20/20),4,periodavg_0873-0875,44.906667,-13.5057,3.8600,89.8154,78.8996,10.9158
NLMS-PCA (K=20/20),4,periodavg_0873-0875,44.960000,-14.7360,6.8184,91.3872,78.8996,12.4876
NLMS-PCA (K=20/20),4,periodavg_0873-0875,45.000000,-14.0917,5.4492,90.8894,78.8996,11.9898
NLMS-PCA (K=20/20),4,periodavg_0873-0875,45.053333,-12.9171,6.4636,91.1582,78.8996,12.2586
NLMS-PCA (K=20/20),4,periodavg_0873-0875,45.106667,-14.8340,4.5843,91.6590,78.8996,12.7594
NLMS-PCA (K=20/20),4,periodavg_0873-0875,45.160000,-14.9411,5.6425,91.7593,78.8996,12.8597
NLMS-PCA (K=20/20),4,periodavg_0873-0875,45.200000,-13.5900,4.3176,91.7703,78.8996,12.8707
NLMS-PCA (K=20/20),4,periodavg_0873-0875,45.253333,-13.9863,4.2755,84.5194,78.8996,5.6198
NLMS-PCA (K=20/20),4,periodavg_0873-0875,45.306667,-14.2473,5.7714,90.8289,78.8996,11.9293
NLMS-PCA (K=20/20),4,periodavg_0873-0875,45.360000,-14.7127,6.0895,91.5220,78.8996,12.6224
NLMS-PCA (K=20/20),4,periodavg_0873-0875,45.400000,-14.6696,4.9557,91.4898,78.8996,12.5902
NLMS-PCA (K=20/20),4,periodavg_0873-0875,45.453333,-13.3118,6.4032,85.1013,78.8996,6.2017
NLMS-PCA (K=20/20),4,periodavg_0873-0875,45.506667,-13.9841,6.4305,88.1738,78.8996,9.2742
NLMS-PCA (K=20/20),4,periodavg_0873-0875,45.560000,-14.6080,5.1923,90.8194,78.8996,11.9198
NLMS-PCA (K=20/20),4,periodavg_0873-0875,45.600000,-14.0519,6.2912,90.7576,78.8996,11.8580
NLMS-PCA (K=20/20),4,periodavg_0873-0875,45.653333,-13.1861,5.3456,91.0680,78.8996,12.1684
NLMS-PCA (K=20/20),4,periodavg_0873-0875,45.706667,-14.1180,5.7741,88.8300,78.8996,9.9304
NLMS-PCA (K=20/20),4,periodavg_0873-0875,45.760000,-14.5017,5.1003,90.7010,78.8996,11.8014
NLMS-PCA (K=20/20),4,periodavg_0873-0875,45.800000,-13.6235,4.6607,90.2281,78.8996,11.3285
NLMS-PCA (K=20/20),4,periodavg_0873-0875,45.853333,-13.8901,5.9969,86.9901,78.8996,8.0905
NLMS-PCA (K=20/20),4,periodavg_0873-0875,45.906667,-14.4319,4.6289,91.1215,78.8996,12.2219
NLMS-PCA (K=20/20),4,periodavg_0873-0875,45.960000,-10.1237,6.6690,81.9994,78.8996,3.0998
NLMS-PCA (K=20/20),4,periodavg_0873-0875,46.000000,-12.2962,3.4035,85.9897,78.8996,7.0901
NLMS-PCA (K=20/20),4,periodavg_0873-0875,46.053333,-12.5345,4.5552,82.2361,78.8996,3.3365
NLMS-PCA (K=20/20),4,periodavg_0873-0875,46.106667,-14.2809,5.3040,91.0344,78.8996,12.1348
NLMS-PCA (K=20/20),4,periodavg_0873-0875,46.160000,-14.4447,5.6107,90.9637,78.8996,12.0641
NLMS-PCA (K=20/20),4,periodavg_0873-0875,46.200000,-13.5540,4.9161,86.6079,78.8996,7.7083
NLMS-PCA (K=20/20),4,periodavg_0873-0875,46.253333,-14.1791,5.3584,90.8987,78.8996,11.9991
NLMS-PCA (K=20/20),4,periodavg_0873-0875,46.306667,-11.9479,4.4313,84.0855,78.8996,5.1859
NLMS-PCA (K=20/20),4,periodavg_0873-0875,46.360000,-13.6553,5.1223,90.0638,78.8996,11.1642
NLMS-PCA (K=20/20),4,periodavg_0873-0875,46.400000,-13.5595,6.2287,86.6030,78.8996,7.7034
NLMS-PCA (K=20/20),4,periodavg_0873-0875,46.453333,-14.0134,5.8714,89.7944,78.8996,10.8948
NLMS-PCA (K=20/20),4,periodavg_0873-0875,46.506667,-13.9674,5.2663,89.3398,78.8996,10.4402
NLMS-PCA (K=20/20),4,periodavg_0873-0875,46.560000,-12.3245,7.0663,84.4997,78.8996,5.6001
NLMS-PCA (K=20/20),4,periodavg_0873-0875,46.600000,-14.5652,2.9517,91.3401,78.8996,12.4405
NLMS-PCA (K=20/20),4,periodavg_0873-0875,46.653333,-14.2193,4.0066,90.9764,78.8996,12.0768
NLMS-PCA (K=20/20),4,periodavg_0873-0875,46.706667,-13.4845,7.4307,90.8690,78.8996,11.9694
NLMS-PCA (K=20/20),4,periodavg_0873-0875,46.760000,-13.4713,5.8248,90.8810,78.8996,11.9814
NLMS-PCA (K=20/20),4,periodavg_0873-0875,46.800000,-13.7220,6.8710,89.1461,78.8996,10.2465
NLMS-PCA (K=20/20),4,periodavg_0873-0875,46.853333,-13.8002,5.7929,86.6172,78.8996,7.7176
NLMS-PCA (K=20/20),4,periodavg_0873-0875,46.906667,-12.9207,4.8987,85.8376,78.8996,6.9380
NLMS-PCA (K=20/20),4,periodavg_0873-0875,46.960000,-14.1364,3.1477,91.3975,78.8996,12.4979
NLMS-PCA (K=20/20),4,periodavg_0873-0875,47.000000,-13.6546,6.2277,90.8739,78.8996,11.9743
NLMS-PCA (K=20/20),4,periodavg_0873-0875,47.053333,-12.4924,4.2275,89.7528,78.8996,10.8532
NLMS-PCA (K=20/20),4,periodavg_0873-0875,47.106667,-12.4708,4.4776,89.5597,78.8996,10.6601
NLMS-PCA (K=20/20),4,periodavg_0873-0875,47.160000,-12.3492,5.0880,84.5141,78.8996,5.6145
NLMS-PCA (K=20/20),4,periodavg_0873-0875,47.200000,-13.6115,8.4103,87.6261,78.8996,8.7265
NLMS-PCA (K=20/20),4,periodavg_0873-0875,47.253333,-12.7643,4.6613,87.9939,78.8996,9.0943
NLMS-PCA (K=20/20),4,periodavg_0873-0875,47.306667,-13.8301,4.8890,90.3217,78.8996,11.4221
NLMS-PCA (K=20/20),4,periodavg_0873-0875,47.360000,-13.5713,5.6585,86.0140,78.8996,7.1144
NLMS-PCA (K=20/20),4,periodavg_0873-0875,47.400000,-13.7767,5.3500,90.6653,78.8996,11.7657
NLMS-PCA (K=20/20),4,periodavg_0873-0875,47.453333,-14.1107,4.6173,90.3734,78.8996,11.4738
NLMS-PCA (K=20/20),4,periodavg_0873-0875,47.506667,-14.1486,4.2352,91.3227,78.8996,12.4231
NLMS-PCA (K=20/20),4,periodavg_0873-0875,47.560000,-14.0237,6.3231,90.7274,78.8996,11.8278
NLMS-PCA (K=20/20),4,periodavg_0873-0875,47.600000,-13.8584,5.4929,90.2868,78.8996,11.3872
NLMS-PCA (K=20/20),4,periodavg_0873-0875,47.653333,-13.6675,3.2576,90.2900,78.8996,11.3904
NLMS-PCA (K=20/20),4,periodavg_0873-0875,47.706667,-12.8245,5.6625,88.9849,78.8996,10.0853
NLMS-PCA (K=20/20),4,periodavg_0873-0875,47.760000,-13.7450,3.8497,89.8562,78.8996,10.9566
NLMS-PCA (K=20/20),4,periodavg_0873-0875,47.800000,-13.7981,4.1093,87.8438,78.8996,8.9442
NLMS-PCA (K=20/20),4,periodavg_0873-0875,47.853333,-14.1344,5.2289,90.4455,78.8996,11.5459
NLMS-PCA (K=20/20),4,periodavg_0873-0875,47.906667,-13.7471,6.3631,90.6480,78.8996,11.7484
NLMS-PCA (K=20/20),4,periodavg_0873-0875,47.960000,-14.0532,3.9501,90.6252,78.8996,11.7256
NLMS-PCA (K=20/20),4,periodavg_0873-0875,48.000000,-13.1117,4.5800,89.8937,78.8996,10.9941
NLMS-PCA (K=20/20),4,periodavg_0873-0875,48.053333,-13.2508,5.0234,89.7504,78.8996,10.8508
NLMS-PCA (K=20/20),4,periodavg_0873-0875,48.106667,-13.9300,5.9783,90.0307,78.8996,11.1311
NLMS-PCA (K=20/20),4,periodavg_0873-0875,48.160000,-13.6626,4.3539,88.3809,78.8996,9.4813
NLMS-PCA (K=20/20),4,periodavg_0873-0875,48.200000,-14.5646,6.5458,91.0941,78.8996,12.1945
NLMS-PCA (K=20/20),4,periodavg_0873-0875,48.253333,-14.3670,5.4587,91.1070,78.8996,12.2074
NLMS-PCA (K=20/20),4,periodavg_0873-0875,48.306667,-14.2221,4.7091,90.7203,78.8996,11.8207
NLMS-PCA (K=20/20),4,periodavg_0873-0875,48.360000,-13.8176,4.4185,87.5783,78.8996,8.6787
NLMS-PCA (K=20/20),4,periodavg_0873-0875,48.400000,-13.9173,6.3280,86.1394,78.8996,7.2398
NLMS-PCA (K=20/20),4,periodavg_0873-0875,48.453333,-14.2100,7.5138,89.8767,78.8996,10.9771
NLMS-PCA (K=20/20),4,periodavg_0873-0875,48.506667,-14.1910,4.8599,90.5484,78.8996,11.6488
NLMS-PCA (K=20/20),4,periodavg_0873-0875,48.560000,-13.7385,4.6040,85.8726,78.8996,6.9730
NLMS-PCA (K=20/20),4,periodavg_0873-0875,48.600000,-12.8712,5.1035,81.9441,78.8996,3.0445
NLMS-PCA (K=20/20),4,periodavg_0873-0875,48.653333,-15.1972,4.3557,91.7551,78.8996,12.8555
NLMS-PCA (K=20/20),4,periodavg_0873-0875,48.706667,-14.4563,6.8393,88.5851,78.8996,9.6855
NLMS-PCA (K=20/20),4,periodavg_0873-0875,48.760000,-13.8182,5.0276,83.5696,78.8996,4.6700
NLMS-PCA (K=20/20),4,periodavg_0873-0875,48.800000,-14.2595,5.1773,87.8672,78.8996,8.9676
NLMS-PCA (K=20/20),4,periodavg_0873-0875,48.853333,-14.8593,5.7879,91.3977,78.8996,12.4981
NLMS-PCA (K=20/20),4,periodavg_0873-0875,48.906667,-14.4629,6.3009,91.6689,78.8996,12.7693
NLMS-PCA (K=20/20),4,periodavg_0873-0875,48.960000,-13.7777,4.1812,91.1710,78.8996,12.2714
NLMS-PCA (K=20/20),4,periodavg_0873-0875,49.000000,-14.6526,5.7864,87.7036,78.8996,8.8040
NLMS-PCA (K=20/20),4,periodavg_0873-0875,49.053333,-14.3808,5.7795,91.2890,78.8996,12.3894
NLMS-PCA (K=20/20),4,periodavg_0873-0875,49.106667,-14.2064,6.0809,90.1066,78.8996,11.2070
NLMS-PCA (K=20/20),4,periodavg_0873-0875,49.160000,-14.4179,4.3520,91.4190,78.8996,12.5194
NLMS-PCA (K=20/20),4,periodavg_0873-0875,49.200000,-14.6415,6.3377,91.8065,78.8996,12.9069
NLMS-PCA (K=20/20),4,periodavg_0873-0875,49.253333,-14.0433,4.8369,88.5612,78.8996,9.6616
NLMS-PCA (K=20/20),4,periodavg_0873-0875,49.306667,-13.7539,4.3476,88.7713,78.8996,9.8717
NLMS-PCA (K=20/20),4,periodavg_0873-0875,49.360000,-13.9261,4.8422,91.0595,78.8996,12.1599
NLMS-PCA (K=20/20),4,periodavg_0873-0875,49.400000,-12.0799,5.7765,80.4009,78.8996,1.5013
NLMS-PCA (K=20/20),4,periodavg_0873-0875,49.453333,-14.5582,4.3103,89.0796,78.8996,10.1800
NLMS-PCA (K=20/20),4,periodavg_0873-0875,49.506667,-13.5777,5.7569,90.7915,78.8996,11.8919
NLMS-PCA (K=20/20),4,periodavg_0873-0875,49.560000,-14.5999,4.8919,91.0066,78.8996,12.1070
NLMS-PCA (K=20/20),4,periodavg_0873-0875,49.600000,-14.6363,5.8886,91.2260,78.8996,12.3264
NLMS-PCA (K=20/20),4,periodavg_0873-0875,49.653333,-13.9005,4.8426,89.5554,78.8996,10.6558
NLMS-PCA (K=20/20),4,periodavg_0873-0875,49.706667,-14.7638,6.5112,91.7352,78.8996,12.8356
NLMS-PCA (K=20/20),4,periodavg_0873-0875,49.760000,-13.1821,6.0943,83.5340,78.8996,4.6344
NLMS-PCA (K=20/20),4,periodavg_0873-0875,49.800000,-13.8860,6.5653,85.4766,78.8996,6.5770
NLMS-PCA (K=20/20),4,periodavg_0873-0875,49.853333,-13.2661,5.6626,91.0895,78.8996,12.1899
NLMS-PCA (K=20/20),4,periodavg_0873-0875,49.906667,-14.2958,4.6882,91.2329,78.8996,12.3333
NLMS-PCA (K=20/20),4,periodavg_0873-0875,49.960000,-14.6150,5.4163,90.7610,78.8996,11.8614
NLMS-PCA (K=20/20),4,periodavg_0873-0875,50.000000,-14.4577,5.5728,90.0775,78.8996,11.1779
NLMS-PCA (K=20/20),5,periodavg_0555-0557,50.013333,8.8238,-1.6737,80.0107,83.8249,-3.8142
NLMS-PCA (K=20/20),5,periodavg_0555-0557,50.053333,8.2779,0.2591,79.9068,83.8249,-3.9181
NLMS-PCA (K=20/20),5,periodavg_0555-0557,50.106667,7.2541,-0.0788,80.2915,83.8249,-3.5334
NLMS-PCA (K=20/20),5,periodavg_0555-0557,50.160000,6.8727,1.9633,80.6844,83.8249,-3.1406
NLMS-PCA (K=20/20),5,periodavg_0555-0557,50.200000,6.5719,1.5579,80.9953,83.8249,-2.8296
NLMS-PCA (K=20/20),5,periodavg_0555-0557,50.253333,6.4432,0.7766,80.3348,83.8249,-3.4901
NLMS-PCA (K=20/20),5,periodavg_0555-0557,50.306667,5.9909,1.9638,80.5962,83.8249,-3.2287
NLMS-PCA (K=20/20),5,periodavg_0555-0557,50.360000,5.9091,0.3248,80.5422,83.8249,-3.2827
NLMS-PCA (K=20/20),5,periodavg_0555-0557,50.400000,5.6429,2.5192,80.7872,83.8249,-3.0377
NLMS-PCA (K=20/20),5,periodavg_0555-0557,50.453333,5.5229,1.0435,80.6804,83.8249,-3.1445
NLMS-PCA (K=20/20),5,periodavg_0555-0557,50.506667,5.2521,1.9281,80.6873,83.8249,-3.1376
NLMS-PCA (K=20/20),5,periodavg_0555-0557,50.560000,5.3096,0.7226,80.7455,83.8249,-3.0794
NLMS-PCA (K=20/20),5,periodavg_0555-0557,50.600000,4.9523,1.3003,80.8530,83.8249,-2.9719
NLMS-PCA (K=20/20),5,periodavg_0555-0557,50.653333,4.6903,2.5393,81.5203,83.8249,-2.3046
NLMS-PCA (K=20/20),5,periodavg_0555-0557,50.706667,4.3435,1.5694,81.7547,83.8249,-2.0702
NLMS-PCA (K=20/20),5,periodavg_0555-0557,50.760000,4.1845,3.0438,81.4929,83.8249,-2.3320
NLMS-PCA (K=20/20),5,periodavg_0555-0557,50.800000,4.0087,1.0490,82.2213,83.8249,-1.6036
NLMS-PCA (K=20/20),5,periodavg_0555-0557,50.853333,5.2825,2.9530,82.1955,83.8249,-1.6294
NLMS-PCA (K=20/20),5,periodavg_0555-0557,50.906667,3.7319,2.5062,82.2800,83.8249,-1.5449
NLMS-PCA (K=20/20),5,periodavg_0555-0557,50.960000,3.6175,0.6334,83.1388,83.8249,-0.6861
NLMS-PCA (K=20/20),5,periodavg_0555-0557,51.000000,3.4695,4.1052,83.4580,83.8249,-0.3669
NLMS-PCA (K=20/20),5,periodavg_0555-0557,51.053333,3.0633,1.8659,83.3050,83.8249,-0.5199
NLMS-PCA (K=20/20),5,periodavg_0555-0557,51.106667,3.6691,5.0759,82.7557,83.8249,-1.0692
NLMS-PCA (K=20/20),5,periodavg_0555-0557,51.160000,2.9782,1.5502,83.1366,83.8249,-0.6883
NLMS-PCA (K=20/20),5,periodavg_0555-0557,51.200000,2.5505,0.1241,83.4887,83.8249,-0.3362
NLMS-PCA (K=20/20),5,periodavg_0555-0557,51.253333,3.1959,4.0636,83.7454,83.8249,-0.0796
NLMS-PCA (K=20/20),5,periodavg_0555-0557,51.306667,3.0130,2.3005,84.8654,83.8249,1.0405
NLMS-PCA (K=20/20),5,periodavg_0555-0557,51.360000,1.9974,2.0894,84.5176,83.8249,0.6927
NLMS-PCA (K=20/20),5,periodavg_0555-0557,51.400000,2.2179,4.6770,85.6220,83.8249,1.7970
NLMS-PCA (K=20/20),5,periodavg_0555-0557,51.453333,1.5027,1.9575,84.6528,83.8249,0.8278
NLMS-PCA (K=20/20),5,periodavg_0555-0557,51.506667,1.2163,1.0693,85.2780,83.8249,1.4530
NLMS-PCA (K=20/20),5,periodavg_0555-0557,51.560000,1.0534,1.0433,85.7534,83.8249,1.9285
NLMS-PCA (K=20/20),5,periodavg_0555-0557,51.600000,0.7372,1.5658,85.5213,83.8249,1.6964
NLMS-PCA (K=20/20),5,periodavg_0555-0557,51.653333,0.6458,1.4458,84.8981,83.8249,1.0731
NLMS-PCA (K=20/20),5,periodavg_0555-0557,51.706667,0.2854,1.7405,85.0801,83.8249,1.2552
NLMS-PCA (K=20/20),5,periodavg_0555-0557,51.760000,0.4243,2.1995,85.1450,83.8249,1.3201
NLMS-PCA (K=20/20),5,periodavg_0555-0557,51.800000,1.4358,4.7455,82.9756,83.8249,-0.8493
NLMS-PCA (K=20/20),5,periodavg_0555-0557,51.853333,0.1033,2.5048,86.1680,83.8249,2.3431
NLMS-PCA (K=20/20),5,periodavg_0555-0557,51.906667,0.4180,1.3561,84.8122,83.8249,0.9873
NLMS-PCA (K=20/20),5,periodavg_0555-0557,51.960000,1.8800,0.9953,79.2173,83.8249,-4.6077
NLMS-PCA (K=20/20),5,periodavg_0555-0557,52.000000,-0.3584,0.1091,86.2838,83.8249,2.4589
NLMS-PCA (K=20/20),5,periodavg_0555-0557,52.053333,0.5785,2.3312,83.6607,83.8249,-0.1642
NLMS-PCA (K=20/20),5,periodavg_0555-0557,52.106667,-0.5109,2.0466,85.6533,83.8249,1.8284
NLMS-PCA (K=20/20),5,periodavg_0555-0557,52.160000,-0.3791,2.6912,86.9265,83.8249,3.1016
NLMS-PCA (K=20/20),5,periodavg_0555-0557,52.200000,0.8875,1.9550,86.1566,83.8249,2.3317
NLMS-PCA (K=20/20),5,periodavg_0555-0557,52.253333,-1.0586,0.5865,86.7649,83.8249,2.9400
NLMS-PCA (K=20/20),5,periodavg_0555-0557,52.306667,0.2831,3.4815,81.6468,83.8249,-2.1781
NLMS-PCA (K=20/20),5,periodavg_0555-0557,52.360000,-1.0814,0.2605,86.6976,83.8249,2.8727
NLMS-PCA (K=20/20),5,periodavg_0555-0557,52.400000,0.0043,3.0795,81.3031,83.8249,-2.5218
NLMS-PCA (K=20/20),5,periodavg_0555-0557,52.453333,-0.7087,2.9686,86.9950,83.8249,3.1701
NLMS-PCA (K=20/20),5,periodavg_0555-0557,52.506667,-1.8854,3.1279,87.5158,83.8249,3.6909
NLMS-PCA (K=20/20),5,periodavg_0555-0557,52.560000,-1.0627,3.0006,84.9880,83.8249,1.1631
NLMS-PCA (K=20/20),5,periodavg_0555-0557,52.600000,-1.6163,2.2375,88.1403,83.8249,4.3154
NLMS-PCA (K=20/20),5,periodavg_0555-0557,52.653333,-2.6016,0.8669,87.9608,83.8249,4.1359
NLMS-PCA (K=20/20),5,periodavg_0555-0557,52.706667,-1.7059,2.9124,82.7131,83.8249,-1.1118
NLMS-PCA (K=20/20),5,periodavg_0555-0557,52.760000,-0.0216,1.0850,82.7078,83.8249,-1.1171
NLMS-PCA (K=20/20),5,periodavg_0555-0557,52.800000,-2.8104,0.7747,87.2254,83.8249,3.4004
NLMS-PCA (K=20/20),5,periodavg_0555-0557,52.853333,-1.2773,3.5888,86.7089,83.8249,2.8840
NLMS-PCA (K=20/20),5,periodavg_0555-0557,52.906667,-1.6163,-0.3284,86.6439,83.8249,2.8190
NLMS-PCA (K=20/20),5,periodavg_0555-0557,52.960000,-2.6516,2.3045,88.3229,83.8249,4.4980
NLMS-PCA (K=20/20),5,periodavg_0555-0557,53.000000,-2.2991,0.8165,84.2276,83.8249,0.4026
NLMS-PCA (K=20/20),5,periodavg_0555-0557,53.053333,-2.3978,4.0181,88.0485,83.8249,4.2236
NLMS-PCA (K=20/20),5,periodavg_0555-0557,53.106667,-3.2049,0.7450,89.0794,83.8249,5.2545
NLMS-PCA (K=20/20),5,periodavg_0555-0557,53.160000,-1.6820,3.4197,83.8077,83.8249,-0.0172
NLMS-PCA (K=20/20),5,periodavg_0555-0557,53.200000,-2.0485,1.6894,86.9789,83.8249,3.1540
NLMS-PCA (K=20/20),5,periodavg_0555-0557,53.253333,-3.1811,1.5114,88.0480,83.8249,4.2231
NLMS-PCA (K=20/20),5,periodavg_0555-0557,53.306667,-2.7850,3.9207,88.3436,83.8249,4.5187
NLMS-PCA (K=20/20),5,periodavg_0555-0557,53.360000,-3.6347,2.7169,88.4665,83.8249,4.6416
NLMS-PCA (K=20/20),5,periodavg_0555-0557,53.400000,-0.2698,3.6440,82.3417,83.8249,-1.4832
NLMS-PCA (K=20/20),5,periodavg_0555-0557,53.453333,-3.0362,1.7182,85.6704,83.8249,1.8455
NLMS-PCA (K=20/20),5,periodavg_0555-0557,53.506667,-1.6207,2.2681,83.7926,83.8249,-0.0324
NLMS-PCA (K=20/20),5,periodavg_0555-0557,53.560000,-2.5186,1.9725,87.3732,83.8249,3.5483
NLMS-PCA (K=20/20),5,periodavg_0555-0557,53.600000,-2.9955,0.8534,88.0193,83.8249,4.1944
NLMS-PCA (K=20/20),5,periodavg_0555-0557,53.653333,-2.8426,2.6131,87.2508,83.8249,3.4259
NLMS-PCA (K=20/20),5,periodavg_0555-0557,53.706667,-2.5241,1.5488,87.6537,83.8249,3.8288
NLMS-PCA (K=20/20),5,periodavg_0555-0557,53.760000,-2.3567,3.2934,87.1772,83.8249,3.3523
NLMS-PCA (K=20/20),5,periodavg_0555-0557,53.800000,-2.1850,2.2764,87.2686,83.8249,3.4436
NLMS-PCA (K=20/20),5,periodavg_0555-0557,53.853333,-3.2926,2.2039,88.5100,83.8249,4.6851
NLMS-PCA (K=20/20),5,periodavg_0555-0557,53.906667,-0.6210,1.9050,78.4060,83.8249,-5.4190
NLMS-PCA (K=20/20),5,periodavg_0555-0557,53.960000,-3.9979,1.4476,89.1600,83.8249,5.3351
NLMS-PCA (K=20/20),5,periodavg_0555-0557,54.000000,-2.2520,3.1273,89.0150,83.8249,5.1901
NLMS-PCA (K=20/20),5,periodavg_0555-0557,54.053333,-3.3075,3.0163,89.8939,83.8249,6.0690
NLMS-PCA (K=20/20),5,periodavg_0555-0557,54.106667,-1.9720,1.0349,87.0946,83.8249,3.2697
NLMS-PCA (K=20/20),5,periodavg_0555-0557,54.160000,-2.7710,1.6691,85.0384,83.8249,1.2135
NLMS-PCA (K=20/20),5,periodavg_0555-0557,54.200000,-2.8444,2.1200,83.5705,83.8249,-0.2545
NLMS-PCA (K=20/20),5,periodavg_0555-0557,54.253333,-3.1169,3.4481,88.5834,83.8249,4.7584
NLMS-PCA (K=20/20),5,periodavg_0555-0557,54.306667,-2.2033,1.6237,89.2794,83.8249,5.4544
NLMS-PCA (K=20/20),5,periodavg_0555-0557,54.360000,-3.3857,4.3234,90.8441,83.8249,7.0192
NLMS-PCA (K=20/20),5,periodavg_0555-0557,54.400000,-4.0473,2.3056,88.6446,83.8249,4.8196
NLMS-PCA (K=20/20),5,periodavg_0555-0557,54.453333,-0.7789,2.8317,78.6542,83.8249,-5.1707
NLMS-PCA (K=20/20),5,periodavg_0555-0557,54.506667,-5.2205,2.1954,90.5548,83.8249,6.7299
NLMS-PCA (K=20/20),5,periodavg_0555-0557,54.560000,-4.6792,1.7143,88.0512,83.8249,4.2263
NLMS-PCA (K=20/20),5,periodavg_0555-0557,54.600000,-5.1409,0.3280,91.1025,83.8249,7.2776
NLMS-PCA (K=20/20),5,periodavg_0555-0557,54.653333,-4.0880,3.3539,85.7566,83.8249,1.9316
NLMS-PCA (K=20/20),5,periodavg_0555-0557,54.706667,-4.5984,2.6528,92.0575,83.8249,8.2326
NLMS-PCA (K=20/20),5,periodavg_0555-0557,54.760000,-2.5799,2.2512,80.6348,83.8249,-3.1901
NLMS-PCA (K=20/20),5,periodavg_0555-0557,54.800000,-4.7291,0.4062,85.1863,83.8249,1.3614
NLMS-PCA (K=20/20),5,periodavg_0555-0557,54.853333,-4.3271,3.2268,88.6645,83.8249,4.8396
NLMS-PCA (K=20/20),5,periodavg_0555-0557,54.906667,-2.4329,2.7282,83.1999,83.8249,-0.6250
NLMS-PCA (K=20/20),5,periodavg_0555-0557,54.960000,-4.3996,1.9473,91.9157,83.8249,8.0907
NLMS-PCA (K=20/20),5,periodavg_0555-0557,55.000000,-1.4654,2.6089,81.2690,83.8249,-2.5559
NLMS-PCA (K=20/20),5,periodavg_0555-0557,55.053333,-2.9581,-0.3116,81.1177,83.8249,-2.7072
NLMS-PCA (K=20/20),5,periodavg_0555-0557,55.106667,-5.6631,1.2472,93.5945,83.8249,9.7696
NLMS-PCA (K=20/20),5,periodavg_0555-0557,55.160000,-5.0814,2.1067,89.8699,83.8249,6.0450
NLMS-PCA (K=20/20),5,periodavg_0555-0557,55.200000,-4.7180,2.4002,87.1993,83.8249,3.3743
NLMS-PCA (K=20/20),5,periodavg_0555-0557,55.253333,-5.0074,0.9181,91.4695,83.8249,7.6446
NLMS-PCA (K=20/20),5,periodavg_0555-0557,55.306667,-5.4225,2.3754,92.7268,83.8249,8.9019
NLMS-PCA (K=20/20),5,periodavg_0555-0557,55.360000,-3.4616,1.8385,90.0478,83.8249,6.2229
NLMS-PCA (K=20/20),5,periodavg_0555-0557,55.400000,-4.8944,0.5412,90.1256,83.8249,6.3007
NLMS-PCA (K=20/20),5,periodavg_0555-0557,55.453333,-3.5775,2.0982,86.2699,83.8249,2.4450
NLMS-PCA (K=20/20),5,periodavg_0555-0557,55.506667,-3.7121,3.4977,85.8056,83.8249,1.9807
NLMS-PCA (K=20/20),5,periodavg_0555-0557,55.560000,-4.6938,2.1104,89.2852,83.8249,5.4603
NLMS-PCA (K=20/20),5,periodavg_0555-0557,55.600000,-3.1340,2.0209,85.9209,83.8249,2.0960
NLMS-PCA (K=20/20),5,periodavg_0555-0557,55.653333,-5.5829,2.4576,90.9017,83.8249,7.0768
NLMS-PCA (K=20/20),5,periodavg_0555-0557,55.706667,-4.6223,2.1928,85.6922,83.8249,1.8673
NLMS-PCA (K=20/20),5,periodavg_0555-0557,55.760000,-4.0071,1.8554,84.6980,83.8249,0.8731
NLMS-PCA (K=20/20),5,periodavg_0555-0557,55.800000,-5.1062,1.6130,90.8164,83.8249,6.9915
NLMS-PCA (K=20/20),5,periodavg_0555-0557,55.853333,-3.8090,2.4402,84.9511,83.8249,1.1262
NLMS-PCA (K=20/20),5,periodavg_0555-0557,55.906667,-6.1916,0.6550,90.0273,83.8249,6.2024
NLMS-PCA (K=20/20),5,periodavg_0555-0557,55.960000,-6.2501,4.6400,91.4058,83.8249,7.5808
NLMS-PCA (K=20/20),5,periodavg_0555-0557,56.000000,-4.4985,3.7434,92.5165,83.8249,8.6916
NLMS-PCA (K=20/20),5,periodavg_0555-0557,56.053333,-6.2867,1.6198,87.3745,83.8249,3.5496
NLMS-PCA (K=20/20),5,periodavg_0555-0557,56.106667,-5.3238,1.6439,87.9338,83.8249,4.1089
NLMS-PCA (K=20/20),5,periodavg_0555-0557,56.160000,-7.0689,2.3125,92.6939,83.8249,8.8690
NLMS-PCA (K=20/20),5,periodavg_0555-0557,56.200000,-4.8707,4.7790,92.2912,83.8249,8.4663
NLMS-PCA (K=20/20),5,periodavg_0555-0557,56.253333,-6.7723,1.9720,92.6526,83.8249,8.8277
NLMS-PCA (K=20/20),5,periodavg_0555-0557,56.306667,-6.9619,3.2393,92.8430,83.8249,9.0181
NLMS-PCA (K=20/20),5,periodavg_0555-0557,56.360000,-5.8447,2.0881,90.6694,83.8249,6.8445
NLMS-PCA (K=20/20),5,periodavg_0555-0557,56.400000,-4.5573,3.4631,87.8029,83.8249,3.9780
NLMS-PCA (K=20/20),5,periodavg_0555-0557,56.453333,-6.1095,1.9015,92.9108,83.8249,9.0859
NLMS-PCA (K=20/20),5,periodavg_0555-0557,56.506667,-4.1620,0.9250,82.5656,83.8249,-1.2594
NLMS-PCA (K=20/20),5,periodavg_0555-0557,56.560000,-3.0049,1.7472,83.0204,83.8249,-0.8046
NLMS-PCA (K=20/20),5,periodavg_0555-0557,56.600000,-3.4364,2.4015,83.2082,83.8249,-0.6167
NLMS-PCA (K=20/20),5,periodavg_0555-0557,56.653333,-2.8963,3.7610,80.9440,83.8249,-2.8809
NLMS-PCA (K=20/20),5,periodavg_0555-0557,56.706667,-6.5278,2.4461,90.4513,83.8249,6.6263
NLMS-PCA (K=20/20),5,periodavg_0555-0557,56.760000,-5.5643,3.1044,89.8460,83.8249,6.0211
NLMS-PCA (K=20/20),5,periodavg_0555-0557,56.800000,-4.1955,2.8226,85.9601,83.8249,2.1352
NLMS-PCA (K=20/20),5,periodavg_0555-0557,56.853333,-4.6913,1.1303,84.6313,83.8249,0.8063
NLMS-PCA (K=20/20),5,periodavg_0555-0557,56.906667,-5.2385,1.6396,89.3676,83.8249,5.5427
NLMS-PCA (K=20/20),5,periodavg_0555-0557,56.960000,-5.2406,3.3951,88.5239,83.8249,4.6990
NLMS-PCA (K=20/20),5,periodavg_0555-0557,57.000000,-5.6172,2.4416,90.5630,83.8249,6.7381
NLMS-PCA (K=20/20),5,periodavg_0555-0557,57.053333,-4.3968,1.2921,87.4551,83.8249,3.6302
NLMS-PCA (K=20/20),5,periodavg_0555-0557,57.106667,-4.9856,2.7404,90.6523,83.8249,6.8273
NLMS-PCA (K=20/20),5,periodavg_0555-0557,57.160000,-5.9366,1.7164,91.0232,83.8249,7.1983
NLMS-PCA (K=20/20),5,periodavg_0555-0557,57.200000,-4.3319,1.4287,88.5682,83.8249,4.7433
NLMS-PCA (K=20/20),5,periodavg_0555-0557,57.253333,-6.2975,2.6082,91.8935,83.8249,8.0685
NLMS-PCA (K=20/20),5,periodavg_0555-0557,57.306667,-6.5840,0.9484,92.9442,83.8249,9.1193
NLMS-PCA (K=20/20),5,periodavg_0555-0557,57.360000,-5.7946,2.5069,90.9581,83.8249,7.1332
NLMS-PCA (K=20/20),5,periodavg_0555-0557,57.400000,-4.3791,5.5740,88.4542,83.8249,4.6293
NLMS-PCA (K=20/20),5,periodavg_0555-0557,57.453333,-5.1298,5.8228,88.5906,83.8249,4.7657
NLMS-PCA (K=20/20),5,periodavg_0555-0557,57.506667,-5.0768,3.9910,85.6489,83.8249,1.8240
NLMS-PCA (K=20/20),5,periodavg_0555-0557,57.560000,-6.5029,-0.4272,88.0926,83.8249,4.2677
NLMS-PCA (K=20/20),5,periodavg_0555-0557,57.600000,-6.4124,2.2047,92.3484,83.8249,8.5235
NLMS-PCA (K=20/20),5,periodavg_0555-0557,57.653333,-4.7846,1.7048,83.7187,83.8249,-0.1062
NLMS-PCA (K=20/20),5,periodavg_0555-0557,57.706667,-6.9294,2.4092,90.3098,83.8249,6.4848
NLMS-PCA (K=20/20),5,periodavg_0555-0557,57.760000,-4.4960,1.3586,84.5577,83.8249,0.7328
NLMS-PCA (K=20/20),5,periodavg_0555-0557,57.800000,-5.3571,3.7515,88.3762,83.8249,4.5513
NLMS-PCA (K=20/20),5,periodavg_0555-0557,57.853333,-5.1020,0.8169,88.6132,83.8249,4.7883
NLMS-PCA (K=20/20),5,periodavg_0555-0557,57.906667,-4.1786,2.8069,88.2175,83.8249,4.3926
NLMS-PCA (K=20/20),5,periodavg_0555-0557,57.960000,-3.5164,1.7491,82.1512,83.8249,-1.6738
NLMS-PCA (K=20/20),5,periodavg_0555-0557,58.000000,-4.7525,2.8764,84.9747,83.8249,1.1497
NLMS-PCA (K=20/20),5,periodavg_0555-0557,58.053333,-5.1664,3.9086,92.0201,83.8249,8.1952
NLMS-PCA (K=20/20),5,periodavg_0555-0557,58.106667,-3.5514,3.1841,90.6091,83.8249,6.7841
NLMS-PCA (K=20/20),5,periodavg_0555-0557,58.160000,-4.2555,1.9384,87.7359,83.8249,3.9110
NLMS-PCA (K=20/20),5,periodavg_0555-0557,58.200000,-4.6753,4.0511,88.5358,83.8249,4.7109
NLMS-PCA (K=20/20),5,periodavg_0555-0557,58.253333,-7.1115,2.6370,92.5878,83.8249,8.7628
NLMS-PCA (K=20/20),5,periodavg_0555-0557,58.306667,-5.6007,2.1047,91.1091,83.8249,7.2842
NLMS-PCA (K=20/20),5,periodavg_0555-0557,58.360000,-6.5084,4.3130,93.1273,83.8249,9.3024
NLMS-PCA (K=20/20),5,periodavg_0555-0557,58.400000,-2.2845,4.2408,85.8724,83.8249,2.0475
NLMS-PCA (K=20/20),5,periodavg_0555-0557,58.453333,-5.6568,1.1261,91.5997,83.8249,7.7747
NLMS-PCA (K=20/20),5,periodavg_0555-0557,58.506667,-3.6174,2.5839,83.6577,83.8249,-0.1672
NLMS-PCA (K=20/20),5,periodavg_0555-0557,58.560000,-5.4385,2.8554,89.5352,83.8249,5.7103
NLMS-PCA (K=20/20),5,periodavg_0555-0557,58.600000,-3.7580,3.9809,85.0422,83.8249,1.2173
NLMS-PCA (K=20/20),5,periodavg_0555-0557,58.653333,-1.0928,2.6820,79.5813,83.8249,-4.2436
NLMS-PCA (K=20/20),5,periodavg_0555-0557,58.706667,-4.9153,1.8331,86.4610,83.8249,2.6361
NLMS-PCA (K=20/20),5,periodavg_0555-0557,58.760000,-3.1232,2.1511,81.5486,83.8249,-2.2763
NLMS-PCA (K=20/20),5,periodavg_0555-0557,58.800000,-3.2105,0.8872,80.8934,83.8249,-2.9315
NLMS-PCA (K=20/20),5,periodavg_0555-0557,58.853333,-3.2054,2.4458,89.5139,83.8249,5.6890
NLMS-PCA (K=20/20),5,periodavg_0555-0557,58.906667,-2.0995,2.3988,82.1459,83.8249,-1.6790
NLMS-PCA (K=20/20),5,periodavg_0555-0557,58.960000,-5.5759,3.3714,90.2276,83.8249,6.4027
NLMS-PCA (K=20/20),5,periodavg_0555-0557,59.000000,-4.4113,1.1434,84.0055,83.8249,0.1806
NLMS-PCA (K=20/20),5,periodavg_0555-0557,59.053333,-2.9716,2.4256,81.5080,83.8249,-2.3169
NLMS-PCA (K=20/20),5,periodavg_0555-0557,59.106667,-5.4483,2.8562,84.5317,83.8249,0.7068
NLMS-PCA (K=20/20),5,periodavg_0555-0557,59.160000,-5.8606,1.7240,88.0454,83.8249,4.2205
NLMS-PCA (K=20/20),5,periodavg_0555-0557,59.200000,-4.6361,0.0145,83.5138,83.8249,-0.3111
NLMS-PCA (K=20/20),5,periodavg_0555-0557,59.253333,-6.5601,2.7264,87.0067,83.8249,3.1818
NLMS-PCA (K=20/20),5,periodavg_0555-0557,59.306667,-4.5512,4.2966,90.2541,83.8249,6.4292
NLMS-PCA (K=20/20),5,periodavg_0555-0557,59.360000,-5.2656,1.9567,92.0642,83.8249,8.2393
NLMS-PCA (K=20/20),5,periodavg_0555-0557,59.400000,-6.7327,7.4437,94.9196,83.8249,11.0947
NLMS-PCA (K=20/20),5,periodavg_0555-0557,59.453333,-6.9044,0.8908,93.1049,83.8249,9.2799
NLMS-PCA (K=20/20),5,periodavg_0555-0557,59.506667,-5.7860,1.8163,88.4132,83.8249,4.5883
NLMS-PCA (K=20/20),5,periodavg_0555-0557,59.560000,-5.5007,2.4951,90.5883,83.8249,6.7634
NLMS-PCA (K=20/20),5,periodavg_0555-0557,59.600000,-4.2274,1.3608,89.4176,83.8249,5.5927
NLMS-PCA (K=20/20),5,periodavg_0555-0557,59.653333,-4.4523,2.1002,85.1821,83.8249,1.3572
NLMS-PCA (K=20/20),5,periodavg_0555-0557,59.706667,-5.7697,0.3757,84.6090,83.8249,0.7841
NLMS-PCA (K=20/20),5,periodavg_0555-0557,59.760000,-7.7537,1.5758,95.7979,83.8249,11.9730
NLMS-PCA (K=20/20),5,periodavg_0555-0557,59.800000,-3.2443,1.9124,82.3120,83.8249,-1.5129
NLMS-PCA (K=20/20),5,periodavg_0555-0557,59.853333,-4.1878,2.8084,82.5601,83.8249,-1.2648
NLMS-PCA (K=20/20),5,periodavg_0555-0557,59.906667,-3.5457,3.3748,91.3706,83.8249,7.5457
NLMS-PCA (K=20/20),5,periodavg_0555-0557,59.960000,-5.2526,2.1156,94.3356,83.8249,10.5107
NLMS-PCA (K=20/20),5,periodavg_0555-0557,60.000000,-5.9845,2.9891,86.1012,83.8249,2.2763
"SoftPCA-F (alpha=1.00e-04, K=20/20)",0,periodavg_0837-0839,0.013333,-6.1197,3.1613,84.2169,77.2970,6.9200
"SoftPCA-F (alpha=1.00e-04, K=20/20)",0,periodavg_0837-0839,0.053333,-6.6777,3.0008,84.6557,77.2970,7.3587
"SoftPCA-F (alpha=1.00e-04, K=20/20)",0,periodavg_0837-0839,0.106667,-7.3718,3.6408,85.0396,77.2970,7.7427
"SoftPCA-F (alpha=1.00e-04, K=20/20)",0,periodavg_0837-0839,0.160000,-7.9113,3.3433,85.6555,77.2970,8.3585
"SoftPCA-F (alpha=1.00e-04, K=20/20)",0,periodavg_0837-0839,0.200000,-8.3365,3.9702,86.0114,77.2970,8.7145
"SoftPCA-F (alpha=1.00e-04, K=20/20)",0,periodavg_0837-0839,0.253333,-8.8023,2.6128,86.6669,77.2970,9.3699
"SoftPCA-F (alpha=1.00e-04, K=20/20)",0,periodavg_0837-0839,0.306667,-9.3421,3.0481,87.1481,77.2970,9.8512
"SoftPCA-F (alpha=1.00e-04, K=20/20)",0,periodavg_0837-0839,0.360000,-9.9528,3.9986,87.3754,77.2970,10.0784
"SoftPCA-F (alpha=1.00e-04, K=20/20)",0,periodavg_0837-0839,0.400000,-10.2369,3.9245,87.5274,77.2970,10.2304
"SoftPCA-F (alpha=1.00e-04, K=20/20)",0,periodavg_0837-0839,0.453333,-10.7633,2.8793,87.8502,77.2970,10.5533
"SoftPCA-F (alpha=1.00e-04, K=20/20)",0,periodavg_0837-0839,0.506667,-11.2032,4.6077,88.0550,77.2970,10.7581
"SoftPCA-F (alpha=1.00e-04, K=20/20)",0,periodavg_0837-0839,0.560000,-11.5465,4.3489,88.2613,77.2970,10.9643
"SoftPCA-F (alpha=1.00e-04, K=20/20)",0,periodavg_0837-0839,0.600000,-11.8080,3.4638,88.3233,77.2970,11.0264
"SoftPCA-F (alpha=1.00e-04, K=20/20)",0,periodavg_0837-0839,0.653333,-12.1402,5.1989,88.5509,77.2970,11.2540
"SoftPCA-F (alpha=1.00e-04, K=20/20)",0,periodavg_0837-0839,0.706667,-12.4576,5.6411,88.7191,77.2970,11.4222
"SoftPCA-F (alpha=1.00e-04, K=20/20)",0,periodavg_0837-0839,0.760000,-12.6704,3.1042,88.8330,77.2970,11.5360
"SoftPCA-F (alpha=1.00e-04, K=20/20)",0,periodavg_0837-0839,0.800000,-12.9237,5.0801,88.9961,77.2970,11.6991
"SoftPCA-F (alpha=1.00e-04, K=20/20)",0,periodavg_0837-0839,0.853333,-13.2283,3.4662,89.2419,77.2970,11.9450
"SoftPCA-F (alpha=1.00e-04, K=20/20)",0,periodavg_0837-0839,0.906667,-13.4769,4.7196,89.3532,77.2970,12.0563
"SoftPCA-F (alpha=1.00e-04, K=20/20)",0,periodavg_0837-0839,0.960000,-13.5497,5.6245,89.5237,77.2970,12.2268
"SoftPCA-F (alpha=1.00e-04, K=20/20)",0,periodavg_0837-0839,1.000000,-13.7620,2.1270,89.7671,77.2970,12.4701
"SoftPCA-F (alpha=1.00e-04, K=20/20)",0,periodavg_0837-0839,1.053333,-13.9513,5.6675,89.9240,77.2970,12.6270
"SoftPCA-F (alpha=1.00e-04, K=20/20)",0,periodavg_0837-0839,1.106667,-14.1045,5.2577,90.1682,77.2970,12.8712
"SoftPCA-F (alpha=1.00e-04, K=20/20)",0,periodavg_0837-0839,1.160000,-14.3966,2.8767,90.3314,77.2970,13.0345
"SoftPCA-F (alpha=1.00e-04, K=20/20)",0,periodavg_0837-0839,1.200000,-14.4773,4.0411,90.4047,77.2970,13.1078
"SoftPCA-F (alpha=1.00e-04, K=20/20)",0,periodavg_0837-0839,1.253333,-14.6890,4.4532,90.5312,77.2970,13.2342
"SoftPCA-F (alpha=1.00e-04, K=20/20)",0,periodavg_0837-0839,1.306667,-14.8974,3.6238,90.6899,77.2970,13.3929
"SoftPCA-F (alpha=1.00e-04, K=20/20)",0,periodavg_0837-0839,1.360000,-15.0666,3.8734,90.8737,77.2970,13.5768
"SoftPCA-F (alpha=1.00e-04, K=20/20)",0,periodavg_0837-0839,1.400000,-15.1936,4.9766,91.0820,77.2970,13.7850
"SoftPCA-F (alpha=1.00e-04, K=20/20)",0,periodavg_0837-0839,1.453333,-15.2469,3.7442,91.1370,77.2970,13.8400
"SoftPCA-F (alpha=1.00e-04, K=20/20)",0,periodavg_0837-0839,1.506667,-15.4069,4.5970,91.2249,77.2970,13.9279
"SoftPCA-F (alpha=1.00e-04, K=20/20)",0,periodavg_0837-0839,1.560000,-15.4556,4.7059,91.6270,77.2970,14.3300
"SoftPCA-F (alpha=1.00e-04, K=20/20)",0,periodavg_0837-0839,1.600000,-15.3822,3.2272,91.7204,77.2970,14.4234
"SoftPCA-F (alpha=1.00e-04, K=20/20)",0,periodavg_0837-0839,1.653333,-15.5650,2.7838,91.8019,77.2970,14.5049
"SoftPCA-F (alpha=1.00e-04, K=20/20)",0,periodavg_0837-0839,1.706667,-15.6501,3.9018,91.9709,77.2970,14.6740
"SoftPCA-F (alpha=1.00e-04, K=20/20)",0,periodavg_0837-0839,1.760000,-15.7864,5.1069,91.9853,77.2970,14.6884
"SoftPCA-F (alpha=1.00e-04, K=20/20)",0,periodavg_0837-0839,1.800000,-15.8629,3.8801,92.0855,77.2970,14.7885
"SoftPCA-F (alpha=1.00e-04, K=20/20)",0,periodavg_0837-0839,1.853333,-15.8358,4.8190,92.2435,77.2970,14.9465
"SoftPCA-F (alpha=1.00e-04, K=20/20)",0,periodavg_0837-0839,1.906667,-15.8995,3.8038,92.3947,77.2970,15.0977
"SoftPCA-F (alpha=1.00e-04, K=20/20)",0,periodavg_0837-0839,1.960000,-15.9644,3.8172,92.6479,77.2970,15.3510
"SoftPCA-F (alpha=1.00e-04, K=20/20)",0,periodavg_0837-0839,2.000000,-16.0609,5.1851,92.8769,77.2970,15.5799
"SoftPCA-F (alpha=1.00e-04, K=20/20)",0,periodavg_0837-0839,2.053333,-16.1649,4.0071,93.0766,77.2970,15.7796
"SoftPCA-F (alpha=1.00e-04, K=20/20)",0,periodavg_0837-0839,2.106667,-16.2260,6.1237,93.3251,77.2970,16.0282
"SoftPCA-F (alpha=1.00e-04, K=20/20)",0,periodavg_0837-0839,2.160000,-16.1952,2.5657,93.3183,77.2970,16.0214
"SoftPCA-F (alpha=1.00e-04, K=20/20)",0,periodavg_0837-0839,2.200000,-15.8784,5.7649,90.2765,77.2970,12.9796
"SoftPCA-F (alpha=1.00e-04, K=20/20)",0,periodavg_0837-0839,2.253333,-15.8374,3.8527,90.7448,77.2970,13.4478
"SoftPCA-F (alpha=1.00e-04, K=20/20)",0,periodavg_0837-0839,2.306667,-15.8809,4.7150,92.3464,77.2970,15.0494
"SoftPCA-F (alpha=1.00e-04, K=20/20)",0,periodavg_0837-0839,2.360000,-16.0109,4.1495,93.7803,77.2970,16.4833
"SoftPCA-F (alpha=1.00e-04, K=20/20)",0,periodavg_0837-0839,2.400000,-16.2112,3.8915,93.8943,77.2970,16.5974
"SoftPCA-F (alpha=1.00e-04, K=20/20)",0,periodavg_0837-0839,2.453333,-16.3228,5.3582,94.1483,77.2970,16.8514
"SoftPCA-F (alpha=1.00e-04, K=20/20)",0,periodavg_0837-0839,2.506667,-16.2823,4.7734,94.2285,77.2970,16.9316
"SoftPCA-F (alpha=1.00e-04, K=20/20)",0,periodavg_0837-0839,2.560000,-16.4203,2.8630,94.2045,77.2970,16.9076
"SoftPCA-F (alpha=1.00e-04, K=20/20)",0,periodavg_0837-0839,2.600000,-16.4533,4.0873,94.2509,77.2970,16.9539
"SoftPCA-F (alpha=1.00e-04, K=20/20)",0,periodavg_0837-0839,2.653333,-16.5406,3.1726,94.3388,77.2970,17.0418
"SoftPCA-F (alpha=1.00e-04, K=20/20)",0,periodavg_0837-0839,2.706667,-16.5694,4.6431,94.7355,77.2970,17.4386
"SoftPCA-F (alpha=1.00e-04, K=20/20)",0,periodavg_0837-0839,2.760000,-16.5813,4.4961,94.9593,77.2970,17.6623
"SoftPCA-F (alpha=1.00e-04, K=20/20)",0,periodavg_0837-0839,2.800000,-16.6222,5.1402,95.0079,77.2970,17.7110
"SoftPCA-F (alpha=1.00e-04, K=20/20)",0,periodavg_0837-0839,2.853333,-16.5738,4.7705,95.0611,77.2970,17.7642
"SoftPCA-F (alpha=1.00e-04, K=20/20)",0,periodavg_0837-0839,2.906667,-16.6158,4.1340,95.0423,77.2970,17.7454
"SoftPCA-F (alpha=1.00e-04, K=20/20)",0,periodavg_0837-0839,2.960000,-16.7444,3.3298,95.0584,77.2970,17.7615
"SoftPCA-F (alpha=1.00e-04, K=20/20)",0,periodavg_0837-0839,3.000000,-16.7316,5.3621,95.0619,77.2970,17.7650
"SoftPCA-F (alpha=1.00e-04, K=20/20)",0,periodavg_0837-0839,3.053333,-16.5883,5.2600,95.0883,77.2970,17.7914
"SoftPCA-F (alpha=1.00e-04, K=20/20)",0,periodavg_0837-0839,3.106667,-16.7548,3.4167,95.0757,77.2970,17.7788
"SoftPCA-F (alpha=1.00e-04, K=20/20)",0,periodavg_0837-0839,3.160000,-16.8268,4.8466,95.0977,77.2970,17.8007
"SoftPCA-F (alpha=1.00e-04, K=20/20)",0,periodavg_0837-0839,3.200000,-16.8433,5.4186,95.0973,77.2970,17.8004
"SoftPCA-F (alpha=1.00e-04, K=20/20)",0,periodavg_0837-0839,3.253333,-16.8867,4.8715,95.1004,77.2970,17.8035
"SoftPCA-F (alpha=1.00e-04, K=20/20)",0,periodavg_0837-0839,3.306667,-16.9134,4.3997,95.1301,77.2970,17.8331
"SoftPCA-F (alpha=1.00e-04, K=20/20)",0,periodavg_0837-0839,3.360000,-16.8745,4.0391,95.1132,77.2970,17.8162
"SoftPCA-F (alpha=1.00e-04, K=20/20)",0,periodavg_0837-0839,3.400000,-16.8268,6.4247,95.0463,77.2970,17.7494
"SoftPCA-F (alpha=1.00e-04, K=20/20)",0,periodavg_0837-0839,3.453333,-16.6819,4.3143,94.6940,77.2970,17.3970
"SoftPCA-F (alpha=1.00e-04, K=20/20)",0,periodavg_0837-0839,3.506667,-16.6490,5.1442,94.7368,77.2970,17.4399
"SoftPCA-F (alpha=1.00e-04, K=20/20)",0,periodavg_0837-0839,3.560000,-16.6326,5.2306,94.6119,77.2970,17.3149
"SoftPCA-F (alpha=1.00e-04, K=20/20)",0,periodavg_0837-0839,3.600000,-16.6128,5.1795,93.8423,77.2970,16.5454
"SoftPCA-F (alpha=1.00e-04, K=20/20)",0,periodavg_0837-0839,3.653333,-16.5450,4.2208,93.3288,77.2970,16.0319
"SoftPCA-F (alpha=1.00e-04, K=20/20)",0,periodavg_0837-0839,3.706667,-16.6109,4.6214,94.6976,77.2970,17.4007
"SoftPCA-F (alpha=1.00e-04, K=20/20)",0,periodavg_0837-0839,3.760000,-16.6544,3.7658,94.7026,77.2970,17.4057
"SoftPCA-F (alpha=1.00e-04, K=20/20)",0,periodavg_0837-0839,3.800000,-16.7002,3.8193,94.7348,77.2970,17.4379
"SoftPCA-F (alpha=1.00e-04, K=20/20)",0,periodavg_0837-0839,3.853333,-16.7903,4.0254,94.7855,77.2970,17.4885
"SoftPCA-F (alpha=1.00e-04, K=20/20)",0,periodavg_0837-0839,3.906667,-16.8089,3.9716,94.8678,77.2970,17.5709
"SoftPCA-F (alpha=1.00e-04, K=20/20)",0,periodavg_0837-0839,3.960000,-16.9060,4.7937,94.9476,77.2970,17.6506
"SoftPCA-F (alpha=1.00e-04, K=20/20)",0,periodavg_0837-0839,4.000000,-16.9711,6.0723,95.0003,77.2970,17.7034
"SoftPCA-F (alpha=1.00e-04, K=20/20)",0,periodavg_0837-0839,4.053333,-17.0351,6.0309,95.0158,77.2970,17.7188
"SoftPCA-F (alpha=1.00e-04, K=20/20)",0,periodavg_0837-0839,4.106667,-16.9352,3.9386,95.0240,77.2970,17.7271
"SoftPCA-F (alpha=1.00e-04, K=20/20)",0,periodavg_0837-0839,4.160000,-16.9355,6.6391,95.0252,77.2970,17.7283
"SoftPCA-F (alpha=1.00e-04, K=20/20)",0,periodavg_0837-0839,4.200000,-16.9888,4.1570,95.0471,77.2970,17.7502
"SoftPCA-F (alpha=1.00e-04, K=20/20)",0,periodavg_0837-0839,4.253333,-16.9992,3.8921,95.0835,77.2970,17.7866
"SoftPCA-F (alpha=1.00e-04, K=20/20)",0,periodavg_0837-0839,4.306667,-17.0194,4.0479,95.1337,77.2970,17.8367
"SoftPCA-F (alpha=1.00e-04, K=20/20)",0,periodavg_0837-0839,4.360000,-17.0764,5.0773,95.1826,77.2970,17.8857
"SoftPCA-F (alpha=1.00e-04, K=20/20)",0,periodavg_0837-0839,4.400000,-17.0286,4.6038,95.2093,77.2970,17.9124
"SoftPCA-F (alpha=1.00e-04, K=20/20)",0,periodavg_0837-0839,4.453333,-16.9842,5.4366,95.2139,77.2970,17.9170
"SoftPCA-F (alpha=1.00e-04, K=20/20)",0,periodavg_0837-0839,4.506667,-17.0117,5.1575,95.2517,77.2970,17.9548
"SoftPCA-F (alpha=1.00e-04, K=20/20)",0,periodavg_0837-0839,4.560000,-17.0066,3.0958,95.2734,77.2970,17.9765
"SoftPCA-F (alpha=1.00e-04, K=20/20)",0,periodavg_0837-0839,4.600000,-17.0710,4.0183,95.2866,77.2970,17.9896
"SoftPCA-F (alpha=1.00e-04, K=20/20)",0,periodavg_0837-0839,4.653333,-17.0288,5.0604,95.3077,77.2970,18.0107
"SoftPCA-F (alpha=1.00e-04, K=20/20)",0,periodavg_0837-0839,4.706667,-16.9471,4.0834,95.3401,77.2970,18.0432
"SoftPCA-F (alpha=1.00e-04, K=20/20)",0,periodavg_0837-0839,4.760000,-16.9983,5.8657,95.3572,77.2970,18.0602
"SoftPCA-F (alpha=1.00e-04, K=20/20)",0,periodavg_0837-0839,4.800000,-16.9765,3.8551,95.3759,77.2970,18.0790
"SoftPCA-F (alpha=1.00e-04, K=20/20)",0,periodavg_0837-0839,4.853333,-16.9885,4.6839,95.3638,77.2970,18.0668
"SoftPCA-F (alpha=1.00e-04, K=20/20)",0,periodavg_0837-0839,4.906667,-17.0981,4.9186,95.3258,77.2970,18.0289
"SoftPCA-F (alpha=1.00e-04, K=20/20)",0,periodavg_0837-0839,4.960000,-17.0212,2.9517,95.3216,77.2970,18.0246
"SoftPCA-F (alpha=1.00e-04, K=20/20)",0,periodavg_0837-0839,5.000000,-17.0110,4.2205,95.3176,77.2970,18.0207
"SoftPCA-F (alpha=1.00e-04, K=20/20)",0,periodavg_0837-0839,5.053333,-17.1112,4.6616,95.3330,77.2970,18.0360
"SoftPCA-F (alpha=1.00e-04, K=20/20)",0,periodavg_0837-0839,5.106667,-17.1093,4.1171,95.3120,77.2970,18.0150
"SoftPCA-F (alpha=1.00e-04, K=20/20)",0,periodavg_0837-0839,5.160000,-16.9977,6.0737,95.2954,77.2970,17.9984
"SoftPCA-F (alpha=1.00e-04, K=20/20)",0,periodavg_0837-0839,5.200000,-17.0259,4.5662,95.2654,77.2970,17.9684
"SoftPCA-F (alpha=1.00e-04, K=20/20)",0,periodavg_0837-0839,5.253333,-17.0264,3.7245,95.2930,77.2970,17.9961
"SoftPCA-F (alpha=1.00e-04, K=20/20)",0,periodavg_0837-0839,5.306667,-16.8499,5.5173,94.7569,77.2970,17.4600
"SoftPCA-F (alpha=1.00e-04, K=20/20)",0,periodavg_0837-0839,5.360000,-16.8774,4.8613,95.2313,77.2970,17.9343
"SoftPCA-F (alpha=1.00e-04, K=20/20)",0,periodavg_0837-0839,5.400000,-16.8596,3.2268,95.2245,77.2970,17.9276
"SoftPCA-F (alpha=1.00e-04, K=20/20)",0,periodavg_0837-0839,5.453333,-16.8258,3.8187,95.2592,77.2970,17.9622
"SoftPCA-F (alpha=1.00e-04, K=20/20)",0,periodavg_0837-0839,5.506667,-16.8478,5.4539,95.3309,77.2970,18.0340
"SoftPCA-F (alpha=1.00e-04, K=20/20)",0,periodavg_0837-0839,5.560000,-16.9027,5.3393,95.3635,77.2970,18.0665
"SoftPCA-F (alpha=1.00e-04, K=20/20)",0,periodavg_0837-0839,5.600000,-16.8031,5.0895,94.2521,77.2970,16.9552
"SoftPCA-F (alpha=1.00e-04, K=20/20)",0,periodavg_0837-0839,5.653333,-16.8228,5.4795,94.2702,77.2970,16.9733
"SoftPCA-F (alpha=1.00e-04, K=20/20)",0,periodavg_0837-0839,5.706667,-16.9942,3.8148,95.3432,77.2970,18.0462
"SoftPCA-F (alpha=1.00e-04, K=20/20)",0,periodavg_0837-0839,5.760000,-16.8450,4.0352,94.4621,77.2970,17.1651
"SoftPCA-F (alpha=1.00e-04, K=20/20)",0,periodavg_0837-0839,5.800000,-16.8191,5.5345,93.8868,77.2970,16.5899
"SoftPCA-F (alpha=1.00e-04, K=20/20)",0,periodavg_0837-0839,5.853333,-16.9234,4.2709,95.0352,77.2970,17.7382
"SoftPCA-F (alpha=1.00e-04, K=20/20)",0,periodavg_0837-0839,5.906667,-16.9871,4.6866,95.3182,77.2970,18.0212
"SoftPCA-F (alpha=1.00e-04, K=20/20)",0,periodavg_0837-0839,5.960000,-17.0144,4.8435,95.2914,77.2970,17.9945
"SoftPCA-F (alpha=1.00e-04, K=20/20)",0,periodavg_0837-0839,6.000000,-17.0558,3.4526,95.2395,77.2970,17.9425
"SoftPCA-F (alpha=1.00e-04, K=20/20)",0,periodavg_0837-0839,6.053333,-17.0191,6.6009,95.2086,77.2970,17.9117
"SoftPCA-F (alpha=1.00e-04, K=20/20)",0,periodavg_0837-0839,6.106667,-16.9553,4.6984,95.1933,77.2970,17.8964
"SoftPCA-F (alpha=1.00e-04, K=20/20)",0,periodavg_0837-0839,6.160000,-17.0123,4.5795,95.1946,77.2970,17.8977
"SoftPCA-F (alpha=1.00e-04, K=20/20)",0,periodavg_0837-0839,6.200000,-17.0254,6.3355,95.1933,77.2970,17.8963
"SoftPCA-F (alpha=1.00e-04, K=20/20)",0,periodavg_0837-0839,6.253333,-17.0720,4.1733,95.1782,77.2970,17.8813
"SoftPCA-F (alpha=1.00e-04, K=20/20)",0,periodavg_0837-0839,6.306667,-17.0240,3.6287,95.1497,77.2970,17.8527
"SoftPCA-F (alpha=1.00e-04, K=20/20)",0,periodavg_0837-0839,6.360000,-17.0158,5.8988,95.1450,77.2970,17.8480
"SoftPCA-F (alpha=1.00e-04, K=20/20)",0,periodavg_0837-0839,6.400000,-17.0205,4.0251,95.1351,77.2970,17.8381
"SoftPCA-F (alpha=1.00e-04, K=20/20)",0,periodavg_0837-0839,6.453333,-16.9994,6.9774,95.1348,77.2970,17.8379
"SoftPCA-F (alpha=1.00e-04, K=20/20)",0,periodavg_0837-0839,6.506667,-17.0817,3.4785,95.1212,77.2970,17.8242
"SoftPCA-F (alpha=1.00e-04, K=20/20)",0,periodavg_0837-0839,6.560000,-17.1270,6.0109,95.1171,77.2970,17.8201
"SoftPCA-F (alpha=1.00e-04, K=20/20)",0,periodavg_0837-0839,6.600000,-17.0865,3.2789,95.1152,77.2970,17.8182
"SoftPCA-F (alpha=1.00e-04, K=20/20)",0,periodavg_0837-0839,6.653333,-17.0314,5.2975,95.1528,77.2970,17.8559
"SoftPCA-F (alpha=1.00e-04, K=20/20)",0,periodavg_0837-0839,6.706667,-16.9624,6.0755,95.1654,77.2970,17.8684
"SoftPCA-F (alpha=1.00e-04, K=20/20)",0,periodavg_0837-0839,6.760000,-16.9598,4.6813,95.1478,77.2970,17.8508
"SoftPCA-F (alpha=1.00e-04, K=20/20)",0,periodavg_0837-0839,6.800000,-16.8642,4.0065,95.1355,77.2970,17.8386
"SoftPCA-F (alpha=1.00e-04, K=20/20)",0,periodavg_0837-0839,6.853333,-16.8279,5.2876,95.1675,77.2970,17.8705
"SoftPCA-F (alpha=1.00e-04, K=20/20)",0,periodavg_0837-0839,6.906667,-16.8773,5.6815,95.1761,77.2970,17.8792
"SoftPCA-F (alpha=1.00e-04, K=20/20)",0,periodavg_0837-0839,6.960000,-17.0012,3.8156,95.1814,77.2970,17.8845
"SoftPCA-F (alpha=1.00e-04, K=20/20)",0,periodavg_0837-0839,7.000000,-17.0014,6.0332,95.2027,77.2970,17.9057
"SoftPCA-F (alpha=1.00e-04, K=20/20)",0,periodavg_0837-0839,7.053333,-17.0213,4.6211,95.2414,77.2970,17.9444
"SoftPCA-F (alpha=1.00e-04, K=20/20)",0,periodavg_0837-0839,7.106667,-16.9585,4.6061,95.2258,77.2970,17.9289
"SoftPCA-F (alpha=1.00e-04, K=20/20)",0,periodavg_0837-0839,7.160000,-16.9867,3.9072,95.2292,77.2970,17.9322
"SoftPCA-F (alpha=1.00e-04, K=20/20)",0,periodavg_0837-0839,7.200000,-16.9843,3.5975,95.2572,77.2970,17.9603
"SoftPCA-F (alpha=1.00e-04, K=20/20)",0,periodavg_0837-0839,7.253333,-17.0252,4.8162,95.3205,77.2970,18.0235
"SoftPCA-F (alpha=1.00e-04, K=20/20)",0,periodavg_0837-0839,7.306667,-16.9497,3.2309,95.3573,77.2970,18.0603
"SoftPCA-F (alpha=1.00e-04, K=20/20)",0,periodavg_0837-0839,7.360000,-16.9495,3.9469,95.3621,77.2970,18.0652
"SoftPCA-F (alpha=1.00e-04, K=20/20)",0,periodavg_0837-0839,7.400000,-17.0012,4.3991,95.3812,77.2970,18.0842
"SoftPCA-F (alpha=1.00e-04, K=20/20)",0,periodavg_0837-0839,7.453333,-17.1229,4.9128,95.4165,77.2970,18.1196
"SoftPCA-F (alpha=1.00e-04, K=20/20)",0,periodavg_0837-0839,7.506667,-17.1485,3.7633,95.4400,77.2970,18.1430
"SoftPCA-F (alpha=1.00e-04, K=20/20)",0,periodavg_0837-0839,7.560000,-17.1126,4.0428,95.3955,77.2970,18.0985
"SoftPCA-F (alpha=1.00e-04, K=20/20)",0,periodavg_0837-0839,7.600000,-17.0192,3.1596,95.4177,77.2970,18.1208
"SoftPCA-F (alpha=1.00e-04, K=20/20)",0,periodavg_0837-0839,7.653333,-17.0238,4.4011,95.4504,77.2970,18.1535
"SoftPCA-F (alpha=1.00e-04, K=20/20)",0,periodavg_0837-0839,7.706667,-17.0482,4.9461,95.4502,77.2970,18.1532
"SoftPCA-F (alpha=1.00e-04, K=20/20)",0,periodavg_0837-0839,7.760000,-17.1205,4.2575,95.4331,77.2970,18.1362
"SoftPCA-F (alpha=1.00e-04, K=20/20)",0,periodavg_0837-0839,7.800000,-17.1386,5.4889,95.4082,77.2970,18.1112
"SoftPCA-F (alpha=1.00e-04, K=20/20)",0,periodavg_0837-0839,7.853333,-17.0770,4.7796,95.3971,77.2970,18.1002
"SoftPCA-F (alpha=1.00e-04, K=20/20)",0,periodavg_0837-0839,7.906667,-17.0667,4.7842,95.3999,77.2970,18.1029
"SoftPCA-F (alpha=1.00e-04, K=20/20)",0,periodavg_0837-0839,7.960000,-17.0162,5.3082,95.3775,77.2970,18.0805
"SoftPCA-F (alpha=1.00e-04, K=20/20)",0,periodavg_0837-0839,8.000000,-17.0069,4.8556,95.3573,77.2970,18.0603
"SoftPCA-F (alpha=1.00e-04, K=20/20)",0,periodavg_0837-0839,8.053333,-16.9096,5.0680,95.3368,77.2970,18.0398
"SoftPCA-F (alpha=1.00e-04, K=20/20)",0,periodavg_0837-0839,8.106667,-16.9142,4.3119,95.3419,77.2970,18.0449
"SoftPCA-F (alpha=1.00e-04, K=20/20)",0,periodavg_0837-0839,8.160000,-16.9017,3.2706,95.3456,77.2970,18.0486
"SoftPCA-F (alpha=1.00e-04, K=20/20)",0,periodavg_0837-0839,8.200000,-17.0219,5.7415,95.3497,77.2970,18.0527
"SoftPCA-F (alpha=1.00e-04, K=20/20)",0,periodavg_0837-0839,8.253333,-16.9966,4.0811,95.2931,77.2970,17.9961
"SoftPCA-F (alpha=1.00e-04, K=20/20)",0,periodavg_0837-0839,8.306667,-17.0858,5.7311,95.2387,77.2970,17.9417
"SoftPCA-F (alpha=1.00e-04, K=20/20)",0,periodavg_0837-0839,8.360000,-17.0036,4.1388,95.1956,77.2970,17.8987
"SoftPCA-F (alpha=1.00e-04, K=20/20)",0,periodavg_0837-0839,8.400000,-17.0273,3.2344,95.1424,77.2970,17.8455
"SoftPCA-F (alpha=1.00e-04, K=20/20)",0,periodavg_0837-0839,8.453333,-17.1055,4.9449,95.1033,77.2970,17.8063
"SoftPCA-F (alpha=1.00e-04, K=20/20)",0,periodavg_0837-0839,8.506667,-17.0398,5.3862,95.0853,77.2970,17.7883
"SoftPCA-F (alpha=1.00e-04, K=20/20)",0,periodavg_0837-0839,8.560000,-17.0794,5.1689,95.0603,77.2970,17.7633
"SoftPCA-F (alpha=1.00e-04, K=20/20)",0,periodavg_0837-0839,8.600000,-16.9928,5.9022,95.0170,77.2970,17.7200
"SoftPCA-F (alpha=1.00e-04, K=20/20)",0,periodavg_0837-0839,8.653333,-17.0239,2.9568,95.0125,77.2970,17.7156
"SoftPCA-F (alpha=1.00e-04, K=20/20)",0,periodavg_0837-0839,8.706667,-16.9980,7.0564,95.0170,77.2970,17.7200
"SoftPCA-F (alpha=1.00e-04, K=20/20)",0,periodavg_0837-0839,8.760000,-17.0522,4.3095,95.0448,77.2970,17.7478
"SoftPCA-F (alpha=1.00e-04, K=20/20)",0,periodavg_0837-0839,8.800000,-17.0605,4.6045,95.0484,77.2970,17.7514
"SoftPCA-F (alpha=1.00e-04, K=20/20)",0,periodavg_0837-0839,8.853333,-17.0757,4.1330,95.0582,77.2970,17.7613
"SoftPCA-F (alpha=1.00e-04, K=20/20)",0,periodavg_0837-0839,8.906667,-17.0618,5.6247,95.0971,77.2970,17.8002
"SoftPCA-F (alpha=1.00e-04, K=20/20)",0,periodavg_0837-0839,8.960000,-17.0748,5.6561,95.1375,77.2970,17.8406
"SoftPCA-F (alpha=1.00e-04, K=20/20)",0,periodavg_0837-0839,9.000000,-17.0191,5.8348,95.1636,77.2970,17.8666
"SoftPCA-F (alpha=1.00e-04, K=20/20)",0,periodavg_0837-0839,9.053333,-16.9252,6.1527,95.2086,77.2970,17.9117
"SoftPCA-F (alpha=1.00e-04, K=20/20)",0,periodavg_0837-0839,9.106667,-16.9162,6.0548,95.2576,77.2970,17.9606
"SoftPCA-F (alpha=1.00e-04, K=20/20)",0,periodavg_0837-0839,9.160000,-17.0310,4.1324,95.3169,77.2970,18.0200
"SoftPCA-F (alpha=1.00e-04, K=20/20)",0,periodavg_0837-0839,9.200000,-17.0839,4.4166,95.3442,77.2970,18.0473
"SoftPCA-F (alpha=1.00e-04, K=20/20)",0,periodavg_0837-0839,9.253333,-17.0517,4.4272,95.3960,77.2970,18.0991
"SoftPCA-F (alpha=1.00e-04, K=20/20)",0,periodavg_0837-0839,9.306667,-17.0974,4.2933,95.4065,77.2970,18.1095
"SoftPCA-F (alpha=1.00e-04, K=20/20)",0,periodavg_0837-0839,9.360000,-17.2234,5.0670,95.4157,77.2970,18.1187
"SoftPCA-F (alpha=1.00e-04, K=20/20)",0,periodavg_0837-0839,9.400000,-17.1593,4.7473,95.4211,77.2970,18.1241
"SoftPCA-F (alpha=1.00e-04, K=20/20)",0,periodavg_0837-0839,9.453333,-17.1025,3.3794,95.3707,77.2970,18.0738
"SoftPCA-F (alpha=1.00e-04, K=20/20)",0,periodavg_0837-0839,9.506667,-17.2015,4.6782,95.3458,77.2970,18.0488
"SoftPCA-F (alpha=1.00e-04, K=20/20)",0,periodavg_0837-0839,9.560000,-17.2144,3.9718,95.3340,77.2970,18.0370
"SoftPCA-F (alpha=1.00e-04, K=20/20)",0,periodavg_0837-0839,9.600000,-17.0535,4.3189,95.3411,77.2970,18.0442
"SoftPCA-F (alpha=1.00e-04, K=20/20)",0,periodavg_0837-0839,9.653333,-16.8951,4.1185,95.3448,77.2970,18.0478
"SoftPCA-F (alpha=1.00e-04, K=20/20)",0,periodavg_0837-0839,9.706667,-17.0000,4.5028,95.3093,77.2970,18.0123
"SoftPCA-F (alpha=1.00e-04, K=20/20)",0,periodavg_0837-0839,9.760000,-16.9903,4.8979,95.2731,77.2970,17.9761
"SoftPCA-F (alpha=1.00e-04, K=20/20)",0,periodavg_0837-0839,9.800000,-17.0593,4.7647,95.2577,77.2970,17.9607
"SoftPCA-F (alpha=1.00e-04, K=20/20)",0,periodavg_0837-0839,9.853333,-17.0864,3.7967,95.2029,77.2970,17.9060
"SoftPCA-F (alpha=1.00e-04, K=20/20)",0,periodavg_0837-0839,9.906667,-16.9389,3.9598,95.1914,77.2970,17.8945
"SoftPCA-F (alpha=1.00e-04, K=20/20)",0,periodavg_0837-0839,9.960000,-16.9748,5.6699,95.2130,77.2970,17.9161
"SoftPCA-F (alpha=1.00e-04, K=20/20)",0,periodavg_0837-0839,10.000000,-17.0053,4.9811,95.1996,77.2970,17.9026
"SoftPCA-F (alpha=1.00e-04, K=20/20)",1,periodavg_0342-0344,10.013333,4.1344,-7.2379,81.4529,83.9969,-2.5440
"SoftPCA-F (alpha=1.00e-04, K=20/20)",1,periodavg_0342-0344,10.053333,3.6056,0.3892,81.5415,83.9969,-2.4554
"SoftPCA-F (alpha=1.00e-04, K=20/20)",1,periodavg_0342-0344,10.106667,3.0012,-0.3028,81.8937,83.9969,-2.1032
"SoftPCA-F (alpha=1.00e-04, K=20/20)",1,periodavg_0342-0344,10.160000,2.4125,1.2960,82.2907,83.9969,-1.7062
"SoftPCA-F (alpha=1.00e-04, K=20/20)",1,periodavg_0342-0344,10.200000,1.9639,2.1274,82.5459,83.9969,-1.4510
"SoftPCA-F (alpha=1.00e-04, K=20/20)",1,periodavg_0342-0344,10.253333,1.3468,1.1628,82.6622,83.9969,-1.3348
"SoftPCA-F (alpha=1.00e-04, K=20/20)",1,periodavg_0342-0344,10.306667,0.8867,2.5275,82.8880,83.9969,-1.1089
"SoftPCA-F (alpha=1.00e-04, K=20/20)",1,periodavg_0342-0344,10.360000,0.3598,1.8252,83.3313,83.9969,-0.6656
"SoftPCA-F (alpha=1.00e-04, K=20/20)",1,periodavg_0342-0344,10.400000,0.0039,3.3997,83.5963,83.9969,-0.4006
"SoftPCA-F (alpha=1.00e-04, K=20/20)",1,periodavg_0342-0344,10.453333,-0.4778,2.3871,83.9639,83.9969,-0.0330
"SoftPCA-F (alpha=1.00e-04, K=20/20)",1,periodavg_0342-0344,10.506667,-0.8524,1.4929,84.2002,83.9969,0.2032
"SoftPCA-F (alpha=1.00e-04, K=20/20)",1,periodavg_0342-0344,10.560000,-1.3075,2.3320,84.4593,83.9969,0.4624
"SoftPCA-F (alpha=1.00e-04, K=20/20)",1,periodavg_0342-0344,10.600000,-1.6360,2.9442,84.6358,83.9969,0.6389
"SoftPCA-F (alpha=1.00e-04, K=20/20)",1,periodavg_0342-0344,10.653333,-2.0171,1.7607,85.0568,83.9969,1.0598
"SoftPCA-F (alpha=1.00e-04, K=20/20)",1,periodavg_0342-0344,10.706667,-2.3528,1.9000,85.2135,83.9969,1.2166
"SoftPCA-F (alpha=1.00e-04, K=20/20)",1,periodavg_0342-0344,10.760000,-2.7554,2.2644,85.3250,83.9969,1.3281
"SoftPCA-F (alpha=1.00e-04, K=20/20)",1,periodavg_0342-0344,10.800000,-3.0360,3.3260,85.5356,83.9969,1.5386
"SoftPCA-F (alpha=1.00e-04, K=20/20)",1,periodavg_0342-0344,10.853333,-3.4180,1.8451,85.7718,83.9969,1.7749
"SoftPCA-F (alpha=1.00e-04, K=20/20)",1,periodavg_0342-0344,10.906667,-3.7711,2.0760,85.9569,83.9969,1.9600
"SoftPCA-F (alpha=1.00e-04, K=20/20)",1,periodavg_0342-0344,10.960000,-4.1055,0.8794,86.2094,83.9969,2.2125
"SoftPCA-F (alpha=1.00e-04, K=20/20)",1,periodavg_0342-0344,11.000000,-4.3831,2.4917,86.3501,83.9969,2.3532
"SoftPCA-F (alpha=1.00e-04, K=20/20)",1,periodavg_0342-0344,11.053333,-4.7600,3.7202,86.6366,83.9969,2.6396
"SoftPCA-F (alpha=1.00e-04, K=20/20)",1,periodavg_0342-0344,11.106667,-5.0202,1.9937,87.0199,83.9969,3.0230
"SoftPCA-F (alpha=1.00e-04, K=20/20)",1,periodavg_0342-0344,11.160000,-5.3705,2.0096,87.1682,83.9969,3.1713
"SoftPCA-F (alpha=1.00e-04, K=20/20)",1,periodavg_0342-0344,11.200000,-5.5479,1.7751,87.3387,83.9969,3.3418
"SoftPCA-F (alpha=1.00e-04, K=20/20)",1,periodavg_0342-0344,11.253333,-5.9327,2.8134,87.7423,83.9969,3.7454
"SoftPCA-F (alpha=1.00e-04, K=20/20)",1,periodavg_0342-0344,11.306667,-6.1938,2.2617,88.2618,83.9969,4.2649
"SoftPCA-F (alpha=1.00e-04, K=20/20)",1,periodavg_0342-0344,11.360000,-6.4150,1.5190,88.5720,83.9969,4.5750
"SoftPCA-F (alpha=1.00e-04, K=20/20)",1,periodavg_0342-0344,11.400000,-6.6454,1.8920,88.6820,83.9969,4.6851
"SoftPCA-F (alpha=1.00e-04, K=20/20)",1,periodavg_0342-0344,11.453333,-6.9227,2.7571,88.9292,83.9969,4.9323
"SoftPCA-F (alpha=1.00e-04, K=20/20)",1,periodavg_0342-0344,11.506667,-7.1452,2.7182,89.0553,83.9969,5.0584
"SoftPCA-F (alpha=1.00e-04, K=20/20)",1,periodavg_0342-0344,11.560000,-7.3689,2.1212,89.3276,83.9969,5.3307
"SoftPCA-F (alpha=1.00e-04, K=20/20)",1,periodavg_0342-0344,11.600000,-7.3562,1.6597,89.5135,83.9969,5.5166
"SoftPCA-F (alpha=1.00e-04, K=20/20)",1,periodavg_0342-0344,11.653333,-7.7017,2.1789,89.7475,83.9969,5.7506
"SoftPCA-F (alpha=1.00e-04, K=20/20)",1,periodavg_0342-0344,11.706667,-7.9763,2.2435,90.0242,83.9969,6.0273
"SoftPCA-F (alpha=1.00e-04, K=20/20)",1,periodavg_0342-0344,11.760000,-8.2667,2.5863,90.1722,83.9969,6.1753
"SoftPCA-F (alpha=1.00e-04, K=20/20)",1,periodavg_0342-0344,11.800000,-8.4364,2.9309,90.4831,83.9969,6.4862
"SoftPCA-F (alpha=1.00e-04, K=20/20)",1,periodavg_0342-0344,11.853333,-8.7732,3.5797,90.7715,83.9969,6.7746
"SoftPCA-F (alpha=1.00e-04, K=20/20)",1,periodavg_0342-0344,11.906667,-8.9505,2.5607,91.0842,83.9969,7.0873
"SoftPCA-F (alpha=1.00e-04, K=20/20)",1,periodavg_0342-0344,11.960000,-9.1499,3.1524,91.4102,83.9969,7.4132
"SoftPCA-F (alpha=1.00e-04, K=20/20)",1,periodavg_0342-0344,12.000000,-9.3291,3.5634,91.6819,83.9969,7.6850
"SoftPCA-F (alpha=1.00e-04, K=20/20)",1,periodavg_0342-0344,12.053333,-9.4634,2.7827,91.8949,83.9969,7.8980
"SoftPCA-F (alpha=1.00e-04, K=20/20)",1,periodavg_0342-0344,12.106667,-9.7347,2.3226,92.0310,83.9969,8.0341
"SoftPCA-F (alpha=1.00e-04, K=20/20)",1,periodavg_0342-0344,12.160000,-9.9055,3.0788,92.4658,83.9969,8.4688
"SoftPCA-F (alpha=1.00e-04, K=20/20)",1,periodavg_0342-0344,12.200000,-9.9410,3.4474,92.5573,83.9969,8.5603
"SoftPCA-F (alpha=1.00e-04, K=20/20)",1,periodavg_0342-0344,12.253333,-10.0393,3.5585,92.8813,83.9969,8.8843
"SoftPCA-F (alpha=1.00e-04, K=20/20)",1,periodavg_0342-0344,12.306667,-10.2523,2.4938,93.0888,83.9969,9.0919
"SoftPCA-F (alpha=1.00e-04, K=20/20)",1,periodavg_0342-0344,12.360000,-10.3581,2.0826,93.2899,83.9969,9.2930
"SoftPCA-F (alpha=1.00e-04, K=20/20)",1,periodavg_0342-0344,12.400000,-10.6040,3.2363,93.4374,83.9969,9.4405
"SoftPCA-F (alpha=1.00e-04, K=20/20)",1,periodavg_0342-0344,12.453333,-10.5594,2.7938,93.6274,83.9969,9.6305
"SoftPCA-F (alpha=1.00e-04, K=20/20)",1,periodavg_0342-0344,12.506667,-10.8735,2.6362,93.6746,83.9969,9.6777
"SoftPCA-F (alpha=1.00e-04, K=20/20)",1,periodavg_0342-0344,12.560000,-11.0245,1.1371,94.1563,83.9969,10.1594
"SoftPCA-F (alpha=1.00e-04, K=20/20)",1,periodavg_0342-0344,12.600000,-11.1246,2.7089,94.3090,83.9969,10.3121
"SoftPCA-F (alpha=1.00e-04, K=20/20)",1,periodavg_0342-0344,12.653333,-11.3132,3.4989,94.4501,83.9969,10.4532
"SoftPCA-F (alpha=1.00e-04, K=20/20)",1,periodavg_0342-0344,12.706667,-11.4403,3.2435,94.7681,83.9969,10.7712
"SoftPCA-F (alpha=1.00e-04, K=20/20)",1,periodavg_0342-0344,12.760000,-11.5255,2.5078,95.0183,83.9969,11.0213
"SoftPCA-F (alpha=1.00e-04, K=20/20)",1,periodavg_0342-0344,12.800000,-11.5802,2.3164,95.1689,83.9969,11.1720
"SoftPCA-F (alpha=1.00e-04, K=20/20)",1,periodavg_0342-0344,12.853333,-11.6656,2.8677,95.5523,83.9969,11.5554
"SoftPCA-F (alpha=1.00e-04, K=20/20)",1,periodavg_0342-0344,12.906667,-11.8262,1.8292,95.8874,83.9969,11.8905
"SoftPCA-F (alpha=1.00e-04, K=20/20)",1,periodavg_0342-0344,12.960000,-12.0592,3.5332,96.0698,83.9969,12.0729
"SoftPCA-F (alpha=1.00e-04, K=20/20)",1,periodavg_0342-0344,13.000000,-12.1071,1.8718,96.3009,83.9969,12.3040
"SoftPCA-F (alpha=1.00e-04, K=20/20)",1,periodavg_0342-0344,13.053333,-12.0751,3.2740,96.5450,83.9969,12.5481
"SoftPCA-F (alpha=1.00e-04, K=20/20)",1,periodavg_0342-0344,13.106667,-11.9450,2.4265,96.6655,83.9969,12.6686
"SoftPCA-F (alpha=1.00e-04, K=20/20)",1,periodavg_0342-0344,13.160000,-11.7883,2.3382,96.9584,83.9969,12.9615
"SoftPCA-F (alpha=1.00e-04, K=20/20)",1,periodavg_0342-0344,13.200000,-12.0300,1.6342,97.2151,83.9969,13.2182
"SoftPCA-F (alpha=1.00e-04, K=20/20)",1,periodavg_0342-0344,13.253333,-12.4321,2.7273,97.4710,83.9969,13.4741
"SoftPCA-F (alpha=1.00e-04, K=20/20)",1,periodavg_0342-0344,13.306667,-12.2996,2.5028,97.5748,83.9969,13.5779
"SoftPCA-F (alpha=1.00e-04, K=20/20)",1,periodavg_0342-0344,13.360000,-12.2437,2.4630,97.9533,83.9969,13.9564
"SoftPCA-F (alpha=1.00e-04, K=20/20)",1,periodavg_0342-0344,13.400000,-12.3719,2.3664,98.0376,83.9969,14.0407
"SoftPCA-F (alpha=1.00e-04, K=20/20)",1,periodavg_0342-0344,13.453333,-12.3183,2.5620,98.1909,83.9969,14.1940
"SoftPCA-F (alpha=1.00e-04, K=20/20)",1,periodavg_0342-0344,13.506667,-12.3541,2.1610,97.9595,83.9969,13.9626
"SoftPCA-F (alpha=1.00e-04, K=20/20)",1,periodavg_0342-0344,13.560000,-12.3530,2.7940,98.0191,83.9969,14.0222
"SoftPCA-F (alpha=1.00e-04, K=20/20)",1,periodavg_0342-0344,13.600000,-12.4654,2.2454,98.1581,83.9969,14.1612
"SoftPCA-F (alpha=1.00e-04, K=20/20)",1,periodavg_0342-0344,13.653333,-12.4337,3.2265,98.1278,83.9969,14.1309
"SoftPCA-F (alpha=1.00e-04, K=20/20)",1,periodavg_0342-0344,13.706667,-12.4922,1.9098,98.4734,83.9969,14.4765
"SoftPCA-F (alpha=1.00e-04, K=20/20)",1,periodavg_0342-0344,13.760000,-12.3580,3.3398,98.1024,83.9969,14.1055
"SoftPCA-F (alpha=1.00e-04, K=20/20)",1,periodavg_0342-0344,13.800000,-12.4783,2.0045,98.2837,83.9969,14.2868
"SoftPCA-F (alpha=1.00e-04, K=20/20)",1,periodavg_0342-0344,13.853333,-12.5061,3.1451,98.8901,83.9969,14.8932
"SoftPCA-F (alpha=1.00e-04, K=20/20)",1,periodavg_0342-0344,13.906667,-12.5928,2.8951,97.9254,83.9969,13.9284
"SoftPCA-F (alpha=1.00e-04, K=20/20)",1,periodavg_0342-0344,13.960000,-12.6198,2.6028,98.8643,83.9969,14.8674
"SoftPCA-F (alpha=1.00e-04, K=20/20)",1,periodavg_0342-0344,14.000000,-12.6890,3.7475,98.8951,83.9969,14.8982
"SoftPCA-F (alpha=1.00e-04, K=20/20)",1,periodavg_0342-0344,14.053333,-12.4932,4.1036,98.3582,83.9969,14.3613
"SoftPCA-F (alpha=1.00e-04, K=20/20)",1,periodavg_0342-0344,14.106667,-12.5829,3.6654,98.8580,83.9969,14.8611
"SoftPCA-F (alpha=1.00e-04, K=20/20)",1,periodavg_0342-0344,14.160000,-12.9089,2.7225,100.0290,83.9969,16.0321
"SoftPCA-F (alpha=1.00e-04, K=20/20)",1,periodavg_0342-0344,14.200000,-12.7959,3.3336,99.5365,83.9969,15.5395
"SoftPCA-F (alpha=1.00e-04, K=20/20)",1,periodavg_0342-0344,14.253333,-12.7877,2.6345,98.4055,83.9969,14.4086
"SoftPCA-F (alpha=1.00e-04, K=20/20)",1,periodavg_0342-0344,14.306667,-12.7550,3.1258,98.6687,83.9969,14.6718
"SoftPCA-F (alpha=1.00e-04, K=20/20)",1,periodavg_0342-0344,14.360000,-12.6066,2.9236,99.1256,83.9969,15.1287
"SoftPCA-F (alpha=1.00e-04, K=20/20)",1,periodavg_0342-0344,14.400000,-12.5685,1.1742,99.7060,83.9969,15.7090
"SoftPCA-F (alpha=1.00e-04, K=20/20)",1,periodavg_0342-0344,14.453333,-12.5294,2.9097,99.8129,83.9969,15.8160
"SoftPCA-F (alpha=1.00e-04, K=20/20)",1,periodavg_0342-0344,14.506667,-12.4157,2.7044,99.7112,83.9969,15.7143
"SoftPCA-F (alpha=1.00e-04, K=20/20)",1,periodavg_0342-0344,14.560000,-12.5298,1.8985,98.2450,83.9969,14.2481
"SoftPCA-F (alpha=1.00e-04, K=20/20)",1,periodavg_0342-0344,14.600000,-12.4717,3.2626,98.6430,83.9969,14.6461
"SoftPCA-F (alpha=1.00e-04, K=20/20)",1,periodavg_0342-0344,14.653333,-12.5981,2.4187,99.0522,83.9969,15.0553
"SoftPCA-F (alpha=1.00e-04, K=20/20)",1,periodavg_0342-0344,14.706667,-12.5404,2.5890,97.6747,83.9969,13.6778
"SoftPCA-F (alpha=1.00e-04, K=20/20)",1,periodavg_0342-0344,14.760000,-12.8421,2.6335,99.1778,83.9969,15.1809
"SoftPCA-F (alpha=1.00e-04, K=20/20)",1,periodavg_0342-0344,14.800000,-12.7978,2.9203,98.1690,83.9969,14.1720
"SoftPCA-F (alpha=1.00e-04, K=20/20)",1,periodavg_0342-0344,14.853333,-12.6864,2.7814,98.2057,83.9969,14.2088
"SoftPCA-F (alpha=1.00e-04, K=20/20)",1,periodavg_0342-0344,14.906667,-12.6580,1.7273,97.5723,83.9969,13.5754
"SoftPCA-F (alpha=1.00e-04, K=20/20)",1,periodavg_0342-0344,14.960000,-12.8024,2.3864,99.1821,83.9969,15.1851
"SoftPCA-F (alpha=1.00e-04, K=20/20)",1,periodavg_0342-0344,15.000000,-12.7193,2.5368,98.6390,83.9969,14.6421
"SoftPCA-F (alpha=1.00e-04, K=20/20)",1,periodavg_0342-0344,15.053333,-12.3527,1.9595,97.9523,83.9969,13.9554
"SoftPCA-F (alpha=1.00e-04, K=20/20)",1,periodavg_0342-0344,15.106667,-12.8126,2.7042,99.5286,83.9969,15.5317
"SoftPCA-F (alpha=1.00e-04, K=20/20)",1,periodavg_0342-0344,15.160000,-12.9022,2.3159,99.1342,83.9969,15.1373
"SoftPCA-F (alpha=1.00e-04, K=20/20)",1,periodavg_0342-0344,15.200000,-12.8747,3.2621,97.7159,83.9969,13.7190
"SoftPCA-F (alpha=1.00e-04, K=20/20)",1,periodavg_0342-0344,15.253333,-12.7106,1.7458,99.7847,83.9969,15.7878
"SoftPCA-F (alpha=1.00e-04, K=20/20)",1,periodavg_0342-0344,15.306667,-12.7278,2.0839,99.8768,83.9969,15.8799
"SoftPCA-F (alpha=1.00e-04, K=20/20)",1,periodavg_0342-0344,15.360000,-12.8928,3.8963,99.0447,83.9969,15.0478
"SoftPCA-F (alpha=1.00e-04, K=20/20)",1,periodavg_0342-0344,15.400000,-12.6871,2.0391,98.8409,83.9969,14.8440
"SoftPCA-F (alpha=1.00e-04, K=20/20)",1,periodavg_0342-0344,15.453333,-12.4993,2.3555,99.1205,83.9969,15.1236
"SoftPCA-F (alpha=1.00e-04, K=20/20)",1,periodavg_0342-0344,15.506667,-12.6601,2.2809,98.6569,83.9969,14.6600
"SoftPCA-F (alpha=1.00e-04, K=20/20)",1,periodavg_0342-0344,15.560000,-12.7733,2.5650,99.1782,83.9969,15.1813
"SoftPCA-F (alpha=1.00e-04, K=20/20)",1,periodavg_0342-0344,15.600000,-12.8338,2.4030,98.2192,83.9969,14.2223
"SoftPCA-F (alpha=1.00e-04, K=20/20)",1,periodavg_0342-0344,15.653333,-12.7963,2.0286,97.8874,83.9969,13.8905
"SoftPCA-F (alpha=1.00e-04, K=20/20)",1,periodavg_0342-0344,15.706667,-12.8125,4.4673,97.0432,83.9969,13.0463
"SoftPCA-F (alpha=1.00e-04, K=20/20)",1,periodavg_0342-0344,15.760000,-12.5168,2.5649,98.2698,83.9969,14.2729
"SoftPCA-F (alpha=1.00e-04, K=20/20)",1,periodavg_0342-0344,15.800000,-12.7250,2.0146,98.2860,83.9969,14.2891
"SoftPCA-F (alpha=1.00e-04, K=20/20)",1,periodavg_0342-0344,15.853333,-12.6931,2.5528,96.7977,83.9969,12.8008
"SoftPCA-F (alpha=1.00e-04, K=20/20)",1,periodavg_0342-0344,15.906667,-12.8031,2.2006,96.9564,83.9969,12.9595
"SoftPCA-F (alpha=1.00e-04, K=20/20)",1,periodavg_0342-0344,15.960000,-12.7905,1.8772,96.9193,83.9969,12.9224
"SoftPCA-F (alpha=1.00e-04, K=20/20)",1,periodavg_0342-0344,16.000000,-12.6472,1.8340,95.9414,83.9969,11.9445
"SoftPCA-F (alpha=1.00e-04, K=20/20)",1,periodavg_0342-0344,16.053333,-12.7877,3.7331,96.8634,83.9969,12.8665
"SoftPCA-F (alpha=1.00e-04, K=20/20)",1,periodavg_0342-0344,16.106667,-12.7844,2.8507,96.4152,83.9969,12.4183
"SoftPCA-F (alpha=1.00e-04, K=20/20)",1,periodavg_0342-0344,16.160000,-13.1200,3.3823,98.4275,83.9969,14.4306
"SoftPCA-F (alpha=1.00e-04, K=20/20)",1,periodavg_0342-0344,16.200000,-12.8944,2.7571,98.7630,83.9969,14.7661
"SoftPCA-F (alpha=1.00e-04, K=20/20)",1,periodavg_0342-0344,16.253333,-12.9033,2.9939,98.8346,83.9969,14.8377
"SoftPCA-F (alpha=1.00e-04, K=20/20)",1,periodavg_0342-0344,16.306667,-12.7240,2.4941,98.1045,83.9969,14.1076
"SoftPCA-F (alpha=1.00e-04, K=20/20)",1,periodavg_0342-0344,16.360000,-12.5948,2.2137,98.3041,83.9969,14.3072
"SoftPCA-F (alpha=1.00e-04, K=20/20)",1,periodavg_0342-0344,16.400000,-12.6278,1.0491,98.8334,83.9969,14.8365
"SoftPCA-F (alpha=1.00e-04, K=20/20)",1,periodavg_0342-0344,16.453333,-12.6218,2.9854,99.0441,83.9969,15.0472
"SoftPCA-F (alpha=1.00e-04, K=20/20)",1,periodavg_0342-0344,16.506667,-12.4949,2.1539,98.6660,83.9969,14.6691
"SoftPCA-F (alpha=1.00e-04, K=20/20)",1,periodavg_0342-0344,16.560000,-12.6883,1.3122,98.8497,83.9969,14.8528
"SoftPCA-F (alpha=1.00e-04, K=20/20)",1,periodavg_0342-0344,16.600000,-12.6268,2.6926,99.3290,83.9969,15.3321
"SoftPCA-F (alpha=1.00e-04, K=20/20)",1,periodavg_0342-0344,16.653333,-12.5443,2.4744,97.2883,83.9969,13.2914
"SoftPCA-F (alpha=1.00e-04, K=20/20)",1,periodavg_0342-0344,16.706667,-12.7446,3.4707,97.7495,83.9969,13.7526
"SoftPCA-F (alpha=1.00e-04, K=20/20)",1,periodavg_0342-0344,16.760000,-12.7239,2.9578,97.5854,83.9969,13.5885
"SoftPCA-F (alpha=1.00e-04, K=20/20)",1,periodavg_0342-0344,16.800000,-12.8151,2.9090,98.1868,83.9969,14.1899
"SoftPCA-F (alpha=1.00e-04, K=20/20)",1,periodavg_0342-0344,16.853333,-12.8087,2.9248,97.8927,83.9969,13.8958
"SoftPCA-F (alpha=1.00e-04, K=20/20)",1,periodavg_0342-0344,16.906667,-12.7000,2.6701,97.7066,83.9969,13.7097
"SoftPCA-F (alpha=1.00e-04, K=20/20)",1,periodavg_0342-0344,16.960000,-12.7250,2.2997,98.2720,83.9969,14.2751
"SoftPCA-F (alpha=1.00e-04, K=20/20)",1,periodavg_0342-0344,17.000000,-12.5617,2.5788,96.5546,83.9969,12.5577
"SoftPCA-F (alpha=1.00e-04, K=20/20)",1,periodavg_0342-0344,17.053333,-12.8497,2.1700,98.6407,83.9969,14.6438
"SoftPCA-F (alpha=1.00e-04, K=20/20)",1,periodavg_0342-0344,17.106667,-12.7934,2.8942,99.0318,83.9969,15.0349
"SoftPCA-F (alpha=1.00e-04, K=20/20)",1,periodavg_0342-0344,17.160000,-12.8187,1.9195,96.9038,83.9969,12.9069
"SoftPCA-F (alpha=1.00e-04, K=20/20)",1,periodavg_0342-0344,17.200000,-12.8418,3.0329,97.8084,83.9969,13.8115
"SoftPCA-F (alpha=1.00e-04, K=20/20)",1,periodavg_0342-0344,17.253333,-12.8172,1.9920,97.7401,83.9969,13.7432
"SoftPCA-F (alpha=1.00e-04, K=20/20)",1,periodavg_0342-0344,17.306667,-12.9360,1.9291,97.1161,83.9969,13.1192
"SoftPCA-F (alpha=1.00e-04, K=20/20)",1,periodavg_0342-0344,17.360000,-12.7456,2.4136,96.1279,83.9969,12.1310
"SoftPCA-F (alpha=1.00e-04, K=20/20)",1,periodavg_0342-0344,17.400000,-12.7606,3.3737,98.1255,83.9969,14.1285
"SoftPCA-F (alpha=1.00e-04, K=20/20)",1,periodavg_0342-0344,17.453333,-12.7292,3.3457,98.3288,83.9969,14.3319
"SoftPCA-F (alpha=1.00e-04, K=20/20)",1,periodavg_0342-0344,17.506667,-12.9360,2.0369,98.9817,83.9969,14.9848
"SoftPCA-F (alpha=1.00e-04, K=20/20)",1,periodavg_0342-0344,17.560000,-12.9117,3.2062,98.3711,83.9969,14.3742
"SoftPCA-F (alpha=1.00e-04, K=20/20)",1,periodavg_0342-0344,17.600000,-12.7081,2.5476,98.6134,83.9969,14.6165
"SoftPCA-F (alpha=1.00e-04, K=20/20)",1,periodavg_0342-0344,17.653333,-12.7857,1.8163,98.8733,83.9969,14.8764
"SoftPCA-F (alpha=1.00e-04, K=20/20)",1,periodavg_0342-0344,17.706667,-12.7295,2.2872,98.5480,83.9969,14.5511
"SoftPCA-F (alpha=1.00e-04, K=20/20)",1,periodavg_0342-0344,17.760000,-12.3150,2.2866,97.7024,83.9969,13.7055
"SoftPCA-F (alpha=1.00e-04, K=20/20)",1,periodavg_0342-0344,17.800000,-12.4883,4.0349,97.8986,83.9969,13.9016
"SoftPCA-F (alpha=1.00e-04, K=20/20)",1,periodavg_0342-0344,17.853333,-12.5656,2.0226,98.1296,83.9969,14.1327
"SoftPCA-F (alpha=1.00e-04, K=20/20)",1,periodavg_0342-0344,17.906667,-12.6127,3.1723,98.4095,83.9969,14.4126
"SoftPCA-F (alpha=1.00e-04, K=20/20)",1,periodavg_0342-0344,17.960000,-12.6864,3.6700,99.0435,83.9969,15.0466
"SoftPCA-F (alpha=1.00e-04, K=20/20)",1,periodavg_0342-0344,18.000000,-12.4813,2.4732,99.0654,83.9969,15.0685
"SoftPCA-F (alpha=1.00e-04, K=20/20)",1,periodavg_0342-0344,18.053333,-12.5270,3.0100,98.5081,83.9969,14.5112
"SoftPCA-F (alpha=1.00e-04, K=20/20)",1,periodavg_0342-0344,18.106667,-12.4405,2.3107,98.8382,83.9969,14.8413
"SoftPCA-F (alpha=1.00e-04, K=20/20)",1,periodavg_0342-0344,18.160000,-12.4916,2.8386,99.5308,83.9969,15.5339
"SoftPCA-F (alpha=1.00e-04, K=20/20)",1,periodavg_0342-0344,18.200000,-12.5458,3.1987,99.4729,83.9969,15.4760
"SoftPCA-F (alpha=1.00e-04, K=20/20)",1,periodavg_0342-0344,18.253333,-12.5570,2.1646,99.0426,83.9969,15.0457
"SoftPCA-F (alpha=1.00e-04, K=20/20)",1,periodavg_0342-0344,18.306667,-12.1824,4.2346,98.8584,83.9969,14.8615
"SoftPCA-F (alpha=1.00e-04, K=20/20)",1,periodavg_0342-0344,18.360000,-12.1365,2.2482,97.8514,83.9969,13.8545
"SoftPCA-F (alpha=1.00e-04, K=20/20)",1,periodavg_0342-0344,18.400000,-12.0798,2.6729,97.6433,83.9969,13.6464
"SoftPCA-F (alpha=1.00e-04, K=20/20)",1,periodavg_0342-0344,18.453333,-12.1600,2.3496,98.0786,83.9969,14.0817
"SoftPCA-F (alpha=1.00e-04, K=20/20)",1,periodavg_0342-0344,18.506667,-12.3120,3.7229,98.0884,83.9969,14.0915
"SoftPCA-F (alpha=1.00e-04, K=20/20)",1,periodavg_0342-0344,18.560000,-12.4001,3.3453,99.1130,83.9969,15.1161
"SoftPCA-F (alpha=1.00e-04, K=20/20)",1,periodavg_0342-0344,18.600000,-12.6080,2.2845,98.8323,83.9969,14.8354
"SoftPCA-F (alpha=1.00e-04, K=20/20)",1,periodavg_0342-0344,18.653333,-12.6680,2.1228,98.7852,83.9969,14.7883
"SoftPCA-F (alpha=1.00e-04, K=20/20)",1,periodavg_0342-0344,18.706667,-12.3982,3.1218,97.9703,83.9969,13.9734
"SoftPCA-F (alpha=1.00e-04, K=20/20)",1,periodavg_0342-0344,18.760000,-12.2889,1.5509,97.4700,83.9969,13.4731
"SoftPCA-F (alpha=1.00e-04, K=20/20)",1,periodavg_0342-0344,18.800000,-12.3864,4.0582,99.2600,83.9969,15.2631
"SoftPCA-F (alpha=1.00e-04, K=20/20)",1,periodavg_0342-0344,18.853333,-12.2922,2.2569,97.8587,83.9969,13.8618
"SoftPCA-F (alpha=1.00e-04, K=20/20)",1,periodavg_0342-0344,18.906667,-12.4860,2.3322,96.8404,83.9969,12.8435
"SoftPCA-F (alpha=1.00e-04, K=20/20)",1,periodavg_0342-0344,18.960000,-12.3194,3.7452,98.3778,83.9969,14.3809
"SoftPCA-F (alpha=1.00e-04, K=20/20)",1,periodavg_0342-0344,19.000000,-12.0956,2.3625,97.8226,83.9969,13.8256
"SoftPCA-F (alpha=1.00e-04, K=20/20)",1,periodavg_0342-0344,19.053333,-12.1925,1.9436,97.3591,83.9969,13.3622
"SoftPCA-F (alpha=1.00e-04, K=20/20)",1,periodavg_0342-0344,19.106667,-12.2561,2.8991,98.4544,83.9969,14.4575
"SoftPCA-F (alpha=1.00e-04, K=20/20)",1,periodavg_0342-0344,19.160000,-12.4350,0.9131,98.9939,83.9969,14.9970
"SoftPCA-F (alpha=1.00e-04, K=20/20)",1,periodavg_0342-0344,19.200000,-12.4351,3.1957,98.5940,83.9969,14.5971
"SoftPCA-F (alpha=1.00e-04, K=20/20)",1,periodavg_0342-0344,19.253333,-12.4992,2.2642,98.4406,83.9969,14.4437
"SoftPCA-F (alpha=1.00e-04, K=20/20)",1,periodavg_0342-0344,19.306667,-12.5417,2.8191,97.8604,83.9969,13.8635
"SoftPCA-F (alpha=1.00e-04, K=20/20)",1,periodavg_0342-0344,19.360000,-12.4486,3.4578,98.6816,83.9969,14.6847
"SoftPCA-F (alpha=1.00e-04, K=20/20)",1,periodavg_0342-0344,19.400000,-12.4318,2.7824,98.8590,83.9969,14.8621
"SoftPCA-F (alpha=1.00e-04, K=20/20)",1,periodavg_0342-0344,19.453333,-12.3584,2.7384,97.6072,83.9969,13.6103
"SoftPCA-F (alpha=1.00e-04, K=20/20)",1,periodavg_0342-0344,19.506667,-12.4733,1.9375,98.0121,83.9969,14.0152
"SoftPCA-F (alpha=1.00e-04, K=20/20)",1,periodavg_0342-0344,19.560000,-12.3875,2.6056,98.8338,83.9969,14.8369
"SoftPCA-F (alpha=1.00e-04, K=20/20)",1,periodavg_0342-0344,19.600000,-12.2407,2.6283,99.0681,83.9969,15.0711
"SoftPCA-F (alpha=1.00e-04, K=20/20)",1,periodavg_0342-0344,19.653333,-12.2980,2.3400,96.7805,83.9969,12.7836
"SoftPCA-F (alpha=1.00e-04, K=20/20)",1,periodavg_0342-0344,19.706667,-12.4264,3.6056,97.0121,83.9969,13.0152
"SoftPCA-F (alpha=1.00e-04, K=20/20)",1,periodavg_0342-0344,19.760000,-12.4898,1.4720,96.6916,83.9969,12.6947
"SoftPCA-F (alpha=1.00e-04, K=20/20)",1,periodavg_0342-0344,19.800000,-12.3365,2.7104,97.2148,83.9969,13.2178
"SoftPCA-F (alpha=1.00e-04, K=20/20)",1,periodavg_0342-0344,19.853333,-12.3186,1.6868,97.1489,83.9969,13.1520
"SoftPCA-F (alpha=1.00e-04, K=20/20)",1,periodavg_0342-0344,19.906667,-12.3818,1.6248,97.3026,83.9969,13.3057
"SoftPCA-F (alpha=1.00e-04, K=20/20)",1,periodavg_0342-0344,19.960000,-12.6338,3.0314,98.8898,83.9969,14.8929
"SoftPCA-F (alpha=1.00e-04, K=20/20)",1,periodavg_0342-0344,20.000000,-12.4398,2.8178,97.3363,83.9969,13.3394
"SoftPCA-F (alpha=1.00e-04, K=20/20)",2,periodavg_0678-0680,20.013333,-2.2766,-4.4319,82.2881,80.3766,1.9115
"SoftPCA-F (alpha=1.00e-04, K=20/20)",2,periodavg_0678-0680,20.053333,-2.8181,-1.5222,83.0808,80.3766,2.7041
"SoftPCA-F (alpha=1.00e-04, K=20/20)",2,periodavg_0678-0680,20.106667,-3.3084,0.3513,83.2710,80.3766,2.8944
"SoftPCA-F (alpha=1.00e-04, K=20/20)",2,periodavg_0678-0680,20.160000,-3.8350,0.2060,83.4535,80.3766,3.0768
"SoftPCA-F (alpha=1.00e-04, K=20/20)",2,periodavg_0678-0680,20.200000,-4.0642,1.2347,83.5800,80.3766,3.2034
"SoftPCA-F (alpha=1.00e-04, K=20/20)",2,periodavg_0678-0680,20.253333,-4.5034,0.5035,84.0056,80.3766,3.6290
"SoftPCA-F (alpha=1.00e-04, K=20/20)",2,periodavg_0678-0680,20.306667,-4.9157,0.9989,84.3331,80.3766,3.9565
"SoftPCA-F (alpha=1.00e-04, K=20/20)",2,periodavg_0678-0680,20.360000,-5.2440,0.9952,84.5702,80.3766,4.1936
"SoftPCA-F (alpha=1.00e-04, K=20/20)",2,periodavg_0678-0680,20.400000,-5.4434,1.0049,84.7282,80.3766,4.3516
"SoftPCA-F (alpha=1.00e-04, K=20/20)",2,periodavg_0678-0680,20.453333,-5.7767,1.3936,84.8842,80.3766,4.5076
"SoftPCA-F (alpha=1.00e-04, K=20/20)",2,periodavg_0678-0680,20.506667,-5.9891,1.1192,85.1735,80.3766,4.7968
"SoftPCA-F (alpha=1.00e-04, K=20/20)",2,periodavg_0678-0680,20.560000,-6.2387,1.2666,85.3565,80.3766,4.9799
"SoftPCA-F (alpha=1.00e-04, K=20/20)",2,periodavg_0678-0680,20.600000,-6.4466,0.8275,85.5288,80.3766,5.1522
"SoftPCA-F (alpha=1.00e-04, K=20/20)",2,periodavg_0678-0680,20.653333,-6.5964,1.3264,85.6544,80.3766,5.2777
"SoftPCA-F (alpha=1.00e-04, K=20/20)",2,periodavg_0678-0680,20.706667,-6.9064,1.0005,85.8836,80.3766,5.5070
"SoftPCA-F (alpha=1.00e-04, K=20/20)",2,periodavg_0678-0680,20.760000,-7.0996,1.1593,86.0200,80.3766,5.6433
"SoftPCA-F (alpha=1.00e-04, K=20/20)",2,periodavg_0678-0680,20.800000,-7.2916,0.8406,86.2346,80.3766,5.8579
"SoftPCA-F (alpha=1.00e-04, K=20/20)",2,periodavg_0678-0680,20.853333,-7.4810,1.7125,86.3760,80.3766,5.9994
"SoftPCA-F (alpha=1.00e-04, K=20/20)",2,periodavg_0678-0680,20.906667,-7.7005,0.9492,86.4965,80.3766,6.1199
"SoftPCA-F (alpha=1.00e-04, K=20/20)",2,periodavg_0678-0680,20.960000,-7.9497,2.4901,86.7616,80.3766,6.3850
"SoftPCA-F (alpha=1.00e-04, K=20/20)",2,periodavg_0678-0680,21.000000,-8.0918,1.8588,86.9898,80.3766,6.6132
"SoftPCA-F (alpha=1.00e-04, K=20/20)",2,periodavg_0678-0680,21.053333,-8.2852,1.4435,87.2717,80.3766,6.8951
"SoftPCA-F (alpha=1.00e-04, K=20/20)",2,periodavg_0678-0680,21.106667,-8.4324,1.5605,87.4068,80.3766,7.0301
"SoftPCA-F (alpha=1.00e-04, K=20/20)",2,periodavg_0678-0680,21.160000,-8.5950,2.3642,87.5514,80.3766,7.1747
"SoftPCA-F (alpha=1.00e-04, K=20/20)",2,periodavg_0678-0680,21.200000,-8.6670,1.9114,87.7146,80.3766,7.3380
"SoftPCA-F (alpha=1.00e-04, K=20/20)",2,periodavg_0678-0680,21.253333,-8.7798,1.5168,87.8135,80.3766,7.4369
"SoftPCA-F (alpha=1.00e-04, K=20/20)",2,periodavg_0678-0680,21.306667,-8.8997,1.8879,87.9539,80.3766,7.5773
"SoftPCA-F (alpha=1.00e-04, K=20/20)",2,periodavg_0678-0680,21.360000,-8.9597,0.5586,88.0253,80.3766,7.6487
"SoftPCA-F (alpha=1.00e-04, K=20/20)",2,periodavg_0678-0680,21.400000,-9.2259,1.4644,88.2652,80.3766,7.8886
"SoftPCA-F (alpha=1.00e-04, K=20/20)",2,periodavg_0678-0680,21.453333,-9.3104,0.8030,88.4000,80.3766,8.0234
"SoftPCA-F (alpha=1.00e-04, K=20/20)",2,periodavg_0678-0680,21.506667,-9.3976,1.6395,88.5251,80.3766,8.1485
"SoftPCA-F (alpha=1.00e-04, K=20/20)",2,periodavg_0678-0680,21.560000,-9.5864,0.6674,88.8093,80.3766,8.4326
"SoftPCA-F (alpha=1.00e-04, K=20/20)",2,periodavg_0678-0680,21.600000,-9.6147,0.6423,89.0637,80.3766,8.6871
"SoftPCA-F (alpha=1.00e-04, K=20/20)",2,periodavg_0678-0680,21.653333,-9.7446,1.3277,89.1316,80.3766,8.7549
"SoftPCA-F (alpha=1.00e-04, K=20/20)",2,periodavg_0678-0680,21.706667,-9.8408,1.8640,89.2692,80.3766,8.8925
"SoftPCA-F (alpha=1.00e-04, K=20/20)",2,periodavg_0678-0680,21.760000,-10.0565,1.8706,89.4663,80.3766,9.0897
"SoftPCA-F (alpha=1.00e-04, K=20/20)",2,periodavg_0678-0680,21.800000,-10.1506,1.2630,89.6558,80.3766,9.2792
"SoftPCA-F (alpha=1.00e-04, K=20/20)",2,periodavg_0678-0680,21.853333,-10.2068,1.2993,89.8559,80.3766,9.4793
"SoftPCA-F (alpha=1.00e-04, K=20/20)",2,periodavg_0678-0680,21.906667,-10.2839,1.2957,89.9302,80.3766,9.5536
"SoftPCA-F (alpha=1.00e-04, K=20/20)",2,periodavg_0678-0680,21.960000,-10.3654,0.8634,90.0719,80.3766,9.6953
"SoftPCA-F (alpha=1.00e-04, K=20/20)",2,periodavg_0678-0680,22.000000,-10.4647,2.5766,90.3375,80.3766,9.9609
"SoftPCA-F (alpha=1.00e-04, K=20/20)",2,periodavg_0678-0680,22.053333,-10.6249,1.1929,90.4807,80.3766,10.1041
"SoftPCA-F (alpha=1.00e-04, K=20/20)",2,periodavg_0678-0680,22.106667,-10.7081,2.4000,90.6002,80.3766,10.2236
"SoftPCA-F (alpha=1.00e-04, K=20/20)",2,periodavg_0678-0680,22.160000,-10.8754,1.3502,90.8379,80.3766,10.4613
"SoftPCA-F (alpha=1.00e-04, K=20/20)",2,periodavg_0678-0680,22.200000,-10.8730,1.1910,91.0430,80.3766,10.6664
"SoftPCA-F (alpha=1.00e-04, K=20/20)",2,periodavg_0678-0680,22.253333,-10.7942,0.3571,91.1588,80.3766,10.7822
"SoftPCA-F (alpha=1.00e-04, K=20/20)",2,periodavg_0678-0680,22.306667,-10.7321,0.7085,91.2037,80.3766,10.8270
"SoftPCA-F (alpha=1.00e-04, K=20/20)",2,periodavg_0678-0680,22.360000,-10.8214,0.9843,91.1897,80.3766,10.8131
"SoftPCA-F (alpha=1.00e-04, K=20/20)",2,periodavg_0678-0680,22.400000,-10.9573,1.8556,91.2514,80.3766,10.8747
"SoftPCA-F (alpha=1.00e-04, K=20/20)",2,periodavg_0678-0680,22.453333,-11.1186,1.5300,91.4011,80.3766,11.0245
"SoftPCA-F (alpha=1.00e-04, K=20/20)",2,periodavg_0678-0680,22.506667,-10.9982,0.8664,91.5016,80.3766,11.1250
"SoftPCA-F (alpha=1.00e-04, K=20/20)",2,periodavg_0678-0680,22.560000,-10.9705,1.4295,91.6645,80.3766,11.2879
"SoftPCA-F (alpha=1.00e-04, K=20/20)",2,periodavg_0678-0680,22.600000,-11.0735,0.4321,91.8496,80.3766,11.4730
"SoftPCA-F (alpha=1.00e-04, K=20/20)",2,periodavg_0678-0680,22.653333,-11.1329,1.3467,91.9179,80.3766,11.5413
"SoftPCA-F (alpha=1.00e-04, K=20/20)",2,periodavg_0678-0680,22.706667,-11.2388,1.6342,92.0171,80.3766,11.6405
"SoftPCA-F (alpha=1.00e-04, K=20/20)",2,periodavg_0678-0680,22.760000,-11.4424,1.1268,92.1638,80.3766,11.7872
"SoftPCA-F (alpha=1.00e-04, K=20/20)",2,periodavg_0678-0680,22.800000,-11.5076,0.7075,92.2165,80.3766,11.8398
"SoftPCA-F (alpha=1.00e-04, K=20/20)",2,periodavg_0678-0680,22.853333,-11.5125,1.0992,92.4046,80.3766,12.0279
"SoftPCA-F (alpha=1.00e-04, K=20/20)",2,periodavg_0678-0680,22.906667,-11.4371,1.8483,92.4933,80.3766,12.1166
"SoftPCA-F (alpha=1.00e-04, K=20/20)",2,periodavg_0678-0680,22.960000,-11.4507,1.7423,92.5369,80.3766,12.1602
"SoftPCA-F (alpha=1.00e-04, K=20/20)",2,periodavg_0678-0680,23.000000,-11.4824,1.9296,92.7317,80.3766,12.3550
"SoftPCA-F (alpha=1.00e-04, K=20/20)",2,periodavg_0678-0680,23.053333,-11.4197,1.4143,92.8055,80.3766,12.4289
"SoftPCA-F (alpha=1.00e-04, K=20/20)",2,periodavg_0678-0680,23.106667,-11.5150,1.4632,92.9188,80.3766,12.5422
"SoftPCA-F (alpha=1.00e-04, K=20/20)",2,periodavg_0678-0680,23.160000,-11.6090,1.6483,93.0803,80.3766,12.7037
"SoftPCA-F (alpha=1.00e-04, K=20/20)",2,periodavg_0678-0680,23.200000,-11.6684,1.2122,93.1450,80.3766,12.7684
"SoftPCA-F (alpha=1.00e-04, K=20/20)",2,periodavg_0678-0680,23.253333,-11.8107,1.5323,93.2654,80.3766,12.8888
"SoftPCA-F (alpha=1.00e-04, K=20/20)",2,periodavg_0678-0680,23.306667,-11.7088,1.6045,93.4418,80.3766,13.0651
"SoftPCA-F (alpha=1.00e-04, K=20/20)",2,periodavg_0678-0680,23.360000,-11.7917,0.3641,93.4855,80.3766,13.1089
"SoftPCA-F (alpha=1.00e-04, K=20/20)",2,periodavg_0678-0680,23.400000,-11.6423,0.5944,93.5098,80.3766,13.1331
"SoftPCA-F (alpha=1.00e-04, K=20/20)",2,periodavg_0678-0680,23.453333,-11.7435,1.5419,93.5989,80.3766,13.2223
"SoftPCA-F (alpha=1.00e-04, K=20/20)",2,periodavg_0678-0680,23.506667,-11.6584,2.0278,93.7158,80.3766,13.3391
"SoftPCA-F (alpha=1.00e-04, K=20/20)",2,periodavg_0678-0680,23.560000,-11.8477,0.4958,93.8987,80.3766,13.5221
"SoftPCA-F (alpha=1.00e-04, K=20/20)",2,periodavg_0678-0680,23.600000,-11.7189,1.8511,94.0753,80.3766,13.6986
"SoftPCA-F (alpha=1.00e-04, K=20/20)",2,periodavg_0678-0680,23.653333,-11.6808,1.6081,94.1661,80.3766,13.7895
"SoftPCA-F (alpha=1.00e-04, K=20/20)",2,periodavg_0678-0680,23.706667,-11.6566,1.5432,94.3266,80.3766,13.9499
"SoftPCA-F (alpha=1.00e-04, K=20/20)",2,periodavg_0678-0680,23.760000,-11.5779,1.5294,94.6710,80.3766,14.2944
"SoftPCA-F (alpha=1.00e-04, K=20/20)",2,periodavg_0678-0680,23.800000,-11.6553,0.4463,94.7567,80.3766,14.3801
"SoftPCA-F (alpha=1.00e-04, K=20/20)",2,periodavg_0678-0680,23.853333,-11.9393,1.3562,94.8650,80.3766,14.4883
"SoftPCA-F (alpha=1.00e-04, K=20/20)",2,periodavg_0678-0680,23.906667,-11.9791,1.2127,94.9474,80.3766,14.5708
"SoftPCA-F (alpha=1.00e-04, K=20/20)",2,periodavg_0678-0680,23.960000,-11.8808,1.3621,94.9635,80.3766,14.5869
"SoftPCA-F (alpha=1.00e-04, K=20/20)",2,periodavg_0678-0680,24.000000,-11.9103,1.1673,95.0058,80.3766,14.6292
"SoftPCA-F (alpha=1.00e-04, K=20/20)",2,periodavg_0678-0680,24.053333,-11.9428,1.9635,95.0740,80.3766,14.6974
"SoftPCA-F (alpha=1.00e-04, K=20/20)",2,periodavg_0678-0680,24.106667,-11.9847,0.7232,95.0430,80.3766,14.6664
"SoftPCA-F (alpha=1.00e-04, K=20/20)",2,periodavg_0678-0680,24.160000,-12.2081,1.4805,95.2031,80.3766,14.8265
"SoftPCA-F (alpha=1.00e-04, K=20/20)",2,periodavg_0678-0680,24.200000,-11.7028,2.2197,94.0956,80.3766,13.7190
"SoftPCA-F (alpha=1.00e-04, K=20/20)",2,periodavg_0678-0680,24.253333,-11.9517,1.7543,95.3588,80.3766,14.9822
"SoftPCA-F (alpha=1.00e-04, K=20/20)",2,periodavg_0678-0680,24.306667,-11.9692,1.2847,95.5062,80.3766,15.1296
"SoftPCA-F (alpha=1.00e-04, K=20/20)",2,periodavg_0678-0680,24.360000,-12.0166,1.3579,95.4948,80.3766,15.1181
"SoftPCA-F (alpha=1.00e-04, K=20/20)",2,periodavg_0678-0680,24.400000,-11.9975,1.7910,95.5450,80.3766,15.1684
"SoftPCA-F (alpha=1.00e-04, K=20/20)",2,periodavg_0678-0680,24.453333,-12.1186,1.4467,95.6006,80.3766,15.2240
"SoftPCA-F (alpha=1.00e-04, K=20/20)",2,periodavg_0678-0680,24.506667,-11.9858,2.7586,95.0352,80.3766,14.6586
"SoftPCA-F (alpha=1.00e-04, K=20/20)",2,periodavg_0678-0680,24.560000,-12.1654,1.5121,95.5553,80.3766,15.1786
"SoftPCA-F (alpha=1.00e-04, K=20/20)",2,periodavg_0678-0680,24.600000,-12.2739,1.2030,95.6597,80.3766,15.2831
"SoftPCA-F (alpha=1.00e-04, K=20/20)",2,periodavg_0678-0680,24.653333,-12.2819,0.7900,95.6710,80.3766,15.2944
"SoftPCA-F (alpha=1.00e-04, K=20/20)",2,periodavg_0678-0680,24.706667,-12.2849,1.6796,95.7119,80.3766,15.3353
"SoftPCA-F (alpha=1.00e-04, K=20/20)",2,periodavg_0678-0680,24.760000,-12.3171,1.7180,95.8193,80.3766,15.4426
"SoftPCA-F (alpha=1.00e-04, K=20/20)",2,periodavg_0678-0680,24.800000,-12.3838,1.0870,95.8840,80.3766,15.5074
"SoftPCA-F (alpha=1.00e-04, K=20/20)",2,periodavg_0678-0680,24.853333,-12.4329,1.8069,95.8922,80.3766,15.5156
"SoftPCA-F (alpha=1.00e-04, K=20/20)",2,periodavg_0678-0680,24.906667,-12.3270,0.8916,96.0295,80.3766,15.6529
"SoftPCA-F (alpha=1.00e-04, K=20/20)",2,periodavg_0678-0680,24.960000,-12.3518,1.6125,96.3062,80.3766,15.9296
"SoftPCA-F (alpha=1.00e-04, K=20/20)",2,periodavg_0678-0680,25.000000,-12.4978,1.7447,96.2622,80.3766,15.8856
"SoftPCA-F (alpha=1.00e-04, K=20/20)",2,periodavg_0678-0680,25.053333,-12.3676,1.3657,96.1940,80.3766,15.8174
"SoftPCA-F (alpha=1.00e-04, K=20/20)",2,periodavg_0678-0680,25.106667,-12.3913,1.3339,96.1571,80.3766,15.7805
"SoftPCA-F (alpha=1.00e-04, K=20/20)",2,periodavg_0678-0680,25.160000,-12.5078,1.6271,96.2101,80.3766,15.8334
"SoftPCA-F (alpha=1.00e-04, K=20/20)",2,periodavg_0678-0680,25.200000,-12.2398,1.6215,96.1967,80.3766,15.8201
"SoftPCA-F (alpha=1.00e-04, K=20/20)",2,periodavg_0678-0680,25.253333,-12.2262,1.3513,96.1852,80.3766,15.8086
"SoftPCA-F (alpha=1.00e-04, K=20/20)",2,periodavg_0678-0680,25.306667,-12.2891,2.0795,96.2736,80.3766,15.8970
"SoftPCA-F (alpha=1.00e-04, K=20/20)",2,periodavg_0678-0680,25.360000,-12.3064,0.2419,96.3106,80.3766,15.9339
"SoftPCA-F (alpha=1.00e-04, K=20/20)",2,periodavg_0678-0680,25.400000,-12.2387,1.6116,96.4935,80.3766,16.1168
"SoftPCA-F (alpha=1.00e-04, K=20/20)",2,periodavg_0678-0680,25.453333,-12.1733,1.9220,96.6098,80.3766,16.2332
"SoftPCA-F (alpha=1.00e-04, K=20/20)",2,periodavg_0678-0680,25.506667,-12.1680,1.3421,96.8336,80.3766,16.4569
"SoftPCA-F (alpha=1.00e-04, K=20/20)",2,periodavg_0678-0680,25.560000,-12.3523,1.6396,96.8929,80.3766,16.5162
"SoftPCA-F (alpha=1.00e-04, K=20/20)",2,periodavg_0678-0680,25.600000,-12.4913,2.1883,97.1002,80.3766,16.7236
"SoftPCA-F (alpha=1.00e-04, K=20/20)",2,periodavg_0678-0680,25.653333,-12.4371,2.2554,97.3122,80.3766,16.9356
"SoftPCA-F (alpha=1.00e-04, K=20/20)",2,periodavg_0678-0680,25.706667,-12.4856,1.4774,97.3087,80.3766,16.9320
"SoftPCA-F (alpha=1.00e-04, K=20/20)",2,periodavg_0678-0680,25.760000,-12.4302,1.0331,97.4451,80.3766,17.0685
"SoftPCA-F (alpha=1.00e-04, K=20/20)",2,periodavg_0678-0680,25.800000,-12.2454,0.0710,97.3825,80.3766,17.0059
"SoftPCA-F (alpha=1.00e-04, K=20/20)",2,periodavg_0678-0680,25.853333,-12.3576,1.3384,97.3848,80.3766,17.0082
"SoftPCA-F (alpha=1.00e-04, K=20/20)",2,periodavg_0678-0680,25.906667,-12.5085,1.7161,97.3078,80.3766,16.9312
"SoftPCA-F (alpha=1.00e-04, K=20/20)",2,periodavg_0678-0680,25.960000,-12.4368,1.2740,97.4303,80.3766,17.0537
"SoftPCA-F (alpha=1.00e-04, K=20/20)",2,periodavg_0678-0680,26.000000,-12.4980,1.2656,97.4730,80.3766,17.0964
"SoftPCA-F (alpha=1.00e-04, K=20/20)",2,periodavg_0678-0680,26.053333,-12.4283,1.3795,97.5587,80.3766,17.1821
"SoftPCA-F (alpha=1.00e-04, K=20/20)",2,periodavg_0678-0680,26.106667,-12.4349,1.3751,97.5806,80.3766,17.2040
"SoftPCA-F (alpha=1.00e-04, K=20/20)",2,periodavg_0678-0680,26.160000,-12.4170,0.3909,97.7612,80.3766,17.3846
"SoftPCA-F (alpha=1.00e-04, K=20/20)",2,periodavg_0678-0680,26.200000,-12.5080,1.2902,97.6199,80.3766,17.2433
"SoftPCA-F (alpha=1.00e-04, K=20/20)",2,periodavg_0678-0680,26.253333,-12.5358,1.0689,97.5643,80.3766,17.1876
"SoftPCA-F (alpha=1.00e-04, K=20/20)",2,periodavg_0678-0680,26.306667,-12.5553,2.0080,97.4938,80.3766,17.1172
"SoftPCA-F (alpha=1.00e-04, K=20/20)",2,periodavg_0678-0680,26.360000,-12.5820,1.1378,97.5413,80.3766,17.1647
"SoftPCA-F (alpha=1.00e-04, K=20/20)",2,periodavg_0678-0680,26.400000,-12.6953,3.1104,97.4736,80.3766,17.0970
"SoftPCA-F (alpha=1.00e-04, K=20/20)",2,periodavg_0678-0680,26.453333,-12.5585,1.1095,97.3738,80.3766,16.9971
"SoftPCA-F (alpha=1.00e-04, K=20/20)",2,periodavg_0678-0680,26.506667,-12.6658,1.1972,97.2754,80.3766,16.8988
"SoftPCA-F (alpha=1.00e-04, K=20/20)",2,periodavg_0678-0680,26.560000,-12.6221,2.1741,97.2259,80.3766,16.8492
"SoftPCA-F (alpha=1.00e-04, K=20/20)",2,periodavg_0678-0680,26.600000,-12.5621,1.8939,97.2062,80.3766,16.8296
"SoftPCA-F (alpha=1.00e-04, K=20/20)",2,periodavg_0678-0680,26.653333,-12.4535,0.8372,97.2682,80.3766,16.8916
"SoftPCA-F (alpha=1.00e-04, K=20/20)",2,periodavg_0678-0680,26.706667,-12.3608,1.5667,95.7667,80.3766,15.3901
"SoftPCA-F (alpha=1.00e-04, K=20/20)",2,periodavg_0678-0680,26.760000,-12.3843,1.4925,97.4243,80.3766,17.0477
"SoftPCA-F (alpha=1.00e-04, K=20/20)",2,periodavg_0678-0680,26.800000,-12.4091,2.1028,97.6087,80.3766,17.2321
"SoftPCA-F (alpha=1.00e-04, K=20/20)",2,periodavg_0678-0680,26.853333,-12.5296,1.4250,97.6620,80.3766,17.2853
"SoftPCA-F (alpha=1.00e-04, K=20/20)",2,periodavg_0678-0680,26.906667,-12.5116,1.9201,96.9415,80.3766,16.5649
"SoftPCA-F (alpha=1.00e-04, K=20/20)",2,periodavg_0678-0680,26.960000,-12.5862,0.8779,97.6657,80.3766,17.2890
"SoftPCA-F (alpha=1.00e-04, K=20/20)",2,periodavg_0678-0680,27.000000,-12.4977,1.8667,97.7178,80.3766,17.3412
"SoftPCA-F (alpha=1.00e-04, K=20/20)",2,periodavg_0678-0680,27.053333,-12.3355,1.7838,97.3650,80.3766,16.9883
"SoftPCA-F (alpha=1.00e-04, K=20/20)",2,periodavg_0678-0680,27.106667,-12.6054,1.1416,97.9423,80.3766,17.5657
"SoftPCA-F (alpha=1.00e-04, K=20/20)",2,periodavg_0678-0680,27.160000,-12.5714,1.4101,97.8619,80.3766,17.4852
"SoftPCA-F (alpha=1.00e-04, K=20/20)",2,periodavg_0678-0680,27.200000,-12.4935,0.7542,97.8321,80.3766,17.4555
"SoftPCA-F (alpha=1.00e-04, K=20/20)",2,periodavg_0678-0680,27.253333,-12.6679,1.2741,98.0203,80.3766,17.6436
"SoftPCA-F (alpha=1.00e-04, K=20/20)",2,periodavg_0678-0680,27.306667,-12.5970,1.0757,97.8750,80.3766,17.4983
"SoftPCA-F (alpha=1.00e-04, K=20/20)",2,periodavg_0678-0680,27.360000,-12.5348,1.8116,97.9127,80.3766,17.5360
"SoftPCA-F (alpha=1.00e-04, K=20/20)",2,periodavg_0678-0680,27.400000,-12.5605,1.6821,97.4001,80.3766,17.0235
"SoftPCA-F (alpha=1.00e-04, K=20/20)",2,periodavg_0678-0680,27.453333,-12.5385,0.2623,97.6799,80.3766,17.3033
"SoftPCA-F (alpha=1.00e-04, K=20/20)",2,periodavg_0678-0680,27.506667,-12.5204,1.1879,97.8693,80.3766,17.4927
"SoftPCA-F (alpha=1.00e-04, K=20/20)",2,periodavg_0678-0680,27.560000,-12.4722,2.0580,97.8091,80.3766,17.4325
"SoftPCA-F (alpha=1.00e-04, K=20/20)",2,periodavg_0678-0680,27.600000,-12.4177,0.9941,97.9287,80.3766,17.5521
"SoftPCA-F (alpha=1.00e-04, K=20/20)",2,periodavg_0678-0680,27.653333,-12.3869,2.3882,97.7633,80.3766,17.3867
"SoftPCA-F (alpha=1.00e-04, K=20/20)",2,periodavg_0678-0680,27.706667,-12.0440,-0.3107,97.2587,80.3766,16.8820
"SoftPCA-F (alpha=1.00e-04, K=20/20)",2,periodavg_0678-0680,27.760000,-12.1177,1.0427,96.9883,80.3766,16.6117
"SoftPCA-F (alpha=1.00e-04, K=20/20)",2,periodavg_0678-0680,27.800000,-12.2592,1.8809,97.9635,80.3766,17.5869
"SoftPCA-F (alpha=1.00e-04, K=20/20)",2,periodavg_0678-0680,27.853333,-12.3595,1.0082,97.8226,80.3766,17.4460
"SoftPCA-F (alpha=1.00e-04, K=20/20)",2,periodavg_0678-0680,27.906667,-12.3536,1.1381,97.7196,80.3766,17.3430
"SoftPCA-F (alpha=1.00e-04, K=20/20)",2,periodavg_0678-0680,27.960000,-12.3019,1.6442,97.6878,80.3766,17.3112
"SoftPCA-F (alpha=1.00e-04, K=20/20)",2,periodavg_0678-0680,28.000000,-12.4526,2.2424,97.7821,80.3766,17.4055
"SoftPCA-F (alpha=1.00e-04, K=20/20)",2,periodavg_0678-0680,28.053333,-12.2334,1.8551,97.8647,80.3766,17.4881
"SoftPCA-F (alpha=1.00e-04, K=20/20)",2,periodavg_0678-0680,28.106667,-12.2018,2.0904,97.9628,80.3766,17.5862
"SoftPCA-F (alpha=1.00e-04, K=20/20)",2,periodavg_0678-0680,28.160000,-12.2510,1.3449,97.9842,80.3766,17.6075
"SoftPCA-F (alpha=1.00e-04, K=20/20)",2,periodavg_0678-0680,28.200000,-12.3331,2.1378,97.9255,80.3766,17.5489
"SoftPCA-F (alpha=1.00e-04, K=20/20)",2,periodavg_0678-0680,28.253333,-12.4242,1.3556,97.9037,80.3766,17.5271
"SoftPCA-F (alpha=1.00e-04, K=20/20)",2,periodavg_0678-0680,28.306667,-12.5075,1.5803,97.9895,80.3766,17.6129
"SoftPCA-F (alpha=1.00e-04, K=20/20)",2,periodavg_0678-0680,28.360000,-12.4859,1.2168,97.9829,80.3766,17.6063
"SoftPCA-F (alpha=1.00e-04, K=20/20)",2,periodavg_0678-0680,28.400000,-12.4538,1.2992,97.9758,80.3766,17.5991
"SoftPCA-F (alpha=1.00e-04, K=20/20)",2,periodavg_0678-0680,28.453333,-12.4156,0.5904,97.9700,80.3766,17.5933
"SoftPCA-F (alpha=1.00e-04, K=20/20)",2,periodavg_0678-0680,28.506667,-12.4446,1.7595,97.9487,80.3766,17.5721
"SoftPCA-F (alpha=1.00e-04, K=20/20)",2,periodavg_0678-0680,28.560000,-12.4382,1.8673,97.8783,80.3766,17.5017
"SoftPCA-F (alpha=1.00e-04, K=20/20)",2,periodavg_0678-0680,28.600000,-12.4211,2.6311,97.8642,80.3766,17.4876
"SoftPCA-F (alpha=1.00e-04, K=20/20)",2,periodavg_0678-0680,28.653333,-12.2048,2.4060,96.4915,80.3766,16.1149
"SoftPCA-F (alpha=1.00e-04, K=20/20)",2,periodavg_0678-0680,28.706667,-11.4579,1.7979,91.8023,80.3766,11.4257
"SoftPCA-F (alpha=1.00e-04, K=20/20)",2,periodavg_0678-0680,28.760000,-11.7971,2.0203,93.3777,80.3766,13.0011
"SoftPCA-F (alpha=1.00e-04, K=20/20)",2,periodavg_0678-0680,28.800000,-11.7505,1.1035,94.1635,80.3766,13.7868
"SoftPCA-F (alpha=1.00e-04, K=20/20)",2,periodavg_0678-0680,28.853333,-11.7856,2.0000,93.1661,80.3766,12.7895
"SoftPCA-F (alpha=1.00e-04, K=20/20)",2,periodavg_0678-0680,28.906667,-11.5882,2.4002,92.5650,80.3766,12.1884
"SoftPCA-F (alpha=1.00e-04, K=20/20)",2,periodavg_0678-0680,28.960000,-11.5707,1.8063,91.5119,80.3766,11.1353
"SoftPCA-F (alpha=1.00e-04, K=20/20)",2,periodavg_0678-0680,29.000000,-11.5883,1.3925,92.0126,80.3766,11.6360
"SoftPCA-F (alpha=1.00e-04, K=20/20)",2,periodavg_0678-0680,29.053333,-11.8193,1.6224,91.9952,80.3766,11.6186
"SoftPCA-F (alpha=1.00e-04, K=20/20)",2,periodavg_0678-0680,29.106667,-12.1202,1.0799,94.9869,80.3766,14.6103
"SoftPCA-F (alpha=1.00e-04, K=20/20)",2,periodavg_0678-0680,29.160000,-12.1690,1.2067,94.0770,80.3766,13.7004
"SoftPCA-F (alpha=1.00e-04, K=20/20)",2,periodavg_0678-0680,29.200000,-12.2487,2.8919,94.6201,80.3766,14.2434
"SoftPCA-F (alpha=1.00e-04, K=20/20)",2,periodavg_0678-0680,29.253333,-12.5073,0.9967,97.8253,80.3766,17.4487
"SoftPCA-F (alpha=1.00e-04, K=20/20)",2,periodavg_0678-0680,29.306667,-12.3468,1.0123,97.7805,80.3766,17.4039
"SoftPCA-F (alpha=1.00e-04, K=20/20)",2,periodavg_0678-0680,29.360000,-12.4779,1.1325,97.8147,80.3766,17.4381
"SoftPCA-F (alpha=1.00e-04, K=20/20)",2,periodavg_0678-0680,29.400000,-12.3099,1.3173,97.7781,80.3766,17.4015
"SoftPCA-F (alpha=1.00e-04, K=20/20)",2,periodavg_0678-0680,29.453333,-12.0927,1.4784,97.7919,80.3766,17.4153
"SoftPCA-F (alpha=1.00e-04, K=20/20)",2,periodavg_0678-0680,29.506667,-12.1693,1.3521,97.7811,80.3766,17.4044
"SoftPCA-F (alpha=1.00e-04, K=20/20)",2,periodavg_0678-0680,29.560000,-12.2281,1.0092,97.9271,80.3766,17.5505
"SoftPCA-F (alpha=1.00e-04, K=20/20)",2,periodavg_0678-0680,29.600000,-12.2787,1.0569,97.9207,80.3766,17.5441
"SoftPCA-F (alpha=1.00e-04, K=20/20)",2,periodavg_0678-0680,29.653333,-12.4609,1.2360,97.8584,80.3766,17.4817
"SoftPCA-F (alpha=1.00e-04, K=20/20)",2,periodavg_0678-0680,29.706667,-12.4289,2.0375,97.8579,80.3766,17.4812
"SoftPCA-F (alpha=1.00e-04, K=20/20)",2,periodavg_0678-0680,29.760000,-12.5024,1.4496,97.8128,80.3766,17.4361
"SoftPCA-F (alpha=1.00e-04, K=20/20)",2,periodavg_0678-0680,29.800000,-12.4795,1.5613,97.9495,80.3766,17.5729
"SoftPCA-F (alpha=1.00e-04, K=20/20)",2,periodavg_0678-0680,29.853333,-12.4169,1.7882,97.8796,80.3766,17.5029
"SoftPCA-F (alpha=1.00e-04, K=20/20)",2,periodavg_0678-0680,29.906667,-12.3816,1.7068,97.9095,80.3766,17.5328
"SoftPCA-F (alpha=1.00e-04, K=20/20)",2,periodavg_0678-0680,29.960000,-12.4457,1.6416,97.8883,80.3766,17.5117
"SoftPCA-F (alpha=1.00e-04, K=20/20)",2,periodavg_0678-0680,30.000000,-12.4209,1.9677,97.9152,80.3766,17.5386
"SoftPCA-F (alpha=1.00e-04, K=20/20)",3,periodavg_0927-0929,30.013333,-2.7874,-0.3141,79.3148,77.8076,1.5072
"SoftPCA-F (alpha=1.00e-04, K=20/20)",3,periodavg_0927-0929,30.053333,-3.4215,0.7594,79.5197,77.8076,1.7121
"SoftPCA-F (alpha=1.00e-04, K=20/20)",3,periodavg_0927-0929,30.106667,-4.2963,1.9555,79.9802,77.8076,2.1726
"SoftPCA-F (alpha=1.00e-04, K=20/20)",3,periodavg_0927-0929,30.160000,-5.0232,3.6631,80.6118,77.8076,2.8042
"SoftPCA-F (alpha=1.00e-04, K=20/20)",3,periodavg_0927-0929,30.200000,-5.5726,2.2517,81.1406,77.8076,3.3330
"SoftPCA-F (alpha=1.00e-04, K=20/20)",3,periodavg_0927-0929,30.253333,-6.3720,3.9741,82.1034,77.8076,4.2958
"SoftPCA-F (alpha=1.00e-04, K=20/20)",3,periodavg_0927-0929,30.306667,-7.1738,4.3894,82.8894,77.8076,5.0818
"SoftPCA-F (alpha=1.00e-04, K=20/20)",3,periodavg_0927-0929,30.360000,-7.9622,4.5682,83.5617,77.8076,5.7541
"SoftPCA-F (alpha=1.00e-04, K=20/20)",3,periodavg_0927-0929,30.400000,-8.4808,5.7770,84.1795,77.8076,6.3719
"SoftPCA-F (alpha=1.00e-04, K=20/20)",3,periodavg_0927-0929,30.453333,-9.2498,4.1434,84.8847,77.8076,7.0771
"SoftPCA-F (alpha=1.00e-04, K=20/20)",3,periodavg_0927-0929,30.506667,-9.9444,6.4124,85.5868,77.8076,7.7792
"SoftPCA-F (alpha=1.00e-04, K=20/20)",3,periodavg_0927-0929,30.560000,-10.7049,4.3723,86.6309,77.8076,8.8233
"SoftPCA-F (alpha=1.00e-04, K=20/20)",3,periodavg_0927-0929,30.600000,-11.2037,3.6539,87.0355,77.8076,9.2279
"SoftPCA-F (alpha=1.00e-04, K=20/20)",3,periodavg_0927-0929,30.653333,-11.8432,5.7666,87.3803,77.8076,9.5727
"SoftPCA-F (alpha=1.00e-04, K=20/20)",3,periodavg_0927-0929,30.706667,-12.5520,5.3039,88.0222,77.8076,10.2146
"SoftPCA-F (alpha=1.00e-04, K=20/20)",3,periodavg_0927-0929,30.760000,-13.2277,6.9789,89.3074,77.8076,11.4998
"SoftPCA-F (alpha=1.00e-04, K=20/20)",3,periodavg_0927-0929,30.800000,-13.7291,5.5153,89.7452,77.8076,11.9376
"SoftPCA-F (alpha=1.00e-04, K=20/20)",3,periodavg_0927-0929,30.853333,-14.2626,5.6540,90.3513,77.8076,12.5437
"SoftPCA-F (alpha=1.00e-04, K=20/20)",3,periodavg_0927-0929,30.906667,-14.8928,5.6141,90.8562,77.8076,13.0486
"SoftPCA-F (alpha=1.00e-04, K=20/20)",3,periodavg_0927-0929,30.960000,-15.5295,7.7753,91.3154,77.8076,13.5078
"SoftPCA-F (alpha=1.00e-04, K=20/20)",3,periodavg_0927-0929,31.000000,-15.9703,6.9269,91.5981,77.8076,13.7905
"SoftPCA-F (alpha=1.00e-04, K=20/20)",3,periodavg_0927-0929,31.053333,-16.4777,3.7479,91.8030,77.8076,13.9954
"SoftPCA-F (alpha=1.00e-04, K=20/20)",3,periodavg_0927-0929,31.106667,-17.0540,6.4741,92.7533,77.8076,14.9457
"SoftPCA-F (alpha=1.00e-04, K=20/20)",3,periodavg_0927-0929,31.160000,-17.6159,6.4128,93.2793,77.8076,15.4717
"SoftPCA-F (alpha=1.00e-04, K=20/20)",3,periodavg_0927-0929,31.200000,-17.9159,5.6472,93.4467,77.8076,15.6391
"SoftPCA-F (alpha=1.00e-04, K=20/20)",3,periodavg_0927-0929,31.253333,-18.3095,5.9918,93.9300,77.8076,16.1224
"SoftPCA-F (alpha=1.00e-04, K=20/20)",3,periodavg_0927-0929,31.306667,-18.7895,5.4335,94.2396,77.8076,16.4320
"SoftPCA-F (alpha=1.00e-04, K=20/20)",3,periodavg_0927-0929,31.360000,-19.0904,6.0273,94.6066,77.8076,16.7990
"SoftPCA-F (alpha=1.00e-04, K=20/20)",3,periodavg_0927-0929,31.400000,-19.3709,7.9444,95.0025,77.8076,17.1949
"SoftPCA-F (alpha=1.00e-04, K=20/20)",3,periodavg_0927-0929,31.453333,-19.7109,6.4862,95.3781,77.8076,17.5705
"SoftPCA-F (alpha=1.00e-04, K=20/20)",3,periodavg_0927-0929,31.506667,-20.0282,7.2595,96.0672,77.8076,18.2596
"SoftPCA-F (alpha=1.00e-04, K=20/20)",3,periodavg_0927-0929,31.560000,-20.3267,6.0189,96.8315,77.8076,19.0239
"SoftPCA-F (alpha=1.00e-04, K=20/20)",3,periodavg_0927-0929,31.600000,-20.6813,7.0325,97.0274,77.8076,19.2198
"SoftPCA-F (alpha=1.00e-04, K=20/20)",3,periodavg_0927-0929,31.653333,-20.8618,8.1966,97.6654,77.8076,19.8578
"SoftPCA-F (alpha=1.00e-04, K=20/20)",3,periodavg_0927-0929,31.706667,-21.0549,8.7607,98.2849,77.8076,20.4772
"SoftPCA-F (alpha=1.00e-04, K=20/20)",3,periodavg_0927-0929,31.760000,-21.3564,7.1059,98.5955,77.8076,20.7879
"SoftPCA-F (alpha=1.00e-04, K=20/20)",3,periodavg_0927-0929,31.800000,-21.5036,8.2623,98.7195,77.8076,20.9119
"SoftPCA-F (alpha=1.00e-04, K=20/20)",3,periodavg_0927-0929,31.853333,-21.6735,6.6893,98.8796,77.8076,21.0720
"SoftPCA-F (alpha=1.00e-04, K=20/20)",3,periodavg_0927-0929,31.906667,-21.6954,5.3558,99.1705,77.8076,21.3629
"SoftPCA-F (alpha=1.00e-04, K=20/20)",3,periodavg_0927-0929,31.960000,-21.8856,6.5153,99.3146,77.8076,21.5070
"SoftPCA-F (alpha=1.00e-04, K=20/20)",3,periodavg_0927-0929,32.000000,-22.1528,5.4466,99.4016,77.8076,21.5940
"SoftPCA-F (alpha=1.00e-04, K=20/20)",3,periodavg_0927-0929,32.053333,-22.0973,5.3658,99.5778,77.8076,21.7702
"SoftPCA-F (alpha=1.00e-04, K=20/20)",3,periodavg_0927-0929,32.106667,-22.3494,5.5338,99.8888,77.8076,22.0812
"SoftPCA-F (alpha=1.00e-04, K=20/20)",3,periodavg_0927-0929,32.160000,-22.4027,7.0566,99.9926,77.8076,22.1850
"SoftPCA-F (alpha=1.00e-04, K=20/20)",3,periodavg_0927-0929,32.200000,-22.3442,5.8462,100.1871,77.8076,22.3795
"SoftPCA-F (alpha=1.00e-04, K=20/20)",3,periodavg_0927-0929,32.253333,-22.4659,5.5940,100.3378,77.8076,22.5302
"SoftPCA-F (alpha=1.00e-04, K=20/20)",3,periodavg_0927-0929,32.306667,-22.6426,6.4245,100.5188,77.8076,22.7112
"SoftPCA-F (alpha=1.00e-04, K=20/20)",3,periodavg_0927-0929,32.360000,-22.7148,6.4558,99.9645,77.8076,22.1569
"SoftPCA-F (alpha=1.00e-04, K=20/20)",3,periodavg_0927-0929,32.400000,-22.8842,5.4620,100.9781,77.8076,23.1705
"SoftPCA-F (alpha=1.00e-04, K=20/20)",3,periodavg_0927-0929,32.453333,-22.8911,5.1414,101.0998,77.8076,23.2922
"SoftPCA-F (alpha=1.00e-04, K=20/20)",3,periodavg_0927-0929,32.506667,-22.9230,5.6611,101.0581,77.8076,23.2505
"SoftPCA-F (alpha=1.00e-04, K=20/20)",3,periodavg_0927-0929,32.560000,-22.7192,3.9391,99.8562,77.8076,22.0486
"SoftPCA-F (alpha=1.00e-04, K=20/20)",3,periodavg_0927-0929,32.600000,-22.7075,7.3207,99.5092,77.8076,21.7016
"SoftPCA-F (alpha=1.00e-04, K=20/20)",3,periodavg_0927-0929,32.653333,-22.9310,5.7992,99.9899,77.8076,22.1823
"SoftPCA-F (alpha=1.00e-04, K=20/20)",3,periodavg_0927-0929,32.706667,-22.9212,8.0478,99.9511,77.8076,22.1435
"SoftPCA-F (alpha=1.00e-04, K=20/20)",3,periodavg_0927-0929,32.760000,-22.6904,5.8050,96.1802,77.8076,18.3726
"SoftPCA-F (alpha=1.00e-04, K=20/20)",3,periodavg_0927-0929,32.800000,-22.9516,3.9721,98.8392,77.8076,21.0316
"SoftPCA-F (alpha=1.00e-04, K=20/20)",3,periodavg_0927-0929,32.853333,-22.9496,7.1435,99.4254,77.8076,21.6178
"SoftPCA-F (alpha=1.00e-04, K=20/20)",3,periodavg_0927-0929,32.906667,-23.1066,4.7679,101.4392,77.8076,23.6316
"SoftPCA-F (alpha=1.00e-04, K=20/20)",3,periodavg_0927-0929,32.960000,-23.1179,4.8143,99.3618,77.8076,21.5542
"SoftPCA-F (alpha=1.00e-04, K=20/20)",3,periodavg_0927-0929,33.000000,-23.1519,5.9434,100.1494,77.8076,22.3418
"SoftPCA-F (alpha=1.00e-04, K=20/20)",3,periodavg_0927-0929,33.053333,-23.3022,8.6925,100.4240,77.8076,22.6164
"SoftPCA-F (alpha=1.00e-04, K=20/20)",3,periodavg_0927-0929,33.106667,-23.3694,6.9552,100.2968,77.8076,22.4892
"SoftPCA-F (alpha=1.00e-04, K=20/20)",3,periodavg_0927-0929,33.160000,-23.3972,6.7852,99.5961,77.8076,21.7885
"SoftPCA-F (alpha=1.00e-04, K=20/20)",3,periodavg_0927-0929,33.200000,-23.2426,7.4062,98.7882,77.8076,20.9806
"SoftPCA-F (alpha=1.00e-04, K=20/20)",3,periodavg_0927-0929,33.253333,-23.1509,7.6268,99.3720,77.8076,21.5644
"SoftPCA-F (alpha=1.00e-04, K=20/20)",3,periodavg_0927-0929,33.306667,-23.1897,6.7930,100.9863,77.8076,23.1787
"SoftPCA-F (alpha=1.00e-04, K=20/20)",3,periodavg_0927-0929,33.360000,-23.2747,7.6206,98.4354,77.8076,20.6278
"SoftPCA-F (alpha=1.00e-04, K=20/20)",3,periodavg_0927-0929,33.400000,-23.4433,5.9901,100.4989,77.8076,22.6913
"SoftPCA-F (alpha=1.00e-04, K=20/20)",3,periodavg_0927-0929,33.453333,-23.3772,6.1997,101.5640,77.8076,23.7564
"SoftPCA-F (alpha=1.00e-04, K=20/20)",3,periodavg_0927-0929,33.506667,-23.1812,7.0697,100.2627,77.8076,22.4551
"SoftPCA-F (alpha=1.00e-04, K=20/20)",3,periodavg_0927-0929,33.560000,-23.0154,6.9778,99.7200,77.8076,21.9124
"SoftPCA-F (alpha=1.00e-04, K=20/20)",3,periodavg_0927-0929,33.600000,-22.9643,5.2591,102.5717,77.8076,24.7641
"SoftPCA-F (alpha=1.00e-04, K=20/20)",3,periodavg_0927-0929,33.653333,-22.9730,4.6974,102.3208,77.8076,24.5132
"SoftPCA-F (alpha=1.00e-04, K=20/20)",3,periodavg_0927-0929,33.706667,-23.0871,6.7539,102.2919,77.8076,24.4843
"SoftPCA-F (alpha=1.00e-04, K=20/20)",3,periodavg_0927-0929,33.760000,-22.7379,5.7439,101.7779,77.8076,23.9703
"SoftPCA-F (alpha=1.00e-04, K=20/20)",3,periodavg_0927-0929,33.800000,-22.7619,5.4981,102.2894,77.8076,24.4818
"SoftPCA-F (alpha=1.00e-04, K=20/20)",3,periodavg_0927-0929,33.853333,-22.7225,5.6608,102.4536,77.8076,24.6460
"SoftPCA-F (alpha=1.00e-04, K=20/20)",3,periodavg_0927-0929,33.906667,-22.8827,6.0543,102.3973,77.8076,24.5897
"SoftPCA-F (alpha=1.00e-04, K=20/20)",3,periodavg_0927-0929,33.960000,-22.9272,5.0130,102.4239,77.8076,24.6163
"SoftPCA-F (alpha=1.00e-04, K=20/20)",3,periodavg_0927-0929,34.000000,-22.9775,7.6923,100.9164,77.8076,23.1088
"SoftPCA-F (alpha=1.00e-04, K=20/20)",3,periodavg_0927-0929,34.053333,-23.1466,6.4801,102.6053,77.8076,24.7977
"SoftPCA-F (alpha=1.00e-04, K=20/20)",3,periodavg_0927-0929,34.106667,-23.1643,7.9098,101.1623,77.8076,23.3547
"SoftPCA-F (alpha=1.00e-04, K=20/20)",3,periodavg_0927-0929,34.160000,-23.2080,6.5610,101.7534,77.8076,23.9458
"SoftPCA-F (alpha=1.00e-04, K=20/20)",3,periodavg_0927-0929,34.200000,-23.1993,6.7325,102.1419,77.8076,24.3343
"SoftPCA-F (alpha=1.00e-04, K=20/20)",3,periodavg_0927-0929,34.253333,-23.3314,6.9357,101.4914,77.8076,23.6838
"SoftPCA-F (alpha=1.00e-04, K=20/20)",3,periodavg_0927-0929,34.306667,-23.1806,5.1069,100.3354,77.8076,22.5278
"SoftPCA-F (alpha=1.00e-04, K=20/20)",3,periodavg_0927-0929,34.360000,-23.2533,8.1201,101.0513,77.8076,23.2437
"SoftPCA-F (alpha=1.00e-04, K=20/20)",3,periodavg_0927-0929,34.400000,-23.1247,4.0042,101.4412,77.8076,23.6336
"SoftPCA-F (alpha=1.00e-04, K=20/20)",3,periodavg_0927-0929,34.453333,-23.2580,5.6105,100.5870,77.8076,22.7794
"SoftPCA-F (alpha=1.00e-04, K=20/20)",3,periodavg_0927-0929,34.506667,-23.4356,6.5606,102.1171,77.8076,24.3095
"SoftPCA-F (alpha=1.00e-04, K=20/20)",3,periodavg_0927-0929,34.560000,-23.3072,6.6920,100.3192,77.8076,22.5116
"SoftPCA-F (alpha=1.00e-04, K=20/20)",3,periodavg_0927-0929,34.600000,-23.2318,7.9190,99.9905,77.8076,22.1829
"SoftPCA-F (alpha=1.00e-04, K=20/20)",3,periodavg_0927-0929,34.653333,-23.2909,8.1699,100.5550,77.8076,22.7474
"SoftPCA-F (alpha=1.00e-04, K=20/20)",3,periodavg_0927-0929,34.706667,-23.4704,7.3157,101.5175,77.8076,23.7099
"SoftPCA-F (alpha=1.00e-04, K=20/20)",3,periodavg_0927-0929,34.760000,-23.1901,7.8282,100.2232,77.8076,22.4156
"SoftPCA-F (alpha=1.00e-04, K=20/20)",3,periodavg_0927-0929,34.800000,-23.3812,6.4470,99.9031,77.8076,22.0955
"SoftPCA-F (alpha=1.00e-04, K=20/20)",3,periodavg_0927-0929,34.853333,-23.1925,7.2178,99.9305,77.8076,22.1229
"SoftPCA-F (alpha=1.00e-04, K=20/20)",3,periodavg_0927-0929,34.906667,-23.1883,6.4511,98.0350,77.8076,20.2274
"SoftPCA-F (alpha=1.00e-04, K=20/20)",3,periodavg_0927-0929,34.960000,-23.3365,7.3305,97.7884,77.8076,19.9808
"SoftPCA-F (alpha=1.00e-04, K=20/20)",3,periodavg_0927-0929,35.000000,-23.2650,7.1879,97.9378,77.8076,20.1302
"SoftPCA-F (alpha=1.00e-04, K=20/20)",3,periodavg_0927-0929,35.053333,-23.2681,7.0844,99.1503,77.8076,21.3427
"SoftPCA-F (alpha=1.00e-04, K=20/20)",3,periodavg_0927-0929,35.106667,-23.4692,4.6206,101.6974,77.8076,23.8898
"SoftPCA-F (alpha=1.00e-04, K=20/20)",3,periodavg_0927-0929,35.160000,-23.4168,6.9638,101.2449,77.8076,23.4373
"SoftPCA-F (alpha=1.00e-04, K=20/20)",3,periodavg_0927-0929,35.200000,-23.3399,6.0335,99.5592,77.8076,21.7516
"SoftPCA-F (alpha=1.00e-04, K=20/20)",3,periodavg_0927-0929,35.253333,-23.5854,5.4307,99.6692,77.8076,21.8616
"SoftPCA-F (alpha=1.00e-04, K=20/20)",3,periodavg_0927-0929,35.306667,-23.5086,6.6795,99.3520,77.8076,21.5444
"SoftPCA-F (alpha=1.00e-04, K=20/20)",3,periodavg_0927-0929,35.360000,-23.4488,7.9690,99.8503,77.8076,22.0427
"SoftPCA-F (alpha=1.00e-04, K=20/20)",3,periodavg_0927-0929,35.400000,-23.4661,7.3008,99.7617,77.8076,21.9541
"SoftPCA-F (alpha=1.00e-04, K=20/20)",3,periodavg_0927-0929,35.453333,-23.4455,5.8007,101.2554,77.8076,23.4478
"SoftPCA-F (alpha=1.00e-04, K=20/20)",3,periodavg_0927-0929,35.506667,-23.4970,8.1275,101.4194,77.8076,23.6118
"SoftPCA-F (alpha=1.00e-04, K=20/20)",3,periodavg_0927-0929,35.560000,-23.4188,6.9132,101.8825,77.8076,24.0749
"SoftPCA-F (alpha=1.00e-04, K=20/20)",3,periodavg_0927-0929,35.600000,-23.4170,3.2129,102.8038,77.8076,24.9962
"SoftPCA-F (alpha=1.00e-04, K=20/20)",3,periodavg_0927-0929,35.653333,-23.5357,5.0635,102.8831,77.8076,25.0755
"SoftPCA-F (alpha=1.00e-04, K=20/20)",3,periodavg_0927-0929,35.706667,-23.4856,5.1173,103.5918,77.8076,25.7842
"SoftPCA-F (alpha=1.00e-04, K=20/20)",3,periodavg_0927-0929,35.760000,-23.5909,7.1274,100.1335,77.8076,22.3259
"SoftPCA-F (alpha=1.00e-04, K=20/20)",3,periodavg_0927-0929,35.800000,-23.6042,6.9491,100.6437,77.8076,22.8361
"SoftPCA-F (alpha=1.00e-04, K=20/20)",3,periodavg_0927-0929,35.853333,-22.7788,4.8309,99.4245,77.8076,21.6169
"SoftPCA-F (alpha=1.00e-04, K=20/20)",3,periodavg_0927-0929,35.906667,-22.9573,4.8905,101.3846,77.8076,23.5770
"SoftPCA-F (alpha=1.00e-04, K=20/20)",3,periodavg_0927-0929,35.960000,-23.2987,5.6456,103.1801,77.8076,25.3725
"SoftPCA-F (alpha=1.00e-04, K=20/20)",3,periodavg_0927-0929,36.000000,-23.3604,5.0724,101.7497,77.8076,23.9421
"SoftPCA-F (alpha=1.00e-04, K=20/20)",3,periodavg_0927-0929,36.053333,-23.4964,7.6251,102.6982,77.8076,24.8906
"SoftPCA-F (alpha=1.00e-04, K=20/20)",3,periodavg_0927-0929,36.106667,-23.5588,5.8698,100.3336,77.8076,22.5260
"SoftPCA-F (alpha=1.00e-04, K=20/20)",3,periodavg_0927-0929,36.160000,-23.5008,5.8607,99.0873,77.8076,21.2797
"SoftPCA-F (alpha=1.00e-04, K=20/20)",3,periodavg_0927-0929,36.200000,-23.5200,6.9159,99.3031,77.8076,21.4955
"SoftPCA-F (alpha=1.00e-04, K=20/20)",3,periodavg_0927-0929,36.253333,-23.4939,6.8805,99.1931,77.8076,21.3855
"SoftPCA-F (alpha=1.00e-04, K=20/20)",3,periodavg_0927-0929,36.306667,-23.3300,6.1867,98.4433,77.8076,20.6357
"SoftPCA-F (alpha=1.00e-04, K=20/20)",3,periodavg_0927-0929,36.360000,-23.4710,6.2790,97.8710,77.8076,20.0634
"SoftPCA-F (alpha=1.00e-04, K=20/20)",3,periodavg_0927-0929,36.400000,-23.3531,6.5710,98.1274,77.8076,20.3198
"SoftPCA-F (alpha=1.00e-04, K=20/20)",3,periodavg_0927-0929,36.453333,-23.2345,8.9914,96.6654,77.8076,18.8578
"SoftPCA-F (alpha=1.00e-04, K=20/20)",3,periodavg_0927-0929,36.506667,-23.4107,6.2068,97.1619,77.8076,19.3543
"SoftPCA-F (alpha=1.00e-04, K=20/20)",3,periodavg_0927-0929,36.560000,-23.2130,7.5056,97.4614,77.8076,19.6538
"SoftPCA-F (alpha=1.00e-04, K=20/20)",3,periodavg_0927-0929,36.600000,-23.1551,6.5969,97.2328,77.8076,19.4252
"SoftPCA-F (alpha=1.00e-04, K=20/20)",3,periodavg_0927-0929,36.653333,-23.1336,5.2731,97.3851,77.8076,19.5775
"SoftPCA-F (alpha=1.00e-04, K=20/20)",3,periodavg_0927-0929,36.706667,-23.3477,5.1599,98.4663,77.8076,20.6587
"SoftPCA-F (alpha=1.00e-04, K=20/20)",3,periodavg_0927-0929,36.760000,-23.2522,5.6099,98.4242,77.8076,20.6166
"SoftPCA-F (alpha=1.00e-04, K=20/20)",3,periodavg_0927-0929,36.800000,-23.3691,4.0747,98.7955,77.8076,20.9879
"SoftPCA-F (alpha=1.00e-04, K=20/20)",3,periodavg_0927-0929,36.853333,-23.4008,6.3554,98.5759,77.8076,20.7683
"SoftPCA-F (alpha=1.00e-04, K=20/20)",3,periodavg_0927-0929,36.906667,-23.5562,6.2771,99.8007,77.8076,21.9931
"SoftPCA-F (alpha=1.00e-04, K=20/20)",3,periodavg_0927-0929,36.960000,-23.4360,5.3798,103.5751,77.8076,25.7675
"SoftPCA-F (alpha=1.00e-04, K=20/20)",3,periodavg_0927-0929,37.000000,-23.3823,5.3081,103.6012,77.8076,25.7936
"SoftPCA-F (alpha=1.00e-04, K=20/20)",3,periodavg_0927-0929,37.053333,-23.5018,6.9931,103.6530,77.8076,25.8454
"SoftPCA-F (alpha=1.00e-04, K=20/20)",3,periodavg_0927-0929,37.106667,-23.5529,7.7104,102.0401,77.8076,24.2325
"SoftPCA-F (alpha=1.00e-04, K=20/20)",3,periodavg_0927-0929,37.160000,-23.5404,5.8358,103.5428,77.8076,25.7352
"SoftPCA-F (alpha=1.00e-04, K=20/20)",3,periodavg_0927-0929,37.200000,-23.4881,4.9118,101.2641,77.8076,23.4565
"SoftPCA-F (alpha=1.00e-04, K=20/20)",3,periodavg_0927-0929,37.253333,-23.4365,6.2730,101.2430,77.8076,23.4354
"SoftPCA-F (alpha=1.00e-04, K=20/20)",3,periodavg_0927-0929,37.306667,-23.4209,8.0319,100.3732,77.8076,22.5656
"SoftPCA-F (alpha=1.00e-04, K=20/20)",3,periodavg_0927-0929,37.360000,-23.4443,5.6648,101.1075,77.8076,23.2999
"SoftPCA-F (alpha=1.00e-04, K=20/20)",3,periodavg_0927-0929,37.400000,-23.2330,5.9906,99.6376,77.8076,21.8300
"SoftPCA-F (alpha=1.00e-04, K=20/20)",3,periodavg_0927-0929,37.453333,-23.4506,5.1283,99.8315,77.8076,22.0239
"SoftPCA-F (alpha=1.00e-04, K=20/20)",3,periodavg_0927-0929,37.506667,-23.3192,4.0815,98.0083,77.8076,20.2007
"SoftPCA-F (alpha=1.00e-04, K=20/20)",3,periodavg_0927-0929,37.560000,-23.1144,6.3265,97.2105,77.8076,19.4029
"SoftPCA-F (alpha=1.00e-04, K=20/20)",3,periodavg_0927-0929,37.600000,-23.2475,5.2919,97.0660,77.8076,19.2584
"SoftPCA-F (alpha=1.00e-04, K=20/20)",3,periodavg_0927-0929,37.653333,-23.1745,4.5386,96.4837,77.8076,18.6761
"SoftPCA-F (alpha=1.00e-04, K=20/20)",3,periodavg_0927-0929,37.706667,-23.5510,6.2007,99.8872,77.8076,22.0796
"SoftPCA-F (alpha=1.00e-04, K=20/20)",3,periodavg_0927-0929,37.760000,-23.7252,5.0804,100.9283,77.8076,23.1207
"SoftPCA-F (alpha=1.00e-04, K=20/20)",3,periodavg_0927-0929,37.800000,-23.6351,8.3451,101.7015,77.8076,23.8939
"SoftPCA-F (alpha=1.00e-04, K=20/20)",3,periodavg_0927-0929,37.853333,-23.6900,6.5120,101.6944,77.8076,23.8868
"SoftPCA-F (alpha=1.00e-04, K=20/20)",3,periodavg_0927-0929,37.906667,-23.6495,5.1078,101.5815,77.8076,23.7739
"SoftPCA-F (alpha=1.00e-04, K=20/20)",3,periodavg_0927-0929,37.960000,-23.5761,6.2488,103.6791,77.8076,25.8715
"SoftPCA-F (alpha=1.00e-04, K=20/20)",3,periodavg_0927-0929,38.000000,-23.6034,7.8414,100.0987,77.8076,22.2911
"SoftPCA-F (alpha=1.00e-04, K=20/20)",3,periodavg_0927-0929,38.053333,-23.5394,5.7433,100.5835,77.8076,22.7759
"SoftPCA-F (alpha=1.00e-04, K=20/20)",3,periodavg_0927-0929,38.106667,-23.5663,5.1767,100.8670,77.8076,23.0594
"SoftPCA-F (alpha=1.00e-04, K=20/20)",3,periodavg_0927-0929,38.160000,-23.5872,6.6398,100.3215,77.8076,22.5139
"SoftPCA-F (alpha=1.00e-04, K=20/20)",3,periodavg_0927-0929,38.200000,-23.4974,5.8976,99.9503,77.8076,22.1427
"SoftPCA-F (alpha=1.00e-04, K=20/20)",3,periodavg_0927-0929,38.253333,-23.5986,6.9229,100.9105,77.8076,23.1029
"SoftPCA-F (alpha=1.00e-04, K=20/20)",3,periodavg_0927-0929,38.306667,-23.5603,7.4735,101.3194,77.8076,23.5118
"SoftPCA-F (alpha=1.00e-04, K=20/20)",3,periodavg_0927-0929,38.360000,-23.3808,5.4254,100.0291,77.8076,22.2215
"SoftPCA-F (alpha=1.00e-04, K=20/20)",3,periodavg_0927-0929,38.400000,-23.1804,6.0954,98.4393,77.8076,20.6317
"SoftPCA-F (alpha=1.00e-04, K=20/20)",3,periodavg_0927-0929,38.453333,-23.2900,6.5976,99.8809,77.8076,22.0733
"SoftPCA-F (alpha=1.00e-04, K=20/20)",3,periodavg_0927-0929,38.506667,-23.4610,4.2772,103.6135,77.8076,25.8059
"SoftPCA-F (alpha=1.00e-04, K=20/20)",3,periodavg_0927-0929,38.560000,-23.2035,5.0143,100.0712,77.8076,22.2636
"SoftPCA-F (alpha=1.00e-04, K=20/20)",3,periodavg_0927-0929,38.600000,-23.4855,4.7029,102.5371,77.8076,24.7295
"SoftPCA-F (alpha=1.00e-04, K=20/20)",3,periodavg_0927-0929,38.653333,-23.5858,7.0837,101.1245,77.8076,23.3169
"SoftPCA-F (alpha=1.00e-04, K=20/20)",3,periodavg_0927-0929,38.706667,-23.5376,5.6903,101.2377,77.8076,23.4301
"SoftPCA-F (alpha=1.00e-04, K=20/20)",3,periodavg_0927-0929,38.760000,-23.5208,6.3257,100.3976,77.8076,22.5900
"SoftPCA-F (alpha=1.00e-04, K=20/20)",3,periodavg_0927-0929,38.800000,-23.5520,8.7459,99.3567,77.8076,21.5491
"SoftPCA-F (alpha=1.00e-04, K=20/20)",3,periodavg_0927-0929,38.853333,-23.3872,4.6650,99.0857,77.8076,21.2781
"SoftPCA-F (alpha=1.00e-04, K=20/20)",3,periodavg_0927-0929,38.906667,-23.3210,5.9555,98.8202,77.8076,21.0126
"SoftPCA-F (alpha=1.00e-04, K=20/20)",3,periodavg_0927-0929,38.960000,-23.3460,6.9079,98.0583,77.8076,20.2507
"SoftPCA-F (alpha=1.00e-04, K=20/20)",3,periodavg_0927-0929,39.000000,-23.3978,7.8982,98.0673,77.8076,20.2597
"SoftPCA-F (alpha=1.00e-04, K=20/20)",3,periodavg_0927-0929,39.053333,-23.2252,7.3458,97.2880,77.8076,19.4804
"SoftPCA-F (alpha=1.00e-04, K=20/20)",3,periodavg_0927-0929,39.106667,-22.9032,5.6924,96.6240,77.8076,18.8164
"SoftPCA-F (alpha=1.00e-04, K=20/20)",3,periodavg_0927-0929,39.160000,-22.7163,4.8403,94.1518,77.8076,16.3442
"SoftPCA-F (alpha=1.00e-04, K=20/20)",3,periodavg_0927-0929,39.200000,-22.7955,5.0273,93.4472,77.8076,15.6396
"SoftPCA-F (alpha=1.00e-04, K=20/20)",3,periodavg_0927-0929,39.253333,-23.0092,5.5148,94.2673,77.8076,16.4597
"SoftPCA-F (alpha=1.00e-04, K=20/20)",3,periodavg_0927-0929,39.306667,-23.1452,6.5329,95.2119,77.8076,17.4043
"SoftPCA-F (alpha=1.00e-04, K=20/20)",3,periodavg_0927-0929,39.360000,-23.1234,7.1444,95.6676,77.8076,17.8600
"SoftPCA-F (alpha=1.00e-04, K=20/20)",3,periodavg_0927-0929,39.400000,-22.7834,5.3733,93.6153,77.8076,15.8077
"SoftPCA-F (alpha=1.00e-04, K=20/20)",3,periodavg_0927-0929,39.453333,-23.4694,4.9103,101.0449,77.8076,23.2373
"SoftPCA-F (alpha=1.00e-04, K=20/20)",3,periodavg_0927-0929,39.506667,-23.4880,5.3994,101.1998,77.8076,23.3922
"SoftPCA-F (alpha=1.00e-04, K=20/20)",3,periodavg_0927-0929,39.560000,-23.6447,7.1419,101.0469,77.8076,23.2393
"SoftPCA-F (alpha=1.00e-04, K=20/20)",3,periodavg_0927-0929,39.600000,-23.6340,5.7086,101.4277,77.8076,23.6201
"SoftPCA-F (alpha=1.00e-04, K=20/20)",3,periodavg_0927-0929,39.653333,-23.5936,4.7662,101.2666,77.8076,23.4590
"SoftPCA-F (alpha=1.00e-04, K=20/20)",3,periodavg_0927-0929,39.706667,-23.7444,6.9108,101.4856,77.8076,23.6780
"SoftPCA-F (alpha=1.00e-04, K=20/20)",3,periodavg_0927-0929,39.760000,-23.6511,6.7157,99.9324,77.8076,22.1248
"SoftPCA-F (alpha=1.00e-04, K=20/20)",3,periodavg_0927-0929,39.800000,-23.6097,7.3335,99.2874,77.8076,21.4798
"SoftPCA-F (alpha=1.00e-04, K=20/20)",3,periodavg_0927-0929,39.853333,-23.4808,8.1830,98.9953,77.8076,21.1877
"SoftPCA-F (alpha=1.00e-04, K=20/20)",3,periodavg_0927-0929,39.906667,-23.5030,4.3459,102.2623,77.8076,24.4547
"SoftPCA-F (alpha=1.00e-04, K=20/20)",3,periodavg_0927-0929,39.960000,-23.2954,5.7494,99.4609,77.8076,21.6533
"SoftPCA-F (alpha=1.00e-04, K=20/20)",3,periodavg_0927-0929,40.000000,-23.4227,5.6764,100.9050,77.8076,23.0974
"SoftPCA-F (alpha=1.00e-04, K=20/20)",4,periodavg_0873-0875,40.013333,-13.2037,-1.2330,84.8472,78.8996,5.9476
"SoftPCA-F (alpha=1.00e-04, K=20/20)",4,periodavg_0873-0875,40.053333,-14.0298,2.9495,85.9037,78.8996,7.0041
"SoftPCA-F (alpha=1.00e-04, K=20/20)",4,periodavg_0873-0875,40.106667,-14.8844,4.4691,86.9328,78.8996,8.0332
"SoftPCA-F (alpha=1.00e-04, K=20/20)",4,periodavg_0873-0875,40.160000,-16.0631,2.6507,89.7866,78.8996,10.8870
"SoftPCA-F (alpha=1.00e-04, K=20/20)",4,periodavg_0873-0875,40.200000,-16.6270,5.4275,91.1454,78.8996,12.2458
"SoftPCA-F (alpha=1.00e-04, K=20/20)",4,periodavg_0873-0875,40.253333,-17.4080,3.4332,92.7261,78.8996,13.8265
"SoftPCA-F (alpha=1.00e-04, K=20/20)",4,periodavg_0873-0875,40.306667,-18.0913,4.6550,93.2481,78.8996,14.3485
"SoftPCA-F (alpha=1.00e-04, K=20/20)",4,periodavg_0873-0875,40.360000,-18.6457,3.6894,93.9213,78.8996,15.0217
"SoftPCA-F (alpha=1.00e-04, K=20/20)",4,periodavg_0873-0875,40.400000,-18.8968,8.0252,94.2079,78.8996,15.3083
"SoftPCA-F (alpha=1.00e-04, K=20/20)",4,periodavg_0873-0875,40.453333,-19.3992,4.4282,94.7227,78.8996,15.8231
"SoftPCA-F (alpha=1.00e-04, K=20/20)",4,periodavg_0873-0875,40.506667,-19.6100,5.6022,95.1721,78.8996,16.2725
"SoftPCA-F (alpha=1.00e-04, K=20/20)",4,periodavg_0873-0875,40.560000,-19.6400,5.7952,95.3445,78.8996,16.4449
"SoftPCA-F (alpha=1.00e-04, K=20/20)",4,periodavg_0873-0875,40.600000,-19.8445,4.4133,95.2856,78.8996,16.3860
"SoftPCA-F (alpha=1.00e-04, K=20/20)",4,periodavg_0873-0875,40.653333,-20.3783,4.7876,95.5669,78.8996,16.6673
"SoftPCA-F (alpha=1.00e-04, K=20/20)",4,periodavg_0873-0875,40.706667,-20.8133,3.5169,95.9194,78.8996,17.0198
"SoftPCA-F (alpha=1.00e-04, K=20/20)",4,periodavg_0873-0875,40.760000,-20.9833,5.7200,95.9479,78.8996,17.0483
"SoftPCA-F (alpha=1.00e-04, K=20/20)",4,periodavg_0873-0875,40.800000,-21.0521,6.6416,96.4542,78.8996,17.5546
"SoftPCA-F (alpha=1.00e-04, K=20/20)",4,periodavg_0873-0875,40.853333,-21.1937,5.5816,96.7554,78.8996,17.8558
"SoftPCA-F (alpha=1.00e-04, K=20/20)",4,periodavg_0873-0875,40.906667,-21.4695,4.6693,97.3881,78.8996,18.4885
"SoftPCA-F (alpha=1.00e-04, K=20/20)",4,periodavg_0873-0875,40.960000,-21.5841,4.9133,98.3268,78.8996,19.4272
"SoftPCA-F (alpha=1.00e-04, K=20/20)",4,periodavg_0873-0875,41.000000,-21.8314,5.1156,99.0202,78.8996,20.1206
"SoftPCA-F (alpha=1.00e-04, K=20/20)",4,periodavg_0873-0875,41.053333,-21.8947,4.7699,99.1194,78.8996,20.2198
"SoftPCA-F (alpha=1.00e-04, K=20/20)",4,periodavg_0873-0875,41.106667,-22.0395,5.7840,98.8970,78.8996,19.9974
"SoftPCA-F (alpha=1.00e-04, K=20/20)",4,periodavg_0873-0875,41.160000,-22.0721,4.0640,98.6670,78.8996,19.7674
"SoftPCA-F (alpha=1.00e-04, K=20/20)",4,periodavg_0873-0875,41.200000,-21.7872,5.0259,98.7908,78.8996,19.8912
"SoftPCA-F (alpha=1.00e-04, K=20/20)",4,periodavg_0873-0875,41.253333,-21.8380,4.0842,98.8670,78.8996,19.9674
"SoftPCA-F (alpha=1.00e-04, K=20/20)",4,periodavg_0873-0875,41.306667,-22.0455,3.8406,99.1094,78.8996,20.2098
"SoftPCA-F (alpha=1.00e-04, K=20/20)",4,periodavg_0873-0875,41.360000,-22.1524,4.0344,99.4176,78.8996,20.5180
"SoftPCA-F (alpha=1.00e-04, K=20/20)",4,periodavg_0873-0875,41.400000,-22.2172,6.1995,99.4542,78.8996,20.5546
"SoftPCA-F (alpha=1.00e-04, K=20/20)",4,periodavg_0873-0875,41.453333,-22.3173,5.2555,99.5908,78.8996,20.6912
"SoftPCA-F (alpha=1.00e-04, K=20/20)",4,periodavg_0873-0875,41.506667,-22.3277,3.2248,99.7813,78.8996,20.8817
"SoftPCA-F (alpha=1.00e-04, K=20/20)",4,periodavg_0873-0875,41.560000,-22.3680,4.7977,100.0489,78.8996,21.1493
"SoftPCA-F (alpha=1.00e-04, K=20/20)",4,periodavg_0873-0875,41.600000,-22.4208,4.3090,100.4748,78.8996,21.5752
"SoftPCA-F (alpha=1.00e-04, K=20/20)",4,periodavg_0873-0875,41.653333,-22.1085,4.6054,100.4711,78.8996,21.5715
"SoftPCA-F (alpha=1.00e-04, K=20/20)",4,periodavg_0873-0875,41.706667,-22.0733,2.5274,100.2961,78.8996,21.3965
"SoftPCA-F (alpha=1.00e-04, K=20/20)",4,periodavg_0873-0875,41.760000,-21.8968,4.6944,100.2863,78.8996,21.3867
"SoftPCA-F (alpha=1.00e-04, K=20/20)",4,periodavg_0873-0875,41.800000,-21.9015,5.6913,99.8210,78.8996,20.9214
"SoftPCA-F (alpha=1.00e-04, K=20/20)",4,periodavg_0873-0875,41.853333,-22.1351,3.1452,99.8492,78.8996,20.9496
"SoftPCA-F (alpha=1.00e-04, K=20/20)",4,periodavg_0873-0875,41.906667,-21.8163,5.0629,100.0988,78.8996,21.1992
"SoftPCA-F (alpha=1.00e-04, K=20/20)",4,periodavg_0873-0875,41.960000,-21.9897,5.2474,99.9392,78.8996,21.0396
"SoftPCA-F (alpha=1.00e-04, K=20/20)",4,periodavg_0873-0875,42.000000,-21.9059,4.3474,100.1887,78.8996,21.2891
"SoftPCA-F (alpha=1.00e-04, K=20/20)",4,periodavg_0873-0875,42.053333,-21.7964,5.9300,99.9239,78.8996,21.0243
"SoftPCA-F (alpha=1.00e-04, K=20/20)",4,periodavg_0873-0875,42.106667,-21.2453,4.0042,100.0352,78.8996,21.1356
"SoftPCA-F (alpha=1.00e-04, K=20/20)",4,periodavg_0873-0875,42.160000,-21.2964,4.4388,100.0031,78.8996,21.1035
"SoftPCA-F (alpha=1.00e-04, K=20/20)",4,periodavg_0873-0875,42.200000,-21.2239,4.4610,100.2167,78.8996,21.3171
"SoftPCA-F (alpha=1.00e-04, K=20/20)",4,periodavg_0873-0875,42.253333,-21.4728,4.0904,99.9745,78.8996,21.0748
"SoftPCA-F (alpha=1.00e-04, K=20/20)",4,periodavg_0873-0875,42.306667,-21.7942,4.3559,100.0918,78.8996,21.1922
"SoftPCA-F (alpha=1.00e-04, K=20/20)",4,periodavg_0873-0875,42.360000,-22.0709,4.3170,100.6204,78.8996,21.7208
"SoftPCA-F (alpha=1.00e-04, K=20/20)",4,periodavg_0873-0875,42.400000,-22.1039,6.8778,100.5385,78.8996,21.6389
"SoftPCA-F (alpha=1.00e-04, K=20/20)",4,periodavg_0873-0875,42.453333,-21.9889,5.8822,100.8026,78.8996,21.9030
"SoftPCA-F (alpha=1.00e-04, K=20/20)",4,periodavg_0873-0875,42.506667,-22.0943,5.4650,100.5839,78.8996,21.6843
"SoftPCA-F (alpha=1.00e-04, K=20/20)",4,periodavg_0873-0875,42.560000,-21.4006,3.0533,101.0995,78.8996,22.1999
"SoftPCA-F (alpha=1.00e-04, K=20/20)",4,periodavg_0873-0875,42.600000,-21.6129,4.8342,101.0856,78.8996,22.1860
"SoftPCA-F (alpha=1.00e-04, K=20/20)",4,periodavg_0873-0875,42.653333,-21.1915,4.0672,101.4544,78.8996,22.5548
"SoftPCA-F (alpha=1.00e-04, K=20/20)",4,periodavg_0873-0875,42.706667,-21.1755,5.6084,101.2807,78.8996,22.3811
"SoftPCA-F (alpha=1.00e-04, K=20/20)",4,periodavg_0873-0875,42.760000,-21.1663,4.5417,97.8351,78.8996,18.9355
"SoftPCA-F (alpha=1.00e-04, K=20/20)",4,periodavg_0873-0875,42.800000,-21.7078,4.6264,99.0510,78.8996,20.1514
"SoftPCA-F (alpha=1.00e-04, K=20/20)",4,periodavg_0873-0875,42.853333,-21.8454,4.7502,100.6938,78.8996,21.7942
"SoftPCA-F (alpha=1.00e-04, K=20/20)",4,periodavg_0873-0875,42.906667,-22.0556,5.7243,101.1038,78.8996,22.2042
"SoftPCA-F (alpha=1.00e-04, K=20/20)",4,periodavg_0873-0875,42.960000,-22.1312,3.9838,100.9000,78.8996,22.0004
"SoftPCA-F (alpha=1.00e-04, K=20/20)",4,periodavg_0873-0875,43.000000,-22.0937,5.8684,100.9690,78.8996,22.0694
"SoftPCA-F (alpha=1.00e-04, K=20/20)",4,periodavg_0873-0875,43.053333,-22.0577,4.5669,101.3322,78.8996,22.4326
"SoftPCA-F (alpha=1.00e-04, K=20/20)",4,periodavg_0873-0875,43.106667,-21.9706,5.5641,100.9048,78.8996,22.0052
"SoftPCA-F (alpha=1.00e-04, K=20/20)",4,periodavg_0873-0875,43.160000,-22.0126,4.7348,100.8108,78.8996,21.9112
"SoftPCA-F (alpha=1.00e-04, K=20/20)",4,periodavg_0873-0875,43.200000,-21.9116,6.1778,100.7872,78.8996,21.8876
"SoftPCA-F (alpha=1.00e-04, K=20/20)",4,periodavg_0873-0875,43.253333,-21.9701,5.8984,98.6059,78.8996,19.7063
"SoftPCA-F (alpha=1.00e-04, K=20/20)",4,periodavg_0873-0875,43.306667,-21.6927,4.2967,97.9192,78.8996,19.0196
"SoftPCA-F (alpha=1.00e-04, K=20/20)",4,periodavg_0873-0875,43.360000,-21.1508,5.0299,93.2171,78.8996,14.3175
"SoftPCA-F (alpha=1.00e-04, K=20/20)",4,periodavg_0873-0875,43.400000,-21.3601,5.7147,94.6126,78.8996,15.7130
"SoftPCA-F (alpha=1.00e-04, K=20/20)",4,periodavg_0873-0875,43.453333,-22.0061,2.9878,101.3122,78.8996,22.4126
"SoftPCA-F (alpha=1.00e-04, K=20/20)",4,periodavg_0873-0875,43.506667,-21.8331,5.8814,99.9018,78.8996,21.0022
"SoftPCA-F (alpha=1.00e-04, K=20/20)",4,periodavg_0873-0875,43.560000,-21.8534,6.2601,99.3144,78.8996,20.4148
"SoftPCA-F (alpha=1.00e-04, K=20/20)",4,periodavg_0873-0875,43.600000,-22.1413,2.8679,101.6041,78.8996,22.7045
"SoftPCA-F (alpha=1.00e-04, K=20/20)",4,periodavg_0873-0875,43.653333,-22.0861,5.7064,101.2056,78.8996,22.3060
"SoftPCA-F (alpha=1.00e-04, K=20/20)",4,periodavg_0873-0875,43.706667,-22.0232,3.4155,101.0615,78.8996,22.1619
"SoftPCA-F (alpha=1.00e-04, K=20/20)",4,periodavg_0873-0875,43.760000,-22.1004,4.3472,101.1612,78.8996,22.2616
"SoftPCA-F (alpha=1.00e-04, K=20/20)",4,periodavg_0873-0875,43.800000,-22.1318,5.0641,101.8148,78.8996,22.9152
"SoftPCA-F (alpha=1.00e-04, K=20/20)",4,periodavg_0873-0875,43.853333,-22.0227,4.2223,101.6401,78.8996,22.7405
"SoftPCA-F (alpha=1.00e-04, K=20/20)",4,periodavg_0873-0875,43.906667,-21.9013,4.1482,101.6730,78.8996,22.7734
"SoftPCA-F (alpha=1.00e-04, K=20/20)",4,periodavg_0873-0875,43.960000,-22.0789,4.8282,102.3493,78.8996,23.4497
"SoftPCA-F (alpha=1.00e-04, K=20/20)",4,periodavg_0873-0875,44.000000,-22.0305,4.5164,101.9870,78.8996,23.0874
"SoftPCA-F (alpha=1.00e-04, K=20/20)",4,periodavg_0873-0875,44.053333,-22.0669,5.6966,102.1707,78.8996,23.2711
"SoftPCA-F (alpha=1.00e-04, K=20/20)",4,periodavg_0873-0875,44.106667,-21.9429,5.3893,102.2964,78.8996,23.3968
"SoftPCA-F (alpha=1.00e-04, K=20/20)",4,periodavg_0873-0875,44.160000,-22.0058,4.7794,101.9675,78.8996,23.0679
"SoftPCA-F (alpha=1.00e-04, K=20/20)",4,periodavg_0873-0875,44.200000,-21.9602,5.5026,101.6626,78.8996,22.7630
"SoftPCA-F (alpha=1.00e-04, K=20/20)",4,periodavg_0873-0875,44.253333,-22.0611,4.1097,101.6665,78.8996,22.7669
"SoftPCA-F (alpha=1.00e-04, K=20/20)",4,periodavg_0873-0875,44.306667,-21.8545,6.7709,100.0356,78.8996,21.1360
"SoftPCA-F (alpha=1.00e-04, K=20/20)",4,periodavg_0873-0875,44.360000,-21.9392,4.0308,101.3457,78.8996,22.4461
"SoftPCA-F (alpha=1.00e-04, K=20/20)",4,periodavg_0873-0875,44.400000,-21.4593,6.2516,100.3888,78.8996,21.4892
"SoftPCA-F (alpha=1.00e-04, K=20/20)",4,periodavg_0873-0875,44.453333,-21.6944,2.2709,100.2456,78.8996,21.3460
"SoftPCA-F (alpha=1.00e-04, K=20/20)",4,periodavg_0873-0875,44.506667,-21.9046,4.2623,100.3341,78.8996,21.4345
"SoftPCA-F (alpha=1.00e-04, K=20/20)",4,periodavg_0873-0875,44.560000,-22.0184,4.8959,101.5742,78.8996,22.6746
"SoftPCA-F (alpha=1.00e-04, K=20/20)",4,periodavg_0873-0875,44.600000,-21.6831,3.8399,101.7398,78.8996,22.8402
"SoftPCA-F (alpha=1.00e-04, K=20/20)",4,periodavg_0873-0875,44.653333,-21.5509,4.2630,100.8802,78.8996,21.9806
"SoftPCA-F (alpha=1.00e-04, K=20/20)",4,periodavg_0873-0875,44.706667,-21.5743,4.6239,101.6461,78.8996,22.7465
"SoftPCA-F (alpha=1.00e-04, K=20/20)",4,periodavg_0873-0875,44.760000,-20.9842,3.2090,100.8484,78.8996,21.9488
"SoftPCA-F (alpha=1.00e-04, K=20/20)",4,periodavg_0873-0875,44.800000,-21.0635,5.4379,99.8845,78.8996,20.9849
"SoftPCA-F (alpha=1.00e-04, K=20/20)",4,periodavg_0873-0875,44.853333,-21.6059,4.1270,97.7567,78.8996,18.8571
"SoftPCA-F (alpha=1.00e-04, K=20/20)",4,periodavg_0873-0875,44.906667,-21.8204,3.9561,101.7223,78.8996,22.8227
"SoftPCA-F (alpha=1.00e-04, K=20/20)",4,periodavg_0873-0875,44.960000,-21.8385,6.9720,101.8728,78.8996,22.9732
"SoftPCA-F (alpha=1.00e-04, K=20/20)",4,periodavg_0873-0875,45.000000,-21.6291,5.1963,101.4200,78.8996,22.5204
"SoftPCA-F (alpha=1.00e-04, K=20/20)",4,periodavg_0873-0875,45.053333,-21.4092,5.3846,101.9734,78.8996,23.0738
"SoftPCA-F (alpha=1.00e-04, K=20/20)",4,periodavg_0873-0875,45.106667,-21.5110,4.6786,101.7748,78.8996,22.8752
"SoftPCA-F (alpha=1.00e-04, K=20/20)",4,periodavg_0873-0875,45.160000,-21.8204,5.3068,102.1438,78.8996,23.2442
"SoftPCA-F (alpha=1.00e-04, K=20/20)",4,periodavg_0873-0875,45.200000,-21.6122,3.6845,102.1622,78.8996,23.2626
"SoftPCA-F (alpha=1.00e-04, K=20/20)",4,periodavg_0873-0875,45.253333,-21.9681,3.7727,102.5412,78.8996,23.6416
"SoftPCA-F (alpha=1.00e-04, K=20/20)",4,periodavg_0873-0875,45.306667,-21.7952,5.6529,102.1916,78.8996,23.2920
"SoftPCA-F (alpha=1.00e-04, K=20/20)",4,periodavg_0873-0875,45.360000,-21.7065,5.4090,102.7257,78.8996,23.8261
"SoftPCA-F (alpha=1.00e-04, K=20/20)",4,periodavg_0873-0875,45.400000,-21.6883,5.1787,102.5198,78.8996,23.6202
"SoftPCA-F (alpha=1.00e-04, K=20/20)",4,periodavg_0873-0875,45.453333,-21.4053,4.6929,98.3132,78.8996,19.4136
"SoftPCA-F (alpha=1.00e-04, K=20/20)",4,periodavg_0873-0875,45.506667,-21.8378,6.2233,101.8930,78.8996,22.9934
"SoftPCA-F (alpha=1.00e-04, K=20/20)",4,periodavg_0873-0875,45.560000,-22.0142,4.7984,101.7221,78.8996,22.8225
"SoftPCA-F (alpha=1.00e-04, K=20/20)",4,periodavg_0873-0875,45.600000,-22.0964,5.9339,101.5483,78.8996,22.6487
"SoftPCA-F (alpha=1.00e-04, K=20/20)",4,periodavg_0873-0875,45.653333,-21.7079,4.1778,101.5931,78.8996,22.6935
"SoftPCA-F (alpha=1.00e-04, K=20/20)",4,periodavg_0873-0875,45.706667,-21.8152,5.4528,101.8234,78.8996,22.9238
"SoftPCA-F (alpha=1.00e-04, K=20/20)",4,periodavg_0873-0875,45.760000,-21.8632,5.0851,99.0017,78.8996,20.1021
"SoftPCA-F (alpha=1.00e-04, K=20/20)",4,periodavg_0873-0875,45.800000,-21.9385,4.2108,101.7362,78.8996,22.8366
"SoftPCA-F (alpha=1.00e-04, K=20/20)",4,periodavg_0873-0875,45.853333,-22.0004,4.9438,102.0525,78.8996,23.1529
"SoftPCA-F (alpha=1.00e-04, K=20/20)",4,periodavg_0873-0875,45.906667,-21.9979,4.5433,102.0117,78.8996,23.1121
"SoftPCA-F (alpha=1.00e-04, K=20/20)",4,periodavg_0873-0875,45.960000,-21.4896,3.8996,102.0012,78.8996,23.1016
"SoftPCA-F (alpha=1.00e-04, K=20/20)",4,periodavg_0873-0875,46.000000,-21.4544,2.9432,102.0696,78.8996,23.1700
"SoftPCA-F (alpha=1.00e-04, K=20/20)",4,periodavg_0873-0875,46.053333,-21.4214,4.3146,100.6536,78.8996,21.7540
"SoftPCA-F (alpha=1.00e-04, K=20/20)",4,periodavg_0873-0875,46.106667,-21.6843,4.8433,102.4586,78.8996,23.5590
"SoftPCA-F (alpha=1.00e-04, K=20/20)",4,periodavg_0873-0875,46.160000,-21.7461,5.8338,102.0029,78.8996,23.1033
"SoftPCA-F (alpha=1.00e-04, K=20/20)",4,periodavg_0873-0875,46.200000,-21.8918,4.7471,102.1524,78.8996,23.2528
"SoftPCA-F (alpha=1.00e-04, K=20/20)",4,periodavg_0873-0875,46.253333,-21.9352,4.8124,101.7392,78.8996,22.8396
"SoftPCA-F (alpha=1.00e-04, K=20/20)",4,periodavg_0873-0875,46.306667,-21.7121,3.6528,101.6277,78.8996,22.7281
"SoftPCA-F (alpha=1.00e-04, K=20/20)",4,periodavg_0873-0875,46.360000,-21.6991,6.0694,101.3583,78.8996,22.4587
"SoftPCA-F (alpha=1.00e-04, K=20/20)",4,periodavg_0873-0875,46.400000,-21.7878,5.8278,101.2453,78.8996,22.3457
"SoftPCA-F (alpha=1.00e-04, K=20/20)",4,periodavg_0873-0875,46.453333,-21.7740,5.0770,101.0230,78.8996,22.1234
"SoftPCA-F (alpha=1.00e-04, K=20/20)",4,periodavg_0873-0875,46.506667,-21.7579,5.2140,100.9580,78.8996,22.0584
"SoftPCA-F (alpha=1.00e-04, K=20/20)",4,periodavg_0873-0875,46.560000,-21.4186,5.7565,97.4275,78.8996,18.5279
"SoftPCA-F (alpha=1.00e-04, K=20/20)",4,periodavg_0873-0875,46.600000,-21.5339,3.5438,100.8386,78.8996,21.9390
"SoftPCA-F (alpha=1.00e-04, K=20/20)",4,periodavg_0873-0875,46.653333,-21.8957,3.4393,101.2337,78.8996,22.3341
"SoftPCA-F (alpha=1.00e-04, K=20/20)",4,periodavg_0873-0875,46.706667,-22.0300,6.4576,100.9779,78.8996,22.0783
"SoftPCA-F (alpha=1.00e-04, K=20/20)",4,periodavg_0873-0875,46.760000,-22.0222,5.5620,101.3297,78.8996,22.4301
"SoftPCA-F (alpha=1.00e-04, K=20/20)",4,periodavg_0873-0875,46.800000,-21.8249,6.5205,101.3078,78.8996,22.4082
"SoftPCA-F (alpha=1.00e-04, K=20/20)",4,periodavg_0873-0875,46.853333,-21.7134,5.5386,101.3244,78.8996,22.4248
"SoftPCA-F (alpha=1.00e-04, K=20/20)",4,periodavg_0873-0875,46.906667,-21.7523,4.5125,100.3431,78.8996,21.4435
"SoftPCA-F (alpha=1.00e-04, K=20/20)",4,periodavg_0873-0875,46.960000,-21.7563,3.6081,101.0420,78.8996,22.1424
"SoftPCA-F (alpha=1.00e-04, K=20/20)",4,periodavg_0873-0875,47.000000,-22.0126,5.0267,101.0516,78.8996,22.1520
"SoftPCA-F (alpha=1.00e-04, K=20/20)",4,periodavg_0873-0875,47.053333,-22.0143,3.8497,100.9766,78.8996,22.0770
"SoftPCA-F (alpha=1.00e-04, K=20/20)",4,periodavg_0873-0875,47.106667,-21.8780,3.8889,101.3690,78.8996,22.4694
"SoftPCA-F (alpha=1.00e-04, K=20/20)",4,periodavg_0873-0875,47.160000,-21.9114,4.6562,101.2425,78.8996,22.3429
"SoftPCA-F (alpha=1.00e-04, K=20/20)",4,periodavg_0873-0875,47.200000,-21.9819,7.5972,101.0650,78.8996,22.1653
"SoftPCA-F (alpha=1.00e-04, K=20/20)",4,periodavg_0873-0875,47.253333,-21.9353,4.3130,101.1041,78.8996,22.2045
"SoftPCA-F (alpha=1.00e-04, K=20/20)",4,periodavg_0873-0875,47.306667,-21.7320,4.0876,101.2063,78.8996,22.3067
"SoftPCA-F (alpha=1.00e-04, K=20/20)",4,periodavg_0873-0875,47.360000,-21.8599,5.7089,101.5973,78.8996,22.6977
"SoftPCA-F (alpha=1.00e-04, K=20/20)",4,periodavg_0873-0875,47.400000,-21.7777,5.7193,101.3927,78.8996,22.4931
"SoftPCA-F (alpha=1.00e-04, K=20/20)",4,periodavg_0873-0875,47.453333,-21.4976,4.1078,101.3020,78.8996,22.4024
"SoftPCA-F (alpha=1.00e-04, K=20/20)",4,periodavg_0873-0875,47.506667,-21.6812,4.4696,101.3036,78.8996,22.4040
"SoftPCA-F (alpha=1.00e-04, K=20/20)",4,periodavg_0873-0875,47.560000,-21.8308,5.6805,101.0491,78.8996,22.1495
"SoftPCA-F (alpha=1.00e-04, K=20/20)",4,periodavg_0873-0875,47.600000,-21.8055,5.2602,101.5825,78.8996,22.6829
"SoftPCA-F (alpha=1.00e-04, K=20/20)",4,periodavg_0873-0875,47.653333,-21.8702,3.3977,101.9501,78.8996,23.0505
"SoftPCA-F (alpha=1.00e-04, K=20/20)",4,periodavg_0873-0875,47.706667,-21.7523,4.8366,102.1882,78.8996,23.2886
"SoftPCA-F (alpha=1.00e-04, K=20/20)",4,periodavg_0873-0875,47.760000,-21.3461,3.1664,101.7790,78.8996,22.8794
"SoftPCA-F (alpha=1.00e-04, K=20/20)",4,periodavg_0873-0875,47.800000,-21.2401,3.8540,100.0390,78.8996,21.1394
"SoftPCA-F (alpha=1.00e-04, K=20/20)",4,periodavg_0873-0875,47.853333,-21.4583,4.5534,101.6372,78.8996,22.7376
"SoftPCA-F (alpha=1.00e-04, K=20/20)",4,periodavg_0873-0875,47.906667,-21.3955,6.1575,101.6232,78.8996,22.7236
"SoftPCA-F (alpha=1.00e-04, K=20/20)",4,periodavg_0873-0875,47.960000,-21.3603,3.8018,101.6083,78.8996,22.7087
"SoftPCA-F (alpha=1.00e-04, K=20/20)",4,periodavg_0873-0875,48.000000,-21.3294,4.2977,101.4253,78.8996,22.5257
"SoftPCA-F (alpha=1.00e-04, K=20/20)",4,periodavg_0873-0875,48.053333,-20.9702,4.2241,101.4497,78.8996,22.5501
"SoftPCA-F (alpha=1.00e-04, K=20/20)",4,periodavg_0873-0875,48.106667,-21.1440,5.8289,101.4290,78.8996,22.5294
"SoftPCA-F (alpha=1.00e-04, K=20/20)",4,periodavg_0873-0875,48.160000,-21.2975,3.9876,101.1761,78.8996,22.2765
"SoftPCA-F (alpha=1.00e-04, K=20/20)",4,periodavg_0873-0875,48.200000,-21.3075,6.9596,101.0934,78.8996,22.1938
"SoftPCA-F (alpha=1.00e-04, K=20/20)",4,periodavg_0873-0875,48.253333,-21.7039,4.8122,101.3183,78.8996,22.4187
"SoftPCA-F (alpha=1.00e-04, K=20/20)",4,periodavg_0873-0875,48.306667,-21.6637,4.8033,101.3862,78.8996,22.4866
"SoftPCA-F (alpha=1.00e-04, K=20/20)",4,periodavg_0873-0875,48.360000,-21.7392,3.9858,101.4063,78.8996,22.5067
"SoftPCA-F (alpha=1.00e-04, K=20/20)",4,periodavg_0873-0875,48.400000,-21.5045,5.7400,98.5923,78.8996,19.6927
"SoftPCA-F (alpha=1.00e-04, K=20/20)",4,periodavg_0873-0875,48.453333,-21.5169,7.5824,96.9888,78.8996,18.0892
"SoftPCA-F (alpha=1.00e-04, K=20/20)",4,periodavg_0873-0875,48.506667,-21.7925,4.6157,100.2276,78.8996,21.3280
"SoftPCA-F (alpha=1.00e-04, K=20/20)",4,periodavg_0873-0875,48.560000,-21.7637,4.2249,99.6330,78.8996,20.7334
"SoftPCA-F (alpha=1.00e-04, K=20/20)",4,periodavg_0873-0875,48.600000,-21.7668,4.6802,98.3688,78.8996,19.4692
"SoftPCA-F (alpha=1.00e-04, K=20/20)",4,periodavg_0873-0875,48.653333,-21.8635,4.5142,100.6683,78.8996,21.7687
"SoftPCA-F (alpha=1.00e-04, K=20/20)",4,periodavg_0873-0875,48.706667,-21.5941,6.1199,97.7671,78.8996,18.8675
"SoftPCA-F (alpha=1.00e-04, K=20/20)",4,periodavg_0873-0875,48.760000,-21.5116,4.5019,96.8557,78.8996,17.9561
"SoftPCA-F (alpha=1.00e-04, K=20/20)",4,periodavg_0873-0875,48.800000,-21.7845,4.9882,97.7094,78.8996,18.8098
"SoftPCA-F (alpha=1.00e-04, K=20/20)",4,periodavg_0873-0875,48.853333,-21.8170,6.2616,97.0910,78.8996,18.1914
"SoftPCA-F (alpha=1.00e-04, K=20/20)",4,periodavg_0873-0875,48.906667,-22.0566,5.6200,101.8357,78.8996,22.9361
"SoftPCA-F (alpha=1.00e-04, K=20/20)",4,periodavg_0873-0875,48.960000,-22.1131,3.5239,101.2640,78.8996,22.3644
"SoftPCA-F (alpha=1.00e-04, K=20/20)",4,periodavg_0873-0875,49.000000,-22.0760,5.6188,101.1513,78.8996,22.2517
"SoftPCA-F (alpha=1.00e-04, K=20/20)",4,periodavg_0873-0875,49.053333,-22.0297,5.6232,100.9821,78.8996,22.0825
"SoftPCA-F (alpha=1.00e-04, K=20/20)",4,periodavg_0873-0875,49.106667,-21.9749,5.8671,100.7488,78.8996,21.8492
"SoftPCA-F (alpha=1.00e-04, K=20/20)",4,periodavg_0873-0875,49.160000,-22.0813,4.5133,100.7894,78.8996,21.8898
"SoftPCA-F (alpha=1.00e-04, K=20/20)",4,periodavg_0873-0875,49.200000,-21.9070,6.3784,101.0097,78.8996,22.1101
"SoftPCA-F (alpha=1.00e-04, K=20/20)",4,periodavg_0873-0875,49.253333,-21.9249,3.7374,100.8328,78.8996,21.9332
"SoftPCA-F (alpha=1.00e-04, K=20/20)",4,periodavg_0873-0875,49.306667,-21.9205,4.5185,101.0852,78.8996,22.1856
"SoftPCA-F (alpha=1.00e-04, K=20/20)",4,periodavg_0873-0875,49.360000,-21.9563,4.9886,101.5458,78.8996,22.6462
"SoftPCA-F (alpha=1.00e-04, K=20/20)",4,periodavg_0873-0875,49.400000,-21.7140,4.0420,98.0695,78.8996,19.1699
"SoftPCA-F (alpha=1.00e-04, K=20/20)",4,periodavg_0873-0875,49.453333,-21.7303,4.5582,97.4767,78.8996,18.5771
"SoftPCA-F (alpha=1.00e-04, K=20/20)",4,periodavg_0873-0875,49.506667,-21.6211,5.4997,97.8767,78.8996,18.9771
"SoftPCA-F (alpha=1.00e-04, K=20/20)",4,periodavg_0873-0875,49.560000,-21.5602,5.0009,99.7735,78.8996,20.8739
"SoftPCA-F (alpha=1.00e-04, K=20/20)",4,periodavg_0873-0875,49.600000,-21.6504,5.9656,100.4849,78.8996,21.5853
"SoftPCA-F (alpha=1.00e-04, K=20/20)",4,periodavg_0873-0875,49.653333,-21.8275,4.8322,101.8307,78.8996,22.9311
"SoftPCA-F (alpha=1.00e-04, K=20/20)",4,periodavg_0873-0875,49.706667,-21.8591,6.5261,102.4202,78.8996,23.5206
"SoftPCA-F (alpha=1.00e-04, K=20/20)",4,periodavg_0873-0875,49.760000,-22.0269,4.9328,102.4705,78.8996,23.5709
"SoftPCA-F (alpha=1.00e-04, K=20/20)",4,periodavg_0873-0875,49.800000,-21.8940,6.8125,101.6923,78.8996,22.7927
"SoftPCA-F (alpha=1.00e-04, K=20/20)",4,periodavg_0873-0875,49.853333,-21.8947,5.4428,101.6096,78.8996,22.7100
"SoftPCA-F (alpha=1.00e-04, K=20/20)",4,periodavg_0873-0875,49.906667,-21.8497,4.2845,101.6904,78.8996,22.7908
"SoftPCA-F (alpha=1.00e-04, K=20/20)",4,periodavg_0873-0875,49.960000,-21.7884,5.0372,101.4043,78.8996,22.5047
"SoftPCA-F (alpha=1.00e-04, K=20/20)",4,periodavg_0873-0875,50.000000,-21.8505,5.0938,101.8417,78.8996,22.9421
"SoftPCA-F (alpha=1.00e-04, K=20/20)",5,periodavg_0555-0557,50.013333,9.2880,-3.9652,79.8892,83.8249,-3.9357
"SoftPCA-F (alpha=1.00e-04, K=20/20)",5,periodavg_0555-0557,50.053333,8.7759,-0.9322,80.0911,83.8249,-3.7339
"SoftPCA-F (alpha=1.00e-04, K=20/20)",5,periodavg_0555-0557,50.106667,8.1227,-1.2597,80.2767,83.8249,-3.5482
"SoftPCA-F (alpha=1.00e-04, K=20/20)",5,periodavg_0555-0557,50.160000,7.4203,-0.6293,80.4666,83.8249,-3.3583
"SoftPCA-F (alpha=1.00e-04, K=20/20)",5,periodavg_0555-0557,50.200000,7.0238,1.3305,80.6347,83.8249,-3.1902
"SoftPCA-F (alpha=1.00e-04, K=20/20)",5,periodavg_0555-0557,50.253333,6.4050,-0.0607,80.9474,83.8249,-2.8775
"SoftPCA-F (alpha=1.00e-04, K=20/20)",5,periodavg_0555-0557,50.306667,5.7970,0.8448,81.0643,83.8249,-2.7606
"SoftPCA-F (alpha=1.00e-04, K=20/20)",5,periodavg_0555-0557,50.360000,5.2817,0.4033,81.2146,83.8249,-2.6103
"SoftPCA-F (alpha=1.00e-04, K=20/20)",5,periodavg_0555-0557,50.400000,4.8685,1.4009,81.4316,83.8249,-2.3934
"SoftPCA-F (alpha=1.00e-04, K=20/20)",5,periodavg_0555-0557,50.453333,4.3991,0.6579,81.5302,83.8249,-2.2947
"SoftPCA-F (alpha=1.00e-04, K=20/20)",5,periodavg_0555-0557,50.506667,3.9473,1.2209,81.6522,83.8249,-2.1728
"SoftPCA-F (alpha=1.00e-04, K=20/20)",5,periodavg_0555-0557,50.560000,3.5024,0.5225,81.9667,83.8249,-1.8583
"SoftPCA-F (alpha=1.00e-04, K=20/20)",5,periodavg_0555-0557,50.600000,3.1808,0.8007,82.0561,83.8249,-1.7688
"SoftPCA-F (alpha=1.00e-04, K=20/20)",5,periodavg_0555-0557,50.653333,2.7336,1.4882,82.4273,83.8249,-1.3976
"SoftPCA-F (alpha=1.00e-04, K=20/20)",5,periodavg_0555-0557,50.706667,2.2802,1.7695,82.6817,83.8249,-1.1432
"SoftPCA-F (alpha=1.00e-04, K=20/20)",5,periodavg_0555-0557,50.760000,1.8790,2.8613,82.9167,83.8249,-0.9082
"SoftPCA-F (alpha=1.00e-04, K=20/20)",5,periodavg_0555-0557,50.800000,1.5972,0.9807,83.2040,83.8249,-0.6209
"SoftPCA-F (alpha=1.00e-04, K=20/20)",5,periodavg_0555-0557,50.853333,1.2536,1.8017,83.4086,83.8249,-0.4163
"SoftPCA-F (alpha=1.00e-04, K=20/20)",5,periodavg_0555-0557,50.906667,0.9036,2.2713,83.6163,83.8249,-0.2086
"SoftPCA-F (alpha=1.00e-04, K=20/20)",5,periodavg_0555-0557,50.960000,0.5564,0.3091,83.8315,83.8249,0.0065
"SoftPCA-F (alpha=1.00e-04, K=20/20)",5,periodavg_0555-0557,51.000000,0.3278,3.3038,84.0242,83.8249,0.1993
"SoftPCA-F (alpha=1.00e-04, K=20/20)",5,periodavg_0555-0557,51.053333,-0.0312,2.2391,84.3512,83.8249,0.5263
"SoftPCA-F (alpha=1.00e-04, K=20/20)",5,periodavg_0555-0557,51.106667,-0.2867,3.6270,84.4822,83.8249,0.6573
"SoftPCA-F (alpha=1.00e-04, K=20/20)",5,periodavg_0555-0557,51.160000,-0.5692,1.4239,84.7826,83.8249,0.9577
"SoftPCA-F (alpha=1.00e-04, K=20/20)",5,periodavg_0555-0557,51.200000,-0.8006,0.3450,84.9567,83.8249,1.1318
"SoftPCA-F (alpha=1.00e-04, K=20/20)",5,periodavg_0555-0557,51.253333,-1.0511,3.2555,85.1728,83.8249,1.3479
"SoftPCA-F (alpha=1.00e-04, K=20/20)",5,periodavg_0555-0557,51.306667,-1.3468,1.5831,85.4840,83.8249,1.6591
"SoftPCA-F (alpha=1.00e-04, K=20/20)",5,periodavg_0555-0557,51.360000,-1.6793,1.9020,85.7274,83.8249,1.9025
"SoftPCA-F (alpha=1.00e-04, K=20/20)",5,periodavg_0555-0557,51.400000,-1.9383,3.3696,85.9668,83.8249,2.1419
"SoftPCA-F (alpha=1.00e-04, K=20/20)",5,periodavg_0555-0557,51.453333,-2.1915,2.2830,86.0338,83.8249,2.2089
"SoftPCA-F (alpha=1.00e-04, K=20/20)",5,periodavg_0555-0557,51.506667,-2.5487,0.8065,86.2206,83.8249,2.3957
"SoftPCA-F (alpha=1.00e-04, K=20/20)",5,periodavg_0555-0557,51.560000,-2.8334,0.9523,86.5671,83.8249,2.7422
"SoftPCA-F (alpha=1.00e-04, K=20/20)",5,periodavg_0555-0557,51.600000,-3.0465,0.8043,86.7451,83.8249,2.9201
"SoftPCA-F (alpha=1.00e-04, K=20/20)",5,periodavg_0555-0557,51.653333,-3.3965,0.8141,86.9420,83.8249,3.1171
"SoftPCA-F (alpha=1.00e-04, K=20/20)",5,periodavg_0555-0557,51.706667,-3.6412,1.6895,87.1299,83.8249,3.3050
"SoftPCA-F (alpha=1.00e-04, K=20/20)",5,periodavg_0555-0557,51.760000,-3.9133,1.6525,87.3388,83.8249,3.5138
"SoftPCA-F (alpha=1.00e-04, K=20/20)",5,periodavg_0555-0557,51.800000,-3.9812,3.7159,87.6402,83.8249,3.8152
"SoftPCA-F (alpha=1.00e-04, K=20/20)",5,periodavg_0555-0557,51.853333,-4.2262,2.2885,87.8802,83.8249,4.0553
"SoftPCA-F (alpha=1.00e-04, K=20/20)",5,periodavg_0555-0557,51.906667,-4.5270,1.0989,88.1170,83.8249,4.2921
"SoftPCA-F (alpha=1.00e-04, K=20/20)",5,periodavg_0555-0557,51.960000,-4.8212,0.6361,88.3649,83.8249,4.5400
"SoftPCA-F (alpha=1.00e-04, K=20/20)",5,periodavg_0555-0557,52.000000,-4.9673,1.5203,88.5285,83.8249,4.7036
"SoftPCA-F (alpha=1.00e-04, K=20/20)",5,periodavg_0555-0557,52.053333,-5.0857,0.0368,88.6522,83.8249,4.8273
"SoftPCA-F (alpha=1.00e-04, K=20/20)",5,periodavg_0555-0557,52.106667,-5.4252,2.2398,88.8821,83.8249,5.0571
"SoftPCA-F (alpha=1.00e-04, K=20/20)",5,periodavg_0555-0557,52.160000,-5.6217,2.1105,89.1966,83.8249,5.3717
"SoftPCA-F (alpha=1.00e-04, K=20/20)",5,periodavg_0555-0557,52.200000,-5.6508,1.1214,89.3373,83.8249,5.5124
"SoftPCA-F (alpha=1.00e-04, K=20/20)",5,periodavg_0555-0557,52.253333,-5.8755,0.8379,89.5252,83.8249,5.7002
"SoftPCA-F (alpha=1.00e-04, K=20/20)",5,periodavg_0555-0557,52.306667,-6.2122,2.5925,89.6756,83.8249,5.8507
"SoftPCA-F (alpha=1.00e-04, K=20/20)",5,periodavg_0555-0557,52.360000,-6.3466,0.0839,89.8780,83.8249,6.0531
"SoftPCA-F (alpha=1.00e-04, K=20/20)",5,periodavg_0555-0557,52.400000,-6.4136,1.3395,90.0208,83.8249,6.1959
"SoftPCA-F (alpha=1.00e-04, K=20/20)",5,periodavg_0555-0557,52.453333,-6.7567,1.9505,90.3093,83.8249,6.4844
"SoftPCA-F (alpha=1.00e-04, K=20/20)",5,periodavg_0555-0557,52.506667,-6.9529,2.3133,90.5655,83.8249,6.7406
"SoftPCA-F (alpha=1.00e-04, K=20/20)",5,periodavg_0555-0557,52.560000,-7.0497,2.1423,90.7467,83.8249,6.9218
"SoftPCA-F (alpha=1.00e-04, K=20/20)",5,periodavg_0555-0557,52.600000,-7.2757,1.7673,90.8950,83.8249,7.0701
"SoftPCA-F (alpha=1.00e-04, K=20/20)",5,periodavg_0555-0557,52.653333,-7.5780,1.1881,91.1033,83.8249,7.2784
"SoftPCA-F (alpha=1.00e-04, K=20/20)",5,periodavg_0555-0557,52.706667,-7.7609,1.9729,91.3391,83.8249,7.5142
"SoftPCA-F (alpha=1.00e-04, K=20/20)",5,periodavg_0555-0557,52.760000,-7.8032,-0.3272,91.6703,83.8249,7.8454
"SoftPCA-F (alpha=1.00e-04, K=20/20)",5,periodavg_0555-0557,52.800000,-7.9957,1.7419,91.6941,83.8249,7.8692
"SoftPCA-F (alpha=1.00e-04, K=20/20)",5,periodavg_0555-0557,52.853333,-8.2020,3.0257,92.0524,83.8249,8.2275
"SoftPCA-F (alpha=1.00e-04, K=20/20)",5,periodavg_0555-0557,52.906667,-8.2170,-0.0243,92.2095,83.8249,8.3846
"SoftPCA-F (alpha=1.00e-04, K=20/20)",5,periodavg_0555-0557,52.960000,-8.5294,2.3145,92.3516,83.8249,8.5267
"SoftPCA-F (alpha=1.00e-04, K=20/20)",5,periodavg_0555-0557,53.000000,-8.7353,0.3869,92.5407,83.8249,8.7158
"SoftPCA-F (alpha=1.00e-04, K=20/20)",5,periodavg_0555-0557,53.053333,-9.0446,2.7484,92.7507,83.8249,8.9258
"SoftPCA-F (alpha=1.00e-04, K=20/20)",5,periodavg_0555-0557,53.106667,-9.0282,0.5153,92.8653,83.8249,9.0404
"SoftPCA-F (alpha=1.00e-04, K=20/20)",5,periodavg_0555-0557,53.160000,-9.2859,2.2464,93.0788,83.8249,9.2539
"SoftPCA-F (alpha=1.00e-04, K=20/20)",5,periodavg_0555-0557,53.200000,-9.2295,1.5466,93.2005,83.8249,9.3756
"SoftPCA-F (alpha=1.00e-04, K=20/20)",5,periodavg_0555-0557,53.253333,-9.2227,1.5126,93.4171,83.8249,9.5922
"SoftPCA-F (alpha=1.00e-04, K=20/20)",5,periodavg_0555-0557,53.306667,-9.5740,3.6526,93.8489,83.8249,10.0239
"SoftPCA-F (alpha=1.00e-04, K=20/20)",5,periodavg_0555-0557,53.360000,-9.8368,2.0507,93.8489,83.8249,10.0240
"SoftPCA-F (alpha=1.00e-04, K=20/20)",5,periodavg_0555-0557,53.400000,-9.4938,1.5900,93.9559,83.8249,10.1310
"SoftPCA-F (alpha=1.00e-04, K=20/20)",5,periodavg_0555-0557,53.453333,-9.7284,1.3163,93.9853,83.8249,10.1604
"SoftPCA-F (alpha=1.00e-04, K=20/20)",5,periodavg_0555-0557,53.506667,-9.3109,0.9679,94.0501,83.8249,10.2252
"SoftPCA-F (alpha=1.00e-04, K=20/20)",5,periodavg_0555-0557,53.560000,-9.7109,1.3634,94.1254,83.8249,10.3005
"SoftPCA-F (alpha=1.00e-04, K=20/20)",5,periodavg_0555-0557,53.600000,-9.7333,1.0305,94.1632,83.8249,10.3383
"SoftPCA-F (alpha=1.00e-04, K=20/20)",5,periodavg_0555-0557,53.653333,-9.9815,1.9868,94.3948,83.8249,10.5699
"SoftPCA-F (alpha=1.00e-04, K=20/20)",5,periodavg_0555-0557,53.706667,-9.8216,1.3120,94.4675,83.8249,10.6426
"SoftPCA-F (alpha=1.00e-04, K=20/20)",5,periodavg_0555-0557,53.760000,-10.6451,2.4361,94.5114,83.8249,10.6865
"SoftPCA-F (alpha=1.00e-04, K=20/20)",5,periodavg_0555-0557,53.800000,-10.6619,1.4317,94.4257,83.8249,10.6008
"SoftPCA-F (alpha=1.00e-04, K=20/20)",5,periodavg_0555-0557,53.853333,-10.7428,2.2767,94.5605,83.8249,10.7356
"SoftPCA-F (alpha=1.00e-04, K=20/20)",5,periodavg_0555-0557,53.906667,-10.4220,0.3946,94.6713,83.8249,10.8464
"SoftPCA-F (alpha=1.00e-04, K=20/20)",5,periodavg_0555-0557,53.960000,-10.5554,1.9817,94.8345,83.8249,11.0096
"SoftPCA-F (alpha=1.00e-04, K=20/20)",5,periodavg_0555-0557,54.000000,-10.7200,2.6262,94.9339,83.8249,11.1089
"SoftPCA-F (alpha=1.00e-04, K=20/20)",5,periodavg_0555-0557,54.053333,-10.8415,2.5170,94.9685,83.8249,11.1436
"SoftPCA-F (alpha=1.00e-04, K=20/20)",5,periodavg_0555-0557,54.106667,-10.7393,0.4873,95.1316,83.8249,11.3067
"SoftPCA-F (alpha=1.00e-04, K=20/20)",5,periodavg_0555-0557,54.160000,-10.6930,1.4662,95.1732,83.8249,11.3483
"SoftPCA-F (alpha=1.00e-04, K=20/20)",5,periodavg_0555-0557,54.200000,-10.7512,1.2407,95.3114,83.8249,11.4865
"SoftPCA-F (alpha=1.00e-04, K=20/20)",5,periodavg_0555-0557,54.253333,-11.0190,2.9897,95.4043,83.8249,11.5794
"SoftPCA-F (alpha=1.00e-04, K=20/20)",5,periodavg_0555-0557,54.306667,-10.8348,0.9745,95.5933,83.8249,11.7683
"SoftPCA-F (alpha=1.00e-04, K=20/20)",5,periodavg_0555-0557,54.360000,-10.8549,3.6392,95.7303,83.8249,11.9054
"SoftPCA-F (alpha=1.00e-04, K=20/20)",5,periodavg_0555-0557,54.400000,-10.8295,2.3449,95.9201,83.8249,12.0952
"SoftPCA-F (alpha=1.00e-04, K=20/20)",5,periodavg_0555-0557,54.453333,-11.4762,1.1968,96.0028,83.8249,12.1779
"SoftPCA-F (alpha=1.00e-04, K=20/20)",5,periodavg_0555-0557,54.506667,-11.7460,1.8992,96.3375,83.8249,12.5126
"SoftPCA-F (alpha=1.00e-04, K=20/20)",5,periodavg_0555-0557,54.560000,-11.8086,1.3182,96.4193,83.8249,12.5944
"SoftPCA-F (alpha=1.00e-04, K=20/20)",5,periodavg_0555-0557,54.600000,-11.8367,0.7499,96.4070,83.8249,12.5821
"SoftPCA-F (alpha=1.00e-04, K=20/20)",5,periodavg_0555-0557,54.653333,-11.6684,2.6157,96.5249,83.8249,12.7000
"SoftPCA-F (alpha=1.00e-04, K=20/20)",5,periodavg_0555-0557,54.706667,-11.9211,2.2788,96.5617,83.8249,12.7368
"SoftPCA-F (alpha=1.00e-04, K=20/20)",5,periodavg_0555-0557,54.760000,-11.4358,1.6418,94.8637,83.8249,11.0388
"SoftPCA-F (alpha=1.00e-04, K=20/20)",5,periodavg_0555-0557,54.800000,-11.6719,0.2897,96.6180,83.8249,12.7931
"SoftPCA-F (alpha=1.00e-04, K=20/20)",5,periodavg_0555-0557,54.853333,-12.0072,2.6980,96.7252,83.8249,12.9003
"SoftPCA-F (alpha=1.00e-04, K=20/20)",5,periodavg_0555-0557,54.906667,-11.9296,1.9385,96.7806,83.8249,12.9557
"SoftPCA-F (alpha=1.00e-04, K=20/20)",5,periodavg_0555-0557,54.960000,-11.8484,2.2291,96.7377,83.8249,12.9128
"SoftPCA-F (alpha=1.00e-04, K=20/20)",5,periodavg_0555-0557,55.000000,-11.8532,1.5253,96.7805,83.8249,12.9556
"SoftPCA-F (alpha=1.00e-04, K=20/20)",5,periodavg_0555-0557,55.053333,-11.7092,-0.5253,96.6531,83.8249,12.8282
"SoftPCA-F (alpha=1.00e-04, K=20/20)",5,periodavg_0555-0557,55.106667,-11.6204,1.1450,96.8233,83.8249,12.9984
"SoftPCA-F (alpha=1.00e-04, K=20/20)",5,periodavg_0555-0557,55.160000,-11.8184,1.0830,97.0065,83.8249,13.1816
"SoftPCA-F (alpha=1.00e-04, K=20/20)",5,periodavg_0555-0557,55.200000,-11.9220,1.9119,97.0559,83.8249,13.2310
"SoftPCA-F (alpha=1.00e-04, K=20/20)",5,periodavg_0555-0557,55.253333,-11.8987,1.1622,96.4482,83.8249,12.6233
"SoftPCA-F (alpha=1.00e-04, K=20/20)",5,periodavg_0555-0557,55.306667,-12.1821,2.1042,97.4184,83.8249,13.5935
"SoftPCA-F (alpha=1.00e-04, K=20/20)",5,periodavg_0555-0557,55.360000,-12.2745,1.3508,97.5843,83.8249,13.7594
"SoftPCA-F (alpha=1.00e-04, K=20/20)",5,periodavg_0555-0557,55.400000,-12.0784,0.8934,97.6113,83.8249,13.7864
"SoftPCA-F (alpha=1.00e-04, K=20/20)",5,periodavg_0555-0557,55.453333,-11.9749,1.4058,97.6681,83.8249,13.8432
"SoftPCA-F (alpha=1.00e-04, K=20/20)",5,periodavg_0555-0557,55.506667,-12.0767,2.5119,96.7355,83.8249,12.9106
"SoftPCA-F (alpha=1.00e-04, K=20/20)",5,periodavg_0555-0557,55.560000,-11.7974,1.7239,94.8920,83.8249,11.0671
"SoftPCA-F (alpha=1.00e-04, K=20/20)",5,periodavg_0555-0557,55.600000,-11.8283,0.4454,95.5214,83.8249,11.6965
"SoftPCA-F (alpha=1.00e-04, K=20/20)",5,periodavg_0555-0557,55.653333,-11.9517,1.6685,95.5624,83.8249,11.7375
"SoftPCA-F (alpha=1.00e-04, K=20/20)",5,periodavg_0555-0557,55.706667,-11.8778,1.6204,95.1999,83.8249,11.3750
"SoftPCA-F (alpha=1.00e-04, K=20/20)",5,periodavg_0555-0557,55.760000,-11.7599,1.3673,98.0117,83.8249,14.1868
"SoftPCA-F (alpha=1.00e-04, K=20/20)",5,periodavg_0555-0557,55.800000,-12.2262,2.1637,98.0777,83.8249,14.2528
"SoftPCA-F (alpha=1.00e-04, K=20/20)",5,periodavg_0555-0557,55.853333,-12.6493,1.7572,98.2571,83.8249,14.4322
"SoftPCA-F (alpha=1.00e-04, K=20/20)",5,periodavg_0555-0557,55.906667,-12.4721,0.9679,98.3208,83.8249,14.4959
"SoftPCA-F (alpha=1.00e-04, K=20/20)",5,periodavg_0555-0557,55.960000,-12.8935,3.8641,98.4196,83.8249,14.5947
"SoftPCA-F (alpha=1.00e-04, K=20/20)",5,periodavg_0555-0557,56.000000,-12.2580,2.8338,98.3993,83.8249,14.5744
"SoftPCA-F (alpha=1.00e-04, K=20/20)",5,periodavg_0555-0557,56.053333,-12.3577,1.4546,98.3913,83.8249,14.5664
"SoftPCA-F (alpha=1.00e-04, K=20/20)",5,periodavg_0555-0557,56.106667,-12.5436,1.5521,98.4363,83.8249,14.6114
"SoftPCA-F (alpha=1.00e-04, K=20/20)",5,periodavg_0555-0557,56.160000,-12.7027,2.4826,98.3770,83.8249,14.5521
"SoftPCA-F (alpha=1.00e-04, K=20/20)",5,periodavg_0555-0557,56.200000,-12.1526,3.8694,98.4366,83.8249,14.6117
"SoftPCA-F (alpha=1.00e-04, K=20/20)",5,periodavg_0555-0557,56.253333,-12.3483,1.8969,98.4597,83.8249,14.6348
"SoftPCA-F (alpha=1.00e-04, K=20/20)",5,periodavg_0555-0557,56.306667,-12.2952,2.5241,98.5929,83.8249,14.7680
"SoftPCA-F (alpha=1.00e-04, K=20/20)",5,periodavg_0555-0557,56.360000,-12.1433,2.2140,98.7099,83.8249,14.8850
"SoftPCA-F (alpha=1.00e-04, K=20/20)",5,periodavg_0555-0557,56.400000,-12.1353,2.9628,98.6533,83.8249,14.8284
"SoftPCA-F (alpha=1.00e-04, K=20/20)",5,periodavg_0555-0557,56.453333,-12.3192,2.4308,98.6195,83.8249,14.7946
"SoftPCA-F (alpha=1.00e-04, K=20/20)",5,periodavg_0555-0557,56.506667,-12.1897,-0.4761,98.7769,83.8249,14.9520
"SoftPCA-F (alpha=1.00e-04, K=20/20)",5,periodavg_0555-0557,56.560000,-10.3510,-0.2244,90.5176,83.8249,6.6926
"SoftPCA-F (alpha=1.00e-04, K=20/20)",5,periodavg_0555-0557,56.600000,-11.6014,1.7983,92.3760,83.8249,8.5511
"SoftPCA-F (alpha=1.00e-04, K=20/20)",5,periodavg_0555-0557,56.653333,-12.1299,1.8130,96.2171,83.8249,12.3922
"SoftPCA-F (alpha=1.00e-04, K=20/20)",5,periodavg_0555-0557,56.706667,-12.5117,2.0808,96.1163,83.8249,12.2914
"SoftPCA-F (alpha=1.00e-04, K=20/20)",5,periodavg_0555-0557,56.760000,-11.9124,1.6980,95.3872,83.8249,11.5622
"SoftPCA-F (alpha=1.00e-04, K=20/20)",5,periodavg_0555-0557,56.800000,-11.3801,2.1112,93.5934,83.8249,9.7685
"SoftPCA-F (alpha=1.00e-04, K=20/20)",5,periodavg_0555-0557,56.853333,-12.3457,0.8810,94.9378,83.8249,11.1129
"SoftPCA-F (alpha=1.00e-04, K=20/20)",5,periodavg_0555-0557,56.906667,-12.9513,1.5122,99.3733,83.8249,15.5484
"SoftPCA-F (alpha=1.00e-04, K=20/20)",5,periodavg_0555-0557,56.960000,-12.9233,3.1100,99.2955,83.8249,15.4706
"SoftPCA-F (alpha=1.00e-04, K=20/20)",5,periodavg_0555-0557,57.000000,-13.0614,2.1996,99.2222,83.8249,15.3973
"SoftPCA-F (alpha=1.00e-04, K=20/20)",5,periodavg_0555-0557,57.053333,-12.5753,0.8294,99.0276,83.8249,15.2027
"SoftPCA-F (alpha=1.00e-04, K=20/20)",5,periodavg_0555-0557,57.106667,-12.9241,2.4350,98.9578,83.8249,15.1329
"SoftPCA-F (alpha=1.00e-04, K=20/20)",5,periodavg_0555-0557,57.160000,-12.8052,1.7302,98.9523,83.8249,15.1273
"SoftPCA-F (alpha=1.00e-04, K=20/20)",5,periodavg_0555-0557,57.200000,-12.8905,0.6905,98.8145,83.8249,14.9896
"SoftPCA-F (alpha=1.00e-04, K=20/20)",5,periodavg_0555-0557,57.253333,-12.9244,2.7776,98.8060,83.8249,14.9810
"SoftPCA-F (alpha=1.00e-04, K=20/20)",5,periodavg_0555-0557,57.306667,-12.6779,0.8688,98.8447,83.8249,15.0197
"SoftPCA-F (alpha=1.00e-04, K=20/20)",5,periodavg_0555-0557,57.360000,-13.1180,2.2286,98.9089,83.8249,15.0840
"SoftPCA-F (alpha=1.00e-04, K=20/20)",5,periodavg_0555-0557,57.400000,-13.2181,4.1976,99.0043,83.8249,15.1794
"SoftPCA-F (alpha=1.00e-04, K=20/20)",5,periodavg_0555-0557,57.453333,-13.0139,4.2479,98.9096,83.8249,15.0847
"SoftPCA-F (alpha=1.00e-04, K=20/20)",5,periodavg_0555-0557,57.506667,-12.6555,3.3066,98.7767,83.8249,14.9518
"SoftPCA-F (alpha=1.00e-04, K=20/20)",5,periodavg_0555-0557,57.560000,-12.8170,-0.2604,98.8280,83.8249,15.0031
"SoftPCA-F (alpha=1.00e-04, K=20/20)",5,periodavg_0555-0557,57.600000,-12.8751,2.1409,98.7955,83.8249,14.9706
"SoftPCA-F (alpha=1.00e-04, K=20/20)",5,periodavg_0555-0557,57.653333,-12.7920,1.3401,98.7567,83.8249,14.9318
"SoftPCA-F (alpha=1.00e-04, K=20/20)",5,periodavg_0555-0557,57.706667,-13.0810,2.2776,98.8110,83.8249,14.9861
"SoftPCA-F (alpha=1.00e-04, K=20/20)",5,periodavg_0555-0557,57.760000,-12.6992,1.1000,97.8266,83.8249,14.0017
"SoftPCA-F (alpha=1.00e-04, K=20/20)",5,periodavg_0555-0557,57.800000,-12.8486,3.6311,98.7791,83.8249,14.9542
"SoftPCA-F (alpha=1.00e-04, K=20/20)",5,periodavg_0555-0557,57.853333,-12.7676,0.5339,98.7564,83.8249,14.9315
"SoftPCA-F (alpha=1.00e-04, K=20/20)",5,periodavg_0555-0557,57.906667,-12.8219,2.7315,98.8617,83.8249,15.0368
"SoftPCA-F (alpha=1.00e-04, K=20/20)",5,periodavg_0555-0557,57.960000,-12.9878,1.6112,98.8996,83.8249,15.0746
"SoftPCA-F (alpha=1.00e-04, K=20/20)",5,periodavg_0555-0557,58.000000,-12.9691,1.6936,98.8423,83.8249,15.0174
"SoftPCA-F (alpha=1.00e-04, K=20/20)",5,periodavg_0555-0557,58.053333,-12.6389,3.0064,98.7911,83.8249,14.9662
"SoftPCA-F (alpha=1.00e-04, K=20/20)",5,periodavg_0555-0557,58.106667,-12.0599,2.6369,98.7094,83.8249,14.8845
"SoftPCA-F (alpha=1.00e-04, K=20/20)",5,periodavg_0555-0557,58.160000,-12.4222,1.7657,98.6192,83.8249,14.7942
"SoftPCA-F (alpha=1.00e-04, K=20/20)",5,periodavg_0555-0557,58.200000,-12.3447,3.4689,98.6057,83.8249,14.7807
"SoftPCA-F (alpha=1.00e-04, K=20/20)",5,periodavg_0555-0557,58.253333,-12.3658,2.8751,98.6422,83.8249,14.8173
"SoftPCA-F (alpha=1.00e-04, K=20/20)",5,periodavg_0555-0557,58.306667,-12.1379,1.7659,98.7354,83.8249,14.9105
"SoftPCA-F (alpha=1.00e-04, K=20/20)",5,periodavg_0555-0557,58.360000,-12.0709,3.9254,98.6895,83.8249,14.8646
"SoftPCA-F (alpha=1.00e-04, K=20/20)",5,periodavg_0555-0557,58.400000,-11.7973,2.8929,98.6494,83.8249,14.8245
"SoftPCA-F (alpha=1.00e-04, K=20/20)",5,periodavg_0555-0557,58.453333,-12.0782,1.1072,97.8286,83.8249,14.0037
"SoftPCA-F (alpha=1.00e-04, K=20/20)",5,periodavg_0555-0557,58.506667,-11.6890,1.4772,95.0723,83.8249,11.2474
"SoftPCA-F (alpha=1.00e-04, K=20/20)",5,periodavg_0555-0557,58.560000,-11.6834,2.6096,95.5901,83.8249,11.7652
"SoftPCA-F (alpha=1.00e-04, K=20/20)",5,periodavg_0555-0557,58.600000,-11.3608,3.4296,93.3890,83.8249,9.5641
"SoftPCA-F (alpha=1.00e-04, K=20/20)",5,periodavg_0555-0557,58.653333,-11.2783,0.8507,96.6717,83.8249,12.8468
"SoftPCA-F (alpha=1.00e-04, K=20/20)",5,periodavg_0555-0557,58.706667,-10.5540,1.1468,92.1460,83.8249,8.3211
"SoftPCA-F (alpha=1.00e-04, K=20/20)",5,periodavg_0555-0557,58.760000,-10.3005,2.2117,91.0772,83.8249,7.2523
"SoftPCA-F (alpha=1.00e-04, K=20/20)",5,periodavg_0555-0557,58.800000,-10.3814,0.3421,90.1675,83.8249,6.3426
"SoftPCA-F (alpha=1.00e-04, K=20/20)",5,periodavg_0555-0557,58.853333,-11.3677,1.8143,95.3986,83.8249,11.5737
"SoftPCA-F (alpha=1.00e-04, K=20/20)",5,periodavg_0555-0557,58.906667,-10.9681,2.0103,94.6722,83.8249,10.8473
"SoftPCA-F (alpha=1.00e-04, K=20/20)",5,periodavg_0555-0557,58.960000,-11.6073,2.7923,98.0178,83.8249,14.1929
"SoftPCA-F (alpha=1.00e-04, K=20/20)",5,periodavg_0555-0557,59.000000,-11.7851,0.8195,98.0065,83.8249,14.1815
"SoftPCA-F (alpha=1.00e-04, K=20/20)",5,periodavg_0555-0557,59.053333,-11.5253,2.1209,97.1861,83.8249,13.3612
"SoftPCA-F (alpha=1.00e-04, K=20/20)",5,periodavg_0555-0557,59.106667,-11.3710,2.9900,94.7142,83.8249,10.8893
"SoftPCA-F (alpha=1.00e-04, K=20/20)",5,periodavg_0555-0557,59.160000,-11.3582,1.1295,93.9754,83.8249,10.1505
"SoftPCA-F (alpha=1.00e-04, K=20/20)",5,periodavg_0555-0557,59.200000,-11.1704,-0.4792,92.9921,83.8249,9.1672
"SoftPCA-F (alpha=1.00e-04, K=20/20)",5,periodavg_0555-0557,59.253333,-11.8048,1.7292,97.4243,83.8249,13.5994
"SoftPCA-F (alpha=1.00e-04, K=20/20)",5,periodavg_0555-0557,59.306667,-12.3364,1.8043,98.2734,83.8249,14.4485
"SoftPCA-F (alpha=1.00e-04, K=20/20)",5,periodavg_0555-0557,59.360000,-12.3510,1.7972,98.4985,83.8249,14.6736
"SoftPCA-F (alpha=1.00e-04, K=20/20)",5,periodavg_0555-0557,59.400000,-12.3572,6.9465,98.5353,83.8249,14.7104
"SoftPCA-F (alpha=1.00e-04, K=20/20)",5,periodavg_0555-0557,59.453333,-12.2979,0.7409,98.5838,83.8249,14.7589
"SoftPCA-F (alpha=1.00e-04, K=20/20)",5,periodavg_0555-0557,59.506667,-11.9891,1.5237,98.6052,83.8249,14.7803
"SoftPCA-F (alpha=1.00e-04, K=20/20)",5,periodavg_0555-0557,59.560000,-11.5009,2.0033,98.6652,83.8249,14.8403
"SoftPCA-F (alpha=1.00e-04, K=20/20)",5,periodavg_0555-0557,59.600000,-11.7892,1.0358,98.7915,83.8249,14.9666
"SoftPCA-F (alpha=1.00e-04, K=20/20)",5,periodavg_0555-0557,59.653333,-12.0994,1.4984,99.0379,83.8249,15.2130
"SoftPCA-F (alpha=1.00e-04, K=20/20)",5,periodavg_0555-0557,59.706667,-11.8352,0.7762,99.1474,83.8249,15.3225
"SoftPCA-F (alpha=1.00e-04, K=20/20)",5,periodavg_0555-0557,59.760000,-12.4643,1.4376,99.2813,83.8249,15.4564
"SoftPCA-F (alpha=1.00e-04, K=20/20)",5,periodavg_0555-0557,59.800000,-12.4337,0.9577,99.3060,83.8249,15.4811
"SoftPCA-F (alpha=1.00e-04, K=20/20)",5,periodavg_0555-0557,59.853333,-12.6524,2.4240,99.2809,83.8249,15.4559
"SoftPCA-F (alpha=1.00e-04, K=20/20)",5,periodavg_0555-0557,59.906667,-12.5201,2.5435,99.2628,83.8249,15.4379
"SoftPCA-F (alpha=1.00e-04, K=20/20)",5,periodavg_0555-0557,59.960000,-12.7679,1.4516,99.4562,83.8249,15.6313
"SoftPCA-F (alpha=1.00e-04, K=20/20)",5,periodavg_0555-0557,60.000000,-13.0182,2.0502,99.5976,83.8249,15.7726
"BlendPCA-F (w=0.50, K=20/20)",0,periodavg_0837-0839,0.013333,-2.9903,2.8024,80.5347,77.2970,3.2378
"BlendPCA-F (w=0.50, K=20/20)",0,periodavg_0837-0839,0.053333,-4.2320,3.5275,81.0476,77.2970,3.7506
"BlendPCA-F (w=0.50, K=20/20)",0,periodavg_0837-0839,0.106667,-5.5569,4.0505,81.9801,77.2970,4.6831
"BlendPCA-F (w=0.50, K=20/20)",0,periodavg_0837-0839,0.160000,-6.3133,3.3985,82.3271,77.2970,5.0301
"BlendPCA-F (w=0.50, K=20/20)",0,periodavg_0837-0839,0.200000,-6.7729,4.9538,82.7640,77.2970,5.4671
"BlendPCA-F (w=0.50, K=20/20)",0,periodavg_0837-0839,0.253333,-7.4012,3.0965,83.1528,77.2970,5.8558
"BlendPCA-F (w=0.50, K=20/20)",0,periodavg_0837-0839,0.306667,-8.0570,3.4552,83.6947,77.2970,6.3978
"BlendPCA-F (w=0.50, K=20/20)",0,periodavg_0837-0839,0.360000,-8.5412,5.1027,83.9681,77.2970,6.6711
"BlendPCA-F (w=0.50, K=20/20)",0,periodavg_0837-0839,0.400000,-8.9429,4.1326,84.2097,77.2970,6.9128
"BlendPCA-F (w=0.50, K=20/20)",0,periodavg_0837-0839,0.453333,-9.5351,3.4830,84.7179,77.2970,7.4210
"BlendPCA-F (w=0.50, K=20/20)",0,periodavg_0837-0839,0.506667,-9.9690,4.6803,85.0869,77.2970,7.7900
"BlendPCA-F (w=0.50, K=20/20)",0,periodavg_0837-0839,0.560000,-10.2364,4.4477,85.2884,77.2970,7.9914
"BlendPCA-F (w=0.50, K=20/20)",0,periodavg_0837-0839,0.600000,-10.5285,4.0339,85.4607,77.2970,8.1638
"BlendPCA-F (w=0.50, K=20/20)",0,periodavg_0837-0839,0.653333,-10.8717,5.6831,85.5393,77.2970,8.2424
"BlendPCA-F (w=0.50, K=20/20)",0,periodavg_0837-0839,0.706667,-11.1960,5.9089,85.5180,77.2970,8.2210
"BlendPCA-F (w=0.50, K=20/20)",0,periodavg_0837-0839,0.760000,-11.2615,3.5402,85.5396,77.2970,8.2426
"BlendPCA-F (w=0.50, K=20/20)",0,periodavg_0837-0839,0.800000,-11.3921,5.6894,85.7459,77.2970,8.4490
"BlendPCA-F (w=0.50, K=20/20)",0,periodavg_0837-0839,0.853333,-11.8840,3.6526,86.1349,77.2970,8.8379
"BlendPCA-F (w=0.50, K=20/20)",0,periodavg_0837-0839,0.906667,-11.9350,5.1750,86.0934,77.2970,8.7964
"BlendPCA-F (w=0.50, K=20/20)",0,periodavg_0837-0839,0.960000,-11.6598,6.6390,86.2507,77.2970,8.9538
"BlendPCA-F (w=0.50, K=20/20)",0,periodavg_0837-0839,1.000000,-12.3445,2.1700,86.6816,77.2970,9.3846
"BlendPCA-F (w=0.50, K=20/20)",0,periodavg_0837-0839,1.053333,-12.5705,6.1699,86.7775,77.2970,9.4805
"BlendPCA-F (w=0.50, K=20/20)",0,periodavg_0837-0839,1.106667,-12.7301,5.7966,86.8169,77.2970,9.5199
"BlendPCA-F (w=0.50, K=20/20)",0,periodavg_0837-0839,1.160000,-13.0015,3.5390,87.1724,77.2970,9.8755
"BlendPCA-F (w=0.50, K=20/20)",0,periodavg_0837-0839,1.200000,-13.2040,4.1982,87.3031,77.2970,10.0061
"BlendPCA-F (w=0.50, K=20/20)",0,periodavg_0837-0839,1.253333,-13.6759,4.7144,87.8347,77.2970,10.5378
"BlendPCA-F (w=0.50, K=20/20)",0,periodavg_0837-0839,1.306667,-13.8610,3.8524,87.9376,77.2970,10.6406
"BlendPCA-F (w=0.50, K=20/20)",0,periodavg_0837-0839,1.360000,-14.0238,4.2568,88.1191,77.2970,10.8222
"BlendPCA-F (w=0.50, K=20/20)",0,periodavg_0837-0839,1.400000,-14.0382,5.2766,88.2239,77.2970,10.9270
"BlendPCA-F (w=0.50, K=20/20)",0,periodavg_0837-0839,1.453333,-14.0800,4.2673,88.0856,77.2970,10.7886
"BlendPCA-F (w=0.50, K=20/20)",0,periodavg_0837-0839,1.506667,-14.3635,4.9811,88.5403,77.2970,11.2434
"BlendPCA-F (w=0.50, K=20/20)",0,periodavg_0837-0839,1.560000,-14.1683,5.1567,88.5742,77.2970,11.2772
"BlendPCA-F (w=0.50, K=20/20)",0,periodavg_0837-0839,1.600000,-13.9667,3.9100,88.6970,77.2970,11.4000
"BlendPCA-F (w=0.50, K=20/20)",0,periodavg_0837-0839,1.653333,-14.8765,2.9556,89.2444,77.2970,11.9474
"BlendPCA-F (w=0.50, K=20/20)",0,periodavg_0837-0839,1.706667,-15.0805,4.2025,89.2296,77.2970,11.9326
"BlendPCA-F (w=0.50, K=20/20)",0,periodavg_0837-0839,1.760000,-15.2019,5.3656,89.6737,77.2970,12.3767
"BlendPCA-F (w=0.50, K=20/20)",0,periodavg_0837-0839,1.800000,-15.1197,4.2175,89.4356,77.2970,12.1387
"BlendPCA-F (w=0.50, K=20/20)",0,periodavg_0837-0839,1.853333,-14.8253,5.4259,89.5823,77.2970,12.2853
"BlendPCA-F (w=0.50, K=20/20)",0,periodavg_0837-0839,1.906667,-15.5720,4.0246,89.7844,77.2970,12.4874
"BlendPCA-F (w=0.50, K=20/20)",0,periodavg_0837-0839,1.960000,-15.5531,4.3153,90.4309,77.2970,13.1339
"BlendPCA-F (w=0.50, K=20/20)",0,periodavg_0837-0839,2.000000,-15.6654,5.7208,90.6326,77.2970,13.3357
"BlendPCA-F (w=0.50, K=20/20)",0,periodavg_0837-0839,2.053333,-15.8712,4.0383,90.5154,77.2970,13.2185
"BlendPCA-F (w=0.50, K=20/20)",0,periodavg_0837-0839,2.106667,-15.8653,6.9218,90.7950,77.2970,13.4980
"BlendPCA-F (w=0.50, K=20/20)",0,periodavg_0837-0839,2.160000,-15.3759,3.2108,90.7283,77.2970,13.4314
"BlendPCA-F (w=0.50, K=20/20)",0,periodavg_0837-0839,2.200000,-14.8424,6.7637,86.8216,77.2970,9.5246
"BlendPCA-F (w=0.50, K=20/20)",0,periodavg_0837-0839,2.253333,-15.6602,4.0727,89.8131,77.2970,12.5161
"BlendPCA-F (w=0.50, K=20/20)",0,periodavg_0837-0839,2.306667,-16.4635,4.8874,91.4125,77.2970,14.1156
"BlendPCA-F (w=0.50, K=20/20)",0,periodavg_0837-0839,2.360000,-16.3708,4.6651,91.6602,77.2970,14.3632
"BlendPCA-F (w=0.50, K=20/20)",0,periodavg_0837-0839,2.400000,-16.9724,4.9420,92.1477,77.2970,14.8507
"BlendPCA-F (w=0.50, K=20/20)",0,periodavg_0837-0839,2.453333,-17.1342,5.7889,92.3010,77.2970,15.0041
"BlendPCA-F (w=0.50, K=20/20)",0,periodavg_0837-0839,2.506667,-16.2827,5.3306,88.8602,77.2970,11.5633
"BlendPCA-F (w=0.50, K=20/20)",0,periodavg_0837-0839,2.560000,-16.8564,3.2376,92.1687,77.2970,14.8717
"BlendPCA-F (w=0.50, K=20/20)",0,periodavg_0837-0839,2.600000,-16.5116,4.4606,89.9834,77.2970,12.6864
"BlendPCA-F (w=0.50, K=20/20)",0,periodavg_0837-0839,2.653333,-16.7100,3.7914,92.2776,77.2970,14.9807
"BlendPCA-F (w=0.50, K=20/20)",0,periodavg_0837-0839,2.706667,-17.4745,4.7820,92.6821,77.2970,15.3852
"BlendPCA-F (w=0.50, K=20/20)",0,periodavg_0837-0839,2.760000,-17.4136,4.7176,92.3755,77.2970,15.0785
"BlendPCA-F (w=0.50, K=20/20)",0,periodavg_0837-0839,2.800000,-17.0618,5.5478,92.4005,77.2970,15.1035
"BlendPCA-F (w=0.50, K=20/20)",0,periodavg_0837-0839,2.853333,-17.4165,5.1700,93.2928,77.2970,15.9959
"BlendPCA-F (w=0.50, K=20/20)",0,periodavg_0837-0839,2.906667,-17.2509,4.9283,93.4507,77.2970,16.1538
"BlendPCA-F (w=0.50, K=20/20)",0,periodavg_0837-0839,2.960000,-17.8734,3.8546,93.5939,77.2970,16.2969
"BlendPCA-F (w=0.50, K=20/20)",0,periodavg_0837-0839,3.000000,-17.7335,5.3669,93.6129,77.2970,16.3159
"BlendPCA-F (w=0.50, K=20/20)",0,periodavg_0837-0839,3.053333,-17.3864,5.5622,93.6214,77.2970,16.3244
"BlendPCA-F (w=0.50, K=20/20)",0,periodavg_0837-0839,3.106667,-17.5581,3.9065,94.1448,77.2970,16.8479
"BlendPCA-F (w=0.50, K=20/20)",0,periodavg_0837-0839,3.160000,-18.1901,4.9417,94.4058,77.2970,17.1088
"BlendPCA-F (w=0.50, K=20/20)",0,periodavg_0837-0839,3.200000,-18.2023,5.6782,94.8089,77.2970,17.5120
"BlendPCA-F (w=0.50, K=20/20)",0,periodavg_0837-0839,3.253333,-17.9138,5.1004,94.3763,77.2970,17.0794
"BlendPCA-F (w=0.50, K=20/20)",0,periodavg_0837-0839,3.306667,-17.7025,4.8826,94.9413,77.2970,17.6443
"BlendPCA-F (w=0.50, K=20/20)",0,periodavg_0837-0839,3.360000,-17.7536,4.4919,94.8446,77.2970,17.5476
"BlendPCA-F (w=0.50, K=20/20)",0,periodavg_0837-0839,3.400000,-17.5397,7.0865,90.1045,77.2970,12.8075
"BlendPCA-F (w=0.50, K=20/20)",0,periodavg_0837-0839,3.453333,-17.6155,4.7767,91.9179,77.2970,14.6210
"BlendPCA-F (w=0.50, K=20/20)",0,periodavg_0837-0839,3.506667,-17.4738,5.4458,90.1304,77.2970,12.8334
"BlendPCA-F (w=0.50, K=20/20)",0,periodavg_0837-0839,3.560000,-17.8992,5.5027,94.4041,77.2970,17.1071
"BlendPCA-F (w=0.50, K=20/20)",0,periodavg_0837-0839,3.600000,-18.1316,5.3416,93.2201,77.2970,15.9232
"BlendPCA-F (w=0.50, K=20/20)",0,periodavg_0837-0839,3.653333,-18.2522,4.4953,95.0919,77.2970,17.7949
"BlendPCA-F (w=0.50, K=20/20)",0,periodavg_0837-0839,3.706667,-18.4733,5.0063,95.5867,77.2970,18.2898
"BlendPCA-F (w=0.50, K=20/20)",0,periodavg_0837-0839,3.760000,-18.4788,4.1624,94.4299,77.2970,17.1330
"BlendPCA-F (w=0.50, K=20/20)",0,periodavg_0837-0839,3.800000,-18.1817,4.4434,90.7006,77.2970,13.4037
"BlendPCA-F (w=0.50, K=20/20)",0,periodavg_0837-0839,3.853333,-18.5435,4.5833,95.2622,77.2970,17.9652
"BlendPCA-F (w=0.50, K=20/20)",0,periodavg_0837-0839,3.906667,-18.5537,4.5403,96.2036,77.2970,18.9067
"BlendPCA-F (w=0.50, K=20/20)",0,periodavg_0837-0839,3.960000,-18.8643,4.9711,96.5729,77.2970,19.2760
"BlendPCA-F (w=0.50, K=20/20)",0,periodavg_0837-0839,4.000000,-18.8862,6.2535,96.5251,77.2970,19.2281
"BlendPCA-F (w=0.50, K=20/20)",0,periodavg_0837-0839,4.053333,-18.3478,6.4636,93.4611,77.2970,16.1642
"BlendPCA-F (w=0.50, K=20/20)",0,periodavg_0837-0839,4.106667,-18.3915,4.3373,96.7935,77.2970,19.4966
"BlendPCA-F (w=0.50, K=20/20)",0,periodavg_0837-0839,4.160000,-18.8155,6.6655,96.9557,77.2970,19.6588
"BlendPCA-F (w=0.50, K=20/20)",0,periodavg_0837-0839,4.200000,-18.5033,4.7218,92.8304,77.2970,15.5334
"BlendPCA-F (w=0.50, K=20/20)",0,periodavg_0837-0839,4.253333,-18.8349,4.3133,97.2633,77.2970,19.9664
"BlendPCA-F (w=0.50, K=20/20)",0,periodavg_0837-0839,4.306667,-18.7276,4.3569,96.8491,77.2970,19.5522
"BlendPCA-F (w=0.50, K=20/20)",0,periodavg_0837-0839,4.360000,-18.7163,5.4896,93.7869,77.2970,16.4899
"BlendPCA-F (w=0.50, K=20/20)",0,periodavg_0837-0839,4.400000,-18.8782,4.8012,96.9248,77.2970,19.6278
"BlendPCA-F (w=0.50, K=20/20)",0,periodavg_0837-0839,4.453333,-18.5164,5.9736,91.9845,77.2970,14.6875
"BlendPCA-F (w=0.50, K=20/20)",0,periodavg_0837-0839,4.506667,-18.7627,5.6673,95.6880,77.2970,18.3910
"BlendPCA-F (w=0.50, K=20/20)",0,periodavg_0837-0839,4.560000,-18.5768,3.5770,98.3564,77.2970,21.0594
"BlendPCA-F (w=0.50, K=20/20)",0,periodavg_0837-0839,4.600000,-19.0046,4.3949,98.4571,77.2970,21.1602
"BlendPCA-F (w=0.50, K=20/20)",0,periodavg_0837-0839,4.653333,-19.2789,5.1345,98.5268,77.2970,21.2298
"BlendPCA-F (w=0.50, K=20/20)",0,periodavg_0837-0839,4.706667,-18.7199,4.6048,94.6435,77.2970,17.3465
"BlendPCA-F (w=0.50, K=20/20)",0,periodavg_0837-0839,4.760000,-19.2836,5.9749,97.7175,77.2970,20.4206
"BlendPCA-F (w=0.50, K=20/20)",0,periodavg_0837-0839,4.800000,-19.2850,4.4470,97.1349,77.2970,19.8380
"BlendPCA-F (w=0.50, K=20/20)",0,periodavg_0837-0839,4.853333,-19.1846,4.9908,98.6028,77.2970,21.3058
"BlendPCA-F (w=0.50, K=20/20)",0,periodavg_0837-0839,4.906667,-19.2620,5.4315,97.5260,77.2970,20.2291
"BlendPCA-F (w=0.50, K=20/20)",0,periodavg_0837-0839,4.960000,-19.1414,3.3672,94.2171,77.2970,16.9202
"BlendPCA-F (w=0.50, K=20/20)",0,periodavg_0837-0839,5.000000,-19.3361,4.4903,96.2699,77.2970,18.9729
"BlendPCA-F (w=0.50, K=20/20)",0,periodavg_0837-0839,5.053333,-19.3812,4.9012,98.6334,77.2970,21.3364
"BlendPCA-F (w=0.50, K=20/20)",0,periodavg_0837-0839,5.106667,-19.4760,4.4871,99.3827,77.2970,22.0858
"BlendPCA-F (w=0.50, K=20/20)",0,periodavg_0837-0839,5.160000,-18.2132,7.0097,88.5733,77.2970,11.2763
"BlendPCA-F (w=0.50, K=20/20)",0,periodavg_0837-0839,5.200000,-17.7286,5.3368,87.2058,77.2970,9.9089
"BlendPCA-F (w=0.50, K=20/20)",0,periodavg_0837-0839,5.253333,-18.5995,4.0902,91.8330,77.2970,14.5360
"BlendPCA-F (w=0.50, K=20/20)",0,periodavg_0837-0839,5.306667,-18.5970,6.1118,91.6094,77.2970,14.3125
"BlendPCA-F (w=0.50, K=20/20)",0,periodavg_0837-0839,5.360000,-19.3313,4.9468,96.5095,77.2970,19.2125
"BlendPCA-F (w=0.50, K=20/20)",0,periodavg_0837-0839,5.400000,-19.1513,3.8221,99.8135,77.2970,22.5165
"BlendPCA-F (w=0.50, K=20/20)",0,periodavg_0837-0839,5.453333,-19.1176,4.0839,98.5972,77.2970,21.3002
"BlendPCA-F (w=0.50, K=20/20)",0,periodavg_0837-0839,5.506667,-19.1876,5.6573,99.2016,77.2970,21.9046
"BlendPCA-F (w=0.50, K=20/20)",0,periodavg_0837-0839,5.560000,-19.0754,5.6778,94.5606,77.2970,17.2636
"BlendPCA-F (w=0.50, K=20/20)",0,periodavg_0837-0839,5.600000,-18.3415,5.7591,89.2771,77.2970,11.9802
"BlendPCA-F (w=0.50, K=20/20)",0,periodavg_0837-0839,5.653333,-18.6833,5.7343,90.9193,77.2970,13.6224
"BlendPCA-F (w=0.50, K=20/20)",0,periodavg_0837-0839,5.706667,-19.0298,4.4012,95.5180,77.2970,18.2210
"BlendPCA-F (w=0.50, K=20/20)",0,periodavg_0837-0839,5.760000,-18.8366,4.5519,91.6471,77.2970,14.3502
"BlendPCA-F (w=0.50, K=20/20)",0,periodavg_0837-0839,5.800000,-18.4881,6.3020,88.7567,77.2970,11.4597
"BlendPCA-F (w=0.50, K=20/20)",0,periodavg_0837-0839,5.853333,-18.8595,4.3375,95.2917,77.2970,17.9948
"BlendPCA-F (w=0.50, K=20/20)",0,periodavg_0837-0839,5.906667,-19.1449,4.9543,97.9674,77.2970,20.6704
"BlendPCA-F (w=0.50, K=20/20)",0,periodavg_0837-0839,5.960000,-19.2028,5.1926,94.6307,77.2970,17.3337
"BlendPCA-F (w=0.50, K=20/20)",0,periodavg_0837-0839,6.000000,-19.3502,3.9927,96.8801,77.2970,19.5831
"BlendPCA-F (w=0.50, K=20/20)",0,periodavg_0837-0839,6.053333,-19.5448,6.7774,99.3334,77.2970,22.0365
"BlendPCA-F (w=0.50, K=20/20)",0,periodavg_0837-0839,6.106667,-19.3134,4.9926,97.2501,77.2970,19.9531
"BlendPCA-F (w=0.50, K=20/20)",0,periodavg_0837-0839,6.160000,-19.7325,4.6408,97.8791,77.2970,20.5821
"BlendPCA-F (w=0.50, K=20/20)",0,periodavg_0837-0839,6.200000,-19.1170,6.7345,96.8083,77.2970,19.5113
"BlendPCA-F (w=0.50, K=20/20)",0,periodavg_0837-0839,6.253333,-18.9673,4.5627,98.2295,77.2970,20.9325
"BlendPCA-F (w=0.50, K=20/20)",0,periodavg_0837-0839,6.306667,-19.5805,3.8967,97.1531,77.2970,19.8562
"BlendPCA-F (w=0.50, K=20/20)",0,periodavg_0837-0839,6.360000,-19.6994,6.0963,97.7185,77.2970,20.4215
"BlendPCA-F (w=0.50, K=20/20)",0,periodavg_0837-0839,6.400000,-19.1950,4.2563,96.0652,77.2970,18.7683
"BlendPCA-F (w=0.50, K=20/20)",0,periodavg_0837-0839,6.453333,-18.8913,7.5482,92.5109,77.2970,15.2140
"BlendPCA-F (w=0.50, K=20/20)",0,periodavg_0837-0839,6.506667,-19.1971,3.6630,96.4302,77.2970,19.1333
"BlendPCA-F (w=0.50, K=20/20)",0,periodavg_0837-0839,6.560000,-19.0857,6.2775,95.8540,77.2970,18.5570
"BlendPCA-F (w=0.50, K=20/20)",0,periodavg_0837-0839,6.600000,-19.3971,3.6169,97.6905,77.2970,20.3936
"BlendPCA-F (w=0.50, K=20/20)",0,periodavg_0837-0839,6.653333,-19.1313,5.6826,98.2143,77.2970,20.9174
"BlendPCA-F (w=0.50, K=20/20)",0,periodavg_0837-0839,6.706667,-19.2936,6.3443,98.3249,77.2970,21.0279
"BlendPCA-F (w=0.50, K=20/20)",0,periodavg_0837-0839,6.760000,-18.9448,5.0087,96.4598,77.2970,19.1629
"BlendPCA-F (w=0.50, K=20/20)",0,periodavg_0837-0839,6.800000,-19.1038,4.2757,97.7600,77.2970,20.4631
"BlendPCA-F (w=0.50, K=20/20)",0,periodavg_0837-0839,6.853333,-18.9624,5.5595,92.5594,77.2970,15.2624
"BlendPCA-F (w=0.50, K=20/20)",0,periodavg_0837-0839,6.906667,-18.6644,6.1655,91.3502,77.2970,14.0532
"BlendPCA-F (w=0.50, K=20/20)",0,periodavg_0837-0839,6.960000,-19.5086,4.1608,98.7150,77.2970,21.4180
"BlendPCA-F (w=0.50, K=20/20)",0,periodavg_0837-0839,7.000000,-19.5698,6.3977,98.7850,77.2970,21.4880
"BlendPCA-F (w=0.50, K=20/20)",0,periodavg_0837-0839,7.053333,-19.1140,4.9788,97.7102,77.2970,20.4132
"BlendPCA-F (w=0.50, K=20/20)",0,periodavg_0837-0839,7.106667,-19.1188,4.7856,91.6564,77.2970,14.3595
"BlendPCA-F (w=0.50, K=20/20)",0,periodavg_0837-0839,7.160000,-19.2190,4.1314,97.9942,77.2970,20.6972
"BlendPCA-F (w=0.50, K=20/20)",0,periodavg_0837-0839,7.200000,-19.2336,3.8163,97.5849,77.2970,20.2879
"BlendPCA-F (w=0.50, K=20/20)",0,periodavg_0837-0839,7.253333,-19.4365,5.2113,98.1484,77.2970,20.8515
"BlendPCA-F (w=0.50, K=20/20)",0,periodavg_0837-0839,7.306667,-19.4002,3.4652,97.9802,77.2970,20.6832
"BlendPCA-F (w=0.50, K=20/20)",0,periodavg_0837-0839,7.360000,-19.4246,4.1933,94.7302,77.2970,17.4332
"BlendPCA-F (w=0.50, K=20/20)",0,periodavg_0837-0839,7.400000,-19.4031,4.5822,99.7894,77.2970,22.4924
"BlendPCA-F (w=0.50, K=20/20)",0,periodavg_0837-0839,7.453333,-19.4991,5.0003,98.1670,77.2970,20.8700
"BlendPCA-F (w=0.50, K=20/20)",0,periodavg_0837-0839,7.506667,-19.3368,4.2313,97.9189,77.2970,20.6220
"BlendPCA-F (w=0.50, K=20/20)",0,periodavg_0837-0839,7.560000,-19.0055,4.5070,97.9360,77.2970,20.6391
"BlendPCA-F (w=0.50, K=20/20)",0,periodavg_0837-0839,7.600000,-18.2334,3.7940,97.8466,77.2970,20.5496
"BlendPCA-F (w=0.50, K=20/20)",0,periodavg_0837-0839,7.653333,-19.2143,4.6314,98.1311,77.2970,20.8341
"BlendPCA-F (w=0.50, K=20/20)",0,periodavg_0837-0839,7.706667,-18.8583,5.4720,98.3275,77.2970,21.0305
"BlendPCA-F (w=0.50, K=20/20)",0,periodavg_0837-0839,7.760000,-19.6020,4.4847,98.6736,77.2970,21.3767
"BlendPCA-F (w=0.50, K=20/20)",0,periodavg_0837-0839,7.800000,-19.4140,6.1630,97.6118,77.2970,20.3148
"BlendPCA-F (w=0.50, K=20/20)",0,periodavg_0837-0839,7.853333,-19.3316,4.9840,97.8274,77.2970,20.5304
"BlendPCA-F (w=0.50, K=20/20)",0,periodavg_0837-0839,7.906667,-19.5173,4.9068,97.3579,77.2970,20.0609
"BlendPCA-F (w=0.50, K=20/20)",0,periodavg_0837-0839,7.960000,-19.3914,5.5286,98.3398,77.2970,21.0428
"BlendPCA-F (w=0.50, K=20/20)",0,periodavg_0837-0839,8.000000,-19.3591,5.1678,98.3978,77.2970,21.1008
"BlendPCA-F (w=0.50, K=20/20)",0,periodavg_0837-0839,8.053333,-18.9948,5.8156,90.9672,77.2970,13.6703
"BlendPCA-F (w=0.50, K=20/20)",0,periodavg_0837-0839,8.106667,-19.4898,4.4681,98.8449,77.2970,21.5480
"BlendPCA-F (w=0.50, K=20/20)",0,periodavg_0837-0839,8.160000,-19.2092,3.6222,93.8524,77.2970,16.5554
"BlendPCA-F (w=0.50, K=20/20)",0,periodavg_0837-0839,8.200000,-19.2360,6.1397,98.5177,77.2970,21.2207
"BlendPCA-F (w=0.50, K=20/20)",0,periodavg_0837-0839,8.253333,-19.0781,4.5071,93.7632,77.2970,16.4662
"BlendPCA-F (w=0.50, K=20/20)",0,periodavg_0837-0839,8.306667,-19.4062,5.9526,96.1136,77.2970,18.8167
"BlendPCA-F (w=0.50, K=20/20)",0,periodavg_0837-0839,8.360000,-18.2344,4.5585,89.1759,77.2970,11.8789
"BlendPCA-F (w=0.50, K=20/20)",0,periodavg_0837-0839,8.400000,-19.6364,3.1699,97.7816,77.2970,20.4846
"BlendPCA-F (w=0.50, K=20/20)",0,periodavg_0837-0839,8.453333,-19.7791,5.1173,98.9497,77.2970,21.6528
"BlendPCA-F (w=0.50, K=20/20)",0,periodavg_0837-0839,8.506667,-19.6465,5.7500,97.5198,77.2970,20.2229
"BlendPCA-F (w=0.50, K=20/20)",0,periodavg_0837-0839,8.560000,-19.4701,5.4651,97.6018,77.2970,20.3049
"BlendPCA-F (w=0.50, K=20/20)",0,periodavg_0837-0839,8.600000,-18.9377,6.3268,94.3013,77.2970,17.0043
"BlendPCA-F (w=0.50, K=20/20)",0,periodavg_0837-0839,8.653333,-19.5966,3.2138,98.7756,77.2970,21.4786
"BlendPCA-F (w=0.50, K=20/20)",0,periodavg_0837-0839,8.706667,-19.4971,7.0142,96.9159,77.2970,19.6189
"BlendPCA-F (w=0.50, K=20/20)",0,periodavg_0837-0839,8.760000,-19.3427,4.7678,98.6363,77.2970,21.3394
"BlendPCA-F (w=0.50, K=20/20)",0,periodavg_0837-0839,8.800000,-18.6242,4.9730,93.3687,77.2970,16.0717
"BlendPCA-F (w=0.50, K=20/20)",0,periodavg_0837-0839,8.853333,-19.2248,4.4612,93.4649,77.2970,16.1680
"BlendPCA-F (w=0.50, K=20/20)",0,periodavg_0837-0839,8.906667,-19.5792,5.8719,97.3769,77.2970,20.0800
"BlendPCA-F (w=0.50, K=20/20)",0,periodavg_0837-0839,8.960000,-19.2227,5.9713,95.7702,77.2970,18.4733
"BlendPCA-F (w=0.50, K=20/20)",0,periodavg_0837-0839,9.000000,-19.2743,6.1062,96.4205,77.2970,19.1235
"BlendPCA-F (w=0.50, K=20/20)",0,periodavg_0837-0839,9.053333,-19.7060,6.3037,98.1768,77.2970,20.8799
"BlendPCA-F (w=0.50, K=20/20)",0,periodavg_0837-0839,9.106667,-19.0068,6.6061,94.9838,77.2970,17.6869
"BlendPCA-F (w=0.50, K=20/20)",0,periodavg_0837-0839,9.160000,-19.6825,4.3703,98.7393,77.2970,21.4424
"BlendPCA-F (w=0.50, K=20/20)",0,periodavg_0837-0839,9.200000,-19.6282,4.5600,95.1832,77.2970,17.8862
"BlendPCA-F (w=0.50, K=20/20)",0,periodavg_0837-0839,9.253333,-19.4383,4.8199,98.0429,77.2970,20.7459
"BlendPCA-F (w=0.50, K=20/20)",0,periodavg_0837-0839,9.306667,-19.2551,4.6029,99.2686,77.2970,21.9716
"BlendPCA-F (w=0.50, K=20/20)",0,periodavg_0837-0839,9.360000,-19.5299,5.5482,99.2234,77.2970,21.9264
"BlendPCA-F (w=0.50, K=20/20)",0,periodavg_0837-0839,9.400000,-19.4168,5.0337,98.2315,77.2970,20.9346
"BlendPCA-F (w=0.50, K=20/20)",0,periodavg_0837-0839,9.453333,-19.5645,3.6543,97.5462,77.2970,20.2492
"BlendPCA-F (w=0.50, K=20/20)",0,periodavg_0837-0839,9.506667,-19.6359,4.9796,97.3866,77.2970,20.0896
"BlendPCA-F (w=0.50, K=20/20)",0,periodavg_0837-0839,9.560000,-19.6948,4.1134,98.6045,77.2970,21.3076
"BlendPCA-F (w=0.50, K=20/20)",0,periodavg_0837-0839,9.600000,-19.0522,5.1617,95.7001,77.2970,18.4031
"BlendPCA-F (w=0.50, K=20/20)",0,periodavg_0837-0839,9.653333,-18.7728,4.5107,98.1858,77.2970,20.8888
"BlendPCA-F (w=0.50, K=20/20)",0,periodavg_0837-0839,9.706667,-19.4367,4.8417,98.7904,77.2970,21.4935
"BlendPCA-F (w=0.50, K=20/20)",0,periodavg_0837-0839,9.760000,-19.6170,5.2674,97.7456,77.2970,20.4487
"BlendPCA-F (w=0.50, K=20/20)",0,periodavg_0837-0839,9.800000,-18.9641,5.5180,97.7094,77.2970,20.4124
"BlendPCA-F (w=0.50, K=20/20)",0,periodavg_0837-0839,9.853333,-19.4837,3.9446,98.1297,77.2970,20.8328
"BlendPCA-F (w=0.50, K=20/20)",0,periodavg_0837-0839,9.906667,-19.7873,4.3403,96.4980,77.2970,19.2010
"BlendPCA-F (w=0.50, K=20/20)",0,periodavg_0837-0839,9.960000,-19.7989,5.9020,99.9157,77.2970,22.6187
"BlendPCA-F (w=0.50, K=20/20)",0,periodavg_0837-0839,10.000000,-19.1256,5.5177,94.6998,77.2970,17.4028
"BlendPCA-F (w=0.50, K=20/20)",1,periodavg_0342-0344,10.013333,3.5549,-7.0543,81.6632,83.9969,-2.3337
"BlendPCA-F (w=0.50, K=20/20)",1,periodavg_0342-0344,10.053333,1.5534,1.1117,82.4024,83.9969,-1.5945
"BlendPCA-F (w=0.50, K=20/20)",1,periodavg_0342-0344,10.106667,-0.1121,0.5287,83.5301,83.9969,-0.4668
"BlendPCA-F (w=0.50, K=20/20)",1,periodavg_0342-0344,10.160000,-1.3911,1.8995,84.6720,83.9969,0.6751
"BlendPCA-F (w=0.50, K=20/20)",1,periodavg_0342-0344,10.200000,-2.1714,3.1410,85.4643,83.9969,1.4674
"BlendPCA-F (w=0.50, K=20/20)",1,periodavg_0342-0344,10.253333,-3.1812,2.1279,86.4892,83.9969,2.4923
"BlendPCA-F (w=0.50, K=20/20)",1,periodavg_0342-0344,10.306667,-3.8385,3.1953,87.4391,83.9969,3.4422
"BlendPCA-F (w=0.50, K=20/20)",1,periodavg_0342-0344,10.360000,-4.5713,2.4223,88.1770,83.9969,4.1801
"BlendPCA-F (w=0.50, K=20/20)",1,periodavg_0342-0344,10.400000,-4.9664,3.9472,88.6587,83.9969,4.6618
"BlendPCA-F (w=0.50, K=20/20)",1,periodavg_0342-0344,10.453333,-5.5106,3.0670,89.1119,83.9969,5.1150
"BlendPCA-F (w=0.50, K=20/20)",1,periodavg_0342-0344,10.506667,-5.9922,1.7190,89.6565,83.9969,5.6596
"BlendPCA-F (w=0.50, K=20/20)",1,periodavg_0342-0344,10.560000,-6.5967,3.0083,90.0825,83.9969,6.0856
"BlendPCA-F (w=0.50, K=20/20)",1,periodavg_0342-0344,10.600000,-6.5520,3.4399,90.3017,83.9969,6.3048
"BlendPCA-F (w=0.50, K=20/20)",1,periodavg_0342-0344,10.653333,-6.8451,2.1275,90.3350,83.9969,6.3381
"BlendPCA-F (w=0.50, K=20/20)",1,periodavg_0342-0344,10.706667,-7.1213,2.3425,90.7647,83.9969,6.7678
"BlendPCA-F (w=0.50, K=20/20)",1,periodavg_0342-0344,10.760000,-7.8005,2.6299,90.9400,83.9969,6.9430
"BlendPCA-F (w=0.50, K=20/20)",1,periodavg_0342-0344,10.800000,-7.9901,3.9139,91.3683,83.9969,7.3714
"BlendPCA-F (w=0.50, K=20/20)",1,periodavg_0342-0344,10.853333,-8.3683,2.4001,91.2007,83.9969,7.2038
"BlendPCA-F (w=0.50, K=20/20)",1,periodavg_0342-0344,10.906667,-8.4990,2.3556,92.2284,83.9969,8.2315
"BlendPCA-F (w=0.50, K=20/20)",1,periodavg_0342-0344,10.960000,-8.6134,1.4265,92.3809,83.9969,8.3839
"BlendPCA-F (w=0.50, K=20/20)",1,periodavg_0342-0344,11.000000,-9.2823,2.6642,92.6889,83.9969,8.6920
"BlendPCA-F (w=0.50, K=20/20)",1,periodavg_0342-0344,11.053333,-9.2744,4.0274,92.6824,83.9969,8.6855
"BlendPCA-F (w=0.50, K=20/20)",1,periodavg_0342-0344,11.106667,-9.6012,2.3797,93.4445,83.9969,9.4476
"BlendPCA-F (w=0.50, K=20/20)",1,periodavg_0342-0344,11.160000,-10.1177,2.1576,93.5674,83.9969,9.5705
"BlendPCA-F (w=0.50, K=20/20)",1,periodavg_0342-0344,11.200000,-10.0021,2.2667,93.4918,83.9969,9.4949
"BlendPCA-F (w=0.50, K=20/20)",1,periodavg_0342-0344,11.253333,-10.2240,3.0648,93.5444,83.9969,9.5475
"BlendPCA-F (w=0.50, K=20/20)",1,periodavg_0342-0344,11.306667,-9.7285,2.9487,92.8282,83.9969,8.8313
"BlendPCA-F (w=0.50, K=20/20)",1,periodavg_0342-0344,11.360000,-10.4948,1.7656,94.1566,83.9969,10.1597
"BlendPCA-F (w=0.50, K=20/20)",1,periodavg_0342-0344,11.400000,-10.3715,2.2331,92.7874,83.9969,8.7905
"BlendPCA-F (w=0.50, K=20/20)",1,periodavg_0342-0344,11.453333,-11.1282,3.0265,95.3006,83.9969,11.3037
"BlendPCA-F (w=0.50, K=20/20)",1,periodavg_0342-0344,11.506667,-11.1372,3.1458,95.1442,83.9969,11.1473
"BlendPCA-F (w=0.50, K=20/20)",1,periodavg_0342-0344,11.560000,-10.6807,2.4057,94.6581,83.9969,10.6612
"BlendPCA-F (w=0.50, K=20/20)",1,periodavg_0342-0344,11.600000,-10.0616,2.3977,95.1300,83.9969,11.1331
"BlendPCA-F (w=0.50, K=20/20)",1,periodavg_0342-0344,11.653333,-11.0101,2.4135,96.3032,83.9969,12.3063
"BlendPCA-F (w=0.50, K=20/20)",1,periodavg_0342-0344,11.706667,-11.5920,2.3717,96.3568,83.9969,12.3599
"BlendPCA-F (w=0.50, K=20/20)",1,periodavg_0342-0344,11.760000,-11.3781,3.0070,93.1722,83.9969,9.1753
"BlendPCA-F (w=0.50, K=20/20)",1,periodavg_0342-0344,11.800000,-11.5087,3.1427,96.7008,83.9969,12.7039
"BlendPCA-F (w=0.50, K=20/20)",1,periodavg_0342-0344,11.853333,-12.0903,4.1634,96.9116,83.9969,12.9147
"BlendPCA-F (w=0.50, K=20/20)",1,periodavg_0342-0344,11.906667,-12.1749,2.7827,97.1967,83.9969,13.1998
"BlendPCA-F (w=0.50, K=20/20)",1,periodavg_0342-0344,11.960000,-11.7953,3.3094,97.6018,83.9969,13.6049
"BlendPCA-F (w=0.50, K=20/20)",1,periodavg_0342-0344,12.000000,-12.0001,3.7756,97.0259,83.9969,13.0290
"BlendPCA-F (w=0.50, K=20/20)",1,periodavg_0342-0344,12.053333,-12.1913,2.8504,96.3925,83.9969,12.3956
"BlendPCA-F (w=0.50, K=20/20)",1,periodavg_0342-0344,12.106667,-12.4598,2.5939,97.5329,83.9969,13.5360
"BlendPCA-F (w=0.50, K=20/20)",1,periodavg_0342-0344,12.160000,-12.5131,3.2056,97.7066,83.9969,13.7096
"BlendPCA-F (w=0.50, K=20/20)",1,periodavg_0342-0344,12.200000,-12.4938,3.8303,97.7366,83.9969,13.7397
"BlendPCA-F (w=0.50, K=20/20)",1,periodavg_0342-0344,12.253333,-12.0630,4.0915,95.8238,83.9969,11.8269
"BlendPCA-F (w=0.50, K=20/20)",1,periodavg_0342-0344,12.306667,-12.4399,2.6624,97.7682,83.9969,13.7713
"BlendPCA-F (w=0.50, K=20/20)",1,periodavg_0342-0344,12.360000,-12.7145,2.2775,98.0557,83.9969,14.0588
"BlendPCA-F (w=0.50, K=20/20)",1,periodavg_0342-0344,12.400000,-12.7087,3.6840,94.5149,83.9969,10.5180
"BlendPCA-F (w=0.50, K=20/20)",1,periodavg_0342-0344,12.453333,-12.1172,3.4177,92.0219,83.9969,8.0250
"BlendPCA-F (w=0.50, K=20/20)",1,periodavg_0342-0344,12.506667,-13.2310,2.7493,97.7485,83.9969,13.7516
"BlendPCA-F (w=0.50, K=20/20)",1,periodavg_0342-0344,12.560000,-12.8308,1.7840,94.4618,83.9969,10.4649
"BlendPCA-F (w=0.50, K=20/20)",1,periodavg_0342-0344,12.600000,-12.8877,3.2114,96.1467,83.9969,12.1497
"BlendPCA-F (w=0.50, K=20/20)",1,periodavg_0342-0344,12.653333,-13.2398,3.7320,97.1680,83.9969,13.1711
"BlendPCA-F (w=0.50, K=20/20)",1,periodavg_0342-0344,12.706667,-12.1292,3.8150,89.7405,83.9969,5.7436
"BlendPCA-F (w=0.50, K=20/20)",1,periodavg_0342-0344,12.760000,-13.0583,2.5810,96.1091,83.9969,12.1122
"BlendPCA-F (w=0.50, K=20/20)",1,periodavg_0342-0344,12.800000,-13.5196,2.4691,99.2710,83.9969,15.2741
"BlendPCA-F (w=0.50, K=20/20)",1,periodavg_0342-0344,12.853333,-13.5195,3.0618,100.0065,83.9969,16.0096
"BlendPCA-F (w=0.50, K=20/20)",1,periodavg_0342-0344,12.906667,-13.2580,2.1170,96.1528,83.9969,12.1559
"BlendPCA-F (w=0.50, K=20/20)",1,periodavg_0342-0344,12.960000,-13.4117,3.7717,99.0729,83.9969,15.0760
"BlendPCA-F (w=0.50, K=20/20)",1,periodavg_0342-0344,13.000000,-13.8737,1.9655,100.0900,83.9969,16.0931
"BlendPCA-F (w=0.50, K=20/20)",1,periodavg_0342-0344,13.053333,-13.6009,3.4407,96.4521,83.9969,12.4552
"BlendPCA-F (w=0.50, K=20/20)",1,periodavg_0342-0344,13.106667,-12.8572,2.9098,96.1095,83.9969,12.1126
"BlendPCA-F (w=0.50, K=20/20)",1,periodavg_0342-0344,13.160000,-13.1464,2.6796,95.6990,83.9969,11.7021
"BlendPCA-F (w=0.50, K=20/20)",1,periodavg_0342-0344,13.200000,-13.4963,2.0910,99.5549,83.9969,15.5580
"BlendPCA-F (w=0.50, K=20/20)",1,periodavg_0342-0344,13.253333,-13.4649,3.2505,100.8330,83.9969,16.8361
"BlendPCA-F (w=0.50, K=20/20)",1,periodavg_0342-0344,13.306667,-13.0856,2.8426,97.6436,83.9969,13.6467
"BlendPCA-F (w=0.50, K=20/20)",1,periodavg_0342-0344,13.360000,-13.2350,2.6412,98.0748,83.9969,14.0779
"BlendPCA-F (w=0.50, K=20/20)",1,periodavg_0342-0344,13.400000,-12.9039,2.7620,93.9838,83.9969,9.9869
"BlendPCA-F (w=0.50, K=20/20)",1,periodavg_0342-0344,13.453333,-13.4102,2.6643,96.2056,83.9969,12.2087
"BlendPCA-F (w=0.50, K=20/20)",1,periodavg_0342-0344,13.506667,-13.0290,2.5170,92.9720,83.9969,8.9751
"BlendPCA-F (w=0.50, K=20/20)",1,periodavg_0342-0344,13.560000,-13.3772,3.0344,97.2285,83.9969,13.2316
"BlendPCA-F (w=0.50, K=20/20)",1,periodavg_0342-0344,13.600000,-13.6604,2.4470,97.6836,83.9969,13.6866
"BlendPCA-F (w=0.50, K=20/20)",1,periodavg_0342-0344,13.653333,-13.2329,3.5327,99.4022,83.9969,15.4053
"BlendPCA-F (w=0.50, K=20/20)",1,periodavg_0342-0344,13.706667,-12.4617,2.4794,95.8142,83.9969,11.8173
"BlendPCA-F (w=0.50, K=20/20)",1,periodavg_0342-0344,13.760000,-13.4984,3.3868,96.8936,83.9969,12.8967
"BlendPCA-F (w=0.50, K=20/20)",1,periodavg_0342-0344,13.800000,-13.9079,2.1568,101.3540,83.9969,17.3571
"BlendPCA-F (w=0.50, K=20/20)",1,periodavg_0342-0344,13.853333,-13.4788,3.3733,100.7465,83.9969,16.7496
"BlendPCA-F (w=0.50, K=20/20)",1,periodavg_0342-0344,13.906667,-13.5236,3.0431,96.0476,83.9969,12.0507
"BlendPCA-F (w=0.50, K=20/20)",1,periodavg_0342-0344,13.960000,-13.6761,2.8537,98.8916,83.9969,14.8947
"BlendPCA-F (w=0.50, K=20/20)",1,periodavg_0342-0344,14.000000,-13.5004,4.0271,98.7630,83.9969,14.7661
"BlendPCA-F (w=0.50, K=20/20)",1,periodavg_0342-0344,14.053333,-12.6087,4.6765,95.0276,83.9969,11.0307
"BlendPCA-F (w=0.50, K=20/20)",1,periodavg_0342-0344,14.106667,-12.6086,3.9639,97.9241,83.9969,13.9272
"BlendPCA-F (w=0.50, K=20/20)",1,periodavg_0342-0344,14.160000,-13.5410,3.0445,99.7115,83.9969,15.7146
"BlendPCA-F (w=0.50, K=20/20)",1,periodavg_0342-0344,14.200000,-13.5650,3.3805,98.2825,83.9969,14.2856
"BlendPCA-F (w=0.50, K=20/20)",1,periodavg_0342-0344,14.253333,-13.5416,2.7796,99.6475,83.9969,15.6506
"BlendPCA-F (w=0.50, K=20/20)",1,periodavg_0342-0344,14.306667,-13.6987,3.3190,100.3408,83.9969,16.3439
"BlendPCA-F (w=0.50, K=20/20)",1,periodavg_0342-0344,14.360000,-14.1180,3.1440,101.1284,83.9969,17.1315
"BlendPCA-F (w=0.50, K=20/20)",1,periodavg_0342-0344,14.400000,-13.5132,1.7254,96.4844,83.9969,12.4875
"BlendPCA-F (w=0.50, K=20/20)",1,periodavg_0342-0344,14.453333,-13.8883,3.1974,100.2459,83.9969,16.2490
"BlendPCA-F (w=0.50, K=20/20)",1,periodavg_0342-0344,14.506667,-14.0863,2.8366,100.9068,83.9969,16.9099
"BlendPCA-F (w=0.50, K=20/20)",1,periodavg_0342-0344,14.560000,-13.9953,2.1646,96.1230,83.9969,12.1261
"BlendPCA-F (w=0.50, K=20/20)",1,periodavg_0342-0344,14.600000,-13.1009,3.7195,96.0250,83.9969,12.0281
"BlendPCA-F (w=0.50, K=20/20)",1,periodavg_0342-0344,14.653333,-13.9025,2.6712,98.7941,83.9969,14.7972
"BlendPCA-F (w=0.50, K=20/20)",1,periodavg_0342-0344,14.706667,-13.6005,2.9371,97.4647,83.9969,13.4678
"BlendPCA-F (w=0.50, K=20/20)",1,periodavg_0342-0344,14.760000,-14.1694,2.8665,99.5532,83.9969,15.5563
"BlendPCA-F (w=0.50, K=20/20)",1,periodavg_0342-0344,14.800000,-13.8527,3.2583,100.6025,83.9969,16.6056
"BlendPCA-F (w=0.50, K=20/20)",1,periodavg_0342-0344,14.853333,-13.9368,3.0077,99.1140,83.9969,15.1171
"BlendPCA-F (w=0.50, K=20/20)",1,periodavg_0342-0344,14.906667,-13.8811,2.0935,98.0701,83.9969,14.0732
"BlendPCA-F (w=0.50, K=20/20)",1,periodavg_0342-0344,14.960000,-13.8711,2.4939,99.4175,83.9969,15.4206
"BlendPCA-F (w=0.50, K=20/20)",1,periodavg_0342-0344,15.000000,-13.7526,2.7130,99.3360,83.9969,15.3391
"BlendPCA-F (w=0.50, K=20/20)",1,periodavg_0342-0344,15.053333,-13.1668,2.3350,98.3506,83.9969,14.3537
"BlendPCA-F (w=0.50, K=20/20)",1,periodavg_0342-0344,15.106667,-13.6053,3.3392,99.9338,83.9969,15.9369
"BlendPCA-F (w=0.50, K=20/20)",1,periodavg_0342-0344,15.160000,-13.0905,2.6171,96.5095,83.9969,12.5125
"BlendPCA-F (w=0.50, K=20/20)",1,periodavg_0342-0344,15.200000,-13.3710,3.5510,99.4631,83.9969,15.4662
"BlendPCA-F (w=0.50, K=20/20)",1,periodavg_0342-0344,15.253333,-13.0963,2.0907,100.4608,83.9969,16.4638
"BlendPCA-F (w=0.50, K=20/20)",1,periodavg_0342-0344,15.306667,-13.6382,2.1944,97.6883,83.9969,13.6914
"BlendPCA-F (w=0.50, K=20/20)",1,periodavg_0342-0344,15.360000,-13.4707,4.4004,98.3291,83.9969,14.3322
"BlendPCA-F (w=0.50, K=20/20)",1,periodavg_0342-0344,15.400000,-13.7813,2.1375,100.0255,83.9969,16.0285
"BlendPCA-F (w=0.50, K=20/20)",1,periodavg_0342-0344,15.453333,-13.5119,2.5981,97.3186,83.9969,13.3217
"BlendPCA-F (w=0.50, K=20/20)",1,periodavg_0342-0344,15.506667,-13.9897,2.5538,99.8580,83.9969,15.8611
"BlendPCA-F (w=0.50, K=20/20)",1,periodavg_0342-0344,15.560000,-14.1872,2.8687,99.5767,83.9969,15.5798
"BlendPCA-F (w=0.50, K=20/20)",1,periodavg_0342-0344,15.600000,-13.7015,2.8136,96.3847,83.9969,12.3878
"BlendPCA-F (w=0.50, K=20/20)",1,periodavg_0342-0344,15.653333,-13.5130,2.1712,97.7933,83.9969,13.7964
"BlendPCA-F (w=0.50, K=20/20)",1,periodavg_0342-0344,15.706667,-13.5221,4.9287,96.7794,83.9969,12.7825
"BlendPCA-F (w=0.50, K=20/20)",1,periodavg_0342-0344,15.760000,-13.1456,2.9912,96.5971,83.9969,12.6002
"BlendPCA-F (w=0.50, K=20/20)",1,periodavg_0342-0344,15.800000,-13.9541,2.1110,98.4584,83.9969,14.4615
"BlendPCA-F (w=0.50, K=20/20)",1,periodavg_0342-0344,15.853333,-13.8154,2.8014,98.8674,83.9969,14.8704
"BlendPCA-F (w=0.50, K=20/20)",1,periodavg_0342-0344,15.906667,-13.2330,2.5956,92.7335,83.9969,8.7366
"BlendPCA-F (w=0.50, K=20/20)",1,periodavg_0342-0344,15.960000,-13.9295,2.1168,98.7465,83.9969,14.7496
"BlendPCA-F (w=0.50, K=20/20)",1,periodavg_0342-0344,16.000000,-13.4061,2.2315,93.2147,83.9969,9.2178
"BlendPCA-F (w=0.50, K=20/20)",1,periodavg_0342-0344,16.053333,-14.0665,3.8036,97.5657,83.9969,13.5688
"BlendPCA-F (w=0.50, K=20/20)",1,periodavg_0342-0344,16.106667,-13.8178,3.0545,94.6771,83.9969,10.6802
"BlendPCA-F (w=0.50, K=20/20)",1,periodavg_0342-0344,16.160000,-14.1534,4.0282,99.6586,83.9969,15.6617
"BlendPCA-F (w=0.50, K=20/20)",1,periodavg_0342-0344,16.200000,-13.8993,3.1574,98.4808,83.9969,14.4839
"BlendPCA-F (w=0.50, K=20/20)",1,periodavg_0342-0344,16.253333,-13.1423,3.5282,97.7938,83.9969,13.7969
"BlendPCA-F (w=0.50, K=20/20)",1,periodavg_0342-0344,16.306667,-13.2106,2.8576,93.8710,83.9969,9.8741
"BlendPCA-F (w=0.50, K=20/20)",1,periodavg_0342-0344,16.360000,-13.6734,2.4702,98.9160,83.9969,14.9191
"BlendPCA-F (w=0.50, K=20/20)",1,periodavg_0342-0344,16.400000,-13.8673,1.4332,98.4712,83.9969,14.4743
"BlendPCA-F (w=0.50, K=20/20)",1,periodavg_0342-0344,16.453333,-13.7733,3.3683,95.9039,83.9969,11.9070
"BlendPCA-F (w=0.50, K=20/20)",1,periodavg_0342-0344,16.506667,-13.5285,2.4308,97.0085,83.9969,13.0116
"BlendPCA-F (w=0.50, K=20/20)",1,periodavg_0342-0344,16.560000,-13.5385,1.8371,97.8744,83.9969,13.8775
"BlendPCA-F (w=0.50, K=20/20)",1,periodavg_0342-0344,16.600000,-13.8374,3.1117,98.1602,83.9969,14.1633
"BlendPCA-F (w=0.50, K=20/20)",1,periodavg_0342-0344,16.653333,-13.2823,2.8360,94.3007,83.9969,10.3037
"BlendPCA-F (w=0.50, K=20/20)",1,periodavg_0342-0344,16.706667,-13.5875,3.7718,96.5795,83.9969,12.5826
"BlendPCA-F (w=0.50, K=20/20)",1,periodavg_0342-0344,16.760000,-13.7536,3.2614,97.9534,83.9969,13.9565
"BlendPCA-F (w=0.50, K=20/20)",1,periodavg_0342-0344,16.800000,-13.5354,3.1357,97.4732,83.9969,13.4763
"BlendPCA-F (w=0.50, K=20/20)",1,periodavg_0342-0344,16.853333,-12.7838,3.2639,99.3595,83.9969,15.3626
"BlendPCA-F (w=0.50, K=20/20)",1,periodavg_0342-0344,16.906667,-13.1756,2.8296,97.0055,83.9969,13.0086
"BlendPCA-F (w=0.50, K=20/20)",1,periodavg_0342-0344,16.960000,-13.7780,2.5313,98.4360,83.9969,14.4391
"BlendPCA-F (w=0.50, K=20/20)",1,periodavg_0342-0344,17.000000,-13.4380,2.9569,95.9945,83.9969,11.9976
"BlendPCA-F (w=0.50, K=20/20)",1,periodavg_0342-0344,17.053333,-13.9650,2.4420,98.7929,83.9969,14.7960
"BlendPCA-F (w=0.50, K=20/20)",1,periodavg_0342-0344,17.106667,-14.0477,2.9451,100.2214,83.9969,16.2245
"BlendPCA-F (w=0.50, K=20/20)",1,periodavg_0342-0344,17.160000,-13.7085,2.1843,96.8514,83.9969,12.8545
"BlendPCA-F (w=0.50, K=20/20)",1,periodavg_0342-0344,17.200000,-13.7178,3.2033,99.2785,83.9969,15.2816
"BlendPCA-F (w=0.50, K=20/20)",1,periodavg_0342-0344,17.253333,-14.0634,2.2741,98.8174,83.9969,14.8205
"BlendPCA-F (w=0.50, K=20/20)",1,periodavg_0342-0344,17.306667,-13.3544,2.2471,91.7332,83.9969,7.7363
"BlendPCA-F (w=0.50, K=20/20)",1,periodavg_0342-0344,17.360000,-13.7871,2.5592,93.4466,83.9969,9.4497
"BlendPCA-F (w=0.50, K=20/20)",1,periodavg_0342-0344,17.400000,-13.7387,3.5605,97.8946,83.9969,13.8977
"BlendPCA-F (w=0.50, K=20/20)",1,periodavg_0342-0344,17.453333,-13.9753,3.6084,98.9909,83.9969,14.9940
"BlendPCA-F (w=0.50, K=20/20)",1,periodavg_0342-0344,17.506667,-14.0009,2.2262,98.5601,83.9969,14.5632
"BlendPCA-F (w=0.50, K=20/20)",1,periodavg_0342-0344,17.560000,-14.1116,3.5169,98.8677,83.9969,14.8708
"BlendPCA-F (w=0.50, K=20/20)",1,periodavg_0342-0344,17.600000,-13.6138,2.8067,99.1197,83.9969,15.1228
"BlendPCA-F (w=0.50, K=20/20)",1,periodavg_0342-0344,17.653333,-13.4319,2.0883,99.8236,83.9969,15.8267
"BlendPCA-F (w=0.50, K=20/20)",1,periodavg_0342-0344,17.706667,-13.8070,2.4963,98.1602,83.9969,14.1633
"BlendPCA-F (w=0.50, K=20/20)",1,periodavg_0342-0344,17.760000,-13.2961,2.6735,95.8209,83.9969,11.8240
"BlendPCA-F (w=0.50, K=20/20)",1,periodavg_0342-0344,17.800000,-13.5172,4.3020,94.8292,83.9969,10.8323
"BlendPCA-F (w=0.50, K=20/20)",1,periodavg_0342-0344,17.853333,-13.7382,2.3913,98.2475,83.9969,14.2506
"BlendPCA-F (w=0.50, K=20/20)",1,periodavg_0342-0344,17.906667,-13.2062,3.4435,100.1236,83.9969,16.1267
"BlendPCA-F (w=0.50, K=20/20)",1,periodavg_0342-0344,17.960000,-13.4466,3.9015,95.2654,83.9969,11.2685
"BlendPCA-F (w=0.50, K=20/20)",1,periodavg_0342-0344,18.000000,-13.9537,2.5624,98.3789,83.9969,14.3820
"BlendPCA-F (w=0.50, K=20/20)",1,periodavg_0342-0344,18.053333,-13.5370,3.2153,100.8021,83.9969,16.8052
"BlendPCA-F (w=0.50, K=20/20)",1,periodavg_0342-0344,18.106667,-13.5074,2.5981,97.2436,83.9969,13.2467
"BlendPCA-F (w=0.50, K=20/20)",1,periodavg_0342-0344,18.160000,-13.1673,3.0678,96.6920,83.9969,12.6951
"BlendPCA-F (w=0.50, K=20/20)",1,periodavg_0342-0344,18.200000,-13.5823,3.3217,98.5692,83.9969,14.5723
"BlendPCA-F (w=0.50, K=20/20)",1,periodavg_0342-0344,18.253333,-13.3652,2.7125,97.6166,83.9969,13.6197
"BlendPCA-F (w=0.50, K=20/20)",1,periodavg_0342-0344,18.306667,-11.7141,4.6855,90.9559,83.9969,6.9590
"BlendPCA-F (w=0.50, K=20/20)",1,periodavg_0342-0344,18.360000,-12.9310,2.3167,95.9357,83.9969,11.9388
"BlendPCA-F (w=0.50, K=20/20)",1,periodavg_0342-0344,18.400000,-13.6364,2.8704,98.2714,83.9969,14.2745
"BlendPCA-F (w=0.50, K=20/20)",1,periodavg_0342-0344,18.453333,-13.6229,2.6160,98.6215,83.9969,14.6246
"BlendPCA-F (w=0.50, K=20/20)",1,periodavg_0342-0344,18.506667,-13.3341,3.9745,96.0217,83.9969,12.0248
"BlendPCA-F (w=0.50, K=20/20)",1,periodavg_0342-0344,18.560000,-13.9196,3.4730,99.3880,83.9969,15.3911
"BlendPCA-F (w=0.50, K=20/20)",1,periodavg_0342-0344,18.600000,-14.0335,2.8812,99.7024,83.9969,15.7055
"BlendPCA-F (w=0.50, K=20/20)",1,periodavg_0342-0344,18.653333,-13.7031,2.2617,98.4839,83.9969,14.4870
"BlendPCA-F (w=0.50, K=20/20)",1,periodavg_0342-0344,18.706667,-12.8396,3.5454,97.4644,83.9969,13.4675
"BlendPCA-F (w=0.50, K=20/20)",1,periodavg_0342-0344,18.760000,-13.0873,1.8690,96.2839,83.9969,12.2870
"BlendPCA-F (w=0.50, K=20/20)",1,periodavg_0342-0344,18.800000,-13.1516,4.5358,99.0697,83.9969,15.0728
"BlendPCA-F (w=0.50, K=20/20)",1,periodavg_0342-0344,18.853333,-13.5907,2.6559,98.8725,83.9969,14.8756
"BlendPCA-F (w=0.50, K=20/20)",1,periodavg_0342-0344,18.906667,-13.1660,2.6208,98.6297,83.9969,14.6328
"BlendPCA-F (w=0.50, K=20/20)",1,periodavg_0342-0344,18.960000,-12.9825,4.0639,92.4082,83.9969,8.4113
"BlendPCA-F (w=0.50, K=20/20)",1,periodavg_0342-0344,19.000000,-12.2069,2.9949,94.4950,83.9969,10.4981
"BlendPCA-F (w=0.50, K=20/20)",1,periodavg_0342-0344,19.053333,-13.6569,1.9537,98.2940,83.9969,14.2971
"BlendPCA-F (w=0.50, K=20/20)",1,periodavg_0342-0344,19.106667,-13.7363,3.2261,95.7635,83.9969,11.7666
"BlendPCA-F (w=0.50, K=20/20)",1,periodavg_0342-0344,19.160000,-13.5251,1.3505,97.7789,83.9969,13.7820
"BlendPCA-F (w=0.50, K=20/20)",1,periodavg_0342-0344,19.200000,-13.5847,3.2088,99.4954,83.9969,15.4985
"BlendPCA-F (w=0.50, K=20/20)",1,periodavg_0342-0344,19.253333,-13.4819,2.5228,96.5641,83.9969,12.5672
"BlendPCA-F (w=0.50, K=20/20)",1,periodavg_0342-0344,19.306667,-13.8600,2.9752,98.2814,83.9969,14.2845
"BlendPCA-F (w=0.50, K=20/20)",1,periodavg_0342-0344,19.360000,-13.7596,3.7006,99.3475,83.9969,15.3506
"BlendPCA-F (w=0.50, K=20/20)",1,periodavg_0342-0344,19.400000,-13.9772,2.9690,99.8491,83.9969,15.8522
"BlendPCA-F (w=0.50, K=20/20)",1,periodavg_0342-0344,19.453333,-13.4112,2.9144,98.3524,83.9969,14.3555
"BlendPCA-F (w=0.50, K=20/20)",1,periodavg_0342-0344,19.506667,-13.8422,2.2579,96.2992,83.9969,12.3023
"BlendPCA-F (w=0.50, K=20/20)",1,periodavg_0342-0344,19.560000,-12.9671,2.9036,95.1891,83.9969,11.1922
"BlendPCA-F (w=0.50, K=20/20)",1,periodavg_0342-0344,19.600000,-12.9615,2.7133,96.2749,83.9969,12.2779
"BlendPCA-F (w=0.50, K=20/20)",1,periodavg_0342-0344,19.653333,-13.5123,2.3990,98.5826,83.9969,14.5857
"BlendPCA-F (w=0.50, K=20/20)",1,periodavg_0342-0344,19.706667,-13.8203,3.9373,100.1333,83.9969,16.1364
"BlendPCA-F (w=0.50, K=20/20)",1,periodavg_0342-0344,19.760000,-13.3819,2.0094,94.6811,83.9969,10.6842
"BlendPCA-F (w=0.50, K=20/20)",1,periodavg_0342-0344,19.800000,-13.4427,3.0199,97.8436,83.9969,13.8467
"BlendPCA-F (w=0.50, K=20/20)",1,periodavg_0342-0344,19.853333,-13.4089,1.8552,97.2827,83.9969,13.2858
"BlendPCA-F (w=0.50, K=20/20)",1,periodavg_0342-0344,19.906667,-12.7660,2.1047,97.7389,83.9969,13.7420
"BlendPCA-F (w=0.50, K=20/20)",1,periodavg_0342-0344,19.960000,-13.4790,3.2706,99.9803,83.9969,15.9834
"BlendPCA-F (w=0.50, K=20/20)",1,periodavg_0342-0344,20.000000,-13.2010,2.9845,96.6700,83.9969,12.6731
"BlendPCA-F (w=0.50, K=20/20)",2,periodavg_0678-0680,20.013333,-2.6359,-4.1146,83.0292,80.3766,2.6526
"BlendPCA-F (w=0.50, K=20/20)",2,periodavg_0678-0680,20.053333,-4.2758,-0.0757,84.1361,80.3766,3.7594
"BlendPCA-F (w=0.50, K=20/20)",2,periodavg_0678-0680,20.106667,-5.0353,1.5632,84.6715,80.3766,4.2949
"BlendPCA-F (w=0.50, K=20/20)",2,periodavg_0678-0680,20.160000,-6.2433,1.2213,85.5106,80.3766,5.1340
"BlendPCA-F (w=0.50, K=20/20)",2,periodavg_0678-0680,20.200000,-6.4876,1.4013,86.0078,80.3766,5.6312
"BlendPCA-F (w=0.50, K=20/20)",2,periodavg_0678-0680,20.253333,-7.5290,1.1892,87.2734,80.3766,6.8968
"BlendPCA-F (w=0.50, K=20/20)",2,periodavg_0678-0680,20.306667,-7.9570,1.6258,87.4893,80.3766,7.1127
"BlendPCA-F (w=0.50, K=20/20)",2,periodavg_0678-0680,20.360000,-8.6151,1.5449,88.0287,80.3766,7.6521
"BlendPCA-F (w=0.50, K=20/20)",2,periodavg_0678-0680,20.400000,-8.3025,1.3238,88.2607,80.3766,7.8841
"BlendPCA-F (w=0.50, K=20/20)",2,periodavg_0678-0680,20.453333,-8.5594,1.8758,88.9561,80.3766,8.5795
"BlendPCA-F (w=0.50, K=20/20)",2,periodavg_0678-0680,20.506667,-9.1329,1.4815,89.0643,80.3766,8.6877
"BlendPCA-F (w=0.50, K=20/20)",2,periodavg_0678-0680,20.560000,-8.7673,1.7092,88.5920,80.3766,8.2153
"BlendPCA-F (w=0.50, K=20/20)",2,periodavg_0678-0680,20.600000,-9.1530,1.4376,89.1636,80.3766,8.7870
"BlendPCA-F (w=0.50, K=20/20)",2,periodavg_0678-0680,20.653333,-9.4330,1.8172,89.4034,80.3766,9.0268
"BlendPCA-F (w=0.50, K=20/20)",2,periodavg_0678-0680,20.706667,-9.7553,1.1736,89.7794,80.3766,9.4027
"BlendPCA-F (w=0.50, K=20/20)",2,periodavg_0678-0680,20.760000,-9.6209,1.4673,89.7279,80.3766,9.3513
"BlendPCA-F (w=0.50, K=20/20)",2,periodavg_0678-0680,20.800000,-9.4978,1.2872,90.2853,80.3766,9.9086
"BlendPCA-F (w=0.50, K=20/20)",2,periodavg_0678-0680,20.853333,-10.1122,1.9141,90.2312,80.3766,9.8546
"BlendPCA-F (w=0.50, K=20/20)",2,periodavg_0678-0680,20.906667,-10.4709,1.1964,90.6769,80.3766,10.3003
"BlendPCA-F (w=0.50, K=20/20)",2,periodavg_0678-0680,20.960000,-10.1350,2.9565,90.4802,80.3766,10.1036
"BlendPCA-F (w=0.50, K=20/20)",2,periodavg_0678-0680,21.000000,-10.5028,2.1213,91.0506,80.3766,10.6739
"BlendPCA-F (w=0.50, K=20/20)",2,periodavg_0678-0680,21.053333,-10.8608,1.5250,91.5537,80.3766,11.1771
"BlendPCA-F (w=0.50, K=20/20)",2,periodavg_0678-0680,21.106667,-11.0528,1.8397,91.5086,80.3766,11.1320
"BlendPCA-F (w=0.50, K=20/20)",2,periodavg_0678-0680,21.160000,-10.5785,2.8074,91.4115,80.3766,11.0349
"BlendPCA-F (w=0.50, K=20/20)",2,periodavg_0678-0680,21.200000,-10.1442,2.1717,90.4730,80.3766,10.0964
"BlendPCA-F (w=0.50, K=20/20)",2,periodavg_0678-0680,21.253333,-10.3796,1.6549,90.2383,80.3766,9.8617
"BlendPCA-F (w=0.50, K=20/20)",2,periodavg_0678-0680,21.306667,-10.7268,2.2555,91.0763,80.3766,10.6997
"BlendPCA-F (w=0.50, K=20/20)",2,periodavg_0678-0680,21.360000,-10.3801,0.9747,90.2724,80.3766,9.8957
"BlendPCA-F (w=0.50, K=20/20)",2,periodavg_0678-0680,21.400000,-10.8538,2.0133,91.2449,80.3766,10.8683
"BlendPCA-F (w=0.50, K=20/20)",2,periodavg_0678-0680,21.453333,-10.8611,1.1946,91.1470,80.3766,10.7704
"BlendPCA-F (w=0.50, K=20/20)",2,periodavg_0678-0680,21.506667,-10.8001,1.9170,91.2561,80.3766,10.8794
"BlendPCA-F (w=0.50, K=20/20)",2,periodavg_0678-0680,21.560000,-10.3807,1.2340,90.5662,80.3766,10.1896
"BlendPCA-F (w=0.50, K=20/20)",2,periodavg_0678-0680,21.600000,-10.5116,1.1413,91.9023,80.3766,11.5257
"BlendPCA-F (w=0.50, K=20/20)",2,periodavg_0678-0680,21.653333,-11.1170,1.8350,92.5202,80.3766,12.1436
"BlendPCA-F (w=0.50, K=20/20)",2,periodavg_0678-0680,21.706667,-11.6555,2.4290,93.3146,80.3766,12.9380
"BlendPCA-F (w=0.50, K=20/20)",2,periodavg_0678-0680,21.760000,-11.7424,2.2716,93.0363,80.3766,12.6597
"BlendPCA-F (w=0.50, K=20/20)",2,periodavg_0678-0680,21.800000,-12.1205,1.4121,93.5153,80.3766,13.1386
"BlendPCA-F (w=0.50, K=20/20)",2,periodavg_0678-0680,21.853333,-12.0816,1.5377,94.0169,80.3766,13.6402
"BlendPCA-F (w=0.50, K=20/20)",2,periodavg_0678-0680,21.906667,-12.0322,1.5799,93.5366,80.3766,13.1599
"BlendPCA-F (w=0.50, K=20/20)",2,periodavg_0678-0680,21.960000,-12.5846,1.1830,94.2740,80.3766,13.8973
"BlendPCA-F (w=0.50, K=20/20)",2,periodavg_0678-0680,22.000000,-12.1926,3.1958,94.4866,80.3766,14.1099
"BlendPCA-F (w=0.50, K=20/20)",2,periodavg_0678-0680,22.053333,-12.4003,1.4749,94.2729,80.3766,13.8963
"BlendPCA-F (w=0.50, K=20/20)",2,periodavg_0678-0680,22.106667,-12.0631,2.6996,93.4573,80.3766,13.0806
"BlendPCA-F (w=0.50, K=20/20)",2,periodavg_0678-0680,22.160000,-11.8017,1.6155,93.5083,80.3766,13.1317
"BlendPCA-F (w=0.50, K=20/20)",2,periodavg_0678-0680,22.200000,-10.9072,1.7144,92.5059,80.3766,12.1293
"BlendPCA-F (w=0.50, K=20/20)",2,periodavg_0678-0680,22.253333,-11.2500,0.8103,90.2569,80.3766,9.8802
"BlendPCA-F (w=0.50, K=20/20)",2,periodavg_0678-0680,22.306667,-11.7189,1.1739,92.5489,80.3766,12.1723
"BlendPCA-F (w=0.50, K=20/20)",2,periodavg_0678-0680,22.360000,-11.6475,1.3177,94.0803,80.3766,13.7037
"BlendPCA-F (w=0.50, K=20/20)",2,periodavg_0678-0680,22.400000,-12.2074,1.9724,94.6370,80.3766,14.2603
"BlendPCA-F (w=0.50, K=20/20)",2,periodavg_0678-0680,22.453333,-11.9162,1.7385,94.8695,80.3766,14.4929
"BlendPCA-F (w=0.50, K=20/20)",2,periodavg_0678-0680,22.506667,-11.5343,1.3850,94.4513,80.3766,14.0746
"BlendPCA-F (w=0.50, K=20/20)",2,periodavg_0678-0680,22.560000,-11.2561,1.9246,90.5256,80.3766,10.1490
"BlendPCA-F (w=0.50, K=20/20)",2,periodavg_0678-0680,22.600000,-11.5002,0.5872,94.2433,80.3766,13.8667
"BlendPCA-F (w=0.50, K=20/20)",2,periodavg_0678-0680,22.653333,-12.3992,1.4522,94.9509,80.3766,14.5743
"BlendPCA-F (w=0.50, K=20/20)",2,periodavg_0678-0680,22.706667,-12.4525,2.0256,94.0849,80.3766,13.7083
"BlendPCA-F (w=0.50, K=20/20)",2,periodavg_0678-0680,22.760000,-12.9647,1.3098,95.2280,80.3766,14.8514
"BlendPCA-F (w=0.50, K=20/20)",2,periodavg_0678-0680,22.800000,-12.6914,1.1597,95.4296,80.3766,15.0530
"BlendPCA-F (w=0.50, K=20/20)",2,periodavg_0678-0680,22.853333,-12.4166,1.4295,92.5519,80.3766,12.1753
"BlendPCA-F (w=0.50, K=20/20)",2,periodavg_0678-0680,22.906667,-11.2510,2.4898,92.3603,80.3766,11.9837
"BlendPCA-F (w=0.50, K=20/20)",2,periodavg_0678-0680,22.960000,-12.5287,1.8140,94.5264,80.3766,14.1498
"BlendPCA-F (w=0.50, K=20/20)",2,periodavg_0678-0680,23.000000,-12.6954,2.0178,95.7573,80.3766,15.3807
"BlendPCA-F (w=0.50, K=20/20)",2,periodavg_0678-0680,23.053333,-12.5760,1.7782,95.4026,80.3766,15.0260
"BlendPCA-F (w=0.50, K=20/20)",2,periodavg_0678-0680,23.106667,-12.5752,1.8790,95.6457,80.3766,15.2691
"BlendPCA-F (w=0.50, K=20/20)",2,periodavg_0678-0680,23.160000,-12.6963,1.8022,95.4473,80.3766,15.0707
"BlendPCA-F (w=0.50, K=20/20)",2,periodavg_0678-0680,23.200000,-12.4472,1.4263,94.9798,80.3766,14.6032
"BlendPCA-F (w=0.50, K=20/20)",2,periodavg_0678-0680,23.253333,-12.8421,1.6809,95.0865,80.3766,14.7099
"BlendPCA-F (w=0.50, K=20/20)",2,periodavg_0678-0680,23.306667,-12.3031,1.8679,93.9813,80.3766,13.6047
"BlendPCA-F (w=0.50, K=20/20)",2,periodavg_0678-0680,23.360000,-12.6115,0.7105,95.3224,80.3766,14.9457
"BlendPCA-F (w=0.50, K=20/20)",2,periodavg_0678-0680,23.400000,-11.7677,1.1332,93.0327,80.3766,12.6560
"BlendPCA-F (w=0.50, K=20/20)",2,periodavg_0678-0680,23.453333,-12.1234,1.9855,93.7722,80.3766,13.3956
"BlendPCA-F (w=0.50, K=20/20)",2,periodavg_0678-0680,23.506667,-11.8934,2.8136,90.6060,80.3766,10.2294
"BlendPCA-F (w=0.50, K=20/20)",2,periodavg_0678-0680,23.560000,-12.8298,0.7952,95.4987,80.3766,15.1221
"BlendPCA-F (w=0.50, K=20/20)",2,periodavg_0678-0680,23.600000,-12.2649,2.2791,92.0179,80.3766,11.6413
"BlendPCA-F (w=0.50, K=20/20)",2,periodavg_0678-0680,23.653333,-12.1387,1.7902,91.9381,80.3766,11.5614
"BlendPCA-F (w=0.50, K=20/20)",2,periodavg_0678-0680,23.706667,-12.7635,1.8832,97.2366,80.3766,16.8600
"BlendPCA-F (w=0.50, K=20/20)",2,periodavg_0678-0680,23.760000,-12.7317,1.9604,95.5013,80.3766,15.1246
"BlendPCA-F (w=0.50, K=20/20)",2,periodavg_0678-0680,23.800000,-12.7189,0.6935,93.3085,80.3766,12.9319
"BlendPCA-F (w=0.50, K=20/20)",2,periodavg_0678-0680,23.853333,-13.0316,1.5723,96.3528,80.3766,15.9762
"BlendPCA-F (w=0.50, K=20/20)",2,periodavg_0678-0680,23.906667,-12.3321,1.9017,95.8345,80.3766,15.4579
"BlendPCA-F (w=0.50, K=20/20)",2,periodavg_0678-0680,23.960000,-12.4228,1.4997,92.9065,80.3766,12.5299
"BlendPCA-F (w=0.50, K=20/20)",2,periodavg_0678-0680,24.000000,-12.5541,1.4614,91.5310,80.3766,11.1544
"BlendPCA-F (w=0.50, K=20/20)",2,periodavg_0678-0680,24.053333,-12.5074,2.2933,95.1002,80.3766,14.7236
"BlendPCA-F (w=0.50, K=20/20)",2,periodavg_0678-0680,24.106667,-13.1983,0.8236,97.0672,80.3766,16.6906
"BlendPCA-F (w=0.50, K=20/20)",2,periodavg_0678-0680,24.160000,-13.0390,1.8035,97.8131,80.3766,17.4364
"BlendPCA-F (w=0.50, K=20/20)",2,periodavg_0678-0680,24.200000,-10.3931,3.0866,86.1500,80.3766,5.7733
"BlendPCA-F (w=0.50, K=20/20)",2,periodavg_0678-0680,24.253333,-12.7625,1.8753,94.0822,80.3766,13.7056
"BlendPCA-F (w=0.50, K=20/20)",2,periodavg_0678-0680,24.306667,-12.1999,1.6907,93.5649,80.3766,13.1883
"BlendPCA-F (w=0.50, K=20/20)",2,periodavg_0678-0680,24.360000,-12.9732,1.6083,97.0408,80.3766,16.6642
"BlendPCA-F (w=0.50, K=20/20)",2,periodavg_0678-0680,24.400000,-12.8032,2.2277,93.8467,80.3766,13.4701
"BlendPCA-F (w=0.50, K=20/20)",2,periodavg_0678-0680,24.453333,-12.9812,1.6139,96.7283,80.3766,16.3517
"BlendPCA-F (w=0.50, K=20/20)",2,periodavg_0678-0680,24.506667,-12.3207,3.0496,91.3642,80.3766,10.9875
"BlendPCA-F (w=0.50, K=20/20)",2,periodavg_0678-0680,24.560000,-12.7379,1.8378,96.3339,80.3766,15.9573
"BlendPCA-F (w=0.50, K=20/20)",2,periodavg_0678-0680,24.600000,-12.9504,1.5190,93.6524,80.3766,13.2758
"BlendPCA-F (w=0.50, K=20/20)",2,periodavg_0678-0680,24.653333,-12.8293,1.1405,94.3425,80.3766,13.9659
"BlendPCA-F (w=0.50, K=20/20)",2,periodavg_0678-0680,24.706667,-12.9724,1.8275,97.2546,80.3766,16.8780
"BlendPCA-F (w=0.50, K=20/20)",2,periodavg_0678-0680,24.760000,-12.7296,1.9878,96.4281,80.3766,16.0514
"BlendPCA-F (w=0.50, K=20/20)",2,periodavg_0678-0680,24.800000,-12.5202,1.4497,92.2632,80.3766,11.8865
"BlendPCA-F (w=0.50, K=20/20)",2,periodavg_0678-0680,24.853333,-13.4681,1.8515,97.1905,80.3766,16.8139
"BlendPCA-F (w=0.50, K=20/20)",2,periodavg_0678-0680,24.906667,-13.5210,1.1322,95.6688,80.3766,15.2922
"BlendPCA-F (w=0.50, K=20/20)",2,periodavg_0678-0680,24.960000,-13.3260,1.8126,94.5972,80.3766,14.2206
"BlendPCA-F (w=0.50, K=20/20)",2,periodavg_0678-0680,25.000000,-13.1772,2.0230,97.3230,80.3766,16.9464
"BlendPCA-F (w=0.50, K=20/20)",2,periodavg_0678-0680,25.053333,-12.9258,1.6802,96.9925,80.3766,16.6159
"BlendPCA-F (w=0.50, K=20/20)",2,periodavg_0678-0680,25.106667,-12.4221,1.6688,95.5368,80.3766,15.1601
"BlendPCA-F (w=0.50, K=20/20)",2,periodavg_0678-0680,25.160000,-13.1347,1.8289,96.9824,80.3766,16.6058
"BlendPCA-F (w=0.50, K=20/20)",2,periodavg_0678-0680,25.200000,-11.9413,2.2521,95.5402,80.3766,15.1635
"BlendPCA-F (w=0.50, K=20/20)",2,periodavg_0678-0680,25.253333,-12.9520,1.4536,94.4599,80.3766,14.0833
"BlendPCA-F (w=0.50, K=20/20)",2,periodavg_0678-0680,25.306667,-12.9004,2.2073,97.4483,80.3766,17.0717
"BlendPCA-F (w=0.50, K=20/20)",2,periodavg_0678-0680,25.360000,-12.9912,0.6717,96.7572,80.3766,16.3806
"BlendPCA-F (w=0.50, K=20/20)",2,periodavg_0678-0680,25.400000,-12.0910,1.8249,98.5830,80.3766,18.2064
"BlendPCA-F (w=0.50, K=20/20)",2,periodavg_0678-0680,25.453333,-13.1045,1.9498,98.0526,80.3766,17.6760
"BlendPCA-F (w=0.50, K=20/20)",2,periodavg_0678-0680,25.506667,-12.6222,1.6357,92.4379,80.3766,12.0613
"BlendPCA-F (w=0.50, K=20/20)",2,periodavg_0678-0680,25.560000,-13.5493,1.8958,99.0543,80.3766,18.6777
"BlendPCA-F (w=0.50, K=20/20)",2,periodavg_0678-0680,25.600000,-13.2690,2.9888,92.5656,80.3766,12.1890
"BlendPCA-F (w=0.50, K=20/20)",2,periodavg_0678-0680,25.653333,-12.7311,2.7809,93.9708,80.3766,13.5941
"BlendPCA-F (w=0.50, K=20/20)",2,periodavg_0678-0680,25.706667,-13.5327,1.6648,96.3290,80.3766,15.9523
"BlendPCA-F (w=0.50, K=20/20)",2,periodavg_0678-0680,25.760000,-12.9751,1.4051,97.5073,80.3766,17.1307
"BlendPCA-F (w=0.50, K=20/20)",2,periodavg_0678-0680,25.800000,-12.1447,1.0560,97.5990,80.3766,17.2224
"BlendPCA-F (w=0.50, K=20/20)",2,periodavg_0678-0680,25.853333,-13.3146,1.6356,97.3930,80.3766,17.0164
"BlendPCA-F (w=0.50, K=20/20)",2,periodavg_0678-0680,25.906667,-13.0924,2.1387,97.0095,80.3766,16.6329
"BlendPCA-F (w=0.50, K=20/20)",2,periodavg_0678-0680,25.960000,-13.1676,1.4101,98.2873,80.3766,17.9107
"BlendPCA-F (w=0.50, K=20/20)",2,periodavg_0678-0680,26.000000,-13.5283,1.4679,98.8466,80.3766,18.4700
"BlendPCA-F (w=0.50, K=20/20)",2,periodavg_0678-0680,26.053333,-13.2012,1.7931,97.0808,80.3766,16.7042
"BlendPCA-F (w=0.50, K=20/20)",2,periodavg_0678-0680,26.106667,-13.0517,1.6250,96.0135,80.3766,15.6369
"BlendPCA-F (w=0.50, K=20/20)",2,periodavg_0678-0680,26.160000,-12.5925,0.7540,93.9350,80.3766,13.5584
"BlendPCA-F (w=0.50, K=20/20)",2,periodavg_0678-0680,26.200000,-13.0247,1.3623,95.4425,80.3766,15.0659
"BlendPCA-F (w=0.50, K=20/20)",2,periodavg_0678-0680,26.253333,-12.9794,1.2821,94.2809,80.3766,13.9043
"BlendPCA-F (w=0.50, K=20/20)",2,periodavg_0678-0680,26.306667,-13.0443,2.3497,93.9297,80.3766,13.5530
"BlendPCA-F (w=0.50, K=20/20)",2,periodavg_0678-0680,26.360000,-13.3728,1.4296,93.8027,80.3766,13.4260
"BlendPCA-F (w=0.50, K=20/20)",2,periodavg_0678-0680,26.400000,-13.5187,3.4520,97.8844,80.3766,17.5078
"BlendPCA-F (w=0.50, K=20/20)",2,periodavg_0678-0680,26.453333,-12.4444,1.4706,93.4590,80.3766,13.0824
"BlendPCA-F (w=0.50, K=20/20)",2,periodavg_0678-0680,26.506667,-13.3453,1.4038,98.2714,80.3766,17.8948
"BlendPCA-F (w=0.50, K=20/20)",2,periodavg_0678-0680,26.560000,-13.2237,2.5396,98.0883,80.3766,17.7116
"BlendPCA-F (w=0.50, K=20/20)",2,periodavg_0678-0680,26.600000,-13.2043,2.2699,97.6919,80.3766,17.3153
"BlendPCA-F (w=0.50, K=20/20)",2,periodavg_0678-0680,26.653333,-13.5077,1.0509,97.5462,80.3766,17.1696
"BlendPCA-F (w=0.50, K=20/20)",2,periodavg_0678-0680,26.706667,-13.1980,1.8149,93.9426,80.3766,13.5660
"BlendPCA-F (w=0.50, K=20/20)",2,periodavg_0678-0680,26.760000,-13.4846,1.7613,95.8629,80.3766,15.4863
"BlendPCA-F (w=0.50, K=20/20)",2,periodavg_0678-0680,26.800000,-14.0105,2.2417,97.0009,80.3766,16.6242
"BlendPCA-F (w=0.50, K=20/20)",2,periodavg_0678-0680,26.853333,-13.3460,1.7557,96.3498,80.3766,15.9732
"BlendPCA-F (w=0.50, K=20/20)",2,periodavg_0678-0680,26.906667,-12.9134,2.2814,96.6071,80.3766,16.2305
"BlendPCA-F (w=0.50, K=20/20)",2,periodavg_0678-0680,26.960000,-13.3424,1.1086,97.4362,80.3766,17.0596
"BlendPCA-F (w=0.50, K=20/20)",2,periodavg_0678-0680,27.000000,-13.4547,1.9444,97.0318,80.3766,16.6552
"BlendPCA-F (w=0.50, K=20/20)",2,periodavg_0678-0680,27.053333,-12.0688,2.4317,94.1449,80.3766,13.7683
"BlendPCA-F (w=0.50, K=20/20)",2,periodavg_0678-0680,27.106667,-12.8723,1.3406,97.8736,80.3766,17.4970
"BlendPCA-F (w=0.50, K=20/20)",2,periodavg_0678-0680,27.160000,-13.4211,1.6487,96.7130,80.3766,16.3364
"BlendPCA-F (w=0.50, K=20/20)",2,periodavg_0678-0680,27.200000,-13.1054,1.0607,97.1566,80.3766,16.7799
"BlendPCA-F (w=0.50, K=20/20)",2,periodavg_0678-0680,27.253333,-13.0191,1.5046,96.3745,80.3766,15.9979
"BlendPCA-F (w=0.50, K=20/20)",2,periodavg_0678-0680,27.306667,-13.2343,1.4305,93.7612,80.3766,13.3845
"BlendPCA-F (w=0.50, K=20/20)",2,periodavg_0678-0680,27.360000,-13.4051,2.2080,94.4118,80.3766,14.0352
"BlendPCA-F (w=0.50, K=20/20)",2,periodavg_0678-0680,27.400000,-13.3656,2.0241,95.8615,80.3766,15.4848
"BlendPCA-F (w=0.50, K=20/20)",2,periodavg_0678-0680,27.453333,-13.0305,0.7473,96.8588,80.3766,16.4822
"BlendPCA-F (w=0.50, K=20/20)",2,periodavg_0678-0680,27.506667,-12.9103,1.6457,96.7844,80.3766,16.4078
"BlendPCA-F (w=0.50, K=20/20)",2,periodavg_0678-0680,27.560000,-11.9783,2.4880,96.2978,80.3766,15.9212
"BlendPCA-F (w=0.50, K=20/20)",2,periodavg_0678-0680,27.600000,-12.8346,1.1932,98.6858,80.3766,18.3092
"BlendPCA-F (w=0.50, K=20/20)",2,periodavg_0678-0680,27.653333,-13.3048,2.5622,99.0311,80.3766,18.6544
"BlendPCA-F (w=0.50, K=20/20)",2,periodavg_0678-0680,27.706667,-12.3967,0.4472,93.6743,80.3766,13.2977
"BlendPCA-F (w=0.50, K=20/20)",2,periodavg_0678-0680,27.760000,-13.8007,1.3598,95.6554,80.3766,15.2788
"BlendPCA-F (w=0.50, K=20/20)",2,periodavg_0678-0680,27.800000,-13.5525,2.2557,99.3382,80.3766,18.9616
"BlendPCA-F (w=0.50, K=20/20)",2,periodavg_0678-0680,27.853333,-12.8294,1.4493,97.3272,80.3766,16.9505
"BlendPCA-F (w=0.50, K=20/20)",2,periodavg_0678-0680,27.906667,-13.2466,1.4431,97.0055,80.3766,16.6289
"BlendPCA-F (w=0.50, K=20/20)",2,periodavg_0678-0680,27.960000,-12.3759,2.0940,97.4797,80.3766,17.1030
"BlendPCA-F (w=0.50, K=20/20)",2,periodavg_0678-0680,28.000000,-13.0307,2.6818,95.5184,80.3766,15.1417
"BlendPCA-F (w=0.50, K=20/20)",2,periodavg_0678-0680,28.053333,-12.4574,2.2032,93.4033,80.3766,13.0267
"BlendPCA-F (w=0.50, K=20/20)",2,periodavg_0678-0680,28.106667,-12.5603,2.4729,97.0299,80.3766,16.6533
"BlendPCA-F (w=0.50, K=20/20)",2,periodavg_0678-0680,28.160000,-13.0254,1.6158,98.3154,80.3766,17.9388
"BlendPCA-F (w=0.50, K=20/20)",2,periodavg_0678-0680,28.200000,-13.6479,2.2035,99.5516,80.3766,19.1750
"BlendPCA-F (w=0.50, K=20/20)",2,periodavg_0678-0680,28.253333,-13.5173,1.6668,96.9805,80.3766,16.6039
"BlendPCA-F (w=0.50, K=20/20)",2,periodavg_0678-0680,28.306667,-13.5288,2.0284,94.6834,80.3766,14.3068
"BlendPCA-F (w=0.50, K=20/20)",2,periodavg_0678-0680,28.360000,-14.1177,1.3777,97.8142,80.3766,17.4376
"BlendPCA-F (w=0.50, K=20/20)",2,periodavg_0678-0680,28.400000,-13.4541,1.5247,96.7095,80.3766,16.3329
"BlendPCA-F (w=0.50, K=20/20)",2,periodavg_0678-0680,28.453333,-13.2303,0.8942,93.8821,80.3766,13.5055
"BlendPCA-F (w=0.50, K=20/20)",2,periodavg_0678-0680,28.506667,-12.8368,2.0318,98.0568,80.3766,17.6802
"BlendPCA-F (w=0.50, K=20/20)",2,periodavg_0678-0680,28.560000,-13.3733,2.0729,97.3742,80.3766,16.9976
"BlendPCA-F (w=0.50, K=20/20)",2,periodavg_0678-0680,28.600000,-13.2823,2.9490,97.6209,80.3766,17.2442
"BlendPCA-F (w=0.50, K=20/20)",2,periodavg_0678-0680,28.653333,-11.5929,3.1379,89.0015,80.3766,8.6248
"BlendPCA-F (w=0.50, K=20/20)",2,periodavg_0678-0680,28.706667,-10.2750,2.6772,87.1696,80.3766,6.7929
"BlendPCA-F (w=0.50, K=20/20)",2,periodavg_0678-0680,28.760000,-13.0891,2.1858,97.6926,80.3766,17.3160
"BlendPCA-F (w=0.50, K=20/20)",2,periodavg_0678-0680,28.800000,-12.6881,1.3983,96.4499,80.3766,16.0733
"BlendPCA-F (w=0.50, K=20/20)",2,periodavg_0678-0680,28.853333,-11.2054,2.6729,90.7175,80.3766,10.3408
"BlendPCA-F (w=0.50, K=20/20)",2,periodavg_0678-0680,28.906667,-10.8060,2.9811,90.1240,80.3766,9.7474
"BlendPCA-F (w=0.50, K=20/20)",2,periodavg_0678-0680,28.960000,-11.8957,2.0080,88.1306,80.3766,7.7540
"BlendPCA-F (w=0.50, K=20/20)",2,periodavg_0678-0680,29.000000,-11.9905,1.8141,89.7942,80.3766,9.4176
"BlendPCA-F (w=0.50, K=20/20)",2,periodavg_0678-0680,29.053333,-11.8895,2.0198,88.9043,80.3766,8.5277
"BlendPCA-F (w=0.50, K=20/20)",2,periodavg_0678-0680,29.106667,-12.8808,1.6699,98.6153,80.3766,18.2387
"BlendPCA-F (w=0.50, K=20/20)",2,periodavg_0678-0680,29.160000,-12.5814,1.5400,90.7873,80.3766,10.4106
"BlendPCA-F (w=0.50, K=20/20)",2,periodavg_0678-0680,29.200000,-13.6426,2.9659,98.4235,80.3766,18.0469
"BlendPCA-F (w=0.50, K=20/20)",2,periodavg_0678-0680,29.253333,-12.6157,1.8237,99.1374,80.3766,18.7608
"BlendPCA-F (w=0.50, K=20/20)",2,periodavg_0678-0680,29.306667,-12.0116,2.2337,97.8869,80.3766,17.5102
"BlendPCA-F (w=0.50, K=20/20)",2,periodavg_0678-0680,29.360000,-13.3981,1.2118,98.5639,80.3766,18.1873
"BlendPCA-F (w=0.50, K=20/20)",2,periodavg_0678-0680,29.400000,-13.1377,1.5721,98.9321,80.3766,18.5554
"BlendPCA-F (w=0.50, K=20/20)",2,periodavg_0678-0680,29.453333,-13.3133,1.8866,99.4251,80.3766,19.0484
"BlendPCA-F (w=0.50, K=20/20)",2,periodavg_0678-0680,29.506667,-13.1747,1.5105,95.7969,80.3766,15.4203
"BlendPCA-F (w=0.50, K=20/20)",2,periodavg_0678-0680,29.560000,-13.9536,1.3609,96.6422,80.3766,16.2656
"BlendPCA-F (w=0.50, K=20/20)",2,periodavg_0678-0680,29.600000,-13.2734,1.3443,94.4964,80.3766,14.1198
"BlendPCA-F (w=0.50, K=20/20)",2,periodavg_0678-0680,29.653333,-12.8925,1.6015,93.2763,80.3766,12.8996
"BlendPCA-F (w=0.50, K=20/20)",2,periodavg_0678-0680,29.706667,-12.6166,2.5483,95.2756,80.3766,14.8990
"BlendPCA-F (w=0.50, K=20/20)",2,periodavg_0678-0680,29.760000,-13.0927,1.6590,95.2666,80.3766,14.8900
"BlendPCA-F (w=0.50, K=20/20)",2,periodavg_0678-0680,29.800000,-13.8439,1.9258,99.5548,80.3766,19.1782
"BlendPCA-F (w=0.50, K=20/20)",2,periodavg_0678-0680,29.853333,-13.1223,2.0205,99.5100,80.3766,19.1333
"BlendPCA-F (w=0.50, K=20/20)",2,periodavg_0678-0680,29.906667,-13.6095,1.9843,97.5297,80.3766,17.1531
"BlendPCA-F (w=0.50, K=20/20)",2,periodavg_0678-0680,29.960000,-12.1491,1.9840,90.4544,80.3766,10.0778
"BlendPCA-F (w=0.50, K=20/20)",2,periodavg_0678-0680,30.000000,-12.8722,2.0941,95.5518,80.3766,15.1752
"BlendPCA-F (w=0.50, K=20/20)",3,periodavg_0927-0929,30.013333,-3.0958,-0.3958,79.6547,77.8076,1.8471
"BlendPCA-F (w=0.50, K=20/20)",3,periodavg_0927-0929,30.053333,-5.6330,2.3071,81.6981,77.8076,3.8905
"BlendPCA-F (w=0.50, K=20/20)",3,periodavg_0927-0929,30.106667,-8.2645,4.2790,84.0682,77.8076,6.2606
"BlendPCA-F (w=0.50, K=20/20)",3,periodavg_0927-0929,30.160000,-9.4221,5.5730,85.4536,77.8076,7.6460
"BlendPCA-F (w=0.50, K=20/20)",3,periodavg_0927-0929,30.200000,-10.4447,3.3711,86.2241,77.8076,8.4165
"BlendPCA-F (w=0.50, K=20/20)",3,periodavg_0927-0929,30.253333,-11.5110,5.7482,87.2967,77.8076,9.4891
"BlendPCA-F (w=0.50, K=20/20)",3,periodavg_0927-0929,30.306667,-12.3443,6.3366,88.0121,77.8076,10.2045
"BlendPCA-F (w=0.50, K=20/20)",3,periodavg_0927-0929,30.360000,-12.9908,6.3525,88.6768,77.8076,10.8692
"BlendPCA-F (w=0.50, K=20/20)",3,periodavg_0927-0929,30.400000,-13.4245,6.8026,89.1814,77.8076,11.3738
"BlendPCA-F (w=0.50, K=20/20)",3,periodavg_0927-0929,30.453333,-14.0058,4.8492,89.5984,77.8076,11.7908
"BlendPCA-F (w=0.50, K=20/20)",3,periodavg_0927-0929,30.506667,-14.5198,7.1780,90.3955,77.8076,12.5879
"BlendPCA-F (w=0.50, K=20/20)",3,periodavg_0927-0929,30.560000,-15.2629,4.8250,90.8871,77.8076,13.0795
"BlendPCA-F (w=0.50, K=20/20)",3,periodavg_0927-0929,30.600000,-15.8270,3.9486,91.8680,77.8076,14.0604
"BlendPCA-F (w=0.50, K=20/20)",3,periodavg_0927-0929,30.653333,-16.2399,6.7988,92.1531,77.8076,14.3455
"BlendPCA-F (w=0.50, K=20/20)",3,periodavg_0927-0929,30.706667,-17.0480,5.9799,92.6709,77.8076,14.8633
"BlendPCA-F (w=0.50, K=20/20)",3,periodavg_0927-0929,30.760000,-17.6031,8.0772,93.6399,77.8076,15.8323
"BlendPCA-F (w=0.50, K=20/20)",3,periodavg_0927-0929,30.800000,-17.8928,6.3226,94.1053,77.8076,16.2977
"BlendPCA-F (w=0.50, K=20/20)",3,periodavg_0927-0929,30.853333,-18.1218,6.1698,94.7360,77.8076,16.9284
"BlendPCA-F (w=0.50, K=20/20)",3,periodavg_0927-0929,30.906667,-18.8119,6.2207,95.2727,77.8076,17.4651
"BlendPCA-F (w=0.50, K=20/20)",3,periodavg_0927-0929,30.960000,-19.1234,8.0143,95.7513,77.8076,17.9437
"BlendPCA-F (w=0.50, K=20/20)",3,periodavg_0927-0929,31.000000,-18.8449,7.9955,94.6664,77.8076,16.8588
"BlendPCA-F (w=0.50, K=20/20)",3,periodavg_0927-0929,31.053333,-19.7524,4.0773,96.5312,77.8076,18.7236
"BlendPCA-F (w=0.50, K=20/20)",3,periodavg_0927-0929,31.106667,-20.2898,6.8036,97.2258,77.8076,19.4182
"BlendPCA-F (w=0.50, K=20/20)",3,periodavg_0927-0929,31.160000,-20.4677,6.9973,98.0761,77.8076,20.2685
"BlendPCA-F (w=0.50, K=20/20)",3,periodavg_0927-0929,31.200000,-20.2367,6.2959,98.1540,77.8076,20.3464
"BlendPCA-F (w=0.50, K=20/20)",3,periodavg_0927-0929,31.253333,-20.4906,6.2146,99.1207,77.8076,21.3131
"BlendPCA-F (w=0.50, K=20/20)",3,periodavg_0927-0929,31.306667,-21.2747,5.5733,98.8624,77.8076,21.0548
"BlendPCA-F (w=0.50, K=20/20)",3,periodavg_0927-0929,31.360000,-21.1157,6.2860,98.5317,77.8076,20.7241
"BlendPCA-F (w=0.50, K=20/20)",3,periodavg_0927-0929,31.400000,-21.4706,8.0430,99.3508,77.8076,21.5432
"BlendPCA-F (w=0.50, K=20/20)",3,periodavg_0927-0929,31.453333,-21.4959,6.8476,99.3142,77.8076,21.5066
"BlendPCA-F (w=0.50, K=20/20)",3,periodavg_0927-0929,31.506667,-21.7603,7.4800,100.1731,77.8076,22.3655
"BlendPCA-F (w=0.50, K=20/20)",3,periodavg_0927-0929,31.560000,-21.9996,6.3005,100.5297,77.8076,22.7221
"BlendPCA-F (w=0.50, K=20/20)",3,periodavg_0927-0929,31.600000,-22.4440,7.4425,100.6237,77.8076,22.8161
"BlendPCA-F (w=0.50, K=20/20)",3,periodavg_0927-0929,31.653333,-22.3687,8.4019,99.9070,77.8076,22.0994
"BlendPCA-F (w=0.50, K=20/20)",3,periodavg_0927-0929,31.706667,-22.5073,8.7757,100.1229,77.8076,22.3153
"BlendPCA-F (w=0.50, K=20/20)",3,periodavg_0927-0929,31.760000,-22.9034,7.3701,100.5731,77.8076,22.7655
"BlendPCA-F (w=0.50, K=20/20)",3,periodavg_0927-0929,31.800000,-23.0764,8.5212,100.0703,77.8076,22.2627
"BlendPCA-F (w=0.50, K=20/20)",3,periodavg_0927-0929,31.853333,-22.9488,6.9181,100.4029,77.8076,22.5953
"BlendPCA-F (w=0.50, K=20/20)",3,periodavg_0927-0929,31.906667,-22.0696,5.8553,93.1145,77.8076,15.3069
"BlendPCA-F (w=0.50, K=20/20)",3,periodavg_0927-0929,31.960000,-22.9546,6.7760,95.8707,77.8076,18.0631
"BlendPCA-F (w=0.50, K=20/20)",3,periodavg_0927-0929,32.000000,-22.4754,6.1216,99.6506,77.8076,21.8430
"BlendPCA-F (w=0.50, K=20/20)",3,periodavg_0927-0929,32.053333,-22.9567,5.5379,100.9065,77.8076,23.0988
"BlendPCA-F (w=0.50, K=20/20)",3,periodavg_0927-0929,32.106667,-23.1683,5.7769,99.4733,77.8076,21.6657
"BlendPCA-F (w=0.50, K=20/20)",3,periodavg_0927-0929,32.160000,-23.3908,7.1874,101.8220,77.8076,24.0144
"BlendPCA-F (w=0.50, K=20/20)",3,periodavg_0927-0929,32.200000,-22.6523,6.4515,92.6473,77.8076,14.8397
"BlendPCA-F (w=0.50, K=20/20)",3,periodavg_0927-0929,32.253333,-22.7901,5.9445,98.0666,77.8076,20.2590
"BlendPCA-F (w=0.50, K=20/20)",3,periodavg_0927-0929,32.306667,-24.1716,6.6345,100.3939,77.8076,22.5863
"BlendPCA-F (w=0.50, K=20/20)",3,periodavg_0927-0929,32.360000,-23.0662,7.3993,96.0244,77.8076,18.2168
"BlendPCA-F (w=0.50, K=20/20)",3,periodavg_0927-0929,32.400000,-23.5836,5.5451,96.7927,77.8076,18.9851
"BlendPCA-F (w=0.50, K=20/20)",3,periodavg_0927-0929,32.453333,-23.6504,5.2286,99.1231,77.8076,21.3155
"BlendPCA-F (w=0.50, K=20/20)",3,periodavg_0927-0929,32.506667,-23.8046,5.9771,98.0567,77.8076,20.2491
"BlendPCA-F (w=0.50, K=20/20)",3,periodavg_0927-0929,32.560000,-23.4726,4.2300,97.6793,77.8076,19.8717
"BlendPCA-F (w=0.50, K=20/20)",3,periodavg_0927-0929,32.600000,-23.6154,7.5511,97.0789,77.8076,19.2713
"BlendPCA-F (w=0.50, K=20/20)",3,periodavg_0927-0929,32.653333,-23.1883,6.1890,97.9345,77.8076,20.1269
"BlendPCA-F (w=0.50, K=20/20)",3,periodavg_0927-0929,32.706667,-23.7203,8.1007,96.8244,77.8076,19.0167
"BlendPCA-F (w=0.50, K=20/20)",3,periodavg_0927-0929,32.760000,-23.3896,6.1306,93.2377,77.8076,15.4301
"BlendPCA-F (w=0.50, K=20/20)",3,periodavg_0927-0929,32.800000,-23.2536,4.7491,97.2161,77.8076,19.4085
"BlendPCA-F (w=0.50, K=20/20)",3,periodavg_0927-0929,32.853333,-23.6080,7.8599,95.9642,77.8076,18.1566
"BlendPCA-F (w=0.50, K=20/20)",3,periodavg_0927-0929,32.906667,-23.2720,5.2266,95.7057,77.8076,17.8981
"BlendPCA-F (w=0.50, K=20/20)",3,periodavg_0927-0929,32.960000,-23.6199,5.2409,98.1381,77.8076,20.3305
"BlendPCA-F (w=0.50, K=20/20)",3,periodavg_0927-0929,33.000000,-23.9882,6.1343,94.2854,77.8076,16.4778
"BlendPCA-F (w=0.50, K=20/20)",3,periodavg_0927-0929,33.053333,-24.2553,8.7027,98.3459,77.8076,20.5383
"BlendPCA-F (w=0.50, K=20/20)",3,periodavg_0927-0929,33.106667,-23.6602,7.5044,98.9279,77.8076,21.1203
"BlendPCA-F (w=0.50, K=20/20)",3,periodavg_0927-0929,33.160000,-24.2891,7.0016,98.6627,77.8076,20.8551
"BlendPCA-F (w=0.50, K=20/20)",3,periodavg_0927-0929,33.200000,-24.6399,7.4204,99.6643,77.8076,21.8567
"BlendPCA-F (w=0.50, K=20/20)",3,periodavg_0927-0929,33.253333,-24.6921,7.7749,102.6928,77.8076,24.8852
"BlendPCA-F (w=0.50, K=20/20)",3,periodavg_0927-0929,33.306667,-24.1899,7.1332,101.8076,77.8076,24.0000
"BlendPCA-F (w=0.50, K=20/20)",3,periodavg_0927-0929,33.360000,-24.2090,7.8469,96.8520,77.8076,19.0444
"BlendPCA-F (w=0.50, K=20/20)",3,periodavg_0927-0929,33.400000,-23.7360,6.4481,95.4812,77.8076,17.6736
"BlendPCA-F (w=0.50, K=20/20)",3,periodavg_0927-0929,33.453333,-24.8582,6.3977,102.4922,77.8076,24.6846
"BlendPCA-F (w=0.50, K=20/20)",3,periodavg_0927-0929,33.506667,-23.4660,7.3604,99.9380,77.8076,22.1304
"BlendPCA-F (w=0.50, K=20/20)",3,periodavg_0927-0929,33.560000,-23.5506,7.4086,98.7514,77.8076,20.9438
"BlendPCA-F (w=0.50, K=20/20)",3,periodavg_0927-0929,33.600000,-21.8481,6.0483,99.0847,77.8076,21.2771
"BlendPCA-F (w=0.50, K=20/20)",3,periodavg_0927-0929,33.653333,-23.8672,4.7177,100.5525,77.8076,22.7449
"BlendPCA-F (w=0.50, K=20/20)",3,periodavg_0927-0929,33.706667,-24.2704,7.1350,102.8660,77.8076,25.0584
"BlendPCA-F (w=0.50, K=20/20)",3,periodavg_0927-0929,33.760000,-22.1733,6.3865,99.7115,77.8076,21.9039
"BlendPCA-F (w=0.50, K=20/20)",3,periodavg_0927-0929,33.800000,-24.2002,5.8069,101.1090,77.8076,23.3014
"BlendPCA-F (w=0.50, K=20/20)",3,periodavg_0927-0929,33.853333,-23.2359,5.9975,105.0411,77.8076,27.2335
"BlendPCA-F (w=0.50, K=20/20)",3,periodavg_0927-0929,33.906667,-24.5569,6.2308,100.9511,77.8076,23.1435
"BlendPCA-F (w=0.50, K=20/20)",3,periodavg_0927-0929,33.960000,-24.5933,5.2527,98.0982,77.8076,20.2906
"BlendPCA-F (w=0.50, K=20/20)",3,periodavg_0927-0929,34.000000,-24.5806,8.0980,97.4692,77.8076,19.6616
"BlendPCA-F (w=0.50, K=20/20)",3,periodavg_0927-0929,34.053333,-24.7990,6.8553,100.2198,77.8076,22.4122
"BlendPCA-F (w=0.50, K=20/20)",3,periodavg_0927-0929,34.106667,-24.6517,8.2121,97.7502,77.8076,19.9426
"BlendPCA-F (w=0.50, K=20/20)",3,periodavg_0927-0929,34.160000,-24.3018,6.9373,96.3324,77.8076,18.5248
"BlendPCA-F (w=0.50, K=20/20)",3,periodavg_0927-0929,34.200000,-24.6927,6.8808,102.3448,77.8076,24.5372
"BlendPCA-F (w=0.50, K=20/20)",3,periodavg_0927-0929,34.253333,-24.2073,7.2517,97.9144,77.8076,20.1068
"BlendPCA-F (w=0.50, K=20/20)",3,periodavg_0927-0929,34.306667,-24.8857,5.1039,101.4230,77.8076,23.6154
"BlendPCA-F (w=0.50, K=20/20)",3,periodavg_0927-0929,34.360000,-24.7520,8.4188,99.3768,77.8076,21.5692
"BlendPCA-F (w=0.50, K=20/20)",3,periodavg_0927-0929,34.400000,-23.0108,4.3832,97.3283,77.8076,19.5206
"BlendPCA-F (w=0.50, K=20/20)",3,periodavg_0927-0929,34.453333,-24.2926,5.9606,96.7859,77.8076,18.9783
"BlendPCA-F (w=0.50, K=20/20)",3,periodavg_0927-0929,34.506667,-23.9279,6.8733,99.1808,77.8076,21.3732
"BlendPCA-F (w=0.50, K=20/20)",3,periodavg_0927-0929,34.560000,-24.2661,6.8978,97.3671,77.8076,19.5595
"BlendPCA-F (w=0.50, K=20/20)",3,periodavg_0927-0929,34.600000,-24.2995,8.1832,97.7575,77.8076,19.9499
"BlendPCA-F (w=0.50, K=20/20)",3,periodavg_0927-0929,34.653333,-24.4398,8.2971,99.2638,77.8076,21.4562
"BlendPCA-F (w=0.50, K=20/20)",3,periodavg_0927-0929,34.706667,-24.9009,7.4743,99.5581,77.8076,21.7505
"BlendPCA-F (w=0.50, K=20/20)",3,periodavg_0927-0929,34.760000,-23.7673,8.3415,99.9704,77.8076,22.1628
"BlendPCA-F (w=0.50, K=20/20)",3,periodavg_0927-0929,34.800000,-25.0722,6.7403,99.8082,77.8076,22.0006
"BlendPCA-F (w=0.50, K=20/20)",3,periodavg_0927-0929,34.853333,-24.3023,7.5000,100.0075,77.8076,22.1999
"BlendPCA-F (w=0.50, K=20/20)",3,periodavg_0927-0929,34.906667,-24.5358,6.7502,100.5825,77.8076,22.7749
"BlendPCA-F (w=0.50, K=20/20)",3,periodavg_0927-0929,34.960000,-25.1947,7.5335,101.1965,77.8076,23.3889
"BlendPCA-F (w=0.50, K=20/20)",3,periodavg_0927-0929,35.000000,-24.5595,7.4959,98.1083,77.8076,20.3007
"BlendPCA-F (w=0.50, K=20/20)",3,periodavg_0927-0929,35.053333,-24.5148,7.3848,97.6988,77.8076,19.8912
"BlendPCA-F (w=0.50, K=20/20)",3,periodavg_0927-0929,35.106667,-24.3588,4.9445,95.5183,77.8076,17.7107
"BlendPCA-F (w=0.50, K=20/20)",3,periodavg_0927-0929,35.160000,-24.6713,7.1815,95.4194,77.8076,17.6118
"BlendPCA-F (w=0.50, K=20/20)",3,periodavg_0927-0929,35.200000,-24.8468,6.2584,97.1362,77.8076,19.3286
"BlendPCA-F (w=0.50, K=20/20)",3,periodavg_0927-0929,35.253333,-24.3040,5.9067,99.6009,77.8076,21.7933
"BlendPCA-F (w=0.50, K=20/20)",3,periodavg_0927-0929,35.306667,-24.3917,6.8469,98.7086,77.8076,20.9010
"BlendPCA-F (w=0.50, K=20/20)",3,periodavg_0927-0929,35.360000,-25.0104,8.2311,99.4817,77.8076,21.6741
"BlendPCA-F (w=0.50, K=20/20)",3,periodavg_0927-0929,35.400000,-24.9121,7.4778,98.4105,77.8076,20.6029
"BlendPCA-F (w=0.50, K=20/20)",3,periodavg_0927-0929,35.453333,-24.4350,6.1373,99.2677,77.8076,21.4601
"BlendPCA-F (w=0.50, K=20/20)",3,periodavg_0927-0929,35.506667,-24.9302,8.2788,98.8939,77.8076,21.0863
"BlendPCA-F (w=0.50, K=20/20)",3,periodavg_0927-0929,35.560000,-24.4667,7.2830,97.2635,77.8076,19.4559
"BlendPCA-F (w=0.50, K=20/20)",3,periodavg_0927-0929,35.600000,-23.9473,3.8126,103.4717,77.8076,25.6641
"BlendPCA-F (w=0.50, K=20/20)",3,periodavg_0927-0929,35.653333,-24.6378,5.5675,102.7676,77.8076,24.9600
"BlendPCA-F (w=0.50, K=20/20)",3,periodavg_0927-0929,35.706667,-25.1545,5.2824,102.2049,77.8076,24.3973
"BlendPCA-F (w=0.50, K=20/20)",3,periodavg_0927-0929,35.760000,-24.5292,7.7120,97.3008,77.8076,19.4932
"BlendPCA-F (w=0.50, K=20/20)",3,periodavg_0927-0929,35.800000,-24.5678,7.2059,101.4020,77.8076,23.5944
"BlendPCA-F (w=0.50, K=20/20)",3,periodavg_0927-0929,35.853333,-21.1161,5.9228,93.5728,77.8076,15.7652
"BlendPCA-F (w=0.50, K=20/20)",3,periodavg_0927-0929,35.906667,-23.9543,5.4345,100.7120,77.8076,22.9044
"BlendPCA-F (w=0.50, K=20/20)",3,periodavg_0927-0929,35.960000,-24.9753,5.9327,100.8071,77.8076,22.9995
"BlendPCA-F (w=0.50, K=20/20)",3,periodavg_0927-0929,36.000000,-24.9223,5.4758,102.0848,77.8076,24.2772
"BlendPCA-F (w=0.50, K=20/20)",3,periodavg_0927-0929,36.053333,-25.0690,8.1612,101.0368,77.8076,23.2292
"BlendPCA-F (w=0.50, K=20/20)",3,periodavg_0927-0929,36.106667,-24.7834,6.3996,102.2371,77.8076,24.4295
"BlendPCA-F (w=0.50, K=20/20)",3,periodavg_0927-0929,36.160000,-24.7096,6.0432,97.6098,77.8076,19.8022
"BlendPCA-F (w=0.50, K=20/20)",3,periodavg_0927-0929,36.200000,-24.9321,7.0501,99.9972,77.8076,22.1896
"BlendPCA-F (w=0.50, K=20/20)",3,periodavg_0927-0929,36.253333,-24.8087,7.0835,100.1335,77.8076,22.3259
"BlendPCA-F (w=0.50, K=20/20)",3,periodavg_0927-0929,36.306667,-24.5615,6.4955,98.0044,77.8076,20.1968
"BlendPCA-F (w=0.50, K=20/20)",3,periodavg_0927-0929,36.360000,-23.8236,6.8454,95.7274,77.8076,17.9198
"BlendPCA-F (w=0.50, K=20/20)",3,periodavg_0927-0929,36.400000,-24.0681,6.8235,96.5030,77.8076,18.6954
"BlendPCA-F (w=0.50, K=20/20)",3,periodavg_0927-0929,36.453333,-24.2389,9.2943,96.9046,77.8076,19.0970
"BlendPCA-F (w=0.50, K=20/20)",3,periodavg_0927-0929,36.506667,-25.0099,6.4787,99.4768,77.8076,21.6692
"BlendPCA-F (w=0.50, K=20/20)",3,periodavg_0927-0929,36.560000,-24.1002,8.0815,96.7050,77.8076,18.8974
"BlendPCA-F (w=0.50, K=20/20)",3,periodavg_0927-0929,36.600000,-24.4387,6.7421,97.4815,77.8076,19.6739
"BlendPCA-F (w=0.50, K=20/20)",3,periodavg_0927-0929,36.653333,-23.2797,5.7736,97.1500,77.8076,19.3424
"BlendPCA-F (w=0.50, K=20/20)",3,periodavg_0927-0929,36.706667,-24.0827,5.6898,93.7014,77.8076,15.8938
"BlendPCA-F (w=0.50, K=20/20)",3,periodavg_0927-0929,36.760000,-23.5457,6.1621,92.1086,77.8076,14.3010
"BlendPCA-F (w=0.50, K=20/20)",3,periodavg_0927-0929,36.800000,-24.2235,4.5257,95.5439,77.8076,17.7363
"BlendPCA-F (w=0.50, K=20/20)",3,periodavg_0927-0929,36.853333,-23.5502,6.7875,93.8022,77.8076,15.9946
"BlendPCA-F (w=0.50, K=20/20)",3,periodavg_0927-0929,36.906667,-24.3143,6.5704,96.2349,77.8076,18.4273
"BlendPCA-F (w=0.50, K=20/20)",3,periodavg_0927-0929,36.960000,-21.9406,6.3543,98.5104,77.8076,20.7028
"BlendPCA-F (w=0.50, K=20/20)",3,periodavg_0927-0929,37.000000,-23.9893,5.9392,100.5042,77.8076,22.6966
"BlendPCA-F (w=0.50, K=20/20)",3,periodavg_0927-0929,37.053333,-25.4392,7.2302,102.4098,77.8076,24.6022
"BlendPCA-F (w=0.50, K=20/20)",3,periodavg_0927-0929,37.106667,-25.2959,8.1663,101.8279,77.8076,24.0203
"BlendPCA-F (w=0.50, K=20/20)",3,periodavg_0927-0929,37.160000,-25.2395,6.3660,102.3276,77.8076,24.5200
"BlendPCA-F (w=0.50, K=20/20)",3,periodavg_0927-0929,37.200000,-24.5847,5.4672,100.7798,77.8076,22.9722
"BlendPCA-F (w=0.50, K=20/20)",3,periodavg_0927-0929,37.253333,-24.5842,6.5169,96.0724,77.8076,18.2648
"BlendPCA-F (w=0.50, K=20/20)",3,periodavg_0927-0929,37.306667,-24.7125,8.1453,99.6607,77.8076,21.8531
"BlendPCA-F (w=0.50, K=20/20)",3,periodavg_0927-0929,37.360000,-24.1349,6.0214,98.9210,77.8076,21.1134
"BlendPCA-F (w=0.50, K=20/20)",3,periodavg_0927-0929,37.400000,-23.4813,6.5111,92.3141,77.8076,14.5065
"BlendPCA-F (w=0.50, K=20/20)",3,periodavg_0927-0929,37.453333,-25.0285,5.2916,100.8840,77.8076,23.0764
"BlendPCA-F (w=0.50, K=20/20)",3,periodavg_0927-0929,37.506667,-23.6506,4.4547,92.6710,77.8076,14.8634
"BlendPCA-F (w=0.50, K=20/20)",3,periodavg_0927-0929,37.560000,-23.0947,6.6646,92.7527,77.8076,14.9451
"BlendPCA-F (w=0.50, K=20/20)",3,periodavg_0927-0929,37.600000,-24.1169,5.6381,95.0662,77.8076,17.2586
"BlendPCA-F (w=0.50, K=20/20)",3,periodavg_0927-0929,37.653333,-22.9370,5.3622,94.2775,77.8076,16.4699
"BlendPCA-F (w=0.50, K=20/20)",3,periodavg_0927-0929,37.706667,-24.2479,6.6656,97.7088,77.8076,19.9012
"BlendPCA-F (w=0.50, K=20/20)",3,periodavg_0927-0929,37.760000,-24.4891,5.4449,99.0125,77.8076,21.2049
"BlendPCA-F (w=0.50, K=20/20)",3,periodavg_0927-0929,37.800000,-24.1808,8.6125,99.3532,77.8076,21.5456
"BlendPCA-F (w=0.50, K=20/20)",3,periodavg_0927-0929,37.853333,-23.9333,7.0490,99.9763,77.8076,22.1687
"BlendPCA-F (w=0.50, K=20/20)",3,periodavg_0927-0929,37.906667,-22.8261,5.6720,91.0084,77.8076,13.2008
"BlendPCA-F (w=0.50, K=20/20)",3,periodavg_0927-0929,37.960000,-24.5673,6.4982,103.7483,77.8076,25.9407
"BlendPCA-F (w=0.50, K=20/20)",3,periodavg_0927-0929,38.000000,-24.4749,8.3433,98.9148,77.8076,21.1072
"BlendPCA-F (w=0.50, K=20/20)",3,periodavg_0927-0929,38.053333,-22.4295,6.7465,99.0872,77.8076,21.2796
"BlendPCA-F (w=0.50, K=20/20)",3,periodavg_0927-0929,38.106667,-23.9629,5.4849,97.8542,77.8076,20.0466
"BlendPCA-F (w=0.50, K=20/20)",3,periodavg_0927-0929,38.160000,-25.1071,6.9104,99.3650,77.8076,21.5574
"BlendPCA-F (w=0.50, K=20/20)",3,periodavg_0927-0929,38.200000,-24.8879,6.1116,100.7767,77.8076,22.9691
"BlendPCA-F (w=0.50, K=20/20)",3,periodavg_0927-0929,38.253333,-25.0677,7.0946,100.7166,77.8076,22.9090
"BlendPCA-F (w=0.50, K=20/20)",3,periodavg_0927-0929,38.306667,-24.6853,7.9624,102.7720,77.8076,24.9644
"BlendPCA-F (w=0.50, K=20/20)",3,periodavg_0927-0929,38.360000,-23.9980,5.8434,97.7104,77.8076,19.9028
"BlendPCA-F (w=0.50, K=20/20)",3,periodavg_0927-0929,38.400000,-22.8641,6.4688,97.0263,77.8076,19.2187
"BlendPCA-F (w=0.50, K=20/20)",3,periodavg_0927-0929,38.453333,-24.9090,6.6658,100.6213,77.8076,22.8136
"BlendPCA-F (w=0.50, K=20/20)",3,periodavg_0927-0929,38.506667,-24.1194,4.8519,95.3040,77.8076,17.4964
"BlendPCA-F (w=0.50, K=20/20)",3,periodavg_0927-0929,38.560000,-22.7408,5.7776,91.5897,77.8076,13.7821
"BlendPCA-F (w=0.50, K=20/20)",3,periodavg_0927-0929,38.600000,-25.0209,4.8813,100.2827,77.8076,22.4751
"BlendPCA-F (w=0.50, K=20/20)",3,periodavg_0927-0929,38.653333,-24.9147,7.5592,100.5010,77.8076,22.6934
"BlendPCA-F (w=0.50, K=20/20)",3,periodavg_0927-0929,38.706667,-24.3436,5.9893,97.9498,77.8076,20.1422
"BlendPCA-F (w=0.50, K=20/20)",3,periodavg_0927-0929,38.760000,-25.0282,6.7122,101.4624,77.8076,23.6548
"BlendPCA-F (w=0.50, K=20/20)",3,periodavg_0927-0929,38.800000,-24.7781,9.1467,98.5506,77.8076,20.7430
"BlendPCA-F (w=0.50, K=20/20)",3,periodavg_0927-0929,38.853333,-23.7882,5.1515,94.7081,77.8076,16.9005
"BlendPCA-F (w=0.50, K=20/20)",3,periodavg_0927-0929,38.906667,-24.3406,6.6025,96.4463,77.8076,18.6387
"BlendPCA-F (w=0.50, K=20/20)",3,periodavg_0927-0929,38.960000,-24.8952,6.9675,100.4281,77.8076,22.6205
"BlendPCA-F (w=0.50, K=20/20)",3,periodavg_0927-0929,39.000000,-24.8107,8.1462,99.7998,77.8076,21.9922
"BlendPCA-F (w=0.50, K=20/20)",3,periodavg_0927-0929,39.053333,-23.4939,7.9930,92.0956,77.8076,14.2880
"BlendPCA-F (w=0.50, K=20/20)",3,periodavg_0927-0929,39.106667,-23.2726,6.2070,96.9380,77.8076,19.1304
"BlendPCA-F (w=0.50, K=20/20)",3,periodavg_0927-0929,39.160000,-22.1934,5.5933,89.1428,77.8076,11.3352
"BlendPCA-F (w=0.50, K=20/20)",3,periodavg_0927-0929,39.200000,-22.1358,5.9334,89.4239,77.8076,11.6163
"BlendPCA-F (w=0.50, K=20/20)",3,periodavg_0927-0929,39.253333,-23.9597,5.7294,95.1278,77.8076,17.3202
"BlendPCA-F (w=0.50, K=20/20)",3,periodavg_0927-0929,39.306667,-24.9300,6.6508,101.4331,77.8076,23.6255
"BlendPCA-F (w=0.50, K=20/20)",3,periodavg_0927-0929,39.360000,-24.7327,7.4096,97.3123,77.8076,19.5047
"BlendPCA-F (w=0.50, K=20/20)",3,periodavg_0927-0929,39.400000,-23.4533,5.7566,92.0065,77.8076,14.1989
"BlendPCA-F (w=0.50, K=20/20)",3,periodavg_0927-0929,39.453333,-23.6086,5.5091,99.7565,77.8076,21.9489
"BlendPCA-F (w=0.50, K=20/20)",3,periodavg_0927-0929,39.506667,-24.8218,5.6685,100.9052,77.8076,23.0976
"BlendPCA-F (w=0.50, K=20/20)",3,periodavg_0927-0929,39.560000,-24.3476,7.8014,98.3956,77.8076,20.5880
"BlendPCA-F (w=0.50, K=20/20)",3,periodavg_0927-0929,39.600000,-23.8733,6.0516,102.6160,77.8076,24.8084
"BlendPCA-F (w=0.50, K=20/20)",3,periodavg_0927-0929,39.653333,-23.8124,4.9980,95.7656,77.8076,17.9580
"BlendPCA-F (w=0.50, K=20/20)",3,periodavg_0927-0929,39.706667,-24.3039,7.1438,99.3876,77.8076,21.5800
"BlendPCA-F (w=0.50, K=20/20)",3,periodavg_0927-0929,39.760000,-24.6931,6.8452,98.2598,77.8076,20.4522
"BlendPCA-F (w=0.50, K=20/20)",3,periodavg_0927-0929,39.800000,-24.8330,7.6271,98.1812,77.8076,20.3736
"BlendPCA-F (w=0.50, K=20/20)",3,periodavg_0927-0929,39.853333,-24.4439,8.4720,97.7354,77.8076,19.9278
"BlendPCA-F (w=0.50, K=20/20)",3,periodavg_0927-0929,39.906667,-23.9074,4.9948,96.2868,77.8076,18.4792
"BlendPCA-F (w=0.50, K=20/20)",3,periodavg_0927-0929,39.960000,-23.1651,6.2510,92.4648,77.8076,14.6572
"BlendPCA-F (w=0.50, K=20/20)",3,periodavg_0927-0929,40.000000,-24.4343,5.6303,96.1360,77.8076,18.3284
"BlendPCA-F (w=0.50, K=20/20)",4,periodavg_0873-0875,40.013333,-14.0432,-0.5019,85.0402,78.8996,6.1406
"BlendPCA-F (w=0.50, K=20/20)",4,periodavg_0873-0875,40.053333,-16.5329,3.7718,87.7741,78.8996,8.8745
"BlendPCA-F (w=0.50, K=20/20)",4,periodavg_0873-0875,40.106667,-18.0734,5.9131,91.0354,78.8996,12.1358
"BlendPCA-F (w=0.50, K=20/20)",4,periodavg_0873-0875,40.160000,-18.5532,3.5855,93.3472,78.8996,14.4476
"BlendPCA-F (w=0.50, K=20/20)",4,periodavg_0873-0875,40.200000,-19.2105,6.4341,95.4652,78.8996,16.5656
"BlendPCA-F (w=0.50, K=20/20)",4,periodavg_0873-0875,40.253333,-20.2885,3.9835,96.5445,78.8996,17.6449
"BlendPCA-F (w=0.50, K=20/20)",4,periodavg_0873-0875,40.306667,-20.3732,5.5618,93.8881,78.8996,14.9885
"BlendPCA-F (w=0.50, K=20/20)",4,periodavg_0873-0875,40.360000,-19.8731,4.4020,92.2514,78.8996,13.3518
"BlendPCA-F (w=0.50, K=20/20)",4,periodavg_0873-0875,40.400000,-20.6873,8.4890,95.0306,78.8996,16.1310
"BlendPCA-F (w=0.50, K=20/20)",4,periodavg_0873-0875,40.453333,-20.6973,4.8168,94.1930,78.8996,15.2934
"BlendPCA-F (w=0.50, K=20/20)",4,periodavg_0873-0875,40.506667,-21.7260,5.6890,97.6528,78.8996,18.7532
"BlendPCA-F (w=0.50, K=20/20)",4,periodavg_0873-0875,40.560000,-20.3937,6.2504,97.8480,78.8996,18.9484
"BlendPCA-F (w=0.50, K=20/20)",4,periodavg_0873-0875,40.600000,-20.8872,4.8502,93.4288,78.8996,14.5292
"BlendPCA-F (w=0.50, K=20/20)",4,periodavg_0873-0875,40.653333,-21.9936,5.6567,96.6487,78.8996,17.7491
"BlendPCA-F (w=0.50, K=20/20)",4,periodavg_0873-0875,40.706667,-20.7838,4.2031,90.1500,78.8996,11.2504
"BlendPCA-F (w=0.50, K=20/20)",4,periodavg_0873-0875,40.760000,-22.4856,5.6294,99.1593,78.8996,20.2597
"BlendPCA-F (w=0.50, K=20/20)",4,periodavg_0873-0875,40.800000,-21.9797,7.1700,95.9404,78.8996,17.0408
"BlendPCA-F (w=0.50, K=20/20)",4,periodavg_0873-0875,40.853333,-21.4151,5.9661,91.8128,78.8996,12.9132
"BlendPCA-F (w=0.50, K=20/20)",4,periodavg_0873-0875,40.906667,-22.5389,5.0105,95.2793,78.8996,16.3797
"BlendPCA-F (w=0.50, K=20/20)",4,periodavg_0873-0875,40.960000,-22.4706,5.2238,98.6462,78.8996,19.7466
"BlendPCA-F (w=0.50, K=20/20)",4,periodavg_0873-0875,41.000000,-22.4299,5.7151,101.6075,78.8996,22.7079
"BlendPCA-F (w=0.50, K=20/20)",4,periodavg_0873-0875,41.053333,-21.3741,5.2379,91.8944,78.8996,12.9948
"BlendPCA-F (w=0.50, K=20/20)",4,periodavg_0873-0875,41.106667,-23.0828,5.7211,101.5008,78.8996,22.6012
"BlendPCA-F (w=0.50, K=20/20)",4,periodavg_0873-0875,41.160000,-20.5107,4.9751,101.9081,78.8996,23.0085
"BlendPCA-F (w=0.50, K=20/20)",4,periodavg_0873-0875,41.200000,-20.9503,5.8645,101.7708,78.8996,22.8712
"BlendPCA-F (w=0.50, K=20/20)",4,periodavg_0873-0875,41.253333,-19.7342,4.8027,93.0134,78.8996,14.1138
"BlendPCA-F (w=0.50, K=20/20)",4,periodavg_0873-0875,41.306667,-22.8167,3.8875,96.6299,78.8996,17.7303
"BlendPCA-F (w=0.50, K=20/20)",4,periodavg_0873-0875,41.360000,-22.4250,4.6809,96.9832,78.8996,18.0836
"BlendPCA-F (w=0.50, K=20/20)",4,periodavg_0873-0875,41.400000,-23.7217,6.5123,102.2104,78.8996,23.3108
"BlendPCA-F (w=0.50, K=20/20)",4,periodavg_0873-0875,41.453333,-23.9251,5.7187,102.8678,78.8996,23.9682
"BlendPCA-F (w=0.50, K=20/20)",4,periodavg_0873-0875,41.506667,-23.4714,3.5304,99.2576,78.8996,20.3580
"BlendPCA-F (w=0.50, K=20/20)",4,periodavg_0873-0875,41.560000,-23.2846,5.0651,103.0397,78.8996,24.1401
"BlendPCA-F (w=0.50, K=20/20)",4,periodavg_0873-0875,41.600000,-22.9903,4.5844,103.6486,78.8996,24.7490
"BlendPCA-F (w=0.50, K=20/20)",4,periodavg_0873-0875,41.653333,-20.8105,5.3092,95.2573,78.8996,16.3577
"BlendPCA-F (w=0.50, K=20/20)",4,periodavg_0873-0875,41.706667,-22.2598,3.1375,100.2677,78.8996,21.3681
"BlendPCA-F (w=0.50, K=20/20)",4,periodavg_0873-0875,41.760000,-20.8985,5.8013,91.1785,78.8996,12.2789
"BlendPCA-F (w=0.50, K=20/20)",4,periodavg_0873-0875,41.800000,-22.9210,6.1733,96.5139,78.8996,17.6143
"BlendPCA-F (w=0.50, K=20/20)",4,periodavg_0873-0875,41.853333,-23.3949,3.4251,99.0570,78.8996,20.1574
"BlendPCA-F (w=0.50, K=20/20)",4,periodavg_0873-0875,41.906667,-20.7093,5.6679,93.0054,78.8996,14.1058
"BlendPCA-F (w=0.50, K=20/20)",4,periodavg_0873-0875,41.960000,-23.3447,5.2949,103.4911,78.8996,24.5915
"BlendPCA-F (w=0.50, K=20/20)",4,periodavg_0873-0875,42.000000,-22.5105,4.7904,104.7919,78.8996,25.8923
"BlendPCA-F (w=0.50, K=20/20)",4,periodavg_0873-0875,42.053333,-22.7749,6.3574,101.6743,78.8996,22.7747
"BlendPCA-F (w=0.50, K=20/20)",4,periodavg_0873-0875,42.106667,-20.4861,4.6828,102.6486,78.8996,23.7490
"BlendPCA-F (w=0.50, K=20/20)",4,periodavg_0873-0875,42.160000,-21.7489,4.5911,97.4311,78.8996,18.5315
"BlendPCA-F (w=0.50, K=20/20)",4,periodavg_0873-0875,42.200000,-21.6361,4.8123,99.1977,78.8996,20.2981
"BlendPCA-F (w=0.50, K=20/20)",4,periodavg_0873-0875,42.253333,-21.9838,4.6413,95.1468,78.8996,16.2472
"BlendPCA-F (w=0.50, K=20/20)",4,periodavg_0873-0875,42.306667,-22.8308,4.5655,96.5943,78.8996,17.6947
"BlendPCA-F (w=0.50, K=20/20)",4,periodavg_0873-0875,42.360000,-23.4616,4.7447,103.9445,78.8996,25.0449
"BlendPCA-F (w=0.50, K=20/20)",4,periodavg_0873-0875,42.400000,-23.1536,7.1946,99.2299,78.8996,20.3303
"BlendPCA-F (w=0.50, K=20/20)",4,periodavg_0873-0875,42.453333,-22.3488,6.4742,100.4545,78.8996,21.5549
"BlendPCA-F (w=0.50, K=20/20)",4,periodavg_0873-0875,42.506667,-23.8641,5.6062,102.2847,78.8996,23.3851
"BlendPCA-F (w=0.50, K=20/20)",4,periodavg_0873-0875,42.560000,-21.1945,3.8685,104.1369,78.8996,25.2373
"BlendPCA-F (w=0.50, K=20/20)",4,periodavg_0873-0875,42.600000,-22.4912,5.2615,98.8759,78.8996,19.9763
"BlendPCA-F (w=0.50, K=20/20)",4,periodavg_0873-0875,42.653333,-19.4726,4.7142,100.8275,78.8996,21.9279
"BlendPCA-F (w=0.50, K=20/20)",4,periodavg_0873-0875,42.706667,-21.0098,6.1292,103.9374,78.8996,25.0378
"BlendPCA-F (w=0.50, K=20/20)",4,periodavg_0873-0875,42.760000,-21.8458,5.1008,92.3926,78.8996,13.4930
"BlendPCA-F (w=0.50, K=20/20)",4,periodavg_0873-0875,42.800000,-22.7459,5.7471,94.2838,78.8996,15.3842
"BlendPCA-F (w=0.50, K=20/20)",4,periodavg_0873-0875,42.853333,-24.1640,4.9200,103.3093,78.8996,24.4097
"BlendPCA-F (w=0.50, K=20/20)",4,periodavg_0873-0875,42.906667,-23.7912,6.2964,98.7627,78.8996,19.8631
"BlendPCA-F (w=0.50, K=20/20)",4,periodavg_0873-0875,42.960000,-22.1025,4.4485,90.8346,78.8996,11.9350
"BlendPCA-F (w=0.50, K=20/20)",4,periodavg_0873-0875,43.000000,-23.2318,6.2771,95.4111,78.8996,16.5115
"BlendPCA-F (w=0.50, K=20/20)",4,periodavg_0873-0875,43.053333,-23.0288,4.9657,104.0070,78.8996,25.1074
"BlendPCA-F (w=0.50, K=20/20)",4,periodavg_0873-0875,43.106667,-23.3369,5.6858,98.5258,78.8996,19.6262
"BlendPCA-F (w=0.50, K=20/20)",4,periodavg_0873-0875,43.160000,-23.1229,5.0463,103.8528,78.8996,24.9532
"BlendPCA-F (w=0.50, K=20/20)",4,periodavg_0873-0875,43.200000,-23.0588,6.3574,98.9422,78.8996,20.0426
"BlendPCA-F (w=0.50, K=20/20)",4,periodavg_0873-0875,43.253333,-22.1000,6.6021,91.7824,78.8996,12.8828
"BlendPCA-F (w=0.50, K=20/20)",4,periodavg_0873-0875,43.306667,-22.5703,4.7768,101.0925,78.8996,22.1929
"BlendPCA-F (w=0.50, K=20/20)",4,periodavg_0873-0875,43.360000,-21.1203,5.2691,89.6511,78.8996,10.7515
"BlendPCA-F (w=0.50, K=20/20)",4,periodavg_0873-0875,43.400000,-22.4937,5.9022,95.9722,78.8996,17.0726
"BlendPCA-F (w=0.50, K=20/20)",4,periodavg_0873-0875,43.453333,-23.4145,3.4076,103.9569,78.8996,25.0573
"BlendPCA-F (w=0.50, K=20/20)",4,periodavg_0873-0875,43.506667,-23.5449,6.0143,95.7595,78.8996,16.8599
"BlendPCA-F (w=0.50, K=20/20)",4,periodavg_0873-0875,43.560000,-23.1626,6.6134,95.7181,78.8996,16.8185
"BlendPCA-F (w=0.50, K=20/20)",4,periodavg_0873-0875,43.600000,-21.4715,3.5683,91.4907,78.8996,12.5911
"BlendPCA-F (w=0.50, K=20/20)",4,periodavg_0873-0875,43.653333,-23.3740,6.2094,98.2641,78.8996,19.3645
"BlendPCA-F (w=0.50, K=20/20)",4,periodavg_0873-0875,43.706667,-22.7223,3.7739,93.1547,78.8996,14.2551
"BlendPCA-F (w=0.50, K=20/20)",4,periodavg_0873-0875,43.760000,-23.6759,4.4795,100.6611,78.8996,21.7615
"BlendPCA-F (w=0.50, K=20/20)",4,periodavg_0873-0875,43.800000,-23.9336,5.2714,101.3570,78.8996,22.4574
"BlendPCA-F (w=0.50, K=20/20)",4,periodavg_0873-0875,43.853333,-23.1585,4.6323,95.2177,78.8996,16.3181
"BlendPCA-F (w=0.50, K=20/20)",4,periodavg_0873-0875,43.906667,-21.6283,4.6890,96.5674,78.8996,17.6678
"BlendPCA-F (w=0.50, K=20/20)",4,periodavg_0873-0875,43.960000,-23.6658,4.9412,101.1000,78.8996,22.2004
"BlendPCA-F (w=0.50, K=20/20)",4,periodavg_0873-0875,44.000000,-23.2879,4.7691,100.0420,78.8996,21.1424
"BlendPCA-F (w=0.50, K=20/20)",4,periodavg_0873-0875,44.053333,-24.0101,5.8549,103.7187,78.8996,24.8191
"BlendPCA-F (w=0.50, K=20/20)",4,periodavg_0873-0875,44.106667,-22.9516,5.7871,98.7856,78.8996,19.8860
"BlendPCA-F (w=0.50, K=20/20)",4,periodavg_0873-0875,44.160000,-24.0597,5.0310,103.5699,78.8996,24.6703
"BlendPCA-F (w=0.50, K=20/20)",4,periodavg_0873-0875,44.200000,-23.5514,5.7360,97.1312,78.8996,18.2316
"BlendPCA-F (w=0.50, K=20/20)",4,periodavg_0873-0875,44.253333,-23.3495,4.4374,101.5437,78.8996,22.6441
"BlendPCA-F (w=0.50, K=20/20)",4,periodavg_0873-0875,44.306667,-22.7501,7.4031,96.4443,78.8996,17.5447
"BlendPCA-F (w=0.50, K=20/20)",4,periodavg_0873-0875,44.360000,-24.0008,4.1533,100.3491,78.8996,21.4495
"BlendPCA-F (w=0.50, K=20/20)",4,periodavg_0873-0875,44.400000,-20.6758,7.8656,90.6425,78.8996,11.7429
"BlendPCA-F (w=0.50, K=20/20)",4,periodavg_0873-0875,44.453333,-22.4002,2.6798,99.2776,78.8996,20.3780
"BlendPCA-F (w=0.50, K=20/20)",4,periodavg_0873-0875,44.506667,-23.4512,4.7835,95.7422,78.8996,16.8426
"BlendPCA-F (w=0.50, K=20/20)",4,periodavg_0873-0875,44.560000,-22.8708,5.4197,104.2374,78.8996,25.3378
"BlendPCA-F (w=0.50, K=20/20)",4,periodavg_0873-0875,44.600000,-20.9556,4.7172,96.4117,78.8996,17.5121
"BlendPCA-F (w=0.50, K=20/20)",4,periodavg_0873-0875,44.653333,-22.6578,4.3517,98.4894,78.8996,19.5898
"BlendPCA-F (w=0.50, K=20/20)",4,periodavg_0873-0875,44.706667,-23.0157,4.9177,102.6828,78.8996,23.7832
"BlendPCA-F (w=0.50, K=20/20)",4,periodavg_0873-0875,44.760000,-21.6549,3.5896,101.8946,78.8996,22.9950
"BlendPCA-F (w=0.50, K=20/20)",4,periodavg_0873-0875,44.800000,-22.3835,5.5892,100.1749,78.8996,21.2753
"BlendPCA-F (w=0.50, K=20/20)",4,periodavg_0873-0875,44.853333,-22.2624,4.9524,92.2817,78.8996,13.3821
"BlendPCA-F (w=0.50, K=20/20)",4,periodavg_0873-0875,44.906667,-23.2328,4.1720,102.9987,78.8996,24.0991
"BlendPCA-F (w=0.50, K=20/20)",4,periodavg_0873-0875,44.960000,-23.8031,7.1161,103.4899,78.8996,24.5903
"BlendPCA-F (w=0.50, K=20/20)",4,periodavg_0873-0875,45.000000,-22.4591,5.5169,100.1676,78.8996,21.2680
"BlendPCA-F (w=0.50, K=20/20)",4,periodavg_0873-0875,45.053333,-20.8445,6.1536,102.5893,78.8996,23.6897
"BlendPCA-F (w=0.50, K=20/20)",4,periodavg_0873-0875,45.106667,-23.3501,4.7560,99.9409,78.8996,21.0413
"BlendPCA-F (w=0.50, K=20/20)",4,periodavg_0873-0875,45.160000,-23.6424,5.8279,102.4605,78.8996,23.5609
"BlendPCA-F (w=0.50, K=20/20)",4,periodavg_0873-0875,45.200000,-21.7211,4.1298,100.6807,78.8996,21.7811
"BlendPCA-F (w=0.50, K=20/20)",4,periodavg_0873-0875,45.253333,-23.7329,4.2212,96.2569,78.8996,17.3573
"BlendPCA-F (w=0.50, K=20/20)",4,periodavg_0873-0875,45.306667,-22.9444,6.0808,100.5391,78.8996,21.6395
"BlendPCA-F (w=0.50, K=20/20)",4,periodavg_0873-0875,45.360000,-23.3517,5.9110,99.9721,78.8996,21.0725
"BlendPCA-F (w=0.50, K=20/20)",4,periodavg_0873-0875,45.400000,-23.1852,5.3519,99.2731,78.8996,20.3735
"BlendPCA-F (w=0.50, K=20/20)",4,periodavg_0873-0875,45.453333,-21.4033,5.4465,91.0578,78.8996,12.1582
"BlendPCA-F (w=0.50, K=20/20)",4,periodavg_0873-0875,45.506667,-23.9244,6.4442,105.2387,78.8996,26.3391
"BlendPCA-F (w=0.50, K=20/20)",4,periodavg_0873-0875,45.560000,-23.5660,5.3211,96.6975,78.8996,17.7979
"BlendPCA-F (w=0.50, K=20/20)",4,periodavg_0873-0875,45.600000,-23.4762,6.2881,100.4899,78.8996,21.5903
"BlendPCA-F (w=0.50, K=20/20)",4,periodavg_0873-0875,45.653333,-21.4263,5.0350,98.3894,78.8996,19.4898
"BlendPCA-F (w=0.50, K=20/20)",4,periodavg_0873-0875,45.706667,-23.7688,5.6244,103.8421,78.8996,24.9425
"BlendPCA-F (w=0.50, K=20/20)",4,periodavg_0873-0875,45.760000,-24.0100,5.2702,97.3258,78.8996,18.4262
"BlendPCA-F (w=0.50, K=20/20)",4,periodavg_0873-0875,45.800000,-23.9140,4.5328,98.8204,78.8996,19.9208
"BlendPCA-F (w=0.50, K=20/20)",4,periodavg_0873-0875,45.853333,-23.2980,5.5403,94.8086,78.8996,15.9090
"BlendPCA-F (w=0.50, K=20/20)",4,periodavg_0873-0875,45.906667,-23.1612,4.8658,98.2645,78.8996,19.3649
"BlendPCA-F (w=0.50, K=20/20)",4,periodavg_0873-0875,45.960000,-18.1859,5.1356,90.7597,78.8996,11.8601
"BlendPCA-F (w=0.50, K=20/20)",4,periodavg_0873-0875,46.000000,-21.7755,3.5488,94.5355,78.8996,15.6359
"BlendPCA-F (w=0.50, K=20/20)",4,periodavg_0873-0875,46.053333,-21.5997,4.7446,91.1288,78.8996,12.2292
"BlendPCA-F (w=0.50, K=20/20)",4,periodavg_0873-0875,46.106667,-24.0406,5.4365,103.2306,78.8996,24.3310
"BlendPCA-F (w=0.50, K=20/20)",4,periodavg_0873-0875,46.160000,-24.0564,6.1210,103.3185,78.8996,24.4189
"BlendPCA-F (w=0.50, K=20/20)",4,periodavg_0873-0875,46.200000,-24.0727,5.0761,100.2953,78.8996,21.3957
"BlendPCA-F (w=0.50, K=20/20)",4,periodavg_0873-0875,46.253333,-23.6622,5.2780,103.5846,78.8996,24.6850
"BlendPCA-F (w=0.50, K=20/20)",4,periodavg_0873-0875,46.306667,-21.2948,4.0872,94.8873,78.8996,15.9877
"BlendPCA-F (w=0.50, K=20/20)",4,periodavg_0873-0875,46.360000,-23.0501,6.1230,98.4065,78.8996,19.5069
"BlendPCA-F (w=0.50, K=20/20)",4,periodavg_0873-0875,46.400000,-23.4096,6.1684,96.5141,78.8996,17.6145
"BlendPCA-F (w=0.50, K=20/20)",4,periodavg_0873-0875,46.453333,-23.0079,5.7187,95.1558,78.8996,16.2562
"BlendPCA-F (w=0.50, K=20/20)",4,periodavg_0873-0875,46.506667,-23.2295,5.4599,95.6702,78.8996,16.7706
"BlendPCA-F (w=0.50, K=20/20)",4,periodavg_0873-0875,46.560000,-20.5216,6.4891,90.4687,78.8996,11.5691
"BlendPCA-F (w=0.50, K=20/20)",4,periodavg_0873-0875,46.600000,-23.6805,3.6834,98.1246,78.8996,19.2250
"BlendPCA-F (w=0.50, K=20/20)",4,periodavg_0873-0875,46.653333,-24.2596,3.9207,103.2181,78.8996,24.3185
"BlendPCA-F (w=0.50, K=20/20)",4,periodavg_0873-0875,46.706667,-23.3454,7.3054,102.5120,78.8996,23.6124
"BlendPCA-F (w=0.50, K=20/20)",4,periodavg_0873-0875,46.760000,-22.9070,5.9367,98.8927,78.8996,19.9931
"BlendPCA-F (w=0.50, K=20/20)",4,periodavg_0873-0875,46.800000,-22.8873,7.1022,94.5291,78.8996,15.6295
"BlendPCA-F (w=0.50, K=20/20)",4,periodavg_0873-0875,46.853333,-22.8104,5.9307,92.8388,78.8996,13.9392
"BlendPCA-F (w=0.50, K=20/20)",4,periodavg_0873-0875,46.906667,-22.1379,4.9279,93.3049,78.8996,14.4053
"BlendPCA-F (w=0.50, K=20/20)",4,periodavg_0873-0875,46.960000,-23.6949,3.6744,97.4078,78.8996,18.5082
"BlendPCA-F (w=0.50, K=20/20)",4,periodavg_0873-0875,47.000000,-23.6307,5.7122,101.3358,78.8996,22.4362
"BlendPCA-F (w=0.50, K=20/20)",4,periodavg_0873-0875,47.053333,-22.0994,4.2695,96.8706,78.8996,17.9710
"BlendPCA-F (w=0.50, K=20/20)",4,periodavg_0873-0875,47.106667,-22.0789,4.4315,100.6725,78.8996,21.7729
"BlendPCA-F (w=0.50, K=20/20)",4,periodavg_0873-0875,47.160000,-22.3665,4.9631,96.9074,78.8996,18.0078
"BlendPCA-F (w=0.50, K=20/20)",4,periodavg_0873-0875,47.200000,-22.9637,8.4685,95.4739,78.8996,16.5743
"BlendPCA-F (w=0.50, K=20/20)",4,periodavg_0873-0875,47.253333,-22.6558,4.5568,96.9897,78.8996,18.0901
"BlendPCA-F (w=0.50, K=20/20)",4,periodavg_0873-0875,47.306667,-22.7851,4.7634,100.2475,78.8996,21.3479
"BlendPCA-F (w=0.50, K=20/20)",4,periodavg_0873-0875,47.360000,-23.4121,6.0422,97.4503,78.8996,18.5507
"BlendPCA-F (w=0.50, K=20/20)",4,periodavg_0873-0875,47.400000,-23.4502,5.9491,101.9808,78.8996,23.0811
"BlendPCA-F (w=0.50, K=20/20)",4,periodavg_0873-0875,47.453333,-22.0704,4.5273,93.5710,78.8996,14.6714
"BlendPCA-F (w=0.50, K=20/20)",4,periodavg_0873-0875,47.506667,-23.2474,4.6342,98.9341,78.8996,20.0345
"BlendPCA-F (w=0.50, K=20/20)",4,periodavg_0873-0875,47.560000,-23.6196,6.1487,103.8549,78.8996,24.9553
"BlendPCA-F (w=0.50, K=20/20)",4,periodavg_0873-0875,47.600000,-23.3748,5.5860,98.3048,78.8996,19.4052
"BlendPCA-F (w=0.50, K=20/20)",4,periodavg_0873-0875,47.653333,-23.9174,3.5795,102.2687,78.8996,23.3691
"BlendPCA-F (w=0.50, K=20/20)",4,periodavg_0873-0875,47.706667,-22.2799,5.3807,96.6368,78.8996,17.7372
"BlendPCA-F (w=0.50, K=20/20)",4,periodavg_0873-0875,47.760000,-22.6307,3.7859,101.3346,78.8996,22.4350
"BlendPCA-F (w=0.50, K=20/20)",4,periodavg_0873-0875,47.800000,-23.2076,4.1999,95.1809,78.8996,16.2813
"BlendPCA-F (w=0.50, K=20/20)",4,periodavg_0873-0875,47.853333,-23.0672,5.1812,100.5192,78.8996,21.6196
"BlendPCA-F (w=0.50, K=20/20)",4,periodavg_0873-0875,47.906667,-22.3322,6.5221,103.7084,78.8996,24.8088
"BlendPCA-F (w=0.50, K=20/20)",4,periodavg_0873-0875,47.960000,-22.9894,4.0809,102.9553,78.8996,24.0557
"BlendPCA-F (w=0.50, K=20/20)",4,periodavg_0873-0875,48.000000,-21.8598,4.6072,99.1295,78.8996,20.2299
"BlendPCA-F (w=0.50, K=20/20)",4,periodavg_0873-0875,48.053333,-21.4778,4.8979,99.0655,78.8996,20.1659
"BlendPCA-F (w=0.50, K=20/20)",4,periodavg_0873-0875,48.106667,-22.6891,6.2326,102.4652,78.8996,23.5656
"BlendPCA-F (w=0.50, K=20/20)",4,periodavg_0873-0875,48.160000,-22.9779,4.3799,96.5670,78.8996,17.6674
"BlendPCA-F (w=0.50, K=20/20)",4,periodavg_0873-0875,48.200000,-23.3944,7.2516,98.4672,78.8996,19.5676
"BlendPCA-F (w=0.50, K=20/20)",4,periodavg_0873-0875,48.253333,-23.7410,5.3059,102.6848,78.8996,23.7852
"BlendPCA-F (w=0.50, K=20/20)",4,periodavg_0873-0875,48.306667,-23.3241,4.9811,104.1969,78.8996,25.2973
"BlendPCA-F (w=0.50, K=20/20)",4,periodavg_0873-0875,48.360000,-23.2222,4.2455,95.5784,78.8996,16.6788
"BlendPCA-F (w=0.50, K=20/20)",4,periodavg_0873-0875,48.400000,-22.1480,6.3532,91.1558,78.8996,12.2562
"BlendPCA-F (w=0.50, K=20/20)",4,periodavg_0873-0875,48.453333,-22.5132,7.9412,92.0722,78.8996,13.1726
"BlendPCA-F (w=0.50, K=20/20)",4,periodavg_0873-0875,48.506667,-23.2655,4.9222,99.2321,78.8996,20.3325
"BlendPCA-F (w=0.50, K=20/20)",4,periodavg_0873-0875,48.560000,-22.4974,4.6981,92.9760,78.8996,14.0764
"BlendPCA-F (w=0.50, K=20/20)",4,periodavg_0873-0875,48.600000,-21.4975,5.0843,89.4640,78.8996,10.5644
"BlendPCA-F (w=0.50, K=20/20)",4,periodavg_0873-0875,48.653333,-24.0505,4.6042,98.1264,78.8996,19.2268
"BlendPCA-F (w=0.50, K=20/20)",4,periodavg_0873-0875,48.706667,-22.6385,6.7474,93.9064,78.8996,15.0068
"BlendPCA-F (w=0.50, K=20/20)",4,periodavg_0873-0875,48.760000,-22.6092,4.8670,92.2533,78.8996,13.3537
"BlendPCA-F (w=0.50, K=20/20)",4,periodavg_0873-0875,48.800000,-23.0816,5.3629,93.9325,78.8996,15.0329
"BlendPCA-F (w=0.50, K=20/20)",4,periodavg_0873-0875,48.853333,-23.2907,6.4073,94.9862,78.8996,16.0866
"BlendPCA-F (w=0.50, K=20/20)",4,periodavg_0873-0875,48.906667,-23.2250,6.2787,101.1331,78.8996,22.2335
"BlendPCA-F (w=0.50, K=20/20)",4,periodavg_0873-0875,48.960000,-22.5260,4.0755,101.6947,78.8996,22.7951
"BlendPCA-F (w=0.50, K=20/20)",4,periodavg_0873-0875,49.000000,-23.5862,5.7282,96.6465,78.8996,17.7469
"BlendPCA-F (w=0.50, K=20/20)",4,periodavg_0873-0875,49.053333,-23.0745,5.9971,100.4314,78.8996,21.5318
"BlendPCA-F (w=0.50, K=20/20)",4,periodavg_0873-0875,49.106667,-23.2167,6.0823,100.3635,78.8996,21.4639
"BlendPCA-F (w=0.50, K=20/20)",4,periodavg_0873-0875,49.160000,-23.6260,4.6592,103.5798,78.8996,24.6802
"BlendPCA-F (w=0.50, K=20/20)",4,periodavg_0873-0875,49.200000,-23.2499,6.6460,99.9961,78.8996,21.0965
"BlendPCA-F (w=0.50, K=20/20)",4,periodavg_0873-0875,49.253333,-23.1941,4.2603,96.6052,78.8996,17.7056
"BlendPCA-F (w=0.50, K=20/20)",4,periodavg_0873-0875,49.306667,-22.8026,4.7676,96.4798,78.8996,17.5802
"BlendPCA-F (w=0.50, K=20/20)",4,periodavg_0873-0875,49.360000,-22.9034,5.2425,99.9292,78.8996,21.0296
"BlendPCA-F (w=0.50, K=20/20)",4,periodavg_0873-0875,49.400000,-20.6821,4.8285,88.1480,78.8996,9.2484
"BlendPCA-F (w=0.50, K=20/20)",4,periodavg_0873-0875,49.453333,-22.6988,4.7151,93.6024,78.8996,14.7028
"BlendPCA-F (w=0.50, K=20/20)",4,periodavg_0873-0875,49.506667,-22.2071,5.7498,97.1673,78.8996,18.2677
"BlendPCA-F (w=0.50, K=20/20)",4,periodavg_0873-0875,49.560000,-23.3798,5.2150,98.0970,78.8996,19.1974
"BlendPCA-F (w=0.50, K=20/20)",4,periodavg_0873-0875,49.600000,-23.7838,6.2723,99.1120,78.8996,20.2124
"BlendPCA-F (w=0.50, K=20/20)",4,periodavg_0873-0875,49.653333,-22.9517,5.0835,96.6127,78.8996,17.7131
"BlendPCA-F (w=0.50, K=20/20)",4,periodavg_0873-0875,49.706667,-23.3832,6.9187,98.4207,78.8996,19.5211
"BlendPCA-F (w=0.50, K=20/20)",4,periodavg_0873-0875,49.760000,-22.2697,5.6420,92.5643,78.8996,13.6646
"BlendPCA-F (w=0.50, K=20/20)",4,periodavg_0873-0875,49.800000,-22.5796,7.1637,92.7846,78.8996,13.8850
"BlendPCA-F (w=0.50, K=20/20)",4,periodavg_0873-0875,49.853333,-22.6623,5.6374,101.4713,78.8996,22.5717
"BlendPCA-F (w=0.50, K=20/20)",4,periodavg_0873-0875,49.906667,-23.6046,4.6961,103.4351,78.8996,24.5355
"BlendPCA-F (w=0.50, K=20/20)",4,periodavg_0873-0875,49.960000,-23.5895,5.3875,96.6602,78.8996,17.7606
"BlendPCA-F (w=0.50, K=20/20)",4,periodavg_0873-0875,50.000000,-23.8268,5.3942,100.0389,78.8996,21.1393
"BlendPCA-F (w=0.50, K=20/20)",5,periodavg_0555-0557,50.013333,8.5877,-2.8029,80.0916,83.8249,-3.7333
"BlendPCA-F (w=0.50, K=20/20)",5,periodavg_0555-0557,50.053333,6.7397,0.1026,80.9022,83.8249,-2.9227
"BlendPCA-F (w=0.50, K=20/20)",5,periodavg_0555-0557,50.106667,4.7008,0.3169,82.1756,83.8249,-1.6494
"BlendPCA-F (w=0.50, K=20/20)",5,periodavg_0555-0557,50.160000,3.2808,1.3434,82.9861,83.8249,-0.8388
"BlendPCA-F (w=0.50, K=20/20)",5,periodavg_0555-0557,50.200000,2.7270,1.9591,83.5808,83.8249,-0.2441
"BlendPCA-F (w=0.50, K=20/20)",5,periodavg_0555-0557,50.253333,1.9254,0.6695,84.0961,83.8249,0.2712
"BlendPCA-F (w=0.50, K=20/20)",5,periodavg_0555-0557,50.306667,0.9223,2.0007,84.5796,83.8249,0.7547
"BlendPCA-F (w=0.50, K=20/20)",5,periodavg_0555-0557,50.360000,0.6299,0.8050,84.7684,83.8249,0.9435
"BlendPCA-F (w=0.50, K=20/20)",5,periodavg_0555-0557,50.400000,-0.1447,2.2102,85.3375,83.8249,1.5125
"BlendPCA-F (w=0.50, K=20/20)",5,periodavg_0555-0557,50.453333,-0.5174,1.2009,85.4824,83.8249,1.6575
"BlendPCA-F (w=0.50, K=20/20)",5,periodavg_0555-0557,50.506667,-0.9931,2.0382,85.5454,83.8249,1.7205
"BlendPCA-F (w=0.50, K=20/20)",5,periodavg_0555-0557,50.560000,-1.1835,0.9559,85.9160,83.8249,2.0911
"BlendPCA-F (w=0.50, K=20/20)",5,periodavg_0555-0557,50.600000,-1.4818,1.5598,85.9227,83.8249,2.0978
"BlendPCA-F (w=0.50, K=20/20)",5,periodavg_0555-0557,50.653333,-2.1710,2.1042,86.7659,83.8249,2.9410
"BlendPCA-F (w=0.50, K=20/20)",5,periodavg_0555-0557,50.706667,-2.6450,2.2801,87.1213,83.8249,3.2964
"BlendPCA-F (w=0.50, K=20/20)",5,periodavg_0555-0557,50.760000,-2.9476,3.3362,87.1557,83.8249,3.3308
"BlendPCA-F (w=0.50, K=20/20)",5,periodavg_0555-0557,50.800000,-3.2615,1.2886,87.8058,83.8249,3.9809
"BlendPCA-F (w=0.50, K=20/20)",5,periodavg_0555-0557,50.853333,-2.8546,2.3822,88.2610,83.8249,4.4361
"BlendPCA-F (w=0.50, K=20/20)",5,periodavg_0555-0557,50.906667,-3.7274,3.0658,88.2415,83.8249,4.4166
"BlendPCA-F (w=0.50, K=20/20)",5,periodavg_0555-0557,50.960000,-4.2893,0.6091,88.5028,83.8249,4.6779
"BlendPCA-F (w=0.50, K=20/20)",5,periodavg_0555-0557,51.000000,-4.2246,4.0511,88.7243,83.8249,4.8994
"BlendPCA-F (w=0.50, K=20/20)",5,periodavg_0555-0557,51.053333,-4.6089,2.4685,88.8650,83.8249,5.0401
"BlendPCA-F (w=0.50, K=20/20)",5,periodavg_0555-0557,51.106667,-3.9749,4.6732,88.5864,83.8249,4.7615
"BlendPCA-F (w=0.50, K=20/20)",5,periodavg_0555-0557,51.160000,-4.5493,1.7007,88.0480,83.8249,4.2231
"BlendPCA-F (w=0.50, K=20/20)",5,periodavg_0555-0557,51.200000,-5.0167,0.5679,89.3687,83.8249,5.5438
"BlendPCA-F (w=0.50, K=20/20)",5,periodavg_0555-0557,51.253333,-4.2144,3.8771,89.3786,83.8249,5.5537
"BlendPCA-F (w=0.50, K=20/20)",5,periodavg_0555-0557,51.306667,-4.8178,1.9965,89.8259,83.8249,6.0010
"BlendPCA-F (w=0.50, K=20/20)",5,periodavg_0555-0557,51.360000,-5.8363,2.3417,89.8652,83.8249,6.0403
"BlendPCA-F (w=0.50, K=20/20)",5,periodavg_0555-0557,51.400000,-5.5780,4.3463,90.2375,83.8249,6.4125
"BlendPCA-F (w=0.50, K=20/20)",5,periodavg_0555-0557,51.453333,-6.2272,2.4662,90.1692,83.8249,6.3443
"BlendPCA-F (w=0.50, K=20/20)",5,periodavg_0555-0557,51.506667,-6.8218,1.1256,90.5160,83.8249,6.6911
"BlendPCA-F (w=0.50, K=20/20)",5,periodavg_0555-0557,51.560000,-6.7387,1.2701,90.7302,83.8249,6.9053
"BlendPCA-F (w=0.50, K=20/20)",5,periodavg_0555-0557,51.600000,-6.9088,1.4090,90.6686,83.8249,6.8437
"BlendPCA-F (w=0.50, K=20/20)",5,periodavg_0555-0557,51.653333,-7.2304,1.3268,90.6818,83.8249,6.8569
"BlendPCA-F (w=0.50, K=20/20)",5,periodavg_0555-0557,51.706667,-7.4458,1.9984,90.6443,83.8249,6.8194
"BlendPCA-F (w=0.50, K=20/20)",5,periodavg_0555-0557,51.760000,-7.3343,2.1116,90.6445,83.8249,6.8196
"BlendPCA-F (w=0.50, K=20/20)",5,periodavg_0555-0557,51.800000,-5.9306,4.3934,87.8849,83.8249,4.0600
"BlendPCA-F (w=0.50, K=20/20)",5,periodavg_0555-0557,51.853333,-7.3191,2.6895,91.2867,83.8249,7.4617
"BlendPCA-F (w=0.50, K=20/20)",5,periodavg_0555-0557,51.906667,-7.8197,1.3923,91.1641,83.8249,7.3391
"BlendPCA-F (w=0.50, K=20/20)",5,periodavg_0555-0557,51.960000,-6.9127,1.1009,89.5599,83.8249,5.7349
"BlendPCA-F (w=0.50, K=20/20)",5,periodavg_0555-0557,52.000000,-8.2346,1.3141,91.7716,83.8249,7.9467
"BlendPCA-F (w=0.50, K=20/20)",5,periodavg_0555-0557,52.053333,-6.7248,1.1783,88.8599,83.8249,5.0349
"BlendPCA-F (w=0.50, K=20/20)",5,periodavg_0555-0557,52.106667,-8.0839,2.4285,91.5076,83.8249,7.6826
"BlendPCA-F (w=0.50, K=20/20)",5,periodavg_0555-0557,52.160000,-7.8617,2.6602,92.0889,83.8249,8.2639
"BlendPCA-F (w=0.50, K=20/20)",5,periodavg_0555-0557,52.200000,-6.6954,1.6198,91.9398,83.8249,8.1149
"BlendPCA-F (w=0.50, K=20/20)",5,periodavg_0555-0557,52.253333,-7.8058,1.1574,92.2743,83.8249,8.4494
"BlendPCA-F (w=0.50, K=20/20)",5,periodavg_0555-0557,52.306667,-8.1040,3.1452,92.6168,83.8249,8.7919
"BlendPCA-F (w=0.50, K=20/20)",5,periodavg_0555-0557,52.360000,-8.4369,0.3731,91.6713,83.8249,7.8464
"BlendPCA-F (w=0.50, K=20/20)",5,periodavg_0555-0557,52.400000,-7.3243,2.3066,87.1349,83.8249,3.3100
"BlendPCA-F (w=0.50, K=20/20)",5,periodavg_0555-0557,52.453333,-8.7383,2.6408,93.0951,83.8249,9.2702
"BlendPCA-F (w=0.50, K=20/20)",5,periodavg_0555-0557,52.506667,-9.5361,2.9063,93.3243,83.8249,9.4994
"BlendPCA-F (w=0.50, K=20/20)",5,periodavg_0555-0557,52.560000,-9.1148,2.6731,93.1763,83.8249,9.3513
"BlendPCA-F (w=0.50, K=20/20)",5,periodavg_0555-0557,52.600000,-9.3443,2.1713,93.9139,83.8249,10.0890
"BlendPCA-F (w=0.50, K=20/20)",5,periodavg_0555-0557,52.653333,-10.4574,1.3367,93.9592,83.8249,10.1343
"BlendPCA-F (w=0.50, K=20/20)",5,periodavg_0555-0557,52.706667,-9.5907,2.4764,91.3601,83.8249,7.5352
"BlendPCA-F (w=0.50, K=20/20)",5,periodavg_0555-0557,52.760000,-7.6360,0.4763,89.8682,83.8249,6.0433
"BlendPCA-F (w=0.50, K=20/20)",5,periodavg_0555-0557,52.800000,-10.1465,1.7204,93.9621,83.8249,10.1372
"BlendPCA-F (w=0.50, K=20/20)",5,periodavg_0555-0557,52.853333,-9.4973,3.3465,93.9513,83.8249,10.1263
"BlendPCA-F (w=0.50, K=20/20)",5,periodavg_0555-0557,52.906667,-9.3271,0.0918,92.6167,83.8249,8.7918
"BlendPCA-F (w=0.50, K=20/20)",5,periodavg_0555-0557,52.960000,-10.1496,2.6853,94.5571,83.8249,10.7322
"BlendPCA-F (w=0.50, K=20/20)",5,periodavg_0555-0557,53.000000,-10.0789,0.7788,94.9747,83.8249,11.1498
"BlendPCA-F (w=0.50, K=20/20)",5,periodavg_0555-0557,53.053333,-10.2751,3.4875,94.7731,83.8249,10.9482
"BlendPCA-F (w=0.50, K=20/20)",5,periodavg_0555-0557,53.106667,-10.6350,0.7332,95.4063,83.8249,11.5813
"BlendPCA-F (w=0.50, K=20/20)",5,periodavg_0555-0557,53.160000,-9.7390,2.8288,93.2577,83.8249,9.4328
"BlendPCA-F (w=0.50, K=20/20)",5,periodavg_0555-0557,53.200000,-9.5769,1.9825,94.6154,83.8249,10.7904
"BlendPCA-F (w=0.50, K=20/20)",5,periodavg_0555-0557,53.253333,-10.2006,1.7565,95.1592,83.8249,11.3343
"BlendPCA-F (w=0.50, K=20/20)",5,periodavg_0555-0557,53.306667,-10.2162,4.0735,95.5115,83.8249,11.6866
"BlendPCA-F (w=0.50, K=20/20)",5,periodavg_0555-0557,53.360000,-11.2071,2.6004,95.8383,83.8249,12.0134
"BlendPCA-F (w=0.50, K=20/20)",5,periodavg_0555-0557,53.400000,-7.8757,2.4745,92.1764,83.8249,8.3515
"BlendPCA-F (w=0.50, K=20/20)",5,periodavg_0555-0557,53.453333,-11.1672,1.5682,95.7736,83.8249,11.9487
"BlendPCA-F (w=0.50, K=20/20)",5,periodavg_0555-0557,53.506667,-8.6653,1.6794,90.3939,83.8249,6.5690
"BlendPCA-F (w=0.50, K=20/20)",5,periodavg_0555-0557,53.560000,-9.5790,1.7975,93.8508,83.8249,10.0259
"BlendPCA-F (w=0.50, K=20/20)",5,periodavg_0555-0557,53.600000,-10.4092,1.0885,95.7512,83.8249,11.9263
"BlendPCA-F (w=0.50, K=20/20)",5,periodavg_0555-0557,53.653333,-10.7013,2.5071,95.7462,83.8249,11.9212
"BlendPCA-F (w=0.50, K=20/20)",5,periodavg_0555-0557,53.706667,-10.0215,1.6331,93.2375,83.8249,9.4126
"BlendPCA-F (w=0.50, K=20/20)",5,periodavg_0555-0557,53.760000,-10.8541,3.0210,95.7459,83.8249,11.9210
"BlendPCA-F (w=0.50, K=20/20)",5,periodavg_0555-0557,53.800000,-10.1957,2.0843,93.4447,83.8249,9.6198
"BlendPCA-F (w=0.50, K=20/20)",5,periodavg_0555-0557,53.853333,-11.3176,2.4301,96.6538,83.8249,12.8289
"BlendPCA-F (w=0.50, K=20/20)",5,periodavg_0555-0557,53.906667,-8.1703,1.1510,85.3410,83.8249,1.5161
"BlendPCA-F (w=0.50, K=20/20)",5,periodavg_0555-0557,53.960000,-11.1947,2.0163,94.9393,83.8249,11.1144
"BlendPCA-F (w=0.50, K=20/20)",5,periodavg_0555-0557,54.000000,-11.7533,2.8319,97.0007,83.8249,13.1758
"BlendPCA-F (w=0.50, K=20/20)",5,periodavg_0555-0557,54.053333,-10.9197,3.1073,97.5824,83.8249,13.7575
"BlendPCA-F (w=0.50, K=20/20)",5,periodavg_0555-0557,54.106667,-9.9019,0.8422,95.1917,83.8249,11.3668
"BlendPCA-F (w=0.50, K=20/20)",5,periodavg_0555-0557,54.160000,-9.9508,1.9026,91.1220,83.8249,7.2971
"BlendPCA-F (w=0.50, K=20/20)",5,periodavg_0555-0557,54.200000,-10.2610,1.8055,90.6563,83.8249,6.8313
"BlendPCA-F (w=0.50, K=20/20)",5,periodavg_0555-0557,54.253333,-11.1279,3.3628,96.7962,83.8249,12.9713
"BlendPCA-F (w=0.50, K=20/20)",5,periodavg_0555-0557,54.306667,-9.8768,1.4177,97.1929,83.8249,13.3680
"BlendPCA-F (w=0.50, K=20/20)",5,periodavg_0555-0557,54.360000,-10.5018,4.4640,97.3126,83.8249,13.4877
"BlendPCA-F (w=0.50, K=20/20)",5,periodavg_0555-0557,54.400000,-11.4535,2.5957,98.2587,83.8249,14.4338
"BlendPCA-F (w=0.50, K=20/20)",5,periodavg_0555-0557,54.453333,-10.2720,1.8771,89.8312,83.8249,6.0063
"BlendPCA-F (w=0.50, K=20/20)",5,periodavg_0555-0557,54.506667,-12.2716,2.4067,94.4431,83.8249,10.6182
"BlendPCA-F (w=0.50, K=20/20)",5,periodavg_0555-0557,54.560000,-12.5621,1.5775,97.5402,83.8249,13.7152
"BlendPCA-F (w=0.50, K=20/20)",5,periodavg_0555-0557,54.600000,-12.3978,0.8865,99.4433,83.8249,15.6183
"BlendPCA-F (w=0.50, K=20/20)",5,periodavg_0555-0557,54.653333,-11.0009,3.1397,91.8644,83.8249,8.0395
"BlendPCA-F (w=0.50, K=20/20)",5,periodavg_0555-0557,54.706667,-12.0339,2.5627,99.6596,83.8249,15.8346
"BlendPCA-F (w=0.50, K=20/20)",5,periodavg_0555-0557,54.760000,-9.5700,2.1599,87.1396,83.8249,3.3147
"BlendPCA-F (w=0.50, K=20/20)",5,periodavg_0555-0557,54.800000,-12.0839,0.4289,93.0788,83.8249,9.2538
"BlendPCA-F (w=0.50, K=20/20)",5,periodavg_0555-0557,54.853333,-11.9405,3.0838,96.7161,83.8249,12.8912
"BlendPCA-F (w=0.50, K=20/20)",5,periodavg_0555-0557,54.906667,-10.8121,2.3788,93.5910,83.8249,9.7661
"BlendPCA-F (w=0.50, K=20/20)",5,periodavg_0555-0557,54.960000,-11.9899,2.3695,99.3538,83.8249,15.5289
"BlendPCA-F (w=0.50, K=20/20)",5,periodavg_0555-0557,55.000000,-10.2424,1.9848,92.0590,83.8249,8.2341
"BlendPCA-F (w=0.50, K=20/20)",5,periodavg_0555-0557,55.053333,-10.3115,0.0034,88.3705,83.8249,4.5456
"BlendPCA-F (w=0.50, K=20/20)",5,periodavg_0555-0557,55.106667,-11.8058,1.4492,95.1580,83.8249,11.3330
"BlendPCA-F (w=0.50, K=20/20)",5,periodavg_0555-0557,55.160000,-11.9025,1.5694,95.1253,83.8249,11.3004
"BlendPCA-F (w=0.50, K=20/20)",5,periodavg_0555-0557,55.200000,-12.4478,2.2131,94.7876,83.8249,10.9627
"BlendPCA-F (w=0.50, K=20/20)",5,periodavg_0555-0557,55.253333,-12.3511,1.3653,95.0386,83.8249,11.2137
"BlendPCA-F (w=0.50, K=20/20)",5,periodavg_0555-0557,55.306667,-12.8977,2.4613,100.8439,83.8249,17.0190
"BlendPCA-F (w=0.50, K=20/20)",5,periodavg_0555-0557,55.360000,-11.5954,1.7676,96.3508,83.8249,12.5259
"BlendPCA-F (w=0.50, K=20/20)",5,periodavg_0555-0557,55.400000,-11.6107,1.2221,93.7950,83.8249,9.9701
"BlendPCA-F (w=0.50, K=20/20)",5,periodavg_0555-0557,55.453333,-10.7128,1.8185,93.1929,83.8249,9.3680
"BlendPCA-F (w=0.50, K=20/20)",5,periodavg_0555-0557,55.506667,-10.5103,3.0926,91.0893,83.8249,7.2644
"BlendPCA-F (w=0.50, K=20/20)",5,periodavg_0555-0557,55.560000,-11.2736,2.1430,91.8886,83.8249,8.0637
"BlendPCA-F (w=0.50, K=20/20)",5,periodavg_0555-0557,55.600000,-10.0718,1.0841,92.9829,83.8249,9.1580
"BlendPCA-F (w=0.50, K=20/20)",5,periodavg_0555-0557,55.653333,-11.8679,2.0558,93.8140,83.8249,9.9890
"BlendPCA-F (w=0.50, K=20/20)",5,periodavg_0555-0557,55.706667,-10.9960,1.9569,90.1694,83.8249,6.3445
"BlendPCA-F (w=0.50, K=20/20)",5,periodavg_0555-0557,55.760000,-10.9398,1.7547,95.2534,83.8249,11.4284
"BlendPCA-F (w=0.50, K=20/20)",5,periodavg_0555-0557,55.800000,-13.0890,2.2349,99.8049,83.8249,15.9800
"BlendPCA-F (w=0.50, K=20/20)",5,periodavg_0555-0557,55.853333,-12.8841,2.2424,100.5297,83.8249,16.7047
"BlendPCA-F (w=0.50, K=20/20)",5,periodavg_0555-0557,55.906667,-13.1610,1.1008,99.1761,83.8249,15.3512
"BlendPCA-F (w=0.50, K=20/20)",5,periodavg_0555-0557,55.960000,-13.6486,4.3773,100.2500,83.8249,16.4251
"BlendPCA-F (w=0.50, K=20/20)",5,periodavg_0555-0557,56.000000,-11.0520,3.4510,101.1066,83.8249,17.2817
"BlendPCA-F (w=0.50, K=20/20)",5,periodavg_0555-0557,56.053333,-13.4681,1.6757,100.7257,83.8249,16.9008
"BlendPCA-F (w=0.50, K=20/20)",5,periodavg_0555-0557,56.106667,-12.5544,1.8610,94.9161,83.8249,11.0912
"BlendPCA-F (w=0.50, K=20/20)",5,periodavg_0555-0557,56.160000,-13.8377,2.6676,101.4192,83.8249,17.5942
"BlendPCA-F (w=0.50, K=20/20)",5,periodavg_0555-0557,56.200000,-10.7695,4.5931,102.0542,83.8249,18.2293
"BlendPCA-F (w=0.50, K=20/20)",5,periodavg_0555-0557,56.253333,-12.8365,2.0860,101.1709,83.8249,17.3459
"BlendPCA-F (w=0.50, K=20/20)",5,periodavg_0555-0557,56.306667,-13.3614,2.9482,100.6158,83.8249,16.7909
"BlendPCA-F (w=0.50, K=20/20)",5,periodavg_0555-0557,56.360000,-12.3519,2.4623,96.7163,83.8249,12.8914
"BlendPCA-F (w=0.50, K=20/20)",5,periodavg_0555-0557,56.400000,-11.6736,3.3559,94.2619,83.8249,10.4370
"BlendPCA-F (w=0.50, K=20/20)",5,periodavg_0555-0557,56.453333,-13.1534,2.5550,101.6788,83.8249,17.8539
"BlendPCA-F (w=0.50, K=20/20)",5,periodavg_0555-0557,56.506667,-10.4561,0.3402,89.4270,83.8249,5.6021
"BlendPCA-F (w=0.50, K=20/20)",5,periodavg_0555-0557,56.560000,-7.1741,1.0108,84.8650,83.8249,1.0401
"BlendPCA-F (w=0.50, K=20/20)",5,periodavg_0555-0557,56.600000,-12.0268,1.8454,95.1576,83.8249,11.3327
"BlendPCA-F (w=0.50, K=20/20)",5,periodavg_0555-0557,56.653333,-10.5528,2.9677,88.3478,83.8249,4.5229
"BlendPCA-F (w=0.50, K=20/20)",5,periodavg_0555-0557,56.706667,-12.3926,2.6908,92.0345,83.8249,8.2096
"BlendPCA-F (w=0.50, K=20/20)",5,periodavg_0555-0557,56.760000,-10.6796,2.4697,93.1240,83.8249,9.2991
"BlendPCA-F (w=0.50, K=20/20)",5,periodavg_0555-0557,56.800000,-9.9562,2.5886,89.9203,83.8249,6.0953
"BlendPCA-F (w=0.50, K=20/20)",5,periodavg_0555-0557,56.853333,-12.7639,1.1088,93.6872,83.8249,9.8623
"BlendPCA-F (w=0.50, K=20/20)",5,periodavg_0555-0557,56.906667,-13.5625,1.8750,100.2231,83.8249,16.3981
"BlendPCA-F (w=0.50, K=20/20)",5,periodavg_0555-0557,56.960000,-12.4643,3.5906,95.4075,83.8249,11.5826
"BlendPCA-F (w=0.50, K=20/20)",5,periodavg_0555-0557,57.000000,-13.0850,2.4596,99.9979,83.8249,16.1730
"BlendPCA-F (w=0.50, K=20/20)",5,periodavg_0555-0557,57.053333,-11.5666,1.2584,95.9267,83.8249,12.1018
"BlendPCA-F (w=0.50, K=20/20)",5,periodavg_0555-0557,57.106667,-12.4836,2.7105,100.1112,83.8249,16.2863
"BlendPCA-F (w=0.50, K=20/20)",5,periodavg_0555-0557,57.160000,-12.8614,1.9570,100.5113,83.8249,16.6864
"BlendPCA-F (w=0.50, K=20/20)",5,periodavg_0555-0557,57.200000,-12.6698,1.0996,94.9293,83.8249,11.1043
"BlendPCA-F (w=0.50, K=20/20)",5,periodavg_0555-0557,57.253333,-13.8597,2.9927,101.2598,83.8249,17.4349
"BlendPCA-F (w=0.50, K=20/20)",5,periodavg_0555-0557,57.306667,-13.4350,1.0696,96.2515,83.8249,12.4266
"BlendPCA-F (w=0.50, K=20/20)",5,periodavg_0555-0557,57.360000,-13.7756,2.5815,100.7483,83.8249,16.9233
"BlendPCA-F (w=0.50, K=20/20)",5,periodavg_0555-0557,57.400000,-12.2157,4.9858,98.6231,83.8249,14.7982
"BlendPCA-F (w=0.50, K=20/20)",5,periodavg_0555-0557,57.453333,-11.7281,5.3450,96.5444,83.8249,12.7195
"BlendPCA-F (w=0.50, K=20/20)",5,periodavg_0555-0557,57.506667,-11.5755,3.9870,94.3330,83.8249,10.5081
"BlendPCA-F (w=0.50, K=20/20)",5,periodavg_0555-0557,57.560000,-12.9158,-0.0490,96.3022,83.8249,12.4773
"BlendPCA-F (w=0.50, K=20/20)",5,periodavg_0555-0557,57.600000,-13.8315,2.3339,101.1913,83.8249,17.3664
"BlendPCA-F (w=0.50, K=20/20)",5,periodavg_0555-0557,57.653333,-12.7980,1.6547,94.5246,83.8249,10.6997
"BlendPCA-F (w=0.50, K=20/20)",5,periodavg_0555-0557,57.706667,-13.4627,2.6702,98.1677,83.8249,14.3428
"BlendPCA-F (w=0.50, K=20/20)",5,periodavg_0555-0557,57.760000,-11.5555,1.4190,90.5528,83.8249,6.7279
"BlendPCA-F (w=0.50, K=20/20)",5,periodavg_0555-0557,57.800000,-12.7852,3.7840,95.5494,83.8249,11.7245
"BlendPCA-F (w=0.50, K=20/20)",5,periodavg_0555-0557,57.853333,-12.5062,0.8438,98.5870,83.8249,14.7621
"BlendPCA-F (w=0.50, K=20/20)",5,periodavg_0555-0557,57.906667,-12.1681,2.9730,96.0393,83.8249,12.2144
"BlendPCA-F (w=0.50, K=20/20)",5,periodavg_0555-0557,57.960000,-12.6498,1.9013,94.2494,83.8249,10.4245
"BlendPCA-F (w=0.50, K=20/20)",5,periodavg_0555-0557,58.000000,-12.6346,2.3980,93.9796,83.8249,10.1547
"BlendPCA-F (w=0.50, K=20/20)",5,periodavg_0555-0557,58.053333,-11.5668,3.7274,99.2252,83.8249,15.4003
"BlendPCA-F (w=0.50, K=20/20)",5,periodavg_0555-0557,58.106667,-10.2785,3.0284,99.7882,83.8249,15.9633
"BlendPCA-F (w=0.50, K=20/20)",5,periodavg_0555-0557,58.160000,-11.1922,2.0910,100.4806,83.8249,16.6557
"BlendPCA-F (w=0.50, K=20/20)",5,periodavg_0555-0557,58.200000,-11.3705,4.0964,99.1963,83.8249,15.3714
"BlendPCA-F (w=0.50, K=20/20)",5,periodavg_0555-0557,58.253333,-12.7977,3.0696,101.8708,83.8249,18.0458
"BlendPCA-F (w=0.50, K=20/20)",5,periodavg_0555-0557,58.306667,-11.8466,2.0790,101.0387,83.8249,17.2138
"BlendPCA-F (w=0.50, K=20/20)",5,periodavg_0555-0557,58.360000,-11.9358,4.3366,101.4424,83.8249,17.6175
"BlendPCA-F (w=0.50, K=20/20)",5,periodavg_0555-0557,58.400000,-9.1012,3.7437,91.2641,83.8249,7.4392
"BlendPCA-F (w=0.50, K=20/20)",5,periodavg_0555-0557,58.453333,-12.4259,1.3268,94.7639,83.8249,10.9389
"BlendPCA-F (w=0.50, K=20/20)",5,periodavg_0555-0557,58.506667,-10.1736,2.0515,89.5643,83.8249,5.7393
"BlendPCA-F (w=0.50, K=20/20)",5,periodavg_0555-0557,58.560000,-11.6717,2.9316,96.5254,83.8249,12.7005
"BlendPCA-F (w=0.50, K=20/20)",5,periodavg_0555-0557,58.600000,-10.6985,3.8584,90.3345,83.8249,6.5096
"BlendPCA-F (w=0.50, K=20/20)",5,periodavg_0555-0557,58.653333,-8.6092,1.6814,86.5662,83.8249,2.7413
"BlendPCA-F (w=0.50, K=20/20)",5,periodavg_0555-0557,58.706667,-9.5208,1.7632,87.6990,83.8249,3.8741
"BlendPCA-F (w=0.50, K=20/20)",5,periodavg_0555-0557,58.760000,-8.9969,2.4852,87.1504,83.8249,3.3255
"BlendPCA-F (w=0.50, K=20/20)",5,periodavg_0555-0557,58.800000,-9.4549,0.6888,86.1384,83.8249,2.3135
"BlendPCA-F (w=0.50, K=20/20)",5,periodavg_0555-0557,58.853333,-12.1781,2.2332,97.9349,83.8249,14.1099
"BlendPCA-F (w=0.50, K=20/20)",5,periodavg_0555-0557,58.906667,-10.1657,2.3370,92.2676,83.8249,8.4427
"BlendPCA-F (w=0.50, K=20/20)",5,periodavg_0555-0557,58.960000,-12.8005,3.4542,95.0503,83.8249,11.2254
"BlendPCA-F (w=0.50, K=20/20)",5,periodavg_0555-0557,59.000000,-12.8030,1.0930,94.1335,83.8249,10.3086
"BlendPCA-F (w=0.50, K=20/20)",5,periodavg_0555-0557,59.053333,-10.5281,2.5262,90.0920,83.8249,6.2670
"BlendPCA-F (w=0.50, K=20/20)",5,periodavg_0555-0557,59.106667,-11.4288,3.1880,89.8422,83.8249,6.0173
"BlendPCA-F (w=0.50, K=20/20)",5,periodavg_0555-0557,59.160000,-12.1440,1.5246,93.0615,83.8249,9.2366
"BlendPCA-F (w=0.50, K=20/20)",5,periodavg_0555-0557,59.200000,-10.8868,-0.0714,90.1927,83.8249,6.3678
"BlendPCA-F (w=0.50, K=20/20)",5,periodavg_0555-0557,59.253333,-12.8062,2.4604,93.4491,83.8249,9.6241
"BlendPCA-F (w=0.50, K=20/20)",5,periodavg_0555-0557,59.306667,-11.0171,3.0894,96.5957,83.8249,12.7708
"BlendPCA-F (w=0.50, K=20/20)",5,periodavg_0555-0557,59.360000,-12.0548,2.1034,98.7548,83.8249,14.9299
"BlendPCA-F (w=0.50, K=20/20)",5,periodavg_0555-0557,59.400000,-13.2127,7.9869,103.3060,83.8249,19.4811
"BlendPCA-F (w=0.50, K=20/20)",5,periodavg_0555-0557,59.453333,-13.7022,1.0362,101.5954,83.8249,17.7705
"BlendPCA-F (w=0.50, K=20/20)",5,periodavg_0555-0557,59.506667,-12.3322,1.7993,94.7678,83.8249,10.9429
"BlendPCA-F (w=0.50, K=20/20)",5,periodavg_0555-0557,59.560000,-11.7128,2.4040,98.7009,83.8249,14.8760
"BlendPCA-F (w=0.50, K=20/20)",5,periodavg_0555-0557,59.600000,-12.1635,1.3395,103.5500,83.8249,19.7250
"BlendPCA-F (w=0.50, K=20/20)",5,periodavg_0555-0557,59.653333,-12.0346,2.0334,94.3678,83.8249,10.5429
"BlendPCA-F (w=0.50, K=20/20)",5,periodavg_0555-0557,59.706667,-12.0466,0.7721,92.5236,83.8249,8.6987
"BlendPCA-F (w=0.50, K=20/20)",5,periodavg_0555-0557,59.760000,-13.7593,1.7787,103.5044,83.8249,19.6795
"BlendPCA-F (w=0.50, K=20/20)",5,periodavg_0555-0557,59.800000,-10.8056,1.5251,90.8902,83.8249,7.0653
"BlendPCA-F (w=0.50, K=20/20)",5,periodavg_0555-0557,59.853333,-11.6864,2.9590,92.6154,83.8249,8.7905
"BlendPCA-F (w=0.50, K=20/20)",5,periodavg_0555-0557,59.906667,-10.8457,3.1265,96.8908,83.8249,13.0658
"BlendPCA-F (w=0.50, K=20/20)",5,periodavg_0555-0557,59.960000,-12.3898,1.7866,103.7400,83.8249,19.9151
"BlendPCA-F (w=0.50, K=20/20)",5,periodavg_0555-0557,60.000000,-12.4429,2.7142,94.4364,83.8249,10.6115
"BlendPCA-F (dynamic, w0=0.50, mu_lambda=1.0e-02, K=20/20)",0,periodavg_0837-0839,0.013333,-4.2155,3.3585,82.0181,77.2970,4.7212
"BlendPCA-F (dynamic, w0=0.50, mu_lambda=1.0e-02, K=20/20)",0,periodavg_0837-0839,0.053333,-8.0244,4.9706,85.0707,77.2970,7.7737
"BlendPCA-F (dynamic, w0=0.50, mu_lambda=1.0e-02, K=20/20)",0,periodavg_0837-0839,0.106667,-11.0132,5.0112,87.4888,77.2970,10.1919
"BlendPCA-F (dynamic, w0=0.50, mu_lambda=1.0e-02, K=20/20)",0,periodavg_0837-0839,0.160000,-11.8753,3.6213,88.1636,77.2970,10.8667
"BlendPCA-F (dynamic, w0=0.50, mu_lambda=1.0e-02, K=20/20)",0,periodavg_0837-0839,0.200000,-12.1044,5.7283,89.2314,77.2970,11.9344
"BlendPCA-F (dynamic, w0=0.50, mu_lambda=1.0e-02, K=20/20)",0,periodavg_0837-0839,0.253333,-12.6581,3.4268,89.1706,77.2970,11.8737
"BlendPCA-F (dynamic, w0=0.50, mu_lambda=1.0e-02, K=20/20)",0,periodavg_0837-0839,0.306667,-13.1715,3.5798,90.8446,77.2970,13.5476
"BlendPCA-F (dynamic, w0=0.50, mu_lambda=1.0e-02, K=20/20)",0,periodavg_0837-0839,0.360000,-12.4653,5.6093,92.1363,77.2970,14.8393
"BlendPCA-F (dynamic, w0=0.50, mu_lambda=1.0e-02, K=20/20)",0,periodavg_0837-0839,0.400000,-13.5474,3.9673,92.1528,77.2970,14.8558
"BlendPCA-F (dynamic, w0=0.50, mu_lambda=1.0e-02, K=20/20)",0,periodavg_0837-0839,0.453333,-13.7680,3.6971,92.4659,77.2970,15.1689
"BlendPCA-F (dynamic, w0=0.50, mu_lambda=1.0e-02, K=20/20)",0,periodavg_0837-0839,0.506667,-14.0495,4.3921,91.9780,77.2970,14.6810
"BlendPCA-F (dynamic, w0=0.50, mu_lambda=1.0e-02, K=20/20)",0,periodavg_0837-0839,0.560000,-13.1519,4.3017,89.4429,77.2970,12.1460
"BlendPCA-F (dynamic, w0=0.50, mu_lambda=1.0e-02, K=20/20)",0,periodavg_0837-0839,0.600000,-13.6614,4.1902,90.1860,77.2970,12.8891
"BlendPCA-F (dynamic, w0=0.50, mu_lambda=1.0e-02, K=20/20)",0,periodavg_0837-0839,0.653333,-13.5839,5.7094,89.5163,77.2970,12.2194
"BlendPCA-F (dynamic, w0=0.50, mu_lambda=1.0e-02, K=20/20)",0,periodavg_0837-0839,0.706667,-12.8785,5.8272,87.6004,77.2970,10.3035
"BlendPCA-F (dynamic, w0=0.50, mu_lambda=1.0e-02, K=20/20)",0,periodavg_0837-0839,0.760000,-13.2752,3.6087,88.3055,77.2970,11.0085
"BlendPCA-F (dynamic, w0=0.50, mu_lambda=1.0e-02, K=20/20)",0,periodavg_0837-0839,0.800000,-13.2534,5.7747,89.0690,77.2970,11.7720
"BlendPCA-F (dynamic, w0=0.50, mu_lambda=1.0e-02, K=20/20)",0,periodavg_0837-0839,0.853333,-12.6699,3.6270,87.3560,77.2970,10.0590
"BlendPCA-F (dynamic, w0=0.50, mu_lambda=1.0e-02, K=20/20)",0,periodavg_0837-0839,0.906667,-12.7230,5.1821,87.4520,77.2970,10.1551
"BlendPCA-F (dynamic, w0=0.50, mu_lambda=1.0e-02, K=20/20)",0,periodavg_0837-0839,0.960000,-12.7483,6.8020,83.8972,77.2970,6.6003
"BlendPCA-F (dynamic, w0=0.50, mu_lambda=1.0e-02, K=20/20)",0,periodavg_0837-0839,1.000000,-13.7236,2.0777,89.0283,77.2970,11.7313
"BlendPCA-F (dynamic, w0=0.50, mu_lambda=1.0e-02, K=20/20)",0,periodavg_0837-0839,1.053333,-14.0173,6.2447,89.1875,77.2970,11.8906
"BlendPCA-F (dynamic, w0=0.50, mu_lambda=1.0e-02, K=20/20)",0,periodavg_0837-0839,1.106667,-13.7096,5.8149,87.9074,77.2970,10.6105
"BlendPCA-F (dynamic, w0=0.50, mu_lambda=1.0e-02, K=20/20)",0,periodavg_0837-0839,1.160000,-14.1251,3.6645,90.3304,77.2970,13.0335
"BlendPCA-F (dynamic, w0=0.50, mu_lambda=1.0e-02, K=20/20)",0,periodavg_0837-0839,1.200000,-13.9219,4.1788,88.7996,77.2970,11.5027
"BlendPCA-F (dynamic, w0=0.50, mu_lambda=1.0e-02, K=20/20)",0,periodavg_0837-0839,1.253333,-13.5753,4.7330,87.6936,77.2970,10.3967
"BlendPCA-F (dynamic, w0=0.50, mu_lambda=1.0e-02, K=20/20)",0,periodavg_0837-0839,1.306667,-13.8567,3.8522,87.9313,77.2970,10.6343
"BlendPCA-F (dynamic, w0=0.50, mu_lambda=1.0e-02, K=20/20)",0,periodavg_0837-0839,1.360000,-14.2088,4.2503,88.4312,77.2970,11.1343
"BlendPCA-F (dynamic, w0=0.50, mu_lambda=1.0e-02, K=20/20)",0,periodavg_0837-0839,1.400000,-13.2098,5.2968,86.8071,77.2970,9.5102
"BlendPCA-F (dynamic, w0=0.50, mu_lambda=1.0e-02, K=20/20)",0,periodavg_0837-0839,1.453333,-14.3080,4.2483,88.5155,77.2970,11.2186
"BlendPCA-F (dynamic, w0=0.50, mu_lambda=1.0e-02, K=20/20)",0,periodavg_0837-0839,1.506667,-14.5963,4.9692,89.0346,77.2970,11.7376
"BlendPCA-F (dynamic, w0=0.50, mu_lambda=1.0e-02, K=20/20)",0,periodavg_0837-0839,1.560000,-14.4804,5.1660,89.7862,77.2970,12.4893
"BlendPCA-F (dynamic, w0=0.50, mu_lambda=1.0e-02, K=20/20)",0,periodavg_0837-0839,1.600000,-13.8378,4.0726,92.0593,77.2970,14.7623
"BlendPCA-F (dynamic, w0=0.50, mu_lambda=1.0e-02, K=20/20)",0,periodavg_0837-0839,1.653333,-14.7982,2.8957,89.0895,77.2970,11.7925
"BlendPCA-F (dynamic, w0=0.50, mu_lambda=1.0e-02, K=20/20)",0,periodavg_0837-0839,1.706667,-15.5420,4.2114,90.6941,77.2970,13.3971
"BlendPCA-F (dynamic, w0=0.50, mu_lambda=1.0e-02, K=20/20)",0,periodavg_0837-0839,1.760000,-15.1179,5.3383,89.4726,77.2970,12.1757
"BlendPCA-F (dynamic, w0=0.50, mu_lambda=1.0e-02, K=20/20)",0,periodavg_0837-0839,1.800000,-15.0684,4.2199,89.3017,77.2970,12.0047
"BlendPCA-F (dynamic, w0=0.50, mu_lambda=1.0e-02, K=20/20)",0,periodavg_0837-0839,1.853333,-14.8953,5.4087,90.2763,77.2970,12.9793
"BlendPCA-F (dynamic, w0=0.50, mu_lambda=1.0e-02, K=20/20)",0,periodavg_0837-0839,1.906667,-15.8517,4.0312,91.1032,77.2970,13.8063
"BlendPCA-F (dynamic, w0=0.50, mu_lambda=1.0e-02, K=20/20)",0,periodavg_0837-0839,1.960000,-15.6393,4.3250,92.1987,77.2970,14.9017
"BlendPCA-F (dynamic, w0=0.50, mu_lambda=1.0e-02, K=20/20)",0,periodavg_0837-0839,2.000000,-15.6117,5.7082,90.6707,77.2970,13.3737
"BlendPCA-F (dynamic, w0=0.50, mu_lambda=1.0e-02, K=20/20)",0,periodavg_0837-0839,2.053333,-15.7710,3.9565,90.1527,77.2970,12.8557
"BlendPCA-F (dynamic, w0=0.50, mu_lambda=1.0e-02, K=20/20)",0,periodavg_0837-0839,2.106667,-15.8510,6.9281,90.7029,77.2970,13.4060
"BlendPCA-F (dynamic, w0=0.50, mu_lambda=1.0e-02, K=20/20)",0,periodavg_0837-0839,2.160000,-14.4089,3.2887,89.9649,77.2970,12.6680
"BlendPCA-F (dynamic, w0=0.50, mu_lambda=1.0e-02, K=20/20)",0,periodavg_0837-0839,2.200000,-13.8489,6.8175,86.0017,77.2970,8.7048
"BlendPCA-F (dynamic, w0=0.50, mu_lambda=1.0e-02, K=20/20)",0,periodavg_0837-0839,2.253333,-15.5626,4.0615,89.5133,77.2970,12.2163
"BlendPCA-F (dynamic, w0=0.50, mu_lambda=1.0e-02, K=20/20)",0,periodavg_0837-0839,2.306667,-16.4356,4.8707,91.2007,77.2970,13.9038
"BlendPCA-F (dynamic, w0=0.50, mu_lambda=1.0e-02, K=20/20)",0,periodavg_0837-0839,2.360000,-16.1176,4.6841,92.5386,77.2970,15.2416
"BlendPCA-F (dynamic, w0=0.50, mu_lambda=1.0e-02, K=20/20)",0,periodavg_0837-0839,2.400000,-16.3506,5.1249,93.7569,77.2970,16.4599
"BlendPCA-F (dynamic, w0=0.50, mu_lambda=1.0e-02, K=20/20)",0,periodavg_0837-0839,2.453333,-16.7670,5.7043,93.5815,77.2970,16.2845
"BlendPCA-F (dynamic, w0=0.50, mu_lambda=1.0e-02, K=20/20)",0,periodavg_0837-0839,2.506667,-15.6142,5.3547,87.4432,77.2970,10.1463
"BlendPCA-F (dynamic, w0=0.50, mu_lambda=1.0e-02, K=20/20)",0,periodavg_0837-0839,2.560000,-16.1692,3.2334,93.2944,77.2970,15.9974
"BlendPCA-F (dynamic, w0=0.50, mu_lambda=1.0e-02, K=20/20)",0,periodavg_0837-0839,2.600000,-15.8524,4.4527,88.5920,77.2970,11.2951
"BlendPCA-F (dynamic, w0=0.50, mu_lambda=1.0e-02, K=20/20)",0,periodavg_0837-0839,2.653333,-15.8826,3.8201,93.2123,77.2970,15.9154
"BlendPCA-F (dynamic, w0=0.50, mu_lambda=1.0e-02, K=20/20)",0,periodavg_0837-0839,2.706667,-17.5556,4.7698,91.9635,77.2970,14.6666
"BlendPCA-F (dynamic, w0=0.50, mu_lambda=1.0e-02, K=20/20)",0,periodavg_0837-0839,2.760000,-17.5012,4.7096,92.0198,77.2970,14.7228
"BlendPCA-F (dynamic, w0=0.50, mu_lambda=1.0e-02, K=20/20)",0,periodavg_0837-0839,2.800000,-16.9817,5.5486,92.5994,77.2970,15.3024
"BlendPCA-F (dynamic, w0=0.50, mu_lambda=1.0e-02, K=20/20)",0,periodavg_0837-0839,2.853333,-17.2263,5.1771,93.6744,77.2970,16.3775
"BlendPCA-F (dynamic, w0=0.50, mu_lambda=1.0e-02, K=20/20)",0,periodavg_0837-0839,2.906667,-16.1015,4.9808,94.4776,77.2970,17.1806
"BlendPCA-F (dynamic, w0=0.50, mu_lambda=1.0e-02, K=20/20)",0,periodavg_0837-0839,2.960000,-17.5447,3.8217,94.3210,77.2970,17.0241
"BlendPCA-F (dynamic, w0=0.50, mu_lambda=1.0e-02, K=20/20)",0,periodavg_0837-0839,3.000000,-17.7834,5.3496,93.4766,77.2970,16.1796
"BlendPCA-F (dynamic, w0=0.50, mu_lambda=1.0e-02, K=20/20)",0,periodavg_0837-0839,3.053333,-17.7430,5.5906,92.5990,77.2970,15.3020
"BlendPCA-F (dynamic, w0=0.50, mu_lambda=1.0e-02, K=20/20)",0,periodavg_0837-0839,3.106667,-17.1837,3.9334,94.1688,77.2970,16.8718
"BlendPCA-F (dynamic, w0=0.50, mu_lambda=1.0e-02, K=20/20)",0,periodavg_0837-0839,3.160000,-18.6667,5.0195,92.2944,77.2970,14.9974
"BlendPCA-F (dynamic, w0=0.50, mu_lambda=1.0e-02, K=20/20)",0,periodavg_0837-0839,3.200000,-18.6413,5.8846,91.9330,77.2970,14.6360
"BlendPCA-F (dynamic, w0=0.50, mu_lambda=1.0e-02, K=20/20)",0,periodavg_0837-0839,3.253333,-18.7117,5.1250,92.4834,77.2970,15.1865
"BlendPCA-F (dynamic, w0=0.50, mu_lambda=1.0e-02, K=20/20)",0,periodavg_0837-0839,3.306667,-18.6626,4.9012,93.2683,77.2970,15.9713
"BlendPCA-F (dynamic, w0=0.50, mu_lambda=1.0e-02, K=20/20)",0,periodavg_0837-0839,3.360000,-18.0289,4.4258,94.7144,77.2970,17.4174
"BlendPCA-F (dynamic, w0=0.50, mu_lambda=1.0e-02, K=20/20)",0,periodavg_0837-0839,3.400000,-17.5126,7.1034,90.0633,77.2970,12.7663
"BlendPCA-F (dynamic, w0=0.50, mu_lambda=1.0e-02, K=20/20)",0,periodavg_0837-0839,3.453333,-17.8506,4.8216,92.1355,77.2970,14.8385
"BlendPCA-F (dynamic, w0=0.50, mu_lambda=1.0e-02, K=20/20)",0,periodavg_0837-0839,3.506667,-17.1575,5.4563,89.7904,77.2970,12.4935
"BlendPCA-F (dynamic, w0=0.50, mu_lambda=1.0e-02, K=20/20)",0,periodavg_0837-0839,3.560000,-18.6403,5.5222,94.2482,77.2970,16.9512
"BlendPCA-F (dynamic, w0=0.50, mu_lambda=1.0e-02, K=20/20)",0,periodavg_0837-0839,3.600000,-19.0078,5.3610,93.5885,77.2970,16.2915
"BlendPCA-F (dynamic, w0=0.50, mu_lambda=1.0e-02, K=20/20)",0,periodavg_0837-0839,3.653333,-18.1308,4.4634,95.1786,77.2970,17.8816
"BlendPCA-F (dynamic, w0=0.50, mu_lambda=1.0e-02, K=20/20)",0,periodavg_0837-0839,3.706667,-19.3225,5.0689,94.2929,77.2970,16.9959
"BlendPCA-F (dynamic, w0=0.50, mu_lambda=1.0e-02, K=20/20)",0,periodavg_0837-0839,3.760000,-18.8290,4.1226,95.0792,77.2970,17.7823
"BlendPCA-F (dynamic, w0=0.50, mu_lambda=1.0e-02, K=20/20)",0,periodavg_0837-0839,3.800000,-17.9241,4.4467,90.4324,77.2970,13.1354
"BlendPCA-F (dynamic, w0=0.50, mu_lambda=1.0e-02, K=20/20)",0,periodavg_0837-0839,3.853333,-17.2974,4.6065,93.6585,77.2970,16.3616
"BlendPCA-F (dynamic, w0=0.50, mu_lambda=1.0e-02, K=20/20)",0,periodavg_0837-0839,3.906667,-18.1134,4.5204,96.5577,77.2970,19.2608
"BlendPCA-F (dynamic, w0=0.50, mu_lambda=1.0e-02, K=20/20)",0,periodavg_0837-0839,3.960000,-20.2746,5.0256,95.3517,77.2970,18.0548
"BlendPCA-F (dynamic, w0=0.50, mu_lambda=1.0e-02, K=20/20)",0,periodavg_0837-0839,4.000000,-20.5043,6.4607,95.2631,77.2970,17.9661
"BlendPCA-F (dynamic, w0=0.50, mu_lambda=1.0e-02, K=20/20)",0,periodavg_0837-0839,4.053333,-20.3150,6.5381,95.5040,77.2970,18.2070
"BlendPCA-F (dynamic, w0=0.50, mu_lambda=1.0e-02, K=20/20)",0,periodavg_0837-0839,4.106667,-19.5926,4.2919,96.2103,77.2970,18.9133
"BlendPCA-F (dynamic, w0=0.50, mu_lambda=1.0e-02, K=20/20)",0,periodavg_0837-0839,4.160000,-20.3078,6.8624,95.8537,77.2970,18.5567
"BlendPCA-F (dynamic, w0=0.50, mu_lambda=1.0e-02, K=20/20)",0,periodavg_0837-0839,4.200000,-19.9125,4.7396,94.8831,77.2970,17.5861
"BlendPCA-F (dynamic, w0=0.50, mu_lambda=1.0e-02, K=20/20)",0,periodavg_0837-0839,4.253333,-19.0191,4.2866,97.3153,77.2970,20.0184
"BlendPCA-F (dynamic, w0=0.50, mu_lambda=1.0e-02, K=20/20)",0,periodavg_0837-0839,4.306667,-19.0329,4.3500,96.7279,77.2970,19.4310
"BlendPCA-F (dynamic, w0=0.50, mu_lambda=1.0e-02, K=20/20)",0,periodavg_0837-0839,4.360000,-19.5591,5.5252,95.0369,77.2970,17.7400
"BlendPCA-F (dynamic, w0=0.50, mu_lambda=1.0e-02, K=20/20)",0,periodavg_0837-0839,4.400000,-19.1278,4.8276,97.2409,77.2970,19.9439
"BlendPCA-F (dynamic, w0=0.50, mu_lambda=1.0e-02, K=20/20)",0,periodavg_0837-0839,4.453333,-17.8331,5.9723,91.3056,77.2970,14.0086
"BlendPCA-F (dynamic, w0=0.50, mu_lambda=1.0e-02, K=20/20)",0,periodavg_0837-0839,4.506667,-19.8859,5.6721,96.6566,77.2970,19.3596
"BlendPCA-F (dynamic, w0=0.50, mu_lambda=1.0e-02, K=20/20)",0,periodavg_0837-0839,4.560000,-17.3326,3.5640,96.7303,77.2970,19.4334
"BlendPCA-F (dynamic, w0=0.50, mu_lambda=1.0e-02, K=20/20)",0,periodavg_0837-0839,4.600000,-19.0686,4.3701,98.5729,77.2970,21.2760
"BlendPCA-F (dynamic, w0=0.50, mu_lambda=1.0e-02, K=20/20)",0,periodavg_0837-0839,4.653333,-21.1460,5.2164,97.6602,77.2970,20.3633
"BlendPCA-F (dynamic, w0=0.50, mu_lambda=1.0e-02, K=20/20)",0,periodavg_0837-0839,4.706667,-19.9498,4.5716,96.1220,77.2970,18.8250
"BlendPCA-F (dynamic, w0=0.50, mu_lambda=1.0e-02, K=20/20)",0,periodavg_0837-0839,4.760000,-21.5567,6.2145,97.8083,77.2970,20.5113
"BlendPCA-F (dynamic, w0=0.50, mu_lambda=1.0e-02, K=20/20)",0,periodavg_0837-0839,4.800000,-19.9079,4.2812,97.7520,77.2970,20.4551
"BlendPCA-F (dynamic, w0=0.50, mu_lambda=1.0e-02, K=20/20)",0,periodavg_0837-0839,4.853333,-20.6512,5.0220,98.5843,77.2970,21.2873
"BlendPCA-F (dynamic, w0=0.50, mu_lambda=1.0e-02, K=20/20)",0,periodavg_0837-0839,4.906667,-19.6252,5.4077,97.9959,77.2970,20.6989
"BlendPCA-F (dynamic, w0=0.50, mu_lambda=1.0e-02, K=20/20)",0,periodavg_0837-0839,4.960000,-18.7551,3.3597,93.7869,77.2970,16.4899
"BlendPCA-F (dynamic, w0=0.50, mu_lambda=1.0e-02, K=20/20)",0,periodavg_0837-0839,5.000000,-19.8208,4.4835,96.7823,77.2970,19.4854
"BlendPCA-F (dynamic, w0=0.50, mu_lambda=1.0e-02, K=20/20)",0,periodavg_0837-0839,5.053333,-21.0546,4.9549,99.5088,77.2970,22.2118
"BlendPCA-F (dynamic, w0=0.50, mu_lambda=1.0e-02, K=20/20)",0,periodavg_0837-0839,5.106667,-19.7552,4.4536,99.5146,77.2970,22.2176
"BlendPCA-F (dynamic, w0=0.50, mu_lambda=1.0e-02, K=20/20)",0,periodavg_0837-0839,5.160000,-17.4123,7.0141,87.7662,77.2970,10.4692
"BlendPCA-F (dynamic, w0=0.50, mu_lambda=1.0e-02, K=20/20)",0,periodavg_0837-0839,5.200000,-17.0266,5.3080,86.5776,77.2970,9.2807
"BlendPCA-F (dynamic, w0=0.50, mu_lambda=1.0e-02, K=20/20)",0,periodavg_0837-0839,5.253333,-18.4871,4.0718,91.7574,77.2970,14.4604
"BlendPCA-F (dynamic, w0=0.50, mu_lambda=1.0e-02, K=20/20)",0,periodavg_0837-0839,5.306667,-18.6427,6.1147,91.6304,77.2970,14.3335
"BlendPCA-F (dynamic, w0=0.50, mu_lambda=1.0e-02, K=20/20)",0,periodavg_0837-0839,5.360000,-20.2654,4.9614,96.2919,77.2970,18.9949
"BlendPCA-F (dynamic, w0=0.50, mu_lambda=1.0e-02, K=20/20)",0,periodavg_0837-0839,5.400000,-18.4914,3.8394,98.9601,77.2970,21.6632
"BlendPCA-F (dynamic, w0=0.50, mu_lambda=1.0e-02, K=20/20)",0,periodavg_0837-0839,5.453333,-19.5025,4.0629,99.2888,77.2970,21.9918
"BlendPCA-F (dynamic, w0=0.50, mu_lambda=1.0e-02, K=20/20)",0,periodavg_0837-0839,5.506667,-20.6594,5.7200,100.2791,77.2970,22.9821
"BlendPCA-F (dynamic, w0=0.50, mu_lambda=1.0e-02, K=20/20)",0,periodavg_0837-0839,5.560000,-20.6167,5.7158,96.2050,77.2970,18.9080
"BlendPCA-F (dynamic, w0=0.50, mu_lambda=1.0e-02, K=20/20)",0,periodavg_0837-0839,5.600000,-18.6831,5.7281,89.4887,77.2970,12.1918
"BlendPCA-F (dynamic, w0=0.50, mu_lambda=1.0e-02, K=20/20)",0,periodavg_0837-0839,5.653333,-20.5180,5.7867,91.7411,77.2970,14.4441
"BlendPCA-F (dynamic, w0=0.50, mu_lambda=1.0e-02, K=20/20)",0,periodavg_0837-0839,5.706667,-17.0373,4.4166,95.4005,77.2970,18.1035
"BlendPCA-F (dynamic, w0=0.50, mu_lambda=1.0e-02, K=20/20)",0,periodavg_0837-0839,5.760000,-17.4637,4.5853,91.1269,77.2970,13.8299
"BlendPCA-F (dynamic, w0=0.50, mu_lambda=1.0e-02, K=20/20)",0,periodavg_0837-0839,5.800000,-16.0946,6.3858,86.7606,77.2970,9.4636
"BlendPCA-F (dynamic, w0=0.50, mu_lambda=1.0e-02, K=20/20)",0,periodavg_0837-0839,5.853333,-19.4927,4.2035,95.2489,77.2970,17.9519
"BlendPCA-F (dynamic, w0=0.50, mu_lambda=1.0e-02, K=20/20)",0,periodavg_0837-0839,5.906667,-19.2983,4.9532,97.9292,77.2970,20.6323
"BlendPCA-F (dynamic, w0=0.50, mu_lambda=1.0e-02, K=20/20)",0,periodavg_0837-0839,5.960000,-19.4437,5.1992,94.8223,77.2970,17.5253
"BlendPCA-F (dynamic, w0=0.50, mu_lambda=1.0e-02, K=20/20)",0,periodavg_0837-0839,6.000000,-17.7332,4.0052,95.8288,77.2970,18.5319
"BlendPCA-F (dynamic, w0=0.50, mu_lambda=1.0e-02, K=20/20)",0,periodavg_0837-0839,6.053333,-20.2394,6.6958,99.6438,77.2970,22.3468
"BlendPCA-F (dynamic, w0=0.50, mu_lambda=1.0e-02, K=20/20)",0,periodavg_0837-0839,6.106667,-19.9054,4.9880,97.7349,77.2970,20.4379
"BlendPCA-F (dynamic, w0=0.50, mu_lambda=1.0e-02, K=20/20)",0,periodavg_0837-0839,6.160000,-22.5016,4.7369,100.8329,77.2970,23.5360
"BlendPCA-F (dynamic, w0=0.50, mu_lambda=1.0e-02, K=20/20)",0,periodavg_0837-0839,6.200000,-21.4201,6.7877,98.4579,77.2970,21.1610
"BlendPCA-F (dynamic, w0=0.50, mu_lambda=1.0e-02, K=20/20)",0,periodavg_0837-0839,6.253333,-20.4608,4.5501,100.3688,77.2970,23.0719
"BlendPCA-F (dynamic, w0=0.50, mu_lambda=1.0e-02, K=20/20)",0,periodavg_0837-0839,6.306667,-20.8210,3.8662,98.6937,77.2970,21.3967
"BlendPCA-F (dynamic, w0=0.50, mu_lambda=1.0e-02, K=20/20)",0,periodavg_0837-0839,6.360000,-21.9163,6.1717,100.5183,77.2970,23.2214
"BlendPCA-F (dynamic, w0=0.50, mu_lambda=1.0e-02, K=20/20)",0,periodavg_0837-0839,6.400000,-22.3510,4.3350,98.8114,77.2970,21.5145
"BlendPCA-F (dynamic, w0=0.50, mu_lambda=1.0e-02, K=20/20)",0,periodavg_0837-0839,6.453333,-21.1808,7.4659,94.4704,77.2970,17.1735
"BlendPCA-F (dynamic, w0=0.50, mu_lambda=1.0e-02, K=20/20)",0,periodavg_0837-0839,6.506667,-23.0518,3.7463,101.6993,77.2970,24.4023
"BlendPCA-F (dynamic, w0=0.50, mu_lambda=1.0e-02, K=20/20)",0,periodavg_0837-0839,6.560000,-22.9232,6.2580,101.7129,77.2970,24.4159
"BlendPCA-F (dynamic, w0=0.50, mu_lambda=1.0e-02, K=20/20)",0,periodavg_0837-0839,6.600000,-22.3727,3.5594,100.7197,77.2970,23.4227
"BlendPCA-F (dynamic, w0=0.50, mu_lambda=1.0e-02, K=20/20)",0,periodavg_0837-0839,6.653333,-21.6457,5.7900,100.9536,77.2970,23.6567
"BlendPCA-F (dynamic, w0=0.50, mu_lambda=1.0e-02, K=20/20)",0,periodavg_0837-0839,6.706667,-21.3080,6.3470,100.1643,77.2970,22.8674
"BlendPCA-F (dynamic, w0=0.50, mu_lambda=1.0e-02, K=20/20)",0,periodavg_0837-0839,6.760000,-21.5173,5.0512,98.2455,77.2970,20.9485
"BlendPCA-F (dynamic, w0=0.50, mu_lambda=1.0e-02, K=20/20)",0,periodavg_0837-0839,6.800000,-21.1167,4.2377,97.9164,77.2970,20.6194
"BlendPCA-F (dynamic, w0=0.50, mu_lambda=1.0e-02, K=20/20)",0,periodavg_0837-0839,6.853333,-20.8934,5.5773,93.8110,77.2970,16.5140
"BlendPCA-F (dynamic, w0=0.50, mu_lambda=1.0e-02, K=20/20)",0,periodavg_0837-0839,6.906667,-19.0100,6.1611,91.6180,77.2970,14.3210
"BlendPCA-F (dynamic, w0=0.50, mu_lambda=1.0e-02, K=20/20)",0,periodavg_0837-0839,6.960000,-21.3579,4.2072,101.4007,77.2970,24.1037
"BlendPCA-F (dynamic, w0=0.50, mu_lambda=1.0e-02, K=20/20)",0,periodavg_0837-0839,7.000000,-21.1251,6.4677,101.0160,77.2970,23.7190
"BlendPCA-F (dynamic, w0=0.50, mu_lambda=1.0e-02, K=20/20)",0,periodavg_0837-0839,7.053333,-21.1776,5.0049,100.9629,77.2970,23.6659
"BlendPCA-F (dynamic, w0=0.50, mu_lambda=1.0e-02, K=20/20)",0,periodavg_0837-0839,7.106667,-21.3910,4.8179,93.9744,77.2970,16.6774
"BlendPCA-F (dynamic, w0=0.50, mu_lambda=1.0e-02, K=20/20)",0,periodavg_0837-0839,7.160000,-20.5832,4.1571,99.8622,77.2970,22.5653
"BlendPCA-F (dynamic, w0=0.50, mu_lambda=1.0e-02, K=20/20)",0,periodavg_0837-0839,7.200000,-21.2267,3.8191,99.7241,77.2970,22.4272
"BlendPCA-F (dynamic, w0=0.50, mu_lambda=1.0e-02, K=20/20)",0,periodavg_0837-0839,7.253333,-20.3430,5.2120,99.2427,77.2970,21.9458
"BlendPCA-F (dynamic, w0=0.50, mu_lambda=1.0e-02, K=20/20)",0,periodavg_0837-0839,7.306667,-19.0840,3.4602,97.6020,77.2970,20.3051
"BlendPCA-F (dynamic, w0=0.50, mu_lambda=1.0e-02, K=20/20)",0,periodavg_0837-0839,7.360000,-19.3760,4.1891,94.6817,77.2970,17.3848
"BlendPCA-F (dynamic, w0=0.50, mu_lambda=1.0e-02, K=20/20)",0,periodavg_0837-0839,7.400000,-20.7555,4.6275,101.2905,77.2970,23.9935
"BlendPCA-F (dynamic, w0=0.50, mu_lambda=1.0e-02, K=20/20)",0,periodavg_0837-0839,7.453333,-22.1973,5.1375,100.5415,77.2970,23.2445
"BlendPCA-F (dynamic, w0=0.50, mu_lambda=1.0e-02, K=20/20)",0,periodavg_0837-0839,7.506667,-19.9963,4.2023,98.7120,77.2970,21.4151
"BlendPCA-F (dynamic, w0=0.50, mu_lambda=1.0e-02, K=20/20)",0,periodavg_0837-0839,7.560000,-18.8971,4.4915,97.8575,77.2970,20.5606
"BlendPCA-F (dynamic, w0=0.50, mu_lambda=1.0e-02, K=20/20)",0,periodavg_0837-0839,7.600000,-16.5162,3.8423,95.8155,77.2970,18.5186
"BlendPCA-F (dynamic, w0=0.50, mu_lambda=1.0e-02, K=20/20)",0,periodavg_0837-0839,7.653333,-20.4099,4.6074,99.9537,77.2970,22.6567
"BlendPCA-F (dynamic, w0=0.50, mu_lambda=1.0e-02, K=20/20)",0,periodavg_0837-0839,7.706667,-19.0798,5.4747,98.6109,77.2970,21.3140
"BlendPCA-F (dynamic, w0=0.50, mu_lambda=1.0e-02, K=20/20)",0,periodavg_0837-0839,7.760000,-20.6211,4.5003,99.8880,77.2970,22.5910
"BlendPCA-F (dynamic, w0=0.50, mu_lambda=1.0e-02, K=20/20)",0,periodavg_0837-0839,7.800000,-21.4993,6.2285,100.4502,77.2970,23.1532
"BlendPCA-F (dynamic, w0=0.50, mu_lambda=1.0e-02, K=20/20)",0,periodavg_0837-0839,7.853333,-20.9547,5.0360,99.9089,77.2970,22.6120
"BlendPCA-F (dynamic, w0=0.50, mu_lambda=1.0e-02, K=20/20)",0,periodavg_0837-0839,7.906667,-21.4193,4.9878,99.8808,77.2970,22.5839
"BlendPCA-F (dynamic, w0=0.50, mu_lambda=1.0e-02, K=20/20)",0,periodavg_0837-0839,7.960000,-21.7276,5.5871,101.3365,77.2970,24.0396
"BlendPCA-F (dynamic, w0=0.50, mu_lambda=1.0e-02, K=20/20)",0,periodavg_0837-0839,8.000000,-20.5367,5.1608,99.7800,77.2970,22.4831
"BlendPCA-F (dynamic, w0=0.50, mu_lambda=1.0e-02, K=20/20)",0,periodavg_0837-0839,8.053333,-17.5355,5.8410,89.4112,77.2970,12.1142
"BlendPCA-F (dynamic, w0=0.50, mu_lambda=1.0e-02, K=20/20)",0,periodavg_0837-0839,8.106667,-19.0291,4.4589,98.2968,77.2970,20.9998
"BlendPCA-F (dynamic, w0=0.50, mu_lambda=1.0e-02, K=20/20)",0,periodavg_0837-0839,8.160000,-19.3405,3.6519,93.9616,77.2970,16.6647
"BlendPCA-F (dynamic, w0=0.50, mu_lambda=1.0e-02, K=20/20)",0,periodavg_0837-0839,8.200000,-20.1122,6.1486,99.5963,77.2970,22.2994
"BlendPCA-F (dynamic, w0=0.50, mu_lambda=1.0e-02, K=20/20)",0,periodavg_0837-0839,8.253333,-18.7193,4.4956,93.4657,77.2970,16.1688
"BlendPCA-F (dynamic, w0=0.50, mu_lambda=1.0e-02, K=20/20)",0,periodavg_0837-0839,8.306667,-21.1359,6.0101,97.2230,77.2970,19.9260
"BlendPCA-F (dynamic, w0=0.50, mu_lambda=1.0e-02, K=20/20)",0,periodavg_0837-0839,8.360000,-17.1350,4.5766,88.2342,77.2970,10.9373
"BlendPCA-F (dynamic, w0=0.50, mu_lambda=1.0e-02, K=20/20)",0,periodavg_0837-0839,8.400000,-21.2256,3.1719,99.0762,77.2970,21.7792
"BlendPCA-F (dynamic, w0=0.50, mu_lambda=1.0e-02, K=20/20)",0,periodavg_0837-0839,8.453333,-23.2821,5.3216,101.9301,77.2970,24.6331
"BlendPCA-F (dynamic, w0=0.50, mu_lambda=1.0e-02, K=20/20)",0,periodavg_0837-0839,8.506667,-22.0396,5.6944,100.3677,77.2970,23.0708
"BlendPCA-F (dynamic, w0=0.50, mu_lambda=1.0e-02, K=20/20)",0,periodavg_0837-0839,8.560000,-22.2693,5.5113,99.2705,77.2970,21.9735
"BlendPCA-F (dynamic, w0=0.50, mu_lambda=1.0e-02, K=20/20)",0,periodavg_0837-0839,8.600000,-20.9680,6.3246,95.4055,77.2970,18.1085
"BlendPCA-F (dynamic, w0=0.50, mu_lambda=1.0e-02, K=20/20)",0,periodavg_0837-0839,8.653333,-21.0916,3.2074,100.6716,77.2970,23.3746
"BlendPCA-F (dynamic, w0=0.50, mu_lambda=1.0e-02, K=20/20)",0,periodavg_0837-0839,8.706667,-22.1709,7.2828,99.1188,77.2970,21.8218
"BlendPCA-F (dynamic, w0=0.50, mu_lambda=1.0e-02, K=20/20)",0,periodavg_0837-0839,8.760000,-20.9509,4.7353,100.6529,77.2970,23.3559
"BlendPCA-F (dynamic, w0=0.50, mu_lambda=1.0e-02, K=20/20)",0,periodavg_0837-0839,8.800000,-20.3846,4.9600,95.3787,77.2970,18.0818
"BlendPCA-F (dynamic, w0=0.50, mu_lambda=1.0e-02, K=20/20)",0,periodavg_0837-0839,8.853333,-21.6291,4.4586,97.1431,77.2970,19.8462
"BlendPCA-F (dynamic, w0=0.50, mu_lambda=1.0e-02, K=20/20)",0,periodavg_0837-0839,8.906667,-22.6586,5.9605,101.0039,77.2970,23.7069
"BlendPCA-F (dynamic, w0=0.50, mu_lambda=1.0e-02, K=20/20)",0,periodavg_0837-0839,8.960000,-22.4416,6.0610,98.9910,77.2970,21.6940
"BlendPCA-F (dynamic, w0=0.50, mu_lambda=1.0e-02, K=20/20)",0,periodavg_0837-0839,9.000000,-22.7610,6.2893,100.9378,77.2970,23.6408
"BlendPCA-F (dynamic, w0=0.50, mu_lambda=1.0e-02, K=20/20)",0,periodavg_0837-0839,9.053333,-22.0368,6.3320,100.8050,77.2970,23.5081
"BlendPCA-F (dynamic, w0=0.50, mu_lambda=1.0e-02, K=20/20)",0,periodavg_0837-0839,9.106667,-19.6691,6.5603,95.5712,77.2970,18.2742
"BlendPCA-F (dynamic, w0=0.50, mu_lambda=1.0e-02, K=20/20)",0,periodavg_0837-0839,9.160000,-20.7669,4.3786,100.1783,77.2970,22.8814
"BlendPCA-F (dynamic, w0=0.50, mu_lambda=1.0e-02, K=20/20)",0,periodavg_0837-0839,9.200000,-21.7272,4.6338,96.9835,77.2970,19.6866
"BlendPCA-F (dynamic, w0=0.50, mu_lambda=1.0e-02, K=20/20)",0,periodavg_0837-0839,9.253333,-21.4211,4.8711,101.0977,77.2970,23.8007
"BlendPCA-F (dynamic, w0=0.50, mu_lambda=1.0e-02, K=20/20)",0,periodavg_0837-0839,9.306667,-21.0427,4.6165,101.4991,77.2970,24.2022
"BlendPCA-F (dynamic, w0=0.50, mu_lambda=1.0e-02, K=20/20)",0,periodavg_0837-0839,9.360000,-21.8074,5.6303,101.8126,77.2970,24.5157
"BlendPCA-F (dynamic, w0=0.50, mu_lambda=1.0e-02, K=20/20)",0,periodavg_0837-0839,9.400000,-21.6018,5.0637,101.5496,77.2970,24.2526
"BlendPCA-F (dynamic, w0=0.50, mu_lambda=1.0e-02, K=20/20)",0,periodavg_0837-0839,9.453333,-21.8447,3.6318,99.6977,77.2970,22.4007
"BlendPCA-F (dynamic, w0=0.50, mu_lambda=1.0e-02, K=20/20)",0,periodavg_0837-0839,9.506667,-22.8027,5.0398,101.6390,77.2970,24.3420
"BlendPCA-F (dynamic, w0=0.50, mu_lambda=1.0e-02, K=20/20)",0,periodavg_0837-0839,9.560000,-22.8266,4.2035,101.5151,77.2970,24.2182
"BlendPCA-F (dynamic, w0=0.50, mu_lambda=1.0e-02, K=20/20)",0,periodavg_0837-0839,9.600000,-19.5004,5.0141,96.0353,77.2970,18.7384
"BlendPCA-F (dynamic, w0=0.50, mu_lambda=1.0e-02, K=20/20)",0,periodavg_0837-0839,9.653333,-18.9482,4.4955,98.4280,77.2970,21.1311
"BlendPCA-F (dynamic, w0=0.50, mu_lambda=1.0e-02, K=20/20)",0,periodavg_0837-0839,9.706667,-21.2013,4.8567,101.3503,77.2970,24.0533
"BlendPCA-F (dynamic, w0=0.50, mu_lambda=1.0e-02, K=20/20)",0,periodavg_0837-0839,9.760000,-20.6183,5.2602,98.5253,77.2970,21.2283
"BlendPCA-F (dynamic, w0=0.50, mu_lambda=1.0e-02, K=20/20)",0,periodavg_0837-0839,9.800000,-18.2578,5.5392,96.8446,77.2970,19.5476
"BlendPCA-F (dynamic, w0=0.50, mu_lambda=1.0e-02, K=20/20)",0,periodavg_0837-0839,9.853333,-20.6776,3.9575,99.6529,77.2970,22.3559
"BlendPCA-F (dynamic, w0=0.50, mu_lambda=1.0e-02, K=20/20)",0,periodavg_0837-0839,9.906667,-19.0099,4.3188,95.7139,77.2970,18.4169
"BlendPCA-F (dynamic, w0=0.50, mu_lambda=1.0e-02, K=20/20)",0,periodavg_0837-0839,9.960000,-20.1214,5.8856,100.3362,77.2970,23.0392
"BlendPCA-F (dynamic, w0=0.50, mu_lambda=1.0e-02, K=20/20)",0,periodavg_0837-0839,10.000000,-19.3810,5.5134,94.8562,77.2970,17.5593
"BlendPCA-F (dynamic, w0=0.50, mu_lambda=1.0e-02, K=20/20)",1,periodavg_0342-0344,10.013333,3.3833,-7.0118,81.7190,83.9969,-2.2779
"BlendPCA-F (dynamic, w0=0.50, mu_lambda=1.0e-02, K=20/20)",1,periodavg_0342-0344,10.053333,0.0548,1.3926,82.8995,83.9969,-1.0975
"BlendPCA-F (dynamic, w0=0.50, mu_lambda=1.0e-02, K=20/20)",1,periodavg_0342-0344,10.106667,-2.8353,0.8639,84.8601,83.9969,0.8632
"BlendPCA-F (dynamic, w0=0.50, mu_lambda=1.0e-02, K=20/20)",1,periodavg_0342-0344,10.160000,-4.8957,2.0393,87.1784,83.9969,3.1815
"BlendPCA-F (dynamic, w0=0.50, mu_lambda=1.0e-02, K=20/20)",1,periodavg_0342-0344,10.200000,-6.0139,3.2468,88.5723,83.9969,4.5753
"BlendPCA-F (dynamic, w0=0.50, mu_lambda=1.0e-02, K=20/20)",1,periodavg_0342-0344,10.253333,-7.5490,2.4154,90.9943,83.9969,6.9974
"BlendPCA-F (dynamic, w0=0.50, mu_lambda=1.0e-02, K=20/20)",1,periodavg_0342-0344,10.306667,-6.8928,2.9860,90.7305,83.9969,6.7336
"BlendPCA-F (dynamic, w0=0.50, mu_lambda=1.0e-02, K=20/20)",1,periodavg_0342-0344,10.360000,-7.6897,2.4447,92.0707,83.9969,8.0738
"BlendPCA-F (dynamic, w0=0.50, mu_lambda=1.0e-02, K=20/20)",1,periodavg_0342-0344,10.400000,-7.2999,3.8910,91.1966,83.9969,7.1997
"BlendPCA-F (dynamic, w0=0.50, mu_lambda=1.0e-02, K=20/20)",1,periodavg_0342-0344,10.453333,-7.1603,3.0580,91.0857,83.9969,7.0888
"BlendPCA-F (dynamic, w0=0.50, mu_lambda=1.0e-02, K=20/20)",1,periodavg_0342-0344,10.506667,-6.5374,1.7054,90.3046,83.9969,6.3077
"BlendPCA-F (dynamic, w0=0.50, mu_lambda=1.0e-02, K=20/20)",1,periodavg_0342-0344,10.560000,-7.8014,3.0169,91.3538,83.9969,7.3569
"BlendPCA-F (dynamic, w0=0.50, mu_lambda=1.0e-02, K=20/20)",1,periodavg_0342-0344,10.600000,-8.2701,3.4669,92.2650,83.9969,8.2681
"BlendPCA-F (dynamic, w0=0.50, mu_lambda=1.0e-02, K=20/20)",1,periodavg_0342-0344,10.653333,-6.0900,2.1095,89.6588,83.9969,5.6619
"BlendPCA-F (dynamic, w0=0.50, mu_lambda=1.0e-02, K=20/20)",1,periodavg_0342-0344,10.706667,-6.6811,2.3369,90.3441,83.9969,6.3471
"BlendPCA-F (dynamic, w0=0.50, mu_lambda=1.0e-02, K=20/20)",1,periodavg_0342-0344,10.760000,-7.4300,2.6511,90.6035,83.9969,6.6066
"BlendPCA-F (dynamic, w0=0.50, mu_lambda=1.0e-02, K=20/20)",1,periodavg_0342-0344,10.800000,-8.1057,3.9066,91.4869,83.9969,7.4900
"BlendPCA-F (dynamic, w0=0.50, mu_lambda=1.0e-02, K=20/20)",1,periodavg_0342-0344,10.853333,-9.7385,2.4344,92.7382,83.9969,8.7413
"BlendPCA-F (dynamic, w0=0.50, mu_lambda=1.0e-02, K=20/20)",1,periodavg_0342-0344,10.906667,-7.6789,2.3537,91.1257,83.9969,7.1288
"BlendPCA-F (dynamic, w0=0.50, mu_lambda=1.0e-02, K=20/20)",1,periodavg_0342-0344,10.960000,-8.5025,1.4201,92.2447,83.9969,8.2478
"BlendPCA-F (dynamic, w0=0.50, mu_lambda=1.0e-02, K=20/20)",1,periodavg_0342-0344,11.000000,-8.3406,2.6905,91.5348,83.9969,7.5379
"BlendPCA-F (dynamic, w0=0.50, mu_lambda=1.0e-02, K=20/20)",1,periodavg_0342-0344,11.053333,-8.7791,4.0383,92.1201,83.9969,8.1232
"BlendPCA-F (dynamic, w0=0.50, mu_lambda=1.0e-02, K=20/20)",1,periodavg_0342-0344,11.106667,-9.3086,2.3776,93.0792,83.9969,9.0823
"BlendPCA-F (dynamic, w0=0.50, mu_lambda=1.0e-02, K=20/20)",1,periodavg_0342-0344,11.160000,-8.2775,2.1964,91.0038,83.9969,7.0069
"BlendPCA-F (dynamic, w0=0.50, mu_lambda=1.0e-02, K=20/20)",1,periodavg_0342-0344,11.200000,-9.4850,2.2122,92.6568,83.9969,8.6599
"BlendPCA-F (dynamic, w0=0.50, mu_lambda=1.0e-02, K=20/20)",1,periodavg_0342-0344,11.253333,-8.5828,3.1541,91.5227,83.9969,7.5258
"BlendPCA-F (dynamic, w0=0.50, mu_lambda=1.0e-02, K=20/20)",1,periodavg_0342-0344,11.306667,-9.3058,2.9369,93.4135,83.9969,9.4166
"BlendPCA-F (dynamic, w0=0.50, mu_lambda=1.0e-02, K=20/20)",1,periodavg_0342-0344,11.360000,-9.5921,1.7883,92.6164,83.9969,8.6195
"BlendPCA-F (dynamic, w0=0.50, mu_lambda=1.0e-02, K=20/20)",1,periodavg_0342-0344,11.400000,-9.3049,2.2467,92.7899,83.9969,8.7930
"BlendPCA-F (dynamic, w0=0.50, mu_lambda=1.0e-02, K=20/20)",1,periodavg_0342-0344,11.453333,-10.7557,3.0363,94.5189,83.9969,10.5220
"BlendPCA-F (dynamic, w0=0.50, mu_lambda=1.0e-02, K=20/20)",1,periodavg_0342-0344,11.506667,-11.3863,3.1532,95.6247,83.9969,11.6278
"BlendPCA-F (dynamic, w0=0.50, mu_lambda=1.0e-02, K=20/20)",1,periodavg_0342-0344,11.560000,-10.5798,2.4068,94.4910,83.9969,10.4941
"BlendPCA-F (dynamic, w0=0.50, mu_lambda=1.0e-02, K=20/20)",1,periodavg_0342-0344,11.600000,-10.0412,2.4274,94.7543,83.9969,10.7574
"BlendPCA-F (dynamic, w0=0.50, mu_lambda=1.0e-02, K=20/20)",1,periodavg_0342-0344,11.653333,-11.2229,2.3935,96.2845,83.9969,12.2876
"BlendPCA-F (dynamic, w0=0.50, mu_lambda=1.0e-02, K=20/20)",1,periodavg_0342-0344,11.706667,-11.7151,2.3571,96.8412,83.9969,12.8443
"BlendPCA-F (dynamic, w0=0.50, mu_lambda=1.0e-02, K=20/20)",1,periodavg_0342-0344,11.760000,-11.4539,3.0035,92.7945,83.9969,8.7976
"BlendPCA-F (dynamic, w0=0.50, mu_lambda=1.0e-02, K=20/20)",1,periodavg_0342-0344,11.800000,-11.4254,3.1419,96.4798,83.9969,12.4829
"BlendPCA-F (dynamic, w0=0.50, mu_lambda=1.0e-02, K=20/20)",1,periodavg_0342-0344,11.853333,-12.1942,4.1509,97.4064,83.9969,13.4095
"BlendPCA-F (dynamic, w0=0.50, mu_lambda=1.0e-02, K=20/20)",1,periodavg_0342-0344,11.906667,-11.3364,2.8256,95.0862,83.9969,11.0893
"BlendPCA-F (dynamic, w0=0.50, mu_lambda=1.0e-02, K=20/20)",1,periodavg_0342-0344,11.960000,-11.1438,3.4127,94.8440,83.9969,10.8471
"BlendPCA-F (dynamic, w0=0.50, mu_lambda=1.0e-02, K=20/20)",1,periodavg_0342-0344,12.000000,-11.0631,3.9182,94.5077,83.9969,10.5108
"BlendPCA-F (dynamic, w0=0.50, mu_lambda=1.0e-02, K=20/20)",1,periodavg_0342-0344,12.053333,-10.8906,2.9375,93.9701,83.9969,9.9732
"BlendPCA-F (dynamic, w0=0.50, mu_lambda=1.0e-02, K=20/20)",1,periodavg_0342-0344,12.106667,-11.3462,2.5896,94.2781,83.9969,10.2812
"BlendPCA-F (dynamic, w0=0.50, mu_lambda=1.0e-02, K=20/20)",1,periodavg_0342-0344,12.160000,-11.0764,3.3697,93.7558,83.9969,9.7588
"BlendPCA-F (dynamic, w0=0.50, mu_lambda=1.0e-02, K=20/20)",1,periodavg_0342-0344,12.200000,-12.1800,3.7004,96.4876,83.9969,12.4907
"BlendPCA-F (dynamic, w0=0.50, mu_lambda=1.0e-02, K=20/20)",1,periodavg_0342-0344,12.253333,-11.7379,4.0831,94.5318,83.9969,10.5349
"BlendPCA-F (dynamic, w0=0.50, mu_lambda=1.0e-02, K=20/20)",1,periodavg_0342-0344,12.306667,-12.4621,2.6432,97.6052,83.9969,13.6083
"BlendPCA-F (dynamic, w0=0.50, mu_lambda=1.0e-02, K=20/20)",1,periodavg_0342-0344,12.360000,-12.7271,2.2801,98.0027,83.9969,14.0058
"BlendPCA-F (dynamic, w0=0.50, mu_lambda=1.0e-02, K=20/20)",1,periodavg_0342-0344,12.400000,-12.7490,3.6911,94.8780,83.9969,10.8811
"BlendPCA-F (dynamic, w0=0.50, mu_lambda=1.0e-02, K=20/20)",1,periodavg_0342-0344,12.453333,-11.2056,3.4714,90.4398,83.9969,6.4429
"BlendPCA-F (dynamic, w0=0.50, mu_lambda=1.0e-02, K=20/20)",1,periodavg_0342-0344,12.506667,-13.0834,2.7369,97.7165,83.9969,13.7196
"BlendPCA-F (dynamic, w0=0.50, mu_lambda=1.0e-02, K=20/20)",1,periodavg_0342-0344,12.560000,-12.8525,1.7532,94.5563,83.9969,10.5594
"BlendPCA-F (dynamic, w0=0.50, mu_lambda=1.0e-02, K=20/20)",1,periodavg_0342-0344,12.600000,-12.7618,3.2179,95.7980,83.9969,11.8011
"BlendPCA-F (dynamic, w0=0.50, mu_lambda=1.0e-02, K=20/20)",1,periodavg_0342-0344,12.653333,-13.3594,3.7682,98.2523,83.9969,14.2554
"BlendPCA-F (dynamic, w0=0.50, mu_lambda=1.0e-02, K=20/20)",1,periodavg_0342-0344,12.706667,-11.9542,3.7783,89.4334,83.9969,5.4365
"BlendPCA-F (dynamic, w0=0.50, mu_lambda=1.0e-02, K=20/20)",1,periodavg_0342-0344,12.760000,-13.3356,2.6357,97.6535,83.9969,13.6566
"BlendPCA-F (dynamic, w0=0.50, mu_lambda=1.0e-02, K=20/20)",1,periodavg_0342-0344,12.800000,-13.4959,2.4976,97.8406,83.9969,13.8437
"BlendPCA-F (dynamic, w0=0.50, mu_lambda=1.0e-02, K=20/20)",1,periodavg_0342-0344,12.853333,-13.6494,3.0989,99.1263,83.9969,15.1294
"BlendPCA-F (dynamic, w0=0.50, mu_lambda=1.0e-02, K=20/20)",1,periodavg_0342-0344,12.906667,-13.5506,2.1092,97.2709,83.9969,13.2740
"BlendPCA-F (dynamic, w0=0.50, mu_lambda=1.0e-02, K=20/20)",1,periodavg_0342-0344,12.960000,-13.6583,3.8733,98.8356,83.9969,14.8387
"BlendPCA-F (dynamic, w0=0.50, mu_lambda=1.0e-02, K=20/20)",1,periodavg_0342-0344,13.000000,-13.9282,2.0198,98.9458,83.9969,14.9489
"BlendPCA-F (dynamic, w0=0.50, mu_lambda=1.0e-02, K=20/20)",1,periodavg_0342-0344,13.053333,-13.5871,3.5450,98.0175,83.9969,14.0206
"BlendPCA-F (dynamic, w0=0.50, mu_lambda=1.0e-02, K=20/20)",1,periodavg_0342-0344,13.106667,-12.4555,2.8318,95.6781,83.9969,11.6811
"BlendPCA-F (dynamic, w0=0.50, mu_lambda=1.0e-02, K=20/20)",1,periodavg_0342-0344,13.160000,-13.1508,2.6811,95.7056,83.9969,11.7087
"BlendPCA-F (dynamic, w0=0.50, mu_lambda=1.0e-02, K=20/20)",1,periodavg_0342-0344,13.200000,-12.9137,2.1236,98.7316,83.9969,14.7347
"BlendPCA-F (dynamic, w0=0.50, mu_lambda=1.0e-02, K=20/20)",1,periodavg_0342-0344,13.253333,-12.6944,3.2424,99.7685,83.9969,15.7716
"BlendPCA-F (dynamic, w0=0.50, mu_lambda=1.0e-02, K=20/20)",1,periodavg_0342-0344,13.306667,-11.5374,2.8579,95.5388,83.9969,11.5419
"BlendPCA-F (dynamic, w0=0.50, mu_lambda=1.0e-02, K=20/20)",1,periodavg_0342-0344,13.360000,-13.0537,2.5746,97.7338,83.9969,13.7368
"BlendPCA-F (dynamic, w0=0.50, mu_lambda=1.0e-02, K=20/20)",1,periodavg_0342-0344,13.400000,-12.3759,2.7597,92.9059,83.9969,8.9090
"BlendPCA-F (dynamic, w0=0.50, mu_lambda=1.0e-02, K=20/20)",1,periodavg_0342-0344,13.453333,-13.8126,2.6775,97.4559,83.9969,13.4590
"BlendPCA-F (dynamic, w0=0.50, mu_lambda=1.0e-02, K=20/20)",1,periodavg_0342-0344,13.506667,-13.6005,2.5256,94.5547,83.9969,10.5578
"BlendPCA-F (dynamic, w0=0.50, mu_lambda=1.0e-02, K=20/20)",1,periodavg_0342-0344,13.560000,-14.0553,3.0966,98.6863,83.9969,14.6894
"BlendPCA-F (dynamic, w0=0.50, mu_lambda=1.0e-02, K=20/20)",1,periodavg_0342-0344,13.600000,-14.3717,2.5071,99.2238,83.9969,15.2269
"BlendPCA-F (dynamic, w0=0.50, mu_lambda=1.0e-02, K=20/20)",1,periodavg_0342-0344,13.653333,-14.1494,3.5779,99.7843,83.9969,15.7874
"BlendPCA-F (dynamic, w0=0.50, mu_lambda=1.0e-02, K=20/20)",1,periodavg_0342-0344,13.706667,-12.8500,2.4729,96.0999,83.9969,12.1030
"BlendPCA-F (dynamic, w0=0.50, mu_lambda=1.0e-02, K=20/20)",1,periodavg_0342-0344,13.760000,-14.2425,3.4445,96.8781,83.9969,12.8812
"BlendPCA-F (dynamic, w0=0.50, mu_lambda=1.0e-02, K=20/20)",1,periodavg_0342-0344,13.800000,-14.7198,2.1848,100.4642,83.9969,16.4673
"BlendPCA-F (dynamic, w0=0.50, mu_lambda=1.0e-02, K=20/20)",1,periodavg_0342-0344,13.853333,-14.3481,3.4109,100.4134,83.9969,16.4165
"BlendPCA-F (dynamic, w0=0.50, mu_lambda=1.0e-02, K=20/20)",1,periodavg_0342-0344,13.906667,-14.4941,3.1581,98.9794,83.9969,14.9825
"BlendPCA-F (dynamic, w0=0.50, mu_lambda=1.0e-02, K=20/20)",1,periodavg_0342-0344,13.960000,-14.3772,2.8147,98.7803,83.9969,14.7834
"BlendPCA-F (dynamic, w0=0.50, mu_lambda=1.0e-02, K=20/20)",1,periodavg_0342-0344,14.000000,-14.5938,4.1046,98.6316,83.9969,14.6346
"BlendPCA-F (dynamic, w0=0.50, mu_lambda=1.0e-02, K=20/20)",1,periodavg_0342-0344,14.053333,-12.6886,4.6360,95.1195,83.9969,11.1226
"BlendPCA-F (dynamic, w0=0.50, mu_lambda=1.0e-02, K=20/20)",1,periodavg_0342-0344,14.106667,-13.1623,3.9786,98.1770,83.9969,14.1801
"BlendPCA-F (dynamic, w0=0.50, mu_lambda=1.0e-02, K=20/20)",1,periodavg_0342-0344,14.160000,-13.9332,3.0484,99.5848,83.9969,15.5879
"BlendPCA-F (dynamic, w0=0.50, mu_lambda=1.0e-02, K=20/20)",1,periodavg_0342-0344,14.200000,-14.3757,3.4063,98.9701,83.9969,14.9732
"BlendPCA-F (dynamic, w0=0.50, mu_lambda=1.0e-02, K=20/20)",1,periodavg_0342-0344,14.253333,-15.0242,2.9232,99.0123,83.9969,15.0154
"BlendPCA-F (dynamic, w0=0.50, mu_lambda=1.0e-02, K=20/20)",1,periodavg_0342-0344,14.306667,-15.0473,3.2761,100.1771,83.9969,16.1802
"BlendPCA-F (dynamic, w0=0.50, mu_lambda=1.0e-02, K=20/20)",1,periodavg_0342-0344,14.360000,-15.0716,3.1228,100.2847,83.9969,16.2878
"BlendPCA-F (dynamic, w0=0.50, mu_lambda=1.0e-02, K=20/20)",1,periodavg_0342-0344,14.400000,-13.9482,1.6902,97.5498,83.9969,13.5529
"BlendPCA-F (dynamic, w0=0.50, mu_lambda=1.0e-02, K=20/20)",1,periodavg_0342-0344,14.453333,-15.0543,3.2649,99.5071,83.9969,15.5101
"BlendPCA-F (dynamic, w0=0.50, mu_lambda=1.0e-02, K=20/20)",1,periodavg_0342-0344,14.506667,-15.2080,2.8592,100.0503,83.9969,16.0534
"BlendPCA-F (dynamic, w0=0.50, mu_lambda=1.0e-02, K=20/20)",1,periodavg_0342-0344,14.560000,-15.0915,2.1784,98.6398,83.9969,14.6429
"BlendPCA-F (dynamic, w0=0.50, mu_lambda=1.0e-02, K=20/20)",1,periodavg_0342-0344,14.600000,-13.9110,3.6579,96.9956,83.9969,12.9987
"BlendPCA-F (dynamic, w0=0.50, mu_lambda=1.0e-02, K=20/20)",1,periodavg_0342-0344,14.653333,-14.8836,2.7081,98.6657,83.9969,14.6688
"BlendPCA-F (dynamic, w0=0.50, mu_lambda=1.0e-02, K=20/20)",1,periodavg_0342-0344,14.706667,-14.5779,2.9581,99.3141,83.9969,15.3172
"BlendPCA-F (dynamic, w0=0.50, mu_lambda=1.0e-02, K=20/20)",1,periodavg_0342-0344,14.760000,-14.7732,2.8746,99.3635,83.9969,15.3666
"BlendPCA-F (dynamic, w0=0.50, mu_lambda=1.0e-02, K=20/20)",1,periodavg_0342-0344,14.800000,-13.6724,3.2385,100.4009,83.9969,16.4040
"BlendPCA-F (dynamic, w0=0.50, mu_lambda=1.0e-02, K=20/20)",1,periodavg_0342-0344,14.853333,-14.5967,3.0232,99.7597,83.9969,15.7628
"BlendPCA-F (dynamic, w0=0.50, mu_lambda=1.0e-02, K=20/20)",1,periodavg_0342-0344,14.906667,-13.5468,2.0688,97.6742,83.9969,13.6773
"BlendPCA-F (dynamic, w0=0.50, mu_lambda=1.0e-02, K=20/20)",1,periodavg_0342-0344,14.960000,-14.9675,2.5387,99.1193,83.9969,15.1224
"BlendPCA-F (dynamic, w0=0.50, mu_lambda=1.0e-02, K=20/20)",1,periodavg_0342-0344,15.000000,-14.6459,2.7909,99.3857,83.9969,15.3888
"BlendPCA-F (dynamic, w0=0.50, mu_lambda=1.0e-02, K=20/20)",1,periodavg_0342-0344,15.053333,-12.7184,2.3284,97.8740,83.9969,13.8771
"BlendPCA-F (dynamic, w0=0.50, mu_lambda=1.0e-02, K=20/20)",1,periodavg_0342-0344,15.106667,-12.7066,3.3719,99.6150,83.9969,15.6181
"BlendPCA-F (dynamic, w0=0.50, mu_lambda=1.0e-02, K=20/20)",1,periodavg_0342-0344,15.160000,-13.0397,2.6128,96.4690,83.9969,12.4721
"BlendPCA-F (dynamic, w0=0.50, mu_lambda=1.0e-02, K=20/20)",1,periodavg_0342-0344,15.200000,-14.0506,3.5621,99.2875,83.9969,15.2906
"BlendPCA-F (dynamic, w0=0.50, mu_lambda=1.0e-02, K=20/20)",1,periodavg_0342-0344,15.253333,-13.4202,2.0917,100.2964,83.9969,16.2995
"BlendPCA-F (dynamic, w0=0.50, mu_lambda=1.0e-02, K=20/20)",1,periodavg_0342-0344,15.306667,-14.8588,2.2664,99.1661,83.9969,15.1692
"BlendPCA-F (dynamic, w0=0.50, mu_lambda=1.0e-02, K=20/20)",1,periodavg_0342-0344,15.360000,-13.8192,4.3865,98.7575,83.9969,14.7606
"BlendPCA-F (dynamic, w0=0.50, mu_lambda=1.0e-02, K=20/20)",1,periodavg_0342-0344,15.400000,-14.1453,2.1471,99.8794,83.9969,15.8825
"BlendPCA-F (dynamic, w0=0.50, mu_lambda=1.0e-02, K=20/20)",1,periodavg_0342-0344,15.453333,-13.1160,2.6065,96.7925,83.9969,12.7956
"BlendPCA-F (dynamic, w0=0.50, mu_lambda=1.0e-02, K=20/20)",1,periodavg_0342-0344,15.506667,-13.2943,2.5528,98.6991,83.9969,14.7022
"BlendPCA-F (dynamic, w0=0.50, mu_lambda=1.0e-02, K=20/20)",1,periodavg_0342-0344,15.560000,-14.0557,2.8609,99.3293,83.9969,15.3324
"BlendPCA-F (dynamic, w0=0.50, mu_lambda=1.0e-02, K=20/20)",1,periodavg_0342-0344,15.600000,-13.8271,2.8203,96.5722,83.9969,12.5753
"BlendPCA-F (dynamic, w0=0.50, mu_lambda=1.0e-02, K=20/20)",1,periodavg_0342-0344,15.653333,-14.7286,2.2265,99.4820,83.9969,15.4851
"BlendPCA-F (dynamic, w0=0.50, mu_lambda=1.0e-02, K=20/20)",1,periodavg_0342-0344,15.706667,-14.0267,4.9055,97.6029,83.9969,13.6060
"BlendPCA-F (dynamic, w0=0.50, mu_lambda=1.0e-02, K=20/20)",1,periodavg_0342-0344,15.760000,-12.7088,2.9864,96.2528,83.9969,12.2558
"BlendPCA-F (dynamic, w0=0.50, mu_lambda=1.0e-02, K=20/20)",1,periodavg_0342-0344,15.800000,-15.0525,2.1249,99.0098,83.9969,15.0129
"BlendPCA-F (dynamic, w0=0.50, mu_lambda=1.0e-02, K=20/20)",1,periodavg_0342-0344,15.853333,-14.2277,2.7897,99.6285,83.9969,15.6316
"BlendPCA-F (dynamic, w0=0.50, mu_lambda=1.0e-02, K=20/20)",1,periodavg_0342-0344,15.906667,-12.9969,2.6097,92.4208,83.9969,8.4239
"BlendPCA-F (dynamic, w0=0.50, mu_lambda=1.0e-02, K=20/20)",1,periodavg_0342-0344,15.960000,-14.4126,2.1257,99.5505,83.9969,15.5536
"BlendPCA-F (dynamic, w0=0.50, mu_lambda=1.0e-02, K=20/20)",1,periodavg_0342-0344,16.000000,-13.2117,2.2103,93.0937,83.9969,9.0968
"BlendPCA-F (dynamic, w0=0.50, mu_lambda=1.0e-02, K=20/20)",1,periodavg_0342-0344,16.053333,-15.2778,3.8834,97.6485,83.9969,13.6516
"BlendPCA-F (dynamic, w0=0.50, mu_lambda=1.0e-02, K=20/20)",1,periodavg_0342-0344,16.106667,-15.3545,3.1210,95.6175,83.9969,11.6206
"BlendPCA-F (dynamic, w0=0.50, mu_lambda=1.0e-02, K=20/20)",1,periodavg_0342-0344,16.160000,-14.9190,3.9442,99.4489,83.9969,15.4520
"BlendPCA-F (dynamic, w0=0.50, mu_lambda=1.0e-02, K=20/20)",1,periodavg_0342-0344,16.200000,-14.0672,3.1316,98.7507,83.9969,14.7538
"BlendPCA-F (dynamic, w0=0.50, mu_lambda=1.0e-02, K=20/20)",1,periodavg_0342-0344,16.253333,-12.6797,3.5389,97.3431,83.9969,13.3462
"BlendPCA-F (dynamic, w0=0.50, mu_lambda=1.0e-02, K=20/20)",1,periodavg_0342-0344,16.306667,-12.4554,2.8730,93.0328,83.9969,9.0359
"BlendPCA-F (dynamic, w0=0.50, mu_lambda=1.0e-02, K=20/20)",1,periodavg_0342-0344,16.360000,-12.8447,2.4475,98.9943,83.9969,14.9974
"BlendPCA-F (dynamic, w0=0.50, mu_lambda=1.0e-02, K=20/20)",1,periodavg_0342-0344,16.400000,-12.5238,1.4570,96.7835,83.9969,12.7866
"BlendPCA-F (dynamic, w0=0.50, mu_lambda=1.0e-02, K=20/20)",1,periodavg_0342-0344,16.453333,-12.5830,3.3969,94.5839,83.9969,10.5869
"BlendPCA-F (dynamic, w0=0.50, mu_lambda=1.0e-02, K=20/20)",1,periodavg_0342-0344,16.506667,-13.1784,2.4132,96.5010,83.9969,12.5041
"BlendPCA-F (dynamic, w0=0.50, mu_lambda=1.0e-02, K=20/20)",1,periodavg_0342-0344,16.560000,-13.1727,1.8365,97.3010,83.9969,13.3041
"BlendPCA-F (dynamic, w0=0.50, mu_lambda=1.0e-02, K=20/20)",1,periodavg_0342-0344,16.600000,-13.2654,3.1349,97.3004,83.9969,13.3035
"BlendPCA-F (dynamic, w0=0.50, mu_lambda=1.0e-02, K=20/20)",1,periodavg_0342-0344,16.653333,-12.9121,2.8377,93.7823,83.9969,9.7854
"BlendPCA-F (dynamic, w0=0.50, mu_lambda=1.0e-02, K=20/20)",1,periodavg_0342-0344,16.706667,-13.8501,3.7672,96.8922,83.9969,12.8953
"BlendPCA-F (dynamic, w0=0.50, mu_lambda=1.0e-02, K=20/20)",1,periodavg_0342-0344,16.760000,-14.6424,3.2689,99.1316,83.9969,15.1347
"BlendPCA-F (dynamic, w0=0.50, mu_lambda=1.0e-02, K=20/20)",1,periodavg_0342-0344,16.800000,-14.4030,3.2046,98.8523,83.9969,14.8553
"BlendPCA-F (dynamic, w0=0.50, mu_lambda=1.0e-02, K=20/20)",1,periodavg_0342-0344,16.853333,-13.6254,3.2654,99.5549,83.9969,15.5580
"BlendPCA-F (dynamic, w0=0.50, mu_lambda=1.0e-02, K=20/20)",1,periodavg_0342-0344,16.906667,-14.2607,2.8474,98.1677,83.9969,14.1708
"BlendPCA-F (dynamic, w0=0.50, mu_lambda=1.0e-02, K=20/20)",1,periodavg_0342-0344,16.960000,-14.9397,2.5532,99.4053,83.9969,15.4084
"BlendPCA-F (dynamic, w0=0.50, mu_lambda=1.0e-02, K=20/20)",1,periodavg_0342-0344,17.000000,-14.1527,2.9255,96.5040,83.9969,12.5071
"BlendPCA-F (dynamic, w0=0.50, mu_lambda=1.0e-02, K=20/20)",1,periodavg_0342-0344,17.053333,-15.2372,2.4636,99.1321,83.9969,15.1352
"BlendPCA-F (dynamic, w0=0.50, mu_lambda=1.0e-02, K=20/20)",1,periodavg_0342-0344,17.106667,-15.1179,3.0305,99.7804,83.9969,15.7835
"BlendPCA-F (dynamic, w0=0.50, mu_lambda=1.0e-02, K=20/20)",1,periodavg_0342-0344,17.160000,-14.4096,2.1915,97.4682,83.9969,13.4713
"BlendPCA-F (dynamic, w0=0.50, mu_lambda=1.0e-02, K=20/20)",1,periodavg_0342-0344,17.200000,-15.2254,3.2624,99.7524,83.9969,15.7555
"BlendPCA-F (dynamic, w0=0.50, mu_lambda=1.0e-02, K=20/20)",1,periodavg_0342-0344,17.253333,-14.9276,2.2552,99.2898,83.9969,15.2929
"BlendPCA-F (dynamic, w0=0.50, mu_lambda=1.0e-02, K=20/20)",1,periodavg_0342-0344,17.306667,-14.7697,2.2627,93.2374,83.9969,9.2405
"BlendPCA-F (dynamic, w0=0.50, mu_lambda=1.0e-02, K=20/20)",1,periodavg_0342-0344,17.360000,-14.6370,2.5803,94.0043,83.9969,10.0074
"BlendPCA-F (dynamic, w0=0.50, mu_lambda=1.0e-02, K=20/20)",1,periodavg_0342-0344,17.400000,-15.0948,3.6055,99.4366,83.9969,15.4397
"BlendPCA-F (dynamic, w0=0.50, mu_lambda=1.0e-02, K=20/20)",1,periodavg_0342-0344,17.453333,-15.0540,3.6067,100.4977,83.9969,16.5008
"BlendPCA-F (dynamic, w0=0.50, mu_lambda=1.0e-02, K=20/20)",1,periodavg_0342-0344,17.506667,-14.6958,2.2441,98.9752,83.9969,14.9783
"BlendPCA-F (dynamic, w0=0.50, mu_lambda=1.0e-02, K=20/20)",1,periodavg_0342-0344,17.560000,-15.0337,3.5142,99.4682,83.9969,15.4713
"BlendPCA-F (dynamic, w0=0.50, mu_lambda=1.0e-02, K=20/20)",1,periodavg_0342-0344,17.600000,-14.8824,2.8060,99.9885,83.9969,15.9916
"BlendPCA-F (dynamic, w0=0.50, mu_lambda=1.0e-02, K=20/20)",1,periodavg_0342-0344,17.653333,-14.4598,2.0734,100.8192,83.9969,16.8223
"BlendPCA-F (dynamic, w0=0.50, mu_lambda=1.0e-02, K=20/20)",1,periodavg_0342-0344,17.706667,-14.9837,2.5184,99.9267,83.9969,15.9298
"BlendPCA-F (dynamic, w0=0.50, mu_lambda=1.0e-02, K=20/20)",1,periodavg_0342-0344,17.760000,-12.8320,2.6583,95.4692,83.9969,11.4723
"BlendPCA-F (dynamic, w0=0.50, mu_lambda=1.0e-02, K=20/20)",1,periodavg_0342-0344,17.800000,-14.9897,4.3954,96.0214,83.9969,12.0245
"BlendPCA-F (dynamic, w0=0.50, mu_lambda=1.0e-02, K=20/20)",1,periodavg_0342-0344,17.853333,-14.9260,2.3798,98.4264,83.9969,14.4295
"BlendPCA-F (dynamic, w0=0.50, mu_lambda=1.0e-02, K=20/20)",1,periodavg_0342-0344,17.906667,-13.9523,3.4389,100.3309,83.9969,16.3340
"BlendPCA-F (dynamic, w0=0.50, mu_lambda=1.0e-02, K=20/20)",1,periodavg_0342-0344,17.960000,-14.8515,3.9413,96.6538,83.9969,12.6568
"BlendPCA-F (dynamic, w0=0.50, mu_lambda=1.0e-02, K=20/20)",1,periodavg_0342-0344,18.000000,-15.0261,2.5427,99.5892,83.9969,15.5923
"BlendPCA-F (dynamic, w0=0.50, mu_lambda=1.0e-02, K=20/20)",1,periodavg_0342-0344,18.053333,-15.0085,3.2615,99.9326,83.9969,15.9357
"BlendPCA-F (dynamic, w0=0.50, mu_lambda=1.0e-02, K=20/20)",1,periodavg_0342-0344,18.106667,-14.9029,2.5861,99.8815,83.9969,15.8846
"BlendPCA-F (dynamic, w0=0.50, mu_lambda=1.0e-02, K=20/20)",1,periodavg_0342-0344,18.160000,-14.7304,3.0928,98.3465,83.9969,14.3496
"BlendPCA-F (dynamic, w0=0.50, mu_lambda=1.0e-02, K=20/20)",1,periodavg_0342-0344,18.200000,-15.0765,3.4019,99.9296,83.9969,15.9327
"BlendPCA-F (dynamic, w0=0.50, mu_lambda=1.0e-02, K=20/20)",1,periodavg_0342-0344,18.253333,-12.8398,2.6672,96.8311,83.9969,12.8342
"BlendPCA-F (dynamic, w0=0.50, mu_lambda=1.0e-02, K=20/20)",1,periodavg_0342-0344,18.306667,-9.8038,4.7272,89.0424,83.9969,5.0455
"BlendPCA-F (dynamic, w0=0.50, mu_lambda=1.0e-02, K=20/20)",1,periodavg_0342-0344,18.360000,-12.4120,2.2650,95.5507,83.9969,11.5538
"BlendPCA-F (dynamic, w0=0.50, mu_lambda=1.0e-02, K=20/20)",1,periodavg_0342-0344,18.400000,-13.4899,2.8641,98.0872,83.9969,14.0903
"BlendPCA-F (dynamic, w0=0.50, mu_lambda=1.0e-02, K=20/20)",1,periodavg_0342-0344,18.453333,-13.9000,2.6236,99.0420,83.9969,15.0451
"BlendPCA-F (dynamic, w0=0.50, mu_lambda=1.0e-02, K=20/20)",1,periodavg_0342-0344,18.506667,-14.4421,3.9901,97.0269,83.9969,13.0300
"BlendPCA-F (dynamic, w0=0.50, mu_lambda=1.0e-02, K=20/20)",1,periodavg_0342-0344,18.560000,-15.4072,3.5124,99.5875,83.9969,15.5906
"BlendPCA-F (dynamic, w0=0.50, mu_lambda=1.0e-02, K=20/20)",1,periodavg_0342-0344,18.600000,-14.3707,2.8402,99.6008,83.9969,15.6039
"BlendPCA-F (dynamic, w0=0.50, mu_lambda=1.0e-02, K=20/20)",1,periodavg_0342-0344,18.653333,-15.2640,2.3267,99.5365,83.9969,15.5396
"BlendPCA-F (dynamic, w0=0.50, mu_lambda=1.0e-02, K=20/20)",1,periodavg_0342-0344,18.706667,-14.9338,3.5347,97.2090,83.9969,13.2121
"BlendPCA-F (dynamic, w0=0.50, mu_lambda=1.0e-02, K=20/20)",1,periodavg_0342-0344,18.760000,-12.8810,1.8342,96.0459,83.9969,12.0490
"BlendPCA-F (dynamic, w0=0.50, mu_lambda=1.0e-02, K=20/20)",1,periodavg_0342-0344,18.800000,-12.8834,4.5359,98.8458,83.9969,14.8488
"BlendPCA-F (dynamic, w0=0.50, mu_lambda=1.0e-02, K=20/20)",1,periodavg_0342-0344,18.853333,-11.7629,2.7112,97.2979,83.9969,13.3010
"BlendPCA-F (dynamic, w0=0.50, mu_lambda=1.0e-02, K=20/20)",1,periodavg_0342-0344,18.906667,-13.0397,2.5835,98.5476,83.9969,14.5507
"BlendPCA-F (dynamic, w0=0.50, mu_lambda=1.0e-02, K=20/20)",1,periodavg_0342-0344,18.960000,-12.2650,4.0580,91.6011,83.9969,7.6042
"BlendPCA-F (dynamic, w0=0.50, mu_lambda=1.0e-02, K=20/20)",1,periodavg_0342-0344,19.000000,-10.2433,3.0994,92.2924,83.9969,8.2955
"BlendPCA-F (dynamic, w0=0.50, mu_lambda=1.0e-02, K=20/20)",1,periodavg_0342-0344,19.053333,-13.6880,1.8904,98.3452,83.9969,14.3483
"BlendPCA-F (dynamic, w0=0.50, mu_lambda=1.0e-02, K=20/20)",1,periodavg_0342-0344,19.106667,-13.6681,3.2223,95.6563,83.9969,11.6593
"BlendPCA-F (dynamic, w0=0.50, mu_lambda=1.0e-02, K=20/20)",1,periodavg_0342-0344,19.160000,-14.3976,1.3589,99.6728,83.9969,15.6759
"BlendPCA-F (dynamic, w0=0.50, mu_lambda=1.0e-02, K=20/20)",1,periodavg_0342-0344,19.200000,-15.1896,3.2832,99.8454,83.9969,15.8485
"BlendPCA-F (dynamic, w0=0.50, mu_lambda=1.0e-02, K=20/20)",1,periodavg_0342-0344,19.253333,-15.2853,2.5794,99.3319,83.9969,15.3350
"BlendPCA-F (dynamic, w0=0.50, mu_lambda=1.0e-02, K=20/20)",1,periodavg_0342-0344,19.306667,-15.4441,3.0576,99.3181,83.9969,15.3212
"BlendPCA-F (dynamic, w0=0.50, mu_lambda=1.0e-02, K=20/20)",1,periodavg_0342-0344,19.360000,-15.5177,3.6919,98.9706,83.9969,14.9737
"BlendPCA-F (dynamic, w0=0.50, mu_lambda=1.0e-02, K=20/20)",1,periodavg_0342-0344,19.400000,-15.4627,2.9191,99.3628,83.9969,15.3659
"BlendPCA-F (dynamic, w0=0.50, mu_lambda=1.0e-02, K=20/20)",1,periodavg_0342-0344,19.453333,-15.2647,2.9780,98.9030,83.9969,14.9061
"BlendPCA-F (dynamic, w0=0.50, mu_lambda=1.0e-02, K=20/20)",1,periodavg_0342-0344,19.506667,-15.0131,2.2480,98.7689,83.9969,14.7720
"BlendPCA-F (dynamic, w0=0.50, mu_lambda=1.0e-02, K=20/20)",1,periodavg_0342-0344,19.560000,-13.9529,2.9072,96.3631,83.9969,12.3662
"BlendPCA-F (dynamic, w0=0.50, mu_lambda=1.0e-02, K=20/20)",1,periodavg_0342-0344,19.600000,-14.1502,2.7914,97.5589,83.9969,13.5620
"BlendPCA-F (dynamic, w0=0.50, mu_lambda=1.0e-02, K=20/20)",1,periodavg_0342-0344,19.653333,-14.7974,2.5020,99.4664,83.9969,15.4695
"BlendPCA-F (dynamic, w0=0.50, mu_lambda=1.0e-02, K=20/20)",1,periodavg_0342-0344,19.706667,-15.1852,3.9345,100.0883,83.9969,16.0914
"BlendPCA-F (dynamic, w0=0.50, mu_lambda=1.0e-02, K=20/20)",1,periodavg_0342-0344,19.760000,-13.9140,1.9870,95.3905,83.9969,11.3936
"BlendPCA-F (dynamic, w0=0.50, mu_lambda=1.0e-02, K=20/20)",1,periodavg_0342-0344,19.800000,-14.0278,3.0314,98.2420,83.9969,14.2451
"BlendPCA-F (dynamic, w0=0.50, mu_lambda=1.0e-02, K=20/20)",1,periodavg_0342-0344,19.853333,-14.5290,1.8888,99.3197,83.9969,15.3228
"BlendPCA-F (dynamic, w0=0.50, mu_lambda=1.0e-02, K=20/20)",1,periodavg_0342-0344,19.906667,-13.0851,2.0851,98.0287,83.9969,14.0318
"BlendPCA-F (dynamic, w0=0.50, mu_lambda=1.0e-02, K=20/20)",1,periodavg_0342-0344,19.960000,-14.6660,3.2808,100.0340,83.9969,16.0371
"BlendPCA-F (dynamic, w0=0.50, mu_lambda=1.0e-02, K=20/20)",1,periodavg_0342-0344,20.000000,-13.8712,2.9781,97.6745,83.9969,13.6776
"BlendPCA-F (dynamic, w0=0.50, mu_lambda=1.0e-02, K=20/20)",2,periodavg_0678-0680,20.013333,-2.6551,-4.1514,82.9917,80.3766,2.6151
"BlendPCA-F (dynamic, w0=0.50, mu_lambda=1.0e-02, K=20/20)",2,periodavg_0678-0680,20.053333,-4.9597,0.6374,84.4534,80.3766,4.0768
"BlendPCA-F (dynamic, w0=0.50, mu_lambda=1.0e-02, K=20/20)",2,periodavg_0678-0680,20.106667,-5.6021,2.0280,85.3219,80.3766,4.9452
"BlendPCA-F (dynamic, w0=0.50, mu_lambda=1.0e-02, K=20/20)",2,periodavg_0678-0680,20.160000,-7.5986,1.5350,86.8183,80.3766,6.4417
"BlendPCA-F (dynamic, w0=0.50, mu_lambda=1.0e-02, K=20/20)",2,periodavg_0678-0680,20.200000,-7.5504,1.2322,87.3755,80.3766,6.9989
"BlendPCA-F (dynamic, w0=0.50, mu_lambda=1.0e-02, K=20/20)",2,periodavg_0678-0680,20.253333,-9.0618,1.4749,89.9505,80.3766,9.5738
"BlendPCA-F (dynamic, w0=0.50, mu_lambda=1.0e-02, K=20/20)",2,periodavg_0678-0680,20.306667,-9.1150,1.7474,89.9475,80.3766,9.5709
"BlendPCA-F (dynamic, w0=0.50, mu_lambda=1.0e-02, K=20/20)",2,periodavg_0678-0680,20.360000,-10.0088,1.7214,90.4380,80.3766,10.0614
"BlendPCA-F (dynamic, w0=0.50, mu_lambda=1.0e-02, K=20/20)",2,periodavg_0678-0680,20.400000,-8.8569,1.3161,90.5109,80.3766,10.1343
"BlendPCA-F (dynamic, w0=0.50, mu_lambda=1.0e-02, K=20/20)",2,periodavg_0678-0680,20.453333,-8.5141,1.9909,91.5097,80.3766,11.1331
"BlendPCA-F (dynamic, w0=0.50, mu_lambda=1.0e-02, K=20/20)",2,periodavg_0678-0680,20.506667,-9.7383,1.5447,92.0278,80.3766,11.6512
"BlendPCA-F (dynamic, w0=0.50, mu_lambda=1.0e-02, K=20/20)",2,periodavg_0678-0680,20.560000,-8.6526,1.7666,90.6062,80.3766,10.2295
"BlendPCA-F (dynamic, w0=0.50, mu_lambda=1.0e-02, K=20/20)",2,periodavg_0678-0680,20.600000,-9.0104,1.6355,88.3646,80.3766,7.9880
"BlendPCA-F (dynamic, w0=0.50, mu_lambda=1.0e-02, K=20/20)",2,periodavg_0678-0680,20.653333,-9.3235,1.9666,86.0646,80.3766,5.6879
"BlendPCA-F (dynamic, w0=0.50, mu_lambda=1.0e-02, K=20/20)",2,periodavg_0678-0680,20.706667,-9.7998,1.0794,92.5197,80.3766,12.1430
"BlendPCA-F (dynamic, w0=0.50, mu_lambda=1.0e-02, K=20/20)",2,periodavg_0678-0680,20.760000,-9.2364,1.5213,92.3445,80.3766,11.9678
"BlendPCA-F (dynamic, w0=0.50, mu_lambda=1.0e-02, K=20/20)",2,periodavg_0678-0680,20.800000,-8.7167,1.3694,93.2203,80.3766,12.8437
"BlendPCA-F (dynamic, w0=0.50, mu_lambda=1.0e-02, K=20/20)",2,periodavg_0678-0680,20.853333,-9.8603,1.8220,92.5049,80.3766,12.1283
"BlendPCA-F (dynamic, w0=0.50, mu_lambda=1.0e-02, K=20/20)",2,periodavg_0678-0680,20.906667,-10.4872,1.2014,92.4445,80.3766,12.0679
"BlendPCA-F (dynamic, w0=0.50, mu_lambda=1.0e-02, K=20/20)",2,periodavg_0678-0680,20.960000,-9.9560,2.9421,89.4052,80.3766,9.0286
"BlendPCA-F (dynamic, w0=0.50, mu_lambda=1.0e-02, K=20/20)",2,periodavg_0678-0680,21.000000,-10.4888,2.1126,91.5211,80.3766,11.1445
"BlendPCA-F (dynamic, w0=0.50, mu_lambda=1.0e-02, K=20/20)",2,periodavg_0678-0680,21.053333,-10.7136,1.5391,90.8105,80.3766,10.4338
"BlendPCA-F (dynamic, w0=0.50, mu_lambda=1.0e-02, K=20/20)",2,periodavg_0678-0680,21.106667,-11.0153,1.8245,92.2895,80.3766,11.9129
"BlendPCA-F (dynamic, w0=0.50, mu_lambda=1.0e-02, K=20/20)",2,periodavg_0678-0680,21.160000,-10.5320,2.8013,91.2246,80.3766,10.8480
"BlendPCA-F (dynamic, w0=0.50, mu_lambda=1.0e-02, K=20/20)",2,periodavg_0678-0680,21.200000,-10.1991,2.1650,90.3871,80.3766,10.0104
"BlendPCA-F (dynamic, w0=0.50, mu_lambda=1.0e-02, K=20/20)",2,periodavg_0678-0680,21.253333,-10.3789,1.6562,90.2392,80.3766,9.8626
"BlendPCA-F (dynamic, w0=0.50, mu_lambda=1.0e-02, K=20/20)",2,periodavg_0678-0680,21.306667,-10.3739,2.2925,91.0099,80.3766,10.6333
"BlendPCA-F (dynamic, w0=0.50, mu_lambda=1.0e-02, K=20/20)",2,periodavg_0678-0680,21.360000,-9.9594,1.0014,90.4636,80.3766,10.0870
"BlendPCA-F (dynamic, w0=0.50, mu_lambda=1.0e-02, K=20/20)",2,periodavg_0678-0680,21.400000,-10.4004,2.0193,91.1994,80.3766,10.8228
"BlendPCA-F (dynamic, w0=0.50, mu_lambda=1.0e-02, K=20/20)",2,periodavg_0678-0680,21.453333,-9.9112,1.2593,91.7743,80.3766,11.3977
"BlendPCA-F (dynamic, w0=0.50, mu_lambda=1.0e-02, K=20/20)",2,periodavg_0678-0680,21.506667,-10.0160,1.8631,91.7238,80.3766,11.3472
"BlendPCA-F (dynamic, w0=0.50, mu_lambda=1.0e-02, K=20/20)",2,periodavg_0678-0680,21.560000,-8.7662,1.3471,87.4095,80.3766,7.0329
"BlendPCA-F (dynamic, w0=0.50, mu_lambda=1.0e-02, K=20/20)",2,periodavg_0678-0680,21.600000,-8.7854,1.2897,89.5399,80.3766,9.1633
"BlendPCA-F (dynamic, w0=0.50, mu_lambda=1.0e-02, K=20/20)",2,periodavg_0678-0680,21.653333,-10.4689,1.7942,93.0314,80.3766,12.6548
"BlendPCA-F (dynamic, w0=0.50, mu_lambda=1.0e-02, K=20/20)",2,periodavg_0678-0680,21.706667,-10.7395,2.5927,92.7322,80.3766,12.3555
"BlendPCA-F (dynamic, w0=0.50, mu_lambda=1.0e-02, K=20/20)",2,periodavg_0678-0680,21.760000,-11.1665,2.2444,93.5845,80.3766,13.2079
"BlendPCA-F (dynamic, w0=0.50, mu_lambda=1.0e-02, K=20/20)",2,periodavg_0678-0680,21.800000,-11.6541,1.3934,94.1013,80.3766,13.7247
"BlendPCA-F (dynamic, w0=0.50, mu_lambda=1.0e-02, K=20/20)",2,periodavg_0678-0680,21.853333,-11.8346,1.5205,94.3966,80.3766,14.0200
"BlendPCA-F (dynamic, w0=0.50, mu_lambda=1.0e-02, K=20/20)",2,periodavg_0678-0680,21.906667,-11.1134,1.6243,94.3228,80.3766,13.9462
"BlendPCA-F (dynamic, w0=0.50, mu_lambda=1.0e-02, K=20/20)",2,periodavg_0678-0680,21.960000,-11.8936,1.3032,95.3316,80.3766,14.9550
"BlendPCA-F (dynamic, w0=0.50, mu_lambda=1.0e-02, K=20/20)",2,periodavg_0678-0680,22.000000,-10.7636,3.3299,95.2275,80.3766,14.8509
"BlendPCA-F (dynamic, w0=0.50, mu_lambda=1.0e-02, K=20/20)",2,periodavg_0678-0680,22.053333,-10.8981,1.5345,95.2789,80.3766,14.9023
"BlendPCA-F (dynamic, w0=0.50, mu_lambda=1.0e-02, K=20/20)",2,periodavg_0678-0680,22.106667,-10.7005,2.6404,91.1213,80.3766,10.7447
"BlendPCA-F (dynamic, w0=0.50, mu_lambda=1.0e-02, K=20/20)",2,periodavg_0678-0680,22.160000,-11.0041,1.5831,93.6172,80.3766,13.2406
"BlendPCA-F (dynamic, w0=0.50, mu_lambda=1.0e-02, K=20/20)",2,periodavg_0678-0680,22.200000,-9.4261,1.7466,92.1056,80.3766,11.7289
"BlendPCA-F (dynamic, w0=0.50, mu_lambda=1.0e-02, K=20/20)",2,periodavg_0678-0680,22.253333,-10.0716,0.8428,88.4308,80.3766,8.0542
"BlendPCA-F (dynamic, w0=0.50, mu_lambda=1.0e-02, K=20/20)",2,periodavg_0678-0680,22.306667,-10.5292,1.1867,90.7945,80.3766,10.4179
"BlendPCA-F (dynamic, w0=0.50, mu_lambda=1.0e-02, K=20/20)",2,periodavg_0678-0680,22.360000,-9.8291,1.3672,93.2958,80.3766,12.9191
"BlendPCA-F (dynamic, w0=0.50, mu_lambda=1.0e-02, K=20/20)",2,periodavg_0678-0680,22.400000,-10.8939,1.9105,94.5230,80.3766,14.1463
"BlendPCA-F (dynamic, w0=0.50, mu_lambda=1.0e-02, K=20/20)",2,periodavg_0678-0680,22.453333,-11.9678,1.6888,94.8587,80.3766,14.4821
"BlendPCA-F (dynamic, w0=0.50, mu_lambda=1.0e-02, K=20/20)",2,periodavg_0678-0680,22.506667,-10.4449,1.4409,94.4421,80.3766,14.0655
"BlendPCA-F (dynamic, w0=0.50, mu_lambda=1.0e-02, K=20/20)",2,periodavg_0678-0680,22.560000,-9.6857,2.0137,88.9045,80.3766,8.5279
"BlendPCA-F (dynamic, w0=0.50, mu_lambda=1.0e-02, K=20/20)",2,periodavg_0678-0680,22.600000,-9.8681,0.6458,93.2894,80.3766,12.9127
"BlendPCA-F (dynamic, w0=0.50, mu_lambda=1.0e-02, K=20/20)",2,periodavg_0678-0680,22.653333,-11.8561,1.3712,94.9012,80.3766,14.5246
"BlendPCA-F (dynamic, w0=0.50, mu_lambda=1.0e-02, K=20/20)",2,periodavg_0678-0680,22.706667,-11.6297,2.0514,92.1737,80.3766,11.7970
"BlendPCA-F (dynamic, w0=0.50, mu_lambda=1.0e-02, K=20/20)",2,periodavg_0678-0680,22.760000,-13.0771,1.2890,95.2388,80.3766,14.8622
"BlendPCA-F (dynamic, w0=0.50, mu_lambda=1.0e-02, K=20/20)",2,periodavg_0678-0680,22.800000,-12.1360,1.1724,95.3985,80.3766,15.0219
"BlendPCA-F (dynamic, w0=0.50, mu_lambda=1.0e-02, K=20/20)",2,periodavg_0678-0680,22.853333,-11.0400,1.4627,90.3984,80.3766,10.0218
"BlendPCA-F (dynamic, w0=0.50, mu_lambda=1.0e-02, K=20/20)",2,periodavg_0678-0680,22.906667,-9.8505,2.4851,90.5637,80.3766,10.1871
"BlendPCA-F (dynamic, w0=0.50, mu_lambda=1.0e-02, K=20/20)",2,periodavg_0678-0680,22.960000,-11.9207,1.7848,93.7504,80.3766,13.3737
"BlendPCA-F (dynamic, w0=0.50, mu_lambda=1.0e-02, K=20/20)",2,periodavg_0678-0680,23.000000,-12.9914,2.0003,95.8242,80.3766,15.4476
"BlendPCA-F (dynamic, w0=0.50, mu_lambda=1.0e-02, K=20/20)",2,periodavg_0678-0680,23.053333,-11.4791,1.8161,95.0325,80.3766,14.6559
"BlendPCA-F (dynamic, w0=0.50, mu_lambda=1.0e-02, K=20/20)",2,periodavg_0678-0680,23.106667,-11.0973,1.9690,95.1877,80.3766,14.8111
"BlendPCA-F (dynamic, w0=0.50, mu_lambda=1.0e-02, K=20/20)",2,periodavg_0678-0680,23.160000,-12.9686,1.7430,95.5795,80.3766,15.2029
"BlendPCA-F (dynamic, w0=0.50, mu_lambda=1.0e-02, K=20/20)",2,periodavg_0678-0680,23.200000,-12.0105,1.4270,94.7412,80.3766,14.3646
"BlendPCA-F (dynamic, w0=0.50, mu_lambda=1.0e-02, K=20/20)",2,periodavg_0678-0680,23.253333,-13.8113,1.7184,95.7594,80.3766,15.3827
"BlendPCA-F (dynamic, w0=0.50, mu_lambda=1.0e-02, K=20/20)",2,periodavg_0678-0680,23.306667,-13.0174,1.8453,95.7918,80.3766,15.4151
"BlendPCA-F (dynamic, w0=0.50, mu_lambda=1.0e-02, K=20/20)",2,periodavg_0678-0680,23.360000,-12.7969,0.6789,95.4485,80.3766,15.0719
"BlendPCA-F (dynamic, w0=0.50, mu_lambda=1.0e-02, K=20/20)",2,periodavg_0678-0680,23.400000,-10.0658,1.2136,90.6738,80.3766,10.2972
"BlendPCA-F (dynamic, w0=0.50, mu_lambda=1.0e-02, K=20/20)",2,periodavg_0678-0680,23.453333,-10.4764,2.0722,90.8331,80.3766,10.4565
"BlendPCA-F (dynamic, w0=0.50, mu_lambda=1.0e-02, K=20/20)",2,periodavg_0678-0680,23.506667,-10.9452,2.8920,89.3980,80.3766,9.0214
"BlendPCA-F (dynamic, w0=0.50, mu_lambda=1.0e-02, K=20/20)",2,periodavg_0678-0680,23.560000,-12.8869,0.8289,95.5829,80.3766,15.2063
"BlendPCA-F (dynamic, w0=0.50, mu_lambda=1.0e-02, K=20/20)",2,periodavg_0678-0680,23.600000,-11.6124,2.2896,91.3045,80.3766,10.9279
"BlendPCA-F (dynamic, w0=0.50, mu_lambda=1.0e-02, K=20/20)",2,periodavg_0678-0680,23.653333,-11.9498,1.7801,91.7244,80.3766,11.3477
"BlendPCA-F (dynamic, w0=0.50, mu_lambda=1.0e-02, K=20/20)",2,periodavg_0678-0680,23.706667,-13.1156,1.8901,97.4769,80.3766,17.1003
"BlendPCA-F (dynamic, w0=0.50, mu_lambda=1.0e-02, K=20/20)",2,periodavg_0678-0680,23.760000,-11.8726,1.9636,95.1977,80.3766,14.8211
"BlendPCA-F (dynamic, w0=0.50, mu_lambda=1.0e-02, K=20/20)",2,periodavg_0678-0680,23.800000,-11.3329,0.7121,91.8835,80.3766,11.5069
"BlendPCA-F (dynamic, w0=0.50, mu_lambda=1.0e-02, K=20/20)",2,periodavg_0678-0680,23.853333,-12.5863,1.5501,95.9574,80.3766,15.5808
"BlendPCA-F (dynamic, w0=0.50, mu_lambda=1.0e-02, K=20/20)",2,periodavg_0678-0680,23.906667,-10.8290,1.9900,93.2909,80.3766,12.9142
"BlendPCA-F (dynamic, w0=0.50, mu_lambda=1.0e-02, K=20/20)",2,periodavg_0678-0680,23.960000,-11.4730,1.4734,91.8434,80.3766,11.4668
"BlendPCA-F (dynamic, w0=0.50, mu_lambda=1.0e-02, K=20/20)",2,periodavg_0678-0680,24.000000,-11.2141,1.4918,90.2432,80.3766,9.8665
"BlendPCA-F (dynamic, w0=0.50, mu_lambda=1.0e-02, K=20/20)",2,periodavg_0678-0680,24.053333,-11.1737,2.3116,92.9149,80.3766,12.5382
"BlendPCA-F (dynamic, w0=0.50, mu_lambda=1.0e-02, K=20/20)",2,periodavg_0678-0680,24.106667,-12.5817,0.7710,96.9462,80.3766,16.5696
"BlendPCA-F (dynamic, w0=0.50, mu_lambda=1.0e-02, K=20/20)",2,periodavg_0678-0680,24.160000,-11.7964,1.8079,96.8903,80.3766,16.5136
"BlendPCA-F (dynamic, w0=0.50, mu_lambda=1.0e-02, K=20/20)",2,periodavg_0678-0680,24.200000,-7.6320,3.4330,83.0214,80.3766,2.6448
"BlendPCA-F (dynamic, w0=0.50, mu_lambda=1.0e-02, K=20/20)",2,periodavg_0678-0680,24.253333,-11.9765,1.7677,93.8192,80.3766,13.4426
"BlendPCA-F (dynamic, w0=0.50, mu_lambda=1.0e-02, K=20/20)",2,periodavg_0678-0680,24.306667,-10.6688,1.7546,92.1479,80.3766,11.7712
"BlendPCA-F (dynamic, w0=0.50, mu_lambda=1.0e-02, K=20/20)",2,periodavg_0678-0680,24.360000,-11.9509,1.5755,96.7366,80.3766,16.3600
"BlendPCA-F (dynamic, w0=0.50, mu_lambda=1.0e-02, K=20/20)",2,periodavg_0678-0680,24.400000,-11.8442,2.2141,92.9443,80.3766,12.5676
"BlendPCA-F (dynamic, w0=0.50, mu_lambda=1.0e-02, K=20/20)",2,periodavg_0678-0680,24.453333,-12.7573,1.6038,96.4664,80.3766,16.0897
"BlendPCA-F (dynamic, w0=0.50, mu_lambda=1.0e-02, K=20/20)",2,periodavg_0678-0680,24.506667,-11.9096,3.0663,91.0126,80.3766,10.6360
"BlendPCA-F (dynamic, w0=0.50, mu_lambda=1.0e-02, K=20/20)",2,periodavg_0678-0680,24.560000,-13.6497,1.8972,96.7092,80.3766,16.3325
"BlendPCA-F (dynamic, w0=0.50, mu_lambda=1.0e-02, K=20/20)",2,periodavg_0678-0680,24.600000,-13.4780,1.4909,94.6435,80.3766,14.2668
"BlendPCA-F (dynamic, w0=0.50, mu_lambda=1.0e-02, K=20/20)",2,periodavg_0678-0680,24.653333,-12.9456,1.1252,94.5148,80.3766,14.1382
"BlendPCA-F (dynamic, w0=0.50, mu_lambda=1.0e-02, K=20/20)",2,periodavg_0678-0680,24.706667,-13.8614,1.8536,98.4634,80.3766,18.0867
"BlendPCA-F (dynamic, w0=0.50, mu_lambda=1.0e-02, K=20/20)",2,periodavg_0678-0680,24.760000,-12.9055,1.9790,96.7653,80.3766,16.3887
"BlendPCA-F (dynamic, w0=0.50, mu_lambda=1.0e-02, K=20/20)",2,periodavg_0678-0680,24.800000,-12.5094,1.4395,92.2491,80.3766,11.8724
"BlendPCA-F (dynamic, w0=0.50, mu_lambda=1.0e-02, K=20/20)",2,periodavg_0678-0680,24.853333,-14.2275,1.9040,98.3762,80.3766,17.9996
"BlendPCA-F (dynamic, w0=0.50, mu_lambda=1.0e-02, K=20/20)",2,periodavg_0678-0680,24.906667,-13.3986,1.1169,95.5250,80.3766,15.1484
"BlendPCA-F (dynamic, w0=0.50, mu_lambda=1.0e-02, K=20/20)",2,periodavg_0678-0680,24.960000,-13.4049,1.8135,94.7049,80.3766,14.3283
"BlendPCA-F (dynamic, w0=0.50, mu_lambda=1.0e-02, K=20/20)",2,periodavg_0678-0680,25.000000,-13.9330,2.0229,98.3852,80.3766,18.0086
"BlendPCA-F (dynamic, w0=0.50, mu_lambda=1.0e-02, K=20/20)",2,periodavg_0678-0680,25.053333,-12.4275,1.6715,96.3516,80.3766,15.9750
"BlendPCA-F (dynamic, w0=0.50, mu_lambda=1.0e-02, K=20/20)",2,periodavg_0678-0680,25.106667,-12.1631,1.6580,95.1780,80.3766,14.8014
"BlendPCA-F (dynamic, w0=0.50, mu_lambda=1.0e-02, K=20/20)",2,periodavg_0678-0680,25.160000,-14.0990,1.8602,98.5175,80.3766,18.1409
"BlendPCA-F (dynamic, w0=0.50, mu_lambda=1.0e-02, K=20/20)",2,periodavg_0678-0680,25.200000,-10.4985,2.2742,93.6781,80.3766,13.3014
"BlendPCA-F (dynamic, w0=0.50, mu_lambda=1.0e-02, K=20/20)",2,periodavg_0678-0680,25.253333,-12.1948,1.4306,93.2103,80.3766,12.8337
"BlendPCA-F (dynamic, w0=0.50, mu_lambda=1.0e-02, K=20/20)",2,periodavg_0678-0680,25.306667,-14.0044,2.2143,99.3770,80.3766,19.0004
"BlendPCA-F (dynamic, w0=0.50, mu_lambda=1.0e-02, K=20/20)",2,periodavg_0678-0680,25.360000,-11.9764,0.6347,94.8697,80.3766,14.4930
"BlendPCA-F (dynamic, w0=0.50, mu_lambda=1.0e-02, K=20/20)",2,periodavg_0678-0680,25.400000,-11.6413,1.7708,97.9829,80.3766,17.6063
"BlendPCA-F (dynamic, w0=0.50, mu_lambda=1.0e-02, K=20/20)",2,periodavg_0678-0680,25.453333,-13.6551,1.9497,99.0159,80.3766,18.6393
"BlendPCA-F (dynamic, w0=0.50, mu_lambda=1.0e-02, K=20/20)",2,periodavg_0678-0680,25.506667,-12.1629,1.6347,91.6902,80.3766,11.3135
"BlendPCA-F (dynamic, w0=0.50, mu_lambda=1.0e-02, K=20/20)",2,periodavg_0678-0680,25.560000,-13.8675,1.8978,99.3507,80.3766,18.9740
"BlendPCA-F (dynamic, w0=0.50, mu_lambda=1.0e-02, K=20/20)",2,periodavg_0678-0680,25.600000,-12.7602,3.0139,91.5909,80.3766,11.2143
"BlendPCA-F (dynamic, w0=0.50, mu_lambda=1.0e-02, K=20/20)",2,periodavg_0678-0680,25.653333,-12.1666,2.7932,93.2659,80.3766,12.8893
"BlendPCA-F (dynamic, w0=0.50, mu_lambda=1.0e-02, K=20/20)",2,periodavg_0678-0680,25.706667,-13.8785,1.6572,96.7591,80.3766,16.3825
"BlendPCA-F (dynamic, w0=0.50, mu_lambda=1.0e-02, K=20/20)",2,periodavg_0678-0680,25.760000,-11.5445,1.4152,96.3852,80.3766,16.0086
"BlendPCA-F (dynamic, w0=0.50, mu_lambda=1.0e-02, K=20/20)",2,periodavg_0678-0680,25.800000,-10.3305,1.2353,95.0991,80.3766,14.7225
"BlendPCA-F (dynamic, w0=0.50, mu_lambda=1.0e-02, K=20/20)",2,periodavg_0678-0680,25.853333,-11.1111,1.7017,95.3593,80.3766,14.9827
"BlendPCA-F (dynamic, w0=0.50, mu_lambda=1.0e-02, K=20/20)",2,periodavg_0678-0680,25.906667,-10.7635,2.2117,94.2916,80.3766,13.9150
"BlendPCA-F (dynamic, w0=0.50, mu_lambda=1.0e-02, K=20/20)",2,periodavg_0678-0680,25.960000,-12.4629,1.3269,97.2069,80.3766,16.8302
"BlendPCA-F (dynamic, w0=0.50, mu_lambda=1.0e-02, K=20/20)",2,periodavg_0678-0680,26.000000,-12.4232,1.4780,97.2862,80.3766,16.9095
"BlendPCA-F (dynamic, w0=0.50, mu_lambda=1.0e-02, K=20/20)",2,periodavg_0678-0680,26.053333,-10.9431,1.9008,93.3014,80.3766,12.9248
"BlendPCA-F (dynamic, w0=0.50, mu_lambda=1.0e-02, K=20/20)",2,periodavg_0678-0680,26.106667,-11.8128,1.5699,94.6747,80.3766,14.2981
"BlendPCA-F (dynamic, w0=0.50, mu_lambda=1.0e-02, K=20/20)",2,periodavg_0678-0680,26.160000,-10.7065,0.8062,90.7497,80.3766,10.3731
"BlendPCA-F (dynamic, w0=0.50, mu_lambda=1.0e-02, K=20/20)",2,periodavg_0678-0680,26.200000,-12.8872,1.2663,95.1506,80.3766,14.7740
"BlendPCA-F (dynamic, w0=0.50, mu_lambda=1.0e-02, K=20/20)",2,periodavg_0678-0680,26.253333,-11.9770,1.2535,92.7466,80.3766,12.3699
"BlendPCA-F (dynamic, w0=0.50, mu_lambda=1.0e-02, K=20/20)",2,periodavg_0678-0680,26.306667,-11.0593,2.3999,91.4759,80.3766,11.0993
"BlendPCA-F (dynamic, w0=0.50, mu_lambda=1.0e-02, K=20/20)",2,periodavg_0678-0680,26.360000,-11.9860,1.4538,92.3360,80.3766,11.9594
"BlendPCA-F (dynamic, w0=0.50, mu_lambda=1.0e-02, K=20/20)",2,periodavg_0678-0680,26.400000,-12.7785,3.3826,97.4764,80.3766,17.0997
"BlendPCA-F (dynamic, w0=0.50, mu_lambda=1.0e-02, K=20/20)",2,periodavg_0678-0680,26.453333,-11.7772,1.4727,92.7662,80.3766,12.3896
"BlendPCA-F (dynamic, w0=0.50, mu_lambda=1.0e-02, K=20/20)",2,periodavg_0678-0680,26.506667,-11.6338,1.3936,95.8740,80.3766,15.4974
"BlendPCA-F (dynamic, w0=0.50, mu_lambda=1.0e-02, K=20/20)",2,periodavg_0678-0680,26.560000,-11.6879,2.5529,95.9083,80.3766,15.5317
"BlendPCA-F (dynamic, w0=0.50, mu_lambda=1.0e-02, K=20/20)",2,periodavg_0678-0680,26.600000,-12.1028,2.2545,95.9899,80.3766,15.6133
"BlendPCA-F (dynamic, w0=0.50, mu_lambda=1.0e-02, K=20/20)",2,periodavg_0678-0680,26.653333,-12.3458,1.0636,96.4341,80.3766,16.0574
"BlendPCA-F (dynamic, w0=0.50, mu_lambda=1.0e-02, K=20/20)",2,periodavg_0678-0680,26.706667,-12.1198,1.8155,92.1604,80.3766,11.7838
"BlendPCA-F (dynamic, w0=0.50, mu_lambda=1.0e-02, K=20/20)",2,periodavg_0678-0680,26.760000,-12.4198,1.8175,94.4456,80.3766,14.0689
"BlendPCA-F (dynamic, w0=0.50, mu_lambda=1.0e-02, K=20/20)",2,periodavg_0678-0680,26.800000,-13.7558,2.1837,96.7780,80.3766,16.4014
"BlendPCA-F (dynamic, w0=0.50, mu_lambda=1.0e-02, K=20/20)",2,periodavg_0678-0680,26.853333,-14.1326,1.7657,97.4570,80.3766,17.0804
"BlendPCA-F (dynamic, w0=0.50, mu_lambda=1.0e-02, K=20/20)",2,periodavg_0678-0680,26.906667,-13.2522,2.2519,96.6349,80.3766,16.2583
"BlendPCA-F (dynamic, w0=0.50, mu_lambda=1.0e-02, K=20/20)",2,periodavg_0678-0680,26.960000,-13.6108,1.1100,97.5750,80.3766,17.1984
"BlendPCA-F (dynamic, w0=0.50, mu_lambda=1.0e-02, K=20/20)",2,periodavg_0678-0680,27.000000,-13.6449,1.9546,97.1688,80.3766,16.7922
"BlendPCA-F (dynamic, w0=0.50, mu_lambda=1.0e-02, K=20/20)",2,periodavg_0678-0680,27.053333,-10.7321,2.5422,92.0135,80.3766,11.6369
"BlendPCA-F (dynamic, w0=0.50, mu_lambda=1.0e-02, K=20/20)",2,periodavg_0678-0680,27.106667,-12.4574,1.3201,97.2920,80.3766,16.9154
"BlendPCA-F (dynamic, w0=0.50, mu_lambda=1.0e-02, K=20/20)",2,periodavg_0678-0680,27.160000,-12.1814,1.6675,94.6254,80.3766,14.2488
"BlendPCA-F (dynamic, w0=0.50, mu_lambda=1.0e-02, K=20/20)",2,periodavg_0678-0680,27.200000,-11.8726,1.0960,96.1102,80.3766,15.7336
"BlendPCA-F (dynamic, w0=0.50, mu_lambda=1.0e-02, K=20/20)",2,periodavg_0678-0680,27.253333,-11.9637,1.4959,94.5054,80.3766,14.1288
"BlendPCA-F (dynamic, w0=0.50, mu_lambda=1.0e-02, K=20/20)",2,periodavg_0678-0680,27.306667,-11.2503,1.4662,91.1803,80.3766,10.8037
"BlendPCA-F (dynamic, w0=0.50, mu_lambda=1.0e-02, K=20/20)",2,periodavg_0678-0680,27.360000,-11.3956,2.2773,91.2476,80.3766,10.8710
"BlendPCA-F (dynamic, w0=0.50, mu_lambda=1.0e-02, K=20/20)",2,periodavg_0678-0680,27.400000,-12.5691,2.0072,94.8972,80.3766,14.5206
"BlendPCA-F (dynamic, w0=0.50, mu_lambda=1.0e-02, K=20/20)",2,periodavg_0678-0680,27.453333,-10.7718,0.8612,94.3574,80.3766,13.9807
"BlendPCA-F (dynamic, w0=0.50, mu_lambda=1.0e-02, K=20/20)",2,periodavg_0678-0680,27.506667,-11.0260,1.5930,94.6274,80.3766,14.2508
"BlendPCA-F (dynamic, w0=0.50, mu_lambda=1.0e-02, K=20/20)",2,periodavg_0678-0680,27.560000,-10.2411,2.4597,93.3929,80.3766,13.0163
"BlendPCA-F (dynamic, w0=0.50, mu_lambda=1.0e-02, K=20/20)",2,periodavg_0678-0680,27.600000,-12.0600,1.1888,97.3539,80.3766,16.9773
"BlendPCA-F (dynamic, w0=0.50, mu_lambda=1.0e-02, K=20/20)",2,periodavg_0678-0680,27.653333,-12.8097,2.5577,98.3371,80.3766,17.9604
"BlendPCA-F (dynamic, w0=0.50, mu_lambda=1.0e-02, K=20/20)",2,periodavg_0678-0680,27.706667,-10.8519,0.6337,92.3481,80.3766,11.9715
"BlendPCA-F (dynamic, w0=0.50, mu_lambda=1.0e-02, K=20/20)",2,periodavg_0678-0680,27.760000,-12.2618,1.4192,94.7206,80.3766,14.3440
"BlendPCA-F (dynamic, w0=0.50, mu_lambda=1.0e-02, K=20/20)",2,periodavg_0678-0680,27.800000,-12.8970,2.2478,98.1207,80.3766,17.7440
"BlendPCA-F (dynamic, w0=0.50, mu_lambda=1.0e-02, K=20/20)",2,periodavg_0678-0680,27.853333,-11.6551,1.4952,95.5975,80.3766,15.2208
"BlendPCA-F (dynamic, w0=0.50, mu_lambda=1.0e-02, K=20/20)",2,periodavg_0678-0680,27.906667,-12.8188,1.4320,96.2469,80.3766,15.8703
"BlendPCA-F (dynamic, w0=0.50, mu_lambda=1.0e-02, K=20/20)",2,periodavg_0678-0680,27.960000,-11.8264,2.1109,96.6876,80.3766,16.3109
"BlendPCA-F (dynamic, w0=0.50, mu_lambda=1.0e-02, K=20/20)",2,periodavg_0678-0680,28.000000,-12.7468,2.6684,94.9461,80.3766,14.5694
"BlendPCA-F (dynamic, w0=0.50, mu_lambda=1.0e-02, K=20/20)",2,periodavg_0678-0680,28.053333,-12.4975,2.1966,93.4656,80.3766,13.0890
"BlendPCA-F (dynamic, w0=0.50, mu_lambda=1.0e-02, K=20/20)",2,periodavg_0678-0680,28.106667,-12.6178,2.4732,97.0717,80.3766,16.6951
"BlendPCA-F (dynamic, w0=0.50, mu_lambda=1.0e-02, K=20/20)",2,periodavg_0678-0680,28.160000,-13.1101,1.6321,98.4253,80.3766,18.0487
"BlendPCA-F (dynamic, w0=0.50, mu_lambda=1.0e-02, K=20/20)",2,periodavg_0678-0680,28.200000,-13.7578,2.2054,99.7732,80.3766,19.3965
"BlendPCA-F (dynamic, w0=0.50, mu_lambda=1.0e-02, K=20/20)",2,periodavg_0678-0680,28.253333,-12.4146,1.6710,94.7101,80.3766,14.3334
"BlendPCA-F (dynamic, w0=0.50, mu_lambda=1.0e-02, K=20/20)",2,periodavg_0678-0680,28.306667,-12.3924,2.1017,93.0610,80.3766,12.6844
"BlendPCA-F (dynamic, w0=0.50, mu_lambda=1.0e-02, K=20/20)",2,periodavg_0678-0680,28.360000,-13.0238,1.3504,96.4392,80.3766,16.0626
"BlendPCA-F (dynamic, w0=0.50, mu_lambda=1.0e-02, K=20/20)",2,periodavg_0678-0680,28.400000,-13.5718,1.5043,96.8578,80.3766,16.4812
"BlendPCA-F (dynamic, w0=0.50, mu_lambda=1.0e-02, K=20/20)",2,periodavg_0678-0680,28.453333,-12.4533,0.9044,92.6009,80.3766,12.2243
"BlendPCA-F (dynamic, w0=0.50, mu_lambda=1.0e-02, K=20/20)",2,periodavg_0678-0680,28.506667,-11.9902,2.0352,96.6732,80.3766,16.2966
"BlendPCA-F (dynamic, w0=0.50, mu_lambda=1.0e-02, K=20/20)",2,periodavg_0678-0680,28.560000,-13.2204,2.0578,97.1324,80.3766,16.7557
"BlendPCA-F (dynamic, w0=0.50, mu_lambda=1.0e-02, K=20/20)",2,periodavg_0678-0680,28.600000,-12.3495,2.9902,96.0889,80.3766,15.7123
"BlendPCA-F (dynamic, w0=0.50, mu_lambda=1.0e-02, K=20/20)",2,periodavg_0678-0680,28.653333,-9.2251,3.3048,86.6425,80.3766,6.2659
"BlendPCA-F (dynamic, w0=0.50, mu_lambda=1.0e-02, K=20/20)",2,periodavg_0678-0680,28.706667,-7.9769,2.9572,85.2141,80.3766,4.8375
"BlendPCA-F (dynamic, w0=0.50, mu_lambda=1.0e-02, K=20/20)",2,periodavg_0678-0680,28.760000,-11.6491,2.0519,95.7696,80.3766,15.3930
"BlendPCA-F (dynamic, w0=0.50, mu_lambda=1.0e-02, K=20/20)",2,periodavg_0678-0680,28.800000,-10.7694,1.4605,94.0282,80.3766,13.6516
"BlendPCA-F (dynamic, w0=0.50, mu_lambda=1.0e-02, K=20/20)",2,periodavg_0678-0680,28.853333,-8.5704,2.8117,89.0794,80.3766,8.7027
"BlendPCA-F (dynamic, w0=0.50, mu_lambda=1.0e-02, K=20/20)",2,periodavg_0678-0680,28.906667,-8.5483,3.0010,88.6801,80.3766,8.3035
"BlendPCA-F (dynamic, w0=0.50, mu_lambda=1.0e-02, K=20/20)",2,periodavg_0678-0680,28.960000,-9.9623,2.0645,87.0146,80.3766,6.6379
"BlendPCA-F (dynamic, w0=0.50, mu_lambda=1.0e-02, K=20/20)",2,periodavg_0678-0680,29.000000,-9.6321,1.9218,88.2057,80.3766,7.8290
"BlendPCA-F (dynamic, w0=0.50, mu_lambda=1.0e-02, K=20/20)",2,periodavg_0678-0680,29.053333,-9.3097,2.0459,86.5305,80.3766,6.1538
"BlendPCA-F (dynamic, w0=0.50, mu_lambda=1.0e-02, K=20/20)",2,periodavg_0678-0680,29.106667,-9.8091,1.7402,93.8915,80.3766,13.5148
"BlendPCA-F (dynamic, w0=0.50, mu_lambda=1.0e-02, K=20/20)",2,periodavg_0678-0680,29.160000,-9.5367,1.5790,87.3067,80.3766,6.9301
"BlendPCA-F (dynamic, w0=0.50, mu_lambda=1.0e-02, K=20/20)",2,periodavg_0678-0680,29.200000,-11.7400,2.7058,95.7070,80.3766,15.3303
"BlendPCA-F (dynamic, w0=0.50, mu_lambda=1.0e-02, K=20/20)",2,periodavg_0678-0680,29.253333,-10.1803,1.9438,94.1381,80.3766,13.7615
"BlendPCA-F (dynamic, w0=0.50, mu_lambda=1.0e-02, K=20/20)",2,periodavg_0678-0680,29.306667,-8.6810,2.5972,93.2429,80.3766,12.8663
"BlendPCA-F (dynamic, w0=0.50, mu_lambda=1.0e-02, K=20/20)",2,periodavg_0678-0680,29.360000,-12.4119,1.0649,96.8472,80.3766,16.4706
"BlendPCA-F (dynamic, w0=0.50, mu_lambda=1.0e-02, K=20/20)",2,periodavg_0678-0680,29.400000,-11.6693,1.5644,96.4743,80.3766,16.0977
"BlendPCA-F (dynamic, w0=0.50, mu_lambda=1.0e-02, K=20/20)",2,periodavg_0678-0680,29.453333,-12.6337,1.9888,97.0316,80.3766,16.6550
"BlendPCA-F (dynamic, w0=0.50, mu_lambda=1.0e-02, K=20/20)",2,periodavg_0678-0680,29.506667,-13.0626,1.5015,95.6826,80.3766,15.3059
"BlendPCA-F (dynamic, w0=0.50, mu_lambda=1.0e-02, K=20/20)",2,periodavg_0678-0680,29.560000,-13.8669,1.3625,96.5835,80.3766,16.2069
"BlendPCA-F (dynamic, w0=0.50, mu_lambda=1.0e-02, K=20/20)",2,periodavg_0678-0680,29.600000,-12.1052,1.3650,92.5895,80.3766,12.2129
"BlendPCA-F (dynamic, w0=0.50, mu_lambda=1.0e-02, K=20/20)",2,periodavg_0678-0680,29.653333,-10.3895,1.6517,90.3938,80.3766,10.0172
"BlendPCA-F (dynamic, w0=0.50, mu_lambda=1.0e-02, K=20/20)",2,periodavg_0678-0680,29.706667,-10.1279,2.6242,91.8999,80.3766,11.5232
"BlendPCA-F (dynamic, w0=0.50, mu_lambda=1.0e-02, K=20/20)",2,periodavg_0678-0680,29.760000,-11.0238,1.5853,92.5784,80.3766,12.2018
"BlendPCA-F (dynamic, w0=0.50, mu_lambda=1.0e-02, K=20/20)",2,periodavg_0678-0680,29.800000,-12.4962,1.9532,98.2959,80.3766,17.9193
"BlendPCA-F (dynamic, w0=0.50, mu_lambda=1.0e-02, K=20/20)",2,periodavg_0678-0680,29.853333,-12.0772,2.0081,97.6277,80.3766,17.2511
"BlendPCA-F (dynamic, w0=0.50, mu_lambda=1.0e-02, K=20/20)",2,periodavg_0678-0680,29.906667,-13.0005,2.0053,96.3852,80.3766,16.0086
"BlendPCA-F (dynamic, w0=0.50, mu_lambda=1.0e-02, K=20/20)",2,periodavg_0678-0680,29.960000,-11.0820,1.9758,89.1784,80.3766,8.8018
"BlendPCA-F (dynamic, w0=0.50, mu_lambda=1.0e-02, K=20/20)",2,periodavg_0678-0680,30.000000,-13.2672,2.0798,95.9089,80.3766,15.5323
"BlendPCA-F (dynamic, w0=0.50, mu_lambda=1.0e-02, K=20/20)",3,periodavg_0927-0929,30.013333,-3.0827,-0.4333,79.6478,77.8076,1.8402
"BlendPCA-F (dynamic, w0=0.50, mu_lambda=1.0e-02, K=20/20)",3,periodavg_0927-0929,30.053333,-7.6044,3.2323,83.2988,77.8076,5.4912
"BlendPCA-F (dynamic, w0=0.50, mu_lambda=1.0e-02, K=20/20)",3,periodavg_0927-0929,30.106667,-13.1538,5.6535,88.4648,77.8076,10.6572
"BlendPCA-F (dynamic, w0=0.50, mu_lambda=1.0e-02, K=20/20)",3,periodavg_0927-0929,30.160000,-14.4543,6.6801,89.5297,77.8076,11.7221
"BlendPCA-F (dynamic, w0=0.50, mu_lambda=1.0e-02, K=20/20)",3,periodavg_0927-0929,30.200000,-17.3599,3.8229,93.6791,77.8076,15.8715
"BlendPCA-F (dynamic, w0=0.50, mu_lambda=1.0e-02, K=20/20)",3,periodavg_0927-0929,30.253333,-19.0578,6.4236,95.6933,77.8076,17.8857
"BlendPCA-F (dynamic, w0=0.50, mu_lambda=1.0e-02, K=20/20)",3,periodavg_0927-0929,30.306667,-19.2220,7.1272,98.3192,77.8076,20.5116
"BlendPCA-F (dynamic, w0=0.50, mu_lambda=1.0e-02, K=20/20)",3,periodavg_0927-0929,30.360000,-18.7437,7.0832,96.9004,77.8076,19.0928
"BlendPCA-F (dynamic, w0=0.50, mu_lambda=1.0e-02, K=20/20)",3,periodavg_0927-0929,30.400000,-19.6544,6.4970,93.8831,77.8076,16.0755
"BlendPCA-F (dynamic, w0=0.50, mu_lambda=1.0e-02, K=20/20)",3,periodavg_0927-0929,30.453333,-19.6714,4.9757,94.1660,77.8076,16.3584
"BlendPCA-F (dynamic, w0=0.50, mu_lambda=1.0e-02, K=20/20)",3,periodavg_0927-0929,30.506667,-19.3812,6.9203,90.3428,77.8076,12.5352
"BlendPCA-F (dynamic, w0=0.50, mu_lambda=1.0e-02, K=20/20)",3,periodavg_0927-0929,30.560000,-20.2476,4.9074,89.8465,77.8076,12.0389
"BlendPCA-F (dynamic, w0=0.50, mu_lambda=1.0e-02, K=20/20)",3,periodavg_0927-0929,30.600000,-20.8568,3.9164,95.6622,77.8076,17.8546
"BlendPCA-F (dynamic, w0=0.50, mu_lambda=1.0e-02, K=20/20)",3,periodavg_0927-0929,30.653333,-20.1729,7.0295,98.6613,77.8076,20.8537
"BlendPCA-F (dynamic, w0=0.50, mu_lambda=1.0e-02, K=20/20)",3,periodavg_0927-0929,30.706667,-21.6377,6.1231,96.8224,77.8076,19.0148
"BlendPCA-F (dynamic, w0=0.50, mu_lambda=1.0e-02, K=20/20)",3,periodavg_0927-0929,30.760000,-21.1587,8.3012,94.8271,77.8076,17.0195
"BlendPCA-F (dynamic, w0=0.50, mu_lambda=1.0e-02, K=20/20)",3,periodavg_0927-0929,30.800000,-20.9815,6.4966,96.5913,77.8076,18.7837
"BlendPCA-F (dynamic, w0=0.50, mu_lambda=1.0e-02, K=20/20)",3,periodavg_0927-0929,30.853333,-20.7085,6.1728,98.8273,77.8076,21.0197
"BlendPCA-F (dynamic, w0=0.50, mu_lambda=1.0e-02, K=20/20)",3,periodavg_0927-0929,30.906667,-21.2718,6.3529,94.8633,77.8076,17.0556
"BlendPCA-F (dynamic, w0=0.50, mu_lambda=1.0e-02, K=20/20)",3,periodavg_0927-0929,30.960000,-21.5470,7.7137,96.3594,77.8076,18.5518
"BlendPCA-F (dynamic, w0=0.50, mu_lambda=1.0e-02, K=20/20)",3,periodavg_0927-0929,31.000000,-19.5988,8.4497,90.8627,77.8076,13.0551
"BlendPCA-F (dynamic, w0=0.50, mu_lambda=1.0e-02, K=20/20)",3,periodavg_0927-0929,31.053333,-21.9204,4.1762,96.2767,77.8076,18.4691
"BlendPCA-F (dynamic, w0=0.50, mu_lambda=1.0e-02, K=20/20)",3,periodavg_0927-0929,31.106667,-22.1068,6.7127,95.6060,77.8076,17.7984
"BlendPCA-F (dynamic, w0=0.50, mu_lambda=1.0e-02, K=20/20)",3,periodavg_0927-0929,31.160000,-21.6746,6.9986,94.6213,77.8076,16.8137
"BlendPCA-F (dynamic, w0=0.50, mu_lambda=1.0e-02, K=20/20)",3,periodavg_0927-0929,31.200000,-20.1066,6.5748,98.0810,77.8076,20.2734
"BlendPCA-F (dynamic, w0=0.50, mu_lambda=1.0e-02, K=20/20)",3,periodavg_0927-0929,31.253333,-20.3820,6.1822,94.4141,77.8076,16.6065
"BlendPCA-F (dynamic, w0=0.50, mu_lambda=1.0e-02, K=20/20)",3,periodavg_0927-0929,31.306667,-22.1917,5.3958,97.6629,77.8076,19.8553
"BlendPCA-F (dynamic, w0=0.50, mu_lambda=1.0e-02, K=20/20)",3,periodavg_0927-0929,31.360000,-21.5172,6.1765,95.1744,77.8076,17.3668
"BlendPCA-F (dynamic, w0=0.50, mu_lambda=1.0e-02, K=20/20)",3,periodavg_0927-0929,31.400000,-21.9448,7.7133,98.8256,77.8076,21.0180
"BlendPCA-F (dynamic, w0=0.50, mu_lambda=1.0e-02, K=20/20)",3,periodavg_0927-0929,31.453333,-21.9828,6.9016,100.0031,77.8076,22.1955
"BlendPCA-F (dynamic, w0=0.50, mu_lambda=1.0e-02, K=20/20)",3,periodavg_0927-0929,31.506667,-22.1551,7.4533,100.5053,77.8076,22.6977
"BlendPCA-F (dynamic, w0=0.50, mu_lambda=1.0e-02, K=20/20)",3,periodavg_0927-0929,31.560000,-22.3338,6.2963,101.3305,77.8076,23.5229
"BlendPCA-F (dynamic, w0=0.50, mu_lambda=1.0e-02, K=20/20)",3,periodavg_0927-0929,31.600000,-22.6329,7.3993,101.2253,77.8076,23.4177
"BlendPCA-F (dynamic, w0=0.50, mu_lambda=1.0e-02, K=20/20)",3,periodavg_0927-0929,31.653333,-22.4269,8.3768,99.6590,77.8076,21.8514
"BlendPCA-F (dynamic, w0=0.50, mu_lambda=1.0e-02, K=20/20)",3,periodavg_0927-0929,31.706667,-22.1327,8.8128,99.5206,77.8076,21.7130
"BlendPCA-F (dynamic, w0=0.50, mu_lambda=1.0e-02, K=20/20)",3,periodavg_0927-0929,31.760000,-22.5972,7.3690,99.8863,77.8076,22.0787
"BlendPCA-F (dynamic, w0=0.50, mu_lambda=1.0e-02, K=20/20)",3,periodavg_0927-0929,31.800000,-22.8994,8.5163,100.2355,77.8076,22.4279
"BlendPCA-F (dynamic, w0=0.50, mu_lambda=1.0e-02, K=20/20)",3,periodavg_0927-0929,31.853333,-22.7935,6.9210,100.5095,77.8076,22.7019
"BlendPCA-F (dynamic, w0=0.50, mu_lambda=1.0e-02, K=20/20)",3,periodavg_0927-0929,31.906667,-21.4219,5.9107,90.9433,77.8076,13.1357
"BlendPCA-F (dynamic, w0=0.50, mu_lambda=1.0e-02, K=20/20)",3,periodavg_0927-0929,31.960000,-22.6902,6.7380,94.4995,77.8076,16.6919
"BlendPCA-F (dynamic, w0=0.50, mu_lambda=1.0e-02, K=20/20)",3,periodavg_0927-0929,32.000000,-21.5621,6.1950,96.9606,77.8076,19.1530
"BlendPCA-F (dynamic, w0=0.50, mu_lambda=1.0e-02, K=20/20)",3,periodavg_0927-0929,32.053333,-22.6623,5.5043,99.3210,77.8076,21.5134
"BlendPCA-F (dynamic, w0=0.50, mu_lambda=1.0e-02, K=20/20)",3,periodavg_0927-0929,32.106667,-23.1167,5.7685,99.1925,77.8076,21.3849
"BlendPCA-F (dynamic, w0=0.50, mu_lambda=1.0e-02, K=20/20)",3,periodavg_0927-0929,32.160000,-23.3723,7.1902,101.3553,77.8076,23.5477
"BlendPCA-F (dynamic, w0=0.50, mu_lambda=1.0e-02, K=20/20)",3,periodavg_0927-0929,32.200000,-22.2552,6.4966,91.3858,77.8076,13.5782
"BlendPCA-F (dynamic, w0=0.50, mu_lambda=1.0e-02, K=20/20)",3,periodavg_0927-0929,32.253333,-22.3939,5.9556,97.1672,77.8076,19.3596
"BlendPCA-F (dynamic, w0=0.50, mu_lambda=1.0e-02, K=20/20)",3,periodavg_0927-0929,32.306667,-23.6368,6.6595,98.3336,77.8076,20.5260
"BlendPCA-F (dynamic, w0=0.50, mu_lambda=1.0e-02, K=20/20)",3,periodavg_0927-0929,32.360000,-21.5253,7.6076,93.4768,77.8076,15.6692
"BlendPCA-F (dynamic, w0=0.50, mu_lambda=1.0e-02, K=20/20)",3,periodavg_0927-0929,32.400000,-22.8861,5.4745,95.2486,77.8076,17.4410
"BlendPCA-F (dynamic, w0=0.50, mu_lambda=1.0e-02, K=20/20)",3,periodavg_0927-0929,32.453333,-23.5792,5.1960,98.9213,77.8076,21.1137
"BlendPCA-F (dynamic, w0=0.50, mu_lambda=1.0e-02, K=20/20)",3,periodavg_0927-0929,32.506667,-23.4794,5.9815,97.2954,77.8076,19.4878
"BlendPCA-F (dynamic, w0=0.50, mu_lambda=1.0e-02, K=20/20)",3,periodavg_0927-0929,32.560000,-22.7717,4.2649,97.1417,77.8076,19.3341
"BlendPCA-F (dynamic, w0=0.50, mu_lambda=1.0e-02, K=20/20)",3,periodavg_0927-0929,32.600000,-22.9206,7.5408,96.0582,77.8076,18.2506
"BlendPCA-F (dynamic, w0=0.50, mu_lambda=1.0e-02, K=20/20)",3,periodavg_0927-0929,32.653333,-22.1498,6.2084,97.4998,77.8076,19.6922
"BlendPCA-F (dynamic, w0=0.50, mu_lambda=1.0e-02, K=20/20)",3,periodavg_0927-0929,32.706667,-23.4340,8.0368,96.3021,77.8076,18.4945
"BlendPCA-F (dynamic, w0=0.50, mu_lambda=1.0e-02, K=20/20)",3,periodavg_0927-0929,32.760000,-23.0279,6.1391,92.7544,77.8076,14.9468
"BlendPCA-F (dynamic, w0=0.50, mu_lambda=1.0e-02, K=20/20)",3,periodavg_0927-0929,32.800000,-21.1588,4.9792,94.3255,77.8076,16.5179
"BlendPCA-F (dynamic, w0=0.50, mu_lambda=1.0e-02, K=20/20)",3,periodavg_0927-0929,32.853333,-22.0412,7.7636,93.6483,77.8076,15.8407
"BlendPCA-F (dynamic, w0=0.50, mu_lambda=1.0e-02, K=20/20)",3,periodavg_0927-0929,32.906667,-21.2688,5.3405,93.1952,77.8076,15.3876
"BlendPCA-F (dynamic, w0=0.50, mu_lambda=1.0e-02, K=20/20)",3,periodavg_0927-0929,32.960000,-21.4053,5.2959,94.9777,77.8076,17.1701
"BlendPCA-F (dynamic, w0=0.50, mu_lambda=1.0e-02, K=20/20)",3,periodavg_0927-0929,33.000000,-22.1415,6.0506,91.7413,77.8076,13.9337
"BlendPCA-F (dynamic, w0=0.50, mu_lambda=1.0e-02, K=20/20)",3,periodavg_0927-0929,33.053333,-23.4785,8.4476,97.4143,77.8076,19.6067
"BlendPCA-F (dynamic, w0=0.50, mu_lambda=1.0e-02, K=20/20)",3,periodavg_0927-0929,33.106667,-22.3552,7.5475,96.8888,77.8076,19.0812
"BlendPCA-F (dynamic, w0=0.50, mu_lambda=1.0e-02, K=20/20)",3,periodavg_0927-0929,33.160000,-24.0260,6.9532,98.1671,77.8076,20.3595
"BlendPCA-F (dynamic, w0=0.50, mu_lambda=1.0e-02, K=20/20)",3,periodavg_0927-0929,33.200000,-24.4963,7.4189,99.3226,77.8076,21.5150
"BlendPCA-F (dynamic, w0=0.50, mu_lambda=1.0e-02, K=20/20)",3,periodavg_0927-0929,33.253333,-24.6831,7.7764,102.6679,77.8076,24.8602
"BlendPCA-F (dynamic, w0=0.50, mu_lambda=1.0e-02, K=20/20)",3,periodavg_0927-0929,33.306667,-24.1906,7.1218,101.8097,77.8076,24.0021
"BlendPCA-F (dynamic, w0=0.50, mu_lambda=1.0e-02, K=20/20)",3,periodavg_0927-0929,33.360000,-24.4755,7.8559,97.4138,77.8076,19.6062
"BlendPCA-F (dynamic, w0=0.50, mu_lambda=1.0e-02, K=20/20)",3,periodavg_0927-0929,33.400000,-23.2638,6.4548,94.6354,77.8076,16.8278
"BlendPCA-F (dynamic, w0=0.50, mu_lambda=1.0e-02, K=20/20)",3,periodavg_0927-0929,33.453333,-25.2724,6.4171,103.9973,77.8076,26.1897
"BlendPCA-F (dynamic, w0=0.50, mu_lambda=1.0e-02, K=20/20)",3,periodavg_0927-0929,33.506667,-24.0570,7.3457,101.4192,77.8076,23.6116
"BlendPCA-F (dynamic, w0=0.50, mu_lambda=1.0e-02, K=20/20)",3,periodavg_0927-0929,33.560000,-24.0514,7.4154,100.1606,77.8076,22.3530
"BlendPCA-F (dynamic, w0=0.50, mu_lambda=1.0e-02, K=20/20)",3,periodavg_0927-0929,33.600000,-20.3816,6.1269,97.0927,77.8076,19.2851
"BlendPCA-F (dynamic, w0=0.50, mu_lambda=1.0e-02, K=20/20)",3,periodavg_0927-0929,33.653333,-23.6329,4.6898,100.1090,77.8076,22.3014
"BlendPCA-F (dynamic, w0=0.50, mu_lambda=1.0e-02, K=20/20)",3,periodavg_0927-0929,33.706667,-23.8683,7.1173,102.3375,77.8076,24.5299
"BlendPCA-F (dynamic, w0=0.50, mu_lambda=1.0e-02, K=20/20)",3,periodavg_0927-0929,33.760000,-20.0934,6.4695,98.5489,77.8076,20.7413
"BlendPCA-F (dynamic, w0=0.50, mu_lambda=1.0e-02, K=20/20)",3,periodavg_0927-0929,33.800000,-23.0800,5.7646,100.7792,77.8076,22.9716
"BlendPCA-F (dynamic, w0=0.50, mu_lambda=1.0e-02, K=20/20)",3,periodavg_0927-0929,33.853333,-21.7520,6.0025,99.7293,77.8076,21.9217
"BlendPCA-F (dynamic, w0=0.50, mu_lambda=1.0e-02, K=20/20)",3,periodavg_0927-0929,33.906667,-23.3565,6.1999,99.3256,77.8076,21.5180
"BlendPCA-F (dynamic, w0=0.50, mu_lambda=1.0e-02, K=20/20)",3,periodavg_0927-0929,33.960000,-23.4626,5.2825,96.8177,77.8076,19.0101
"BlendPCA-F (dynamic, w0=0.50, mu_lambda=1.0e-02, K=20/20)",3,periodavg_0927-0929,34.000000,-23.5533,8.0966,96.3583,77.8076,18.5507
"BlendPCA-F (dynamic, w0=0.50, mu_lambda=1.0e-02, K=20/20)",3,periodavg_0927-0929,34.053333,-23.5092,6.8629,98.7362,77.8076,20.9286
"BlendPCA-F (dynamic, w0=0.50, mu_lambda=1.0e-02, K=20/20)",3,periodavg_0927-0929,34.106667,-23.8677,8.1843,96.8382,77.8076,19.0306
"BlendPCA-F (dynamic, w0=0.50, mu_lambda=1.0e-02, K=20/20)",3,periodavg_0927-0929,34.160000,-23.0872,6.9567,94.0231,77.8076,16.2155
"BlendPCA-F (dynamic, w0=0.50, mu_lambda=1.0e-02, K=20/20)",3,periodavg_0927-0929,34.200000,-23.6010,6.8735,100.3584,77.8076,22.5508
"BlendPCA-F (dynamic, w0=0.50, mu_lambda=1.0e-02, K=20/20)",3,periodavg_0927-0929,34.253333,-23.4417,7.2334,96.9609,77.8076,19.1533
"BlendPCA-F (dynamic, w0=0.50, mu_lambda=1.0e-02, K=20/20)",3,periodavg_0927-0929,34.306667,-24.5626,5.0889,101.2730,77.8076,23.4654
"BlendPCA-F (dynamic, w0=0.50, mu_lambda=1.0e-02, K=20/20)",3,periodavg_0927-0929,34.360000,-24.4942,8.4153,99.0215,77.8076,21.2139
"BlendPCA-F (dynamic, w0=0.50, mu_lambda=1.0e-02, K=20/20)",3,periodavg_0927-0929,34.400000,-21.2775,4.4392,95.5187,77.8076,17.7111
"BlendPCA-F (dynamic, w0=0.50, mu_lambda=1.0e-02, K=20/20)",3,periodavg_0927-0929,34.453333,-22.6352,5.9712,94.3406,77.8076,16.5330
"BlendPCA-F (dynamic, w0=0.50, mu_lambda=1.0e-02, K=20/20)",3,periodavg_0927-0929,34.506667,-23.0300,6.7961,98.2606,77.8076,20.4530
"BlendPCA-F (dynamic, w0=0.50, mu_lambda=1.0e-02, K=20/20)",3,periodavg_0927-0929,34.560000,-23.0682,6.9307,96.0156,77.8076,18.2080
"BlendPCA-F (dynamic, w0=0.50, mu_lambda=1.0e-02, K=20/20)",3,periodavg_0927-0929,34.600000,-23.4790,8.1391,96.9478,77.8076,19.1402
"BlendPCA-F (dynamic, w0=0.50, mu_lambda=1.0e-02, K=20/20)",3,periodavg_0927-0929,34.653333,-24.3781,8.2595,99.1972,77.8076,21.3896
"BlendPCA-F (dynamic, w0=0.50, mu_lambda=1.0e-02, K=20/20)",3,periodavg_0927-0929,34.706667,-25.6379,7.5324,102.0973,77.8076,24.2897
"BlendPCA-F (dynamic, w0=0.50, mu_lambda=1.0e-02, K=20/20)",3,periodavg_0927-0929,34.760000,-23.4266,8.3103,99.3576,77.8076,21.5500
"BlendPCA-F (dynamic, w0=0.50, mu_lambda=1.0e-02, K=20/20)",3,periodavg_0927-0929,34.800000,-25.0122,6.7327,99.6728,77.8076,21.8652
"BlendPCA-F (dynamic, w0=0.50, mu_lambda=1.0e-02, K=20/20)",3,periodavg_0927-0929,34.853333,-24.2037,7.4974,99.7928,77.8076,21.9852
"BlendPCA-F (dynamic, w0=0.50, mu_lambda=1.0e-02, K=20/20)",3,periodavg_0927-0929,34.906667,-23.9140,6.7616,99.5671,77.8076,21.7595
"BlendPCA-F (dynamic, w0=0.50, mu_lambda=1.0e-02, K=20/20)",3,periodavg_0927-0929,34.960000,-25.3423,7.5179,101.4346,77.8076,23.6270
"BlendPCA-F (dynamic, w0=0.50, mu_lambda=1.0e-02, K=20/20)",3,periodavg_0927-0929,35.000000,-25.1594,7.5269,99.1329,77.8076,21.3253
"BlendPCA-F (dynamic, w0=0.50, mu_lambda=1.0e-02, K=20/20)",3,periodavg_0927-0929,35.053333,-25.1692,7.3807,99.0472,77.8076,21.2396
"BlendPCA-F (dynamic, w0=0.50, mu_lambda=1.0e-02, K=20/20)",3,periodavg_0927-0929,35.106667,-24.2623,4.9301,95.3291,77.8076,17.5215
"BlendPCA-F (dynamic, w0=0.50, mu_lambda=1.0e-02, K=20/20)",3,periodavg_0927-0929,35.160000,-25.0912,7.1733,96.1798,77.8076,18.3722
"BlendPCA-F (dynamic, w0=0.50, mu_lambda=1.0e-02, K=20/20)",3,periodavg_0927-0929,35.200000,-25.0504,6.2522,97.4538,77.8076,19.6462
"BlendPCA-F (dynamic, w0=0.50, mu_lambda=1.0e-02, K=20/20)",3,periodavg_0927-0929,35.253333,-23.4000,5.9129,98.3543,77.8076,20.5467
"BlendPCA-F (dynamic, w0=0.50, mu_lambda=1.0e-02, K=20/20)",3,periodavg_0927-0929,35.306667,-24.7153,6.8291,99.2596,77.8076,21.4520
"BlendPCA-F (dynamic, w0=0.50, mu_lambda=1.0e-02, K=20/20)",3,periodavg_0927-0929,35.360000,-25.3718,8.2375,100.3256,77.8076,22.5180
"BlendPCA-F (dynamic, w0=0.50, mu_lambda=1.0e-02, K=20/20)",3,periodavg_0927-0929,35.400000,-25.6643,7.5374,100.2171,77.8076,22.4095
"BlendPCA-F (dynamic, w0=0.50, mu_lambda=1.0e-02, K=20/20)",3,periodavg_0927-0929,35.453333,-24.9438,6.1156,99.8648,77.8076,22.0572
"BlendPCA-F (dynamic, w0=0.50, mu_lambda=1.0e-02, K=20/20)",3,periodavg_0927-0929,35.506667,-25.5326,8.3021,100.0628,77.8076,22.2552
"BlendPCA-F (dynamic, w0=0.50, mu_lambda=1.0e-02, K=20/20)",3,periodavg_0927-0929,35.560000,-24.5247,7.2658,97.3601,77.8076,19.5525
"BlendPCA-F (dynamic, w0=0.50, mu_lambda=1.0e-02, K=20/20)",3,periodavg_0927-0929,35.600000,-21.8074,3.9157,100.3993,77.8076,22.5917
"BlendPCA-F (dynamic, w0=0.50, mu_lambda=1.0e-02, K=20/20)",3,periodavg_0927-0929,35.653333,-22.3274,5.6397,98.7979,77.8076,20.9903
"BlendPCA-F (dynamic, w0=0.50, mu_lambda=1.0e-02, K=20/20)",3,periodavg_0927-0929,35.706667,-23.3141,5.2509,97.8962,77.8076,20.0886
"BlendPCA-F (dynamic, w0=0.50, mu_lambda=1.0e-02, K=20/20)",3,periodavg_0927-0929,35.760000,-22.1643,7.8005,94.0022,77.8076,16.1946
"BlendPCA-F (dynamic, w0=0.50, mu_lambda=1.0e-02, K=20/20)",3,periodavg_0927-0929,35.800000,-22.8565,7.1223,98.7735,77.8076,20.9659
"BlendPCA-F (dynamic, w0=0.50, mu_lambda=1.0e-02, K=20/20)",3,periodavg_0927-0929,35.853333,-18.0334,6.4911,90.0695,77.8076,12.2619
"BlendPCA-F (dynamic, w0=0.50, mu_lambda=1.0e-02, K=20/20)",3,periodavg_0927-0929,35.906667,-21.6486,5.4834,98.6294,77.8076,20.8218
"BlendPCA-F (dynamic, w0=0.50, mu_lambda=1.0e-02, K=20/20)",3,periodavg_0927-0929,35.960000,-22.8195,5.8824,97.7768,77.8076,19.9692
"BlendPCA-F (dynamic, w0=0.50, mu_lambda=1.0e-02, K=20/20)",3,periodavg_0927-0929,36.000000,-22.3092,5.6006,97.2866,77.8076,19.4790
"BlendPCA-F (dynamic, w0=0.50, mu_lambda=1.0e-02, K=20/20)",3,periodavg_0927-0929,36.053333,-23.1655,8.0024,97.6282,77.8076,19.8206
"BlendPCA-F (dynamic, w0=0.50, mu_lambda=1.0e-02, K=20/20)",3,periodavg_0927-0929,36.106667,-23.0557,6.4715,99.1615,77.8076,21.3539
"BlendPCA-F (dynamic, w0=0.50, mu_lambda=1.0e-02, K=20/20)",3,periodavg_0927-0929,36.160000,-22.8802,6.0386,94.6620,77.8076,16.8544
"BlendPCA-F (dynamic, w0=0.50, mu_lambda=1.0e-02, K=20/20)",3,periodavg_0927-0929,36.200000,-23.9638,6.9778,98.6360,77.8076,20.8284
"BlendPCA-F (dynamic, w0=0.50, mu_lambda=1.0e-02, K=20/20)",3,periodavg_0927-0929,36.253333,-24.4038,7.0503,99.5424,77.8076,21.7348
"BlendPCA-F (dynamic, w0=0.50, mu_lambda=1.0e-02, K=20/20)",3,periodavg_0927-0929,36.306667,-24.0157,6.4929,97.2288,77.8076,19.4212
"BlendPCA-F (dynamic, w0=0.50, mu_lambda=1.0e-02, K=20/20)",3,periodavg_0927-0929,36.360000,-22.4123,6.8865,93.9829,77.8076,16.1753
"BlendPCA-F (dynamic, w0=0.50, mu_lambda=1.0e-02, K=20/20)",3,periodavg_0927-0929,36.400000,-23.5068,6.7936,95.7191,77.8076,17.9115
"BlendPCA-F (dynamic, w0=0.50, mu_lambda=1.0e-02, K=20/20)",3,periodavg_0927-0929,36.453333,-24.0232,9.2901,96.6250,77.8076,18.8174
"BlendPCA-F (dynamic, w0=0.50, mu_lambda=1.0e-02, K=20/20)",3,periodavg_0927-0929,36.506667,-24.2221,6.4783,98.6710,77.8076,20.8634
"BlendPCA-F (dynamic, w0=0.50, mu_lambda=1.0e-02, K=20/20)",3,periodavg_0927-0929,36.560000,-23.7304,8.0770,96.1251,77.8076,18.3175
"BlendPCA-F (dynamic, w0=0.50, mu_lambda=1.0e-02, K=20/20)",3,periodavg_0927-0929,36.600000,-24.2876,6.7404,97.2458,77.8076,19.4382
"BlendPCA-F (dynamic, w0=0.50, mu_lambda=1.0e-02, K=20/20)",3,periodavg_0927-0929,36.653333,-21.0801,5.8710,94.6752,77.8076,16.8676
"BlendPCA-F (dynamic, w0=0.50, mu_lambda=1.0e-02, K=20/20)",3,periodavg_0927-0929,36.706667,-21.6470,5.7776,90.5726,77.8076,12.7650
"BlendPCA-F (dynamic, w0=0.50, mu_lambda=1.0e-02, K=20/20)",3,periodavg_0927-0929,36.760000,-21.3033,6.2186,89.6478,77.8076,11.8402
"BlendPCA-F (dynamic, w0=0.50, mu_lambda=1.0e-02, K=20/20)",3,periodavg_0927-0929,36.800000,-22.2609,4.5626,94.0604,77.8076,16.2528
"BlendPCA-F (dynamic, w0=0.50, mu_lambda=1.0e-02, K=20/20)",3,periodavg_0927-0929,36.853333,-21.2126,6.8592,91.6527,77.8076,13.8451
"BlendPCA-F (dynamic, w0=0.50, mu_lambda=1.0e-02, K=20/20)",3,periodavg_0927-0929,36.906667,-22.6779,6.5044,95.0436,77.8076,17.2360
"BlendPCA-F (dynamic, w0=0.50, mu_lambda=1.0e-02, K=20/20)",3,periodavg_0927-0929,36.960000,-18.9092,6.6584,94.9710,77.8076,17.1634
"BlendPCA-F (dynamic, w0=0.50, mu_lambda=1.0e-02, K=20/20)",3,periodavg_0927-0929,37.000000,-21.9558,5.8893,95.9158,77.8076,18.1082
"BlendPCA-F (dynamic, w0=0.50, mu_lambda=1.0e-02, K=20/20)",3,periodavg_0927-0929,37.053333,-24.1556,7.0966,99.2526,77.8076,21.4450
"BlendPCA-F (dynamic, w0=0.50, mu_lambda=1.0e-02, K=20/20)",3,periodavg_0927-0929,37.106667,-24.3493,8.1413,99.3584,77.8076,21.5508
"BlendPCA-F (dynamic, w0=0.50, mu_lambda=1.0e-02, K=20/20)",3,periodavg_0927-0929,37.160000,-24.7278,6.4337,101.6372,77.8076,23.8296
"BlendPCA-F (dynamic, w0=0.50, mu_lambda=1.0e-02, K=20/20)",3,periodavg_0927-0929,37.200000,-22.7629,5.5688,97.6314,77.8076,19.8238
"BlendPCA-F (dynamic, w0=0.50, mu_lambda=1.0e-02, K=20/20)",3,periodavg_0927-0929,37.253333,-23.3629,6.5006,94.4121,77.8076,16.6045
"BlendPCA-F (dynamic, w0=0.50, mu_lambda=1.0e-02, K=20/20)",3,periodavg_0927-0929,37.306667,-24.4743,8.0900,99.1529,77.8076,21.3453
"BlendPCA-F (dynamic, w0=0.50, mu_lambda=1.0e-02, K=20/20)",3,periodavg_0927-0929,37.360000,-23.1535,6.0481,97.3817,77.8076,19.5741
"BlendPCA-F (dynamic, w0=0.50, mu_lambda=1.0e-02, K=20/20)",3,periodavg_0927-0929,37.400000,-21.9738,6.6313,90.3641,77.8076,12.5565
"BlendPCA-F (dynamic, w0=0.50, mu_lambda=1.0e-02, K=20/20)",3,periodavg_0927-0929,37.453333,-23.9326,5.2712,99.5710,77.8076,21.7634
"BlendPCA-F (dynamic, w0=0.50, mu_lambda=1.0e-02, K=20/20)",3,periodavg_0927-0929,37.506667,-22.1591,4.5099,91.0846,77.8076,13.2769
"BlendPCA-F (dynamic, w0=0.50, mu_lambda=1.0e-02, K=20/20)",3,periodavg_0927-0929,37.560000,-21.1954,6.7852,90.7946,77.8076,12.9870
"BlendPCA-F (dynamic, w0=0.50, mu_lambda=1.0e-02, K=20/20)",3,periodavg_0927-0929,37.600000,-22.4991,5.6338,93.2619,77.8076,15.4543
"BlendPCA-F (dynamic, w0=0.50, mu_lambda=1.0e-02, K=20/20)",3,periodavg_0927-0929,37.653333,-20.7581,5.5474,93.1246,77.8076,15.3170
"BlendPCA-F (dynamic, w0=0.50, mu_lambda=1.0e-02, K=20/20)",3,periodavg_0927-0929,37.706667,-22.0204,6.6900,96.0920,77.8076,18.2844
"BlendPCA-F (dynamic, w0=0.50, mu_lambda=1.0e-02, K=20/20)",3,periodavg_0927-0929,37.760000,-22.0857,5.4650,97.2460,77.8076,19.4384
"BlendPCA-F (dynamic, w0=0.50, mu_lambda=1.0e-02, K=20/20)",3,periodavg_0927-0929,37.800000,-22.5333,8.4874,97.1158,77.8076,19.3082
"BlendPCA-F (dynamic, w0=0.50, mu_lambda=1.0e-02, K=20/20)",3,periodavg_0927-0929,37.853333,-22.3845,7.0493,97.6487,77.8076,19.8411
"BlendPCA-F (dynamic, w0=0.50, mu_lambda=1.0e-02, K=20/20)",3,periodavg_0927-0929,37.906667,-20.1880,5.8471,87.7017,77.8076,9.8941
"BlendPCA-F (dynamic, w0=0.50, mu_lambda=1.0e-02, K=20/20)",3,periodavg_0927-0929,37.960000,-23.2200,6.4015,100.7925,77.8076,22.9849
"BlendPCA-F (dynamic, w0=0.50, mu_lambda=1.0e-02, K=20/20)",3,periodavg_0927-0929,38.000000,-22.8245,8.4355,96.6215,77.8076,18.8139
"BlendPCA-F (dynamic, w0=0.50, mu_lambda=1.0e-02, K=20/20)",3,periodavg_0927-0929,38.053333,-19.4951,6.9875,95.6895,77.8076,17.8819
"BlendPCA-F (dynamic, w0=0.50, mu_lambda=1.0e-02, K=20/20)",3,periodavg_0927-0929,38.106667,-22.5558,5.4801,95.7542,77.8076,17.9466
"BlendPCA-F (dynamic, w0=0.50, mu_lambda=1.0e-02, K=20/20)",3,periodavg_0927-0929,38.160000,-24.3452,6.9045,98.0749,77.8076,20.2673
"BlendPCA-F (dynamic, w0=0.50, mu_lambda=1.0e-02, K=20/20)",3,periodavg_0927-0929,38.200000,-23.9994,6.1167,99.2433,77.8076,21.4357
"BlendPCA-F (dynamic, w0=0.50, mu_lambda=1.0e-02, K=20/20)",3,periodavg_0927-0929,38.253333,-25.0690,7.0729,100.7195,77.8076,22.9119
"BlendPCA-F (dynamic, w0=0.50, mu_lambda=1.0e-02, K=20/20)",3,periodavg_0927-0929,38.306667,-24.2680,7.9691,101.8522,77.8076,24.0446
"BlendPCA-F (dynamic, w0=0.50, mu_lambda=1.0e-02, K=20/20)",3,periodavg_0927-0929,38.360000,-23.8841,5.8416,97.4808,77.8076,19.6732
"BlendPCA-F (dynamic, w0=0.50, mu_lambda=1.0e-02, K=20/20)",3,periodavg_0927-0929,38.400000,-21.9160,6.4800,95.4773,77.8076,17.6697
"BlendPCA-F (dynamic, w0=0.50, mu_lambda=1.0e-02, K=20/20)",3,periodavg_0927-0929,38.453333,-24.5192,6.6465,99.8964,77.8076,22.0888
"BlendPCA-F (dynamic, w0=0.50, mu_lambda=1.0e-02, K=20/20)",3,periodavg_0927-0929,38.506667,-22.9605,4.8960,93.3743,77.8076,15.5667
"BlendPCA-F (dynamic, w0=0.50, mu_lambda=1.0e-02, K=20/20)",3,periodavg_0927-0929,38.560000,-21.1340,5.8936,89.8337,77.8076,12.0261
"BlendPCA-F (dynamic, w0=0.50, mu_lambda=1.0e-02, K=20/20)",3,periodavg_0927-0929,38.600000,-23.7009,4.8840,97.6239,77.8076,19.8163
"BlendPCA-F (dynamic, w0=0.50, mu_lambda=1.0e-02, K=20/20)",3,periodavg_0927-0929,38.653333,-24.5221,7.5475,99.5811,77.8076,21.7735
"BlendPCA-F (dynamic, w0=0.50, mu_lambda=1.0e-02, K=20/20)",3,periodavg_0927-0929,38.706667,-24.8977,6.0009,99.5238,77.8076,21.7162
"BlendPCA-F (dynamic, w0=0.50, mu_lambda=1.0e-02, K=20/20)",3,periodavg_0927-0929,38.760000,-24.8515,6.7098,100.9595,77.8076,23.1519
"BlendPCA-F (dynamic, w0=0.50, mu_lambda=1.0e-02, K=20/20)",3,periodavg_0927-0929,38.800000,-24.9789,9.1386,99.0623,77.8076,21.2547
"BlendPCA-F (dynamic, w0=0.50, mu_lambda=1.0e-02, K=20/20)",3,periodavg_0927-0929,38.853333,-23.3834,5.1597,94.1661,77.8076,16.3585
"BlendPCA-F (dynamic, w0=0.50, mu_lambda=1.0e-02, K=20/20)",3,periodavg_0927-0929,38.906667,-23.3504,6.6740,95.9008,77.8076,18.0932
"BlendPCA-F (dynamic, w0=0.50, mu_lambda=1.0e-02, K=20/20)",3,periodavg_0927-0929,38.960000,-24.6002,6.9316,99.8914,77.8076,22.0838
"BlendPCA-F (dynamic, w0=0.50, mu_lambda=1.0e-02, K=20/20)",3,periodavg_0927-0929,39.000000,-24.7187,8.1400,99.7209,77.8076,21.9133
"BlendPCA-F (dynamic, w0=0.50, mu_lambda=1.0e-02, K=20/20)",3,periodavg_0927-0929,39.053333,-22.2318,8.0557,90.6887,77.8076,12.8811
"BlendPCA-F (dynamic, w0=0.50, mu_lambda=1.0e-02, K=20/20)",3,periodavg_0927-0929,39.106667,-21.8633,6.2819,96.9542,77.8076,19.1466
"BlendPCA-F (dynamic, w0=0.50, mu_lambda=1.0e-02, K=20/20)",3,periodavg_0927-0929,39.160000,-19.9483,5.8222,86.7873,77.8076,8.9797
"BlendPCA-F (dynamic, w0=0.50, mu_lambda=1.0e-02, K=20/20)",3,periodavg_0927-0929,39.200000,-19.7848,6.1307,87.4449,77.8076,9.6373
"BlendPCA-F (dynamic, w0=0.50, mu_lambda=1.0e-02, K=20/20)",3,periodavg_0927-0929,39.253333,-22.6329,5.6216,95.3573,77.8076,17.5497
"BlendPCA-F (dynamic, w0=0.50, mu_lambda=1.0e-02, K=20/20)",3,periodavg_0927-0929,39.306667,-24.1871,6.5916,101.3137,77.8076,23.5061
"BlendPCA-F (dynamic, w0=0.50, mu_lambda=1.0e-02, K=20/20)",3,periodavg_0927-0929,39.360000,-23.9591,7.4184,97.4730,77.8076,19.6654
"BlendPCA-F (dynamic, w0=0.50, mu_lambda=1.0e-02, K=20/20)",3,periodavg_0927-0929,39.400000,-22.0974,5.8666,91.0809,77.8076,13.2733
"BlendPCA-F (dynamic, w0=0.50, mu_lambda=1.0e-02, K=20/20)",3,periodavg_0927-0929,39.453333,-20.3547,5.6612,94.5293,77.8076,16.7217
"BlendPCA-F (dynamic, w0=0.50, mu_lambda=1.0e-02, K=20/20)",3,periodavg_0927-0929,39.506667,-22.7195,5.5791,97.1116,77.8076,19.3040
"BlendPCA-F (dynamic, w0=0.50, mu_lambda=1.0e-02, K=20/20)",3,periodavg_0927-0929,39.560000,-22.1589,7.8617,94.8503,77.8076,17.0427
"BlendPCA-F (dynamic, w0=0.50, mu_lambda=1.0e-02, K=20/20)",3,periodavg_0927-0929,39.600000,-21.5491,6.0513,99.1957,77.8076,21.3881
"BlendPCA-F (dynamic, w0=0.50, mu_lambda=1.0e-02, K=20/20)",3,periodavg_0927-0929,39.653333,-21.4899,5.0165,92.7057,77.8076,14.8981
"BlendPCA-F (dynamic, w0=0.50, mu_lambda=1.0e-02, K=20/20)",3,periodavg_0927-0929,39.706667,-22.9521,7.0023,96.9478,77.8076,19.1402
"BlendPCA-F (dynamic, w0=0.50, mu_lambda=1.0e-02, K=20/20)",3,periodavg_0927-0929,39.760000,-24.5669,6.7983,98.0202,77.8076,20.2126
"BlendPCA-F (dynamic, w0=0.50, mu_lambda=1.0e-02, K=20/20)",3,periodavg_0927-0929,39.800000,-25.0093,7.6306,98.5350,77.8076,20.7274
"BlendPCA-F (dynamic, w0=0.50, mu_lambda=1.0e-02, K=20/20)",3,periodavg_0927-0929,39.853333,-24.7271,8.4766,98.2956,77.8076,20.4880
"BlendPCA-F (dynamic, w0=0.50, mu_lambda=1.0e-02, K=20/20)",3,periodavg_0927-0929,39.906667,-22.5635,5.0774,94.7818,77.8076,16.9742
"BlendPCA-F (dynamic, w0=0.50, mu_lambda=1.0e-02, K=20/20)",3,periodavg_0927-0929,39.960000,-21.2092,6.3272,90.2289,77.8076,12.4213
"BlendPCA-F (dynamic, w0=0.50, mu_lambda=1.0e-02, K=20/20)",3,periodavg_0927-0929,40.000000,-23.8980,5.5280,95.4590,77.8076,17.6514
"BlendPCA-F (dynamic, w0=0.50, mu_lambda=1.0e-02, K=20/20)",4,periodavg_0873-0875,40.013333,-14.0937,-0.2765,85.1658,78.8996,6.2662
"BlendPCA-F (dynamic, w0=0.50, mu_lambda=1.0e-02, K=20/20)",4,periodavg_0873-0875,40.053333,-17.8986,4.1874,89.4960,78.8996,10.5964
"BlendPCA-F (dynamic, w0=0.50, mu_lambda=1.0e-02, K=20/20)",4,periodavg_0873-0875,40.106667,-19.6682,6.4240,96.5701,78.8996,17.6705
"BlendPCA-F (dynamic, w0=0.50, mu_lambda=1.0e-02, K=20/20)",4,periodavg_0873-0875,40.160000,-19.3740,3.8776,95.9525,78.8996,17.0529
"BlendPCA-F (dynamic, w0=0.50, mu_lambda=1.0e-02, K=20/20)",4,periodavg_0873-0875,40.200000,-19.4430,6.7985,96.4316,78.8996,17.5320
"BlendPCA-F (dynamic, w0=0.50, mu_lambda=1.0e-02, K=20/20)",4,periodavg_0873-0875,40.253333,-20.2774,4.2279,98.4717,78.8996,19.5721
"BlendPCA-F (dynamic, w0=0.50, mu_lambda=1.0e-02, K=20/20)",4,periodavg_0873-0875,40.306667,-19.5119,5.9109,94.6881,78.8996,15.7885
"BlendPCA-F (dynamic, w0=0.50, mu_lambda=1.0e-02, K=20/20)",4,periodavg_0873-0875,40.360000,-18.4542,4.6505,90.6903,78.8996,11.7907
"BlendPCA-F (dynamic, w0=0.50, mu_lambda=1.0e-02, K=20/20)",4,periodavg_0873-0875,40.400000,-19.4126,8.3875,94.8432,78.8996,15.9436
"BlendPCA-F (dynamic, w0=0.50, mu_lambda=1.0e-02, K=20/20)",4,periodavg_0873-0875,40.453333,-18.5414,4.9002,89.7575,78.8996,10.8579
"BlendPCA-F (dynamic, w0=0.50, mu_lambda=1.0e-02, K=20/20)",4,periodavg_0873-0875,40.506667,-20.0136,5.5076,97.3986,78.8996,18.4990
"BlendPCA-F (dynamic, w0=0.50, mu_lambda=1.0e-02, K=20/20)",4,periodavg_0873-0875,40.560000,-18.4745,6.2656,96.6880,78.8996,17.7884
"BlendPCA-F (dynamic, w0=0.50, mu_lambda=1.0e-02, K=20/20)",4,periodavg_0873-0875,40.600000,-18.7528,4.9805,90.7849,78.8996,11.8853
"BlendPCA-F (dynamic, w0=0.50, mu_lambda=1.0e-02, K=20/20)",4,periodavg_0873-0875,40.653333,-19.3295,6.0238,91.6938,78.8996,12.7942
"BlendPCA-F (dynamic, w0=0.50, mu_lambda=1.0e-02, K=20/20)",4,periodavg_0873-0875,40.706667,-17.2442,4.5175,85.4384,78.8996,6.5388
"BlendPCA-F (dynamic, w0=0.50, mu_lambda=1.0e-02, K=20/20)",4,periodavg_0873-0875,40.760000,-19.9031,5.1873,98.5814,78.8996,19.6818
"BlendPCA-F (dynamic, w0=0.50, mu_lambda=1.0e-02, K=20/20)",4,periodavg_0873-0875,40.800000,-19.2497,7.2431,93.4293,78.8996,14.5297
"BlendPCA-F (dynamic, w0=0.50, mu_lambda=1.0e-02, K=20/20)",4,periodavg_0873-0875,40.853333,-18.4388,6.0458,88.6570,78.8996,9.7574
"BlendPCA-F (dynamic, w0=0.50, mu_lambda=1.0e-02, K=20/20)",4,periodavg_0873-0875,40.906667,-19.4527,4.9934,91.0107,78.8996,12.1111
"BlendPCA-F (dynamic, w0=0.50, mu_lambda=1.0e-02, K=20/20)",4,periodavg_0873-0875,40.960000,-19.4378,5.1777,95.8260,78.8996,16.9264
"BlendPCA-F (dynamic, w0=0.50, mu_lambda=1.0e-02, K=20/20)",4,periodavg_0873-0875,41.000000,-18.9304,5.8971,99.1440,78.8996,20.2444
"BlendPCA-F (dynamic, w0=0.50, mu_lambda=1.0e-02, K=20/20)",4,periodavg_0873-0875,41.053333,-17.8051,5.3753,88.3849,78.8996,9.4853
"BlendPCA-F (dynamic, w0=0.50, mu_lambda=1.0e-02, K=20/20)",4,periodavg_0873-0875,41.106667,-20.1401,5.3926,97.5560,78.8996,18.6564
"BlendPCA-F (dynamic, w0=0.50, mu_lambda=1.0e-02, K=20/20)",4,periodavg_0873-0875,41.160000,-16.4968,5.5260,97.3404,78.8996,18.4408
"BlendPCA-F (dynamic, w0=0.50, mu_lambda=1.0e-02, K=20/20)",4,periodavg_0873-0875,41.200000,-17.3919,5.9553,97.1622,78.8996,18.2626
"BlendPCA-F (dynamic, w0=0.50, mu_lambda=1.0e-02, K=20/20)",4,periodavg_0873-0875,41.253333,-15.6116,5.1383,87.8237,78.8996,8.9241
"BlendPCA-F (dynamic, w0=0.50, mu_lambda=1.0e-02, K=20/20)",4,periodavg_0873-0875,41.306667,-19.5852,3.6868,92.4071,78.8996,13.5075
"BlendPCA-F (dynamic, w0=0.50, mu_lambda=1.0e-02, K=20/20)",4,periodavg_0873-0875,41.360000,-18.6814,4.9964,92.3364,78.8996,13.4368
"BlendPCA-F (dynamic, w0=0.50, mu_lambda=1.0e-02, K=20/20)",4,periodavg_0873-0875,41.400000,-20.3900,6.2803,98.6906,78.8996,19.7910
"BlendPCA-F (dynamic, w0=0.50, mu_lambda=1.0e-02, K=20/20)",4,periodavg_0873-0875,41.453333,-20.6874,5.7753,98.4724,78.8996,19.5728
"BlendPCA-F (dynamic, w0=0.50, mu_lambda=1.0e-02, K=20/20)",4,periodavg_0873-0875,41.506667,-19.8046,3.6589,94.6947,78.8996,15.7951
"BlendPCA-F (dynamic, w0=0.50, mu_lambda=1.0e-02, K=20/20)",4,periodavg_0873-0875,41.560000,-19.5278,5.0016,98.8916,78.8996,19.9920
"BlendPCA-F (dynamic, w0=0.50, mu_lambda=1.0e-02, K=20/20)",4,periodavg_0873-0875,41.600000,-19.2280,4.5990,99.5208,78.8996,20.6212
"BlendPCA-F (dynamic, w0=0.50, mu_lambda=1.0e-02, K=20/20)",4,periodavg_0873-0875,41.653333,-16.8341,5.6177,90.8353,78.8996,11.9357
"BlendPCA-F (dynamic, w0=0.50, mu_lambda=1.0e-02, K=20/20)",4,periodavg_0873-0875,41.706667,-18.0425,3.3774,93.1207,78.8996,14.2211
"BlendPCA-F (dynamic, w0=0.50, mu_lambda=1.0e-02, K=20/20)",4,periodavg_0873-0875,41.760000,-16.7863,6.1372,86.3278,78.8996,7.4282
"BlendPCA-F (dynamic, w0=0.50, mu_lambda=1.0e-02, K=20/20)",4,periodavg_0873-0875,41.800000,-19.3393,5.8755,92.9902,78.8996,14.0906
"BlendPCA-F (dynamic, w0=0.50, mu_lambda=1.0e-02, K=20/20)",4,periodavg_0873-0875,41.853333,-19.8680,3.4799,96.0560,78.8996,17.1564
"BlendPCA-F (dynamic, w0=0.50, mu_lambda=1.0e-02, K=20/20)",4,periodavg_0873-0875,41.906667,-16.8462,6.0442,89.2559,78.8996,10.3563
"BlendPCA-F (dynamic, w0=0.50, mu_lambda=1.0e-02, K=20/20)",4,periodavg_0873-0875,41.960000,-19.7099,5.1069,99.2022,78.8996,20.3026
"BlendPCA-F (dynamic, w0=0.50, mu_lambda=1.0e-02, K=20/20)",4,periodavg_0873-0875,42.000000,-18.9472,4.8924,100.2163,78.8996,21.3167
"BlendPCA-F (dynamic, w0=0.50, mu_lambda=1.0e-02, K=20/20)",4,periodavg_0873-0875,42.053333,-19.4465,6.3329,98.6730,78.8996,19.7734
"BlendPCA-F (dynamic, w0=0.50, mu_lambda=1.0e-02, K=20/20)",4,periodavg_0873-0875,42.106667,-17.1099,4.9450,98.7863,78.8996,19.8867
"BlendPCA-F (dynamic, w0=0.50, mu_lambda=1.0e-02, K=20/20)",4,periodavg_0873-0875,42.160000,-18.7280,4.5903,93.7632,78.8996,14.8636
"BlendPCA-F (dynamic, w0=0.50, mu_lambda=1.0e-02, K=20/20)",4,periodavg_0873-0875,42.200000,-18.6504,4.8468,96.0344,78.8996,17.1348
"BlendPCA-F (dynamic, w0=0.50, mu_lambda=1.0e-02, K=20/20)",4,periodavg_0873-0875,42.253333,-18.3394,4.9122,90.3585,78.8996,11.4589
"BlendPCA-F (dynamic, w0=0.50, mu_lambda=1.0e-02, K=20/20)",4,periodavg_0873-0875,42.306667,-18.9372,4.5238,93.4363,78.8996,14.5367
"BlendPCA-F (dynamic, w0=0.50, mu_lambda=1.0e-02, K=20/20)",4,periodavg_0873-0875,42.360000,-19.6352,4.8243,99.1463,78.8996,20.2467
"BlendPCA-F (dynamic, w0=0.50, mu_lambda=1.0e-02, K=20/20)",4,periodavg_0873-0875,42.400000,-19.2655,6.9705,96.4225,78.8996,17.5229
"BlendPCA-F (dynamic, w0=0.50, mu_lambda=1.0e-02, K=20/20)",4,periodavg_0873-0875,42.453333,-18.6163,6.6862,97.7569,78.8996,18.8573
"BlendPCA-F (dynamic, w0=0.50, mu_lambda=1.0e-02, K=20/20)",4,periodavg_0873-0875,42.506667,-20.5285,5.4559,98.0835,78.8996,19.1839
"BlendPCA-F (dynamic, w0=0.50, mu_lambda=1.0e-02, K=20/20)",4,periodavg_0873-0875,42.560000,-17.8725,4.2592,98.7084,78.8996,19.8088
"BlendPCA-F (dynamic, w0=0.50, mu_lambda=1.0e-02, K=20/20)",4,periodavg_0873-0875,42.600000,-18.9573,5.2727,93.2471,78.8996,14.3475
"BlendPCA-F (dynamic, w0=0.50, mu_lambda=1.0e-02, K=20/20)",4,periodavg_0873-0875,42.653333,-15.9950,4.9952,94.7564,78.8996,15.8568
"BlendPCA-F (dynamic, w0=0.50, mu_lambda=1.0e-02, K=20/20)",4,periodavg_0873-0875,42.706667,-17.6848,5.9119,95.2550,78.8996,16.3554
"BlendPCA-F (dynamic, w0=0.50, mu_lambda=1.0e-02, K=20/20)",4,periodavg_0873-0875,42.760000,-18.8534,5.1831,89.3152,78.8996,10.4156
"BlendPCA-F (dynamic, w0=0.50, mu_lambda=1.0e-02, K=20/20)",4,periodavg_0873-0875,42.800000,-18.9780,6.3702,88.3143,78.8996,9.4147
"BlendPCA-F (dynamic, w0=0.50, mu_lambda=1.0e-02, K=20/20)",4,periodavg_0873-0875,42.853333,-20.5999,4.8027,96.6210,78.8996,17.7214
"BlendPCA-F (dynamic, w0=0.50, mu_lambda=1.0e-02, K=20/20)",4,periodavg_0873-0875,42.906667,-20.3687,6.4287,94.8193,78.8996,15.9197
"BlendPCA-F (dynamic, w0=0.50, mu_lambda=1.0e-02, K=20/20)",4,periodavg_0873-0875,42.960000,-17.7768,4.7221,85.8350,78.8996,6.9354
"BlendPCA-F (dynamic, w0=0.50, mu_lambda=1.0e-02, K=20/20)",4,periodavg_0873-0875,43.000000,-19.5668,6.0925,90.8120,78.8996,11.9124
"BlendPCA-F (dynamic, w0=0.50, mu_lambda=1.0e-02, K=20/20)",4,periodavg_0873-0875,43.053333,-19.3711,5.0543,98.9318,78.8996,20.0322
"BlendPCA-F (dynamic, w0=0.50, mu_lambda=1.0e-02, K=20/20)",4,periodavg_0873-0875,43.106667,-20.0670,5.6050,95.2437,78.8996,16.3441
"BlendPCA-F (dynamic, w0=0.50, mu_lambda=1.0e-02, K=20/20)",4,periodavg_0873-0875,43.160000,-19.6338,5.0893,98.8605,78.8996,19.9609
"BlendPCA-F (dynamic, w0=0.50, mu_lambda=1.0e-02, K=20/20)",4,periodavg_0873-0875,43.200000,-19.9179,6.3670,95.4551,78.8996,16.5555
"BlendPCA-F (dynamic, w0=0.50, mu_lambda=1.0e-02, K=20/20)",4,periodavg_0873-0875,43.253333,-18.4358,6.8050,88.1974,78.8996,9.2978
"BlendPCA-F (dynamic, w0=0.50, mu_lambda=1.0e-02, K=20/20)",4,periodavg_0873-0875,43.306667,-19.1953,4.8621,97.3573,78.8996,18.4577
"BlendPCA-F (dynamic, w0=0.50, mu_lambda=1.0e-02, K=20/20)",4,periodavg_0873-0875,43.360000,-18.4139,5.2475,87.6548,78.8996,8.7552
"BlendPCA-F (dynamic, w0=0.50, mu_lambda=1.0e-02, K=20/20)",4,periodavg_0873-0875,43.400000,-19.8237,5.8640,97.2989,78.8996,18.3993
"BlendPCA-F (dynamic, w0=0.50, mu_lambda=1.0e-02, K=20/20)",4,periodavg_0873-0875,43.453333,-20.5148,3.5330,99.5487,78.8996,20.6491
"BlendPCA-F (dynamic, w0=0.50, mu_lambda=1.0e-02, K=20/20)",4,periodavg_0873-0875,43.506667,-21.2181,5.9986,93.9532,78.8996,15.0536
"BlendPCA-F (dynamic, w0=0.50, mu_lambda=1.0e-02, K=20/20)",4,periodavg_0873-0875,43.560000,-20.7384,6.6068,93.8728,78.8996,14.9732
"BlendPCA-F (dynamic, w0=0.50, mu_lambda=1.0e-02, K=20/20)",4,periodavg_0873-0875,43.600000,-17.4539,3.8775,86.5720,78.8996,7.6724
"BlendPCA-F (dynamic, w0=0.50, mu_lambda=1.0e-02, K=20/20)",4,periodavg_0873-0875,43.653333,-20.8741,5.9944,94.8588,78.8996,15.9592
"BlendPCA-F (dynamic, w0=0.50, mu_lambda=1.0e-02, K=20/20)",4,periodavg_0873-0875,43.706667,-19.6499,3.8746,89.6143,78.8996,10.7147
"BlendPCA-F (dynamic, w0=0.50, mu_lambda=1.0e-02, K=20/20)",4,periodavg_0873-0875,43.760000,-21.0078,4.4359,96.9915,78.8996,18.0919
"BlendPCA-F (dynamic, w0=0.50, mu_lambda=1.0e-02, K=20/20)",4,periodavg_0873-0875,43.800000,-21.7615,5.2282,98.9469,78.8996,20.0473
"BlendPCA-F (dynamic, w0=0.50, mu_lambda=1.0e-02, K=20/20)",4,periodavg_0873-0875,43.853333,-20.8972,4.7109,92.7381,78.8996,13.8385
"BlendPCA-F (dynamic, w0=0.50, mu_lambda=1.0e-02, K=20/20)",4,periodavg_0873-0875,43.906667,-18.8032,4.8427,93.0299,78.8996,14.1303
"BlendPCA-F (dynamic, w0=0.50, mu_lambda=1.0e-02, K=20/20)",4,periodavg_0873-0875,43.960000,-21.9186,4.8732,98.6053,78.8996,19.7057
"BlendPCA-F (dynamic, w0=0.50, mu_lambda=1.0e-02, K=20/20)",4,periodavg_0873-0875,44.000000,-21.2527,4.7913,97.5513,78.8996,18.6517
"BlendPCA-F (dynamic, w0=0.50, mu_lambda=1.0e-02, K=20/20)",4,periodavg_0873-0875,44.053333,-22.5839,5.8036,102.1745,78.8996,23.2749
"BlendPCA-F (dynamic, w0=0.50, mu_lambda=1.0e-02, K=20/20)",4,periodavg_0873-0875,44.106667,-21.2318,5.8092,97.6286,78.8996,18.7290
"BlendPCA-F (dynamic, w0=0.50, mu_lambda=1.0e-02, K=20/20)",4,periodavg_0873-0875,44.160000,-21.5109,5.1029,99.4583,78.8996,20.5587
"BlendPCA-F (dynamic, w0=0.50, mu_lambda=1.0e-02, K=20/20)",4,periodavg_0873-0875,44.200000,-21.1226,5.7441,94.4363,78.8996,15.5367
"BlendPCA-F (dynamic, w0=0.50, mu_lambda=1.0e-02, K=20/20)",4,periodavg_0873-0875,44.253333,-20.3425,4.4944,97.2405,78.8996,18.3409
"BlendPCA-F (dynamic, w0=0.50, mu_lambda=1.0e-02, K=20/20)",4,periodavg_0873-0875,44.306667,-19.9787,7.4742,93.6838,78.8996,14.7842
"BlendPCA-F (dynamic, w0=0.50, mu_lambda=1.0e-02, K=20/20)",4,periodavg_0873-0875,44.360000,-21.6849,4.1254,98.3682,78.8996,19.4686
"BlendPCA-F (dynamic, w0=0.50, mu_lambda=1.0e-02, K=20/20)",4,periodavg_0873-0875,44.400000,-17.3447,8.6661,87.0694,78.8996,8.1698
"BlendPCA-F (dynamic, w0=0.50, mu_lambda=1.0e-02, K=20/20)",4,periodavg_0873-0875,44.453333,-19.1074,2.7346,96.8753,78.8996,17.9757
"BlendPCA-F (dynamic, w0=0.50, mu_lambda=1.0e-02, K=20/20)",4,periodavg_0873-0875,44.506667,-19.6680,4.9924,90.4592,78.8996,11.5596
"BlendPCA-F (dynamic, w0=0.50, mu_lambda=1.0e-02, K=20/20)",4,periodavg_0873-0875,44.560000,-19.2606,5.4887,99.8130,78.8996,20.9134
"BlendPCA-F (dynamic, w0=0.50, mu_lambda=1.0e-02, K=20/20)",4,periodavg_0873-0875,44.600000,-17.1036,5.0491,91.9180,78.8996,13.0184
"BlendPCA-F (dynamic, w0=0.50, mu_lambda=1.0e-02, K=20/20)",4,periodavg_0873-0875,44.653333,-19.5395,4.2700,95.4396,78.8996,16.5400
"BlendPCA-F (dynamic, w0=0.50, mu_lambda=1.0e-02, K=20/20)",4,periodavg_0873-0875,44.706667,-20.0090,4.9105,94.5281,78.8996,15.6285
"BlendPCA-F (dynamic, w0=0.50, mu_lambda=1.0e-02, K=20/20)",4,periodavg_0873-0875,44.760000,-18.8205,3.6748,96.5926,78.8996,17.6930
"BlendPCA-F (dynamic, w0=0.50, mu_lambda=1.0e-02, K=20/20)",4,periodavg_0873-0875,44.800000,-19.5546,5.4784,97.2699,78.8996,18.3703
"BlendPCA-F (dynamic, w0=0.50, mu_lambda=1.0e-02, K=20/20)",4,periodavg_0873-0875,44.853333,-18.1868,5.4557,86.9218,78.8996,8.0222
"BlendPCA-F (dynamic, w0=0.50, mu_lambda=1.0e-02, K=20/20)",4,periodavg_0873-0875,44.906667,-19.6042,4.1119,97.1152,78.8996,18.2156
"BlendPCA-F (dynamic, w0=0.50, mu_lambda=1.0e-02, K=20/20)",4,periodavg_0873-0875,44.960000,-20.7460,6.9253,99.9585,78.8996,21.0589
"BlendPCA-F (dynamic, w0=0.50, mu_lambda=1.0e-02, K=20/20)",4,periodavg_0873-0875,45.000000,-19.5891,5.6094,96.9868,78.8996,18.0872
"BlendPCA-F (dynamic, w0=0.50, mu_lambda=1.0e-02, K=20/20)",4,periodavg_0873-0875,45.053333,-17.6732,6.4286,98.5537,78.8996,19.6541
"BlendPCA-F (dynamic, w0=0.50, mu_lambda=1.0e-02, K=20/20)",4,periodavg_0873-0875,45.106667,-20.8673,4.6722,96.7096,78.8996,17.8100
"BlendPCA-F (dynamic, w0=0.50, mu_lambda=1.0e-02, K=20/20)",4,periodavg_0873-0875,45.160000,-20.6976,5.9468,99.3074,78.8996,20.4078
"BlendPCA-F (dynamic, w0=0.50, mu_lambda=1.0e-02, K=20/20)",4,periodavg_0873-0875,45.200000,-18.5780,4.2619,97.6731,78.8996,18.7735
"BlendPCA-F (dynamic, w0=0.50, mu_lambda=1.0e-02, K=20/20)",4,periodavg_0873-0875,45.253333,-20.0754,4.3595,90.9261,78.8996,12.0265
"BlendPCA-F (dynamic, w0=0.50, mu_lambda=1.0e-02, K=20/20)",4,periodavg_0873-0875,45.306667,-19.7219,6.0604,96.8893,78.8996,17.9897
"BlendPCA-F (dynamic, w0=0.50, mu_lambda=1.0e-02, K=20/20)",4,periodavg_0873-0875,45.360000,-20.4506,5.9262,97.8094,78.8996,18.9098
"BlendPCA-F (dynamic, w0=0.50, mu_lambda=1.0e-02, K=20/20)",4,periodavg_0873-0875,45.400000,-20.3548,5.3300,97.1314,78.8996,18.2318
"BlendPCA-F (dynamic, w0=0.50, mu_lambda=1.0e-02, K=20/20)",4,periodavg_0873-0875,45.453333,-18.2337,5.7723,87.9139,78.8996,9.0143
"BlendPCA-F (dynamic, w0=0.50, mu_lambda=1.0e-02, K=20/20)",4,periodavg_0873-0875,45.506667,-20.4171,6.3778,97.1451,78.8996,18.2455
"BlendPCA-F (dynamic, w0=0.50, mu_lambda=1.0e-02, K=20/20)",4,periodavg_0873-0875,45.560000,-20.2518,5.4254,92.2814,78.8996,13.3818
"BlendPCA-F (dynamic, w0=0.50, mu_lambda=1.0e-02, K=20/20)",4,periodavg_0873-0875,45.600000,-20.3575,6.2831,96.0600,78.8996,17.1604
"BlendPCA-F (dynamic, w0=0.50, mu_lambda=1.0e-02, K=20/20)",4,periodavg_0873-0875,45.653333,-18.1408,5.3424,94.7353,78.8996,15.8357
"BlendPCA-F (dynamic, w0=0.50, mu_lambda=1.0e-02, K=20/20)",4,periodavg_0873-0875,45.706667,-20.9785,5.5817,100.4053,78.8996,21.5057
"BlendPCA-F (dynamic, w0=0.50, mu_lambda=1.0e-02, K=20/20)",4,periodavg_0873-0875,45.760000,-21.6325,5.2563,95.6273,78.8996,16.7277
"BlendPCA-F (dynamic, w0=0.50, mu_lambda=1.0e-02, K=20/20)",4,periodavg_0873-0875,45.800000,-21.0549,4.6086,95.1309,78.8996,16.2313
"BlendPCA-F (dynamic, w0=0.50, mu_lambda=1.0e-02, K=20/20)",4,periodavg_0873-0875,45.853333,-19.7873,5.7741,90.1155,78.8996,11.2159
"BlendPCA-F (dynamic, w0=0.50, mu_lambda=1.0e-02, K=20/20)",4,periodavg_0873-0875,45.906667,-20.2833,4.8596,95.8897,78.8996,16.9901
"BlendPCA-F (dynamic, w0=0.50, mu_lambda=1.0e-02, K=20/20)",4,periodavg_0873-0875,45.960000,-14.1802,5.8183,86.2820,78.8996,7.3824
"BlendPCA-F (dynamic, w0=0.50, mu_lambda=1.0e-02, K=20/20)",4,periodavg_0873-0875,46.000000,-17.6832,3.4903,89.9734,78.8996,11.0738
"BlendPCA-F (dynamic, w0=0.50, mu_lambda=1.0e-02, K=20/20)",4,periodavg_0873-0875,46.053333,-17.7556,4.8278,86.6487,78.8996,7.7491
"BlendPCA-F (dynamic, w0=0.50, mu_lambda=1.0e-02, K=20/20)",4,periodavg_0873-0875,46.106667,-20.0197,5.5724,94.9698,78.8996,16.0702
"BlendPCA-F (dynamic, w0=0.50, mu_lambda=1.0e-02, K=20/20)",4,periodavg_0873-0875,46.160000,-20.4457,6.0320,97.5889,78.8996,18.6893
"BlendPCA-F (dynamic, w0=0.50, mu_lambda=1.0e-02, K=20/20)",4,periodavg_0873-0875,46.200000,-20.4088,5.0576,93.6524,78.8996,14.7528
"BlendPCA-F (dynamic, w0=0.50, mu_lambda=1.0e-02, K=20/20)",4,periodavg_0873-0875,46.253333,-20.2937,5.3247,98.7989,78.8996,19.8993
"BlendPCA-F (dynamic, w0=0.50, mu_lambda=1.0e-02, K=20/20)",4,periodavg_0873-0875,46.306667,-17.5000,4.2583,90.2059,78.8996,11.3063
"BlendPCA-F (dynamic, w0=0.50, mu_lambda=1.0e-02, K=20/20)",4,periodavg_0873-0875,46.360000,-19.7767,5.8432,94.8008,78.8996,15.9012
"BlendPCA-F (dynamic, w0=0.50, mu_lambda=1.0e-02, K=20/20)",4,periodavg_0873-0875,46.400000,-20.2099,6.1726,93.1255,78.8996,14.2259
"BlendPCA-F (dynamic, w0=0.50, mu_lambda=1.0e-02, K=20/20)",4,periodavg_0873-0875,46.453333,-19.4544,5.9573,91.1627,78.8996,12.2631
"BlendPCA-F (dynamic, w0=0.50, mu_lambda=1.0e-02, K=20/20)",4,periodavg_0873-0875,46.506667,-20.0518,5.4371,92.9145,78.8996,14.0149
"BlendPCA-F (dynamic, w0=0.50, mu_lambda=1.0e-02, K=20/20)",4,periodavg_0873-0875,46.560000,-17.1358,6.8325,87.4229,78.8996,8.5233
"BlendPCA-F (dynamic, w0=0.50, mu_lambda=1.0e-02, K=20/20)",4,periodavg_0873-0875,46.600000,-20.9994,3.6187,95.5056,78.8996,16.6060
"BlendPCA-F (dynamic, w0=0.50, mu_lambda=1.0e-02, K=20/20)",4,periodavg_0873-0875,46.653333,-21.1470,4.0092,98.5761,78.8996,19.6765
"BlendPCA-F (dynamic, w0=0.50, mu_lambda=1.0e-02, K=20/20)",4,periodavg_0873-0875,46.706667,-20.1514,7.4320,98.7838,78.8996,19.8842
"BlendPCA-F (dynamic, w0=0.50, mu_lambda=1.0e-02, K=20/20)",4,periodavg_0873-0875,46.760000,-19.9840,5.9423,94.8428,78.8996,15.9432
"BlendPCA-F (dynamic, w0=0.50, mu_lambda=1.0e-02, K=20/20)",4,periodavg_0873-0875,46.800000,-20.0947,7.2725,91.0044,78.8996,12.1048
"BlendPCA-F (dynamic, w0=0.50, mu_lambda=1.0e-02, K=20/20)",4,periodavg_0873-0875,46.853333,-20.5080,5.9498,90.3271,78.8996,11.4275
"BlendPCA-F (dynamic, w0=0.50, mu_lambda=1.0e-02, K=20/20)",4,periodavg_0873-0875,46.906667,-19.2266,5.0083,90.3126,78.8996,11.4130
"BlendPCA-F (dynamic, w0=0.50, mu_lambda=1.0e-02, K=20/20)",4,periodavg_0873-0875,46.960000,-21.4152,3.6129,95.5436,78.8996,16.6440
"BlendPCA-F (dynamic, w0=0.50, mu_lambda=1.0e-02, K=20/20)",4,periodavg_0873-0875,47.000000,-20.8480,5.8456,98.2257,78.8996,19.3261
"BlendPCA-F (dynamic, w0=0.50, mu_lambda=1.0e-02, K=20/20)",4,periodavg_0873-0875,47.053333,-18.7027,4.3534,94.2871,78.8996,15.3875
"BlendPCA-F (dynamic, w0=0.50, mu_lambda=1.0e-02, K=20/20)",4,periodavg_0873-0875,47.106667,-18.8347,4.4729,98.3546,78.8996,19.4550
"BlendPCA-F (dynamic, w0=0.50, mu_lambda=1.0e-02, K=20/20)",4,periodavg_0873-0875,47.160000,-19.1265,5.0420,93.1698,78.8996,14.2702
"BlendPCA-F (dynamic, w0=0.50, mu_lambda=1.0e-02, K=20/20)",4,periodavg_0873-0875,47.200000,-19.6373,8.6051,90.8966,78.8996,11.9970
"BlendPCA-F (dynamic, w0=0.50, mu_lambda=1.0e-02, K=20/20)",4,periodavg_0873-0875,47.253333,-19.4866,4.5817,94.0989,78.8996,15.1993
"BlendPCA-F (dynamic, w0=0.50, mu_lambda=1.0e-02, K=20/20)",4,periodavg_0873-0875,47.306667,-19.7775,4.9380,97.7863,78.8996,18.8867
"BlendPCA-F (dynamic, w0=0.50, mu_lambda=1.0e-02, K=20/20)",4,periodavg_0873-0875,47.360000,-20.0908,6.0627,92.3325,78.8996,13.4329
"BlendPCA-F (dynamic, w0=0.50, mu_lambda=1.0e-02, K=20/20)",4,periodavg_0873-0875,47.400000,-20.8385,5.7388,99.7523,78.8996,20.8527
"BlendPCA-F (dynamic, w0=0.50, mu_lambda=1.0e-02, K=20/20)",4,periodavg_0873-0875,47.453333,-18.9045,4.7080,90.0950,78.8996,11.1954
"BlendPCA-F (dynamic, w0=0.50, mu_lambda=1.0e-02, K=20/20)",4,periodavg_0873-0875,47.506667,-20.4090,4.5485,97.1340,78.8996,18.2344
"BlendPCA-F (dynamic, w0=0.50, mu_lambda=1.0e-02, K=20/20)",4,periodavg_0873-0875,47.560000,-20.7030,6.1987,99.6870,78.8996,20.7874
"BlendPCA-F (dynamic, w0=0.50, mu_lambda=1.0e-02, K=20/20)",4,periodavg_0873-0875,47.600000,-20.6646,5.6394,94.2181,78.8996,15.3185
"BlendPCA-F (dynamic, w0=0.50, mu_lambda=1.0e-02, K=20/20)",4,periodavg_0873-0875,47.653333,-20.7764,3.5655,99.3409,78.8996,20.4413
"BlendPCA-F (dynamic, w0=0.50, mu_lambda=1.0e-02, K=20/20)",4,periodavg_0873-0875,47.706667,-18.7337,5.5492,93.1567,78.8996,14.2571
"BlendPCA-F (dynamic, w0=0.50, mu_lambda=1.0e-02, K=20/20)",4,periodavg_0873-0875,47.760000,-19.4180,3.9369,97.7448,78.8996,18.8452
"BlendPCA-F (dynamic, w0=0.50, mu_lambda=1.0e-02, K=20/20)",4,periodavg_0873-0875,47.800000,-20.4056,4.3053,92.1768,78.8996,13.2772
"BlendPCA-F (dynamic, w0=0.50, mu_lambda=1.0e-02, K=20/20)",4,periodavg_0873-0875,47.853333,-19.6071,5.3559,98.6784,78.8996,19.7788
"BlendPCA-F (dynamic, w0=0.50, mu_lambda=1.0e-02, K=20/20)",4,periodavg_0873-0875,47.906667,-19.2390,6.4552,99.7161,78.8996,20.8165
"BlendPCA-F (dynamic, w0=0.50, mu_lambda=1.0e-02, K=20/20)",4,periodavg_0873-0875,47.960000,-19.8322,4.1526,99.6256,78.8996,20.7260
"BlendPCA-F (dynamic, w0=0.50, mu_lambda=1.0e-02, K=20/20)",4,periodavg_0873-0875,48.000000,-18.7399,4.6369,94.9521,78.8996,16.0525
"BlendPCA-F (dynamic, w0=0.50, mu_lambda=1.0e-02, K=20/20)",4,periodavg_0873-0875,48.053333,-18.4297,5.0966,95.4639,78.8996,16.5643
"BlendPCA-F (dynamic, w0=0.50, mu_lambda=1.0e-02, K=20/20)",4,periodavg_0873-0875,48.106667,-19.6892,6.3360,98.6520,78.8996,19.7524
"BlendPCA-F (dynamic, w0=0.50, mu_lambda=1.0e-02, K=20/20)",4,periodavg_0873-0875,48.160000,-19.7811,4.5004,92.8401,78.8996,13.9405
"BlendPCA-F (dynamic, w0=0.50, mu_lambda=1.0e-02, K=20/20)",4,periodavg_0873-0875,48.200000,-20.4743,7.2294,95.5566,78.8996,16.6570
"BlendPCA-F (dynamic, w0=0.50, mu_lambda=1.0e-02, K=20/20)",4,periodavg_0873-0875,48.253333,-20.3598,5.4706,95.3223,78.8996,16.4227
"BlendPCA-F (dynamic, w0=0.50, mu_lambda=1.0e-02, K=20/20)",4,periodavg_0873-0875,48.306667,-20.4355,4.8863,99.6714,78.8996,20.7718
"BlendPCA-F (dynamic, w0=0.50, mu_lambda=1.0e-02, K=20/20)",4,periodavg_0873-0875,48.360000,-20.0168,4.3338,91.5818,78.8996,12.6822
"BlendPCA-F (dynamic, w0=0.50, mu_lambda=1.0e-02, K=20/20)",4,periodavg_0873-0875,48.400000,-19.1786,6.5425,88.1331,78.8996,9.2335
"BlendPCA-F (dynamic, w0=0.50, mu_lambda=1.0e-02, K=20/20)",4,periodavg_0873-0875,48.453333,-19.9590,7.5814,89.8854,78.8996,10.9858
"BlendPCA-F (dynamic, w0=0.50, mu_lambda=1.0e-02, K=20/20)",4,periodavg_0873-0875,48.506667,-20.2210,5.0147,95.7776,78.8996,16.8780
"BlendPCA-F (dynamic, w0=0.50, mu_lambda=1.0e-02, K=20/20)",4,periodavg_0873-0875,48.560000,-19.2527,4.8210,89.7332,78.8996,10.8336
"BlendPCA-F (dynamic, w0=0.50, mu_lambda=1.0e-02, K=20/20)",4,periodavg_0873-0875,48.600000,-17.9656,5.2057,85.9022,78.8996,7.0026
"BlendPCA-F (dynamic, w0=0.50, mu_lambda=1.0e-02, K=20/20)",4,periodavg_0873-0875,48.653333,-21.2396,4.4660,94.5070,78.8996,15.6074
"BlendPCA-F (dynamic, w0=0.50, mu_lambda=1.0e-02, K=20/20)",4,periodavg_0873-0875,48.706667,-20.0062,6.8565,91.6650,78.8996,12.7654
"BlendPCA-F (dynamic, w0=0.50, mu_lambda=1.0e-02, K=20/20)",4,periodavg_0873-0875,48.760000,-19.9314,4.9590,88.8912,78.8996,9.9916
"BlendPCA-F (dynamic, w0=0.50, mu_lambda=1.0e-02, K=20/20)",4,periodavg_0873-0875,48.800000,-19.9871,5.4277,90.8075,78.8996,11.9079
"BlendPCA-F (dynamic, w0=0.50, mu_lambda=1.0e-02, K=20/20)",4,periodavg_0873-0875,48.853333,-21.2970,6.2244,93.9513,78.8996,15.0517
"BlendPCA-F (dynamic, w0=0.50, mu_lambda=1.0e-02, K=20/20)",4,periodavg_0873-0875,48.906667,-20.6242,6.4476,98.2536,78.8996,19.3540
"BlendPCA-F (dynamic, w0=0.50, mu_lambda=1.0e-02, K=20/20)",4,periodavg_0873-0875,48.960000,-19.5021,4.1805,99.2440,78.8996,20.3444
"BlendPCA-F (dynamic, w0=0.50, mu_lambda=1.0e-02, K=20/20)",4,periodavg_0873-0875,49.000000,-20.9021,5.7326,93.2879,78.8996,14.3883
"BlendPCA-F (dynamic, w0=0.50, mu_lambda=1.0e-02, K=20/20)",4,periodavg_0873-0875,49.053333,-20.4654,6.0122,97.4582,78.8996,18.5586
"BlendPCA-F (dynamic, w0=0.50, mu_lambda=1.0e-02, K=20/20)",4,periodavg_0873-0875,49.106667,-20.7665,6.0760,96.9054,78.8996,18.0058
"BlendPCA-F (dynamic, w0=0.50, mu_lambda=1.0e-02, K=20/20)",4,periodavg_0873-0875,49.160000,-22.1207,4.6141,101.4420,78.8996,22.5424
"BlendPCA-F (dynamic, w0=0.50, mu_lambda=1.0e-02, K=20/20)",4,periodavg_0873-0875,49.200000,-22.0078,6.6676,99.0904,78.8996,20.1908
"BlendPCA-F (dynamic, w0=0.50, mu_lambda=1.0e-02, K=20/20)",4,periodavg_0873-0875,49.253333,-20.3450,4.4221,92.7954,78.8996,13.8958
"BlendPCA-F (dynamic, w0=0.50, mu_lambda=1.0e-02, K=20/20)",4,periodavg_0873-0875,49.306667,-20.1690,4.7632,93.4217,78.8996,14.5221
"BlendPCA-F (dynamic, w0=0.50, mu_lambda=1.0e-02, K=20/20)",4,periodavg_0873-0875,49.360000,-20.3725,5.2382,97.9798,78.8996,19.0802
"BlendPCA-F (dynamic, w0=0.50, mu_lambda=1.0e-02, K=20/20)",4,periodavg_0873-0875,49.400000,-16.9508,5.2522,84.1952,78.8996,5.2956
"BlendPCA-F (dynamic, w0=0.50, mu_lambda=1.0e-02, K=20/20)",4,periodavg_0873-0875,49.453333,-20.3204,4.5547,92.2905,78.8996,13.3909
"BlendPCA-F (dynamic, w0=0.50, mu_lambda=1.0e-02, K=20/20)",4,periodavg_0873-0875,49.506667,-20.4036,5.7219,95.5961,78.8996,16.6965
"BlendPCA-F (dynamic, w0=0.50, mu_lambda=1.0e-02, K=20/20)",4,periodavg_0873-0875,49.560000,-21.9694,5.2357,96.7801,78.8996,17.8805
"BlendPCA-F (dynamic, w0=0.50, mu_lambda=1.0e-02, K=20/20)",4,periodavg_0873-0875,49.600000,-22.4029,6.3123,97.8019,78.8996,18.9023
"BlendPCA-F (dynamic, w0=0.50, mu_lambda=1.0e-02, K=20/20)",4,periodavg_0873-0875,49.653333,-21.5333,5.0780,95.5449,78.8996,16.6453
"BlendPCA-F (dynamic, w0=0.50, mu_lambda=1.0e-02, K=20/20)",4,periodavg_0873-0875,49.706667,-21.3804,6.9857,96.5336,78.8996,17.6340
"BlendPCA-F (dynamic, w0=0.50, mu_lambda=1.0e-02, K=20/20)",4,periodavg_0873-0875,49.760000,-18.9264,5.8427,88.3732,78.8996,9.4736
"BlendPCA-F (dynamic, w0=0.50, mu_lambda=1.0e-02, K=20/20)",4,periodavg_0873-0875,49.800000,-19.7850,7.1103,89.3349,78.8996,10.4353
"BlendPCA-F (dynamic, w0=0.50, mu_lambda=1.0e-02, K=20/20)",4,periodavg_0873-0875,49.853333,-21.1590,5.5664,99.8407,78.8996,20.9411
"BlendPCA-F (dynamic, w0=0.50, mu_lambda=1.0e-02, K=20/20)",4,periodavg_0873-0875,49.906667,-21.9688,4.7674,100.7082,78.8996,21.8085
"BlendPCA-F (dynamic, w0=0.50, mu_lambda=1.0e-02, K=20/20)",4,periodavg_0873-0875,49.960000,-21.1242,5.5149,93.7721,78.8996,14.8725
"BlendPCA-F (dynamic, w0=0.50, mu_lambda=1.0e-02, K=20/20)",4,periodavg_0873-0875,50.000000,-21.3835,5.4350,95.9676,78.8996,17.0680
"BlendPCA-F (dynamic, w0=0.50, mu_lambda=1.0e-02, K=20/20)",5,periodavg_0555-0557,50.013333,8.0807,-1.8906,80.1817,83.8249,-3.6432
"BlendPCA-F (dynamic, w0=0.50, mu_lambda=1.0e-02, K=20/20)",5,periodavg_0555-0557,50.053333,4.7622,0.9128,81.7151,83.8249,-2.1098
"BlendPCA-F (dynamic, w0=0.50, mu_lambda=1.0e-02, K=20/20)",5,periodavg_0555-0557,50.106667,0.5427,1.3339,84.4552,83.8249,0.6303
"BlendPCA-F (dynamic, w0=0.50, mu_lambda=1.0e-02, K=20/20)",5,periodavg_0555-0557,50.160000,-1.7922,2.8584,86.4120,83.8249,2.5870
"BlendPCA-F (dynamic, w0=0.50, mu_lambda=1.0e-02, K=20/20)",5,periodavg_0555-0557,50.200000,-2.9711,1.8490,85.4895,83.8249,1.6646
"BlendPCA-F (dynamic, w0=0.50, mu_lambda=1.0e-02, K=20/20)",5,periodavg_0555-0557,50.253333,-3.5952,1.0825,83.7418,83.8249,-0.0831
"BlendPCA-F (dynamic, w0=0.50, mu_lambda=1.0e-02, K=20/20)",5,periodavg_0555-0557,50.306667,-6.1467,2.6016,90.6523,83.8249,6.8274
"BlendPCA-F (dynamic, w0=0.50, mu_lambda=1.0e-02, K=20/20)",5,periodavg_0555-0557,50.360000,-5.4146,0.8677,85.4073,83.8249,1.5824
"BlendPCA-F (dynamic, w0=0.50, mu_lambda=1.0e-02, K=20/20)",5,periodavg_0555-0557,50.400000,-8.2024,2.5956,92.2070,83.8249,8.3821
"BlendPCA-F (dynamic, w0=0.50, mu_lambda=1.0e-02, K=20/20)",5,periodavg_0555-0557,50.453333,-7.0201,1.4072,89.2890,83.8249,5.4641
"BlendPCA-F (dynamic, w0=0.50, mu_lambda=1.0e-02, K=20/20)",5,periodavg_0555-0557,50.506667,-7.8503,2.4070,92.4951,83.8249,8.6702
"BlendPCA-F (dynamic, w0=0.50, mu_lambda=1.0e-02, K=20/20)",5,periodavg_0555-0557,50.560000,-6.6396,1.1400,87.7028,83.8249,3.8779
"BlendPCA-F (dynamic, w0=0.50, mu_lambda=1.0e-02, K=20/20)",5,periodavg_0555-0557,50.600000,-7.0463,1.8407,86.5544,83.8249,2.7294
"BlendPCA-F (dynamic, w0=0.50, mu_lambda=1.0e-02, K=20/20)",5,periodavg_0555-0557,50.653333,-8.8105,2.4469,94.0756,83.8249,10.2507
"BlendPCA-F (dynamic, w0=0.50, mu_lambda=1.0e-02, K=20/20)",5,periodavg_0555-0557,50.706667,-10.2774,2.3010,95.1219,83.8249,11.2970
"BlendPCA-F (dynamic, w0=0.50, mu_lambda=1.0e-02, K=20/20)",5,periodavg_0555-0557,50.760000,-9.7581,3.4579,94.4119,83.8249,10.5870
"BlendPCA-F (dynamic, w0=0.50, mu_lambda=1.0e-02, K=20/20)",5,periodavg_0555-0557,50.800000,-10.1882,1.4074,94.9983,83.8249,11.1734
"BlendPCA-F (dynamic, w0=0.50, mu_lambda=1.0e-02, K=20/20)",5,periodavg_0555-0557,50.853333,-4.1556,2.7775,85.2567,83.8249,1.4318
"BlendPCA-F (dynamic, w0=0.50, mu_lambda=1.0e-02, K=20/20)",5,periodavg_0555-0557,50.906667,-7.7373,3.2292,93.0580,83.8249,9.2331
"BlendPCA-F (dynamic, w0=0.50, mu_lambda=1.0e-02, K=20/20)",5,periodavg_0555-0557,50.960000,-9.9419,0.8153,97.5601,83.8249,13.7352
"BlendPCA-F (dynamic, w0=0.50, mu_lambda=1.0e-02, K=20/20)",5,periodavg_0555-0557,51.000000,-8.0926,4.2017,89.7483,83.8249,5.9233
"BlendPCA-F (dynamic, w0=0.50, mu_lambda=1.0e-02, K=20/20)",5,periodavg_0555-0557,51.053333,-9.1175,2.4967,88.3720,83.8249,4.5471
"BlendPCA-F (dynamic, w0=0.50, mu_lambda=1.0e-02, K=20/20)",5,periodavg_0555-0557,51.106667,-5.0719,5.0974,89.7545,83.8249,5.9295
"BlendPCA-F (dynamic, w0=0.50, mu_lambda=1.0e-02, K=20/20)",5,periodavg_0555-0557,51.160000,-7.5192,1.7589,85.9076,83.8249,2.0827
"BlendPCA-F (dynamic, w0=0.50, mu_lambda=1.0e-02, K=20/20)",5,periodavg_0555-0557,51.200000,-8.8238,0.6858,88.6672,83.8249,4.8423
"BlendPCA-F (dynamic, w0=0.50, mu_lambda=1.0e-02, K=20/20)",5,periodavg_0555-0557,51.253333,-4.4674,4.1043,91.5645,83.8249,7.7396
"BlendPCA-F (dynamic, w0=0.50, mu_lambda=1.0e-02, K=20/20)",5,periodavg_0555-0557,51.306667,-5.7423,2.2263,90.9413,83.8249,7.1164
"BlendPCA-F (dynamic, w0=0.50, mu_lambda=1.0e-02, K=20/20)",5,periodavg_0555-0557,51.360000,-8.5489,2.5144,94.9991,83.8249,11.1742
"BlendPCA-F (dynamic, w0=0.50, mu_lambda=1.0e-02, K=20/20)",5,periodavg_0555-0557,51.400000,-6.6549,4.8262,98.6286,83.8249,14.8037
"BlendPCA-F (dynamic, w0=0.50, mu_lambda=1.0e-02, K=20/20)",5,periodavg_0555-0557,51.453333,-9.2872,2.3956,94.4208,83.8249,10.5959
"BlendPCA-F (dynamic, w0=0.50, mu_lambda=1.0e-02, K=20/20)",5,periodavg_0555-0557,51.506667,-10.6874,1.2187,97.2141,83.8249,13.3892
"BlendPCA-F (dynamic, w0=0.50, mu_lambda=1.0e-02, K=20/20)",5,periodavg_0555-0557,51.560000,-9.3200,1.4361,88.9516,83.8249,5.1267
"BlendPCA-F (dynamic, w0=0.50, mu_lambda=1.0e-02, K=20/20)",5,periodavg_0555-0557,51.600000,-9.7448,1.9266,94.5567,83.8249,10.7318
"BlendPCA-F (dynamic, w0=0.50, mu_lambda=1.0e-02, K=20/20)",5,periodavg_0555-0557,51.653333,-9.6843,1.5496,90.9322,83.8249,7.1073
"BlendPCA-F (dynamic, w0=0.50, mu_lambda=1.0e-02, K=20/20)",5,periodavg_0555-0557,51.706667,-10.5858,2.0881,96.7108,83.8249,12.8858
"BlendPCA-F (dynamic, w0=0.50, mu_lambda=1.0e-02, K=20/20)",5,periodavg_0555-0557,51.760000,-9.2758,2.2906,89.7604,83.8249,5.9355
"BlendPCA-F (dynamic, w0=0.50, mu_lambda=1.0e-02, K=20/20)",5,periodavg_0555-0557,51.800000,-5.1876,4.6342,84.5794,83.8249,0.7545
"BlendPCA-F (dynamic, w0=0.50, mu_lambda=1.0e-02, K=20/20)",5,periodavg_0555-0557,51.853333,-8.9528,2.8888,97.2148,83.8249,13.3899
"BlendPCA-F (dynamic, w0=0.50, mu_lambda=1.0e-02, K=20/20)",5,periodavg_0555-0557,51.906667,-9.0571,1.5137,90.7734,83.8249,6.9485
"BlendPCA-F (dynamic, w0=0.50, mu_lambda=1.0e-02, K=20/20)",5,periodavg_0555-0557,51.960000,-5.3955,1.4425,83.9140,83.8249,0.0891
"BlendPCA-F (dynamic, w0=0.50, mu_lambda=1.0e-02, K=20/20)",5,periodavg_0555-0557,52.000000,-10.2668,0.8389,93.6468,83.8249,9.8219
"BlendPCA-F (dynamic, w0=0.50, mu_lambda=1.0e-02, K=20/20)",5,periodavg_0555-0557,52.053333,-5.4369,2.1923,84.6229,83.8249,0.7980
"BlendPCA-F (dynamic, w0=0.50, mu_lambda=1.0e-02, K=20/20)",5,periodavg_0555-0557,52.106667,-8.6916,2.3399,96.0748,83.8249,12.2499
"BlendPCA-F (dynamic, w0=0.50, mu_lambda=1.0e-02, K=20/20)",5,periodavg_0555-0557,52.160000,-7.7082,2.8841,91.9724,83.8249,8.1475
"BlendPCA-F (dynamic, w0=0.50, mu_lambda=1.0e-02, K=20/20)",5,periodavg_0555-0557,52.200000,-5.3154,1.9347,96.8046,83.8249,12.9796
"BlendPCA-F (dynamic, w0=0.50, mu_lambda=1.0e-02, K=20/20)",5,periodavg_0555-0557,52.253333,-7.8334,0.9702,89.7596,83.8249,5.9347
"BlendPCA-F (dynamic, w0=0.50, mu_lambda=1.0e-02, K=20/20)",5,periodavg_0555-0557,52.306667,-6.7058,3.4440,86.3881,83.8249,2.5632
"BlendPCA-F (dynamic, w0=0.50, mu_lambda=1.0e-02, K=20/20)",5,periodavg_0555-0557,52.360000,-8.1004,0.5234,87.6705,83.8249,3.8456
"BlendPCA-F (dynamic, w0=0.50, mu_lambda=1.0e-02, K=20/20)",5,periodavg_0555-0557,52.400000,-5.6239,2.9018,83.4261,83.8249,-0.3988
"BlendPCA-F (dynamic, w0=0.50, mu_lambda=1.0e-02, K=20/20)",5,periodavg_0555-0557,52.453333,-7.2178,2.9741,96.6478,83.8249,12.8229
"BlendPCA-F (dynamic, w0=0.50, mu_lambda=1.0e-02, K=20/20)",5,periodavg_0555-0557,52.506667,-9.6958,3.1152,92.4070,83.8249,8.5820
"BlendPCA-F (dynamic, w0=0.50, mu_lambda=1.0e-02, K=20/20)",5,periodavg_0555-0557,52.560000,-8.4411,2.9816,90.1176,83.8249,6.2927
"BlendPCA-F (dynamic, w0=0.50, mu_lambda=1.0e-02, K=20/20)",5,periodavg_0555-0557,52.600000,-8.7250,2.4278,94.1890,83.8249,10.3641
"BlendPCA-F (dynamic, w0=0.50, mu_lambda=1.0e-02, K=20/20)",5,periodavg_0555-0557,52.653333,-11.1646,1.3141,97.8057,83.8249,13.9807
"BlendPCA-F (dynamic, w0=0.50, mu_lambda=1.0e-02, K=20/20)",5,periodavg_0555-0557,52.706667,-8.3883,2.8374,86.0027,83.8249,2.1778
"BlendPCA-F (dynamic, w0=0.50, mu_lambda=1.0e-02, K=20/20)",5,periodavg_0555-0557,52.760000,-4.9888,1.0919,85.2585,83.8249,1.4336
"BlendPCA-F (dynamic, w0=0.50, mu_lambda=1.0e-02, K=20/20)",5,periodavg_0555-0557,52.800000,-10.5693,1.1958,94.2591,83.8249,10.4342
"BlendPCA-F (dynamic, w0=0.50, mu_lambda=1.0e-02, K=20/20)",5,periodavg_0555-0557,52.853333,-8.2081,3.5346,96.5781,83.8249,12.7532
"BlendPCA-F (dynamic, w0=0.50, mu_lambda=1.0e-02, K=20/20)",5,periodavg_0555-0557,52.906667,-8.3771,0.1176,88.7474,83.8249,4.9225
"BlendPCA-F (dynamic, w0=0.50, mu_lambda=1.0e-02, K=20/20)",5,periodavg_0555-0557,52.960000,-9.3000,2.8330,96.7730,83.8249,12.9481
"BlendPCA-F (dynamic, w0=0.50, mu_lambda=1.0e-02, K=20/20)",5,periodavg_0555-0557,53.000000,-8.8436,1.0707,88.7002,83.8249,4.8753
"BlendPCA-F (dynamic, w0=0.50, mu_lambda=1.0e-02, K=20/20)",5,periodavg_0555-0557,53.053333,-8.3293,3.9110,97.0172,83.8249,13.1923
"BlendPCA-F (dynamic, w0=0.50, mu_lambda=1.0e-02, K=20/20)",5,periodavg_0555-0557,53.106667,-9.6693,0.8081,94.8744,83.8249,11.0495
"BlendPCA-F (dynamic, w0=0.50, mu_lambda=1.0e-02, K=20/20)",5,periodavg_0555-0557,53.160000,-7.3669,3.3059,87.8306,83.8249,4.0057
"BlendPCA-F (dynamic, w0=0.50, mu_lambda=1.0e-02, K=20/20)",5,periodavg_0555-0557,53.200000,-7.6791,2.0951,93.1139,83.8249,9.2890
"BlendPCA-F (dynamic, w0=0.50, mu_lambda=1.0e-02, K=20/20)",5,periodavg_0555-0557,53.253333,-9.5119,1.8279,97.1097,83.8249,13.2848
"BlendPCA-F (dynamic, w0=0.50, mu_lambda=1.0e-02, K=20/20)",5,periodavg_0555-0557,53.306667,-8.1744,4.3250,92.6827,83.8249,8.8578
"BlendPCA-F (dynamic, w0=0.50, mu_lambda=1.0e-02, K=20/20)",5,periodavg_0555-0557,53.360000,-9.5646,2.7972,95.9746,83.8249,12.1497
"BlendPCA-F (dynamic, w0=0.50, mu_lambda=1.0e-02, K=20/20)",5,periodavg_0555-0557,53.400000,-4.5445,3.2395,86.5381,83.8249,2.7131
"BlendPCA-F (dynamic, w0=0.50, mu_lambda=1.0e-02, K=20/20)",5,periodavg_0555-0557,53.453333,-9.5793,1.5402,91.2533,83.8249,7.4284
"BlendPCA-F (dynamic, w0=0.50, mu_lambda=1.0e-02, K=20/20)",5,periodavg_0555-0557,53.506667,-6.0987,2.1288,85.8614,83.8249,2.0365
"BlendPCA-F (dynamic, w0=0.50, mu_lambda=1.0e-02, K=20/20)",5,periodavg_0555-0557,53.560000,-7.4866,1.9387,90.4152,83.8249,6.5902
"BlendPCA-F (dynamic, w0=0.50, mu_lambda=1.0e-02, K=20/20)",5,periodavg_0555-0557,53.600000,-8.9857,1.0196,96.0328,83.8249,12.2079
"BlendPCA-F (dynamic, w0=0.50, mu_lambda=1.0e-02, K=20/20)",5,periodavg_0555-0557,53.653333,-9.0081,2.6910,90.2225,83.8249,6.3976
"BlendPCA-F (dynamic, w0=0.50, mu_lambda=1.0e-02, K=20/20)",5,periodavg_0555-0557,53.706667,-8.5606,1.7169,88.8211,83.8249,4.9961
"BlendPCA-F (dynamic, w0=0.50, mu_lambda=1.0e-02, K=20/20)",5,periodavg_0555-0557,53.760000,-7.8783,3.3868,92.5711,83.8249,8.7462
"BlendPCA-F (dynamic, w0=0.50, mu_lambda=1.0e-02, K=20/20)",5,periodavg_0555-0557,53.800000,-7.0647,2.4418,88.1208,83.8249,4.2959
"BlendPCA-F (dynamic, w0=0.50, mu_lambda=1.0e-02, K=20/20)",5,periodavg_0555-0557,53.853333,-9.1316,2.4066,96.6512,83.8249,12.8262
"BlendPCA-F (dynamic, w0=0.50, mu_lambda=1.0e-02, K=20/20)",5,periodavg_0555-0557,53.906667,-4.5439,1.6989,80.9086,83.8249,-2.9163
"BlendPCA-F (dynamic, w0=0.50, mu_lambda=1.0e-02, K=20/20)",5,periodavg_0555-0557,53.960000,-9.2173,1.8111,93.2781,83.8249,9.4532
"BlendPCA-F (dynamic, w0=0.50, mu_lambda=1.0e-02, K=20/20)",5,periodavg_0555-0557,54.000000,-9.1433,2.8881,96.3831,83.8249,12.5581
"BlendPCA-F (dynamic, w0=0.50, mu_lambda=1.0e-02, K=20/20)",5,periodavg_0555-0557,54.053333,-8.0779,3.5183,95.4159,83.8249,11.5910
"BlendPCA-F (dynamic, w0=0.50, mu_lambda=1.0e-02, K=20/20)",5,periodavg_0555-0557,54.106667,-6.8080,1.0990,89.5944,83.8249,5.7695
"BlendPCA-F (dynamic, w0=0.50, mu_lambda=1.0e-02, K=20/20)",5,periodavg_0555-0557,54.160000,-7.0360,1.9576,86.5904,83.8249,2.7655
"BlendPCA-F (dynamic, w0=0.50, mu_lambda=1.0e-02, K=20/20)",5,periodavg_0555-0557,54.200000,-7.3655,2.1062,86.1067,83.8249,2.2818
"BlendPCA-F (dynamic, w0=0.50, mu_lambda=1.0e-02, K=20/20)",5,periodavg_0555-0557,54.253333,-8.3462,3.4111,95.6962,83.8249,11.8713
"BlendPCA-F (dynamic, w0=0.50, mu_lambda=1.0e-02, K=20/20)",5,periodavg_0555-0557,54.306667,-6.9320,1.7021,93.1405,83.8249,9.3156
"BlendPCA-F (dynamic, w0=0.50, mu_lambda=1.0e-02, K=20/20)",5,periodavg_0555-0557,54.360000,-7.6974,4.7806,94.3852,83.8249,10.5603
"BlendPCA-F (dynamic, w0=0.50, mu_lambda=1.0e-02, K=20/20)",5,periodavg_0555-0557,54.400000,-9.2299,2.6720,95.8214,83.8249,11.9965
"BlendPCA-F (dynamic, w0=0.50, mu_lambda=1.0e-02, K=20/20)",5,periodavg_0555-0557,54.453333,-5.9803,2.4621,83.3022,83.8249,-0.5228
"BlendPCA-F (dynamic, w0=0.50, mu_lambda=1.0e-02, K=20/20)",5,periodavg_0555-0557,54.506667,-9.3397,2.4235,88.9304,83.8249,5.1055
"BlendPCA-F (dynamic, w0=0.50, mu_lambda=1.0e-02, K=20/20)",5,periodavg_0555-0557,54.560000,-9.9710,1.7295,91.6555,83.8249,7.8306
"BlendPCA-F (dynamic, w0=0.50, mu_lambda=1.0e-02, K=20/20)",5,periodavg_0555-0557,54.600000,-10.0704,0.8956,95.2582,83.8249,11.4333
"BlendPCA-F (dynamic, w0=0.50, mu_lambda=1.0e-02, K=20/20)",5,periodavg_0555-0557,54.653333,-7.8273,3.3784,87.4071,83.8249,3.5821
"BlendPCA-F (dynamic, w0=0.50, mu_lambda=1.0e-02, K=20/20)",5,periodavg_0555-0557,54.706667,-9.1230,2.6347,98.4822,83.8249,14.6573
"BlendPCA-F (dynamic, w0=0.50, mu_lambda=1.0e-02, K=20/20)",5,periodavg_0555-0557,54.760000,-6.0818,2.3959,83.3157,83.8249,-0.5092
"BlendPCA-F (dynamic, w0=0.50, mu_lambda=1.0e-02, K=20/20)",5,periodavg_0555-0557,54.800000,-9.4334,0.4878,88.9547,83.8249,5.1298
"BlendPCA-F (dynamic, w0=0.50, mu_lambda=1.0e-02, K=20/20)",5,periodavg_0555-0557,54.853333,-8.8955,3.2731,94.4870,83.8249,10.6621
"BlendPCA-F (dynamic, w0=0.50, mu_lambda=1.0e-02, K=20/20)",5,periodavg_0555-0557,54.906667,-7.0581,2.6585,88.0579,83.8249,4.2330
"BlendPCA-F (dynamic, w0=0.50, mu_lambda=1.0e-02, K=20/20)",5,periodavg_0555-0557,54.960000,-8.9188,2.4366,97.1621,83.8249,13.3371
"BlendPCA-F (dynamic, w0=0.50, mu_lambda=1.0e-02, K=20/20)",5,periodavg_0555-0557,55.000000,-6.4900,2.2725,87.6988,83.8249,3.8739
"BlendPCA-F (dynamic, w0=0.50, mu_lambda=1.0e-02, K=20/20)",5,periodavg_0555-0557,55.053333,-6.9616,0.3757,84.3069,83.8249,0.4820
"BlendPCA-F (dynamic, w0=0.50, mu_lambda=1.0e-02, K=20/20)",5,periodavg_0555-0557,55.106667,-9.3674,1.4498,93.9889,83.8249,10.1640
"BlendPCA-F (dynamic, w0=0.50, mu_lambda=1.0e-02, K=20/20)",5,periodavg_0555-0557,55.160000,-9.3042,1.7557,92.5885,83.8249,8.7636
"BlendPCA-F (dynamic, w0=0.50, mu_lambda=1.0e-02, K=20/20)",5,periodavg_0555-0557,55.200000,-9.9972,2.3227,92.1626,83.8249,8.3377
"BlendPCA-F (dynamic, w0=0.50, mu_lambda=1.0e-02, K=20/20)",5,periodavg_0555-0557,55.253333,-9.7785,1.4252,93.8499,83.8249,10.0250
"BlendPCA-F (dynamic, w0=0.50, mu_lambda=1.0e-02, K=20/20)",5,periodavg_0555-0557,55.306667,-10.1299,2.6540,97.3996,83.8249,13.5747
"BlendPCA-F (dynamic, w0=0.50, mu_lambda=1.0e-02, K=20/20)",5,periodavg_0555-0557,55.360000,-7.9178,2.0454,92.1631,83.8249,8.3381
"BlendPCA-F (dynamic, w0=0.50, mu_lambda=1.0e-02, K=20/20)",5,periodavg_0555-0557,55.400000,-8.8036,1.2603,90.0007,83.8249,6.1758
"BlendPCA-F (dynamic, w0=0.50, mu_lambda=1.0e-02, K=20/20)",5,periodavg_0555-0557,55.453333,-7.5218,2.0500,89.7822,83.8249,5.9573
"BlendPCA-F (dynamic, w0=0.50, mu_lambda=1.0e-02, K=20/20)",5,periodavg_0555-0557,55.506667,-6.9757,3.4556,87.3473,83.8249,3.5224
"BlendPCA-F (dynamic, w0=0.50, mu_lambda=1.0e-02, K=20/20)",5,periodavg_0555-0557,55.560000,-8.6866,2.1888,89.4306,83.8249,5.6057
"BlendPCA-F (dynamic, w0=0.50, mu_lambda=1.0e-02, K=20/20)",5,periodavg_0555-0557,55.600000,-6.7424,1.5283,89.9008,83.8249,6.0759
"BlendPCA-F (dynamic, w0=0.50, mu_lambda=1.0e-02, K=20/20)",5,periodavg_0555-0557,55.653333,-9.2336,2.1850,91.5656,83.8249,7.7407
"BlendPCA-F (dynamic, w0=0.50, mu_lambda=1.0e-02, K=20/20)",5,periodavg_0555-0557,55.706667,-8.1984,2.0993,86.9058,83.8249,3.0809
"BlendPCA-F (dynamic, w0=0.50, mu_lambda=1.0e-02, K=20/20)",5,periodavg_0555-0557,55.760000,-8.0953,1.9712,89.6438,83.8249,5.8189
"BlendPCA-F (dynamic, w0=0.50, mu_lambda=1.0e-02, K=20/20)",5,periodavg_0555-0557,55.800000,-10.3178,2.1568,96.3545,83.8249,12.5296
"BlendPCA-F (dynamic, w0=0.50, mu_lambda=1.0e-02, K=20/20)",5,periodavg_0555-0557,55.853333,-8.8536,2.5565,90.7192,83.8249,6.8943
"BlendPCA-F (dynamic, w0=0.50, mu_lambda=1.0e-02, K=20/20)",5,periodavg_0555-0557,55.906667,-10.2260,1.1235,92.9379,83.8249,9.1130
"BlendPCA-F (dynamic, w0=0.50, mu_lambda=1.0e-02, K=20/20)",5,periodavg_0555-0557,55.960000,-10.3203,4.5146,96.6657,83.8249,12.8407
"BlendPCA-F (dynamic, w0=0.50, mu_lambda=1.0e-02, K=20/20)",5,periodavg_0555-0557,56.000000,-7.5092,3.7966,97.6382,83.8249,13.8133
"BlendPCA-F (dynamic, w0=0.50, mu_lambda=1.0e-02, K=20/20)",5,periodavg_0555-0557,56.053333,-10.6028,1.7724,94.5287,83.8249,10.7038
"BlendPCA-F (dynamic, w0=0.50, mu_lambda=1.0e-02, K=20/20)",5,periodavg_0555-0557,56.106667,-9.6180,2.0286,90.8229,83.8249,6.9980
"BlendPCA-F (dynamic, w0=0.50, mu_lambda=1.0e-02, K=20/20)",5,periodavg_0555-0557,56.160000,-11.0505,2.7078,97.8992,83.8249,14.0743
"BlendPCA-F (dynamic, w0=0.50, mu_lambda=1.0e-02, K=20/20)",5,periodavg_0555-0557,56.200000,-7.2049,5.0084,97.7876,83.8249,13.9627
"BlendPCA-F (dynamic, w0=0.50, mu_lambda=1.0e-02, K=20/20)",5,periodavg_0555-0557,56.253333,-9.9890,2.1353,97.6114,83.8249,13.7865
"BlendPCA-F (dynamic, w0=0.50, mu_lambda=1.0e-02, K=20/20)",5,periodavg_0555-0557,56.306667,-10.7867,3.1543,98.1430,83.8249,14.3181
"BlendPCA-F (dynamic, w0=0.50, mu_lambda=1.0e-02, K=20/20)",5,periodavg_0555-0557,56.360000,-9.2808,2.4951,94.8098,83.8249,10.9849
"BlendPCA-F (dynamic, w0=0.50, mu_lambda=1.0e-02, K=20/20)",5,periodavg_0555-0557,56.400000,-8.1709,3.5098,90.6049,83.8249,6.7800
"BlendPCA-F (dynamic, w0=0.50, mu_lambda=1.0e-02, K=20/20)",5,periodavg_0555-0557,56.453333,-10.2165,2.5474,98.2018,83.8249,14.3769
"BlendPCA-F (dynamic, w0=0.50, mu_lambda=1.0e-02, K=20/20)",5,periodavg_0555-0557,56.506667,-6.6216,0.9033,84.6772,83.8249,0.8523
"BlendPCA-F (dynamic, w0=0.50, mu_lambda=1.0e-02, K=20/20)",5,periodavg_0555-0557,56.560000,-3.8356,1.8099,81.5392,83.8249,-2.2857
"BlendPCA-F (dynamic, w0=0.50, mu_lambda=1.0e-02, K=20/20)",5,periodavg_0555-0557,56.600000,-8.3290,1.5793,90.3948,83.8249,6.5699
"BlendPCA-F (dynamic, w0=0.50, mu_lambda=1.0e-02, K=20/20)",5,periodavg_0555-0557,56.653333,-6.5699,3.7575,83.7875,83.8249,-0.0374
"BlendPCA-F (dynamic, w0=0.50, mu_lambda=1.0e-02, K=20/20)",5,periodavg_0555-0557,56.706667,-9.5072,2.7775,88.7577,83.8249,4.9328
"BlendPCA-F (dynamic, w0=0.50, mu_lambda=1.0e-02, K=20/20)",5,periodavg_0555-0557,56.760000,-7.5208,2.8993,90.8502,83.8249,7.0253
"BlendPCA-F (dynamic, w0=0.50, mu_lambda=1.0e-02, K=20/20)",5,periodavg_0555-0557,56.800000,-7.1023,2.6725,87.2251,83.8249,3.4002
"BlendPCA-F (dynamic, w0=0.50, mu_lambda=1.0e-02, K=20/20)",5,periodavg_0555-0557,56.853333,-9.1840,1.2289,89.6486,83.8249,5.8237
"BlendPCA-F (dynamic, w0=0.50, mu_lambda=1.0e-02, K=20/20)",5,periodavg_0555-0557,56.906667,-10.0902,2.0065,95.6650,83.8249,11.8401
"BlendPCA-F (dynamic, w0=0.50, mu_lambda=1.0e-02, K=20/20)",5,periodavg_0555-0557,56.960000,-8.8314,3.8027,91.6079,83.8249,7.7830
"BlendPCA-F (dynamic, w0=0.50, mu_lambda=1.0e-02, K=20/20)",5,periodavg_0555-0557,57.000000,-9.4578,2.5399,95.3746,83.8249,11.5497
"BlendPCA-F (dynamic, w0=0.50, mu_lambda=1.0e-02, K=20/20)",5,periodavg_0555-0557,57.053333,-7.8928,1.4940,90.8378,83.8249,7.0129
"BlendPCA-F (dynamic, w0=0.50, mu_lambda=1.0e-02, K=20/20)",5,periodavg_0555-0557,57.106667,-8.8289,2.8028,95.4938,83.8249,11.6689
"BlendPCA-F (dynamic, w0=0.50, mu_lambda=1.0e-02, K=20/20)",5,periodavg_0555-0557,57.160000,-9.5523,2.0502,95.9035,83.8249,12.0786
"BlendPCA-F (dynamic, w0=0.50, mu_lambda=1.0e-02, K=20/20)",5,periodavg_0555-0557,57.200000,-8.9512,1.3394,91.1466,83.8249,7.3217
"BlendPCA-F (dynamic, w0=0.50, mu_lambda=1.0e-02, K=20/20)",5,periodavg_0555-0557,57.253333,-10.5804,3.0654,96.6819,83.8249,12.8570
"BlendPCA-F (dynamic, w0=0.50, mu_lambda=1.0e-02, K=20/20)",5,periodavg_0555-0557,57.306667,-10.5522,1.1951,93.8321,83.8249,10.0072
"BlendPCA-F (dynamic, w0=0.50, mu_lambda=1.0e-02, K=20/20)",5,periodavg_0555-0557,57.360000,-9.8353,2.7432,96.0780,83.8249,12.2530
"BlendPCA-F (dynamic, w0=0.50, mu_lambda=1.0e-02, K=20/20)",5,periodavg_0555-0557,57.400000,-7.8295,5.4197,93.5418,83.8249,9.7169
"BlendPCA-F (dynamic, w0=0.50, mu_lambda=1.0e-02, K=20/20)",5,periodavg_0555-0557,57.453333,-7.7054,5.8312,92.1953,83.8249,8.3704
"BlendPCA-F (dynamic, w0=0.50, mu_lambda=1.0e-02, K=20/20)",5,periodavg_0555-0557,57.506667,-7.7751,4.2315,89.0806,83.8249,5.2556
"BlendPCA-F (dynamic, w0=0.50, mu_lambda=1.0e-02, K=20/20)",5,periodavg_0555-0557,57.560000,-9.5095,-0.0248,90.8055,83.8249,6.9806
"BlendPCA-F (dynamic, w0=0.50, mu_lambda=1.0e-02, K=20/20)",5,periodavg_0555-0557,57.600000,-10.6320,2.3312,96.5365,83.8249,12.7116
"BlendPCA-F (dynamic, w0=0.50, mu_lambda=1.0e-02, K=20/20)",5,periodavg_0555-0557,57.653333,-9.1981,1.8735,89.6218,83.8249,5.7969
"BlendPCA-F (dynamic, w0=0.50, mu_lambda=1.0e-02, K=20/20)",5,periodavg_0555-0557,57.706667,-9.7723,2.8192,91.9016,83.8249,8.0767
"BlendPCA-F (dynamic, w0=0.50, mu_lambda=1.0e-02, K=20/20)",5,periodavg_0555-0557,57.760000,-7.8316,1.5631,86.5191,83.8249,2.6942
"BlendPCA-F (dynamic, w0=0.50, mu_lambda=1.0e-02, K=20/20)",5,periodavg_0555-0557,57.800000,-9.4306,3.6386,92.6584,83.8249,8.8335
"BlendPCA-F (dynamic, w0=0.50, mu_lambda=1.0e-02, K=20/20)",5,periodavg_0555-0557,57.853333,-8.8657,1.0532,94.9955,83.8249,11.1706
"BlendPCA-F (dynamic, w0=0.50, mu_lambda=1.0e-02, K=20/20)",5,periodavg_0555-0557,57.906667,-8.2919,2.9451,92.9931,83.8249,9.1681
"BlendPCA-F (dynamic, w0=0.50, mu_lambda=1.0e-02, K=20/20)",5,periodavg_0555-0557,57.960000,-8.6334,2.0363,89.2923,83.8249,5.4674
"BlendPCA-F (dynamic, w0=0.50, mu_lambda=1.0e-02, K=20/20)",5,periodavg_0555-0557,58.000000,-8.4775,2.8263,88.5616,83.8249,4.7366
"BlendPCA-F (dynamic, w0=0.50, mu_lambda=1.0e-02, K=20/20)",5,periodavg_0555-0557,58.053333,-7.5275,4.2163,93.1898,83.8249,9.3649
"BlendPCA-F (dynamic, w0=0.50, mu_lambda=1.0e-02, K=20/20)",5,periodavg_0555-0557,58.106667,-6.6170,3.1684,95.3163,83.8249,11.4914
"BlendPCA-F (dynamic, w0=0.50, mu_lambda=1.0e-02, K=20/20)",5,periodavg_0555-0557,58.160000,-7.0392,2.1866,92.6082,83.8249,8.7833
"BlendPCA-F (dynamic, w0=0.50, mu_lambda=1.0e-02, K=20/20)",5,periodavg_0555-0557,58.200000,-7.5691,4.2674,92.7899,83.8249,8.9650
"BlendPCA-F (dynamic, w0=0.50, mu_lambda=1.0e-02, K=20/20)",5,periodavg_0555-0557,58.253333,-9.5209,2.9133,96.7404,83.8249,12.9154
"BlendPCA-F (dynamic, w0=0.50, mu_lambda=1.0e-02, K=20/20)",5,periodavg_0555-0557,58.306667,-8.5501,2.2435,96.4415,83.8249,12.6166
"BlendPCA-F (dynamic, w0=0.50, mu_lambda=1.0e-02, K=20/20)",5,periodavg_0555-0557,58.360000,-8.3682,4.4459,96.2250,83.8249,12.4001
"BlendPCA-F (dynamic, w0=0.50, mu_lambda=1.0e-02, K=20/20)",5,periodavg_0555-0557,58.400000,-4.9272,4.2531,87.3595,83.8249,3.5346
"BlendPCA-F (dynamic, w0=0.50, mu_lambda=1.0e-02, K=20/20)",5,periodavg_0555-0557,58.453333,-8.7261,1.2607,94.4260,83.8249,10.6011
"BlendPCA-F (dynamic, w0=0.50, mu_lambda=1.0e-02, K=20/20)",5,periodavg_0555-0557,58.506667,-6.4415,2.4301,86.1660,83.8249,2.3411
"BlendPCA-F (dynamic, w0=0.50, mu_lambda=1.0e-02, K=20/20)",5,periodavg_0555-0557,58.560000,-8.2366,3.0814,94.7860,83.8249,10.9611
"BlendPCA-F (dynamic, w0=0.50, mu_lambda=1.0e-02, K=20/20)",5,periodavg_0555-0557,58.600000,-7.0237,4.0762,88.4993,83.8249,4.6744
"BlendPCA-F (dynamic, w0=0.50, mu_lambda=1.0e-02, K=20/20)",5,periodavg_0555-0557,58.653333,-4.4241,2.2063,81.9933,83.8249,-1.8317
"BlendPCA-F (dynamic, w0=0.50, mu_lambda=1.0e-02, K=20/20)",5,periodavg_0555-0557,58.706667,-6.4387,2.0671,84.8650,83.8249,1.0401
"BlendPCA-F (dynamic, w0=0.50, mu_lambda=1.0e-02, K=20/20)",5,periodavg_0555-0557,58.760000,-5.9374,2.5426,84.4991,83.8249,0.6742
"BlendPCA-F (dynamic, w0=0.50, mu_lambda=1.0e-02, K=20/20)",5,periodavg_0555-0557,58.800000,-6.4537,0.9958,83.6480,83.8249,-0.1769
"BlendPCA-F (dynamic, w0=0.50, mu_lambda=1.0e-02, K=20/20)",5,periodavg_0555-0557,58.853333,-7.6990,2.4832,95.8305,83.8249,12.0056
"BlendPCA-F (dynamic, w0=0.50, mu_lambda=1.0e-02, K=20/20)",5,periodavg_0555-0557,58.906667,-6.5576,2.4816,89.4655,83.8249,5.6406
"BlendPCA-F (dynamic, w0=0.50, mu_lambda=1.0e-02, K=20/20)",5,periodavg_0555-0557,58.960000,-8.8918,3.7070,93.9330,83.8249,10.1081
"BlendPCA-F (dynamic, w0=0.50, mu_lambda=1.0e-02, K=20/20)",5,periodavg_0555-0557,59.000000,-9.1307,1.2512,87.8000,83.8249,3.9750
"BlendPCA-F (dynamic, w0=0.50, mu_lambda=1.0e-02, K=20/20)",5,periodavg_0555-0557,59.053333,-6.8885,2.6361,85.9088,83.8249,2.0839
"BlendPCA-F (dynamic, w0=0.50, mu_lambda=1.0e-02, K=20/20)",5,periodavg_0555-0557,59.106667,-8.2639,3.2752,86.7727,83.8249,2.9478
"BlendPCA-F (dynamic, w0=0.50, mu_lambda=1.0e-02, K=20/20)",5,periodavg_0555-0557,59.160000,-9.0221,1.7459,91.8374,83.8249,8.0125
"BlendPCA-F (dynamic, w0=0.50, mu_lambda=1.0e-02, K=20/20)",5,periodavg_0555-0557,59.200000,-7.3817,0.2524,86.8248,83.8249,2.9999
"BlendPCA-F (dynamic, w0=0.50, mu_lambda=1.0e-02, K=20/20)",5,periodavg_0555-0557,59.253333,-9.1035,2.8261,88.4779,83.8249,4.6530
"BlendPCA-F (dynamic, w0=0.50, mu_lambda=1.0e-02, K=20/20)",5,periodavg_0555-0557,59.306667,-6.5070,3.8164,92.3786,83.8249,8.5537
"BlendPCA-F (dynamic, w0=0.50, mu_lambda=1.0e-02, K=20/20)",5,periodavg_0555-0557,59.360000,-8.1688,2.1167,96.6444,83.8249,12.8195
"BlendPCA-F (dynamic, w0=0.50, mu_lambda=1.0e-02, K=20/20)",5,periodavg_0555-0557,59.400000,-9.7977,7.8703,98.7125,83.8249,14.8876
"BlendPCA-F (dynamic, w0=0.50, mu_lambda=1.0e-02, K=20/20)",5,periodavg_0555-0557,59.453333,-10.3935,1.1649,97.1593,83.8249,13.3344
"BlendPCA-F (dynamic, w0=0.50, mu_lambda=1.0e-02, K=20/20)",5,periodavg_0555-0557,59.506667,-9.1073,1.9039,90.4381,83.8249,6.6131
"BlendPCA-F (dynamic, w0=0.50, mu_lambda=1.0e-02, K=20/20)",5,periodavg_0555-0557,59.560000,-8.6525,2.6134,94.2584,83.8249,10.4335
"BlendPCA-F (dynamic, w0=0.50, mu_lambda=1.0e-02, K=20/20)",5,periodavg_0555-0557,59.600000,-8.7675,1.5188,98.0158,83.8249,14.1909
"BlendPCA-F (dynamic, w0=0.50, mu_lambda=1.0e-02, K=20/20)",5,periodavg_0555-0557,59.653333,-7.8268,2.2993,87.7753,83.8249,3.9504
"BlendPCA-F (dynamic, w0=0.50, mu_lambda=1.0e-02, K=20/20)",5,periodavg_0555-0557,59.706667,-9.2046,0.6462,88.3372,83.8249,4.5123
"BlendPCA-F (dynamic, w0=0.50, mu_lambda=1.0e-02, K=20/20)",5,periodavg_0555-0557,59.760000,-10.6543,1.9349,99.3160,83.8249,15.4911
"BlendPCA-F (dynamic, w0=0.50, mu_lambda=1.0e-02, K=20/20)",5,periodavg_0555-0557,59.800000,-6.7655,1.9091,85.9676,83.8249,2.1427
"BlendPCA-F (dynamic, w0=0.50, mu_lambda=1.0e-02, K=20/20)",5,periodavg_0555-0557,59.853333,-7.4929,3.1373,86.4280,83.8249,2.6031
"BlendPCA-F (dynamic, w0=0.50, mu_lambda=1.0e-02, K=20/20)",5,periodavg_0555-0557,59.906667,-6.7716,3.4060,91.8559,83.8249,8.0310
"BlendPCA-F (dynamic, w0=0.50, mu_lambda=1.0e-02, K=20/20)",5,periodavg_0555-0557,59.960000,-8.4744,1.8657,98.5171,83.8249,14.6922
"BlendPCA-F (dynamic, w0=0.50, mu_lambda=1.0e-02, K=20/20)",5,periodavg_0555-0557,60.000000,-8.4008,3.0305,88.6420,83.8249,4.8171
