algorithm,epoch_index,condition_id,t_s,misalignment_db,erle_db,msg_with_afc_db,msg_without_afc_db,asg_db
PEMAFC-F,0,period_0779,0.000667,-0.0000,0.0007,84.3708,84.3708,-0.0000
PEMAFC-F,0,period_0779,0.050000,-0.0095,0.0029,84.3716,84.3708,0.0007
PEMAFC-F,0,period_0779,0.100000,-0.0211,0.0100,84.3719,84.3708,0.0011
PEMAFC-F,0,period_0779,0.150000,-0.0323,0.0148,84.3725,84.3708,0.0016
PEMAFC-F,0,period_0779,0.200000,-0.0426,0.0174,84.3733,84.3708,0.0024
PEMAFC-F,0,period_0779,0.250000,-0.0526,0.0204,84.3738,84.3708,0.0030
PEMAFC-F,0,period_0779,0.300000,-0.0648,0.0377,84.3742,84.3708,0.0033
PEMAFC-F,0,period_0779,0.350000,-0.0756,0.0407,84.3746,84.3708,0.0038
PEMAFC-F,0,period_0779,0.400000,-0.0862,0.0491,84.3747,84.3708,0.0039
PEMAFC-F,0,period_0779,0.450000,-0.0963,0.0501,84.3750,84.3708,0.0042
PEMAFC-F,0,period_0779,0.500000,-0.1066,0.0781,84.3755,84.3708,0.0046
PEMAFC-F,0,period_0779,0.550000,-0.1170,0.0691,84.3756,84.3708,0.0048
PEMAFC-F,0,period_0779,0.600000,-0.1272,0.0633,84.3759,84.3708,0.0051
PEMAFC-F,0,period_0779,0.650000,-0.1376,0.0941,84.3762,84.3708,0.0054
PEMAFC-F,0,period_0779,0.700000,-0.1469,0.0978,84.3762,84.3708,0.0053
PEMAFC-F,0,period_0779,0.750000,-0.1565,0.0696,84.3766,84.3708,0.0058
PEMAFC-F,0,period_0779,0.800000,-0.1660,0.0843,84.3770,84.3708,0.0061
PEMAFC-F,0,period_0779,0.850000,-0.1764,0.0965,84.3776,84.3708,0.0068
PEMAFC-F,0,period_0779,0.900000,-0.1857,0.1037,84.3781,84.3708,0.0073
PEMAFC-F,0,period_0779,0.950000,-0.1950,0.0975,84.3786,84.3708,0.0078
PEMAFC-F,0,period_0779,1.000000,-0.2052,0.1185,84.3795,84.3708,0.0086
PEMAFC-F,0,period_0779,1.050000,-0.2148,0.1204,84.3795,84.3708,0.0087
PEMAFC-F,0,period_0779,1.100000,-0.2251,0.1349,84.3798,84.3708,0.0090
PEMAFC-F,0,period_0779,1.150000,-0.2345,0.1368,84.3800,84.3708,0.0092
PEMAFC-F,0,period_0779,1.200000,-0.2449,0.1353,84.3802,84.3708,0.0094
PEMAFC-F,0,period_0779,1.250000,-0.2556,0.1815,84.3807,84.3708,0.0098
PEMAFC-F,0,period_0779,1.300000,-0.2648,0.1379,84.3808,84.3708,0.0100
PEMAFC-F,0,period_0779,1.350000,-0.2743,0.1641,84.3811,84.3708,0.0102
PEMAFC-F,0,period_0779,1.400000,-0.2844,0.1650,84.3812,84.3708,0.0103
PEMAFC-F,0,period_0779,1.450000,-0.2935,0.1557,84.3817,84.3708,0.0109
PEMAFC-F,0,period_0779,1.500000,-0.3028,0.1608,84.3823,84.3708,0.0114
PEMAFC-F,0,period_0779,1.550000,-0.3122,0.1591,84.3825,84.3708,0.0117
PEMAFC-F,0,period_0779,1.600000,-0.3217,0.1696,84.3825,84.3708,0.0117
PEMAFC-F,0,period_0779,1.650000,-0.3310,0.2171,84.3829,84.3708,0.0120
PEMAFC-F,0,period_0779,1.700000,-0.3394,0.1703,84.3831,84.3708,0.0123
PEMAFC-F,0,period_0779,1.750000,-0.3496,0.2022,84.3837,84.3708,0.0129
PEMAFC-F,0,period_0779,1.800000,-0.3589,0.2551,84.3838,84.3708,0.0130
PEMAFC-F,0,period_0779,1.850000,-0.3681,0.1839,84.3845,84.3708,0.0136
PEMAFC-F,0,period_0779,1.900000,-0.3775,0.2489,84.3850,84.3708,0.0142
PEMAFC-F,0,period_0779,1.950000,-0.3863,0.2392,84.3854,84.3708,0.0145
PEMAFC-F,0,period_0779,2.000000,-0.3958,0.2348,84.3859,84.3708,0.0150
PEMAFC-F,0,period_0779,2.050000,-0.4047,0.2644,84.3863,84.3708,0.0155
PEMAFC-F,0,period_0779,2.100000,-0.4146,0.2406,84.3866,84.3708,0.0158
PEMAFC-F,0,period_0779,2.150000,-0.4239,0.2217,84.3867,84.3708,0.0159
PEMAFC-F,0,period_0779,2.200000,-0.4336,0.2111,84.3870,84.3708,0.0162
PEMAFC-F,0,period_0779,2.250000,-0.4418,0.2784,84.3872,84.3708,0.0163
PEMAFC-F,0,period_0779,2.300000,-0.4499,0.2830,84.3874,84.3708,0.0166
PEMAFC-F,0,period_0779,2.350000,-0.4583,0.2307,84.3878,84.3708,0.0170
PEMAFC-F,0,period_0779,2.400000,-0.4667,0.2991,84.3879,84.3708,0.0171
PEMAFC-F,0,period_0779,2.450000,-0.4756,0.2853,84.3881,84.3708,0.0173
PEMAFC-F,0,period_0779,2.500000,-0.4832,0.2425,84.3885,84.3708,0.0177
PEMAFC-F,0,period_0779,2.550000,-0.4921,0.2421,84.3889,84.3708,0.0181
PEMAFC-F,0,period_0779,2.600000,-0.5026,0.3174,84.3891,84.3708,0.0182
PEMAFC-F,0,period_0779,2.650000,-0.5110,0.3220,84.3893,84.3708,0.0185
PEMAFC-F,0,period_0779,2.700000,-0.5200,0.3554,84.3897,84.3708,0.0188
PEMAFC-F,0,period_0779,2.750000,-0.5300,0.3394,84.3898,84.3708,0.0190
PEMAFC-F,0,period_0779,2.800000,-0.5388,0.3600,84.3899,84.3708,0.0190
PEMAFC-F,0,period_0779,2.850000,-0.5470,0.3324,84.3903,84.3708,0.0195
PEMAFC-F,0,period_0779,2.900000,-0.5562,0.3780,84.3905,84.3708,0.0196
PEMAFC-F,0,period_0779,2.950000,-0.5652,0.3525,84.3909,84.3708,0.0200
PEMAFC-F,0,period_0779,3.000000,-0.5737,0.3963,84.3909,84.3708,0.0201
PEMAFC-F,0,period_0779,3.050000,-0.5810,0.3465,84.3910,84.3708,0.0202
PEMAFC-F,0,period_0779,3.100000,-0.5887,0.2756,84.3917,84.3708,0.0209
PEMAFC-F,0,period_0779,3.150000,-0.5970,0.4080,84.3920,84.3708,0.0212
PEMAFC-F,0,period_0779,3.200000,-0.6052,0.4092,84.3923,84.3708,0.0215
PEMAFC-F,0,period_0779,3.250000,-0.6132,0.4336,84.3925,84.3708,0.0217
PEMAFC-F,0,period_0779,3.300000,-0.6219,0.2894,84.3932,84.3708,0.0223
PEMAFC-F,0,period_0779,3.350000,-0.6284,0.3016,84.3936,84.3708,0.0227
PEMAFC-F,0,period_0779,3.400000,-0.6371,0.3408,84.3940,84.3708,0.0232
PEMAFC-F,0,period_0779,3.450000,-0.6456,0.4095,84.3940,84.3708,0.0232
PEMAFC-F,0,period_0779,3.500000,-0.6534,0.3319,84.3944,84.3708,0.0236
PEMAFC-F,0,period_0779,3.550000,-0.6623,0.4097,84.3948,84.3708,0.0240
PEMAFC-F,0,period_0779,3.600000,-0.6712,0.4148,84.3952,84.3708,0.0244
PEMAFC-F,0,period_0779,3.650000,-0.6791,0.4552,84.3954,84.3708,0.0246
PEMAFC-F,0,period_0779,3.700000,-0.6878,0.4313,84.3958,84.3708,0.0249
PEMAFC-F,0,period_0779,3.750000,-0.6953,0.4290,84.3958,84.3708,0.0250
PEMAFC-F,0,period_0779,3.800000,-0.7038,0.4389,84.3961,84.3708,0.0252
PEMAFC-F,0,period_0779,3.850000,-0.7122,0.4195,84.3963,84.3708,0.0255
PEMAFC-F,0,period_0779,3.900000,-0.7191,0.4368,84.3967,84.3708,0.0259
PEMAFC-F,0,period_0779,3.950000,-0.7273,0.4557,84.3970,84.3708,0.0261
PEMAFC-F,0,period_0779,4.000000,-0.7346,0.4462,84.3973,84.3708,0.0265
PEMAFC-F,0,period_0779,4.050000,-0.7417,0.4521,84.3975,84.3708,0.0267
PEMAFC-F,0,period_0779,4.100000,-0.7497,0.4420,84.3978,84.3708,0.0270
PEMAFC-F,0,period_0779,4.150000,-0.7579,0.5361,84.3981,84.3708,0.0273
PEMAFC-F,0,period_0779,4.200000,-0.7657,0.5339,84.3984,84.3708,0.0275
PEMAFC-F,0,period_0779,4.250000,-0.7735,0.4100,84.3987,84.3708,0.0279
PEMAFC-F,0,period_0779,4.300000,-0.7813,0.4722,84.3990,84.3708,0.0282
PEMAFC-F,0,period_0779,4.350000,-0.7899,0.5476,84.3994,84.3708,0.0286
PEMAFC-F,0,period_0779,4.400000,-0.7969,0.4758,84.3996,84.3708,0.0288
PEMAFC-F,0,period_0779,4.450000,-0.8053,0.4358,84.4002,84.3708,0.0293
PEMAFC-F,0,period_0779,4.500000,-0.8136,0.5730,84.4004,84.3708,0.0296
PEMAFC-F,0,period_0779,4.550000,-0.8205,0.3811,84.4011,84.3708,0.0303
PEMAFC-F,0,period_0779,4.600000,-0.8282,0.5412,84.4010,84.3708,0.0302
PEMAFC-F,0,period_0779,4.650000,-0.8360,0.5646,84.4014,84.3708,0.0306
PEMAFC-F,0,period_0779,4.700000,-0.8441,0.4628,84.4019,84.3708,0.0310
PEMAFC-F,0,period_0779,4.750000,-0.8518,0.5482,84.4021,84.3708,0.0313
PEMAFC-F,0,period_0779,4.800000,-0.8589,0.3629,84.4027,84.3708,0.0318
PEMAFC-F,0,period_0779,4.850000,-0.8659,0.4908,84.4030,84.3708,0.0322
PEMAFC-F,0,period_0779,4.900000,-0.8731,0.5344,84.4035,84.3708,0.0326
PEMAFC-F,0,period_0779,4.950000,-0.8806,0.4718,84.4038,84.3708,0.0329
PEMAFC-F,0,period_0779,5.000000,-0.8880,0.4715,84.4040,84.3708,0.0332
PEMAFC-F,0,period_0779,5.050000,-0.8954,0.5618,84.4043,84.3708,0.0335
PEMAFC-F,0,period_0779,5.100000,-0.9028,0.5836,84.4047,84.3708,0.0339
PEMAFC-F,0,period_0779,5.150000,-0.9094,0.5301,84.4050,84.3708,0.0341
PEMAFC-F,0,period_0779,5.200000,-0.9177,0.6134,84.4054,84.3708,0.0345
PEMAFC-F,0,period_0779,5.250000,-0.9242,0.4735,84.4060,84.3708,0.0352
PEMAFC-F,0,period_0779,5.300000,-0.9316,0.5200,84.4064,84.3708,0.0356
PEMAFC-F,0,period_0779,5.350000,-0.9390,0.5384,84.4068,84.3708,0.0360
PEMAFC-F,0,period_0779,5.400000,-0.9473,0.5148,84.4071,84.3708,0.0363
PEMAFC-F,0,period_0779,5.450000,-0.9542,0.6445,84.4074,84.3708,0.0365
PEMAFC-F,0,period_0779,5.500000,-0.9609,0.5610,84.4077,84.3708,0.0368
PEMAFC-F,0,period_0779,5.550000,-0.9692,0.6507,84.4078,84.3708,0.0370
PEMAFC-F,0,period_0779,5.600000,-0.9762,0.5045,84.4084,84.3708,0.0376
PEMAFC-F,0,period_0779,5.650000,-0.9833,0.5594,84.4088,84.3708,0.0380
PEMAFC-F,0,period_0779,5.700000,-0.9898,0.4295,84.4092,84.3708,0.0383
PEMAFC-F,0,period_0779,5.750000,-0.9977,0.4928,84.4098,84.3708,0.0390
PEMAFC-F,0,period_0779,5.800000,-1.0050,0.6997,84.4101,84.3708,0.0393
PEMAFC-F,0,period_0779,5.850000,-1.0120,0.5445,84.4104,84.3708,0.0396
PEMAFC-F,0,period_0779,5.900000,-1.0189,0.5911,84.4107,84.3708,0.0398
PEMAFC-F,0,period_0779,5.950000,-1.0256,0.6264,84.4110,84.3708,0.0402
PEMAFC-F,0,period_0779,6.000000,-1.0326,0.6418,84.4111,84.3708,0.0403
PEMAFC-F,0,period_0779,6.050000,-1.0390,0.6830,84.4116,84.3708,0.0408
PEMAFC-F,0,period_0779,6.100000,-1.0470,0.6485,84.4120,84.3708,0.0411
PEMAFC-F,0,period_0779,6.150000,-1.0546,0.7089,84.4124,84.3708,0.0416
PEMAFC-F,0,period_0779,6.200000,-1.0620,0.6090,84.4126,84.3708,0.0418
PEMAFC-F,0,period_0779,6.250000,-1.0702,0.5799,84.4128,84.3708,0.0419
PEMAFC-F,0,period_0779,6.300000,-1.0776,0.5895,84.4130,84.3708,0.0421
PEMAFC-F,0,period_0779,6.350000,-1.0835,0.7314,84.4134,84.3708,0.0426
PEMAFC-F,0,period_0779,6.400000,-1.0896,0.5338,84.4136,84.3708,0.0428
PEMAFC-F,0,period_0779,6.450000,-1.0968,0.6436,84.4139,84.3708,0.0431
PEMAFC-F,0,period_0779,6.500000,-1.1037,0.6853,84.4141,84.3708,0.0433
PEMAFC-F,0,period_0779,6.550000,-1.1112,0.7102,84.4143,84.3708,0.0434
PEMAFC-F,0,period_0779,6.600000,-1.1179,0.6488,84.4148,84.3708,0.0440
PEMAFC-F,0,period_0779,6.650000,-1.1249,0.6149,84.4155,84.3708,0.0447
PEMAFC-F,0,period_0779,6.700000,-1.1316,0.6229,84.4157,84.3708,0.0449
PEMAFC-F,0,period_0779,6.750000,-1.1381,0.6868,84.4162,84.3708,0.0454
PEMAFC-F,0,period_0779,6.800000,-1.1447,0.7279,84.4166,84.3708,0.0457
PEMAFC-F,0,period_0779,6.850000,-1.1516,0.6746,84.4171,84.3708,0.0462
PEMAFC-F,0,period_0779,6.900000,-1.1578,0.5953,84.4172,84.3708,0.0464
PEMAFC-F,0,period_0779,6.950000,-1.1655,0.7421,84.4174,84.3708,0.0465
PEMAFC-F,0,period_0779,7.000000,-1.1721,0.7867,84.4177,84.3708,0.0468
PEMAFC-F,0,period_0779,7.050000,-1.1795,0.6132,84.4182,84.3708,0.0474
PEMAFC-F,0,period_0779,7.100000,-1.1868,0.7839,84.4183,84.3708,0.0474
PEMAFC-F,0,period_0779,7.150000,-1.1925,0.5106,84.4186,84.3708,0.0478
PEMAFC-F,0,period_0779,7.200000,-1.1990,0.8195,84.4188,84.3708,0.0480
PEMAFC-F,0,period_0779,7.250000,-1.2063,0.5997,84.4193,84.3708,0.0484
PEMAFC-F,0,period_0779,7.300000,-1.2123,0.7021,84.4195,84.3708,0.0487
PEMAFC-F,0,period_0779,7.350000,-1.2190,0.7147,84.4199,84.3708,0.0490
PEMAFC-F,0,period_0779,7.400000,-1.2259,0.7331,84.4201,84.3708,0.0493
PEMAFC-F,0,period_0779,7.450000,-1.2314,0.7665,84.4204,84.3708,0.0496
PEMAFC-F,0,period_0779,7.500000,-1.2375,0.5762,84.4210,84.3708,0.0501
PEMAFC-F,0,period_0779,7.550000,-1.2440,0.6744,84.4215,84.3708,0.0506
PEMAFC-F,0,period_0779,7.600000,-1.2502,0.7323,84.4216,84.3708,0.0508
PEMAFC-F,0,period_0779,7.650000,-1.2572,0.7136,84.4222,84.3708,0.0514
PEMAFC-F,0,period_0779,7.700000,-1.2637,0.8048,84.4224,84.3708,0.0516
PEMAFC-F,0,period_0779,7.750000,-1.2704,0.8088,84.4227,84.3708,0.0519
PEMAFC-F,0,period_0779,7.800000,-1.2771,0.8084,84.4230,84.3708,0.0521
PEMAFC-F,0,period_0779,7.850000,-1.2851,0.6937,84.4232,84.3708,0.0523
PEMAFC-F,0,period_0779,7.900000,-1.2915,0.8741,84.4234,84.3708,0.0526
PEMAFC-F,0,period_0779,7.950000,-1.2987,0.8109,84.4239,84.3708,0.0531
PEMAFC-F,0,period_0779,8.000000,-1.3049,0.7757,84.4240,84.3708,0.0532
PEMAFC-F,0,period_0779,8.050000,-1.3124,0.8100,84.4240,84.3708,0.0531
PEMAFC-F,0,period_0779,8.100000,-1.3191,0.6590,84.4245,84.3708,0.0537
PEMAFC-F,0,period_0779,8.150000,-1.3251,0.7372,84.4247,84.3708,0.0539
PEMAFC-F,0,period_0779,8.200000,-1.3319,0.7267,84.4250,84.3708,0.0541
PEMAFC-F,0,period_0779,8.250000,-1.3374,0.8955,84.4252,84.3708,0.0543
PEMAFC-F,0,period_0779,8.300000,-1.3439,0.9105,84.4256,84.3708,0.0547
PEMAFC-F,0,period_0779,8.350000,-1.3499,0.6556,84.4259,84.3708,0.0551
PEMAFC-F,0,period_0779,8.400000,-1.3563,0.8033,84.4260,84.3708,0.0552
PEMAFC-F,0,period_0779,8.450000,-1.3632,0.9784,84.4262,84.3708,0.0554
PEMAFC-F,0,period_0779,8.500000,-1.3696,0.7579,84.4265,84.3708,0.0557
PEMAFC-F,0,period_0779,8.550000,-1.3768,0.9847,84.4266,84.3708,0.0558
PEMAFC-F,0,period_0779,8.600000,-1.3827,0.7475,84.4269,84.3708,0.0561
PEMAFC-F,0,period_0779,8.650000,-1.3886,0.8648,84.4272,84.3708,0.0564
PEMAFC-F,0,period_0779,8.700000,-1.3945,0.9533,84.4272,84.3708,0.0564
PEMAFC-F,0,period_0779,8.750000,-1.4016,0.7621,84.4278,84.3708,0.0569
PEMAFC-F,0,period_0779,8.800000,-1.4068,0.7771,84.4276,84.3708,0.0568
PEMAFC-F,0,period_0779,8.850000,-1.4130,0.6967,84.4281,84.3708,0.0572
PEMAFC-F,0,period_0779,8.900000,-1.4194,0.8926,84.4281,84.3708,0.0573
PEMAFC-F,0,period_0779,8.950000,-1.4253,0.9799,84.4284,84.3708,0.0575
PEMAFC-F,0,period_0779,9.000000,-1.4316,0.9311,84.4286,84.3708,0.0578
PEMAFC-F,0,period_0779,9.050000,-1.4373,0.9546,84.4286,84.3708,0.0578
PEMAFC-F,0,period_0779,9.100000,-1.4433,0.8376,84.4290,84.3708,0.0581
PEMAFC-F,0,period_0779,9.150000,-1.4487,0.8459,84.4293,84.3708,0.0584
PEMAFC-F,0,period_0779,9.200000,-1.4568,1.1312,84.4294,84.3708,0.0586
PEMAFC-F,0,period_0779,9.250000,-1.4634,0.8984,84.4298,84.3708,0.0590
PEMAFC-F,0,period_0779,9.300000,-1.4687,0.8653,84.4299,84.3708,0.0591
PEMAFC-F,0,period_0779,9.350000,-1.4744,0.8560,84.4303,84.3708,0.0595
PEMAFC-F,0,period_0779,9.400000,-1.4809,0.8304,84.4308,84.3708,0.0600
PEMAFC-F,0,period_0779,9.450000,-1.4869,0.7763,84.4309,84.3708,0.0601
PEMAFC-F,0,period_0779,9.500000,-1.4931,0.8929,84.4313,84.3708,0.0605
PEMAFC-F,0,period_0779,9.550000,-1.4987,0.9308,84.4314,84.3708,0.0606
PEMAFC-F,0,period_0779,9.600000,-1.5048,0.7615,84.4321,84.3708,0.0613
PEMAFC-F,0,period_0779,9.650000,-1.5108,0.8455,84.4325,84.3708,0.0616
PEMAFC-F,0,period_0779,9.700000,-1.5165,0.9258,84.4328,84.3708,0.0620
PEMAFC-F,0,period_0779,9.750000,-1.5224,0.7769,84.4330,84.3708,0.0622
PEMAFC-F,0,period_0779,9.800000,-1.5284,0.6126,84.4338,84.3708,0.0630
PEMAFC-F,0,period_0779,9.850000,-1.5338,0.9165,84.4341,84.3708,0.0632
PEMAFC-F,0,period_0779,9.900000,-1.5394,0.7031,84.4344,84.3708,0.0636
PEMAFC-F,0,period_0779,9.950000,-1.5454,1.0548,84.4346,84.3708,0.0637
PEMAFC-F,0,period_0779,10.000000,-1.5508,0.6357,84.4350,84.3708,0.0642
PEMAFC-F,0,period_0779,10.050000,-1.5563,0.8170,84.4352,84.3708,0.0644
PEMAFC-F,0,period_0779,10.100000,-1.5624,0.9830,84.4353,84.3708,0.0645
PEMAFC-F,0,period_0779,10.150000,-1.5685,0.8449,84.4356,84.3708,0.0648
PEMAFC-F,0,period_0779,10.200000,-1.5757,0.7789,84.4362,84.3708,0.0653
PEMAFC-F,0,period_0779,10.250000,-1.5807,0.8603,84.4366,84.3708,0.0658
PEMAFC-F,0,period_0779,10.300000,-1.5870,0.9089,84.4371,84.3708,0.0662
PEMAFC-F,0,period_0779,10.350000,-1.5933,1.0360,84.4375,84.3708,0.0666
PEMAFC-F,0,period_0779,10.400000,-1.5996,0.8967,84.4373,84.3708,0.0665
PEMAFC-F,0,period_0779,10.450000,-1.6061,1.0234,84.4375,84.3708,0.0667
PEMAFC-F,0,period_0779,10.500000,-1.6121,0.9212,84.4378,84.3708,0.0670
PEMAFC-F,0,period_0779,10.550000,-1.6188,0.9539,84.4381,84.3708,0.0672
PEMAFC-F,0,period_0779,10.600000,-1.6253,0.7773,84.4386,84.3708,0.0677
PEMAFC-F,0,period_0779,10.650000,-1.6310,0.8608,84.4387,84.3708,0.0679
PEMAFC-F,0,period_0779,10.700000,-1.6365,0.9398,84.4390,84.3708,0.0682
PEMAFC-F,0,period_0779,10.750000,-1.6439,0.9483,84.4395,84.3708,0.0686
PEMAFC-F,0,period_0779,10.800000,-1.6505,1.2711,84.4398,84.3708,0.0689
PEMAFC-F,0,period_0779,10.850000,-1.6572,1.0394,84.4399,84.3708,0.0691
PEMAFC-F,0,period_0779,10.900000,-1.6623,0.8956,84.4404,84.3708,0.0695
PEMAFC-F,0,period_0779,10.950000,-1.6683,0.7997,84.4406,84.3708,0.0697
PEMAFC-F,0,period_0779,11.000000,-1.6737,1.0385,84.4407,84.3708,0.0699
PEMAFC-F,0,period_0779,11.050000,-1.6798,0.9869,84.4409,84.3708,0.0700
PEMAFC-F,0,period_0779,11.100000,-1.6846,1.1435,84.4410,84.3708,0.0702
PEMAFC-F,0,period_0779,11.150000,-1.6900,0.7312,84.4414,84.3708,0.0706
PEMAFC-F,0,period_0779,11.200000,-1.6947,0.7765,84.4417,84.3708,0.0709
PEMAFC-F,0,period_0779,11.250000,-1.7009,0.8210,84.4421,84.3708,0.0712
PEMAFC-F,0,period_0779,11.300000,-1.7078,1.0367,84.4423,84.3708,0.0714
PEMAFC-F,0,period_0779,11.350000,-1.7138,1.1451,84.4425,84.3708,0.0716
PEMAFC-F,0,period_0779,11.400000,-1.7197,0.8851,84.4426,84.3708,0.0718
PEMAFC-F,0,period_0779,11.450000,-1.7251,0.9389,84.4429,84.3708,0.0720
PEMAFC-F,0,period_0779,11.500000,-1.7315,1.2538,84.4431,84.3708,0.0723
PEMAFC-F,0,period_0779,11.550000,-1.7371,0.9131,84.4435,84.3708,0.0726
PEMAFC-F,0,period_0779,11.600000,-1.7430,1.0292,84.4437,84.3708,0.0729
PEMAFC-F,0,period_0779,11.650000,-1.7492,1.1091,84.4439,84.3708,0.0731
PEMAFC-F,0,period_0779,11.700000,-1.7552,1.0878,84.4443,84.3708,0.0735
PEMAFC-F,0,period_0779,11.750000,-1.7614,1.1743,84.4446,84.3708,0.0737
PEMAFC-F,0,period_0779,11.800000,-1.7671,0.9689,84.4449,84.3708,0.0740
PEMAFC-F,0,period_0779,11.850000,-1.7729,0.8564,84.4452,84.3708,0.0744
PEMAFC-F,0,period_0779,11.900000,-1.7795,1.0520,84.4456,84.3708,0.0748
PEMAFC-F,0,period_0779,11.950000,-1.7852,1.0034,84.4459,84.3708,0.0750
PEMAFC-F,0,period_0779,12.000000,-1.7914,0.9131,84.4463,84.3708,0.0754
PEMAFC-F,0,period_0779,12.050000,-1.7974,1.0434,84.4465,84.3708,0.0756
PEMAFC-F,0,period_0779,12.100000,-1.8036,1.0593,84.4468,84.3708,0.0760
PEMAFC-F,0,period_0779,12.150000,-1.8100,1.1542,84.4471,84.3708,0.0763
PEMAFC-F,0,period_0779,12.200000,-1.8158,0.9197,84.4473,84.3708,0.0765
PEMAFC-F,0,period_0779,12.250000,-1.8216,1.1038,84.4478,84.3708,0.0769
PEMAFC-F,0,period_0779,12.300000,-1.8280,1.1996,84.4480,84.3708,0.0772
PEMAFC-F,0,period_0779,12.350000,-1.8333,1.0009,84.4482,84.3708,0.0773
PEMAFC-F,0,period_0779,12.400000,-1.8389,1.1012,84.4483,84.3708,0.0774
PEMAFC-F,0,period_0779,12.450000,-1.8445,1.0121,84.4484,84.3708,0.0776
PEMAFC-F,0,period_0779,12.500000,-1.8488,0.9794,84.4489,84.3708,0.0780
PEMAFC-F,0,period_0779,12.550000,-1.8541,1.2510,84.4494,84.3708,0.0785
PEMAFC-F,0,period_0779,12.600000,-1.8604,0.9932,84.4495,84.3708,0.0787
PEMAFC-F,0,period_0779,12.650000,-1.8652,1.0134,84.4498,84.3708,0.0789
PEMAFC-F,0,period_0779,12.700000,-1.8699,1.2030,84.4499,84.3708,0.0791
PEMAFC-F,0,period_0779,12.750000,-1.8761,1.0627,84.4504,84.3708,0.0796
PEMAFC-F,0,period_0779,12.800000,-1.8821,1.0987,84.4508,84.3708,0.0799
PEMAFC-F,0,period_0779,12.850000,-1.8880,1.0879,84.4512,84.3708,0.0803
PEMAFC-F,0,period_0779,12.900000,-1.8931,1.0613,84.4511,84.3708,0.0802
PEMAFC-F,0,period_0779,12.950000,-1.8982,0.9489,84.4512,84.3708,0.0804
PEMAFC-F,0,period_0779,13.000000,-1.9038,1.1589,84.4516,84.3708,0.0808
PEMAFC-F,0,period_0779,13.050000,-1.9100,0.9496,84.4520,84.3708,0.0812
PEMAFC-F,0,period_0779,13.100000,-1.9148,1.0875,84.4523,84.3708,0.0815
PEMAFC-F,0,period_0779,13.150000,-1.9197,0.9310,84.4529,84.3708,0.0820
PEMAFC-F,0,period_0779,13.200000,-1.9255,1.1043,84.4532,84.3708,0.0824
PEMAFC-F,0,period_0779,13.250000,-1.9310,1.2898,84.4533,84.3708,0.0824
PEMAFC-F,0,period_0779,13.300000,-1.9365,1.0245,84.4535,84.3708,0.0827
PEMAFC-F,0,period_0779,13.350000,-1.9426,1.0789,84.4538,84.3708,0.0830
PEMAFC-F,0,period_0779,13.400000,-1.9473,1.0780,84.4541,84.3708,0.0832
PEMAFC-F,0,period_0779,13.450000,-1.9535,1.2561,84.4544,84.3708,0.0836
PEMAFC-F,0,period_0779,13.500000,-1.9596,1.1384,84.4549,84.3708,0.0841
PEMAFC-F,0,period_0779,13.550000,-1.9657,1.1871,84.4553,84.3708,0.0845
PEMAFC-F,0,period_0779,13.600000,-1.9713,0.9705,84.4558,84.3708,0.0849
PEMAFC-F,0,period_0779,13.650000,-1.9761,0.9737,84.4560,84.3708,0.0852
PEMAFC-F,0,period_0779,13.700000,-1.9812,1.1775,84.4562,84.3708,0.0853
PEMAFC-F,0,period_0779,13.750000,-1.9866,1.1095,84.4565,84.3708,0.0857
PEMAFC-F,0,period_0779,13.800000,-1.9911,1.2145,84.4566,84.3708,0.0858
PEMAFC-F,0,period_0779,13.850000,-1.9965,0.9101,84.4570,84.3708,0.0862
PEMAFC-F,0,period_0779,13.900000,-2.0020,1.2908,84.4572,84.3708,0.0864
PEMAFC-F,0,period_0779,13.950000,-2.0075,1.2794,84.4575,84.3708,0.0866
PEMAFC-F,0,period_0779,14.000000,-2.0143,1.4946,84.4579,84.3708,0.0871
PEMAFC-F,0,period_0779,14.050000,-2.0190,1.1346,84.4581,84.3708,0.0872
PEMAFC-F,0,period_0779,14.100000,-2.0239,1.0054,84.4584,84.3708,0.0876
PEMAFC-F,0,period_0779,14.150000,-2.0294,1.3279,84.4586,84.3708,0.0878
PEMAFC-F,0,period_0779,14.200000,-2.0349,1.0586,84.4589,84.3708,0.0881
PEMAFC-F,0,period_0779,14.250000,-2.0411,1.2429,84.4592,84.3708,0.0884
PEMAFC-F,0,period_0779,14.300000,-2.0466,0.9657,84.4596,84.3708,0.0888
PEMAFC-F,0,period_0779,14.350000,-2.0513,0.9648,84.4598,84.3708,0.0890
PEMAFC-F,0,period_0779,14.400000,-2.0561,0.8564,84.4603,84.3708,0.0895
PEMAFC-F,0,period_0779,14.450000,-2.0617,1.2233,84.4605,84.3708,0.0896
PEMAFC-F,0,period_0779,14.500000,-2.0681,1.1377,84.4606,84.3708,0.0897
PEMAFC-F,0,period_0779,14.550000,-2.0730,1.1504,84.4607,84.3708,0.0899
PEMAFC-F,0,period_0779,14.600000,-2.0791,1.3141,84.4613,84.3708,0.0904
PEMAFC-F,0,period_0779,14.650000,-2.0844,1.4826,84.4614,84.3708,0.0906
PEMAFC-F,0,period_0779,14.700000,-2.0898,0.9991,84.4616,84.3708,0.0908
PEMAFC-F,0,period_0779,14.750000,-2.0954,1.2034,84.4620,84.3708,0.0912
PEMAFC-F,0,period_0779,14.800000,-2.1006,1.0162,84.4624,84.3708,0.0916
PEMAFC-F,0,period_0779,14.850000,-2.1061,1.2774,84.4628,84.3708,0.0919
PEMAFC-F,0,period_0779,14.900000,-2.1108,1.1225,84.4631,84.3708,0.0923
PEMAFC-F,0,period_0779,14.950000,-2.1156,1.0779,84.4634,84.3708,0.0925
PEMAFC-F,0,period_0779,15.000000,-2.1200,1.1194,84.4635,84.3708,0.0927
PEMAFC-F,0,period_0779,15.050000,-2.1241,1.0617,84.4638,84.3708,0.0930
PEMAFC-F,0,period_0779,15.100000,-2.1309,1.0206,84.4643,84.3708,0.0934
PEMAFC-F,0,period_0779,15.150000,-2.1351,0.9604,84.4647,84.3708,0.0939
PEMAFC-F,0,period_0779,15.200000,-2.1403,1.1610,84.4651,84.3708,0.0942
PEMAFC-F,0,period_0779,15.250000,-2.1467,0.9309,84.4654,84.3708,0.0945
PEMAFC-F,0,period_0779,15.300000,-2.1520,1.2432,84.4656,84.3708,0.0948
PEMAFC-F,0,period_0779,15.350000,-2.1585,0.9786,84.4659,84.3708,0.0951
PEMAFC-F,0,period_0779,15.400000,-2.1636,1.2397,84.4663,84.3708,0.0955
PEMAFC-F,0,period_0779,15.450000,-2.1677,1.0620,84.4667,84.3708,0.0958
PEMAFC-F,0,period_0779,15.500000,-2.1738,1.3106,84.4671,84.3708,0.0963
PEMAFC-F,0,period_0779,15.550000,-2.1783,0.8598,84.4674,84.3708,0.0966
PEMAFC-F,0,period_0779,15.600000,-2.1837,1.0397,84.4677,84.3708,0.0969
PEMAFC-F,0,period_0779,15.650000,-2.1894,0.9748,84.4683,84.3708,0.0975
PEMAFC-F,0,period_0779,15.700000,-2.1952,1.2660,84.4687,84.3708,0.0978
PEMAFC-F,0,period_0779,15.750000,-2.1997,1.2518,84.4688,84.3708,0.0980
PEMAFC-F,0,period_0779,15.800000,-2.2041,1.3775,84.4688,84.3708,0.0980
PEMAFC-F,0,period_0779,15.850000,-2.2087,1.0177,84.4694,84.3708,0.0986
PEMAFC-F,0,period_0779,15.900000,-2.2136,1.1673,84.4699,84.3708,0.0991
PEMAFC-F,0,period_0779,15.950000,-2.2194,1.2635,84.4705,84.3708,0.0997
PEMAFC-F,0,period_0779,16.000000,-2.2241,1.2050,84.4711,84.3708,0.1002
PEMAFC-F,0,period_0779,16.050000,-2.2284,1.1064,84.4713,84.3708,0.1005
PEMAFC-F,0,period_0779,16.100000,-2.2335,1.2707,84.4719,84.3708,0.1011
PEMAFC-F,0,period_0779,16.150000,-2.2385,1.4425,84.4722,84.3708,0.1013
PEMAFC-F,0,period_0779,16.200000,-2.2431,1.4000,84.4723,84.3708,0.1014
PEMAFC-F,0,period_0779,16.250000,-2.2477,1.1548,84.4725,84.3708,0.1016
PEMAFC-F,0,period_0779,16.300000,-2.2527,1.0829,84.4731,84.3708,0.1023
PEMAFC-F,0,period_0779,16.350000,-2.2579,1.1949,84.4736,84.3708,0.1027
PEMAFC-F,0,period_0779,16.400000,-2.2628,1.4297,84.4739,84.3708,0.1030
PEMAFC-F,0,period_0779,16.450000,-2.2687,1.1996,84.4741,84.3708,0.1033
PEMAFC-F,0,period_0779,16.500000,-2.2735,1.0650,84.4744,84.3708,0.1036
PEMAFC-F,0,period_0779,16.550000,-2.2782,1.3396,84.4746,84.3708,0.1038
PEMAFC-F,0,period_0779,16.600000,-2.2841,1.6272,84.4748,84.3708,0.1039
PEMAFC-F,0,period_0779,16.650000,-2.2891,0.9341,84.4751,84.3708,0.1043
PEMAFC-F,0,period_0779,16.700000,-2.2943,1.2260,84.4754,84.3708,0.1045
PEMAFC-F,0,period_0779,16.750000,-2.2990,0.9383,84.4755,84.3708,0.1047
PEMAFC-F,0,period_0779,16.800000,-2.3043,1.8615,84.4757,84.3708,0.1049
PEMAFC-F,0,period_0779,16.850000,-2.3090,1.3535,84.4759,84.3708,0.1050
PEMAFC-F,0,period_0779,16.900000,-2.3138,1.3957,84.4758,84.3708,0.1050
PEMAFC-F,0,period_0779,16.950000,-2.3196,1.2306,84.4764,84.3708,0.1056
PEMAFC-F,0,period_0779,17.000000,-2.3240,1.4548,84.4766,84.3708,0.1058
PEMAFC-F,0,period_0779,17.050000,-2.3301,1.3288,84.4773,84.3708,0.1065
PEMAFC-F,0,period_0779,17.100000,-2.3348,1.3961,84.4774,84.3708,0.1066
PEMAFC-F,0,period_0779,17.150000,-2.3397,1.3035,84.4776,84.3708,0.1068
PEMAFC-F,0,period_0779,17.200000,-2.3445,1.3068,84.4778,84.3708,0.1070
PEMAFC-F,0,period_0779,17.250000,-2.3498,1.1628,84.4782,84.3708,0.1073
PEMAFC-F,0,period_0779,17.300000,-2.3548,1.3095,84.4786,84.3708,0.1077
PEMAFC-F,0,period_0779,17.350000,-2.3594,1.1915,84.4787,84.3708,0.1078
PEMAFC-F,0,period_0779,17.400000,-2.3643,1.2309,84.4790,84.3708,0.1082
PEMAFC-F,0,period_0779,17.450000,-2.3688,1.4159,84.4793,84.3708,0.1085
PEMAFC-F,0,period_0779,17.500000,-2.3738,1.1981,84.4794,84.3708,0.1086
PEMAFC-F,0,period_0779,17.550000,-2.3792,1.3720,84.4798,84.3708,0.1089
PEMAFC-F,0,period_0779,17.600000,-2.3847,1.6531,84.4797,84.3708,0.1089
PEMAFC-F,0,period_0779,17.650000,-2.3887,1.5098,84.4800,84.3708,0.1091
PEMAFC-F,0,period_0779,17.700000,-2.3932,1.2925,84.4804,84.3708,0.1095
PEMAFC-F,0,period_0779,17.750000,-2.3976,1.2063,84.4810,84.3708,0.1101
PEMAFC-F,0,period_0779,17.800000,-2.4027,1.2211,84.4813,84.3708,0.1105
PEMAFC-F,0,period_0779,17.850000,-2.4093,1.1941,84.4820,84.3708,0.1112
PEMAFC-F,0,period_0779,17.900000,-2.4129,1.2940,84.4821,84.3708,0.1112
PEMAFC-F,0,period_0779,17.950000,-2.4174,1.2976,84.4824,84.3708,0.1116
PEMAFC-F,0,period_0779,18.000000,-2.4214,1.3023,84.4827,84.3708,0.1118
PEMAFC-F,0,period_0779,18.050000,-2.4262,1.1652,84.4832,84.3708,0.1124
PEMAFC-F,0,period_0779,18.100000,-2.4307,0.9570,84.4837,84.3708,0.1129
PEMAFC-F,0,period_0779,18.150000,-2.4356,1.5161,84.4839,84.3708,0.1131
PEMAFC-F,0,period_0779,18.200000,-2.4407,1.4319,84.4842,84.3708,0.1134
PEMAFC-F,0,period_0779,18.250000,-2.4453,1.1984,84.4846,84.3708,0.1137
PEMAFC-F,0,period_0779,18.300000,-2.4500,1.2930,84.4847,84.3708,0.1139
PEMAFC-F,0,period_0779,18.350000,-2.4551,1.4321,84.4849,84.3708,0.1140
PEMAFC-F,0,period_0779,18.400000,-2.4593,1.2933,84.4851,84.3708,0.1142
PEMAFC-F,0,period_0779,18.450000,-2.4643,1.4233,84.4855,84.3708,0.1147
PEMAFC-F,0,period_0779,18.500000,-2.4685,1.2193,84.4856,84.3708,0.1148
PEMAFC-F,0,period_0779,18.550000,-2.4730,1.5720,84.4857,84.3708,0.1149
PEMAFC-F,0,period_0779,18.600000,-2.4778,1.0402,84.4861,84.3708,0.1153
PEMAFC-F,0,period_0779,18.650000,-2.4824,1.1828,84.4865,84.3708,0.1157
PEMAFC-F,0,period_0779,18.700000,-2.4867,1.4226,84.4867,84.3708,0.1158
PEMAFC-F,0,period_0779,18.750000,-2.4910,1.0294,84.4866,84.3708,0.1158
PEMAFC-F,0,period_0779,18.800000,-2.4957,1.4758,84.4867,84.3708,0.1159
PEMAFC-F,0,period_0779,18.850000,-2.4996,1.2741,84.4869,84.3708,0.1161
PEMAFC-F,0,period_0779,18.900000,-2.5047,1.5273,84.4872,84.3708,0.1164
PEMAFC-F,0,period_0779,18.950000,-2.5089,1.5088,84.4876,84.3708,0.1167
PEMAFC-F,0,period_0779,19.000000,-2.5142,1.4015,84.4876,84.3708,0.1168
PEMAFC-F,0,period_0779,19.050000,-2.5187,1.2420,84.4881,84.3708,0.1173
PEMAFC-F,0,period_0779,19.100000,-2.5229,1.4033,84.4883,84.3708,0.1175
PEMAFC-F,0,period_0779,19.150000,-2.5269,1.2412,84.4886,84.3708,0.1178
PEMAFC-F,0,period_0779,19.200000,-2.5313,1.4842,84.4891,84.3708,0.1182
PEMAFC-F,0,period_0779,19.250000,-2.5356,1.2377,84.4895,84.3708,0.1187
PEMAFC-F,0,period_0779,19.300000,-2.5397,1.2490,84.4899,84.3708,0.1190
PEMAFC-F,0,period_0779,19.350000,-2.5443,1.4826,84.4901,84.3708,0.1193
PEMAFC-F,0,period_0779,19.400000,-2.5499,1.6037,84.4903,84.3708,0.1195
PEMAFC-F,0,period_0779,19.450000,-2.5545,1.2381,84.4904,84.3708,0.1196
PEMAFC-F,0,period_0779,19.500000,-2.5587,1.3799,84.4908,84.3708,0.1200
PEMAFC-F,0,period_0779,19.550000,-2.5634,1.4359,84.4912,84.3708,0.1204
PEMAFC-F,0,period_0779,19.600000,-2.5680,1.2740,84.4915,84.3708,0.1206
PEMAFC-F,0,period_0779,19.650000,-2.5721,1.5017,84.4917,84.3708,0.1208
PEMAFC-F,0,period_0779,19.700000,-2.5765,1.3935,84.4918,84.3708,0.1210
PEMAFC-F,0,period_0779,19.750000,-2.5811,1.2881,84.4921,84.3708,0.1213
PEMAFC-F,0,period_0779,19.800000,-2.5853,1.0599,84.4926,84.3708,0.1218
PEMAFC-F,0,period_0779,19.850000,-2.5897,1.1697,84.4928,84.3708,0.1220
PEMAFC-F,0,period_0779,19.900000,-2.5949,1.4685,84.4930,84.3708,0.1222
PEMAFC-F,0,period_0779,19.950000,-2.5999,1.2233,84.4933,84.3708,0.1224
PEMAFC-F,0,period_0779,20.000000,-2.6042,1.4841,84.4935,84.3708,0.1226
PEMAFC-F,0,period_0779,20.050000,-2.6097,1.5623,84.4936,84.3708,0.1228
PEMAFC-F,0,period_0779,20.100000,-2.6141,1.3083,84.4940,84.3708,0.1232
PEMAFC-F,0,period_0779,20.150000,-2.6192,1.2606,84.4944,84.3708,0.1236
PEMAFC-F,0,period_0779,20.200000,-2.6241,1.6768,84.4944,84.3708,0.1236
PEMAFC-F,0,period_0779,20.250000,-2.6292,1.5920,84.4947,84.3708,0.1239
PEMAFC-F,0,period_0779,20.300000,-2.6335,1.4041,84.4951,84.3708,0.1242
PEMAFC-F,0,period_0779,20.350000,-2.6381,1.2468,84.4956,84.3708,0.1247
PEMAFC-F,0,period_0779,20.400000,-2.6420,1.1804,84.4959,84.3708,0.1251
PEMAFC-F,0,period_0779,20.450000,-2.6470,1.8316,84.4962,84.3708,0.1253
PEMAFC-F,0,period_0779,20.500000,-2.6521,1.4754,84.4964,84.3708,0.1256
PEMAFC-F,0,period_0779,20.550000,-2.6567,1.5416,84.4967,84.3708,0.1259
PEMAFC-F,0,period_0779,20.600000,-2.6610,1.6325,84.4970,84.3708,0.1262
PEMAFC-F,0,period_0779,20.650000,-2.6667,1.8664,84.4973,84.3708,0.1265
PEMAFC-F,0,period_0779,20.700000,-2.6709,1.1869,84.4976,84.3708,0.1268
PEMAFC-F,0,period_0779,20.750000,-2.6755,1.5116,84.4980,84.3708,0.1271
PEMAFC-F,0,period_0779,20.800000,-2.6805,0.9148,84.4988,84.3708,0.1280
PEMAFC-F,0,period_0779,20.850000,-2.6848,1.0840,84.4992,84.3708,0.1283
PEMAFC-F,0,period_0779,20.900000,-2.6887,0.9128,84.4996,84.3708,0.1288
PEMAFC-F,0,period_0779,20.950000,-2.6941,1.5670,84.5000,84.3708,0.1292
PEMAFC-F,0,period_0779,21.000000,-2.6987,1.7712,84.5001,84.3708,0.1293
PEMAFC-F,0,period_0779,21.050000,-2.7031,1.4982,84.5004,84.3708,0.1295
PEMAFC-F,0,period_0779,21.100000,-2.7071,1.3975,84.5006,84.3708,0.1298
PEMAFC-F,0,period_0779,21.150000,-2.7121,1.7810,84.5008,84.3708,0.1300
PEMAFC-F,0,period_0779,21.200000,-2.7159,1.2711,84.5010,84.3708,0.1301
PEMAFC-F,0,period_0779,21.250000,-2.7209,1.5938,84.5013,84.3708,0.1305
PEMAFC-F,0,period_0779,21.300000,-2.7250,1.3108,84.5015,84.3708,0.1307
PEMAFC-F,0,period_0779,21.350000,-2.7295,1.3371,84.5018,84.3708,0.1310
PEMAFC-F,0,period_0779,21.400000,-2.7338,1.6447,84.5019,84.3708,0.1311
PEMAFC-F,0,period_0779,21.450000,-2.7384,1.6664,84.5022,84.3708,0.1314
PEMAFC-F,0,period_0779,21.500000,-2.7430,1.5033,84.5022,84.3708,0.1314
PEMAFC-F,0,period_0779,21.550000,-2.7477,1.5326,84.5024,84.3708,0.1316
PEMAFC-F,0,period_0779,21.600000,-2.7511,1.2076,84.5028,84.3708,0.1320
PEMAFC-F,0,period_0779,21.650000,-2.7564,1.5080,84.5035,84.3708,0.1326
PEMAFC-F,0,period_0779,21.700000,-2.7607,1.7846,84.5038,84.3708,0.1330
PEMAFC-F,0,period_0779,21.750000,-2.7655,1.3726,84.5045,84.3708,0.1337
PEMAFC-F,0,period_0779,21.800000,-2.7697,1.4824,84.5050,84.3708,0.1342
PEMAFC-F,0,period_0779,21.850000,-2.7739,1.5919,84.5052,84.3708,0.1343
PEMAFC-F,0,period_0779,21.900000,-2.7788,2.1104,84.5054,84.3708,0.1346
PEMAFC-F,0,period_0779,21.950000,-2.7829,1.5264,84.5057,84.3708,0.1348
PEMAFC-F,0,period_0779,22.000000,-2.7874,1.4333,84.5059,84.3708,0.1351
PEMAFC-F,0,period_0779,22.050000,-2.7917,1.4788,84.5061,84.3708,0.1353
PEMAFC-F,0,period_0779,22.100000,-2.7961,1.4485,84.5065,84.3708,0.1356
PEMAFC-F,0,period_0779,22.150000,-2.8009,1.6125,84.5066,84.3708,0.1358
PEMAFC-F,0,period_0779,22.200000,-2.8056,1.5360,84.5069,84.3708,0.1361
PEMAFC-F,0,period_0779,22.250000,-2.8100,1.4198,84.5074,84.3708,0.1365
PEMAFC-F,0,period_0779,22.300000,-2.8143,1.8235,84.5073,84.3708,0.1365
PEMAFC-F,0,period_0779,22.350000,-2.8187,1.7785,84.5074,84.3708,0.1365
PEMAFC-F,0,period_0779,22.400000,-2.8230,1.4394,84.5075,84.3708,0.1367
PEMAFC-F,0,period_0779,22.450000,-2.8265,1.6069,84.5077,84.3708,0.1369
PEMAFC-F,0,period_0779,22.500000,-2.8315,1.5183,84.5082,84.3708,0.1374
PEMAFC-F,0,period_0779,22.550000,-2.8360,1.5032,84.5085,84.3708,0.1377
PEMAFC-F,0,period_0779,22.600000,-2.8406,1.6963,84.5088,84.3708,0.1380
PEMAFC-F,0,period_0779,22.650000,-2.8444,1.3253,84.5091,84.3708,0.1383
PEMAFC-F,0,period_0779,22.700000,-2.8484,1.6259,84.5095,84.3708,0.1387
PEMAFC-F,0,period_0779,22.750000,-2.8531,1.6569,84.5098,84.3708,0.1389
PEMAFC-F,0,period_0779,22.800000,-2.8565,1.3081,84.5101,84.3708,0.1393
PEMAFC-F,0,period_0779,22.850000,-2.8609,1.6576,84.5104,84.3708,0.1395
PEMAFC-F,0,period_0779,22.900000,-2.8650,1.5639,84.5108,84.3708,0.1399
PEMAFC-F,0,period_0779,22.950000,-2.8685,1.4953,84.5110,84.3708,0.1402
PEMAFC-F,0,period_0779,23.000000,-2.8724,1.2540,84.5113,84.3708,0.1405
PEMAFC-F,0,period_0779,23.050000,-2.8761,1.0520,84.5118,84.3708,0.1410
PEMAFC-F,0,period_0779,23.100000,-2.8800,1.2954,84.5119,84.3708,0.1411
PEMAFC-F,0,period_0779,23.150000,-2.8847,1.7523,84.5122,84.3708,0.1414
PEMAFC-F,0,period_0779,23.200000,-2.8896,1.7402,84.5125,84.3708,0.1416
PEMAFC-F,0,period_0779,23.250000,-2.8934,1.3747,84.5129,84.3708,0.1420
PEMAFC-F,0,period_0779,23.300000,-2.8975,1.5837,84.5133,84.3708,0.1425
PEMAFC-F,0,period_0779,23.350000,-2.9018,1.3630,84.5138,84.3708,0.1430
PEMAFC-F,0,period_0779,23.400000,-2.9063,1.1112,84.5142,84.3708,0.1433
PEMAFC-F,0,period_0779,23.450000,-2.9100,1.6271,84.5145,84.3708,0.1437
PEMAFC-F,0,period_0779,23.500000,-2.9144,1.6234,84.5145,84.3708,0.1436
PEMAFC-F,0,period_0779,23.550000,-2.9192,1.0689,84.5150,84.3708,0.1442
PEMAFC-F,0,period_0779,23.600000,-2.9232,1.7602,84.5152,84.3708,0.1444
PEMAFC-F,0,period_0779,23.650000,-2.9272,1.8022,84.5154,84.3708,0.1446
PEMAFC-F,0,period_0779,23.700000,-2.9312,1.2170,84.5157,84.3708,0.1449
PEMAFC-F,0,period_0779,23.750000,-2.9358,1.7572,84.5159,84.3708,0.1450
PEMAFC-F,0,period_0779,23.800000,-2.9398,1.5792,84.5160,84.3708,0.1452
PEMAFC-F,0,period_0779,23.850000,-2.9439,1.6111,84.5165,84.3708,0.1457
PEMAFC-F,0,period_0779,23.900000,-2.9478,1.5314,84.5168,84.3708,0.1459
PEMAFC-F,0,period_0779,23.950000,-2.9514,1.4354,84.5168,84.3708,0.1460
PEMAFC-F,0,period_0779,24.000000,-2.9560,1.9195,84.5169,84.3708,0.1460
PEMAFC-F,0,period_0779,24.050000,-2.9604,1.1492,84.5173,84.3708,0.1464
PEMAFC-F,0,period_0779,24.100000,-2.9651,1.7998,84.5174,84.3708,0.1466
PEMAFC-F,0,period_0779,24.150000,-2.9692,1.9727,84.5176,84.3708,0.1468
PEMAFC-F,0,period_0779,24.200000,-2.9726,1.2035,84.5181,84.3708,0.1472
PEMAFC-F,0,period_0779,24.250000,-2.9760,1.5686,84.5184,84.3708,0.1476
PEMAFC-F,0,period_0779,24.300000,-2.9805,1.8717,84.5188,84.3708,0.1479
PEMAFC-F,0,period_0779,24.350000,-2.9840,1.6180,84.5190,84.3708,0.1481
PEMAFC-F,0,period_0779,24.400000,-2.9880,1.7486,84.5191,84.3708,0.1483
PEMAFC-F,0,period_0779,24.450000,-2.9918,1.7438,84.5194,84.3708,0.1485
PEMAFC-F,0,period_0779,24.500000,-2.9957,1.4504,84.5197,84.3708,0.1488
PEMAFC-F,0,period_0779,24.550000,-3.0003,1.6487,84.5200,84.3708,0.1491
PEMAFC-F,0,period_0779,24.600000,-3.0049,1.7183,84.5202,84.3708,0.1494
PEMAFC-F,0,period_0779,24.650000,-3.0091,1.5703,84.5202,84.3708,0.1494
PEMAFC-F,0,period_0779,24.700000,-3.0133,1.7146,84.5204,84.3708,0.1496
PEMAFC-F,0,period_0779,24.750000,-3.0171,1.7262,84.5209,84.3708,0.1501
PEMAFC-F,0,period_0779,24.800000,-3.0207,1.1114,84.5212,84.3708,0.1504
PEMAFC-F,0,period_0779,24.850000,-3.0256,1.2012,84.5219,84.3708,0.1511
PEMAFC-F,0,period_0779,24.900000,-3.0295,1.6038,84.5224,84.3708,0.1516
PEMAFC-F,0,period_0779,24.950000,-3.0342,1.7247,84.5229,84.3708,0.1521
PEMAFC-F,0,period_0779,25.000000,-3.0380,1.4569,84.5234,84.3708,0.1525
PEMAFC-F,0,period_0779,25.050000,-3.0415,1.4185,84.5235,84.3708,0.1527
PEMAFC-F,0,period_0779,25.100000,-3.0454,1.7243,84.5238,84.3708,0.1529
PEMAFC-F,0,period_0779,25.150000,-3.0493,1.8495,84.5239,84.3708,0.1531
PEMAFC-F,0,period_0779,25.200000,-3.0533,1.7344,84.5241,84.3708,0.1533
PEMAFC-F,0,period_0779,25.250000,-3.0571,1.3234,84.5246,84.3708,0.1537
PEMAFC-F,0,period_0779,25.300000,-3.0612,1.4598,84.5245,84.3708,0.1537
PEMAFC-F,0,period_0779,25.350000,-3.0651,2.0856,84.5246,84.3708,0.1538
PEMAFC-F,0,period_0779,25.400000,-3.0690,1.5812,84.5249,84.3708,0.1541
PEMAFC-F,0,period_0779,25.450000,-3.0728,1.9193,84.5248,84.3708,0.1540
PEMAFC-F,0,period_0779,25.500000,-3.0765,1.4156,84.5248,84.3708,0.1540
PEMAFC-F,0,period_0779,25.550000,-3.0807,1.6505,84.5252,84.3708,0.1544
PEMAFC-F,0,period_0779,25.600000,-3.0850,1.6003,84.5256,84.3708,0.1548
PEMAFC-F,0,period_0779,25.650000,-3.0888,1.8161,84.5260,84.3708,0.1552
PEMAFC-F,0,period_0779,25.700000,-3.0924,1.8365,84.5262,84.3708,0.1554
PEMAFC-F,0,period_0779,25.750000,-3.0965,1.4075,84.5268,84.3708,0.1560
PEMAFC-F,0,period_0779,25.800000,-3.1007,1.6988,84.5272,84.3708,0.1564
PEMAFC-F,0,period_0779,25.850000,-3.1054,1.5509,84.5274,84.3708,0.1566
PEMAFC-F,0,period_0779,25.900000,-3.1094,1.9995,84.5277,84.3708,0.1569
PEMAFC-F,0,period_0779,25.950000,-3.1130,1.9705,84.5282,84.3708,0.1574
PEMAFC-F,0,period_0779,26.000000,-3.1166,1.5482,84.5284,84.3708,0.1576
PEMAFC-F,0,period_0779,26.050000,-3.1200,1.7222,84.5287,84.3708,0.1579
PEMAFC-F,0,period_0779,26.100000,-3.1240,1.8093,84.5292,84.3708,0.1584
PEMAFC-F,0,period_0779,26.150000,-3.1272,1.8911,84.5294,84.3708,0.1586
PEMAFC-F,0,period_0779,26.200000,-3.1308,1.8924,84.5296,84.3708,0.1588
PEMAFC-F,0,period_0779,26.250000,-3.1350,1.5614,84.5300,84.3708,0.1592
PEMAFC-F,0,period_0779,26.300000,-3.1391,1.8618,84.5304,84.3708,0.1595
PEMAFC-F,0,period_0779,26.350000,-3.1429,1.8084,84.5304,84.3708,0.1595
PEMAFC-F,0,period_0779,26.400000,-3.1463,1.7791,84.5305,84.3708,0.1597
PEMAFC-F,0,period_0779,26.450000,-3.1505,1.5974,84.5305,84.3708,0.1596
PEMAFC-F,0,period_0779,26.500000,-3.1546,1.4248,84.5307,84.3708,0.1598
PEMAFC-F,0,period_0779,26.550000,-3.1582,1.4727,84.5308,84.3708,0.1600
PEMAFC-F,0,period_0779,26.600000,-3.1615,1.3837,84.5311,84.3708,0.1603
PEMAFC-F,0,period_0779,26.650000,-3.1649,1.8313,84.5316,84.3708,0.1608
PEMAFC-F,0,period_0779,26.700000,-3.1685,1.8298,84.5317,84.3708,0.1608
PEMAFC-F,0,period_0779,26.750000,-3.1719,1.7202,84.5319,84.3708,0.1611
PEMAFC-F,0,period_0779,26.800000,-3.1759,1.9764,84.5320,84.3708,0.1612
PEMAFC-F,0,period_0779,26.850000,-3.1800,1.5876,84.5324,84.3708,0.1615
PEMAFC-F,0,period_0779,26.900000,-3.1837,1.6265,84.5328,84.3708,0.1620
PEMAFC-F,0,period_0779,26.950000,-3.1871,1.4262,84.5329,84.3708,0.1620
PEMAFC-F,0,period_0779,27.000000,-3.1902,1.7339,84.5331,84.3708,0.1622
PEMAFC-F,0,period_0779,27.050000,-3.1941,1.4395,84.5334,84.3708,0.1626
PEMAFC-F,0,period_0779,27.100000,-3.1977,1.6123,84.5335,84.3708,0.1627
PEMAFC-F,0,period_0779,27.150000,-3.2016,1.4406,84.5339,84.3708,0.1630
PEMAFC-F,0,period_0779,27.200000,-3.2054,1.7605,84.5344,84.3708,0.1635
PEMAFC-F,0,period_0779,27.250000,-3.2088,1.6660,84.5346,84.3708,0.1638
PEMAFC-F,0,period_0779,27.300000,-3.2128,1.6099,84.5349,84.3708,0.1641
PEMAFC-F,0,period_0779,27.350000,-3.2163,1.5977,84.5352,84.3708,0.1643
PEMAFC-F,0,period_0779,27.400000,-3.2196,2.3486,84.5352,84.3708,0.1644
PEMAFC-F,0,period_0779,27.450000,-3.2231,1.6759,84.5355,84.3708,0.1647
PEMAFC-F,0,period_0779,27.500000,-3.2271,1.5285,84.5356,84.3708,0.1648
PEMAFC-F,0,period_0779,27.550000,-3.2315,1.2993,84.5362,84.3708,0.1654
PEMAFC-F,0,period_0779,27.600000,-3.2354,2.1884,84.5365,84.3708,0.1657
PEMAFC-F,0,period_0779,27.650000,-3.2393,1.4568,84.5368,84.3708,0.1660
PEMAFC-F,0,period_0779,27.700000,-3.2432,2.1319,84.5371,84.3708,0.1662
PEMAFC-F,0,period_0779,27.750000,-3.2470,1.7110,84.5373,84.3708,0.1665
PEMAFC-F,0,period_0779,27.800000,-3.2508,2.1334,84.5375,84.3708,0.1666
PEMAFC-F,0,period_0779,27.850000,-3.2544,1.6524,84.5377,84.3708,0.1669
PEMAFC-F,0,period_0779,27.900000,-3.2582,1.9908,84.5379,84.3708,0.1670
PEMAFC-F,0,period_0779,27.950000,-3.2619,1.8046,84.5381,84.3708,0.1673
PEMAFC-F,0,period_0779,28.000000,-3.2660,1.9246,84.5383,84.3708,0.1675
PEMAFC-F,0,period_0779,28.050000,-3.2704,2.1532,84.5385,84.3708,0.1676
PEMAFC-F,0,period_0779,28.100000,-3.2741,2.1264,84.5388,84.3708,0.1680
PEMAFC-F,0,period_0779,28.150000,-3.2779,1.7820,84.5391,84.3708,0.1682
PEMAFC-F,0,period_0779,28.200000,-3.2815,2.0022,84.5389,84.3708,0.1680
PEMAFC-F,0,period_0779,28.250000,-3.2858,1.7991,84.5390,84.3708,0.1682
PEMAFC-F,0,period_0779,28.300000,-3.2899,1.8245,84.5394,84.3708,0.1686
PEMAFC-F,0,period_0779,28.350000,-3.2932,1.6176,84.5396,84.3708,0.1688
PEMAFC-F,0,period_0779,28.400000,-3.2976,1.7704,84.5401,84.3708,0.1693
PEMAFC-F,0,period_0779,28.450000,-3.3015,1.2000,84.5405,84.3708,0.1697
PEMAFC-F,0,period_0779,28.500000,-3.3054,1.5523,84.5409,84.3708,0.1700
PEMAFC-F,0,period_0779,28.550000,-3.3088,1.4633,84.5413,84.3708,0.1704
PEMAFC-F,0,period_0779,28.600000,-3.3125,1.6273,84.5415,84.3708,0.1707
PEMAFC-F,0,period_0779,28.650000,-3.3160,1.9044,84.5417,84.3708,0.1709
PEMAFC-F,0,period_0779,28.700000,-3.3193,1.3081,84.5420,84.3708,0.1712
PEMAFC-F,0,period_0779,28.750000,-3.3234,1.4684,84.5425,84.3708,0.1717
PEMAFC-F,0,period_0779,28.800000,-3.3268,2.0591,84.5428,84.3708,0.1719
PEMAFC-F,0,period_0779,28.850000,-3.3305,1.6636,84.5430,84.3708,0.1721
PEMAFC-F,0,period_0779,28.900000,-3.3343,1.9488,84.5433,84.3708,0.1725
PEMAFC-F,0,period_0779,28.950000,-3.3379,1.2998,84.5438,84.3708,0.1729
PEMAFC-F,0,period_0779,29.000000,-3.3413,1.5169,84.5443,84.3708,0.1734
PEMAFC-F,0,period_0779,29.050000,-3.3444,1.3223,84.5445,84.3708,0.1737
PEMAFC-F,0,period_0779,29.100000,-3.3479,1.7300,84.5449,84.3708,0.1740
PEMAFC-F,0,period_0779,29.150000,-3.3515,1.4760,84.5453,84.3708,0.1745
PEMAFC-F,0,period_0779,29.200000,-3.3552,1.5747,84.5458,84.3708,0.1750
PEMAFC-F,0,period_0779,29.250000,-3.3586,1.7635,84.5459,84.3708,0.1751
PEMAFC-F,0,period_0779,29.300000,-3.3621,2.2420,84.5461,84.3708,0.1753
PEMAFC-F,0,period_0779,29.350000,-3.3657,1.7426,84.5464,84.3708,0.1755
PEMAFC-F,0,period_0779,29.400000,-3.3694,1.7993,84.5466,84.3708,0.1758
PEMAFC-F,0,period_0779,29.450000,-3.3730,1.3744,84.5469,84.3708,0.1761
PEMAFC-F,0,period_0779,29.500000,-3.3772,2.2747,84.5470,84.3708,0.1762
PEMAFC-F,0,period_0779,29.550000,-3.3809,2.0588,84.5474,84.3708,0.1765
PEMAFC-F,0,period_0779,29.600000,-3.3851,1.8520,84.5475,84.3708,0.1767
PEMAFC-F,0,period_0779,29.650000,-3.3880,1.6272,84.5475,84.3708,0.1766
PEMAFC-F,0,period_0779,29.700000,-3.3917,1.5995,84.5476,84.3708,0.1768
PEMAFC-F,0,period_0779,29.750000,-3.3947,1.7087,84.5478,84.3708,0.1770
PEMAFC-F,0,period_0779,29.800000,-3.3983,1.3436,84.5483,84.3708,0.1775
PEMAFC-F,0,period_0779,29.850000,-3.4023,1.7790,84.5484,84.3708,0.1775
PEMAFC-F,0,period_0779,29.900000,-3.4059,2.0560,84.5487,84.3708,0.1779
PEMAFC-F,0,period_0779,29.950000,-3.4098,2.2279,84.5489,84.3708,0.1781
PEMAFC-F,0,period_0779,30.000000,-3.4137,1.8327,84.5495,84.3708,0.1787
PEMAFC-F,0,period_0779,30.050000,-3.4171,1.6727,84.5501,84.3708,0.1793
PEMAFC-F,0,period_0779,30.100000,-3.4204,1.7723,84.5503,84.3708,0.1795
PEMAFC-F,0,period_0779,30.150000,-3.4239,1.8363,84.5506,84.3708,0.1797
PEMAFC-F,0,period_0779,30.200000,-3.4274,1.9250,84.5508,84.3708,0.1800
PEMAFC-F,0,period_0779,30.250000,-3.4306,1.8124,84.5508,84.3708,0.1800
PEMAFC-F,0,period_0779,30.300000,-3.4345,1.6398,84.5513,84.3708,0.1805
PEMAFC-F,0,period_0779,30.350000,-3.4381,1.8305,84.5516,84.3708,0.1808
PEMAFC-F,0,period_0779,30.400000,-3.4422,1.7132,84.5520,84.3708,0.1812
PEMAFC-F,0,period_0779,30.450000,-3.4452,1.8065,84.5521,84.3708,0.1812
PEMAFC-F,0,period_0779,30.500000,-3.4487,1.2602,84.5523,84.3708,0.1815
PEMAFC-F,0,period_0779,30.550000,-3.4521,1.8153,84.5526,84.3708,0.1818
PEMAFC-F,0,period_0779,30.600000,-3.4560,1.2883,84.5533,84.3708,0.1825
PEMAFC-F,0,period_0779,30.650000,-3.4595,1.9321,84.5535,84.3708,0.1827
PEMAFC-F,0,period_0779,30.700000,-3.4628,2.1246,84.5537,84.3708,0.1829
PEMAFC-F,0,period_0779,30.750000,-3.4661,1.2225,84.5541,84.3708,0.1833
PEMAFC-F,0,period_0779,30.800000,-3.4694,1.1463,84.5544,84.3708,0.1836
PEMAFC-F,0,period_0779,30.850000,-3.4724,1.7716,84.5546,84.3708,0.1838
PEMAFC-F,0,period_0779,30.900000,-3.4761,1.4483,84.5553,84.3708,0.1845
PEMAFC-F,0,period_0779,30.950000,-3.4789,2.1367,84.5555,84.3708,0.1846
PEMAFC-F,0,period_0779,31.000000,-3.4825,1.6922,84.5560,84.3708,0.1851
PEMAFC-F,0,period_0779,31.050000,-3.4855,1.8209,84.5564,84.3708,0.1856
PEMAFC-F,0,period_0779,31.100000,-3.4886,1.4575,84.5567,84.3708,0.1859
PEMAFC-F,0,period_0779,31.150000,-3.4914,1.6155,84.5572,84.3708,0.1863
PEMAFC-F,0,period_0779,31.200000,-3.4943,1.9316,84.5574,84.3708,0.1866
PEMAFC-F,0,period_0779,31.250000,-3.4972,1.7144,84.5577,84.3708,0.1869
PEMAFC-F,0,period_0779,31.300000,-3.5006,1.8503,84.5578,84.3708,0.1870
PEMAFC-F,0,period_0779,31.350000,-3.5040,2.3861,84.5579,84.3708,0.1871
PEMAFC-F,0,period_0779,31.400000,-3.5072,1.3473,84.5584,84.3708,0.1876
PEMAFC-F,0,period_0779,31.450000,-3.5105,1.4059,84.5588,84.3708,0.1879
PEMAFC-F,0,period_0779,31.500000,-3.5149,1.9068,84.5592,84.3708,0.1884
PEMAFC-F,0,period_0779,31.550000,-3.5187,1.8327,84.5598,84.3708,0.1890
PEMAFC-F,0,period_0779,31.600000,-3.5226,1.7852,84.5602,84.3708,0.1893
PEMAFC-F,0,period_0779,31.650000,-3.5256,1.7444,84.5604,84.3708,0.1895
PEMAFC-F,0,period_0779,31.700000,-3.5288,2.0400,84.5604,84.3708,0.1896
PEMAFC-F,0,period_0779,31.750000,-3.5321,1.9808,84.5607,84.3708,0.1899
PEMAFC-F,0,period_0779,31.800000,-3.5351,1.7358,84.5610,84.3708,0.1901
PEMAFC-F,0,period_0779,31.850000,-3.5383,1.7131,84.5611,84.3708,0.1903
PEMAFC-F,0,period_0779,31.900000,-3.5418,1.9320,84.5614,84.3708,0.1906
PEMAFC-F,0,period_0779,31.950000,-3.5455,1.5643,84.5620,84.3708,0.1912
PEMAFC-F,0,period_0779,32.000000,-3.5488,1.6733,84.5625,84.3708,0.1916
PEMAFC-F,0,period_0779,32.050000,-3.5517,1.9097,84.5628,84.3708,0.1920
PEMAFC-F,0,period_0779,32.100000,-3.5546,1.7138,84.5629,84.3708,0.1921
PEMAFC-F,0,period_0779,32.150000,-3.5578,1.4045,84.5637,84.3708,0.1929
PEMAFC-F,0,period_0779,32.200000,-3.5612,1.4052,84.5642,84.3708,0.1933
PEMAFC-F,0,period_0779,32.250000,-3.5638,1.3372,84.5646,84.3708,0.1937
PEMAFC-F,0,period_0779,32.300000,-3.5663,1.9713,84.5647,84.3708,0.1939
PEMAFC-F,0,period_0779,32.350000,-3.5695,1.6712,84.5650,84.3708,0.1941
PEMAFC-F,0,period_0779,32.400000,-3.5729,2.0978,84.5653,84.3708,0.1945
PEMAFC-F,0,period_0779,32.450000,-3.5757,2.0104,84.5656,84.3708,0.1948
PEMAFC-F,0,period_0779,32.500000,-3.5791,1.9896,84.5657,84.3708,0.1948
PEMAFC-F,0,period_0779,32.550000,-3.5819,1.7656,84.5662,84.3708,0.1954
PEMAFC-F,0,period_0779,32.600000,-3.5856,1.9575,84.5665,84.3708,0.1957
PEMAFC-F,0,period_0779,32.650000,-3.5890,1.7270,84.5671,84.3708,0.1963
PEMAFC-F,0,period_0779,32.700000,-3.5922,1.8336,84.5676,84.3708,0.1968
PEMAFC-F,0,period_0779,32.750000,-3.5953,2.1599,84.5678,84.3708,0.1970
PEMAFC-F,0,period_0779,32.800000,-3.5991,2.0731,84.5680,84.3708,0.1972
PEMAFC-F,0,period_0779,32.850000,-3.6023,1.3498,84.5683,84.3708,0.1974
PEMAFC-F,0,period_0779,32.900000,-3.6056,2.0010,84.5686,84.3708,0.1977
PEMAFC-F,0,period_0779,32.950000,-3.6090,1.9965,84.5686,84.3708,0.1978
PEMAFC-F,0,period_0779,33.000000,-3.6120,1.3546,84.5690,84.3708,0.1982
PEMAFC-F,0,period_0779,33.050000,-3.6154,1.6583,84.5695,84.3708,0.1987
PEMAFC-F,0,period_0779,33.100000,-3.6182,1.3535,84.5699,84.3708,0.1991
PEMAFC-F,0,period_0779,33.150000,-3.6217,1.6984,84.5703,84.3708,0.1995
PEMAFC-F,0,period_0779,33.200000,-3.6252,1.6727,84.5707,84.3708,0.1998
PEMAFC-F,0,period_0779,33.250000,-3.6285,1.9618,84.5711,84.3708,0.2003
PEMAFC-F,0,period_0779,33.300000,-3.6318,2.0044,84.5715,84.3708,0.2006
PEMAFC-F,0,period_0779,33.350000,-3.6347,1.7975,84.5718,84.3708,0.2010
PEMAFC-F,0,period_0779,33.400000,-3.6376,1.4993,84.5723,84.3708,0.2014
PEMAFC-F,0,period_0779,33.450000,-3.6410,1.6998,84.5726,84.3708,0.2018
PEMAFC-F,0,period_0779,33.500000,-3.6442,2.1521,84.5727,84.3708,0.2019
PEMAFC-F,0,period_0779,33.550000,-3.6473,2.2806,84.5727,84.3708,0.2019
PEMAFC-F,0,period_0779,33.600000,-3.6506,1.8088,84.5729,84.3708,0.2021
PEMAFC-F,0,period_0779,33.650000,-3.6541,2.0553,84.5729,84.3708,0.2020
PEMAFC-F,0,period_0779,33.700000,-3.6576,2.0513,84.5729,84.3708,0.2021
PEMAFC-F,0,period_0779,33.750000,-3.6608,1.8317,84.5733,84.3708,0.2025
PEMAFC-F,0,period_0779,33.800000,-3.6641,2.0224,84.5737,84.3708,0.2029
PEMAFC-F,0,period_0779,33.850000,-3.6669,1.4797,84.5742,84.3708,0.2033
PEMAFC-F,0,period_0779,33.900000,-3.6696,1.2491,84.5746,84.3708,0.2037
PEMAFC-F,0,period_0779,33.950000,-3.6728,1.6407,84.5749,84.3708,0.2041
PEMAFC-F,0,period_0779,34.000000,-3.6763,2.0948,84.5752,84.3708,0.2043
PEMAFC-F,0,period_0779,34.050000,-3.6804,1.9527,84.5759,84.3708,0.2050
PEMAFC-F,0,period_0779,34.100000,-3.6836,1.9134,84.5762,84.3708,0.2054
PEMAFC-F,0,period_0779,34.150000,-3.6867,1.5403,84.5762,84.3708,0.2054
PEMAFC-F,0,period_0779,34.200000,-3.6895,1.6962,84.5766,84.3708,0.2057
PEMAFC-F,0,period_0779,34.250000,-3.6925,2.6893,84.5768,84.3708,0.2059
PEMAFC-F,0,period_0779,34.300000,-3.6954,1.9108,84.5769,84.3708,0.2061
PEMAFC-F,0,period_0779,34.350000,-3.6985,1.7062,84.5770,84.3708,0.2061
PEMAFC-F,0,period_0779,34.400000,-3.7025,2.3764,84.5771,84.3708,0.2062
PEMAFC-F,0,period_0779,34.450000,-3.7052,1.9368,84.5771,84.3708,0.2062
PEMAFC-F,0,period_0779,34.500000,-3.7083,1.4719,84.5775,84.3708,0.2067
PEMAFC-F,0,period_0779,34.550000,-3.7112,1.7988,84.5780,84.3708,0.2071
PEMAFC-F,0,period_0779,34.600000,-3.7145,1.9407,84.5785,84.3708,0.2077
PEMAFC-F,0,period_0779,34.650000,-3.7179,2.4383,84.5787,84.3708,0.2079
PEMAFC-F,0,period_0779,34.700000,-3.7216,2.1839,84.5791,84.3708,0.2083
PEMAFC-F,0,period_0779,34.750000,-3.7249,1.8299,84.5794,84.3708,0.2086
PEMAFC-F,0,period_0779,34.800000,-3.7282,2.1793,84.5796,84.3708,0.2088
PEMAFC-F,0,period_0779,34.850000,-3.7312,2.0935,84.5798,84.3708,0.2089
PEMAFC-F,0,period_0779,34.900000,-3.7337,1.8494,84.5802,84.3708,0.2093
PEMAFC-F,0,period_0779,34.950000,-3.7364,1.9285,84.5805,84.3708,0.2097
PEMAFC-F,0,period_0779,35.000000,-3.7390,2.1745,84.5808,84.3708,0.2100
PEMAFC-F,0,period_0779,35.050000,-3.7421,1.7495,84.5811,84.3708,0.2102
PEMAFC-F,0,period_0779,35.100000,-3.7453,2.1244,84.5814,84.3708,0.2106
PEMAFC-F,0,period_0779,35.150000,-3.7493,1.7196,84.5820,84.3708,0.2111
PEMAFC-F,0,period_0779,35.200000,-3.7526,2.1721,84.5821,84.3708,0.2113
PEMAFC-F,0,period_0779,35.250000,-3.7557,1.8180,84.5825,84.3708,0.2116
PEMAFC-F,0,period_0779,35.300000,-3.7584,1.7964,84.5826,84.3708,0.2118
PEMAFC-F,0,period_0779,35.350000,-3.7618,2.4710,84.5828,84.3708,0.2119
PEMAFC-F,0,period_0779,35.400000,-3.7649,1.9897,84.5827,84.3708,0.2119
PEMAFC-F,0,period_0779,35.450000,-3.7678,2.0156,84.5829,84.3708,0.2120
PEMAFC-F,0,period_0779,35.500000,-3.7708,1.8852,84.5833,84.3708,0.2125
PEMAFC-F,0,period_0779,35.550000,-3.7742,2.1616,84.5833,84.3708,0.2125
PEMAFC-F,0,period_0779,35.600000,-3.7768,2.0280,84.5836,84.3708,0.2128
PEMAFC-F,0,period_0779,35.650000,-3.7797,1.4573,84.5841,84.3708,0.2133
PEMAFC-F,0,period_0779,35.700000,-3.7832,1.8443,84.5844,84.3708,0.2136
PEMAFC-F,0,period_0779,35.750000,-3.7864,1.9985,84.5848,84.3708,0.2140
PEMAFC-F,0,period_0779,35.800000,-3.7898,1.7711,84.5855,84.3708,0.2147
PEMAFC-F,0,period_0779,35.850000,-3.7926,1.8444,84.5858,84.3708,0.2149
PEMAFC-F,0,period_0779,35.900000,-3.7962,2.0922,84.5860,84.3708,0.2152
PEMAFC-F,0,period_0779,35.950000,-3.7995,1.8378,84.5864,84.3708,0.2155
PEMAFC-F,0,period_0779,36.000000,-3.8029,2.2984,84.5866,84.3708,0.2158
PEMAFC-F,0,period_0779,36.050000,-3.8059,1.4526,84.5868,84.3708,0.2159
PEMAFC-F,0,period_0779,36.100000,-3.8087,1.8623,84.5871,84.3708,0.2163
PEMAFC-F,0,period_0779,36.150000,-3.8116,2.0302,84.5875,84.3708,0.2167
PEMAFC-F,0,period_0779,36.200000,-3.8151,1.8727,84.5879,84.3708,0.2170
PEMAFC-F,0,period_0779,36.250000,-3.8176,1.7234,84.5878,84.3708,0.2169
PEMAFC-F,0,period_0779,36.300000,-3.8206,1.6752,84.5879,84.3708,0.2171
PEMAFC-F,0,period_0779,36.350000,-3.8233,1.6775,84.5882,84.3708,0.2174
PEMAFC-F,0,period_0779,36.400000,-3.8262,1.9571,84.5886,84.3708,0.2177
PEMAFC-F,0,period_0779,36.450000,-3.8287,2.3317,84.5887,84.3708,0.2179
PEMAFC-F,0,period_0779,36.500000,-3.8314,1.3343,84.5892,84.3708,0.2183
PEMAFC-F,0,period_0779,36.550000,-3.8341,1.7502,84.5893,84.3708,0.2185
PEMAFC-F,0,period_0779,36.600000,-3.8370,1.5777,84.5897,84.3708,0.2189
PEMAFC-F,0,period_0779,36.650000,-3.8395,1.7236,84.5900,84.3708,0.2191
PEMAFC-F,0,period_0779,36.700000,-3.8427,1.8501,84.5902,84.3708,0.2194
PEMAFC-F,0,period_0779,36.750000,-3.8454,2.0951,84.5905,84.3708,0.2196
PEMAFC-F,0,period_0779,36.800000,-3.8484,1.5178,84.5911,84.3708,0.2203
PEMAFC-F,0,period_0779,36.850000,-3.8510,1.4086,84.5917,84.3708,0.2209
PEMAFC-F,0,period_0779,36.900000,-3.8539,1.6727,84.5920,84.3708,0.2212
PEMAFC-F,0,period_0779,36.950000,-3.8566,2.1552,84.5925,84.3708,0.2216
PEMAFC-F,0,period_0779,37.000000,-3.8603,2.3650,84.5928,84.3708,0.2219
PEMAFC-F,0,period_0779,37.050000,-3.8635,2.0354,84.5930,84.3708,0.2221
PEMAFC-F,0,period_0779,37.100000,-3.8659,1.8481,84.5931,84.3708,0.2222
PEMAFC-F,0,period_0779,37.150000,-3.8687,2.0464,84.5935,84.3708,0.2226
PEMAFC-F,0,period_0779,37.200000,-3.8715,1.4445,84.5939,84.3708,0.2230
PEMAFC-F,0,period_0779,37.250000,-3.8746,1.8993,84.5942,84.3708,0.2234
PEMAFC-F,0,period_0779,37.300000,-3.8778,1.5349,84.5950,84.3708,0.2242
PEMAFC-F,0,period_0779,37.350000,-3.8809,2.0711,84.5953,84.3708,0.2245
PEMAFC-F,0,period_0779,37.400000,-3.8841,1.9457,84.5958,84.3708,0.2250
PEMAFC-F,0,period_0779,37.450000,-3.8868,1.9423,84.5961,84.3708,0.2252
PEMAFC-F,0,period_0779,37.500000,-3.8899,1.9490,84.5965,84.3708,0.2256
PEMAFC-F,0,period_0779,37.550000,-3.8922,2.0168,84.5966,84.3708,0.2258
PEMAFC-F,0,period_0779,37.600000,-3.8953,1.7525,84.5970,84.3708,0.2262
PEMAFC-F,0,period_0779,37.650000,-3.8984,2.3479,84.5972,84.3708,0.2264
PEMAFC-F,0,period_0779,37.700000,-3.9009,2.0506,84.5974,84.3708,0.2266
PEMAFC-F,0,period_0779,37.750000,-3.9039,1.9133,84.5976,84.3708,0.2268
PEMAFC-F,0,period_0779,37.800000,-3.9067,1.5344,84.5982,84.3708,0.2274
PEMAFC-F,0,period_0779,37.850000,-3.9097,1.8981,84.5986,84.3708,0.2278
PEMAFC-F,0,period_0779,37.900000,-3.9127,1.8906,84.5988,84.3708,0.2280
PEMAFC-F,0,period_0779,37.950000,-3.9161,2.1216,84.5990,84.3708,0.2281
PEMAFC-F,0,period_0779,38.000000,-3.9187,1.6278,84.5990,84.3708,0.2282
PEMAFC-F,0,period_0779,38.050000,-3.9211,1.8647,84.5992,84.3708,0.2284
PEMAFC-F,0,period_0779,38.100000,-3.9238,1.5027,84.5996,84.3708,0.2287
PEMAFC-F,0,period_0779,38.150000,-3.9271,2.2925,84.5999,84.3708,0.2291
PEMAFC-F,0,period_0779,38.200000,-3.9300,2.2792,84.6001,84.3708,0.2293
PEMAFC-F,0,period_0779,38.250000,-3.9325,1.8463,84.6004,84.3708,0.2296
PEMAFC-F,0,period_0779,38.300000,-3.9348,1.8961,84.6005,84.3708,0.2296
PEMAFC-F,0,period_0779,38.350000,-3.9377,2.0102,84.6008,84.3708,0.2300
PEMAFC-F,0,period_0779,38.400000,-3.9408,1.5412,84.6012,84.3708,0.2303
PEMAFC-F,0,period_0779,38.450000,-3.9441,1.9006,84.6015,84.3708,0.2307
PEMAFC-F,0,period_0779,38.500000,-3.9465,2.1080,84.6019,84.3708,0.2311
PEMAFC-F,0,period_0779,38.550000,-3.9489,1.9934,84.6024,84.3708,0.2316
PEMAFC-F,0,period_0779,38.600000,-3.9512,1.7628,84.6027,84.3708,0.2318
PEMAFC-F,0,period_0779,38.650000,-3.9538,1.7575,84.6031,84.3708,0.2322
PEMAFC-F,0,period_0779,38.700000,-3.9564,1.8597,84.6033,84.3708,0.2325
PEMAFC-F,0,period_0779,38.750000,-3.9594,1.8247,84.6037,84.3708,0.2328
PEMAFC-F,0,period_0779,38.800000,-3.9620,1.7885,84.6040,84.3708,0.2332
PEMAFC-F,0,period_0779,38.850000,-3.9650,2.3200,84.6043,84.3708,0.2334
PEMAFC-F,0,period_0779,38.900000,-3.9680,1.9964,84.6049,84.3708,0.2341
PEMAFC-F,0,period_0779,38.950000,-3.9707,1.5619,84.6050,84.3708,0.2342
PEMAFC-F,0,period_0779,39.000000,-3.9738,2.2227,84.6054,84.3708,0.2346
PEMAFC-F,0,period_0779,39.050000,-3.9773,2.0264,84.6057,84.3708,0.2349
PEMAFC-F,0,period_0779,39.100000,-3.9795,1.7242,84.6062,84.3708,0.2353
PEMAFC-F,0,period_0779,39.150000,-3.9827,2.4260,84.6064,84.3708,0.2356
PEMAFC-F,0,period_0779,39.200000,-3.9856,2.0102,84.6066,84.3708,0.2358
PEMAFC-F,0,period_0779,39.250000,-3.9885,1.9341,84.6073,84.3708,0.2365
PEMAFC-F,0,period_0779,39.300000,-3.9912,1.4861,84.6081,84.3708,0.2373
PEMAFC-F,0,period_0779,39.350000,-3.9940,1.9766,84.6085,84.3708,0.2376
PEMAFC-F,0,period_0779,39.400000,-3.9969,1.6133,84.6088,84.3708,0.2380
PEMAFC-F,0,period_0779,39.450000,-3.9998,2.1049,84.6091,84.3708,0.2383
PEMAFC-F,0,period_0779,39.500000,-4.0026,2.0991,84.6094,84.3708,0.2386
PEMAFC-F,0,period_0779,39.550000,-4.0055,2.2153,84.6096,84.3708,0.2387
PEMAFC-F,0,period_0779,39.600000,-4.0082,2.0051,84.6098,84.3708,0.2389
PEMAFC-F,0,period_0779,39.650000,-4.0110,1.7992,84.6098,84.3708,0.2390
PEMAFC-F,0,period_0779,39.700000,-4.0136,2.0701,84.6100,84.3708,0.2391
PEMAFC-F,0,period_0779,39.750000,-4.0164,2.1244,84.6102,84.3708,0.2394
PEMAFC-F,0,period_0779,39.800000,-4.0189,1.9650,84.6105,84.3708,0.2397
PEMAFC-F,0,period_0779,39.850000,-4.0216,2.1014,84.6108,84.3708,0.2399
PEMAFC-F,0,period_0779,39.900000,-4.0242,2.2579,84.6109,84.3708,0.2401
PEMAFC-F,0,period_0779,39.950000,-4.0266,1.7926,84.6112,84.3708,0.2403
PEMAFC-F,0,period_0779,40.000000,-4.0294,1.7288,84.6111,84.3708,0.2403
PEMAFC-F,0,period_0779,40.050000,-4.0322,1.8319,84.6115,84.3708,0.2407
PEMAFC-F,0,period_0779,40.100000,-4.0351,1.5094,84.6119,84.3708,0.2411
PEMAFC-F,0,period_0779,40.150000,-4.0376,1.9252,84.6120,84.3708,0.2412
PEMAFC-F,0,period_0779,40.200000,-4.0404,2.2417,84.6123,84.3708,0.2415
PEMAFC-F,0,period_0779,40.250000,-4.0425,1.5110,84.6124,84.3708,0.2416
PEMAFC-F,0,period_0779,40.300000,-4.0447,2.0225,84.6128,84.3708,0.2419
PEMAFC-F,0,period_0779,40.350000,-4.0476,2.2934,84.6131,84.3708,0.2423
PEMAFC-F,0,period_0779,40.400000,-4.0497,1.2327,84.6135,84.3708,0.2426
PEMAFC-F,0,period_0779,40.450000,-4.0524,2.2879,84.6135,84.3708,0.2427
PEMAFC-F,0,period_0779,40.500000,-4.0554,2.5370,84.6139,84.3708,0.2431
PEMAFC-F,0,period_0779,40.550000,-4.0580,1.6729,84.6144,84.3708,0.2436
PEMAFC-F,0,period_0779,40.600000,-4.0605,2.0496,84.6146,84.3708,0.2438
PEMAFC-F,0,period_0779,40.650000,-4.0634,2.6244,84.6148,84.3708,0.2440
PEMAFC-F,0,period_0779,40.700000,-4.0659,1.9617,84.6151,84.3708,0.2443
PEMAFC-F,0,period_0779,40.750000,-4.0687,2.0750,84.6154,84.3708,0.2445
PEMAFC-F,0,period_0779,40.800000,-4.0712,1.8028,84.6154,84.3708,0.2446
PEMAFC-F,0,period_0779,40.850000,-4.0738,1.9650,84.6156,84.3708,0.2448
PEMAFC-F,0,period_0779,40.900000,-4.0766,2.1563,84.6161,84.3708,0.2453
PEMAFC-F,0,period_0779,40.950000,-4.0788,2.0515,84.6165,84.3708,0.2456
PEMAFC-F,0,period_0779,41.000000,-4.0811,2.2030,84.6169,84.3708,0.2461
PEMAFC-F,0,period_0779,41.050000,-4.0835,2.2291,84.6172,84.3708,0.2463
PEMAFC-F,0,period_0779,41.100000,-4.0861,1.7615,84.6175,84.3708,0.2466
PEMAFC-F,0,period_0779,41.150000,-4.0884,2.1540,84.6177,84.3708,0.2469
PEMAFC-F,0,period_0779,41.200000,-4.0909,2.5559,84.6179,84.3708,0.2471
PEMAFC-F,0,period_0779,41.250000,-4.0937,2.3388,84.6181,84.3708,0.2473
PEMAFC-F,0,period_0779,41.300000,-4.0957,2.0874,84.6184,84.3708,0.2475
PEMAFC-F,0,period_0779,41.350000,-4.0980,1.9928,84.6185,84.3708,0.2477
PEMAFC-F,0,period_0779,41.400000,-4.1005,2.0676,84.6189,84.3708,0.2480
PEMAFC-F,0,period_0779,41.450000,-4.1033,1.9467,84.6193,84.3708,0.2485
PEMAFC-F,0,period_0779,41.500000,-4.1059,2.2721,84.6197,84.3708,0.2489
PEMAFC-F,0,period_0779,41.550000,-4.1089,2.5280,84.6201,84.3708,0.2492
PEMAFC-F,0,period_0779,41.600000,-4.1113,1.3605,84.6205,84.3708,0.2496
PEMAFC-F,0,period_0779,41.650000,-4.1142,1.7051,84.6212,84.3708,0.2503
PEMAFC-F,0,period_0779,41.700000,-4.1167,1.8745,84.6214,84.3708,0.2506
PEMAFC-F,0,period_0779,41.750000,-4.1190,1.9475,84.6217,84.3708,0.2509
PEMAFC-F,0,period_0779,41.800000,-4.1213,2.0788,84.6220,84.3708,0.2511
PEMAFC-F,0,period_0779,41.850000,-4.1238,1.6913,84.6224,84.3708,0.2516
PEMAFC-F,0,period_0779,41.900000,-4.1263,1.8713,84.6228,84.3708,0.2519
PEMAFC-F,0,period_0779,41.950000,-4.1287,2.4914,84.6229,84.3708,0.2521
PEMAFC-F,0,period_0779,42.000000,-4.1317,1.7798,84.6229,84.3708,0.2521
PEMAFC-F,0,period_0779,42.050000,-4.1341,2.3329,84.6231,84.3708,0.2523
PEMAFC-F,0,period_0779,42.100000,-4.1366,2.1012,84.6231,84.3708,0.2522
PEMAFC-F,0,period_0779,42.150000,-4.1388,2.4609,84.6234,84.3708,0.2525
PEMAFC-F,0,period_0779,42.200000,-4.1414,1.8668,84.6239,84.3708,0.2531
PEMAFC-F,0,period_0779,42.250000,-4.1443,2.6272,84.6240,84.3708,0.2532
PEMAFC-F,0,period_0779,42.300000,-4.1471,2.6900,84.6242,84.3708,0.2533
PEMAFC-F,0,period_0779,42.350000,-4.1497,2.2324,84.6246,84.3708,0.2537
PEMAFC-F,0,period_0779,42.400000,-4.1522,1.8334,84.6247,84.3708,0.2539
PEMAFC-F,0,period_0779,42.450000,-4.1554,2.4689,84.6251,84.3708,0.2543
PEMAFC-F,0,period_0779,42.500000,-4.1579,2.0466,84.6254,84.3708,0.2546
PEMAFC-F,0,period_0779,42.550000,-4.1604,2.4980,84.6256,84.3708,0.2548
PEMAFC-F,0,period_0779,42.600000,-4.1630,1.9522,84.6262,84.3708,0.2554
PEMAFC-F,0,period_0779,42.650000,-4.1653,2.1828,84.6265,84.3708,0.2557
PEMAFC-F,0,period_0779,42.700000,-4.1674,1.5298,84.6270,84.3708,0.2562
PEMAFC-F,0,period_0779,42.750000,-4.1695,1.6006,84.6271,84.3708,0.2563
PEMAFC-F,0,period_0779,42.800000,-4.1721,2.2163,84.6274,84.3708,0.2566
PEMAFC-F,0,period_0779,42.850000,-4.1745,2.3256,84.6276,84.3708,0.2567
PEMAFC-F,0,period_0779,42.900000,-4.1768,1.6747,84.6279,84.3708,0.2571
PEMAFC-F,0,period_0779,42.950000,-4.1797,1.8272,84.6283,84.3708,0.2575
PEMAFC-F,0,period_0779,43.000000,-4.1827,2.6830,84.6284,84.3708,0.2576
PEMAFC-F,0,period_0779,43.050000,-4.1851,1.4045,84.6287,84.3708,0.2578
PEMAFC-F,0,period_0779,43.100000,-4.1879,2.3965,84.6290,84.3708,0.2581
PEMAFC-F,0,period_0779,43.150000,-4.1904,2.1588,84.6292,84.3708,0.2583
PEMAFC-F,0,period_0779,43.200000,-4.1930,2.3635,84.6293,84.3708,0.2584
PEMAFC-F,0,period_0779,43.250000,-4.1955,2.3743,84.6296,84.3708,0.2587
PEMAFC-F,0,period_0779,43.300000,-4.1985,2.0820,84.6299,84.3708,0.2591
PEMAFC-F,0,period_0779,43.350000,-4.2007,1.7161,84.6303,84.3708,0.2595
PEMAFC-F,0,period_0779,43.400000,-4.2035,1.6629,84.6306,84.3708,0.2598
PEMAFC-F,0,period_0779,43.450000,-4.2054,2.1166,84.6306,84.3708,0.2598
PEMAFC-F,0,period_0779,43.500000,-4.2080,2.0527,84.6307,84.3708,0.2598
PEMAFC-F,0,period_0779,43.550000,-4.2102,2.5670,84.6307,84.3708,0.2599
PEMAFC-F,0,period_0779,43.600000,-4.2129,1.7490,84.6313,84.3708,0.2605
PEMAFC-F,0,period_0779,43.650000,-4.2155,2.2902,84.6316,84.3708,0.2608
PEMAFC-F,0,period_0779,43.700000,-4.2181,1.9771,84.6320,84.3708,0.2611
PEMAFC-F,0,period_0779,43.750000,-4.2202,1.9864,84.6322,84.3708,0.2614
PEMAFC-F,0,period_0779,43.800000,-4.2231,2.1608,84.6326,84.3708,0.2618
PEMAFC-F,0,period_0779,43.850000,-4.2258,2.2016,84.6329,84.3708,0.2620
PEMAFC-F,0,period_0779,43.900000,-4.2289,2.1733,84.6332,84.3708,0.2624
PEMAFC-F,0,period_0779,43.950000,-4.2312,2.2690,84.6334,84.3708,0.2625
PEMAFC-F,0,period_0779,44.000000,-4.2338,1.8451,84.6335,84.3708,0.2627
PEMAFC-F,0,period_0779,44.050000,-4.2362,1.8451,84.6338,84.3708,0.2629
PEMAFC-F,0,period_0779,44.100000,-4.2383,2.4387,84.6339,84.3708,0.2631
PEMAFC-F,0,period_0779,44.150000,-4.2403,1.9359,84.6341,84.3708,0.2633
PEMAFC-F,0,period_0779,44.200000,-4.2428,1.9307,84.6342,84.3708,0.2633
PEMAFC-F,0,period_0779,44.250000,-4.2450,2.4990,84.6342,84.3708,0.2634
PEMAFC-F,0,period_0779,44.300000,-4.2476,2.0378,84.6346,84.3708,0.2637
PEMAFC-F,0,period_0779,44.350000,-4.2497,2.0491,84.6349,84.3708,0.2640
PEMAFC-F,0,period_0779,44.400000,-4.2520,2.3469,84.6351,84.3708,0.2643
PEMAFC-F,0,period_0779,44.450000,-4.2543,2.3879,84.6353,84.3708,0.2645
PEMAFC-F,0,period_0779,44.500000,-4.2562,1.9857,84.6355,84.3708,0.2647
PEMAFC-F,0,period_0779,44.550000,-4.2586,1.9948,84.6360,84.3708,0.2651
PEMAFC-F,0,period_0779,44.600000,-4.2610,1.9001,84.6362,84.3708,0.2654
PEMAFC-F,0,period_0779,44.650000,-4.2632,1.8297,84.6362,84.3708,0.2654
PEMAFC-F,0,period_0779,44.700000,-4.2655,1.6598,84.6368,84.3708,0.2660
PEMAFC-F,0,period_0779,44.750000,-4.2676,1.6402,84.6372,84.3708,0.2664
PEMAFC-F,0,period_0779,44.800000,-4.2697,1.7642,84.6376,84.3708,0.2668
PEMAFC-F,0,period_0779,44.850000,-4.2719,2.0300,84.6380,84.3708,0.2671
PEMAFC-F,0,period_0779,44.900000,-4.2744,2.3620,84.6380,84.3708,0.2672
PEMAFC-F,0,period_0779,44.950000,-4.2765,1.7399,84.6385,84.3708,0.2676
PEMAFC-F,0,period_0779,45.000000,-4.2788,1.9448,84.6389,84.3708,0.2681
PEMAFC-F,0,period_0779,45.050000,-4.2812,1.7730,84.6393,84.3708,0.2684
PEMAFC-F,0,period_0779,45.100000,-4.2837,2.9343,84.6393,84.3708,0.2685
PEMAFC-F,0,period_0779,45.150000,-4.2857,2.2238,84.6395,84.3708,0.2686
PEMAFC-F,0,period_0779,45.200000,-4.2877,2.0066,84.6395,84.3708,0.2687
PEMAFC-F,0,period_0779,45.250000,-4.2903,2.2865,84.6400,84.3708,0.2691
PEMAFC-F,0,period_0779,45.300000,-4.2927,2.0830,84.6403,84.3708,0.2695
PEMAFC-F,0,period_0779,45.350000,-4.2947,2.6213,84.6405,84.3708,0.2697
PEMAFC-F,0,period_0779,45.400000,-4.2968,1.9427,84.6406,84.3708,0.2698
PEMAFC-F,0,period_0779,45.450000,-4.2989,2.1073,84.6407,84.3708,0.2698
PEMAFC-F,0,period_0779,45.500000,-4.3007,2.1377,84.6409,84.3708,0.2701
PEMAFC-F,0,period_0779,45.550000,-4.3030,2.7138,84.6412,84.3708,0.2704
PEMAFC-F,0,period_0779,45.600000,-4.3050,2.2367,84.6414,84.3708,0.2706
PEMAFC-F,0,period_0779,45.650000,-4.3076,2.0757,84.6420,84.3708,0.2712
PEMAFC-F,0,period_0779,45.700000,-4.3101,2.5781,84.6423,84.3708,0.2715
PEMAFC-F,0,period_0779,45.750000,-4.3125,2.2170,84.6426,84.3708,0.2718
PEMAFC-F,0,period_0779,45.800000,-4.3146,1.9711,84.6429,84.3708,0.2720
PEMAFC-F,0,period_0779,45.850000,-4.3171,1.6544,84.6435,84.3708,0.2727
PEMAFC-F,0,period_0779,45.900000,-4.3195,1.9308,84.6439,84.3708,0.2731
PEMAFC-F,0,period_0779,45.950000,-4.3217,1.8366,84.6442,84.3708,0.2734
PEMAFC-F,0,period_0779,46.000000,-4.3236,2.3000,84.6443,84.3708,0.2735
PEMAFC-F,0,period_0779,46.050000,-4.3260,1.9927,84.6447,84.3708,0.2739
PEMAFC-F,0,period_0779,46.100000,-4.3289,1.7599,84.6455,84.3708,0.2746
PEMAFC-F,0,period_0779,46.150000,-4.3309,1.7198,84.6457,84.3708,0.2748
PEMAFC-F,0,period_0779,46.200000,-4.3330,2.2531,84.6459,84.3708,0.2751
PEMAFC-F,0,period_0779,46.250000,-4.3350,1.8937,84.6465,84.3708,0.2757
PEMAFC-F,0,period_0779,46.300000,-4.3376,2.2621,84.6470,84.3708,0.2761
PEMAFC-F,0,period_0779,46.350000,-4.3395,2.2143,84.6472,84.3708,0.2764
PEMAFC-F,0,period_0779,46.400000,-4.3423,2.1733,84.6477,84.3708,0.2768
PEMAFC-F,0,period_0779,46.450000,-4.3443,2.1625,84.6480,84.3708,0.2771
PEMAFC-F,0,period_0779,46.500000,-4.3464,1.8905,84.6483,84.3708,0.2775
PEMAFC-F,0,period_0779,46.550000,-4.3488,2.8283,84.6485,84.3708,0.2777
PEMAFC-F,0,period_0779,46.600000,-4.3514,1.5806,84.6491,84.3708,0.2782
PEMAFC-F,0,period_0779,46.650000,-4.3538,2.0694,84.6493,84.3708,0.2785
PEMAFC-F,0,period_0779,46.700000,-4.3563,2.9338,84.6495,84.3708,0.2787
PEMAFC-F,0,period_0779,46.750000,-4.3587,2.2321,84.6499,84.3708,0.2791
PEMAFC-F,0,period_0779,46.800000,-4.3609,2.4899,84.6498,84.3708,0.2790
PEMAFC-F,0,period_0779,46.850000,-4.3627,1.5836,84.6503,84.3708,0.2794
PEMAFC-F,0,period_0779,46.900000,-4.3651,1.6191,84.6510,84.3708,0.2802
PEMAFC-F,0,period_0779,46.950000,-4.3673,2.1349,84.6515,84.3708,0.2807
PEMAFC-F,0,period_0779,47.000000,-4.3692,1.4705,84.6520,84.3708,0.2812
PEMAFC-F,0,period_0779,47.050000,-4.3713,2.7390,84.6521,84.3708,0.2813
PEMAFC-F,0,period_0779,47.100000,-4.3736,2.3088,84.6525,84.3708,0.2817
PEMAFC-F,0,period_0779,47.150000,-4.3757,2.3809,84.6527,84.3708,0.2819
PEMAFC-F,0,period_0779,47.200000,-4.3781,2.5334,84.6529,84.3708,0.2821
PEMAFC-F,0,period_0779,47.250000,-4.3800,2.5107,84.6532,84.3708,0.2824
PEMAFC-F,0,period_0779,47.300000,-4.3824,2.3713,84.6535,84.3708,0.2827
PEMAFC-F,0,period_0779,47.350000,-4.3847,2.2640,84.6537,84.3708,0.2829
PEMAFC-F,0,period_0779,47.400000,-4.3867,2.4341,84.6539,84.3708,0.2831
PEMAFC-F,0,period_0779,47.450000,-4.3885,2.1098,84.6540,84.3708,0.2831
PEMAFC-F,0,period_0779,47.500000,-4.3910,2.0632,84.6547,84.3708,0.2838
PEMAFC-F,0,period_0779,47.550000,-4.3930,2.0933,84.6547,84.3708,0.2838
PEMAFC-F,0,period_0779,47.600000,-4.3950,1.9609,84.6551,84.3708,0.2843
PEMAFC-F,0,period_0779,47.650000,-4.3973,2.2903,84.6555,84.3708,0.2846
PEMAFC-F,0,period_0779,47.700000,-4.3993,2.3497,84.6557,84.3708,0.2848
PEMAFC-F,0,period_0779,47.750000,-4.4011,2.4133,84.6560,84.3708,0.2852
PEMAFC-F,0,period_0779,47.800000,-4.4035,2.0601,84.6564,84.3708,0.2855
PEMAFC-F,0,period_0779,47.850000,-4.4059,2.0431,84.6566,84.3708,0.2858
PEMAFC-F,0,period_0779,47.900000,-4.4082,2.3933,84.6569,84.3708,0.2860
PEMAFC-F,0,period_0779,47.950000,-4.4102,2.4644,84.6570,84.3708,0.2861
PEMAFC-F,0,period_0779,48.000000,-4.4125,2.1397,84.6573,84.3708,0.2865
PEMAFC-F,0,period_0779,48.050000,-4.4149,2.7297,84.6575,84.3708,0.2867
PEMAFC-F,0,period_0779,48.100000,-4.4172,2.0294,84.6580,84.3708,0.2872
PEMAFC-F,0,period_0779,48.150000,-4.4191,1.4786,84.6585,84.3708,0.2877
PEMAFC-F,0,period_0779,48.200000,-4.4215,2.5358,84.6586,84.3708,0.2878
PEMAFC-F,0,period_0779,48.250000,-4.4236,2.3217,84.6589,84.3708,0.2881
PEMAFC-F,0,period_0779,48.300000,-4.4260,1.8828,84.6594,84.3708,0.2885
PEMAFC-F,0,period_0779,48.350000,-4.4280,2.0650,84.6597,84.3708,0.2889
PEMAFC-F,0,period_0779,48.400000,-4.4301,2.2530,84.6602,84.3708,0.2894
PEMAFC-F,0,period_0779,48.450000,-4.4323,2.2070,84.6602,84.3708,0.2894
PEMAFC-F,0,period_0779,48.500000,-4.4346,2.7759,84.6604,84.3708,0.2895
PEMAFC-F,0,period_0779,48.550000,-4.4365,2.2827,84.6606,84.3708,0.2898
PEMAFC-F,0,period_0779,48.600000,-4.4383,2.1078,84.6611,84.3708,0.2903
PEMAFC-F,0,period_0779,48.650000,-4.4406,2.3873,84.6614,84.3708,0.2906
PEMAFC-F,0,period_0779,48.700000,-4.4427,2.6010,84.6614,84.3708,0.2906
PEMAFC-F,0,period_0779,48.750000,-4.4447,2.0542,84.6616,84.3708,0.2908
PEMAFC-F,0,period_0779,48.800000,-4.4466,1.7692,84.6618,84.3708,0.2910
PEMAFC-F,0,period_0779,48.850000,-4.4488,2.6694,84.6620,84.3708,0.2912
PEMAFC-F,0,period_0779,48.900000,-4.4505,1.8772,84.6622,84.3708,0.2914
PEMAFC-F,0,period_0779,48.950000,-4.4524,2.3897,84.6624,84.3708,0.2916
PEMAFC-F,0,period_0779,49.000000,-4.4547,1.8652,84.6629,84.3708,0.2921
PEMAFC-F,0,period_0779,49.050000,-4.4567,1.7464,84.6631,84.3708,0.2923
PEMAFC-F,0,period_0779,49.100000,-4.4585,2.3363,84.6632,84.3708,0.2924
PEMAFC-F,0,period_0779,49.150000,-4.4604,2.1372,84.6633,84.3708,0.2924
PEMAFC-F,0,period_0779,49.200000,-4.4622,2.2636,84.6636,84.3708,0.2928
PEMAFC-F,0,period_0779,49.250000,-4.4642,2.1786,84.6639,84.3708,0.2931
PEMAFC-F,0,period_0779,49.300000,-4.4667,2.3328,84.6644,84.3708,0.2935
PEMAFC-F,0,period_0779,49.350000,-4.4684,1.7515,84.6646,84.3708,0.2938
PEMAFC-F,0,period_0779,49.400000,-4.4703,2.3779,84.6649,84.3708,0.2941
PEMAFC-F,0,period_0779,49.450000,-4.4725,2.2200,84.6652,84.3708,0.2943
PEMAFC-F,0,period_0779,49.500000,-4.4746,2.6810,84.6653,84.3708,0.2944
PEMAFC-F,0,period_0779,49.550000,-4.4770,2.6007,84.6655,84.3708,0.2947
PEMAFC-F,0,period_0779,49.600000,-4.4796,2.9426,84.6659,84.3708,0.2951
PEMAFC-F,0,period_0779,49.650000,-4.4818,1.8948,84.6665,84.3708,0.2957
PEMAFC-F,0,period_0779,49.700000,-4.4839,2.7636,84.6667,84.3708,0.2958
PEMAFC-F,0,period_0779,49.750000,-4.4861,1.4738,84.6672,84.3708,0.2964
PEMAFC-F,0,period_0779,49.800000,-4.4885,1.5867,84.6676,84.3708,0.2968
PEMAFC-F,0,period_0779,49.850000,-4.4906,2.0420,84.6678,84.3708,0.2969
PEMAFC-F,0,period_0779,49.900000,-4.4927,2.3424,84.6680,84.3708,0.2972
PEMAFC-F,0,period_0779,49.950000,-4.4948,2.3834,84.6682,84.3708,0.2974
PEMAFC-F,0,period_0779,50.000000,-4.4971,1.5792,84.6687,84.3708,0.2978
PEMAFC-F,0,period_0779,50.050000,-4.4991,2.2530,84.6691,84.3708,0.2982
PEMAFC-F,0,period_0779,50.100000,-4.5007,1.7896,84.6696,84.3708,0.2988
PEMAFC-F,0,period_0779,50.150000,-4.5028,2.1077,84.6700,84.3708,0.2991
PEMAFC-F,0,period_0779,50.200000,-4.5050,2.2243,84.6702,84.3708,0.2994
PEMAFC-F,0,period_0779,50.250000,-4.5071,1.7780,84.6708,84.3708,0.3000
PEMAFC-F,0,period_0779,50.300000,-4.5097,2.2603,84.6711,84.3708,0.3002
PEMAFC-F,0,period_0779,50.350000,-4.5114,2.1815,84.6712,84.3708,0.3003
PEMAFC-F,0,period_0779,50.400000,-4.5135,2.5053,84.6713,84.3708,0.3004
PEMAFC-F,0,period_0779,50.450000,-4.5157,1.5514,84.6719,84.3708,0.3010
PEMAFC-F,0,period_0779,50.500000,-4.5177,2.1101,84.6720,84.3708,0.3011
PEMAFC-F,0,period_0779,50.550000,-4.5197,2.2083,84.6722,84.3708,0.3014
PEMAFC-F,0,period_0779,50.600000,-4.5217,2.6154,84.6723,84.3708,0.3014
PEMAFC-F,0,period_0779,50.650000,-4.5238,2.3462,84.6725,84.3708,0.3016
PEMAFC-F,0,period_0779,50.700000,-4.5260,2.1957,84.6725,84.3708,0.3017
PEMAFC-F,0,period_0779,50.750000,-4.5282,2.5515,84.6727,84.3708,0.3018
PEMAFC-F,0,period_0779,50.800000,-4.5300,1.6871,84.6727,84.3708,0.3018
PEMAFC-F,0,period_0779,50.850000,-4.5322,2.2800,84.6728,84.3708,0.3020
PEMAFC-F,0,period_0779,50.900000,-4.5342,1.8982,84.6734,84.3708,0.3026
PEMAFC-F,0,period_0779,50.950000,-4.5363,2.1070,84.6737,84.3708,0.3028
PEMAFC-F,0,period_0779,51.000000,-4.5382,2.1177,84.6740,84.3708,0.3031
PEMAFC-F,0,period_0779,51.050000,-4.5401,2.2317,84.6740,84.3708,0.3031
PEMAFC-F,0,period_0779,51.100000,-4.5418,2.7163,84.6740,84.3708,0.3031
PEMAFC-F,0,period_0779,51.150000,-4.5434,2.1077,84.6741,84.3708,0.3033
PEMAFC-F,0,period_0779,51.200000,-4.5456,2.4291,84.6744,84.3708,0.3035
PEMAFC-F,0,period_0779,51.250000,-4.5474,2.0282,84.6745,84.3708,0.3036
PEMAFC-F,0,period_0779,51.300000,-4.5495,2.1219,84.6748,84.3708,0.3040
PEMAFC-F,0,period_0779,51.350000,-4.5514,2.4320,84.6748,84.3708,0.3039
PEMAFC-F,0,period_0779,51.400000,-4.5534,2.3714,84.6750,84.3708,0.3041
PEMAFC-F,0,period_0779,51.450000,-4.5555,2.5254,84.6754,84.3708,0.3046
PEMAFC-F,0,period_0779,51.500000,-4.5576,2.1639,84.6756,84.3708,0.3047
PEMAFC-F,0,period_0779,51.550000,-4.5593,1.7816,84.6761,84.3708,0.3052
PEMAFC-F,0,period_0779,51.600000,-4.5613,2.0441,84.6763,84.3708,0.3054
PEMAFC-F,0,period_0779,51.650000,-4.5636,3.0495,84.6763,84.3708,0.3055
PEMAFC-F,0,period_0779,51.700000,-4.5656,2.3070,84.6767,84.3708,0.3058
PEMAFC-F,0,period_0779,51.750000,-4.5674,1.9092,84.6772,84.3708,0.3064
PEMAFC-F,0,period_0779,51.800000,-4.5695,2.0300,84.6776,84.3708,0.3068
PEMAFC-F,0,period_0779,51.850000,-4.5718,2.1292,84.6780,84.3708,0.3071
PEMAFC-F,0,period_0779,51.900000,-4.5740,1.9404,84.6782,84.3708,0.3074
PEMAFC-F,0,period_0779,51.950000,-4.5758,2.5014,84.6783,84.3708,0.3075
PEMAFC-F,0,period_0779,52.000000,-4.5773,2.3977,84.6784,84.3708,0.3076
PEMAFC-F,0,period_0779,52.050000,-4.5793,2.8361,84.6785,84.3708,0.3077
PEMAFC-F,0,period_0779,52.100000,-4.5816,1.9487,84.6792,84.3708,0.3084
PEMAFC-F,0,period_0779,52.150000,-4.5834,2.0988,84.6796,84.3708,0.3088
PEMAFC-F,0,period_0779,52.200000,-4.5855,2.8281,84.6799,84.3708,0.3091
PEMAFC-F,0,period_0779,52.250000,-4.5873,2.6577,84.6801,84.3708,0.3093
PEMAFC-F,0,period_0779,52.300000,-4.5891,1.6066,84.6805,84.3708,0.3096
PEMAFC-F,0,period_0779,52.350000,-4.5911,2.6174,84.6807,84.3708,0.3099
PEMAFC-F,0,period_0779,52.400000,-4.5931,1.9775,84.6812,84.3708,0.3103
PEMAFC-F,0,period_0779,52.450000,-4.5950,2.4146,84.6815,84.3708,0.3106
PEMAFC-F,0,period_0779,52.500000,-4.5971,1.8759,84.6819,84.3708,0.3111
PEMAFC-F,0,period_0779,52.550000,-4.5991,2.3092,84.6821,84.3708,0.3113
PEMAFC-F,0,period_0779,52.600000,-4.6010,2.1102,84.6824,84.3708,0.3115
PEMAFC-F,0,period_0779,52.650000,-4.6028,2.2165,84.6826,84.3708,0.3117
PEMAFC-F,0,period_0779,52.700000,-4.6051,1.8600,84.6831,84.3708,0.3123
PEMAFC-F,0,period_0779,52.750000,-4.6071,2.3705,84.6831,84.3708,0.3123
PEMAFC-F,0,period_0779,52.800000,-4.6090,2.3572,84.6834,84.3708,0.3126
PEMAFC-F,0,period_0779,52.850000,-4.6109,2.0443,84.6841,84.3708,0.3133
PEMAFC-F,0,period_0779,52.900000,-4.6130,2.1904,84.6844,84.3708,0.3136
PEMAFC-F,0,period_0779,52.950000,-4.6147,1.7293,84.6847,84.3708,0.3139
PEMAFC-F,0,period_0779,53.000000,-4.6164,1.6873,84.6851,84.3708,0.3143
PEMAFC-F,0,period_0779,53.050000,-4.6179,1.7326,84.6855,84.3708,0.3147
PEMAFC-F,0,period_0779,53.100000,-4.6197,2.0206,84.6858,84.3708,0.3149
PEMAFC-F,0,period_0779,53.150000,-4.6217,2.6499,84.6860,84.3708,0.3152
PEMAFC-F,0,period_0779,53.200000,-4.6234,2.5879,84.6863,84.3708,0.3154
PEMAFC-F,0,period_0779,53.250000,-4.6254,2.3946,84.6864,84.3708,0.3156
PEMAFC-F,0,period_0779,53.300000,-4.6271,1.9982,84.6866,84.3708,0.3158
PEMAFC-F,0,period_0779,53.350000,-4.6289,2.2219,84.6867,84.3708,0.3159
PEMAFC-F,0,period_0779,53.400000,-4.6312,2.3403,84.6871,84.3708,0.3163
PEMAFC-F,0,period_0779,53.450000,-4.6332,3.1851,84.6872,84.3708,0.3164
PEMAFC-F,0,period_0779,53.500000,-4.6348,1.8092,84.6875,84.3708,0.3167
PEMAFC-F,0,period_0779,53.550000,-4.6369,2.3404,84.6880,84.3708,0.3171
PEMAFC-F,0,period_0779,53.600000,-4.6389,1.7511,84.6882,84.3708,0.3174
PEMAFC-F,0,period_0779,53.650000,-4.6410,2.5702,84.6882,84.3708,0.3174
PEMAFC-F,0,period_0779,53.700000,-4.6426,2.4236,84.6886,84.3708,0.3178
PEMAFC-F,0,period_0779,53.750000,-4.6445,2.4912,84.6891,84.3708,0.3183
PEMAFC-F,0,period_0779,53.800000,-4.6465,1.8128,84.6899,84.3708,0.3191
PEMAFC-F,0,period_0779,53.850000,-4.6483,1.3803,84.6905,84.3708,0.3197
PEMAFC-F,0,period_0779,53.900000,-4.6502,1.9065,84.6909,84.3708,0.3201
PEMAFC-F,0,period_0779,53.950000,-4.6523,1.4490,84.6912,84.3708,0.3204
PEMAFC-F,0,period_0779,54.000000,-4.6541,1.9687,84.6916,84.3708,0.3208
PEMAFC-F,0,period_0779,54.050000,-4.6558,2.4999,84.6920,84.3708,0.3212
PEMAFC-F,0,period_0779,54.100000,-4.6577,2.0254,84.6922,84.3708,0.3214
PEMAFC-F,0,period_0779,54.150000,-4.6595,2.3276,84.6925,84.3708,0.3217
PEMAFC-F,0,period_0779,54.200000,-4.6615,2.1910,84.6927,84.3708,0.3218
PEMAFC-F,0,period_0779,54.250000,-4.6633,2.4329,84.6931,84.3708,0.3223
PEMAFC-F,0,period_0779,54.300000,-4.6652,2.5629,84.6933,84.3708,0.3224
PEMAFC-F,0,period_0779,54.350000,-4.6670,2.0680,84.6934,84.3708,0.3226
PEMAFC-F,0,period_0779,54.400000,-4.6690,1.9378,84.6937,84.3708,0.3228
PEMAFC-F,0,period_0779,54.450000,-4.6708,2.4279,84.6940,84.3708,0.3232
PEMAFC-F,0,period_0779,54.500000,-4.6727,2.1732,84.6943,84.3708,0.3234
PEMAFC-F,0,period_0779,54.550000,-4.6747,1.9072,84.6948,84.3708,0.3239
PEMAFC-F,0,period_0779,54.600000,-4.6763,1.7408,84.6951,84.3708,0.3243
PEMAFC-F,0,period_0779,54.650000,-4.6782,2.2328,84.6954,84.3708,0.3246
PEMAFC-F,0,period_0779,54.700000,-4.6798,2.1811,84.6956,84.3708,0.3247
PEMAFC-F,0,period_0779,54.750000,-4.6818,2.2758,84.6957,84.3708,0.3249
PEMAFC-F,0,period_0779,54.800000,-4.6837,2.3416,84.6959,84.3708,0.3251
PEMAFC-F,0,period_0779,54.850000,-4.6854,1.9986,84.6962,84.3708,0.3254
PEMAFC-F,0,period_0779,54.900000,-4.6872,1.9912,84.6963,84.3708,0.3255
PEMAFC-F,0,period_0779,54.950000,-4.6889,2.5032,84.6963,84.3708,0.3255
PEMAFC-F,0,period_0779,55.000000,-4.6908,2.9959,84.6965,84.3708,0.3256
PEMAFC-F,0,period_0779,55.050000,-4.6924,2.4291,84.6967,84.3708,0.3258
PEMAFC-F,0,period_0779,55.100000,-4.6942,2.0111,84.6970,84.3708,0.3261
PEMAFC-F,0,period_0779,55.150000,-4.6958,2.2178,84.6972,84.3708,0.3264
PEMAFC-F,0,period_0779,55.200000,-4.6976,2.4205,84.6975,84.3708,0.3266
PEMAFC-F,0,period_0779,55.250000,-4.6995,2.1158,84.6979,84.3708,0.3271
PEMAFC-F,0,period_0779,55.300000,-4.7014,2.1660,84.6981,84.3708,0.3272
PEMAFC-F,0,period_0779,55.350000,-4.7031,2.7451,84.6982,84.3708,0.3274
PEMAFC-F,0,period_0779,55.400000,-4.7046,2.1839,84.6984,84.3708,0.3275
PEMAFC-F,0,period_0779,55.450000,-4.7064,1.9160,84.6986,84.3708,0.3278
PEMAFC-F,0,period_0779,55.500000,-4.7084,1.8889,84.6989,84.3708,0.3280
PEMAFC-F,0,period_0779,55.550000,-4.7105,2.8375,84.6989,84.3708,0.3281
PEMAFC-F,0,period_0779,55.600000,-4.7123,2.5564,84.6992,84.3708,0.3283
PEMAFC-F,0,period_0779,55.650000,-4.7139,2.3239,84.6995,84.3708,0.3286
PEMAFC-F,0,period_0779,55.700000,-4.7157,2.5868,84.6999,84.3708,0.3290
PEMAFC-F,0,period_0779,55.750000,-4.7175,2.5189,84.7001,84.3708,0.3293
PEMAFC-F,0,period_0779,55.800000,-4.7192,2.2085,84.7003,84.3708,0.3295
PEMAFC-F,0,period_0779,55.850000,-4.7209,1.8434,84.7006,84.3708,0.3298
PEMAFC-F,0,period_0779,55.900000,-4.7226,2.0724,84.7011,84.3708,0.3303
PEMAFC-F,0,period_0779,55.950000,-4.7242,2.2545,84.7013,84.3708,0.3305
PEMAFC-F,0,period_0779,56.000000,-4.7255,2.5106,84.7013,84.3708,0.3305
PEMAFC-F,0,period_0779,56.050000,-4.7272,2.3735,84.7017,84.3708,0.3309
PEMAFC-F,0,period_0779,56.100000,-4.7290,2.1616,84.7023,84.3708,0.3314
PEMAFC-F,0,period_0779,56.150000,-4.7308,2.2106,84.7024,84.3708,0.3316
PEMAFC-F,0,period_0779,56.200000,-4.7329,2.0329,84.7028,84.3708,0.3320
PEMAFC-F,0,period_0779,56.250000,-4.7348,1.9695,84.7032,84.3708,0.3324
PEMAFC-F,0,period_0779,56.300000,-4.7369,2.9729,84.7033,84.3708,0.3325
PEMAFC-F,0,period_0779,56.350000,-4.7386,2.6220,84.7033,84.3708,0.3325
PEMAFC-F,0,period_0779,56.400000,-4.7402,2.4899,84.7035,84.3708,0.3326
PEMAFC-F,0,period_0779,56.450000,-4.7417,2.7231,84.7037,84.3708,0.3328
PEMAFC-F,0,period_0779,56.500000,-4.7433,2.0473,84.7042,84.3708,0.3334
PEMAFC-F,0,period_0779,56.550000,-4.7448,2.6998,84.7045,84.3708,0.3336
PEMAFC-F,0,period_0779,56.600000,-4.7465,2.1734,84.7048,84.3708,0.3340
PEMAFC-F,0,period_0779,56.650000,-4.7481,2.8846,84.7050,84.3708,0.3342
PEMAFC-F,0,period_0779,56.700000,-4.7499,2.5290,84.7051,84.3708,0.3343
PEMAFC-F,0,period_0779,56.750000,-4.7516,1.9793,84.7053,84.3708,0.3345
PEMAFC-F,0,period_0779,56.800000,-4.7533,1.9067,84.7058,84.3708,0.3349
PEMAFC-F,0,period_0779,56.850000,-4.7550,1.9232,84.7062,84.3708,0.3353
PEMAFC-F,0,period_0779,56.900000,-4.7569,2.2856,84.7065,84.3708,0.3357
PEMAFC-F,0,period_0779,56.950000,-4.7585,2.1046,84.7067,84.3708,0.3359
PEMAFC-F,0,period_0779,57.000000,-4.7601,2.1641,84.7069,84.3708,0.3360
PEMAFC-F,0,period_0779,57.050000,-4.7617,2.1103,84.7071,84.3708,0.3362
PEMAFC-F,0,period_0779,57.100000,-4.7636,1.8959,84.7073,84.3708,0.3365
PEMAFC-F,0,period_0779,57.150000,-4.7655,2.3101,84.7075,84.3708,0.3367
PEMAFC-F,0,period_0779,57.200000,-4.7671,2.6764,84.7077,84.3708,0.3369
PEMAFC-F,0,period_0779,57.250000,-4.7692,2.1699,84.7079,84.3708,0.3371
PEMAFC-F,0,period_0779,57.300000,-4.7709,1.8468,84.7082,84.3708,0.3374
PEMAFC-F,0,period_0779,57.350000,-4.7725,1.5433,84.7084,84.3708,0.3376
PEMAFC-F,0,period_0779,57.400000,-4.7743,2.3318,84.7087,84.3708,0.3378
PEMAFC-F,0,period_0779,57.450000,-4.7761,2.2390,84.7091,84.3708,0.3383
PEMAFC-F,0,period_0779,57.500000,-4.7777,1.8455,84.7095,84.3708,0.3387
PEMAFC-F,0,period_0779,57.550000,-4.7794,2.8794,84.7096,84.3708,0.3388
PEMAFC-F,0,period_0779,57.600000,-4.7811,2.5605,84.7098,84.3708,0.3389
PEMAFC-F,0,period_0779,57.650000,-4.7827,2.9311,84.7099,84.3708,0.3391
PEMAFC-F,0,period_0779,57.700000,-4.7842,2.3771,84.7101,84.3708,0.3392
PEMAFC-F,0,period_0779,57.750000,-4.7859,1.7611,84.7104,84.3708,0.3395
PEMAFC-F,0,period_0779,57.800000,-4.7878,2.9355,84.7105,84.3708,0.3397
PEMAFC-F,0,period_0779,57.850000,-4.7894,2.0093,84.7111,84.3708,0.3403
PEMAFC-F,0,period_0779,57.900000,-4.7910,2.4905,84.7114,84.3708,0.3405
PEMAFC-F,0,period_0779,57.950000,-4.7931,2.7841,84.7117,84.3708,0.3408
PEMAFC-F,0,period_0779,58.000000,-4.7947,2.3595,84.7118,84.3708,0.3410
PEMAFC-F,0,period_0779,58.050000,-4.7965,2.4580,84.7117,84.3708,0.3408
PEMAFC-F,0,period_0779,58.100000,-4.7984,2.2252,84.7119,84.3708,0.3411
PEMAFC-F,0,period_0779,58.150000,-4.8000,1.9374,84.7122,84.3708,0.3414
PEMAFC-F,0,period_0779,58.200000,-4.8014,1.7191,84.7126,84.3708,0.3418
PEMAFC-F,0,period_0779,58.250000,-4.8028,2.1125,84.7129,84.3708,0.3421
PEMAFC-F,0,period_0779,58.300000,-4.8043,2.8081,84.7131,84.3708,0.3422
PEMAFC-F,0,period_0779,58.350000,-4.8062,2.4960,84.7132,84.3708,0.3424
PEMAFC-F,0,period_0779,58.400000,-4.8077,2.4525,84.7134,84.3708,0.3426
PEMAFC-F,0,period_0779,58.450000,-4.8096,1.8620,84.7140,84.3708,0.3432
PEMAFC-F,0,period_0779,58.500000,-4.8112,2.4044,84.7143,84.3708,0.3434
PEMAFC-F,0,period_0779,58.550000,-4.8128,2.5678,84.7146,84.3708,0.3437
PEMAFC-F,0,period_0779,58.600000,-4.8144,2.3332,84.7148,84.3708,0.3440
PEMAFC-F,0,period_0779,58.650000,-4.8159,2.4382,84.7150,84.3708,0.3442
PEMAFC-F,0,period_0779,58.700000,-4.8180,2.4158,84.7156,84.3708,0.3447
PEMAFC-F,0,period_0779,58.750000,-4.8193,1.6174,84.7161,84.3708,0.3452
PEMAFC-F,0,period_0779,58.800000,-4.8209,2.2320,84.7163,84.3708,0.3455
PEMAFC-F,0,period_0779,58.850000,-4.8224,2.1305,84.7167,84.3708,0.3459
PEMAFC-F,0,period_0779,58.900000,-4.8237,2.1019,84.7171,84.3708,0.3463
PEMAFC-F,0,period_0779,58.950000,-4.8251,2.6502,84.7172,84.3708,0.3463
PEMAFC-F,0,period_0779,59.000000,-4.8267,2.0238,84.7171,84.3708,0.3463
PEMAFC-F,0,period_0779,59.050000,-4.8283,2.9860,84.7173,84.3708,0.3465
PEMAFC-F,0,period_0779,59.100000,-4.8299,2.3696,84.7174,84.3708,0.3466
PEMAFC-F,0,period_0779,59.150000,-4.8315,2.5691,84.7178,84.3708,0.3470
PEMAFC-F,0,period_0779,59.200000,-4.8330,2.2744,84.7181,84.3708,0.3473
PEMAFC-F,0,period_0779,59.250000,-4.8345,2.2468,84.7184,84.3708,0.3475
PEMAFC-F,0,period_0779,59.300000,-4.8359,2.2241,84.7186,84.3708,0.3478
PEMAFC-F,0,period_0779,59.350000,-4.8374,1.7498,84.7190,84.3708,0.3482
PEMAFC-F,0,period_0779,59.400000,-4.8388,1.8073,84.7196,84.3708,0.3488
PEMAFC-F,0,period_0779,59.450000,-4.8407,1.9643,84.7201,84.3708,0.3493
PEMAFC-F,0,period_0779,59.500000,-4.8420,2.3883,84.7202,84.3708,0.3494
PEMAFC-F,0,period_0779,59.550000,-4.8435,2.2506,84.7207,84.3708,0.3498
PEMAFC-F,0,period_0779,59.600000,-4.8451,1.8118,84.7208,84.3708,0.3500
PEMAFC-F,0,period_0779,59.650000,-4.8468,1.9300,84.7210,84.3708,0.3502
PEMAFC-F,0,period_0779,59.700000,-4.8484,1.8534,84.7217,84.3708,0.3508
PEMAFC-F,0,period_0779,59.750000,-4.8498,2.4294,84.7218,84.3708,0.3509
PEMAFC-F,0,period_0779,59.800000,-4.8518,2.1364,84.7222,84.3708,0.3514
PEMAFC-F,0,period_0779,59.850000,-4.8540,2.1910,84.7225,84.3708,0.3517
PEMAFC-F,0,period_0779,59.900000,-4.8557,2.1975,84.7229,84.3708,0.3520
PEMAFC-F,0,period_0779,59.950000,-4.8571,2.5058,84.7233,84.3708,0.3525
PEMAFC-F,0,period_0779,60.000000,-4.8586,2.0564,84.7237,84.3708,0.3528
PEMAFC-F,0,period_0779,60.050000,-4.8601,2.5160,84.7238,84.3708,0.3530
PEMAFC-F,0,period_0779,60.100000,-4.8616,2.5673,84.7240,84.3708,0.3532
PEMAFC-F,0,period_0779,60.150000,-4.8634,2.1699,84.7245,84.3708,0.3537
PEMAFC-F,0,period_0779,60.200000,-4.8652,2.7456,84.7247,84.3708,0.3539
PEMAFC-F,0,period_0779,60.250000,-4.8669,2.5087,84.7249,84.3708,0.3541
PEMAFC-F,0,period_0779,60.300000,-4.8682,2.1515,84.7252,84.3708,0.3544
PEMAFC-F,0,period_0779,60.350000,-4.8697,1.7722,84.7260,84.3708,0.3552
PEMAFC-F,0,period_0779,60.400000,-4.8712,2.2735,84.7262,84.3708,0.3554
PEMAFC-F,0,period_0779,60.450000,-4.8726,2.0390,84.7267,84.3708,0.3559
PEMAFC-F,0,period_0779,60.500000,-4.8739,2.0771,84.7270,84.3708,0.3561
PEMAFC-F,0,period_0779,60.550000,-4.8755,2.8646,84.7271,84.3708,0.3563
PEMAFC-F,0,period_0779,60.600000,-4.8771,1.8068,84.7273,84.3708,0.3565
PEMAFC-F,0,period_0779,60.650000,-4.8786,2.3799,84.7277,84.3708,0.3568
PEMAFC-F,0,period_0779,60.700000,-4.8801,2.7830,84.7278,84.3708,0.3570
PEMAFC-F,0,period_0779,60.750000,-4.8815,3.0520,84.7280,84.3708,0.3572
PEMAFC-F,0,period_0779,60.800000,-4.8831,2.1665,84.7281,84.3708,0.3573
PEMAFC-F,0,period_0779,60.850000,-4.8846,2.6314,84.7281,84.3708,0.3573
PEMAFC-F,0,period_0779,60.900000,-4.8863,2.1675,84.7285,84.3708,0.3577
PEMAFC-F,0,period_0779,60.950000,-4.8878,1.8798,84.7285,84.3708,0.3577
PEMAFC-F,0,period_0779,61.000000,-4.8894,3.1580,84.7287,84.3708,0.3578
PEMAFC-F,0,period_0779,61.050000,-4.8911,2.5092,84.7291,84.3708,0.3582
PEMAFC-F,0,period_0779,61.100000,-4.8926,2.5412,84.7293,84.3708,0.3585
PEMAFC-F,0,period_0779,61.150000,-4.8939,2.4699,84.7295,84.3708,0.3587
PEMAFC-F,0,period_0779,61.200000,-4.8956,2.1646,84.7298,84.3708,0.3590
PEMAFC-F,0,period_0779,61.250000,-4.8973,3.1659,84.7299,84.3708,0.3590
PEMAFC-F,0,period_0779,61.300000,-4.8990,2.8262,84.7301,84.3708,0.3592
PEMAFC-F,0,period_0779,61.350000,-4.9008,1.8774,84.7306,84.3708,0.3598
PEMAFC-F,0,period_0779,61.400000,-4.9023,2.3005,84.7308,84.3708,0.3600
PEMAFC-F,0,period_0779,61.450000,-4.9041,2.3462,84.7311,84.3708,0.3602
PEMAFC-F,0,period_0779,61.500000,-4.9056,2.9313,84.7314,84.3708,0.3605
PEMAFC-F,0,period_0779,61.550000,-4.9072,2.5524,84.7318,84.3708,0.3610
PEMAFC-F,0,period_0779,61.600000,-4.9089,2.5266,84.7321,84.3708,0.3613
PEMAFC-F,0,period_0779,61.650000,-4.9102,2.4786,84.7325,84.3708,0.3616
PEMAFC-F,0,period_0779,61.700000,-4.9118,2.0025,84.7328,84.3708,0.3620
PEMAFC-F,0,period_0779,61.750000,-4.9132,2.5964,84.7330,84.3708,0.3622
PEMAFC-F,0,period_0779,61.800000,-4.9146,1.7289,84.7335,84.3708,0.3627
PEMAFC-F,0,period_0779,61.850000,-4.9161,2.4359,84.7341,84.3708,0.3632
PEMAFC-F,0,period_0779,61.900000,-4.9176,2.5283,84.7340,84.3708,0.3632
PEMAFC-F,0,period_0779,61.950000,-4.9191,2.6229,84.7344,84.3708,0.3635
PEMAFC-F,0,period_0779,62.000000,-4.9206,2.2465,84.7347,84.3708,0.3639
PEMAFC-F,0,period_0779,62.050000,-4.9220,2.3390,84.7348,84.3708,0.3640
PEMAFC-F,0,period_0779,62.100000,-4.9240,2.1122,84.7353,84.3708,0.3644
PEMAFC-F,0,period_0779,62.150000,-4.9256,2.6173,84.7357,84.3708,0.3649
PEMAFC-F,0,period_0779,62.200000,-4.9273,2.5148,84.7358,84.3708,0.3649
PEMAFC-F,0,period_0779,62.250000,-4.9289,2.4127,84.7362,84.3708,0.3654
PEMAFC-F,0,period_0779,62.300000,-4.9303,2.2737,84.7365,84.3708,0.3657
PEMAFC-F,0,period_0779,62.350000,-4.9318,2.0138,84.7367,84.3708,0.3659
PEMAFC-F,0,period_0779,62.400000,-4.9331,2.3595,84.7371,84.3708,0.3662
PEMAFC-F,0,period_0779,62.450000,-4.9347,2.0033,84.7373,84.3708,0.3665
PEMAFC-F,0,period_0779,62.500000,-4.9362,2.3974,84.7379,84.3708,0.3671
PEMAFC-F,0,period_0779,62.550000,-4.9376,2.5105,84.7382,84.3708,0.3674
PEMAFC-F,0,period_0779,62.600000,-4.9391,3.2107,84.7383,84.3708,0.3674
PEMAFC-F,0,period_0779,62.650000,-4.9408,2.2433,84.7385,84.3708,0.3677
PEMAFC-F,0,period_0779,62.700000,-4.9424,2.5006,84.7390,84.3708,0.3681
PEMAFC-F,0,period_0779,62.750000,-4.9437,2.6213,84.7392,84.3708,0.3683
PEMAFC-F,0,period_0779,62.800000,-4.9452,2.5541,84.7395,84.3708,0.3687
PEMAFC-F,0,period_0779,62.850000,-4.9464,2.4871,84.7395,84.3708,0.3687
PEMAFC-F,0,period_0779,62.900000,-4.9475,1.8581,84.7395,84.3708,0.3687
PEMAFC-F,0,period_0779,62.950000,-4.9491,2.6349,84.7399,84.3708,0.3690
PEMAFC-F,0,period_0779,63.000000,-4.9507,2.5168,84.7400,84.3708,0.3692
PEMAFC-F,0,period_0779,63.050000,-4.9521,2.3091,84.7404,84.3708,0.3696
PEMAFC-F,0,period_0779,63.100000,-4.9539,1.9848,84.7409,84.3708,0.3701
PEMAFC-F,0,period_0779,63.150000,-4.9555,2.7596,84.7412,84.3708,0.3704
PEMAFC-F,0,period_0779,63.200000,-4.9570,1.5004,84.7419,84.3708,0.3710
PEMAFC-F,0,period_0779,63.250000,-4.9585,1.5346,84.7424,84.3708,0.3715
PEMAFC-F,0,period_0779,63.300000,-4.9598,2.2729,84.7427,84.3708,0.3718
PEMAFC-F,0,period_0779,63.350000,-4.9611,2.9436,84.7428,84.3708,0.3720
PEMAFC-F,0,period_0779,63.400000,-4.9628,3.4162,84.7430,84.3708,0.3722
PEMAFC-F,0,period_0779,63.450000,-4.9640,2.1830,84.7433,84.3708,0.3725
PEMAFC-F,0,period_0779,63.500000,-4.9654,2.6664,84.7436,84.3708,0.3727
PEMAFC-F,0,period_0779,63.550000,-4.9666,2.0949,84.7439,84.3708,0.3731
PEMAFC-F,0,period_0779,63.600000,-4.9679,1.7338,84.7442,84.3708,0.3734
PEMAFC-F,0,period_0779,63.650000,-4.9694,2.6897,84.7448,84.3708,0.3740
PEMAFC-F,0,period_0779,63.700000,-4.9710,3.0573,84.7450,84.3708,0.3742
PEMAFC-F,0,period_0779,63.750000,-4.9724,2.9893,84.7452,84.3708,0.3744
PEMAFC-F,0,period_0779,63.800000,-4.9741,1.4342,84.7457,84.3708,0.3749
PEMAFC-F,0,period_0779,63.850000,-4.9757,2.1164,84.7462,84.3708,0.3753
PEMAFC-F,0,period_0779,63.900000,-4.9770,2.5080,84.7463,84.3708,0.3755
PEMAFC-F,0,period_0779,63.950000,-4.9786,2.4191,84.7465,84.3708,0.3757
PEMAFC-F,0,period_0779,64.000000,-4.9799,1.8631,84.7467,84.3708,0.3759
PEMAFC-F,0,period_0779,64.050000,-4.9813,2.5085,84.7471,84.3708,0.3763
PEMAFC-F,0,period_0779,64.100000,-4.9827,1.9342,84.7476,84.3708,0.3768
PEMAFC-F,0,period_0779,64.150000,-4.9841,2.4472,84.7478,84.3708,0.3769
PEMAFC-F,0,period_0779,64.200000,-4.9858,1.6618,84.7481,84.3708,0.3773
PEMAFC-F,0,period_0779,64.250000,-4.9870,2.3452,84.7483,84.3708,0.3775
PEMAFC-F,0,period_0779,64.300000,-4.9885,1.9956,84.7484,84.3708,0.3776
PEMAFC-F,0,period_0779,64.350000,-4.9898,2.9516,84.7485,84.3708,0.3776
PEMAFC-F,0,period_0779,64.400000,-4.9914,2.0588,84.7490,84.3708,0.3782
PEMAFC-F,0,period_0779,64.450000,-4.9929,2.4120,84.7492,84.3708,0.3784
PEMAFC-F,0,period_0779,64.500000,-4.9942,2.6402,84.7492,84.3708,0.3784
PEMAFC-F,0,period_0779,64.550000,-4.9953,2.5176,84.7494,84.3708,0.3785
PEMAFC-F,0,period_0779,64.600000,-4.9970,2.3089,84.7496,84.3708,0.3788
PEMAFC-F,0,period_0779,64.650000,-4.9987,1.7631,84.7499,84.3708,0.3791
PEMAFC-F,0,period_0779,64.700000,-4.9999,2.3658,84.7498,84.3708,0.3790
PEMAFC-F,0,period_0779,64.750000,-5.0013,2.4536,84.7502,84.3708,0.3794
PEMAFC-F,0,period_0779,64.800000,-5.0027,2.9355,84.7505,84.3708,0.3797
PEMAFC-F,0,period_0779,64.850000,-5.0041,2.0616,84.7508,84.3708,0.3800
PEMAFC-F,0,period_0779,64.900000,-5.0057,2.6917,84.7512,84.3708,0.3803
PEMAFC-F,0,period_0779,64.950000,-5.0069,2.3376,84.7514,84.3708,0.3806
PEMAFC-F,0,period_0779,65.000000,-5.0081,2.3784,84.7516,84.3708,0.3808
PEMAFC-F,0,period_0779,65.050000,-5.0093,2.0877,84.7517,84.3708,0.3809
PEMAFC-F,0,period_0779,65.100000,-5.0104,2.7207,84.7519,84.3708,0.3811
PEMAFC-F,0,period_0779,65.150000,-5.0119,2.6139,84.7522,84.3708,0.3814
PEMAFC-F,0,period_0779,65.200000,-5.0135,2.3807,84.7526,84.3708,0.3818
PEMAFC-F,0,period_0779,65.250000,-5.0150,2.3370,84.7531,84.3708,0.3823
PEMAFC-F,0,period_0779,65.300000,-5.0164,2.1295,84.7533,84.3708,0.3824
PEMAFC-F,0,period_0779,65.350000,-5.0177,2.9145,84.7532,84.3708,0.3824
PEMAFC-F,0,period_0779,65.400000,-5.0189,2.1987,84.7535,84.3708,0.3826
PEMAFC-F,0,period_0779,65.450000,-5.0201,2.6827,84.7535,84.3708,0.3827
PEMAFC-F,0,period_0779,65.500000,-5.0215,1.8659,84.7539,84.3708,0.3831
PEMAFC-F,0,period_0779,65.550000,-5.0226,2.2308,84.7540,84.3708,0.3832
PEMAFC-F,0,period_0779,65.600000,-5.0241,2.2225,84.7547,84.3708,0.3838
PEMAFC-F,0,period_0779,65.650000,-5.0254,1.9217,84.7549,84.3708,0.3841
PEMAFC-F,0,period_0779,65.700000,-5.0270,1.7513,84.7552,84.3708,0.3843
PEMAFC-F,0,period_0779,65.750000,-5.0285,2.0185,84.7553,84.3708,0.3845
PEMAFC-F,0,period_0779,65.800000,-5.0299,2.2426,84.7554,84.3708,0.3845
PEMAFC-F,0,period_0779,65.850000,-5.0315,2.2343,84.7557,84.3708,0.3848
PEMAFC-F,0,period_0779,65.900000,-5.0329,2.4400,84.7557,84.3708,0.3849
PEMAFC-F,0,period_0779,65.950000,-5.0340,2.3424,84.7561,84.3708,0.3852
PEMAFC-F,0,period_0779,66.000000,-5.0353,2.6029,84.7563,84.3708,0.3855
PEMAFC-F,0,period_0779,66.050000,-5.0366,2.4805,84.7567,84.3708,0.3859
PEMAFC-F,0,period_0779,66.100000,-5.0379,2.2530,84.7569,84.3708,0.3861
PEMAFC-F,0,period_0779,66.150000,-5.0393,2.1790,84.7571,84.3708,0.3862
PEMAFC-F,0,period_0779,66.200000,-5.0405,2.6374,84.7573,84.3708,0.3864
PEMAFC-F,0,period_0779,66.250000,-5.0422,2.6394,84.7575,84.3708,0.3867
PEMAFC-F,0,period_0779,66.300000,-5.0437,2.1170,84.7576,84.3708,0.3868
PEMAFC-F,0,period_0779,66.350000,-5.0450,2.1080,84.7580,84.3708,0.3871
PEMAFC-F,0,period_0779,66.400000,-5.0464,2.7975,84.7581,84.3708,0.3873
PEMAFC-F,0,period_0779,66.450000,-5.0477,2.0994,84.7587,84.3708,0.3879
PEMAFC-F,0,period_0779,66.500000,-5.0490,2.6642,84.7592,84.3708,0.3883
PEMAFC-F,0,period_0779,66.550000,-5.0504,2.6522,84.7592,84.3708,0.3884
PEMAFC-F,0,period_0779,66.600000,-5.0519,2.1262,84.7599,84.3708,0.3890
PEMAFC-F,0,period_0779,66.650000,-5.0530,2.4504,84.7600,84.3708,0.3892
PEMAFC-F,0,period_0779,66.700000,-5.0543,3.0692,84.7600,84.3708,0.3892
PEMAFC-F,0,period_0779,66.750000,-5.0560,1.9186,84.7603,84.3708,0.3895
PEMAFC-F,0,period_0779,66.800000,-5.0576,2.5389,84.7605,84.3708,0.3897
PEMAFC-F,0,period_0779,66.850000,-5.0589,2.5698,84.7607,84.3708,0.3899
PEMAFC-F,0,period_0779,66.900000,-5.0602,2.2176,84.7611,84.3708,0.3902
PEMAFC-F,0,period_0779,66.950000,-5.0615,2.2536,84.7613,84.3708,0.3905
PEMAFC-F,0,period_0779,67.000000,-5.0635,1.8332,84.7617,84.3708,0.3909
PEMAFC-F,0,period_0779,67.050000,-5.0650,2.6317,84.7620,84.3708,0.3911
PEMAFC-F,0,period_0779,67.100000,-5.0664,2.7617,84.7623,84.3708,0.3914
PEMAFC-F,0,period_0779,67.150000,-5.0679,2.7348,84.7626,84.3708,0.3918
PEMAFC-F,0,period_0779,67.200000,-5.0693,2.6006,84.7629,84.3708,0.3921
PEMAFC-F,0,period_0779,67.250000,-5.0706,2.4250,84.7630,84.3708,0.3922
PEMAFC-F,0,period_0779,67.300000,-5.0718,1.8487,84.7635,84.3708,0.3927
PEMAFC-F,0,period_0779,67.350000,-5.0733,2.5978,84.7639,84.3708,0.3931
PEMAFC-F,0,period_0779,67.400000,-5.0745,2.3196,84.7643,84.3708,0.3935
PEMAFC-F,0,period_0779,67.450000,-5.0757,2.5136,84.7645,84.3708,0.3937
PEMAFC-F,0,period_0779,67.500000,-5.0769,2.6741,84.7646,84.3708,0.3938
PEMAFC-F,0,period_0779,67.550000,-5.0782,2.9399,84.7647,84.3708,0.3939
PEMAFC-F,0,period_0779,67.600000,-5.0793,2.6715,84.7649,84.3708,0.3940
PEMAFC-F,0,period_0779,67.650000,-5.0808,2.4421,84.7652,84.3708,0.3944
PEMAFC-F,0,period_0779,67.700000,-5.0820,2.1800,84.7656,84.3708,0.3947
PEMAFC-F,0,period_0779,67.750000,-5.0832,2.1994,84.7661,84.3708,0.3953
PEMAFC-F,0,period_0779,67.800000,-5.0844,2.6611,84.7662,84.3708,0.3954
PEMAFC-F,0,period_0779,67.850000,-5.0857,2.4638,84.7663,84.3708,0.3955
PEMAFC-F,0,period_0779,67.900000,-5.0868,2.4886,84.7665,84.3708,0.3957
PEMAFC-F,0,period_0779,67.950000,-5.0881,3.3715,84.7669,84.3708,0.3961
PEMAFC-F,0,period_0779,68.000000,-5.0894,2.0762,84.7673,84.3708,0.3965
PEMAFC-F,0,period_0779,68.050000,-5.0907,2.0278,84.7675,84.3708,0.3967
PEMAFC-F,0,period_0779,68.100000,-5.0924,2.5103,84.7679,84.3708,0.3970
PEMAFC-F,0,period_0779,68.150000,-5.0939,2.0995,84.7681,84.3708,0.3973
PEMAFC-F,0,period_0779,68.200000,-5.0953,2.9013,84.7683,84.3708,0.3975
PEMAFC-F,0,period_0779,68.250000,-5.0966,2.1607,84.7688,84.3708,0.3979
PEMAFC-F,0,period_0779,68.300000,-5.0980,2.3910,84.7689,84.3708,0.3981
PEMAFC-F,0,period_0779,68.350000,-5.0993,2.1679,84.7691,84.3708,0.3983
PEMAFC-F,0,period_0779,68.400000,-5.1005,2.1810,84.7696,84.3708,0.3987
PEMAFC-F,0,period_0779,68.450000,-5.1020,2.0316,84.7701,84.3708,0.3992
PEMAFC-F,0,period_0779,68.500000,-5.1032,2.5186,84.7702,84.3708,0.3993
PEMAFC-F,0,period_0779,68.550000,-5.1047,1.9448,84.7706,84.3708,0.3998
PEMAFC-F,0,period_0779,68.600000,-5.1061,2.1351,84.7707,84.3708,0.3998
PEMAFC-F,0,period_0779,68.650000,-5.1072,2.7948,84.7708,84.3708,0.4000
PEMAFC-F,0,period_0779,68.700000,-5.1086,2.6620,84.7712,84.3708,0.4003
PEMAFC-F,0,period_0779,68.750000,-5.1098,2.3825,84.7714,84.3708,0.4006
PEMAFC-F,0,period_0779,68.800000,-5.1109,2.2053,84.7718,84.3708,0.4010
PEMAFC-F,0,period_0779,68.850000,-5.1121,2.4816,84.7720,84.3708,0.4012
PEMAFC-F,0,period_0779,68.900000,-5.1135,2.3120,84.7725,84.3708,0.4016
PEMAFC-F,0,period_0779,68.950000,-5.1147,2.1497,84.7729,84.3708,0.4020
PEMAFC-F,0,period_0779,69.000000,-5.1160,2.5893,84.7731,84.3708,0.4023
PEMAFC-F,0,period_0779,69.050000,-5.1174,2.0199,84.7737,84.3708,0.4029
PEMAFC-F,0,period_0779,69.100000,-5.1188,2.1850,84.7743,84.3708,0.4035
PEMAFC-F,0,period_0779,69.150000,-5.1200,2.5467,84.7745,84.3708,0.4037
PEMAFC-F,0,period_0779,69.200000,-5.1213,2.6127,84.7748,84.3708,0.4039
PEMAFC-F,0,period_0779,69.250000,-5.1228,2.3812,84.7752,84.3708,0.4044
PEMAFC-F,0,period_0779,69.300000,-5.1240,3.1622,84.7752,84.3708,0.4044
PEMAFC-F,0,period_0779,69.350000,-5.1253,2.0730,84.7756,84.3708,0.4048
PEMAFC-F,0,period_0779,69.400000,-5.1264,2.2941,84.7758,84.3708,0.4049
PEMAFC-F,0,period_0779,69.450000,-5.1278,2.8967,84.7760,84.3708,0.4051
PEMAFC-F,0,period_0779,69.500000,-5.1289,2.0427,84.7761,84.3708,0.4053
PEMAFC-F,0,period_0779,69.550000,-5.1304,2.9422,84.7765,84.3708,0.4056
PEMAFC-F,0,period_0779,69.600000,-5.1317,2.0991,84.7770,84.3708,0.4061
PEMAFC-F,0,period_0779,69.650000,-5.1330,2.1980,84.7773,84.3708,0.4065
PEMAFC-F,0,period_0779,69.700000,-5.1342,1.9406,84.7779,84.3708,0.4070
PEMAFC-F,0,period_0779,69.750000,-5.1358,3.0151,84.7779,84.3708,0.4071
PEMAFC-F,0,period_0779,69.800000,-5.1371,1.8444,84.7782,84.3708,0.4074
PEMAFC-F,0,period_0779,69.850000,-5.1385,2.4075,84.7784,84.3708,0.4075
PEMAFC-F,0,period_0779,69.900000,-5.1397,2.9024,84.7785,84.3708,0.4077
PEMAFC-F,0,period_0779,69.950000,-5.1409,2.1712,84.7789,84.3708,0.4080
PEMAFC-F,0,period_0779,70.000000,-5.1422,1.8608,84.7790,84.3708,0.4082
PEMAFC-F,0,period_0779,70.050000,-5.1433,2.5203,84.7792,84.3708,0.4084
PEMAFC-F,0,period_0779,70.100000,-5.1444,3.0540,84.7793,84.3708,0.4085
PEMAFC-F,0,period_0779,70.150000,-5.1457,2.7370,84.7796,84.3708,0.4088
PEMAFC-F,0,period_0779,70.200000,-5.1471,2.2770,84.7799,84.3708,0.4091
PEMAFC-F,0,period_0779,70.250000,-5.1481,2.7150,84.7798,84.3708,0.4090
PEMAFC-F,0,period_0779,70.300000,-5.1493,2.5015,84.7800,84.3708,0.4091
PEMAFC-F,0,period_0779,70.350000,-5.1505,2.0416,84.7802,84.3708,0.4093
PEMAFC-F,0,period_0779,70.400000,-5.1520,2.1869,84.7806,84.3708,0.4098
PEMAFC-F,0,period_0779,70.450000,-5.1533,2.1601,84.7808,84.3708,0.4100
PEMAFC-F,0,period_0779,70.500000,-5.1547,1.8717,84.7814,84.3708,0.4106
PEMAFC-F,0,period_0779,70.550000,-5.1559,1.8237,84.7816,84.3708,0.4108
PEMAFC-F,0,period_0779,70.600000,-5.1570,2.7035,84.7816,84.3708,0.4108
PEMAFC-F,0,period_0779,70.650000,-5.1580,2.8490,84.7818,84.3708,0.4110
PEMAFC-F,0,period_0779,70.700000,-5.1591,2.4408,84.7820,84.3708,0.4111
PEMAFC-F,0,period_0779,70.750000,-5.1603,2.4218,84.7825,84.3708,0.4117
PEMAFC-F,0,period_0779,70.800000,-5.1614,2.3731,84.7827,84.3708,0.4118
PEMAFC-F,0,period_0779,70.850000,-5.1625,2.6739,84.7829,84.3708,0.4121
PEMAFC-F,0,period_0779,70.900000,-5.1638,2.4065,84.7835,84.3708,0.4127
PEMAFC-F,0,period_0779,70.950000,-5.1651,2.6216,84.7837,84.3708,0.4129
PEMAFC-F,0,period_0779,71.000000,-5.1663,2.5758,84.7839,84.3708,0.4130
PEMAFC-F,0,period_0779,71.050000,-5.1675,2.4370,84.7842,84.3708,0.4134
PEMAFC-F,0,period_0779,71.100000,-5.1687,2.6868,84.7843,84.3708,0.4135
PEMAFC-F,0,period_0779,71.150000,-5.1699,2.6540,84.7844,84.3708,0.4135
PEMAFC-F,0,period_0779,71.200000,-5.1711,1.8480,84.7849,84.3708,0.4141
PEMAFC-F,0,period_0779,71.250000,-5.1725,2.1270,84.7854,84.3708,0.4145
PEMAFC-F,0,period_0779,71.300000,-5.1738,2.2102,84.7857,84.3708,0.4149
PEMAFC-F,0,period_0779,71.350000,-5.1748,2.4719,84.7860,84.3708,0.4152
PEMAFC-F,0,period_0779,71.400000,-5.1762,2.3300,84.7865,84.3708,0.4156
PEMAFC-F,0,period_0779,71.450000,-5.1773,2.6564,84.7866,84.3708,0.4157
PEMAFC-F,0,period_0779,71.500000,-5.1784,2.2781,84.7869,84.3708,0.4161
PEMAFC-F,0,period_0779,71.550000,-5.1796,2.6013,84.7871,84.3708,0.4162
PEMAFC-F,0,period_0779,71.600000,-5.1807,2.6104,84.7873,84.3708,0.4165
PEMAFC-F,0,period_0779,71.650000,-5.1818,2.0880,84.7872,84.3708,0.4164
PEMAFC-F,0,period_0779,71.700000,-5.1832,2.0094,84.7877,84.3708,0.4169
PEMAFC-F,0,period_0779,71.750000,-5.1844,2.6035,84.7878,84.3708,0.4170
PEMAFC-F,0,period_0779,71.800000,-5.1858,2.2666,84.7884,84.3708,0.4175
PEMAFC-F,0,period_0779,71.850000,-5.1869,2.4858,84.7888,84.3708,0.4179
PEMAFC-F,0,period_0779,71.900000,-5.1880,2.3826,84.7890,84.3708,0.4181
PEMAFC-F,0,period_0779,71.950000,-5.1892,2.3759,84.7891,84.3708,0.4182
PEMAFC-F,0,period_0779,72.000000,-5.1903,1.8626,84.7891,84.3708,0.4183
PEMAFC-F,0,period_0779,72.050000,-5.1916,2.4670,84.7895,84.3708,0.4187
PEMAFC-F,0,period_0779,72.100000,-5.1925,2.7898,84.7897,84.3708,0.4189
PEMAFC-F,0,period_0779,72.150000,-5.1937,2.4176,84.7900,84.3708,0.4192
PEMAFC-F,0,period_0779,72.200000,-5.1951,2.0635,84.7902,84.3708,0.4193
PEMAFC-F,0,period_0779,72.250000,-5.1963,3.4499,84.7903,84.3708,0.4194
PEMAFC-F,0,period_0779,72.300000,-5.1976,2.1815,84.7906,84.3708,0.4198
PEMAFC-F,0,period_0779,72.350000,-5.1987,1.7642,84.7906,84.3708,0.4198
PEMAFC-F,0,period_0779,72.400000,-5.1997,2.0877,84.7908,84.3708,0.4200
PEMAFC-F,0,period_0779,72.450000,-5.2009,2.2404,84.7910,84.3708,0.4202
PEMAFC-F,0,period_0779,72.500000,-5.2019,2.7545,84.7912,84.3708,0.4204
PEMAFC-F,0,period_0779,72.550000,-5.2030,2.1488,84.7916,84.3708,0.4208
PEMAFC-F,0,period_0779,72.600000,-5.2042,3.0293,84.7918,84.3708,0.4210
PEMAFC-F,0,period_0779,72.650000,-5.2054,2.9362,84.7921,84.3708,0.4213
PEMAFC-F,0,period_0779,72.700000,-5.2064,2.9540,84.7923,84.3708,0.4214
PEMAFC-F,0,period_0779,72.750000,-5.2075,2.6031,84.7925,84.3708,0.4217
PEMAFC-F,0,period_0779,72.800000,-5.2088,2.3778,84.7926,84.3708,0.4218
PEMAFC-F,0,period_0779,72.850000,-5.2102,1.7164,84.7932,84.3708,0.4223
PEMAFC-F,0,period_0779,72.900000,-5.2112,2.1346,84.7934,84.3708,0.4226
PEMAFC-F,0,period_0779,72.950000,-5.2123,2.2573,84.7937,84.3708,0.4229
PEMAFC-F,0,period_0779,73.000000,-5.2135,2.5468,84.7939,84.3708,0.4230
PEMAFC-F,0,period_0779,73.050000,-5.2148,2.2169,84.7942,84.3708,0.4233
PEMAFC-F,0,period_0779,73.100000,-5.2157,1.9483,84.7944,84.3708,0.4236
PEMAFC-F,0,period_0779,73.150000,-5.2168,2.4520,84.7948,84.3708,0.4239
PEMAFC-F,0,period_0779,73.200000,-5.2180,2.7289,84.7951,84.3708,0.4243
PEMAFC-F,0,period_0779,73.250000,-5.2190,2.1183,84.7953,84.3708,0.4245
PEMAFC-F,0,period_0779,73.300000,-5.2202,2.7068,84.7955,84.3708,0.4247
PEMAFC-F,0,period_0779,73.350000,-5.2212,2.2130,84.7959,84.3708,0.4251
PEMAFC-F,0,period_0779,73.400000,-5.2225,2.3398,84.7963,84.3708,0.4255
PEMAFC-F,0,period_0779,73.450000,-5.2238,2.6069,84.7965,84.3708,0.4257
PEMAFC-F,0,period_0779,73.500000,-5.2250,3.1514,84.7967,84.3708,0.4259
PEMAFC-F,0,period_0779,73.550000,-5.2259,2.2463,84.7968,84.3708,0.4260
PEMAFC-F,0,period_0779,73.600000,-5.2272,2.0332,84.7973,84.3708,0.4265
PEMAFC-F,0,period_0779,73.650000,-5.2285,2.3089,84.7976,84.3708,0.4268
PEMAFC-F,0,period_0779,73.700000,-5.2297,2.9293,84.7978,84.3708,0.4270
PEMAFC-F,0,period_0779,73.750000,-5.2311,2.5246,84.7981,84.3708,0.4273
PEMAFC-F,0,period_0779,73.800000,-5.2324,2.6670,84.7983,84.3708,0.4274
PEMAFC-F,0,period_0779,73.850000,-5.2335,2.2727,84.7984,84.3708,0.4276
PEMAFC-F,0,period_0779,73.900000,-5.2343,2.5492,84.7986,84.3708,0.4277
PEMAFC-F,0,period_0779,73.950000,-5.2354,2.1420,84.7986,84.3708,0.4278
PEMAFC-F,0,period_0779,74.000000,-5.2364,2.4318,84.7990,84.3708,0.4282
PEMAFC-F,0,period_0779,74.050000,-5.2375,2.3141,84.7993,84.3708,0.4284
PEMAFC-F,0,period_0779,74.100000,-5.2385,2.2233,84.7993,84.3708,0.4284
PEMAFC-F,0,period_0779,74.150000,-5.2398,1.8979,84.7998,84.3708,0.4290
PEMAFC-F,0,period_0779,74.200000,-5.2408,2.9837,84.8000,84.3708,0.4292
PEMAFC-F,0,period_0779,74.250000,-5.2418,2.2856,84.8002,84.3708,0.4293
PEMAFC-F,0,period_0779,74.300000,-5.2432,2.9924,84.8003,84.3708,0.4295
PEMAFC-F,0,period_0779,74.350000,-5.2443,2.6224,84.8005,84.3708,0.4297
PEMAFC-F,0,period_0779,74.400000,-5.2456,1.9325,84.8007,84.3708,0.4299
PEMAFC-F,0,period_0779,74.450000,-5.2468,2.7122,84.8010,84.3708,0.4301
PEMAFC-F,0,period_0779,74.500000,-5.2479,2.4177,84.8010,84.3708,0.4302
PEMAFC-F,0,period_0779,74.550000,-5.2492,1.9906,84.8014,84.3708,0.4305
PEMAFC-F,0,period_0779,74.600000,-5.2503,2.9588,84.8017,84.3708,0.4308
PEMAFC-F,0,period_0779,74.650000,-5.2514,2.0570,84.8021,84.3708,0.4313
PEMAFC-F,0,period_0779,74.700000,-5.2524,2.6719,84.8022,84.3708,0.4313
PEMAFC-F,0,period_0779,74.750000,-5.2537,2.1459,84.8026,84.3708,0.4318
PEMAFC-F,0,period_0779,74.800000,-5.2548,1.8572,84.8031,84.3708,0.4323
PEMAFC-F,0,period_0779,74.850000,-5.2558,2.0317,84.8036,84.3708,0.4328
PEMAFC-F,0,period_0779,74.900000,-5.2571,2.0954,84.8041,84.3708,0.4332
PEMAFC-F,0,period_0779,74.950000,-5.2582,2.0108,84.8044,84.3708,0.4336
PEMAFC-F,0,period_0779,75.000000,-5.2593,2.5460,84.8045,84.3708,0.4336
PEMAFC-F,0,period_0779,75.050000,-5.2603,2.7108,84.8047,84.3708,0.4338
PEMAFC-F,0,period_0779,75.100000,-5.2614,2.4089,84.8048,84.3708,0.4340
PEMAFC-F,0,period_0779,75.150000,-5.2625,2.6986,84.8050,84.3708,0.4342
PEMAFC-F,0,period_0779,75.200000,-5.2636,1.7785,84.8055,84.3708,0.4346
PEMAFC-F,0,period_0779,75.250000,-5.2648,2.2629,84.8060,84.3708,0.4351
PEMAFC-F,0,period_0779,75.300000,-5.2660,2.1569,84.8063,84.3708,0.4355
PEMAFC-F,0,period_0779,75.350000,-5.2672,2.7125,84.8066,84.3708,0.4357
PEMAFC-F,0,period_0779,75.400000,-5.2680,1.7114,84.8069,84.3708,0.4361
PEMAFC-F,0,period_0779,75.450000,-5.2692,2.8779,84.8071,84.3708,0.4363
PEMAFC-F,0,period_0779,75.500000,-5.2703,2.9809,84.8072,84.3708,0.4364
PEMAFC-F,0,period_0779,75.550000,-5.2714,2.3667,84.8074,84.3708,0.4366
PEMAFC-F,0,period_0779,75.600000,-5.2726,2.6579,84.8075,84.3708,0.4367
PEMAFC-F,0,period_0779,75.650000,-5.2736,2.9345,84.8076,84.3708,0.4368
PEMAFC-F,0,period_0779,75.700000,-5.2748,2.5843,84.8079,84.3708,0.4370
PEMAFC-F,0,period_0779,75.750000,-5.2758,3.4404,84.8079,84.3708,0.4371
PEMAFC-F,0,period_0779,75.800000,-5.2769,2.4145,84.8082,84.3708,0.4374
PEMAFC-F,0,period_0779,75.850000,-5.2779,2.1351,84.8086,84.3708,0.4377
PEMAFC-F,0,period_0779,75.900000,-5.2789,2.4245,84.8088,84.3708,0.4379
PEMAFC-F,0,period_0779,75.950000,-5.2800,3.0145,84.8089,84.3708,0.4381
PEMAFC-F,0,period_0779,76.000000,-5.2809,1.8969,84.8095,84.3708,0.4386
PEMAFC-F,0,period_0779,76.050000,-5.2823,2.0941,84.8098,84.3708,0.4390
PEMAFC-F,0,period_0779,76.100000,-5.2834,2.1446,84.8102,84.3708,0.4394
PEMAFC-F,0,period_0779,76.150000,-5.2845,2.6874,84.8105,84.3708,0.4396
PEMAFC-F,0,period_0779,76.200000,-5.2855,2.7219,84.8108,84.3708,0.4399
PEMAFC-F,0,period_0779,76.250000,-5.2864,2.5321,84.8109,84.3708,0.4401
PEMAFC-F,0,period_0779,76.300000,-5.2879,2.1752,84.8113,84.3708,0.4405
PEMAFC-F,0,period_0779,76.350000,-5.2890,2.0497,84.8119,84.3708,0.4410
PEMAFC-F,0,period_0779,76.400000,-5.2901,2.7715,84.8120,84.3708,0.4412
PEMAFC-F,0,period_0779,76.450000,-5.2912,2.7577,84.8124,84.3708,0.4416
PEMAFC-F,0,period_0779,76.500000,-5.2922,2.2650,84.8127,84.3708,0.4419
PEMAFC-F,0,period_0779,76.550000,-5.2934,2.7275,84.8130,84.3708,0.4422
PEMAFC-F,0,period_0779,76.600000,-5.2945,2.5228,84.8130,84.3708,0.4422
PEMAFC-F,0,period_0779,76.650000,-5.2956,2.5655,84.8135,84.3708,0.4427
PEMAFC-F,0,period_0779,76.700000,-5.2967,2.8756,84.8139,84.3708,0.4430
PEMAFC-F,0,period_0779,76.750000,-5.2976,2.1020,84.8141,84.3708,0.4432
PEMAFC-F,0,period_0779,76.800000,-5.2987,2.1821,84.8146,84.3708,0.4438
PEMAFC-F,0,period_0779,76.850000,-5.2998,2.2732,84.8147,84.3708,0.4439
PEMAFC-F,0,period_0779,76.900000,-5.3010,2.2790,84.8152,84.3708,0.4444
PEMAFC-F,0,period_0779,76.950000,-5.3022,2.5745,84.8155,84.3708,0.4447
PEMAFC-F,0,period_0779,77.000000,-5.3032,2.0957,84.8160,84.3708,0.4451
PEMAFC-F,0,period_0779,77.050000,-5.3044,2.6677,84.8164,84.3708,0.4455
PEMAFC-F,0,period_0779,77.100000,-5.3056,2.3691,84.8169,84.3708,0.4460
PEMAFC-F,0,period_0779,77.150000,-5.3066,2.4766,84.8171,84.3708,0.4463
PEMAFC-F,0,period_0779,77.200000,-5.3077,2.7026,84.8174,84.3708,0.4465
PEMAFC-F,0,period_0779,77.250000,-5.3089,2.3996,84.8178,84.3708,0.4470
PEMAFC-F,0,period_0779,77.300000,-5.3100,2.5706,84.8181,84.3708,0.4473
PEMAFC-F,0,period_0779,77.350000,-5.3109,2.6271,84.8185,84.3708,0.4476
PEMAFC-F,0,period_0779,77.400000,-5.3119,2.2719,84.8188,84.3708,0.4480
PEMAFC-F,0,period_0779,77.450000,-5.3130,2.6638,84.8190,84.3708,0.4482
PEMAFC-F,0,period_0779,77.500000,-5.3142,2.2023,84.8193,84.3708,0.4484
PEMAFC-F,0,period_0779,77.550000,-5.3153,2.6231,84.8193,84.3708,0.4485
PEMAFC-F,0,period_0779,77.600000,-5.3164,2.5072,84.8193,84.3708,0.4485
PEMAFC-F,0,period_0779,77.650000,-5.3174,3.3906,84.8194,84.3708,0.4485
PEMAFC-F,0,period_0779,77.700000,-5.3184,2.2362,84.8198,84.3708,0.4490
PEMAFC-F,0,period_0779,77.750000,-5.3195,1.9869,84.8200,84.3708,0.4492
PEMAFC-F,0,period_0779,77.800000,-5.3205,2.3721,84.8204,84.3708,0.4496
PEMAFC-F,0,period_0779,77.850000,-5.3216,2.0806,84.8208,84.3708,0.4500
PEMAFC-F,0,period_0779,77.900000,-5.3227,2.0960,84.8213,84.3708,0.4505
PEMAFC-F,0,period_0779,77.950000,-5.3236,2.6499,84.8215,84.3708,0.4507
PEMAFC-F,0,period_0779,78.000000,-5.3248,2.1948,84.8217,84.3708,0.4508
PEMAFC-F,0,period_0779,78.050000,-5.3260,2.5771,84.8221,84.3708,0.4513
PEMAFC-F,0,period_0779,78.100000,-5.3271,2.4566,84.8226,84.3708,0.4518
PEMAFC-F,0,period_0779,78.150000,-5.3282,2.3949,84.8229,84.3708,0.4521
PEMAFC-F,0,period_0779,78.200000,-5.3292,2.3607,84.8234,84.3708,0.4526
PEMAFC-F,0,period_0779,78.250000,-5.3301,2.0568,84.8238,84.3708,0.4529
PEMAFC-F,0,period_0779,78.300000,-5.3314,2.2288,84.8241,84.3708,0.4533
PEMAFC-F,0,period_0779,78.350000,-5.3325,2.7361,84.8243,84.3708,0.4535
PEMAFC-F,0,period_0779,78.400000,-5.3336,2.4499,84.8243,84.3708,0.4535
PEMAFC-F,0,period_0779,78.450000,-5.3345,3.2941,84.8244,84.3708,0.4536
PEMAFC-F,0,period_0779,78.500000,-5.3356,2.2409,84.8245,84.3708,0.4537
PEMAFC-F,0,period_0779,78.550000,-5.3367,2.8447,84.8248,84.3708,0.4540
PEMAFC-F,0,period_0779,78.600000,-5.3378,2.5584,84.8251,84.3708,0.4542
PEMAFC-F,0,period_0779,78.650000,-5.3388,2.3360,84.8254,84.3708,0.4546
PEMAFC-F,0,period_0779,78.700000,-5.3399,1.9120,84.8258,84.3708,0.4549
PEMAFC-F,0,period_0779,78.750000,-5.3412,3.1539,84.8261,84.3708,0.4553
PEMAFC-F,0,period_0779,78.800000,-5.3422,2.0824,84.8267,84.3708,0.4559
PEMAFC-F,0,period_0779,78.850000,-5.3433,2.2727,84.8269,84.3708,0.4561
PEMAFC-F,0,period_0779,78.900000,-5.3442,2.4901,84.8273,84.3708,0.4564
PEMAFC-F,0,period_0779,78.950000,-5.3452,1.6930,84.8275,84.3708,0.4566
PEMAFC-F,0,period_0779,79.000000,-5.3464,1.8224,84.8278,84.3708,0.4570
PEMAFC-F,0,period_0779,79.050000,-5.3478,1.9375,84.8282,84.3708,0.4574
PEMAFC-F,0,period_0779,79.100000,-5.3489,2.4697,84.8284,84.3708,0.4575
PEMAFC-F,0,period_0779,79.150000,-5.3501,1.6779,84.8288,84.3708,0.4580
PEMAFC-F,0,period_0779,79.200000,-5.3513,2.2672,84.8291,84.3708,0.4582
PEMAFC-F,0,period_0779,79.250000,-5.3522,2.8309,84.8293,84.3708,0.4584
PEMAFC-F,0,period_0779,79.300000,-5.3531,2.2227,84.8295,84.3708,0.4587
PEMAFC-F,0,period_0779,79.350000,-5.3541,2.7777,84.8298,84.3708,0.4590
PEMAFC-F,0,period_0779,79.400000,-5.3552,2.0982,84.8300,84.3708,0.4591
PEMAFC-F,0,period_0779,79.450000,-5.3565,2.0930,84.8301,84.3708,0.4592
PEMAFC-F,0,period_0779,79.500000,-5.3578,2.4535,84.8302,84.3708,0.4594
PEMAFC-F,0,period_0779,79.550000,-5.3588,1.8938,84.8303,84.3708,0.4595
PEMAFC-F,0,period_0779,79.600000,-5.3598,2.1898,84.8305,84.3708,0.4596
PEMAFC-F,0,period_0779,79.650000,-5.3607,3.3422,84.8308,84.3708,0.4600
PEMAFC-F,0,period_0779,79.700000,-5.3615,2.7886,84.8308,84.3708,0.4600
PEMAFC-F,0,period_0779,79.750000,-5.3625,3.2859,84.8310,84.3708,0.4602
PEMAFC-F,0,period_0779,79.800000,-5.3636,2.3658,84.8311,84.3708,0.4603
PEMAFC-F,0,period_0779,79.850000,-5.3645,2.1702,84.8313,84.3708,0.4604
PEMAFC-F,0,period_0779,79.900000,-5.3655,3.1171,84.8315,84.3708,0.4607
PEMAFC-F,0,period_0779,79.950000,-5.3667,2.6018,84.8319,84.3708,0.4610
PEMAFC-F,0,period_0779,80.000000,-5.3676,2.9269,84.8319,84.3708,0.4611
PEMAFC-F,0,period_0779,80.050000,-5.3687,2.9246,84.8321,84.3708,0.4613
PEMAFC-F,0,period_0779,80.100000,-5.3698,2.8267,84.8323,84.3708,0.4615
PEMAFC-F,0,period_0779,80.150000,-5.3708,2.1027,84.8324,84.3708,0.4615
PEMAFC-F,0,period_0779,80.200000,-5.3718,2.9263,84.8326,84.3708,0.4618
PEMAFC-F,0,period_0779,80.250000,-5.3729,2.6012,84.8328,84.3708,0.4620
PEMAFC-F,0,period_0779,80.300000,-5.3737,2.2019,84.8330,84.3708,0.4622
PEMAFC-F,0,period_0779,80.350000,-5.3747,1.8903,84.8334,84.3708,0.4626
PEMAFC-F,0,period_0779,80.400000,-5.3757,2.9241,84.8335,84.3708,0.4627
PEMAFC-F,0,period_0779,80.450000,-5.3767,2.8136,84.8336,84.3708,0.4628
PEMAFC-F,0,period_0779,80.500000,-5.3775,2.5765,84.8338,84.3708,0.4630
PEMAFC-F,0,period_0779,80.550000,-5.3786,2.2228,84.8340,84.3708,0.4631
PEMAFC-F,0,period_0779,80.600000,-5.3796,2.4038,84.8344,84.3708,0.4636
PEMAFC-F,0,period_0779,80.650000,-5.3804,3.0658,84.8344,84.3708,0.4635
PEMAFC-F,0,period_0779,80.700000,-5.3815,2.6535,84.8343,84.3708,0.4634
PEMAFC-F,0,period_0779,80.750000,-5.3825,2.3941,84.8344,84.3708,0.4636
PEMAFC-F,0,period_0779,80.800000,-5.3835,2.0553,84.8349,84.3708,0.4641
PEMAFC-F,0,period_0779,80.850000,-5.3846,2.5316,84.8353,84.3708,0.4645
PEMAFC-F,0,period_0779,80.900000,-5.3858,2.5981,84.8356,84.3708,0.4648
PEMAFC-F,0,period_0779,80.950000,-5.3869,2.2140,84.8360,84.3708,0.4652
PEMAFC-F,0,period_0779,81.000000,-5.3878,2.4320,84.8361,84.3708,0.4653
PEMAFC-F,0,period_0779,81.050000,-5.3888,3.2042,84.8363,84.3708,0.4655
PEMAFC-F,0,period_0779,81.100000,-5.3897,2.6674,84.8368,84.3708,0.4660
PEMAFC-F,0,period_0779,81.150000,-5.3908,2.3256,84.8372,84.3708,0.4664
PEMAFC-F,0,period_0779,81.200000,-5.3917,2.5242,84.8375,84.3708,0.4667
PEMAFC-F,0,period_0779,81.250000,-5.3928,2.3364,84.8377,84.3708,0.4669
PEMAFC-F,0,period_0779,81.300000,-5.3938,1.8286,84.8382,84.3708,0.4674
PEMAFC-F,0,period_0779,81.350000,-5.3946,2.9160,84.8383,84.3708,0.4675
PEMAFC-F,0,period_0779,81.400000,-5.3955,2.9928,84.8384,84.3708,0.4676
PEMAFC-F,0,period_0779,81.450000,-5.3964,2.4872,84.8385,84.3708,0.4677
PEMAFC-F,0,period_0779,81.500000,-5.3971,2.4964,84.8388,84.3708,0.4679
PEMAFC-F,0,period_0779,81.550000,-5.3981,2.6601,84.8389,84.3708,0.4680
PEMAFC-F,0,period_0779,81.600000,-5.3990,2.6094,84.8391,84.3708,0.4683
PEMAFC-F,0,period_0779,81.650000,-5.4003,2.5679,84.8393,84.3708,0.4685
PEMAFC-F,0,period_0779,81.700000,-5.4014,2.1745,84.8395,84.3708,0.4686
PEMAFC-F,0,period_0779,81.750000,-5.4025,2.3680,84.8400,84.3708,0.4692
PEMAFC-F,0,period_0779,81.800000,-5.4037,2.6312,84.8402,84.3708,0.4694
PEMAFC-F,0,period_0779,81.850000,-5.4044,3.3377,84.8403,84.3708,0.4694
PEMAFC-F,0,period_0779,81.900000,-5.4054,2.0577,84.8407,84.3708,0.4699
PEMAFC-F,0,period_0779,81.950000,-5.4064,1.9943,84.8409,84.3708,0.4701
PEMAFC-F,0,period_0779,82.000000,-5.4074,2.3767,84.8413,84.3708,0.4705
PEMAFC-F,0,period_0779,82.050000,-5.4085,3.2313,84.8416,84.3708,0.4707
PEMAFC-F,0,period_0779,82.100000,-5.4095,2.0578,84.8422,84.3708,0.4714
PEMAFC-F,0,period_0779,82.150000,-5.4103,2.6391,84.8423,84.3708,0.4714
PEMAFC-F,0,period_0779,82.200000,-5.4114,2.5957,84.8425,84.3708,0.4717
PEMAFC-F,0,period_0779,82.250000,-5.4122,2.9978,84.8427,84.3708,0.4718
PEMAFC-F,0,period_0779,82.300000,-5.4132,2.9330,84.8429,84.3708,0.4721
PEMAFC-F,0,period_0779,82.350000,-5.4142,3.0132,84.8432,84.3708,0.4723
PEMAFC-F,0,period_0779,82.400000,-5.4151,2.7141,84.8436,84.3708,0.4728
PEMAFC-F,0,period_0779,82.450000,-5.4159,2.4130,84.8439,84.3708,0.4731
PEMAFC-F,0,period_0779,82.500000,-5.4170,2.6159,84.8443,84.3708,0.4734
PEMAFC-F,0,period_0779,82.550000,-5.4182,2.2827,84.8445,84.3708,0.4737
PEMAFC-F,0,period_0779,82.600000,-5.4191,2.4972,84.8448,84.3708,0.4739
PEMAFC-F,0,period_0779,82.650000,-5.4201,2.8564,84.8450,84.3708,0.4742
PEMAFC-F,0,period_0779,82.700000,-5.4211,2.2528,84.8453,84.3708,0.4744
PEMAFC-F,0,period_0779,82.750000,-5.4221,1.7205,84.8458,84.3708,0.4750
PEMAFC-F,0,period_0779,82.800000,-5.4231,2.3902,84.8463,84.3708,0.4755
PEMAFC-F,0,period_0779,82.850000,-5.4238,3.3159,84.8466,84.3708,0.4757
PEMAFC-F,0,period_0779,82.900000,-5.4247,2.0974,84.8469,84.3708,0.4760
PEMAFC-F,0,period_0779,82.950000,-5.4257,2.6724,84.8471,84.3708,0.4762
PEMAFC-F,0,period_0779,83.000000,-5.4266,2.7318,84.8473,84.3708,0.4765
PEMAFC-F,0,period_0779,83.050000,-5.4277,1.9546,84.8476,84.3708,0.4768
PEMAFC-F,0,period_0779,83.100000,-5.4287,2.5329,84.8478,84.3708,0.4769
PEMAFC-F,0,period_0779,83.150000,-5.4297,2.1922,84.8479,84.3708,0.4771
PEMAFC-F,0,period_0779,83.200000,-5.4306,2.6612,84.8484,84.3708,0.4776
PEMAFC-F,0,period_0779,83.250000,-5.4317,2.5960,84.8489,84.3708,0.4781
PEMAFC-F,0,period_0779,83.300000,-5.4328,3.0932,84.8492,84.3708,0.4783
PEMAFC-F,0,period_0779,83.350000,-5.4338,2.0997,84.8494,84.3708,0.4786
PEMAFC-F,0,period_0779,83.400000,-5.4345,2.6628,84.8496,84.3708,0.4787
PEMAFC-F,0,period_0779,83.450000,-5.4355,2.9100,84.8497,84.3708,0.4789
PEMAFC-F,0,period_0779,83.500000,-5.4366,2.3753,84.8505,84.3708,0.4796
PEMAFC-F,0,period_0779,83.550000,-5.4376,2.2044,84.8508,84.3708,0.4800
PEMAFC-F,0,period_0779,83.600000,-5.4385,2.2678,84.8512,84.3708,0.4804
PEMAFC-F,0,period_0779,83.650000,-5.4394,2.0844,84.8517,84.3708,0.4809
PEMAFC-F,0,period_0779,83.700000,-5.4403,2.2193,84.8518,84.3708,0.4809
PEMAFC-F,0,period_0779,83.750000,-5.4412,2.8743,84.8521,84.3708,0.4813
PEMAFC-F,0,period_0779,83.800000,-5.4421,2.1468,84.8528,84.3708,0.4820
PEMAFC-F,0,period_0779,83.850000,-5.4430,3.2142,84.8531,84.3708,0.4822
PEMAFC-F,0,period_0779,83.900000,-5.4440,2.6883,84.8533,84.3708,0.4825
PEMAFC-F,0,period_0779,83.950000,-5.4451,1.8361,84.8535,84.3708,0.4827
PEMAFC-F,0,period_0779,84.000000,-5.4459,2.9638,84.8538,84.3708,0.4829
PEMAFC-F,0,period_0779,84.050000,-5.4468,2.1818,84.8540,84.3708,0.4831
PEMAFC-F,0,period_0779,84.100000,-5.4478,2.5357,84.8542,84.3708,0.4834
PEMAFC-F,0,period_0779,84.150000,-5.4486,2.1424,84.8546,84.3708,0.4837
PEMAFC-F,0,period_0779,84.200000,-5.4495,2.6178,84.8548,84.3708,0.4840
PEMAFC-F,0,period_0779,84.250000,-5.4504,2.7592,84.8550,84.3708,0.4842
PEMAFC-F,0,period_0779,84.300000,-5.4513,2.5037,84.8550,84.3708,0.4842
PEMAFC-F,0,period_0779,84.350000,-5.4521,2.8872,84.8548,84.3708,0.4840
PEMAFC-F,0,period_0779,84.400000,-5.4532,2.0680,84.8551,84.3708,0.4842
PEMAFC-F,0,period_0779,84.450000,-5.4544,2.2123,84.8556,84.3708,0.4847
PEMAFC-F,0,period_0779,84.500000,-5.4551,1.8610,84.8557,84.3708,0.4849
PEMAFC-F,0,period_0779,84.550000,-5.4562,1.9796,84.8559,84.3708,0.4851
PEMAFC-F,0,period_0779,84.600000,-5.4572,2.2728,84.8562,84.3708,0.4853
PEMAFC-F,0,period_0779,84.650000,-5.4581,2.1970,84.8564,84.3708,0.4855
PEMAFC-F,0,period_0779,84.700000,-5.4589,3.3096,84.8564,84.3708,0.4856
PEMAFC-F,0,period_0779,84.750000,-5.4600,2.1903,84.8570,84.3708,0.4862
PEMAFC-F,0,period_0779,84.800000,-5.4608,2.4630,84.8573,84.3708,0.4864
PEMAFC-F,0,period_0779,84.850000,-5.4616,2.7989,84.8574,84.3708,0.4866
PEMAFC-F,0,period_0779,84.900000,-5.4627,2.2258,84.8579,84.3708,0.4870
PEMAFC-F,0,period_0779,84.950000,-5.4637,2.6688,84.8584,84.3708,0.4876
PEMAFC-F,0,period_0779,85.000000,-5.4648,2.2048,84.8590,84.3708,0.4881
PEMAFC-F,0,period_0779,85.050000,-5.4659,2.4161,84.8592,84.3708,0.4884
PEMAFC-F,0,period_0779,85.100000,-5.4667,2.6495,84.8594,84.3708,0.4886
PEMAFC-F,0,period_0779,85.150000,-5.4676,2.7877,84.8598,84.3708,0.4890
PEMAFC-F,0,period_0779,85.200000,-5.4683,2.5564,84.8596,84.3708,0.4888
PEMAFC-F,0,period_0779,85.250000,-5.4692,2.6065,84.8599,84.3708,0.4891
PEMAFC-F,0,period_0779,85.300000,-5.4703,2.3061,84.8604,84.3708,0.4896
PEMAFC-F,0,period_0779,85.350000,-5.4714,2.1075,84.8608,84.3708,0.4899
PEMAFC-F,0,period_0779,85.400000,-5.4724,2.8458,84.8611,84.3708,0.4902
PEMAFC-F,0,period_0779,85.450000,-5.4733,2.4408,84.8615,84.3708,0.4907
PEMAFC-F,0,period_0779,85.500000,-5.4743,2.4846,84.8619,84.3708,0.4910
PEMAFC-F,0,period_0779,85.550000,-5.4750,2.6084,84.8621,84.3708,0.4913
PEMAFC-F,0,period_0779,85.600000,-5.4759,2.4745,84.8623,84.3708,0.4915
PEMAFC-F,0,period_0779,85.650000,-5.4767,2.4540,84.8624,84.3708,0.4916
PEMAFC-F,0,period_0779,85.700000,-5.4780,2.2598,84.8627,84.3708,0.4919
PEMAFC-F,0,period_0779,85.750000,-5.4787,3.3481,84.8628,84.3708,0.4920
PEMAFC-F,0,period_0779,85.800000,-5.4798,2.4493,84.8632,84.3708,0.4923
PEMAFC-F,0,period_0779,85.850000,-5.4806,2.4303,84.8634,84.3708,0.4925
PEMAFC-F,0,period_0779,85.900000,-5.4814,2.8847,84.8637,84.3708,0.4928
PEMAFC-F,0,period_0779,85.950000,-5.4823,2.5325,84.8638,84.3708,0.4930
PEMAFC-F,0,period_0779,86.000000,-5.4831,2.5150,84.8642,84.3708,0.4934
PEMAFC-F,0,period_0779,86.050000,-5.4839,2.4724,84.8643,84.3708,0.4935
PEMAFC-F,0,period_0779,86.100000,-5.4848,3.7608,84.8645,84.3708,0.4936
PEMAFC-F,0,period_0779,86.150000,-5.4857,1.8368,84.8649,84.3708,0.4940
PEMAFC-F,0,period_0779,86.200000,-5.4866,2.5048,84.8651,84.3708,0.4942
PEMAFC-F,0,period_0779,86.250000,-5.4874,3.5217,84.8652,84.3708,0.4943
PEMAFC-F,0,period_0779,86.300000,-5.4883,2.1808,84.8656,84.3708,0.4947
PEMAFC-F,0,period_0779,86.350000,-5.4891,2.4163,84.8658,84.3708,0.4950
PEMAFC-F,0,period_0779,86.400000,-5.4901,3.0615,84.8660,84.3708,0.4952
PEMAFC-F,0,period_0779,86.450000,-5.4910,3.0074,84.8663,84.3708,0.4955
PEMAFC-F,0,period_0779,86.500000,-5.4919,3.1298,84.8663,84.3708,0.4954
PEMAFC-F,0,period_0779,86.550000,-5.4929,2.5193,84.8667,84.3708,0.4958
PEMAFC-F,0,period_0779,86.600000,-5.4937,2.6600,84.8668,84.3708,0.4959
PEMAFC-F,0,period_0779,86.650000,-5.4946,2.7263,84.8670,84.3708,0.4962
PEMAFC-F,0,period_0779,86.700000,-5.4957,2.9612,84.8673,84.3708,0.4964
PEMAFC-F,0,period_0779,86.750000,-5.4966,2.5900,84.8677,84.3708,0.4969
PEMAFC-F,0,period_0779,86.800000,-5.4974,2.6952,84.8679,84.3708,0.4971
PEMAFC-F,0,period_0779,86.850000,-5.4983,2.7435,84.8681,84.3708,0.4972
PEMAFC-F,0,period_0779,86.900000,-5.4992,2.5926,84.8684,84.3708,0.4975
PEMAFC-F,0,period_0779,86.950000,-5.5000,2.8785,84.8686,84.3708,0.4978
PEMAFC-F,0,period_0779,87.000000,-5.5009,2.4454,84.8687,84.3708,0.4979
PEMAFC-F,0,period_0779,87.050000,-5.5018,2.3850,84.8694,84.3708,0.4985
PEMAFC-F,0,period_0779,87.100000,-5.5026,2.4618,84.8696,84.3708,0.4987
PEMAFC-F,0,period_0779,87.150000,-5.5036,2.4641,84.8701,84.3708,0.4992
PEMAFC-F,0,period_0779,87.200000,-5.5045,2.7093,84.8704,84.3708,0.4996
PEMAFC-F,0,period_0779,87.250000,-5.5053,2.1855,84.8707,84.3708,0.4999
PEMAFC-F,0,period_0779,87.300000,-5.5064,2.1249,84.8713,84.3708,0.5005
PEMAFC-F,0,period_0779,87.350000,-5.5073,2.5401,84.8717,84.3708,0.5009
PEMAFC-F,0,period_0779,87.400000,-5.5083,2.7956,84.8720,84.3708,0.5012
PEMAFC-F,0,period_0779,87.450000,-5.5093,2.2114,84.8723,84.3708,0.5015
PEMAFC-F,0,period_0779,87.500000,-5.5099,3.0800,84.8725,84.3708,0.5017
PEMAFC-F,0,period_0779,87.550000,-5.5108,3.2559,84.8728,84.3708,0.5020
PEMAFC-F,0,period_0779,87.600000,-5.5117,2.3135,84.8732,84.3708,0.5023
PEMAFC-F,0,period_0779,87.650000,-5.5124,2.9351,84.8732,84.3708,0.5024
PEMAFC-F,0,period_0779,87.700000,-5.5133,2.4341,84.8733,84.3708,0.5025
PEMAFC-F,0,period_0779,87.750000,-5.5142,2.3794,84.8736,84.3708,0.5027
PEMAFC-F,0,period_0779,87.800000,-5.5152,2.2642,84.8739,84.3708,0.5030
PEMAFC-F,0,period_0779,87.850000,-5.5161,2.2272,84.8741,84.3708,0.5033
PEMAFC-F,0,period_0779,87.900000,-5.5168,2.5030,84.8743,84.3708,0.5035
PEMAFC-F,0,period_0779,87.950000,-5.5177,3.5545,84.8745,84.3708,0.5037
PEMAFC-F,0,period_0779,88.000000,-5.5185,2.2821,84.8749,84.3708,0.5041
PEMAFC-F,0,period_0779,88.050000,-5.5194,2.3144,84.8755,84.3708,0.5047
PEMAFC-F,0,period_0779,88.100000,-5.5203,2.1889,84.8761,84.3708,0.5053
PEMAFC-F,0,period_0779,88.150000,-5.5211,2.6037,84.8764,84.3708,0.5056
PEMAFC-F,0,period_0779,88.200000,-5.5220,2.7461,84.8766,84.3708,0.5058
PEMAFC-F,0,period_0779,88.250000,-5.5229,2.6085,84.8769,84.3708,0.5060
PEMAFC-F,0,period_0779,88.300000,-5.5237,2.5560,84.8770,84.3708,0.5062
PEMAFC-F,0,period_0779,88.350000,-5.5245,2.3165,84.8775,84.3708,0.5066
PEMAFC-F,0,period_0779,88.400000,-5.5253,1.9555,84.8777,84.3708,0.5068
PEMAFC-F,0,period_0779,88.450000,-5.5262,2.5738,84.8780,84.3708,0.5072
PEMAFC-F,0,period_0779,88.500000,-5.5272,2.3995,84.8784,84.3708,0.5076
PEMAFC-F,0,period_0779,88.550000,-5.5280,2.5590,84.8788,84.3708,0.5079
PEMAFC-F,0,period_0779,88.600000,-5.5290,2.8939,84.8790,84.3708,0.5082
PEMAFC-F,0,period_0779,88.650000,-5.5298,2.8049,84.8791,84.3708,0.5083
PEMAFC-F,0,period_0779,88.700000,-5.5305,2.6029,84.8795,84.3708,0.5087
PEMAFC-F,0,period_0779,88.750000,-5.5312,2.3945,84.8797,84.3708,0.5089
PEMAFC-F,0,period_0779,88.800000,-5.5320,2.8153,84.8798,84.3708,0.5089
PEMAFC-F,0,period_0779,88.850000,-5.5329,2.5936,84.8800,84.3708,0.5092
PEMAFC-F,0,period_0779,88.900000,-5.5339,2.5332,84.8802,84.3708,0.5093
PEMAFC-F,0,period_0779,88.950000,-5.5349,2.3479,84.8806,84.3708,0.5098
PEMAFC-F,0,period_0779,89.000000,-5.5360,2.5353,84.8809,84.3708,0.5101
PEMAFC-F,0,period_0779,89.050000,-5.5370,1.6480,84.8811,84.3708,0.5103
PEMAFC-F,0,period_0779,89.100000,-5.5377,2.5653,84.8812,84.3708,0.5103
PEMAFC-F,0,period_0779,89.150000,-5.5387,2.8762,84.8814,84.3708,0.5105
PEMAFC-F,0,period_0779,89.200000,-5.5396,2.5734,84.8816,84.3708,0.5107
PEMAFC-F,0,period_0779,89.250000,-5.5404,2.8624,84.8816,84.3708,0.5108
PEMAFC-F,0,period_0779,89.300000,-5.5411,2.9117,84.8815,84.3708,0.5107
PEMAFC-F,0,period_0779,89.350000,-5.5418,2.1877,84.8817,84.3708,0.5109
PEMAFC-F,0,period_0779,89.400000,-5.5427,2.2111,84.8821,84.3708,0.5112
PEMAFC-F,0,period_0779,89.450000,-5.5434,2.0228,84.8822,84.3708,0.5114
PEMAFC-F,0,period_0779,89.500000,-5.5443,2.9627,84.8824,84.3708,0.5116
PEMAFC-F,0,period_0779,89.550000,-5.5449,2.7496,84.8826,84.3708,0.5117
PEMAFC-F,0,period_0779,89.600000,-5.5459,3.1699,84.8828,84.3708,0.5120
PEMAFC-F,0,period_0779,89.650000,-5.5467,2.4835,84.8830,84.3708,0.5121
PEMAFC-F,0,period_0779,89.700000,-5.5476,1.7765,84.8835,84.3708,0.5127
PEMAFC-F,0,period_0779,89.750000,-5.5483,2.5595,84.8838,84.3708,0.5130
PEMAFC-F,0,period_0779,89.800000,-5.5492,2.4274,84.8843,84.3708,0.5135
PEMAFC-F,0,period_0779,89.850000,-5.5502,3.3052,84.8844,84.3708,0.5136
PEMAFC-F,0,period_0779,89.900000,-5.5510,3.1868,84.8846,84.3708,0.5138
PEMAFC-F,0,period_0779,89.950000,-5.5520,2.5294,84.8850,84.3708,0.5142
PEMAFC-F,0,period_0779,90.000000,-5.5529,2.5460,84.8852,84.3708,0.5144
PEMAFC-A,0,period_0779,0.000667,-0.0001,0.0042,84.3718,84.3708,0.0009
PEMAFC-A,0,period_0779,0.050000,-0.0417,0.0181,84.4781,84.3708,0.1073
PEMAFC-A,0,period_0779,0.100000,-0.0853,0.0386,84.5167,84.3708,0.1459
PEMAFC-A,0,period_0779,0.150000,-0.1317,0.0697,84.5982,84.3708,0.2274
PEMAFC-A,0,period_0779,0.200000,-0.1835,0.1071,84.7178,84.3708,0.3470
PEMAFC-A,0,period_0779,0.250000,-0.2323,0.1147,84.7904,84.3708,0.4196
PEMAFC-A,0,period_0779,0.300000,-0.2792,0.1579,84.8279,84.3708,0.4571
PEMAFC-A,0,period_0779,0.350000,-0.3236,0.1756,84.8500,84.3708,0.4792
PEMAFC-A,0,period_0779,0.400000,-0.3649,0.2023,84.8682,84.3708,0.4974
PEMAFC-A,0,period_0779,0.450000,-0.4057,0.2009,84.9166,84.3708,0.5457
PEMAFC-A,0,period_0779,0.500000,-0.4427,0.2769,84.9535,84.3708,0.5826
PEMAFC-A,0,period_0779,0.550000,-0.4843,0.2771,84.9867,84.3708,0.6158
PEMAFC-A,0,period_0779,0.600000,-0.5248,0.2567,85.0357,84.3708,0.6648
PEMAFC-A,0,period_0779,0.650000,-0.5614,0.3317,85.0627,84.3708,0.6919
PEMAFC-A,0,period_0779,0.700000,-0.5943,0.3310,85.0527,84.3708,0.6818
PEMAFC-A,0,period_0779,0.750000,-0.6417,0.3352,85.1276,84.3708,0.7567
PEMAFC-A,0,period_0779,0.800000,-0.6882,0.4006,85.1699,84.3708,0.7990
PEMAFC-A,0,period_0779,0.850000,-0.7326,0.4177,85.2291,84.3708,0.8583
PEMAFC-A,0,period_0779,0.900000,-0.7728,0.4405,85.2814,84.3708,0.9106
PEMAFC-A,0,period_0779,0.950000,-0.8188,0.4755,85.3448,84.3708,0.9739
PEMAFC-A,0,period_0779,1.000000,-0.8630,0.5246,85.4457,84.3708,1.0748
PEMAFC-A,0,period_0779,1.050000,-0.9039,0.4830,85.4611,84.3708,1.0903
PEMAFC-A,0,period_0779,1.100000,-0.9452,0.5261,85.4815,84.3708,1.1106
PEMAFC-A,0,period_0779,1.150000,-0.9884,0.6115,85.5171,84.3708,1.1462
PEMAFC-A,0,period_0779,1.200000,-1.0249,0.4390,85.4976,84.3708,1.1268
PEMAFC-A,0,period_0779,1.250000,-1.0691,0.7100,85.5432,84.3708,1.1724
PEMAFC-A,0,period_0779,1.300000,-1.1070,0.5138,85.5540,84.3708,1.1831
PEMAFC-A,0,period_0779,1.350000,-1.1457,0.6047,85.5673,84.3708,1.1965
PEMAFC-A,0,period_0779,1.400000,-1.1871,0.6432,85.5798,84.3708,1.2089
PEMAFC-A,0,period_0779,1.450000,-1.2295,0.6906,85.6494,84.3708,1.2786
PEMAFC-A,0,period_0779,1.500000,-1.2710,0.6706,85.7085,84.3708,1.3376
PEMAFC-A,0,period_0779,1.550000,-1.3190,0.7587,85.7657,84.3708,1.3949
PEMAFC-A,0,period_0779,1.600000,-1.3623,0.7216,85.7646,84.3708,1.3937
PEMAFC-A,0,period_0779,1.650000,-1.4006,0.7934,85.8006,84.3708,1.4298
PEMAFC-A,0,period_0779,1.700000,-1.4401,0.7272,85.8232,84.3708,1.4524
PEMAFC-A,0,period_0779,1.750000,-1.4868,0.8646,85.8738,84.3708,1.5030
PEMAFC-A,0,period_0779,1.800000,-1.5243,0.9012,85.9038,84.3708,1.5330
PEMAFC-A,0,period_0779,1.850000,-1.5727,0.8996,85.9940,84.3708,1.6232
PEMAFC-A,0,period_0779,1.900000,-1.6148,0.9650,86.0585,84.3708,1.6877
PEMAFC-A,0,period_0779,1.950000,-1.6541,0.9661,86.0992,84.3708,1.7284
PEMAFC-A,0,period_0779,2.000000,-1.6976,0.9688,86.1506,84.3708,1.7797
PEMAFC-A,0,period_0779,2.050000,-1.7365,1.0136,86.2052,84.3708,1.8343
PEMAFC-A,0,period_0779,2.100000,-1.7867,1.1390,86.2536,84.3708,1.8827
PEMAFC-A,0,period_0779,2.150000,-1.8312,0.9296,86.2708,84.3708,1.8999
PEMAFC-A,0,period_0779,2.200000,-1.8794,0.9221,86.3181,84.3708,1.9472
PEMAFC-A,0,period_0779,2.250000,-1.9152,1.0492,86.3301,84.3708,1.9593
PEMAFC-A,0,period_0779,2.300000,-1.9542,1.1393,86.3849,84.3708,2.0140
PEMAFC-A,0,period_0779,2.350000,-1.9987,1.0790,86.4484,84.3708,2.0776
PEMAFC-A,0,period_0779,2.400000,-2.0380,1.1595,86.4872,84.3708,2.1164
PEMAFC-A,0,period_0779,2.450000,-2.0799,1.1082,86.5101,84.3708,2.1392
PEMAFC-A,0,period_0779,2.500000,-2.1202,1.1473,86.5342,84.3708,2.1634
PEMAFC-A,0,period_0779,2.550000,-2.1660,1.0822,86.5806,84.3708,2.2098
PEMAFC-A,0,period_0779,2.600000,-2.2127,1.2856,86.6207,84.3708,2.2499
PEMAFC-A,0,period_0779,2.650000,-2.2503,1.1820,86.6423,84.3708,2.2715
PEMAFC-A,0,period_0779,2.700000,-2.2890,1.2299,86.6631,84.3708,2.2922
PEMAFC-A,0,period_0779,2.750000,-2.3353,1.4089,86.6843,84.3708,2.3135
PEMAFC-A,0,period_0779,2.800000,-2.3746,1.3583,86.7130,84.3708,2.3422
PEMAFC-A,0,period_0779,2.850000,-2.4137,1.2930,86.7632,84.3708,2.3924
PEMAFC-A,0,period_0779,2.900000,-2.4546,1.4109,86.7703,84.3708,2.3995
PEMAFC-A,0,period_0779,2.950000,-2.4979,1.3912,86.8253,84.3708,2.4545
PEMAFC-A,0,period_0779,3.000000,-2.5292,1.1875,86.8094,84.3708,2.4386
PEMAFC-A,0,period_0779,3.050000,-2.5604,1.2240,86.8200,84.3708,2.4491
PEMAFC-A,0,period_0779,3.100000,-2.6055,1.2611,86.9244,84.3708,2.5536
PEMAFC-A,0,period_0779,3.150000,-2.6392,1.3144,86.9361,84.3708,2.5652
PEMAFC-A,0,period_0779,3.200000,-2.6758,1.4520,86.9591,84.3708,2.5883
PEMAFC-A,0,period_0779,3.250000,-2.7110,1.5091,86.9873,84.3708,2.6165
PEMAFC-A,0,period_0779,3.300000,-2.7650,1.4190,87.1033,84.3708,2.7324
PEMAFC-A,0,period_0779,3.350000,-2.8038,1.3918,87.1594,84.3708,2.7885
PEMAFC-A,0,period_0779,3.400000,-2.8507,1.5723,87.2043,84.3708,2.8334
PEMAFC-A,0,period_0779,3.450000,-2.8890,1.4811,87.2237,84.3708,2.8529
PEMAFC-A,0,period_0779,3.500000,-2.9322,1.4333,87.2832,84.3708,2.9124
PEMAFC-A,0,period_0779,3.550000,-2.9759,1.6126,87.3097,84.3708,2.9389
PEMAFC-A,0,period_0779,3.600000,-3.0209,1.7114,87.3541,84.3708,2.9832
PEMAFC-A,0,period_0779,3.650000,-3.0588,1.6893,87.3685,84.3708,2.9977
PEMAFC-A,0,period_0779,3.700000,-3.1005,1.6814,87.4032,84.3708,3.0324
PEMAFC-A,0,period_0779,3.750000,-3.1337,1.5573,87.4075,84.3708,3.0367
PEMAFC-A,0,period_0779,3.800000,-3.1669,1.3184,87.4049,84.3708,3.0341
PEMAFC-A,0,period_0779,3.850000,-3.2085,1.5355,87.4532,84.3708,3.0824
PEMAFC-A,0,period_0779,3.900000,-3.2445,1.6553,87.4859,84.3708,3.1151
PEMAFC-A,0,period_0779,3.950000,-3.2835,1.7195,87.5049,84.3708,3.1341
PEMAFC-A,0,period_0779,4.000000,-3.3216,1.7245,87.5511,84.3708,3.1802
PEMAFC-A,0,period_0779,4.050000,-3.3574,1.7115,87.5672,84.3708,3.1963
PEMAFC-A,0,period_0779,4.100000,-3.3982,1.6815,87.6140,84.3708,3.2431
PEMAFC-A,0,period_0779,4.150000,-3.4366,1.8893,87.6290,84.3708,3.2582
PEMAFC-A,0,period_0779,4.200000,-3.4746,1.8960,87.6608,84.3708,3.2900
PEMAFC-A,0,period_0779,4.250000,-3.5208,1.8173,87.6796,84.3708,3.3088
PEMAFC-A,0,period_0779,4.300000,-3.5591,1.7744,87.7146,84.3708,3.3438
PEMAFC-A,0,period_0779,4.350000,-3.6024,2.0477,87.7740,84.3708,3.4031
PEMAFC-A,0,period_0779,4.400000,-3.6387,1.8075,87.8141,84.3708,3.4433
PEMAFC-A,0,period_0779,4.450000,-3.6897,2.0321,87.8993,84.3708,3.5285
PEMAFC-A,0,period_0779,4.500000,-3.7304,2.3221,87.9437,84.3708,3.5728
PEMAFC-A,0,period_0779,4.550000,-3.7770,1.7264,88.0634,84.3708,3.6926
PEMAFC-A,0,period_0779,4.600000,-3.8135,1.9460,88.0697,84.3708,3.6988
PEMAFC-A,0,period_0779,4.650000,-3.8522,2.1370,88.1020,84.3708,3.7311
PEMAFC-A,0,period_0779,4.700000,-3.8984,1.8725,88.1826,84.3708,3.8118
PEMAFC-A,0,period_0779,4.750000,-3.9371,2.0514,88.2216,84.3708,3.8508
PEMAFC-A,0,period_0779,4.800000,-3.9814,1.6190,88.2577,84.3708,3.8869
PEMAFC-A,0,period_0779,4.850000,-4.0198,1.8912,88.2883,84.3708,3.9175
PEMAFC-A,0,period_0779,4.900000,-4.0608,2.1211,88.3565,84.3708,3.9857
PEMAFC-A,0,period_0779,4.950000,-4.1045,1.9123,88.4167,84.3708,4.0458
PEMAFC-A,0,period_0779,5.000000,-4.1437,1.8019,88.4629,84.3708,4.0921
PEMAFC-A,0,period_0779,5.050000,-4.1834,2.0994,88.5183,84.3708,4.1474
PEMAFC-A,0,period_0779,5.100000,-4.2220,2.1958,88.5507,84.3708,4.1799
PEMAFC-A,0,period_0779,5.150000,-4.2599,2.2326,88.5749,84.3708,4.2040
PEMAFC-A,0,period_0779,5.200000,-4.3046,2.3120,88.6159,84.3708,4.2451
PEMAFC-A,0,period_0779,5.250000,-4.3473,2.0616,88.7315,84.3708,4.3607
PEMAFC-A,0,period_0779,5.300000,-4.3868,1.9007,88.7690,84.3708,4.3982
PEMAFC-A,0,period_0779,5.350000,-4.4283,2.0928,88.8248,84.3708,4.4539
PEMAFC-A,0,period_0779,5.400000,-4.4724,1.9806,88.8346,84.3708,4.4638
PEMAFC-A,0,period_0779,5.450000,-4.5065,2.1296,88.8548,84.3708,4.4840
PEMAFC-A,0,period_0779,5.500000,-4.5451,2.2921,88.8954,84.3708,4.5246
PEMAFC-A,0,period_0779,5.550000,-4.5848,2.2251,88.9023,84.3708,4.5315
PEMAFC-A,0,period_0779,5.600000,-4.6294,2.0904,89.0035,84.3708,4.6327
PEMAFC-A,0,period_0779,5.650000,-4.6681,2.0763,89.0570,84.3708,4.6861
PEMAFC-A,0,period_0779,5.700000,-4.7165,2.2190,89.1352,84.3708,4.7644
PEMAFC-A,0,period_0779,5.750000,-4.7677,2.2868,89.2519,84.3708,4.8811
PEMAFC-A,0,period_0779,5.800000,-4.8054,2.5223,89.2838,84.3708,4.9130
PEMAFC-A,0,period_0779,5.850000,-4.8498,2.3455,89.3608,84.3708,4.9900
PEMAFC-A,0,period_0779,5.900000,-4.8914,2.3903,89.4090,84.3708,5.0382
PEMAFC-A,0,period_0779,5.950000,-4.9293,2.3052,89.4642,84.3708,5.0934
PEMAFC-A,0,period_0779,6.000000,-4.9676,2.3914,89.4825,84.3708,5.1116
PEMAFC-A,0,period_0779,6.050000,-5.0019,2.4233,89.5641,84.3708,5.1933
PEMAFC-A,0,period_0779,6.100000,-5.0435,2.3399,89.5798,84.3708,5.2090
PEMAFC-A,0,period_0779,6.150000,-5.0818,2.4945,89.6047,84.3708,5.2338
PEMAFC-A,0,period_0779,6.200000,-5.1276,2.6069,89.6474,84.3708,5.2766
PEMAFC-A,0,period_0779,6.250000,-5.1712,2.0955,89.6548,84.3708,5.2840
PEMAFC-A,0,period_0779,6.300000,-5.2141,2.2076,89.6982,84.3708,5.3274
PEMAFC-A,0,period_0779,6.350000,-5.2456,2.3985,89.7533,84.3708,5.3825
PEMAFC-A,0,period_0779,6.400000,-5.2804,1.9086,89.7946,84.3708,5.4237
PEMAFC-A,0,period_0779,6.450000,-5.3236,2.6097,89.8400,84.3708,5.4692
PEMAFC-A,0,period_0779,6.500000,-5.3598,2.3309,89.8580,84.3708,5.4872
PEMAFC-A,0,period_0779,6.550000,-5.4008,2.6025,89.8847,84.3708,5.5139
PEMAFC-A,0,period_0779,6.600000,-5.4414,2.5045,89.9872,84.3708,5.6164
PEMAFC-A,0,period_0779,6.650000,-5.4868,2.6005,90.1096,84.3708,5.7387
PEMAFC-A,0,period_0779,6.700000,-5.5309,2.7671,90.1552,84.3708,5.7844
PEMAFC-A,0,period_0779,6.750000,-5.5688,2.4128,90.2186,84.3708,5.8477
PEMAFC-A,0,period_0779,6.800000,-5.6085,2.7322,90.2768,84.3708,5.9060
PEMAFC-A,0,period_0779,6.850000,-5.6514,2.7433,90.3506,84.3708,5.9798
PEMAFC-A,0,period_0779,6.900000,-5.6905,2.3547,90.3649,84.3708,5.9941
PEMAFC-A,0,period_0779,6.950000,-5.7284,2.4719,90.3639,84.3708,5.9931
PEMAFC-A,0,period_0779,7.000000,-5.7616,2.6930,90.3645,84.3708,5.9937
PEMAFC-A,0,period_0779,7.050000,-5.8115,2.6852,90.4605,84.3708,6.0897
PEMAFC-A,0,period_0779,7.100000,-5.8502,2.7652,90.4562,84.3708,6.0854
PEMAFC-A,0,period_0779,7.150000,-5.9042,2.5817,90.5381,84.3708,6.1673
PEMAFC-A,0,period_0779,7.200000,-5.9381,2.7221,90.5381,84.3708,6.1673
PEMAFC-A,0,period_0779,7.250000,-5.9896,2.7466,90.6071,84.3708,6.2363
PEMAFC-A,0,period_0779,7.300000,-6.0248,2.4949,90.6621,84.3708,6.2913
PEMAFC-A,0,period_0779,7.350000,-6.0632,2.5652,90.6840,84.3708,6.3132
PEMAFC-A,0,period_0779,7.400000,-6.1039,2.6383,90.7180,84.3708,6.3472
PEMAFC-A,0,period_0779,7.450000,-6.1355,2.4412,90.7492,84.3708,6.3784
PEMAFC-A,0,period_0779,7.500000,-6.1856,2.7689,90.8772,84.3708,6.5064
PEMAFC-A,0,period_0779,7.550000,-6.2284,2.7020,90.9467,84.3708,6.5759
PEMAFC-A,0,period_0779,7.600000,-6.2634,2.5360,90.9180,84.3708,6.5472
PEMAFC-A,0,period_0779,7.650000,-6.3100,2.8284,91.0422,84.3708,6.6714
PEMAFC-A,0,period_0779,7.700000,-6.3467,2.7631,91.0486,84.3708,6.6777
PEMAFC-A,0,period_0779,7.750000,-6.3856,3.0343,91.0790,84.3708,6.7081
PEMAFC-A,0,period_0779,7.800000,-6.4203,2.7087,91.0931,84.3708,6.7222
PEMAFC-A,0,period_0779,7.850000,-6.4716,2.8279,91.1233,84.3708,6.7524
PEMAFC-A,0,period_0779,7.900000,-6.5043,2.8591,91.1550,84.3708,6.7842
PEMAFC-A,0,period_0779,7.950000,-6.5493,3.0759,91.2753,84.3708,6.9045
PEMAFC-A,0,period_0779,8.000000,-6.5815,2.5557,91.2871,84.3708,6.9163
PEMAFC-A,0,period_0779,8.050000,-6.6174,2.4019,91.2287,84.3708,6.8578
PEMAFC-A,0,period_0779,8.100000,-6.6643,2.8554,91.2758,84.3708,6.9050
PEMAFC-A,0,period_0779,8.150000,-6.6934,2.2283,91.2796,84.3708,6.9088
PEMAFC-A,0,period_0779,8.200000,-6.7388,2.8756,91.3483,84.3708,6.9775
PEMAFC-A,0,period_0779,8.250000,-6.7695,2.8761,91.3898,84.3708,7.0190
PEMAFC-A,0,period_0779,8.300000,-6.8086,3.1922,91.4303,84.3708,7.0595
PEMAFC-A,0,period_0779,8.350000,-6.8537,2.8110,91.4727,84.3708,7.1019
PEMAFC-A,0,period_0779,8.400000,-6.8930,2.9414,91.5227,84.3708,7.1519
PEMAFC-A,0,period_0779,8.450000,-6.9305,3.2412,91.5490,84.3708,7.1782
PEMAFC-A,0,period_0779,8.500000,-6.9734,2.8282,91.5759,84.3708,7.2050
PEMAFC-A,0,period_0779,8.550000,-7.0137,3.3452,91.6105,84.3708,7.2397
PEMAFC-A,0,period_0779,8.600000,-7.0537,2.9194,91.6436,84.3708,7.2728
PEMAFC-A,0,period_0779,8.650000,-7.0864,2.7454,91.6635,84.3708,7.2927
PEMAFC-A,0,period_0779,8.700000,-7.1200,3.1199,91.6793,84.3708,7.3085
PEMAFC-A,0,period_0779,8.750000,-7.1685,3.2426,91.7711,84.3708,7.4003
PEMAFC-A,0,period_0779,8.800000,-7.1946,2.2068,91.7019,84.3708,7.3311
PEMAFC-A,0,period_0779,8.850000,-7.2329,2.5278,91.7448,84.3708,7.3739
PEMAFC-A,0,period_0779,8.900000,-7.2737,3.3233,91.8066,84.3708,7.4358
PEMAFC-A,0,period_0779,8.950000,-7.3071,3.0667,91.8268,84.3708,7.4560
PEMAFC-A,0,period_0779,9.000000,-7.3440,3.2418,91.8421,84.3708,7.4713
PEMAFC-A,0,period_0779,9.050000,-7.3749,3.1267,91.8329,84.3708,7.4621
PEMAFC-A,0,period_0779,9.100000,-7.4103,3.1429,91.8791,84.3708,7.5083
PEMAFC-A,0,period_0779,9.150000,-7.4435,2.6899,91.9381,84.3708,7.5672
PEMAFC-A,0,period_0779,9.200000,-7.4855,3.5916,91.9577,84.3708,7.5869
PEMAFC-A,0,period_0779,9.250000,-7.5276,3.1934,92.0164,84.3708,7.6455
PEMAFC-A,0,period_0779,9.300000,-7.5553,2.7251,91.9825,84.3708,7.6117
PEMAFC-A,0,period_0779,9.350000,-7.5923,2.9199,92.0399,84.3708,7.6691
PEMAFC-A,0,period_0779,9.400000,-7.6409,3.3936,92.1586,84.3708,7.7878
PEMAFC-A,0,period_0779,9.450000,-7.6814,2.8847,92.1327,84.3708,7.7619
PEMAFC-A,0,period_0779,9.500000,-7.7250,3.3967,92.1931,84.3708,7.8223
PEMAFC-A,0,period_0779,9.550000,-7.7596,3.1775,92.2038,84.3708,7.8330
PEMAFC-A,0,period_0779,9.600000,-7.8063,3.0485,92.3695,84.3708,7.9986
PEMAFC-A,0,period_0779,9.650000,-7.8474,2.9560,92.4456,84.3708,8.0747
PEMAFC-A,0,period_0779,9.700000,-7.8850,3.4230,92.4612,84.3708,8.0903
PEMAFC-A,0,period_0779,9.750000,-7.9144,2.2046,92.4216,84.3708,8.0508
PEMAFC-A,0,period_0779,9.800000,-7.9695,2.9540,92.5958,84.3708,8.2250
PEMAFC-A,0,period_0779,9.850000,-8.0006,2.8238,92.5749,84.3708,8.2041
PEMAFC-A,0,period_0779,9.900000,-8.0349,2.3881,92.6162,84.3708,8.2453
PEMAFC-A,0,period_0779,9.950000,-8.0724,3.5349,92.6366,84.3708,8.2658
PEMAFC-A,0,period_0779,10.000000,-8.1263,3.0790,92.7144,84.3708,8.3436
PEMAFC-A,0,period_0779,10.050000,-8.1641,3.1028,92.7558,84.3708,8.3850
PEMAFC-A,0,period_0779,10.100000,-8.1959,3.0009,92.7336,84.3708,8.3628
PEMAFC-A,0,period_0779,10.150000,-8.2303,2.5781,92.7230,84.3708,8.3521
PEMAFC-A,0,period_0779,10.200000,-8.2930,3.6433,92.8202,84.3708,8.4493
PEMAFC-A,0,period_0779,10.250000,-8.3329,3.4054,92.9293,84.3708,8.5584
PEMAFC-A,0,period_0779,10.300000,-8.3743,3.3196,93.0145,84.3708,8.6436
PEMAFC-A,0,period_0779,10.350000,-8.4172,3.5007,93.0680,84.3708,8.6972
PEMAFC-A,0,period_0779,10.400000,-8.4614,3.2214,93.0500,84.3708,8.6792
PEMAFC-A,0,period_0779,10.450000,-8.5044,3.5667,93.0517,84.3708,8.6809
PEMAFC-A,0,period_0779,10.500000,-8.5426,3.0586,93.0865,84.3708,8.7157
PEMAFC-A,0,period_0779,10.550000,-8.5769,2.9488,93.0814,84.3708,8.7105
PEMAFC-A,0,period_0779,10.600000,-8.6104,2.4515,93.1276,84.3708,8.7567
PEMAFC-A,0,period_0779,10.650000,-8.6523,3.1950,93.1638,84.3708,8.7930
PEMAFC-A,0,period_0779,10.700000,-8.6834,2.7194,93.2054,84.3708,8.8345
PEMAFC-A,0,period_0779,10.750000,-8.7324,3.4236,93.2024,84.3708,8.8316
PEMAFC-A,0,period_0779,10.800000,-8.7650,3.8599,93.1832,84.3708,8.8123
PEMAFC-A,0,period_0779,10.850000,-8.8027,3.1225,93.2000,84.3708,8.8292
PEMAFC-A,0,period_0779,10.900000,-8.8461,3.3632,93.3405,84.3708,8.9696
PEMAFC-A,0,period_0779,10.950000,-8.8965,3.3507,93.3214,84.3708,8.9506
PEMAFC-A,0,period_0779,11.000000,-8.9301,3.1070,93.3502,84.3708,8.9794
PEMAFC-A,0,period_0779,11.050000,-8.9734,3.5463,93.3672,84.3708,8.9963
PEMAFC-A,0,period_0779,11.100000,-9.0003,3.2688,93.3744,84.3708,9.0036
PEMAFC-A,0,period_0779,11.150000,-9.0512,3.4651,93.4787,84.3708,9.1078
PEMAFC-A,0,period_0779,11.200000,-9.0832,2.5241,93.4852,84.3708,9.1144
PEMAFC-A,0,period_0779,11.250000,-9.1324,3.0544,93.5916,84.3708,9.2207
PEMAFC-A,0,period_0779,11.300000,-9.1763,3.6115,93.6052,84.3708,9.2344
PEMAFC-A,0,period_0779,11.350000,-9.2059,3.1588,93.6210,84.3708,9.2502
PEMAFC-A,0,period_0779,11.400000,-9.2456,3.1458,93.6460,84.3708,9.2752
PEMAFC-A,0,period_0779,11.450000,-9.2886,3.3596,93.7015,84.3708,9.3307
PEMAFC-A,0,period_0779,11.500000,-9.3229,3.6930,93.7126,84.3708,9.3418
PEMAFC-A,0,period_0779,11.550000,-9.3578,2.9054,93.7808,84.3708,9.4099
PEMAFC-A,0,period_0779,11.600000,-9.3983,3.5851,93.8259,84.3708,9.4551
PEMAFC-A,0,period_0779,11.650000,-9.4356,3.6730,93.7814,84.3708,9.4105
PEMAFC-A,0,period_0779,11.700000,-9.4763,3.5827,93.8363,84.3708,9.4654
PEMAFC-A,0,period_0779,11.750000,-9.5096,3.5101,93.8224,84.3708,9.4516
PEMAFC-A,0,period_0779,11.800000,-9.5459,3.0101,93.8353,84.3708,9.4645
PEMAFC-A,0,period_0779,11.850000,-9.5965,3.5267,93.8773,84.3708,9.5065
PEMAFC-A,0,period_0779,11.900000,-9.6433,3.5164,94.0481,84.3708,9.6772
PEMAFC-A,0,period_0779,11.950000,-9.6758,3.1900,94.0442,84.3708,9.6734
PEMAFC-A,0,period_0779,12.000000,-9.7227,3.3939,94.0852,84.3708,9.7144
PEMAFC-A,0,period_0779,12.050000,-9.7685,3.6958,94.1476,84.3708,9.7768
PEMAFC-A,0,period_0779,12.100000,-9.8035,3.2737,94.1409,84.3708,9.7701
PEMAFC-A,0,period_0779,12.150000,-9.8445,3.8049,94.1669,84.3708,9.7961
PEMAFC-A,0,period_0779,12.200000,-9.8961,3.5241,94.1908,84.3708,9.8199
PEMAFC-A,0,period_0779,12.250000,-9.9363,3.4982,94.2351,84.3708,9.8642
PEMAFC-A,0,period_0779,12.300000,-9.9781,3.6798,94.2781,84.3708,9.9072
PEMAFC-A,0,period_0779,12.350000,-10.0188,3.5539,94.2983,84.3708,9.9275
PEMAFC-A,0,period_0779,12.400000,-10.0606,3.5492,94.2935,84.3708,9.9227
PEMAFC-A,0,period_0779,12.450000,-10.0995,3.2256,94.3203,84.3708,9.9495
PEMAFC-A,0,period_0779,12.500000,-10.1360,3.3515,94.4471,84.3708,10.0763
PEMAFC-A,0,period_0779,12.550000,-10.1753,3.9951,94.5720,84.3708,10.2012
PEMAFC-A,0,period_0779,12.600000,-10.2100,2.7467,94.5280,84.3708,10.1572
PEMAFC-A,0,period_0779,12.650000,-10.2563,4.0492,94.5703,84.3708,10.1994
PEMAFC-A,0,period_0779,12.700000,-10.2864,3.5247,94.5655,84.3708,10.1946
PEMAFC-A,0,period_0779,12.750000,-10.3309,3.7330,94.6853,84.3708,10.3145
PEMAFC-A,0,period_0779,12.800000,-10.3701,3.2614,94.7885,84.3708,10.4177
PEMAFC-A,0,period_0779,12.850000,-10.4148,3.6847,94.8784,84.3708,10.5076
PEMAFC-A,0,period_0779,12.900000,-10.4377,2.6910,94.7432,84.3708,10.3724
PEMAFC-A,0,period_0779,12.950000,-10.4758,3.0788,94.6991,84.3708,10.3282
PEMAFC-A,0,period_0779,13.000000,-10.5159,3.8143,94.7796,84.3708,10.4088
PEMAFC-A,0,period_0779,13.050000,-10.5635,3.1449,94.8069,84.3708,10.4360
PEMAFC-A,0,period_0779,13.100000,-10.5957,3.0827,94.8244,84.3708,10.4536
PEMAFC-A,0,period_0779,13.150000,-10.6418,3.3753,95.0258,84.3708,10.6549
PEMAFC-A,0,period_0779,13.200000,-10.6904,3.8665,95.1797,84.3708,10.8089
PEMAFC-A,0,period_0779,13.250000,-10.7244,3.6250,95.1457,84.3708,10.7749
PEMAFC-A,0,period_0779,13.300000,-10.7413,2.5867,95.0231,84.3708,10.6522
PEMAFC-A,0,period_0779,13.350000,-10.7805,3.2901,95.0560,84.3708,10.6852
PEMAFC-A,0,period_0779,13.400000,-10.8032,2.9097,95.0260,84.3708,10.6552
PEMAFC-A,0,period_0779,13.450000,-10.8431,4.0823,95.0615,84.3708,10.6907
PEMAFC-A,0,period_0779,13.500000,-10.8792,3.5927,95.1088,84.3708,10.7380
PEMAFC-A,0,period_0779,13.550000,-10.9177,3.5708,95.1342,84.3708,10.7633
PEMAFC-A,0,period_0779,13.600000,-10.9732,3.8351,95.2435,84.3708,10.8727
PEMAFC-A,0,period_0779,13.650000,-11.0066,3.0161,95.2010,84.3708,10.8302
PEMAFC-A,0,period_0779,13.700000,-11.0415,3.5396,95.1920,84.3708,10.8212
PEMAFC-A,0,period_0779,13.750000,-11.0819,3.5653,95.2919,84.3708,10.9211
PEMAFC-A,0,period_0779,13.800000,-11.1091,3.3210,95.3370,84.3708,10.9662
PEMAFC-A,0,period_0779,13.850000,-11.1609,3.4626,95.4004,84.3708,11.0296
PEMAFC-A,0,period_0779,13.900000,-11.1990,3.9657,95.4345,84.3708,11.0637
PEMAFC-A,0,period_0779,13.950000,-11.2420,4.1302,95.4717,84.3708,11.1009
PEMAFC-A,0,period_0779,14.000000,-11.2821,4.6907,95.4579,84.3708,11.0871
PEMAFC-A,0,period_0779,14.050000,-11.3157,3.6058,95.4880,84.3708,11.1171
PEMAFC-A,0,period_0779,14.100000,-11.3544,3.1153,95.5344,84.3708,11.1636
PEMAFC-A,0,period_0779,14.150000,-11.3914,4.1160,95.5657,84.3708,11.1949
PEMAFC-A,0,period_0779,14.200000,-11.4311,3.2093,95.5672,84.3708,11.1964
PEMAFC-A,0,period_0779,14.250000,-11.4744,3.9008,95.5685,84.3708,11.1977
PEMAFC-A,0,period_0779,14.300000,-11.5287,3.9422,95.6480,84.3708,11.2771
PEMAFC-A,0,period_0779,14.350000,-11.5734,3.3234,95.7358,84.3708,11.3649
PEMAFC-A,0,period_0779,14.400000,-11.6269,3.2400,95.9017,84.3708,11.5309
PEMAFC-A,0,period_0779,14.450000,-11.6628,3.7501,95.8835,84.3708,11.5126
PEMAFC-A,0,period_0779,14.500000,-11.7170,4.0517,95.9065,84.3708,11.5357
PEMAFC-A,0,period_0779,14.550000,-11.7586,3.7073,95.9731,84.3708,11.6023
PEMAFC-A,0,period_0779,14.600000,-11.8061,4.2162,96.1232,84.3708,11.7523
PEMAFC-A,0,period_0779,14.650000,-11.8272,3.6060,96.0710,84.3708,11.7002
PEMAFC-A,0,period_0779,14.700000,-11.8826,4.3782,96.0701,84.3708,11.6993
PEMAFC-A,0,period_0779,14.750000,-11.9179,3.2488,96.1014,84.3708,11.7305
PEMAFC-A,0,period_0779,14.800000,-11.9611,3.4894,96.1254,84.3708,11.7546
PEMAFC-A,0,period_0779,14.850000,-12.0045,3.7415,96.2170,84.3708,11.8462
PEMAFC-A,0,period_0779,14.900000,-12.0481,4.3369,96.2497,84.3708,11.8789
PEMAFC-A,0,period_0779,14.950000,-12.0826,3.0643,96.2800,84.3708,11.9092
PEMAFC-A,0,period_0779,15.000000,-12.1069,3.0138,96.2862,84.3708,11.9154
PEMAFC-A,0,period_0779,15.050000,-12.1453,3.9061,96.2997,84.3708,11.9289
PEMAFC-A,0,period_0779,15.100000,-12.2111,3.7756,96.3184,84.3708,11.9476
PEMAFC-A,0,period_0779,15.150000,-12.2559,3.6399,96.4161,84.3708,12.0452
PEMAFC-A,0,period_0779,15.200000,-12.2921,3.7271,96.3746,84.3708,12.0038
PEMAFC-A,0,period_0779,15.250000,-12.3647,3.7524,96.3258,84.3708,11.9550
PEMAFC-A,0,period_0779,15.300000,-12.4026,3.5589,96.3535,84.3708,11.9827
PEMAFC-A,0,period_0779,15.350000,-12.4747,4.3899,96.3880,84.3708,12.0172
PEMAFC-A,0,period_0779,15.400000,-12.5112,3.6133,96.4275,84.3708,12.0566
PEMAFC-A,0,period_0779,15.450000,-12.5518,3.1959,96.5246,84.3708,12.1537
PEMAFC-A,0,period_0779,15.500000,-12.6060,4.5013,96.6737,84.3708,12.3029
PEMAFC-A,0,period_0779,15.550000,-12.6314,2.4285,96.5893,84.3708,12.2185
PEMAFC-A,0,period_0779,15.600000,-12.6796,3.6715,96.5885,84.3708,12.2176
PEMAFC-A,0,period_0779,15.650000,-12.7327,3.7262,96.7850,84.3708,12.4142
PEMAFC-A,0,period_0779,15.700000,-12.7720,3.4174,96.8725,84.3708,12.5016
PEMAFC-A,0,period_0779,15.750000,-12.8007,3.4401,96.8655,84.3708,12.4947
PEMAFC-A,0,period_0779,15.800000,-12.8319,4.0121,96.8423,84.3708,12.4715
PEMAFC-A,0,period_0779,15.850000,-12.8784,3.4197,97.0136,84.3708,12.6428
PEMAFC-A,0,period_0779,15.900000,-12.9145,3.2988,97.0677,84.3708,12.6969
PEMAFC-A,0,period_0779,15.950000,-12.9585,3.9077,97.1807,84.3708,12.8099
PEMAFC-A,0,period_0779,16.000000,-12.9972,3.4180,97.2623,84.3708,12.8915
PEMAFC-A,0,period_0779,16.050000,-13.0346,3.6419,97.3611,84.3708,12.9903
PEMAFC-A,0,period_0779,16.100000,-13.0735,4.3911,97.4567,84.3708,13.0859
PEMAFC-A,0,period_0779,16.150000,-13.1090,4.1018,97.5274,84.3708,13.1566
PEMAFC-A,0,period_0779,16.200000,-13.1360,3.9001,97.4810,84.3708,13.1101
PEMAFC-A,0,period_0779,16.250000,-13.1814,3.8569,97.5466,84.3708,13.1757
PEMAFC-A,0,period_0779,16.300000,-13.2398,4.2614,97.7574,84.3708,13.3866
PEMAFC-A,0,period_0779,16.350000,-13.2842,3.5729,97.9512,84.3708,13.5803
PEMAFC-A,0,period_0779,16.400000,-13.3255,4.6537,97.9692,84.3708,13.5984
PEMAFC-A,0,period_0779,16.450000,-13.3687,4.1785,97.9310,84.3708,13.5601
PEMAFC-A,0,period_0779,16.500000,-13.4223,3.3947,98.0663,84.3708,13.6954
PEMAFC-A,0,period_0779,16.550000,-13.4554,3.6105,98.1194,84.3708,13.7486
PEMAFC-A,0,period_0779,16.600000,-13.4964,4.7830,98.1939,84.3708,13.8231
PEMAFC-A,0,period_0779,16.650000,-13.5598,3.9345,98.2549,84.3708,13.8841
PEMAFC-A,0,period_0779,16.700000,-13.5948,3.1012,98.2867,84.3708,13.9158
PEMAFC-A,0,period_0779,16.750000,-13.6335,3.1309,98.2214,84.3708,13.8505
PEMAFC-A,0,period_0779,16.800000,-13.6700,4.7840,98.2313,84.3708,13.8605
PEMAFC-A,0,period_0779,16.850000,-13.7070,4.1113,98.1758,84.3708,13.8050
PEMAFC-A,0,period_0779,16.900000,-13.7158,2.5631,98.0734,84.3708,13.7026
PEMAFC-A,0,period_0779,16.950000,-13.7710,4.3843,98.3257,84.3708,13.9549
PEMAFC-A,0,period_0779,17.000000,-13.7959,3.5710,98.3553,84.3708,13.9845
PEMAFC-A,0,period_0779,17.050000,-13.8380,3.9240,98.5081,84.3708,14.1373
PEMAFC-A,0,period_0779,17.100000,-13.8646,3.5778,98.4246,84.3708,14.0537
PEMAFC-A,0,period_0779,17.150000,-13.8975,3.1798,98.4261,84.3708,14.0553
PEMAFC-A,0,period_0779,17.200000,-13.9389,4.2533,98.4025,84.3708,14.0317
PEMAFC-A,0,period_0779,17.250000,-14.0001,4.2300,98.4169,84.3708,14.0461
PEMAFC-A,0,period_0779,17.300000,-14.0460,4.0535,98.4401,84.3708,14.0693
PEMAFC-A,0,period_0779,17.350000,-14.0930,4.1473,98.4392,84.3708,14.0684
PEMAFC-A,0,period_0779,17.400000,-14.1240,3.1555,98.4046,84.3708,14.0338
PEMAFC-A,0,period_0779,17.450000,-14.1666,4.2294,98.5131,84.3708,14.1422
PEMAFC-A,0,period_0779,17.500000,-14.2206,4.0103,98.4951,84.3708,14.1243
PEMAFC-A,0,period_0779,17.550000,-14.2762,4.4228,98.6268,84.3708,14.2559
PEMAFC-A,0,period_0779,17.600000,-14.3211,4.7060,98.6606,84.3708,14.2898
PEMAFC-A,0,period_0779,17.650000,-14.3533,4.0788,98.6692,84.3708,14.2984
PEMAFC-A,0,period_0779,17.700000,-14.4019,4.0812,98.7985,84.3708,14.4277
PEMAFC-A,0,period_0779,17.750000,-14.4397,3.9964,98.9941,84.3708,14.6233
PEMAFC-A,0,period_0779,17.800000,-14.4541,2.6162,98.8614,84.3708,14.4906
PEMAFC-A,0,period_0779,17.850000,-14.5346,4.1881,99.1007,84.3708,14.7299
PEMAFC-A,0,period_0779,17.900000,-14.5653,3.1083,98.9830,84.3708,14.6122
PEMAFC-A,0,period_0779,17.950000,-14.6138,4.2664,99.0682,84.3708,14.6974
PEMAFC-A,0,period_0779,18.000000,-14.6507,4.0165,99.0795,84.3708,14.7087
PEMAFC-A,0,period_0779,18.050000,-14.6888,4.1621,99.1809,84.3708,14.8100
PEMAFC-A,0,period_0779,18.100000,-14.7311,2.8386,99.3255,84.3708,14.9547
PEMAFC-A,0,period_0779,18.150000,-14.7501,3.3101,99.2191,84.3708,14.8482
PEMAFC-A,0,period_0779,18.200000,-14.7918,4.0547,99.3372,84.3708,14.9664
PEMAFC-A,0,period_0779,18.250000,-14.8373,4.3192,99.3760,84.3708,15.0051
PEMAFC-A,0,period_0779,18.300000,-14.8904,3.9921,99.3570,84.3708,14.9861
PEMAFC-A,0,period_0779,18.350000,-14.9234,4.5021,99.3180,84.3708,14.9471
PEMAFC-A,0,period_0779,18.400000,-14.9517,3.1363,99.2727,84.3708,14.9019
PEMAFC-A,0,period_0779,18.450000,-15.0020,4.5222,99.4051,84.3708,15.0343
PEMAFC-A,0,period_0779,18.500000,-15.0444,3.8039,99.5130,84.3708,15.1422
PEMAFC-A,0,period_0779,18.550000,-15.0794,4.4525,99.4340,84.3708,15.0632
PEMAFC-A,0,period_0779,18.600000,-15.1280,3.1367,99.4658,84.3708,15.0949
PEMAFC-A,0,period_0779,18.650000,-15.1878,4.0248,99.6298,84.3708,15.2590
PEMAFC-A,0,period_0779,18.700000,-15.2261,3.8099,99.7076,84.3708,15.3368
PEMAFC-A,0,period_0779,18.750000,-15.2723,3.7333,99.6984,84.3708,15.3276
PEMAFC-A,0,period_0779,18.800000,-15.3048,3.7982,99.6818,84.3708,15.3109
PEMAFC-A,0,period_0779,18.850000,-15.3370,3.7126,99.7352,84.3708,15.3644
PEMAFC-A,0,period_0779,18.900000,-15.3680,4.1050,99.6679,84.3708,15.2970
PEMAFC-A,0,period_0779,18.950000,-15.4093,4.0107,99.7245,84.3708,15.3537
PEMAFC-A,0,period_0779,19.000000,-15.4520,3.7748,99.7114,84.3708,15.3405
PEMAFC-A,0,period_0779,19.050000,-15.5115,4.3652,99.9963,84.3708,15.6255
PEMAFC-A,0,period_0779,19.100000,-15.5470,4.1528,100.0405,84.3708,15.6697
PEMAFC-A,0,period_0779,19.150000,-15.5965,3.8781,100.0984,84.3708,15.7276
PEMAFC-A,0,period_0779,19.200000,-15.6401,4.4540,100.2626,84.3708,15.8918
PEMAFC-A,0,period_0779,19.250000,-15.6675,3.3573,100.3906,84.3708,16.0198
PEMAFC-A,0,period_0779,19.300000,-15.7174,4.4405,100.5232,84.3708,16.1524
PEMAFC-A,0,period_0779,19.350000,-15.7474,4.0344,100.5444,84.3708,16.1736
PEMAFC-A,0,period_0779,19.400000,-15.7601,3.5320,100.3740,84.3708,16.0032
PEMAFC-A,0,period_0779,19.450000,-15.7934,2.8884,100.4205,84.3708,16.0497
PEMAFC-A,0,period_0779,19.500000,-15.8167,3.6442,100.4499,84.3708,16.0791
PEMAFC-A,0,period_0779,19.550000,-15.8663,4.0721,100.5519,84.3708,16.1811
PEMAFC-A,0,period_0779,19.600000,-15.8867,3.1067,100.4082,84.3708,16.0373
PEMAFC-A,0,period_0779,19.650000,-15.9097,3.4934,100.4220,84.3708,16.0512
PEMAFC-A,0,period_0779,19.700000,-15.9284,3.1951,100.2785,84.3708,15.9076
PEMAFC-A,0,period_0779,19.750000,-15.9909,4.2303,100.3934,84.3708,16.0225
PEMAFC-A,0,period_0779,19.800000,-16.0377,3.5262,100.4762,84.3708,16.1053
PEMAFC-A,0,period_0779,19.850000,-16.1099,3.8380,100.7133,84.3708,16.3425
PEMAFC-A,0,period_0779,19.900000,-16.1567,4.3363,100.7372,84.3708,16.3664
PEMAFC-A,0,period_0779,19.950000,-16.2113,3.4148,100.8909,84.3708,16.5201
PEMAFC-A,0,period_0779,20.000000,-16.2505,4.2366,100.9333,84.3708,16.5624
PEMAFC-A,0,period_0779,20.050000,-16.2715,3.4967,100.6829,84.3708,16.3121
PEMAFC-A,0,period_0779,20.100000,-16.3118,3.6762,100.7944,84.3708,16.4236
PEMAFC-A,0,period_0779,20.150000,-16.3817,4.4323,100.8205,84.3708,16.4497
PEMAFC-A,0,period_0779,20.200000,-16.4045,4.2611,100.7172,84.3708,16.3464
PEMAFC-A,0,period_0779,20.250000,-16.4444,4.1228,100.7620,84.3708,16.3912
PEMAFC-A,0,period_0779,20.300000,-16.4841,3.6376,100.8518,84.3708,16.4810
PEMAFC-A,0,period_0779,20.350000,-16.5532,4.4998,101.0206,84.3708,16.6498
PEMAFC-A,0,period_0779,20.400000,-16.6192,4.0094,101.2140,84.3708,16.8432
PEMAFC-A,0,period_0779,20.450000,-16.6456,4.0821,101.2375,84.3708,16.8667
PEMAFC-A,0,period_0779,20.500000,-16.7029,4.7044,101.4183,84.3708,17.0475
PEMAFC-A,0,period_0779,20.550000,-16.7368,3.9411,101.4168,84.3708,17.0459
PEMAFC-A,0,period_0779,20.600000,-16.7591,3.5800,101.4836,84.3708,17.1127
PEMAFC-A,0,period_0779,20.650000,-16.8018,4.7281,101.5606,84.3708,17.1898
PEMAFC-A,0,period_0779,20.700000,-16.8585,4.0125,101.6013,84.3708,17.2305
PEMAFC-A,0,period_0779,20.750000,-16.8744,3.6955,101.5732,84.3708,17.2024
PEMAFC-A,0,period_0779,20.800000,-17.0029,4.3516,101.8587,84.3708,17.4878
PEMAFC-A,0,period_0779,20.850000,-17.0750,3.7999,101.9182,84.3708,17.5473
PEMAFC-A,0,period_0779,20.900000,-17.1454,3.6706,102.0447,84.3708,17.6738
PEMAFC-A,0,period_0779,20.950000,-17.1921,4.9879,102.1498,84.3708,17.7790
PEMAFC-A,0,period_0779,21.000000,-17.2274,4.4987,102.0936,84.3708,17.7228
PEMAFC-A,0,period_0779,21.050000,-17.2675,4.1692,102.0831,84.3708,17.7122
PEMAFC-A,0,period_0779,21.100000,-17.3146,4.1816,102.0494,84.3708,17.6786
PEMAFC-A,0,period_0779,21.150000,-17.3563,4.2758,102.1520,84.3708,17.7811
PEMAFC-A,0,period_0779,21.200000,-17.4064,4.1034,102.0913,84.3708,17.7205
PEMAFC-A,0,period_0779,21.250000,-17.4408,3.9316,101.9792,84.3708,17.6084
PEMAFC-A,0,period_0779,21.300000,-17.5012,4.2114,102.1895,84.3708,17.8187
PEMAFC-A,0,period_0779,21.350000,-17.5317,3.1252,102.1975,84.3708,17.8267
PEMAFC-A,0,period_0779,21.400000,-17.5707,4.5265,102.1678,84.3708,17.7969
PEMAFC-A,0,period_0779,21.450000,-17.5962,3.7109,102.0786,84.3708,17.7078
PEMAFC-A,0,period_0779,21.500000,-17.6473,4.3784,101.9538,84.3708,17.5830
PEMAFC-A,0,period_0779,21.550000,-17.6722,3.9965,101.9113,84.3708,17.5405
PEMAFC-A,0,period_0779,21.600000,-17.7062,3.4582,101.9497,84.3708,17.5788
PEMAFC-A,0,period_0779,21.650000,-17.7793,4.3585,102.4072,84.3708,18.0363
PEMAFC-A,0,period_0779,21.700000,-17.8075,4.4021,102.4865,84.3708,18.1156
PEMAFC-A,0,period_0779,21.750000,-17.8491,4.0747,102.6336,84.3708,18.2628
PEMAFC-A,0,period_0779,21.800000,-17.8868,3.9735,102.9120,84.3708,18.5412
PEMAFC-A,0,period_0779,21.850000,-17.9389,4.4362,103.0594,84.3708,18.6885
PEMAFC-A,0,period_0779,21.900000,-17.9789,4.9216,103.0623,84.3708,18.6915
PEMAFC-A,0,period_0779,21.950000,-18.0172,4.0811,103.0387,84.3708,18.6678
PEMAFC-A,0,period_0779,22.000000,-18.0601,3.8784,103.0556,84.3708,18.6848
PEMAFC-A,0,period_0779,22.050000,-18.1101,4.4247,103.0734,84.3708,18.7026
PEMAFC-A,0,period_0779,22.100000,-18.1417,3.5632,103.1845,84.3708,18.8137
PEMAFC-A,0,period_0779,22.150000,-18.1850,3.9782,103.1968,84.3708,18.8260
PEMAFC-A,0,period_0779,22.200000,-18.2312,4.3556,103.2950,84.3708,18.9242
PEMAFC-A,0,period_0779,22.250000,-18.2578,3.1584,103.4151,84.3708,19.0442
PEMAFC-A,0,period_0779,22.300000,-18.2799,3.7403,103.2422,84.3708,18.8714
PEMAFC-A,0,period_0779,22.350000,-18.3078,4.1611,103.1772,84.3708,18.8064
PEMAFC-A,0,period_0779,22.400000,-18.3099,2.7342,103.0272,84.3708,18.6564
PEMAFC-A,0,period_0779,22.450000,-18.3348,3.8609,103.0149,84.3708,18.6440
PEMAFC-A,0,period_0779,22.500000,-18.4106,5.0057,103.2827,84.3708,18.9119
PEMAFC-A,0,period_0779,22.550000,-18.4458,3.9574,103.3071,84.3708,18.9363
PEMAFC-A,0,period_0779,22.600000,-18.4892,4.4223,103.4064,84.3708,19.0356
PEMAFC-A,0,period_0779,22.650000,-18.4893,2.3959,103.2969,84.3708,18.9261
PEMAFC-A,0,period_0779,22.700000,-18.5189,3.8067,103.2185,84.3708,18.8476
PEMAFC-A,0,period_0779,22.750000,-18.5513,4.0138,103.1437,84.3708,18.7728
PEMAFC-A,0,period_0779,22.800000,-18.5722,2.9336,103.4195,84.3708,19.0487
PEMAFC-A,0,period_0779,22.850000,-18.6148,4.3038,103.5166,84.3708,19.1457
PEMAFC-A,0,period_0779,22.900000,-18.6523,4.1700,103.5797,84.3708,19.2088
PEMAFC-A,0,period_0779,22.950000,-18.6775,4.0203,103.4904,84.3708,19.1195
PEMAFC-A,0,period_0779,23.000000,-18.7144,3.4275,103.4977,84.3708,19.1269
PEMAFC-A,0,period_0779,23.050000,-18.7863,3.7995,103.7180,84.3708,19.3472
PEMAFC-A,0,period_0779,23.100000,-18.7950,2.5704,103.6740,84.3708,19.3031
PEMAFC-A,0,period_0779,23.150000,-18.8327,4.4514,103.9146,84.3708,19.5437
PEMAFC-A,0,period_0779,23.200000,-18.8440,3.3728,103.7532,84.3708,19.3823
PEMAFC-A,0,period_0779,23.250000,-18.9004,4.1264,103.9557,84.3708,19.5849
PEMAFC-A,0,period_0779,23.300000,-18.9335,4.4936,103.9211,84.3708,19.5502
PEMAFC-A,0,period_0779,23.350000,-18.9687,3.2874,104.0349,84.3708,19.6641
PEMAFC-A,0,period_0779,23.400000,-19.0574,3.8899,104.4511,84.3708,20.0803
PEMAFC-A,0,period_0779,23.450000,-19.1012,4.4421,104.4228,84.3708,20.0520
PEMAFC-A,0,period_0779,23.500000,-19.1325,3.6176,104.3524,84.3708,19.9815
PEMAFC-A,0,period_0779,23.550000,-19.2308,4.0963,104.4633,84.3708,20.0924
PEMAFC-A,0,period_0779,23.600000,-19.2608,3.6987,104.4188,84.3708,20.0480
PEMAFC-A,0,period_0779,23.650000,-19.2592,3.4602,104.2063,84.3708,19.8355
PEMAFC-A,0,period_0779,23.700000,-19.3232,3.6159,104.1226,84.3708,19.7517
PEMAFC-A,0,period_0779,23.750000,-19.3556,4.3530,104.1047,84.3708,19.7339
PEMAFC-A,0,period_0779,23.800000,-19.3754,3.6260,104.0389,84.3708,19.6681
PEMAFC-A,0,period_0779,23.850000,-19.4188,4.3343,104.2830,84.3708,19.9122
PEMAFC-A,0,period_0779,23.900000,-19.4577,3.6543,104.2443,84.3708,19.8734
PEMAFC-A,0,period_0779,23.950000,-19.4832,3.8894,104.1243,84.3708,19.7534
PEMAFC-A,0,period_0779,24.000000,-19.5237,4.6893,104.2270,84.3708,19.8562
PEMAFC-A,0,period_0779,24.050000,-19.5984,3.8647,104.3251,84.3708,19.9543
PEMAFC-A,0,period_0779,24.100000,-19.6367,4.2002,104.3205,84.3708,19.9496
PEMAFC-A,0,period_0779,24.150000,-19.6859,5.0667,104.4368,84.3708,20.0659
PEMAFC-A,0,period_0779,24.200000,-19.7246,3.0650,104.6012,84.3708,20.2304
PEMAFC-A,0,period_0779,24.250000,-19.7489,4.1179,104.7432,84.3708,20.3724
PEMAFC-A,0,period_0779,24.300000,-19.7811,4.0185,104.8363,84.3708,20.4655
PEMAFC-A,0,period_0779,24.350000,-19.8177,4.2989,104.8479,84.3708,20.4770
PEMAFC-A,0,period_0779,24.400000,-19.8415,3.7757,104.8589,84.3708,20.4881
PEMAFC-A,0,period_0779,24.450000,-19.8745,4.3445,104.8960,84.3708,20.5252
PEMAFC-A,0,period_0779,24.500000,-19.9203,3.9557,104.8493,84.3708,20.4785
PEMAFC-A,0,period_0779,24.550000,-19.9454,3.9036,104.7703,84.3708,20.3995
PEMAFC-A,0,period_0779,24.600000,-20.0104,4.4902,104.9031,84.3708,20.5323
PEMAFC-A,0,period_0779,24.650000,-20.0305,3.3090,104.7826,84.3708,20.4118
PEMAFC-A,0,period_0779,24.700000,-20.0835,4.7348,104.8678,84.3708,20.4970
PEMAFC-A,0,period_0779,24.750000,-20.1278,4.3273,104.9703,84.3708,20.5995
PEMAFC-A,0,period_0779,24.800000,-20.1959,4.1804,104.9682,84.3708,20.5974
PEMAFC-A,0,period_0779,24.850000,-20.3068,4.0404,105.4222,84.3708,21.0514
PEMAFC-A,0,period_0779,24.900000,-20.3663,4.4718,105.7476,84.3708,21.3767
PEMAFC-A,0,period_0779,24.950000,-20.3987,4.1672,105.7190,84.3708,21.3481
PEMAFC-A,0,period_0779,25.000000,-20.4345,3.4205,105.9471,84.3708,21.5763
PEMAFC-A,0,period_0779,25.050000,-20.4403,2.7553,105.9443,84.3708,21.5735
PEMAFC-A,0,period_0779,25.100000,-20.4609,3.9668,105.8406,84.3708,21.4698
PEMAFC-A,0,period_0779,25.150000,-20.4925,4.2345,105.7715,84.3708,21.4006
PEMAFC-A,0,period_0779,25.200000,-20.5011,3.6679,105.6325,84.3708,21.2617
PEMAFC-A,0,period_0779,25.250000,-20.5001,3.2396,105.4636,84.3708,21.0928
PEMAFC-A,0,period_0779,25.300000,-20.5143,2.9286,105.0988,84.3708,20.7280
PEMAFC-A,0,period_0779,25.350000,-20.5350,4.5982,105.0704,84.3708,20.6995
PEMAFC-A,0,period_0779,25.400000,-20.5693,3.9685,105.0203,84.3708,20.6495
PEMAFC-A,0,period_0779,25.450000,-20.5679,3.4522,104.7801,84.3708,20.4093
PEMAFC-A,0,period_0779,25.500000,-20.6219,3.9046,104.6441,84.3708,20.2733
PEMAFC-A,0,period_0779,25.550000,-20.6626,4.2470,104.7289,84.3708,20.3581
PEMAFC-A,0,period_0779,25.600000,-20.7184,4.2250,104.9781,84.3708,20.6073
PEMAFC-A,0,period_0779,25.650000,-20.7449,4.1338,105.1317,84.3708,20.7609
PEMAFC-A,0,period_0779,25.700000,-20.7734,4.3390,105.1694,84.3708,20.7985
PEMAFC-A,0,period_0779,25.750000,-20.8498,4.6047,105.3904,84.3708,21.0196
PEMAFC-A,0,period_0779,25.800000,-20.8863,3.9513,105.6060,84.3708,21.2351
PEMAFC-A,0,period_0779,25.850000,-20.9670,4.8363,105.6130,84.3708,21.2422
PEMAFC-A,0,period_0779,25.900000,-21.0011,4.2063,105.6640,84.3708,21.2932
PEMAFC-A,0,period_0779,25.950000,-21.0174,4.5217,105.7031,84.3708,21.3323
PEMAFC-A,0,period_0779,26.000000,-21.0205,2.7414,105.5507,84.3708,21.1799
PEMAFC-A,0,period_0779,26.050000,-21.0627,3.8656,105.6138,84.3708,21.2430
PEMAFC-A,0,period_0779,26.100000,-21.1071,4.8287,105.7937,84.3708,21.4229
PEMAFC-A,0,period_0779,26.150000,-21.1149,4.1223,105.6983,84.3708,21.3275
PEMAFC-A,0,period_0779,26.200000,-21.1382,3.9184,105.7729,84.3708,21.4021
PEMAFC-A,0,period_0779,26.250000,-21.1522,3.2765,105.9047,84.3708,21.5339
PEMAFC-A,0,period_0779,26.300000,-21.1832,3.8648,105.9241,84.3708,21.5532
PEMAFC-A,0,period_0779,26.350000,-21.2192,4.2016,105.7862,84.3708,21.4154
PEMAFC-A,0,period_0779,26.400000,-21.2114,3.4827,105.5072,84.3708,21.1364
PEMAFC-A,0,period_0779,26.450000,-21.2358,3.4208,105.2849,84.3708,20.9141
PEMAFC-A,0,period_0779,26.500000,-21.2896,4.3725,105.1784,84.3708,20.8076
PEMAFC-A,0,period_0779,26.550000,-21.3395,3.5282,105.1511,84.3708,20.7802
PEMAFC-A,0,period_0779,26.600000,-21.3952,3.9798,105.1558,84.3708,20.7850
PEMAFC-A,0,period_0779,26.650000,-21.4607,4.7946,105.4245,84.3708,21.0537
PEMAFC-A,0,period_0779,26.700000,-21.4856,4.1662,105.2507,84.3708,20.8799
PEMAFC-A,0,period_0779,26.750000,-21.5281,4.0768,105.2883,84.3708,20.9175
PEMAFC-A,0,period_0779,26.800000,-21.5701,4.2131,105.4234,84.3708,21.0526
PEMAFC-A,0,period_0779,26.850000,-21.6074,3.6992,105.4567,84.3708,21.0859
PEMAFC-A,0,period_0779,26.900000,-21.6256,3.5594,105.5933,84.3708,21.2225
PEMAFC-A,0,period_0779,26.950000,-21.6029,2.3496,105.2223,84.3708,20.8515
PEMAFC-A,0,period_0779,27.000000,-21.6532,3.9705,105.2870,84.3708,20.9162
PEMAFC-A,0,period_0779,27.050000,-21.6820,3.7656,105.1827,84.3708,20.8118
PEMAFC-A,0,period_0779,27.100000,-21.6910,3.5144,105.0183,84.3708,20.6475
PEMAFC-A,0,period_0779,27.150000,-21.7590,4.0484,105.0664,84.3708,20.6956
PEMAFC-A,0,period_0779,27.200000,-21.8251,4.4735,105.3064,84.3708,20.9356
PEMAFC-A,0,period_0779,27.250000,-21.8881,4.5231,105.5234,84.3708,21.1526
PEMAFC-A,0,period_0779,27.300000,-21.9318,3.8542,105.7047,84.3708,21.3338
PEMAFC-A,0,period_0779,27.350000,-21.9828,3.9727,105.7472,84.3708,21.3763
PEMAFC-A,0,period_0779,27.400000,-21.9920,4.4772,105.6796,84.3708,21.3087
PEMAFC-A,0,period_0779,27.450000,-21.9930,3.8659,105.5943,84.3708,21.2235
PEMAFC-A,0,period_0779,27.500000,-21.9830,3.1250,105.3341,84.3708,20.9633
PEMAFC-A,0,period_0779,27.550000,-22.1032,4.4755,105.5175,84.3708,21.1467
PEMAFC-A,0,period_0779,27.600000,-22.1576,5.6282,105.6494,84.3708,21.2785
PEMAFC-A,0,period_0779,27.650000,-22.2726,4.8334,105.7236,84.3708,21.3528
PEMAFC-A,0,period_0779,27.700000,-22.2984,4.4672,105.7744,84.3708,21.4036
PEMAFC-A,0,period_0779,27.750000,-22.3371,4.7680,105.6593,84.3708,21.2885
PEMAFC-A,0,period_0779,27.800000,-22.3527,4.0649,105.5520,84.3708,21.1812
PEMAFC-A,0,period_0779,27.850000,-22.4324,4.7780,105.6069,84.3708,21.2360
PEMAFC-A,0,period_0779,27.900000,-22.4721,4.5097,105.6622,84.3708,21.2914
PEMAFC-A,0,period_0779,27.950000,-22.5045,4.0813,105.6529,84.3708,21.2820
PEMAFC-A,0,period_0779,28.000000,-22.5684,5.0027,105.7657,84.3708,21.3949
PEMAFC-A,0,period_0779,28.050000,-22.5810,4.0179,105.7146,84.3708,21.3438
PEMAFC-A,0,period_0779,28.100000,-22.6062,4.6064,105.8548,84.3708,21.4839
PEMAFC-A,0,period_0779,28.150000,-22.5935,3.0669,105.6892,84.3708,21.3183
PEMAFC-A,0,period_0779,28.200000,-22.5447,2.8690,105.2351,84.3708,20.8643
PEMAFC-A,0,period_0779,28.250000,-22.5678,4.1313,105.0436,84.3708,20.6728
PEMAFC-A,0,period_0779,28.300000,-22.6195,4.8449,105.2093,84.3708,20.8385
PEMAFC-A,0,period_0779,28.350000,-22.6675,4.1987,105.1380,84.3708,20.7671
PEMAFC-A,0,period_0779,28.400000,-22.7228,4.3336,105.3893,84.3708,21.0185
PEMAFC-A,0,period_0779,28.450000,-22.8296,3.9020,105.4869,84.3708,21.1161
PEMAFC-A,0,period_0779,28.500000,-22.8819,3.9530,105.6507,84.3708,21.2798
PEMAFC-A,0,period_0779,28.550000,-22.9421,3.7776,105.8644,84.3708,21.4936
PEMAFC-A,0,period_0779,28.600000,-23.0146,4.6297,105.9813,84.3708,21.6104
PEMAFC-A,0,period_0779,28.650000,-23.0354,4.6526,105.8638,84.3708,21.4929
PEMAFC-A,0,period_0779,28.700000,-23.0416,2.9448,105.6194,84.3708,21.2485
PEMAFC-A,0,period_0779,28.750000,-23.1229,3.8542,105.8179,84.3708,21.4471
PEMAFC-A,0,period_0779,28.800000,-23.1431,4.5869,105.7449,84.3708,21.3741
PEMAFC-A,0,period_0779,28.850000,-23.1857,3.9610,105.5837,84.3708,21.2129
PEMAFC-A,0,period_0779,28.900000,-23.2339,4.6655,105.6498,84.3708,21.2789
PEMAFC-A,0,period_0779,28.950000,-23.2941,2.9550,106.0981,84.3708,21.7272
PEMAFC-A,0,period_0779,29.000000,-23.3439,3.8938,106.2259,84.3708,21.8551
PEMAFC-A,0,period_0779,29.050000,-23.3971,3.3980,106.1540,84.3708,21.7832
PEMAFC-A,0,period_0779,29.100000,-23.4580,3.8517,106.2648,84.3708,21.8939
PEMAFC-A,0,period_0779,29.150000,-23.5579,4.9110,106.5264,84.3708,22.1555
PEMAFC-A,0,period_0779,29.200000,-23.5576,3.4633,106.4340,84.3708,22.0632
PEMAFC-A,0,period_0779,29.250000,-23.5849,4.0536,106.3282,84.3708,21.9573
PEMAFC-A,0,period_0779,29.300000,-23.5600,3.9103,106.2099,84.3708,21.8390
PEMAFC-A,0,period_0779,29.350000,-23.6034,4.2435,106.2025,84.3708,21.8317
PEMAFC-A,0,period_0779,29.400000,-23.6349,4.2736,106.1276,84.3708,21.7568
PEMAFC-A,0,period_0779,29.450000,-23.7351,4.7139,106.1429,84.3708,21.7721
PEMAFC-A,0,period_0779,29.500000,-23.7854,5.0614,106.1695,84.3708,21.7987
PEMAFC-A,0,period_0779,29.550000,-23.8254,4.4384,106.2549,84.3708,21.8841
PEMAFC-A,0,period_0779,29.600000,-23.8795,4.6876,106.2923,84.3708,21.9215
PEMAFC-A,0,period_0779,29.650000,-23.8611,2.8447,106.1418,84.3708,21.7709
PEMAFC-A,0,period_0779,29.700000,-23.8906,3.4347,106.2260,84.3708,21.8552
PEMAFC-A,0,period_0779,29.750000,-23.9693,4.4449,106.3884,84.3708,22.0176
PEMAFC-A,0,period_0779,29.800000,-24.0822,5.0367,106.5032,84.3708,22.1324
PEMAFC-A,0,period_0779,29.850000,-24.0560,2.6575,106.2873,84.3708,21.9165
PEMAFC-A,0,period_0779,29.900000,-24.1011,5.0250,106.3188,84.3708,21.9480
PEMAFC-A,0,period_0779,29.950000,-24.1405,4.8308,106.3726,84.3708,22.0018
PEMAFC-A,0,period_0779,30.000000,-24.2058,4.6378,106.4462,84.3708,22.0753
PEMAFC-A,0,period_0779,30.050000,-24.2977,4.3026,106.8778,84.3708,22.5070
PEMAFC-A,0,period_0779,30.100000,-24.3672,4.1984,107.0771,84.3708,22.7063
PEMAFC-A,0,period_0779,30.150000,-24.3830,3.5104,107.0335,84.3708,22.6627
PEMAFC-A,0,period_0779,30.200000,-24.4028,3.8725,107.0798,84.3708,22.7090
PEMAFC-A,0,period_0779,30.250000,-24.3312,2.6803,106.6471,84.3708,22.2763
PEMAFC-A,0,period_0779,30.300000,-24.3771,4.0988,106.8781,84.3708,22.5073
PEMAFC-A,0,period_0779,30.350000,-24.3836,4.1243,106.8435,84.3708,22.4727
PEMAFC-A,0,period_0779,30.400000,-24.4712,5.4714,106.9117,84.3708,22.5409
PEMAFC-A,0,period_0779,30.450000,-24.4270,2.7876,106.7449,84.3708,22.3741
PEMAFC-A,0,period_0779,30.500000,-24.4714,3.1881,106.6734,84.3708,22.3026
PEMAFC-A,0,period_0779,30.550000,-24.4209,3.5494,106.3402,84.3708,21.9694
PEMAFC-A,0,period_0779,30.600000,-24.5971,4.0228,107.3122,84.3708,22.9414
PEMAFC-A,0,period_0779,30.650000,-24.6291,4.1727,107.1801,84.3708,22.8093
PEMAFC-A,0,period_0779,30.700000,-24.6530,4.5700,107.2623,84.3708,22.8915
PEMAFC-A,0,period_0779,30.750000,-24.7890,4.0428,107.5714,84.3708,23.2006
PEMAFC-A,0,period_0779,30.800000,-24.9465,4.8084,107.6303,84.3708,23.2595
PEMAFC-A,0,period_0779,30.850000,-24.9518,3.7984,107.4747,84.3708,23.1039
PEMAFC-A,0,period_0779,30.900000,-25.1044,4.1769,108.2790,84.3708,23.9081
PEMAFC-A,0,period_0779,30.950000,-25.0992,3.9172,108.1634,84.3708,23.7925
PEMAFC-A,0,period_0779,31.000000,-25.2331,4.9971,108.6777,84.3708,24.3069
PEMAFC-A,0,period_0779,31.050000,-25.3036,4.6908,109.0059,84.3708,24.6350
PEMAFC-A,0,period_0779,31.100000,-25.3941,4.0305,109.5465,84.3708,25.1756
PEMAFC-A,0,period_0779,31.150000,-25.4318,3.8111,109.9182,84.3708,25.5474
PEMAFC-A,0,period_0779,31.200000,-25.3895,2.7339,109.4630,84.3708,25.0921
PEMAFC-A,0,period_0779,31.250000,-25.3880,3.2989,109.3181,84.3708,24.9473
PEMAFC-A,0,period_0779,31.300000,-25.3828,3.3198,108.9676,84.3708,24.5968
PEMAFC-A,0,period_0779,31.350000,-25.3642,4.3123,108.9285,84.3708,24.5577
PEMAFC-A,0,period_0779,31.400000,-25.3178,2.5461,108.7213,84.3708,24.3505
PEMAFC-A,0,period_0779,31.450000,-25.4026,4.2826,108.6670,84.3708,24.2962
PEMAFC-A,0,period_0779,31.500000,-25.4537,4.3369,108.8182,84.3708,24.4474
PEMAFC-A,0,period_0779,31.550000,-25.4745,3.9489,109.0362,84.3708,24.6653
PEMAFC-A,0,period_0779,31.600000,-25.5623,4.0848,109.5339,84.3708,25.1631
PEMAFC-A,0,period_0779,31.650000,-25.6274,4.3026,109.6144,84.3708,25.2436
PEMAFC-A,0,period_0779,31.700000,-25.6541,4.2818,109.6879,84.3708,25.3170
PEMAFC-A,0,period_0779,31.750000,-25.6842,4.1630,109.5695,84.3708,25.1986
PEMAFC-A,0,period_0779,31.800000,-25.6937,4.3918,109.3321,84.3708,24.9613
PEMAFC-A,0,period_0779,31.850000,-25.7073,3.6807,109.4669,84.3708,25.0961
PEMAFC-A,0,period_0779,31.900000,-25.7672,4.9968,109.4970,84.3708,25.1261
PEMAFC-A,0,period_0779,31.950000,-25.8471,4.1984,109.8188,84.3708,25.4480
PEMAFC-A,0,period_0779,32.000000,-25.8713,4.1527,109.7612,84.3708,25.3904
PEMAFC-A,0,period_0779,32.050000,-25.9154,4.4468,110.0781,84.3708,25.7073
PEMAFC-A,0,period_0779,32.100000,-25.9217,2.9160,109.7571,84.3708,25.3863
PEMAFC-A,0,period_0779,32.150000,-26.0287,4.3103,110.8792,84.3708,26.5084
PEMAFC-A,0,period_0779,32.200000,-26.1011,4.0154,111.1510,84.3708,26.7802
PEMAFC-A,0,period_0779,32.250000,-26.1652,3.9373,111.4034,84.3708,27.0326
PEMAFC-A,0,period_0779,32.300000,-26.1283,2.7767,110.9384,84.3708,26.5676
PEMAFC-A,0,period_0779,32.350000,-26.1824,4.2477,110.9083,84.3708,26.5374
PEMAFC-A,0,period_0779,32.400000,-26.2525,4.7912,111.5509,84.3708,27.1800
PEMAFC-A,0,period_0779,32.450000,-26.2845,4.3115,111.6015,84.3708,27.2306
PEMAFC-A,0,period_0779,32.500000,-26.3095,4.6398,111.4021,84.3708,27.0313
PEMAFC-A,0,period_0779,32.550000,-26.3329,3.6679,111.7314,84.3708,27.3606
PEMAFC-A,0,period_0779,32.600000,-26.3172,3.6992,111.4229,84.3708,27.0521
PEMAFC-A,0,period_0779,32.650000,-26.4317,4.9769,112.2610,84.3708,27.8902
PEMAFC-A,0,period_0779,32.700000,-26.4638,4.3491,112.3377,84.3708,27.9668
PEMAFC-A,0,period_0779,32.750000,-26.4510,3.7594,112.3346,84.3708,27.9638
PEMAFC-A,0,period_0779,32.800000,-26.5006,4.5072,112.3810,84.3708,28.0102
PEMAFC-A,0,period_0779,32.850000,-26.5049,2.4735,111.9379,84.3708,27.5671
PEMAFC-A,0,period_0779,32.900000,-26.5641,4.5549,112.2106,84.3708,27.8398
PEMAFC-A,0,period_0779,32.950000,-26.5316,3.2994,111.2959,84.3708,26.9251
PEMAFC-A,0,period_0779,33.000000,-26.5698,3.7851,111.1707,84.3708,26.7999
PEMAFC-A,0,period_0779,33.050000,-26.6583,4.2156,111.9753,84.3708,27.6045
PEMAFC-A,0,period_0779,33.100000,-26.6589,3.2009,111.0866,84.3708,26.7157
PEMAFC-A,0,period_0779,33.150000,-26.6806,3.3375,111.1342,84.3708,26.7633
PEMAFC-A,0,period_0779,33.200000,-26.7246,3.7364,110.8928,84.3708,26.5219
PEMAFC-A,0,period_0779,33.250000,-26.7853,4.3933,111.1774,84.3708,26.8066
PEMAFC-A,0,period_0779,33.300000,-26.7772,3.5036,111.0389,84.3708,26.6680
PEMAFC-A,0,period_0779,33.350000,-26.8701,4.8728,111.3818,84.3708,27.0109
PEMAFC-A,0,period_0779,33.400000,-26.8935,3.7797,111.5319,84.3708,27.1611
PEMAFC-A,0,period_0779,33.450000,-26.9917,4.7077,111.9695,84.3708,27.5986
PEMAFC-A,0,period_0779,33.500000,-27.0392,4.1681,111.7583,84.3708,27.3875
PEMAFC-A,0,period_0779,33.550000,-27.0899,4.9067,111.7821,84.3708,27.4113
PEMAFC-A,0,period_0779,33.600000,-27.1535,4.7685,111.9308,84.3708,27.5600
PEMAFC-A,0,period_0779,33.650000,-27.1594,3.6617,111.3690,84.3708,26.9982
PEMAFC-A,0,period_0779,33.700000,-27.1707,3.6255,110.9742,84.3708,26.6033
PEMAFC-A,0,period_0779,33.750000,-27.2707,4.8918,111.6027,84.3708,27.2319
PEMAFC-A,0,period_0779,33.800000,-27.2837,4.1160,111.6568,84.3708,27.2860
PEMAFC-A,0,period_0779,33.850000,-27.3108,3.5921,111.3371,84.3708,26.9662
PEMAFC-A,0,period_0779,33.900000,-27.3500,3.0387,110.9655,84.3708,26.5946
PEMAFC-A,0,period_0779,33.950000,-27.4105,3.8328,110.9902,84.3708,26.6194
PEMAFC-A,0,period_0779,34.000000,-27.4490,4.3663,111.2529,84.3708,26.8820
PEMAFC-A,0,period_0779,34.050000,-27.5123,4.4297,111.7728,84.3708,27.4020
PEMAFC-A,0,period_0779,34.100000,-27.5376,3.9208,112.1148,84.3708,27.7439
PEMAFC-A,0,period_0779,34.150000,-27.4131,2.4252,110.4886,84.3708,26.1178
PEMAFC-A,0,period_0779,34.200000,-27.4507,3.7324,110.4737,84.3708,26.1029
PEMAFC-A,0,period_0779,34.250000,-27.4406,4.3454,110.2907,84.3708,25.9199
PEMAFC-A,0,period_0779,34.300000,-27.4304,3.8374,110.0550,84.3708,25.6841
PEMAFC-A,0,period_0779,34.350000,-27.3791,2.9288,109.5583,84.3708,25.1875
PEMAFC-A,0,period_0779,34.400000,-27.4057,4.5803,109.6124,84.3708,25.2416
PEMAFC-A,0,period_0779,34.450000,-27.4498,3.7635,109.6099,84.3708,25.2391
PEMAFC-A,0,period_0779,34.500000,-27.6310,4.6064,110.2526,84.3708,25.8817
PEMAFC-A,0,period_0779,34.550000,-27.7191,4.8211,110.5345,84.3708,26.1637
PEMAFC-A,0,period_0779,34.600000,-27.7644,4.0576,110.8796,84.3708,26.5088
PEMAFC-A,0,period_0779,34.650000,-27.8117,5.0351,111.0829,84.3708,26.7121
PEMAFC-A,0,period_0779,34.700000,-27.8762,4.6853,111.2655,84.3708,26.8947
PEMAFC-A,0,period_0779,34.750000,-27.9488,4.4934,111.5631,84.3708,27.1923
PEMAFC-A,0,period_0779,34.800000,-27.9547,3.9010,111.5090,84.3708,27.1382
PEMAFC-A,0,period_0779,34.850000,-27.9494,4.2822,111.2992,84.3708,26.9284
PEMAFC-A,0,period_0779,34.900000,-28.0087,3.8395,111.5960,84.3708,27.2251
PEMAFC-A,0,period_0779,34.950000,-28.0569,4.3204,111.9409,84.3708,27.5700
PEMAFC-A,0,period_0779,35.000000,-28.0496,4.0558,111.7466,84.3708,27.3758
PEMAFC-A,0,period_0779,35.050000,-28.1083,4.2345,112.1847,84.3708,27.8138
PEMAFC-A,0,period_0779,35.100000,-28.1676,4.8558,112.3320,84.3708,27.9612
PEMAFC-A,0,period_0779,35.150000,-28.2761,4.5372,112.8924,84.3708,28.5216
PEMAFC-A,0,period_0779,35.200000,-28.3156,4.9364,113.0101,84.3708,28.6393
PEMAFC-A,0,period_0779,35.250000,-28.3670,3.8824,112.8979,84.3708,28.5271
PEMAFC-A,0,period_0779,35.300000,-28.4210,4.6407,113.3074,84.3708,28.9366
PEMAFC-A,0,period_0779,35.350000,-28.4373,4.3188,113.5933,84.3708,29.2225
PEMAFC-A,0,period_0779,35.400000,-28.4616,3.8942,113.0978,84.3708,28.7270
PEMAFC-A,0,period_0779,35.450000,-28.4790,3.6588,113.1691,84.3708,28.7983
PEMAFC-A,0,period_0779,35.500000,-28.5593,4.5682,113.6555,84.3708,29.2846
PEMAFC-A,0,period_0779,35.550000,-28.4423,3.0586,112.5223,84.3708,28.1515
PEMAFC-A,0,period_0779,35.600000,-28.4105,3.8637,112.1731,84.3708,27.8022
PEMAFC-A,0,period_0779,35.650000,-28.4424,3.2389,111.8760,84.3708,27.5051
PEMAFC-A,0,period_0779,35.700000,-28.4571,3.8299,111.8341,84.3708,27.4633
PEMAFC-A,0,period_0779,35.750000,-28.4900,4.7296,111.9346,84.3708,27.5638
PEMAFC-A,0,period_0779,35.800000,-28.5991,4.7539,112.0537,84.3708,27.6829
PEMAFC-A,0,period_0779,35.850000,-28.7046,4.2545,112.5408,84.3708,28.1700
PEMAFC-A,0,period_0779,35.900000,-28.7638,4.6412,112.9769,84.3708,28.6061
PEMAFC-A,0,period_0779,35.950000,-28.7718,3.7425,112.6047,84.3708,28.2339
PEMAFC-A,0,period_0779,36.000000,-28.7994,4.8414,113.0064,84.3708,28.6356
PEMAFC-A,0,period_0779,36.050000,-28.7959,3.4001,112.4513,84.3708,28.0805
PEMAFC-A,0,period_0779,36.100000,-28.8219,3.9828,112.4553,84.3708,28.0844
PEMAFC-A,0,period_0779,36.150000,-28.8109,4.2331,112.6275,84.3708,28.2567
PEMAFC-A,0,period_0779,36.200000,-28.8431,4.1977,112.5019,84.3708,28.1310
PEMAFC-A,0,period_0779,36.250000,-28.6293,1.9836,111.1576,84.3708,26.7868
PEMAFC-A,0,period_0779,36.300000,-28.5697,3.4494,110.7639,84.3708,26.3931
PEMAFC-A,0,period_0779,36.350000,-28.6518,4.3651,110.7795,84.3708,26.4087
PEMAFC-A,0,period_0779,36.400000,-28.5634,3.3138,110.2758,84.3708,25.9050
PEMAFC-A,0,period_0779,36.450000,-28.5278,4.0050,110.2057,84.3708,25.8349
PEMAFC-A,0,period_0779,36.500000,-28.6178,3.6840,110.3615,84.3708,25.9907
PEMAFC-A,0,period_0779,36.550000,-28.6328,3.6894,110.3065,84.3708,25.9357
PEMAFC-A,0,period_0779,36.600000,-28.8267,4.4978,111.0350,84.3708,26.6642
PEMAFC-A,0,period_0779,36.650000,-28.8299,3.5057,110.9892,84.3708,26.6184
PEMAFC-A,0,period_0779,36.700000,-28.9611,4.6813,111.3701,84.3708,26.9993
PEMAFC-A,0,period_0779,36.750000,-28.9849,3.9982,111.3018,84.3708,26.9310
PEMAFC-A,0,period_0779,36.800000,-28.9986,3.4858,111.1173,84.3708,26.7465
PEMAFC-A,0,period_0779,36.850000,-29.1419,4.1888,111.7113,84.3708,27.3405
PEMAFC-A,0,period_0779,36.900000,-29.1898,3.6641,111.8874,84.3708,27.5166
PEMAFC-A,0,period_0779,36.950000,-29.1813,4.3897,111.8636,84.3708,27.4928
PEMAFC-A,0,period_0779,37.000000,-29.1224,4.0880,111.0664,84.3708,26.6956
PEMAFC-A,0,period_0779,37.050000,-29.1633,4.1234,111.1405,84.3708,26.7696
PEMAFC-A,0,period_0779,37.100000,-29.2173,4.2308,111.2932,84.3708,26.9223
PEMAFC-A,0,period_0779,37.150000,-29.1312,3.3661,111.5813,84.3708,27.2105
PEMAFC-A,0,period_0779,37.200000,-29.3078,3.9615,112.2758,84.3708,27.9050
PEMAFC-A,0,period_0779,37.250000,-29.4178,4.4941,112.9144,84.3708,28.5435
PEMAFC-A,0,period_0779,37.300000,-29.4900,4.5731,112.2487,84.3708,27.8778
PEMAFC-A,0,period_0779,37.350000,-29.5581,4.2662,112.3149,84.3708,27.9441
PEMAFC-A,0,period_0779,37.400000,-29.6023,4.5443,112.2275,84.3708,27.8566
PEMAFC-A,0,period_0779,37.450000,-29.6776,3.8843,112.3799,84.3708,28.0090
PEMAFC-A,0,period_0779,37.500000,-29.7637,4.0662,113.0281,84.3708,28.6572
PEMAFC-A,0,period_0779,37.550000,-29.6939,2.9656,112.6273,84.3708,28.2564
PEMAFC-A,0,period_0779,37.600000,-29.7637,4.1302,112.1704,84.3708,27.7995
PEMAFC-A,0,period_0779,37.650000,-29.7694,4.0914,112.1709,84.3708,27.8001
PEMAFC-A,0,period_0779,37.700000,-29.8000,3.8856,112.3991,84.3708,28.0283
PEMAFC-A,0,period_0779,37.750000,-29.5491,2.9515,110.5293,84.3708,26.1585
PEMAFC-A,0,period_0779,37.800000,-29.4034,2.6603,109.7892,84.3708,25.4184
PEMAFC-A,0,period_0779,37.850000,-29.3780,3.7511,109.8185,84.3708,25.4477
PEMAFC-A,0,period_0779,37.900000,-29.2513,3.8383,109.0051,84.3708,24.6343
PEMAFC-A,0,period_0779,37.950000,-29.0533,2.9273,108.3445,84.3708,23.9737
PEMAFC-A,0,period_0779,38.000000,-28.7866,2.6334,107.3760,84.3708,23.0052
PEMAFC-A,0,period_0779,38.050000,-28.7358,3.9027,107.1343,84.3708,22.7635
PEMAFC-A,0,period_0779,38.100000,-28.7774,3.6639,107.1837,84.3708,22.8129
PEMAFC-A,0,period_0779,38.150000,-28.8489,4.5498,107.2114,84.3708,22.8406
PEMAFC-A,0,period_0779,38.200000,-28.7141,3.2718,106.9198,84.3708,22.5489
PEMAFC-A,0,period_0779,38.250000,-28.8238,4.1081,107.1000,84.3708,22.7291
PEMAFC-A,0,period_0779,38.300000,-28.7399,2.6259,106.9224,84.3708,22.5516
PEMAFC-A,0,period_0779,38.350000,-28.8219,4.6328,106.9729,84.3708,22.6021
PEMAFC-A,0,period_0779,38.400000,-29.0167,4.1651,107.4063,84.3708,23.0355
PEMAFC-A,0,period_0779,38.450000,-29.1907,4.8502,107.6685,84.3708,23.2977
PEMAFC-A,0,period_0779,38.500000,-29.2053,4.1246,107.7191,84.3708,23.3483
PEMAFC-A,0,period_0779,38.550000,-29.3022,4.5680,107.9110,84.3708,23.5401
PEMAFC-A,0,period_0779,38.600000,-29.3847,3.9194,108.0610,84.3708,23.6902
PEMAFC-A,0,period_0779,38.650000,-29.5262,4.3343,108.3946,84.3708,24.0237
PEMAFC-A,0,period_0779,38.700000,-29.5405,3.5877,108.4506,84.3708,24.0798
PEMAFC-A,0,period_0779,38.750000,-29.6260,4.3730,108.5375,84.3708,24.1667
PEMAFC-A,0,period_0779,38.800000,-29.5803,3.5504,108.3013,84.3708,23.9305
PEMAFC-A,0,period_0779,38.850000,-29.4908,4.2590,107.9918,84.3708,23.6210
PEMAFC-A,0,period_0779,38.900000,-29.4332,4.9630,107.7083,84.3708,23.3374
PEMAFC-A,0,period_0779,38.950000,-29.5726,3.7029,108.0197,84.3708,23.6489
PEMAFC-A,0,period_0779,39.000000,-29.4541,4.6410,107.6109,84.3708,23.2400
PEMAFC-A,0,period_0779,39.050000,-29.4127,4.3140,107.4940,84.3708,23.1232
PEMAFC-A,0,period_0779,39.100000,-29.4413,3.8821,107.6132,84.3708,23.2424
PEMAFC-A,0,period_0779,39.150000,-29.5245,4.4697,107.7400,84.3708,23.3692
PEMAFC-A,0,period_0779,39.200000,-29.7688,4.5061,108.2178,84.3708,23.8469
PEMAFC-A,0,period_0779,39.250000,-29.7136,5.0994,108.0304,84.3708,23.6595
PEMAFC-A,0,period_0779,39.300000,-29.7740,4.8142,108.1720,84.3708,23.8012
PEMAFC-A,0,period_0779,39.350000,-29.7687,3.9986,108.2153,84.3708,23.8445
PEMAFC-A,0,period_0779,39.400000,-29.7177,4.0032,108.0568,84.3708,23.6860
PEMAFC-A,0,period_0779,39.450000,-29.7757,4.2458,108.2494,84.3708,23.8786
PEMAFC-A,0,period_0779,39.500000,-29.8737,4.7380,108.4351,84.3708,24.0643
PEMAFC-A,0,period_0779,39.550000,-30.0116,4.7635,108.7898,84.3708,24.4190
PEMAFC-A,0,period_0779,39.600000,-30.0539,3.0109,108.8276,84.3708,24.4568
PEMAFC-A,0,period_0779,39.650000,-30.0878,3.9518,108.9130,84.3708,24.5422
PEMAFC-A,0,period_0779,39.700000,-30.2016,3.8786,109.1161,84.3708,24.7452
PEMAFC-A,0,period_0779,39.750000,-30.2521,3.8158,109.2117,84.3708,24.8409
PEMAFC-A,0,period_0779,39.800000,-30.2187,3.8987,109.1933,84.3708,24.8225
PEMAFC-A,0,period_0779,39.850000,-30.2529,4.5976,109.4097,84.3708,25.0389
PEMAFC-A,0,period_0779,39.900000,-30.0003,3.3042,108.5826,84.3708,24.2118
PEMAFC-A,0,period_0779,39.950000,-29.9044,2.9110,108.2354,84.3708,23.8646
PEMAFC-A,0,period_0779,40.000000,-29.6996,2.6597,107.6210,84.3708,23.2501
PEMAFC-A,0,period_0779,40.050000,-29.6002,3.5896,107.3488,84.3708,22.9780
PEMAFC-A,0,period_0779,40.100000,-29.6885,3.6170,107.4109,84.3708,23.0401
PEMAFC-A,0,period_0779,40.150000,-29.7934,4.2348,107.5800,84.3708,23.2092
PEMAFC-A,0,period_0779,40.200000,-29.8234,4.2726,107.6021,84.3708,23.2313
PEMAFC-A,0,period_0779,40.250000,-30.1235,4.2346,108.2889,84.3708,23.9181
PEMAFC-A,0,period_0779,40.300000,-30.0745,4.1510,108.2718,84.3708,23.9010
PEMAFC-A,0,period_0779,40.350000,-30.1935,4.8121,108.4854,84.3708,24.1146
PEMAFC-A,0,period_0779,40.400000,-30.2951,3.6183,108.7018,84.3708,24.3309
PEMAFC-A,0,period_0779,40.450000,-30.4197,4.4904,108.9293,84.3708,24.5585
PEMAFC-A,0,period_0779,40.500000,-30.5150,5.3024,109.0942,84.3708,24.7234
PEMAFC-A,0,period_0779,40.550000,-30.3692,3.7263,108.6953,84.3708,24.3244
PEMAFC-A,0,period_0779,40.600000,-30.4714,3.7957,109.1068,84.3708,24.7360
PEMAFC-A,0,period_0779,40.650000,-30.4874,4.4869,109.0588,84.3708,24.6879
PEMAFC-A,0,period_0779,40.700000,-30.6314,3.6757,109.5032,84.3708,25.1324
PEMAFC-A,0,period_0779,40.750000,-30.5862,3.4544,109.5134,84.3708,25.1425
PEMAFC-A,0,period_0779,40.800000,-30.6288,3.5683,109.5776,84.3708,25.2068
PEMAFC-A,0,period_0779,40.850000,-30.5759,3.9341,109.1644,84.3708,24.7936
PEMAFC-A,0,period_0779,40.900000,-30.7164,4.5291,109.4390,84.3708,25.0682
PEMAFC-A,0,period_0779,40.950000,-30.7809,4.5059,109.5328,84.3708,25.1620
PEMAFC-A,0,period_0779,41.000000,-30.7285,4.0070,109.3394,84.3708,24.9686
PEMAFC-A,0,period_0779,41.050000,-30.7186,3.9026,109.2771,84.3708,24.9062
PEMAFC-A,0,period_0779,41.100000,-30.7850,4.0810,109.1517,84.3708,24.7809
PEMAFC-A,0,period_0779,41.150000,-30.8788,4.5934,109.4055,84.3708,25.0346
PEMAFC-A,0,period_0779,41.200000,-30.8951,3.6712,109.4271,84.3708,25.0563
PEMAFC-A,0,period_0779,41.250000,-30.9463,4.1041,109.4619,84.3708,25.0910
PEMAFC-A,0,period_0779,41.300000,-30.9547,3.8292,109.4472,84.3708,25.0764
PEMAFC-A,0,period_0779,41.350000,-31.1169,3.7789,109.8119,84.3708,25.4411
PEMAFC-A,0,period_0779,41.400000,-31.2069,3.7643,110.2228,84.3708,25.8520
PEMAFC-A,0,period_0779,41.450000,-31.3588,4.6180,110.4273,84.3708,26.0565
PEMAFC-A,0,period_0779,41.500000,-31.4360,5.2957,110.6709,84.3708,26.3000
PEMAFC-A,0,period_0779,41.550000,-31.3914,3.8641,110.7079,84.3708,26.3370
PEMAFC-A,0,period_0779,41.600000,-31.5525,3.7323,111.7033,84.3708,27.3325
PEMAFC-A,0,period_0779,41.650000,-31.6837,4.3661,113.0310,84.3708,28.6601
PEMAFC-A,0,period_0779,41.700000,-31.8555,4.3410,113.8708,84.3708,29.5000
PEMAFC-A,0,period_0779,41.750000,-31.9508,4.3973,114.3296,84.3708,29.9588
PEMAFC-A,0,period_0779,41.800000,-32.1834,4.6301,114.9127,84.3708,30.5418
PEMAFC-A,0,period_0779,41.850000,-32.0974,3.6921,113.7420,84.3708,29.3711
PEMAFC-A,0,period_0779,41.900000,-32.1806,4.5300,114.3109,84.3708,29.9400
PEMAFC-A,0,period_0779,41.950000,-32.1459,4.3587,113.9988,84.3708,29.6280
PEMAFC-A,0,period_0779,42.000000,-32.3331,3.9505,114.8405,84.3708,30.4697
PEMAFC-A,0,period_0779,42.050000,-32.4224,3.6454,115.5017,84.3708,31.1309
PEMAFC-A,0,period_0779,42.100000,-32.3741,3.5641,115.7026,84.3708,31.3318
PEMAFC-A,0,period_0779,42.150000,-32.4448,4.3540,115.6049,84.3708,31.2341
PEMAFC-A,0,period_0779,42.200000,-32.2447,3.3418,114.5004,84.3708,30.1296
PEMAFC-A,0,period_0779,42.250000,-31.9942,2.9862,113.4806,84.3708,29.1098
PEMAFC-A,0,period_0779,42.300000,-31.9777,4.6271,113.5556,84.3708,29.1848
PEMAFC-A,0,period_0779,42.350000,-31.9688,4.4953,113.8366,84.3708,29.4658
PEMAFC-A,0,period_0779,42.400000,-32.1082,4.1097,114.0303,84.3708,29.6594
PEMAFC-A,0,period_0779,42.450000,-32.1198,5.1223,113.4068,84.3708,29.0360
PEMAFC-A,0,period_0779,42.500000,-32.1627,3.7088,113.4360,84.3708,29.0651
PEMAFC-A,0,period_0779,42.550000,-32.2787,5.0004,113.8266,84.3708,29.4558
PEMAFC-A,0,period_0779,42.600000,-32.3013,4.1615,113.3059,84.3708,28.9351
PEMAFC-A,0,period_0779,42.650000,-32.3616,4.1262,113.5956,84.3708,29.2248
PEMAFC-A,0,period_0779,42.700000,-32.4400,3.7657,113.8830,84.3708,29.5121
PEMAFC-A,0,period_0779,42.750000,-32.4345,3.3912,113.4608,84.3708,29.0900
PEMAFC-A,0,period_0779,42.800000,-32.4743,4.3992,114.1857,84.3708,29.8148
PEMAFC-A,0,period_0779,42.850000,-32.2598,3.3230,112.7087,84.3708,28.3379
PEMAFC-A,0,period_0779,42.900000,-32.1494,3.7604,111.9086,84.3708,27.5378
PEMAFC-A,0,period_0779,42.950000,-31.9718,3.2980,111.2516,84.3708,26.8808
PEMAFC-A,0,period_0779,43.000000,-32.0481,5.0167,111.1898,84.3708,26.8189
PEMAFC-A,0,period_0779,43.050000,-31.7057,2.4442,110.3061,84.3708,25.9352
PEMAFC-A,0,period_0779,43.100000,-31.7698,4.5987,110.5653,84.3708,26.1945
PEMAFC-A,0,period_0779,43.150000,-31.6496,3.4860,109.9921,84.3708,25.6213
PEMAFC-A,0,period_0779,43.200000,-31.6371,3.8378,109.9488,84.3708,25.5780
PEMAFC-A,0,period_0779,43.250000,-31.7571,4.6099,110.1264,84.3708,25.7556
PEMAFC-A,0,period_0779,43.300000,-31.8617,4.8433,110.1181,84.3708,25.7473
PEMAFC-A,0,period_0779,43.350000,-31.9743,4.2104,110.3189,84.3708,25.9480
PEMAFC-A,0,period_0779,43.400000,-31.9149,3.1119,110.6103,84.3708,26.2394
PEMAFC-A,0,period_0779,43.450000,-31.9837,3.2797,110.9554,84.3708,26.5845
PEMAFC-A,0,period_0779,43.500000,-32.2300,4.5464,111.3700,84.3708,26.9992
PEMAFC-A,0,period_0779,43.550000,-32.2046,3.7984,111.2833,84.3708,26.9125
PEMAFC-A,0,period_0779,43.600000,-32.1449,4.5327,110.6495,84.3708,26.2786
PEMAFC-A,0,period_0779,43.650000,-32.2218,3.9663,110.6520,84.3708,26.2812
PEMAFC-A,0,period_0779,43.700000,-32.3358,3.8547,111.0092,84.3708,26.6384
PEMAFC-A,0,period_0779,43.750000,-32.4780,3.7049,111.1714,84.3708,26.8006
PEMAFC-A,0,period_0779,43.800000,-32.5862,4.7818,111.4849,84.3708,27.1141
PEMAFC-A,0,period_0779,43.850000,-32.7481,4.3823,111.9069,84.3708,27.5361
PEMAFC-A,0,period_0779,43.900000,-32.9138,5.1011,112.1572,84.3708,27.7864
PEMAFC-A,0,period_0779,43.950000,-33.1848,4.6108,112.6683,84.3708,28.2974
PEMAFC-A,0,period_0779,44.000000,-33.4219,4.1303,112.9500,84.3708,28.5792
PEMAFC-A,0,period_0779,44.050000,-33.6370,4.6604,113.6583,84.3708,29.2875
PEMAFC-A,0,period_0779,44.100000,-33.5860,4.1877,113.5327,84.3708,29.1619
PEMAFC-A,0,period_0779,44.150000,-33.7582,4.2667,114.2039,84.3708,29.8330
PEMAFC-A,0,period_0779,44.200000,-33.7544,3.6248,114.4005,84.3708,30.0297
PEMAFC-A,0,period_0779,44.250000,-33.6687,3.8389,114.0241,84.3708,29.6533
PEMAFC-A,0,period_0779,44.300000,-33.8550,4.8669,114.6262,84.3708,30.2554
PEMAFC-A,0,period_0779,44.350000,-33.9193,4.3003,115.2129,84.3708,30.8420
PEMAFC-A,0,period_0779,44.400000,-34.0310,4.3007,115.5857,84.3708,31.2149
PEMAFC-A,0,period_0779,44.450000,-34.1343,4.9281,116.0670,84.3708,31.6962
PEMAFC-A,0,period_0779,44.500000,-34.1577,3.7093,116.4173,84.3708,32.0465
PEMAFC-A,0,period_0779,44.550000,-34.2694,4.4357,117.2123,84.3708,32.8415
PEMAFC-A,0,period_0779,44.600000,-34.2661,4.0055,117.1364,84.3708,32.7656
PEMAFC-A,0,period_0779,44.650000,-34.4439,4.1689,117.4046,84.3708,33.0338
PEMAFC-A,0,period_0779,44.700000,-34.5660,4.3595,117.4909,84.3708,33.1200
PEMAFC-A,0,period_0779,44.750000,-34.4485,3.2124,116.2528,84.3708,31.8819
PEMAFC-A,0,period_0779,44.800000,-34.4155,3.9968,115.7946,84.3708,31.4237
PEMAFC-A,0,period_0779,44.850000,-34.5403,4.7360,116.0852,84.3708,31.7144
PEMAFC-A,0,period_0779,44.900000,-34.6683,4.8226,116.9739,84.3708,32.6030
PEMAFC-A,0,period_0779,44.950000,-34.8028,3.9016,118.0011,84.3708,33.6303
PEMAFC-A,0,period_0779,45.000000,-34.8611,4.3759,118.9546,84.3708,34.5837
PEMAFC-A,0,period_0779,45.050000,-34.6987,2.7490,117.2999,84.3708,32.9291
PEMAFC-A,0,period_0779,45.100000,-34.6846,4.5892,117.3156,84.3708,32.9447
PEMAFC-A,0,period_0779,45.150000,-34.6803,4.3433,117.4502,84.3708,33.0794
PEMAFC-A,0,period_0779,45.200000,-34.8090,4.1423,117.6756,84.3708,33.3047
PEMAFC-A,0,period_0779,45.250000,-34.9212,4.1741,118.2497,84.3708,33.8789
PEMAFC-A,0,period_0779,45.300000,-35.0109,4.3125,118.8598,84.3708,34.4889
PEMAFC-A,0,period_0779,45.350000,-34.9201,4.0986,118.5350,84.3708,34.1641
PEMAFC-A,0,period_0779,45.400000,-35.1312,4.2341,119.5809,84.3708,35.2101
PEMAFC-A,0,period_0779,45.450000,-35.0865,3.5722,119.0392,84.3708,34.6684
PEMAFC-A,0,period_0779,45.500000,-34.8613,2.8740,117.4586,84.3708,33.0878
PEMAFC-A,0,period_0779,45.550000,-34.8878,4.8897,117.0073,84.3708,32.6365
PEMAFC-A,0,period_0779,45.600000,-34.8955,3.8265,116.9147,84.3708,32.5439
PEMAFC-A,0,period_0779,45.650000,-34.9765,4.6837,117.6364,84.3708,33.2656
PEMAFC-A,0,period_0779,45.700000,-35.0572,4.6913,117.7618,84.3708,33.3910
PEMAFC-A,0,period_0779,45.750000,-35.0711,4.1729,117.9189,84.3708,33.5480
PEMAFC-A,0,period_0779,45.800000,-35.0963,3.8250,117.9251,84.3708,33.5543
PEMAFC-A,0,period_0779,45.850000,-35.2161,4.1091,119.2642,84.3708,34.8934
PEMAFC-A,0,period_0779,45.900000,-35.1642,3.7226,118.0968,84.3708,33.7260
PEMAFC-A,0,period_0779,45.950000,-35.1290,4.1287,117.9904,84.3708,33.6196
PEMAFC-A,0,period_0779,46.000000,-35.2483,3.9354,118.5942,84.3708,34.2234
PEMAFC-A,0,period_0779,46.050000,-35.0354,3.4563,116.7501,84.3708,32.3793
PEMAFC-A,0,period_0779,46.100000,-34.8696,4.1910,116.4323,84.3708,32.0615
PEMAFC-A,0,period_0779,46.150000,-35.1630,4.1762,117.5637,84.3708,33.1929
PEMAFC-A,0,period_0779,46.200000,-35.0538,4.0365,117.1229,84.3708,32.7520
PEMAFC-A,0,period_0779,46.250000,-35.0205,4.4537,117.6789,84.3708,33.3081
PEMAFC-A,0,period_0779,46.300000,-34.9792,4.9530,117.7968,84.3708,33.4259
PEMAFC-A,0,period_0779,46.350000,-34.8630,4.0121,117.5665,84.3708,33.1957
PEMAFC-A,0,period_0779,46.400000,-34.9711,4.0368,118.5280,84.3708,34.1572
PEMAFC-A,0,period_0779,46.450000,-35.0739,4.7182,118.6439,84.3708,34.2730
PEMAFC-A,0,period_0779,46.500000,-34.9740,4.4961,118.4971,84.3708,34.1263
PEMAFC-A,0,period_0779,46.550000,-34.9414,4.2255,118.8417,84.3708,34.4709
PEMAFC-A,0,period_0779,46.600000,-35.2592,4.1217,120.7282,84.3708,36.3574
PEMAFC-A,0,period_0779,46.650000,-35.2532,3.6985,120.8037,84.3708,36.4329
PEMAFC-A,0,period_0779,46.700000,-35.3014,4.5872,120.8790,84.3708,36.5081
PEMAFC-A,0,period_0779,46.750000,-35.3909,4.8253,121.2861,84.3708,36.9153
PEMAFC-A,0,period_0779,46.800000,-35.4140,2.5742,119.9287,84.3708,35.5579
PEMAFC-A,0,period_0779,46.850000,-35.1710,3.3858,117.9425,84.3708,33.5717
PEMAFC-A,0,period_0779,46.900000,-35.1780,4.1956,119.7495,84.3708,35.3786
PEMAFC-A,0,period_0779,46.950000,-35.0648,3.9395,120.1603,84.3708,35.7895
PEMAFC-A,0,period_0779,47.000000,-35.1285,3.2347,121.8423,84.3708,37.4715
PEMAFC-A,0,period_0779,47.050000,-35.1022,4.2493,120.9654,84.3708,36.5946
PEMAFC-A,0,period_0779,47.100000,-35.0232,4.3156,120.5690,84.3708,36.1981
PEMAFC-A,0,period_0779,47.150000,-34.9538,4.2586,120.2339,84.3708,35.8631
PEMAFC-A,0,period_0779,47.200000,-35.0392,4.9314,120.2975,84.3708,35.9267
PEMAFC-A,0,period_0779,47.250000,-35.0432,4.6331,120.0276,84.3708,35.6568
PEMAFC-A,0,period_0779,47.300000,-35.1172,4.4104,119.9784,84.3708,35.6076
PEMAFC-A,0,period_0779,47.350000,-35.1477,3.7264,119.4740,84.3708,35.1032
PEMAFC-A,0,period_0779,47.400000,-35.2349,4.4309,119.6584,84.3708,35.2875
PEMAFC-A,0,period_0779,47.450000,-35.4007,3.9991,120.3646,84.3708,35.9938
PEMAFC-A,0,period_0779,47.500000,-35.1173,3.7834,119.6873,84.3708,35.3164
PEMAFC-A,0,period_0779,47.550000,-35.2778,4.2165,120.7100,84.3708,36.3392
PEMAFC-A,0,period_0779,47.600000,-35.2502,4.8721,120.2842,84.3708,35.9133
PEMAFC-A,0,period_0779,47.650000,-35.1821,4.5325,120.7314,84.3708,36.3605
PEMAFC-A,0,period_0779,47.700000,-35.0947,4.7328,120.7855,84.3708,36.4147
PEMAFC-A,0,period_0779,47.750000,-35.0568,4.3467,121.7492,84.3708,37.3784
PEMAFC-A,0,period_0779,47.800000,-35.1571,4.4639,123.0003,84.3708,38.6295
PEMAFC-A,0,period_0779,47.850000,-35.1822,4.4831,121.2264,84.3708,36.8555
PEMAFC-A,0,period_0779,47.900000,-35.2073,4.2617,121.7137,84.3708,37.3429
PEMAFC-A,0,period_0779,47.950000,-35.1420,3.5878,121.0689,84.3708,36.6981
PEMAFC-A,0,period_0779,48.000000,-35.2038,4.2947,122.6406,84.3708,38.2698
PEMAFC-A,0,period_0779,48.050000,-35.1955,4.6603,122.3500,84.3708,37.9792
PEMAFC-A,0,period_0779,48.100000,-35.0361,4.1611,121.7068,84.3708,37.3360
PEMAFC-A,0,period_0779,48.150000,-34.9004,3.1256,119.1407,84.3708,34.7699
PEMAFC-A,0,period_0779,48.200000,-34.9783,4.7026,119.9484,84.3708,35.5775
PEMAFC-A,0,period_0779,48.250000,-35.0643,4.0908,119.8766,84.3708,35.5058
PEMAFC-A,0,period_0779,48.300000,-35.1061,4.4628,119.5755,84.3708,35.2046
PEMAFC-A,0,period_0779,48.350000,-35.0207,4.4886,118.7652,84.3708,34.3943
PEMAFC-A,0,period_0779,48.400000,-34.8806,4.2325,117.8627,84.3708,33.4919
PEMAFC-A,0,period_0779,48.450000,-35.0530,4.5446,118.7649,84.3708,34.3941
PEMAFC-A,0,period_0779,48.500000,-35.0453,4.5794,118.9843,84.3708,34.6135
PEMAFC-A,0,period_0779,48.550000,-34.9012,4.0941,118.7501,84.3708,34.3792
PEMAFC-A,0,period_0779,48.600000,-34.9051,3.8403,119.5039,84.3708,35.1330
PEMAFC-A,0,period_0779,48.650000,-34.8334,3.9678,120.2326,84.3708,35.8618
PEMAFC-A,0,period_0779,48.700000,-34.9026,4.4907,119.4607,84.3708,35.0898
PEMAFC-A,0,period_0779,48.750000,-35.0690,4.1368,122.1491,84.3708,37.7783
PEMAFC-A,0,period_0779,48.800000,-35.4154,3.3099,125.1456,84.3708,40.7748
PEMAFC-A,0,period_0779,48.850000,-35.5062,4.6888,125.7821,84.3708,41.4113
PEMAFC-A,0,period_0779,48.900000,-35.5593,2.1999,125.8760,84.3708,41.5052
PEMAFC-A,0,period_0779,48.950000,-35.6491,4.3702,125.9999,84.3708,41.6290
PEMAFC-A,0,period_0779,49.000000,-35.7691,4.8363,125.9512,84.3708,41.5803
PEMAFC-A,0,period_0779,49.050000,-35.8693,3.5325,125.7408,84.3708,41.3699
PEMAFC-A,0,period_0779,49.100000,-35.9171,2.9158,125.8236,84.3708,41.4528
PEMAFC-A,0,period_0779,49.150000,-35.9355,2.9789,125.9633,84.3708,41.5925
PEMAFC-A,0,period_0779,49.200000,-35.9010,3.5699,125.8093,84.3708,41.4384
PEMAFC-A,0,period_0779,49.250000,-35.8483,3.9653,125.9482,84.3708,41.5774
PEMAFC-A,0,period_0779,49.300000,-35.7935,3.7767,122.2217,84.3708,37.8509
PEMAFC-A,0,period_0779,49.350000,-35.7022,2.9339,119.7460,84.3708,35.3752
PEMAFC-A,0,period_0779,49.400000,-35.6782,5.0285,119.8716,84.3708,35.5008
PEMAFC-A,0,period_0779,49.450000,-35.6086,3.9699,120.1335,84.3708,35.7627
PEMAFC-A,0,period_0779,49.500000,-35.5418,4.3199,121.2575,84.3708,36.8867
PEMAFC-A,0,period_0779,49.550000,-35.5394,4.6863,122.9853,84.3708,38.6145
PEMAFC-A,0,period_0779,49.600000,-35.3884,4.4468,124.0154,84.3708,39.6445
PEMAFC-A,0,period_0779,49.650000,-35.2085,4.4721,124.8186,84.3708,40.4478
PEMAFC-A,0,period_0779,49.700000,-35.3319,4.5543,125.5068,84.3708,41.1360
PEMAFC-A,0,period_0779,49.750000,-34.9913,3.2745,116.2008,84.3708,31.8300
PEMAFC-A,0,period_0779,49.800000,-35.0665,3.5399,116.3655,84.3708,31.9946
PEMAFC-A,0,period_0779,49.850000,-35.1755,3.3171,116.4405,84.3708,32.0697
PEMAFC-A,0,period_0779,49.900000,-35.3373,4.7447,116.5145,84.3708,32.1437
PEMAFC-A,0,period_0779,49.950000,-35.3243,4.1326,116.5981,84.3708,32.2272
PEMAFC-A,0,period_0779,50.000000,-35.3382,3.9445,116.4841,84.3708,32.1133
PEMAFC-A,0,period_0779,50.050000,-35.0952,3.7209,116.0854,84.3708,31.7145
PEMAFC-A,0,period_0779,50.100000,-34.7978,3.8323,114.8381,84.3708,30.4672
PEMAFC-A,0,period_0779,50.150000,-34.8336,4.1209,115.5920,84.3708,31.2212
PEMAFC-A,0,period_0779,50.200000,-34.9632,4.2358,115.9608,84.3708,31.5900
PEMAFC-A,0,period_0779,50.250000,-35.0525,4.4642,116.9731,84.3708,32.6023
PEMAFC-A,0,period_0779,50.300000,-35.1293,4.0069,116.8277,84.3708,32.4569
PEMAFC-A,0,period_0779,50.350000,-35.1980,3.6472,116.8286,84.3708,32.4578
PEMAFC-A,0,period_0779,50.400000,-35.3691,4.5609,117.3102,84.3708,32.9394
PEMAFC-A,0,period_0779,50.450000,-35.6118,3.7497,119.2001,84.3708,34.8293
PEMAFC-A,0,period_0779,50.500000,-35.8843,4.3034,120.6856,84.3708,36.3147
PEMAFC-A,0,period_0779,50.550000,-35.9189,4.5218,121.5345,84.3708,37.1636
PEMAFC-A,0,period_0779,50.600000,-35.9545,4.6620,122.1625,84.3708,37.7917
PEMAFC-A,0,period_0779,50.650000,-36.1329,4.1890,122.3855,84.3708,38.0147
PEMAFC-A,0,period_0779,50.700000,-36.2851,4.0780,122.6902,84.3708,38.3194
PEMAFC-A,0,period_0779,50.750000,-36.2721,4.6346,122.5641,84.3708,38.1933
PEMAFC-A,0,period_0779,50.800000,-36.3987,2.2402,120.8466,84.3708,36.4757
PEMAFC-A,0,period_0779,50.850000,-36.2749,4.9184,119.3228,84.3708,34.9520
PEMAFC-A,0,period_0779,50.900000,-36.3101,4.8712,121.6610,84.3708,37.2901
PEMAFC-A,0,period_0779,50.950000,-36.3760,3.9697,121.8990,84.3708,37.5282
PEMAFC-A,0,period_0779,51.000000,-36.4341,2.8709,121.9547,84.3708,37.5839
PEMAFC-A,0,period_0779,51.050000,-36.3497,3.8057,121.4314,84.3708,37.0606
PEMAFC-A,0,period_0779,51.100000,-36.3604,3.9420,121.2576,84.3708,36.8868
PEMAFC-A,0,period_0779,51.150000,-36.4855,4.0663,121.9411,84.3708,37.5702
PEMAFC-A,0,period_0779,51.200000,-36.6599,3.8543,122.4051,84.3708,38.0343
PEMAFC-A,0,period_0779,51.250000,-36.8310,3.8772,122.5020,84.3708,38.1311
PEMAFC-A,0,period_0779,51.300000,-36.7915,4.6981,122.8055,84.3708,38.4347
PEMAFC-A,0,period_0779,51.350000,-36.7996,3.4160,122.8969,84.3708,38.5260
PEMAFC-A,0,period_0779,51.400000,-36.9449,4.8316,122.8265,84.3708,38.4556
PEMAFC-A,0,period_0779,51.450000,-36.9655,4.6489,123.0388,84.3708,38.6680
PEMAFC-A,0,period_0779,51.500000,-36.9286,3.8501,123.0645,84.3708,38.6937
PEMAFC-A,0,period_0779,51.550000,-36.9935,4.8758,122.9260,84.3708,38.5552
PEMAFC-A,0,period_0779,51.600000,-37.0995,4.0271,125.5955,84.3708,41.2246
PEMAFC-A,0,period_0779,51.650000,-37.0321,4.3103,125.5337,84.3708,41.1629
PEMAFC-A,0,period_0779,51.700000,-36.9973,4.4111,124.5234,84.3708,40.1525
PEMAFC-A,0,period_0779,51.750000,-36.8729,3.3935,122.5493,84.3708,38.1785
PEMAFC-A,0,period_0779,51.800000,-36.7661,4.2561,121.6998,84.3708,37.3290
PEMAFC-A,0,period_0779,51.850000,-36.8606,4.5047,123.1290,84.3708,38.7582
PEMAFC-A,0,period_0779,51.900000,-36.9690,5.0148,124.0579,84.3708,39.6871
PEMAFC-A,0,period_0779,51.950000,-36.9097,4.2078,123.0964,84.3708,38.7256
PEMAFC-A,0,period_0779,52.000000,-37.1049,3.0560,123.6892,84.3708,39.3183
PEMAFC-A,0,period_0779,52.050000,-37.1278,4.5211,123.5778,84.3708,39.2069
PEMAFC-A,0,period_0779,52.100000,-37.0258,4.2534,122.7243,84.3708,38.3534
PEMAFC-A,0,period_0779,52.150000,-36.8186,2.9626,121.6548,84.3708,37.2839
PEMAFC-A,0,period_0779,52.200000,-36.8670,4.5407,121.8137,84.3708,37.4429
PEMAFC-A,0,period_0779,52.250000,-36.7122,3.9567,120.7022,84.3708,36.3314
PEMAFC-A,0,period_0779,52.300000,-37.0106,4.2080,123.1284,84.3708,38.7576
PEMAFC-A,0,period_0779,52.350000,-37.1427,4.3111,124.2683,84.3708,39.8975
PEMAFC-A,0,period_0779,52.400000,-37.1186,4.3326,123.7929,84.3708,39.4221
PEMAFC-A,0,period_0779,52.450000,-37.1212,3.9256,124.2305,84.3708,39.8597
PEMAFC-A,0,period_0779,52.500000,-36.9726,3.4296,123.8414,84.3708,39.4706
PEMAFC-A,0,period_0779,52.550000,-36.8051,3.3377,123.6130,84.3708,39.2422
PEMAFC-A,0,period_0779,52.600000,-36.7537,3.9173,122.6782,84.3708,38.3074
PEMAFC-A,0,period_0779,52.650000,-36.7257,3.8548,122.6647,84.3708,38.2939
PEMAFC-A,0,period_0779,52.700000,-36.6006,4.6843,121.6362,84.3708,37.2654
PEMAFC-A,0,period_0779,52.750000,-36.8266,4.2700,122.2691,84.3708,37.8983
PEMAFC-A,0,period_0779,52.800000,-37.0092,4.8503,123.8637,84.3708,39.4929
PEMAFC-A,0,period_0779,52.850000,-36.8406,4.1734,122.2776,84.3708,37.9068
PEMAFC-A,0,period_0779,52.900000,-36.7126,3.7467,121.6537,84.3708,37.2829
PEMAFC-A,0,period_0779,52.950000,-36.7668,3.3710,122.0320,84.3708,37.6612
PEMAFC-A,0,period_0779,53.000000,-36.4973,2.4351,122.5325,84.3708,38.1617
PEMAFC-A,0,period_0779,53.050000,-36.5501,3.7705,125.0835,84.3708,40.7127
PEMAFC-A,0,period_0779,53.100000,-36.6471,4.2894,125.2339,84.3708,40.8631
PEMAFC-A,0,period_0779,53.150000,-36.7963,5.0190,125.8230,84.3708,41.4522
PEMAFC-A,0,period_0779,53.200000,-36.8907,4.3121,125.8035,84.3708,41.4326
PEMAFC-A,0,period_0779,53.250000,-36.9269,4.5466,125.6916,84.3708,41.3207
PEMAFC-A,0,period_0779,53.300000,-36.5678,2.6727,122.2850,84.3708,37.9142
PEMAFC-A,0,period_0779,53.350000,-36.5299,3.8148,121.2737,84.3708,36.9029
PEMAFC-A,0,period_0779,53.400000,-36.6651,4.5841,122.5270,84.3708,38.1562
PEMAFC-A,0,period_0779,53.450000,-36.6661,4.5709,121.5601,84.3708,37.1892
PEMAFC-A,0,period_0779,53.500000,-36.4859,3.5972,120.7502,84.3708,36.3793
PEMAFC-A,0,period_0779,53.550000,-36.4815,4.5141,119.7349,84.3708,35.3641
PEMAFC-A,0,period_0779,53.600000,-36.0808,2.5250,117.7582,84.3708,33.3874
PEMAFC-A,0,period_0779,53.650000,-35.9023,3.5162,116.3102,84.3708,31.9394
PEMAFC-A,0,period_0779,53.700000,-35.7976,4.2460,116.1790,84.3708,31.8081
PEMAFC-A,0,period_0779,53.750000,-35.6148,3.5962,116.1077,84.3708,31.7369
PEMAFC-A,0,period_0779,53.800000,-35.7894,4.7197,118.4935,84.3708,34.1226
PEMAFC-A,0,period_0779,53.850000,-35.7180,4.1958,118.8440,84.3708,34.4731
PEMAFC-A,0,period_0779,53.900000,-35.7887,4.6225,119.0036,84.3708,34.6328
PEMAFC-A,0,period_0779,53.950000,-35.6517,3.5772,119.7266,84.3708,35.3558
PEMAFC-A,0,period_0779,54.000000,-35.6220,3.5928,119.9968,84.3708,35.6259
PEMAFC-A,0,period_0779,54.050000,-35.4224,3.7523,118.9319,84.3708,34.5611
PEMAFC-A,0,period_0779,54.100000,-35.4082,3.3534,118.6166,84.3708,34.2457
PEMAFC-A,0,period_0779,54.150000,-35.3981,3.8895,117.7818,84.3708,33.4109
PEMAFC-A,0,period_0779,54.200000,-35.5276,4.7081,119.7419,84.3708,35.3710
PEMAFC-A,0,period_0779,54.250000,-35.3807,4.8113,119.5122,84.3708,35.1414
PEMAFC-A,0,period_0779,54.300000,-35.2496,3.9640,119.5615,84.3708,35.1907
PEMAFC-A,0,period_0779,54.350000,-35.1572,3.4151,121.0353,84.3708,36.6644
PEMAFC-A,0,period_0779,54.400000,-35.1970,3.5558,119.0843,84.3708,34.7135
PEMAFC-A,0,period_0779,54.450000,-35.1703,4.2471,119.9050,84.3708,35.5342
PEMAFC-A,0,period_0779,54.500000,-34.7315,3.4244,119.7119,84.3708,35.3410
PEMAFC-A,0,period_0779,54.550000,-34.8085,4.7131,120.6899,84.3708,36.3191
PEMAFC-A,0,period_0779,54.600000,-35.0974,3.8028,120.6264,84.3708,36.2556
PEMAFC-A,0,period_0779,54.650000,-35.2197,3.7587,120.4770,84.3708,36.1062
PEMAFC-A,0,period_0779,54.700000,-35.3767,3.9168,120.8445,84.3708,36.4737
PEMAFC-A,0,period_0779,54.750000,-35.5508,4.5560,121.8334,84.3708,37.4626
PEMAFC-A,0,period_0779,54.800000,-35.7901,4.8535,121.9460,84.3708,37.5752
PEMAFC-A,0,period_0779,54.850000,-36.0561,4.1509,121.2850,84.3708,36.9141
PEMAFC-A,0,period_0779,54.900000,-36.1374,3.1016,120.9441,84.3708,36.5732
PEMAFC-A,0,period_0779,54.950000,-36.3348,4.0803,121.3223,84.3708,36.9515
PEMAFC-A,0,period_0779,55.000000,-36.4438,4.2401,122.2976,84.3708,37.9268
PEMAFC-A,0,period_0779,55.050000,-36.3499,4.1561,122.2024,84.3708,37.8315
PEMAFC-A,0,period_0779,55.100000,-36.5230,4.6547,123.4114,84.3708,39.0405
PEMAFC-A,0,period_0779,55.150000,-36.6211,3.6760,123.8924,84.3708,39.5216
PEMAFC-A,0,period_0779,55.200000,-36.6774,4.5966,124.4749,84.3708,40.1040
PEMAFC-A,0,period_0779,55.250000,-36.4636,3.8377,120.2478,84.3708,35.8770
PEMAFC-A,0,period_0779,55.300000,-36.4196,3.8489,120.2952,84.3708,35.9243
PEMAFC-A,0,period_0779,55.350000,-36.5363,4.8638,120.7292,84.3708,36.3584
PEMAFC-A,0,period_0779,55.400000,-36.6525,3.8512,121.1828,84.3708,36.8120
PEMAFC-A,0,period_0779,55.450000,-36.7373,3.6459,119.8673,84.3708,35.4965
PEMAFC-A,0,period_0779,55.500000,-36.5263,2.9259,120.1409,84.3708,35.7700
PEMAFC-A,0,period_0779,55.550000,-36.5174,4.2216,119.4478,84.3708,35.0769
PEMAFC-A,0,period_0779,55.600000,-36.6509,4.0002,119.3207,84.3708,34.9499
PEMAFC-A,0,period_0779,55.650000,-36.4201,4.1411,119.6903,84.3708,35.3194
PEMAFC-A,0,period_0779,55.700000,-36.3935,4.7936,119.1996,84.3708,34.8288
PEMAFC-A,0,period_0779,55.750000,-36.3171,4.0810,119.5579,84.3708,35.1871
PEMAFC-A,0,period_0779,55.800000,-36.1038,3.0465,118.4427,84.3708,34.0719
PEMAFC-A,0,period_0779,55.850000,-36.3558,4.1193,119.1460,84.3708,34.7752
PEMAFC-A,0,period_0779,55.900000,-36.5257,4.3846,119.9471,84.3708,35.5762
PEMAFC-A,0,period_0779,55.950000,-36.3355,3.1975,118.7997,84.3708,34.4289
PEMAFC-A,0,period_0779,56.000000,-36.4194,3.7396,118.0755,84.3708,33.7047
PEMAFC-A,0,period_0779,56.050000,-36.5308,4.4331,119.0932,84.3708,34.7224
PEMAFC-A,0,period_0779,56.100000,-36.2474,3.8308,118.8756,84.3708,34.5047
PEMAFC-A,0,period_0779,56.150000,-36.3138,4.0328,118.1800,84.3708,33.8092
PEMAFC-A,0,period_0779,56.200000,-36.5720,4.3681,118.4974,84.3708,34.1266
PEMAFC-A,0,period_0779,56.250000,-36.4248,3.4481,117.6238,84.3708,33.2530
PEMAFC-A,0,period_0779,56.300000,-36.4835,4.5536,117.7493,84.3708,33.3784
PEMAFC-A,0,period_0779,56.350000,-36.2890,3.1816,117.3447,84.3708,32.9738
PEMAFC-A,0,period_0779,56.400000,-36.3712,4.1024,117.9485,84.3708,33.5777
PEMAFC-A,0,period_0779,56.450000,-36.5360,4.7283,119.4843,84.3708,35.1134
PEMAFC-A,0,period_0779,56.500000,-36.5527,4.3091,119.4067,84.3708,35.0359
PEMAFC-A,0,period_0779,56.550000,-36.5557,3.9536,119.4943,84.3708,35.1235
PEMAFC-A,0,period_0779,56.600000,-36.5207,4.0967,119.8835,84.3708,35.5127
PEMAFC-A,0,period_0779,56.650000,-36.5843,4.7509,120.2643,84.3708,35.8935
PEMAFC-A,0,period_0779,56.700000,-36.6635,4.8960,120.8911,84.3708,36.5202
PEMAFC-A,0,period_0779,56.750000,-36.7634,3.5745,119.6015,84.3708,35.2307
PEMAFC-A,0,period_0779,56.800000,-36.6584,3.7196,120.8048,84.3708,36.4340
PEMAFC-A,0,period_0779,56.850000,-36.8519,4.4371,121.4589,84.3708,37.0880
PEMAFC-A,0,period_0779,56.900000,-36.4532,3.3457,120.8802,84.3708,36.5093
PEMAFC-A,0,period_0779,56.950000,-36.5903,3.8846,121.4861,84.3708,37.1153
PEMAFC-A,0,period_0779,57.000000,-36.6537,3.9128,120.8809,84.3708,36.5101
PEMAFC-A,0,period_0779,57.050000,-37.0084,4.8214,121.8751,84.3708,37.5043
PEMAFC-A,0,period_0779,57.100000,-37.4347,4.6571,122.0436,84.3708,37.6727
PEMAFC-A,0,period_0779,57.150000,-37.5695,4.3221,122.7499,84.3708,38.3791
PEMAFC-A,0,period_0779,57.200000,-37.4480,4.2152,122.5164,84.3708,38.1456
PEMAFC-A,0,period_0779,57.250000,-37.6052,4.3346,123.3709,84.3708,39.0001
PEMAFC-A,0,period_0779,57.300000,-37.6617,3.6761,123.0643,84.3708,38.6935
PEMAFC-A,0,period_0779,57.350000,-37.8994,4.2086,123.1881,84.3708,38.8172
PEMAFC-A,0,period_0779,57.400000,-37.8360,4.5709,122.9853,84.3708,38.6145
PEMAFC-A,0,period_0779,57.450000,-37.9010,3.9095,123.3493,84.3708,38.9785
PEMAFC-A,0,period_0779,57.500000,-37.9799,3.6918,123.4845,84.3708,39.1136
PEMAFC-A,0,period_0779,57.550000,-37.8436,4.1504,122.7020,84.3708,38.3311
PEMAFC-A,0,period_0779,57.600000,-37.8457,4.5457,122.8529,84.3708,38.4821
PEMAFC-A,0,period_0779,57.650000,-37.9064,4.6166,123.4418,84.3708,39.0710
PEMAFC-A,0,period_0779,57.700000,-37.9403,3.4031,124.0351,84.3708,39.6643
PEMAFC-A,0,period_0779,57.750000,-38.0431,3.9602,125.2011,84.3708,40.8302
PEMAFC-A,0,period_0779,57.800000,-38.0868,4.8524,125.4362,84.3708,41.0653
PEMAFC-A,0,period_0779,57.850000,-38.2073,3.9341,126.5167,84.3708,42.1459
PEMAFC-A,0,period_0779,57.900000,-38.1186,4.1597,125.9172,84.3708,41.5463
PEMAFC-A,0,period_0779,57.950000,-38.1998,4.2092,126.1880,84.3708,41.8172
PEMAFC-A,0,period_0779,58.000000,-38.1674,3.8663,126.0383,84.3708,41.6674
PEMAFC-A,0,period_0779,58.050000,-37.5559,2.2023,120.9814,84.3708,36.6106
PEMAFC-A,0,period_0779,58.100000,-37.3920,3.8880,119.2411,84.3708,34.8703
PEMAFC-A,0,period_0779,58.150000,-37.4275,3.6638,119.9620,84.3708,35.5911
PEMAFC-A,0,period_0779,58.200000,-37.6716,4.1504,120.9306,84.3708,36.5598
PEMAFC-A,0,period_0779,58.250000,-37.7351,3.7570,121.6389,84.3708,37.2681
PEMAFC-A,0,period_0779,58.300000,-37.5072,3.7431,120.6695,84.3708,36.2987
PEMAFC-A,0,period_0779,58.350000,-37.3136,4.0526,120.1488,84.3708,35.7780
PEMAFC-A,0,period_0779,58.400000,-37.3913,4.5311,120.1998,84.3708,35.8290
PEMAFC-A,0,period_0779,58.450000,-37.4341,3.9507,120.4901,84.3708,36.1193
PEMAFC-A,0,period_0779,58.500000,-37.4815,4.3867,120.3146,84.3708,35.9438
PEMAFC-A,0,period_0779,58.550000,-37.6576,4.1781,120.9224,84.3708,36.5516
PEMAFC-A,0,period_0779,58.600000,-37.6486,4.1854,120.6204,84.3708,36.2496
PEMAFC-A,0,period_0779,58.650000,-37.7190,4.4093,121.1972,84.3708,36.8263
PEMAFC-A,0,period_0779,58.700000,-37.6019,4.5128,121.6503,84.3708,37.2795
PEMAFC-A,0,period_0779,58.750000,-37.5817,3.3292,123.9762,84.3708,39.6053
PEMAFC-A,0,period_0779,58.800000,-37.7956,4.8492,126.0580,84.3708,41.6872
PEMAFC-A,0,period_0779,58.850000,-37.8812,4.2484,126.5424,84.3708,42.1715
PEMAFC-A,0,period_0779,58.900000,-37.7476,3.9431,125.7217,84.3708,41.3509
PEMAFC-A,0,period_0779,58.950000,-37.6452,3.3822,126.8036,84.3708,42.4328
PEMAFC-A,0,period_0779,59.000000,-37.6846,4.2131,127.4911,84.3708,43.1203
PEMAFC-A,0,period_0779,59.050000,-37.6524,4.4408,127.5272,84.3708,43.1563
PEMAFC-A,0,period_0779,59.100000,-37.6276,4.5753,125.4956,84.3708,41.1247
PEMAFC-A,0,period_0779,59.150000,-37.6236,4.6364,125.1913,84.3708,40.8204
PEMAFC-A,0,period_0779,59.200000,-37.6172,4.2542,124.8726,84.3708,40.5017
PEMAFC-A,0,period_0779,59.250000,-37.4839,4.4645,124.2568,84.3708,39.8860
PEMAFC-A,0,period_0779,59.300000,-37.4197,3.3661,123.3957,84.3708,39.0248
PEMAFC-A,0,period_0779,59.350000,-37.4645,4.1730,123.0653,84.3708,38.6944
PEMAFC-A,0,period_0779,59.400000,-37.5617,3.8679,122.7456,84.3708,38.3748
PEMAFC-A,0,period_0779,59.450000,-37.3712,4.2902,121.8559,84.3708,37.4851
PEMAFC-A,0,period_0779,59.500000,-37.1462,3.5034,121.8448,84.3708,37.4739
PEMAFC-A,0,period_0779,59.550000,-37.0659,4.2680,120.9257,84.3708,36.5549
PEMAFC-A,0,period_0779,59.600000,-37.1948,3.3717,121.0379,84.3708,36.6671
PEMAFC-A,0,period_0779,59.650000,-37.1454,3.8904,121.9437,84.3708,37.5729
PEMAFC-A,0,period_0779,59.700000,-36.9919,3.5323,120.8033,84.3708,36.4324
PEMAFC-A,0,period_0779,59.750000,-37.0265,3.1666,121.0955,84.3708,36.7246
PEMAFC-A,0,period_0779,59.800000,-37.1656,3.8313,120.5166,84.3708,36.1458
PEMAFC-A,0,period_0779,59.850000,-37.0289,4.0000,120.0401,84.3708,35.6692
PEMAFC-A,0,period_0779,59.900000,-36.9457,3.9477,119.8985,84.3708,35.5277
PEMAFC-A,0,period_0779,59.950000,-36.6546,4.4141,117.7405,84.3708,33.3697
PEMAFC-A,0,period_0779,60.000000,-36.6534,3.8777,117.9856,84.3708,33.6148
PEMAFC-A,0,period_0779,60.050000,-36.6177,4.0761,117.8995,84.3708,33.5286
PEMAFC-A,0,period_0779,60.100000,-36.6552,4.3686,118.2215,84.3708,33.8507
PEMAFC-A,0,period_0779,60.150000,-36.6002,4.7082,118.2549,84.3708,33.8840
PEMAFC-A,0,period_0779,60.200000,-36.4244,4.0929,117.8174,84.3708,33.4465
PEMAFC-A,0,period_0779,60.250000,-36.4247,3.9586,118.1140,84.3708,33.7431
PEMAFC-A,0,period_0779,60.300000,-36.0825,3.3395,117.0989,84.3708,32.7281
PEMAFC-A,0,period_0779,60.350000,-36.1754,4.6767,116.8916,84.3708,32.5207
PEMAFC-A,0,period_0779,60.400000,-36.1431,3.6682,116.5555,84.3708,32.1847
PEMAFC-A,0,period_0779,60.450000,-36.1382,4.3931,116.3564,84.3708,31.9855
PEMAFC-A,0,period_0779,60.500000,-36.0570,3.5568,116.2270,84.3708,31.8562
PEMAFC-A,0,period_0779,60.550000,-35.9827,4.8302,116.2874,84.3708,31.9165
PEMAFC-A,0,period_0779,60.600000,-35.9749,4.7989,116.5581,84.3708,32.1873
PEMAFC-A,0,period_0779,60.650000,-35.8639,4.3919,116.6410,84.3708,32.2702
PEMAFC-A,0,period_0779,60.700000,-35.9348,3.8209,116.7759,84.3708,32.4051
PEMAFC-A,0,period_0779,60.750000,-35.8427,4.0839,116.7808,84.3708,32.4100
PEMAFC-A,0,period_0779,60.800000,-35.8002,4.7808,116.9864,84.3708,32.6156
PEMAFC-A,0,period_0779,60.850000,-35.8643,4.5948,116.9920,84.3708,32.6211
PEMAFC-A,0,period_0779,60.900000,-36.0348,4.0878,117.1542,84.3708,32.7834
PEMAFC-A,0,period_0779,60.950000,-36.0840,3.8647,117.9738,84.3708,33.6030
PEMAFC-A,0,period_0779,61.000000,-36.0106,4.3336,117.9584,84.3708,33.5876
PEMAFC-A,0,period_0779,61.050000,-36.0883,5.0698,117.8074,84.3708,33.4366
PEMAFC-A,0,period_0779,61.100000,-35.9821,4.1898,117.3686,84.3708,32.9978
PEMAFC-A,0,period_0779,61.150000,-35.9472,4.2725,117.4986,84.3708,33.1278
PEMAFC-A,0,period_0779,61.200000,-35.8240,4.0744,117.9682,84.3708,33.5973
PEMAFC-A,0,period_0779,61.250000,-35.9925,4.2552,117.7690,84.3708,33.3982
PEMAFC-A,0,period_0779,61.300000,-36.1288,4.6041,118.6455,84.3708,34.2747
PEMAFC-A,0,period_0779,61.350000,-36.2474,3.5663,118.2102,84.3708,33.8394
PEMAFC-A,0,period_0779,61.400000,-36.1731,3.7126,117.6523,84.3708,33.2815
PEMAFC-A,0,period_0779,61.450000,-35.8756,3.7511,116.9129,84.3708,32.5420
PEMAFC-A,0,period_0779,61.500000,-35.8753,4.4867,116.8509,84.3708,32.4801
PEMAFC-A,0,period_0779,61.550000,-35.6777,5.1811,116.8060,84.3708,32.4351
PEMAFC-A,0,period_0779,61.600000,-35.5095,3.9024,116.5840,84.3708,32.2132
PEMAFC-A,0,period_0779,61.650000,-35.3211,4.2929,116.2508,84.3708,31.8800
PEMAFC-A,0,period_0779,61.700000,-35.5073,4.3806,116.9008,84.3708,32.5299
PEMAFC-A,0,period_0779,61.750000,-35.4776,3.3316,116.4328,84.3708,32.0619
PEMAFC-A,0,period_0779,61.800000,-35.2092,4.0397,116.3143,84.3708,31.9435
PEMAFC-A,0,period_0779,61.850000,-35.0664,4.6700,116.3601,84.3708,31.9893
PEMAFC-A,0,period_0779,61.900000,-35.0308,3.2466,116.0692,84.3708,31.6984
PEMAFC-A,0,period_0779,61.950000,-35.1086,4.2650,115.9213,84.3708,31.5505
PEMAFC-A,0,period_0779,62.000000,-35.0353,4.3021,115.9202,84.3708,31.5494
PEMAFC-A,0,period_0779,62.050000,-35.1093,2.3956,116.2646,84.3708,31.8937
PEMAFC-A,0,period_0779,62.100000,-35.2084,4.5125,116.3938,84.3708,32.0229
PEMAFC-A,0,period_0779,62.150000,-35.1664,4.4465,115.9932,84.3708,31.6224
PEMAFC-A,0,period_0779,62.200000,-35.1199,4.1235,115.2728,84.3708,30.9020
PEMAFC-A,0,period_0779,62.250000,-35.1782,4.8035,115.7964,84.3708,31.4256
PEMAFC-A,0,period_0779,62.300000,-35.2450,4.1773,115.7288,84.3708,31.3580
PEMAFC-A,0,period_0779,62.350000,-35.2244,3.6987,116.4388,84.3708,32.0679
PEMAFC-A,0,period_0779,62.400000,-34.9834,3.7311,115.3215,84.3708,30.9507
PEMAFC-A,0,period_0779,62.450000,-34.9844,4.9738,115.5051,84.3708,31.1343
PEMAFC-A,0,period_0779,62.500000,-34.8825,4.8030,115.1164,84.3708,30.7455
PEMAFC-A,0,period_0779,62.550000,-34.6182,3.8880,114.1961,84.3708,29.8253
PEMAFC-A,0,period_0779,62.600000,-34.5761,3.4381,113.8059,84.3708,29.4351
PEMAFC-A,0,period_0779,62.650000,-34.5792,4.1664,113.6200,84.3708,29.2492
PEMAFC-A,0,period_0779,62.700000,-34.3035,4.8716,113.1825,84.3708,28.8117
PEMAFC-A,0,period_0779,62.750000,-34.2378,4.1076,113.2716,84.3708,28.9007
PEMAFC-A,0,period_0779,62.800000,-34.2353,4.6184,113.4839,84.3708,29.1131
PEMAFC-A,0,period_0779,62.850000,-34.1385,3.4491,113.1718,84.3708,28.8009
PEMAFC-A,0,period_0779,62.900000,-34.5653,2.2867,113.5696,84.3708,29.1987
PEMAFC-A,0,period_0779,62.950000,-34.6755,4.5539,113.7763,84.3708,29.4055
PEMAFC-A,0,period_0779,63.000000,-34.6362,4.2899,113.8193,84.3708,29.4485
PEMAFC-A,0,period_0779,63.050000,-34.7066,3.4368,113.7003,84.3708,29.3295
PEMAFC-A,0,period_0779,63.100000,-34.7585,4.3945,113.5693,84.3708,29.1985
PEMAFC-A,0,period_0779,63.150000,-34.7703,4.4866,113.6886,84.3708,29.3178
PEMAFC-A,0,period_0779,63.200000,-34.9804,3.9182,113.7626,84.3708,29.3918
PEMAFC-A,0,period_0779,63.250000,-34.6722,4.6210,113.5876,84.3708,29.2168
PEMAFC-A,0,period_0779,63.300000,-34.6331,4.1690,113.3022,84.3708,28.9314
PEMAFC-A,0,period_0779,63.350000,-34.5560,4.4087,113.2386,84.3708,28.8678
PEMAFC-A,0,period_0779,63.400000,-34.4697,5.0809,113.2322,84.3708,28.8613
PEMAFC-A,0,period_0779,63.450000,-34.4121,4.0569,113.2370,84.3708,28.8661
PEMAFC-A,0,period_0779,63.500000,-34.3901,4.4986,113.2020,84.3708,28.8312
PEMAFC-A,0,period_0779,63.550000,-34.4210,3.5460,113.1877,84.3708,28.8168
PEMAFC-A,0,period_0779,63.600000,-34.3005,3.4013,112.9354,84.3708,28.5646
PEMAFC-A,0,period_0779,63.650000,-34.0434,4.0205,112.5190,84.3708,28.1481
PEMAFC-A,0,period_0779,63.700000,-33.9862,4.8385,112.4862,84.3708,28.1153
PEMAFC-A,0,period_0779,63.750000,-34.0374,4.6330,112.5870,84.3708,28.2162
PEMAFC-A,0,period_0779,63.800000,-34.0349,4.7537,112.7507,84.3708,28.3798
PEMAFC-A,0,period_0779,63.850000,-34.0636,3.1593,112.5806,84.3708,28.2097
PEMAFC-A,0,period_0779,63.900000,-34.2286,4.3191,113.1359,84.3708,28.7651
PEMAFC-A,0,period_0779,63.950000,-34.3223,4.4172,113.3139,84.3708,28.9430
PEMAFC-A,0,period_0779,64.000000,-34.4609,4.1514,113.5432,84.3708,29.1724
PEMAFC-A,0,period_0779,64.050000,-34.4348,4.0714,113.4521,84.3708,29.0813
PEMAFC-A,0,period_0779,64.100000,-34.2368,3.6182,113.2753,84.3708,28.9045
PEMAFC-A,0,period_0779,64.150000,-34.3110,4.2726,113.3432,84.3708,28.9724
PEMAFC-A,0,period_0779,64.200000,-34.2748,3.9625,113.4129,84.3708,29.0421
PEMAFC-A,0,period_0779,64.250000,-34.3903,3.6449,113.2511,84.3708,28.8803
PEMAFC-A,0,period_0779,64.300000,-34.3414,3.2764,113.1093,84.3708,28.7384
PEMAFC-A,0,period_0779,64.350000,-34.3182,4.8936,113.0713,84.3708,28.7005
PEMAFC-A,0,period_0779,64.400000,-34.0525,4.8937,112.6290,84.3708,28.2581
PEMAFC-A,0,period_0779,64.450000,-34.1207,4.2744,112.7676,84.3708,28.3967
PEMAFC-A,0,period_0779,64.500000,-34.0879,3.1309,112.7838,84.3708,28.4130
PEMAFC-A,0,period_0779,64.550000,-34.2057,4.1168,112.9771,84.3708,28.6062
PEMAFC-A,0,period_0779,64.600000,-34.2417,4.1199,113.3203,84.3708,28.9495
PEMAFC-A,0,period_0779,64.650000,-34.1286,4.1217,113.6415,84.3708,29.2706
PEMAFC-A,0,period_0779,64.700000,-34.3650,3.0218,113.6609,84.3708,29.2901
PEMAFC-A,0,period_0779,64.750000,-34.5625,4.4850,114.0461,84.3708,29.6752
PEMAFC-A,0,period_0779,64.800000,-34.4904,4.5423,114.1724,84.3708,29.8015
PEMAFC-A,0,period_0779,64.850000,-34.5818,3.7297,114.2224,84.3708,29.8516
PEMAFC-A,0,period_0779,64.900000,-34.4563,4.7062,114.2498,84.3708,29.8790
PEMAFC-A,0,period_0779,64.950000,-34.4183,3.8337,113.5409,84.3708,29.1700
PEMAFC-A,0,period_0779,65.000000,-34.5478,3.9637,113.9210,84.3708,29.5501
PEMAFC-A,0,period_0779,65.050000,-34.6854,3.6146,114.0349,84.3708,29.6641
PEMAFC-A,0,period_0779,65.100000,-34.6290,3.9264,113.9867,84.3708,29.6158
PEMAFC-A,0,period_0779,65.150000,-34.7924,3.8141,114.4796,84.3708,30.1088
PEMAFC-A,0,period_0779,65.200000,-34.6621,5.2909,114.4840,84.3708,30.1132
PEMAFC-A,0,period_0779,65.250000,-34.5305,4.8758,114.4705,84.3708,30.0996
PEMAFC-A,0,period_0779,65.300000,-34.8251,3.8027,114.7123,84.3708,30.3414
PEMAFC-A,0,period_0779,65.350000,-34.8910,4.4722,114.7876,84.3708,30.4167
PEMAFC-A,0,period_0779,65.400000,-34.6746,4.5434,114.8658,84.3708,30.4950
PEMAFC-A,0,period_0779,65.450000,-34.8857,4.2765,115.1291,84.3708,30.7583
PEMAFC-A,0,period_0779,65.500000,-34.9306,3.4318,114.8098,84.3708,30.4390
PEMAFC-A,0,period_0779,65.550000,-35.0331,3.3422,115.4858,84.3708,31.1150
PEMAFC-A,0,period_0779,65.600000,-34.9097,5.1154,115.1395,84.3708,30.7687
PEMAFC-A,0,period_0779,65.650000,-34.8701,4.9415,115.6646,84.3708,31.2938
PEMAFC-A,0,period_0779,65.700000,-34.6218,3.8039,115.8720,84.3708,31.5012
PEMAFC-A,0,period_0779,65.750000,-34.4819,4.1065,116.3191,84.3708,31.9483
PEMAFC-A,0,period_0779,65.800000,-34.3991,4.3691,116.4068,84.3708,32.0359
PEMAFC-A,0,period_0779,65.850000,-34.1511,4.3073,116.7518,84.3708,32.3810
PEMAFC-A,0,period_0779,65.900000,-33.9357,4.8214,117.1545,84.3708,32.7837
PEMAFC-A,0,period_0779,65.950000,-34.1521,3.6485,117.2680,84.3708,32.8972
PEMAFC-A,0,period_0779,66.000000,-34.3892,3.7192,117.4975,84.3708,33.1267
PEMAFC-A,0,period_0779,66.050000,-34.2023,4.2812,117.0826,84.3708,32.7118
PEMAFC-A,0,period_0779,66.100000,-34.1241,4.6418,116.9466,84.3708,32.5758
PEMAFC-A,0,period_0779,66.150000,-34.0120,4.0112,117.6017,84.3708,33.2309
PEMAFC-A,0,period_0779,66.200000,-34.1278,3.8975,117.7425,84.3708,33.3717
PEMAFC-A,0,period_0779,66.250000,-34.4173,4.0330,117.7271,84.3708,33.3562
PEMAFC-A,0,period_0779,66.300000,-34.8956,2.9472,118.7416,84.3708,34.3708
PEMAFC-A,0,period_0779,66.350000,-34.8256,2.7789,117.6641,84.3708,33.2933
PEMAFC-A,0,period_0779,66.400000,-34.9783,3.8697,117.9550,84.3708,33.5842
PEMAFC-A,0,period_0779,66.450000,-35.0546,4.9023,117.9019,84.3708,33.5310
PEMAFC-A,0,period_0779,66.500000,-35.0729,4.4404,117.6900,84.3708,33.3192
PEMAFC-A,0,period_0779,66.550000,-34.9668,3.5203,117.4996,84.3708,33.1287
PEMAFC-A,0,period_0779,66.600000,-35.0703,4.4227,116.8665,84.3708,32.4957
PEMAFC-A,0,period_0779,66.650000,-34.7801,3.8880,116.8783,84.3708,32.5075
PEMAFC-A,0,period_0779,66.700000,-34.8310,3.9215,116.9751,84.3708,32.6043
PEMAFC-A,0,period_0779,66.750000,-35.3024,4.5016,117.8612,84.3708,33.4903
PEMAFC-A,0,period_0779,66.800000,-35.3689,3.9908,117.6518,84.3708,33.2810
PEMAFC-A,0,period_0779,66.850000,-35.6026,3.3872,118.3299,84.3708,33.9591
PEMAFC-A,0,period_0779,66.900000,-35.6169,4.7685,118.3734,84.3708,34.0025
PEMAFC-A,0,period_0779,66.950000,-35.4009,4.3887,118.4284,84.3708,34.0575
PEMAFC-A,0,period_0779,67.000000,-35.4074,4.3793,119.1582,84.3708,34.7874
PEMAFC-A,0,period_0779,67.050000,-35.5610,4.4308,119.6139,84.3708,35.2431
PEMAFC-A,0,period_0779,67.100000,-35.5920,4.6317,119.5379,84.3708,35.1670
PEMAFC-A,0,period_0779,67.150000,-35.2999,4.9806,119.4802,84.3708,35.1094
PEMAFC-A,0,period_0779,67.200000,-35.6657,4.1122,119.4562,84.3708,35.0854
PEMAFC-A,0,period_0779,67.250000,-35.9889,3.4770,119.5036,84.3708,35.1327
PEMAFC-A,0,period_0779,67.300000,-36.3323,3.7097,119.4637,84.3708,35.0928
PEMAFC-A,0,period_0779,67.350000,-36.2945,4.9848,119.6594,84.3708,35.2886
PEMAFC-A,0,period_0779,67.400000,-36.1624,4.0963,119.7892,84.3708,35.4183
PEMAFC-A,0,period_0779,67.450000,-36.3141,4.0324,119.8487,84.3708,35.4778
PEMAFC-A,0,period_0779,67.500000,-36.2580,4.0347,119.8238,84.3708,35.4530
PEMAFC-A,0,period_0779,67.550000,-36.3564,4.5831,119.7608,84.3708,35.3900
PEMAFC-A,0,period_0779,67.600000,-36.5808,3.2578,119.6011,84.3708,35.2303
PEMAFC-A,0,period_0779,67.650000,-36.8505,3.6038,119.7801,84.3708,35.4093
PEMAFC-A,0,period_0779,67.700000,-36.8456,3.5818,119.5360,84.3708,35.1652
PEMAFC-A,0,period_0779,67.750000,-36.6568,4.1571,119.3151,84.3708,34.9443
PEMAFC-A,0,period_0779,67.800000,-36.7334,4.3910,119.2959,84.3708,34.9250
PEMAFC-A,0,period_0779,67.850000,-36.9612,3.5071,119.2580,84.3708,34.8871
PEMAFC-A,0,period_0779,67.900000,-36.9515,3.8222,119.3020,84.3708,34.9312
PEMAFC-A,0,period_0779,67.950000,-37.0042,5.4486,119.2205,84.3708,34.8497
PEMAFC-A,0,period_0779,68.000000,-36.6850,4.5268,119.0555,84.3708,34.6846
PEMAFC-A,0,period_0779,68.050000,-36.5837,4.8229,119.5686,84.3708,35.1978
PEMAFC-A,0,period_0779,68.100000,-36.4971,4.4627,119.8787,84.3708,35.5078
PEMAFC-A,0,period_0779,68.150000,-36.4907,4.2448,119.8192,84.3708,35.4484
PEMAFC-A,0,period_0779,68.200000,-36.7077,3.6947,119.5435,84.3708,35.1727
PEMAFC-A,0,period_0779,68.250000,-36.7161,4.2294,119.6635,84.3708,35.2926
PEMAFC-A,0,period_0779,68.300000,-36.2623,4.5128,120.1381,84.3708,35.7672
PEMAFC-A,0,period_0779,68.350000,-36.1680,4.7685,119.7608,84.3708,35.3900
PEMAFC-A,0,period_0779,68.400000,-36.1281,4.2680,119.9274,84.3708,35.5566
PEMAFC-A,0,period_0779,68.450000,-35.8376,3.8477,119.8421,84.3708,35.4712
PEMAFC-A,0,period_0779,68.500000,-36.0975,3.4123,119.1639,84.3708,34.7930
PEMAFC-A,0,period_0779,68.550000,-36.1227,3.9199,119.3591,84.3708,34.9883
PEMAFC-A,0,period_0779,68.600000,-36.1692,3.7275,119.1143,84.3708,34.7435
PEMAFC-A,0,period_0779,68.650000,-36.3491,3.4463,119.0887,84.3708,34.7178
PEMAFC-A,0,period_0779,68.700000,-36.4163,4.2786,119.2545,84.3708,34.8837
PEMAFC-A,0,period_0779,68.750000,-36.4539,4.2339,118.9293,84.3708,34.5584
PEMAFC-A,0,period_0779,68.800000,-36.6174,3.5805,119.1974,84.3708,34.8266
PEMAFC-A,0,period_0779,68.850000,-36.5104,3.9869,119.2386,84.3708,34.8677
PEMAFC-A,0,period_0779,68.900000,-36.1604,4.4982,118.8495,84.3708,34.4787
PEMAFC-A,0,period_0779,68.950000,-35.9615,4.4896,118.9788,84.3708,34.6079
PEMAFC-A,0,period_0779,69.000000,-36.1252,4.2030,119.3644,84.3708,34.9936
PEMAFC-A,0,period_0779,69.050000,-35.9158,4.3800,119.0902,84.3708,34.7194
PEMAFC-A,0,period_0779,69.100000,-35.7345,4.5905,119.5599,84.3708,35.1891
PEMAFC-A,0,period_0779,69.150000,-35.7013,3.7937,118.9460,84.3708,34.5752
PEMAFC-A,0,period_0779,69.200000,-35.8333,3.8450,119.9330,84.3708,35.5622
PEMAFC-A,0,period_0779,69.250000,-35.6389,4.7865,120.0334,84.3708,35.6626
PEMAFC-A,0,period_0779,69.300000,-35.8053,4.3477,119.6466,84.3708,35.2758
PEMAFC-A,0,period_0779,69.350000,-35.5202,4.9028,119.7408,84.3708,35.3700
PEMAFC-A,0,period_0779,69.400000,-35.5419,3.9971,120.3875,84.3708,36.0166
PEMAFC-A,0,period_0779,69.450000,-35.5895,4.7690,121.0393,84.3708,36.6685
PEMAFC-A,0,period_0779,69.500000,-36.0341,2.9946,121.8776,84.3708,37.5067
PEMAFC-A,0,period_0779,69.550000,-35.8980,4.9957,121.8424,84.3708,37.4716
PEMAFC-A,0,period_0779,69.600000,-35.5705,4.3406,120.7869,84.3708,36.4160
PEMAFC-A,0,period_0779,69.650000,-35.4684,4.3942,120.6019,84.3708,36.2311
PEMAFC-A,0,period_0779,69.700000,-35.1688,4.2454,121.5171,84.3708,37.1463
PEMAFC-A,0,period_0779,69.750000,-35.4090,4.9581,120.8925,84.3708,36.5216
PEMAFC-A,0,period_0779,69.800000,-35.2986,4.1085,120.9214,84.3708,36.5506
PEMAFC-A,0,period_0779,69.850000,-35.2123,4.4930,121.3571,84.3708,36.9862
PEMAFC-A,0,period_0779,69.900000,-35.2314,4.1089,121.1954,84.3708,36.8246
PEMAFC-A,0,period_0779,69.950000,-35.2336,4.5632,121.8898,84.3708,37.5190
PEMAFC-A,0,period_0779,70.000000,-35.1411,3.7112,122.6122,84.3708,38.2413
PEMAFC-A,0,period_0779,70.050000,-34.9421,4.4325,122.8453,84.3708,38.4745
PEMAFC-A,0,period_0779,70.100000,-34.9408,3.8830,122.6784,84.3708,38.3076
PEMAFC-A,0,period_0779,70.150000,-34.8547,4.4520,122.6079,84.3708,38.2371
PEMAFC-A,0,period_0779,70.200000,-34.6274,4.5297,123.1226,84.3708,38.7517
PEMAFC-A,0,period_0779,70.250000,-35.2513,2.6134,122.9856,84.3708,38.6147
PEMAFC-A,0,period_0779,70.300000,-35.2278,3.9149,122.9934,84.3708,38.6226
PEMAFC-A,0,period_0779,70.350000,-35.0650,4.3612,123.8780,84.3708,39.5071
PEMAFC-A,0,period_0779,70.400000,-34.6380,4.9912,123.9841,84.3708,39.6133
PEMAFC-A,0,period_0779,70.450000,-34.4364,4.2925,123.9264,84.3708,39.5556
PEMAFC-A,0,period_0779,70.500000,-34.1186,4.6130,123.5756,84.3708,39.2048
PEMAFC-A,0,period_0779,70.550000,-34.4682,2.8900,124.1777,84.3708,39.8069
PEMAFC-A,0,period_0779,70.600000,-34.3835,4.2903,124.6194,84.3708,40.2485
PEMAFC-A,0,period_0779,70.650000,-34.3687,4.1261,125.2850,84.3708,40.9141
PEMAFC-A,0,period_0779,70.700000,-34.2895,4.1791,124.8000,84.3708,40.4291
PEMAFC-A,0,period_0779,70.750000,-33.9695,4.8682,124.5722,84.3708,40.2014
PEMAFC-A,0,period_0779,70.800000,-33.9159,4.4842,125.3823,84.3708,41.0114
PEMAFC-A,0,period_0779,70.850000,-33.9856,4.2196,125.8321,84.3708,41.4613
PEMAFC-A,0,period_0779,70.900000,-33.7714,4.5524,126.2707,84.3708,41.8998
PEMAFC-A,0,period_0779,70.950000,-33.6686,4.7676,124.6463,84.3708,40.2754
PEMAFC-A,0,period_0779,71.000000,-33.6146,4.1541,124.9030,84.3708,40.5322
PEMAFC-A,0,period_0779,71.050000,-33.5324,4.7844,125.1235,84.3708,40.7527
PEMAFC-A,0,period_0779,71.100000,-33.6739,3.6189,126.1387,84.3708,41.7678
PEMAFC-A,0,period_0779,71.150000,-33.5585,4.0620,126.7070,84.3708,42.3361
PEMAFC-A,0,period_0779,71.200000,-33.6820,3.5574,126.7376,84.3708,42.3667
PEMAFC-A,0,period_0779,71.250000,-33.6051,4.5618,126.5605,84.3708,42.1897
PEMAFC-A,0,period_0779,71.300000,-33.5127,3.9993,126.3194,84.3708,41.9485
PEMAFC-A,0,period_0779,71.350000,-33.3280,4.8190,124.8230,84.3708,40.4521
PEMAFC-A,0,period_0779,71.400000,-33.1477,4.5886,125.7538,84.3708,41.3830
PEMAFC-A,0,period_0779,71.450000,-33.3407,4.0147,127.1333,84.3708,42.7625
PEMAFC-A,0,period_0779,71.500000,-33.4282,3.7378,126.9437,84.3708,42.5729
PEMAFC-A,0,period_0779,71.550000,-33.5409,3.1174,125.1183,84.3708,40.7475
PEMAFC-A,0,period_0779,71.600000,-33.5419,4.0374,126.2645,84.3708,41.8937
PEMAFC-A,0,period_0779,71.650000,-33.5301,4.4098,125.3378,84.3708,40.9670
PEMAFC-A,0,period_0779,71.700000,-33.5946,4.2805,126.7033,84.3708,42.3324
PEMAFC-A,0,period_0779,71.750000,-33.7933,3.1110,127.1254,84.3708,42.7546
PEMAFC-A,0,period_0779,71.800000,-34.2544,3.5175,126.9823,84.3708,42.6114
PEMAFC-A,0,period_0779,71.850000,-34.4202,3.8750,127.1124,84.3708,42.7416
PEMAFC-A,0,period_0779,71.900000,-34.3420,3.8700,126.9050,84.3708,42.5341
PEMAFC-A,0,period_0779,71.950000,-34.7461,2.6618,126.4842,84.3708,42.1133
PEMAFC-A,0,period_0779,72.000000,-34.5818,3.5161,126.8472,84.3708,42.4764
PEMAFC-A,0,period_0779,72.050000,-35.0638,3.8545,126.7876,84.3708,42.4168
PEMAFC-A,0,period_0779,72.100000,-34.9789,3.8801,126.7856,84.3708,42.4147
PEMAFC-A,0,period_0779,72.150000,-35.0237,4.2132,126.5693,84.3708,42.1984
PEMAFC-A,0,period_0779,72.200000,-34.7867,4.2969,126.3428,84.3708,41.9719
PEMAFC-A,0,period_0779,72.250000,-34.6873,4.1028,126.1197,84.3708,41.7489
PEMAFC-A,0,period_0779,72.300000,-34.6971,4.6403,126.0575,84.3708,41.6866
PEMAFC-A,0,period_0779,72.350000,-34.5646,3.4677,125.9150,84.3708,41.5442
PEMAFC-A,0,period_0779,72.400000,-34.5350,3.2891,125.2504,84.3708,40.8796
PEMAFC-A,0,period_0779,72.450000,-34.1772,4.5517,124.0842,84.3708,39.7133
PEMAFC-A,0,period_0779,72.500000,-34.1990,4.1213,124.4239,84.3708,40.0531
PEMAFC-A,0,period_0779,72.550000,-34.2695,4.4101,125.3896,84.3708,41.0187
PEMAFC-A,0,period_0779,72.600000,-34.3012,4.2502,126.0587,84.3708,41.6878
PEMAFC-A,0,period_0779,72.650000,-34.2008,4.8580,126.5008,84.3708,42.1300
PEMAFC-A,0,period_0779,72.700000,-34.3928,3.3651,125.7713,84.3708,41.4005
PEMAFC-A,0,period_0779,72.750000,-34.3142,4.7188,126.5918,84.3708,42.2209
PEMAFC-A,0,period_0779,72.800000,-34.6257,3.2942,125.9072,84.3708,41.5363
PEMAFC-A,0,period_0779,72.850000,-35.0525,3.9824,125.0276,84.3708,40.6568
PEMAFC-A,0,period_0779,72.900000,-35.1229,3.4350,124.9567,84.3708,40.5858
PEMAFC-A,0,period_0779,72.950000,-35.5143,3.4663,124.7992,84.3708,40.4284
PEMAFC-A,0,period_0779,73.000000,-35.3250,4.1105,124.3447,84.3708,39.9738
PEMAFC-A,0,period_0779,73.050000,-35.2619,3.7071,123.7026,84.3708,39.3318
PEMAFC-A,0,period_0779,73.100000,-35.4303,3.4127,124.4988,84.3708,40.1280
PEMAFC-A,0,period_0779,73.150000,-35.5647,3.9180,124.5725,84.3708,40.2016
PEMAFC-A,0,period_0779,73.200000,-35.5443,4.0224,124.9353,84.3708,40.5645
PEMAFC-A,0,period_0779,73.250000,-35.8356,3.5216,125.5928,84.3708,41.2219
PEMAFC-A,0,period_0779,73.300000,-35.9488,3.8674,124.8194,84.3708,40.4486
PEMAFC-A,0,period_0779,73.350000,-35.7043,4.0392,125.2623,84.3708,40.8914
PEMAFC-A,0,period_0779,73.400000,-35.7605,4.3819,124.7644,84.3708,40.3936
PEMAFC-A,0,period_0779,73.450000,-35.5609,4.4201,122.4313,84.3708,38.0604
PEMAFC-A,0,period_0779,73.500000,-35.7332,4.1026,121.6010,84.3708,37.2302
PEMAFC-A,0,period_0779,73.550000,-36.1547,3.2761,122.3447,84.3708,37.9739
PEMAFC-A,0,period_0779,73.600000,-36.3751,3.7896,121.8767,84.3708,37.5059
PEMAFC-A,0,period_0779,73.650000,-36.0649,5.1087,120.8730,84.3708,36.5021
PEMAFC-A,0,period_0779,73.700000,-36.0323,4.2635,120.8514,84.3708,36.4806
PEMAFC-A,0,period_0779,73.750000,-36.0010,4.5810,120.5820,84.3708,36.2111
PEMAFC-A,0,period_0779,73.800000,-36.3527,3.2987,121.0504,84.3708,36.6796
PEMAFC-A,0,period_0779,73.850000,-36.3229,4.0832,120.3386,84.3708,35.9677
PEMAFC-A,0,period_0779,73.900000,-36.0961,4.3786,119.8102,84.3708,35.4393
PEMAFC-A,0,period_0779,73.950000,-35.9808,4.0628,121.3036,84.3708,36.9328
PEMAFC-A,0,period_0779,74.000000,-35.6426,4.7661,121.6049,84.3708,37.2341
PEMAFC-A,0,period_0779,74.050000,-35.5780,4.2405,120.5746,84.3708,36.2038
PEMAFC-A,0,period_0779,74.100000,-36.0774,2.3543,120.8615,84.3708,36.4906
PEMAFC-A,0,period_0779,74.150000,-36.2439,3.8746,121.4799,84.3708,37.1090
PEMAFC-A,0,period_0779,74.200000,-36.2092,4.2848,121.0096,84.3708,36.6388
PEMAFC-A,0,period_0779,74.250000,-36.2209,3.6275,120.5595,84.3708,36.1887
PEMAFC-A,0,period_0779,74.300000,-36.0747,4.9356,121.1960,84.3708,36.8252
PEMAFC-A,0,period_0779,74.350000,-35.8211,4.2613,120.3111,84.3708,35.9403
PEMAFC-A,0,period_0779,74.400000,-35.3869,4.5010,118.8432,84.3708,34.4724
PEMAFC-A,0,period_0779,74.450000,-35.1108,4.1288,116.9281,84.3708,32.5573
PEMAFC-A,0,period_0779,74.500000,-35.6477,2.8108,117.2125,84.3708,32.8417
PEMAFC-A,0,period_0779,74.550000,-35.6754,3.9270,117.8184,84.3708,33.4476
PEMAFC-A,0,period_0779,74.600000,-35.5257,4.7917,117.4244,84.3708,33.0536
PEMAFC-A,0,period_0779,74.650000,-35.6727,4.3480,117.2283,84.3708,32.8575
PEMAFC-A,0,period_0779,74.700000,-35.8760,3.1522,117.6252,84.3708,33.2544
PEMAFC-A,0,period_0779,74.750000,-35.7602,4.5883,117.3420,84.3708,32.9712
PEMAFC-A,0,period_0779,74.800000,-35.9752,3.4719,118.1968,84.3708,33.8260
PEMAFC-A,0,period_0779,74.850000,-35.9583,3.8221,119.0790,84.3708,34.7082
PEMAFC-A,0,period_0779,74.900000,-35.8067,4.8286,119.8831,84.3708,35.5123
PEMAFC-A,0,period_0779,74.950000,-35.4001,5.1333,118.9907,84.3708,34.6198
PEMAFC-A,0,period_0779,75.000000,-35.4127,3.3453,117.8783,84.3708,33.5075
PEMAFC-A,0,period_0779,75.050000,-35.4048,3.8852,118.4249,84.3708,34.0541
PEMAFC-A,0,period_0779,75.100000,-35.2371,3.6849,117.4460,84.3708,33.0752
PEMAFC-A,0,period_0779,75.150000,-35.1593,4.0652,117.1513,84.3708,32.7805
PEMAFC-A,0,period_0779,75.200000,-35.6397,3.3415,117.2544,84.3708,32.8836
PEMAFC-A,0,period_0779,75.250000,-35.6215,3.8501,117.3493,84.3708,32.9785
PEMAFC-A,0,period_0779,75.300000,-35.3880,4.2660,116.2990,84.3708,31.9282
PEMAFC-A,0,period_0779,75.350000,-35.3585,4.1064,116.5526,84.3708,32.1817
PEMAFC-A,0,period_0779,75.400000,-35.5603,3.1133,116.1157,84.3708,31.7449
PEMAFC-A,0,period_0779,75.450000,-35.5905,3.8657,115.9976,84.3708,31.6267
PEMAFC-A,0,period_0779,75.500000,-35.6612,3.7704,116.3661,84.3708,31.9952
PEMAFC-A,0,period_0779,75.550000,-35.4860,3.8417,116.5816,84.3708,32.2107
PEMAFC-A,0,period_0779,75.600000,-35.3963,4.0191,116.3931,84.3708,32.0223
PEMAFC-A,0,period_0779,75.650000,-35.2477,4.5826,116.0141,84.3708,31.6433
PEMAFC-A,0,period_0779,75.700000,-35.3463,4.3962,116.2107,84.3708,31.8399
PEMAFC-A,0,period_0779,75.750000,-35.3192,4.0445,116.2600,84.3708,31.8891
PEMAFC-A,0,period_0779,75.800000,-35.3783,4.2475,116.0639,84.3708,31.6931
PEMAFC-A,0,period_0779,75.850000,-35.2353,4.4214,115.2380,84.3708,30.8672
PEMAFC-A,0,period_0779,75.900000,-35.1226,3.7542,115.3411,84.3708,30.9703
PEMAFC-A,0,period_0779,75.950000,-35.1828,3.5839,115.8992,84.3708,31.5284
PEMAFC-A,0,period_0779,76.000000,-35.4101,3.6219,116.7097,84.3708,32.3389
PEMAFC-A,0,period_0779,76.050000,-35.0357,5.0234,116.7444,84.3708,32.3736
PEMAFC-A,0,period_0779,76.100000,-35.2150,3.6809,117.0203,84.3708,32.6495
PEMAFC-A,0,period_0779,76.150000,-35.2412,3.9087,116.9420,84.3708,32.5712
PEMAFC-A,0,period_0779,76.200000,-35.0400,4.9844,116.8544,84.3708,32.4836
PEMAFC-A,0,period_0779,76.250000,-34.9845,4.1194,116.9377,84.3708,32.5668
PEMAFC-A,0,period_0779,76.300000,-34.9153,4.8257,116.8097,84.3708,32.4388
PEMAFC-A,0,period_0779,76.350000,-34.7982,3.5743,116.5249,84.3708,32.1540
PEMAFC-A,0,period_0779,76.400000,-34.8640,3.9672,116.4622,84.3708,32.0914
PEMAFC-A,0,period_0779,76.450000,-34.9171,3.9289,116.1180,84.3708,31.7472
PEMAFC-A,0,period_0779,76.500000,-34.7195,4.3141,115.9458,84.3708,31.5750
PEMAFC-A,0,period_0779,76.550000,-34.7196,4.6772,116.1217,84.3708,31.7509
PEMAFC-A,0,period_0779,76.600000,-34.8952,3.2143,115.5435,84.3708,31.1727
PEMAFC-A,0,period_0779,76.650000,-35.0916,4.2516,115.9324,84.3708,31.5616
PEMAFC-A,0,period_0779,76.700000,-34.9117,4.5981,115.9760,84.3708,31.6051
PEMAFC-A,0,period_0779,76.750000,-34.7619,4.4709,116.3350,84.3708,31.9642
PEMAFC-A,0,period_0779,76.800000,-35.1210,3.9443,117.0665,84.3708,32.6957
PEMAFC-A,0,period_0779,76.850000,-35.0381,3.3092,116.1816,84.3708,31.8108
PEMAFC-A,0,period_0779,76.900000,-35.0064,4.7100,116.7010,84.3708,32.3302
PEMAFC-A,0,period_0779,76.950000,-35.2481,4.3185,117.4152,84.3708,33.0444
PEMAFC-A,0,period_0779,77.000000,-35.2413,3.8858,117.9780,84.3708,33.6072
PEMAFC-A,0,period_0779,77.050000,-34.9399,4.8525,117.5253,84.3708,33.1545
PEMAFC-A,0,period_0779,77.100000,-34.6110,4.8718,117.6359,84.3708,33.2650
PEMAFC-A,0,period_0779,77.150000,-34.4478,3.7988,117.1077,84.3708,32.7369
PEMAFC-A,0,period_0779,77.200000,-34.3329,4.7477,117.0704,84.3708,32.6996
PEMAFC-A,0,period_0779,77.250000,-34.1593,4.6771,117.2518,84.3708,32.8810
PEMAFC-A,0,period_0779,77.300000,-34.0297,4.4697,117.4685,84.3708,33.0977
PEMAFC-A,0,period_0779,77.350000,-34.0892,4.3941,117.7889,84.3708,33.4180
PEMAFC-A,0,period_0779,77.400000,-34.3102,3.5926,118.2678,84.3708,33.8970
PEMAFC-A,0,period_0779,77.450000,-34.7064,3.7679,118.3762,84.3708,34.0054
PEMAFC-A,0,period_0779,77.500000,-35.1465,3.3179,118.5018,84.3708,34.1310
PEMAFC-A,0,period_0779,77.550000,-35.3416,3.6752,117.3040,84.3708,32.9331
PEMAFC-A,0,period_0779,77.600000,-35.6561,2.2717,116.8580,84.3708,32.4871
PEMAFC-A,0,period_0779,77.650000,-35.6858,4.9566,116.8572,84.3708,32.4864
PEMAFC-A,0,period_0779,77.700000,-35.6716,4.3820,117.2079,84.3708,32.8371
PEMAFC-A,0,period_0779,77.750000,-35.1791,4.2554,116.4020,84.3708,32.0312
PEMAFC-A,0,period_0779,77.800000,-35.4947,3.1834,116.5535,84.3708,32.1826
PEMAFC-A,0,period_0779,77.850000,-35.9245,3.3374,117.3973,84.3708,33.0264
PEMAFC-A,0,period_0779,77.900000,-35.6198,4.7613,117.0118,84.3708,32.6410
PEMAFC-A,0,period_0779,77.950000,-35.6802,3.8282,117.0232,84.3708,32.6523
PEMAFC-A,0,period_0779,78.000000,-35.6249,5.0029,117.6506,84.3708,33.2798
PEMAFC-A,0,period_0779,78.050000,-35.6752,3.8839,117.6765,84.3708,33.3056
PEMAFC-A,0,period_0779,78.100000,-35.4695,4.1796,117.7048,84.3708,33.3340
PEMAFC-A,0,period_0779,78.150000,-35.4675,4.0445,118.4362,84.3708,34.0654
PEMAFC-A,0,period_0779,78.200000,-35.6920,4.1398,119.2789,84.3708,34.9080
PEMAFC-A,0,period_0779,78.250000,-35.6827,3.9592,119.8588,84.3708,35.4880
PEMAFC-A,0,period_0779,78.300000,-35.3616,4.7974,119.4124,84.3708,35.0416
PEMAFC-A,0,period_0779,78.350000,-35.5275,3.4467,119.1335,84.3708,34.7627
PEMAFC-A,0,period_0779,78.400000,-35.3280,4.3769,119.2036,84.3708,34.8328
PEMAFC-A,0,period_0779,78.450000,-35.5327,3.7241,118.8751,84.3708,34.5042
PEMAFC-A,0,period_0779,78.500000,-35.3604,3.8504,118.5116,84.3708,34.1408
PEMAFC-A,0,period_0779,78.550000,-35.2046,4.8933,118.4560,84.3708,34.0852
PEMAFC-A,0,period_0779,78.600000,-35.0648,5.1368,118.8350,84.3708,34.4641
PEMAFC-A,0,period_0779,78.650000,-35.2598,4.2454,119.5622,84.3708,35.1914
PEMAFC-A,0,period_0779,78.700000,-35.1181,3.1946,119.8297,84.3708,35.4588
PEMAFC-A,0,period_0779,78.750000,-34.9588,5.2616,120.4224,84.3708,36.0515
PEMAFC-A,0,period_0779,78.800000,-35.4261,3.4631,120.6533,84.3708,36.2824
PEMAFC-A,0,period_0779,78.850000,-35.2692,3.8736,120.1790,84.3708,35.8082
PEMAFC-A,0,period_0779,78.900000,-35.3431,4.1042,120.5188,84.3708,36.1480
PEMAFC-A,0,period_0779,78.950000,-35.4008,3.9373,120.4653,84.3708,36.0944
PEMAFC-A,0,period_0779,79.000000,-34.6630,3.7798,118.8428,84.3708,34.4720
PEMAFC-A,0,period_0779,79.050000,-34.6357,4.3629,120.3235,84.3708,35.9526
PEMAFC-A,0,period_0779,79.100000,-34.4685,4.6484,119.4709,84.3708,35.1001
PEMAFC-A,0,period_0779,79.150000,-34.4193,3.8363,120.6798,84.3708,36.3090
PEMAFC-A,0,period_0779,79.200000,-34.7508,3.4575,120.3028,84.3708,35.9320
PEMAFC-A,0,period_0779,79.250000,-34.9225,3.4537,120.3991,84.3708,36.0283
PEMAFC-A,0,period_0779,79.300000,-34.8309,3.6683,117.9692,84.3708,33.5984
PEMAFC-A,0,period_0779,79.350000,-34.8850,4.4093,118.2526,84.3708,33.8818
PEMAFC-A,0,period_0779,79.400000,-34.8032,4.4641,117.5961,84.3708,33.2253
PEMAFC-A,0,period_0779,79.450000,-34.5012,4.0235,116.6898,84.3708,32.3190
PEMAFC-A,0,period_0779,79.500000,-34.2534,4.6936,116.9267,84.3708,32.5558
PEMAFC-A,0,period_0779,79.550000,-34.3918,3.1078,116.7584,84.3708,32.3876
PEMAFC-A,0,period_0779,79.600000,-34.3829,3.9298,115.9948,84.3708,31.6239
PEMAFC-A,0,period_0779,79.650000,-34.4235,4.8270,116.1044,84.3708,31.7336
PEMAFC-A,0,period_0779,79.700000,-34.3842,3.9269,116.2037,84.3708,31.8329
PEMAFC-A,0,period_0779,79.750000,-34.6690,3.6955,116.4797,84.3708,32.1089
PEMAFC-A,0,period_0779,79.800000,-34.3816,4.2916,115.3239,84.3708,30.9531
PEMAFC-A,0,period_0779,79.850000,-34.5384,3.0165,115.6560,84.3708,31.2852
PEMAFC-A,0,period_0779,79.900000,-34.5132,4.6804,115.5438,84.3708,31.1730
PEMAFC-A,0,period_0779,79.950000,-34.1569,4.6972,115.0096,84.3708,30.6387
PEMAFC-A,0,period_0779,80.000000,-34.1299,4.4980,115.2366,84.3708,30.8658
PEMAFC-A,0,period_0779,80.050000,-34.1534,4.7134,115.4389,84.3708,31.0680
PEMAFC-A,0,period_0779,80.100000,-34.5428,3.4766,115.7303,84.3708,31.3594
PEMAFC-A,0,period_0779,80.150000,-34.5433,3.2375,115.5707,84.3708,31.1999
PEMAFC-A,0,period_0779,80.200000,-34.4353,4.7588,115.4154,84.3708,31.0446
PEMAFC-A,0,period_0779,80.250000,-34.2446,5.0682,114.9791,84.3708,30.6083
PEMAFC-A,0,period_0779,80.300000,-34.7346,2.4983,115.2724,84.3708,30.9016
PEMAFC-A,0,period_0779,80.350000,-34.9197,3.5857,115.4140,84.3708,31.0432
PEMAFC-A,0,period_0779,80.400000,-34.9480,3.3698,116.0156,84.3708,31.6447
PEMAFC-A,0,period_0779,80.450000,-35.1353,4.5049,116.2613,84.3708,31.8905
PEMAFC-A,0,period_0779,80.500000,-34.9780,4.2370,116.6110,84.3708,32.2401
PEMAFC-A,0,period_0779,80.550000,-34.7622,4.2407,115.5150,84.3708,31.1442
PEMAFC-A,0,period_0779,80.600000,-34.7291,4.5095,115.7611,84.3708,31.3903
PEMAFC-A,0,period_0779,80.650000,-34.7510,3.3201,115.3880,84.3708,31.0171
PEMAFC-A,0,period_0779,80.700000,-34.4230,4.2304,114.6069,84.3708,30.2361
PEMAFC-A,0,period_0779,80.750000,-34.3630,3.6671,114.3476,84.3708,29.9768
PEMAFC-A,0,period_0779,80.800000,-34.6372,3.5733,114.9476,84.3708,30.5768
PEMAFC-A,0,period_0779,80.850000,-34.7231,4.1712,114.9999,84.3708,30.6290
PEMAFC-A,0,period_0779,80.900000,-34.7898,3.9074,115.0379,84.3708,30.6671
PEMAFC-A,0,period_0779,80.950000,-34.8904,3.4168,115.2745,84.3708,30.9037
PEMAFC-A,0,period_0779,81.000000,-34.7949,3.9249,114.8781,84.3708,30.5072
PEMAFC-A,0,period_0779,81.050000,-34.7977,4.6605,115.0288,84.3708,30.6580
PEMAFC-A,0,period_0779,81.100000,-34.9486,4.0462,115.2201,84.3708,30.8493
PEMAFC-A,0,period_0779,81.150000,-34.9057,4.1082,115.4279,84.3708,31.0571
PEMAFC-A,0,period_0779,81.200000,-34.9949,4.1590,115.7341,84.3708,31.3633
PEMAFC-A,0,period_0779,81.250000,-34.6396,4.9657,115.1130,84.3708,30.7421
PEMAFC-A,0,period_0779,81.300000,-34.7049,4.2660,116.0320,84.3708,31.6611
PEMAFC-A,0,period_0779,81.350000,-34.7352,4.0200,115.9635,84.3708,31.5926
PEMAFC-A,0,period_0779,81.400000,-34.7493,3.9156,115.8885,84.3708,31.5177
PEMAFC-A,0,period_0779,81.450000,-34.6347,4.2924,115.4017,84.3708,31.0309
PEMAFC-A,0,period_0779,81.500000,-34.6518,4.2088,115.6000,84.3708,31.2292
PEMAFC-A,0,period_0779,81.550000,-34.5788,4.1767,115.6521,84.3708,31.2813
PEMAFC-A,0,period_0779,81.600000,-34.5910,3.9481,115.6137,84.3708,31.2429
PEMAFC-A,0,period_0779,81.650000,-34.4117,4.9384,115.7486,84.3708,31.3777
PEMAFC-A,0,period_0779,81.700000,-33.9663,4.2754,114.4622,84.3708,30.0913
PEMAFC-A,0,period_0779,81.750000,-33.9822,4.0619,114.6275,84.3708,30.2567
PEMAFC-A,0,period_0779,81.800000,-33.7422,4.5326,114.6142,84.3708,30.2434
PEMAFC-A,0,period_0779,81.850000,-33.8471,3.6625,114.5177,84.3708,30.1469
PEMAFC-A,0,period_0779,81.900000,-33.8951,4.2217,114.6861,84.3708,30.3153
PEMAFC-A,0,period_0779,81.950000,-33.8772,3.4636,115.1619,84.3708,30.7911
PEMAFC-A,0,period_0779,82.000000,-34.2008,3.6946,116.1859,84.3708,31.8151
PEMAFC-A,0,period_0779,82.050000,-34.1309,4.3997,115.6460,84.3708,31.2752
PEMAFC-A,0,period_0779,82.100000,-34.4151,4.5984,115.6975,84.3708,31.3267
PEMAFC-A,0,period_0779,82.150000,-34.3929,3.5901,115.8216,84.3708,31.4507
PEMAFC-A,0,period_0779,82.200000,-34.2083,4.8933,115.6910,84.3708,31.3202
PEMAFC-A,0,period_0779,82.250000,-34.0320,4.5972,115.8200,84.3708,31.4492
PEMAFC-A,0,period_0779,82.300000,-33.9788,4.8566,115.6684,84.3708,31.2976
PEMAFC-A,0,period_0779,82.350000,-33.9783,4.4690,115.0284,84.3708,30.6576
PEMAFC-A,0,period_0779,82.400000,-34.0457,4.1728,115.3653,84.3708,30.9945
PEMAFC-A,0,period_0779,82.450000,-33.9927,3.5072,115.4581,84.3708,31.0872
PEMAFC-A,0,period_0779,82.500000,-33.9805,4.4586,115.5693,84.3708,31.1985
PEMAFC-A,0,period_0779,82.550000,-33.5848,5.0549,114.9705,84.3708,30.5996
PEMAFC-A,0,period_0779,82.600000,-33.5919,4.1251,115.1723,84.3708,30.8014
PEMAFC-A,0,period_0779,82.650000,-33.7176,3.9929,115.2168,84.3708,30.8460
PEMAFC-A,0,period_0779,82.700000,-34.1611,3.4267,115.1785,84.3708,30.8077
PEMAFC-A,0,period_0779,82.750000,-34.2690,3.9482,115.5148,84.3708,31.1440
PEMAFC-A,0,period_0779,82.800000,-34.1896,3.6401,114.9063,84.3708,30.5355
PEMAFC-A,0,period_0779,82.850000,-34.3252,4.6749,115.1019,84.3708,30.7310
PEMAFC-A,0,period_0779,82.900000,-34.2713,3.6824,115.1093,84.3708,30.7385
PEMAFC-A,0,period_0779,82.950000,-34.2388,4.4833,115.1702,84.3708,30.7993
PEMAFC-A,0,period_0779,83.000000,-34.4687,3.5535,115.4968,84.3708,31.1259
PEMAFC-A,0,period_0779,83.050000,-34.3054,4.3974,115.3596,84.3708,30.9888
PEMAFC-A,0,period_0779,83.100000,-34.2756,3.9926,115.2103,84.3708,30.8395
PEMAFC-A,0,period_0779,83.150000,-33.9969,3.8586,115.0739,84.3708,30.7031
PEMAFC-A,0,period_0779,83.200000,-34.0730,4.7548,115.3033,84.3708,30.9324
PEMAFC-A,0,period_0779,83.250000,-34.2428,4.3184,115.5155,84.3708,31.1447
PEMAFC-A,0,period_0779,83.300000,-34.3104,3.8680,115.7665,84.3708,31.3957
PEMAFC-A,0,period_0779,83.350000,-34.0954,3.8089,115.7553,84.3708,31.3844
PEMAFC-A,0,period_0779,83.400000,-34.1252,3.7039,115.4702,84.3708,31.0993
PEMAFC-A,0,period_0779,83.450000,-34.0716,4.2156,115.1953,84.3708,30.8245
PEMAFC-A,0,period_0779,83.500000,-34.0722,4.0557,115.6681,84.3708,31.2972
PEMAFC-A,0,period_0779,83.550000,-34.2029,3.6015,115.5851,84.3708,31.2143
PEMAFC-A,0,period_0779,83.600000,-34.0594,4.6023,114.8792,84.3708,30.5084
PEMAFC-A,0,period_0779,83.650000,-34.1875,3.4546,116.1283,84.3708,31.7575
PEMAFC-A,0,period_0779,83.700000,-34.3330,2.9625,115.8035,84.3708,31.4327
PEMAFC-A,0,period_0779,83.750000,-34.2578,4.8386,115.6210,84.3708,31.2501
PEMAFC-A,0,period_0779,83.800000,-34.4024,4.3268,116.1005,84.3708,31.7297
PEMAFC-A,0,period_0779,83.850000,-34.5658,4.9121,116.3508,84.3708,31.9800
PEMAFC-A,0,period_0779,83.900000,-34.7187,4.1095,116.5731,84.3708,32.2022
PEMAFC-A,0,period_0779,83.950000,-34.3251,4.3834,116.3229,84.3708,31.9520
PEMAFC-A,0,period_0779,84.000000,-34.3370,4.0500,116.1567,84.3708,31.7859
PEMAFC-A,0,period_0779,84.050000,-34.3027,3.7953,116.2952,84.3708,31.9244
PEMAFC-A,0,period_0779,84.100000,-34.3903,3.7502,116.5798,84.3708,32.2089
PEMAFC-A,0,period_0779,84.150000,-34.3593,4.1461,116.6759,84.3708,32.3051
PEMAFC-A,0,period_0779,84.200000,-34.2398,3.9739,116.4092,84.3708,32.0384
PEMAFC-A,0,period_0779,84.250000,-34.2227,4.1944,116.1203,84.3708,31.7494
PEMAFC-A,0,period_0779,84.300000,-34.1772,4.4321,115.9527,84.3708,31.5819
PEMAFC-A,0,period_0779,84.350000,-34.4255,2.9181,115.5416,84.3708,31.1708
PEMAFC-A,0,period_0779,84.400000,-34.2599,4.2721,115.1771,84.3708,30.8063
PEMAFC-A,0,period_0779,84.450000,-34.1514,4.8417,115.0414,84.3708,30.6705
PEMAFC-A,0,period_0779,84.500000,-34.3761,2.3865,115.2814,84.3708,30.9106
PEMAFC-A,0,period_0779,84.550000,-34.0211,4.0597,114.4345,84.3708,30.0637
PEMAFC-A,0,period_0779,84.600000,-33.9271,4.3159,113.9777,84.3708,29.6069
PEMAFC-A,0,period_0779,84.650000,-34.1977,3.3555,114.4298,84.3708,30.0589
PEMAFC-A,0,period_0779,84.700000,-34.2776,3.9076,114.4551,84.3708,30.0843
PEMAFC-A,0,period_0779,84.750000,-34.3525,4.5658,114.8541,84.3708,30.4833
PEMAFC-A,0,period_0779,84.800000,-34.3933,3.5318,115.2483,84.3708,30.8774
PEMAFC-A,0,period_0779,84.850000,-34.1488,4.2065,114.9673,84.3708,30.5964
PEMAFC-A,0,period_0779,84.900000,-34.0108,5.0164,115.0551,84.3708,30.6843
PEMAFC-A,0,period_0779,84.950000,-34.1228,4.7713,115.0688,84.3708,30.6979
PEMAFC-A,0,period_0779,85.000000,-33.9579,3.6473,115.5450,84.3708,31.1741
PEMAFC-A,0,period_0779,85.050000,-33.9220,4.2329,114.8630,84.3708,30.4922
PEMAFC-A,0,period_0779,85.100000,-33.9266,4.4632,114.8950,84.3708,30.5242
PEMAFC-A,0,period_0779,85.150000,-34.2313,4.1913,115.4019,84.3708,31.0310
PEMAFC-A,0,period_0779,85.200000,-34.2032,3.3123,114.9144,84.3708,30.5435
PEMAFC-A,0,period_0779,85.250000,-34.3287,4.3934,115.1170,84.3708,30.7462
PEMAFC-A,0,period_0779,85.300000,-34.2379,4.6234,115.6449,84.3708,31.2741
PEMAFC-A,0,period_0779,85.350000,-34.2254,4.4371,115.7807,84.3708,31.4099
PEMAFC-A,0,period_0779,85.400000,-33.9669,4.9464,115.6898,84.3708,31.3190
PEMAFC-A,0,period_0779,85.450000,-34.0561,3.4143,115.8584,84.3708,31.4876
PEMAFC-A,0,period_0779,85.500000,-34.0250,3.8385,115.7772,84.3708,31.4063
PEMAFC-A,0,period_0779,85.550000,-34.0931,3.6999,115.6421,84.3708,31.2712
PEMAFC-A,0,period_0779,85.600000,-34.1657,4.5085,116.2033,84.3708,31.8325
PEMAFC-A,0,period_0779,85.650000,-34.0439,4.3979,115.9278,84.3708,31.5569
PEMAFC-A,0,period_0779,85.700000,-33.9767,4.7022,116.4270,84.3708,32.0562
PEMAFC-A,0,period_0779,85.750000,-33.9763,4.5226,116.2870,84.3708,31.9162
PEMAFC-A,0,period_0779,85.800000,-33.8363,3.9049,115.6858,84.3708,31.3150
PEMAFC-A,0,period_0779,85.850000,-33.9019,4.0094,115.8314,84.3708,31.4606
PEMAFC-A,0,period_0779,85.900000,-33.9890,3.9493,115.7192,84.3708,31.3484
PEMAFC-A,0,period_0779,85.950000,-33.8211,4.2123,115.4424,84.3708,31.0716
PEMAFC-A,0,period_0779,86.000000,-33.7091,4.4443,115.4573,84.3708,31.0864
PEMAFC-A,0,period_0779,86.050000,-33.5061,4.2333,115.2994,84.3708,30.9285
PEMAFC-A,0,period_0779,86.100000,-33.4768,4.9279,115.0831,84.3708,30.7123
PEMAFC-A,0,period_0779,86.150000,-33.3456,4.1004,115.1027,84.3708,30.7319
PEMAFC-A,0,period_0779,86.200000,-33.4242,4.2385,115.0735,84.3708,30.7026
PEMAFC-A,0,period_0779,86.250000,-33.6257,4.1758,115.1953,84.3708,30.8244
PEMAFC-A,0,period_0779,86.300000,-33.9062,3.5870,115.7177,84.3708,31.3469
PEMAFC-A,0,period_0779,86.350000,-33.6652,4.5326,115.4751,84.3708,31.1043
PEMAFC-A,0,period_0779,86.400000,-33.5469,4.5362,115.2076,84.3708,30.8368
PEMAFC-A,0,period_0779,86.450000,-33.4705,4.7635,115.0401,84.3708,30.6692
PEMAFC-A,0,period_0779,86.500000,-33.4758,4.0356,114.5800,84.3708,30.2092
PEMAFC-A,0,period_0779,86.550000,-33.2662,5.0583,114.7630,84.3708,30.3922
PEMAFC-A,0,period_0779,86.600000,-33.1613,4.3220,114.6334,84.3708,30.2626
PEMAFC-A,0,period_0779,86.650000,-33.2190,4.3143,115.1554,84.3708,30.7846
PEMAFC-A,0,period_0779,86.700000,-33.3576,4.9130,115.4815,84.3708,31.1107
PEMAFC-A,0,period_0779,86.750000,-33.4948,4.3258,115.6368,84.3708,31.2660
PEMAFC-A,0,period_0779,86.800000,-33.5661,3.9386,115.7592,84.3708,31.3884
PEMAFC-A,0,period_0779,86.850000,-33.7072,4.2374,115.6370,84.3708,31.2662
PEMAFC-A,0,period_0779,86.900000,-33.5408,4.3877,115.6435,84.3708,31.2727
PEMAFC-A,0,period_0779,86.950000,-33.6951,4.3363,115.7710,84.3708,31.4001
PEMAFC-A,0,period_0779,87.000000,-33.5988,3.8545,115.5101,84.3708,31.1393
PEMAFC-A,0,period_0779,87.050000,-33.7398,4.3798,116.0865,84.3708,31.7157
PEMAFC-A,0,period_0779,87.100000,-33.5493,4.4379,115.8136,84.3708,31.4428
PEMAFC-A,0,period_0779,87.150000,-33.4257,4.9257,115.9919,84.3708,31.6210
PEMAFC-A,0,period_0779,87.200000,-33.8606,3.7728,116.7950,84.3708,32.4241
PEMAFC-A,0,period_0779,87.250000,-33.6631,4.2066,116.4763,84.3708,32.1055
PEMAFC-A,0,period_0779,87.300000,-33.4027,4.7537,116.5112,84.3708,32.1403
PEMAFC-A,0,period_0779,87.350000,-33.3203,4.3554,115.3341,84.3708,30.9633
PEMAFC-A,0,period_0779,87.400000,-33.3054,4.4597,115.7751,84.3708,31.4042
PEMAFC-A,0,period_0779,87.450000,-33.2322,4.3193,116.3180,84.3708,31.9471
PEMAFC-A,0,period_0779,87.500000,-33.6540,2.9888,117.1810,84.3708,32.8102
PEMAFC-A,0,period_0779,87.550000,-33.5303,5.2167,116.7713,84.3708,32.4004
PEMAFC-A,0,period_0779,87.600000,-33.4345,3.9990,116.0019,84.3708,31.6311
PEMAFC-A,0,period_0779,87.650000,-33.3810,4.3486,115.4237,84.3708,31.0529
PEMAFC-A,0,period_0779,87.700000,-33.1974,4.5413,115.0326,84.3708,30.6618
PEMAFC-A,0,period_0779,87.750000,-33.1661,4.3288,115.0345,84.3708,30.6637
PEMAFC-A,0,period_0779,87.800000,-33.1457,4.5527,115.2920,84.3708,30.9211
PEMAFC-A,0,period_0779,87.850000,-33.4830,3.0478,115.3654,84.3708,30.9945
PEMAFC-A,0,period_0779,87.900000,-33.3205,4.4986,115.0412,84.3708,30.6704
PEMAFC-A,0,period_0779,87.950000,-33.5387,4.4030,114.5939,84.3708,30.2231
PEMAFC-A,0,period_0779,88.000000,-33.4962,3.8812,114.8491,84.3708,30.4783
PEMAFC-A,0,period_0779,88.050000,-33.5575,4.1620,115.6929,84.3708,31.3221
PEMAFC-A,0,period_0779,88.100000,-33.3185,3.9814,116.2957,84.3708,31.9249
PEMAFC-A,0,period_0779,88.150000,-33.4556,3.8012,115.9374,84.3708,31.5665
PEMAFC-A,0,period_0779,88.200000,-33.3818,5.0487,115.1564,84.3708,30.7856
PEMAFC-A,0,period_0779,88.250000,-33.6202,3.7544,115.2528,84.3708,30.8820
PEMAFC-A,0,period_0779,88.300000,-33.9522,3.1024,116.0249,84.3708,31.6541
PEMAFC-A,0,period_0779,88.350000,-33.6785,4.5391,115.8637,84.3708,31.4929
PEMAFC-A,0,period_0779,88.400000,-33.7841,3.9952,117.0288,84.3708,32.6579
PEMAFC-A,0,period_0779,88.450000,-33.5768,4.8359,116.6542,84.3708,32.2834
PEMAFC-A,0,period_0779,88.500000,-33.5186,4.3064,116.7665,84.3708,32.3957
PEMAFC-A,0,period_0779,88.550000,-33.4962,4.0270,116.2415,84.3708,31.8706
PEMAFC-A,0,period_0779,88.600000,-33.2660,5.0931,115.8561,84.3708,31.4853
PEMAFC-A,0,period_0779,88.650000,-33.0879,5.0035,115.5125,84.3708,31.1416
PEMAFC-A,0,period_0779,88.700000,-33.1060,3.7943,115.1948,84.3708,30.8240
PEMAFC-A,0,period_0779,88.750000,-33.0363,4.0953,115.5804,84.3708,31.2096
PEMAFC-A,0,period_0779,88.800000,-32.8874,4.8430,115.4896,84.3708,31.1187
PEMAFC-A,0,period_0779,88.850000,-32.8263,4.1008,113.8174,84.3708,29.4466
PEMAFC-A,0,period_0779,88.900000,-32.6618,4.4736,112.8039,84.3708,28.4331
PEMAFC-A,0,period_0779,88.950000,-32.9147,4.0058,113.3171,84.3708,28.9462
PEMAFC-A,0,period_0779,89.000000,-32.8606,4.1956,113.4985,84.3708,29.1277
PEMAFC-A,0,period_0779,89.050000,-33.7555,2.9463,117.5836,84.3708,33.2128
PEMAFC-A,0,period_0779,89.100000,-33.5887,3.7110,117.0086,84.3708,32.6378
PEMAFC-A,0,period_0779,89.150000,-33.4712,4.5578,116.3855,84.3708,32.0147
PEMAFC-A,0,period_0779,89.200000,-33.5975,3.6030,116.9645,84.3708,32.5936
PEMAFC-A,0,period_0779,89.250000,-33.6525,4.2506,116.7339,84.3708,32.3631
PEMAFC-A,0,period_0779,89.300000,-34.1047,2.2958,117.5192,84.3708,33.1484
PEMAFC-A,0,period_0779,89.350000,-34.0309,3.8373,116.7583,84.3708,32.3875
PEMAFC-A,0,period_0779,89.400000,-34.2331,3.6590,118.3637,84.3708,33.9929
PEMAFC-A,0,period_0779,89.450000,-34.6000,2.4755,118.2037,84.3708,33.8329
PEMAFC-A,0,period_0779,89.500000,-34.5910,3.7201,117.4953,84.3708,33.1245
PEMAFC-A,0,period_0779,89.550000,-34.8548,2.7616,117.6299,84.3708,33.2590
PEMAFC-A,0,period_0779,89.600000,-34.8475,5.1971,117.8245,84.3708,33.4537
PEMAFC-A,0,period_0779,89.650000,-35.2569,3.0467,118.2328,84.3708,33.8620
PEMAFC-A,0,period_0779,89.700000,-35.2268,3.9384,118.1416,84.3708,33.7708
PEMAFC-A,0,period_0779,89.750000,-35.2801,3.5834,117.7828,84.3708,33.4120
PEMAFC-A,0,period_0779,89.800000,-35.3933,4.3101,118.2252,84.3708,33.8544
PEMAFC-A,0,period_0779,89.850000,-35.4446,4.9012,118.4891,84.3708,34.1183
PEMAFC-A,0,period_0779,89.900000,-35.4212,4.3604,118.4725,84.3708,34.1016
PEMAFC-A,0,period_0779,89.950000,-35.3359,4.3402,118.5521,84.3708,34.1813
PEMAFC-A,0,period_0779,90.000000,-35.4503,4.0392,118.2714,84.3708,33.9006
