algorithm,epoch_index,condition_id,t_s,misalignment_db,erle_db,msg_with_afc_db,msg_without_afc_db,asg_db
PEMAFC-F,0,periodavg_1056-1058,0.013333,-0.1430,0.5215,84.4026,84.0444,0.3582
PEMAFC-F,0,periodavg_1056-1058,0.053333,-0.7414,1.1219,85.3062,84.0444,1.2618
PEMAFC-F,0,periodavg_1056-1058,0.106667,-1.4087,1.8627,85.6028,84.0444,1.5584
PEMAFC-F,0,periodavg_1056-1058,0.160000,-1.9772,2.1327,85.8795,84.0444,1.8351
PEMAFC-F,0,periodavg_1056-1058,0.200000,-2.4486,2.4195,86.0024,84.0444,1.9580
PEMAFC-F,0,periodavg_1056-1058,0.253333,-2.9633,1.5842,86.1477,84.0444,2.1033
PEMAFC-F,0,periodavg_1056-1058,0.306667,-3.5869,1.4153,86.3339,84.0444,2.2895
PEMAFC-F,0,periodavg_1056-1058,0.360000,-4.1663,2.4033,86.5838,84.0444,2.5394
PEMAFC-F,0,periodavg_1056-1058,0.400000,-4.4814,2.1003,86.6439,84.0444,2.5995
PEMAFC-F,0,periodavg_1056-1058,0.453333,-4.9597,1.6506,86.9014,84.0444,2.8570
PEMAFC-F,0,periodavg_1056-1058,0.506667,-5.4332,2.6034,87.1952,84.0444,3.1508
PEMAFC-F,0,periodavg_1056-1058,0.560000,-5.8565,2.7931,87.3604,84.0444,3.3160
PEMAFC-F,0,periodavg_1056-1058,0.600000,-6.1955,2.8518,87.6265,84.0444,3.5821
PEMAFC-F,0,periodavg_1056-1058,0.653333,-6.5983,2.4380,87.7440,84.0444,3.6996
PEMAFC-F,0,periodavg_1056-1058,0.706667,-6.9561,2.9603,87.8188,84.0444,3.7744
PEMAFC-F,0,periodavg_1056-1058,0.760000,-7.2623,2.8332,87.9935,84.0444,3.9491
PEMAFC-F,0,periodavg_1056-1058,0.800000,-7.5315,2.4078,88.0722,84.0444,4.0278
PEMAFC-F,0,periodavg_1056-1058,0.853333,-7.8534,1.6592,88.2930,84.0444,4.2486
PEMAFC-F,0,periodavg_1056-1058,0.906667,-8.1545,2.3931,88.4191,84.0444,4.3747
PEMAFC-F,0,periodavg_1056-1058,0.960000,-8.3884,3.3060,88.5552,84.0444,4.5108
PEMAFC-F,0,periodavg_1056-1058,1.000000,-8.6410,2.1077,88.9770,84.0444,4.9326
PEMAFC-F,0,periodavg_1056-1058,1.053333,-8.8789,2.5076,89.1562,84.0444,5.1118
PEMAFC-F,0,periodavg_1056-1058,1.106667,-9.0778,1.6932,89.3067,84.0444,5.2623
PEMAFC-F,0,periodavg_1056-1058,1.160000,-9.5054,2.2884,89.5291,84.0444,5.4847
PEMAFC-F,0,periodavg_1056-1058,1.200000,-9.6350,1.8335,89.8042,84.0444,5.7598
PEMAFC-F,0,periodavg_1056-1058,1.253333,-9.9783,2.8128,90.1689,84.0444,6.1245
PEMAFC-F,0,periodavg_1056-1058,1.306667,-10.1405,0.4729,90.4701,84.0444,6.4257
PEMAFC-F,0,periodavg_1056-1058,1.360000,-10.2546,2.8671,90.5997,84.0444,6.5553
PEMAFC-F,0,periodavg_1056-1058,1.400000,-10.5097,3.5945,90.8120,84.0444,6.7675
PEMAFC-F,0,periodavg_1056-1058,1.453333,-10.7831,2.5486,91.1361,84.0444,7.0917
PEMAFC-F,0,periodavg_1056-1058,1.506667,-10.9274,2.2659,91.3195,84.0444,7.2751
PEMAFC-F,0,periodavg_1056-1058,1.560000,-11.0574,2.8683,91.4020,84.0444,7.3576
PEMAFC-F,0,periodavg_1056-1058,1.600000,-11.1769,3.0628,91.6214,84.0444,7.5770
PEMAFC-F,0,periodavg_1056-1058,1.653333,-11.3797,1.7391,91.8756,84.0444,7.8312
PEMAFC-F,0,periodavg_1056-1058,1.706667,-11.7058,2.1878,92.0628,84.0444,8.0184
PEMAFC-F,0,periodavg_1056-1058,1.760000,-11.9106,2.1230,92.2865,84.0444,8.2421
PEMAFC-F,0,periodavg_1056-1058,1.800000,-12.0457,1.8326,92.5400,84.0444,8.4956
PEMAFC-F,0,periodavg_1056-1058,1.853333,-12.2533,3.1407,92.7352,84.0444,8.6908
PEMAFC-F,0,periodavg_1056-1058,1.906667,-12.5141,2.1782,92.8281,84.0444,8.7837
PEMAFC-F,0,periodavg_1056-1058,1.960000,-12.5497,3.5032,93.0999,84.0444,9.0555
PEMAFC-F,0,periodavg_1056-1058,2.000000,-12.7092,2.1985,93.2456,84.0444,9.2012
PEMAFC-F,0,periodavg_1056-1058,2.053333,-12.8973,2.9450,93.3430,84.0444,9.2985
PEMAFC-F,0,periodavg_1056-1058,2.106667,-13.0475,2.1676,93.5879,84.0444,9.5435
PEMAFC-F,0,periodavg_1056-1058,2.160000,-13.0768,2.2722,93.7265,84.0444,9.6821
PEMAFC-F,0,periodavg_1056-1058,2.200000,-12.9035,3.9875,93.8375,84.0444,9.7931
PEMAFC-F,0,periodavg_1056-1058,2.253333,-13.0243,2.3875,94.0215,84.0444,9.9771
PEMAFC-F,0,periodavg_1056-1058,2.306667,-13.2892,2.7982,94.1979,84.0444,10.1535
PEMAFC-F,0,periodavg_1056-1058,2.360000,-13.2163,3.6706,94.4234,84.0444,10.3790
PEMAFC-F,0,periodavg_1056-1058,2.400000,-13.2468,2.8958,94.1409,84.0444,10.0965
PEMAFC-F,0,periodavg_1056-1058,2.453333,-13.9912,0.8191,94.8804,84.0444,10.8360
PEMAFC-F,0,periodavg_1056-1058,2.506667,-14.1614,1.2709,95.0347,84.0444,10.9903
PEMAFC-F,0,periodavg_1056-1058,2.560000,-14.2032,0.9765,95.2563,84.0444,11.2119
PEMAFC-F,0,periodavg_1056-1058,2.600000,-14.2411,2.4035,95.4442,84.0444,11.3998
PEMAFC-F,0,periodavg_1056-1058,2.653333,-14.4693,2.5644,95.7322,84.0444,11.6878
PEMAFC-F,0,periodavg_1056-1058,2.706667,-14.7596,2.0139,96.0413,84.0444,11.9969
PEMAFC-F,0,periodavg_1056-1058,2.760000,-14.8713,2.0787,96.1015,84.0444,12.0571
PEMAFC-F,0,periodavg_1056-1058,2.800000,-14.9822,3.2027,96.2466,84.0444,12.2022
PEMAFC-F,0,periodavg_1056-1058,2.853333,-14.8949,3.1845,96.4779,84.0444,12.4335
PEMAFC-F,0,periodavg_1056-1058,2.906667,-14.9038,3.3038,96.8197,84.0444,12.7753
PEMAFC-F,0,periodavg_1056-1058,2.960000,-15.2409,1.7491,96.8662,84.0444,12.8218
PEMAFC-F,0,periodavg_1056-1058,3.000000,-15.2549,2.4654,96.9757,84.0444,12.9313
PEMAFC-F,0,periodavg_1056-1058,3.053333,-15.2332,2.9110,97.2610,84.0444,13.2165
PEMAFC-F,0,periodavg_1056-1058,3.106667,-15.3002,2.7336,97.3487,84.0444,13.3043
PEMAFC-F,0,periodavg_1056-1058,3.160000,-15.6486,1.7865,97.5107,84.0444,13.4663
PEMAFC-F,0,periodavg_1056-1058,3.200000,-15.6020,2.8981,97.6638,84.0444,13.6194
PEMAFC-F,0,periodavg_1056-1058,3.253333,-15.7979,2.5636,97.8521,84.0444,13.8077
PEMAFC-F,0,periodavg_1056-1058,3.306667,-15.9550,2.5203,97.9103,84.0444,13.8659
PEMAFC-F,0,periodavg_1056-1058,3.360000,-15.8635,2.3027,97.5237,84.0444,13.4793
PEMAFC-F,0,periodavg_1056-1058,3.400000,-15.9329,2.5675,97.9922,84.0444,13.9478
PEMAFC-F,0,periodavg_1056-1058,3.453333,-16.1367,1.9429,98.3091,84.0444,14.2646
PEMAFC-F,0,periodavg_1056-1058,3.506667,-15.6209,3.0080,96.7514,84.0444,12.7070
PEMAFC-F,0,periodavg_1056-1058,3.560000,-15.6161,3.4456,94.9489,84.0444,10.9045
PEMAFC-F,0,periodavg_1056-1058,3.600000,-15.7974,1.5892,97.4423,84.0444,13.3979
PEMAFC-F,0,periodavg_1056-1058,3.653333,-16.2471,2.4553,99.1988,84.0444,15.1544
PEMAFC-F,0,periodavg_1056-1058,3.706667,-16.3592,2.3763,99.3836,84.0444,15.3392
PEMAFC-F,0,periodavg_1056-1058,3.760000,-16.5156,2.0382,99.6721,84.0444,15.6277
PEMAFC-F,0,periodavg_1056-1058,3.800000,-16.3150,2.3798,98.5514,84.0444,14.5070
PEMAFC-F,0,periodavg_1056-1058,3.853333,-16.5336,2.6451,99.4486,84.0444,15.4042
PEMAFC-F,0,periodavg_1056-1058,3.906667,-16.7629,1.4468,100.1821,84.0444,16.1377
PEMAFC-F,0,periodavg_1056-1058,3.960000,-16.4466,1.8399,100.0180,84.0444,15.9736
PEMAFC-F,0,periodavg_1056-1058,4.000000,-16.5271,1.8946,100.3118,84.0444,16.2673
PEMAFC-F,0,periodavg_1056-1058,4.053333,-16.7486,2.0509,100.3191,84.0444,16.2747
PEMAFC-F,0,periodavg_1056-1058,4.106667,-16.5875,1.9650,97.6546,84.0444,13.6102
PEMAFC-F,0,periodavg_1056-1058,4.160000,-16.6522,2.5942,97.5175,84.0444,13.4731
PEMAFC-F,0,periodavg_1056-1058,4.200000,-16.4783,2.2737,96.6491,84.0444,12.6047
PEMAFC-F,0,periodavg_1056-1058,4.253333,-16.5588,2.6343,95.9971,84.0444,11.9527
PEMAFC-F,0,periodavg_1056-1058,4.306667,-16.5248,2.4144,96.0940,84.0444,12.0496
PEMAFC-F,0,periodavg_1056-1058,4.360000,-16.4189,2.8924,97.3420,84.0444,13.2976
PEMAFC-F,0,periodavg_1056-1058,4.400000,-16.5076,2.7852,96.8593,84.0444,12.8149
PEMAFC-F,0,periodavg_1056-1058,4.453333,-16.9513,2.9453,97.8752,84.0444,13.8308
PEMAFC-F,0,periodavg_1056-1058,4.506667,-17.2756,2.3474,100.6662,84.0444,16.6218
PEMAFC-F,0,periodavg_1056-1058,4.560000,-17.0801,2.7154,100.7160,84.0444,16.6716
PEMAFC-F,0,periodavg_1056-1058,4.600000,-17.3281,2.1675,100.7659,84.0444,16.7215
PEMAFC-F,0,periodavg_1056-1058,4.653333,-16.9414,3.6337,99.3420,84.0444,15.2976
PEMAFC-F,0,periodavg_1056-1058,4.706667,-16.6430,3.1783,99.1382,84.0444,15.0938
PEMAFC-F,0,periodavg_1056-1058,4.760000,-16.8079,3.1819,99.2951,84.0444,15.2507
PEMAFC-F,0,periodavg_1056-1058,4.800000,-16.1805,3.0601,97.1264,84.0444,13.0820
PEMAFC-F,0,periodavg_1056-1058,4.853333,-15.5302,3.1642,94.1324,84.0444,10.0880
PEMAFC-F,0,periodavg_1056-1058,4.906667,-16.4722,1.8704,95.0846,84.0444,11.0402
PEMAFC-F,0,periodavg_1056-1058,4.960000,-16.9474,1.8166,100.8798,84.0444,16.8354
PEMAFC-F,0,periodavg_1056-1058,5.000000,-16.8369,2.7984,100.9014,84.0444,16.8570
PEMAFC-F,0,periodavg_1056-1058,5.053333,-17.3254,1.8117,100.9318,84.0444,16.8874
PEMAFC-F,0,periodavg_1056-1058,5.106667,-17.4483,2.5602,101.0260,84.0444,16.9816
PEMAFC-F,0,periodavg_1056-1058,5.160000,-17.5205,1.3599,101.0277,84.0444,16.9833
PEMAFC-F,0,periodavg_1056-1058,5.200000,-17.4494,2.3419,101.0759,84.0444,17.0315
PEMAFC-F,0,periodavg_1056-1058,5.253333,-17.0511,3.7348,100.2122,84.0444,16.1678
PEMAFC-F,0,periodavg_1056-1058,5.306667,-17.0850,1.6169,97.3037,84.0444,13.2593
PEMAFC-F,0,periodavg_1056-1058,5.360000,-17.4053,2.7208,100.0400,84.0444,15.9956
PEMAFC-F,0,periodavg_1056-1058,5.400000,-17.3455,1.9586,101.1921,84.0444,17.1477
PEMAFC-F,0,periodavg_1056-1058,5.453333,-17.0395,1.4918,100.6103,84.0444,16.5659
PEMAFC-F,0,periodavg_1056-1058,5.506667,-17.1686,3.2069,101.2712,84.0444,17.2268
PEMAFC-F,0,periodavg_1056-1058,5.560000,-17.2590,1.9930,100.7080,84.0444,16.6635
PEMAFC-F,0,periodavg_1056-1058,5.600000,-16.8220,3.1246,97.6689,84.0444,13.6245
PEMAFC-F,0,periodavg_1056-1058,5.653333,-16.9088,3.0259,98.8816,84.0444,14.8372
PEMAFC-F,0,periodavg_1056-1058,5.706667,-17.3665,2.8062,100.4937,84.0444,16.4493
PEMAFC-F,0,periodavg_1056-1058,5.760000,-17.5073,1.7788,101.5619,84.0444,17.5175
PEMAFC-F,0,periodavg_1056-1058,5.800000,-17.3621,2.1880,101.4669,84.0444,17.4225
PEMAFC-F,0,periodavg_1056-1058,5.853333,-17.4426,2.8962,98.4216,84.0444,14.3772
PEMAFC-F,0,periodavg_1056-1058,5.906667,-17.8029,1.7845,100.0962,84.0444,16.0518
PEMAFC-F,0,periodavg_1056-1058,5.960000,-17.9575,1.9835,101.7334,84.0444,17.6890
PEMAFC-F,0,periodavg_1056-1058,6.000000,-18.0785,2.6298,101.7851,84.0444,17.7407
PEMAFC-F,0,periodavg_1056-1058,6.053333,-17.9616,2.7561,101.8686,84.0444,17.8242
PEMAFC-F,0,periodavg_1056-1058,6.106667,-17.7821,2.2085,99.9396,84.0444,15.8952
PEMAFC-F,0,periodavg_1056-1058,6.160000,-18.0475,2.4755,101.4868,84.0444,17.4424
PEMAFC-F,0,periodavg_1056-1058,6.200000,-18.1986,1.8535,101.9562,84.0444,17.9118
PEMAFC-F,0,periodavg_1056-1058,6.253333,-18.2878,2.2996,101.9607,84.0444,17.9163
PEMAFC-F,0,periodavg_1056-1058,6.306667,-18.3093,2.7812,101.9533,84.0444,17.9089
PEMAFC-F,0,periodavg_1056-1058,6.360000,-18.2330,2.8020,102.0455,84.0444,18.0011
PEMAFC-F,0,periodavg_1056-1058,6.400000,-17.7670,2.3307,102.0427,84.0444,17.9983
PEMAFC-F,0,periodavg_1056-1058,6.453333,-17.9919,2.5369,102.0781,84.0444,18.0337
PEMAFC-F,0,periodavg_1056-1058,6.506667,-17.8919,2.1001,102.1164,84.0444,18.0719
PEMAFC-F,0,periodavg_1056-1058,6.560000,-17.6033,3.1793,100.1379,84.0444,16.0934
PEMAFC-F,0,periodavg_1056-1058,6.600000,-17.7516,2.5660,99.4776,84.0444,15.4332
PEMAFC-F,0,periodavg_1056-1058,6.653333,-18.0862,3.5566,101.0784,84.0444,17.0340
PEMAFC-F,0,periodavg_1056-1058,6.706667,-17.8937,2.5567,100.9665,84.0444,16.9220
PEMAFC-F,0,periodavg_1056-1058,6.760000,-17.8368,2.2115,102.3104,84.0444,18.2660
PEMAFC-F,0,periodavg_1056-1058,6.800000,-17.5696,2.3634,99.4135,84.0444,15.3690
PEMAFC-F,0,periodavg_1056-1058,6.853333,-17.5655,2.8484,100.3019,84.0444,16.2575
PEMAFC-F,0,periodavg_1056-1058,6.906667,-17.7456,2.0605,100.4471,84.0444,16.4027
PEMAFC-F,0,periodavg_1056-1058,6.960000,-17.6305,2.9612,101.8700,84.0444,17.8256
PEMAFC-F,0,periodavg_1056-1058,7.000000,-17.4974,3.5461,102.4006,84.0444,18.3562
PEMAFC-F,0,periodavg_1056-1058,7.053333,-17.4814,1.7952,101.2397,84.0444,17.1953
PEMAFC-F,0,periodavg_1056-1058,7.106667,-17.3923,2.3561,101.7721,84.0444,17.7277
PEMAFC-F,0,periodavg_1056-1058,7.160000,-17.4005,2.1093,102.5448,84.0444,18.5004
PEMAFC-F,0,periodavg_1056-1058,7.200000,-17.3297,1.7908,102.5785,84.0444,18.5341
PEMAFC-F,0,periodavg_1056-1058,7.253333,-17.2063,2.9723,98.2200,84.0444,14.1756
PEMAFC-F,0,periodavg_1056-1058,7.306667,-17.1031,1.6812,100.3539,84.0444,16.3095
PEMAFC-F,0,periodavg_1056-1058,7.360000,-17.7995,2.0372,102.4031,84.0444,18.3587
PEMAFC-F,0,periodavg_1056-1058,7.400000,-17.6448,2.4580,99.8067,84.0444,15.7623
PEMAFC-F,0,periodavg_1056-1058,7.453333,-17.8084,2.7782,98.6949,84.0444,14.6505
PEMAFC-F,0,periodavg_1056-1058,7.506667,-17.5760,2.5757,98.6372,84.0444,14.5928
PEMAFC-F,0,periodavg_1056-1058,7.560000,-17.3328,3.1271,102.5712,84.0444,18.5268
PEMAFC-F,0,periodavg_1056-1058,7.600000,-17.5660,1.0011,101.4432,84.0444,17.3988
PEMAFC-F,0,periodavg_1056-1058,7.653333,-17.2939,3.1056,100.0723,84.0444,16.0279
PEMAFC-F,0,periodavg_1056-1058,7.706667,-17.2131,2.8197,98.7547,84.0444,14.7102
PEMAFC-F,0,periodavg_1056-1058,7.760000,-17.3189,2.4562,98.8763,84.0444,14.8319
PEMAFC-F,0,periodavg_1056-1058,7.800000,-17.6714,3.0316,99.4771,84.0444,15.4327
PEMAFC-F,0,periodavg_1056-1058,7.853333,-18.1118,1.2868,101.4567,84.0444,17.4123
PEMAFC-F,0,periodavg_1056-1058,7.906667,-18.0919,2.7282,102.6626,84.0444,18.6182
PEMAFC-F,0,periodavg_1056-1058,7.960000,-17.8574,3.3179,102.6936,84.0444,18.6492
PEMAFC-F,0,periodavg_1056-1058,8.000000,-17.4525,3.2597,102.6968,84.0444,18.6524
PEMAFC-F,0,periodavg_1056-1058,8.053333,-18.1370,1.5753,102.7127,84.0444,18.6683
PEMAFC-F,0,periodavg_1056-1058,8.106667,-18.1587,2.7380,102.7125,84.0444,18.6681
PEMAFC-F,0,periodavg_1056-1058,8.160000,-18.2535,1.5217,102.7205,84.0444,18.6761
PEMAFC-F,0,periodavg_1056-1058,8.200000,-17.9194,3.2631,102.5515,84.0444,18.5071
PEMAFC-F,0,periodavg_1056-1058,8.253333,-17.0398,3.0057,98.5569,84.0444,14.5125
PEMAFC-F,0,periodavg_1056-1058,8.306667,-17.1201,3.2673,99.5627,84.0444,15.5183
PEMAFC-F,0,periodavg_1056-1058,8.360000,-17.1234,2.8073,101.5084,84.0444,17.4640
PEMAFC-F,0,periodavg_1056-1058,8.400000,-17.7873,1.0220,102.7067,84.0444,18.6623
PEMAFC-F,0,periodavg_1056-1058,8.453333,-17.5381,3.0916,100.8451,84.0444,16.8007
PEMAFC-F,0,periodavg_1056-1058,8.506667,-18.1208,1.8041,100.4934,84.0444,16.4490
PEMAFC-F,0,periodavg_1056-1058,8.560000,-17.4497,2.8140,100.6203,84.0444,16.5759
PEMAFC-F,0,periodavg_1056-1058,8.600000,-17.8384,2.9867,98.9225,84.0444,14.8781
PEMAFC-F,0,periodavg_1056-1058,8.653333,-17.7960,1.6870,100.9980,84.0444,16.9536
PEMAFC-F,0,periodavg_1056-1058,8.706667,-17.4956,3.0360,101.0942,84.0444,17.0498
PEMAFC-F,0,periodavg_1056-1058,8.760000,-17.0739,3.6757,100.0169,84.0444,15.9725
PEMAFC-F,0,periodavg_1056-1058,8.800000,-17.6704,1.2359,99.4539,84.0444,15.4095
PEMAFC-F,0,periodavg_1056-1058,8.853333,-17.6685,2.4234,100.3503,84.0444,16.3059
PEMAFC-F,0,periodavg_1056-1058,8.906667,-17.3454,2.7635,99.7683,84.0444,15.7239
PEMAFC-F,0,periodavg_1056-1058,8.960000,-17.9176,1.9680,102.4342,84.0444,18.3898
PEMAFC-F,0,periodavg_1056-1058,9.000000,-18.0051,2.4282,100.2142,84.0444,16.1698
PEMAFC-F,0,periodavg_1056-1058,9.053333,-18.2346,1.9183,102.6379,84.0444,18.5935
PEMAFC-F,0,periodavg_1056-1058,9.106667,-17.9842,2.6339,102.6511,84.0444,18.6067
PEMAFC-F,0,periodavg_1056-1058,9.160000,-18.2935,2.8695,102.0166,84.0444,17.9722
PEMAFC-F,0,periodavg_1056-1058,9.200000,-18.0584,2.5143,102.6607,84.0444,18.6163
PEMAFC-F,0,periodavg_1056-1058,9.253333,-17.9767,2.6006,101.4636,84.0444,17.4192
PEMAFC-F,0,periodavg_1056-1058,9.306667,-17.5127,2.4912,100.2306,84.0444,16.1862
PEMAFC-F,0,periodavg_1056-1058,9.360000,-17.9738,3.4296,101.5447,84.0444,17.5003
PEMAFC-F,0,periodavg_1056-1058,9.400000,-17.8714,3.5090,100.2458,84.0444,16.2014
PEMAFC-F,0,periodavg_1056-1058,9.453333,-17.5992,2.5010,100.0326,84.0444,15.9882
PEMAFC-F,0,periodavg_1056-1058,9.506667,-18.0567,1.8200,102.7066,84.0444,18.6622
PEMAFC-F,0,periodavg_1056-1058,9.560000,-17.7917,2.9239,102.7458,84.0444,18.7014
PEMAFC-F,0,periodavg_1056-1058,9.600000,-17.1906,4.2053,102.7261,84.0444,18.6816
PEMAFC-F,0,periodavg_1056-1058,9.653333,-16.9515,2.1140,102.7395,84.0444,18.6951
PEMAFC-F,0,periodavg_1056-1058,9.706667,-17.5165,2.3030,102.6601,84.0444,18.6157
PEMAFC-F,0,periodavg_1056-1058,9.760000,-18.1407,2.1096,100.5962,84.0444,16.5518
PEMAFC-F,0,periodavg_1056-1058,9.800000,-17.8825,3.0058,101.2007,84.0444,17.1563
PEMAFC-F,0,periodavg_1056-1058,9.853333,-17.9673,2.0480,101.9289,84.0444,17.8845
PEMAFC-F,0,periodavg_1056-1058,9.906667,-18.0350,2.3145,102.3165,84.0444,18.2721
PEMAFC-F,0,periodavg_1056-1058,9.960000,-17.5772,2.9553,101.7395,84.0444,17.6951
PEMAFC-F,0,periodavg_1056-1058,10.000000,-17.4044,2.5184,99.5327,84.0444,15.4883
PEMAFC-F,1,periodavg_0783-0785,10.013333,2.0811,-7.7447,86.4389,83.1503,3.2887
PEMAFC-F,1,periodavg_0783-0785,10.053333,1.4381,1.2624,87.5013,83.1503,4.3510
PEMAFC-F,1,periodavg_0783-0785,10.106667,0.6257,1.7081,88.2885,83.1503,5.1383
PEMAFC-F,1,periodavg_0783-0785,10.160000,-0.0634,1.0327,88.9275,83.1503,5.7772
PEMAFC-F,1,periodavg_0783-0785,10.200000,-0.5810,1.9686,89.7781,83.1503,6.6279
PEMAFC-F,1,periodavg_0783-0785,10.253333,-1.2649,2.2319,89.8605,83.1503,6.7102
PEMAFC-F,1,periodavg_0783-0785,10.306667,-1.8304,1.8532,90.0829,83.1503,6.9327
PEMAFC-F,1,periodavg_0783-0785,10.360000,-2.4638,1.8608,90.2311,83.1503,7.0808
PEMAFC-F,1,periodavg_0783-0785,10.400000,-2.8437,2.7702,90.3820,83.1503,7.2317
PEMAFC-F,1,periodavg_0783-0785,10.453333,-3.3449,1.1831,90.5728,83.1503,7.4226
PEMAFC-F,1,periodavg_0783-0785,10.506667,-3.7952,1.6153,90.7316,83.1503,7.5813
PEMAFC-F,1,periodavg_0783-0785,10.560000,-4.1845,2.9343,90.7748,83.1503,7.6246
PEMAFC-F,1,periodavg_0783-0785,10.600000,-4.5452,0.3272,90.9833,83.1503,7.8330
PEMAFC-F,1,periodavg_0783-0785,10.653333,-4.8803,2.6231,91.0869,83.1503,7.9366
PEMAFC-F,1,periodavg_0783-0785,10.706667,-5.2685,2.1639,91.1651,83.1503,8.0148
PEMAFC-F,1,periodavg_0783-0785,10.760000,-5.6145,2.4539,91.3523,83.1503,8.2021
PEMAFC-F,1,periodavg_0783-0785,10.800000,-5.7767,0.8560,91.5784,83.1503,8.4281
PEMAFC-F,1,periodavg_0783-0785,10.853333,-6.1418,0.5469,91.8052,83.1503,8.6549
PEMAFC-F,1,periodavg_0783-0785,10.906667,-6.3881,1.7723,92.0771,83.1503,8.9269
PEMAFC-F,1,periodavg_0783-0785,10.960000,-6.6986,2.3611,92.3697,83.1503,9.2194
PEMAFC-F,1,periodavg_0783-0785,11.000000,-6.8283,2.5055,92.5173,83.1503,9.3670
PEMAFC-F,1,periodavg_0783-0785,11.053333,-7.1384,1.8184,92.7254,83.1503,9.5751
PEMAFC-F,1,periodavg_0783-0785,11.106667,-7.3689,2.3677,92.7883,83.1503,9.6381
PEMAFC-F,1,periodavg_0783-0785,11.160000,-7.7731,1.9552,93.5258,83.1503,10.3755
PEMAFC-F,1,periodavg_0783-0785,11.200000,-7.8607,2.9749,93.7522,83.1503,10.6019
PEMAFC-F,1,periodavg_0783-0785,11.253333,-8.1434,1.1407,93.9316,83.1503,10.7814
PEMAFC-F,1,periodavg_0783-0785,11.306667,-8.2789,2.5893,94.1472,83.1503,10.9970
PEMAFC-F,1,periodavg_0783-0785,11.360000,-8.3972,1.9671,94.5426,83.1503,11.3924
PEMAFC-F,1,periodavg_0783-0785,11.400000,-8.6093,2.7053,94.6759,83.1503,11.5256
PEMAFC-F,1,periodavg_0783-0785,11.453333,-8.9813,2.0823,94.8296,83.1503,11.6793
PEMAFC-F,1,periodavg_0783-0785,11.506667,-9.0275,0.7231,94.9703,83.1503,11.8200
PEMAFC-F,1,periodavg_0783-0785,11.560000,-9.2326,2.5927,95.1085,83.1503,11.9583
PEMAFC-F,1,periodavg_0783-0785,11.600000,-8.8262,2.5946,92.3697,83.1503,9.2195
PEMAFC-F,1,periodavg_0783-0785,11.653333,-9.3621,2.2114,95.3780,83.1503,12.2278
PEMAFC-F,1,periodavg_0783-0785,11.706667,-9.6013,2.7290,95.6828,83.1503,12.5325
PEMAFC-F,1,periodavg_0783-0785,11.760000,-9.6261,1.8094,96.0113,83.1503,12.8610
PEMAFC-F,1,periodavg_0783-0785,11.800000,-9.7193,2.1983,96.1501,83.1503,12.9998
PEMAFC-F,1,periodavg_0783-0785,11.853333,-9.5292,2.6334,96.3953,83.1503,13.2451
PEMAFC-F,1,periodavg_0783-0785,11.906667,-9.8036,0.5811,96.5216,83.1503,13.3714
PEMAFC-F,1,periodavg_0783-0785,11.960000,-10.1401,1.4444,96.8714,83.1503,13.7211
PEMAFC-F,1,periodavg_0783-0785,12.000000,-10.1831,2.2011,97.1142,83.1503,13.9640
PEMAFC-F,1,periodavg_0783-0785,12.053333,-10.2366,1.2032,97.3498,83.1503,14.1996
PEMAFC-F,1,periodavg_0783-0785,12.106667,-10.5527,0.7621,97.7284,83.1503,14.5781
PEMAFC-F,1,periodavg_0783-0785,12.160000,-10.8126,2.1806,97.9161,83.1503,14.7659
PEMAFC-F,1,periodavg_0783-0785,12.200000,-10.5160,1.4609,98.0399,83.1503,14.8896
PEMAFC-F,1,periodavg_0783-0785,12.253333,-10.2422,1.9644,98.3321,83.1503,15.1819
PEMAFC-F,1,periodavg_0783-0785,12.306667,-10.7037,2.0748,98.4786,83.1503,15.3284
PEMAFC-F,1,periodavg_0783-0785,12.360000,-10.8599,2.3532,98.5935,83.1503,15.4432
PEMAFC-F,1,periodavg_0783-0785,12.400000,-11.0867,2.3486,98.6890,83.1503,15.5387
PEMAFC-F,1,periodavg_0783-0785,12.453333,-10.6921,0.7580,98.9190,83.1503,15.7687
PEMAFC-F,1,periodavg_0783-0785,12.506667,-10.7487,1.5086,98.3783,83.1503,15.2281
PEMAFC-F,1,periodavg_0783-0785,12.560000,-10.8735,2.3430,99.0441,83.1503,15.8938
PEMAFC-F,1,periodavg_0783-0785,12.600000,-11.1284,1.4921,99.5562,83.1503,16.4060
PEMAFC-F,1,periodavg_0783-0785,12.653333,-10.7861,0.0973,98.5034,83.1503,15.3531
PEMAFC-F,1,periodavg_0783-0785,12.706667,-10.4684,0.4370,95.9922,83.1503,12.8420
PEMAFC-F,1,periodavg_0783-0785,12.760000,-10.8350,3.0730,99.8220,83.1503,16.6717
PEMAFC-F,1,periodavg_0783-0785,12.800000,-11.1447,2.7946,100.1511,83.1503,17.0009
PEMAFC-F,1,periodavg_0783-0785,12.853333,-11.4158,1.1006,99.2563,83.1503,16.1061
PEMAFC-F,1,periodavg_0783-0785,12.906667,-11.7632,2.7945,100.1882,83.1503,17.0380
PEMAFC-F,1,periodavg_0783-0785,12.960000,-11.6654,1.3286,100.3765,83.1503,17.2263
PEMAFC-F,1,periodavg_0783-0785,13.000000,-11.6895,0.7290,99.3475,83.1503,16.1972
PEMAFC-F,1,periodavg_0783-0785,13.053333,-11.7840,3.1318,100.6678,83.1503,17.5175
PEMAFC-F,1,periodavg_0783-0785,13.106667,-11.7525,1.6104,100.7963,83.1503,17.6460
PEMAFC-F,1,periodavg_0783-0785,13.160000,-11.9088,1.1096,100.9901,83.1503,17.8398
PEMAFC-F,1,periodavg_0783-0785,13.200000,-11.7153,2.3718,101.0788,83.1503,17.9286
PEMAFC-F,1,periodavg_0783-0785,13.253333,-12.0264,1.2220,96.8705,83.1503,13.7203
PEMAFC-F,1,periodavg_0783-0785,13.306667,-12.0291,2.0313,98.6498,83.1503,15.4995
PEMAFC-F,1,periodavg_0783-0785,13.360000,-12.0977,1.4015,101.7479,83.1503,18.5976
PEMAFC-F,1,periodavg_0783-0785,13.400000,-12.0161,0.5910,99.6405,83.1503,16.4902
PEMAFC-F,1,periodavg_0783-0785,13.453333,-11.7555,2.1160,98.3929,83.1503,15.2426
PEMAFC-F,1,periodavg_0783-0785,13.506667,-11.9967,1.5362,97.5343,83.1503,14.3840
PEMAFC-F,1,periodavg_0783-0785,13.560000,-12.0718,2.3558,97.5671,83.1503,14.4169
PEMAFC-F,1,periodavg_0783-0785,13.600000,-12.3121,1.3413,98.0883,83.1503,14.9381
PEMAFC-F,1,periodavg_0783-0785,13.653333,-11.9680,1.2420,97.1888,83.1503,14.0386
PEMAFC-F,1,periodavg_0783-0785,13.706667,-11.7449,1.9527,95.0140,83.1503,11.8638
PEMAFC-F,1,periodavg_0783-0785,13.760000,-11.4730,2.2142,95.6326,83.1503,12.4823
PEMAFC-F,1,periodavg_0783-0785,13.800000,-12.0896,2.4346,100.2574,83.1503,17.1072
PEMAFC-F,1,periodavg_0783-0785,13.853333,-12.4357,1.6187,101.1710,83.1503,18.0208
PEMAFC-F,1,periodavg_0783-0785,13.906667,-12.7315,1.7637,103.5850,83.1503,20.4348
PEMAFC-F,1,periodavg_0783-0785,13.960000,-12.7656,2.5561,102.8231,83.1503,19.6729
PEMAFC-F,1,periodavg_0783-0785,14.000000,-12.8530,1.9813,103.0115,83.1503,19.8613
PEMAFC-F,1,periodavg_0783-0785,14.053333,-11.6081,2.8953,97.3046,83.1503,14.1544
PEMAFC-F,1,periodavg_0783-0785,14.106667,-11.8979,3.2010,99.4382,83.1503,16.2879
PEMAFC-F,1,periodavg_0783-0785,14.160000,-12.2763,1.0612,100.7535,83.1503,17.6032
PEMAFC-F,1,periodavg_0783-0785,14.200000,-12.4444,1.5602,103.0862,83.1503,19.9359
PEMAFC-F,1,periodavg_0783-0785,14.253333,-12.5673,1.9689,102.5519,83.1503,19.4017
PEMAFC-F,1,periodavg_0783-0785,14.306667,-12.9660,1.7174,104.1888,83.1503,21.0386
PEMAFC-F,1,periodavg_0783-0785,14.360000,-13.0266,2.4209,104.4740,83.1503,21.3237
PEMAFC-F,1,periodavg_0783-0785,14.400000,-13.1852,0.7989,104.4461,83.1503,21.2959
PEMAFC-F,1,periodavg_0783-0785,14.453333,-13.0569,2.7757,102.1492,83.1503,18.9989
PEMAFC-F,1,periodavg_0783-0785,14.506667,-13.3011,1.8519,104.4329,83.1503,21.2826
PEMAFC-F,1,periodavg_0783-0785,14.560000,-12.7914,1.3394,97.7826,83.1503,14.6323
PEMAFC-F,1,periodavg_0783-0785,14.600000,-12.3868,1.9160,96.1670,83.1503,13.0168
PEMAFC-F,1,periodavg_0783-0785,14.653333,-11.7853,1.1363,93.3786,83.1503,10.2284
PEMAFC-F,1,periodavg_0783-0785,14.706667,-11.4901,1.8864,95.0931,83.1503,11.9428
PEMAFC-F,1,periodavg_0783-0785,14.760000,-11.8609,1.7194,98.8754,83.1503,15.7252
PEMAFC-F,1,periodavg_0783-0785,14.800000,-11.9961,1.0914,96.4918,83.1503,13.3415
PEMAFC-F,1,periodavg_0783-0785,14.853333,-12.2323,2.9031,100.1179,83.1503,16.9676
PEMAFC-F,1,periodavg_0783-0785,14.906667,-12.0174,3.5476,95.1909,83.1503,12.0406
PEMAFC-F,1,periodavg_0783-0785,14.960000,-11.9136,1.9073,96.6128,83.1503,13.4625
PEMAFC-F,1,periodavg_0783-0785,15.000000,-11.7295,3.0487,93.6575,83.1503,10.5073
PEMAFC-F,1,periodavg_0783-0785,15.053333,-12.0967,1.8313,94.0340,83.1503,10.8837
PEMAFC-F,1,periodavg_0783-0785,15.106667,-12.0836,1.0723,95.0720,83.1503,11.9218
PEMAFC-F,1,periodavg_0783-0785,15.160000,-11.9670,1.4103,96.6247,83.1503,13.4745
PEMAFC-F,1,periodavg_0783-0785,15.200000,-12.0787,3.1362,95.7533,83.1503,12.6031
PEMAFC-F,1,periodavg_0783-0785,15.253333,-11.6696,2.1535,93.4994,83.1503,10.3492
PEMAFC-F,1,periodavg_0783-0785,15.306667,-11.8916,1.7982,93.9789,83.1503,10.8286
PEMAFC-F,1,periodavg_0783-0785,15.360000,-12.5281,0.1137,97.7704,83.1503,14.6201
PEMAFC-F,1,periodavg_0783-0785,15.400000,-12.6185,2.9514,98.4728,83.1503,15.3225
PEMAFC-F,1,periodavg_0783-0785,15.453333,-12.7640,1.7833,101.0083,83.1503,17.8581
PEMAFC-F,1,periodavg_0783-0785,15.506667,-12.6778,0.5716,96.0845,83.1503,12.9342
PEMAFC-F,1,periodavg_0783-0785,15.560000,-12.5314,2.0892,94.8438,83.1503,11.6936
PEMAFC-F,1,periodavg_0783-0785,15.600000,-12.3530,1.2941,94.1581,83.1503,11.0078
PEMAFC-F,1,periodavg_0783-0785,15.653333,-12.0131,0.3866,93.8597,83.1503,10.7095
PEMAFC-F,1,periodavg_0783-0785,15.706667,-12.7715,2.0195,101.4791,83.1503,18.3288
PEMAFC-F,1,periodavg_0783-0785,15.760000,-12.4790,1.7980,99.7598,83.1503,16.6096
PEMAFC-F,1,periodavg_0783-0785,15.800000,-12.8422,1.8582,101.5660,83.1503,18.4157
PEMAFC-F,1,periodavg_0783-0785,15.853333,-12.6395,1.9787,99.2684,83.1503,16.1181
PEMAFC-F,1,periodavg_0783-0785,15.906667,-12.6009,3.1883,101.5782,83.1503,18.4279
PEMAFC-F,1,periodavg_0783-0785,15.960000,-13.1226,2.4356,102.3200,83.1503,19.1697
PEMAFC-F,1,periodavg_0783-0785,16.000000,-11.9654,2.7353,93.1678,83.1503,10.0176
PEMAFC-F,1,periodavg_0783-0785,16.053333,-11.8540,2.0077,95.8434,83.1503,12.6931
PEMAFC-F,1,periodavg_0783-0785,16.106667,-12.4299,1.6053,95.9861,83.1503,12.8358
PEMAFC-F,1,periodavg_0783-0785,16.160000,-12.8233,1.9867,99.0356,83.1503,15.8853
PEMAFC-F,1,periodavg_0783-0785,16.200000,-12.5161,2.4803,98.1255,83.1503,14.9753
PEMAFC-F,1,periodavg_0783-0785,16.253333,-12.5938,1.1460,97.3429,83.1503,14.1926
PEMAFC-F,1,periodavg_0783-0785,16.306667,-12.9644,1.6282,98.0138,83.1503,14.8636
PEMAFC-F,1,periodavg_0783-0785,16.360000,-12.9708,3.5692,99.2595,83.1503,16.1093
PEMAFC-F,1,periodavg_0783-0785,16.400000,-13.0207,1.7430,99.0968,83.1503,15.9465
PEMAFC-F,1,periodavg_0783-0785,16.453333,-12.8165,1.7866,98.3385,83.1503,15.1883
PEMAFC-F,1,periodavg_0783-0785,16.506667,-12.9989,1.0245,103.8999,83.1503,20.7496
PEMAFC-F,1,periodavg_0783-0785,16.560000,-12.9495,1.3768,104.3489,83.1503,21.1987
PEMAFC-F,1,periodavg_0783-0785,16.600000,-13.1868,2.2107,101.4418,83.1503,18.2915
PEMAFC-F,1,periodavg_0783-0785,16.653333,-13.1624,1.8150,102.9653,83.1503,19.8150
PEMAFC-F,1,periodavg_0783-0785,16.706667,-13.0793,1.5899,99.2683,83.1503,16.1180
PEMAFC-F,1,periodavg_0783-0785,16.760000,-13.2993,3.4564,104.3544,83.1503,21.2042
PEMAFC-F,1,periodavg_0783-0785,16.800000,-12.9622,2.3130,103.3293,83.1503,20.1791
PEMAFC-F,1,periodavg_0783-0785,16.853333,-12.9599,2.1975,104.3955,83.1503,21.2453
PEMAFC-F,1,periodavg_0783-0785,16.906667,-13.0784,1.6517,104.4077,83.1503,21.2575
PEMAFC-F,1,periodavg_0783-0785,16.960000,-12.8169,3.3548,104.3882,83.1503,21.2380
PEMAFC-F,1,periodavg_0783-0785,17.000000,-12.7502,3.1858,104.4254,83.1503,21.2752
PEMAFC-F,1,periodavg_0783-0785,17.053333,-12.4755,2.5969,103.6027,83.1503,20.4524
PEMAFC-F,1,periodavg_0783-0785,17.106667,-11.9723,1.9769,96.2538,83.1503,13.1035
PEMAFC-F,1,periodavg_0783-0785,17.160000,-12.7924,0.3735,101.7168,83.1503,18.5666
PEMAFC-F,1,periodavg_0783-0785,17.200000,-13.1389,2.4432,103.2313,83.1503,20.0810
PEMAFC-F,1,periodavg_0783-0785,17.253333,-12.0501,0.8627,97.2952,83.1503,14.1450
PEMAFC-F,1,periodavg_0783-0785,17.306667,-12.2713,3.7891,97.7773,83.1503,14.6270
PEMAFC-F,1,periodavg_0783-0785,17.360000,-11.4620,-0.5938,96.2364,83.1503,13.0861
PEMAFC-F,1,periodavg_0783-0785,17.400000,-11.6208,1.8955,96.2116,83.1503,13.0613
PEMAFC-F,1,periodavg_0783-0785,17.453333,-11.9237,1.6049,95.5737,83.1503,12.4235
PEMAFC-F,1,periodavg_0783-0785,17.506667,-12.5847,2.4068,97.4538,83.1503,14.3035
PEMAFC-F,1,periodavg_0783-0785,17.560000,-12.8935,2.0950,101.6021,83.1503,18.4518
PEMAFC-F,1,periodavg_0783-0785,17.600000,-13.3077,1.3800,104.4715,83.1503,21.3213
PEMAFC-F,1,periodavg_0783-0785,17.653333,-13.1357,0.4728,104.4812,83.1503,21.3309
PEMAFC-F,1,periodavg_0783-0785,17.706667,-13.2403,2.6359,104.4592,83.1503,21.3089
PEMAFC-F,1,periodavg_0783-0785,17.760000,-12.9530,2.5675,102.9140,83.1503,19.7638
PEMAFC-F,1,periodavg_0783-0785,17.800000,-12.6035,1.5443,103.3197,83.1503,20.1695
PEMAFC-F,1,periodavg_0783-0785,17.853333,-12.3846,2.0949,100.7414,83.1503,17.5911
PEMAFC-F,1,periodavg_0783-0785,17.906667,-12.9541,0.1775,102.9860,83.1503,19.8357
PEMAFC-F,1,periodavg_0783-0785,17.960000,-12.8585,2.5436,103.2363,83.1503,20.0861
PEMAFC-F,1,periodavg_0783-0785,18.000000,-13.1454,1.7733,104.4795,83.1503,21.3292
PEMAFC-F,1,periodavg_0783-0785,18.053333,-13.3352,2.4882,104.4537,83.1503,21.3034
PEMAFC-F,1,periodavg_0783-0785,18.106667,-13.2133,1.9255,104.4896,83.1503,21.3394
PEMAFC-F,1,periodavg_0783-0785,18.160000,-13.1374,2.1799,102.9173,83.1503,19.7671
PEMAFC-F,1,periodavg_0783-0785,18.200000,-13.0154,1.7757,101.6303,83.1503,18.4800
PEMAFC-F,1,periodavg_0783-0785,18.253333,-13.2301,1.5855,101.9039,83.1503,18.7536
PEMAFC-F,1,periodavg_0783-0785,18.306667,-10.9150,1.1153,94.7184,83.1503,11.5681
PEMAFC-F,1,periodavg_0783-0785,18.360000,-11.3977,0.6064,94.3934,83.1503,11.2432
PEMAFC-F,1,periodavg_0783-0785,18.400000,-11.8569,2.1145,95.4744,83.1503,12.3241
PEMAFC-F,1,periodavg_0783-0785,18.453333,-12.5084,2.0436,98.2048,83.1503,15.0545
PEMAFC-F,1,periodavg_0783-0785,18.506667,-12.0541,0.9349,96.7324,83.1503,13.5821
PEMAFC-F,1,periodavg_0783-0785,18.560000,-11.8926,2.3474,94.9285,83.1503,11.7783
PEMAFC-F,1,periodavg_0783-0785,18.600000,-12.6379,1.6611,100.3692,83.1503,17.2190
PEMAFC-F,1,periodavg_0783-0785,18.653333,-13.0175,1.5069,101.6070,83.1503,18.4568
PEMAFC-F,1,periodavg_0783-0785,18.706667,-12.9093,2.9912,103.1978,83.1503,20.0475
PEMAFC-F,1,periodavg_0783-0785,18.760000,-13.1706,1.4680,104.4323,83.1503,21.2820
PEMAFC-F,1,periodavg_0783-0785,18.800000,-13.0197,2.0276,104.4830,83.1503,21.3327
PEMAFC-F,1,periodavg_0783-0785,18.853333,-12.2775,1.1883,98.5473,83.1503,15.3971
PEMAFC-F,1,periodavg_0783-0785,18.906667,-12.3848,1.3938,96.4631,83.1503,13.3129
PEMAFC-F,1,periodavg_0783-0785,18.960000,-11.9659,0.5652,94.3489,83.1503,11.1987
PEMAFC-F,1,periodavg_0783-0785,19.000000,-12.5219,2.5439,99.7152,83.1503,16.5649
PEMAFC-F,1,periodavg_0783-0785,19.053333,-12.2627,1.1744,98.8236,83.1503,15.6733
PEMAFC-F,1,periodavg_0783-0785,19.106667,-12.8149,2.1675,104.5184,83.1503,21.3682
PEMAFC-F,1,periodavg_0783-0785,19.160000,-13.3311,2.3684,104.4971,83.1503,21.3469
PEMAFC-F,1,periodavg_0783-0785,19.200000,-13.3131,4.3812,104.4962,83.1503,21.3459
PEMAFC-F,1,periodavg_0783-0785,19.253333,-13.2587,1.5944,104.4993,83.1503,21.3490
PEMAFC-F,1,periodavg_0783-0785,19.306667,-13.3365,2.2924,104.4864,83.1503,21.3361
PEMAFC-F,1,periodavg_0783-0785,19.360000,-12.8481,2.9010,104.4990,83.1503,21.3488
PEMAFC-F,1,periodavg_0783-0785,19.400000,-12.6203,1.6630,100.9321,83.1503,17.7818
PEMAFC-F,1,periodavg_0783-0785,19.453333,-12.6342,2.3543,104.2042,83.1503,21.0540
PEMAFC-F,1,periodavg_0783-0785,19.506667,-13.1722,0.9655,104.4737,83.1503,21.3234
PEMAFC-F,1,periodavg_0783-0785,19.560000,-13.0003,0.5439,100.1499,83.1503,16.9996
PEMAFC-F,1,periodavg_0783-0785,19.600000,-13.1969,2.3447,102.1891,83.1503,19.0388
PEMAFC-F,1,periodavg_0783-0785,19.653333,-13.2188,1.3511,103.7377,83.1503,20.5874
PEMAFC-F,1,periodavg_0783-0785,19.706667,-12.5290,3.9604,101.1069,83.1503,17.9567
PEMAFC-F,1,periodavg_0783-0785,19.760000,-13.0193,1.7829,100.0132,83.1503,16.8630
PEMAFC-F,1,periodavg_0783-0785,19.800000,-13.2587,2.6308,104.4638,83.1503,21.3135
PEMAFC-F,1,periodavg_0783-0785,19.853333,-13.0139,0.1092,104.4860,83.1503,21.3357
PEMAFC-F,1,periodavg_0783-0785,19.906667,-13.0061,3.2294,103.5536,83.1503,20.4033
PEMAFC-F,1,periodavg_0783-0785,19.960000,-12.9751,1.3199,102.2508,83.1503,19.1005
PEMAFC-F,1,periodavg_0783-0785,20.000000,-12.9469,2.5725,101.3477,83.1503,18.1975
PEMAFC-F,2,periodavg_0894-0896,20.013333,0.1974,-0.2060,67.6791,67.5088,0.1703
PEMAFC-F,2,periodavg_0894-0896,20.053333,-0.4464,0.3661,68.2228,67.5088,0.7139
PEMAFC-F,2,periodavg_0894-0896,20.106667,-1.2986,1.3694,69.3655,67.5088,1.8566
PEMAFC-F,2,periodavg_0894-0896,20.160000,-2.3694,2.5734,71.6037,67.5088,4.0949
PEMAFC-F,2,periodavg_0894-0896,20.200000,-2.9585,2.9539,72.3052,67.5088,4.7964
PEMAFC-F,2,periodavg_0894-0896,20.253333,-3.8526,3.6261,73.3457,67.5088,5.8368
PEMAFC-F,2,periodavg_0894-0896,20.306667,-4.7620,4.6030,74.4358,67.5088,6.9270
PEMAFC-F,2,periodavg_0894-0896,20.360000,-5.4637,5.5680,75.0754,67.5088,7.5666
PEMAFC-F,2,periodavg_0894-0896,20.400000,-6.0429,5.1778,76.3821,67.5088,8.8732
PEMAFC-F,2,periodavg_0894-0896,20.453333,-6.7072,6.2583,77.3986,67.5088,9.8897
PEMAFC-F,2,periodavg_0894-0896,20.506667,-7.3166,6.2472,78.4816,67.5088,10.9728
PEMAFC-F,2,periodavg_0894-0896,20.560000,-7.8957,5.9566,79.8232,67.5088,12.3144
PEMAFC-F,2,periodavg_0894-0896,20.600000,-8.3592,5.7794,80.0614,67.5088,12.5525
PEMAFC-F,2,periodavg_0894-0896,20.653333,-8.8469,5.7231,80.6487,67.5088,13.1399
PEMAFC-F,2,periodavg_0894-0896,20.706667,-9.3093,7.4183,80.9288,67.5088,13.4199
PEMAFC-F,2,periodavg_0894-0896,20.760000,-9.7411,6.1538,81.0902,67.5088,13.5814
PEMAFC-F,2,periodavg_0894-0896,20.800000,-10.2474,8.5514,81.3567,67.5088,13.8479
PEMAFC-F,2,periodavg_0894-0896,20.853333,-10.6739,8.0032,81.5166,67.5088,14.0077
PEMAFC-F,2,periodavg_0894-0896,20.906667,-11.0956,6.4257,81.6556,67.5088,14.1467
PEMAFC-F,2,periodavg_0894-0896,20.960000,-11.4385,8.2764,81.9134,67.5088,14.4046
PEMAFC-F,2,periodavg_0894-0896,21.000000,-11.6902,8.5889,82.1576,67.5088,14.6487
PEMAFC-F,2,periodavg_0894-0896,21.053333,-12.0001,7.3687,82.4744,67.5088,14.9656
PEMAFC-F,2,periodavg_0894-0896,21.106667,-12.3089,6.2037,82.6540,67.5088,15.1451
PEMAFC-F,2,periodavg_0894-0896,21.160000,-12.5531,9.4643,82.8140,67.5088,15.3052
PEMAFC-F,2,periodavg_0894-0896,21.200000,-12.7487,8.3248,83.0181,67.5088,15.5093
PEMAFC-F,2,periodavg_0894-0896,21.253333,-12.9839,7.6183,83.1659,67.5088,15.6571
PEMAFC-F,2,periodavg_0894-0896,21.306667,-13.2283,7.3021,83.3645,67.5088,15.8557
PEMAFC-F,2,periodavg_0894-0896,21.360000,-13.4492,7.8365,83.4798,67.5088,15.9710
PEMAFC-F,2,periodavg_0894-0896,21.400000,-13.6287,8.7725,83.7802,67.5088,16.2714
PEMAFC-F,2,periodavg_0894-0896,21.453333,-13.8302,7.0795,83.9429,67.5088,16.4341
PEMAFC-F,2,periodavg_0894-0896,21.506667,-13.8737,5.6890,84.1046,67.5088,16.5958
PEMAFC-F,2,periodavg_0894-0896,21.560000,-14.0924,6.6073,84.4447,67.5088,16.9359
PEMAFC-F,2,periodavg_0894-0896,21.600000,-14.2532,7.4342,84.8767,67.5088,17.3679
PEMAFC-F,2,periodavg_0894-0896,21.653333,-14.4856,7.8415,84.9894,67.5088,17.4806
PEMAFC-F,2,periodavg_0894-0896,21.706667,-14.6935,4.8196,85.1409,67.5088,17.6321
PEMAFC-F,2,periodavg_0894-0896,21.760000,-14.8386,9.1592,85.3519,67.5088,17.8431
PEMAFC-F,2,periodavg_0894-0896,21.800000,-14.9225,6.5830,85.5412,67.5088,18.0324
PEMAFC-F,2,periodavg_0894-0896,21.853333,-15.0703,8.9288,85.7886,67.5088,18.2798
PEMAFC-F,2,periodavg_0894-0896,21.906667,-15.1545,8.6771,85.8929,67.5088,18.3840
PEMAFC-F,2,periodavg_0894-0896,21.960000,-15.2991,7.2885,86.0247,67.5088,18.5158
PEMAFC-F,2,periodavg_0894-0896,22.000000,-15.4110,9.0670,86.3681,67.5088,18.8593
PEMAFC-F,2,periodavg_0894-0896,22.053333,-15.5435,5.1712,86.5583,67.5088,19.0495
PEMAFC-F,2,periodavg_0894-0896,22.106667,-15.6689,9.4967,86.6865,67.5088,19.1777
PEMAFC-F,2,periodavg_0894-0896,22.160000,-15.7597,6.9515,86.9565,67.5088,19.4477
PEMAFC-F,2,periodavg_0894-0896,22.200000,-15.8605,8.1776,87.2728,67.5088,19.7639
PEMAFC-F,2,periodavg_0894-0896,22.253333,-15.9178,6.4548,87.5388,67.5088,20.0300
PEMAFC-F,2,periodavg_0894-0896,22.306667,-16.0205,7.3010,87.6980,67.5088,20.1891
PEMAFC-F,2,periodavg_0894-0896,22.360000,-16.0166,5.6225,87.7356,67.5088,20.2268
PEMAFC-F,2,periodavg_0894-0896,22.400000,-16.1020,8.1002,87.8238,67.5088,20.3150
PEMAFC-F,2,periodavg_0894-0896,22.453333,-16.2221,6.9552,87.9725,67.5088,20.4637
PEMAFC-F,2,periodavg_0894-0896,22.506667,-16.2970,6.0277,87.9694,67.5088,20.4606
PEMAFC-F,2,periodavg_0894-0896,22.560000,-16.4081,6.7730,87.9665,67.5088,20.4577
PEMAFC-F,2,periodavg_0894-0896,22.600000,-16.4979,7.0739,87.9617,67.5088,20.4529
PEMAFC-F,2,periodavg_0894-0896,22.653333,-16.5727,9.8817,87.9543,67.5088,20.4454
PEMAFC-F,2,periodavg_0894-0896,22.706667,-16.6778,7.5313,87.9519,67.5088,20.4430
PEMAFC-F,2,periodavg_0894-0896,22.760000,-16.7659,8.0217,87.9493,67.5088,20.4405
PEMAFC-F,2,periodavg_0894-0896,22.800000,-16.8111,7.0310,87.9564,67.5088,20.4476
PEMAFC-F,2,periodavg_0894-0896,22.853333,-16.8602,7.8564,87.9422,67.5088,20.4334
PEMAFC-F,2,periodavg_0894-0896,22.906667,-16.9162,7.1024,87.9508,67.5088,20.4420
PEMAFC-F,2,periodavg_0894-0896,22.960000,-16.9066,8.1528,87.9585,67.5088,20.4496
PEMAFC-F,2,periodavg_0894-0896,23.000000,-16.9779,6.7903,87.9570,67.5088,20.4482
PEMAFC-F,2,periodavg_0894-0896,23.053333,-17.0602,7.4598,87.9508,67.5088,20.4420
PEMAFC-F,2,periodavg_0894-0896,23.106667,-17.0756,6.6439,87.9423,67.5088,20.4335
PEMAFC-F,2,periodavg_0894-0896,23.160000,-17.0909,6.7720,87.9475,67.5088,20.4387
PEMAFC-F,2,periodavg_0894-0896,23.200000,-17.1489,7.7011,87.9461,67.5088,20.4373
PEMAFC-F,2,periodavg_0894-0896,23.253333,-17.2038,7.8271,87.9553,67.5088,20.4465
PEMAFC-F,2,periodavg_0894-0896,23.306667,-17.2424,8.2742,87.9578,67.5088,20.4490
PEMAFC-F,2,periodavg_0894-0896,23.360000,-17.3191,6.9559,87.9559,67.5088,20.4471
PEMAFC-F,2,periodavg_0894-0896,23.400000,-17.4097,8.4103,87.9616,67.5088,20.4528
PEMAFC-F,2,periodavg_0894-0896,23.453333,-17.4092,7.6280,87.9506,67.5088,20.4417
PEMAFC-F,2,periodavg_0894-0896,23.506667,-17.4901,8.7620,87.9566,67.5088,20.4478
PEMAFC-F,2,periodavg_0894-0896,23.560000,-17.5386,5.9649,87.9508,67.5088,20.4420
PEMAFC-F,2,periodavg_0894-0896,23.600000,-17.5585,8.2956,87.9509,67.5088,20.4421
PEMAFC-F,2,periodavg_0894-0896,23.653333,-17.5546,7.4459,87.9547,67.5088,20.4459
PEMAFC-F,2,periodavg_0894-0896,23.706667,-17.5339,6.4903,87.9455,67.5088,20.4366
PEMAFC-F,2,periodavg_0894-0896,23.760000,-17.3156,5.8139,87.9364,67.5088,20.4276
PEMAFC-F,2,periodavg_0894-0896,23.800000,-17.4765,4.8541,87.9355,67.5088,20.4267
PEMAFC-F,2,periodavg_0894-0896,23.853333,-17.5147,7.5148,87.9426,67.5088,20.4337
PEMAFC-F,2,periodavg_0894-0896,23.906667,-17.6033,7.2437,87.9404,67.5088,20.4316
PEMAFC-F,2,periodavg_0894-0896,23.960000,-17.7313,6.8909,87.9358,67.5088,20.4270
PEMAFC-F,2,periodavg_0894-0896,24.000000,-17.7106,5.7393,87.9273,67.5088,20.4185
PEMAFC-F,2,periodavg_0894-0896,24.053333,-17.7580,8.6165,87.9275,67.5088,20.4187
PEMAFC-F,2,periodavg_0894-0896,24.106667,-17.7793,7.5836,87.9273,67.5088,20.4185
PEMAFC-F,2,periodavg_0894-0896,24.160000,-17.8663,7.3478,87.9294,67.5088,20.4206
PEMAFC-F,2,periodavg_0894-0896,24.200000,-17.7613,7.1818,87.9311,67.5088,20.4223
PEMAFC-F,2,periodavg_0894-0896,24.253333,-17.8444,6.8172,87.9314,67.5088,20.4226
PEMAFC-F,2,periodavg_0894-0896,24.306667,-17.8591,7.0826,87.9250,67.5088,20.4161
PEMAFC-F,2,periodavg_0894-0896,24.360000,-17.9170,8.1722,87.9271,67.5088,20.4183
PEMAFC-F,2,periodavg_0894-0896,24.400000,-17.8881,7.2511,87.9324,67.5088,20.4236
PEMAFC-F,2,periodavg_0894-0896,24.453333,-17.8343,6.4620,87.9432,67.5088,20.4343
PEMAFC-F,2,periodavg_0894-0896,24.506667,-17.8883,8.2223,87.9372,67.5088,20.4284
PEMAFC-F,2,periodavg_0894-0896,24.560000,-17.8753,6.5354,87.9270,67.5088,20.4181
PEMAFC-F,2,periodavg_0894-0896,24.600000,-17.9382,6.7878,87.9383,67.5088,20.4295
PEMAFC-F,2,periodavg_0894-0896,24.653333,-17.9524,5.9075,87.9346,67.5088,20.4258
PEMAFC-F,2,periodavg_0894-0896,24.706667,-17.9986,7.6633,87.9305,67.5088,20.4217
PEMAFC-F,2,periodavg_0894-0896,24.760000,-17.9953,7.6581,87.9362,67.5088,20.4273
PEMAFC-F,2,periodavg_0894-0896,24.800000,-17.8903,7.5995,87.9392,67.5088,20.4304
PEMAFC-F,2,periodavg_0894-0896,24.853333,-17.9340,8.5332,87.9347,67.5088,20.4258
PEMAFC-F,2,periodavg_0894-0896,24.906667,-18.0056,6.3308,87.9360,67.5088,20.4271
PEMAFC-F,2,periodavg_0894-0896,24.960000,-17.9129,7.0355,87.9475,67.5088,20.4386
PEMAFC-F,2,periodavg_0894-0896,25.000000,-17.9693,8.4126,87.9446,67.5088,20.4358
PEMAFC-F,2,periodavg_0894-0896,25.053333,-17.8774,7.6623,87.9395,67.5088,20.4306
PEMAFC-F,2,periodavg_0894-0896,25.106667,-17.8084,6.4289,87.9389,67.5088,20.4301
PEMAFC-F,2,periodavg_0894-0896,25.160000,-17.7807,6.4117,87.9403,67.5088,20.4315
PEMAFC-F,2,periodavg_0894-0896,25.200000,-17.8731,8.4590,87.9414,67.5088,20.4326
PEMAFC-F,2,periodavg_0894-0896,25.253333,-17.9556,7.2288,87.9453,67.5088,20.4365
PEMAFC-F,2,periodavg_0894-0896,25.306667,-17.9775,9.2278,87.9424,67.5088,20.4336
PEMAFC-F,2,periodavg_0894-0896,25.360000,-18.0735,7.6562,87.9377,67.5088,20.4289
PEMAFC-F,2,periodavg_0894-0896,25.400000,-18.0476,8.6839,87.9418,67.5088,20.4330
PEMAFC-F,2,periodavg_0894-0896,25.453333,-18.0283,7.8095,87.9419,67.5088,20.4331
PEMAFC-F,2,periodavg_0894-0896,25.506667,-17.9887,7.3847,87.9491,67.5088,20.4402
PEMAFC-F,2,periodavg_0894-0896,25.560000,-18.0874,7.7687,87.9425,67.5088,20.4336
PEMAFC-F,2,periodavg_0894-0896,25.600000,-18.0676,7.6697,87.9443,67.5088,20.4354
PEMAFC-F,2,periodavg_0894-0896,25.653333,-18.0776,6.6792,87.9441,67.5088,20.4353
PEMAFC-F,2,periodavg_0894-0896,25.706667,-18.0549,6.7634,87.9517,67.5088,20.4429
PEMAFC-F,2,periodavg_0894-0896,25.760000,-18.0763,7.8202,87.9471,67.5088,20.4383
PEMAFC-F,2,periodavg_0894-0896,25.800000,-18.0734,8.2940,87.9528,67.5088,20.4440
PEMAFC-F,2,periodavg_0894-0896,25.853333,-18.0770,8.0727,87.9434,67.5088,20.4345
PEMAFC-F,2,periodavg_0894-0896,25.906667,-18.1076,8.6901,87.9398,67.5088,20.4310
PEMAFC-F,2,periodavg_0894-0896,25.960000,-18.1359,8.1810,87.9295,67.5088,20.4207
PEMAFC-F,2,periodavg_0894-0896,26.000000,-18.1127,7.3346,87.9383,67.5088,20.4295
PEMAFC-F,2,periodavg_0894-0896,26.053333,-18.1636,7.2989,87.9338,67.5088,20.4250
PEMAFC-F,2,periodavg_0894-0896,26.106667,-18.1819,6.2988,87.9233,67.5088,20.4145
PEMAFC-F,2,periodavg_0894-0896,26.160000,-18.1477,6.6183,87.9299,67.5088,20.4211
PEMAFC-F,2,periodavg_0894-0896,26.200000,-18.2087,7.9470,87.9422,67.5088,20.4334
PEMAFC-F,2,periodavg_0894-0896,26.253333,-18.1611,8.1843,87.9348,67.5088,20.4260
PEMAFC-F,2,periodavg_0894-0896,26.306667,-18.0839,8.4677,87.9283,67.5088,20.4194
PEMAFC-F,2,periodavg_0894-0896,26.360000,-18.1361,7.7481,87.9375,67.5088,20.4287
PEMAFC-F,2,periodavg_0894-0896,26.400000,-18.0970,7.5119,87.9424,67.5088,20.4336
PEMAFC-F,2,periodavg_0894-0896,26.453333,-18.0802,6.6419,87.9291,67.5088,20.4203
PEMAFC-F,2,periodavg_0894-0896,26.506667,-18.1280,7.7080,87.9307,67.5088,20.4218
PEMAFC-F,2,periodavg_0894-0896,26.560000,-18.1341,8.3962,87.9352,67.5088,20.4263
PEMAFC-F,2,periodavg_0894-0896,26.600000,-18.1965,8.6941,87.9250,67.5088,20.4162
PEMAFC-F,2,periodavg_0894-0896,26.653333,-18.1821,8.0382,87.9187,67.5088,20.4099
PEMAFC-F,2,periodavg_0894-0896,26.706667,-18.1939,6.8303,87.9314,67.5088,20.4226
PEMAFC-F,2,periodavg_0894-0896,26.760000,-18.1048,7.2381,87.9427,67.5088,20.4339
PEMAFC-F,2,periodavg_0894-0896,26.800000,-18.1212,8.6692,87.9464,67.5088,20.4376
PEMAFC-F,2,periodavg_0894-0896,26.853333,-18.1529,7.2016,87.9348,67.5088,20.4260
PEMAFC-F,2,periodavg_0894-0896,26.906667,-18.1622,7.9922,87.9361,67.5088,20.4273
PEMAFC-F,2,periodavg_0894-0896,26.960000,-18.2071,8.6840,87.9281,67.5088,20.4193
PEMAFC-F,2,periodavg_0894-0896,27.000000,-18.2146,10.7458,87.9253,67.5088,20.4165
PEMAFC-F,2,periodavg_0894-0896,27.053333,-18.2376,7.2734,87.9347,67.5088,20.4259
PEMAFC-F,2,periodavg_0894-0896,27.106667,-18.2223,7.9470,87.9382,67.5088,20.4294
PEMAFC-F,2,periodavg_0894-0896,27.160000,-18.2427,7.6732,87.9317,67.5088,20.4229
PEMAFC-F,2,periodavg_0894-0896,27.200000,-18.1924,6.9146,87.9301,67.5088,20.4213
PEMAFC-F,2,periodavg_0894-0896,27.253333,-18.1436,6.7832,87.9290,67.5088,20.4201
PEMAFC-F,2,periodavg_0894-0896,27.306667,-18.1901,8.6801,87.9346,67.5088,20.4258
PEMAFC-F,2,periodavg_0894-0896,27.360000,-18.2735,6.5294,87.9279,67.5088,20.4191
PEMAFC-F,2,periodavg_0894-0896,27.400000,-18.1678,7.7909,87.9329,67.5088,20.4241
PEMAFC-F,2,periodavg_0894-0896,27.453333,-18.1835,7.7938,87.9357,67.5088,20.4269
PEMAFC-F,2,periodavg_0894-0896,27.506667,-18.1868,6.9355,87.9364,67.5088,20.4276
PEMAFC-F,2,periodavg_0894-0896,27.560000,-18.0471,8.2792,87.9273,67.5088,20.4185
PEMAFC-F,2,periodavg_0894-0896,27.600000,-18.0603,7.2906,87.9295,67.5088,20.4207
PEMAFC-F,2,periodavg_0894-0896,27.653333,-17.9534,7.8371,87.9229,67.5088,20.4141
PEMAFC-F,2,periodavg_0894-0896,27.706667,-18.0488,6.3160,87.9186,67.5088,20.4098
PEMAFC-F,2,periodavg_0894-0896,27.760000,-18.1073,7.7416,87.9199,67.5088,20.4111
PEMAFC-F,2,periodavg_0894-0896,27.800000,-18.1271,6.3479,87.9108,67.5088,20.4020
PEMAFC-F,2,periodavg_0894-0896,27.853333,-18.2342,7.9375,87.9180,67.5088,20.4091
PEMAFC-F,2,periodavg_0894-0896,27.906667,-18.2191,7.3939,87.9131,67.5088,20.4043
PEMAFC-F,2,periodavg_0894-0896,27.960000,-18.2082,8.5796,87.9057,67.5088,20.3968
PEMAFC-F,2,periodavg_0894-0896,28.000000,-18.2326,5.7994,87.9136,67.5088,20.4048
PEMAFC-F,2,periodavg_0894-0896,28.053333,-18.2195,8.0517,87.9147,67.5088,20.4059
PEMAFC-F,2,periodavg_0894-0896,28.106667,-18.2212,7.9014,87.9175,67.5088,20.4087
PEMAFC-F,2,periodavg_0894-0896,28.160000,-18.1761,9.1286,87.9172,67.5088,20.4084
PEMAFC-F,2,periodavg_0894-0896,28.200000,-18.2646,8.4066,87.9160,67.5088,20.4072
PEMAFC-F,2,periodavg_0894-0896,28.253333,-18.1799,7.6589,87.9135,67.5088,20.4047
PEMAFC-F,2,periodavg_0894-0896,28.306667,-18.1570,7.3355,87.9070,67.5088,20.3982
PEMAFC-F,2,periodavg_0894-0896,28.360000,-18.2061,8.5281,87.9084,67.5088,20.3996
PEMAFC-F,2,periodavg_0894-0896,28.400000,-18.2399,9.6575,87.9044,67.5088,20.3956
PEMAFC-F,2,periodavg_0894-0896,28.453333,-18.2591,8.1426,87.9019,67.5088,20.3931
PEMAFC-F,2,periodavg_0894-0896,28.506667,-18.2074,9.1050,87.8994,67.5088,20.3906
PEMAFC-F,2,periodavg_0894-0896,28.560000,-18.1817,7.9990,87.9042,67.5088,20.3954
PEMAFC-F,2,periodavg_0894-0896,28.600000,-18.2043,6.3669,87.9003,67.5088,20.3915
PEMAFC-F,2,periodavg_0894-0896,28.653333,-18.1043,8.8215,87.9054,67.5088,20.3966
PEMAFC-F,2,periodavg_0894-0896,28.706667,-17.9417,6.3468,87.8997,67.5088,20.3909
PEMAFC-F,2,periodavg_0894-0896,28.760000,-17.9890,8.7247,87.9083,67.5088,20.3995
PEMAFC-F,2,periodavg_0894-0896,28.800000,-18.0115,7.3626,87.9112,67.5088,20.4023
PEMAFC-F,2,periodavg_0894-0896,28.853333,-17.9939,8.8917,87.9172,67.5088,20.4084
PEMAFC-F,2,periodavg_0894-0896,28.906667,-18.1404,6.3646,87.9301,67.5088,20.4212
PEMAFC-F,2,periodavg_0894-0896,28.960000,-18.0902,7.3641,87.9294,67.5088,20.4205
PEMAFC-F,2,periodavg_0894-0896,29.000000,-18.0724,7.5655,87.9286,67.5088,20.4198
PEMAFC-F,2,periodavg_0894-0896,29.053333,-18.0151,5.4380,87.9262,67.5088,20.4174
PEMAFC-F,2,periodavg_0894-0896,29.106667,-18.0437,6.0011,87.9244,67.5088,20.4156
PEMAFC-F,2,periodavg_0894-0896,29.160000,-18.1149,7.1052,87.9204,67.5088,20.4116
PEMAFC-F,2,periodavg_0894-0896,29.200000,-18.1019,9.5130,87.9094,67.5088,20.4005
PEMAFC-F,2,periodavg_0894-0896,29.253333,-18.1169,9.4555,87.9070,67.5088,20.3982
PEMAFC-F,2,periodavg_0894-0896,29.306667,-18.1937,8.0066,87.9000,67.5088,20.3911
PEMAFC-F,2,periodavg_0894-0896,29.360000,-18.1643,6.9468,87.9040,67.5088,20.3952
PEMAFC-F,2,periodavg_0894-0896,29.400000,-18.2140,8.3522,87.8977,67.5088,20.3889
PEMAFC-F,2,periodavg_0894-0896,29.453333,-18.1555,7.1413,87.8891,67.5088,20.3803
PEMAFC-F,2,periodavg_0894-0896,29.506667,-18.2369,8.4771,87.8943,67.5088,20.3855
PEMAFC-F,2,periodavg_0894-0896,29.560000,-18.2643,7.8467,87.9057,67.5088,20.3969
PEMAFC-F,2,periodavg_0894-0896,29.600000,-18.2471,7.3252,87.9045,67.5088,20.3957
PEMAFC-F,2,periodavg_0894-0896,29.653333,-18.2283,7.9727,87.9015,67.5088,20.3927
PEMAFC-F,2,periodavg_0894-0896,29.706667,-18.2129,7.6299,87.9033,67.5088,20.3944
PEMAFC-F,2,periodavg_0894-0896,29.760000,-18.1665,7.3272,87.8994,67.5088,20.3906
PEMAFC-F,2,periodavg_0894-0896,29.800000,-18.1021,7.6241,87.9063,67.5088,20.3975
PEMAFC-F,2,periodavg_0894-0896,29.853333,-18.1032,8.5527,87.9074,67.5088,20.3985
PEMAFC-F,2,periodavg_0894-0896,29.906667,-18.1454,8.5169,87.9172,67.5088,20.4084
PEMAFC-F,2,periodavg_0894-0896,29.960000,-18.2040,7.4871,87.9152,67.5088,20.4064
PEMAFC-F,2,periodavg_0894-0896,30.000000,-18.2109,7.3772,87.9243,67.5088,20.4154
PEMAFC-F,3,periodavg_0870-0872,30.013333,3.7583,-11.1559,69.8750,79.1852,-9.3102
PEMAFC-F,3,periodavg_0870-0872,30.053333,2.9899,-3.8866,71.1680,79.1852,-8.0172
PEMAFC-F,3,periodavg_0870-0872,30.106667,1.8983,-2.5307,72.3240,79.1852,-6.8612
PEMAFC-F,3,periodavg_0870-0872,30.160000,1.0546,-0.5730,73.1321,79.1852,-6.0531
PEMAFC-F,3,periodavg_0870-0872,30.200000,0.4815,-0.1219,73.6990,79.1852,-5.4862
PEMAFC-F,3,periodavg_0870-0872,30.253333,-0.4386,-0.1888,74.5612,79.1852,-4.6241
PEMAFC-F,3,periodavg_0870-0872,30.306667,-1.3429,1.3663,76.0565,79.1852,-3.1287
PEMAFC-F,3,periodavg_0870-0872,30.360000,-2.1504,1.8732,77.2370,79.1852,-1.9482
PEMAFC-F,3,periodavg_0870-0872,30.400000,-2.8424,2.1233,78.9466,79.1852,-0.2387
PEMAFC-F,3,periodavg_0870-0872,30.453333,-3.6963,1.8184,80.6543,79.1852,1.4691
PEMAFC-F,3,periodavg_0870-0872,30.506667,-4.4399,2.6644,81.5305,79.1852,2.3452
PEMAFC-F,3,periodavg_0870-0872,30.560000,-5.2340,2.9248,82.1544,79.1852,2.9691
PEMAFC-F,3,periodavg_0870-0872,30.600000,-5.7109,2.3830,82.7320,79.1852,3.5468
PEMAFC-F,3,periodavg_0870-0872,30.653333,-6.2716,3.2625,83.1872,79.1852,4.0020
PEMAFC-F,3,periodavg_0870-0872,30.706667,-6.8412,3.0790,83.6644,79.1852,4.4792
PEMAFC-F,3,periodavg_0870-0872,30.760000,-7.4548,4.9160,84.0872,79.1852,4.9020
PEMAFC-F,3,periodavg_0870-0872,30.800000,-7.9275,4.2999,84.5287,79.1852,5.3435
PEMAFC-F,3,periodavg_0870-0872,30.853333,-8.4289,3.7191,85.0425,79.1852,5.8572
PEMAFC-F,3,periodavg_0870-0872,30.906667,-8.9418,3.3989,85.5888,79.1852,6.4035
PEMAFC-F,3,periodavg_0870-0872,30.960000,-9.4941,4.5114,86.1917,79.1852,7.0064
PEMAFC-F,3,periodavg_0870-0872,31.000000,-9.8964,3.9404,86.7900,79.1852,7.6048
PEMAFC-F,3,periodavg_0870-0872,31.053333,-10.3659,3.5565,87.4860,79.1852,8.3007
PEMAFC-F,3,periodavg_0870-0872,31.106667,-10.8090,4.2444,87.9613,79.1852,8.7761
PEMAFC-F,3,periodavg_0870-0872,31.160000,-11.2311,3.6985,88.7638,79.1852,9.5786
PEMAFC-F,3,periodavg_0870-0872,31.200000,-11.4534,4.2071,89.0772,79.1852,9.8919
PEMAFC-F,3,periodavg_0870-0872,31.253333,-11.7958,3.8768,89.1491,79.1852,9.9639
PEMAFC-F,3,periodavg_0870-0872,31.306667,-12.1549,3.9311,89.2764,79.1852,10.0911
PEMAFC-F,3,periodavg_0870-0872,31.360000,-12.4842,4.7170,89.5608,79.1852,10.3756
PEMAFC-F,3,periodavg_0870-0872,31.400000,-12.7052,5.8087,89.6973,79.1852,10.5121
PEMAFC-F,3,periodavg_0870-0872,31.453333,-12.9807,3.2986,89.8553,79.1852,10.6701
PEMAFC-F,3,periodavg_0870-0872,31.506667,-13.2589,4.3868,90.0816,79.1852,10.8964
PEMAFC-F,3,periodavg_0870-0872,31.560000,-13.5565,5.0876,90.2703,79.1852,11.0851
PEMAFC-F,3,periodavg_0870-0872,31.600000,-13.7790,4.3799,90.4019,79.1852,11.2167
PEMAFC-F,3,periodavg_0870-0872,31.653333,-13.9804,5.3152,90.6240,79.1852,11.4387
PEMAFC-F,3,periodavg_0870-0872,31.706667,-14.2595,6.7706,90.6956,79.1852,11.5104
PEMAFC-F,3,periodavg_0870-0872,31.760000,-14.5223,4.5025,90.8236,79.1852,11.6384
PEMAFC-F,3,periodavg_0870-0872,31.800000,-14.7190,5.9083,90.9722,79.1852,11.7869
PEMAFC-F,3,periodavg_0870-0872,31.853333,-14.9927,4.5418,91.3492,79.1852,12.1640
PEMAFC-F,3,periodavg_0870-0872,31.906667,-15.2926,4.0312,91.5867,79.1852,12.4015
PEMAFC-F,3,periodavg_0870-0872,31.960000,-15.5645,4.3810,91.8171,79.1852,12.6318
PEMAFC-F,3,periodavg_0870-0872,32.000000,-15.7046,4.3732,91.9067,79.1852,12.7214
PEMAFC-F,3,periodavg_0870-0872,32.053333,-15.8564,3.6635,92.1588,79.1852,12.9736
PEMAFC-F,3,periodavg_0870-0872,32.106667,-16.0601,4.5112,92.3941,79.1852,13.2089
PEMAFC-F,3,periodavg_0870-0872,32.160000,-16.2822,4.3919,92.7613,79.1852,13.5761
PEMAFC-F,3,periodavg_0870-0872,32.200000,-16.3918,3.7774,92.9324,79.1852,13.7472
PEMAFC-F,3,periodavg_0870-0872,32.253333,-16.6089,4.3161,93.2122,79.1852,14.0270
PEMAFC-F,3,periodavg_0870-0872,32.306667,-16.7493,4.7388,93.3511,79.1852,14.1659
PEMAFC-F,3,periodavg_0870-0872,32.360000,-16.8771,4.9514,93.6021,79.1852,14.4169
PEMAFC-F,3,periodavg_0870-0872,32.400000,-17.1917,2.8493,93.8734,79.1852,14.6882
PEMAFC-F,3,periodavg_0870-0872,32.453333,-17.2057,5.3055,94.0874,79.1852,14.9022
PEMAFC-F,3,periodavg_0870-0872,32.506667,-17.3144,3.4983,94.4450,79.1852,15.2598
PEMAFC-F,3,periodavg_0870-0872,32.560000,-17.5272,2.9002,94.8271,79.1852,15.6419
PEMAFC-F,3,periodavg_0870-0872,32.600000,-17.6599,5.1107,94.9451,79.1852,15.7599
PEMAFC-F,3,periodavg_0870-0872,32.653333,-17.7895,4.0769,95.2252,79.1852,16.0399
PEMAFC-F,3,periodavg_0870-0872,32.706667,-17.8880,5.8336,95.3704,79.1852,16.1852
PEMAFC-F,3,periodavg_0870-0872,32.760000,-17.7685,3.7765,95.5898,79.1852,16.4046
PEMAFC-F,3,periodavg_0870-0872,32.800000,-17.9048,3.4051,95.7281,79.1852,16.5429
PEMAFC-F,3,periodavg_0870-0872,32.853333,-17.9700,4.7968,95.8647,79.1852,16.6794
PEMAFC-F,3,periodavg_0870-0872,32.906667,-18.0919,3.8202,95.9945,79.1852,16.8093
PEMAFC-F,3,periodavg_0870-0872,32.960000,-18.2859,3.9802,96.1366,79.1852,16.9514
PEMAFC-F,3,periodavg_0870-0872,33.000000,-18.2446,3.9613,96.3300,79.1852,17.1447
PEMAFC-F,3,periodavg_0870-0872,33.053333,-18.4425,5.5034,96.4127,79.1852,17.2274
PEMAFC-F,3,periodavg_0870-0872,33.106667,-18.6441,4.5818,96.7136,79.1852,17.5284
PEMAFC-F,3,periodavg_0870-0872,33.160000,-18.7843,4.7830,96.8767,79.1852,17.6915
PEMAFC-F,3,periodavg_0870-0872,33.200000,-18.7724,5.2154,97.0682,79.1852,17.8830
PEMAFC-F,3,periodavg_0870-0872,33.253333,-18.9572,4.3824,97.2737,79.1852,18.0885
PEMAFC-F,3,periodavg_0870-0872,33.306667,-19.0659,5.1809,97.5447,79.1852,18.3595
PEMAFC-F,3,periodavg_0870-0872,33.360000,-19.1719,4.9379,97.7110,79.1852,18.5258
PEMAFC-F,3,periodavg_0870-0872,33.400000,-19.2778,4.3967,97.9587,79.1852,18.7735
PEMAFC-F,3,periodavg_0870-0872,33.453333,-19.3899,4.2652,98.1344,79.1852,18.9491
PEMAFC-F,3,periodavg_0870-0872,33.506667,-19.4042,5.9435,98.3572,79.1852,19.1719
PEMAFC-F,3,periodavg_0870-0872,33.560000,-19.4087,5.3803,98.5413,79.1852,19.3560
PEMAFC-F,3,periodavg_0870-0872,33.600000,-19.4157,3.4877,98.6174,79.1852,19.4321
PEMAFC-F,3,periodavg_0870-0872,33.653333,-19.4866,3.7737,98.8452,79.1852,19.6600
PEMAFC-F,3,periodavg_0870-0872,33.706667,-19.3452,4.6320,95.3525,79.1852,16.1673
PEMAFC-F,3,periodavg_0870-0872,33.760000,-19.1341,3.9967,92.7437,79.1852,13.5585
PEMAFC-F,3,periodavg_0870-0872,33.800000,-19.1111,4.2588,92.8967,79.1852,13.7115
PEMAFC-F,3,periodavg_0870-0872,33.853333,-18.9780,4.3624,91.5523,79.1852,12.3670
PEMAFC-F,3,periodavg_0870-0872,33.906667,-19.3718,4.0823,94.0146,79.1852,14.8294
PEMAFC-F,3,periodavg_0870-0872,33.960000,-19.4471,3.0968,96.9027,79.1852,17.7174
PEMAFC-F,3,periodavg_0870-0872,34.000000,-19.7133,5.3222,97.0810,79.1852,17.8958
PEMAFC-F,3,periodavg_0870-0872,34.053333,-19.8342,3.7983,97.6049,79.1852,18.4197
PEMAFC-F,3,periodavg_0870-0872,34.106667,-19.8361,4.3617,99.3823,79.1852,20.1970
PEMAFC-F,3,periodavg_0870-0872,34.160000,-19.9876,5.0998,99.8728,79.1852,20.6876
PEMAFC-F,3,periodavg_0870-0872,34.200000,-20.1171,4.3729,99.8735,79.1852,20.6883
PEMAFC-F,3,periodavg_0870-0872,34.253333,-20.0549,4.7720,99.8998,79.1852,20.7145
PEMAFC-F,3,periodavg_0870-0872,34.306667,-20.1860,4.0918,99.9108,79.1852,20.7256
PEMAFC-F,3,periodavg_0870-0872,34.360000,-20.2227,4.6480,99.9514,79.1852,20.7662
PEMAFC-F,3,periodavg_0870-0872,34.400000,-19.9689,2.7048,99.9204,79.1852,20.7352
PEMAFC-F,3,periodavg_0870-0872,34.453333,-20.2458,4.9405,99.9264,79.1852,20.7412
PEMAFC-F,3,periodavg_0870-0872,34.506667,-20.1329,4.1885,96.9034,79.1852,17.7181
PEMAFC-F,3,periodavg_0870-0872,34.560000,-20.1122,4.4908,97.0089,79.1852,17.8236
PEMAFC-F,3,periodavg_0870-0872,34.600000,-20.2488,5.9288,97.6444,79.1852,18.4592
PEMAFC-F,3,periodavg_0870-0872,34.653333,-20.3542,5.4994,98.9600,79.1852,19.7748
PEMAFC-F,3,periodavg_0870-0872,34.706667,-20.3870,5.4885,99.6891,79.1852,20.5039
PEMAFC-F,3,periodavg_0870-0872,34.760000,-20.3903,5.0863,99.9434,79.1852,20.7582
PEMAFC-F,3,periodavg_0870-0872,34.800000,-20.2264,5.0284,95.5599,79.1852,16.3747
PEMAFC-F,3,periodavg_0870-0872,34.853333,-20.1989,5.1430,94.6431,79.1852,15.4579
PEMAFC-F,3,periodavg_0870-0872,34.906667,-20.1974,4.0585,95.4378,79.1852,16.2525
PEMAFC-F,3,periodavg_0870-0872,34.960000,-20.3283,4.4686,95.7364,79.1852,16.5512
PEMAFC-F,3,periodavg_0870-0872,35.000000,-20.1215,4.4040,94.1924,79.1852,15.0072
PEMAFC-F,3,periodavg_0870-0872,35.053333,-20.1081,4.2650,93.4349,79.1852,14.2496
PEMAFC-F,3,periodavg_0870-0872,35.106667,-20.5616,3.5886,99.1754,79.1852,19.9902
PEMAFC-F,3,periodavg_0870-0872,35.160000,-20.6124,4.3461,99.9132,79.1852,20.7280
PEMAFC-F,3,periodavg_0870-0872,35.200000,-20.7336,2.9368,99.9216,79.1852,20.7363
PEMAFC-F,3,periodavg_0870-0872,35.253333,-20.7306,4.4752,99.9132,79.1852,20.7280
PEMAFC-F,3,periodavg_0870-0872,35.306667,-20.7529,4.8387,99.9157,79.1852,20.7305
PEMAFC-F,3,periodavg_0870-0872,35.360000,-20.5463,5.3412,99.6254,79.1852,20.4402
PEMAFC-F,3,periodavg_0870-0872,35.400000,-20.5852,4.6183,99.9460,79.1852,20.7608
PEMAFC-F,3,periodavg_0870-0872,35.453333,-20.6483,5.2374,98.6466,79.1852,19.4613
PEMAFC-F,3,periodavg_0870-0872,35.506667,-20.6258,4.8164,98.9599,79.1852,19.7746
PEMAFC-F,3,periodavg_0870-0872,35.560000,-20.6363,3.7559,99.8991,79.1852,20.7138
PEMAFC-F,3,periodavg_0870-0872,35.600000,-20.6898,2.7327,99.8900,79.1852,20.7048
PEMAFC-F,3,periodavg_0870-0872,35.653333,-20.2422,5.6645,93.6252,79.1852,14.4400
PEMAFC-F,3,periodavg_0870-0872,35.706667,-20.3955,2.7790,97.8198,79.1852,18.6346
PEMAFC-F,3,periodavg_0870-0872,35.760000,-20.7953,3.9573,99.8925,79.1852,20.7073
PEMAFC-F,3,periodavg_0870-0872,35.800000,-20.8740,4.5431,99.8808,79.1852,20.6955
PEMAFC-F,3,periodavg_0870-0872,35.853333,-20.4168,2.5336,98.9609,79.1852,19.7757
PEMAFC-F,3,periodavg_0870-0872,35.906667,-20.5340,3.2988,98.6492,79.1852,19.4640
PEMAFC-F,3,periodavg_0870-0872,35.960000,-20.8645,4.7174,99.8334,79.1852,20.6482
PEMAFC-F,3,periodavg_0870-0872,36.000000,-20.8010,4.4394,99.8407,79.1852,20.6555
PEMAFC-F,3,periodavg_0870-0872,36.053333,-20.8059,4.5749,99.8491,79.1852,20.6639
PEMAFC-F,3,periodavg_0870-0872,36.106667,-20.7221,3.9275,99.8929,79.1852,20.7077
PEMAFC-F,3,periodavg_0870-0872,36.160000,-20.6092,4.2837,99.6297,79.1852,20.4444
PEMAFC-F,3,periodavg_0870-0872,36.200000,-20.5574,5.8188,98.4921,79.1852,19.3068
PEMAFC-F,3,periodavg_0870-0872,36.253333,-20.5467,4.8695,99.8411,79.1852,20.6559
PEMAFC-F,3,periodavg_0870-0872,36.306667,-20.5417,4.6067,99.1512,79.1852,19.9659
PEMAFC-F,3,periodavg_0870-0872,36.360000,-20.7553,4.2269,99.8615,79.1852,20.6763
PEMAFC-F,3,periodavg_0870-0872,36.400000,-20.7737,4.6053,99.8697,79.1852,20.6844
PEMAFC-F,3,periodavg_0870-0872,36.453333,-20.6842,5.9042,99.8762,79.1852,20.6910
PEMAFC-F,3,periodavg_0870-0872,36.506667,-20.8224,3.7272,99.8800,79.1852,20.6948
PEMAFC-F,3,periodavg_0870-0872,36.560000,-20.5747,3.7674,98.5209,79.1852,19.3356
PEMAFC-F,3,periodavg_0870-0872,36.600000,-20.5094,3.8203,99.8920,79.1852,20.7068
PEMAFC-F,3,periodavg_0870-0872,36.653333,-20.5457,4.0842,99.9126,79.1852,20.7274
PEMAFC-F,3,periodavg_0870-0872,36.706667,-20.8317,3.2085,99.9130,79.1852,20.7278
PEMAFC-F,3,periodavg_0870-0872,36.760000,-20.5390,4.5106,99.9382,79.1852,20.7529
PEMAFC-F,3,periodavg_0870-0872,36.800000,-20.3241,2.9650,99.9691,79.1852,20.7839
PEMAFC-F,3,periodavg_0870-0872,36.853333,-21.0101,3.8914,99.9240,79.1852,20.7388
PEMAFC-F,3,periodavg_0870-0872,36.906667,-21.0217,3.6709,99.9075,79.1852,20.7223
PEMAFC-F,3,periodavg_0870-0872,36.960000,-20.9184,4.1745,99.8903,79.1852,20.7050
PEMAFC-F,3,periodavg_0870-0872,37.000000,-20.7854,4.1125,99.9096,79.1852,20.7244
PEMAFC-F,3,periodavg_0870-0872,37.053333,-20.7933,4.9893,99.7337,79.1852,20.5485
PEMAFC-F,3,periodavg_0870-0872,37.106667,-20.8109,4.9842,99.9032,79.1852,20.7180
PEMAFC-F,3,periodavg_0870-0872,37.160000,-20.9075,3.5738,99.8855,79.1852,20.7003
PEMAFC-F,3,periodavg_0870-0872,37.200000,-20.9398,3.6434,99.8949,79.1852,20.7096
PEMAFC-F,3,periodavg_0870-0872,37.253333,-20.9669,3.5477,99.8927,79.1852,20.7075
PEMAFC-F,3,periodavg_0870-0872,37.306667,-20.8991,5.6558,99.9087,79.1852,20.7235
PEMAFC-F,3,periodavg_0870-0872,37.360000,-20.9402,3.7175,99.9000,79.1852,20.7148
PEMAFC-F,3,periodavg_0870-0872,37.400000,-20.9906,3.7004,99.8543,79.1852,20.6691
PEMAFC-F,3,periodavg_0870-0872,37.453333,-20.9501,4.1106,99.8496,79.1852,20.6644
PEMAFC-F,3,periodavg_0870-0872,37.506667,-20.8771,2.9365,99.8741,79.1852,20.6889
PEMAFC-F,3,periodavg_0870-0872,37.560000,-20.6886,5.5661,99.8427,79.1852,20.6575
PEMAFC-F,3,periodavg_0870-0872,37.600000,-20.6563,2.9058,99.8282,79.1852,20.6429
PEMAFC-F,3,periodavg_0870-0872,37.653333,-20.4654,3.6272,95.7780,79.1852,16.5928
PEMAFC-F,3,periodavg_0870-0872,37.706667,-20.6191,4.5027,95.6683,79.1852,16.4831
PEMAFC-F,3,periodavg_0870-0872,37.760000,-20.7701,4.2959,99.7998,79.1852,20.6146
PEMAFC-F,3,periodavg_0870-0872,37.800000,-20.6854,6.2625,99.7883,79.1852,20.6031
PEMAFC-F,3,periodavg_0870-0872,37.853333,-20.7155,3.4095,97.3415,79.1852,18.1562
PEMAFC-F,3,periodavg_0870-0872,37.906667,-20.8254,3.7160,99.8149,79.1852,20.6296
PEMAFC-F,3,periodavg_0870-0872,37.960000,-20.7389,4.6161,98.9546,79.1852,19.7694
PEMAFC-F,3,periodavg_0870-0872,38.000000,-20.5804,4.3998,97.5438,79.1852,18.3586
PEMAFC-F,3,periodavg_0870-0872,38.053333,-20.5551,5.0986,98.8082,79.1852,19.6230
PEMAFC-F,3,periodavg_0870-0872,38.106667,-20.6582,4.1750,99.8252,79.1852,20.6399
PEMAFC-F,3,periodavg_0870-0872,38.160000,-20.6336,3.8248,99.7968,79.1852,20.6116
PEMAFC-F,3,periodavg_0870-0872,38.200000,-20.4768,4.1002,99.8099,79.1852,20.6247
PEMAFC-F,3,periodavg_0870-0872,38.253333,-20.5277,5.1834,99.8228,79.1852,20.6376
PEMAFC-F,3,periodavg_0870-0872,38.306667,-20.4199,5.7779,98.3772,79.1852,19.1920
PEMAFC-F,3,periodavg_0870-0872,38.360000,-20.8091,3.5399,99.8287,79.1852,20.6435
PEMAFC-F,3,periodavg_0870-0872,38.400000,-20.8024,4.7046,99.8269,79.1852,20.6416
PEMAFC-F,3,periodavg_0870-0872,38.453333,-20.9208,4.6400,99.8437,79.1852,20.6584
PEMAFC-F,3,periodavg_0870-0872,38.506667,-20.9131,3.3983,99.8110,79.1852,20.6258
PEMAFC-F,3,periodavg_0870-0872,38.560000,-20.7876,3.3381,99.3055,79.1852,20.1203
PEMAFC-F,3,periodavg_0870-0872,38.600000,-21.0129,3.9239,99.8154,79.1852,20.6302
PEMAFC-F,3,periodavg_0870-0872,38.653333,-20.9736,5.4667,99.8026,79.1852,20.6173
PEMAFC-F,3,periodavg_0870-0872,38.706667,-20.8062,3.6399,98.4896,79.1852,19.3044
PEMAFC-F,3,periodavg_0870-0872,38.760000,-20.5601,4.1033,95.2319,79.1852,16.0466
PEMAFC-F,3,periodavg_0870-0872,38.800000,-20.7730,4.0632,96.7198,79.1852,17.5345
PEMAFC-F,3,periodavg_0870-0872,38.853333,-21.0143,2.8889,99.8031,79.1852,20.6178
PEMAFC-F,3,periodavg_0870-0872,38.906667,-20.7133,4.9592,99.7734,79.1852,20.5882
PEMAFC-F,3,periodavg_0870-0872,38.960000,-20.7968,4.8375,99.7638,79.1852,20.5786
PEMAFC-F,3,periodavg_0870-0872,39.000000,-20.7738,5.0528,99.7709,79.1852,20.5856
PEMAFC-F,3,periodavg_0870-0872,39.053333,-20.5861,4.4894,99.7622,79.1852,20.5769
PEMAFC-F,3,periodavg_0870-0872,39.106667,-20.1017,4.1058,97.8953,79.1852,18.7101
PEMAFC-F,3,periodavg_0870-0872,39.160000,-20.4754,2.9457,99.7373,79.1852,20.5521
PEMAFC-F,3,periodavg_0870-0872,39.200000,-20.4922,3.6005,99.0051,79.1852,19.8199
PEMAFC-F,3,periodavg_0870-0872,39.253333,-20.5415,4.3975,98.8075,79.1852,19.6223
PEMAFC-F,3,periodavg_0870-0872,39.306667,-20.7801,4.2462,99.7012,79.1852,20.5160
PEMAFC-F,3,periodavg_0870-0872,39.360000,-20.7168,4.4244,99.6847,79.1852,20.4994
PEMAFC-F,3,periodavg_0870-0872,39.400000,-20.5785,3.8016,99.6710,79.1852,20.4857
PEMAFC-F,3,periodavg_0870-0872,39.453333,-20.7422,4.6626,99.6628,79.1852,20.4776
PEMAFC-F,3,periodavg_0870-0872,39.506667,-20.7342,4.5534,99.6619,79.1852,20.4767
PEMAFC-F,3,periodavg_0870-0872,39.560000,-20.7589,5.4038,99.6721,79.1852,20.4869
PEMAFC-F,3,periodavg_0870-0872,39.600000,-20.7382,4.5294,99.2599,79.1852,20.0747
PEMAFC-F,3,periodavg_0870-0872,39.653333,-20.5831,3.6076,96.6325,79.1852,17.4472
PEMAFC-F,3,periodavg_0870-0872,39.706667,-20.7805,3.3791,99.6427,79.1852,20.4575
PEMAFC-F,3,periodavg_0870-0872,39.760000,-20.6276,3.8308,99.6730,79.1852,20.4878
PEMAFC-F,3,periodavg_0870-0872,39.800000,-20.7095,5.0217,99.6660,79.1852,20.4808
PEMAFC-F,3,periodavg_0870-0872,39.853333,-20.5573,4.7913,99.6983,79.1852,20.5131
PEMAFC-F,3,periodavg_0870-0872,39.906667,-20.7595,3.8323,99.6746,79.1852,20.4893
PEMAFC-F,3,periodavg_0870-0872,39.960000,-20.6045,3.9079,99.6869,79.1852,20.5016
PEMAFC-F,3,periodavg_0870-0872,40.000000,-20.7633,3.7550,99.6854,79.1852,20.5001
PEMAFC-PCA-F (K=20/20),0,periodavg_1056-1058,0.013333,-6.2605,4.8019,87.6738,84.0444,3.6294
PEMAFC-PCA-F (K=20/20),0,periodavg_1056-1058,0.053333,-7.5571,4.1773,91.2221,84.0444,7.1777
PEMAFC-PCA-F (K=20/20),0,periodavg_1056-1058,0.106667,-9.0244,3.1946,88.8256,84.0444,4.7812
PEMAFC-PCA-F (K=20/20),0,periodavg_1056-1058,0.160000,-9.1744,3.4811,93.7628,84.0444,9.7184
PEMAFC-PCA-F (K=20/20),0,periodavg_1056-1058,0.200000,-9.7012,4.0057,94.1595,84.0444,10.1150
PEMAFC-PCA-F (K=20/20),0,periodavg_1056-1058,0.253333,-9.5034,2.1429,91.6000,84.0444,7.5556
PEMAFC-PCA-F (K=20/20),0,periodavg_1056-1058,0.306667,-9.5757,2.5101,86.7437,84.0444,2.6993
PEMAFC-PCA-F (K=20/20),0,periodavg_1056-1058,0.360000,-9.9616,2.8667,88.5193,84.0444,4.4749
PEMAFC-PCA-F (K=20/20),0,periodavg_1056-1058,0.400000,-10.3584,2.1672,91.5561,84.0444,7.5117
PEMAFC-PCA-F (K=20/20),0,periodavg_1056-1058,0.453333,-10.0110,1.6622,93.4634,84.0444,9.4190
PEMAFC-PCA-F (K=20/20),0,periodavg_1056-1058,0.506667,-9.4625,2.9488,89.4154,84.0444,5.3710
PEMAFC-PCA-F (K=20/20),0,periodavg_1056-1058,0.560000,-9.5775,3.0472,88.7058,84.0444,4.6614
PEMAFC-PCA-F (K=20/20),0,periodavg_1056-1058,0.600000,-9.9996,2.7651,92.8871,84.0444,8.8427
PEMAFC-PCA-F (K=20/20),0,periodavg_1056-1058,0.653333,-9.8784,2.1907,90.9556,84.0444,6.9112
PEMAFC-PCA-F (K=20/20),0,periodavg_1056-1058,0.706667,-10.9982,2.8949,94.2702,84.0444,10.2258
PEMAFC-PCA-F (K=20/20),0,periodavg_1056-1058,0.760000,-9.1031,2.9280,94.9165,84.0444,10.8721
PEMAFC-PCA-F (K=20/20),0,periodavg_1056-1058,0.800000,-9.7286,3.0889,91.6864,84.0444,7.6420
PEMAFC-PCA-F (K=20/20),0,periodavg_1056-1058,0.853333,-10.3985,1.6100,93.4343,84.0444,9.3899
PEMAFC-PCA-F (K=20/20),0,periodavg_1056-1058,0.906667,-10.3361,2.4879,94.3191,84.0444,10.2747
PEMAFC-PCA-F (K=20/20),0,periodavg_1056-1058,0.960000,-9.4146,3.9670,85.8147,84.0444,1.7703
PEMAFC-PCA-F (K=20/20),0,periodavg_1056-1058,1.000000,-9.3568,2.1158,89.9568,84.0444,5.9124
PEMAFC-PCA-F (K=20/20),0,periodavg_1056-1058,1.053333,-9.6023,2.7342,86.5937,84.0444,2.5493
PEMAFC-PCA-F (K=20/20),0,periodavg_1056-1058,1.106667,-10.0001,1.7447,89.8442,84.0444,5.7998
PEMAFC-PCA-F (K=20/20),0,periodavg_1056-1058,1.160000,-10.0239,3.0077,92.1742,84.0444,8.1298
PEMAFC-PCA-F (K=20/20),0,periodavg_1056-1058,1.200000,-9.4253,1.8776,87.0245,84.0444,2.9801
PEMAFC-PCA-F (K=20/20),0,periodavg_1056-1058,1.253333,-10.5550,2.5523,94.3186,84.0444,10.2742
PEMAFC-PCA-F (K=20/20),0,periodavg_1056-1058,1.306667,-9.6238,1.0122,85.0044,84.0444,0.9600
PEMAFC-PCA-F (K=20/20),0,periodavg_1056-1058,1.360000,-9.6604,1.8325,86.4102,84.0444,2.3658
PEMAFC-PCA-F (K=20/20),0,periodavg_1056-1058,1.400000,-10.0654,2.9943,94.3204,84.0444,10.2760
PEMAFC-PCA-F (K=20/20),0,periodavg_1056-1058,1.453333,-9.3102,2.9215,91.3267,84.0444,7.2823
PEMAFC-PCA-F (K=20/20),0,periodavg_1056-1058,1.506667,-10.2216,2.2953,91.8765,84.0444,7.8321
PEMAFC-PCA-F (K=20/20),0,periodavg_1056-1058,1.560000,-8.6722,3.4511,87.3940,84.0444,3.3496
PEMAFC-PCA-F (K=20/20),0,periodavg_1056-1058,1.600000,-9.4572,2.7739,93.8470,84.0444,9.8026
PEMAFC-PCA-F (K=20/20),0,periodavg_1056-1058,1.653333,-9.7813,1.8769,93.2896,84.0444,9.2452
PEMAFC-PCA-F (K=20/20),0,periodavg_1056-1058,1.706667,-10.3655,2.1952,92.3801,84.0444,8.3357
PEMAFC-PCA-F (K=20/20),0,periodavg_1056-1058,1.760000,-9.7931,2.0816,88.0830,84.0444,4.0386
PEMAFC-PCA-F (K=20/20),0,periodavg_1056-1058,1.800000,-10.4914,1.7647,89.2891,84.0444,5.2447
PEMAFC-PCA-F (K=20/20),0,periodavg_1056-1058,1.853333,-9.9798,3.3314,91.0009,84.0444,6.9565
PEMAFC-PCA-F (K=20/20),0,periodavg_1056-1058,1.906667,-10.5245,2.2538,94.6936,84.0444,10.6492
PEMAFC-PCA-F (K=20/20),0,periodavg_1056-1058,1.960000,-10.5081,2.8288,93.5138,84.0444,9.4694
PEMAFC-PCA-F (K=20/20),0,periodavg_1056-1058,2.000000,-10.2605,2.7702,89.1345,84.0444,5.0901
PEMAFC-PCA-F (K=20/20),0,periodavg_1056-1058,2.053333,-10.8325,2.0073,94.6536,84.0444,10.6092
PEMAFC-PCA-F (K=20/20),0,periodavg_1056-1058,2.106667,-10.6628,2.6572,89.9549,84.0444,5.9105
PEMAFC-PCA-F (K=20/20),0,periodavg_1056-1058,2.160000,-9.4451,2.6527,86.3519,84.0444,2.3075
PEMAFC-PCA-F (K=20/20),0,periodavg_1056-1058,2.200000,-9.2536,4.3285,90.1791,84.0444,6.1347
PEMAFC-PCA-F (K=20/20),0,periodavg_1056-1058,2.253333,-9.7788,2.4142,87.4203,84.0444,3.3759
PEMAFC-PCA-F (K=20/20),0,periodavg_1056-1058,2.306667,-9.5699,2.3453,87.9294,84.0444,3.8849
PEMAFC-PCA-F (K=20/20),0,periodavg_1056-1058,2.360000,-9.5106,3.3379,88.5745,84.0444,4.5301
PEMAFC-PCA-F (K=20/20),0,periodavg_1056-1058,2.400000,-9.5258,3.0285,93.2307,84.0444,9.1863
PEMAFC-PCA-F (K=20/20),0,periodavg_1056-1058,2.453333,-10.1903,1.2608,91.0371,84.0444,6.9927
PEMAFC-PCA-F (K=20/20),0,periodavg_1056-1058,2.506667,-8.9931,2.5729,85.0544,84.0444,1.0100
PEMAFC-PCA-F (K=20/20),0,periodavg_1056-1058,2.560000,-8.6676,1.8558,90.2807,84.0444,6.2363
PEMAFC-PCA-F (K=20/20),0,periodavg_1056-1058,2.600000,-10.1521,2.0279,92.3250,84.0444,8.2806
PEMAFC-PCA-F (K=20/20),0,periodavg_1056-1058,2.653333,-9.3780,2.4648,88.9703,84.0444,4.9259
PEMAFC-PCA-F (K=20/20),0,periodavg_1056-1058,2.706667,-10.7004,1.6369,93.4968,84.0444,9.4524
PEMAFC-PCA-F (K=20/20),0,periodavg_1056-1058,2.760000,-10.5209,2.1946,93.0186,84.0444,8.9742
PEMAFC-PCA-F (K=20/20),0,periodavg_1056-1058,2.800000,-9.6937,3.5532,92.4853,84.0444,8.4409
PEMAFC-PCA-F (K=20/20),0,periodavg_1056-1058,2.853333,-9.7282,3.7603,89.0806,84.0444,5.0362
PEMAFC-PCA-F (K=20/20),0,periodavg_1056-1058,2.906667,-10.3315,3.6109,91.3606,84.0444,7.3162
PEMAFC-PCA-F (K=20/20),0,periodavg_1056-1058,2.960000,-9.6222,1.8976,92.7062,84.0444,8.6618
PEMAFC-PCA-F (K=20/20),0,periodavg_1056-1058,3.000000,-10.3989,2.1033,88.6138,84.0444,4.5694
PEMAFC-PCA-F (K=20/20),0,periodavg_1056-1058,3.053333,-10.2568,2.7745,92.7925,84.0444,8.7481
PEMAFC-PCA-F (K=20/20),0,periodavg_1056-1058,3.106667,-9.2896,2.3239,93.1303,84.0444,9.0859
PEMAFC-PCA-F (K=20/20),0,periodavg_1056-1058,3.160000,-10.3794,1.7116,93.0597,84.0444,9.0153
PEMAFC-PCA-F (K=20/20),0,periodavg_1056-1058,3.200000,-10.3239,2.4136,91.8321,84.0444,7.7877
PEMAFC-PCA-F (K=20/20),0,periodavg_1056-1058,3.253333,-10.3992,2.3063,95.9689,84.0444,11.9245
PEMAFC-PCA-F (K=20/20),0,periodavg_1056-1058,3.306667,-9.9591,2.5209,90.9132,84.0444,6.8688
PEMAFC-PCA-F (K=20/20),0,periodavg_1056-1058,3.360000,-9.3464,2.6592,86.4309,84.0444,2.3865
PEMAFC-PCA-F (K=20/20),0,periodavg_1056-1058,3.400000,-10.0530,2.4193,91.2683,84.0444,7.2239
PEMAFC-PCA-F (K=20/20),0,periodavg_1056-1058,3.453333,-10.1152,1.7677,93.1066,84.0444,9.0622
PEMAFC-PCA-F (K=20/20),0,periodavg_1056-1058,3.506667,-9.1640,3.0205,89.9304,84.0444,5.8860
PEMAFC-PCA-F (K=20/20),0,periodavg_1056-1058,3.560000,-9.8601,3.5482,91.8648,84.0444,7.8204
PEMAFC-PCA-F (K=20/20),0,periodavg_1056-1058,3.600000,-10.9612,1.3764,93.6372,84.0444,9.5928
PEMAFC-PCA-F (K=20/20),0,periodavg_1056-1058,3.653333,-9.3747,3.0902,87.7600,84.0444,3.7156
PEMAFC-PCA-F (K=20/20),0,periodavg_1056-1058,3.706667,-10.5384,2.0716,94.9509,84.0444,10.9065
PEMAFC-PCA-F (K=20/20),0,periodavg_1056-1058,3.760000,-9.8047,2.3318,87.7585,84.0444,3.7141
PEMAFC-PCA-F (K=20/20),0,periodavg_1056-1058,3.800000,-10.0559,2.6213,89.0932,84.0444,5.0488
PEMAFC-PCA-F (K=20/20),0,periodavg_1056-1058,3.853333,-10.1573,2.5805,88.1364,84.0444,4.0920
PEMAFC-PCA-F (K=20/20),0,periodavg_1056-1058,3.906667,-9.9467,1.9075,94.3781,84.0444,10.3337
PEMAFC-PCA-F (K=20/20),0,periodavg_1056-1058,3.960000,-9.3025,2.1346,92.8683,84.0444,8.8239
PEMAFC-PCA-F (K=20/20),0,periodavg_1056-1058,4.000000,-10.1314,1.5880,90.3792,84.0444,6.3348
PEMAFC-PCA-F (K=20/20),0,periodavg_1056-1058,4.053333,-10.1387,1.9501,88.4324,84.0444,4.3880
PEMAFC-PCA-F (K=20/20),0,periodavg_1056-1058,4.106667,-10.0887,2.1182,86.1200,84.0444,2.0756
PEMAFC-PCA-F (K=20/20),0,periodavg_1056-1058,4.160000,-10.6798,1.9504,89.2981,84.0444,5.2537
PEMAFC-PCA-F (K=20/20),0,periodavg_1056-1058,4.200000,-10.1110,2.0255,92.7297,84.0444,8.6853
PEMAFC-PCA-F (K=20/20),0,periodavg_1056-1058,4.253333,-9.2574,2.3546,87.2667,84.0444,3.2223
PEMAFC-PCA-F (K=20/20),0,periodavg_1056-1058,4.306667,-7.2352,2.7573,81.7345,84.0444,-2.3099
PEMAFC-PCA-F (K=20/20),0,periodavg_1056-1058,4.360000,-9.3809,1.4459,88.7585,84.0444,4.7141
PEMAFC-PCA-F (K=20/20),0,periodavg_1056-1058,4.400000,-9.6446,2.5801,92.5053,84.0444,8.4609
PEMAFC-PCA-F (K=20/20),0,periodavg_1056-1058,4.453333,-9.8454,3.0328,91.8841,84.0444,7.8397
PEMAFC-PCA-F (K=20/20),0,periodavg_1056-1058,4.506667,-10.1385,3.1010,93.9897,84.0444,9.9453
PEMAFC-PCA-F (K=20/20),0,periodavg_1056-1058,4.560000,-8.5248,3.4479,86.9006,84.0444,2.8562
PEMAFC-PCA-F (K=20/20),0,periodavg_1056-1058,4.600000,-10.5400,1.4669,94.4107,84.0444,10.3663
PEMAFC-PCA-F (K=20/20),0,periodavg_1056-1058,4.653333,-9.1529,3.4551,93.8565,84.0444,9.8121
PEMAFC-PCA-F (K=20/20),0,periodavg_1056-1058,4.706667,-8.8713,2.8254,93.9205,84.0444,9.8761
PEMAFC-PCA-F (K=20/20),0,periodavg_1056-1058,4.760000,-9.3976,3.0605,91.6319,84.0444,7.5875
PEMAFC-PCA-F (K=20/20),0,periodavg_1056-1058,4.800000,-8.2542,4.7696,83.5201,84.0444,-0.5243
PEMAFC-PCA-F (K=20/20),0,periodavg_1056-1058,4.853333,-7.7244,2.9723,85.3459,84.0444,1.3015
PEMAFC-PCA-F (K=20/20),0,periodavg_1056-1058,4.906667,-9.7634,2.3549,93.1648,84.0444,9.1204
PEMAFC-PCA-F (K=20/20),0,periodavg_1056-1058,4.960000,-9.5325,2.1629,94.9198,84.0444,10.8754
PEMAFC-PCA-F (K=20/20),0,periodavg_1056-1058,5.000000,-9.5758,2.2709,94.7608,84.0444,10.7164
PEMAFC-PCA-F (K=20/20),0,periodavg_1056-1058,5.053333,-8.9407,1.7592,89.0975,84.0444,5.0531
PEMAFC-PCA-F (K=20/20),0,periodavg_1056-1058,5.106667,-9.3329,2.5310,94.4330,84.0444,10.3886
PEMAFC-PCA-F (K=20/20),0,periodavg_1056-1058,5.160000,-9.1631,1.5456,87.9308,84.0444,3.8864
PEMAFC-PCA-F (K=20/20),0,periodavg_1056-1058,5.200000,-8.9305,2.3285,89.1562,84.0444,5.1118
PEMAFC-PCA-F (K=20/20),0,periodavg_1056-1058,5.253333,-9.0400,2.8625,93.4659,84.0444,9.4215
PEMAFC-PCA-F (K=20/20),0,periodavg_1056-1058,5.306667,-9.6485,2.1667,92.8436,84.0444,8.7992
PEMAFC-PCA-F (K=20/20),0,periodavg_1056-1058,5.360000,-10.5229,2.9325,93.6711,84.0444,9.6267
PEMAFC-PCA-F (K=20/20),0,periodavg_1056-1058,5.400000,-10.1390,2.1445,94.3647,84.0444,10.3203
PEMAFC-PCA-F (K=20/20),0,periodavg_1056-1058,5.453333,-9.4298,1.2764,89.4033,84.0444,5.3589
PEMAFC-PCA-F (K=20/20),0,periodavg_1056-1058,5.506667,-10.5305,2.6866,94.0370,84.0444,9.9926
PEMAFC-PCA-F (K=20/20),0,periodavg_1056-1058,5.560000,-10.3879,2.3425,90.1691,84.0444,6.1247
PEMAFC-PCA-F (K=20/20),0,periodavg_1056-1058,5.600000,-9.4766,3.2553,87.3718,84.0444,3.3274
PEMAFC-PCA-F (K=20/20),0,periodavg_1056-1058,5.653333,-9.9529,2.1583,92.4936,84.0444,8.4492
PEMAFC-PCA-F (K=20/20),0,periodavg_1056-1058,5.706667,-10.3763,2.8256,89.9078,84.0444,5.8634
PEMAFC-PCA-F (K=20/20),0,periodavg_1056-1058,5.760000,-9.9065,2.3540,87.8581,84.0444,3.8137
PEMAFC-PCA-F (K=20/20),0,periodavg_1056-1058,5.800000,-9.9769,2.0400,92.6614,84.0444,8.6170
PEMAFC-PCA-F (K=20/20),0,periodavg_1056-1058,5.853333,-10.3176,2.5621,93.8974,84.0444,9.8530
PEMAFC-PCA-F (K=20/20),0,periodavg_1056-1058,5.906667,-10.2581,1.9107,93.9574,84.0444,9.9130
PEMAFC-PCA-F (K=20/20),0,periodavg_1056-1058,5.960000,-10.5164,2.0525,89.7691,84.0444,5.7247
PEMAFC-PCA-F (K=20/20),0,periodavg_1056-1058,6.000000,-10.0912,2.5223,92.2437,84.0444,8.1993
PEMAFC-PCA-F (K=20/20),0,periodavg_1056-1058,6.053333,-9.1430,2.5080,92.2385,84.0444,8.1941
PEMAFC-PCA-F (K=20/20),0,periodavg_1056-1058,6.106667,-9.2894,1.8857,90.0713,84.0444,6.0269
PEMAFC-PCA-F (K=20/20),0,periodavg_1056-1058,6.160000,-10.3592,2.5569,94.4059,84.0444,10.3615
PEMAFC-PCA-F (K=20/20),0,periodavg_1056-1058,6.200000,-9.9872,1.9996,90.1327,84.0444,6.0883
PEMAFC-PCA-F (K=20/20),0,periodavg_1056-1058,6.253333,-10.6908,2.6612,94.0074,84.0444,9.9630
PEMAFC-PCA-F (K=20/20),0,periodavg_1056-1058,6.306667,-9.6985,2.9535,93.0233,84.0444,8.9789
PEMAFC-PCA-F (K=20/20),0,periodavg_1056-1058,6.360000,-10.3119,2.8445,93.1732,84.0444,9.1288
PEMAFC-PCA-F (K=20/20),0,periodavg_1056-1058,6.400000,-9.4827,2.7147,87.0929,84.0444,3.0485
PEMAFC-PCA-F (K=20/20),0,periodavg_1056-1058,6.453333,-10.1784,2.2378,89.6245,84.0444,5.5801
PEMAFC-PCA-F (K=20/20),0,periodavg_1056-1058,6.506667,-10.8270,2.2543,90.7471,84.0444,6.7027
PEMAFC-PCA-F (K=20/20),0,periodavg_1056-1058,6.560000,-10.0707,3.0071,93.0996,84.0444,9.0552
PEMAFC-PCA-F (K=20/20),0,periodavg_1056-1058,6.600000,-10.3676,2.4919,93.1830,84.0444,9.1386
PEMAFC-PCA-F (K=20/20),0,periodavg_1056-1058,6.653333,-10.6272,3.0209,93.1633,84.0444,9.1189
PEMAFC-PCA-F (K=20/20),0,periodavg_1056-1058,6.706667,-10.3691,2.4242,90.3167,84.0444,6.2723
PEMAFC-PCA-F (K=20/20),0,periodavg_1056-1058,6.760000,-10.7806,2.2825,93.0766,84.0444,9.0322
PEMAFC-PCA-F (K=20/20),0,periodavg_1056-1058,6.800000,-9.3518,2.0674,91.0805,84.0444,7.0361
PEMAFC-PCA-F (K=20/20),0,periodavg_1056-1058,6.853333,-9.7679,2.6808,94.0782,84.0444,10.0338
PEMAFC-PCA-F (K=20/20),0,periodavg_1056-1058,6.906667,-9.5265,2.4865,88.0253,84.0444,3.9809
PEMAFC-PCA-F (K=20/20),0,periodavg_1056-1058,6.960000,-10.1335,2.8733,92.7403,84.0444,8.6959
PEMAFC-PCA-F (K=20/20),0,periodavg_1056-1058,7.000000,-9.7655,3.3456,91.9362,84.0444,7.8918
PEMAFC-PCA-F (K=20/20),0,periodavg_1056-1058,7.053333,-9.7677,2.3605,90.6938,84.0444,6.6494
PEMAFC-PCA-F (K=20/20),0,periodavg_1056-1058,7.106667,-9.8706,2.3491,87.3231,84.0444,3.2787
PEMAFC-PCA-F (K=20/20),0,periodavg_1056-1058,7.160000,-8.7706,1.8894,87.8758,84.0444,3.8314
PEMAFC-PCA-F (K=20/20),0,periodavg_1056-1058,7.200000,-9.5215,1.2782,88.9654,84.0444,4.9210
PEMAFC-PCA-F (K=20/20),0,periodavg_1056-1058,7.253333,-10.1757,2.6692,94.6699,84.0444,10.6255
PEMAFC-PCA-F (K=20/20),0,periodavg_1056-1058,7.306667,-9.2647,1.6583,89.9970,84.0444,5.9526
PEMAFC-PCA-F (K=20/20),0,periodavg_1056-1058,7.360000,-10.0845,2.1511,92.7421,84.0444,8.6977
PEMAFC-PCA-F (K=20/20),0,periodavg_1056-1058,7.400000,-10.0218,2.4941,94.1406,84.0444,10.0962
PEMAFC-PCA-F (K=20/20),0,periodavg_1056-1058,7.453333,-9.7837,2.4201,93.8647,84.0444,9.8203
PEMAFC-PCA-F (K=20/20),0,periodavg_1056-1058,7.506667,-8.8047,2.8422,92.2224,84.0444,8.1780
PEMAFC-PCA-F (K=20/20),0,periodavg_1056-1058,7.560000,-8.2249,3.6823,93.7857,84.0444,9.7413
PEMAFC-PCA-F (K=20/20),0,periodavg_1056-1058,7.600000,-9.7043,1.1706,93.5896,84.0444,9.5452
PEMAFC-PCA-F (K=20/20),0,periodavg_1056-1058,7.653333,-9.8737,2.7120,92.4082,84.0444,8.3638
PEMAFC-PCA-F (K=20/20),0,periodavg_1056-1058,7.706667,-9.9168,2.3867,93.7345,84.0444,9.6901
PEMAFC-PCA-F (K=20/20),0,periodavg_1056-1058,7.760000,-10.1907,2.3406,94.7501,84.0444,10.7057
PEMAFC-PCA-F (K=20/20),0,periodavg_1056-1058,7.800000,-10.6848,3.2966,94.7125,84.0444,10.6681
PEMAFC-PCA-F (K=20/20),0,periodavg_1056-1058,7.853333,-10.4530,1.6151,90.7284,84.0444,6.6839
PEMAFC-PCA-F (K=20/20),0,periodavg_1056-1058,7.906667,-10.7475,2.4787,95.0709,84.0444,11.0265
PEMAFC-PCA-F (K=20/20),0,periodavg_1056-1058,7.960000,-9.7559,3.4625,89.8717,84.0444,5.8273
PEMAFC-PCA-F (K=20/20),0,periodavg_1056-1058,8.000000,-9.1031,3.0694,89.3644,84.0444,5.3200
PEMAFC-PCA-F (K=20/20),0,periodavg_1056-1058,8.053333,-10.6028,1.6961,92.7377,84.0444,8.6933
PEMAFC-PCA-F (K=20/20),0,periodavg_1056-1058,8.106667,-10.5618,2.5966,94.4832,84.0444,10.4388
PEMAFC-PCA-F (K=20/20),0,periodavg_1056-1058,8.160000,-10.9183,1.6813,92.5157,84.0444,8.4712
PEMAFC-PCA-F (K=20/20),0,periodavg_1056-1058,8.200000,-10.4873,3.3594,93.0947,84.0444,9.0503
PEMAFC-PCA-F (K=20/20),0,periodavg_1056-1058,8.253333,-8.5497,3.5280,84.3032,84.0444,0.2588
PEMAFC-PCA-F (K=20/20),0,periodavg_1056-1058,8.306667,-9.8321,2.0784,90.9606,84.0444,6.9162
PEMAFC-PCA-F (K=20/20),0,periodavg_1056-1058,8.360000,-8.9899,2.8495,90.1392,84.0444,6.0948
PEMAFC-PCA-F (K=20/20),0,periodavg_1056-1058,8.400000,-10.7749,1.1123,90.8927,84.0444,6.8483
PEMAFC-PCA-F (K=20/20),0,periodavg_1056-1058,8.453333,-10.1748,2.2340,94.0027,84.0444,9.9583
PEMAFC-PCA-F (K=20/20),0,periodavg_1056-1058,8.506667,-9.7162,2.4461,85.7674,84.0444,1.7230
PEMAFC-PCA-F (K=20/20),0,periodavg_1056-1058,8.560000,-10.0745,2.4586,92.8144,84.0444,8.7700
PEMAFC-PCA-F (K=20/20),0,periodavg_1056-1058,8.600000,-10.2405,3.4018,90.0758,84.0444,6.0314
PEMAFC-PCA-F (K=20/20),0,periodavg_1056-1058,8.653333,-9.2080,1.3336,91.6255,84.0444,7.5811
PEMAFC-PCA-F (K=20/20),0,periodavg_1056-1058,8.706667,-9.1834,2.4115,92.3772,84.0444,8.3328
PEMAFC-PCA-F (K=20/20),0,periodavg_1056-1058,8.760000,-8.1494,4.3249,87.2205,84.0444,3.1761
PEMAFC-PCA-F (K=20/20),0,periodavg_1056-1058,8.800000,-9.8444,0.7795,92.3022,84.0444,8.2578
PEMAFC-PCA-F (K=20/20),0,periodavg_1056-1058,8.853333,-9.6470,2.0963,94.1005,84.0444,10.0561
PEMAFC-PCA-F (K=20/20),0,periodavg_1056-1058,8.906667,-7.3770,2.3848,87.7893,84.0444,3.7449
PEMAFC-PCA-F (K=20/20),0,periodavg_1056-1058,8.960000,-9.4209,1.9878,91.3663,84.0444,7.3219
PEMAFC-PCA-F (K=20/20),0,periodavg_1056-1058,9.000000,-9.8401,2.2532,94.7613,84.0444,10.7169
PEMAFC-PCA-F (K=20/20),0,periodavg_1056-1058,9.053333,-9.9534,2.1657,91.4619,84.0444,7.4175
PEMAFC-PCA-F (K=20/20),0,periodavg_1056-1058,9.106667,-10.1909,2.9122,90.8082,84.0444,6.7638
PEMAFC-PCA-F (K=20/20),0,periodavg_1056-1058,9.160000,-10.0654,2.6720,92.1688,84.0444,8.1244
PEMAFC-PCA-F (K=20/20),0,periodavg_1056-1058,9.200000,-9.9175,2.3718,90.6439,84.0444,6.5995
PEMAFC-PCA-F (K=20/20),0,periodavg_1056-1058,9.253333,-10.8191,2.4038,94.6119,84.0444,10.5674
PEMAFC-PCA-F (K=20/20),0,periodavg_1056-1058,9.306667,-10.7423,2.2728,91.6008,84.0444,7.5564
PEMAFC-PCA-F (K=20/20),0,periodavg_1056-1058,9.360000,-10.6517,2.9921,94.0111,84.0444,9.9667
PEMAFC-PCA-F (K=20/20),0,periodavg_1056-1058,9.400000,-10.3938,2.9657,94.6040,84.0444,10.5596
PEMAFC-PCA-F (K=20/20),0,periodavg_1056-1058,9.453333,-9.6549,2.6966,94.7639,84.0444,10.7195
PEMAFC-PCA-F (K=20/20),0,periodavg_1056-1058,9.506667,-10.5625,2.0143,92.7546,84.0444,8.7102
PEMAFC-PCA-F (K=20/20),0,periodavg_1056-1058,9.560000,-10.2239,2.5115,94.9463,84.0444,10.9019
PEMAFC-PCA-F (K=20/20),0,periodavg_1056-1058,9.600000,-9.9371,3.9363,94.3316,84.0444,10.2871
PEMAFC-PCA-F (K=20/20),0,periodavg_1056-1058,9.653333,-9.1800,2.3877,91.1233,84.0444,7.0789
PEMAFC-PCA-F (K=20/20),0,periodavg_1056-1058,9.706667,-10.4215,2.3756,94.7496,84.0444,10.7052
PEMAFC-PCA-F (K=20/20),0,periodavg_1056-1058,9.760000,-9.6457,2.2258,88.6477,84.0444,4.6033
PEMAFC-PCA-F (K=20/20),0,periodavg_1056-1058,9.800000,-8.9143,3.6368,87.1962,84.0444,3.1518
PEMAFC-PCA-F (K=20/20),0,periodavg_1056-1058,9.853333,-10.1408,1.4634,94.9193,84.0444,10.8749
PEMAFC-PCA-F (K=20/20),0,periodavg_1056-1058,9.906667,-9.8038,2.3629,92.1629,84.0444,8.1184
PEMAFC-PCA-F (K=20/20),0,periodavg_1056-1058,9.960000,-10.2410,2.1660,93.9526,84.0444,9.9082
PEMAFC-PCA-F (K=20/20),0,periodavg_1056-1058,10.000000,-10.7061,2.9568,93.0063,84.0444,8.9619
PEMAFC-PCA-F (K=20/20),1,periodavg_0783-0785,10.013333,0.6594,-5.0897,85.7582,83.1503,2.6079
PEMAFC-PCA-F (K=20/20),1,periodavg_0783-0785,10.053333,-3.0816,2.4202,91.7268,83.1503,8.5765
PEMAFC-PCA-F (K=20/20),1,periodavg_0783-0785,10.106667,-3.9339,3.1146,91.2911,83.1503,8.1408
PEMAFC-PCA-F (K=20/20),1,periodavg_0783-0785,10.160000,-5.4847,1.8115,96.0128,83.1503,12.8625
PEMAFC-PCA-F (K=20/20),1,periodavg_0783-0785,10.200000,-5.0140,3.0056,96.8051,83.1503,13.6549
PEMAFC-PCA-F (K=20/20),1,periodavg_0783-0785,10.253333,-7.0713,2.2763,92.4993,83.1503,9.3490
PEMAFC-PCA-F (K=20/20),1,periodavg_0783-0785,10.306667,-6.9102,1.9054,94.9924,83.1503,11.8422
PEMAFC-PCA-F (K=20/20),1,periodavg_0783-0785,10.360000,-6.4191,2.5409,90.3750,83.1503,7.2247
PEMAFC-PCA-F (K=20/20),1,periodavg_0783-0785,10.400000,-8.1548,2.1486,94.1019,83.1503,10.9517
PEMAFC-PCA-F (K=20/20),1,periodavg_0783-0785,10.453333,-6.8835,1.6534,93.2086,83.1503,10.0583
PEMAFC-PCA-F (K=20/20),1,periodavg_0783-0785,10.506667,-7.5719,1.6482,93.0714,83.1503,9.9211
PEMAFC-PCA-F (K=20/20),1,periodavg_0783-0785,10.560000,-7.3077,2.4561,96.8568,83.1503,13.7066
PEMAFC-PCA-F (K=20/20),1,periodavg_0783-0785,10.600000,-6.6254,1.7090,89.8440,83.1503,6.6937
PEMAFC-PCA-F (K=20/20),1,periodavg_0783-0785,10.653333,-7.4096,2.1531,88.2987,83.1503,5.1484
PEMAFC-PCA-F (K=20/20),1,periodavg_0783-0785,10.706667,-7.7556,2.2067,93.6921,83.1503,10.5419
PEMAFC-PCA-F (K=20/20),1,periodavg_0783-0785,10.760000,-7.0538,1.9334,93.2987,83.1503,10.1484
PEMAFC-PCA-F (K=20/20),1,periodavg_0783-0785,10.800000,-7.5416,1.4429,95.5200,83.1503,12.3698
PEMAFC-PCA-F (K=20/20),1,periodavg_0783-0785,10.853333,-6.3749,1.7352,83.7711,83.1503,0.6209
PEMAFC-PCA-F (K=20/20),1,periodavg_0783-0785,10.906667,-6.8621,1.7776,88.9207,83.1503,5.7704
PEMAFC-PCA-F (K=20/20),1,periodavg_0783-0785,10.960000,-7.6699,2.3879,94.6589,83.1503,11.5086
PEMAFC-PCA-F (K=20/20),1,periodavg_0783-0785,11.000000,-7.5749,2.6401,95.0293,83.1503,11.8790
PEMAFC-PCA-F (K=20/20),1,periodavg_0783-0785,11.053333,-7.0693,2.0347,92.5183,83.1503,9.3680
PEMAFC-PCA-F (K=20/20),1,periodavg_0783-0785,11.106667,-6.3194,3.5342,89.9198,83.1503,6.7695
PEMAFC-PCA-F (K=20/20),1,periodavg_0783-0785,11.160000,-7.8411,1.6262,93.0057,83.1503,9.8554
PEMAFC-PCA-F (K=20/20),1,periodavg_0783-0785,11.200000,-6.9655,2.9574,90.2434,83.1503,7.0932
PEMAFC-PCA-F (K=20/20),1,periodavg_0783-0785,11.253333,-7.1294,0.8987,88.6560,83.1503,5.5057
PEMAFC-PCA-F (K=20/20),1,periodavg_0783-0785,11.306667,-6.0916,2.6540,90.5758,83.1503,7.4256
PEMAFC-PCA-F (K=20/20),1,periodavg_0783-0785,11.360000,-6.7603,1.6640,91.2449,83.1503,8.0946
PEMAFC-PCA-F (K=20/20),1,periodavg_0783-0785,11.400000,-7.7293,2.0738,93.6898,83.1503,10.5396
PEMAFC-PCA-F (K=20/20),1,periodavg_0783-0785,11.453333,-5.3135,3.2573,95.8982,83.1503,12.7479
PEMAFC-PCA-F (K=20/20),1,periodavg_0783-0785,11.506667,-7.4477,1.0359,89.3516,83.1503,6.2013
PEMAFC-PCA-F (K=20/20),1,periodavg_0783-0785,11.560000,-5.9944,2.5161,88.4921,83.1503,5.3418
PEMAFC-PCA-F (K=20/20),1,periodavg_0783-0785,11.600000,-4.2918,3.6791,81.9534,83.1503,-1.1968
PEMAFC-PCA-F (K=20/20),1,periodavg_0783-0785,11.653333,-7.0126,1.8780,95.5140,83.1503,12.3637
PEMAFC-PCA-F (K=20/20),1,periodavg_0783-0785,11.706667,-6.4174,3.2110,93.9279,83.1503,10.7776
PEMAFC-PCA-F (K=20/20),1,periodavg_0783-0785,11.760000,-6.1633,2.2016,90.5716,83.1503,7.4213
PEMAFC-PCA-F (K=20/20),1,periodavg_0783-0785,11.800000,-5.2662,2.5871,92.5701,83.1503,9.4198
PEMAFC-PCA-F (K=20/20),1,periodavg_0783-0785,11.853333,-5.1198,3.6990,91.1813,83.1503,8.0310
PEMAFC-PCA-F (K=20/20),1,periodavg_0783-0785,11.906667,-6.0239,1.0663,87.3407,83.1503,4.1905
PEMAFC-PCA-F (K=20/20),1,periodavg_0783-0785,11.960000,-7.3993,0.9917,86.8195,83.1503,3.6693
PEMAFC-PCA-F (K=20/20),1,periodavg_0783-0785,12.000000,-8.3094,1.9235,94.5506,83.1503,11.4004
PEMAFC-PCA-F (K=20/20),1,periodavg_0783-0785,12.053333,-7.0504,1.2891,86.3474,83.1503,3.1972
PEMAFC-PCA-F (K=20/20),1,periodavg_0783-0785,12.106667,-8.0219,1.1887,88.0917,83.1503,4.9415
PEMAFC-PCA-F (K=20/20),1,periodavg_0783-0785,12.160000,-6.3187,1.9318,87.3554,83.1503,4.2052
PEMAFC-PCA-F (K=20/20),1,periodavg_0783-0785,12.200000,-6.3360,1.5380,87.7442,83.1503,4.5939
PEMAFC-PCA-F (K=20/20),1,periodavg_0783-0785,12.253333,-6.9188,2.2180,87.7908,83.1503,4.6405
PEMAFC-PCA-F (K=20/20),1,periodavg_0783-0785,12.306667,-6.3684,2.1532,92.7891,83.1503,9.6389
PEMAFC-PCA-F (K=20/20),1,periodavg_0783-0785,12.360000,-5.0725,2.7743,96.0149,83.1503,12.8646
PEMAFC-PCA-F (K=20/20),1,periodavg_0783-0785,12.400000,-7.7806,2.1712,94.2882,83.1503,11.1379
PEMAFC-PCA-F (K=20/20),1,periodavg_0783-0785,12.453333,-5.8472,1.5474,91.6357,83.1503,8.4855
PEMAFC-PCA-F (K=20/20),1,periodavg_0783-0785,12.506667,-6.0264,1.2926,88.2388,83.1503,5.0886
PEMAFC-PCA-F (K=20/20),1,periodavg_0783-0785,12.560000,-7.7879,2.1198,95.9058,83.1503,12.7555
PEMAFC-PCA-F (K=20/20),1,periodavg_0783-0785,12.600000,-6.5670,1.8809,85.1018,83.1503,1.9516
PEMAFC-PCA-F (K=20/20),1,periodavg_0783-0785,12.653333,-6.2024,0.7929,84.4359,83.1503,1.2856
PEMAFC-PCA-F (K=20/20),1,periodavg_0783-0785,12.706667,-5.0359,0.9888,84.2293,83.1503,1.0791
PEMAFC-PCA-F (K=20/20),1,periodavg_0783-0785,12.760000,-5.7998,2.1544,94.3235,83.1503,11.1732
PEMAFC-PCA-F (K=20/20),1,periodavg_0783-0785,12.800000,-6.8453,2.5778,97.2306,83.1503,14.0804
PEMAFC-PCA-F (K=20/20),1,periodavg_0783-0785,12.853333,-7.6665,1.0027,91.7851,83.1503,8.6348
PEMAFC-PCA-F (K=20/20),1,periodavg_0783-0785,12.906667,-6.9186,2.3221,92.1923,83.1503,9.0421
PEMAFC-PCA-F (K=20/20),1,periodavg_0783-0785,12.960000,-6.9010,1.8213,84.7862,83.1503,1.6359
PEMAFC-PCA-F (K=20/20),1,periodavg_0783-0785,13.000000,-7.0753,0.9652,87.7242,83.1503,4.5740
PEMAFC-PCA-F (K=20/20),1,periodavg_0783-0785,13.053333,-7.4804,3.2460,96.5328,83.1503,13.3826
PEMAFC-PCA-F (K=20/20),1,periodavg_0783-0785,13.106667,-4.7998,2.7925,87.0897,83.1503,3.9395
PEMAFC-PCA-F (K=20/20),1,periodavg_0783-0785,13.160000,-7.3391,1.2995,93.8433,83.1503,10.6931
PEMAFC-PCA-F (K=20/20),1,periodavg_0783-0785,13.200000,-7.0175,2.4169,90.3580,83.1503,7.2077
PEMAFC-PCA-F (K=20/20),1,periodavg_0783-0785,13.253333,-7.6996,1.4747,89.9260,83.1503,6.7757
PEMAFC-PCA-F (K=20/20),1,periodavg_0783-0785,13.306667,-5.4863,2.7099,91.2118,83.1503,8.0615
PEMAFC-PCA-F (K=20/20),1,periodavg_0783-0785,13.360000,-7.4392,1.6684,93.4647,83.1503,10.3144
PEMAFC-PCA-F (K=20/20),1,periodavg_0783-0785,13.400000,-6.7094,0.9030,92.6976,83.1503,9.5474
PEMAFC-PCA-F (K=20/20),1,periodavg_0783-0785,13.453333,-6.0492,1.7913,88.0669,83.1503,4.9167
PEMAFC-PCA-F (K=20/20),1,periodavg_0783-0785,13.506667,-6.9685,1.3674,90.0786,83.1503,6.9283
PEMAFC-PCA-F (K=20/20),1,periodavg_0783-0785,13.560000,-7.0507,2.0225,90.3855,83.1503,7.2353
PEMAFC-PCA-F (K=20/20),1,periodavg_0783-0785,13.600000,-6.8714,1.2935,91.5275,83.1503,8.3772
PEMAFC-PCA-F (K=20/20),1,periodavg_0783-0785,13.653333,-6.9529,1.4707,88.3581,83.1503,5.2078
PEMAFC-PCA-F (K=20/20),1,periodavg_0783-0785,13.706667,-7.7824,1.6621,90.9204,83.1503,7.7701
PEMAFC-PCA-F (K=20/20),1,periodavg_0783-0785,13.760000,-4.8811,2.4391,91.9525,83.1503,8.8023
PEMAFC-PCA-F (K=20/20),1,periodavg_0783-0785,13.800000,-5.5995,2.3944,96.3097,83.1503,13.1595
PEMAFC-PCA-F (K=20/20),1,periodavg_0783-0785,13.853333,-6.3525,1.4319,93.7571,83.1503,10.6069
PEMAFC-PCA-F (K=20/20),1,periodavg_0783-0785,13.906667,-6.9780,1.8439,94.4078,83.1503,11.2576
PEMAFC-PCA-F (K=20/20),1,periodavg_0783-0785,13.960000,-4.6870,2.7837,86.7853,83.1503,3.6350
PEMAFC-PCA-F (K=20/20),1,periodavg_0783-0785,14.000000,-7.3487,1.5253,93.1729,83.1503,10.0227
PEMAFC-PCA-F (K=20/20),1,periodavg_0783-0785,14.053333,-3.8183,3.4370,90.8904,83.1503,7.7401
PEMAFC-PCA-F (K=20/20),1,periodavg_0783-0785,14.106667,-5.6794,2.9254,92.0832,83.1503,8.9329
PEMAFC-PCA-F (K=20/20),1,periodavg_0783-0785,14.160000,-6.3150,1.6445,92.0390,83.1503,8.8887
PEMAFC-PCA-F (K=20/20),1,periodavg_0783-0785,14.200000,-6.6304,1.1128,93.6968,83.1503,10.5465
PEMAFC-PCA-F (K=20/20),1,periodavg_0783-0785,14.253333,-6.7696,1.6528,91.8696,83.1503,8.7193
PEMAFC-PCA-F (K=20/20),1,periodavg_0783-0785,14.306667,-7.9735,1.4353,91.7091,83.1503,8.5588
PEMAFC-PCA-F (K=20/20),1,periodavg_0783-0785,14.360000,-7.5842,2.4223,92.4326,83.1503,9.2824
PEMAFC-PCA-F (K=20/20),1,periodavg_0783-0785,14.400000,-7.1438,0.9269,89.0649,83.1503,5.9146
PEMAFC-PCA-F (K=20/20),1,periodavg_0783-0785,14.453333,-6.9076,2.4088,93.7882,83.1503,10.6379
PEMAFC-PCA-F (K=20/20),1,periodavg_0783-0785,14.506667,-7.8443,2.0555,94.0437,83.1503,10.8935
PEMAFC-PCA-F (K=20/20),1,periodavg_0783-0785,14.560000,-5.2026,1.7752,83.1394,83.1503,-0.0109
PEMAFC-PCA-F (K=20/20),1,periodavg_0783-0785,14.600000,-6.8947,2.2908,90.6880,83.1503,7.5378
PEMAFC-PCA-F (K=20/20),1,periodavg_0783-0785,14.653333,-7.3625,1.4894,92.2159,83.1503,9.0656
PEMAFC-PCA-F (K=20/20),1,periodavg_0783-0785,14.706667,-5.3493,2.4332,87.2850,83.1503,4.1347
PEMAFC-PCA-F (K=20/20),1,periodavg_0783-0785,14.760000,-7.0308,1.9843,93.9357,83.1503,10.7854
PEMAFC-PCA-F (K=20/20),1,periodavg_0783-0785,14.800000,-7.9460,0.9854,90.6151,83.1503,7.4649
PEMAFC-PCA-F (K=20/20),1,periodavg_0783-0785,14.853333,-4.3390,3.9006,90.2034,83.1503,7.0532
PEMAFC-PCA-F (K=20/20),1,periodavg_0783-0785,14.906667,-5.5667,4.5092,90.0704,83.1503,6.9201
PEMAFC-PCA-F (K=20/20),1,periodavg_0783-0785,14.960000,-7.1742,1.7844,92.3708,83.1503,9.2206
PEMAFC-PCA-F (K=20/20),1,periodavg_0783-0785,15.000000,-6.4125,2.7188,91.4746,83.1503,8.3243
PEMAFC-PCA-F (K=20/20),1,periodavg_0783-0785,15.053333,-6.8630,2.0975,92.3473,83.1503,9.1970
PEMAFC-PCA-F (K=20/20),1,periodavg_0783-0785,15.106667,-6.3482,1.6697,90.6214,83.1503,7.4712
PEMAFC-PCA-F (K=20/20),1,periodavg_0783-0785,15.160000,-6.6856,1.4430,94.3110,83.1503,11.1608
PEMAFC-PCA-F (K=20/20),1,periodavg_0783-0785,15.200000,-6.4563,3.5890,96.2508,83.1503,13.1006
PEMAFC-PCA-F (K=20/20),1,periodavg_0783-0785,15.253333,-5.5551,2.4248,89.1471,83.1503,5.9968
PEMAFC-PCA-F (K=20/20),1,periodavg_0783-0785,15.306667,-7.7183,1.4309,94.7108,83.1503,11.5606
PEMAFC-PCA-F (K=20/20),1,periodavg_0783-0785,15.360000,-7.0747,0.8321,86.5812,83.1503,3.4309
PEMAFC-PCA-F (K=20/20),1,periodavg_0783-0785,15.400000,-6.9817,2.5208,92.8497,83.1503,9.6994
PEMAFC-PCA-F (K=20/20),1,periodavg_0783-0785,15.453333,-7.4281,1.8508,92.7165,83.1503,9.5663
PEMAFC-PCA-F (K=20/20),1,periodavg_0783-0785,15.506667,-6.8827,1.4173,85.7929,83.1503,2.6427
PEMAFC-PCA-F (K=20/20),1,periodavg_0783-0785,15.560000,-6.1793,1.8815,86.5132,83.1503,3.3629
PEMAFC-PCA-F (K=20/20),1,periodavg_0783-0785,15.600000,-6.1144,1.6819,90.4010,83.1503,7.2507
PEMAFC-PCA-F (K=20/20),1,periodavg_0783-0785,15.653333,-6.1736,0.8543,84.5253,83.1503,1.3750
PEMAFC-PCA-F (K=20/20),1,periodavg_0783-0785,15.706667,-6.1682,2.8771,98.0415,83.1503,14.8912
PEMAFC-PCA-F (K=20/20),1,periodavg_0783-0785,15.760000,-5.2854,2.1410,85.3606,83.1503,2.2104
PEMAFC-PCA-F (K=20/20),1,periodavg_0783-0785,15.800000,-6.5305,1.2626,88.8437,83.1503,5.6934
PEMAFC-PCA-F (K=20/20),1,periodavg_0783-0785,15.853333,-6.6242,1.7414,89.0758,83.1503,5.9255
PEMAFC-PCA-F (K=20/20),1,periodavg_0783-0785,15.906667,-4.3318,3.6815,95.1114,83.1503,11.9612
PEMAFC-PCA-F (K=20/20),1,periodavg_0783-0785,15.960000,-6.9700,2.1371,91.9956,83.1503,8.8454
PEMAFC-PCA-F (K=20/20),1,periodavg_0783-0785,16.000000,-4.7650,4.1420,86.1597,83.1503,3.0094
PEMAFC-PCA-F (K=20/20),1,periodavg_0783-0785,16.053333,-4.9423,2.2008,93.6917,83.1503,10.5414
PEMAFC-PCA-F (K=20/20),1,periodavg_0783-0785,16.106667,-7.3622,1.2651,91.5114,83.1503,8.3611
PEMAFC-PCA-F (K=20/20),1,periodavg_0783-0785,16.160000,-7.0375,2.8516,89.0076,83.1503,5.8574
PEMAFC-PCA-F (K=20/20),1,periodavg_0783-0785,16.200000,-6.0534,2.3358,91.2105,83.1503,8.0603
PEMAFC-PCA-F (K=20/20),1,periodavg_0783-0785,16.253333,-3.7083,1.9064,81.3242,83.1503,-1.8261
PEMAFC-PCA-F (K=20/20),1,periodavg_0783-0785,16.306667,-7.4736,1.5463,92.3078,83.1503,9.1576
PEMAFC-PCA-F (K=20/20),1,periodavg_0783-0785,16.360000,-6.0286,3.2622,89.1399,83.1503,5.9896
PEMAFC-PCA-F (K=20/20),1,periodavg_0783-0785,16.400000,-7.3145,1.8945,93.1498,83.1503,9.9996
PEMAFC-PCA-F (K=20/20),1,periodavg_0783-0785,16.453333,-6.2633,2.9913,89.8441,83.1503,6.6939
PEMAFC-PCA-F (K=20/20),1,periodavg_0783-0785,16.506667,-7.4338,1.3099,90.9503,83.1503,7.8000
PEMAFC-PCA-F (K=20/20),1,periodavg_0783-0785,16.560000,-6.1644,2.1542,87.2924,83.1503,4.1421
PEMAFC-PCA-F (K=20/20),1,periodavg_0783-0785,16.600000,-6.9187,1.5860,92.1161,83.1503,8.9658
PEMAFC-PCA-F (K=20/20),1,periodavg_0783-0785,16.653333,-7.1644,1.4316,93.4303,83.1503,10.2801
PEMAFC-PCA-F (K=20/20),1,periodavg_0783-0785,16.706667,-7.4305,1.5684,88.9941,83.1503,5.8438
PEMAFC-PCA-F (K=20/20),1,periodavg_0783-0785,16.760000,-5.6468,3.7453,95.2306,83.1503,12.0803
PEMAFC-PCA-F (K=20/20),1,periodavg_0783-0785,16.800000,-7.2865,2.9130,94.4453,83.1503,11.2951
PEMAFC-PCA-F (K=20/20),1,periodavg_0783-0785,16.853333,-8.2325,2.3833,94.0753,83.1503,10.9251
PEMAFC-PCA-F (K=20/20),1,periodavg_0783-0785,16.906667,-7.8128,1.5580,92.7513,83.1503,9.6010
PEMAFC-PCA-F (K=20/20),1,periodavg_0783-0785,16.960000,-6.5131,3.4997,92.0262,83.1503,8.8759
PEMAFC-PCA-F (K=20/20),1,periodavg_0783-0785,17.000000,-6.5159,3.1675,94.4200,83.1503,11.2697
PEMAFC-PCA-F (K=20/20),1,periodavg_0783-0785,17.053333,-5.9409,3.1297,92.0102,83.1503,8.8599
PEMAFC-PCA-F (K=20/20),1,periodavg_0783-0785,17.106667,-5.1502,2.5562,85.5047,83.1503,2.3545
PEMAFC-PCA-F (K=20/20),1,periodavg_0783-0785,17.160000,-6.4631,0.7181,88.6283,83.1503,5.4780
PEMAFC-PCA-F (K=20/20),1,periodavg_0783-0785,17.200000,-7.7076,2.3237,94.2518,83.1503,11.1015
PEMAFC-PCA-F (K=20/20),1,periodavg_0783-0785,17.253333,-3.9722,1.5304,85.9590,83.1503,2.8087
PEMAFC-PCA-F (K=20/20),1,periodavg_0783-0785,17.306667,-5.1477,3.6322,93.2124,83.1503,10.0621
PEMAFC-PCA-F (K=20/20),1,periodavg_0783-0785,17.360000,-6.4065,0.0511,86.0335,83.1503,2.8833
PEMAFC-PCA-F (K=20/20),1,periodavg_0783-0785,17.400000,-7.1625,2.0809,95.5554,83.1503,12.4052
PEMAFC-PCA-F (K=20/20),1,periodavg_0783-0785,17.453333,-5.9133,1.9611,86.9664,83.1503,3.8162
PEMAFC-PCA-F (K=20/20),1,periodavg_0783-0785,17.506667,-7.1381,1.9481,91.3060,83.1503,8.1558
PEMAFC-PCA-F (K=20/20),1,periodavg_0783-0785,17.560000,-5.7076,2.2140,91.6910,83.1503,8.5408
PEMAFC-PCA-F (K=20/20),1,periodavg_0783-0785,17.600000,-7.3422,1.2279,92.7213,83.1503,9.5710
PEMAFC-PCA-F (K=20/20),1,periodavg_0783-0785,17.653333,-6.2913,1.0510,87.7191,83.1503,4.5688
PEMAFC-PCA-F (K=20/20),1,periodavg_0783-0785,17.706667,-6.7757,2.4961,92.7387,83.1503,9.5884
PEMAFC-PCA-F (K=20/20),1,periodavg_0783-0785,17.760000,-7.0211,2.7103,95.6651,83.1503,12.5149
PEMAFC-PCA-F (K=20/20),1,periodavg_0783-0785,17.800000,-6.7264,2.0210,91.8609,83.1503,8.7106
PEMAFC-PCA-F (K=20/20),1,periodavg_0783-0785,17.853333,-6.5527,2.2277,92.7056,83.1503,9.5554
PEMAFC-PCA-F (K=20/20),1,periodavg_0783-0785,17.906667,-5.1473,0.8387,83.4996,83.1503,0.3494
PEMAFC-PCA-F (K=20/20),1,periodavg_0783-0785,17.960000,-7.1710,1.9970,93.4351,83.1503,10.2849
PEMAFC-PCA-F (K=20/20),1,periodavg_0783-0785,18.000000,-7.4272,1.5444,95.5243,83.1503,12.3740
PEMAFC-PCA-F (K=20/20),1,periodavg_0783-0785,18.053333,-7.0863,2.6184,93.0263,83.1503,9.8760
PEMAFC-PCA-F (K=20/20),1,periodavg_0783-0785,18.106667,-7.1422,2.1148,91.9411,83.1503,8.7909
PEMAFC-PCA-F (K=20/20),1,periodavg_0783-0785,18.160000,-5.1616,2.2530,89.9658,83.1503,6.8155
PEMAFC-PCA-F (K=20/20),1,periodavg_0783-0785,18.200000,-6.1961,1.4091,90.3945,83.1503,7.2443
PEMAFC-PCA-F (K=20/20),1,periodavg_0783-0785,18.253333,-5.6711,2.1963,85.7777,83.1503,2.6274
PEMAFC-PCA-F (K=20/20),1,periodavg_0783-0785,18.306667,-2.3466,2.7964,81.1891,83.1503,-1.9612
PEMAFC-PCA-F (K=20/20),1,periodavg_0783-0785,18.360000,-6.5537,0.4545,88.2639,83.1503,5.1137
PEMAFC-PCA-F (K=20/20),1,periodavg_0783-0785,18.400000,-7.1405,2.2981,92.0563,83.1503,8.9060
PEMAFC-PCA-F (K=20/20),1,periodavg_0783-0785,18.453333,-7.1944,2.3469,94.3539,83.1503,11.2036
PEMAFC-PCA-F (K=20/20),1,periodavg_0783-0785,18.506667,-6.8522,1.0607,88.6111,83.1503,5.4608
PEMAFC-PCA-F (K=20/20),1,periodavg_0783-0785,18.560000,-5.3803,2.6402,94.3166,83.1503,11.1663
PEMAFC-PCA-F (K=20/20),1,periodavg_0783-0785,18.600000,-6.2947,1.9368,96.6350,83.1503,13.4848
PEMAFC-PCA-F (K=20/20),1,periodavg_0783-0785,18.653333,-8.0955,1.5956,91.7982,83.1503,8.6480
PEMAFC-PCA-F (K=20/20),1,periodavg_0783-0785,18.706667,-6.6532,3.2932,94.7641,83.1503,11.6139
PEMAFC-PCA-F (K=20/20),1,periodavg_0783-0785,18.760000,-5.6814,1.5437,85.5953,83.1503,2.4450
PEMAFC-PCA-F (K=20/20),1,periodavg_0783-0785,18.800000,-6.0765,1.9038,86.1373,83.1503,2.9871
PEMAFC-PCA-F (K=20/20),1,periodavg_0783-0785,18.853333,-5.6362,1.9500,87.3556,83.1503,4.2054
PEMAFC-PCA-F (K=20/20),1,periodavg_0783-0785,18.906667,-5.8940,1.8881,87.9212,83.1503,4.7710
PEMAFC-PCA-F (K=20/20),1,periodavg_0783-0785,18.960000,-6.1761,0.9846,88.9335,83.1503,5.7832
PEMAFC-PCA-F (K=20/20),1,periodavg_0783-0785,19.000000,-4.5652,3.0700,92.5972,83.1503,9.4469
PEMAFC-PCA-F (K=20/20),1,periodavg_0783-0785,19.053333,-6.9402,0.9497,89.3826,83.1503,6.2323
PEMAFC-PCA-F (K=20/20),1,periodavg_0783-0785,19.106667,-5.8787,3.0270,92.8603,83.1503,9.7100
PEMAFC-PCA-F (K=20/20),1,periodavg_0783-0785,19.160000,-6.4619,2.3819,92.1647,83.1503,9.0144
PEMAFC-PCA-F (K=20/20),1,periodavg_0783-0785,19.200000,-7.1895,2.9823,96.7689,83.1503,13.6187
PEMAFC-PCA-F (K=20/20),1,periodavg_0783-0785,19.253333,-7.9321,1.6998,94.7928,83.1503,11.6425
PEMAFC-PCA-F (K=20/20),1,periodavg_0783-0785,19.306667,-6.9217,2.1059,91.1848,83.1503,8.0345
PEMAFC-PCA-F (K=20/20),1,periodavg_0783-0785,19.360000,-5.8408,2.5425,94.7482,83.1503,11.5980
PEMAFC-PCA-F (K=20/20),1,periodavg_0783-0785,19.400000,-7.2191,1.4310,93.8794,83.1503,10.7292
PEMAFC-PCA-F (K=20/20),1,periodavg_0783-0785,19.453333,-6.7249,2.2972,94.7503,83.1503,11.6000
PEMAFC-PCA-F (K=20/20),1,periodavg_0783-0785,19.506667,-7.3973,1.1537,90.2130,83.1503,7.0628
PEMAFC-PCA-F (K=20/20),1,periodavg_0783-0785,19.560000,-6.4016,1.0437,86.5109,83.1503,3.3606
PEMAFC-PCA-F (K=20/20),1,periodavg_0783-0785,19.600000,-7.3247,1.8695,96.5375,83.1503,13.3872
PEMAFC-PCA-F (K=20/20),1,periodavg_0783-0785,19.653333,-7.8824,1.4634,94.3929,83.1503,11.2427
PEMAFC-PCA-F (K=20/20),1,periodavg_0783-0785,19.706667,-5.3716,4.1368,92.7629,83.1503,9.6126
PEMAFC-PCA-F (K=20/20),1,periodavg_0783-0785,19.760000,-7.6048,1.5040,93.2509,83.1503,10.1006
PEMAFC-PCA-F (K=20/20),1,periodavg_0783-0785,19.800000,-8.2707,2.2691,94.7510,83.1503,11.6007
PEMAFC-PCA-F (K=20/20),1,periodavg_0783-0785,19.853333,-7.0622,1.0300,86.2136,83.1503,3.0633
PEMAFC-PCA-F (K=20/20),1,periodavg_0783-0785,19.906667,-5.2202,3.0683,89.5916,83.1503,6.4413
PEMAFC-PCA-F (K=20/20),1,periodavg_0783-0785,19.960000,-7.4170,1.4444,94.9795,83.1503,11.8293
PEMAFC-PCA-F (K=20/20),1,periodavg_0783-0785,20.000000,-6.1682,2.8691,87.2057,83.1503,4.0554
PEMAFC-PCA-F (K=20/20),2,periodavg_0894-0896,20.013333,-0.5790,0.3370,68.2629,67.5088,0.7541
PEMAFC-PCA-F (K=20/20),2,periodavg_0894-0896,20.053333,-4.1725,3.3212,71.6568,67.5088,4.1480
PEMAFC-PCA-F (K=20/20),2,periodavg_0894-0896,20.106667,-5.6990,4.6048,74.3039,67.5088,6.7951
PEMAFC-PCA-F (K=20/20),2,periodavg_0894-0896,20.160000,-6.0511,5.8032,76.0375,67.5088,8.5287
PEMAFC-PCA-F (K=20/20),2,periodavg_0894-0896,20.200000,-6.2646,5.2604,76.0504,67.5088,8.5416
PEMAFC-PCA-F (K=20/20),2,periodavg_0894-0896,20.253333,-6.2070,6.3141,75.8926,67.5088,8.3837
PEMAFC-PCA-F (K=20/20),2,periodavg_0894-0896,20.306667,-6.3193,5.1700,75.8809,67.5088,8.3720
PEMAFC-PCA-F (K=20/20),2,periodavg_0894-0896,20.360000,-6.2956,5.7797,75.4684,67.5088,7.9595
PEMAFC-PCA-F (K=20/20),2,periodavg_0894-0896,20.400000,-6.3836,5.0315,75.8416,67.5088,8.3328
PEMAFC-PCA-F (K=20/20),2,periodavg_0894-0896,20.453333,-6.3554,5.8392,75.6817,67.5088,8.1729
PEMAFC-PCA-F (K=20/20),2,periodavg_0894-0896,20.506667,-6.3990,5.4703,75.2826,67.5088,7.7738
PEMAFC-PCA-F (K=20/20),2,periodavg_0894-0896,20.560000,-6.3925,5.9373,75.7279,67.5088,8.2191
PEMAFC-PCA-F (K=20/20),2,periodavg_0894-0896,20.600000,-6.3621,5.3208,75.8819,67.5088,8.3731
PEMAFC-PCA-F (K=20/20),2,periodavg_0894-0896,20.653333,-6.3461,4.8019,75.8058,67.5088,8.2970
PEMAFC-PCA-F (K=20/20),2,periodavg_0894-0896,20.706667,-6.3661,4.5318,75.6940,67.5088,8.1852
PEMAFC-PCA-F (K=20/20),2,periodavg_0894-0896,20.760000,-6.4040,4.7165,75.3242,67.5088,7.8153
PEMAFC-PCA-F (K=20/20),2,periodavg_0894-0896,20.800000,-6.3334,5.9854,76.7238,67.5088,9.2150
PEMAFC-PCA-F (K=20/20),2,periodavg_0894-0896,20.853333,-6.3214,6.1861,76.5643,67.5088,9.0555
PEMAFC-PCA-F (K=20/20),2,periodavg_0894-0896,20.906667,-6.3758,4.8808,75.9217,67.5088,8.4129
PEMAFC-PCA-F (K=20/20),2,periodavg_0894-0896,20.960000,-6.0574,6.2315,75.8724,67.5088,8.3636
PEMAFC-PCA-F (K=20/20),2,periodavg_0894-0896,21.000000,-6.3564,5.9689,76.0245,67.5088,8.5156
PEMAFC-PCA-F (K=20/20),2,periodavg_0894-0896,21.053333,-6.4158,5.1053,75.8741,67.5088,8.3652
PEMAFC-PCA-F (K=20/20),2,periodavg_0894-0896,21.106667,-6.4486,4.7590,75.8740,67.5088,8.3652
PEMAFC-PCA-F (K=20/20),2,periodavg_0894-0896,21.160000,-6.3401,6.6825,76.4345,67.5088,8.9257
PEMAFC-PCA-F (K=20/20),2,periodavg_0894-0896,21.200000,-6.2474,5.8723,76.7028,67.5088,9.1940
PEMAFC-PCA-F (K=20/20),2,periodavg_0894-0896,21.253333,-6.2948,5.6988,76.8361,67.5088,9.3272
PEMAFC-PCA-F (K=20/20),2,periodavg_0894-0896,21.306667,-6.3671,5.5182,76.5982,67.5088,9.0893
PEMAFC-PCA-F (K=20/20),2,periodavg_0894-0896,21.360000,-6.4319,5.4931,75.5320,67.5088,8.0232
PEMAFC-PCA-F (K=20/20),2,periodavg_0894-0896,21.400000,-6.4218,6.1463,76.3143,67.5088,8.8055
PEMAFC-PCA-F (K=20/20),2,periodavg_0894-0896,21.453333,-6.4295,5.5233,75.7464,67.5088,8.2376
PEMAFC-PCA-F (K=20/20),2,periodavg_0894-0896,21.506667,-6.2154,4.9505,75.2912,67.5088,7.7824
PEMAFC-PCA-F (K=20/20),2,periodavg_0894-0896,21.560000,-6.4473,4.7639,75.8326,67.5088,8.3237
PEMAFC-PCA-F (K=20/20),2,periodavg_0894-0896,21.600000,-6.3508,5.7167,76.6584,67.5088,9.1496
PEMAFC-PCA-F (K=20/20),2,periodavg_0894-0896,21.653333,-6.4489,5.6794,76.2042,67.5088,8.6954
PEMAFC-PCA-F (K=20/20),2,periodavg_0894-0896,21.706667,-6.4520,4.0042,75.9443,67.5088,8.4355
PEMAFC-PCA-F (K=20/20),2,periodavg_0894-0896,21.760000,-6.3982,5.9033,75.3538,67.5088,7.8450
PEMAFC-PCA-F (K=20/20),2,periodavg_0894-0896,21.800000,-6.2136,5.1208,75.6002,67.5088,8.0914
PEMAFC-PCA-F (K=20/20),2,periodavg_0894-0896,21.853333,-6.4151,5.9576,76.0310,67.5088,8.5221
PEMAFC-PCA-F (K=20/20),2,periodavg_0894-0896,21.906667,-6.3821,5.8860,76.5501,67.5088,9.0413
PEMAFC-PCA-F (K=20/20),2,periodavg_0894-0896,21.960000,-6.4231,5.1067,75.7358,67.5088,8.2270
PEMAFC-PCA-F (K=20/20),2,periodavg_0894-0896,22.000000,-6.3364,6.1566,75.7046,67.5088,8.1958
PEMAFC-PCA-F (K=20/20),2,periodavg_0894-0896,22.053333,-6.4008,4.4449,75.8183,67.5088,8.3095
PEMAFC-PCA-F (K=20/20),2,periodavg_0894-0896,22.106667,-6.4144,6.3234,75.8835,67.5088,8.3747
PEMAFC-PCA-F (K=20/20),2,periodavg_0894-0896,22.160000,-6.2921,5.5184,76.3995,67.5088,8.8907
PEMAFC-PCA-F (K=20/20),2,periodavg_0894-0896,22.200000,-6.3509,5.1821,75.8834,67.5088,8.3746
PEMAFC-PCA-F (K=20/20),2,periodavg_0894-0896,22.253333,-6.3983,4.5942,75.8055,67.5088,8.2966
PEMAFC-PCA-F (K=20/20),2,periodavg_0894-0896,22.306667,-6.3104,5.4032,75.9598,67.5088,8.4510
PEMAFC-PCA-F (K=20/20),2,periodavg_0894-0896,22.360000,-6.3619,4.3964,76.0286,67.5088,8.5198
PEMAFC-PCA-F (K=20/20),2,periodavg_0894-0896,22.400000,-6.3790,5.5973,76.2062,67.5088,8.6973
PEMAFC-PCA-F (K=20/20),2,periodavg_0894-0896,22.453333,-6.3622,5.2590,76.2470,67.5088,8.7382
PEMAFC-PCA-F (K=20/20),2,periodavg_0894-0896,22.506667,-6.2610,4.6790,75.6317,67.5088,8.1229
PEMAFC-PCA-F (K=20/20),2,periodavg_0894-0896,22.560000,-6.2797,5.2866,75.9765,67.5088,8.4676
PEMAFC-PCA-F (K=20/20),2,periodavg_0894-0896,22.600000,-6.2850,5.1856,75.8533,67.5088,8.3445
PEMAFC-PCA-F (K=20/20),2,periodavg_0894-0896,22.653333,-6.2957,6.3241,76.4999,67.5088,8.9911
PEMAFC-PCA-F (K=20/20),2,periodavg_0894-0896,22.706667,-6.3966,5.5433,75.7806,67.5088,8.2717
PEMAFC-PCA-F (K=20/20),2,periodavg_0894-0896,22.760000,-6.3449,5.7449,75.9836,67.5088,8.4748
PEMAFC-PCA-F (K=20/20),2,periodavg_0894-0896,22.800000,-6.2857,4.8633,75.8310,67.5088,8.3222
PEMAFC-PCA-F (K=20/20),2,periodavg_0894-0896,22.853333,-6.3469,5.4509,75.8972,67.5088,8.3883
PEMAFC-PCA-F (K=20/20),2,periodavg_0894-0896,22.906667,-6.3024,4.9743,75.1350,67.5088,7.6261
PEMAFC-PCA-F (K=20/20),2,periodavg_0894-0896,22.960000,-6.1586,5.8703,76.8810,67.5088,9.3722
PEMAFC-PCA-F (K=20/20),2,periodavg_0894-0896,23.000000,-6.2783,4.5953,75.9637,67.5088,8.4549
PEMAFC-PCA-F (K=20/20),2,periodavg_0894-0896,23.053333,-6.3179,5.4623,75.8597,67.5088,8.3509
PEMAFC-PCA-F (K=20/20),2,periodavg_0894-0896,23.106667,-6.2942,4.7652,75.8095,67.5088,8.3007
PEMAFC-PCA-F (K=20/20),2,periodavg_0894-0896,23.160000,-6.2490,5.0526,75.3035,67.5088,7.7947
PEMAFC-PCA-F (K=20/20),2,periodavg_0894-0896,23.200000,-6.2833,5.4726,76.1344,67.5088,8.6255
PEMAFC-PCA-F (K=20/20),2,periodavg_0894-0896,23.253333,-6.2641,5.1626,76.1371,67.5088,8.6282
PEMAFC-PCA-F (K=20/20),2,periodavg_0894-0896,23.306667,-6.3311,5.3651,76.2283,67.5088,8.7195
PEMAFC-PCA-F (K=20/20),2,periodavg_0894-0896,23.360000,-6.3847,5.3407,75.7773,67.5088,8.2684
PEMAFC-PCA-F (K=20/20),2,periodavg_0894-0896,23.400000,-6.3810,6.0608,76.0732,67.5088,8.5643
PEMAFC-PCA-F (K=20/20),2,periodavg_0894-0896,23.453333,-6.3454,5.9957,75.8700,67.5088,8.3612
PEMAFC-PCA-F (K=20/20),2,periodavg_0894-0896,23.506667,-6.4277,6.1516,75.9707,67.5088,8.4618
PEMAFC-PCA-F (K=20/20),2,periodavg_0894-0896,23.560000,-6.4385,4.5508,75.6570,67.5088,8.1482
PEMAFC-PCA-F (K=20/20),2,periodavg_0894-0896,23.600000,-6.4619,5.4317,75.4525,67.5088,7.9436
PEMAFC-PCA-F (K=20/20),2,periodavg_0894-0896,23.653333,-6.3798,5.3707,75.4880,67.5088,7.9792
PEMAFC-PCA-F (K=20/20),2,periodavg_0894-0896,23.706667,-6.2891,5.1834,75.3898,67.5088,7.8809
PEMAFC-PCA-F (K=20/20),2,periodavg_0894-0896,23.760000,-6.2389,5.2644,75.4222,67.5088,7.9133
PEMAFC-PCA-F (K=20/20),2,periodavg_0894-0896,23.800000,-6.3588,4.4372,75.5764,67.5088,8.0676
PEMAFC-PCA-F (K=20/20),2,periodavg_0894-0896,23.853333,-6.2268,5.4396,76.5274,67.5088,9.0186
PEMAFC-PCA-F (K=20/20),2,periodavg_0894-0896,23.906667,-6.3473,5.3065,75.9097,67.5088,8.4008
PEMAFC-PCA-F (K=20/20),2,periodavg_0894-0896,23.960000,-6.3443,4.7579,75.7304,67.5088,8.2215
PEMAFC-PCA-F (K=20/20),2,periodavg_0894-0896,24.000000,-6.4427,4.8534,75.7788,67.5088,8.2700
PEMAFC-PCA-F (K=20/20),2,periodavg_0894-0896,24.053333,-6.3999,5.6915,76.3004,67.5088,8.7916
PEMAFC-PCA-F (K=20/20),2,periodavg_0894-0896,24.106667,-6.2915,5.2656,75.9250,67.5088,8.4161
PEMAFC-PCA-F (K=20/20),2,periodavg_0894-0896,24.160000,-6.3365,5.5120,76.3679,67.5088,8.8591
PEMAFC-PCA-F (K=20/20),2,periodavg_0894-0896,24.200000,-6.2609,6.0475,76.2588,67.5088,8.7500
PEMAFC-PCA-F (K=20/20),2,periodavg_0894-0896,24.253333,-6.1405,5.2344,76.4827,67.5088,8.9739
PEMAFC-PCA-F (K=20/20),2,periodavg_0894-0896,24.306667,-6.2023,5.4540,75.8660,67.5088,8.3572
PEMAFC-PCA-F (K=20/20),2,periodavg_0894-0896,24.360000,-6.3265,5.8459,76.3667,67.5088,8.8579
PEMAFC-PCA-F (K=20/20),2,periodavg_0894-0896,24.400000,-6.2726,4.5896,75.6059,67.5088,8.0971
PEMAFC-PCA-F (K=20/20),2,periodavg_0894-0896,24.453333,-6.1781,4.9606,76.8935,67.5088,9.3847
PEMAFC-PCA-F (K=20/20),2,periodavg_0894-0896,24.506667,-6.3086,6.1025,76.1013,67.5088,8.5925
PEMAFC-PCA-F (K=20/20),2,periodavg_0894-0896,24.560000,-6.2957,5.0645,75.9124,67.5088,8.4036
PEMAFC-PCA-F (K=20/20),2,periodavg_0894-0896,24.600000,-6.2917,5.6523,76.0793,67.5088,8.5704
PEMAFC-PCA-F (K=20/20),2,periodavg_0894-0896,24.653333,-6.2471,4.9151,76.8265,67.5088,9.3177
PEMAFC-PCA-F (K=20/20),2,periodavg_0894-0896,24.706667,-6.4580,5.5532,75.9973,67.5088,8.4885
PEMAFC-PCA-F (K=20/20),2,periodavg_0894-0896,24.760000,-6.2223,5.7768,75.9461,67.5088,8.4373
PEMAFC-PCA-F (K=20/20),2,periodavg_0894-0896,24.800000,-6.2663,5.7498,76.3065,67.5088,8.7977
PEMAFC-PCA-F (K=20/20),2,periodavg_0894-0896,24.853333,-6.3802,5.4346,75.5099,67.5088,8.0010
PEMAFC-PCA-F (K=20/20),2,periodavg_0894-0896,24.906667,-6.3943,4.7280,74.8973,67.5088,7.3885
PEMAFC-PCA-F (K=20/20),2,periodavg_0894-0896,24.960000,-6.3793,5.0578,75.8014,67.5088,8.2925
PEMAFC-PCA-F (K=20/20),2,periodavg_0894-0896,25.000000,-6.2789,5.1746,76.3150,67.5088,8.8062
PEMAFC-PCA-F (K=20/20),2,periodavg_0894-0896,25.053333,-6.1769,5.7050,77.0606,67.5088,9.5517
PEMAFC-PCA-F (K=20/20),2,periodavg_0894-0896,25.106667,-6.1334,5.1956,75.9884,67.5088,8.4796
PEMAFC-PCA-F (K=20/20),2,periodavg_0894-0896,25.160000,-6.3037,4.9399,75.2908,67.5088,7.7820
PEMAFC-PCA-F (K=20/20),2,periodavg_0894-0896,25.200000,-6.2187,6.1344,75.6737,67.5088,8.1649
PEMAFC-PCA-F (K=20/20),2,periodavg_0894-0896,25.253333,-6.2944,5.6233,75.9405,67.5088,8.4317
PEMAFC-PCA-F (K=20/20),2,periodavg_0894-0896,25.306667,-6.3345,6.1203,76.0323,67.5088,8.5235
PEMAFC-PCA-F (K=20/20),2,periodavg_0894-0896,25.360000,-6.3786,5.4361,76.0836,67.5088,8.5748
PEMAFC-PCA-F (K=20/20),2,periodavg_0894-0896,25.400000,-6.3144,5.7127,76.0377,67.5088,8.5289
PEMAFC-PCA-F (K=20/20),2,periodavg_0894-0896,25.453333,-6.2594,5.4144,75.4326,67.5088,7.9238
PEMAFC-PCA-F (K=20/20),2,periodavg_0894-0896,25.506667,-6.2410,5.5182,76.0344,67.5088,8.5256
PEMAFC-PCA-F (K=20/20),2,periodavg_0894-0896,25.560000,-6.4530,5.7618,75.3669,67.5088,7.8580
PEMAFC-PCA-F (K=20/20),2,periodavg_0894-0896,25.600000,-6.4269,5.5078,75.7443,67.5088,8.2355
PEMAFC-PCA-F (K=20/20),2,periodavg_0894-0896,25.653333,-6.3622,5.0240,76.1412,67.5088,8.6324
PEMAFC-PCA-F (K=20/20),2,periodavg_0894-0896,25.706667,-6.3411,4.5808,75.8604,67.5088,8.3516
PEMAFC-PCA-F (K=20/20),2,periodavg_0894-0896,25.760000,-6.3802,5.7195,75.9941,67.5088,8.4853
PEMAFC-PCA-F (K=20/20),2,periodavg_0894-0896,25.800000,-6.3932,5.3578,76.0906,67.5088,8.5818
PEMAFC-PCA-F (K=20/20),2,periodavg_0894-0896,25.853333,-6.2599,5.8228,77.1103,67.5088,9.6015
PEMAFC-PCA-F (K=20/20),2,periodavg_0894-0896,25.906667,-6.4065,6.1541,75.9991,67.5088,8.4903
PEMAFC-PCA-F (K=20/20),2,periodavg_0894-0896,25.960000,-6.3513,5.6992,76.6398,67.5088,9.1310
PEMAFC-PCA-F (K=20/20),2,periodavg_0894-0896,26.000000,-6.4019,5.1539,75.6109,67.5088,8.1021
PEMAFC-PCA-F (K=20/20),2,periodavg_0894-0896,26.053333,-6.2278,5.7494,76.5465,67.5088,9.0377
PEMAFC-PCA-F (K=20/20),2,periodavg_0894-0896,26.106667,-6.3854,4.5229,75.5910,67.5088,8.0822
PEMAFC-PCA-F (K=20/20),2,periodavg_0894-0896,26.160000,-6.4026,4.9287,75.5194,67.5088,8.0106
PEMAFC-PCA-F (K=20/20),2,periodavg_0894-0896,26.200000,-6.2693,5.4912,76.2062,67.5088,8.6973
PEMAFC-PCA-F (K=20/20),2,periodavg_0894-0896,26.253333,-6.3095,5.6832,76.1388,67.5088,8.6299
PEMAFC-PCA-F (K=20/20),2,periodavg_0894-0896,26.306667,-6.3696,6.4345,75.8233,67.5088,8.3145
PEMAFC-PCA-F (K=20/20),2,periodavg_0894-0896,26.360000,-6.4372,5.4671,76.0572,67.5088,8.5484
PEMAFC-PCA-F (K=20/20),2,periodavg_0894-0896,26.400000,-6.4213,4.7743,76.2379,67.5088,8.7291
PEMAFC-PCA-F (K=20/20),2,periodavg_0894-0896,26.453333,-6.3934,4.7827,75.6167,67.5088,8.1078
PEMAFC-PCA-F (K=20/20),2,periodavg_0894-0896,26.506667,-6.3439,5.6007,76.6387,67.5088,9.1299
PEMAFC-PCA-F (K=20/20),2,periodavg_0894-0896,26.560000,-6.4659,5.6392,75.9405,67.5088,8.4317
PEMAFC-PCA-F (K=20/20),2,periodavg_0894-0896,26.600000,-6.3638,6.4799,76.0566,67.5088,8.5477
PEMAFC-PCA-F (K=20/20),2,periodavg_0894-0896,26.653333,-6.3376,5.9746,75.9918,67.5088,8.4829
PEMAFC-PCA-F (K=20/20),2,periodavg_0894-0896,26.706667,-6.3181,5.1997,76.5511,67.5088,9.0423
PEMAFC-PCA-F (K=20/20),2,periodavg_0894-0896,26.760000,-6.3665,5.0399,76.1061,67.5088,8.5973
PEMAFC-PCA-F (K=20/20),2,periodavg_0894-0896,26.800000,-6.2952,5.2694,75.7232,67.5088,8.2143
PEMAFC-PCA-F (K=20/20),2,periodavg_0894-0896,26.853333,-6.3555,5.5522,75.5567,67.5088,8.0479
PEMAFC-PCA-F (K=20/20),2,periodavg_0894-0896,26.906667,-6.3415,5.4225,76.2772,67.5088,8.7684
PEMAFC-PCA-F (K=20/20),2,periodavg_0894-0896,26.960000,-6.3227,6.2985,76.0761,67.5088,8.5673
PEMAFC-PCA-F (K=20/20),2,periodavg_0894-0896,27.000000,-6.1365,6.6194,77.0675,67.5088,9.5587
PEMAFC-PCA-F (K=20/20),2,periodavg_0894-0896,27.053333,-6.3570,4.9165,76.2880,67.5088,8.7792
PEMAFC-PCA-F (K=20/20),2,periodavg_0894-0896,27.106667,-6.2863,5.5564,76.4176,67.5088,8.9088
PEMAFC-PCA-F (K=20/20),2,periodavg_0894-0896,27.160000,-6.3146,5.7476,75.9046,67.5088,8.3958
PEMAFC-PCA-F (K=20/20),2,periodavg_0894-0896,27.200000,-6.3174,5.1403,75.5739,67.5088,8.0651
PEMAFC-PCA-F (K=20/20),2,periodavg_0894-0896,27.253333,-6.3984,4.8948,75.9950,67.5088,8.4862
PEMAFC-PCA-F (K=20/20),2,periodavg_0894-0896,27.306667,-6.3811,5.5579,76.1462,67.5088,8.6374
PEMAFC-PCA-F (K=20/20),2,periodavg_0894-0896,27.360000,-6.3597,5.1960,75.7967,67.5088,8.2879
PEMAFC-PCA-F (K=20/20),2,periodavg_0894-0896,27.400000,-6.2622,5.9412,75.8121,67.5088,8.3032
PEMAFC-PCA-F (K=20/20),2,periodavg_0894-0896,27.453333,-6.3837,5.9349,76.5454,67.5088,9.0366
PEMAFC-PCA-F (K=20/20),2,periodavg_0894-0896,27.506667,-6.4096,5.2239,76.3685,67.5088,8.8596
PEMAFC-PCA-F (K=20/20),2,periodavg_0894-0896,27.560000,-6.4306,5.9281,76.4724,67.5088,8.9635
PEMAFC-PCA-F (K=20/20),2,periodavg_0894-0896,27.600000,-6.4691,5.0380,75.6234,67.5088,8.1146
PEMAFC-PCA-F (K=20/20),2,periodavg_0894-0896,27.653333,-6.4405,5.5751,75.7475,67.5088,8.2386
PEMAFC-PCA-F (K=20/20),2,periodavg_0894-0896,27.706667,-6.4222,5.4262,76.1241,67.5088,8.6152
PEMAFC-PCA-F (K=20/20),2,periodavg_0894-0896,27.760000,-6.3350,5.7806,76.1006,67.5088,8.5917
PEMAFC-PCA-F (K=20/20),2,periodavg_0894-0896,27.800000,-6.4648,5.1150,75.6270,67.5088,8.1182
PEMAFC-PCA-F (K=20/20),2,periodavg_0894-0896,27.853333,-6.3627,5.3570,75.8546,67.5088,8.3457
PEMAFC-PCA-F (K=20/20),2,periodavg_0894-0896,27.906667,-6.4224,5.3344,75.7875,67.5088,8.2787
PEMAFC-PCA-F (K=20/20),2,periodavg_0894-0896,27.960000,-6.3780,5.8634,75.6152,67.5088,8.1064
PEMAFC-PCA-F (K=20/20),2,periodavg_0894-0896,28.000000,-6.3625,4.3337,75.3341,67.5088,7.8253
PEMAFC-PCA-F (K=20/20),2,periodavg_0894-0896,28.053333,-6.3444,5.4857,75.1224,67.5088,7.6136
PEMAFC-PCA-F (K=20/20),2,periodavg_0894-0896,28.106667,-6.4070,5.4945,75.2806,67.5088,7.7718
PEMAFC-PCA-F (K=20/20),2,periodavg_0894-0896,28.160000,-6.3972,5.9878,75.6899,67.5088,8.1810
PEMAFC-PCA-F (K=20/20),2,periodavg_0894-0896,28.200000,-6.3806,6.1228,76.2044,67.5088,8.6955
PEMAFC-PCA-F (K=20/20),2,periodavg_0894-0896,28.253333,-6.3345,5.7036,75.6726,67.5088,8.1637
PEMAFC-PCA-F (K=20/20),2,periodavg_0894-0896,28.306667,-6.2394,5.4478,77.0163,67.5088,9.5074
PEMAFC-PCA-F (K=20/20),2,periodavg_0894-0896,28.360000,-6.3648,6.1163,76.5655,67.5088,9.0567
PEMAFC-PCA-F (K=20/20),2,periodavg_0894-0896,28.400000,-6.4188,6.0201,76.2186,67.5088,8.7098
PEMAFC-PCA-F (K=20/20),2,periodavg_0894-0896,28.453333,-6.4318,5.5083,75.9402,67.5088,8.4314
PEMAFC-PCA-F (K=20/20),2,periodavg_0894-0896,28.506667,-6.4095,5.7155,75.6213,67.5088,8.1125
PEMAFC-PCA-F (K=20/20),2,periodavg_0894-0896,28.560000,-6.2560,5.4852,76.4332,67.5088,8.9243
PEMAFC-PCA-F (K=20/20),2,periodavg_0894-0896,28.600000,-6.4873,4.6850,75.8416,67.5088,8.3328
PEMAFC-PCA-F (K=20/20),2,periodavg_0894-0896,28.653333,-6.3102,6.3712,76.4423,67.5088,8.9334
PEMAFC-PCA-F (K=20/20),2,periodavg_0894-0896,28.706667,-6.2851,5.3404,76.0089,67.5088,8.5001
PEMAFC-PCA-F (K=20/20),2,periodavg_0894-0896,28.760000,-6.4171,5.7363,76.1216,67.5088,8.6128
PEMAFC-PCA-F (K=20/20),2,periodavg_0894-0896,28.800000,-6.3159,4.9897,75.3733,67.5088,7.8645
PEMAFC-PCA-F (K=20/20),2,periodavg_0894-0896,28.853333,-6.4223,5.4626,75.1612,67.5088,7.6524
PEMAFC-PCA-F (K=20/20),2,periodavg_0894-0896,28.906667,-6.3475,5.0095,76.3707,67.5088,8.8618
PEMAFC-PCA-F (K=20/20),2,periodavg_0894-0896,28.960000,-6.3705,5.2361,76.0392,67.5088,8.5304
PEMAFC-PCA-F (K=20/20),2,periodavg_0894-0896,29.000000,-6.4271,5.0575,75.6472,67.5088,8.1384
PEMAFC-PCA-F (K=20/20),2,periodavg_0894-0896,29.053333,-6.3862,4.2765,75.2236,67.5088,7.7147
PEMAFC-PCA-F (K=20/20),2,periodavg_0894-0896,29.106667,-6.4592,5.2225,75.6793,67.5088,8.1704
PEMAFC-PCA-F (K=20/20),2,periodavg_0894-0896,29.160000,-6.3990,5.3046,76.1717,67.5088,8.6629
PEMAFC-PCA-F (K=20/20),2,periodavg_0894-0896,29.200000,-6.4330,6.2971,75.7205,67.5088,8.2116
PEMAFC-PCA-F (K=20/20),2,periodavg_0894-0896,29.253333,-6.2714,6.2679,76.8915,67.5088,9.3826
PEMAFC-PCA-F (K=20/20),2,periodavg_0894-0896,29.306667,-6.2911,5.8353,76.1119,67.5088,8.6030
PEMAFC-PCA-F (K=20/20),2,periodavg_0894-0896,29.360000,-6.3556,4.9613,75.7983,67.5088,8.2895
PEMAFC-PCA-F (K=20/20),2,periodavg_0894-0896,29.400000,-6.2946,5.8187,75.7330,67.5088,8.2242
PEMAFC-PCA-F (K=20/20),2,periodavg_0894-0896,29.453333,-6.3598,5.4188,76.1082,67.5088,8.5994
PEMAFC-PCA-F (K=20/20),2,periodavg_0894-0896,29.506667,-6.3740,5.9044,76.3149,67.5088,8.8061
PEMAFC-PCA-F (K=20/20),2,periodavg_0894-0896,29.560000,-6.4280,5.8826,76.1130,67.5088,8.6042
PEMAFC-PCA-F (K=20/20),2,periodavg_0894-0896,29.600000,-6.3285,5.3683,75.8946,67.5088,8.3857
PEMAFC-PCA-F (K=20/20),2,periodavg_0894-0896,29.653333,-6.3679,5.1454,76.0954,67.5088,8.5866
PEMAFC-PCA-F (K=20/20),2,periodavg_0894-0896,29.706667,-6.3618,5.1311,76.1452,67.5088,8.6364
PEMAFC-PCA-F (K=20/20),2,periodavg_0894-0896,29.760000,-6.3543,5.3472,76.0388,67.5088,8.5300
PEMAFC-PCA-F (K=20/20),2,periodavg_0894-0896,29.800000,-6.2688,5.3674,76.4716,67.5088,8.9627
PEMAFC-PCA-F (K=20/20),2,periodavg_0894-0896,29.853333,-6.2504,5.8143,76.8568,67.5088,9.3479
PEMAFC-PCA-F (K=20/20),2,periodavg_0894-0896,29.906667,-6.3249,6.3440,76.5708,67.5088,9.0619
PEMAFC-PCA-F (K=20/20),2,periodavg_0894-0896,29.960000,-6.5308,5.5071,75.6336,67.5088,8.1248
PEMAFC-PCA-F (K=20/20),2,periodavg_0894-0896,30.000000,-6.2675,4.9553,76.5841,67.5088,9.0752
PEMAFC-PCA-F (K=20/20),3,periodavg_0870-0872,30.013333,1.3776,-9.0468,75.2008,79.1852,-3.9844
PEMAFC-PCA-F (K=20/20),3,periodavg_0870-0872,30.053333,-4.0755,1.6218,82.3748,79.1852,3.1896
PEMAFC-PCA-F (K=20/20),3,periodavg_0870-0872,30.106667,-10.4671,3.5599,87.7487,79.1852,8.5634
PEMAFC-PCA-F (K=20/20),3,periodavg_0870-0872,30.160000,-13.0872,3.6449,85.3338,79.1852,6.1485
PEMAFC-PCA-F (K=20/20),3,periodavg_0870-0872,30.200000,-15.1884,3.7178,93.0563,79.1852,13.8711
PEMAFC-PCA-F (K=20/20),3,periodavg_0870-0872,30.253333,-16.1748,3.5830,89.6987,79.1852,10.5135
PEMAFC-PCA-F (K=20/20),3,periodavg_0870-0872,30.306667,-17.0503,4.6795,87.9916,79.1852,8.8064
PEMAFC-PCA-F (K=20/20),3,periodavg_0870-0872,30.360000,-16.8664,6.1894,85.6207,79.1852,6.4354
PEMAFC-PCA-F (K=20/20),3,periodavg_0870-0872,30.400000,-17.8541,5.0513,95.7985,79.1852,16.6132
PEMAFC-PCA-F (K=20/20),3,periodavg_0870-0872,30.453333,-16.1041,3.6058,86.9798,79.1852,7.7946
PEMAFC-PCA-F (K=20/20),3,periodavg_0870-0872,30.506667,-17.7877,3.6274,97.2282,79.1852,18.0430
PEMAFC-PCA-F (K=20/20),3,periodavg_0870-0872,30.560000,-16.0549,4.6933,89.4902,79.1852,10.3050
PEMAFC-PCA-F (K=20/20),3,periodavg_0870-0872,30.600000,-17.6140,2.9323,97.3720,79.1852,18.1868
PEMAFC-PCA-F (K=20/20),3,periodavg_0870-0872,30.653333,-17.4839,4.4131,91.4356,79.1852,12.2503
PEMAFC-PCA-F (K=20/20),3,periodavg_0870-0872,30.706667,-17.8710,4.0565,96.8817,79.1852,17.6965
PEMAFC-PCA-F (K=20/20),3,periodavg_0870-0872,30.760000,-18.0814,5.6921,94.5407,79.1852,15.3555
PEMAFC-PCA-F (K=20/20),3,periodavg_0870-0872,30.800000,-17.8440,5.5432,89.1946,79.1852,10.0093
PEMAFC-PCA-F (K=20/20),3,periodavg_0870-0872,30.853333,-16.7443,4.2553,94.2973,79.1852,15.1121
PEMAFC-PCA-F (K=20/20),3,periodavg_0870-0872,30.906667,-16.8052,3.9898,88.1936,79.1852,9.0084
PEMAFC-PCA-F (K=20/20),3,periodavg_0870-0872,30.960000,-18.3631,4.5961,92.0190,79.1852,12.8337
PEMAFC-PCA-F (K=20/20),3,periodavg_0870-0872,31.000000,-17.4297,4.9258,98.5046,79.1852,19.3193
PEMAFC-PCA-F (K=20/20),3,periodavg_0870-0872,31.053333,-17.8823,4.3164,96.4783,79.1852,17.2930
PEMAFC-PCA-F (K=20/20),3,periodavg_0870-0872,31.106667,-18.0115,4.3757,93.8771,79.1852,14.6919
PEMAFC-PCA-F (K=20/20),3,periodavg_0870-0872,31.160000,-16.9513,4.5245,95.5411,79.1852,16.3559
PEMAFC-PCA-F (K=20/20),3,periodavg_0870-0872,31.200000,-16.5386,4.9221,86.8547,79.1852,7.6694
PEMAFC-PCA-F (K=20/20),3,periodavg_0870-0872,31.253333,-18.2351,3.7784,97.8531,79.1852,18.6679
PEMAFC-PCA-F (K=20/20),3,periodavg_0870-0872,31.306667,-17.9159,4.1643,96.2787,79.1852,17.0934
PEMAFC-PCA-F (K=20/20),3,periodavg_0870-0872,31.360000,-18.3420,4.6279,91.5464,79.1852,12.3612
PEMAFC-PCA-F (K=20/20),3,periodavg_0870-0872,31.400000,-17.0311,6.2682,86.0295,79.1852,6.8442
PEMAFC-PCA-F (K=20/20),3,periodavg_0870-0872,31.453333,-16.1391,4.1794,86.8769,79.1852,7.6917
PEMAFC-PCA-F (K=20/20),3,periodavg_0870-0872,31.506667,-17.8651,4.0897,93.5331,79.1852,14.3479
PEMAFC-PCA-F (K=20/20),3,periodavg_0870-0872,31.560000,-18.7347,4.9893,98.2819,79.1852,19.0967
PEMAFC-PCA-F (K=20/20),3,periodavg_0870-0872,31.600000,-19.0780,4.8365,100.7684,79.1852,21.5832
PEMAFC-PCA-F (K=20/20),3,periodavg_0870-0872,31.653333,-16.3309,5.3365,84.5412,79.1852,5.3560
PEMAFC-PCA-F (K=20/20),3,periodavg_0870-0872,31.706667,-17.9791,6.3147,88.7088,79.1852,9.5236
PEMAFC-PCA-F (K=20/20),3,periodavg_0870-0872,31.760000,-18.7145,4.2446,97.3873,79.1852,18.2021
PEMAFC-PCA-F (K=20/20),3,periodavg_0870-0872,31.800000,-17.9486,6.4917,96.6727,79.1852,17.4875
PEMAFC-PCA-F (K=20/20),3,periodavg_0870-0872,31.853333,-17.9493,4.5387,93.1413,79.1852,13.9560
PEMAFC-PCA-F (K=20/20),3,periodavg_0870-0872,31.906667,-15.7788,4.1136,87.7868,79.1852,8.6016
PEMAFC-PCA-F (K=20/20),3,periodavg_0870-0872,31.960000,-17.8239,4.3435,94.0915,79.1852,14.9063
PEMAFC-PCA-F (K=20/20),3,periodavg_0870-0872,32.000000,-17.6827,4.4588,97.6736,79.1852,18.4884
PEMAFC-PCA-F (K=20/20),3,periodavg_0870-0872,32.053333,-16.9368,3.8710,97.6611,79.1852,18.4759
PEMAFC-PCA-F (K=20/20),3,periodavg_0870-0872,32.106667,-17.5046,4.8587,97.8187,79.1852,18.6335
PEMAFC-PCA-F (K=20/20),3,periodavg_0870-0872,32.160000,-17.0567,4.9957,89.1830,79.1852,9.9978
PEMAFC-PCA-F (K=20/20),3,periodavg_0870-0872,32.200000,-16.4754,4.0303,95.2976,79.1852,16.1124
PEMAFC-PCA-F (K=20/20),3,periodavg_0870-0872,32.253333,-17.5009,4.2224,94.6858,79.1852,15.5006
PEMAFC-PCA-F (K=20/20),3,periodavg_0870-0872,32.306667,-16.8204,5.2435,96.9409,79.1852,17.7557
PEMAFC-PCA-F (K=20/20),3,periodavg_0870-0872,32.360000,-14.9789,5.8468,84.1569,79.1852,4.9716
PEMAFC-PCA-F (K=20/20),3,periodavg_0870-0872,32.400000,-18.0884,3.0281,97.5256,79.1852,18.3404
PEMAFC-PCA-F (K=20/20),3,periodavg_0870-0872,32.453333,-16.4966,5.8668,87.5927,79.1852,8.4074
PEMAFC-PCA-F (K=20/20),3,periodavg_0870-0872,32.506667,-17.9641,4.3921,97.3448,79.1852,18.1595
PEMAFC-PCA-F (K=20/20),3,periodavg_0870-0872,32.560000,-18.0854,3.3868,99.3177,79.1852,20.1325
PEMAFC-PCA-F (K=20/20),3,periodavg_0870-0872,32.600000,-17.4376,5.3361,96.9577,79.1852,17.7725
PEMAFC-PCA-F (K=20/20),3,periodavg_0870-0872,32.653333,-17.6132,4.4475,95.6032,79.1852,16.4180
PEMAFC-PCA-F (K=20/20),3,periodavg_0870-0872,32.706667,-18.1437,5.3513,98.0682,79.1852,18.8829
PEMAFC-PCA-F (K=20/20),3,periodavg_0870-0872,32.760000,-17.2138,4.4826,95.2318,79.1852,16.0465
PEMAFC-PCA-F (K=20/20),3,periodavg_0870-0872,32.800000,-17.9772,4.1544,98.3997,79.1852,19.2144
PEMAFC-PCA-F (K=20/20),3,periodavg_0870-0872,32.853333,-15.3664,5.4008,94.1985,79.1852,15.0133
PEMAFC-PCA-F (K=20/20),3,periodavg_0870-0872,32.906667,-16.9948,3.9120,97.5254,79.1852,18.3402
PEMAFC-PCA-F (K=20/20),3,periodavg_0870-0872,32.960000,-17.5283,4.3503,96.1983,79.1852,17.0131
PEMAFC-PCA-F (K=20/20),3,periodavg_0870-0872,33.000000,-17.7914,3.7080,94.7466,79.1852,15.5614
PEMAFC-PCA-F (K=20/20),3,periodavg_0870-0872,33.053333,-18.0712,6.0993,96.6725,79.1852,17.4873
PEMAFC-PCA-F (K=20/20),3,periodavg_0870-0872,33.106667,-17.0917,5.7573,86.5807,79.1852,7.3954
PEMAFC-PCA-F (K=20/20),3,periodavg_0870-0872,33.160000,-16.9943,5.0999,87.1031,79.1852,7.9179
PEMAFC-PCA-F (K=20/20),3,periodavg_0870-0872,33.200000,-16.5557,5.2047,90.5310,79.1852,11.3458
PEMAFC-PCA-F (K=20/20),3,periodavg_0870-0872,33.253333,-18.3060,4.3679,94.3489,79.1852,15.1637
PEMAFC-PCA-F (K=20/20),3,periodavg_0870-0872,33.306667,-18.1044,5.0865,91.5640,79.1852,12.3788
PEMAFC-PCA-F (K=20/20),3,periodavg_0870-0872,33.360000,-18.1510,5.4556,90.0922,79.1852,10.9070
PEMAFC-PCA-F (K=20/20),3,periodavg_0870-0872,33.400000,-17.3633,4.6079,100.0595,79.1852,20.8742
PEMAFC-PCA-F (K=20/20),3,periodavg_0870-0872,33.453333,-18.3427,4.0463,94.9855,79.1852,15.8003
PEMAFC-PCA-F (K=20/20),3,periodavg_0870-0872,33.506667,-17.2685,6.2043,89.2106,79.1852,10.0254
PEMAFC-PCA-F (K=20/20),3,periodavg_0870-0872,33.560000,-17.9241,5.7840,88.0655,79.1852,8.8802
PEMAFC-PCA-F (K=20/20),3,periodavg_0870-0872,33.600000,-15.8478,4.3423,88.5555,79.1852,9.3703
PEMAFC-PCA-F (K=20/20),3,periodavg_0870-0872,33.653333,-18.2495,3.5132,98.4598,79.1852,19.2746
PEMAFC-PCA-F (K=20/20),3,periodavg_0870-0872,33.706667,-15.8097,5.8114,84.7541,79.1852,5.5689
PEMAFC-PCA-F (K=20/20),3,periodavg_0870-0872,33.760000,-17.1215,4.5159,87.5816,79.1852,8.3964
PEMAFC-PCA-F (K=20/20),3,periodavg_0870-0872,33.800000,-18.3012,4.2259,94.8372,79.1852,15.6519
PEMAFC-PCA-F (K=20/20),3,periodavg_0870-0872,33.853333,-15.8766,4.7181,86.1093,79.1852,6.9241
PEMAFC-PCA-F (K=20/20),3,periodavg_0870-0872,33.906667,-18.1748,4.0676,94.3475,79.1852,15.1622
PEMAFC-PCA-F (K=20/20),3,periodavg_0870-0872,33.960000,-17.6262,3.6415,93.5901,79.1852,14.4048
PEMAFC-PCA-F (K=20/20),3,periodavg_0870-0872,34.000000,-18.7770,5.6854,94.3157,79.1852,15.1305
PEMAFC-PCA-F (K=20/20),3,periodavg_0870-0872,34.053333,-17.7233,3.9907,89.2050,79.1852,10.0198
PEMAFC-PCA-F (K=20/20),3,periodavg_0870-0872,34.106667,-17.5240,4.2560,91.5234,79.1852,12.3382
PEMAFC-PCA-F (K=20/20),3,periodavg_0870-0872,34.160000,-19.0195,4.8823,99.7044,79.1852,20.5192
PEMAFC-PCA-F (K=20/20),3,periodavg_0870-0872,34.200000,-17.5678,4.8482,96.1129,79.1852,16.9276
PEMAFC-PCA-F (K=20/20),3,periodavg_0870-0872,34.253333,-17.9190,4.7974,97.2546,79.1852,18.0694
PEMAFC-PCA-F (K=20/20),3,periodavg_0870-0872,34.306667,-18.1795,4.0952,96.1588,79.1852,16.9736
PEMAFC-PCA-F (K=20/20),3,periodavg_0870-0872,34.360000,-18.5255,5.0314,96.9432,79.1852,17.7579
PEMAFC-PCA-F (K=20/20),3,periodavg_0870-0872,34.400000,-17.0113,3.4375,93.2811,79.1852,14.0958
PEMAFC-PCA-F (K=20/20),3,periodavg_0870-0872,34.453333,-17.3413,5.2285,96.3249,79.1852,17.1397
PEMAFC-PCA-F (K=20/20),3,periodavg_0870-0872,34.506667,-17.7524,3.8991,89.7121,79.1852,10.5268
PEMAFC-PCA-F (K=20/20),3,periodavg_0870-0872,34.560000,-15.7620,5.2470,94.9036,79.1852,15.7184
PEMAFC-PCA-F (K=20/20),3,periodavg_0870-0872,34.600000,-18.5965,4.4659,91.6148,79.1852,12.4296
PEMAFC-PCA-F (K=20/20),3,periodavg_0870-0872,34.653333,-18.3391,5.4935,94.0950,79.1852,14.9098
PEMAFC-PCA-F (K=20/20),3,periodavg_0870-0872,34.706667,-18.5586,5.1914,101.9653,79.1852,22.7801
PEMAFC-PCA-F (K=20/20),3,periodavg_0870-0872,34.760000,-17.6262,5.1838,91.1459,79.1852,11.9607
PEMAFC-PCA-F (K=20/20),3,periodavg_0870-0872,34.800000,-17.0116,5.7692,85.8739,79.1852,6.6887
PEMAFC-PCA-F (K=20/20),3,periodavg_0870-0872,34.853333,-19.0548,5.2751,94.8832,79.1852,15.6980
PEMAFC-PCA-F (K=20/20),3,periodavg_0870-0872,34.906667,-18.8335,4.1987,95.9933,79.1852,16.8081
PEMAFC-PCA-F (K=20/20),3,periodavg_0870-0872,34.960000,-17.3062,4.8408,92.3753,79.1852,13.1901
PEMAFC-PCA-F (K=20/20),3,periodavg_0870-0872,35.000000,-17.9684,4.6282,90.0029,79.1852,10.8177
PEMAFC-PCA-F (K=20/20),3,periodavg_0870-0872,35.053333,-17.8335,4.5679,89.5609,79.1852,10.3757
PEMAFC-PCA-F (K=20/20),3,periodavg_0870-0872,35.106667,-18.2362,3.8539,93.8843,79.1852,14.6991
PEMAFC-PCA-F (K=20/20),3,periodavg_0870-0872,35.160000,-18.5347,4.5804,97.6559,79.1852,18.4707
PEMAFC-PCA-F (K=20/20),3,periodavg_0870-0872,35.200000,-17.9266,3.4592,97.3395,79.1852,18.1542
PEMAFC-PCA-F (K=20/20),3,periodavg_0870-0872,35.253333,-19.2780,4.1840,98.1241,79.1852,18.9389
PEMAFC-PCA-F (K=20/20),3,periodavg_0870-0872,35.306667,-18.1765,4.7088,97.4071,79.1852,18.2219
PEMAFC-PCA-F (K=20/20),3,periodavg_0870-0872,35.360000,-17.4354,6.0998,88.1386,79.1852,8.9533
PEMAFC-PCA-F (K=20/20),3,periodavg_0870-0872,35.400000,-17.9097,4.0137,90.0600,79.1852,10.8748
PEMAFC-PCA-F (K=20/20),3,periodavg_0870-0872,35.453333,-17.4927,5.2199,88.2028,79.1852,9.0176
PEMAFC-PCA-F (K=20/20),3,periodavg_0870-0872,35.506667,-18.9914,4.9810,94.1628,79.1852,14.9775
PEMAFC-PCA-F (K=20/20),3,periodavg_0870-0872,35.560000,-18.3705,3.9160,91.6565,79.1852,12.4713
PEMAFC-PCA-F (K=20/20),3,periodavg_0870-0872,35.600000,-18.1147,3.1430,91.9855,79.1852,12.8003
PEMAFC-PCA-F (K=20/20),3,periodavg_0870-0872,35.653333,-14.7001,6.0714,85.0629,79.1852,5.8777
PEMAFC-PCA-F (K=20/20),3,periodavg_0870-0872,35.706667,-17.8593,3.2203,94.2127,79.1852,15.0275
PEMAFC-PCA-F (K=20/20),3,periodavg_0870-0872,35.760000,-17.3138,4.8124,95.5943,79.1852,16.4090
PEMAFC-PCA-F (K=20/20),3,periodavg_0870-0872,35.800000,-18.2475,4.2272,98.5105,79.1852,19.3253
PEMAFC-PCA-F (K=20/20),3,periodavg_0870-0872,35.853333,-14.9928,4.0795,90.5358,79.1852,11.3506
PEMAFC-PCA-F (K=20/20),3,periodavg_0870-0872,35.906667,-17.5640,3.5314,93.9530,79.1852,14.7677
PEMAFC-PCA-F (K=20/20),3,periodavg_0870-0872,35.960000,-17.1625,5.1717,92.1880,79.1852,13.0028
PEMAFC-PCA-F (K=20/20),3,periodavg_0870-0872,36.000000,-17.6160,4.8985,93.8516,79.1852,14.6663
PEMAFC-PCA-F (K=20/20),3,periodavg_0870-0872,36.053333,-18.7872,4.4109,97.0083,79.1852,17.8230
PEMAFC-PCA-F (K=20/20),3,periodavg_0870-0872,36.106667,-17.2344,4.5755,97.3920,79.1852,18.2068
PEMAFC-PCA-F (K=20/20),3,periodavg_0870-0872,36.160000,-17.1985,4.7063,90.0203,79.1852,10.8351
PEMAFC-PCA-F (K=20/20),3,periodavg_0870-0872,36.200000,-17.0995,5.5197,88.6426,79.1852,9.4574
PEMAFC-PCA-F (K=20/20),3,periodavg_0870-0872,36.253333,-17.8981,4.2304,98.9806,79.1852,19.7954
PEMAFC-PCA-F (K=20/20),3,periodavg_0870-0872,36.306667,-17.9331,4.9024,93.0812,79.1852,13.8960
PEMAFC-PCA-F (K=20/20),3,periodavg_0870-0872,36.360000,-18.7702,4.7815,97.1724,79.1852,17.9872
PEMAFC-PCA-F (K=20/20),3,periodavg_0870-0872,36.400000,-18.0393,4.8231,97.4047,79.1852,18.2195
PEMAFC-PCA-F (K=20/20),3,periodavg_0870-0872,36.453333,-17.8019,5.7632,96.7099,79.1852,17.5246
PEMAFC-PCA-F (K=20/20),3,periodavg_0870-0872,36.506667,-16.9081,4.3931,89.0474,79.1852,9.8622
PEMAFC-PCA-F (K=20/20),3,periodavg_0870-0872,36.560000,-16.9088,4.4663,89.5412,79.1852,10.3560
PEMAFC-PCA-F (K=20/20),3,periodavg_0870-0872,36.600000,-17.4166,4.0476,99.5827,79.1852,20.3975
PEMAFC-PCA-F (K=20/20),3,periodavg_0870-0872,36.653333,-17.6729,5.2991,90.7545,79.1852,11.5692
PEMAFC-PCA-F (K=20/20),3,periodavg_0870-0872,36.706667,-16.4835,4.1432,91.9724,79.1852,12.7871
PEMAFC-PCA-F (K=20/20),3,periodavg_0870-0872,36.760000,-16.2025,4.7672,96.8156,79.1852,17.6304
PEMAFC-PCA-F (K=20/20),3,periodavg_0870-0872,36.800000,-16.4638,3.6201,98.0660,79.1852,18.8808
PEMAFC-PCA-F (K=20/20),3,periodavg_0870-0872,36.853333,-16.8092,4.5670,88.7965,79.1852,9.6112
PEMAFC-PCA-F (K=20/20),3,periodavg_0870-0872,36.906667,-17.8554,3.8393,94.6314,79.1852,15.4462
PEMAFC-PCA-F (K=20/20),3,periodavg_0870-0872,36.960000,-15.9639,5.6034,85.0291,79.1852,5.8439
PEMAFC-PCA-F (K=20/20),3,periodavg_0870-0872,37.000000,-17.9897,4.7429,94.0481,79.1852,14.8629
PEMAFC-PCA-F (K=20/20),3,periodavg_0870-0872,37.053333,-17.8020,4.8366,92.8511,79.1852,13.6659
PEMAFC-PCA-F (K=20/20),3,periodavg_0870-0872,37.106667,-17.8480,5.0899,99.6479,79.1852,20.4627
PEMAFC-PCA-F (K=20/20),3,periodavg_0870-0872,37.160000,-17.8795,3.7745,92.4094,79.1852,13.2241
PEMAFC-PCA-F (K=20/20),3,periodavg_0870-0872,37.200000,-17.3223,3.8638,92.3175,79.1852,13.1322
PEMAFC-PCA-F (K=20/20),3,periodavg_0870-0872,37.253333,-18.1680,3.9501,91.5094,79.1852,12.3241
PEMAFC-PCA-F (K=20/20),3,periodavg_0870-0872,37.306667,-18.0714,5.8357,93.1041,79.1852,13.9189
PEMAFC-PCA-F (K=20/20),3,periodavg_0870-0872,37.360000,-18.2563,3.9981,96.5807,79.1852,17.3955
PEMAFC-PCA-F (K=20/20),3,periodavg_0870-0872,37.400000,-17.2644,3.9379,93.9535,79.1852,14.7682
PEMAFC-PCA-F (K=20/20),3,periodavg_0870-0872,37.453333,-18.3638,4.2486,96.3948,79.1852,17.2096
PEMAFC-PCA-F (K=20/20),3,periodavg_0870-0872,37.506667,-17.2308,3.4638,98.9443,79.1852,19.7591
PEMAFC-PCA-F (K=20/20),3,periodavg_0870-0872,37.560000,-16.9457,5.7947,94.1761,79.1852,14.9909
PEMAFC-PCA-F (K=20/20),3,periodavg_0870-0872,37.600000,-17.1072,3.2345,91.3218,79.1852,12.1366
PEMAFC-PCA-F (K=20/20),3,periodavg_0870-0872,37.653333,-16.5178,4.8213,87.1940,79.1852,8.0088
PEMAFC-PCA-F (K=20/20),3,periodavg_0870-0872,37.706667,-17.5239,4.4533,93.5575,79.1852,14.3723
PEMAFC-PCA-F (K=20/20),3,periodavg_0870-0872,37.760000,-15.1290,5.9345,82.5509,79.1852,3.3657
PEMAFC-PCA-F (K=20/20),3,periodavg_0870-0872,37.800000,-17.8157,5.1644,90.6615,79.1852,11.4763
PEMAFC-PCA-F (K=20/20),3,periodavg_0870-0872,37.853333,-16.0792,5.1733,85.1244,79.1852,5.9391
PEMAFC-PCA-F (K=20/20),3,periodavg_0870-0872,37.906667,-17.8726,3.8473,99.7001,79.1852,20.5149
PEMAFC-PCA-F (K=20/20),3,periodavg_0870-0872,37.960000,-18.0909,4.5738,92.0211,79.1852,12.8358
PEMAFC-PCA-F (K=20/20),3,periodavg_0870-0872,38.000000,-17.5573,5.1667,93.7599,79.1852,14.5746
PEMAFC-PCA-F (K=20/20),3,periodavg_0870-0872,38.053333,-18.3011,5.3133,93.3680,79.1852,14.1828
PEMAFC-PCA-F (K=20/20),3,periodavg_0870-0872,38.106667,-18.5290,4.5242,97.8843,79.1852,18.6991
PEMAFC-PCA-F (K=20/20),3,periodavg_0870-0872,38.160000,-18.3931,4.1669,93.8366,79.1852,14.6514
PEMAFC-PCA-F (K=20/20),3,periodavg_0870-0872,38.200000,-16.2599,4.5734,97.4811,79.1852,18.2959
PEMAFC-PCA-F (K=20/20),3,periodavg_0870-0872,38.253333,-17.6063,5.0968,91.9230,79.1852,12.7378
PEMAFC-PCA-F (K=20/20),3,periodavg_0870-0872,38.306667,-16.0439,6.1140,87.0105,79.1852,7.8253
PEMAFC-PCA-F (K=20/20),3,periodavg_0870-0872,38.360000,-18.4859,3.7985,98.1518,79.1852,18.9665
PEMAFC-PCA-F (K=20/20),3,periodavg_0870-0872,38.400000,-17.8744,5.2933,90.1724,79.1852,10.9872
PEMAFC-PCA-F (K=20/20),3,periodavg_0870-0872,38.453333,-18.5503,4.3413,96.2581,79.1852,17.0729
PEMAFC-PCA-F (K=20/20),3,periodavg_0870-0872,38.506667,-16.8253,4.0243,93.0527,79.1852,13.8674
PEMAFC-PCA-F (K=20/20),3,periodavg_0870-0872,38.560000,-16.7314,3.5349,91.4568,79.1852,12.2715
PEMAFC-PCA-F (K=20/20),3,periodavg_0870-0872,38.600000,-18.1305,4.1308,93.6844,79.1852,14.4992
PEMAFC-PCA-F (K=20/20),3,periodavg_0870-0872,38.653333,-17.9450,5.0275,91.7501,79.1852,12.5649
PEMAFC-PCA-F (K=20/20),3,periodavg_0870-0872,38.706667,-16.2803,4.8690,85.7537,79.1852,6.5685
PEMAFC-PCA-F (K=20/20),3,periodavg_0870-0872,38.760000,-14.8099,4.9257,82.5736,79.1852,3.3884
PEMAFC-PCA-F (K=20/20),3,periodavg_0870-0872,38.800000,-18.0591,3.8907,94.4685,79.1852,15.2833
PEMAFC-PCA-F (K=20/20),3,periodavg_0870-0872,38.853333,-16.1141,4.0617,98.6301,79.1852,19.4448
PEMAFC-PCA-F (K=20/20),3,periodavg_0870-0872,38.906667,-15.8533,5.4544,91.9843,79.1852,12.7990
PEMAFC-PCA-F (K=20/20),3,periodavg_0870-0872,38.960000,-17.6235,4.3300,95.6717,79.1852,16.4865
PEMAFC-PCA-F (K=20/20),3,periodavg_0870-0872,39.000000,-18.0158,5.1763,99.2702,79.1852,20.0850
PEMAFC-PCA-F (K=20/20),3,periodavg_0870-0872,39.053333,-16.4876,4.8702,89.9412,79.1852,10.7559
PEMAFC-PCA-F (K=20/20),3,periodavg_0870-0872,39.106667,-16.0610,4.6635,91.1110,79.1852,11.9258
PEMAFC-PCA-F (K=20/20),3,periodavg_0870-0872,39.160000,-17.0964,3.3257,96.6625,79.1852,17.4773
PEMAFC-PCA-F (K=20/20),3,periodavg_0870-0872,39.200000,-15.3252,5.0419,88.4328,79.1852,9.2476
PEMAFC-PCA-F (K=20/20),3,periodavg_0870-0872,39.253333,-17.8136,4.1482,91.6506,79.1852,12.4654
PEMAFC-PCA-F (K=20/20),3,periodavg_0870-0872,39.306667,-17.1653,4.6704,85.6607,79.1852,6.4754
PEMAFC-PCA-F (K=20/20),3,periodavg_0870-0872,39.360000,-18.2480,4.5486,93.4868,79.1852,14.3016
PEMAFC-PCA-F (K=20/20),3,periodavg_0870-0872,39.400000,-17.0955,3.7782,95.3432,79.1852,16.1579
PEMAFC-PCA-F (K=20/20),3,periodavg_0870-0872,39.453333,-17.9223,4.5390,94.8513,79.1852,15.6661
PEMAFC-PCA-F (K=20/20),3,periodavg_0870-0872,39.506667,-17.8682,4.7884,97.1792,79.1852,17.9940
PEMAFC-PCA-F (K=20/20),3,periodavg_0870-0872,39.560000,-16.5582,5.7365,86.4993,79.1852,7.3141
PEMAFC-PCA-F (K=20/20),3,periodavg_0870-0872,39.600000,-17.1548,4.7906,89.6066,79.1852,10.4213
PEMAFC-PCA-F (K=20/20),3,periodavg_0870-0872,39.653333,-17.3085,3.9934,90.2363,79.1852,11.0511
PEMAFC-PCA-F (K=20/20),3,periodavg_0870-0872,39.706667,-17.3197,4.0634,90.2109,79.1852,11.0257
PEMAFC-PCA-F (K=20/20),3,periodavg_0870-0872,39.760000,-17.7462,4.4231,90.9895,79.1852,11.8043
PEMAFC-PCA-F (K=20/20),3,periodavg_0870-0872,39.800000,-18.4622,4.5116,97.1091,79.1852,17.9239
PEMAFC-PCA-F (K=20/20),3,periodavg_0870-0872,39.853333,-18.0369,5.3487,95.5476,79.1852,16.3624
PEMAFC-PCA-F (K=20/20),3,periodavg_0870-0872,39.906667,-17.5865,4.1863,93.5385,79.1852,14.3533
PEMAFC-PCA-F (K=20/20),3,periodavg_0870-0872,39.960000,-16.2434,4.4620,89.9514,79.1852,10.7662
PEMAFC-PCA-F (K=20/20),3,periodavg_0870-0872,40.000000,-18.2663,3.6963,95.9673,79.1852,16.7821
NLMS,0,periodavg_1056-1058,0.013333,-0.1284,0.8313,84.9717,84.0444,0.9273
NLMS,0,periodavg_1056-1058,0.053333,-0.4511,2.0472,84.9944,84.0444,0.9499
NLMS,0,periodavg_1056-1058,0.106667,-0.5658,2.4893,85.0343,84.0444,0.9899
NLMS,0,periodavg_1056-1058,0.160000,-0.6310,2.5415,85.0856,84.0444,1.0412
NLMS,0,periodavg_1056-1058,0.200000,-0.7522,3.0284,85.1008,84.0444,1.0564
NLMS,0,periodavg_1056-1058,0.253333,-0.8340,1.4853,85.1489,84.0444,1.1045
NLMS,0,periodavg_1056-1058,0.306667,-1.0471,1.4089,85.1549,84.0444,1.1105
NLMS,0,periodavg_1056-1058,0.360000,-1.1514,2.4478,85.1881,84.0444,1.1437
NLMS,0,periodavg_1056-1058,0.400000,-1.2264,1.8100,85.2235,84.0444,1.1791
NLMS,0,periodavg_1056-1058,0.453333,-1.2986,1.5032,85.2399,84.0444,1.1955
NLMS,0,periodavg_1056-1058,0.506667,-1.3725,2.4086,85.2347,84.0444,1.1903
NLMS,0,periodavg_1056-1058,0.560000,-1.4780,2.6230,85.3110,84.0444,1.2666
NLMS,0,periodavg_1056-1058,0.600000,-1.5720,2.4549,85.3570,84.0444,1.3125
NLMS,0,periodavg_1056-1058,0.653333,-1.6430,2.2373,85.3746,84.0444,1.3302
NLMS,0,periodavg_1056-1058,0.706667,-1.7348,2.5989,85.4474,84.0444,1.4030
NLMS,0,periodavg_1056-1058,0.760000,-1.7268,2.8060,85.4772,84.0444,1.4328
NLMS,0,periodavg_1056-1058,0.800000,-1.7726,2.4446,85.4862,84.0444,1.4418
NLMS,0,periodavg_1056-1058,0.853333,-1.8355,1.3809,85.4881,84.0444,1.4437
NLMS,0,periodavg_1056-1058,0.906667,-1.8952,2.2143,85.5381,84.0444,1.4937
NLMS,0,periodavg_1056-1058,0.960000,-1.8727,3.6295,85.5376,84.0444,1.4932
NLMS,0,periodavg_1056-1058,1.000000,-1.8841,2.0334,85.5936,84.0444,1.5492
NLMS,0,periodavg_1056-1058,1.053333,-1.9656,2.2403,85.6014,84.0444,1.5570
NLMS,0,periodavg_1056-1058,1.106667,-1.9540,1.8649,85.6060,84.0444,1.5616
NLMS,0,periodavg_1056-1058,1.160000,-2.0910,2.0786,85.6907,84.0444,1.6462
NLMS,0,periodavg_1056-1058,1.200000,-2.1212,1.5329,85.6869,84.0444,1.6425
NLMS,0,periodavg_1056-1058,1.253333,-2.2100,2.5555,85.7389,84.0444,1.6945
NLMS,0,periodavg_1056-1058,1.306667,-2.1235,0.6404,85.7228,84.0444,1.6784
NLMS,0,periodavg_1056-1058,1.360000,-2.1610,2.6019,85.7210,84.0444,1.6766
NLMS,0,periodavg_1056-1058,1.400000,-2.2958,2.9799,85.7336,84.0444,1.6892
NLMS,0,periodavg_1056-1058,1.453333,-2.3483,2.3937,85.7752,84.0444,1.7308
NLMS,0,periodavg_1056-1058,1.506667,-2.3724,2.0868,85.7882,84.0444,1.7438
NLMS,0,periodavg_1056-1058,1.560000,-2.3299,3.1085,85.8740,84.0444,1.8295
NLMS,0,periodavg_1056-1058,1.600000,-2.4179,2.5223,85.8834,84.0444,1.8390
NLMS,0,periodavg_1056-1058,1.653333,-2.4391,1.6847,85.8608,84.0444,1.8164
NLMS,0,periodavg_1056-1058,1.706667,-2.5521,1.7294,85.8897,84.0444,1.8453
NLMS,0,periodavg_1056-1058,1.760000,-2.5616,2.0780,85.9030,84.0444,1.8586
NLMS,0,periodavg_1056-1058,1.800000,-2.6040,1.5578,85.9050,84.0444,1.8605
NLMS,0,periodavg_1056-1058,1.853333,-2.6033,3.2337,85.9695,84.0444,1.9251
NLMS,0,periodavg_1056-1058,1.906667,-2.6620,2.0741,85.9987,84.0444,1.9543
NLMS,0,periodavg_1056-1058,1.960000,-2.6572,3.3702,86.0133,84.0444,1.9689
NLMS,0,periodavg_1056-1058,2.000000,-2.7306,2.0954,86.0732,84.0444,2.0287
NLMS,0,periodavg_1056-1058,2.053333,-2.7948,2.6484,86.0922,84.0444,2.0478
NLMS,0,periodavg_1056-1058,2.106667,-2.7712,2.5131,86.0898,84.0444,2.0454
NLMS,0,periodavg_1056-1058,2.160000,-2.7446,2.1286,86.1168,84.0444,2.0724
NLMS,0,periodavg_1056-1058,2.200000,-2.7133,4.1198,86.1115,84.0444,2.0671
NLMS,0,periodavg_1056-1058,2.253333,-2.7877,2.2009,86.1122,84.0444,2.0678
NLMS,0,periodavg_1056-1058,2.306667,-2.8921,2.5340,86.1076,84.0444,2.0632
NLMS,0,periodavg_1056-1058,2.360000,-2.8798,3.5014,86.1621,84.0444,2.1177
NLMS,0,periodavg_1056-1058,2.400000,-2.8347,3.1384,86.2233,84.0444,2.1789
NLMS,0,periodavg_1056-1058,2.453333,-3.0385,0.5911,86.2474,84.0444,2.2029
NLMS,0,periodavg_1056-1058,2.506667,-2.9684,1.7576,86.2038,84.0444,2.1594
NLMS,0,periodavg_1056-1058,2.560000,-2.9400,1.0532,86.2383,84.0444,2.1939
NLMS,0,periodavg_1056-1058,2.600000,-3.0385,2.0290,86.1983,84.0444,2.1539
NLMS,0,periodavg_1056-1058,2.653333,-3.1110,2.3183,86.2636,84.0444,2.2192
NLMS,0,periodavg_1056-1058,2.706667,-3.2085,1.8090,86.3384,84.0444,2.2940
NLMS,0,periodavg_1056-1058,2.760000,-3.2343,1.8745,86.3947,84.0444,2.3503
NLMS,0,periodavg_1056-1058,2.800000,-3.2194,3.4234,86.4018,84.0444,2.3574
NLMS,0,periodavg_1056-1058,2.853333,-3.1801,3.3860,86.4084,84.0444,2.3640
NLMS,0,periodavg_1056-1058,2.906667,-3.2340,3.3663,86.4323,84.0444,2.3879
NLMS,0,periodavg_1056-1058,2.960000,-3.3849,1.3430,86.5154,84.0444,2.4710
NLMS,0,periodavg_1056-1058,3.000000,-3.3804,2.3981,86.5346,84.0444,2.4902
NLMS,0,periodavg_1056-1058,3.053333,-3.3839,2.7770,86.5570,84.0444,2.5126
NLMS,0,periodavg_1056-1058,3.106667,-3.4202,2.5594,86.5698,84.0444,2.5254
NLMS,0,periodavg_1056-1058,3.160000,-3.5000,1.5448,86.5919,84.0444,2.5475
NLMS,0,periodavg_1056-1058,3.200000,-3.5013,2.8285,86.6255,84.0444,2.5811
NLMS,0,periodavg_1056-1058,3.253333,-3.5688,2.2365,86.6345,84.0444,2.5901
NLMS,0,periodavg_1056-1058,3.306667,-3.5795,2.4347,86.6442,84.0444,2.5998
NLMS,0,periodavg_1056-1058,3.360000,-3.4911,2.3563,86.5875,84.0444,2.5431
NLMS,0,periodavg_1056-1058,3.400000,-3.5875,2.1358,86.6429,84.0444,2.5985
NLMS,0,periodavg_1056-1058,3.453333,-3.6682,1.7610,86.6554,84.0444,2.6110
NLMS,0,periodavg_1056-1058,3.506667,-3.5953,2.9519,86.6684,84.0444,2.6240
NLMS,0,periodavg_1056-1058,3.560000,-3.6209,3.4059,86.6400,84.0444,2.5956
NLMS,0,periodavg_1056-1058,3.600000,-3.7308,1.2570,86.6444,84.0444,2.6000
NLMS,0,periodavg_1056-1058,3.653333,-3.7102,2.5991,86.6631,84.0444,2.6187
NLMS,0,periodavg_1056-1058,3.706667,-3.7798,2.1751,86.7292,84.0444,2.6848
NLMS,0,periodavg_1056-1058,3.760000,-3.8374,1.9031,86.7592,84.0444,2.7148
NLMS,0,periodavg_1056-1058,3.800000,-3.7530,2.6320,86.7082,84.0444,2.6638
NLMS,0,periodavg_1056-1058,3.853333,-3.8704,2.5079,86.7358,84.0444,2.6914
NLMS,0,periodavg_1056-1058,3.906667,-3.8391,1.6356,86.7945,84.0444,2.7501
NLMS,0,periodavg_1056-1058,3.960000,-3.7438,1.9586,86.7679,84.0444,2.7235
NLMS,0,periodavg_1056-1058,4.000000,-3.8357,1.5020,86.7770,84.0444,2.7326
NLMS,0,periodavg_1056-1058,4.053333,-3.9880,1.6084,86.8075,84.0444,2.7631
NLMS,0,periodavg_1056-1058,4.106667,-3.9692,2.0160,86.8125,84.0444,2.7681
NLMS,0,periodavg_1056-1058,4.160000,-4.0321,2.3307,86.8825,84.0444,2.8381
NLMS,0,periodavg_1056-1058,4.200000,-4.0346,2.1755,86.9493,84.0444,2.9049
NLMS,0,periodavg_1056-1058,4.253333,-4.0511,2.4100,86.9873,84.0444,2.9429
NLMS,0,periodavg_1056-1058,4.306667,-3.9109,2.5058,87.0213,84.0444,2.9769
NLMS,0,periodavg_1056-1058,4.360000,-4.0929,2.3730,87.0374,84.0444,2.9930
NLMS,0,periodavg_1056-1058,4.400000,-4.0988,2.7137,86.9973,84.0444,2.9529
NLMS,0,periodavg_1056-1058,4.453333,-4.1819,2.8922,86.9967,84.0444,2.9523
NLMS,0,periodavg_1056-1058,4.506667,-4.2083,2.4222,87.0743,84.0444,3.0299
NLMS,0,periodavg_1056-1058,4.560000,-4.1010,2.9706,87.1115,84.0444,3.0671
NLMS,0,periodavg_1056-1058,4.600000,-4.2726,1.6352,87.1174,84.0444,3.0730
NLMS,0,periodavg_1056-1058,4.653333,-4.1672,3.7670,87.1224,84.0444,3.0780
NLMS,0,periodavg_1056-1058,4.706667,-4.1835,2.9683,87.1872,84.0444,3.1428
NLMS,0,periodavg_1056-1058,4.760000,-4.3232,2.8018,87.2249,84.0444,3.1805
NLMS,0,periodavg_1056-1058,4.800000,-4.1109,3.4782,86.9564,84.0444,2.9120
NLMS,0,periodavg_1056-1058,4.853333,-4.0672,3.2601,86.3266,84.0444,2.2822
NLMS,0,periodavg_1056-1058,4.906667,-4.4295,1.7040,87.2720,84.0444,3.2276
NLMS,0,periodavg_1056-1058,4.960000,-4.4567,1.8879,87.3241,84.0444,3.2797
NLMS,0,periodavg_1056-1058,5.000000,-4.4892,2.4073,87.3424,84.0444,3.2980
NLMS,0,periodavg_1056-1058,5.053333,-4.5217,2.0196,87.3906,84.0444,3.3462
NLMS,0,periodavg_1056-1058,5.106667,-4.5243,2.5553,87.4103,84.0444,3.3659
NLMS,0,periodavg_1056-1058,5.160000,-4.5386,1.3090,87.3933,84.0444,3.3489
NLMS,0,periodavg_1056-1058,5.200000,-4.5689,2.1788,87.4337,84.0444,3.3893
NLMS,0,periodavg_1056-1058,5.253333,-4.5977,3.4904,87.4749,84.0444,3.4305
NLMS,0,periodavg_1056-1058,5.306667,-4.6052,1.6462,87.4660,84.0444,3.4216
NLMS,0,periodavg_1056-1058,5.360000,-4.7216,2.5930,87.4561,84.0444,3.4117
NLMS,0,periodavg_1056-1058,5.400000,-4.7238,1.8321,87.5157,84.0444,3.4713
NLMS,0,periodavg_1056-1058,5.453333,-4.6950,1.3971,87.5364,84.0444,3.4920
NLMS,0,periodavg_1056-1058,5.506667,-4.7963,2.8664,87.5499,84.0444,3.5055
NLMS,0,periodavg_1056-1058,5.560000,-4.8083,2.0172,87.5274,84.0444,3.4830
NLMS,0,periodavg_1056-1058,5.600000,-4.7223,3.1727,87.6441,84.0444,3.5997
NLMS,0,periodavg_1056-1058,5.653333,-4.8292,2.6734,87.6399,84.0444,3.5955
NLMS,0,periodavg_1056-1058,5.706667,-4.8764,2.8915,87.5731,84.0444,3.5287
NLMS,0,periodavg_1056-1058,5.760000,-4.8221,1.7745,87.5759,84.0444,3.5315
NLMS,0,periodavg_1056-1058,5.800000,-4.8523,2.1947,87.6175,84.0444,3.5731
NLMS,0,periodavg_1056-1058,5.853333,-5.0166,2.4977,87.6579,84.0444,3.6134
NLMS,0,periodavg_1056-1058,5.906667,-5.0248,1.6761,87.6334,84.0444,3.5890
NLMS,0,periodavg_1056-1058,5.960000,-5.0681,1.7418,87.6658,84.0444,3.6214
NLMS,0,periodavg_1056-1058,6.000000,-5.0705,2.6869,87.6948,84.0444,3.6504
NLMS,0,periodavg_1056-1058,6.053333,-5.0409,2.8498,87.6735,84.0444,3.6291
NLMS,0,periodavg_1056-1058,6.106667,-5.1357,1.9087,87.6713,84.0444,3.6269
NLMS,0,periodavg_1056-1058,6.160000,-5.1852,2.3115,87.7117,84.0444,3.6673
NLMS,0,periodavg_1056-1058,6.200000,-5.2108,1.6171,87.7450,84.0444,3.7006
NLMS,0,periodavg_1056-1058,6.253333,-5.2363,2.3092,87.7777,84.0444,3.7333
NLMS,0,periodavg_1056-1058,6.306667,-5.2053,2.7012,87.7773,84.0444,3.7329
NLMS,0,periodavg_1056-1058,6.360000,-5.2610,2.7087,87.7537,84.0444,3.7093
NLMS,0,periodavg_1056-1058,6.400000,-5.1911,2.3298,87.7552,84.0444,3.7108
NLMS,0,periodavg_1056-1058,6.453333,-5.3703,2.0739,87.8255,84.0444,3.7811
NLMS,0,periodavg_1056-1058,6.506667,-5.3254,2.0986,87.8223,84.0444,3.7779
NLMS,0,periodavg_1056-1058,6.560000,-5.3009,3.0892,87.8707,84.0444,3.8262
NLMS,0,periodavg_1056-1058,6.600000,-5.3904,2.2948,87.8744,84.0444,3.8299
NLMS,0,periodavg_1056-1058,6.653333,-5.4857,3.3656,87.9407,84.0444,3.8963
NLMS,0,periodavg_1056-1058,6.706667,-5.4645,2.5327,87.9973,84.0444,3.9529
NLMS,0,periodavg_1056-1058,6.760000,-5.5235,2.0523,87.9596,84.0444,3.9152
NLMS,0,periodavg_1056-1058,6.800000,-5.4588,2.3317,87.9922,84.0444,3.9478
NLMS,0,periodavg_1056-1058,6.853333,-5.4566,2.7433,88.0534,84.0444,4.0090
NLMS,0,periodavg_1056-1058,6.906667,-5.4993,2.0149,88.0309,84.0444,3.9865
NLMS,0,periodavg_1056-1058,6.960000,-5.5704,2.8205,88.1219,84.0444,4.0775
NLMS,0,periodavg_1056-1058,7.000000,-5.5568,3.4990,88.1221,84.0444,4.0777
NLMS,0,periodavg_1056-1058,7.053333,-5.5858,1.7239,88.1827,84.0444,4.1383
NLMS,0,periodavg_1056-1058,7.106667,-5.6297,2.1573,88.1822,84.0444,4.1378
NLMS,0,periodavg_1056-1058,7.160000,-5.5982,2.0520,88.2437,84.0444,4.1993
NLMS,0,periodavg_1056-1058,7.200000,-5.6539,1.5510,88.2515,84.0444,4.2071
NLMS,0,periodavg_1056-1058,7.253333,-5.6271,3.1248,88.2063,84.0444,4.1619
NLMS,0,periodavg_1056-1058,7.306667,-5.6504,1.6364,88.2113,84.0444,4.1669
NLMS,0,periodavg_1056-1058,7.360000,-5.8579,1.7565,88.2406,84.0444,4.1962
NLMS,0,periodavg_1056-1058,7.400000,-5.7897,2.5554,88.2667,84.0444,4.2222
NLMS,0,periodavg_1056-1058,7.453333,-5.8478,2.6700,88.3024,84.0444,4.2580
NLMS,0,periodavg_1056-1058,7.506667,-5.8552,2.4595,88.3162,84.0444,4.2718
NLMS,0,periodavg_1056-1058,7.560000,-5.6393,3.4527,88.2696,84.0444,4.2252
NLMS,0,periodavg_1056-1058,7.600000,-5.7783,0.8039,88.3285,84.0444,4.2841
NLMS,0,periodavg_1056-1058,7.653333,-5.8448,2.8714,88.3235,84.0444,4.2791
NLMS,0,periodavg_1056-1058,7.706667,-5.8217,2.7254,88.3269,84.0444,4.2825
NLMS,0,periodavg_1056-1058,7.760000,-5.9530,2.2718,88.3723,84.0444,4.3279
NLMS,0,periodavg_1056-1058,7.800000,-6.0315,2.8907,88.3789,84.0444,4.3345
NLMS,0,periodavg_1056-1058,7.853333,-6.0721,1.3565,88.4492,84.0444,4.4048
NLMS,0,periodavg_1056-1058,7.906667,-6.0926,2.5056,88.4590,84.0444,4.4146
NLMS,0,periodavg_1056-1058,7.960000,-6.0229,3.1541,88.4580,84.0444,4.4136
NLMS,0,periodavg_1056-1058,8.000000,-5.8771,3.4895,88.4647,84.0444,4.4203
NLMS,0,periodavg_1056-1058,8.053333,-6.2061,1.2291,88.4969,84.0444,4.4525
NLMS,0,periodavg_1056-1058,8.106667,-6.2600,2.5010,88.4998,84.0444,4.4554
NLMS,0,periodavg_1056-1058,8.160000,-6.2585,1.4218,88.5059,84.0444,4.4615
NLMS,0,periodavg_1056-1058,8.200000,-6.1914,3.2461,88.5526,84.0444,4.5082
NLMS,0,periodavg_1056-1058,8.253333,-5.8182,3.2600,88.5428,84.0444,4.4984
NLMS,0,periodavg_1056-1058,8.306667,-6.0442,3.0095,88.5662,84.0444,4.5218
NLMS,0,periodavg_1056-1058,8.360000,-6.0996,2.6070,88.5776,84.0444,4.5332
NLMS,0,periodavg_1056-1058,8.400000,-6.4012,0.6560,88.6223,84.0444,4.5779
NLMS,0,periodavg_1056-1058,8.453333,-6.3568,2.9923,88.5824,84.0444,4.5380
NLMS,0,periodavg_1056-1058,8.506667,-6.3893,1.9270,88.6778,84.0444,4.6334
NLMS,0,periodavg_1056-1058,8.560000,-6.3144,2.7202,88.6966,84.0444,4.6522
NLMS,0,periodavg_1056-1058,8.600000,-6.4652,2.7698,88.6751,84.0444,4.6307
NLMS,0,periodavg_1056-1058,8.653333,-6.4573,1.5619,88.7465,84.0444,4.7021
NLMS,0,periodavg_1056-1058,8.706667,-6.4531,3.0310,88.7654,84.0444,4.7210
NLMS,0,periodavg_1056-1058,8.760000,-6.2538,3.7769,88.7873,84.0444,4.7429
NLMS,0,periodavg_1056-1058,8.800000,-6.5487,0.8588,88.7605,84.0444,4.7161
NLMS,0,periodavg_1056-1058,8.853333,-6.5796,2.3190,88.7798,84.0444,4.7354
NLMS,0,periodavg_1056-1058,8.906667,-6.5120,2.8090,88.8365,84.0444,4.7921
NLMS,0,periodavg_1056-1058,8.960000,-6.6473,1.8718,88.7886,84.0444,4.7442
NLMS,0,periodavg_1056-1058,9.000000,-6.6660,2.2848,88.8421,84.0444,4.7977
NLMS,0,periodavg_1056-1058,9.053333,-6.6985,1.8871,88.8642,84.0444,4.8198
NLMS,0,periodavg_1056-1058,9.106667,-6.6182,2.5980,88.8617,84.0444,4.8173
NLMS,0,periodavg_1056-1058,9.160000,-6.7429,2.6866,88.8812,84.0444,4.8368
NLMS,0,periodavg_1056-1058,9.200000,-6.6768,2.4444,88.9219,84.0444,4.8775
NLMS,0,periodavg_1056-1058,9.253333,-6.7957,2.3166,88.9848,84.0444,4.9404
NLMS,0,periodavg_1056-1058,9.306667,-6.6524,2.5068,88.8733,84.0444,4.8289
NLMS,0,periodavg_1056-1058,9.360000,-6.8541,3.1323,88.9759,84.0444,4.9315
NLMS,0,periodavg_1056-1058,9.400000,-6.8539,3.4149,88.9874,84.0444,4.9430
NLMS,0,periodavg_1056-1058,9.453333,-6.7575,2.3483,89.0457,84.0444,5.0013
NLMS,0,periodavg_1056-1058,9.506667,-6.9358,1.6877,89.0026,84.0444,4.9582
NLMS,0,periodavg_1056-1058,9.560000,-6.9008,2.8306,89.0467,84.0444,5.0023
NLMS,0,periodavg_1056-1058,9.600000,-6.8043,4.1112,89.0311,84.0444,4.9867
NLMS,0,periodavg_1056-1058,9.653333,-6.7232,1.9915,89.0577,84.0444,5.0133
NLMS,0,periodavg_1056-1058,9.706667,-7.0204,2.1251,89.0605,84.0444,5.0161
NLMS,0,periodavg_1056-1058,9.760000,-7.0569,2.3467,89.0485,84.0444,5.0041
NLMS,0,periodavg_1056-1058,9.800000,-6.8507,3.3450,89.0500,84.0444,5.0056
NLMS,0,periodavg_1056-1058,9.853333,-7.0929,1.7203,89.1245,84.0444,5.0801
NLMS,0,periodavg_1056-1058,9.906667,-7.0247,2.3454,89.1181,84.0444,5.0737
NLMS,0,periodavg_1056-1058,9.960000,-7.0691,2.7545,89.1582,84.0444,5.1138
NLMS,0,periodavg_1056-1058,10.000000,-6.9936,2.5685,89.1583,84.0444,5.1139
NLMS,1,periodavg_0783-0785,10.013333,0.3562,-6.8229,86.4649,83.1503,3.3146
NLMS,1,periodavg_0783-0785,10.053333,-0.3381,1.3495,87.0612,83.1503,3.9110
NLMS,1,periodavg_0783-0785,10.106667,-0.7314,2.3200,87.4360,83.1503,4.2857
NLMS,1,periodavg_0783-0785,10.160000,-1.0968,1.1084,87.7856,83.1503,4.6353
NLMS,1,periodavg_0783-0785,10.200000,-1.2623,2.4356,88.3960,83.1503,5.2458
NLMS,1,periodavg_0783-0785,10.253333,-1.7546,2.2434,88.6248,83.1503,5.4745
NLMS,1,periodavg_0783-0785,10.306667,-1.9903,1.8923,89.0861,83.1503,5.9358
NLMS,1,periodavg_0783-0785,10.360000,-2.0824,2.2156,89.3477,83.1503,6.1975
NLMS,1,periodavg_0783-0785,10.400000,-2.4343,1.8820,89.8777,83.1503,6.7274
NLMS,1,periodavg_0783-0785,10.453333,-2.6821,0.9049,90.2742,83.1503,7.1239
NLMS,1,periodavg_0783-0785,10.506667,-2.8991,1.5108,90.5046,83.1503,7.3543
NLMS,1,periodavg_0783-0785,10.560000,-3.1041,2.4759,90.5231,83.1503,7.3728
NLMS,1,periodavg_0783-0785,10.600000,-3.1149,0.5232,90.5350,83.1503,7.3848
NLMS,1,periodavg_0783-0785,10.653333,-3.3460,2.1145,90.5645,83.1503,7.4142
NLMS,1,periodavg_0783-0785,10.706667,-3.5768,1.9387,90.5982,83.1503,7.4479
NLMS,1,periodavg_0783-0785,10.760000,-3.5650,2.4504,90.6111,83.1503,7.4608
NLMS,1,periodavg_0783-0785,10.800000,-3.5164,0.6517,90.6278,83.1503,7.4776
NLMS,1,periodavg_0783-0785,10.853333,-3.4953,0.7604,89.1028,83.1503,5.9526
NLMS,1,periodavg_0783-0785,10.906667,-3.6904,1.5818,90.6386,83.1503,7.4884
NLMS,1,periodavg_0783-0785,10.960000,-4.0559,2.0236,90.6734,83.1503,7.5231
NLMS,1,periodavg_0783-0785,11.000000,-4.0034,2.4614,90.6919,83.1503,7.5417
NLMS,1,periodavg_0783-0785,11.053333,-4.0558,1.7501,90.7226,83.1503,7.5723
NLMS,1,periodavg_0783-0785,11.106667,-3.6236,2.9159,87.3015,83.1503,4.1512
NLMS,1,periodavg_0783-0785,11.160000,-4.2238,1.7234,90.7680,83.1503,7.6178
NLMS,1,periodavg_0783-0785,11.200000,-4.2014,2.8233,90.7467,83.1503,7.5964
NLMS,1,periodavg_0783-0785,11.253333,-4.4147,0.8928,90.7847,83.1503,7.6345
NLMS,1,periodavg_0783-0785,11.306667,-4.3140,2.5542,90.8058,83.1503,7.6556
NLMS,1,periodavg_0783-0785,11.360000,-4.2869,1.8107,90.8190,83.1503,7.6687
NLMS,1,periodavg_0783-0785,11.400000,-4.5695,2.3238,90.8229,83.1503,7.6726
NLMS,1,periodavg_0783-0785,11.453333,-4.5602,2.2196,90.8694,83.1503,7.7191
NLMS,1,periodavg_0783-0785,11.506667,-4.4660,0.5941,90.9026,83.1503,7.7523
NLMS,1,periodavg_0783-0785,11.560000,-4.6477,2.4402,90.9240,83.1503,7.7738
NLMS,1,periodavg_0783-0785,11.600000,-3.9341,3.0241,85.1565,83.1503,2.0062
NLMS,1,periodavg_0783-0785,11.653333,-4.6744,1.9227,90.9605,83.1503,7.8103
NLMS,1,periodavg_0783-0785,11.706667,-4.7827,2.6547,90.9611,83.1503,7.8108
NLMS,1,periodavg_0783-0785,11.760000,-4.5492,1.7607,91.0077,83.1503,7.8574
NLMS,1,periodavg_0783-0785,11.800000,-4.7579,1.9297,91.0209,83.1503,7.8706
NLMS,1,periodavg_0783-0785,11.853333,-3.9987,3.0930,91.1086,83.1503,7.9583
NLMS,1,periodavg_0783-0785,11.906667,-4.4768,0.3848,91.1164,83.1503,7.9661
NLMS,1,periodavg_0783-0785,11.960000,-4.9291,1.1563,91.1597,83.1503,8.0095
NLMS,1,periodavg_0783-0785,12.000000,-4.9163,2.0760,91.1840,83.1503,8.0338
NLMS,1,periodavg_0783-0785,12.053333,-4.7743,1.3481,91.1668,83.1503,8.0165
NLMS,1,periodavg_0783-0785,12.106667,-5.0677,0.7255,91.1579,83.1503,8.0077
NLMS,1,periodavg_0783-0785,12.160000,-5.1860,2.1078,91.1984,83.1503,8.0481
NLMS,1,periodavg_0783-0785,12.200000,-4.9730,1.3982,91.2140,83.1503,8.0637
NLMS,1,periodavg_0783-0785,12.253333,-4.6723,2.0148,91.2530,83.1503,8.1027
NLMS,1,periodavg_0783-0785,12.306667,-5.1802,1.7862,91.2821,83.1503,8.1319
NLMS,1,periodavg_0783-0785,12.360000,-4.7068,2.5460,91.3177,83.1503,8.1674
NLMS,1,periodavg_0783-0785,12.400000,-5.1504,2.0813,91.3068,83.1503,8.1565
NLMS,1,periodavg_0783-0785,12.453333,-4.7893,0.6610,91.3293,83.1503,8.1791
NLMS,1,periodavg_0783-0785,12.506667,-5.0542,1.3499,91.3503,83.1503,8.2000
NLMS,1,periodavg_0783-0785,12.560000,-5.3092,2.1285,91.3843,83.1503,8.2341
NLMS,1,periodavg_0783-0785,12.600000,-5.2029,1.4315,91.3829,83.1503,8.2326
NLMS,1,periodavg_0783-0785,12.653333,-4.8246,0.1740,90.5020,83.1503,7.3517
NLMS,1,periodavg_0783-0785,12.706667,-4.3935,0.6384,88.4943,83.1503,5.3440
NLMS,1,periodavg_0783-0785,12.760000,-4.9783,2.6780,91.5175,83.1503,8.3672
NLMS,1,periodavg_0783-0785,12.800000,-5.3659,2.5783,91.5413,83.1503,8.3910
NLMS,1,periodavg_0783-0785,12.853333,-5.6389,0.9235,91.5679,83.1503,8.4177
NLMS,1,periodavg_0783-0785,12.906667,-5.5008,3.0057,91.5892,83.1503,8.4389
NLMS,1,periodavg_0783-0785,12.960000,-5.5291,1.1412,91.5952,83.1503,8.4450
NLMS,1,periodavg_0783-0785,13.000000,-5.5269,0.6469,91.6189,83.1503,8.4686
NLMS,1,periodavg_0783-0785,13.053333,-5.4671,3.3253,91.6661,83.1503,8.5159
NLMS,1,periodavg_0783-0785,13.106667,-4.7808,1.8381,91.0243,83.1503,7.8741
NLMS,1,periodavg_0783-0785,13.160000,-5.2239,0.9426,91.6897,83.1503,8.5395
NLMS,1,periodavg_0783-0785,13.200000,-5.0837,2.3293,90.9218,83.1503,7.7716
NLMS,1,periodavg_0783-0785,13.253333,-5.5897,1.1715,91.5048,83.1503,8.3545
NLMS,1,periodavg_0783-0785,13.306667,-5.1896,2.1602,91.7036,83.1503,8.5534
NLMS,1,periodavg_0783-0785,13.360000,-5.3280,1.2491,91.7617,83.1503,8.6115
NLMS,1,periodavg_0783-0785,13.400000,-5.5171,0.1824,91.8020,83.1503,8.6518
NLMS,1,periodavg_0783-0785,13.453333,-5.3942,2.0891,91.7806,83.1503,8.6303
NLMS,1,periodavg_0783-0785,13.506667,-5.8257,1.3206,91.8021,83.1503,8.6518
NLMS,1,periodavg_0783-0785,13.560000,-5.8034,2.3440,91.8104,83.1503,8.6601
NLMS,1,periodavg_0783-0785,13.600000,-5.9232,1.1702,91.8574,83.1503,8.7071
NLMS,1,periodavg_0783-0785,13.653333,-5.6534,1.3290,91.8962,83.1503,8.7459
NLMS,1,periodavg_0783-0785,13.706667,-5.5065,2.0684,91.8987,83.1503,8.7484
NLMS,1,periodavg_0783-0785,13.760000,-5.3529,2.2292,91.9135,83.1503,8.7632
NLMS,1,periodavg_0783-0785,13.800000,-5.5903,2.5739,91.9141,83.1503,8.7639
NLMS,1,periodavg_0783-0785,13.853333,-5.6375,1.4857,91.9639,83.1503,8.8136
NLMS,1,periodavg_0783-0785,13.906667,-5.7046,1.7037,91.9977,83.1503,8.8475
NLMS,1,periodavg_0783-0785,13.960000,-4.8731,2.9082,87.2280,83.1503,4.0777
NLMS,1,periodavg_0783-0785,14.000000,-5.8928,1.2328,92.0247,83.1503,8.8745
NLMS,1,periodavg_0783-0785,14.053333,-4.3406,3.3528,89.2295,83.1503,6.0792
NLMS,1,periodavg_0783-0785,14.106667,-5.1570,2.6477,91.9084,83.1503,8.7582
NLMS,1,periodavg_0783-0785,14.160000,-5.7713,0.8623,92.1022,83.1503,8.9520
NLMS,1,periodavg_0783-0785,14.200000,-5.8632,1.4024,92.1106,83.1503,8.9603
NLMS,1,periodavg_0783-0785,14.253333,-5.8866,1.9651,92.1361,83.1503,8.9858
NLMS,1,periodavg_0783-0785,14.306667,-6.2415,1.5937,92.1517,83.1503,9.0015
NLMS,1,periodavg_0783-0785,14.360000,-6.2322,2.3705,92.2036,83.1503,9.0533
NLMS,1,periodavg_0783-0785,14.400000,-6.1950,0.7242,92.1909,83.1503,9.0406
NLMS,1,periodavg_0783-0785,14.453333,-6.1728,2.6413,92.1790,83.1503,9.0288
NLMS,1,periodavg_0783-0785,14.506667,-6.3783,1.6400,92.2176,83.1503,9.0674
NLMS,1,periodavg_0783-0785,14.560000,-5.6108,1.4601,88.7660,83.1503,5.6158
NLMS,1,periodavg_0783-0785,14.600000,-5.5076,2.1679,90.6803,83.1503,7.5300
NLMS,1,periodavg_0783-0785,14.653333,-5.2694,1.1492,89.5910,83.1503,6.4408
NLMS,1,periodavg_0783-0785,14.706667,-5.1351,2.0000,92.2961,83.1503,9.1459
NLMS,1,periodavg_0783-0785,14.760000,-5.7264,1.7015,92.3405,83.1503,9.1903
NLMS,1,periodavg_0783-0785,14.800000,-6.0253,0.8294,92.3362,83.1503,9.1859
NLMS,1,periodavg_0783-0785,14.853333,-5.4233,3.2691,92.3669,83.1503,9.2167
NLMS,1,periodavg_0783-0785,14.906667,-5.0419,4.2028,88.5079,83.1503,5.3576
NLMS,1,periodavg_0783-0785,14.960000,-5.4379,1.5910,92.4083,83.1503,9.2581
NLMS,1,periodavg_0783-0785,15.000000,-5.3522,2.9706,88.5354,83.1503,5.3852
NLMS,1,periodavg_0783-0785,15.053333,-5.6166,1.6927,90.2336,83.1503,7.0834
NLMS,1,periodavg_0783-0785,15.106667,-5.6764,0.9860,90.7700,83.1503,7.6197
NLMS,1,periodavg_0783-0785,15.160000,-5.7005,1.2053,92.4022,83.1503,9.2519
NLMS,1,periodavg_0783-0785,15.200000,-5.7592,3.1927,92.3047,83.1503,9.1544
NLMS,1,periodavg_0783-0785,15.253333,-5.2732,2.1228,88.6409,83.1503,5.4906
NLMS,1,periodavg_0783-0785,15.306667,-5.8894,1.5295,90.5665,83.1503,7.4163
NLMS,1,periodavg_0783-0785,15.360000,-6.2311,0.1611,92.4898,83.1503,9.3395
NLMS,1,periodavg_0783-0785,15.400000,-6.4052,2.5960,92.4770,83.1503,9.3268
NLMS,1,periodavg_0783-0785,15.453333,-6.2604,1.8488,92.4815,83.1503,9.3313
NLMS,1,periodavg_0783-0785,15.506667,-5.9513,0.6034,91.1772,83.1503,8.0269
NLMS,1,periodavg_0783-0785,15.560000,-6.0397,1.8178,90.1123,83.1503,6.9620
NLMS,1,periodavg_0783-0785,15.600000,-5.7265,1.5117,90.6918,83.1503,7.5415
NLMS,1,periodavg_0783-0785,15.653333,-5.6215,0.3097,89.6238,83.1503,6.4735
NLMS,1,periodavg_0783-0785,15.706667,-5.7511,2.1808,92.6955,83.1503,9.5452
NLMS,1,periodavg_0783-0785,15.760000,-5.5707,1.7255,92.7350,83.1503,9.5847
NLMS,1,periodavg_0783-0785,15.800000,-6.3947,1.2714,92.7311,83.1503,9.5808
NLMS,1,periodavg_0783-0785,15.853333,-6.1638,1.9612,92.6957,83.1503,9.5454
NLMS,1,periodavg_0783-0785,15.906667,-5.8129,3.3273,92.7436,83.1503,9.5933
NLMS,1,periodavg_0783-0785,15.960000,-6.2267,2.4153,92.7295,83.1503,9.5792
NLMS,1,periodavg_0783-0785,16.000000,-4.6882,3.5316,85.1349,83.1503,1.9847
NLMS,1,periodavg_0783-0785,16.053333,-4.8181,2.0225,90.6845,83.1503,7.5343
NLMS,1,periodavg_0783-0785,16.106667,-6.2250,1.1367,92.7759,83.1503,9.6256
NLMS,1,periodavg_0783-0785,16.160000,-6.2395,2.1711,91.7236,83.1503,8.5733
NLMS,1,periodavg_0783-0785,16.200000,-6.1333,2.2439,92.7769,83.1503,9.6266
NLMS,1,periodavg_0783-0785,16.253333,-5.2362,1.3788,86.8752,83.1503,3.7250
NLMS,1,periodavg_0783-0785,16.306667,-6.4725,1.0861,92.7948,83.1503,9.6445
NLMS,1,periodavg_0783-0785,16.360000,-6.2657,3.5752,91.4065,83.1503,8.2562
NLMS,1,periodavg_0783-0785,16.400000,-6.4792,1.6589,92.8408,83.1503,9.6905
NLMS,1,periodavg_0783-0785,16.453333,-5.7702,2.1012,92.5156,83.1503,9.3653
NLMS,1,periodavg_0783-0785,16.506667,-6.4137,0.7043,92.8898,83.1503,9.7395
NLMS,1,periodavg_0783-0785,16.560000,-6.3614,1.3720,92.9223,83.1503,9.7720
NLMS,1,periodavg_0783-0785,16.600000,-6.6853,1.9940,92.9311,83.1503,9.7808
NLMS,1,periodavg_0783-0785,16.653333,-6.7185,1.6943,92.9327,83.1503,9.7824
NLMS,1,periodavg_0783-0785,16.706667,-6.6122,1.5376,92.9587,83.1503,9.8084
NLMS,1,periodavg_0783-0785,16.760000,-6.2593,3.7666,92.9889,83.1503,9.8386
NLMS,1,periodavg_0783-0785,16.800000,-5.7981,2.6610,93.0271,83.1503,9.8768
NLMS,1,periodavg_0783-0785,16.853333,-6.5596,1.9277,93.0566,83.1503,9.9064
NLMS,1,periodavg_0783-0785,16.906667,-6.6977,1.5224,93.0749,83.1503,9.9247
NLMS,1,periodavg_0783-0785,16.960000,-6.4826,3.2031,93.0976,83.1503,9.9473
NLMS,1,periodavg_0783-0785,17.000000,-6.4768,2.9830,93.1319,83.1503,9.9816
NLMS,1,periodavg_0783-0785,17.053333,-6.2220,2.6409,93.1723,83.1503,10.0221
NLMS,1,periodavg_0783-0785,17.106667,-5.8984,1.8958,89.1815,83.1503,6.0313
NLMS,1,periodavg_0783-0785,17.160000,-6.6641,0.3159,93.2150,83.1503,10.0648
NLMS,1,periodavg_0783-0785,17.200000,-6.9770,2.3647,93.2024,83.1503,10.0522
NLMS,1,periodavg_0783-0785,17.253333,-5.2806,1.0971,93.2495,83.1503,10.0992
NLMS,1,periodavg_0783-0785,17.306667,-5.9282,3.4938,93.2478,83.1503,10.0975
NLMS,1,periodavg_0783-0785,17.360000,-5.5409,-0.4563,91.1105,83.1503,7.9603
NLMS,1,periodavg_0783-0785,17.400000,-5.8331,1.8083,92.2872,83.1503,9.1370
NLMS,1,periodavg_0783-0785,17.453333,-6.0568,1.4258,90.7707,83.1503,7.6205
NLMS,1,periodavg_0783-0785,17.506667,-6.6417,2.2218,93.1024,83.1503,9.9521
NLMS,1,periodavg_0783-0785,17.560000,-6.5030,2.1206,93.3757,83.1503,10.2255
NLMS,1,periodavg_0783-0785,17.600000,-6.8254,1.1050,93.3789,83.1503,10.2286
NLMS,1,periodavg_0783-0785,17.653333,-6.4916,0.4187,93.4026,83.1503,10.2523
NLMS,1,periodavg_0783-0785,17.706667,-6.6267,2.5307,93.3877,83.1503,10.2374
NLMS,1,periodavg_0783-0785,17.760000,-6.4907,2.4795,93.4110,83.1503,10.2607
NLMS,1,periodavg_0783-0785,17.800000,-6.3037,1.4863,93.4389,83.1503,10.2887
NLMS,1,periodavg_0783-0785,17.853333,-6.1123,2.0461,93.4571,83.1503,10.3068
NLMS,1,periodavg_0783-0785,17.906667,-6.4451,0.0600,93.4545,83.1503,10.3042
NLMS,1,periodavg_0783-0785,17.960000,-6.3952,2.3898,93.4838,83.1503,10.3336
NLMS,1,periodavg_0783-0785,18.000000,-6.9095,1.4756,93.4757,83.1503,10.3255
NLMS,1,periodavg_0783-0785,18.053333,-6.9158,2.4135,93.4774,83.1503,10.3271
NLMS,1,periodavg_0783-0785,18.106667,-6.7497,1.7971,93.5164,83.1503,10.3661
NLMS,1,periodavg_0783-0785,18.160000,-6.3875,2.1375,92.2742,83.1503,9.1239
NLMS,1,periodavg_0783-0785,18.200000,-6.6222,1.3936,93.2249,83.1503,10.0746
NLMS,1,periodavg_0783-0785,18.253333,-6.3221,1.7620,89.5175,83.1503,6.3673
NLMS,1,periodavg_0783-0785,18.306667,-3.6328,1.8966,85.2439,83.1503,2.0936
NLMS,1,periodavg_0783-0785,18.360000,-5.6986,0.0701,89.0636,83.1503,5.9133
NLMS,1,periodavg_0783-0785,18.400000,-6.4444,1.8304,92.1711,83.1503,9.0208
NLMS,1,periodavg_0783-0785,18.453333,-7.2538,1.8700,93.6716,83.1503,10.5213
NLMS,1,periodavg_0783-0785,18.506667,-6.9012,0.7549,93.6738,83.1503,10.5235
NLMS,1,periodavg_0783-0785,18.560000,-6.3642,2.4094,91.4200,83.1503,8.2697
NLMS,1,periodavg_0783-0785,18.600000,-6.6903,1.7213,93.7291,83.1503,10.5788
NLMS,1,periodavg_0783-0785,18.653333,-7.2875,1.1393,93.7228,83.1503,10.5725
NLMS,1,periodavg_0783-0785,18.706667,-6.6895,3.2500,93.7736,83.1503,10.6234
NLMS,1,periodavg_0783-0785,18.760000,-6.8342,1.5304,93.7846,83.1503,10.6344
NLMS,1,periodavg_0783-0785,18.800000,-7.0978,1.6481,93.7773,83.1503,10.6271
NLMS,1,periodavg_0783-0785,18.853333,-6.3125,1.3377,92.5568,83.1503,9.4066
NLMS,1,periodavg_0783-0785,18.906667,-6.6767,1.2840,91.8141,83.1503,8.6638
NLMS,1,periodavg_0783-0785,18.960000,-6.1141,0.5540,90.9299,83.1503,7.7797
NLMS,1,periodavg_0783-0785,19.000000,-6.7978,2.5263,93.7790,83.1503,10.6288
NLMS,1,periodavg_0783-0785,19.053333,-6.9725,0.9291,93.9043,83.1503,10.7540
NLMS,1,periodavg_0783-0785,19.106667,-6.7618,2.4511,93.9377,83.1503,10.7874
NLMS,1,periodavg_0783-0785,19.160000,-6.9306,2.4914,93.9314,83.1503,10.7812
NLMS,1,periodavg_0783-0785,19.200000,-6.7838,4.7214,93.0060,83.1503,9.8557
NLMS,1,periodavg_0783-0785,19.253333,-7.1209,1.2584,93.9473,83.1503,10.7970
NLMS,1,periodavg_0783-0785,19.306667,-7.3435,2.1107,93.9482,83.1503,10.7980
NLMS,1,periodavg_0783-0785,19.360000,-6.6370,2.9456,93.9632,83.1503,10.8129
NLMS,1,periodavg_0783-0785,19.400000,-6.3792,2.0083,93.9625,83.1503,10.8122
NLMS,1,periodavg_0783-0785,19.453333,-6.4654,2.2104,93.9713,83.1503,10.8210
NLMS,1,periodavg_0783-0785,19.506667,-7.3366,0.6323,93.9917,83.1503,10.8414
NLMS,1,periodavg_0783-0785,19.560000,-7.0196,0.5746,93.1992,83.1503,10.0490
NLMS,1,periodavg_0783-0785,19.600000,-7.5696,2.1177,94.0170,83.1503,10.8668
NLMS,1,periodavg_0783-0785,19.653333,-7.5083,1.2475,94.0487,83.1503,10.8985
NLMS,1,periodavg_0783-0785,19.706667,-6.3503,4.2633,94.0953,83.1503,10.9450
NLMS,1,periodavg_0783-0785,19.760000,-7.2032,1.4936,94.0732,83.1503,10.9230
NLMS,1,periodavg_0783-0785,19.800000,-7.3853,2.4613,94.0883,83.1503,10.9380
NLMS,1,periodavg_0783-0785,19.853333,-6.9833,0.3007,93.9415,83.1503,10.7912
NLMS,1,periodavg_0783-0785,19.906667,-6.9614,3.0913,93.6084,83.1503,10.4582
NLMS,1,periodavg_0783-0785,19.960000,-7.3020,1.1598,94.0882,83.1503,10.9379
NLMS,1,periodavg_0783-0785,20.000000,-6.9875,2.6734,90.3335,83.1503,7.1832
NLMS,2,periodavg_0894-0896,20.013333,0.1578,-0.5552,67.5807,67.5088,0.0719
NLMS,2,periodavg_0894-0896,20.053333,-0.2268,0.4018,67.8991,67.5088,0.3903
NLMS,2,periodavg_0894-0896,20.106667,-0.6318,1.1909,68.5173,67.5088,1.0084
NLMS,2,periodavg_0894-0896,20.160000,-1.1535,1.6956,69.6165,67.5088,2.1077
NLMS,2,periodavg_0894-0896,20.200000,-1.4459,2.1776,70.0006,67.5088,2.4918
NLMS,2,periodavg_0894-0896,20.253333,-1.8891,3.1011,70.6150,67.5088,3.1062
NLMS,2,periodavg_0894-0896,20.306667,-2.3440,2.9084,71.2008,67.5088,3.6920
NLMS,2,periodavg_0894-0896,20.360000,-2.6658,3.9191,71.5454,67.5088,4.0366
NLMS,2,periodavg_0894-0896,20.400000,-2.9241,3.5712,72.2012,67.5088,4.6924
NLMS,2,periodavg_0894-0896,20.453333,-3.2122,4.4511,72.8039,67.5088,5.2951
NLMS,2,periodavg_0894-0896,20.506667,-3.5050,4.4001,73.4248,67.5088,5.9160
NLMS,2,periodavg_0894-0896,20.560000,-3.7185,4.7353,74.0644,67.5088,6.5556
NLMS,2,periodavg_0894-0896,20.600000,-3.9076,4.3796,74.1698,67.5088,6.6610
NLMS,2,periodavg_0894-0896,20.653333,-4.1029,4.6307,74.6381,67.5088,7.1293
NLMS,2,periodavg_0894-0896,20.706667,-4.3106,5.3126,75.2848,67.5088,7.7760
NLMS,2,periodavg_0894-0896,20.760000,-4.5042,4.8351,75.6973,67.5088,8.1885
NLMS,2,periodavg_0894-0896,20.800000,-4.7599,6.3692,76.0550,67.5088,8.5461
NLMS,2,periodavg_0894-0896,20.853333,-5.0126,6.5080,77.2159,67.5088,9.7071
NLMS,2,periodavg_0894-0896,20.906667,-5.1787,5.5184,77.9365,67.5088,10.4277
NLMS,2,periodavg_0894-0896,20.960000,-5.3100,7.4036,78.5925,67.5088,11.0836
NLMS,2,periodavg_0894-0896,21.000000,-5.4256,7.1416,78.9342,67.5088,11.4254
NLMS,2,periodavg_0894-0896,21.053333,-5.5465,6.3605,78.9758,67.5088,11.4670
NLMS,2,periodavg_0894-0896,21.106667,-5.6756,5.4154,79.0043,67.5088,11.4955
NLMS,2,periodavg_0894-0896,21.160000,-5.7852,8.4934,79.0108,67.5088,11.5019
NLMS,2,periodavg_0894-0896,21.200000,-5.8595,7.4657,79.0381,67.5088,11.5293
NLMS,2,periodavg_0894-0896,21.253333,-5.9514,6.9494,79.0429,67.5088,11.5340
NLMS,2,periodavg_0894-0896,21.306667,-6.0438,6.7637,79.0689,67.5088,11.5600
NLMS,2,periodavg_0894-0896,21.360000,-6.1420,7.2253,79.0570,67.5088,11.5482
NLMS,2,periodavg_0894-0896,21.400000,-6.1901,8.2314,79.0755,67.5088,11.5666
NLMS,2,periodavg_0894-0896,21.453333,-6.2704,6.6042,79.0805,67.5088,11.5717
NLMS,2,periodavg_0894-0896,21.506667,-6.2297,5.8168,79.0994,67.5088,11.5906
NLMS,2,periodavg_0894-0896,21.560000,-6.3421,5.8760,79.1236,67.5088,11.6148
NLMS,2,periodavg_0894-0896,21.600000,-6.4095,7.0277,79.1667,67.5088,11.6579
NLMS,2,periodavg_0894-0896,21.653333,-6.4734,7.5471,79.1710,67.5088,11.6622
NLMS,2,periodavg_0894-0896,21.706667,-6.5044,4.9379,79.2092,67.5088,11.7004
NLMS,2,periodavg_0894-0896,21.760000,-6.5697,8.6091,79.2383,67.5088,11.7294
NLMS,2,periodavg_0894-0896,21.800000,-6.5831,6.3790,79.2235,67.5088,11.7146
NLMS,2,periodavg_0894-0896,21.853333,-6.6749,8.0993,79.2612,67.5088,11.7524
NLMS,2,periodavg_0894-0896,21.906667,-6.7234,8.3540,79.2666,67.5088,11.7578
NLMS,2,periodavg_0894-0896,21.960000,-6.7767,6.9181,79.2809,67.5088,11.7720
NLMS,2,periodavg_0894-0896,22.000000,-6.8091,8.7415,79.3184,67.5088,11.8096
NLMS,2,periodavg_0894-0896,22.053333,-6.8320,4.9499,79.3361,67.5088,11.8273
NLMS,2,periodavg_0894-0896,22.106667,-6.9022,9.0503,79.3406,67.5088,11.8318
NLMS,2,periodavg_0894-0896,22.160000,-6.9185,6.8481,79.3708,67.5088,11.8620
NLMS,2,periodavg_0894-0896,22.200000,-6.9581,7.8094,79.4070,67.5088,11.8981
NLMS,2,periodavg_0894-0896,22.253333,-6.9576,6.3462,79.4321,67.5088,11.9232
NLMS,2,periodavg_0894-0896,22.306667,-7.0331,6.8423,79.4392,67.5088,11.9304
NLMS,2,periodavg_0894-0896,22.360000,-6.9896,5.6601,79.4283,67.5088,11.9195
NLMS,2,periodavg_0894-0896,22.400000,-7.0655,7.6141,79.4497,67.5088,11.9409
NLMS,2,periodavg_0894-0896,22.453333,-7.1099,6.7069,79.4794,67.5088,11.9706
NLMS,2,periodavg_0894-0896,22.506667,-7.1431,5.8095,79.4888,67.5088,11.9800
NLMS,2,periodavg_0894-0896,22.560000,-7.1826,6.5064,79.5084,67.5088,11.9995
NLMS,2,periodavg_0894-0896,22.600000,-7.2037,6.9450,79.5342,67.5088,12.0254
NLMS,2,periodavg_0894-0896,22.653333,-7.2391,9.4898,79.5390,67.5088,12.0302
NLMS,2,periodavg_0894-0896,22.706667,-7.2782,7.3081,79.5559,67.5088,12.0471
NLMS,2,periodavg_0894-0896,22.760000,-7.3212,7.8051,79.5921,67.5088,12.0833
NLMS,2,periodavg_0894-0896,22.800000,-7.3391,6.7955,79.6040,67.5088,12.0951
NLMS,2,periodavg_0894-0896,22.853333,-7.3669,7.5388,79.6344,67.5088,12.1256
NLMS,2,periodavg_0894-0896,22.906667,-7.3911,6.7892,79.6498,67.5088,12.1410
NLMS,2,periodavg_0894-0896,22.960000,-7.3712,8.3203,79.6669,67.5088,12.1580
NLMS,2,periodavg_0894-0896,23.000000,-7.4317,6.0791,79.6880,67.5088,12.1791
NLMS,2,periodavg_0894-0896,23.053333,-7.4766,7.3268,79.7059,67.5088,12.1970
NLMS,2,periodavg_0894-0896,23.106667,-7.5027,6.4755,79.7207,67.5088,12.2119
NLMS,2,periodavg_0894-0896,23.160000,-7.5187,6.5582,79.7327,67.5088,12.2239
NLMS,2,periodavg_0894-0896,23.200000,-7.5660,7.3276,79.7483,67.5088,12.2395
NLMS,2,periodavg_0894-0896,23.253333,-7.5944,7.5723,79.7614,67.5088,12.2526
NLMS,2,periodavg_0894-0896,23.306667,-7.6241,7.9174,79.7966,67.5088,12.2877
NLMS,2,periodavg_0894-0896,23.360000,-7.6695,6.7140,79.8434,67.5088,12.3346
NLMS,2,periodavg_0894-0896,23.400000,-7.6950,8.3764,79.8473,67.5088,12.3385
NLMS,2,periodavg_0894-0896,23.453333,-7.7012,7.5676,79.8744,67.5088,12.3655
NLMS,2,periodavg_0894-0896,23.506667,-7.7492,8.4723,79.8708,67.5088,12.3619
NLMS,2,periodavg_0894-0896,23.560000,-7.7865,5.7761,79.9296,67.5088,12.4208
NLMS,2,periodavg_0894-0896,23.600000,-7.8176,7.9175,79.9845,67.5088,12.4757
NLMS,2,periodavg_0894-0896,23.653333,-7.8431,7.2330,80.0132,67.5088,12.5044
NLMS,2,periodavg_0894-0896,23.706667,-7.8443,6.4883,80.0248,67.5088,12.5160
NLMS,2,periodavg_0894-0896,23.760000,-7.7667,6.3260,79.9944,67.5088,12.4855
NLMS,2,periodavg_0894-0896,23.800000,-7.8600,4.6463,80.0134,67.5088,12.5046
NLMS,2,periodavg_0894-0896,23.853333,-7.9105,7.2723,80.0723,67.5088,12.5635
NLMS,2,periodavg_0894-0896,23.906667,-7.9416,7.2615,80.0930,67.5088,12.5841
NLMS,2,periodavg_0894-0896,23.960000,-8.0019,6.4833,80.1367,67.5088,12.6279
NLMS,2,periodavg_0894-0896,24.000000,-7.9899,5.7778,80.1622,67.5088,12.6534
NLMS,2,periodavg_0894-0896,24.053333,-8.0495,8.0653,80.1530,67.5088,12.6442
NLMS,2,periodavg_0894-0896,24.106667,-8.0721,7.3299,80.1700,67.5088,12.6612
NLMS,2,periodavg_0894-0896,24.160000,-8.1216,7.1175,80.2203,67.5088,12.7114
NLMS,2,periodavg_0894-0896,24.200000,-8.0571,7.5589,80.2436,67.5088,12.7347
NLMS,2,periodavg_0894-0896,24.253333,-8.1311,6.4852,80.2829,67.5088,12.7741
NLMS,2,periodavg_0894-0896,24.306667,-8.1629,6.9050,80.2953,67.5088,12.7865
NLMS,2,periodavg_0894-0896,24.360000,-8.2214,7.8719,80.3262,67.5088,12.8173
NLMS,2,periodavg_0894-0896,24.400000,-8.2213,7.1731,80.3417,67.5088,12.8329
NLMS,2,periodavg_0894-0896,24.453333,-8.2430,6.3219,80.3382,67.5088,12.8293
NLMS,2,periodavg_0894-0896,24.506667,-8.2833,8.1699,80.3302,67.5088,12.8214
NLMS,2,periodavg_0894-0896,24.560000,-8.2690,6.5089,80.3259,67.5088,12.8171
NLMS,2,periodavg_0894-0896,24.600000,-8.2455,7.4691,80.3220,67.5088,12.8131
NLMS,2,periodavg_0894-0896,24.653333,-8.3264,5.8430,80.3411,67.5088,12.8323
NLMS,2,periodavg_0894-0896,24.706667,-8.3724,7.3018,80.3830,67.5088,12.8742
NLMS,2,periodavg_0894-0896,24.760000,-8.3831,7.5841,80.3953,67.5088,12.8865
NLMS,2,periodavg_0894-0896,24.800000,-8.3491,7.8033,80.3960,67.5088,12.8872
NLMS,2,periodavg_0894-0896,24.853333,-8.4158,8.0888,80.4117,67.5088,12.9028
NLMS,2,periodavg_0894-0896,24.906667,-8.4656,6.2428,80.4490,67.5088,12.9402
NLMS,2,periodavg_0894-0896,24.960000,-8.4525,7.0329,80.5080,67.5088,12.9991
NLMS,2,periodavg_0894-0896,25.000000,-8.4988,8.2147,80.5056,67.5088,12.9968
NLMS,2,periodavg_0894-0896,25.053333,-8.5076,7.4896,80.5311,67.5088,13.0222
NLMS,2,periodavg_0894-0896,25.106667,-8.4977,6.3986,80.4985,67.5088,12.9897
NLMS,2,periodavg_0894-0896,25.160000,-8.5179,6.3687,80.5428,67.5088,13.0340
NLMS,2,periodavg_0894-0896,25.200000,-8.5997,8.0758,80.5609,67.5088,13.0521
NLMS,2,periodavg_0894-0896,25.253333,-8.6335,7.2015,80.5976,67.5088,13.0887
NLMS,2,periodavg_0894-0896,25.306667,-8.6699,8.9401,80.6197,67.5088,13.1108
NLMS,2,periodavg_0894-0896,25.360000,-8.7278,7.4743,80.6560,67.5088,13.1472
NLMS,2,periodavg_0894-0896,25.400000,-8.7362,8.4638,80.7010,67.5088,13.1922
NLMS,2,periodavg_0894-0896,25.453333,-8.7720,7.3654,80.7270,67.5088,13.2182
NLMS,2,periodavg_0894-0896,25.506667,-8.7542,7.4697,80.7412,67.5088,13.2324
NLMS,2,periodavg_0894-0896,25.560000,-8.8233,7.5756,80.7755,67.5088,13.2666
NLMS,2,periodavg_0894-0896,25.600000,-8.8380,7.4493,80.7949,67.5088,13.2860
NLMS,2,periodavg_0894-0896,25.653333,-8.8859,6.4859,80.8587,67.5088,13.3499
NLMS,2,periodavg_0894-0896,25.706667,-8.9024,6.4445,80.8818,67.5088,13.3730
NLMS,2,periodavg_0894-0896,25.760000,-8.9575,7.6062,80.8981,67.5088,13.3893
NLMS,2,periodavg_0894-0896,25.800000,-8.9750,7.9716,80.9121,67.5088,13.4032
NLMS,2,periodavg_0894-0896,25.853333,-8.9935,7.8762,80.9314,67.5088,13.4225
NLMS,2,periodavg_0894-0896,25.906667,-9.0289,8.6226,80.9724,67.5088,13.4636
NLMS,2,periodavg_0894-0896,25.960000,-9.0641,7.9471,81.0049,67.5088,13.4960
NLMS,2,periodavg_0894-0896,26.000000,-9.0768,7.0799,81.0315,67.5088,13.5226
NLMS,2,periodavg_0894-0896,26.053333,-9.1021,7.2996,81.0725,67.5088,13.5636
NLMS,2,periodavg_0894-0896,26.106667,-9.1004,6.3518,81.0547,67.5088,13.5459
NLMS,2,periodavg_0894-0896,26.160000,-9.1525,6.3171,81.1318,67.5088,13.6229
NLMS,2,periodavg_0894-0896,26.200000,-9.2038,7.8119,81.1556,67.5088,13.6468
NLMS,2,periodavg_0894-0896,26.253333,-9.2031,8.0984,81.1809,67.5088,13.6721
NLMS,2,periodavg_0894-0896,26.306667,-9.1796,8.7989,81.2128,67.5088,13.7039
NLMS,2,periodavg_0894-0896,26.360000,-9.2690,7.4749,81.2239,67.5088,13.7151
NLMS,2,periodavg_0894-0896,26.400000,-9.2689,7.4212,81.2381,67.5088,13.7293
NLMS,2,periodavg_0894-0896,26.453333,-9.3151,6.2820,81.2574,67.5088,13.7485
NLMS,2,periodavg_0894-0896,26.506667,-9.3587,7.5278,81.2784,67.5088,13.7696
NLMS,2,periodavg_0894-0896,26.560000,-9.3848,8.3815,81.2957,67.5088,13.7869
NLMS,2,periodavg_0894-0896,26.600000,-9.3955,9.0496,81.2778,67.5088,13.7690
NLMS,2,periodavg_0894-0896,26.653333,-9.3953,7.9983,81.2840,67.5088,13.7752
NLMS,2,periodavg_0894-0896,26.706667,-9.4605,6.4860,81.3623,67.5088,13.8534
NLMS,2,periodavg_0894-0896,26.760000,-9.4102,7.4519,81.4254,67.5088,13.9166
NLMS,2,periodavg_0894-0896,26.800000,-9.4904,8.2095,81.4162,67.5088,13.9074
NLMS,2,periodavg_0894-0896,26.853333,-9.5639,7.0360,81.4145,67.5088,13.9056
NLMS,2,periodavg_0894-0896,26.906667,-9.5792,7.8611,81.4612,67.5088,13.9523
NLMS,2,periodavg_0894-0896,26.960000,-9.6219,8.5869,81.4600,67.5088,13.9511
NLMS,2,periodavg_0894-0896,27.000000,-9.6476,10.4208,81.4776,67.5088,13.9688
NLMS,2,periodavg_0894-0896,27.053333,-9.6701,7.0948,81.5454,67.5088,14.0366
NLMS,2,periodavg_0894-0896,27.106667,-9.6832,7.8051,81.5693,67.5088,14.0605
NLMS,2,periodavg_0894-0896,27.160000,-9.7192,7.4944,81.5766,67.5088,14.0678
NLMS,2,periodavg_0894-0896,27.200000,-9.7180,6.7844,81.5919,67.5088,14.0830
NLMS,2,periodavg_0894-0896,27.253333,-9.7354,6.5792,81.6204,67.5088,14.1116
NLMS,2,periodavg_0894-0896,27.306667,-9.8037,8.3710,81.6347,67.5088,14.1259
NLMS,2,periodavg_0894-0896,27.360000,-9.8200,6.6318,81.6184,67.5088,14.1096
NLMS,2,periodavg_0894-0896,27.400000,-9.7604,8.1766,81.6584,67.5088,14.1496
NLMS,2,periodavg_0894-0896,27.453333,-9.8349,7.5843,81.6839,67.5088,14.1751
NLMS,2,periodavg_0894-0896,27.506667,-9.8938,6.6273,81.7090,67.5088,14.2002
NLMS,2,periodavg_0894-0896,27.560000,-9.8632,8.3013,81.7259,67.5088,14.2170
NLMS,2,periodavg_0894-0896,27.600000,-9.9233,6.8948,81.7521,67.5088,14.2433
NLMS,2,periodavg_0894-0896,27.653333,-9.9102,7.8938,81.7637,67.5088,14.2549
NLMS,2,periodavg_0894-0896,27.706667,-9.8926,6.6241,81.7227,67.5088,14.2139
NLMS,2,periodavg_0894-0896,27.760000,-10.0018,7.5939,81.7221,67.5088,14.2133
NLMS,2,periodavg_0894-0896,27.800000,-10.0236,6.2679,81.7438,67.5088,14.2350
NLMS,2,periodavg_0894-0896,27.853333,-10.0837,7.8341,81.8171,67.5088,14.3083
NLMS,2,periodavg_0894-0896,27.906667,-10.0854,7.4380,81.8611,67.5088,14.3523
NLMS,2,periodavg_0894-0896,27.960000,-10.1116,8.5238,81.8953,67.5088,14.3865
NLMS,2,periodavg_0894-0896,28.000000,-10.1490,5.6764,81.9060,67.5088,14.3971
NLMS,2,periodavg_0894-0896,28.053333,-10.1631,7.8908,81.9413,67.5088,14.4324
NLMS,2,periodavg_0894-0896,28.106667,-10.2119,7.6556,81.9686,67.5088,14.4598
NLMS,2,periodavg_0894-0896,28.160000,-10.2017,9.1009,81.9961,67.5088,14.4872
NLMS,2,periodavg_0894-0896,28.200000,-10.2606,8.1930,81.9898,67.5088,14.4810
NLMS,2,periodavg_0894-0896,28.253333,-10.2322,7.6249,81.9878,67.5088,14.4790
NLMS,2,periodavg_0894-0896,28.306667,-10.2872,7.1669,82.0157,67.5088,14.5068
NLMS,2,periodavg_0894-0896,28.360000,-10.3390,8.3420,82.0420,67.5088,14.5332
NLMS,2,periodavg_0894-0896,28.400000,-10.3711,9.3560,82.0787,67.5088,14.5699
NLMS,2,periodavg_0894-0896,28.453333,-10.3842,8.1261,82.1048,67.5088,14.5960
NLMS,2,periodavg_0894-0896,28.506667,-10.3935,8.7872,82.1458,67.5088,14.6369
NLMS,2,periodavg_0894-0896,28.560000,-10.3592,8.0677,82.1921,67.5088,14.6832
NLMS,2,periodavg_0894-0896,28.600000,-10.4281,5.8519,82.1695,67.5088,14.6607
NLMS,2,periodavg_0894-0896,28.653333,-10.4032,8.8571,82.1871,67.5088,14.6782
NLMS,2,periodavg_0894-0896,28.706667,-10.3271,6.6203,82.2554,67.5088,14.7465
NLMS,2,periodavg_0894-0896,28.760000,-10.4158,8.4408,82.2823,67.5088,14.7735
NLMS,2,periodavg_0894-0896,28.800000,-10.4872,7.0378,82.3113,67.5088,14.8025
NLMS,2,periodavg_0894-0896,28.853333,-10.5235,8.6168,82.3219,67.5088,14.8130
NLMS,2,periodavg_0894-0896,28.906667,-10.6090,6.2084,82.3386,67.5088,14.8297
NLMS,2,periodavg_0894-0896,28.960000,-10.5928,7.2027,82.3740,67.5088,14.8652
NLMS,2,periodavg_0894-0896,29.000000,-10.6161,7.2999,82.3858,67.5088,14.8770
NLMS,2,periodavg_0894-0896,29.053333,-10.5850,5.4137,82.3728,67.5088,14.8640
NLMS,2,periodavg_0894-0896,29.106667,-10.6468,6.0326,82.3465,67.5088,14.8376
NLMS,2,periodavg_0894-0896,29.160000,-10.6707,7.1368,82.3749,67.5088,14.8660
NLMS,2,periodavg_0894-0896,29.200000,-10.7006,9.3550,82.4006,67.5088,14.8918
NLMS,2,periodavg_0894-0896,29.253333,-10.7448,9.1276,82.4617,67.5088,14.9528
NLMS,2,periodavg_0894-0896,29.306667,-10.7475,8.2617,82.4937,67.5088,14.9849
NLMS,2,periodavg_0894-0896,29.360000,-10.7556,6.7745,82.5181,67.5088,15.0092
NLMS,2,periodavg_0894-0896,29.400000,-10.7899,8.3221,82.5175,67.5088,15.0087
NLMS,2,periodavg_0894-0896,29.453333,-10.7690,7.1552,82.5015,67.5088,14.9927
NLMS,2,periodavg_0894-0896,29.506667,-10.8849,7.9156,82.5167,67.5088,15.0079
NLMS,2,periodavg_0894-0896,29.560000,-10.8877,7.9638,82.5543,67.5088,15.0455
NLMS,2,periodavg_0894-0896,29.600000,-10.9121,7.0300,82.5671,67.5088,15.0582
NLMS,2,periodavg_0894-0896,29.653333,-10.9111,7.8997,82.5924,67.5088,15.0836
NLMS,2,periodavg_0894-0896,29.706667,-10.9438,7.4214,82.6301,67.5088,15.1213
NLMS,2,periodavg_0894-0896,29.760000,-10.9438,7.2963,82.6461,67.5088,15.1373
NLMS,2,periodavg_0894-0896,29.800000,-10.9283,7.5997,82.6243,67.5088,15.1154
NLMS,2,periodavg_0894-0896,29.853333,-10.9773,8.4347,82.6070,67.5088,15.0982
NLMS,2,periodavg_0894-0896,29.906667,-11.0152,8.3538,82.6500,67.5088,15.1411
NLMS,2,periodavg_0894-0896,29.960000,-11.0539,7.4382,82.6776,67.5088,15.1688
NLMS,2,periodavg_0894-0896,30.000000,-11.0688,7.0825,82.6686,67.5088,15.1598
NLMS,3,periodavg_0870-0872,30.013333,3.3080,-11.4729,69.5177,79.1852,-9.6675
NLMS,3,periodavg_0870-0872,30.053333,2.8613,-4.3477,70.4321,79.1852,-8.7531
NLMS,3,periodavg_0870-0872,30.106667,2.3009,-3.2830,71.0442,79.1852,-8.1410
NLMS,3,periodavg_0870-0872,30.160000,1.9601,-1.5023,71.4637,79.1852,-7.7215
NLMS,3,periodavg_0870-0872,30.200000,1.7089,-1.1079,71.7294,79.1852,-7.4558
NLMS,3,periodavg_0870-0872,30.253333,1.2691,-1.7314,72.1736,79.1852,-7.0117
NLMS,3,periodavg_0870-0872,30.306667,0.8631,-0.4342,72.9607,79.1852,-6.2245
NLMS,3,periodavg_0870-0872,30.360000,0.5549,-0.3859,73.5540,79.1852,-5.6312
NLMS,3,periodavg_0870-0872,30.400000,0.2267,-0.2300,74.4086,79.1852,-4.7766
NLMS,3,periodavg_0870-0872,30.453333,-0.1257,0.0606,75.3120,79.1852,-3.8732
NLMS,3,periodavg_0870-0872,30.506667,-0.4116,0.4191,75.7851,79.1852,-3.4002
NLMS,3,periodavg_0870-0872,30.560000,-0.7154,1.4823,76.4095,79.1852,-2.7757
NLMS,3,periodavg_0870-0872,30.600000,-0.8928,0.4947,76.8617,79.1852,-2.3235
NLMS,3,periodavg_0870-0872,30.653333,-1.0795,1.5808,77.0525,79.1852,-2.1328
NLMS,3,periodavg_0870-0872,30.706667,-1.2507,1.4862,77.4233,79.1852,-1.7619
NLMS,3,periodavg_0870-0872,30.760000,-1.4535,2.6209,77.9546,79.1852,-1.2307
NLMS,3,periodavg_0870-0872,30.800000,-1.6229,2.8684,78.6055,79.1852,-0.5797
NLMS,3,periodavg_0870-0872,30.853333,-1.7732,2.6201,79.1175,79.1852,-0.0677
NLMS,3,periodavg_0870-0872,30.906667,-1.9377,2.2619,79.5613,79.1852,0.3761
NLMS,3,periodavg_0870-0872,30.960000,-2.1530,2.3846,79.6172,79.1852,0.4319
NLMS,3,periodavg_0870-0872,31.000000,-2.2583,2.7659,79.6694,79.1852,0.4842
NLMS,3,periodavg_0870-0872,31.053333,-2.3823,3.0719,79.6656,79.1852,0.4804
NLMS,3,periodavg_0870-0872,31.106667,-2.5116,2.8301,79.7166,79.1852,0.5313
NLMS,3,periodavg_0870-0872,31.160000,-2.6221,2.9134,79.7571,79.1852,0.5718
NLMS,3,periodavg_0870-0872,31.200000,-2.6915,3.3871,79.7871,79.1852,0.6019
NLMS,3,periodavg_0870-0872,31.253333,-2.8070,2.8632,79.8175,79.1852,0.6323
NLMS,3,periodavg_0870-0872,31.306667,-2.9009,3.0092,79.8429,79.1852,0.6576
NLMS,3,periodavg_0870-0872,31.360000,-2.9793,3.6884,79.8885,79.1852,0.7032
NLMS,3,periodavg_0870-0872,31.400000,-3.0224,4.9728,79.9133,79.1852,0.7281
NLMS,3,periodavg_0870-0872,31.453333,-3.0636,3.0317,79.9574,79.1852,0.7722
NLMS,3,periodavg_0870-0872,31.506667,-3.1441,3.5935,79.9912,79.1852,0.8059
NLMS,3,periodavg_0870-0872,31.560000,-3.2452,4.1341,80.0342,79.1852,0.8490
NLMS,3,periodavg_0870-0872,31.600000,-3.2973,3.7438,80.0630,79.1852,0.8778
NLMS,3,periodavg_0870-0872,31.653333,-3.3275,4.7340,80.0936,79.1852,0.9084
NLMS,3,periodavg_0870-0872,31.706667,-3.4093,5.3570,80.0969,79.1852,0.9117
NLMS,3,periodavg_0870-0872,31.760000,-3.4741,3.9525,80.1207,79.1852,0.9355
NLMS,3,periodavg_0870-0872,31.800000,-3.5317,5.0405,80.1513,79.1852,0.9660
NLMS,3,periodavg_0870-0872,31.853333,-3.5840,4.0458,80.1954,79.1852,1.0102
NLMS,3,periodavg_0870-0872,31.906667,-3.6004,4.0363,80.2138,79.1852,1.0286
NLMS,3,periodavg_0870-0872,31.960000,-3.6757,3.6536,80.2442,79.1852,1.0589
NLMS,3,periodavg_0870-0872,32.000000,-3.7102,3.6060,80.2800,79.1852,1.0948
NLMS,3,periodavg_0870-0872,32.053333,-3.7353,3.4406,80.3016,79.1852,1.1163
NLMS,3,periodavg_0870-0872,32.106667,-3.7944,3.7985,80.3331,79.1852,1.1479
NLMS,3,periodavg_0870-0872,32.160000,-3.8430,4.0656,80.3625,79.1852,1.1773
NLMS,3,periodavg_0870-0872,32.200000,-3.8649,3.5115,80.3570,79.1852,1.1718
NLMS,3,periodavg_0870-0872,32.253333,-3.9252,3.8375,80.3940,79.1852,1.2088
NLMS,3,periodavg_0870-0872,32.306667,-3.9754,4.2200,80.4461,79.1852,1.2608
NLMS,3,periodavg_0870-0872,32.360000,-3.9716,5.1643,80.4510,79.1852,1.2658
NLMS,3,periodavg_0870-0872,32.400000,-4.0741,2.2921,80.4856,79.1852,1.3004
NLMS,3,periodavg_0870-0872,32.453333,-4.0630,5.5461,80.5034,79.1852,1.3182
NLMS,3,periodavg_0870-0872,32.506667,-4.1203,3.5360,80.5308,79.1852,1.3456
NLMS,3,periodavg_0870-0872,32.560000,-4.1957,2.6279,80.6519,79.1852,1.4667
NLMS,3,periodavg_0870-0872,32.600000,-4.2320,4.7350,80.6715,79.1852,1.4863
NLMS,3,periodavg_0870-0872,32.653333,-4.2766,3.7955,80.7269,79.1852,1.5417
NLMS,3,periodavg_0870-0872,32.706667,-4.3203,5.1421,80.7348,79.1852,1.5496
NLMS,3,periodavg_0870-0872,32.760000,-4.3093,3.7634,80.7603,79.1852,1.5750
NLMS,3,periodavg_0870-0872,32.800000,-4.3504,3.2323,80.8081,79.1852,1.6229
NLMS,3,periodavg_0870-0872,32.853333,-4.3628,4.8834,80.8180,79.1852,1.6327
NLMS,3,periodavg_0870-0872,32.906667,-4.4251,3.3333,80.8381,79.1852,1.6529
NLMS,3,periodavg_0870-0872,32.960000,-4.4869,3.8476,80.8556,79.1852,1.6704
NLMS,3,periodavg_0870-0872,33.000000,-4.5151,3.4770,80.8941,79.1852,1.7089
NLMS,3,periodavg_0870-0872,33.053333,-4.5685,4.9002,80.9191,79.1852,1.7339
NLMS,3,periodavg_0870-0872,33.106667,-4.5945,4.5884,80.9670,79.1852,1.7818
NLMS,3,periodavg_0870-0872,33.160000,-4.6001,5.0397,80.9607,79.1852,1.7754
NLMS,3,periodavg_0870-0872,33.200000,-4.6097,5.1367,80.9700,79.1852,1.7848
NLMS,3,periodavg_0870-0872,33.253333,-4.6851,3.8322,81.0116,79.1852,1.8264
NLMS,3,periodavg_0870-0872,33.306667,-4.7344,4.5909,81.0786,79.1852,1.8934
NLMS,3,periodavg_0870-0872,33.360000,-4.7781,4.6128,81.1475,79.1852,1.9623
NLMS,3,periodavg_0870-0872,33.400000,-4.8058,3.9682,81.1491,79.1852,1.9639
NLMS,3,periodavg_0870-0872,33.453333,-4.8528,3.8748,81.2338,79.1852,2.0486
NLMS,3,periodavg_0870-0872,33.506667,-4.8709,5.8633,81.2756,79.1852,2.0903
NLMS,3,periodavg_0870-0872,33.560000,-4.9114,4.9014,81.3102,79.1852,2.1250
NLMS,3,periodavg_0870-0872,33.600000,-4.9258,3.2494,81.3251,79.1852,2.1398
NLMS,3,periodavg_0870-0872,33.653333,-4.9813,3.2493,81.3859,79.1852,2.2007
NLMS,3,periodavg_0870-0872,33.706667,-4.9641,4.8970,81.4626,79.1852,2.2774
NLMS,3,periodavg_0870-0872,33.760000,-4.9958,3.9618,81.4829,79.1852,2.2977
NLMS,3,periodavg_0870-0872,33.800000,-5.0498,3.7716,81.5204,79.1852,2.3352
NLMS,3,periodavg_0870-0872,33.853333,-5.0519,4.3776,81.5671,79.1852,2.3819
NLMS,3,periodavg_0870-0872,33.906667,-5.1559,3.6510,81.5769,79.1852,2.3917
NLMS,3,periodavg_0870-0872,33.960000,-5.1746,3.0156,81.5840,79.1852,2.3988
NLMS,3,periodavg_0870-0872,34.000000,-5.2215,5.0525,81.6046,79.1852,2.4194
NLMS,3,periodavg_0870-0872,34.053333,-5.2494,3.7178,81.6256,79.1852,2.4403
NLMS,3,periodavg_0870-0872,34.106667,-5.2878,4.0456,81.6468,79.1852,2.4615
NLMS,3,periodavg_0870-0872,34.160000,-5.3367,4.7639,81.6770,79.1852,2.4917
NLMS,3,periodavg_0870-0872,34.200000,-5.3619,4.2824,81.6868,79.1852,2.5015
NLMS,3,periodavg_0870-0872,34.253333,-5.4049,4.2974,81.7369,79.1852,2.5517
NLMS,3,periodavg_0870-0872,34.306667,-5.4554,3.9164,81.7886,79.1852,2.6034
NLMS,3,periodavg_0870-0872,34.360000,-5.4918,4.1493,81.8408,79.1852,2.6555
NLMS,3,periodavg_0870-0872,34.400000,-5.4692,2.8078,81.8742,79.1852,2.6890
NLMS,3,periodavg_0870-0872,34.453333,-5.5368,4.7494,81.8987,79.1852,2.7134
NLMS,3,periodavg_0870-0872,34.506667,-5.5665,3.8822,81.9491,79.1852,2.7638
NLMS,3,periodavg_0870-0872,34.560000,-5.5837,4.4538,81.9797,79.1852,2.7945
NLMS,3,periodavg_0870-0872,34.600000,-5.6590,4.8470,81.9934,79.1852,2.8082
NLMS,3,periodavg_0870-0872,34.653333,-5.7120,5.1670,82.0429,79.1852,2.8577
NLMS,3,periodavg_0870-0872,34.706667,-5.7524,5.0266,82.0887,79.1852,2.9034
NLMS,3,periodavg_0870-0872,34.760000,-5.7747,5.0759,82.1161,79.1852,2.9308
NLMS,3,periodavg_0870-0872,34.800000,-5.7712,5.1574,82.1461,79.1852,2.9608
NLMS,3,periodavg_0870-0872,34.853333,-5.8243,4.8629,82.1625,79.1852,2.9772
NLMS,3,periodavg_0870-0872,34.906667,-5.8536,3.8030,82.1873,79.1852,3.0021
NLMS,3,periodavg_0870-0872,34.960000,-5.8917,4.2419,82.2189,79.1852,3.0336
NLMS,3,periodavg_0870-0872,35.000000,-5.8989,3.9834,82.2559,79.1852,3.0707
NLMS,3,periodavg_0870-0872,35.053333,-5.9280,3.9881,82.2731,79.1852,3.0879
NLMS,3,periodavg_0870-0872,35.106667,-5.9905,3.4534,82.3106,79.1852,3.1254
NLMS,3,periodavg_0870-0872,35.160000,-6.0337,4.0818,82.3638,79.1852,3.1785
NLMS,3,periodavg_0870-0872,35.200000,-6.0471,2.9131,82.3968,79.1852,3.2115
NLMS,3,periodavg_0870-0872,35.253333,-6.0931,4.0689,82.4348,79.1852,3.2496
NLMS,3,periodavg_0870-0872,35.306667,-6.1187,4.6098,82.4510,79.1852,3.2658
NLMS,3,periodavg_0870-0872,35.360000,-6.1159,5.3222,82.4843,79.1852,3.2991
NLMS,3,periodavg_0870-0872,35.400000,-6.1632,3.9276,82.5175,79.1852,3.3322
NLMS,3,periodavg_0870-0872,35.453333,-6.1961,4.9733,82.5389,79.1852,3.3537
NLMS,3,periodavg_0870-0872,35.506667,-6.2325,4.4671,82.5669,79.1852,3.3817
NLMS,3,periodavg_0870-0872,35.560000,-6.2600,3.5378,82.5839,79.1852,3.3987
NLMS,3,periodavg_0870-0872,35.600000,-6.2620,2.6229,82.6144,79.1852,3.4291
NLMS,3,periodavg_0870-0872,35.653333,-6.2073,5.9388,82.6582,79.1852,3.4730
NLMS,3,periodavg_0870-0872,35.706667,-6.3059,2.4781,82.6820,79.1852,3.4968
NLMS,3,periodavg_0870-0872,35.760000,-6.3892,3.8599,82.7665,79.1852,3.5813
NLMS,3,periodavg_0870-0872,35.800000,-6.4272,4.1755,82.7842,79.1852,3.5990
NLMS,3,periodavg_0870-0872,35.853333,-6.3244,3.0090,82.7849,79.1852,3.5996
NLMS,3,periodavg_0870-0872,35.906667,-6.4447,3.1190,82.8213,79.1852,3.6360
NLMS,3,periodavg_0870-0872,35.960000,-6.5047,4.6055,82.8266,79.1852,3.6413
NLMS,3,periodavg_0870-0872,36.000000,-6.5083,4.3445,82.8925,79.1852,3.7073
NLMS,3,periodavg_0870-0872,36.053333,-6.5505,4.2985,82.9116,79.1852,3.7263
NLMS,3,periodavg_0870-0872,36.106667,-6.5725,3.8598,83.0205,79.1852,3.8352
NLMS,3,periodavg_0870-0872,36.160000,-6.5859,4.2371,83.0246,79.1852,3.8393
NLMS,3,periodavg_0870-0872,36.200000,-6.6126,5.6145,83.0562,79.1852,3.8710
NLMS,3,periodavg_0870-0872,36.253333,-6.6614,4.4896,83.0799,79.1852,3.8947
NLMS,3,periodavg_0870-0872,36.306667,-6.6817,4.5024,83.1158,79.1852,3.9306
NLMS,3,periodavg_0870-0872,36.360000,-6.7438,3.8970,83.1412,79.1852,3.9560
NLMS,3,periodavg_0870-0872,36.400000,-6.7499,4.5811,83.1599,79.1852,3.9747
NLMS,3,periodavg_0870-0872,36.453333,-6.7794,5.6703,83.1768,79.1852,3.9915
NLMS,3,periodavg_0870-0872,36.506667,-6.8067,3.8087,83.2437,79.1852,4.0585
NLMS,3,periodavg_0870-0872,36.560000,-6.7808,3.8025,83.2904,79.1852,4.1051
NLMS,3,periodavg_0870-0872,36.600000,-6.8392,3.4990,83.3106,79.1852,4.1253
NLMS,3,periodavg_0870-0872,36.653333,-6.8862,3.9579,83.3389,79.1852,4.1536
NLMS,3,periodavg_0870-0872,36.706667,-6.8917,3.4437,83.3356,79.1852,4.1503
NLMS,3,periodavg_0870-0872,36.760000,-6.8835,4.5367,83.3881,79.1852,4.2029
NLMS,3,periodavg_0870-0872,36.800000,-6.9007,2.7889,83.4562,79.1852,4.2709
NLMS,3,periodavg_0870-0872,36.853333,-7.0457,3.7201,83.4534,79.1852,4.2681
NLMS,3,periodavg_0870-0872,36.906667,-7.0846,3.4248,83.4849,79.1852,4.2997
NLMS,3,periodavg_0870-0872,36.960000,-7.0529,4.3328,83.4983,79.1852,4.3131
NLMS,3,periodavg_0870-0872,37.000000,-7.0854,3.9060,83.5332,79.1852,4.3480
NLMS,3,periodavg_0870-0872,37.053333,-7.1426,4.6390,83.5512,79.1852,4.3660
NLMS,3,periodavg_0870-0872,37.106667,-7.1968,4.6880,83.5757,79.1852,4.3905
NLMS,3,periodavg_0870-0872,37.160000,-7.2306,3.5060,83.5997,79.1852,4.4145
NLMS,3,periodavg_0870-0872,37.200000,-7.2452,3.4992,83.6466,79.1852,4.4614
NLMS,3,periodavg_0870-0872,37.253333,-7.2858,3.2611,83.6749,79.1852,4.4896
NLMS,3,periodavg_0870-0872,37.306667,-7.2828,5.8952,83.7044,79.1852,4.5191
NLMS,3,periodavg_0870-0872,37.360000,-7.3205,3.5927,83.7120,79.1852,4.5267
NLMS,3,periodavg_0870-0872,37.400000,-7.3106,3.9372,83.7421,79.1852,4.5569
NLMS,3,periodavg_0870-0872,37.453333,-7.3646,3.7355,83.7840,79.1852,4.5988
NLMS,3,periodavg_0870-0872,37.506667,-7.3737,2.8638,83.8403,79.1852,4.6551
NLMS,3,periodavg_0870-0872,37.560000,-7.3815,5.5013,83.8276,79.1852,4.6423
NLMS,3,periodavg_0870-0872,37.600000,-7.4146,2.6358,83.8481,79.1852,4.6629
NLMS,3,periodavg_0870-0872,37.653333,-7.3778,3.9462,83.8810,79.1852,4.6958
NLMS,3,periodavg_0870-0872,37.706667,-7.4694,4.2588,83.9366,79.1852,4.7514
NLMS,3,periodavg_0870-0872,37.760000,-7.4532,4.6760,83.9690,79.1852,4.7838
NLMS,3,periodavg_0870-0872,37.800000,-7.5305,5.4823,83.9861,79.1852,4.8009
NLMS,3,periodavg_0870-0872,37.853333,-7.4842,3.8538,84.0926,79.1852,4.9073
NLMS,3,periodavg_0870-0872,37.906667,-7.6081,3.4030,84.1257,79.1852,4.9405
NLMS,3,periodavg_0870-0872,37.960000,-7.6317,4.3443,84.1309,79.1852,4.9456
NLMS,3,periodavg_0870-0872,38.000000,-7.6200,4.4872,84.1645,79.1852,4.9793
NLMS,3,periodavg_0870-0872,38.053333,-7.6966,4.7113,84.2219,79.1852,5.0367
NLMS,3,periodavg_0870-0872,38.106667,-7.7462,4.1805,84.2333,79.1852,5.0480
NLMS,3,periodavg_0870-0872,38.160000,-7.7698,3.6401,84.2442,79.1852,5.0590
NLMS,3,periodavg_0870-0872,38.200000,-7.7536,4.2410,84.2931,79.1852,5.1078
NLMS,3,periodavg_0870-0872,38.253333,-7.8070,4.9568,84.3218,79.1852,5.1366
NLMS,3,periodavg_0870-0872,38.306667,-7.7788,6.0537,84.3581,79.1852,5.1728
NLMS,3,periodavg_0870-0872,38.360000,-7.9133,3.0752,84.3756,79.1852,5.1903
NLMS,3,periodavg_0870-0872,38.400000,-7.9108,4.7340,84.3916,79.1852,5.2064
NLMS,3,periodavg_0870-0872,38.453333,-7.9679,4.2811,84.4355,79.1852,5.2502
NLMS,3,periodavg_0870-0872,38.506667,-7.9201,3.4296,84.4371,79.1852,5.2519
NLMS,3,periodavg_0870-0872,38.560000,-7.9381,3.1794,84.4562,79.1852,5.2709
NLMS,3,periodavg_0870-0872,38.600000,-8.0514,3.4508,84.4763,79.1852,5.2911
NLMS,3,periodavg_0870-0872,38.653333,-8.0663,5.2558,84.5078,79.1852,5.3226
NLMS,3,periodavg_0870-0872,38.706667,-8.0251,3.7369,84.5656,79.1852,5.3804
NLMS,3,periodavg_0870-0872,38.760000,-7.9547,4.2973,84.5339,79.1852,5.3486
NLMS,3,periodavg_0870-0872,38.800000,-8.0924,3.8432,84.5620,79.1852,5.3768
NLMS,3,periodavg_0870-0872,38.853333,-8.0924,2.9733,84.6522,79.1852,5.4670
NLMS,3,periodavg_0870-0872,38.906667,-8.0443,5.2846,84.6569,79.1852,5.4717
NLMS,3,periodavg_0870-0872,38.960000,-8.1521,4.3761,84.6755,79.1852,5.4903
NLMS,3,periodavg_0870-0872,39.000000,-8.1923,4.6969,84.7689,79.1852,5.5836
NLMS,3,periodavg_0870-0872,39.053333,-8.1808,4.6487,84.7869,79.1852,5.6017
NLMS,3,periodavg_0870-0872,39.106667,-8.0812,4.4650,84.7634,79.1852,5.5782
NLMS,3,periodavg_0870-0872,39.160000,-8.2347,2.9257,84.8227,79.1852,5.6375
NLMS,3,periodavg_0870-0872,39.200000,-8.1374,4.6245,84.8676,79.1852,5.6824
NLMS,3,periodavg_0870-0872,39.253333,-8.2339,4.3146,84.9098,79.1852,5.7246
NLMS,3,periodavg_0870-0872,39.306667,-8.3866,3.7357,84.9247,79.1852,5.7395
NLMS,3,periodavg_0870-0872,39.360000,-8.3588,4.5979,84.9405,79.1852,5.7553
NLMS,3,periodavg_0870-0872,39.400000,-8.3461,3.6829,84.9679,79.1852,5.7827
NLMS,3,periodavg_0870-0872,39.453333,-8.4398,4.3359,84.9972,79.1852,5.8120
NLMS,3,periodavg_0870-0872,39.506667,-8.4671,4.3219,85.0073,79.1852,5.8221
NLMS,3,periodavg_0870-0872,39.560000,-8.4809,5.3464,85.0557,79.1852,5.8704
NLMS,3,periodavg_0870-0872,39.600000,-8.4764,4.6410,85.0570,79.1852,5.8717
NLMS,3,periodavg_0870-0872,39.653333,-8.4851,3.4578,85.0496,79.1852,5.8643
NLMS,3,periodavg_0870-0872,39.706667,-8.5208,3.3333,85.1091,79.1852,5.9239
NLMS,3,periodavg_0870-0872,39.760000,-8.5648,3.6186,85.1469,79.1852,5.9616
NLMS,3,periodavg_0870-0872,39.800000,-8.6365,4.7041,85.1742,79.1852,5.9890
NLMS,3,periodavg_0870-0872,39.853333,-8.6416,4.6473,85.2080,79.1852,6.0228
NLMS,3,periodavg_0870-0872,39.906667,-8.6546,3.8466,85.2013,79.1852,6.0160
NLMS,3,periodavg_0870-0872,39.960000,-8.6594,3.7813,85.2661,79.1852,6.0808
NLMS,3,periodavg_0870-0872,40.000000,-8.7328,3.4503,85.2823,79.1852,6.0971
NLMS-PCA (K=20/20),0,periodavg_1056-1058,0.013333,-5.9662,5.3593,88.8529,84.0444,4.8085
NLMS-PCA (K=20/20),0,periodavg_1056-1058,0.053333,-4.8989,4.6169,88.9471,84.0444,4.9027
NLMS-PCA (K=20/20),0,periodavg_1056-1058,0.106667,-5.5213,2.6256,89.0919,84.0444,5.0475
NLMS-PCA (K=20/20),0,periodavg_1056-1058,0.160000,-5.3648,3.2217,89.6407,84.0444,5.5963
NLMS-PCA (K=20/20),0,periodavg_1056-1058,0.200000,-5.5735,3.9075,88.9583,84.0444,4.9139
NLMS-PCA (K=20/20),0,periodavg_1056-1058,0.253333,-5.3498,2.2515,89.5802,84.0444,5.5358
NLMS-PCA (K=20/20),0,periodavg_1056-1058,0.306667,-4.9296,2.4940,81.7377,84.0444,-2.3067
NLMS-PCA (K=20/20),0,periodavg_1056-1058,0.360000,-5.6545,2.6223,87.6142,84.0444,3.5698
NLMS-PCA (K=20/20),0,periodavg_1056-1058,0.400000,-5.8821,1.7800,89.6231,84.0444,5.5786
NLMS-PCA (K=20/20),0,periodavg_1056-1058,0.453333,-4.8084,1.6293,88.4683,84.0444,4.4239
NLMS-PCA (K=20/20),0,periodavg_1056-1058,0.506667,-4.9334,2.8827,87.8252,84.0444,3.7808
NLMS-PCA (K=20/20),0,periodavg_1056-1058,0.560000,-4.8653,3.1921,85.3191,84.0444,1.2747
NLMS-PCA (K=20/20),0,periodavg_1056-1058,0.600000,-5.0283,2.7895,88.4932,84.0444,4.4488
NLMS-PCA (K=20/20),0,periodavg_1056-1058,0.653333,-4.8373,2.3241,88.2031,84.0444,4.1587
NLMS-PCA (K=20/20),0,periodavg_1056-1058,0.706667,-5.2107,2.7606,88.8653,84.0444,4.8209
NLMS-PCA (K=20/20),0,periodavg_1056-1058,0.760000,-4.2863,2.9705,88.3897,84.0444,4.3453
NLMS-PCA (K=20/20),0,periodavg_1056-1058,0.800000,-4.7346,2.7718,88.3162,84.0444,4.2718
NLMS-PCA (K=20/20),0,periodavg_1056-1058,0.853333,-5.0264,1.6552,88.9413,84.0444,4.8969
NLMS-PCA (K=20/20),0,periodavg_1056-1058,0.906667,-5.0691,2.2074,89.1056,84.0444,5.0612
NLMS-PCA (K=20/20),0,periodavg_1056-1058,0.960000,-4.6578,3.9349,83.4918,84.0444,-0.5526
NLMS-PCA (K=20/20),0,periodavg_1056-1058,1.000000,-4.1622,2.0186,86.9407,84.0444,2.8963
NLMS-PCA (K=20/20),0,periodavg_1056-1058,1.053333,-4.6871,2.7438,84.4571,84.0444,0.4127
NLMS-PCA (K=20/20),0,periodavg_1056-1058,1.106667,-4.3847,2.0015,86.4813,84.0444,2.4369
NLMS-PCA (K=20/20),0,periodavg_1056-1058,1.160000,-4.3912,2.8015,87.9086,84.0444,3.8642
NLMS-PCA (K=20/20),0,periodavg_1056-1058,1.200000,-4.5151,1.5610,83.8693,84.0444,-0.1751
NLMS-PCA (K=20/20),0,periodavg_1056-1058,1.253333,-5.4993,2.2678,88.9807,84.0444,4.9363
NLMS-PCA (K=20/20),0,periodavg_1056-1058,1.306667,-5.1076,0.9138,83.8003,84.0444,-0.2441
NLMS-PCA (K=20/20),0,periodavg_1056-1058,1.360000,-4.9756,1.7653,87.9870,84.0444,3.9426
NLMS-PCA (K=20/20),0,periodavg_1056-1058,1.400000,-4.2942,3.3254,88.8781,84.0444,4.8337
NLMS-PCA (K=20/20),0,periodavg_1056-1058,1.453333,-4.1451,2.7904,88.2980,84.0444,4.2536
NLMS-PCA (K=20/20),0,periodavg_1056-1058,1.506667,-5.0552,2.0878,89.1168,84.0444,5.0724
NLMS-PCA (K=20/20),0,periodavg_1056-1058,1.560000,-3.2162,3.7590,81.8320,84.0444,-2.2124
NLMS-PCA (K=20/20),0,periodavg_1056-1058,1.600000,-4.0569,2.1244,89.0936,84.0444,5.0492
NLMS-PCA (K=20/20),0,periodavg_1056-1058,1.653333,-4.9134,1.8998,90.6075,84.0444,6.5631
NLMS-PCA (K=20/20),0,periodavg_1056-1058,1.706667,-5.0935,1.9746,89.4087,84.0444,5.3643
NLMS-PCA (K=20/20),0,periodavg_1056-1058,1.760000,-4.7478,1.9749,86.2298,84.0444,2.1853
NLMS-PCA (K=20/20),0,periodavg_1056-1058,1.800000,-5.8230,1.4727,89.5771,84.0444,5.5327
NLMS-PCA (K=20/20),0,periodavg_1056-1058,1.853333,-5.4107,3.3098,89.9777,84.0444,5.9333
NLMS-PCA (K=20/20),0,periodavg_1056-1058,1.906667,-5.4140,2.2419,88.9722,84.0444,4.9278
NLMS-PCA (K=20/20),0,periodavg_1056-1058,1.960000,-5.2140,2.7354,89.4110,84.0444,5.3666
NLMS-PCA (K=20/20),0,periodavg_1056-1058,2.000000,-4.9221,2.8741,82.7897,84.0444,-1.2547
NLMS-PCA (K=20/20),0,periodavg_1056-1058,2.053333,-5.4880,1.6378,89.2724,84.0444,5.2280
NLMS-PCA (K=20/20),0,periodavg_1056-1058,2.106667,-5.9266,2.4518,90.1487,84.0444,6.1043
NLMS-PCA (K=20/20),0,periodavg_1056-1058,2.160000,-4.6679,2.6167,83.1722,84.0444,-0.8722
NLMS-PCA (K=20/20),0,periodavg_1056-1058,2.200000,-5.1989,4.1477,89.6660,84.0444,5.6216
NLMS-PCA (K=20/20),0,periodavg_1056-1058,2.253333,-5.6113,2.4413,85.6190,84.0444,1.5746
NLMS-PCA (K=20/20),0,periodavg_1056-1058,2.306667,-5.1887,2.1860,87.7309,84.0444,3.6865
NLMS-PCA (K=20/20),0,periodavg_1056-1058,2.360000,-5.1832,3.2624,86.3450,84.0444,2.3006
NLMS-PCA (K=20/20),0,periodavg_1056-1058,2.400000,-4.9540,3.0016,89.2320,84.0444,5.1876
NLMS-PCA (K=20/20),0,periodavg_1056-1058,2.453333,-5.2027,1.0451,87.9697,84.0444,3.9253
NLMS-PCA (K=20/20),0,periodavg_1056-1058,2.506667,-4.4840,2.5718,83.0782,84.0444,-0.9662
NLMS-PCA (K=20/20),0,periodavg_1056-1058,2.560000,-4.1982,1.8810,89.1883,84.0444,5.1439
NLMS-PCA (K=20/20),0,periodavg_1056-1058,2.600000,-5.3113,2.0786,85.4592,84.0444,1.4147
NLMS-PCA (K=20/20),0,periodavg_1056-1058,2.653333,-4.9206,2.4699,87.9633,84.0444,3.9189
NLMS-PCA (K=20/20),0,periodavg_1056-1058,2.706667,-5.3862,1.4465,88.0901,84.0444,4.0456
NLMS-PCA (K=20/20),0,periodavg_1056-1058,2.760000,-5.7628,2.0526,89.5489,84.0444,5.5045
NLMS-PCA (K=20/20),0,periodavg_1056-1058,2.800000,-5.1884,3.7835,89.6151,84.0444,5.5707
NLMS-PCA (K=20/20),0,periodavg_1056-1058,2.853333,-5.3895,3.5731,88.9665,84.0444,4.9221
NLMS-PCA (K=20/20),0,periodavg_1056-1058,2.906667,-5.6036,3.4425,89.1965,84.0444,5.1521
NLMS-PCA (K=20/20),0,periodavg_1056-1058,2.960000,-4.9146,2.1831,88.8762,84.0444,4.8318
NLMS-PCA (K=20/20),0,periodavg_1056-1058,3.000000,-5.6790,1.8653,86.1451,84.0444,2.1007
NLMS-PCA (K=20/20),0,periodavg_1056-1058,3.053333,-5.5065,2.7472,89.3693,84.0444,5.3249
NLMS-PCA (K=20/20),0,periodavg_1056-1058,3.106667,-5.0395,2.2746,88.1808,84.0444,4.1364
NLMS-PCA (K=20/20),0,periodavg_1056-1058,3.160000,-5.5464,1.5955,89.3180,84.0444,5.2736
NLMS-PCA (K=20/20),0,periodavg_1056-1058,3.200000,-5.4611,2.4294,88.9317,84.0444,4.8873
NLMS-PCA (K=20/20),0,periodavg_1056-1058,3.253333,-5.6403,2.2155,89.3402,84.0444,5.2958
NLMS-PCA (K=20/20),0,periodavg_1056-1058,3.306667,-4.9374,2.5033,89.0043,84.0444,4.9599
NLMS-PCA (K=20/20),0,periodavg_1056-1058,3.360000,-4.4714,2.6905,83.3193,84.0444,-0.7251
NLMS-PCA (K=20/20),0,periodavg_1056-1058,3.400000,-5.1214,1.6227,88.5716,84.0444,4.5272
NLMS-PCA (K=20/20),0,periodavg_1056-1058,3.453333,-4.6771,1.5832,87.6782,84.0444,3.6338
NLMS-PCA (K=20/20),0,periodavg_1056-1058,3.506667,-4.0423,3.0434,87.1048,84.0444,3.0604
NLMS-PCA (K=20/20),0,periodavg_1056-1058,3.560000,-4.8536,3.3544,88.7500,84.0444,4.7056
NLMS-PCA (K=20/20),0,periodavg_1056-1058,3.600000,-5.1744,1.3278,87.7175,84.0444,3.6731
NLMS-PCA (K=20/20),0,periodavg_1056-1058,3.653333,-4.2402,3.2343,82.9568,84.0444,-1.0876
NLMS-PCA (K=20/20),0,periodavg_1056-1058,3.706667,-5.1289,1.8772,88.5240,84.0444,4.4796
NLMS-PCA (K=20/20),0,periodavg_1056-1058,3.760000,-5.1786,2.1207,86.1748,84.0444,2.1304
NLMS-PCA (K=20/20),0,periodavg_1056-1058,3.800000,-5.2928,2.7003,89.3042,84.0444,5.2598
NLMS-PCA (K=20/20),0,periodavg_1056-1058,3.853333,-5.1058,2.6128,88.1236,84.0444,4.0792
NLMS-PCA (K=20/20),0,periodavg_1056-1058,3.906667,-4.6380,2.0518,88.5724,84.0444,4.5280
NLMS-PCA (K=20/20),0,periodavg_1056-1058,3.960000,-4.7531,1.9913,89.3462,84.0444,5.3018
NLMS-PCA (K=20/20),0,periodavg_1056-1058,4.000000,-5.8102,1.3917,89.3956,84.0444,5.3512
NLMS-PCA (K=20/20),0,periodavg_1056-1058,4.053333,-5.0090,2.0595,87.1676,84.0444,3.1232
NLMS-PCA (K=20/20),0,periodavg_1056-1058,4.106667,-4.9310,2.1054,82.5534,84.0444,-1.4910
NLMS-PCA (K=20/20),0,periodavg_1056-1058,4.160000,-5.7412,1.9790,89.4561,84.0444,5.4117
NLMS-PCA (K=20/20),0,periodavg_1056-1058,4.200000,-5.4048,1.9993,89.8814,84.0444,5.8369
NLMS-PCA (K=20/20),0,periodavg_1056-1058,4.253333,-4.8955,2.4023,86.4792,84.0444,2.4348
NLMS-PCA (K=20/20),0,periodavg_1056-1058,4.306667,-2.4228,3.1081,76.8430,84.0444,-7.2014
NLMS-PCA (K=20/20),0,periodavg_1056-1058,4.360000,-4.3961,1.1861,86.7087,84.0444,2.6642
NLMS-PCA (K=20/20),0,periodavg_1056-1058,4.400000,-4.2088,2.5839,87.6122,84.0444,3.5678
NLMS-PCA (K=20/20),0,periodavg_1056-1058,4.453333,-4.2984,2.8418,87.4838,84.0444,3.4394
NLMS-PCA (K=20/20),0,periodavg_1056-1058,4.506667,-4.8056,2.9488,88.3410,84.0444,4.2966
NLMS-PCA (K=20/20),0,periodavg_1056-1058,4.560000,-3.9185,3.7218,85.4033,84.0444,1.3589
NLMS-PCA (K=20/20),0,periodavg_1056-1058,4.600000,-5.1062,1.4062,89.1607,84.0444,5.1163
NLMS-PCA (K=20/20),0,periodavg_1056-1058,4.653333,-3.6874,3.6607,87.7114,84.0444,3.6670
NLMS-PCA (K=20/20),0,periodavg_1056-1058,4.706667,-3.7355,2.6172,88.1481,84.0444,4.1037
NLMS-PCA (K=20/20),0,periodavg_1056-1058,4.760000,-4.1301,2.8170,88.4600,84.0444,4.4156
NLMS-PCA (K=20/20),0,periodavg_1056-1058,4.800000,-4.0621,4.8878,83.3505,84.0444,-0.6939
NLMS-PCA (K=20/20),0,periodavg_1056-1058,4.853333,-3.0230,3.0116,83.4086,84.0444,-0.6358
NLMS-PCA (K=20/20),0,periodavg_1056-1058,4.906667,-3.9473,1.9447,87.1739,84.0444,3.1295
NLMS-PCA (K=20/20),0,periodavg_1056-1058,4.960000,-4.0148,2.1452,87.6111,84.0444,3.5667
NLMS-PCA (K=20/20),0,periodavg_1056-1058,5.000000,-3.7123,2.3899,86.7158,84.0444,2.6713
NLMS-PCA (K=20/20),0,periodavg_1056-1058,5.053333,-3.7612,1.7249,86.6188,84.0444,2.5744
NLMS-PCA (K=20/20),0,periodavg_1056-1058,5.106667,-3.5496,2.6267,87.0168,84.0444,2.9724
NLMS-PCA (K=20/20),0,periodavg_1056-1058,5.160000,-3.4707,1.5401,83.1745,84.0444,-0.8699
NLMS-PCA (K=20/20),0,periodavg_1056-1058,5.200000,-3.9139,2.0010,85.8515,84.0444,1.8071
NLMS-PCA (K=20/20),0,periodavg_1056-1058,5.253333,-3.7280,3.1490,88.0817,84.0444,4.0373
NLMS-PCA (K=20/20),0,periodavg_1056-1058,5.306667,-3.8790,2.0329,88.4589,84.0444,4.4145
NLMS-PCA (K=20/20),0,periodavg_1056-1058,5.360000,-4.7129,2.5364,87.9272,84.0444,3.8828
NLMS-PCA (K=20/20),0,periodavg_1056-1058,5.400000,-4.5117,2.2137,87.9638,84.0444,3.9194
NLMS-PCA (K=20/20),0,periodavg_1056-1058,5.453333,-4.4154,1.0519,87.6605,84.0444,3.6161
NLMS-PCA (K=20/20),0,periodavg_1056-1058,5.506667,-4.6876,2.6581,87.9516,84.0444,3.9072
NLMS-PCA (K=20/20),0,periodavg_1056-1058,5.560000,-5.3983,1.9845,88.4740,84.0444,4.4296
NLMS-PCA (K=20/20),0,periodavg_1056-1058,5.600000,-4.6159,3.2878,84.8580,84.0444,0.8136
NLMS-PCA (K=20/20),0,periodavg_1056-1058,5.653333,-4.8567,2.1465,88.2390,84.0444,4.1946
NLMS-PCA (K=20/20),0,periodavg_1056-1058,5.706667,-4.2552,3.0355,86.6174,84.0444,2.5730
NLMS-PCA (K=20/20),0,periodavg_1056-1058,5.760000,-4.1695,2.1444,84.0757,84.0444,0.0313
NLMS-PCA (K=20/20),0,periodavg_1056-1058,5.800000,-4.6239,1.9616,87.2130,84.0444,3.1686
NLMS-PCA (K=20/20),0,periodavg_1056-1058,5.853333,-3.8935,2.6809,86.7577,84.0444,2.7133
NLMS-PCA (K=20/20),0,periodavg_1056-1058,5.906667,-4.2538,1.5316,86.4257,84.0444,2.3813
NLMS-PCA (K=20/20),0,periodavg_1056-1058,5.960000,-4.5703,2.1794,86.5677,84.0444,2.5233
NLMS-PCA (K=20/20),0,periodavg_1056-1058,6.000000,-4.5064,2.3158,86.9686,84.0444,2.9242
NLMS-PCA (K=20/20),0,periodavg_1056-1058,6.053333,-4.1456,2.6122,87.4050,84.0444,3.3606
NLMS-PCA (K=20/20),0,periodavg_1056-1058,6.106667,-3.9910,1.9532,87.1522,84.0444,3.1078
NLMS-PCA (K=20/20),0,periodavg_1056-1058,6.160000,-4.4403,2.4075,88.7325,84.0444,4.6881
NLMS-PCA (K=20/20),0,periodavg_1056-1058,6.200000,-4.5964,1.8078,87.6368,84.0444,3.5924
NLMS-PCA (K=20/20),0,periodavg_1056-1058,6.253333,-5.6245,2.3709,89.5757,84.0444,5.5313
NLMS-PCA (K=20/20),0,periodavg_1056-1058,6.306667,-4.7049,3.1489,89.0659,84.0444,5.0215
NLMS-PCA (K=20/20),0,periodavg_1056-1058,6.360000,-5.3531,2.7409,88.6862,84.0444,4.6418
NLMS-PCA (K=20/20),0,periodavg_1056-1058,6.400000,-4.6875,2.6235,85.7541,84.0444,1.7097
NLMS-PCA (K=20/20),0,periodavg_1056-1058,6.453333,-5.5439,2.0438,89.4983,84.0444,5.4538
NLMS-PCA (K=20/20),0,periodavg_1056-1058,6.506667,-5.8988,2.1030,89.8047,84.0444,5.7603
NLMS-PCA (K=20/20),0,periodavg_1056-1058,6.560000,-5.5249,3.1023,89.6856,84.0444,5.6412
NLMS-PCA (K=20/20),0,periodavg_1056-1058,6.600000,-5.8686,2.1593,89.0141,84.0444,4.9697
NLMS-PCA (K=20/20),0,periodavg_1056-1058,6.653333,-5.3693,3.4068,89.5798,84.0444,5.5354
NLMS-PCA (K=20/20),0,periodavg_1056-1058,6.706667,-5.3447,2.5537,89.6816,84.0444,5.6372
NLMS-PCA (K=20/20),0,periodavg_1056-1058,6.760000,-5.7302,2.1424,89.6184,84.0444,5.5740
NLMS-PCA (K=20/20),0,periodavg_1056-1058,6.800000,-4.3734,2.1551,85.6815,84.0444,1.6371
NLMS-PCA (K=20/20),0,periodavg_1056-1058,6.853333,-4.6540,2.4558,88.2855,84.0444,4.2411
NLMS-PCA (K=20/20),0,periodavg_1056-1058,6.906667,-4.5807,2.4747,88.2200,84.0444,4.1756
NLMS-PCA (K=20/20),0,periodavg_1056-1058,6.960000,-4.4974,2.8976,89.4719,84.0444,5.4275
NLMS-PCA (K=20/20),0,periodavg_1056-1058,7.000000,-5.0714,2.9645,88.9383,84.0444,4.8939
NLMS-PCA (K=20/20),0,periodavg_1056-1058,7.053333,-4.4485,2.1145,84.0413,84.0444,-0.0031
NLMS-PCA (K=20/20),0,periodavg_1056-1058,7.106667,-5.5489,2.1300,84.4370,84.0444,0.3926
NLMS-PCA (K=20/20),0,periodavg_1056-1058,7.160000,-4.0553,2.0147,85.0963,84.0444,1.0519
NLMS-PCA (K=20/20),0,periodavg_1056-1058,7.200000,-5.2904,0.9897,89.0298,84.0444,4.9854
NLMS-PCA (K=20/20),0,periodavg_1056-1058,7.253333,-5.5288,2.6333,88.5868,84.0444,4.5424
NLMS-PCA (K=20/20),0,periodavg_1056-1058,7.306667,-4.4619,1.8455,88.6550,84.0444,4.6106
NLMS-PCA (K=20/20),0,periodavg_1056-1058,7.360000,-4.6173,2.0648,88.0777,84.0444,4.0332
NLMS-PCA (K=20/20),0,periodavg_1056-1058,7.400000,-4.6158,2.1821,87.4483,84.0444,3.4039
NLMS-PCA (K=20/20),0,periodavg_1056-1058,7.453333,-4.3907,2.5667,88.1960,84.0444,4.1516
NLMS-PCA (K=20/20),0,periodavg_1056-1058,7.506667,-3.8543,2.9904,87.9422,84.0444,3.8978
NLMS-PCA (K=20/20),0,periodavg_1056-1058,7.560000,-3.4092,3.6938,87.9586,84.0444,3.9142
NLMS-PCA (K=20/20),0,periodavg_1056-1058,7.600000,-4.5711,0.9506,89.5307,84.0444,5.4863
NLMS-PCA (K=20/20),0,periodavg_1056-1058,7.653333,-4.9046,2.3812,89.4656,84.0444,5.4212
NLMS-PCA (K=20/20),0,periodavg_1056-1058,7.706667,-4.1110,2.5044,87.0472,84.0444,3.0028
NLMS-PCA (K=20/20),0,periodavg_1056-1058,7.760000,-4.7415,2.2331,88.1558,84.0444,4.1113
NLMS-PCA (K=20/20),0,periodavg_1056-1058,7.800000,-5.1225,3.5315,88.1380,84.0444,4.0936
NLMS-PCA (K=20/20),0,periodavg_1056-1058,7.853333,-4.3832,1.7523,84.2038,84.0444,0.1594
NLMS-PCA (K=20/20),0,periodavg_1056-1058,7.906667,-5.1452,2.4930,88.7460,84.0444,4.7016
NLMS-PCA (K=20/20),0,periodavg_1056-1058,7.960000,-4.6726,3.4539,85.9155,84.0444,1.8711
NLMS-PCA (K=20/20),0,periodavg_1056-1058,8.000000,-4.3313,2.9579,88.0935,84.0444,4.0491
NLMS-PCA (K=20/20),0,periodavg_1056-1058,8.053333,-5.6304,1.5548,89.2648,84.0444,5.2204
NLMS-PCA (K=20/20),0,periodavg_1056-1058,8.106667,-5.4985,2.3633,89.1277,84.0444,5.0833
NLMS-PCA (K=20/20),0,periodavg_1056-1058,8.160000,-5.3474,1.5679,88.9037,84.0444,4.8593
NLMS-PCA (K=20/20),0,periodavg_1056-1058,8.200000,-5.4476,2.9345,89.2891,84.0444,5.2447
NLMS-PCA (K=20/20),0,periodavg_1056-1058,8.253333,-4.3074,3.6431,81.8750,84.0444,-2.1694
NLMS-PCA (K=20/20),0,periodavg_1056-1058,8.306667,-5.1203,2.1444,88.8938,84.0444,4.8494
NLMS-PCA (K=20/20),0,periodavg_1056-1058,8.360000,-4.0860,3.0468,86.1489,84.0444,2.1045
NLMS-PCA (K=20/20),0,periodavg_1056-1058,8.400000,-5.6236,0.7939,89.1396,84.0444,5.0952
NLMS-PCA (K=20/20),0,periodavg_1056-1058,8.453333,-4.7176,2.3825,88.3890,84.0444,4.3446
NLMS-PCA (K=20/20),0,periodavg_1056-1058,8.506667,-4.4403,2.5532,83.3599,84.0444,-0.6845
NLMS-PCA (K=20/20),0,periodavg_1056-1058,8.560000,-4.6797,2.6016,88.5624,84.0444,4.5180
NLMS-PCA (K=20/20),0,periodavg_1056-1058,8.600000,-5.2116,2.9686,88.2734,84.0444,4.2290
NLMS-PCA (K=20/20),0,periodavg_1056-1058,8.653333,-4.0887,1.3747,87.6025,84.0444,3.5581
NLMS-PCA (K=20/20),0,periodavg_1056-1058,8.706667,-3.6668,2.5391,87.6073,84.0444,3.5629
NLMS-PCA (K=20/20),0,periodavg_1056-1058,8.760000,-3.2775,4.2625,83.2119,84.0444,-0.8325
NLMS-PCA (K=20/20),0,periodavg_1056-1058,8.800000,-4.3319,0.5208,87.7704,84.0444,3.7260
NLMS-PCA (K=20/20),0,periodavg_1056-1058,8.853333,-4.0105,2.0471,87.0225,84.0444,2.9781
NLMS-PCA (K=20/20),0,periodavg_1056-1058,8.906667,-2.9537,2.7211,86.3215,84.0444,2.2771
NLMS-PCA (K=20/20),0,periodavg_1056-1058,8.960000,-3.6856,1.8321,86.9832,84.0444,2.9387
NLMS-PCA (K=20/20),0,periodavg_1056-1058,9.000000,-4.4552,1.9603,87.5157,84.0444,3.4713
NLMS-PCA (K=20/20),0,periodavg_1056-1058,9.053333,-4.6463,1.9506,87.8711,84.0444,3.8267
NLMS-PCA (K=20/20),0,periodavg_1056-1058,9.106667,-5.1455,2.7648,89.2100,84.0444,5.1656
NLMS-PCA (K=20/20),0,periodavg_1056-1058,9.160000,-4.6584,2.9342,88.3458,84.0444,4.3014
NLMS-PCA (K=20/20),0,periodavg_1056-1058,9.200000,-4.5260,2.5408,86.2740,84.0444,2.2296
NLMS-PCA (K=20/20),0,periodavg_1056-1058,9.253333,-5.3313,2.1938,89.5207,84.0444,5.4763
NLMS-PCA (K=20/20),0,periodavg_1056-1058,9.306667,-5.5485,1.9721,89.0098,84.0444,4.9654
NLMS-PCA (K=20/20),0,periodavg_1056-1058,9.360000,-5.5966,2.8415,88.9314,84.0444,4.8870
NLMS-PCA (K=20/20),0,periodavg_1056-1058,9.400000,-5.1628,2.9599,88.4072,84.0444,4.3628
NLMS-PCA (K=20/20),0,periodavg_1056-1058,9.453333,-4.9764,2.4487,88.8357,84.0444,4.7913
NLMS-PCA (K=20/20),0,periodavg_1056-1058,9.506667,-5.0541,1.9847,88.5475,84.0444,4.5031
NLMS-PCA (K=20/20),0,periodavg_1056-1058,9.560000,-5.2653,2.4229,88.7688,84.0444,4.7244
NLMS-PCA (K=20/20),0,periodavg_1056-1058,9.600000,-5.0310,3.7355,88.8666,84.0444,4.8222
NLMS-PCA (K=20/20),0,periodavg_1056-1058,9.653333,-4.2744,2.2175,88.2374,84.0444,4.1930
NLMS-PCA (K=20/20),0,periodavg_1056-1058,9.706667,-5.4582,2.2422,88.5155,84.0444,4.4711
NLMS-PCA (K=20/20),0,periodavg_1056-1058,9.760000,-5.0486,2.3843,87.0212,84.0444,2.9768
NLMS-PCA (K=20/20),0,periodavg_1056-1058,9.800000,-4.7483,3.6205,86.7347,84.0444,2.6903
NLMS-PCA (K=20/20),0,periodavg_1056-1058,9.853333,-5.3229,1.2998,89.2057,84.0444,5.1613
NLMS-PCA (K=20/20),0,periodavg_1056-1058,9.906667,-5.0945,2.1141,88.4784,84.0444,4.4340
NLMS-PCA (K=20/20),0,periodavg_1056-1058,9.960000,-4.5854,2.2458,87.3663,84.0444,3.3219
NLMS-PCA (K=20/20),0,periodavg_1056-1058,10.000000,-4.9915,2.7342,88.0757,84.0444,4.0313
NLMS-PCA (K=20/20),1,periodavg_0783-0785,10.013333,4.2244,-5.5295,84.1419,83.1503,0.9916
NLMS-PCA (K=20/20),1,periodavg_0783-0785,10.053333,3.4595,2.2795,83.9928,83.1503,0.8425
NLMS-PCA (K=20/20),1,periodavg_0783-0785,10.106667,3.0463,2.7172,84.7459,83.1503,1.5956
NLMS-PCA (K=20/20),1,periodavg_0783-0785,10.160000,2.5034,1.5244,85.0375,83.1503,1.8873
NLMS-PCA (K=20/20),1,periodavg_0783-0785,10.200000,2.2496,2.7671,85.0085,83.1503,1.8583
NLMS-PCA (K=20/20),1,periodavg_0783-0785,10.253333,0.9805,1.9095,84.8560,83.1503,1.7057
NLMS-PCA (K=20/20),1,periodavg_0783-0785,10.306667,0.4071,1.4091,85.5056,83.1503,2.3554
NLMS-PCA (K=20/20),1,periodavg_0783-0785,10.360000,0.6438,2.6058,85.7490,83.1503,2.5987
NLMS-PCA (K=20/20),1,periodavg_0783-0785,10.400000,-0.3949,1.5195,86.0287,83.1503,2.8784
NLMS-PCA (K=20/20),1,periodavg_0783-0785,10.453333,0.1307,1.4905,85.4524,83.1503,2.3021
NLMS-PCA (K=20/20),1,periodavg_0783-0785,10.506667,0.0644,1.4908,85.9998,83.1503,2.8496
NLMS-PCA (K=20/20),1,periodavg_0783-0785,10.560000,-0.4258,2.1839,85.8954,83.1503,2.7452
NLMS-PCA (K=20/20),1,periodavg_0783-0785,10.600000,-0.3415,1.7227,85.7637,83.1503,2.6134
NLMS-PCA (K=20/20),1,periodavg_0783-0785,10.653333,-0.8903,2.0430,86.2280,83.1503,3.0778
NLMS-PCA (K=20/20),1,periodavg_0783-0785,10.706667,-0.6724,2.2673,85.6275,83.1503,2.4773
NLMS-PCA (K=20/20),1,periodavg_0783-0785,10.760000,-0.3117,1.8577,85.7299,83.1503,2.5797
NLMS-PCA (K=20/20),1,periodavg_0783-0785,10.800000,-1.2369,1.0536,86.3639,83.1503,3.2136
NLMS-PCA (K=20/20),1,periodavg_0783-0785,10.853333,-0.7459,1.8870,82.3156,83.1503,-0.8347
NLMS-PCA (K=20/20),1,periodavg_0783-0785,10.906667,-0.2548,1.6303,84.0908,83.1503,0.9405
NLMS-PCA (K=20/20),1,periodavg_0783-0785,10.960000,-0.9641,2.5195,85.7877,83.1503,2.6374
NLMS-PCA (K=20/20),1,periodavg_0783-0785,11.000000,-1.2618,2.4023,86.0176,83.1503,2.8673
NLMS-PCA (K=20/20),1,periodavg_0783-0785,11.053333,-0.8873,2.1976,85.9479,83.1503,2.7977
NLMS-PCA (K=20/20),1,periodavg_0783-0785,11.106667,-0.9893,3.5595,85.6241,83.1503,2.4739
NLMS-PCA (K=20/20),1,periodavg_0783-0785,11.160000,-1.1553,1.8543,85.4305,83.1503,2.2803
NLMS-PCA (K=20/20),1,periodavg_0783-0785,11.200000,-0.8034,2.8219,85.8220,83.1503,2.6717
NLMS-PCA (K=20/20),1,periodavg_0783-0785,11.253333,-0.8785,0.7339,85.7464,83.1503,2.5961
NLMS-PCA (K=20/20),1,periodavg_0783-0785,11.306667,-0.0746,2.6237,85.1047,83.1503,1.9544
NLMS-PCA (K=20/20),1,periodavg_0783-0785,11.360000,-0.4402,1.4086,85.3977,83.1503,2.2475
NLMS-PCA (K=20/20),1,periodavg_0783-0785,11.400000,-0.6695,2.2130,85.9375,83.1503,2.7872
NLMS-PCA (K=20/20),1,periodavg_0783-0785,11.453333,0.4006,3.2239,85.5339,83.1503,2.3836
NLMS-PCA (K=20/20),1,periodavg_0783-0785,11.506667,-1.0064,0.7622,85.5019,83.1503,2.3516
NLMS-PCA (K=20/20),1,periodavg_0783-0785,11.560000,-0.0662,2.7155,83.9901,83.1503,0.8398
NLMS-PCA (K=20/20),1,periodavg_0783-0785,11.600000,0.3552,3.5750,80.7394,83.1503,-2.4109
NLMS-PCA (K=20/20),1,periodavg_0783-0785,11.653333,0.0703,1.8723,84.6003,83.1503,1.4500
NLMS-PCA (K=20/20),1,periodavg_0783-0785,11.706667,-0.1995,2.9739,84.3785,83.1503,1.2282
NLMS-PCA (K=20/20),1,periodavg_0783-0785,11.760000,0.3496,1.9765,84.6210,83.1503,1.4708
NLMS-PCA (K=20/20),1,periodavg_0783-0785,11.800000,0.4166,2.3807,84.6348,83.1503,1.4845
NLMS-PCA (K=20/20),1,periodavg_0783-0785,11.853333,0.1276,3.4253,84.8115,83.1503,1.6612
NLMS-PCA (K=20/20),1,periodavg_0783-0785,11.906667,-0.0112,1.0186,84.3425,83.1503,1.1922
NLMS-PCA (K=20/20),1,periodavg_0783-0785,11.960000,-0.4440,1.2653,85.0566,83.1503,1.9063
NLMS-PCA (K=20/20),1,periodavg_0783-0785,12.000000,-0.9361,1.7813,85.3190,83.1503,2.1687
NLMS-PCA (K=20/20),1,periodavg_0783-0785,12.053333,-0.7492,1.3583,85.6132,83.1503,2.4629
NLMS-PCA (K=20/20),1,periodavg_0783-0785,12.106667,-0.8108,1.0786,85.2298,83.1503,2.0795
NLMS-PCA (K=20/20),1,periodavg_0783-0785,12.160000,0.6314,2.2378,84.4729,83.1503,1.3226
NLMS-PCA (K=20/20),1,periodavg_0783-0785,12.200000,0.3665,1.3796,85.3210,83.1503,2.1707
NLMS-PCA (K=20/20),1,periodavg_0783-0785,12.253333,0.3125,2.3873,84.3375,83.1503,1.1873
NLMS-PCA (K=20/20),1,periodavg_0783-0785,12.306667,0.5728,1.9969,83.9909,83.1503,0.8407
NLMS-PCA (K=20/20),1,periodavg_0783-0785,12.360000,1.7238,2.9032,84.3574,83.1503,1.2071
NLMS-PCA (K=20/20),1,periodavg_0783-0785,12.400000,0.0470,1.9869,84.2716,83.1503,1.1213
NLMS-PCA (K=20/20),1,periodavg_0783-0785,12.453333,0.5033,1.4869,84.8051,83.1503,1.6548
NLMS-PCA (K=20/20),1,periodavg_0783-0785,12.506667,0.8441,1.3858,82.9289,83.1503,-0.2214
NLMS-PCA (K=20/20),1,periodavg_0783-0785,12.560000,-0.0015,1.7788,84.0038,83.1503,0.8535
NLMS-PCA (K=20/20),1,periodavg_0783-0785,12.600000,0.4337,1.5264,82.2667,83.1503,-0.8835
NLMS-PCA (K=20/20),1,periodavg_0783-0785,12.653333,0.2890,0.6583,83.5338,83.1503,0.3836
NLMS-PCA (K=20/20),1,periodavg_0783-0785,12.706667,0.7598,0.9677,84.2170,83.1503,1.0667
NLMS-PCA (K=20/20),1,periodavg_0783-0785,12.760000,0.8375,2.3017,83.8403,83.1503,0.6901
NLMS-PCA (K=20/20),1,periodavg_0783-0785,12.800000,0.6865,2.7606,84.1014,83.1503,0.9511
NLMS-PCA (K=20/20),1,periodavg_0783-0785,12.853333,0.4193,0.7499,84.9083,83.1503,1.7580
NLMS-PCA (K=20/20),1,periodavg_0783-0785,12.906667,0.8089,2.3342,83.9729,83.1503,0.8226
NLMS-PCA (K=20/20),1,periodavg_0783-0785,12.960000,0.7265,1.9905,81.5205,83.1503,-1.6298
NLMS-PCA (K=20/20),1,periodavg_0783-0785,13.000000,0.6810,0.8295,84.6324,83.1503,1.4822
NLMS-PCA (K=20/20),1,periodavg_0783-0785,13.053333,0.1961,3.2822,84.4417,83.1503,1.2914
NLMS-PCA (K=20/20),1,periodavg_0783-0785,13.106667,0.5494,2.4845,85.1151,83.1503,1.9648
NLMS-PCA (K=20/20),1,periodavg_0783-0785,13.160000,-0.3648,1.3499,84.5860,83.1503,1.4357
NLMS-PCA (K=20/20),1,periodavg_0783-0785,13.200000,0.0508,2.6154,83.9863,83.1503,0.8361
NLMS-PCA (K=20/20),1,periodavg_0783-0785,13.253333,-0.2762,1.7722,84.8536,83.1503,1.7033
NLMS-PCA (K=20/20),1,periodavg_0783-0785,13.306667,0.8109,2.7691,84.6642,83.1503,1.5140
NLMS-PCA (K=20/20),1,periodavg_0783-0785,13.360000,-0.1664,1.5417,85.1472,83.1503,1.9969
NLMS-PCA (K=20/20),1,periodavg_0783-0785,13.400000,-0.0150,0.8379,84.9740,83.1503,1.8238
NLMS-PCA (K=20/20),1,periodavg_0783-0785,13.453333,0.2010,1.8140,84.7004,83.1503,1.5502
NLMS-PCA (K=20/20),1,periodavg_0783-0785,13.506667,0.3510,1.4646,84.9284,83.1503,1.7781
NLMS-PCA (K=20/20),1,periodavg_0783-0785,13.560000,0.3813,1.9269,84.6109,83.1503,1.4607
NLMS-PCA (K=20/20),1,periodavg_0783-0785,13.600000,0.1179,1.2170,84.3700,83.1503,1.2197
NLMS-PCA (K=20/20),1,periodavg_0783-0785,13.653333,-0.0899,1.2672,84.8327,83.1503,1.6824
NLMS-PCA (K=20/20),1,periodavg_0783-0785,13.706667,-0.1990,1.7419,84.4585,83.1503,1.3083
NLMS-PCA (K=20/20),1,periodavg_0783-0785,13.760000,0.5552,2.4059,84.1601,83.1503,1.0099
NLMS-PCA (K=20/20),1,periodavg_0783-0785,13.800000,1.1713,3.0239,84.0249,83.1503,0.8746
NLMS-PCA (K=20/20),1,periodavg_0783-0785,13.853333,1.2717,1.5742,83.5077,83.1503,0.3574
NLMS-PCA (K=20/20),1,periodavg_0783-0785,13.906667,0.5555,1.4686,83.6008,83.1503,0.4505
NLMS-PCA (K=20/20),1,periodavg_0783-0785,13.960000,1.8274,3.1399,83.4260,83.1503,0.2758
NLMS-PCA (K=20/20),1,periodavg_0783-0785,14.000000,0.9525,1.2918,83.6652,83.1503,0.5149
NLMS-PCA (K=20/20),1,periodavg_0783-0785,14.053333,2.4823,3.7938,83.1592,83.1503,0.0090
NLMS-PCA (K=20/20),1,periodavg_0783-0785,14.106667,1.3408,2.6469,83.1815,83.1503,0.0312
NLMS-PCA (K=20/20),1,periodavg_0783-0785,14.160000,1.2689,1.2925,83.5934,83.1503,0.4432
NLMS-PCA (K=20/20),1,periodavg_0783-0785,14.200000,1.0591,0.8547,83.6698,83.1503,0.5196
NLMS-PCA (K=20/20),1,periodavg_0783-0785,14.253333,0.9041,1.5924,83.5762,83.1503,0.4260
NLMS-PCA (K=20/20),1,periodavg_0783-0785,14.306667,1.0128,1.4252,83.4562,83.1503,0.3060
NLMS-PCA (K=20/20),1,periodavg_0783-0785,14.360000,0.8957,2.5341,83.4906,83.1503,0.3404
NLMS-PCA (K=20/20),1,periodavg_0783-0785,14.400000,1.2316,0.8700,83.5555,83.1503,0.4052
NLMS-PCA (K=20/20),1,periodavg_0783-0785,14.453333,1.3791,2.1548,83.8934,83.1503,0.7432
NLMS-PCA (K=20/20),1,periodavg_0783-0785,14.506667,1.0626,1.9984,83.5357,83.1503,0.3854
NLMS-PCA (K=20/20),1,periodavg_0783-0785,14.560000,2.2137,1.5652,79.2769,83.1503,-3.8733
NLMS-PCA (K=20/20),1,periodavg_0783-0785,14.600000,1.0488,1.6546,83.4016,83.1503,0.2513
NLMS-PCA (K=20/20),1,periodavg_0783-0785,14.653333,0.6159,1.2537,83.2211,83.1503,0.0708
NLMS-PCA (K=20/20),1,periodavg_0783-0785,14.706667,1.1637,2.3248,83.7466,83.1503,0.5963
NLMS-PCA (K=20/20),1,periodavg_0783-0785,14.760000,0.6946,2.3457,84.0588,83.1503,0.9086
NLMS-PCA (K=20/20),1,periodavg_0783-0785,14.800000,0.6928,1.0439,83.7028,83.1503,0.5526
NLMS-PCA (K=20/20),1,periodavg_0783-0785,14.853333,1.7977,3.9981,83.3856,83.1503,0.2353
NLMS-PCA (K=20/20),1,periodavg_0783-0785,14.906667,0.9070,4.7516,83.4535,83.1503,0.3033
NLMS-PCA (K=20/20),1,periodavg_0783-0785,14.960000,0.7974,1.5828,83.9480,83.1503,0.7977
NLMS-PCA (K=20/20),1,periodavg_0783-0785,15.000000,1.1554,2.7364,83.4339,83.1503,0.2837
NLMS-PCA (K=20/20),1,periodavg_0783-0785,15.053333,1.1569,1.7889,83.7430,83.1503,0.5927
NLMS-PCA (K=20/20),1,periodavg_0783-0785,15.106667,1.4272,1.7467,83.3658,83.1503,0.2155
NLMS-PCA (K=20/20),1,periodavg_0783-0785,15.160000,1.0226,1.0301,83.7448,83.1503,0.5945
NLMS-PCA (K=20/20),1,periodavg_0783-0785,15.200000,0.9361,3.5603,83.7538,83.1503,0.6035
NLMS-PCA (K=20/20),1,periodavg_0783-0785,15.253333,1.0848,2.2074,83.5640,83.1503,0.4138
NLMS-PCA (K=20/20),1,periodavg_0783-0785,15.306667,0.4261,1.5389,83.7595,83.1503,0.6093
NLMS-PCA (K=20/20),1,periodavg_0783-0785,15.360000,0.5786,0.8448,84.6596,83.1503,1.5093
NLMS-PCA (K=20/20),1,periodavg_0783-0785,15.400000,0.9465,2.6584,83.8793,83.1503,0.7290
NLMS-PCA (K=20/20),1,periodavg_0783-0785,15.453333,0.5802,1.7716,84.4127,83.1503,1.2625
NLMS-PCA (K=20/20),1,periodavg_0783-0785,15.506667,0.6985,1.4217,84.0991,83.1503,0.9489
NLMS-PCA (K=20/20),1,periodavg_0783-0785,15.560000,1.4023,1.8255,81.2987,83.1503,-1.8516
NLMS-PCA (K=20/20),1,periodavg_0783-0785,15.600000,1.1447,1.7497,83.6461,83.1503,0.4959
NLMS-PCA (K=20/20),1,periodavg_0783-0785,15.653333,0.7294,0.5464,83.7092,83.1503,0.5589
NLMS-PCA (K=20/20),1,periodavg_0783-0785,15.706667,0.8303,2.9576,83.8526,83.1503,0.7024
NLMS-PCA (K=20/20),1,periodavg_0783-0785,15.760000,1.5663,2.3961,83.1363,83.1503,-0.0140
NLMS-PCA (K=20/20),1,periodavg_0783-0785,15.800000,0.7347,0.8466,83.8778,83.1503,0.7276
NLMS-PCA (K=20/20),1,periodavg_0783-0785,15.853333,1.0596,1.8133,83.8359,83.1503,0.6856
NLMS-PCA (K=20/20),1,periodavg_0783-0785,15.906667,1.8373,3.8759,83.2514,83.1503,0.1011
NLMS-PCA (K=20/20),1,periodavg_0783-0785,15.960000,1.0414,1.8427,83.6540,83.1503,0.5037
NLMS-PCA (K=20/20),1,periodavg_0783-0785,16.000000,1.3416,4.5224,83.9655,83.1503,0.8152
NLMS-PCA (K=20/20),1,periodavg_0783-0785,16.053333,1.9403,2.6367,83.1869,83.1503,0.0367
NLMS-PCA (K=20/20),1,periodavg_0783-0785,16.106667,1.4972,1.0948,83.4208,83.1503,0.2705
NLMS-PCA (K=20/20),1,periodavg_0783-0785,16.160000,1.2645,2.5865,83.5794,83.1503,0.4292
NLMS-PCA (K=20/20),1,periodavg_0783-0785,16.200000,1.8650,2.3121,83.0214,83.1503,-0.1288
NLMS-PCA (K=20/20),1,periodavg_0783-0785,16.253333,2.9736,2.0302,77.7587,83.1503,-5.3916
NLMS-PCA (K=20/20),1,periodavg_0783-0785,16.306667,1.6247,1.1323,83.6587,83.1503,0.5084
NLMS-PCA (K=20/20),1,periodavg_0783-0785,16.360000,1.9435,3.4054,83.0489,83.1503,-0.1014
NLMS-PCA (K=20/20),1,periodavg_0783-0785,16.400000,1.5725,1.8656,83.7384,83.1503,0.5881
NLMS-PCA (K=20/20),1,periodavg_0783-0785,16.453333,1.7719,3.2354,83.8089,83.1503,0.6587
NLMS-PCA (K=20/20),1,periodavg_0783-0785,16.506667,1.3030,1.3400,83.7158,83.1503,0.5655
NLMS-PCA (K=20/20),1,periodavg_0783-0785,16.560000,1.6935,2.3598,83.4812,83.1503,0.3309
NLMS-PCA (K=20/20),1,periodavg_0783-0785,16.600000,1.4929,1.4962,83.4337,83.1503,0.2835
NLMS-PCA (K=20/20),1,periodavg_0783-0785,16.653333,1.4159,1.4899,83.7472,83.1503,0.5970
NLMS-PCA (K=20/20),1,periodavg_0783-0785,16.706667,1.0826,1.2319,83.6389,83.1503,0.4886
NLMS-PCA (K=20/20),1,periodavg_0783-0785,16.760000,1.8338,4.2454,83.3400,83.1503,0.1897
NLMS-PCA (K=20/20),1,periodavg_0783-0785,16.800000,1.1236,2.7903,83.7941,83.1503,0.6439
NLMS-PCA (K=20/20),1,periodavg_0783-0785,16.853333,0.8807,2.3046,83.5252,83.1503,0.3749
NLMS-PCA (K=20/20),1,periodavg_0783-0785,16.906667,1.0679,1.5722,83.5349,83.1503,0.3846
NLMS-PCA (K=20/20),1,periodavg_0783-0785,16.960000,1.2931,3.4460,83.1448,83.1503,-0.0054
NLMS-PCA (K=20/20),1,periodavg_0783-0785,17.000000,1.2484,2.8875,82.9911,83.1503,-0.1591
NLMS-PCA (K=20/20),1,periodavg_0783-0785,17.053333,1.3179,3.0225,83.5269,83.1503,0.3766
NLMS-PCA (K=20/20),1,periodavg_0783-0785,17.106667,1.6265,2.2225,82.0892,83.1503,-1.0611
NLMS-PCA (K=20/20),1,periodavg_0783-0785,17.160000,1.7028,0.9393,82.2031,83.1503,-0.9472
NLMS-PCA (K=20/20),1,periodavg_0783-0785,17.200000,0.5436,1.6206,83.4649,83.1503,0.3146
NLMS-PCA (K=20/20),1,periodavg_0783-0785,17.253333,2.6704,1.5547,82.1722,83.1503,-0.9780
NLMS-PCA (K=20/20),1,periodavg_0783-0785,17.306667,1.2963,2.8486,83.2321,83.1503,0.0818
NLMS-PCA (K=20/20),1,periodavg_0783-0785,17.360000,0.6042,0.0173,83.7706,83.1503,0.6203
NLMS-PCA (K=20/20),1,periodavg_0783-0785,17.400000,0.7116,2.3167,83.8156,83.1503,0.6654
NLMS-PCA (K=20/20),1,periodavg_0783-0785,17.453333,1.5418,2.0774,82.1045,83.1503,-1.0458
NLMS-PCA (K=20/20),1,periodavg_0783-0785,17.506667,0.5955,1.5626,83.6998,83.1503,0.5495
NLMS-PCA (K=20/20),1,periodavg_0783-0785,17.560000,1.6536,1.9495,83.4025,83.1503,0.2523
NLMS-PCA (K=20/20),1,periodavg_0783-0785,17.600000,1.5815,1.1240,83.7730,83.1503,0.6227
NLMS-PCA (K=20/20),1,periodavg_0783-0785,17.653333,1.2871,0.5861,83.5519,83.1503,0.4017
NLMS-PCA (K=20/20),1,periodavg_0783-0785,17.706667,0.9640,2.3108,83.3201,83.1503,0.1699
NLMS-PCA (K=20/20),1,periodavg_0783-0785,17.760000,1.2704,2.9111,83.1991,83.1503,0.0488
NLMS-PCA (K=20/20),1,periodavg_0783-0785,17.800000,0.9413,1.5449,83.2804,83.1503,0.1302
NLMS-PCA (K=20/20),1,periodavg_0783-0785,17.853333,1.0452,2.0081,82.9156,83.1503,-0.2347
NLMS-PCA (K=20/20),1,periodavg_0783-0785,17.906667,1.8004,0.6131,80.1799,83.1503,-2.9704
NLMS-PCA (K=20/20),1,periodavg_0783-0785,17.960000,2.0209,1.9681,82.5548,83.1503,-0.5955
NLMS-PCA (K=20/20),1,periodavg_0783-0785,18.000000,1.1969,1.0582,82.7036,83.1503,-0.4467
NLMS-PCA (K=20/20),1,periodavg_0783-0785,18.053333,1.4020,2.7603,83.0213,83.1503,-0.1290
NLMS-PCA (K=20/20),1,periodavg_0783-0785,18.106667,1.3296,1.7373,83.0171,83.1503,-0.1331
NLMS-PCA (K=20/20),1,periodavg_0783-0785,18.160000,2.2225,2.2266,83.4240,83.1503,0.2738
NLMS-PCA (K=20/20),1,periodavg_0783-0785,18.200000,1.3987,0.4772,82.9844,83.1503,-0.1658
NLMS-PCA (K=20/20),1,periodavg_0783-0785,18.253333,1.7753,2.3155,83.1643,83.1503,0.0141
NLMS-PCA (K=20/20),1,periodavg_0783-0785,18.306667,2.8936,2.6511,78.8036,83.1503,-4.3466
NLMS-PCA (K=20/20),1,periodavg_0783-0785,18.360000,1.2812,0.4324,82.9567,83.1503,-0.1935
NLMS-PCA (K=20/20),1,periodavg_0783-0785,18.400000,1.1170,2.3061,82.8651,83.1503,-0.2851
NLMS-PCA (K=20/20),1,periodavg_0783-0785,18.453333,1.3358,2.3535,83.2471,83.1503,0.0968
NLMS-PCA (K=20/20),1,periodavg_0783-0785,18.506667,1.1279,0.9229,83.2135,83.1503,0.0632
NLMS-PCA (K=20/20),1,periodavg_0783-0785,18.560000,1.9763,2.6763,82.7639,83.1503,-0.3864
NLMS-PCA (K=20/20),1,periodavg_0783-0785,18.600000,1.6253,1.7549,82.6440,83.1503,-0.5063
NLMS-PCA (K=20/20),1,periodavg_0783-0785,18.653333,0.9064,1.3812,82.9943,83.1503,-0.1559
NLMS-PCA (K=20/20),1,periodavg_0783-0785,18.706667,1.3146,3.2053,82.5733,83.1503,-0.5770
NLMS-PCA (K=20/20),1,periodavg_0783-0785,18.760000,1.8254,1.7129,82.7673,83.1503,-0.3830
NLMS-PCA (K=20/20),1,periodavg_0783-0785,18.800000,1.7824,1.8192,82.9821,83.1503,-0.1681
NLMS-PCA (K=20/20),1,periodavg_0783-0785,18.853333,1.9668,1.8166,82.4432,83.1503,-0.7071
NLMS-PCA (K=20/20),1,periodavg_0783-0785,18.906667,2.1006,1.6633,83.1088,83.1503,-0.0415
NLMS-PCA (K=20/20),1,periodavg_0783-0785,18.960000,1.7562,0.6286,83.3514,83.1503,0.2012
NLMS-PCA (K=20/20),1,periodavg_0783-0785,19.000000,2.8502,3.5153,82.3460,83.1503,-0.8043
NLMS-PCA (K=20/20),1,periodavg_0783-0785,19.053333,1.6382,0.5330,82.8970,83.1503,-0.2533
NLMS-PCA (K=20/20),1,periodavg_0783-0785,19.106667,1.9514,3.5122,82.7280,83.1503,-0.4222
NLMS-PCA (K=20/20),1,periodavg_0783-0785,19.160000,2.0510,2.3681,82.5147,83.1503,-0.6355
NLMS-PCA (K=20/20),1,periodavg_0783-0785,19.200000,1.7096,2.9701,82.8034,83.1503,-0.3469
NLMS-PCA (K=20/20),1,periodavg_0783-0785,19.253333,1.2631,1.4974,83.4802,83.1503,0.3299
NLMS-PCA (K=20/20),1,periodavg_0783-0785,19.306667,1.3714,2.0212,83.2009,83.1503,0.0506
NLMS-PCA (K=20/20),1,periodavg_0783-0785,19.360000,2.1364,2.6397,82.9888,83.1503,-0.1615
NLMS-PCA (K=20/20),1,periodavg_0783-0785,19.400000,1.8459,1.1961,82.7623,83.1503,-0.3880
NLMS-PCA (K=20/20),1,periodavg_0783-0785,19.453333,1.7529,2.0101,82.5862,83.1503,-0.5641
NLMS-PCA (K=20/20),1,periodavg_0783-0785,19.506667,1.6752,1.0110,82.8550,83.1503,-0.2953
NLMS-PCA (K=20/20),1,periodavg_0783-0785,19.560000,1.7932,0.7877,82.7585,83.1503,-0.3917
NLMS-PCA (K=20/20),1,periodavg_0783-0785,19.600000,2.0458,1.8860,82.5412,83.1503,-0.6091
NLMS-PCA (K=20/20),1,periodavg_0783-0785,19.653333,1.5559,1.1934,82.7363,83.1503,-0.4140
NLMS-PCA (K=20/20),1,periodavg_0783-0785,19.706667,2.0757,3.8786,82.6267,83.1503,-0.5236
NLMS-PCA (K=20/20),1,periodavg_0783-0785,19.760000,1.6482,1.3349,82.8531,83.1503,-0.2972
NLMS-PCA (K=20/20),1,periodavg_0783-0785,19.800000,1.6790,2.2874,82.9830,83.1503,-0.1672
NLMS-PCA (K=20/20),1,periodavg_0783-0785,19.853333,1.8320,1.0687,83.2190,83.1503,0.0688
NLMS-PCA (K=20/20),1,periodavg_0783-0785,19.906667,2.6009,3.2802,82.1669,83.1503,-0.9834
NLMS-PCA (K=20/20),1,periodavg_0783-0785,19.960000,1.8070,1.2080,82.9974,83.1503,-0.1529
NLMS-PCA (K=20/20),1,periodavg_0783-0785,20.000000,1.9614,2.7777,83.2545,83.1503,0.1042
NLMS-PCA (K=20/20),2,periodavg_0894-0896,20.013333,0.1410,-0.2543,67.8051,67.5088,0.2963
NLMS-PCA (K=20/20),2,periodavg_0894-0896,20.053333,-1.2556,1.8745,69.2711,67.5088,1.7622
NLMS-PCA (K=20/20),2,periodavg_0894-0896,20.106667,-2.0897,2.8886,70.4831,67.5088,2.9742
NLMS-PCA (K=20/20),2,periodavg_0894-0896,20.160000,-2.9656,4.1988,72.3285,67.5088,4.8196
NLMS-PCA (K=20/20),2,periodavg_0894-0896,20.200000,-3.2995,4.2929,73.1661,67.5088,5.6572
NLMS-PCA (K=20/20),2,periodavg_0894-0896,20.253333,-3.4494,5.9442,73.8816,67.5088,6.3727
NLMS-PCA (K=20/20),2,periodavg_0894-0896,20.306667,-3.7095,4.6295,74.4329,67.5088,6.9241
NLMS-PCA (K=20/20),2,periodavg_0894-0896,20.360000,-3.7454,5.4997,74.4640,67.5088,6.9552
NLMS-PCA (K=20/20),2,periodavg_0894-0896,20.400000,-3.9261,4.6283,74.6156,67.5088,7.1068
NLMS-PCA (K=20/20),2,periodavg_0894-0896,20.453333,-4.0046,5.5098,74.7576,67.5088,7.2488
NLMS-PCA (K=20/20),2,periodavg_0894-0896,20.506667,-4.1013,5.4061,74.8462,67.5088,7.3374
NLMS-PCA (K=20/20),2,periodavg_0894-0896,20.560000,-4.1561,5.6449,74.7986,67.5088,7.2898
NLMS-PCA (K=20/20),2,periodavg_0894-0896,20.600000,-4.3047,5.0855,75.1501,67.5088,7.6413
NLMS-PCA (K=20/20),2,periodavg_0894-0896,20.653333,-4.1948,4.8712,75.2141,67.5088,7.7052
NLMS-PCA (K=20/20),2,periodavg_0894-0896,20.706667,-4.1672,4.8472,74.9623,67.5088,7.4535
NLMS-PCA (K=20/20),2,periodavg_0894-0896,20.760000,-4.2367,4.6151,75.0996,67.5088,7.5908
NLMS-PCA (K=20/20),2,periodavg_0894-0896,20.800000,-4.2896,5.7292,75.1262,67.5088,7.6174
NLMS-PCA (K=20/20),2,periodavg_0894-0896,20.853333,-4.3012,6.2082,75.3834,67.5088,7.8745
NLMS-PCA (K=20/20),2,periodavg_0894-0896,20.906667,-4.2142,5.1609,75.3878,67.5088,7.8790
NLMS-PCA (K=20/20),2,periodavg_0894-0896,20.960000,-4.1218,6.5031,75.1648,67.5088,7.6559
NLMS-PCA (K=20/20),2,periodavg_0894-0896,21.000000,-4.2770,5.9810,75.0947,67.5088,7.5859
NLMS-PCA (K=20/20),2,periodavg_0894-0896,21.053333,-4.3088,5.4154,75.3472,67.5088,7.8383
NLMS-PCA (K=20/20),2,periodavg_0894-0896,21.106667,-4.4001,4.8024,75.3489,67.5088,7.8401
NLMS-PCA (K=20/20),2,periodavg_0894-0896,21.160000,-4.3460,6.8935,74.9324,67.5088,7.4235
NLMS-PCA (K=20/20),2,periodavg_0894-0896,21.200000,-4.2999,6.1654,74.9214,67.5088,7.4126
NLMS-PCA (K=20/20),2,periodavg_0894-0896,21.253333,-4.3579,5.7877,74.9767,67.5088,7.4679
NLMS-PCA (K=20/20),2,periodavg_0894-0896,21.306667,-4.3122,5.5374,75.0140,67.5088,7.5052
NLMS-PCA (K=20/20),2,periodavg_0894-0896,21.360000,-4.3018,6.1470,74.8686,67.5088,7.3597
NLMS-PCA (K=20/20),2,periodavg_0894-0896,21.400000,-4.3671,6.2203,74.7243,67.5088,7.2155
NLMS-PCA (K=20/20),2,periodavg_0894-0896,21.453333,-4.3293,5.6313,74.7226,67.5088,7.2137
NLMS-PCA (K=20/20),2,periodavg_0894-0896,21.506667,-4.0799,5.5570,74.8415,67.5088,7.3327
NLMS-PCA (K=20/20),2,periodavg_0894-0896,21.560000,-4.3349,4.7223,74.8136,67.5088,7.3047
NLMS-PCA (K=20/20),2,periodavg_0894-0896,21.600000,-4.3055,5.8190,74.7204,67.5088,7.2115
NLMS-PCA (K=20/20),2,periodavg_0894-0896,21.653333,-4.3388,5.7725,74.7651,67.5088,7.2563
NLMS-PCA (K=20/20),2,periodavg_0894-0896,21.706667,-4.2129,4.2181,75.0046,67.5088,7.4958
NLMS-PCA (K=20/20),2,periodavg_0894-0896,21.760000,-4.2108,6.1632,74.7641,67.5088,7.2552
NLMS-PCA (K=20/20),2,periodavg_0894-0896,21.800000,-3.9775,5.4520,74.8501,67.5088,7.3412
NLMS-PCA (K=20/20),2,periodavg_0894-0896,21.853333,-4.3030,5.8444,74.7405,67.5088,7.2317
NLMS-PCA (K=20/20),2,periodavg_0894-0896,21.906667,-4.2917,6.2245,74.7052,67.5088,7.1964
NLMS-PCA (K=20/20),2,periodavg_0894-0896,21.960000,-4.2532,5.2368,74.6505,67.5088,7.1417
NLMS-PCA (K=20/20),2,periodavg_0894-0896,22.000000,-4.2613,6.4538,74.5856,67.5088,7.0768
NLMS-PCA (K=20/20),2,periodavg_0894-0896,22.053333,-4.3100,4.4154,74.9009,67.5088,7.3921
NLMS-PCA (K=20/20),2,periodavg_0894-0896,22.106667,-4.2888,6.6865,74.7904,67.5088,7.2816
NLMS-PCA (K=20/20),2,periodavg_0894-0896,22.160000,-4.1676,5.4935,74.6977,67.5088,7.1888
NLMS-PCA (K=20/20),2,periodavg_0894-0896,22.200000,-4.1215,5.4876,74.5957,67.5088,7.0869
NLMS-PCA (K=20/20),2,periodavg_0894-0896,22.253333,-4.0954,4.8941,74.5642,67.5088,7.0554
NLMS-PCA (K=20/20),2,periodavg_0894-0896,22.306667,-4.0249,5.4905,74.4245,67.5088,6.9157
NLMS-PCA (K=20/20),2,periodavg_0894-0896,22.360000,-4.0042,4.5472,74.8438,67.5088,7.3350
NLMS-PCA (K=20/20),2,periodavg_0894-0896,22.400000,-4.0210,5.9110,74.4531,67.5088,6.9443
NLMS-PCA (K=20/20),2,periodavg_0894-0896,22.453333,-3.9835,5.5795,74.7364,67.5088,7.2276
NLMS-PCA (K=20/20),2,periodavg_0894-0896,22.506667,-3.8658,4.7381,74.3548,67.5088,6.8460
NLMS-PCA (K=20/20),2,periodavg_0894-0896,22.560000,-3.8511,5.4589,74.2095,67.5088,6.7006
NLMS-PCA (K=20/20),2,periodavg_0894-0896,22.600000,-3.7212,5.3677,73.8675,67.5088,6.3587
NLMS-PCA (K=20/20),2,periodavg_0894-0896,22.653333,-3.7775,6.5215,74.0355,67.5088,6.5267
NLMS-PCA (K=20/20),2,periodavg_0894-0896,22.706667,-3.8650,5.6611,74.0888,67.5088,6.5800
NLMS-PCA (K=20/20),2,periodavg_0894-0896,22.760000,-3.8813,6.1636,74.0285,67.5088,6.5197
NLMS-PCA (K=20/20),2,periodavg_0894-0896,22.800000,-3.7041,5.1396,73.9161,67.5088,6.4073
NLMS-PCA (K=20/20),2,periodavg_0894-0896,22.853333,-3.7639,5.6223,74.0875,67.5088,6.5787
NLMS-PCA (K=20/20),2,periodavg_0894-0896,22.906667,-3.6505,5.1234,73.8921,67.5088,6.3832
NLMS-PCA (K=20/20),2,periodavg_0894-0896,22.960000,-3.5265,6.2555,74.0068,67.5088,6.4979
NLMS-PCA (K=20/20),2,periodavg_0894-0896,23.000000,-3.5687,4.5479,73.7505,67.5088,6.2417
NLMS-PCA (K=20/20),2,periodavg_0894-0896,23.053333,-3.5839,5.8920,73.7340,67.5088,6.2252
NLMS-PCA (K=20/20),2,periodavg_0894-0896,23.106667,-3.5673,5.0807,73.5129,67.5088,6.0041
NLMS-PCA (K=20/20),2,periodavg_0894-0896,23.160000,-3.5483,5.1894,73.6129,67.5088,6.1041
NLMS-PCA (K=20/20),2,periodavg_0894-0896,23.200000,-3.4746,5.7096,73.5168,67.5088,6.0079
NLMS-PCA (K=20/20),2,periodavg_0894-0896,23.253333,-3.5086,5.4567,73.6507,67.5088,6.1419
NLMS-PCA (K=20/20),2,periodavg_0894-0896,23.306667,-3.4881,5.9081,73.4527,67.5088,5.9439
NLMS-PCA (K=20/20),2,periodavg_0894-0896,23.360000,-3.5320,5.7039,73.6438,67.5088,6.1349
NLMS-PCA (K=20/20),2,periodavg_0894-0896,23.400000,-3.5334,6.2108,73.7199,67.5088,6.2110
NLMS-PCA (K=20/20),2,periodavg_0894-0896,23.453333,-3.5074,6.4562,73.9394,67.5088,6.4306
NLMS-PCA (K=20/20),2,periodavg_0894-0896,23.506667,-3.6096,6.4241,73.7225,67.5088,6.2137
NLMS-PCA (K=20/20),2,periodavg_0894-0896,23.560000,-3.4436,4.7606,73.8708,67.5088,6.3620
NLMS-PCA (K=20/20),2,periodavg_0894-0896,23.600000,-3.5069,5.8157,73.6864,67.5088,6.1775
NLMS-PCA (K=20/20),2,periodavg_0894-0896,23.653333,-3.4698,5.9639,73.9091,67.5088,6.4003
NLMS-PCA (K=20/20),2,periodavg_0894-0896,23.706667,-3.4428,5.4373,73.8458,67.5088,6.3369
NLMS-PCA (K=20/20),2,periodavg_0894-0896,23.760000,-3.4311,5.3826,73.7133,67.5088,6.2045
NLMS-PCA (K=20/20),2,periodavg_0894-0896,23.800000,-3.5138,4.5383,73.7276,67.5088,6.2188
NLMS-PCA (K=20/20),2,periodavg_0894-0896,23.853333,-3.4285,5.7491,73.9289,67.5088,6.4201
NLMS-PCA (K=20/20),2,periodavg_0894-0896,23.906667,-3.4520,5.6855,73.6816,67.5088,6.1727
NLMS-PCA (K=20/20),2,periodavg_0894-0896,23.960000,-3.3369,5.1676,73.5999,67.5088,6.0911
NLMS-PCA (K=20/20),2,periodavg_0894-0896,24.000000,-3.5022,4.5370,73.7629,67.5088,6.2541
NLMS-PCA (K=20/20),2,periodavg_0894-0896,24.053333,-3.5252,6.1380,73.6205,67.5088,6.1117
NLMS-PCA (K=20/20),2,periodavg_0894-0896,24.106667,-3.4184,5.7384,73.7000,67.5088,6.1912
NLMS-PCA (K=20/20),2,periodavg_0894-0896,24.160000,-3.4705,5.6540,73.9134,67.5088,6.4045
NLMS-PCA (K=20/20),2,periodavg_0894-0896,24.200000,-3.4086,6.3339,73.6036,67.5088,6.0947
NLMS-PCA (K=20/20),2,periodavg_0894-0896,24.253333,-3.3667,5.5094,73.6501,67.5088,6.1413
NLMS-PCA (K=20/20),2,periodavg_0894-0896,24.306667,-3.3347,5.7540,73.6062,67.5088,6.0974
NLMS-PCA (K=20/20),2,periodavg_0894-0896,24.360000,-3.4271,6.0162,73.5935,67.5088,6.0847
NLMS-PCA (K=20/20),2,periodavg_0894-0896,24.400000,-3.3046,5.2002,73.6726,67.5088,6.1638
NLMS-PCA (K=20/20),2,periodavg_0894-0896,24.453333,-3.2304,5.1598,73.5489,67.5088,6.0400
NLMS-PCA (K=20/20),2,periodavg_0894-0896,24.506667,-3.2372,6.3870,73.4357,67.5088,5.9268
NLMS-PCA (K=20/20),2,periodavg_0894-0896,24.560000,-3.2313,5.3912,73.4718,67.5088,5.9629
NLMS-PCA (K=20/20),2,periodavg_0894-0896,24.600000,-3.2403,5.9776,73.2173,67.5088,5.7085
NLMS-PCA (K=20/20),2,periodavg_0894-0896,24.653333,-3.2711,5.1868,73.5667,67.5088,6.0579
NLMS-PCA (K=20/20),2,periodavg_0894-0896,24.706667,-3.3267,5.8328,73.7763,67.5088,6.2675
NLMS-PCA (K=20/20),2,periodavg_0894-0896,24.760000,-3.1947,6.1324,73.3623,67.5088,5.8535
NLMS-PCA (K=20/20),2,periodavg_0894-0896,24.800000,-3.2116,6.0547,73.6216,67.5088,6.1128
NLMS-PCA (K=20/20),2,periodavg_0894-0896,24.853333,-3.3175,5.8940,73.9722,67.5088,6.4634
NLMS-PCA (K=20/20),2,periodavg_0894-0896,24.906667,-3.3584,4.8345,73.7769,67.5088,6.2681
NLMS-PCA (K=20/20),2,periodavg_0894-0896,24.960000,-3.3443,5.3498,74.0038,67.5088,6.4950
NLMS-PCA (K=20/20),2,periodavg_0894-0896,25.000000,-3.2137,6.1121,73.8048,67.5088,6.2960
NLMS-PCA (K=20/20),2,periodavg_0894-0896,25.053333,-3.1801,6.0131,73.6708,67.5088,6.1620
NLMS-PCA (K=20/20),2,periodavg_0894-0896,25.106667,-3.0463,5.6300,73.6589,67.5088,6.1501
NLMS-PCA (K=20/20),2,periodavg_0894-0896,25.160000,-3.3096,4.8973,73.9232,67.5088,6.4144
NLMS-PCA (K=20/20),2,periodavg_0894-0896,25.200000,-3.2783,6.5675,73.7777,67.5088,6.2689
NLMS-PCA (K=20/20),2,periodavg_0894-0896,25.253333,-3.2551,5.6758,73.9232,67.5088,6.4144
NLMS-PCA (K=20/20),2,periodavg_0894-0896,25.306667,-3.3126,6.4655,74.0582,67.5088,6.5494
NLMS-PCA (K=20/20),2,periodavg_0894-0896,25.360000,-3.2777,5.9220,74.1638,67.5088,6.6550
NLMS-PCA (K=20/20),2,periodavg_0894-0896,25.400000,-3.1830,6.1261,73.9868,67.5088,6.4780
NLMS-PCA (K=20/20),2,periodavg_0894-0896,25.453333,-3.1778,5.8863,73.9405,67.5088,6.4317
NLMS-PCA (K=20/20),2,periodavg_0894-0896,25.506667,-3.1407,6.0054,73.6993,67.5088,6.1904
NLMS-PCA (K=20/20),2,periodavg_0894-0896,25.560000,-3.3394,5.7668,74.0567,67.5088,6.5479
NLMS-PCA (K=20/20),2,periodavg_0894-0896,25.600000,-3.3719,5.6584,74.0738,67.5088,6.5649
NLMS-PCA (K=20/20),2,periodavg_0894-0896,25.653333,-3.1671,5.5551,74.3683,67.5088,6.8594
NLMS-PCA (K=20/20),2,periodavg_0894-0896,25.706667,-3.2932,4.6147,74.1711,67.5088,6.6623
NLMS-PCA (K=20/20),2,periodavg_0894-0896,25.760000,-3.4686,5.8466,74.2046,67.5088,6.6958
NLMS-PCA (K=20/20),2,periodavg_0894-0896,25.800000,-3.4346,5.7768,74.0564,67.5088,6.5476
NLMS-PCA (K=20/20),2,periodavg_0894-0896,25.853333,-3.3003,6.1932,73.9672,67.5088,6.4584
NLMS-PCA (K=20/20),2,periodavg_0894-0896,25.906667,-3.4081,6.3763,74.1513,67.5088,6.6425
NLMS-PCA (K=20/20),2,periodavg_0894-0896,25.960000,-3.3433,6.0482,74.0413,67.5088,6.5325
NLMS-PCA (K=20/20),2,periodavg_0894-0896,26.000000,-3.3672,5.3570,74.1442,67.5088,6.6354
NLMS-PCA (K=20/20),2,periodavg_0894-0896,26.053333,-3.2583,6.0313,73.9007,67.5088,6.3919
NLMS-PCA (K=20/20),2,periodavg_0894-0896,26.106667,-3.3585,4.7320,74.0615,67.5088,6.5526
NLMS-PCA (K=20/20),2,periodavg_0894-0896,26.160000,-3.3616,5.2192,73.8648,67.5088,6.3560
NLMS-PCA (K=20/20),2,periodavg_0894-0896,26.200000,-3.2306,5.9741,73.9963,67.5088,6.4875
NLMS-PCA (K=20/20),2,periodavg_0894-0896,26.253333,-3.3231,5.9193,73.9744,67.5088,6.4656
NLMS-PCA (K=20/20),2,periodavg_0894-0896,26.306667,-3.3502,6.8552,74.1483,67.5088,6.6395
NLMS-PCA (K=20/20),2,periodavg_0894-0896,26.360000,-3.4320,5.8965,74.2345,67.5088,6.7256
NLMS-PCA (K=20/20),2,periodavg_0894-0896,26.400000,-3.3307,5.4422,74.1760,67.5088,6.6672
NLMS-PCA (K=20/20),2,periodavg_0894-0896,26.453333,-3.3135,5.1841,74.1264,67.5088,6.6176
NLMS-PCA (K=20/20),2,periodavg_0894-0896,26.506667,-3.2909,5.8506,74.1637,67.5088,6.6548
NLMS-PCA (K=20/20),2,periodavg_0894-0896,26.560000,-3.3279,6.1237,74.3217,67.5088,6.8129
NLMS-PCA (K=20/20),2,periodavg_0894-0896,26.600000,-3.2991,7.0895,74.0296,67.5088,6.5207
NLMS-PCA (K=20/20),2,periodavg_0894-0896,26.653333,-3.2410,6.4414,73.9504,67.5088,6.4415
NLMS-PCA (K=20/20),2,periodavg_0894-0896,26.706667,-3.1956,5.4671,74.2330,67.5088,6.7242
NLMS-PCA (K=20/20),2,periodavg_0894-0896,26.760000,-3.1040,5.5937,74.2737,67.5088,6.7648
NLMS-PCA (K=20/20),2,periodavg_0894-0896,26.800000,-3.1389,5.8776,73.9342,67.5088,6.4253
NLMS-PCA (K=20/20),2,periodavg_0894-0896,26.853333,-3.2302,5.8427,74.0987,67.5088,6.5899
NLMS-PCA (K=20/20),2,periodavg_0894-0896,26.906667,-3.1534,5.8561,74.0166,67.5088,6.5078
NLMS-PCA (K=20/20),2,periodavg_0894-0896,26.960000,-3.1955,6.6621,74.0711,67.5088,6.5622
NLMS-PCA (K=20/20),2,periodavg_0894-0896,27.000000,-3.2559,6.8468,73.8772,67.5088,6.3683
NLMS-PCA (K=20/20),2,periodavg_0894-0896,27.053333,-3.2894,5.2256,73.9663,67.5088,6.4575
NLMS-PCA (K=20/20),2,periodavg_0894-0896,27.106667,-3.2349,6.0534,74.1523,67.5088,6.6435
NLMS-PCA (K=20/20),2,periodavg_0894-0896,27.160000,-3.3474,5.8452,74.0687,67.5088,6.5599
NLMS-PCA (K=20/20),2,periodavg_0894-0896,27.200000,-3.4077,5.3955,74.2695,67.5088,6.7606
NLMS-PCA (K=20/20),2,periodavg_0894-0896,27.253333,-3.5503,5.1526,74.4404,67.5088,6.9315
NLMS-PCA (K=20/20),2,periodavg_0894-0896,27.306667,-3.5142,6.0095,74.3963,67.5088,6.8874
NLMS-PCA (K=20/20),2,periodavg_0894-0896,27.360000,-3.4481,5.7540,74.2333,67.5088,6.7245
NLMS-PCA (K=20/20),2,periodavg_0894-0896,27.400000,-3.4197,5.9872,74.2948,67.5088,6.7859
NLMS-PCA (K=20/20),2,periodavg_0894-0896,27.453333,-3.5039,6.2059,74.3829,67.5088,6.8741
NLMS-PCA (K=20/20),2,periodavg_0894-0896,27.506667,-3.5129,5.2634,74.4173,67.5088,6.9085
NLMS-PCA (K=20/20),2,periodavg_0894-0896,27.560000,-3.5564,6.1890,74.4347,67.5088,6.9258
NLMS-PCA (K=20/20),2,periodavg_0894-0896,27.600000,-3.5529,5.1978,74.4639,67.5088,6.9551
NLMS-PCA (K=20/20),2,periodavg_0894-0896,27.653333,-3.5110,5.8352,74.6206,67.5088,7.1118
NLMS-PCA (K=20/20),2,periodavg_0894-0896,27.706667,-3.4970,5.7479,74.3611,67.5088,6.8522
NLMS-PCA (K=20/20),2,periodavg_0894-0896,27.760000,-3.4763,5.9709,74.2146,67.5088,6.7058
NLMS-PCA (K=20/20),2,periodavg_0894-0896,27.800000,-3.5208,5.2745,74.3602,67.5088,6.8514
NLMS-PCA (K=20/20),2,periodavg_0894-0896,27.853333,-3.3968,5.6818,74.1334,67.5088,6.6245
NLMS-PCA (K=20/20),2,periodavg_0894-0896,27.906667,-3.4503,5.5697,74.1747,67.5088,6.6659
NLMS-PCA (K=20/20),2,periodavg_0894-0896,27.960000,-3.3959,6.3437,74.1977,67.5088,6.6889
NLMS-PCA (K=20/20),2,periodavg_0894-0896,28.000000,-3.3367,4.5106,73.9408,67.5088,6.4320
NLMS-PCA (K=20/20),2,periodavg_0894-0896,28.053333,-3.2912,5.6895,74.0898,67.5088,6.5809
NLMS-PCA (K=20/20),2,periodavg_0894-0896,28.106667,-3.3618,5.7736,74.1478,67.5088,6.6390
NLMS-PCA (K=20/20),2,periodavg_0894-0896,28.160000,-3.2894,6.4444,74.1692,67.5088,6.6603
NLMS-PCA (K=20/20),2,periodavg_0894-0896,28.200000,-3.2917,6.4281,73.9460,67.5088,6.4372
NLMS-PCA (K=20/20),2,periodavg_0894-0896,28.253333,-3.2585,6.2552,73.9632,67.5088,6.4544
NLMS-PCA (K=20/20),2,periodavg_0894-0896,28.306667,-3.2810,5.7037,74.0408,67.5088,6.5319
NLMS-PCA (K=20/20),2,periodavg_0894-0896,28.360000,-3.3572,6.2973,74.1005,67.5088,6.5916
NLMS-PCA (K=20/20),2,periodavg_0894-0896,28.400000,-3.3303,6.5963,74.2787,67.5088,6.7699
NLMS-PCA (K=20/20),2,periodavg_0894-0896,28.453333,-3.3211,5.9415,74.2104,67.5088,6.7015
NLMS-PCA (K=20/20),2,periodavg_0894-0896,28.506667,-3.3265,6.2721,74.1500,67.5088,6.6411
NLMS-PCA (K=20/20),2,periodavg_0894-0896,28.560000,-3.0932,6.2520,73.9121,67.5088,6.4033
NLMS-PCA (K=20/20),2,periodavg_0894-0896,28.600000,-3.3138,4.4988,74.0405,67.5088,6.5317
NLMS-PCA (K=20/20),2,periodavg_0894-0896,28.653333,-3.2241,6.7798,73.8835,67.5088,6.3747
NLMS-PCA (K=20/20),2,periodavg_0894-0896,28.706667,-3.1260,6.0202,74.0649,67.5088,6.5560
NLMS-PCA (K=20/20),2,periodavg_0894-0896,28.760000,-3.3124,5.9766,73.9559,67.5088,6.4471
NLMS-PCA (K=20/20),2,periodavg_0894-0896,28.800000,-3.2885,5.5202,74.3408,67.5088,6.8319
NLMS-PCA (K=20/20),2,periodavg_0894-0896,28.853333,-3.2709,5.8292,74.1041,67.5088,6.5953
NLMS-PCA (K=20/20),2,periodavg_0894-0896,28.906667,-3.1657,5.1594,73.9744,67.5088,6.4656
NLMS-PCA (K=20/20),2,periodavg_0894-0896,28.960000,-3.2003,5.2977,73.9204,67.5088,6.4116
NLMS-PCA (K=20/20),2,periodavg_0894-0896,29.000000,-3.2966,5.2982,73.9878,67.5088,6.4790
NLMS-PCA (K=20/20),2,periodavg_0894-0896,29.053333,-3.2570,4.5626,73.7820,67.5088,6.2731
NLMS-PCA (K=20/20),2,periodavg_0894-0896,29.106667,-3.3701,5.2460,73.8998,67.5088,6.3910
NLMS-PCA (K=20/20),2,periodavg_0894-0896,29.160000,-3.3453,5.7534,74.2012,67.5088,6.6924
NLMS-PCA (K=20/20),2,periodavg_0894-0896,29.200000,-3.3505,6.6038,74.2317,67.5088,6.7229
NLMS-PCA (K=20/20),2,periodavg_0894-0896,29.253333,-3.2418,6.7258,74.3494,67.5088,6.8406
NLMS-PCA (K=20/20),2,periodavg_0894-0896,29.306667,-3.2141,6.1459,74.2209,67.5088,6.7121
NLMS-PCA (K=20/20),2,periodavg_0894-0896,29.360000,-3.2107,5.2158,74.0279,67.5088,6.5191
NLMS-PCA (K=20/20),2,periodavg_0894-0896,29.400000,-3.1999,6.3569,73.9366,67.5088,6.4277
NLMS-PCA (K=20/20),2,periodavg_0894-0896,29.453333,-3.1940,5.7228,73.8877,67.5088,6.3789
NLMS-PCA (K=20/20),2,periodavg_0894-0896,29.506667,-3.1995,6.3766,73.9472,67.5088,6.4384
NLMS-PCA (K=20/20),2,periodavg_0894-0896,29.560000,-3.1948,6.4228,74.0250,67.5088,6.5162
NLMS-PCA (K=20/20),2,periodavg_0894-0896,29.600000,-3.1860,5.6351,74.0221,67.5088,6.5133
NLMS-PCA (K=20/20),2,periodavg_0894-0896,29.653333,-3.1515,5.6553,73.7446,67.5088,6.2358
NLMS-PCA (K=20/20),2,periodavg_0894-0896,29.706667,-3.1029,5.4475,73.7526,67.5088,6.2437
NLMS-PCA (K=20/20),2,periodavg_0894-0896,29.760000,-3.0466,5.7511,73.8971,67.5088,6.3883
NLMS-PCA (K=20/20),2,periodavg_0894-0896,29.800000,-3.0620,5.8690,73.9052,67.5088,6.3964
NLMS-PCA (K=20/20),2,periodavg_0894-0896,29.853333,-2.9774,6.1865,73.6623,67.5088,6.1534
NLMS-PCA (K=20/20),2,periodavg_0894-0896,29.906667,-3.0481,6.6705,73.7435,67.5088,6.2347
NLMS-PCA (K=20/20),2,periodavg_0894-0896,29.960000,-3.1874,5.6449,73.8770,67.5088,6.3681
NLMS-PCA (K=20/20),2,periodavg_0894-0896,30.000000,-3.0630,5.2301,73.8009,67.5088,6.2921
NLMS-PCA (K=20/20),3,periodavg_0870-0872,30.013333,4.5465,-10.0045,72.4546,79.1852,-6.7306
NLMS-PCA (K=20/20),3,periodavg_0870-0872,30.053333,3.4911,-1.9345,74.4910,79.1852,-4.6942
NLMS-PCA (K=20/20),3,periodavg_0870-0872,30.106667,2.4288,0.1982,75.0496,79.1852,-4.1356
NLMS-PCA (K=20/20),3,periodavg_0870-0872,30.160000,1.9596,1.3871,75.1700,79.1852,-4.0152
NLMS-PCA (K=20/20),3,periodavg_0870-0872,30.200000,1.5621,1.8555,75.4253,79.1852,-3.7599
NLMS-PCA (K=20/20),3,periodavg_0870-0872,30.253333,0.7607,1.6089,75.9173,79.1852,-3.2680
NLMS-PCA (K=20/20),3,periodavg_0870-0872,30.306667,0.2626,3.2223,76.2702,79.1852,-2.9151
NLMS-PCA (K=20/20),3,periodavg_0870-0872,30.360000,-0.2587,3.6989,76.7648,79.1852,-2.4204
NLMS-PCA (K=20/20),3,periodavg_0870-0872,30.400000,-0.6518,3.6801,77.0511,79.1852,-2.1341
NLMS-PCA (K=20/20),3,periodavg_0870-0872,30.453333,-1.0169,2.4124,77.5704,79.1852,-1.6149
NLMS-PCA (K=20/20),3,periodavg_0870-0872,30.506667,-1.4054,2.8418,77.8000,79.1852,-1.3852
NLMS-PCA (K=20/20),3,periodavg_0870-0872,30.560000,-1.7265,4.1550,78.1491,79.1852,-1.0362
NLMS-PCA (K=20/20),3,periodavg_0870-0872,30.600000,-2.0136,1.9366,78.3125,79.1852,-0.8728
NLMS-PCA (K=20/20),3,periodavg_0870-0872,30.653333,-2.2137,3.7762,78.7505,79.1852,-0.4347
NLMS-PCA (K=20/20),3,periodavg_0870-0872,30.706667,-2.6026,3.1797,78.8944,79.1852,-0.2909
NLMS-PCA (K=20/20),3,periodavg_0870-0872,30.760000,-2.9099,4.8177,79.1598,79.1852,-0.0255
NLMS-PCA (K=20/20),3,periodavg_0870-0872,30.800000,-3.0098,5.1946,79.3375,79.1852,0.1522
NLMS-PCA (K=20/20),3,periodavg_0870-0872,30.853333,-3.1297,3.9855,79.8286,79.1852,0.6434
NLMS-PCA (K=20/20),3,periodavg_0870-0872,30.906667,-3.3324,3.6606,80.1216,79.1852,0.9363
NLMS-PCA (K=20/20),3,periodavg_0870-0872,30.960000,-3.7494,4.1642,80.2107,79.1852,1.0254
NLMS-PCA (K=20/20),3,periodavg_0870-0872,31.000000,-3.8086,4.6207,80.3023,79.1852,1.1170
NLMS-PCA (K=20/20),3,periodavg_0870-0872,31.053333,-4.1331,4.1494,80.4968,79.1852,1.3115
NLMS-PCA (K=20/20),3,periodavg_0870-0872,31.106667,-4.3929,3.9907,80.8501,79.1852,1.6648
NLMS-PCA (K=20/20),3,periodavg_0870-0872,31.160000,-4.5392,4.2865,80.9369,79.1852,1.7516
NLMS-PCA (K=20/20),3,periodavg_0870-0872,31.200000,-4.6087,4.8305,81.2815,79.1852,2.0963
NLMS-PCA (K=20/20),3,periodavg_0870-0872,31.253333,-4.9716,3.5251,81.4537,79.1852,2.2685
NLMS-PCA (K=20/20),3,periodavg_0870-0872,31.306667,-5.1317,3.6704,81.7708,79.1852,2.5856
NLMS-PCA (K=20/20),3,periodavg_0870-0872,31.360000,-5.4959,4.4831,82.3876,79.1852,3.2024
NLMS-PCA (K=20/20),3,periodavg_0870-0872,31.400000,-5.5227,6.0860,82.5746,79.1852,3.3894
NLMS-PCA (K=20/20),3,periodavg_0870-0872,31.453333,-5.6555,3.8756,82.5411,79.1852,3.3559
NLMS-PCA (K=20/20),3,periodavg_0870-0872,31.506667,-6.0479,3.8070,82.6785,79.1852,3.4932
NLMS-PCA (K=20/20),3,periodavg_0870-0872,31.560000,-6.2140,5.1046,82.5828,79.1852,3.3975
NLMS-PCA (K=20/20),3,periodavg_0870-0872,31.600000,-6.5169,4.3223,83.0407,79.1852,3.8555
NLMS-PCA (K=20/20),3,periodavg_0870-0872,31.653333,-6.4581,5.3766,83.3936,79.1852,4.2083
NLMS-PCA (K=20/20),3,periodavg_0870-0872,31.706667,-7.1780,5.7345,83.2823,79.1852,4.0971
NLMS-PCA (K=20/20),3,periodavg_0870-0872,31.760000,-7.1191,4.1138,82.3919,79.1852,3.2067
NLMS-PCA (K=20/20),3,periodavg_0870-0872,31.800000,-7.4032,6.2489,82.6089,79.1852,3.4237
NLMS-PCA (K=20/20),3,periodavg_0870-0872,31.853333,-7.5416,4.7826,82.7575,79.1852,3.5723
NLMS-PCA (K=20/20),3,periodavg_0870-0872,31.906667,-6.7996,4.1665,82.1711,79.1852,2.9858
NLMS-PCA (K=20/20),3,periodavg_0870-0872,31.960000,-7.6833,3.8802,83.3565,79.1852,4.1713
NLMS-PCA (K=20/20),3,periodavg_0870-0872,32.000000,-7.9368,3.9609,83.4287,79.1852,4.2434
NLMS-PCA (K=20/20),3,periodavg_0870-0872,32.053333,-7.8341,3.6611,83.2013,79.1852,4.0160
NLMS-PCA (K=20/20),3,periodavg_0870-0872,32.106667,-8.2731,4.4882,83.5450,79.1852,4.3597
NLMS-PCA (K=20/20),3,periodavg_0870-0872,32.160000,-8.4504,4.9179,83.5431,79.1852,4.3578
NLMS-PCA (K=20/20),3,periodavg_0870-0872,32.200000,-8.3554,4.0705,83.5703,79.1852,4.3850
NLMS-PCA (K=20/20),3,periodavg_0870-0872,32.253333,-8.5853,4.2124,83.9338,79.1852,4.7485
NLMS-PCA (K=20/20),3,periodavg_0870-0872,32.306667,-8.9371,5.1112,84.2402,79.1852,5.0550
NLMS-PCA (K=20/20),3,periodavg_0870-0872,32.360000,-8.2153,6.0877,82.5006,79.1852,3.3154
NLMS-PCA (K=20/20),3,periodavg_0870-0872,32.400000,-9.1780,2.9111,84.2314,79.1852,5.0462
NLMS-PCA (K=20/20),3,periodavg_0870-0872,32.453333,-9.0223,5.7449,84.8124,79.1852,5.6272
NLMS-PCA (K=20/20),3,periodavg_0870-0872,32.506667,-9.0229,4.4219,84.6616,79.1852,5.4763
NLMS-PCA (K=20/20),3,periodavg_0870-0872,32.560000,-9.3030,3.2664,84.8708,79.1852,5.6855
NLMS-PCA (K=20/20),3,periodavg_0870-0872,32.600000,-9.3349,5.2763,84.7399,79.1852,5.5547
NLMS-PCA (K=20/20),3,periodavg_0870-0872,32.653333,-9.6372,4.3613,84.9341,79.1852,5.7489
NLMS-PCA (K=20/20),3,periodavg_0870-0872,32.706667,-9.9494,5.2783,85.1775,79.1852,5.9922
NLMS-PCA (K=20/20),3,periodavg_0870-0872,32.760000,-9.9207,4.0836,84.9720,79.1852,5.7868
NLMS-PCA (K=20/20),3,periodavg_0870-0872,32.800000,-10.2398,4.1628,84.9617,79.1852,5.7765
NLMS-PCA (K=20/20),3,periodavg_0870-0872,32.853333,-9.0461,5.8214,84.5055,79.1852,5.3203
NLMS-PCA (K=20/20),3,periodavg_0870-0872,32.906667,-9.5006,3.9241,85.1072,79.1852,5.9220
NLMS-PCA (K=20/20),3,periodavg_0870-0872,32.960000,-9.7545,4.9735,85.2163,79.1852,6.0311
NLMS-PCA (K=20/20),3,periodavg_0870-0872,33.000000,-9.8555,3.7690,84.9300,79.1852,5.7448
NLMS-PCA (K=20/20),3,periodavg_0870-0872,33.053333,-10.4169,5.7533,85.3056,79.1852,6.1204
NLMS-PCA (K=20/20),3,periodavg_0870-0872,33.106667,-10.1526,6.1415,83.4884,79.1852,4.3032
NLMS-PCA (K=20/20),3,periodavg_0870-0872,33.160000,-10.1896,5.2112,85.6491,79.1852,6.4639
NLMS-PCA (K=20/20),3,periodavg_0870-0872,33.200000,-9.9636,5.4778,85.3707,79.1852,6.1855
NLMS-PCA (K=20/20),3,periodavg_0870-0872,33.253333,-10.4719,4.3954,85.1101,79.1852,5.9249
NLMS-PCA (K=20/20),3,periodavg_0870-0872,33.306667,-10.4045,5.1318,85.4364,79.1852,6.2512
NLMS-PCA (K=20/20),3,periodavg_0870-0872,33.360000,-10.7330,5.6737,85.4202,79.1852,6.2350
NLMS-PCA (K=20/20),3,periodavg_0870-0872,33.400000,-10.3605,4.8260,84.9812,79.1852,5.7960
NLMS-PCA (K=20/20),3,periodavg_0870-0872,33.453333,-10.4528,4.0845,85.5164,79.1852,6.3311
NLMS-PCA (K=20/20),3,periodavg_0870-0872,33.506667,-10.2179,6.2969,85.1432,79.1852,5.9579
NLMS-PCA (K=20/20),3,periodavg_0870-0872,33.560000,-10.9461,5.4127,85.6361,79.1852,6.4508
NLMS-PCA (K=20/20),3,periodavg_0870-0872,33.600000,-10.1090,4.8235,84.5990,79.1852,5.4138
NLMS-PCA (K=20/20),3,periodavg_0870-0872,33.653333,-10.8236,3.5361,85.4154,79.1852,6.2302
NLMS-PCA (K=20/20),3,periodavg_0870-0872,33.706667,-10.0517,6.1555,81.7776,79.1852,2.5923
NLMS-PCA (K=20/20),3,periodavg_0870-0872,33.760000,-10.9444,4.2360,85.5412,79.1852,6.3560
NLMS-PCA (K=20/20),3,periodavg_0870-0872,33.800000,-11.2942,4.5897,85.5218,79.1852,6.3366
NLMS-PCA (K=20/20),3,periodavg_0870-0872,33.853333,-10.0192,4.9254,82.6484,79.1852,3.4631
NLMS-PCA (K=20/20),3,periodavg_0870-0872,33.906667,-10.8757,4.1937,85.7638,79.1852,6.5786
NLMS-PCA (K=20/20),3,periodavg_0870-0872,33.960000,-10.9843,3.2012,85.6574,79.1852,6.4722
NLMS-PCA (K=20/20),3,periodavg_0870-0872,34.000000,-11.4371,5.7819,86.5193,79.1852,7.3340
NLMS-PCA (K=20/20),3,periodavg_0870-0872,34.053333,-10.7321,4.2483,86.1742,79.1852,6.9890
NLMS-PCA (K=20/20),3,periodavg_0870-0872,34.106667,-10.3826,4.2624,84.8445,79.1852,5.6593
NLMS-PCA (K=20/20),3,periodavg_0870-0872,34.160000,-11.2152,4.6774,85.6537,79.1852,6.4685
NLMS-PCA (K=20/20),3,periodavg_0870-0872,34.200000,-11.0949,5.0837,85.7688,79.1852,6.5836
NLMS-PCA (K=20/20),3,periodavg_0870-0872,34.253333,-11.2532,4.8405,85.9098,79.1852,6.7246
NLMS-PCA (K=20/20),3,periodavg_0870-0872,34.306667,-11.1429,4.0902,86.1498,79.1852,6.9645
NLMS-PCA (K=20/20),3,periodavg_0870-0872,34.360000,-11.2587,4.9835,86.2491,79.1852,7.0639
NLMS-PCA (K=20/20),3,periodavg_0870-0872,34.400000,-10.6198,3.3594,86.1012,79.1852,6.9159
NLMS-PCA (K=20/20),3,periodavg_0870-0872,34.453333,-11.2381,5.3806,86.2190,79.1852,7.0338
NLMS-PCA (K=20/20),3,periodavg_0870-0872,34.506667,-10.7505,4.1246,86.0874,79.1852,6.9022
NLMS-PCA (K=20/20),3,periodavg_0870-0872,34.560000,-10.1922,5.4983,86.1093,79.1852,6.9240
NLMS-PCA (K=20/20),3,periodavg_0870-0872,34.600000,-11.3879,4.7177,85.8297,79.1852,6.6445
NLMS-PCA (K=20/20),3,periodavg_0870-0872,34.653333,-10.8827,5.6975,85.8240,79.1852,6.6387
NLMS-PCA (K=20/20),3,periodavg_0870-0872,34.706667,-11.1934,5.3062,85.9167,79.1852,6.7315
NLMS-PCA (K=20/20),3,periodavg_0870-0872,34.760000,-11.1794,5.3293,86.6669,79.1852,7.4816
NLMS-PCA (K=20/20),3,periodavg_0870-0872,34.800000,-11.1688,5.5879,85.5531,79.1852,6.3679
NLMS-PCA (K=20/20),3,periodavg_0870-0872,34.853333,-11.6862,5.2118,86.5951,79.1852,7.4099
NLMS-PCA (K=20/20),3,periodavg_0870-0872,34.906667,-11.4295,3.7677,86.8111,79.1852,7.6258
NLMS-PCA (K=20/20),3,periodavg_0870-0872,34.960000,-11.3449,4.6292,86.7493,79.1852,7.5640
NLMS-PCA (K=20/20),3,periodavg_0870-0872,35.000000,-11.6566,4.3327,86.3305,79.1852,7.1452
NLMS-PCA (K=20/20),3,periodavg_0870-0872,35.053333,-11.7707,4.6039,86.6329,79.1852,7.4477
NLMS-PCA (K=20/20),3,periodavg_0870-0872,35.106667,-11.6243,3.6278,86.2906,79.1852,7.1054
NLMS-PCA (K=20/20),3,periodavg_0870-0872,35.160000,-12.2061,4.3395,86.9477,79.1852,7.7624
NLMS-PCA (K=20/20),3,periodavg_0870-0872,35.200000,-11.9506,3.2437,86.7415,79.1852,7.5563
NLMS-PCA (K=20/20),3,periodavg_0870-0872,35.253333,-12.1118,4.2406,86.8258,79.1852,7.6406
NLMS-PCA (K=20/20),3,periodavg_0870-0872,35.306667,-11.3152,4.6050,86.3785,79.1852,7.1933
NLMS-PCA (K=20/20),3,periodavg_0870-0872,35.360000,-11.4736,5.7226,86.8091,79.1852,7.6239
NLMS-PCA (K=20/20),3,periodavg_0870-0872,35.400000,-11.7037,4.0477,86.6688,79.1852,7.4836
NLMS-PCA (K=20/20),3,periodavg_0870-0872,35.453333,-11.1895,5.0575,86.4370,79.1852,7.2518
NLMS-PCA (K=20/20),3,periodavg_0870-0872,35.506667,-12.1873,4.9382,87.0942,79.1852,7.9090
NLMS-PCA (K=20/20),3,periodavg_0870-0872,35.560000,-11.8281,3.7730,86.7458,79.1852,7.5606
NLMS-PCA (K=20/20),3,periodavg_0870-0872,35.600000,-11.3751,3.3011,86.9965,79.1852,7.8112
NLMS-PCA (K=20/20),3,periodavg_0870-0872,35.653333,-9.8147,6.6116,82.9096,79.1852,3.7244
NLMS-PCA (K=20/20),3,periodavg_0870-0872,35.706667,-11.1553,3.3665,86.6921,79.1852,7.5069
NLMS-PCA (K=20/20),3,periodavg_0870-0872,35.760000,-11.0769,4.5595,86.5349,79.1852,7.3497
NLMS-PCA (K=20/20),3,periodavg_0870-0872,35.800000,-11.1694,4.6844,86.1491,79.1852,6.9639
NLMS-PCA (K=20/20),3,periodavg_0870-0872,35.853333,-10.1776,4.0333,85.4653,79.1852,6.2800
NLMS-PCA (K=20/20),3,periodavg_0870-0872,35.906667,-10.5551,3.7717,85.4954,79.1852,6.3101
NLMS-PCA (K=20/20),3,periodavg_0870-0872,35.960000,-10.9646,4.9696,85.8778,79.1852,6.6925
NLMS-PCA (K=20/20),3,periodavg_0870-0872,36.000000,-11.3832,4.6465,86.1774,79.1852,6.9922
NLMS-PCA (K=20/20),3,periodavg_0870-0872,36.053333,-11.8371,4.2522,86.4832,79.1852,7.2979
NLMS-PCA (K=20/20),3,periodavg_0870-0872,36.106667,-10.9988,4.7484,86.5401,79.1852,7.3549
NLMS-PCA (K=20/20),3,periodavg_0870-0872,36.160000,-11.0658,4.5922,86.2060,79.1852,7.0207
NLMS-PCA (K=20/20),3,periodavg_0870-0872,36.200000,-11.1028,5.6359,85.9867,79.1852,6.8015
NLMS-PCA (K=20/20),3,periodavg_0870-0872,36.253333,-10.9708,4.5381,85.5576,79.1852,6.3724
NLMS-PCA (K=20/20),3,periodavg_0870-0872,36.306667,-11.4427,4.2652,86.3406,79.1852,7.1554
NLMS-PCA (K=20/20),3,periodavg_0870-0872,36.360000,-11.7370,4.6159,86.2788,79.1852,7.0936
NLMS-PCA (K=20/20),3,periodavg_0870-0872,36.400000,-11.7072,4.7315,86.2567,79.1852,7.0715
NLMS-PCA (K=20/20),3,periodavg_0870-0872,36.453333,-11.7577,5.6652,86.3839,79.1852,7.1986
NLMS-PCA (K=20/20),3,periodavg_0870-0872,36.506667,-10.6817,4.6548,83.5169,79.1852,4.3317
NLMS-PCA (K=20/20),3,periodavg_0870-0872,36.560000,-10.8457,4.2667,86.7102,79.1852,7.5250
NLMS-PCA (K=20/20),3,periodavg_0870-0872,36.600000,-11.0116,3.8615,86.3708,79.1852,7.1855
NLMS-PCA (K=20/20),3,periodavg_0870-0872,36.653333,-11.4848,5.4459,86.9531,79.1852,7.7679
NLMS-PCA (K=20/20),3,periodavg_0870-0872,36.706667,-10.6072,4.4119,85.9962,79.1852,6.8109
NLMS-PCA (K=20/20),3,periodavg_0870-0872,36.760000,-10.6914,4.7819,85.9869,79.1852,6.8017
NLMS-PCA (K=20/20),3,periodavg_0870-0872,36.800000,-11.0567,3.6706,85.7533,79.1852,6.5680
NLMS-PCA (K=20/20),3,periodavg_0870-0872,36.853333,-10.4014,4.9480,85.3983,79.1852,6.2131
NLMS-PCA (K=20/20),3,periodavg_0870-0872,36.906667,-11.2076,3.7011,85.8736,79.1852,6.6884
NLMS-PCA (K=20/20),3,periodavg_0870-0872,36.960000,-10.9778,5.7699,85.3693,79.1852,6.1840
NLMS-PCA (K=20/20),3,periodavg_0870-0872,37.000000,-11.6324,4.9293,86.6360,79.1852,7.4508
NLMS-PCA (K=20/20),3,periodavg_0870-0872,37.053333,-11.1190,5.0063,85.3076,79.1852,6.1224
NLMS-PCA (K=20/20),3,periodavg_0870-0872,37.106667,-10.9795,5.3726,86.1514,79.1852,6.9661
NLMS-PCA (K=20/20),3,periodavg_0870-0872,37.160000,-11.0596,3.7422,85.2600,79.1852,6.0748
NLMS-PCA (K=20/20),3,periodavg_0870-0872,37.200000,-10.5297,4.1595,84.7486,79.1852,5.5634
NLMS-PCA (K=20/20),3,periodavg_0870-0872,37.253333,-10.9771,4.0038,86.6854,79.1852,7.5001
NLMS-PCA (K=20/20),3,periodavg_0870-0872,37.306667,-11.7490,5.6956,86.5268,79.1852,7.3415
NLMS-PCA (K=20/20),3,periodavg_0870-0872,37.360000,-11.2757,3.8626,86.7921,79.1852,7.6069
NLMS-PCA (K=20/20),3,periodavg_0870-0872,37.400000,-11.0582,3.9076,86.2015,79.1852,7.0162
NLMS-PCA (K=20/20),3,periodavg_0870-0872,37.453333,-11.7501,3.8470,86.2834,79.1852,7.0982
NLMS-PCA (K=20/20),3,periodavg_0870-0872,37.506667,-11.1129,3.5102,86.2839,79.1852,7.0986
NLMS-PCA (K=20/20),3,periodavg_0870-0872,37.560000,-11.3340,5.5632,86.8741,79.1852,7.6889
NLMS-PCA (K=20/20),3,periodavg_0870-0872,37.600000,-11.0463,3.1418,85.6729,79.1852,6.4876
NLMS-PCA (K=20/20),3,periodavg_0870-0872,37.653333,-11.4937,4.5133,86.4306,79.1852,7.2453
NLMS-PCA (K=20/20),3,periodavg_0870-0872,37.706667,-11.3704,4.3328,86.0230,79.1852,6.8378
NLMS-PCA (K=20/20),3,periodavg_0870-0872,37.760000,-9.8323,6.2628,80.2378,79.1852,1.0525
NLMS-PCA (K=20/20),3,periodavg_0870-0872,37.800000,-11.7436,4.5441,86.7732,79.1852,7.5879
NLMS-PCA (K=20/20),3,periodavg_0870-0872,37.853333,-10.7519,5.3551,83.8150,79.1852,4.6298
NLMS-PCA (K=20/20),3,periodavg_0870-0872,37.906667,-11.0929,3.9923,87.1251,79.1852,7.9398
NLMS-PCA (K=20/20),3,periodavg_0870-0872,37.960000,-11.8452,4.2310,87.9248,79.1852,8.7396
NLMS-PCA (K=20/20),3,periodavg_0870-0872,38.000000,-11.7415,5.1523,88.5375,79.1852,9.3523
NLMS-PCA (K=20/20),3,periodavg_0870-0872,38.053333,-12.3234,5.1866,88.0002,79.1852,8.8150
NLMS-PCA (K=20/20),3,periodavg_0870-0872,38.106667,-12.2119,4.5957,87.8946,79.1852,8.7094
NLMS-PCA (K=20/20),3,periodavg_0870-0872,38.160000,-12.5100,3.9365,88.0403,79.1852,8.8550
NLMS-PCA (K=20/20),3,periodavg_0870-0872,38.200000,-11.2371,5.0559,87.6124,79.1852,8.4272
NLMS-PCA (K=20/20),3,periodavg_0870-0872,38.253333,-11.6572,5.0728,87.8632,79.1852,8.6780
NLMS-PCA (K=20/20),3,periodavg_0870-0872,38.306667,-11.0767,6.4157,84.4503,79.1852,5.2651
NLMS-PCA (K=20/20),3,periodavg_0870-0872,38.360000,-11.9231,3.7370,86.8601,79.1852,7.6749
NLMS-PCA (K=20/20),3,periodavg_0870-0872,38.400000,-11.9452,5.2300,87.6428,79.1852,8.4575
NLMS-PCA (K=20/20),3,periodavg_0870-0872,38.453333,-11.9568,4.1725,86.6819,79.1852,7.4967
NLMS-PCA (K=20/20),3,periodavg_0870-0872,38.506667,-10.5842,4.1259,87.6197,79.1852,8.4344
NLMS-PCA (K=20/20),3,periodavg_0870-0872,38.560000,-10.9302,3.5910,86.5938,79.1852,7.4086
NLMS-PCA (K=20/20),3,periodavg_0870-0872,38.600000,-11.5320,4.3352,86.6388,79.1852,7.4535
NLMS-PCA (K=20/20),3,periodavg_0870-0872,38.653333,-11.1342,4.9680,85.8807,79.1852,6.6955
NLMS-PCA (K=20/20),3,periodavg_0870-0872,38.706667,-10.9249,4.8728,84.4451,79.1852,5.2598
NLMS-PCA (K=20/20),3,periodavg_0870-0872,38.760000,-9.8205,5.3255,79.9073,79.1852,0.7221
NLMS-PCA (K=20/20),3,periodavg_0870-0872,38.800000,-11.5901,4.0956,86.0692,79.1852,6.8840
NLMS-PCA (K=20/20),3,periodavg_0870-0872,38.853333,-10.0195,4.1018,85.9093,79.1852,6.7240
NLMS-PCA (K=20/20),3,periodavg_0870-0872,38.906667,-10.5178,5.1700,86.3469,79.1852,7.1616
NLMS-PCA (K=20/20),3,periodavg_0870-0872,38.960000,-11.4516,4.4237,86.0755,79.1852,6.8903
NLMS-PCA (K=20/20),3,periodavg_0870-0872,39.000000,-11.6597,5.2840,86.3270,79.1852,7.1418
NLMS-PCA (K=20/20),3,periodavg_0870-0872,39.053333,-10.4823,5.2457,84.4849,79.1852,5.2997
NLMS-PCA (K=20/20),3,periodavg_0870-0872,39.106667,-10.9106,4.1589,86.6473,79.1852,7.4621
NLMS-PCA (K=20/20),3,periodavg_0870-0872,39.160000,-11.0511,3.4875,85.8791,79.1852,6.6939
NLMS-PCA (K=20/20),3,periodavg_0870-0872,39.200000,-10.4857,5.2758,86.1061,79.1852,6.9209
NLMS-PCA (K=20/20),3,periodavg_0870-0872,39.253333,-11.5455,4.0338,86.1829,79.1852,6.9977
NLMS-PCA (K=20/20),3,periodavg_0870-0872,39.306667,-10.9258,4.9161,83.1091,79.1852,3.9239
NLMS-PCA (K=20/20),3,periodavg_0870-0872,39.360000,-11.2798,4.5288,86.5496,79.1852,7.3644
NLMS-PCA (K=20/20),3,periodavg_0870-0872,39.400000,-10.8123,3.9890,85.5923,79.1852,6.4071
NLMS-PCA (K=20/20),3,periodavg_0870-0872,39.453333,-10.9637,4.5398,85.8508,79.1852,6.6655
NLMS-PCA (K=20/20),3,periodavg_0870-0872,39.506667,-11.3052,4.8666,85.9372,79.1852,6.7519
NLMS-PCA (K=20/20),3,periodavg_0870-0872,39.560000,-10.5231,5.8726,83.6050,79.1852,4.4197
NLMS-PCA (K=20/20),3,periodavg_0870-0872,39.600000,-10.7478,4.8314,84.6813,79.1852,5.4961
NLMS-PCA (K=20/20),3,periodavg_0870-0872,39.653333,-11.0313,3.9720,86.8969,79.1852,7.7116
NLMS-PCA (K=20/20),3,periodavg_0870-0872,39.706667,-11.0441,4.3173,85.9318,79.1852,6.7465
NLMS-PCA (K=20/20),3,periodavg_0870-0872,39.760000,-11.8410,4.3057,87.4565,79.1852,8.2712
NLMS-PCA (K=20/20),3,periodavg_0870-0872,39.800000,-11.5049,4.6662,86.3017,79.1852,7.1164
NLMS-PCA (K=20/20),3,periodavg_0870-0872,39.853333,-11.7105,5.1759,87.5039,79.1852,8.3187
NLMS-PCA (K=20/20),3,periodavg_0870-0872,39.906667,-11.8510,4.3682,87.3377,79.1852,8.1525
NLMS-PCA (K=20/20),3,periodavg_0870-0872,39.960000,-10.3807,4.7519,83.1142,79.1852,3.9289
NLMS-PCA (K=20/20),3,periodavg_0870-0872,40.000000,-11.8450,3.3097,87.5262,79.1852,8.3410
"SoftPCA-F (alpha=1.00e-04, K=20/20)",0,periodavg_1056-1058,0.013333,-5.7592,2.9725,85.2085,84.0444,1.1641
"SoftPCA-F (alpha=1.00e-04, K=20/20)",0,periodavg_1056-1058,0.053333,-6.4645,1.8996,89.2033,84.0444,5.1589
"SoftPCA-F (alpha=1.00e-04, K=20/20)",0,periodavg_1056-1058,0.106667,-6.9969,2.2484,89.6286,84.0444,5.5842
"SoftPCA-F (alpha=1.00e-04, K=20/20)",0,periodavg_1056-1058,0.160000,-7.4019,2.3239,89.9312,84.0444,5.8868
"SoftPCA-F (alpha=1.00e-04, K=20/20)",0,periodavg_1056-1058,0.200000,-7.8359,2.5828,90.0324,84.0444,5.9880
"SoftPCA-F (alpha=1.00e-04, K=20/20)",0,periodavg_1056-1058,0.253333,-8.1146,1.6270,90.2912,84.0444,6.2468
"SoftPCA-F (alpha=1.00e-04, K=20/20)",0,periodavg_1056-1058,0.306667,-8.6947,1.5325,90.8545,84.0444,6.8101
"SoftPCA-F (alpha=1.00e-04, K=20/20)",0,periodavg_1056-1058,0.360000,-9.1652,2.4408,91.2857,84.0444,7.2413
"SoftPCA-F (alpha=1.00e-04, K=20/20)",0,periodavg_1056-1058,0.400000,-9.3306,2.1439,91.4863,84.0444,7.4419
"SoftPCA-F (alpha=1.00e-04, K=20/20)",0,periodavg_1056-1058,0.453333,-9.6519,1.6620,92.1189,84.0444,8.0745
"SoftPCA-F (alpha=1.00e-04, K=20/20)",0,periodavg_1056-1058,0.506667,-9.8864,2.5472,92.3356,84.0444,8.2912
"SoftPCA-F (alpha=1.00e-04, K=20/20)",0,periodavg_1056-1058,0.560000,-10.1583,2.8345,92.6258,84.0444,8.5813
"SoftPCA-F (alpha=1.00e-04, K=20/20)",0,periodavg_1056-1058,0.600000,-10.3476,2.8037,92.8194,84.0444,8.7750
"SoftPCA-F (alpha=1.00e-04, K=20/20)",0,periodavg_1056-1058,0.653333,-10.6149,2.3347,93.1958,84.0444,9.1514
"SoftPCA-F (alpha=1.00e-04, K=20/20)",0,periodavg_1056-1058,0.706667,-10.7547,3.1587,93.3626,84.0444,9.3182
"SoftPCA-F (alpha=1.00e-04, K=20/20)",0,periodavg_1056-1058,0.760000,-10.9803,2.7138,93.6980,84.0444,9.6536
"SoftPCA-F (alpha=1.00e-04, K=20/20)",0,periodavg_1056-1058,0.800000,-11.1780,2.4288,93.8629,84.0444,9.8185
"SoftPCA-F (alpha=1.00e-04, K=20/20)",0,periodavg_1056-1058,0.853333,-11.3244,1.6123,94.3508,84.0444,10.3064
"SoftPCA-F (alpha=1.00e-04, K=20/20)",0,periodavg_1056-1058,0.906667,-11.4712,2.3600,94.3858,84.0444,10.3414
"SoftPCA-F (alpha=1.00e-04, K=20/20)",0,periodavg_1056-1058,0.960000,-11.5224,3.2306,94.7041,84.0444,10.6597
"SoftPCA-F (alpha=1.00e-04, K=20/20)",0,periodavg_1056-1058,1.000000,-11.6834,2.0388,94.8729,84.0444,10.8285
"SoftPCA-F (alpha=1.00e-04, K=20/20)",0,periodavg_1056-1058,1.053333,-11.7545,2.4588,95.0506,84.0444,11.0062
"SoftPCA-F (alpha=1.00e-04, K=20/20)",0,periodavg_1056-1058,1.106667,-11.8619,1.5609,94.7610,84.0444,10.7166
"SoftPCA-F (alpha=1.00e-04, K=20/20)",0,periodavg_1056-1058,1.160000,-12.1377,2.3802,95.3955,84.0444,11.3511
"SoftPCA-F (alpha=1.00e-04, K=20/20)",0,periodavg_1056-1058,1.200000,-12.1258,1.8059,95.6273,84.0444,11.5829
"SoftPCA-F (alpha=1.00e-04, K=20/20)",0,periodavg_1056-1058,1.253333,-12.4157,2.7430,95.8860,84.0444,11.8416
"SoftPCA-F (alpha=1.00e-04, K=20/20)",0,periodavg_1056-1058,1.306667,-12.3327,0.4991,94.1212,84.0444,10.0768
"SoftPCA-F (alpha=1.00e-04, K=20/20)",0,periodavg_1056-1058,1.360000,-12.4943,2.4942,93.1688,84.0444,9.1244
"SoftPCA-F (alpha=1.00e-04, K=20/20)",0,periodavg_1056-1058,1.400000,-12.6772,3.4334,95.8242,84.0444,11.7798
"SoftPCA-F (alpha=1.00e-04, K=20/20)",0,periodavg_1056-1058,1.453333,-12.8028,2.5613,96.8689,84.0444,12.8245
"SoftPCA-F (alpha=1.00e-04, K=20/20)",0,periodavg_1056-1058,1.506667,-12.7837,2.2512,97.0343,84.0444,12.9899
"SoftPCA-F (alpha=1.00e-04, K=20/20)",0,periodavg_1056-1058,1.560000,-12.8087,2.7848,97.1550,84.0444,13.1106
"SoftPCA-F (alpha=1.00e-04, K=20/20)",0,periodavg_1056-1058,1.600000,-12.7929,2.9740,97.4969,84.0444,13.4525
"SoftPCA-F (alpha=1.00e-04, K=20/20)",0,periodavg_1056-1058,1.653333,-12.8288,1.6786,97.7588,84.0444,13.7144
"SoftPCA-F (alpha=1.00e-04, K=20/20)",0,periodavg_1056-1058,1.706667,-12.9613,2.2356,97.1318,84.0444,13.0874
"SoftPCA-F (alpha=1.00e-04, K=20/20)",0,periodavg_1056-1058,1.760000,-12.9806,2.1043,97.9735,84.0444,13.9291
"SoftPCA-F (alpha=1.00e-04, K=20/20)",0,periodavg_1056-1058,1.800000,-12.9506,1.8342,98.2264,84.0444,14.1820
"SoftPCA-F (alpha=1.00e-04, K=20/20)",0,periodavg_1056-1058,1.853333,-13.0657,3.0190,97.3376,84.0444,13.2932
"SoftPCA-F (alpha=1.00e-04, K=20/20)",0,periodavg_1056-1058,1.906667,-13.2530,2.1418,98.7134,84.0444,14.6690
"SoftPCA-F (alpha=1.00e-04, K=20/20)",0,periodavg_1056-1058,1.960000,-13.2355,3.2055,98.7150,84.0444,14.6706
"SoftPCA-F (alpha=1.00e-04, K=20/20)",0,periodavg_1056-1058,2.000000,-13.2905,2.1729,98.6665,84.0444,14.6221
"SoftPCA-F (alpha=1.00e-04, K=20/20)",0,periodavg_1056-1058,2.053333,-13.4874,2.7731,98.6087,84.0444,14.5643
"SoftPCA-F (alpha=1.00e-04, K=20/20)",0,periodavg_1056-1058,2.106667,-13.4654,2.1122,98.5218,84.0444,14.4774
"SoftPCA-F (alpha=1.00e-04, K=20/20)",0,periodavg_1056-1058,2.160000,-13.2284,2.2545,97.0706,84.0444,13.0262
"SoftPCA-F (alpha=1.00e-04, K=20/20)",0,periodavg_1056-1058,2.200000,-13.0134,3.8535,94.1478,84.0444,10.1034
"SoftPCA-F (alpha=1.00e-04, K=20/20)",0,periodavg_1056-1058,2.253333,-12.9933,2.3502,95.9494,84.0444,11.9050
"SoftPCA-F (alpha=1.00e-04, K=20/20)",0,periodavg_1056-1058,2.306667,-13.1453,2.7624,95.4450,84.0444,11.4006
"SoftPCA-F (alpha=1.00e-04, K=20/20)",0,periodavg_1056-1058,2.360000,-13.0767,3.4914,96.2909,84.0444,12.2464
"SoftPCA-F (alpha=1.00e-04, K=20/20)",0,periodavg_1056-1058,2.400000,-13.0781,2.7451,96.2578,84.0444,12.2134
"SoftPCA-F (alpha=1.00e-04, K=20/20)",0,periodavg_1056-1058,2.453333,-13.4555,0.9280,98.2092,84.0444,14.1647
"SoftPCA-F (alpha=1.00e-04, K=20/20)",0,periodavg_1056-1058,2.506667,-13.3492,1.3290,97.7380,84.0444,13.6936
"SoftPCA-F (alpha=1.00e-04, K=20/20)",0,periodavg_1056-1058,2.560000,-13.1303,1.0276,97.4185,84.0444,13.3741
"SoftPCA-F (alpha=1.00e-04, K=20/20)",0,periodavg_1056-1058,2.600000,-13.1196,2.3619,96.8459,84.0444,12.8015
"SoftPCA-F (alpha=1.00e-04, K=20/20)",0,periodavg_1056-1058,2.653333,-13.4261,2.3593,98.3946,84.0444,14.3502
"SoftPCA-F (alpha=1.00e-04, K=20/20)",0,periodavg_1056-1058,2.706667,-13.5955,1.8991,97.8476,84.0444,13.8032
"SoftPCA-F (alpha=1.00e-04, K=20/20)",0,periodavg_1056-1058,2.760000,-13.4806,2.0839,98.3955,84.0444,14.3511
"SoftPCA-F (alpha=1.00e-04, K=20/20)",0,periodavg_1056-1058,2.800000,-13.5660,3.0756,98.3821,84.0444,14.3377
"SoftPCA-F (alpha=1.00e-04, K=20/20)",0,periodavg_1056-1058,2.853333,-13.3501,3.1619,97.9685,84.0444,13.9241
"SoftPCA-F (alpha=1.00e-04, K=20/20)",0,periodavg_1056-1058,2.906667,-13.2633,3.2789,98.2021,84.0444,14.1577
"SoftPCA-F (alpha=1.00e-04, K=20/20)",0,periodavg_1056-1058,2.960000,-13.4245,1.6720,98.1709,84.0444,14.1265
"SoftPCA-F (alpha=1.00e-04, K=20/20)",0,periodavg_1056-1058,3.000000,-13.3836,2.4075,98.1241,84.0444,14.0797
"SoftPCA-F (alpha=1.00e-04, K=20/20)",0,periodavg_1056-1058,3.053333,-13.2817,2.8898,98.1105,84.0444,14.0661
"SoftPCA-F (alpha=1.00e-04, K=20/20)",0,periodavg_1056-1058,3.106667,-13.4987,2.5840,98.0846,84.0444,14.0402
"SoftPCA-F (alpha=1.00e-04, K=20/20)",0,periodavg_1056-1058,3.160000,-13.6294,1.7506,98.0270,84.0444,13.9826
"SoftPCA-F (alpha=1.00e-04, K=20/20)",0,periodavg_1056-1058,3.200000,-13.5195,2.8463,98.0252,84.0444,13.9808
"SoftPCA-F (alpha=1.00e-04, K=20/20)",0,periodavg_1056-1058,3.253333,-13.4573,2.5027,97.9767,84.0444,13.9323
"SoftPCA-F (alpha=1.00e-04, K=20/20)",0,periodavg_1056-1058,3.306667,-13.6016,2.4047,97.9758,84.0444,13.9314
"SoftPCA-F (alpha=1.00e-04, K=20/20)",0,periodavg_1056-1058,3.360000,-13.3619,2.2872,96.9198,84.0444,12.8754
"SoftPCA-F (alpha=1.00e-04, K=20/20)",0,periodavg_1056-1058,3.400000,-13.3662,2.6126,97.9234,84.0444,13.8790
"SoftPCA-F (alpha=1.00e-04, K=20/20)",0,periodavg_1056-1058,3.453333,-13.4834,1.8478,97.9581,84.0444,13.9137
"SoftPCA-F (alpha=1.00e-04, K=20/20)",0,periodavg_1056-1058,3.506667,-13.2280,2.8876,97.4684,84.0444,13.4240
"SoftPCA-F (alpha=1.00e-04, K=20/20)",0,periodavg_1056-1058,3.560000,-13.1587,3.3921,96.2465,84.0444,12.2021
"SoftPCA-F (alpha=1.00e-04, K=20/20)",0,periodavg_1056-1058,3.600000,-13.2522,1.5576,97.8044,84.0444,13.7600
"SoftPCA-F (alpha=1.00e-04, K=20/20)",0,periodavg_1056-1058,3.653333,-13.3957,2.4183,97.9128,84.0444,13.8684
"SoftPCA-F (alpha=1.00e-04, K=20/20)",0,periodavg_1056-1058,3.706667,-13.4679,2.2563,97.9202,84.0444,13.8758
"SoftPCA-F (alpha=1.00e-04, K=20/20)",0,periodavg_1056-1058,3.760000,-13.4932,2.0402,97.8902,84.0444,13.8458
"SoftPCA-F (alpha=1.00e-04, K=20/20)",0,periodavg_1056-1058,3.800000,-13.3888,2.3531,97.8740,84.0444,13.8296
"SoftPCA-F (alpha=1.00e-04, K=20/20)",0,periodavg_1056-1058,3.853333,-13.5002,2.5711,97.9370,84.0444,13.8926
"SoftPCA-F (alpha=1.00e-04, K=20/20)",0,periodavg_1056-1058,3.906667,-13.5497,1.4498,98.0405,84.0444,13.9961
"SoftPCA-F (alpha=1.00e-04, K=20/20)",0,periodavg_1056-1058,3.960000,-13.3498,1.8175,98.1143,84.0444,14.0699
"SoftPCA-F (alpha=1.00e-04, K=20/20)",0,periodavg_1056-1058,4.000000,-13.4418,1.9116,98.1905,84.0444,14.1461
"SoftPCA-F (alpha=1.00e-04, K=20/20)",0,periodavg_1056-1058,4.053333,-13.5850,1.9388,98.2613,84.0444,14.2169
"SoftPCA-F (alpha=1.00e-04, K=20/20)",0,periodavg_1056-1058,4.106667,-13.4664,1.8790,95.6358,84.0444,11.5914
"SoftPCA-F (alpha=1.00e-04, K=20/20)",0,periodavg_1056-1058,4.160000,-13.5064,2.4463,95.5173,84.0444,11.4729
"SoftPCA-F (alpha=1.00e-04, K=20/20)",0,periodavg_1056-1058,4.200000,-13.3837,2.2460,95.0664,84.0444,11.0220
"SoftPCA-F (alpha=1.00e-04, K=20/20)",0,periodavg_1056-1058,4.253333,-13.4517,2.4500,94.5660,84.0444,10.5216
"SoftPCA-F (alpha=1.00e-04, K=20/20)",0,periodavg_1056-1058,4.306667,-13.5341,2.2851,95.5521,84.0444,11.5077
"SoftPCA-F (alpha=1.00e-04, K=20/20)",0,periodavg_1056-1058,4.360000,-13.4790,2.8300,96.4498,84.0444,12.4054
"SoftPCA-F (alpha=1.00e-04, K=20/20)",0,periodavg_1056-1058,4.400000,-13.4996,2.6657,96.4169,84.0444,12.3725
"SoftPCA-F (alpha=1.00e-04, K=20/20)",0,periodavg_1056-1058,4.453333,-13.5629,2.9435,97.9862,84.0444,13.9418
"SoftPCA-F (alpha=1.00e-04, K=20/20)",0,periodavg_1056-1058,4.506667,-13.5325,2.3938,98.1512,84.0444,14.1068
"SoftPCA-F (alpha=1.00e-04, K=20/20)",0,periodavg_1056-1058,4.560000,-13.5013,2.6005,98.1120,84.0444,14.0676
"SoftPCA-F (alpha=1.00e-04, K=20/20)",0,periodavg_1056-1058,4.600000,-13.5366,2.0935,98.0581,84.0444,14.0137
"SoftPCA-F (alpha=1.00e-04, K=20/20)",0,periodavg_1056-1058,4.653333,-13.4861,3.4164,97.9862,84.0444,13.9418
"SoftPCA-F (alpha=1.00e-04, K=20/20)",0,periodavg_1056-1058,4.706667,-13.2775,3.0521,97.9302,84.0444,13.8858
"SoftPCA-F (alpha=1.00e-04, K=20/20)",0,periodavg_1056-1058,4.760000,-13.2546,3.0993,97.8506,84.0444,13.8062
"SoftPCA-F (alpha=1.00e-04, K=20/20)",0,periodavg_1056-1058,4.800000,-12.8705,3.0185,97.1688,84.0444,13.1244
"SoftPCA-F (alpha=1.00e-04, K=20/20)",0,periodavg_1056-1058,4.853333,-12.6248,3.0222,94.1512,84.0444,10.1068
"SoftPCA-F (alpha=1.00e-04, K=20/20)",0,periodavg_1056-1058,4.906667,-12.9459,1.9452,95.3467,84.0444,11.3023
"SoftPCA-F (alpha=1.00e-04, K=20/20)",0,periodavg_1056-1058,4.960000,-13.0681,1.8131,97.5385,84.0444,13.4941
"SoftPCA-F (alpha=1.00e-04, K=20/20)",0,periodavg_1056-1058,5.000000,-13.0305,2.6874,97.5316,84.0444,13.4872
"SoftPCA-F (alpha=1.00e-04, K=20/20)",0,periodavg_1056-1058,5.053333,-13.2917,1.7747,97.5230,84.0444,13.4786
"SoftPCA-F (alpha=1.00e-04, K=20/20)",0,periodavg_1056-1058,5.106667,-13.3780,2.4449,97.5310,84.0444,13.4866
"SoftPCA-F (alpha=1.00e-04, K=20/20)",0,periodavg_1056-1058,5.160000,-13.3256,1.3665,97.5515,84.0444,13.5071
"SoftPCA-F (alpha=1.00e-04, K=20/20)",0,periodavg_1056-1058,5.200000,-13.2052,2.4015,97.5964,84.0444,13.5520
"SoftPCA-F (alpha=1.00e-04, K=20/20)",0,periodavg_1056-1058,5.253333,-13.1854,3.4608,97.6347,84.0444,13.5903
"SoftPCA-F (alpha=1.00e-04, K=20/20)",0,periodavg_1056-1058,5.306667,-13.0512,1.6826,96.8097,84.0444,12.7653
"SoftPCA-F (alpha=1.00e-04, K=20/20)",0,periodavg_1056-1058,5.360000,-13.0872,2.7674,97.7195,84.0444,13.6750
"SoftPCA-F (alpha=1.00e-04, K=20/20)",0,periodavg_1056-1058,5.400000,-13.0681,1.9478,97.8119,84.0444,13.7675
"SoftPCA-F (alpha=1.00e-04, K=20/20)",0,periodavg_1056-1058,5.453333,-13.0852,1.4026,97.9157,84.0444,13.8713
"SoftPCA-F (alpha=1.00e-04, K=20/20)",0,periodavg_1056-1058,5.506667,-13.1753,3.0390,97.9618,84.0444,13.9174
"SoftPCA-F (alpha=1.00e-04, K=20/20)",0,periodavg_1056-1058,5.560000,-13.0857,2.0545,98.0100,84.0444,13.9656
"SoftPCA-F (alpha=1.00e-04, K=20/20)",0,periodavg_1056-1058,5.600000,-12.9596,3.0241,96.5808,84.0444,12.5364
"SoftPCA-F (alpha=1.00e-04, K=20/20)",0,periodavg_1056-1058,5.653333,-13.1634,2.8283,98.0956,84.0444,14.0512
"SoftPCA-F (alpha=1.00e-04, K=20/20)",0,periodavg_1056-1058,5.706667,-13.3300,2.7499,98.0503,84.0444,14.0059
"SoftPCA-F (alpha=1.00e-04, K=20/20)",0,periodavg_1056-1058,5.760000,-13.3171,1.7415,98.0496,84.0444,14.0052
"SoftPCA-F (alpha=1.00e-04, K=20/20)",0,periodavg_1056-1058,5.800000,-13.3500,2.0886,97.9981,84.0444,13.9537
"SoftPCA-F (alpha=1.00e-04, K=20/20)",0,periodavg_1056-1058,5.853333,-13.3854,2.7531,98.1082,84.0444,14.0638
"SoftPCA-F (alpha=1.00e-04, K=20/20)",0,periodavg_1056-1058,5.906667,-13.4724,1.7505,98.1158,84.0444,14.0714
"SoftPCA-F (alpha=1.00e-04, K=20/20)",0,periodavg_1056-1058,5.960000,-13.5173,1.9565,98.1481,84.0444,14.1037
"SoftPCA-F (alpha=1.00e-04, K=20/20)",0,periodavg_1056-1058,6.000000,-13.5981,2.4356,98.1554,84.0444,14.1110
"SoftPCA-F (alpha=1.00e-04, K=20/20)",0,periodavg_1056-1058,6.053333,-13.6364,2.6177,98.1120,84.0444,14.0676
"SoftPCA-F (alpha=1.00e-04, K=20/20)",0,periodavg_1056-1058,6.106667,-13.5424,2.1270,98.0575,84.0444,14.0131
"SoftPCA-F (alpha=1.00e-04, K=20/20)",0,periodavg_1056-1058,6.160000,-13.4987,2.5008,98.0495,84.0444,14.0051
"SoftPCA-F (alpha=1.00e-04, K=20/20)",0,periodavg_1056-1058,6.200000,-13.4734,1.8174,98.0388,84.0444,13.9944
"SoftPCA-F (alpha=1.00e-04, K=20/20)",0,periodavg_1056-1058,6.253333,-13.4396,2.3086,98.0377,84.0444,13.9933
"SoftPCA-F (alpha=1.00e-04, K=20/20)",0,periodavg_1056-1058,6.306667,-13.4765,2.7423,98.0421,84.0444,13.9977
"SoftPCA-F (alpha=1.00e-04, K=20/20)",0,periodavg_1056-1058,6.360000,-13.5672,2.7144,98.0045,84.0444,13.9601
"SoftPCA-F (alpha=1.00e-04, K=20/20)",0,periodavg_1056-1058,6.400000,-13.3830,2.3692,97.9748,84.0444,13.9304
"SoftPCA-F (alpha=1.00e-04, K=20/20)",0,periodavg_1056-1058,6.453333,-13.4380,2.4307,97.9967,84.0444,13.9523
"SoftPCA-F (alpha=1.00e-04, K=20/20)",0,periodavg_1056-1058,6.506667,-13.3890,2.1206,97.9802,84.0444,13.9358
"SoftPCA-F (alpha=1.00e-04, K=20/20)",0,periodavg_1056-1058,6.560000,-13.3279,2.9929,98.0221,84.0444,13.9777
"SoftPCA-F (alpha=1.00e-04, K=20/20)",0,periodavg_1056-1058,6.600000,-13.3837,2.4945,98.0270,84.0444,13.9826
"SoftPCA-F (alpha=1.00e-04, K=20/20)",0,periodavg_1056-1058,6.653333,-13.6627,3.2999,98.0457,84.0444,14.0013
"SoftPCA-F (alpha=1.00e-04, K=20/20)",0,periodavg_1056-1058,6.706667,-13.5619,2.4250,98.0366,84.0444,13.9922
"SoftPCA-F (alpha=1.00e-04, K=20/20)",0,periodavg_1056-1058,6.760000,-13.5314,2.1948,98.0178,84.0444,13.9734
"SoftPCA-F (alpha=1.00e-04, K=20/20)",0,periodavg_1056-1058,6.800000,-13.3945,2.2734,98.0208,84.0444,13.9764
"SoftPCA-F (alpha=1.00e-04, K=20/20)",0,periodavg_1056-1058,6.853333,-13.4055,2.7100,98.0220,84.0444,13.9776
"SoftPCA-F (alpha=1.00e-04, K=20/20)",0,periodavg_1056-1058,6.906667,-13.4514,2.0280,97.9646,84.0444,13.9202
"SoftPCA-F (alpha=1.00e-04, K=20/20)",0,periodavg_1056-1058,6.960000,-13.3725,2.8427,97.9767,84.0444,13.9323
"SoftPCA-F (alpha=1.00e-04, K=20/20)",0,periodavg_1056-1058,7.000000,-13.2975,3.4780,97.9398,84.0444,13.8954
"SoftPCA-F (alpha=1.00e-04, K=20/20)",0,periodavg_1056-1058,7.053333,-13.1525,1.8647,97.6498,84.0444,13.6054
"SoftPCA-F (alpha=1.00e-04, K=20/20)",0,periodavg_1056-1058,7.106667,-13.1503,2.3034,97.1839,84.0444,13.1395
"SoftPCA-F (alpha=1.00e-04, K=20/20)",0,periodavg_1056-1058,7.160000,-13.1982,1.9866,97.9109,84.0444,13.8665
"SoftPCA-F (alpha=1.00e-04, K=20/20)",0,periodavg_1056-1058,7.200000,-13.2659,1.6727,97.8960,84.0444,13.8516
"SoftPCA-F (alpha=1.00e-04, K=20/20)",0,periodavg_1056-1058,7.253333,-13.2613,2.8966,97.8729,84.0444,13.8285
"SoftPCA-F (alpha=1.00e-04, K=20/20)",0,periodavg_1056-1058,7.306667,-13.2204,1.6676,97.9190,84.0444,13.8746
"SoftPCA-F (alpha=1.00e-04, K=20/20)",0,periodavg_1056-1058,7.360000,-13.3726,2.0362,97.5460,84.0444,13.5016
"SoftPCA-F (alpha=1.00e-04, K=20/20)",0,periodavg_1056-1058,7.400000,-13.1811,2.5069,96.5741,84.0444,12.5297
"SoftPCA-F (alpha=1.00e-04, K=20/20)",0,periodavg_1056-1058,7.453333,-13.2626,2.6311,97.1311,84.0444,13.0867
"SoftPCA-F (alpha=1.00e-04, K=20/20)",0,periodavg_1056-1058,7.506667,-13.1559,2.5121,97.2707,84.0444,13.2263
"SoftPCA-F (alpha=1.00e-04, K=20/20)",0,periodavg_1056-1058,7.560000,-13.2235,3.0122,97.8960,84.0444,13.8516
"SoftPCA-F (alpha=1.00e-04, K=20/20)",0,periodavg_1056-1058,7.600000,-13.1518,1.0457,97.8721,84.0444,13.8277
"SoftPCA-F (alpha=1.00e-04, K=20/20)",0,periodavg_1056-1058,7.653333,-13.0623,2.9603,97.7974,84.0444,13.7530
"SoftPCA-F (alpha=1.00e-04, K=20/20)",0,periodavg_1056-1058,7.706667,-13.0440,2.6900,97.7564,84.0444,13.7120
"SoftPCA-F (alpha=1.00e-04, K=20/20)",0,periodavg_1056-1058,7.760000,-13.1364,2.3740,97.7469,84.0444,13.7025
"SoftPCA-F (alpha=1.00e-04, K=20/20)",0,periodavg_1056-1058,7.800000,-13.1179,3.1722,97.7372,84.0444,13.6928
"SoftPCA-F (alpha=1.00e-04, K=20/20)",0,periodavg_1056-1058,7.853333,-13.2161,1.3152,97.8037,84.0444,13.7593
"SoftPCA-F (alpha=1.00e-04, K=20/20)",0,periodavg_1056-1058,7.906667,-13.2269,2.5983,97.8481,84.0444,13.8037
"SoftPCA-F (alpha=1.00e-04, K=20/20)",0,periodavg_1056-1058,7.960000,-13.1718,3.2024,97.8612,84.0444,13.8168
"SoftPCA-F (alpha=1.00e-04, K=20/20)",0,periodavg_1056-1058,8.000000,-13.1332,3.0884,97.8342,84.0444,13.7898
"SoftPCA-F (alpha=1.00e-04, K=20/20)",0,periodavg_1056-1058,8.053333,-13.3395,1.6581,97.8285,84.0444,13.7841
"SoftPCA-F (alpha=1.00e-04, K=20/20)",0,periodavg_1056-1058,8.106667,-13.3931,2.6695,97.8234,84.0444,13.7790
"SoftPCA-F (alpha=1.00e-04, K=20/20)",0,periodavg_1056-1058,8.160000,-13.3504,1.5206,97.8397,84.0444,13.7953
"SoftPCA-F (alpha=1.00e-04, K=20/20)",0,periodavg_1056-1058,8.200000,-13.2789,3.1160,97.8476,84.0444,13.8031
"SoftPCA-F (alpha=1.00e-04, K=20/20)",0,periodavg_1056-1058,8.253333,-13.1350,2.8383,97.8152,84.0444,13.7707
"SoftPCA-F (alpha=1.00e-04, K=20/20)",0,periodavg_1056-1058,8.306667,-13.3132,2.9814,97.7585,84.0444,13.7141
"SoftPCA-F (alpha=1.00e-04, K=20/20)",0,periodavg_1056-1058,8.360000,-13.2023,2.7808,97.7089,84.0444,13.6645
"SoftPCA-F (alpha=1.00e-04, K=20/20)",0,periodavg_1056-1058,8.400000,-13.3009,1.1266,97.7029,84.0444,13.6585
"SoftPCA-F (alpha=1.00e-04, K=20/20)",0,periodavg_1056-1058,8.453333,-13.2825,2.9004,97.6643,84.0444,13.6199
"SoftPCA-F (alpha=1.00e-04, K=20/20)",0,periodavg_1056-1058,8.506667,-13.2797,1.8964,97.6725,84.0444,13.6281
"SoftPCA-F (alpha=1.00e-04, K=20/20)",0,periodavg_1056-1058,8.560000,-13.3009,2.6161,97.6753,84.0444,13.6309
"SoftPCA-F (alpha=1.00e-04, K=20/20)",0,periodavg_1056-1058,8.600000,-13.3230,3.0584,97.6715,84.0444,13.6271
"SoftPCA-F (alpha=1.00e-04, K=20/20)",0,periodavg_1056-1058,8.653333,-13.4336,1.6013,97.6789,84.0444,13.6345
"SoftPCA-F (alpha=1.00e-04, K=20/20)",0,periodavg_1056-1058,8.706667,-13.3002,2.9891,97.6707,84.0444,13.6263
"SoftPCA-F (alpha=1.00e-04, K=20/20)",0,periodavg_1056-1058,8.760000,-13.0925,3.5992,97.6446,84.0444,13.6001
"SoftPCA-F (alpha=1.00e-04, K=20/20)",0,periodavg_1056-1058,8.800000,-13.2419,1.2801,97.6043,84.0444,13.5599
"SoftPCA-F (alpha=1.00e-04, K=20/20)",0,periodavg_1056-1058,8.853333,-13.2404,2.3771,97.5904,84.0444,13.5460
"SoftPCA-F (alpha=1.00e-04, K=20/20)",0,periodavg_1056-1058,8.906667,-13.2882,2.5985,97.5914,84.0444,13.5470
"SoftPCA-F (alpha=1.00e-04, K=20/20)",0,periodavg_1056-1058,8.960000,-13.3649,2.0236,97.5793,84.0444,13.5349
"SoftPCA-F (alpha=1.00e-04, K=20/20)",0,periodavg_1056-1058,9.000000,-13.2368,2.5143,97.6075,84.0444,13.5631
"SoftPCA-F (alpha=1.00e-04, K=20/20)",0,periodavg_1056-1058,9.053333,-13.1857,1.9587,97.6455,84.0444,13.6011
"SoftPCA-F (alpha=1.00e-04, K=20/20)",0,periodavg_1056-1058,9.106667,-13.1064,2.5725,97.6970,84.0444,13.6526
"SoftPCA-F (alpha=1.00e-04, K=20/20)",0,periodavg_1056-1058,9.160000,-13.3019,2.6961,97.7306,84.0444,13.6862
"SoftPCA-F (alpha=1.00e-04, K=20/20)",0,periodavg_1056-1058,9.200000,-13.2978,2.3475,97.7419,84.0444,13.6975
"SoftPCA-F (alpha=1.00e-04, K=20/20)",0,periodavg_1056-1058,9.253333,-13.1461,2.6005,97.7613,84.0444,13.7169
"SoftPCA-F (alpha=1.00e-04, K=20/20)",0,periodavg_1056-1058,9.306667,-13.0121,2.4541,97.7222,84.0444,13.6778
"SoftPCA-F (alpha=1.00e-04, K=20/20)",0,periodavg_1056-1058,9.360000,-13.3559,3.3008,97.7785,84.0444,13.7341
"SoftPCA-F (alpha=1.00e-04, K=20/20)",0,periodavg_1056-1058,9.400000,-13.3507,3.3262,97.7649,84.0444,13.7205
"SoftPCA-F (alpha=1.00e-04, K=20/20)",0,periodavg_1056-1058,9.453333,-13.1751,2.4710,97.7563,84.0444,13.7119
"SoftPCA-F (alpha=1.00e-04, K=20/20)",0,periodavg_1056-1058,9.506667,-13.2755,1.7932,97.7187,84.0444,13.6743
"SoftPCA-F (alpha=1.00e-04, K=20/20)",0,periodavg_1056-1058,9.560000,-13.1954,2.8702,97.7610,84.0444,13.7166
"SoftPCA-F (alpha=1.00e-04, K=20/20)",0,periodavg_1056-1058,9.600000,-13.1371,3.9525,97.7350,84.0444,13.6906
"SoftPCA-F (alpha=1.00e-04, K=20/20)",0,periodavg_1056-1058,9.653333,-12.9134,2.1694,97.7339,84.0444,13.6895
"SoftPCA-F (alpha=1.00e-04, K=20/20)",0,periodavg_1056-1058,9.706667,-13.1048,2.3311,97.7021,84.0444,13.6577
"SoftPCA-F (alpha=1.00e-04, K=20/20)",0,periodavg_1056-1058,9.760000,-13.4132,1.9957,97.6767,84.0444,13.6323
"SoftPCA-F (alpha=1.00e-04, K=20/20)",0,periodavg_1056-1058,9.800000,-13.4019,2.8801,97.6531,84.0444,13.6087
"SoftPCA-F (alpha=1.00e-04, K=20/20)",0,periodavg_1056-1058,9.853333,-13.4792,1.9366,97.6489,84.0444,13.6045
"SoftPCA-F (alpha=1.00e-04, K=20/20)",0,periodavg_1056-1058,9.906667,-13.3240,2.3311,97.6417,84.0444,13.5973
"SoftPCA-F (alpha=1.00e-04, K=20/20)",0,periodavg_1056-1058,9.960000,-13.2681,2.8463,97.6717,84.0444,13.6273
"SoftPCA-F (alpha=1.00e-04, K=20/20)",0,periodavg_1056-1058,10.000000,-13.1127,2.5678,97.6770,84.0444,13.6326
"SoftPCA-F (alpha=1.00e-04, K=20/20)",1,periodavg_0783-0785,10.013333,1.7902,-7.4167,87.6290,83.1503,4.4787
"SoftPCA-F (alpha=1.00e-04, K=20/20)",1,periodavg_0783-0785,10.053333,1.1682,1.4255,88.1819,83.1503,5.0317
"SoftPCA-F (alpha=1.00e-04, K=20/20)",1,periodavg_0783-0785,10.106667,0.3839,1.8278,89.0965,83.1503,5.9463
"SoftPCA-F (alpha=1.00e-04, K=20/20)",1,periodavg_0783-0785,10.160000,-0.2910,1.0624,89.8879,83.1503,6.7376
"SoftPCA-F (alpha=1.00e-04, K=20/20)",1,periodavg_0783-0785,10.200000,-0.8239,1.9081,91.0918,83.1503,7.9416
"SoftPCA-F (alpha=1.00e-04, K=20/20)",1,periodavg_0783-0785,10.253333,-1.5336,2.0834,91.6427,83.1503,8.4925
"SoftPCA-F (alpha=1.00e-04, K=20/20)",1,periodavg_0783-0785,10.306667,-2.1310,1.7441,92.0615,83.1503,8.9113
"SoftPCA-F (alpha=1.00e-04, K=20/20)",1,periodavg_0783-0785,10.360000,-2.7915,1.7644,92.4476,83.1503,9.2973
"SoftPCA-F (alpha=1.00e-04, K=20/20)",1,periodavg_0783-0785,10.400000,-3.2101,2.5977,92.6798,83.1503,9.5296
"SoftPCA-F (alpha=1.00e-04, K=20/20)",1,periodavg_0783-0785,10.453333,-3.7354,1.1309,93.0806,83.1503,9.9303
"SoftPCA-F (alpha=1.00e-04, K=20/20)",1,periodavg_0783-0785,10.506667,-4.2681,1.4256,93.4414,83.1503,10.2911
"SoftPCA-F (alpha=1.00e-04, K=20/20)",1,periodavg_0783-0785,10.560000,-4.7128,2.7517,93.6320,83.1503,10.4817
"SoftPCA-F (alpha=1.00e-04, K=20/20)",1,periodavg_0783-0785,10.600000,-5.0358,0.4552,93.8066,83.1503,10.6563
"SoftPCA-F (alpha=1.00e-04, K=20/20)",1,periodavg_0783-0785,10.653333,-5.4239,2.4554,94.0602,83.1503,10.9099
"SoftPCA-F (alpha=1.00e-04, K=20/20)",1,periodavg_0783-0785,10.706667,-5.8573,2.0147,94.4063,83.1503,11.2561
"SoftPCA-F (alpha=1.00e-04, K=20/20)",1,periodavg_0783-0785,10.760000,-6.2935,2.1605,94.6182,83.1503,11.4680
"SoftPCA-F (alpha=1.00e-04, K=20/20)",1,periodavg_0783-0785,10.800000,-6.3781,1.0153,94.8540,83.1503,11.7037
"SoftPCA-F (alpha=1.00e-04, K=20/20)",1,periodavg_0783-0785,10.853333,-6.6715,0.6419,95.1641,83.1503,12.0138
"SoftPCA-F (alpha=1.00e-04, K=20/20)",1,periodavg_0783-0785,10.906667,-7.0221,1.6248,94.9258,83.1503,11.7756
"SoftPCA-F (alpha=1.00e-04, K=20/20)",1,periodavg_0783-0785,10.960000,-7.3447,2.2283,95.5607,83.1503,12.4105
"SoftPCA-F (alpha=1.00e-04, K=20/20)",1,periodavg_0783-0785,11.000000,-7.4226,2.5466,95.7584,83.1503,12.6081
"SoftPCA-F (alpha=1.00e-04, K=20/20)",1,periodavg_0783-0785,11.053333,-7.8630,1.6609,96.0968,83.1503,12.9466
"SoftPCA-F (alpha=1.00e-04, K=20/20)",1,periodavg_0783-0785,11.106667,-8.0505,2.2931,96.4163,83.1503,13.2660
"SoftPCA-F (alpha=1.00e-04, K=20/20)",1,periodavg_0783-0785,11.160000,-8.4997,1.7315,96.7150,83.1503,13.5647
"SoftPCA-F (alpha=1.00e-04, K=20/20)",1,periodavg_0783-0785,11.200000,-8.4852,2.8742,96.8660,83.1503,13.7157
"SoftPCA-F (alpha=1.00e-04, K=20/20)",1,periodavg_0783-0785,11.253333,-8.7167,1.0469,97.1574,83.1503,14.0071
"SoftPCA-F (alpha=1.00e-04, K=20/20)",1,periodavg_0783-0785,11.306667,-8.8560,2.4248,97.4724,83.1503,14.3221
"SoftPCA-F (alpha=1.00e-04, K=20/20)",1,periodavg_0783-0785,11.360000,-8.9442,1.8432,97.7123,83.1503,14.5620
"SoftPCA-F (alpha=1.00e-04, K=20/20)",1,periodavg_0783-0785,11.400000,-9.0955,2.5514,97.7936,83.1503,14.6433
"SoftPCA-F (alpha=1.00e-04, K=20/20)",1,periodavg_0783-0785,11.453333,-9.2779,2.2383,98.1901,83.1503,15.0398
"SoftPCA-F (alpha=1.00e-04, K=20/20)",1,periodavg_0783-0785,11.506667,-9.0649,0.8170,98.2505,83.1503,15.1002
"SoftPCA-F (alpha=1.00e-04, K=20/20)",1,periodavg_0783-0785,11.560000,-9.4035,2.1876,98.4323,83.1503,15.2820
"SoftPCA-F (alpha=1.00e-04, K=20/20)",1,periodavg_0783-0785,11.600000,-9.0077,2.4023,93.5155,83.1503,10.3653
"SoftPCA-F (alpha=1.00e-04, K=20/20)",1,periodavg_0783-0785,11.653333,-9.6158,2.0578,98.7228,83.1503,15.5725
"SoftPCA-F (alpha=1.00e-04, K=20/20)",1,periodavg_0783-0785,11.706667,-9.7901,2.6484,98.9937,83.1503,15.8434
"SoftPCA-F (alpha=1.00e-04, K=20/20)",1,periodavg_0783-0785,11.760000,-9.5832,1.8249,98.9765,83.1503,15.8263
"SoftPCA-F (alpha=1.00e-04, K=20/20)",1,periodavg_0783-0785,11.800000,-9.6575,2.1057,98.9014,83.1503,15.7511
"SoftPCA-F (alpha=1.00e-04, K=20/20)",1,periodavg_0783-0785,11.853333,-9.4042,2.5880,99.4090,83.1503,16.2588
"SoftPCA-F (alpha=1.00e-04, K=20/20)",1,periodavg_0783-0785,11.906667,-9.4620,0.6550,99.4292,83.1503,16.2790
"SoftPCA-F (alpha=1.00e-04, K=20/20)",1,periodavg_0783-0785,11.960000,-9.7266,1.2961,99.7315,83.1503,16.5812
"SoftPCA-F (alpha=1.00e-04, K=20/20)",1,periodavg_0783-0785,12.000000,-9.7509,2.1567,99.9169,83.1503,16.7667
"SoftPCA-F (alpha=1.00e-04, K=20/20)",1,periodavg_0783-0785,12.053333,-9.8097,1.1021,100.1185,83.1503,16.9683
"SoftPCA-F (alpha=1.00e-04, K=20/20)",1,periodavg_0783-0785,12.106667,-9.8968,0.8560,99.0412,83.1503,15.8909
"SoftPCA-F (alpha=1.00e-04, K=20/20)",1,periodavg_0783-0785,12.160000,-10.2610,1.9105,100.5601,83.1503,17.4098
"SoftPCA-F (alpha=1.00e-04, K=20/20)",1,periodavg_0783-0785,12.200000,-10.0147,1.4471,98.5714,83.1503,15.4212
"SoftPCA-F (alpha=1.00e-04, K=20/20)",1,periodavg_0783-0785,12.253333,-9.8955,1.8704,97.2182,83.1503,14.0680
"SoftPCA-F (alpha=1.00e-04, K=20/20)",1,periodavg_0783-0785,12.306667,-10.3141,1.9664,100.6717,83.1503,17.5214
"SoftPCA-F (alpha=1.00e-04, K=20/20)",1,periodavg_0783-0785,12.360000,-10.4292,2.2171,100.7187,83.1503,17.5684
"SoftPCA-F (alpha=1.00e-04, K=20/20)",1,periodavg_0783-0785,12.400000,-10.4952,2.2528,100.8052,83.1503,17.6549
"SoftPCA-F (alpha=1.00e-04, K=20/20)",1,periodavg_0783-0785,12.453333,-10.0593,0.8741,100.8198,83.1503,17.6695
"SoftPCA-F (alpha=1.00e-04, K=20/20)",1,periodavg_0783-0785,12.506667,-10.1947,1.3918,100.7789,83.1503,17.6286
"SoftPCA-F (alpha=1.00e-04, K=20/20)",1,periodavg_0783-0785,12.560000,-10.2384,2.3774,100.4660,83.1503,17.3158
"SoftPCA-F (alpha=1.00e-04, K=20/20)",1,periodavg_0783-0785,12.600000,-10.3849,1.4693,98.0337,83.1503,14.8835
"SoftPCA-F (alpha=1.00e-04, K=20/20)",1,periodavg_0783-0785,12.653333,-9.9030,0.2560,95.0392,83.1503,11.8889
"SoftPCA-F (alpha=1.00e-04, K=20/20)",1,periodavg_0783-0785,12.706667,-9.6901,0.4009,93.2874,83.1503,10.1371
"SoftPCA-F (alpha=1.00e-04, K=20/20)",1,periodavg_0783-0785,12.760000,-10.1758,2.6942,95.7579,83.1503,12.6077
"SoftPCA-F (alpha=1.00e-04, K=20/20)",1,periodavg_0783-0785,12.800000,-10.4653,2.5328,97.9828,83.1503,14.8326
"SoftPCA-F (alpha=1.00e-04, K=20/20)",1,periodavg_0783-0785,12.853333,-10.6286,1.0480,95.5427,83.1503,12.3925
"SoftPCA-F (alpha=1.00e-04, K=20/20)",1,periodavg_0783-0785,12.906667,-11.2317,2.3847,99.8525,83.1503,16.7022
"SoftPCA-F (alpha=1.00e-04, K=20/20)",1,periodavg_0783-0785,12.960000,-10.8002,1.3955,96.0070,83.1503,12.8568
"SoftPCA-F (alpha=1.00e-04, K=20/20)",1,periodavg_0783-0785,13.000000,-10.6570,0.8070,95.1551,83.1503,12.0048
"SoftPCA-F (alpha=1.00e-04, K=20/20)",1,periodavg_0783-0785,13.053333,-10.7217,2.9447,98.3107,83.1503,15.1604
"SoftPCA-F (alpha=1.00e-04, K=20/20)",1,periodavg_0783-0785,13.106667,-10.6750,1.6302,101.0674,83.1503,17.9172
"SoftPCA-F (alpha=1.00e-04, K=20/20)",1,periodavg_0783-0785,13.160000,-10.7178,1.0622,100.0888,83.1503,16.9385
"SoftPCA-F (alpha=1.00e-04, K=20/20)",1,periodavg_0783-0785,13.200000,-10.5369,2.2534,99.8037,83.1503,16.6534
"SoftPCA-F (alpha=1.00e-04, K=20/20)",1,periodavg_0783-0785,13.253333,-10.9486,1.0361,94.6020,83.1503,11.4518
"SoftPCA-F (alpha=1.00e-04, K=20/20)",1,periodavg_0783-0785,13.306667,-10.9853,1.9102,95.6855,83.1503,12.5353
"SoftPCA-F (alpha=1.00e-04, K=20/20)",1,periodavg_0783-0785,13.360000,-10.8647,1.3651,97.5565,83.1503,14.4062
"SoftPCA-F (alpha=1.00e-04, K=20/20)",1,periodavg_0783-0785,13.400000,-10.6726,0.6726,95.8567,83.1503,12.7064
"SoftPCA-F (alpha=1.00e-04, K=20/20)",1,periodavg_0783-0785,13.453333,-10.6733,1.8640,94.6435,83.1503,11.4933
"SoftPCA-F (alpha=1.00e-04, K=20/20)",1,periodavg_0783-0785,13.506667,-10.7130,1.4853,94.0865,83.1503,10.9362
"SoftPCA-F (alpha=1.00e-04, K=20/20)",1,periodavg_0783-0785,13.560000,-10.7655,2.2188,94.3520,83.1503,11.2017
"SoftPCA-F (alpha=1.00e-04, K=20/20)",1,periodavg_0783-0785,13.600000,-10.8812,1.2851,94.4819,83.1503,11.3317
"SoftPCA-F (alpha=1.00e-04, K=20/20)",1,periodavg_0783-0785,13.653333,-10.4692,1.2443,93.5859,83.1503,10.4357
"SoftPCA-F (alpha=1.00e-04, K=20/20)",1,periodavg_0783-0785,13.706667,-10.4670,1.8352,92.4032,83.1503,9.2529
"SoftPCA-F (alpha=1.00e-04, K=20/20)",1,periodavg_0783-0785,13.760000,-10.2163,2.1157,92.7409,83.1503,9.5907
"SoftPCA-F (alpha=1.00e-04, K=20/20)",1,periodavg_0783-0785,13.800000,-10.8355,2.1489,96.0550,83.1503,12.9047
"SoftPCA-F (alpha=1.00e-04, K=20/20)",1,periodavg_0783-0785,13.853333,-11.1688,1.4827,97.0995,83.1503,13.9493
"SoftPCA-F (alpha=1.00e-04, K=20/20)",1,periodavg_0783-0785,13.906667,-11.2147,1.6781,99.7458,83.1503,16.5955
"SoftPCA-F (alpha=1.00e-04, K=20/20)",1,periodavg_0783-0785,13.960000,-11.6773,2.2359,102.9141,83.1503,19.7638
"SoftPCA-F (alpha=1.00e-04, K=20/20)",1,periodavg_0783-0785,14.000000,-11.5506,1.9304,102.7129,83.1503,19.5626
"SoftPCA-F (alpha=1.00e-04, K=20/20)",1,periodavg_0783-0785,14.053333,-10.9594,2.6308,102.4970,83.1503,19.3467
"SoftPCA-F (alpha=1.00e-04, K=20/20)",1,periodavg_0783-0785,14.106667,-10.9112,3.1812,102.2026,83.1503,19.0523
"SoftPCA-F (alpha=1.00e-04, K=20/20)",1,periodavg_0783-0785,14.160000,-10.7809,1.2546,102.0190,83.1503,18.8688
"SoftPCA-F (alpha=1.00e-04, K=20/20)",1,periodavg_0783-0785,14.200000,-11.0066,1.3857,101.9177,83.1503,18.7674
"SoftPCA-F (alpha=1.00e-04, K=20/20)",1,periodavg_0783-0785,14.253333,-10.9410,1.9633,100.8040,83.1503,17.6538
"SoftPCA-F (alpha=1.00e-04, K=20/20)",1,periodavg_0783-0785,14.306667,-11.1337,1.6827,101.6195,83.1503,18.4692
"SoftPCA-F (alpha=1.00e-04, K=20/20)",1,periodavg_0783-0785,14.360000,-11.3831,2.2000,101.1223,83.1503,17.9721
"SoftPCA-F (alpha=1.00e-04, K=20/20)",1,periodavg_0783-0785,14.400000,-11.4219,0.7402,100.2929,83.1503,17.1427
"SoftPCA-F (alpha=1.00e-04, K=20/20)",1,periodavg_0783-0785,14.453333,-11.5189,2.4635,101.7739,83.1503,18.6236
"SoftPCA-F (alpha=1.00e-04, K=20/20)",1,periodavg_0783-0785,14.506667,-11.4032,1.8672,101.8530,83.1503,18.7028
"SoftPCA-F (alpha=1.00e-04, K=20/20)",1,periodavg_0783-0785,14.560000,-10.9577,1.2950,96.4116,83.1503,13.2613
"SoftPCA-F (alpha=1.00e-04, K=20/20)",1,periodavg_0783-0785,14.600000,-10.4640,2.1071,94.8092,83.1503,11.6590
"SoftPCA-F (alpha=1.00e-04, K=20/20)",1,periodavg_0783-0785,14.653333,-10.0004,1.1806,92.6572,83.1503,9.5070
"SoftPCA-F (alpha=1.00e-04, K=20/20)",1,periodavg_0783-0785,14.706667,-9.8922,1.7368,93.2988,83.1503,10.1486
"SoftPCA-F (alpha=1.00e-04, K=20/20)",1,periodavg_0783-0785,14.760000,-10.1817,1.6101,96.3045,83.1503,13.1542
"SoftPCA-F (alpha=1.00e-04, K=20/20)",1,periodavg_0783-0785,14.800000,-10.2548,1.0236,94.6232,83.1503,11.4730
"SoftPCA-F (alpha=1.00e-04, K=20/20)",1,periodavg_0783-0785,14.853333,-10.5512,2.7657,98.2380,83.1503,15.0877
"SoftPCA-F (alpha=1.00e-04, K=20/20)",1,periodavg_0783-0785,14.906667,-10.4880,3.3136,98.6189,83.1503,15.4686
"SoftPCA-F (alpha=1.00e-04, K=20/20)",1,periodavg_0783-0785,14.960000,-10.3536,1.8573,99.5870,83.1503,16.4367
"SoftPCA-F (alpha=1.00e-04, K=20/20)",1,periodavg_0783-0785,15.000000,-10.3472,2.7421,96.3149,83.1503,13.1647
"SoftPCA-F (alpha=1.00e-04, K=20/20)",1,periodavg_0783-0785,15.053333,-10.4200,1.8328,96.2994,83.1503,13.1491
"SoftPCA-F (alpha=1.00e-04, K=20/20)",1,periodavg_0783-0785,15.106667,-10.2386,1.0768,97.9364,83.1503,14.7862
"SoftPCA-F (alpha=1.00e-04, K=20/20)",1,periodavg_0783-0785,15.160000,-10.2598,1.3271,97.5373,83.1503,14.3870
"SoftPCA-F (alpha=1.00e-04, K=20/20)",1,periodavg_0783-0785,15.200000,-10.3410,3.0730,99.2296,83.1503,16.0794
"SoftPCA-F (alpha=1.00e-04, K=20/20)",1,periodavg_0783-0785,15.253333,-9.9500,2.1482,95.9344,83.1503,12.7842
"SoftPCA-F (alpha=1.00e-04, K=20/20)",1,periodavg_0783-0785,15.306667,-10.0719,1.7323,97.0268,83.1503,13.8766
"SoftPCA-F (alpha=1.00e-04, K=20/20)",1,periodavg_0783-0785,15.360000,-10.3515,0.1521,95.6088,83.1503,12.4586
"SoftPCA-F (alpha=1.00e-04, K=20/20)",1,periodavg_0783-0785,15.400000,-10.5775,2.7126,100.7153,83.1503,17.5651
"SoftPCA-F (alpha=1.00e-04, K=20/20)",1,periodavg_0783-0785,15.453333,-10.6991,1.6746,98.5415,83.1503,15.3912
"SoftPCA-F (alpha=1.00e-04, K=20/20)",1,periodavg_0783-0785,15.506667,-10.3130,0.7228,94.0077,83.1503,10.8575
"SoftPCA-F (alpha=1.00e-04, K=20/20)",1,periodavg_0783-0785,15.560000,-10.4051,1.9340,93.9789,83.1503,10.8287
"SoftPCA-F (alpha=1.00e-04, K=20/20)",1,periodavg_0783-0785,15.600000,-10.3024,1.2516,93.1337,83.1503,9.9834
"SoftPCA-F (alpha=1.00e-04, K=20/20)",1,periodavg_0783-0785,15.653333,-10.0419,0.4572,92.0921,83.1503,8.9418
"SoftPCA-F (alpha=1.00e-04, K=20/20)",1,periodavg_0783-0785,15.706667,-10.6122,1.9873,99.0037,83.1503,15.8535
"SoftPCA-F (alpha=1.00e-04, K=20/20)",1,periodavg_0783-0785,15.760000,-10.6851,1.6776,98.7138,83.1503,15.5636
"SoftPCA-F (alpha=1.00e-04, K=20/20)",1,periodavg_0783-0785,15.800000,-10.9438,1.7762,99.1005,83.1503,15.9502
"SoftPCA-F (alpha=1.00e-04, K=20/20)",1,periodavg_0783-0785,15.853333,-10.8734,1.8025,96.2281,83.1503,13.0779
"SoftPCA-F (alpha=1.00e-04, K=20/20)",1,periodavg_0783-0785,15.906667,-11.0386,2.9872,101.9186,83.1503,18.7684
"SoftPCA-F (alpha=1.00e-04, K=20/20)",1,periodavg_0783-0785,15.960000,-11.3822,2.2870,99.8439,83.1503,16.6937
"SoftPCA-F (alpha=1.00e-04, K=20/20)",1,periodavg_0783-0785,16.000000,-10.5125,2.6663,95.6533,83.1503,12.5031
"SoftPCA-F (alpha=1.00e-04, K=20/20)",1,periodavg_0783-0785,16.053333,-10.5078,1.8845,98.6025,83.1503,15.4522
"SoftPCA-F (alpha=1.00e-04, K=20/20)",1,periodavg_0783-0785,16.106667,-10.8563,1.5102,98.9031,83.1503,15.7528
"SoftPCA-F (alpha=1.00e-04, K=20/20)",1,periodavg_0783-0785,16.160000,-10.6900,2.1906,99.9262,83.1503,16.7759
"SoftPCA-F (alpha=1.00e-04, K=20/20)",1,periodavg_0783-0785,16.200000,-10.7035,2.2907,98.3494,83.1503,15.1991
"SoftPCA-F (alpha=1.00e-04, K=20/20)",1,periodavg_0783-0785,16.253333,-10.8300,1.0611,99.1691,83.1503,16.0188
"SoftPCA-F (alpha=1.00e-04, K=20/20)",1,periodavg_0783-0785,16.306667,-10.7289,1.7025,98.7902,83.1503,15.6399
"SoftPCA-F (alpha=1.00e-04, K=20/20)",1,periodavg_0783-0785,16.360000,-10.8604,3.2791,100.4931,83.1503,17.3429
"SoftPCA-F (alpha=1.00e-04, K=20/20)",1,periodavg_0783-0785,16.400000,-10.7702,1.7413,100.4597,83.1503,17.3094
"SoftPCA-F (alpha=1.00e-04, K=20/20)",1,periodavg_0783-0785,16.453333,-10.4386,1.8189,100.5390,83.1503,17.3887
"SoftPCA-F (alpha=1.00e-04, K=20/20)",1,periodavg_0783-0785,16.506667,-10.4807,1.0653,99.8328,83.1503,16.6825
"SoftPCA-F (alpha=1.00e-04, K=20/20)",1,periodavg_0783-0785,16.560000,-10.4016,1.4272,98.9991,83.1503,15.8488
"SoftPCA-F (alpha=1.00e-04, K=20/20)",1,periodavg_0783-0785,16.600000,-10.8714,1.9055,97.9195,83.1503,14.7692
"SoftPCA-F (alpha=1.00e-04, K=20/20)",1,periodavg_0783-0785,16.653333,-10.9167,1.6686,98.6667,83.1503,15.5164
"SoftPCA-F (alpha=1.00e-04, K=20/20)",1,periodavg_0783-0785,16.706667,-10.7912,1.5604,95.7853,83.1503,12.6350
"SoftPCA-F (alpha=1.00e-04, K=20/20)",1,periodavg_0783-0785,16.760000,-11.0007,3.2419,100.5868,83.1503,17.4365
"SoftPCA-F (alpha=1.00e-04, K=20/20)",1,periodavg_0783-0785,16.800000,-10.8955,2.1772,100.7171,83.1503,17.5668
"SoftPCA-F (alpha=1.00e-04, K=20/20)",1,periodavg_0783-0785,16.853333,-10.7620,2.1578,100.8659,83.1503,17.7157
"SoftPCA-F (alpha=1.00e-04, K=20/20)",1,periodavg_0783-0785,16.906667,-10.8864,1.5573,100.7910,83.1503,17.6408
"SoftPCA-F (alpha=1.00e-04, K=20/20)",1,periodavg_0783-0785,16.960000,-10.7035,3.1788,100.5590,83.1503,17.4088
"SoftPCA-F (alpha=1.00e-04, K=20/20)",1,periodavg_0783-0785,17.000000,-10.6430,3.1139,100.8368,83.1503,17.6865
"SoftPCA-F (alpha=1.00e-04, K=20/20)",1,periodavg_0783-0785,17.053333,-10.5060,2.4927,100.0215,83.1503,16.8712
"SoftPCA-F (alpha=1.00e-04, K=20/20)",1,periodavg_0783-0785,17.106667,-10.0254,1.9890,98.6202,83.1503,15.4699
"SoftPCA-F (alpha=1.00e-04, K=20/20)",1,periodavg_0783-0785,17.160000,-10.5239,0.3737,100.5091,83.1503,17.3589
"SoftPCA-F (alpha=1.00e-04, K=20/20)",1,periodavg_0783-0785,17.200000,-10.7519,2.3764,100.4417,83.1503,17.2915
"SoftPCA-F (alpha=1.00e-04, K=20/20)",1,periodavg_0783-0785,17.253333,-10.0114,0.9069,96.5221,83.1503,13.3718
"SoftPCA-F (alpha=1.00e-04, K=20/20)",1,periodavg_0783-0785,17.306667,-10.3990,3.4948,97.5644,83.1503,14.4142
"SoftPCA-F (alpha=1.00e-04, K=20/20)",1,periodavg_0783-0785,17.360000,-9.7818,-0.4738,95.0808,83.1503,11.9306
"SoftPCA-F (alpha=1.00e-04, K=20/20)",1,periodavg_0783-0785,17.400000,-9.9645,1.8330,95.6802,83.1503,12.5299
"SoftPCA-F (alpha=1.00e-04, K=20/20)",1,periodavg_0783-0785,17.453333,-10.1470,1.5601,95.3333,83.1503,12.1831
"SoftPCA-F (alpha=1.00e-04, K=20/20)",1,periodavg_0783-0785,17.506667,-10.8377,2.1772,97.5504,83.1503,14.4001
"SoftPCA-F (alpha=1.00e-04, K=20/20)",1,periodavg_0783-0785,17.560000,-11.2213,1.9474,99.6174,83.1503,16.4672
"SoftPCA-F (alpha=1.00e-04, K=20/20)",1,periodavg_0783-0785,17.600000,-11.3894,1.3083,100.5981,83.1503,17.4478
"SoftPCA-F (alpha=1.00e-04, K=20/20)",1,periodavg_0783-0785,17.653333,-10.9668,0.6132,100.6505,83.1503,17.5003
"SoftPCA-F (alpha=1.00e-04, K=20/20)",1,periodavg_0783-0785,17.706667,-11.0320,2.5249,100.7089,83.1503,17.5586
"SoftPCA-F (alpha=1.00e-04, K=20/20)",1,periodavg_0783-0785,17.760000,-11.1525,2.3821,100.6702,83.1503,17.5200
"SoftPCA-F (alpha=1.00e-04, K=20/20)",1,periodavg_0783-0785,17.800000,-10.7967,1.5992,100.3347,83.1503,17.1844
"SoftPCA-F (alpha=1.00e-04, K=20/20)",1,periodavg_0783-0785,17.853333,-10.4602,2.1149,100.0528,83.1503,16.9025
"SoftPCA-F (alpha=1.00e-04, K=20/20)",1,periodavg_0783-0785,17.906667,-10.7621,0.2214,100.3482,83.1503,17.1980
"SoftPCA-F (alpha=1.00e-04, K=20/20)",1,periodavg_0783-0785,17.960000,-10.8610,2.3908,100.2825,83.1503,17.1322
"SoftPCA-F (alpha=1.00e-04, K=20/20)",1,periodavg_0783-0785,18.000000,-11.0900,1.6568,100.1483,83.1503,16.9980
"SoftPCA-F (alpha=1.00e-04, K=20/20)",1,periodavg_0783-0785,18.053333,-11.1847,2.3265,100.0104,83.1503,16.8602
"SoftPCA-F (alpha=1.00e-04, K=20/20)",1,periodavg_0783-0785,18.106667,-10.8759,1.9500,100.1485,83.1503,16.9983
"SoftPCA-F (alpha=1.00e-04, K=20/20)",1,periodavg_0783-0785,18.160000,-10.9728,1.9678,100.1120,83.1503,16.9617
"SoftPCA-F (alpha=1.00e-04, K=20/20)",1,periodavg_0783-0785,18.200000,-10.8195,1.8124,99.7030,83.1503,16.5527
"SoftPCA-F (alpha=1.00e-04, K=20/20)",1,periodavg_0783-0785,18.253333,-11.1202,1.4902,100.1239,83.1503,16.9736
"SoftPCA-F (alpha=1.00e-04, K=20/20)",1,periodavg_0783-0785,18.306667,-9.3273,1.1907,92.5857,83.1503,9.4354
"SoftPCA-F (alpha=1.00e-04, K=20/20)",1,periodavg_0783-0785,18.360000,-9.6147,0.6870,92.3179,83.1503,9.1677
"SoftPCA-F (alpha=1.00e-04, K=20/20)",1,periodavg_0783-0785,18.400000,-10.0256,1.9563,94.2955,83.1503,11.1453
"SoftPCA-F (alpha=1.00e-04, K=20/20)",1,periodavg_0783-0785,18.453333,-10.4755,1.9557,98.7518,83.1503,15.6015
"SoftPCA-F (alpha=1.00e-04, K=20/20)",1,periodavg_0783-0785,18.506667,-10.2367,0.8111,95.8556,83.1503,12.7054
"SoftPCA-F (alpha=1.00e-04, K=20/20)",1,periodavg_0783-0785,18.560000,-10.2229,2.2398,96.8512,83.1503,13.7010
"SoftPCA-F (alpha=1.00e-04, K=20/20)",1,periodavg_0783-0785,18.600000,-10.8256,1.5249,100.7745,83.1503,17.6243
"SoftPCA-F (alpha=1.00e-04, K=20/20)",1,periodavg_0783-0785,18.653333,-10.7915,1.5473,99.3109,83.1503,16.1606
"SoftPCA-F (alpha=1.00e-04, K=20/20)",1,periodavg_0783-0785,18.706667,-10.8915,2.7895,100.7818,83.1503,17.6316
"SoftPCA-F (alpha=1.00e-04, K=20/20)",1,periodavg_0783-0785,18.760000,-11.2968,1.2840,100.8223,83.1503,17.6721
"SoftPCA-F (alpha=1.00e-04, K=20/20)",1,periodavg_0783-0785,18.800000,-11.1585,1.9431,100.7559,83.1503,17.6056
"SoftPCA-F (alpha=1.00e-04, K=20/20)",1,periodavg_0783-0785,18.853333,-10.5995,1.1636,94.5715,83.1503,11.4212
"SoftPCA-F (alpha=1.00e-04, K=20/20)",1,periodavg_0783-0785,18.906667,-10.4202,1.5226,93.4700,83.1503,10.3197
"SoftPCA-F (alpha=1.00e-04, K=20/20)",1,periodavg_0783-0785,18.960000,-9.9845,0.6186,92.2055,83.1503,9.0552
"SoftPCA-F (alpha=1.00e-04, K=20/20)",1,periodavg_0783-0785,19.000000,-10.6216,2.3247,97.1334,83.1503,13.9831
"SoftPCA-F (alpha=1.00e-04, K=20/20)",1,periodavg_0783-0785,19.053333,-10.4542,1.1601,95.5539,83.1503,12.4037
"SoftPCA-F (alpha=1.00e-04, K=20/20)",1,periodavg_0783-0785,19.106667,-10.9407,2.0345,101.2182,83.1503,18.0680
"SoftPCA-F (alpha=1.00e-04, K=20/20)",1,periodavg_0783-0785,19.160000,-11.5019,2.1681,101.2261,83.1503,18.0759
"SoftPCA-F (alpha=1.00e-04, K=20/20)",1,periodavg_0783-0785,19.200000,-11.5581,3.8554,101.1962,83.1503,18.0459
"SoftPCA-F (alpha=1.00e-04, K=20/20)",1,periodavg_0783-0785,19.253333,-11.2629,1.6150,100.9971,83.1503,17.8469
"SoftPCA-F (alpha=1.00e-04, K=20/20)",1,periodavg_0783-0785,19.306667,-11.2139,2.2044,100.8409,83.1503,17.6906
"SoftPCA-F (alpha=1.00e-04, K=20/20)",1,periodavg_0783-0785,19.360000,-11.1271,2.6375,100.9546,83.1503,17.8043
"SoftPCA-F (alpha=1.00e-04, K=20/20)",1,periodavg_0783-0785,19.400000,-10.8451,1.6716,100.7737,83.1503,17.6235
"SoftPCA-F (alpha=1.00e-04, K=20/20)",1,periodavg_0783-0785,19.453333,-10.6510,2.3829,100.6828,83.1503,17.5326
"SoftPCA-F (alpha=1.00e-04, K=20/20)",1,periodavg_0783-0785,19.506667,-10.9294,0.9483,100.5422,83.1503,17.3920
"SoftPCA-F (alpha=1.00e-04, K=20/20)",1,periodavg_0783-0785,19.560000,-10.5804,0.6797,97.1349,83.1503,13.9847
"SoftPCA-F (alpha=1.00e-04, K=20/20)",1,periodavg_0783-0785,19.600000,-10.9284,2.1285,100.2758,83.1503,17.1256
"SoftPCA-F (alpha=1.00e-04, K=20/20)",1,periodavg_0783-0785,19.653333,-10.9418,1.2537,100.4415,83.1503,17.2912
"SoftPCA-F (alpha=1.00e-04, K=20/20)",1,periodavg_0783-0785,19.706667,-10.8770,3.5925,100.1110,83.1503,16.9607
"SoftPCA-F (alpha=1.00e-04, K=20/20)",1,periodavg_0783-0785,19.760000,-10.9970,1.7469,99.3228,83.1503,16.1726
"SoftPCA-F (alpha=1.00e-04, K=20/20)",1,periodavg_0783-0785,19.800000,-11.1704,2.4781,100.2430,83.1503,17.0927
"SoftPCA-F (alpha=1.00e-04, K=20/20)",1,periodavg_0783-0785,19.853333,-10.8415,0.2435,100.4564,83.1503,17.3061
"SoftPCA-F (alpha=1.00e-04, K=20/20)",1,periodavg_0783-0785,19.906667,-11.1009,3.0193,100.4838,83.1503,17.3335
"SoftPCA-F (alpha=1.00e-04, K=20/20)",1,periodavg_0783-0785,19.960000,-10.9822,1.3103,100.3750,83.1503,17.2247
"SoftPCA-F (alpha=1.00e-04, K=20/20)",1,periodavg_0783-0785,20.000000,-11.0151,2.4160,100.3450,83.1503,17.1948
"SoftPCA-F (alpha=1.00e-04, K=20/20)",2,periodavg_0894-0896,20.013333,0.2001,-0.0671,67.6484,67.5088,0.1396
"SoftPCA-F (alpha=1.00e-04, K=20/20)",2,periodavg_0894-0896,20.053333,-0.4267,0.4432,68.1618,67.5088,0.6530
"SoftPCA-F (alpha=1.00e-04, K=20/20)",2,periodavg_0894-0896,20.106667,-1.2381,1.3650,69.2128,67.5088,1.7040
"SoftPCA-F (alpha=1.00e-04, K=20/20)",2,periodavg_0894-0896,20.160000,-2.2257,2.4653,71.1452,67.5088,3.6363
"SoftPCA-F (alpha=1.00e-04, K=20/20)",2,periodavg_0894-0896,20.200000,-2.7256,2.8028,71.4576,67.5088,3.9488
"SoftPCA-F (alpha=1.00e-04, K=20/20)",2,periodavg_0894-0896,20.253333,-3.4751,3.4157,72.0362,67.5088,4.5273
"SoftPCA-F (alpha=1.00e-04, K=20/20)",2,periodavg_0894-0896,20.306667,-4.2166,4.2079,72.6444,67.5088,5.1356
"SoftPCA-F (alpha=1.00e-04, K=20/20)",2,periodavg_0894-0896,20.360000,-4.7157,5.0955,72.8147,67.5088,5.3059
"SoftPCA-F (alpha=1.00e-04, K=20/20)",2,periodavg_0894-0896,20.400000,-5.1531,4.6637,73.6957,67.5088,6.1869
"SoftPCA-F (alpha=1.00e-04, K=20/20)",2,periodavg_0894-0896,20.453333,-5.5569,5.6325,74.1260,67.5088,6.6172
"SoftPCA-F (alpha=1.00e-04, K=20/20)",2,periodavg_0894-0896,20.506667,-5.9152,5.5818,74.5279,67.5088,7.0190
"SoftPCA-F (alpha=1.00e-04, K=20/20)",2,periodavg_0894-0896,20.560000,-6.2553,5.2614,75.1500,67.5088,7.6411
"SoftPCA-F (alpha=1.00e-04, K=20/20)",2,periodavg_0894-0896,20.600000,-6.5317,5.1557,74.9374,67.5088,7.4286
"SoftPCA-F (alpha=1.00e-04, K=20/20)",2,periodavg_0894-0896,20.653333,-6.7678,4.9599,75.2117,67.5088,7.7029
"SoftPCA-F (alpha=1.00e-04, K=20/20)",2,periodavg_0894-0896,20.706667,-6.9896,6.0599,75.7651,67.5088,8.2563
"SoftPCA-F (alpha=1.00e-04, K=20/20)",2,periodavg_0894-0896,20.760000,-7.1590,5.2984,75.9545,67.5088,8.4456
"SoftPCA-F (alpha=1.00e-04, K=20/20)",2,periodavg_0894-0896,20.800000,-7.5645,6.9516,76.0644,67.5088,8.5556
"SoftPCA-F (alpha=1.00e-04, K=20/20)",2,periodavg_0894-0896,20.853333,-7.8065,6.7871,77.0470,67.5088,9.5382
"SoftPCA-F (alpha=1.00e-04, K=20/20)",2,periodavg_0894-0896,20.906667,-7.9239,5.5757,77.3433,67.5088,9.8345
"SoftPCA-F (alpha=1.00e-04, K=20/20)",2,periodavg_0894-0896,20.960000,-8.0775,6.9669,77.6709,67.5088,10.1621
"SoftPCA-F (alpha=1.00e-04, K=20/20)",2,periodavg_0894-0896,21.000000,-8.0992,7.2770,77.8613,67.5088,10.3525
"SoftPCA-F (alpha=1.00e-04, K=20/20)",2,periodavg_0894-0896,21.053333,-8.1309,6.3305,77.8044,67.5088,10.2956
"SoftPCA-F (alpha=1.00e-04, K=20/20)",2,periodavg_0894-0896,21.106667,-8.1846,5.5346,77.5860,67.5088,10.0772
"SoftPCA-F (alpha=1.00e-04, K=20/20)",2,periodavg_0894-0896,21.160000,-8.3438,7.6603,77.9818,67.5088,10.4730
"SoftPCA-F (alpha=1.00e-04, K=20/20)",2,periodavg_0894-0896,21.200000,-8.4273,7.0924,78.5594,67.5088,11.0506
"SoftPCA-F (alpha=1.00e-04, K=20/20)",2,periodavg_0894-0896,21.253333,-8.4591,6.6725,78.5351,67.5088,11.0263
"SoftPCA-F (alpha=1.00e-04, K=20/20)",2,periodavg_0894-0896,21.306667,-8.5670,6.3763,79.0846,67.5088,11.5757
"SoftPCA-F (alpha=1.00e-04, K=20/20)",2,periodavg_0894-0896,21.360000,-8.5345,6.5150,78.6834,67.5088,11.1746
"SoftPCA-F (alpha=1.00e-04, K=20/20)",2,periodavg_0894-0896,21.400000,-8.6579,7.3919,78.9810,67.5088,11.4722
"SoftPCA-F (alpha=1.00e-04, K=20/20)",2,periodavg_0894-0896,21.453333,-8.6840,6.1446,78.8405,67.5088,11.3317
"SoftPCA-F (alpha=1.00e-04, K=20/20)",2,periodavg_0894-0896,21.506667,-8.5175,4.9124,78.2560,67.5088,10.7472
"SoftPCA-F (alpha=1.00e-04, K=20/20)",2,periodavg_0894-0896,21.560000,-8.5402,5.6578,78.7241,67.5088,11.2153
"SoftPCA-F (alpha=1.00e-04, K=20/20)",2,periodavg_0894-0896,21.600000,-8.6373,6.7275,79.0592,67.5088,11.5504
"SoftPCA-F (alpha=1.00e-04, K=20/20)",2,periodavg_0894-0896,21.653333,-8.6971,6.6685,78.6649,67.5088,11.1561
"SoftPCA-F (alpha=1.00e-04, K=20/20)",2,periodavg_0894-0896,21.706667,-8.7237,4.2616,79.0089,67.5088,11.5001
"SoftPCA-F (alpha=1.00e-04, K=20/20)",2,periodavg_0894-0896,21.760000,-8.7729,7.4114,78.8891,67.5088,11.3803
"SoftPCA-F (alpha=1.00e-04, K=20/20)",2,periodavg_0894-0896,21.800000,-8.8441,5.6826,78.8072,67.5088,11.2983
"SoftPCA-F (alpha=1.00e-04, K=20/20)",2,periodavg_0894-0896,21.853333,-8.8899,7.6902,79.2267,67.5088,11.7179
"SoftPCA-F (alpha=1.00e-04, K=20/20)",2,periodavg_0894-0896,21.906667,-8.9970,7.1859,79.7977,67.5088,12.2888
"SoftPCA-F (alpha=1.00e-04, K=20/20)",2,periodavg_0894-0896,21.960000,-8.9757,6.2719,79.6751,67.5088,12.1663
"SoftPCA-F (alpha=1.00e-04, K=20/20)",2,periodavg_0894-0896,22.000000,-8.9797,7.5961,79.5476,67.5088,12.0388
"SoftPCA-F (alpha=1.00e-04, K=20/20)",2,periodavg_0894-0896,22.053333,-8.9286,4.8440,79.3374,67.5088,11.8286
"SoftPCA-F (alpha=1.00e-04, K=20/20)",2,periodavg_0894-0896,22.106667,-8.9756,7.8640,79.2884,67.5088,11.7796
"SoftPCA-F (alpha=1.00e-04, K=20/20)",2,periodavg_0894-0896,22.160000,-9.0429,6.1814,79.3135,67.5088,11.8047
"SoftPCA-F (alpha=1.00e-04, K=20/20)",2,periodavg_0894-0896,22.200000,-9.0276,6.7697,79.2563,67.5088,11.7474
"SoftPCA-F (alpha=1.00e-04, K=20/20)",2,periodavg_0894-0896,22.253333,-8.9938,5.4862,78.9031,67.5088,11.3943
"SoftPCA-F (alpha=1.00e-04, K=20/20)",2,periodavg_0894-0896,22.306667,-9.0372,6.3786,79.5055,67.5088,11.9967
"SoftPCA-F (alpha=1.00e-04, K=20/20)",2,periodavg_0894-0896,22.360000,-9.0367,5.0715,79.8857,67.5088,12.3769
"SoftPCA-F (alpha=1.00e-04, K=20/20)",2,periodavg_0894-0896,22.400000,-9.0751,7.1182,79.9798,67.5088,12.4709
"SoftPCA-F (alpha=1.00e-04, K=20/20)",2,periodavg_0894-0896,22.453333,-9.0410,6.2379,80.2256,67.5088,12.7168
"SoftPCA-F (alpha=1.00e-04, K=20/20)",2,periodavg_0894-0896,22.506667,-8.9740,5.2305,79.7362,67.5088,12.2273
"SoftPCA-F (alpha=1.00e-04, K=20/20)",2,periodavg_0894-0896,22.560000,-8.9556,5.9379,79.3103,67.5088,11.8015
"SoftPCA-F (alpha=1.00e-04, K=20/20)",2,periodavg_0894-0896,22.600000,-8.9406,5.9984,79.1895,67.5088,11.6807
"SoftPCA-F (alpha=1.00e-04, K=20/20)",2,periodavg_0894-0896,22.653333,-8.9810,8.0831,79.6456,67.5088,12.1367
"SoftPCA-F (alpha=1.00e-04, K=20/20)",2,periodavg_0894-0896,22.706667,-8.9314,6.6266,79.4492,67.5088,11.9404
"SoftPCA-F (alpha=1.00e-04, K=20/20)",2,periodavg_0894-0896,22.760000,-8.9531,6.9189,79.5731,67.5088,12.0643
"SoftPCA-F (alpha=1.00e-04, K=20/20)",2,periodavg_0894-0896,22.800000,-8.9859,5.9335,79.5114,67.5088,12.0026
"SoftPCA-F (alpha=1.00e-04, K=20/20)",2,periodavg_0894-0896,22.853333,-8.9704,6.7572,79.6531,67.5088,12.1443
"SoftPCA-F (alpha=1.00e-04, K=20/20)",2,periodavg_0894-0896,22.906667,-8.8955,5.8051,79.1619,67.5088,11.6530
"SoftPCA-F (alpha=1.00e-04, K=20/20)",2,periodavg_0894-0896,22.960000,-9.0154,6.8931,80.0992,67.5088,12.5904
"SoftPCA-F (alpha=1.00e-04, K=20/20)",2,periodavg_0894-0896,23.000000,-8.9473,6.0458,79.9607,67.5088,12.4518
"SoftPCA-F (alpha=1.00e-04, K=20/20)",2,periodavg_0894-0896,23.053333,-8.9437,6.3528,79.6239,67.5088,12.1150
"SoftPCA-F (alpha=1.00e-04, K=20/20)",2,periodavg_0894-0896,23.106667,-8.9676,5.6854,79.3851,67.5088,11.8763
"SoftPCA-F (alpha=1.00e-04, K=20/20)",2,periodavg_0894-0896,23.160000,-8.8483,5.9400,79.0892,67.5088,11.5804
"SoftPCA-F (alpha=1.00e-04, K=20/20)",2,periodavg_0894-0896,23.200000,-8.9317,6.5923,79.5760,67.5088,12.0672
"SoftPCA-F (alpha=1.00e-04, K=20/20)",2,periodavg_0894-0896,23.253333,-8.9053,6.6247,79.7759,67.5088,12.2670
"SoftPCA-F (alpha=1.00e-04, K=20/20)",2,periodavg_0894-0896,23.306667,-8.9540,6.9394,79.8554,67.5088,12.3466
"SoftPCA-F (alpha=1.00e-04, K=20/20)",2,periodavg_0894-0896,23.360000,-8.9223,6.2833,79.7041,67.5088,12.1953
"SoftPCA-F (alpha=1.00e-04, K=20/20)",2,periodavg_0894-0896,23.400000,-8.9793,7.1906,79.8937,67.5088,12.3848
"SoftPCA-F (alpha=1.00e-04, K=20/20)",2,periodavg_0894-0896,23.453333,-9.0575,6.4843,79.8582,67.5088,12.3494
"SoftPCA-F (alpha=1.00e-04, K=20/20)",2,periodavg_0894-0896,23.506667,-9.0402,7.5336,79.7934,67.5088,12.2846
"SoftPCA-F (alpha=1.00e-04, K=20/20)",2,periodavg_0894-0896,23.560000,-8.9724,5.4469,79.2785,67.5088,11.7697
"SoftPCA-F (alpha=1.00e-04, K=20/20)",2,periodavg_0894-0896,23.600000,-8.9420,6.6747,79.0942,67.5088,11.5854
"SoftPCA-F (alpha=1.00e-04, K=20/20)",2,periodavg_0894-0896,23.653333,-9.0263,6.3569,79.1315,67.5088,11.6226
"SoftPCA-F (alpha=1.00e-04, K=20/20)",2,periodavg_0894-0896,23.706667,-8.9031,5.6728,78.8665,67.5088,11.3577
"SoftPCA-F (alpha=1.00e-04, K=20/20)",2,periodavg_0894-0896,23.760000,-8.8566,5.2685,78.6110,67.5088,11.1022
"SoftPCA-F (alpha=1.00e-04, K=20/20)",2,periodavg_0894-0896,23.800000,-8.8243,4.5598,78.5803,67.5088,11.0715
"SoftPCA-F (alpha=1.00e-04, K=20/20)",2,periodavg_0894-0896,23.853333,-8.9657,6.2387,79.5074,67.5088,11.9986
"SoftPCA-F (alpha=1.00e-04, K=20/20)",2,periodavg_0894-0896,23.906667,-8.9075,6.2198,79.1909,67.5088,11.6821
"SoftPCA-F (alpha=1.00e-04, K=20/20)",2,periodavg_0894-0896,23.960000,-8.9028,5.7212,78.9319,67.5088,11.4231
"SoftPCA-F (alpha=1.00e-04, K=20/20)",2,periodavg_0894-0896,24.000000,-8.9021,5.2396,78.9185,67.5088,11.4097
"SoftPCA-F (alpha=1.00e-04, K=20/20)",2,periodavg_0894-0896,24.053333,-8.9218,7.0987,78.8716,67.5088,11.3628
"SoftPCA-F (alpha=1.00e-04, K=20/20)",2,periodavg_0894-0896,24.106667,-8.9115,6.3450,79.1284,67.5088,11.6196
"SoftPCA-F (alpha=1.00e-04, K=20/20)",2,periodavg_0894-0896,24.160000,-9.0134,6.4179,79.3685,67.5088,11.8597
"SoftPCA-F (alpha=1.00e-04, K=20/20)",2,periodavg_0894-0896,24.200000,-8.9843,6.2767,79.3399,67.5088,11.8311
"SoftPCA-F (alpha=1.00e-04, K=20/20)",2,periodavg_0894-0896,24.253333,-9.0639,5.8946,79.8644,67.5088,12.3556
"SoftPCA-F (alpha=1.00e-04, K=20/20)",2,periodavg_0894-0896,24.306667,-9.0539,6.3176,79.2740,67.5088,11.7652
"SoftPCA-F (alpha=1.00e-04, K=20/20)",2,periodavg_0894-0896,24.360000,-9.0770,7.0361,79.1591,67.5088,11.6503
"SoftPCA-F (alpha=1.00e-04, K=20/20)",2,periodavg_0894-0896,24.400000,-9.0124,5.8231,79.0060,67.5088,11.4971
"SoftPCA-F (alpha=1.00e-04, K=20/20)",2,periodavg_0894-0896,24.453333,-9.0443,5.6846,79.8433,67.5088,12.3345
"SoftPCA-F (alpha=1.00e-04, K=20/20)",2,periodavg_0894-0896,24.506667,-9.0806,7.0980,80.0308,67.5088,12.5220
"SoftPCA-F (alpha=1.00e-04, K=20/20)",2,periodavg_0894-0896,24.560000,-9.0894,5.7800,79.7126,67.5088,12.2038
"SoftPCA-F (alpha=1.00e-04, K=20/20)",2,periodavg_0894-0896,24.600000,-9.1132,6.0278,79.4536,67.5088,11.9448
"SoftPCA-F (alpha=1.00e-04, K=20/20)",2,periodavg_0894-0896,24.653333,-9.1744,5.3146,79.5132,67.5088,12.0044
"SoftPCA-F (alpha=1.00e-04, K=20/20)",2,periodavg_0894-0896,24.706667,-9.0462,6.7647,79.4523,67.5088,11.9435
"SoftPCA-F (alpha=1.00e-04, K=20/20)",2,periodavg_0894-0896,24.760000,-9.0521,6.6791,79.1435,67.5088,11.6346
"SoftPCA-F (alpha=1.00e-04, K=20/20)",2,periodavg_0894-0896,24.800000,-9.0005,6.7337,78.9621,67.5088,11.4533
"SoftPCA-F (alpha=1.00e-04, K=20/20)",2,periodavg_0894-0896,24.853333,-8.9598,7.0886,78.6732,67.5088,11.1643
"SoftPCA-F (alpha=1.00e-04, K=20/20)",2,periodavg_0894-0896,24.906667,-8.9200,5.3608,78.6015,67.5088,11.0927
"SoftPCA-F (alpha=1.00e-04, K=20/20)",2,periodavg_0894-0896,24.960000,-8.9687,5.9467,78.9097,67.5088,11.4009
"SoftPCA-F (alpha=1.00e-04, K=20/20)",2,periodavg_0894-0896,25.000000,-8.9741,6.7617,79.5663,67.5088,12.0575
"SoftPCA-F (alpha=1.00e-04, K=20/20)",2,periodavg_0894-0896,25.053333,-8.9837,6.5948,79.9671,67.5088,12.4583
"SoftPCA-F (alpha=1.00e-04, K=20/20)",2,periodavg_0894-0896,25.106667,-8.9403,5.7005,79.3697,67.5088,11.8609
"SoftPCA-F (alpha=1.00e-04, K=20/20)",2,periodavg_0894-0896,25.160000,-8.8906,5.6655,79.2416,67.5088,11.7328
"SoftPCA-F (alpha=1.00e-04, K=20/20)",2,periodavg_0894-0896,25.200000,-8.9646,7.1816,79.3121,67.5088,11.8033
"SoftPCA-F (alpha=1.00e-04, K=20/20)",2,periodavg_0894-0896,25.253333,-9.0439,6.4374,79.9661,67.5088,12.4573
"SoftPCA-F (alpha=1.00e-04, K=20/20)",2,periodavg_0894-0896,25.306667,-9.0323,7.8892,79.8093,67.5088,12.3005
"SoftPCA-F (alpha=1.00e-04, K=20/20)",2,periodavg_0894-0896,25.360000,-9.0052,6.5089,80.0469,67.5088,12.5381
"SoftPCA-F (alpha=1.00e-04, K=20/20)",2,periodavg_0894-0896,25.400000,-9.0268,7.2111,79.9681,67.5088,12.4593
"SoftPCA-F (alpha=1.00e-04, K=20/20)",2,periodavg_0894-0896,25.453333,-8.9053,6.5278,79.6419,67.5088,12.1331
"SoftPCA-F (alpha=1.00e-04, K=20/20)",2,periodavg_0894-0896,25.506667,-8.9514,6.2638,79.5789,67.5088,12.0700
"SoftPCA-F (alpha=1.00e-04, K=20/20)",2,periodavg_0894-0896,25.560000,-8.8963,6.9322,79.2682,67.5088,11.7594
"SoftPCA-F (alpha=1.00e-04, K=20/20)",2,periodavg_0894-0896,25.600000,-8.9453,6.7503,79.3755,67.5088,11.8667
"SoftPCA-F (alpha=1.00e-04, K=20/20)",2,periodavg_0894-0896,25.653333,-8.9817,5.6540,79.7811,67.5088,12.2723
"SoftPCA-F (alpha=1.00e-04, K=20/20)",2,periodavg_0894-0896,25.706667,-8.9647,5.7363,79.6277,67.5088,12.1189
"SoftPCA-F (alpha=1.00e-04, K=20/20)",2,periodavg_0894-0896,25.760000,-8.9296,6.9165,79.7495,67.5088,12.2407
"SoftPCA-F (alpha=1.00e-04, K=20/20)",2,periodavg_0894-0896,25.800000,-8.9413,6.7450,79.8646,67.5088,12.3558
"SoftPCA-F (alpha=1.00e-04, K=20/20)",2,periodavg_0894-0896,25.853333,-9.0254,7.0205,79.7104,67.5088,12.2015
"SoftPCA-F (alpha=1.00e-04, K=20/20)",2,periodavg_0894-0896,25.906667,-8.9775,7.5039,79.9676,67.5088,12.4588
"SoftPCA-F (alpha=1.00e-04, K=20/20)",2,periodavg_0894-0896,25.960000,-9.0544,6.9918,80.2537,67.5088,12.7449
"SoftPCA-F (alpha=1.00e-04, K=20/20)",2,periodavg_0894-0896,26.000000,-8.9829,6.2377,79.8970,67.5088,12.3881
"SoftPCA-F (alpha=1.00e-04, K=20/20)",2,periodavg_0894-0896,26.053333,-9.0828,6.3841,80.0015,67.5088,12.4927
"SoftPCA-F (alpha=1.00e-04, K=20/20)",2,periodavg_0894-0896,26.106667,-9.0187,5.5875,79.7333,67.5088,12.2245
"SoftPCA-F (alpha=1.00e-04, K=20/20)",2,periodavg_0894-0896,26.160000,-8.9908,5.7219,79.4883,67.5088,11.9795
"SoftPCA-F (alpha=1.00e-04, K=20/20)",2,periodavg_0894-0896,26.200000,-9.0893,6.5720,79.6829,67.5088,12.1741
"SoftPCA-F (alpha=1.00e-04, K=20/20)",2,periodavg_0894-0896,26.253333,-9.0762,6.9399,79.6647,67.5088,12.1559
"SoftPCA-F (alpha=1.00e-04, K=20/20)",2,periodavg_0894-0896,26.306667,-8.9947,7.2297,79.5120,67.5088,12.0032
"SoftPCA-F (alpha=1.00e-04, K=20/20)",2,periodavg_0894-0896,26.360000,-9.0273,6.7864,80.0595,67.5088,12.5506
"SoftPCA-F (alpha=1.00e-04, K=20/20)",2,periodavg_0894-0896,26.400000,-8.9984,6.1758,79.7605,67.5088,12.2517
"SoftPCA-F (alpha=1.00e-04, K=20/20)",2,periodavg_0894-0896,26.453333,-9.0378,5.7488,79.2492,67.5088,11.7403
"SoftPCA-F (alpha=1.00e-04, K=20/20)",2,periodavg_0894-0896,26.506667,-9.1029,6.7968,79.4759,67.5088,11.9671
"SoftPCA-F (alpha=1.00e-04, K=20/20)",2,periodavg_0894-0896,26.560000,-9.0802,7.0957,79.5088,67.5088,11.9999
"SoftPCA-F (alpha=1.00e-04, K=20/20)",2,periodavg_0894-0896,26.600000,-9.1257,7.5316,79.5602,67.5088,12.0514
"SoftPCA-F (alpha=1.00e-04, K=20/20)",2,periodavg_0894-0896,26.653333,-9.1775,6.9607,79.6373,67.5088,12.1284
"SoftPCA-F (alpha=1.00e-04, K=20/20)",2,periodavg_0894-0896,26.706667,-9.1328,5.9606,79.8896,67.5088,12.3808
"SoftPCA-F (alpha=1.00e-04, K=20/20)",2,periodavg_0894-0896,26.760000,-9.1032,6.0931,80.0638,67.5088,12.5550
"SoftPCA-F (alpha=1.00e-04, K=20/20)",2,periodavg_0894-0896,26.800000,-9.1132,6.9116,79.8808,67.5088,12.3720
"SoftPCA-F (alpha=1.00e-04, K=20/20)",2,periodavg_0894-0896,26.853333,-9.1058,6.2773,79.5276,67.5088,12.0187
"SoftPCA-F (alpha=1.00e-04, K=20/20)",2,periodavg_0894-0896,26.906667,-9.1897,6.7674,79.7320,67.5088,12.2231
"SoftPCA-F (alpha=1.00e-04, K=20/20)",2,periodavg_0894-0896,26.960000,-9.1598,7.5836,80.1677,67.5088,12.6588
"SoftPCA-F (alpha=1.00e-04, K=20/20)",2,periodavg_0894-0896,27.000000,-9.2113,8.6986,80.4404,67.5088,12.9316
"SoftPCA-F (alpha=1.00e-04, K=20/20)",2,periodavg_0894-0896,27.053333,-9.1814,6.3365,80.0968,67.5088,12.5879
"SoftPCA-F (alpha=1.00e-04, K=20/20)",2,periodavg_0894-0896,27.106667,-9.1074,6.7642,80.0016,67.5088,12.4928
"SoftPCA-F (alpha=1.00e-04, K=20/20)",2,periodavg_0894-0896,27.160000,-9.0195,6.8918,79.6617,67.5088,12.1529
"SoftPCA-F (alpha=1.00e-04, K=20/20)",2,periodavg_0894-0896,27.200000,-9.0349,6.2592,79.4669,67.5088,11.9580
"SoftPCA-F (alpha=1.00e-04, K=20/20)",2,periodavg_0894-0896,27.253333,-9.0272,5.9137,79.8873,67.5088,12.3785
"SoftPCA-F (alpha=1.00e-04, K=20/20)",2,periodavg_0894-0896,27.306667,-9.1161,6.9146,79.5411,67.5088,12.0323
"SoftPCA-F (alpha=1.00e-04, K=20/20)",2,periodavg_0894-0896,27.360000,-9.0940,5.6346,79.7413,67.5088,12.2324
"SoftPCA-F (alpha=1.00e-04, K=20/20)",2,periodavg_0894-0896,27.400000,-9.1170,6.6928,79.6654,67.5088,12.1565
"SoftPCA-F (alpha=1.00e-04, K=20/20)",2,periodavg_0894-0896,27.453333,-9.0777,6.9740,79.8900,67.5088,12.3812
"SoftPCA-F (alpha=1.00e-04, K=20/20)",2,periodavg_0894-0896,27.506667,-9.0602,6.0295,79.5978,67.5088,12.0890
"SoftPCA-F (alpha=1.00e-04, K=20/20)",2,periodavg_0894-0896,27.560000,-9.0932,7.1766,79.8980,67.5088,12.3892
"SoftPCA-F (alpha=1.00e-04, K=20/20)",2,periodavg_0894-0896,27.600000,-9.0467,6.2587,79.6586,67.5088,12.1497
"SoftPCA-F (alpha=1.00e-04, K=20/20)",2,periodavg_0894-0896,27.653333,-8.9770,6.7767,79.3749,67.5088,11.8661
"SoftPCA-F (alpha=1.00e-04, K=20/20)",2,periodavg_0894-0896,27.706667,-8.9542,5.6901,79.3228,67.5088,11.8140
"SoftPCA-F (alpha=1.00e-04, K=20/20)",2,periodavg_0894-0896,27.760000,-9.0257,6.6245,79.4513,67.5088,11.9425
"SoftPCA-F (alpha=1.00e-04, K=20/20)",2,periodavg_0894-0896,27.800000,-8.9042,5.7084,79.1942,67.5088,11.6854
"SoftPCA-F (alpha=1.00e-04, K=20/20)",2,periodavg_0894-0896,27.853333,-8.9884,6.5787,79.1375,67.5088,11.6287
"SoftPCA-F (alpha=1.00e-04, K=20/20)",2,periodavg_0894-0896,27.906667,-8.9698,6.3915,79.3493,67.5088,11.8405
"SoftPCA-F (alpha=1.00e-04, K=20/20)",2,periodavg_0894-0896,27.960000,-9.0261,7.1955,79.0247,67.5088,11.5158
"SoftPCA-F (alpha=1.00e-04, K=20/20)",2,periodavg_0894-0896,28.000000,-8.9594,4.9666,78.8623,67.5088,11.3535
"SoftPCA-F (alpha=1.00e-04, K=20/20)",2,periodavg_0894-0896,28.053333,-8.9296,6.7549,78.8965,67.5088,11.3877
"SoftPCA-F (alpha=1.00e-04, K=20/20)",2,periodavg_0894-0896,28.106667,-8.9087,6.7123,78.9586,67.5088,11.4498
"SoftPCA-F (alpha=1.00e-04, K=20/20)",2,periodavg_0894-0896,28.160000,-8.9842,7.3590,78.9154,67.5088,11.4066
"SoftPCA-F (alpha=1.00e-04, K=20/20)",2,periodavg_0894-0896,28.200000,-9.0058,7.3625,79.0481,67.5088,11.5393
"SoftPCA-F (alpha=1.00e-04, K=20/20)",2,periodavg_0894-0896,28.253333,-9.0020,6.6337,78.8010,67.5088,11.2922
"SoftPCA-F (alpha=1.00e-04, K=20/20)",2,periodavg_0894-0896,28.306667,-9.1485,6.3805,79.9511,67.5088,12.4423
"SoftPCA-F (alpha=1.00e-04, K=20/20)",2,periodavg_0894-0896,28.360000,-9.2012,7.4007,79.7776,67.5088,12.2688
"SoftPCA-F (alpha=1.00e-04, K=20/20)",2,periodavg_0894-0896,28.400000,-9.1215,7.8746,79.6357,67.5088,12.1269
"SoftPCA-F (alpha=1.00e-04, K=20/20)",2,periodavg_0894-0896,28.453333,-9.1249,6.8264,79.7888,67.5088,12.2799
"SoftPCA-F (alpha=1.00e-04, K=20/20)",2,periodavg_0894-0896,28.506667,-9.0631,7.4670,79.5845,67.5088,12.0757
"SoftPCA-F (alpha=1.00e-04, K=20/20)",2,periodavg_0894-0896,28.560000,-9.0770,6.6317,79.6247,67.5088,12.1158
"SoftPCA-F (alpha=1.00e-04, K=20/20)",2,periodavg_0894-0896,28.600000,-9.0038,5.7716,79.2330,67.5088,11.7241
"SoftPCA-F (alpha=1.00e-04, K=20/20)",2,periodavg_0894-0896,28.653333,-9.0505,7.5134,80.0947,67.5088,12.5859
"SoftPCA-F (alpha=1.00e-04, K=20/20)",2,periodavg_0894-0896,28.706667,-8.9812,5.4446,79.9803,67.5088,12.4714
"SoftPCA-F (alpha=1.00e-04, K=20/20)",2,periodavg_0894-0896,28.760000,-8.9836,7.3695,80.4093,67.5088,12.9005
"SoftPCA-F (alpha=1.00e-04, K=20/20)",2,periodavg_0894-0896,28.800000,-8.9690,6.0731,79.8095,67.5088,12.3007
"SoftPCA-F (alpha=1.00e-04, K=20/20)",2,periodavg_0894-0896,28.853333,-8.9590,7.1432,79.4652,67.5088,11.9564
"SoftPCA-F (alpha=1.00e-04, K=20/20)",2,periodavg_0894-0896,28.906667,-9.0167,5.5767,79.6057,67.5088,12.0969
"SoftPCA-F (alpha=1.00e-04, K=20/20)",2,periodavg_0894-0896,28.960000,-8.9987,6.2529,79.6608,67.5088,12.1520
"SoftPCA-F (alpha=1.00e-04, K=20/20)",2,periodavg_0894-0896,29.000000,-8.9811,6.4033,79.3882,67.5088,11.8793
"SoftPCA-F (alpha=1.00e-04, K=20/20)",2,periodavg_0894-0896,29.053333,-8.8700,4.7139,78.9949,67.5088,11.4860
"SoftPCA-F (alpha=1.00e-04, K=20/20)",2,periodavg_0894-0896,29.106667,-8.9265,5.4389,79.4742,67.5088,11.9654
"SoftPCA-F (alpha=1.00e-04, K=20/20)",2,periodavg_0894-0896,29.160000,-8.9947,6.1622,79.3796,67.5088,11.8708
"SoftPCA-F (alpha=1.00e-04, K=20/20)",2,periodavg_0894-0896,29.200000,-9.0083,8.0038,79.3758,67.5088,11.8669
"SoftPCA-F (alpha=1.00e-04, K=20/20)",2,periodavg_0894-0896,29.253333,-9.1479,7.8924,79.8064,67.5088,12.2976
"SoftPCA-F (alpha=1.00e-04, K=20/20)",2,periodavg_0894-0896,29.306667,-9.1517,6.8453,79.5617,67.5088,12.0528
"SoftPCA-F (alpha=1.00e-04, K=20/20)",2,periodavg_0894-0896,29.360000,-9.1198,5.9556,79.4091,67.5088,11.9003
"SoftPCA-F (alpha=1.00e-04, K=20/20)",2,periodavg_0894-0896,29.400000,-9.0884,6.9929,79.4911,67.5088,11.9823
"SoftPCA-F (alpha=1.00e-04, K=20/20)",2,periodavg_0894-0896,29.453333,-9.0981,6.1955,79.9515,67.5088,12.4427
"SoftPCA-F (alpha=1.00e-04, K=20/20)",2,periodavg_0894-0896,29.506667,-9.1232,7.3180,80.5139,67.5088,13.0051
"SoftPCA-F (alpha=1.00e-04, K=20/20)",2,periodavg_0894-0896,29.560000,-9.0569,6.7927,80.0954,67.5088,12.5866
"SoftPCA-F (alpha=1.00e-04, K=20/20)",2,periodavg_0894-0896,29.600000,-9.0721,6.2030,79.9032,67.5088,12.3944
"SoftPCA-F (alpha=1.00e-04, K=20/20)",2,periodavg_0894-0896,29.653333,-9.0234,6.5946,80.0383,67.5088,12.5294
"SoftPCA-F (alpha=1.00e-04, K=20/20)",2,periodavg_0894-0896,29.706667,-9.0753,6.4557,80.1032,67.5088,12.5943
"SoftPCA-F (alpha=1.00e-04, K=20/20)",2,periodavg_0894-0896,29.760000,-8.9963,6.4903,79.9055,67.5088,12.3966
"SoftPCA-F (alpha=1.00e-04, K=20/20)",2,periodavg_0894-0896,29.800000,-8.9627,6.3581,80.0872,67.5088,12.5784
"SoftPCA-F (alpha=1.00e-04, K=20/20)",2,periodavg_0894-0896,29.853333,-9.1154,7.1656,80.6156,67.5088,13.1068
"SoftPCA-F (alpha=1.00e-04, K=20/20)",2,periodavg_0894-0896,29.906667,-9.1348,7.4368,80.4678,67.5088,12.9590
"SoftPCA-F (alpha=1.00e-04, K=20/20)",2,periodavg_0894-0896,29.960000,-9.0525,6.6945,79.8747,67.5088,12.3659
"SoftPCA-F (alpha=1.00e-04, K=20/20)",2,periodavg_0894-0896,30.000000,-9.1109,6.2556,80.3238,67.5088,12.8150
"SoftPCA-F (alpha=1.00e-04, K=20/20)",3,periodavg_0870-0872,30.013333,3.1366,-10.0423,71.9766,79.1852,-7.2086
"SoftPCA-F (alpha=1.00e-04, K=20/20)",3,periodavg_0870-0872,30.053333,2.3964,-3.1536,73.4500,79.1852,-5.7353
"SoftPCA-F (alpha=1.00e-04, K=20/20)",3,periodavg_0870-0872,30.106667,1.4063,-1.6651,74.8488,79.1852,-4.3364
"SoftPCA-F (alpha=1.00e-04, K=20/20)",3,periodavg_0870-0872,30.160000,0.6161,0.0028,75.8250,79.1852,-3.3602
"SoftPCA-F (alpha=1.00e-04, K=20/20)",3,periodavg_0870-0872,30.200000,0.0322,-0.0267,76.5460,79.1852,-2.6393
"SoftPCA-F (alpha=1.00e-04, K=20/20)",3,periodavg_0870-0872,30.253333,-0.8525,0.4762,77.6060,79.1852,-1.5793
"SoftPCA-F (alpha=1.00e-04, K=20/20)",3,periodavg_0870-0872,30.306667,-1.6936,1.8438,79.1140,79.1852,-0.0712
"SoftPCA-F (alpha=1.00e-04, K=20/20)",3,periodavg_0870-0872,30.360000,-2.4650,2.3827,80.2614,79.1852,1.0761
"SoftPCA-F (alpha=1.00e-04, K=20/20)",3,periodavg_0870-0872,30.400000,-3.0761,2.4096,81.3203,79.1852,2.1351
"SoftPCA-F (alpha=1.00e-04, K=20/20)",3,periodavg_0870-0872,30.453333,-3.8815,1.9584,82.1239,79.1852,2.9386
"SoftPCA-F (alpha=1.00e-04, K=20/20)",3,periodavg_0870-0872,30.506667,-4.6520,2.6460,82.9427,79.1852,3.7574
"SoftPCA-F (alpha=1.00e-04, K=20/20)",3,periodavg_0870-0872,30.560000,-5.4379,2.8995,83.6171,79.1852,4.4318
"SoftPCA-F (alpha=1.00e-04, K=20/20)",3,periodavg_0870-0872,30.600000,-5.9563,2.3870,84.0433,79.1852,4.8581
"SoftPCA-F (alpha=1.00e-04, K=20/20)",3,periodavg_0870-0872,30.653333,-6.5507,3.3120,84.5238,79.1852,5.3385
"SoftPCA-F (alpha=1.00e-04, K=20/20)",3,periodavg_0870-0872,30.706667,-7.2128,3.0921,85.1002,79.1852,5.9150
"SoftPCA-F (alpha=1.00e-04, K=20/20)",3,periodavg_0870-0872,30.760000,-7.8944,4.6533,85.5504,79.1852,6.3652
"SoftPCA-F (alpha=1.00e-04, K=20/20)",3,periodavg_0870-0872,30.800000,-8.4065,4.2988,85.9567,79.1852,6.7715
"SoftPCA-F (alpha=1.00e-04, K=20/20)",3,periodavg_0870-0872,30.853333,-8.9854,3.4829,86.4431,79.1852,7.2578
"SoftPCA-F (alpha=1.00e-04, K=20/20)",3,periodavg_0870-0872,30.906667,-9.6319,3.3074,86.8884,79.1852,7.7031
"SoftPCA-F (alpha=1.00e-04, K=20/20)",3,periodavg_0870-0872,30.960000,-10.2692,4.3540,87.4175,79.1852,8.2323
"SoftPCA-F (alpha=1.00e-04, K=20/20)",3,periodavg_0870-0872,31.000000,-10.7508,3.7964,88.0421,79.1852,8.8568
"SoftPCA-F (alpha=1.00e-04, K=20/20)",3,periodavg_0870-0872,31.053333,-11.3308,3.4319,88.4700,79.1852,9.2847
"SoftPCA-F (alpha=1.00e-04, K=20/20)",3,periodavg_0870-0872,31.106667,-11.8503,4.2580,88.7900,79.1852,9.6048
"SoftPCA-F (alpha=1.00e-04, K=20/20)",3,periodavg_0870-0872,31.160000,-12.3609,3.5998,89.2307,79.1852,10.0454
"SoftPCA-F (alpha=1.00e-04, K=20/20)",3,periodavg_0870-0872,31.200000,-12.6725,4.1503,89.5766,79.1852,10.3914
"SoftPCA-F (alpha=1.00e-04, K=20/20)",3,periodavg_0870-0872,31.253333,-13.1180,3.7166,90.1058,79.1852,10.9206
"SoftPCA-F (alpha=1.00e-04, K=20/20)",3,periodavg_0870-0872,31.306667,-13.5843,3.8287,90.5657,79.1852,11.3805
"SoftPCA-F (alpha=1.00e-04, K=20/20)",3,periodavg_0870-0872,31.360000,-13.9998,4.5130,90.9306,79.1852,11.7453
"SoftPCA-F (alpha=1.00e-04, K=20/20)",3,periodavg_0870-0872,31.400000,-14.2729,5.6120,91.2108,79.1852,12.0255
"SoftPCA-F (alpha=1.00e-04, K=20/20)",3,periodavg_0870-0872,31.453333,-14.5542,3.3355,91.4127,79.1852,12.2275
"SoftPCA-F (alpha=1.00e-04, K=20/20)",3,periodavg_0870-0872,31.506667,-14.9445,4.1542,91.6727,79.1852,12.4875
"SoftPCA-F (alpha=1.00e-04, K=20/20)",3,periodavg_0870-0872,31.560000,-15.3654,4.9007,91.8641,79.1852,12.6789
"SoftPCA-F (alpha=1.00e-04, K=20/20)",3,periodavg_0870-0872,31.600000,-15.6160,4.4155,92.1185,79.1852,12.9332
"SoftPCA-F (alpha=1.00e-04, K=20/20)",3,periodavg_0870-0872,31.653333,-15.8426,5.1004,91.9840,79.1852,12.7988
"SoftPCA-F (alpha=1.00e-04, K=20/20)",3,periodavg_0870-0872,31.706667,-16.1369,6.7169,92.4017,79.1852,13.2165
"SoftPCA-F (alpha=1.00e-04, K=20/20)",3,periodavg_0870-0872,31.760000,-16.5265,4.1973,92.9365,79.1852,13.7512
"SoftPCA-F (alpha=1.00e-04, K=20/20)",3,periodavg_0870-0872,31.800000,-16.7612,5.8346,93.0834,79.1852,13.8982
"SoftPCA-F (alpha=1.00e-04, K=20/20)",3,periodavg_0870-0872,31.853333,-17.0884,4.2822,93.4088,79.1852,14.2236
"SoftPCA-F (alpha=1.00e-04, K=20/20)",3,periodavg_0870-0872,31.906667,-17.5007,3.7998,93.6693,79.1852,14.4841
"SoftPCA-F (alpha=1.00e-04, K=20/20)",3,periodavg_0870-0872,31.960000,-17.8001,4.2956,94.1965,79.1852,15.0113
"SoftPCA-F (alpha=1.00e-04, K=20/20)",3,periodavg_0870-0872,32.000000,-17.9291,4.2885,94.3599,79.1852,15.1746
"SoftPCA-F (alpha=1.00e-04, K=20/20)",3,periodavg_0870-0872,32.053333,-18.1186,3.5071,94.6307,79.1852,15.4455
"SoftPCA-F (alpha=1.00e-04, K=20/20)",3,periodavg_0870-0872,32.106667,-18.2594,4.5799,94.8214,79.1852,15.6361
"SoftPCA-F (alpha=1.00e-04, K=20/20)",3,periodavg_0870-0872,32.160000,-18.4757,4.3221,95.3243,79.1852,16.1391
"SoftPCA-F (alpha=1.00e-04, K=20/20)",3,periodavg_0870-0872,32.200000,-18.5351,3.6521,95.4950,79.1852,16.3098
"SoftPCA-F (alpha=1.00e-04, K=20/20)",3,periodavg_0870-0872,32.253333,-18.8219,4.1282,95.6713,79.1852,16.4861
"SoftPCA-F (alpha=1.00e-04, K=20/20)",3,periodavg_0870-0872,32.306667,-18.8786,4.6946,95.9205,79.1852,16.7353
"SoftPCA-F (alpha=1.00e-04, K=20/20)",3,periodavg_0870-0872,32.360000,-19.0018,4.7864,96.3232,79.1852,17.1379
"SoftPCA-F (alpha=1.00e-04, K=20/20)",3,periodavg_0870-0872,32.400000,-19.3278,2.8134,96.7857,79.1852,17.6005
"SoftPCA-F (alpha=1.00e-04, K=20/20)",3,periodavg_0870-0872,32.453333,-19.2611,5.1089,97.0975,79.1852,17.9123
"SoftPCA-F (alpha=1.00e-04, K=20/20)",3,periodavg_0870-0872,32.506667,-19.2286,3.5520,97.3341,79.1852,18.1488
"SoftPCA-F (alpha=1.00e-04, K=20/20)",3,periodavg_0870-0872,32.560000,-19.4375,2.8397,97.5188,79.1852,18.3335
"SoftPCA-F (alpha=1.00e-04, K=20/20)",3,periodavg_0870-0872,32.600000,-19.5826,4.9571,97.5319,79.1852,18.3467
"SoftPCA-F (alpha=1.00e-04, K=20/20)",3,periodavg_0870-0872,32.653333,-19.6548,4.0791,97.6952,79.1852,18.5100
"SoftPCA-F (alpha=1.00e-04, K=20/20)",3,periodavg_0870-0872,32.706667,-19.7423,5.6401,97.9025,79.1852,18.7173
"SoftPCA-F (alpha=1.00e-04, K=20/20)",3,periodavg_0870-0872,32.760000,-19.4875,3.7125,98.1618,79.1852,18.9766
"SoftPCA-F (alpha=1.00e-04, K=20/20)",3,periodavg_0870-0872,32.800000,-19.5965,3.3981,98.3299,79.1852,19.1446
"SoftPCA-F (alpha=1.00e-04, K=20/20)",3,periodavg_0870-0872,32.853333,-19.7986,4.4925,98.5195,79.1852,19.3343
"SoftPCA-F (alpha=1.00e-04, K=20/20)",3,periodavg_0870-0872,32.906667,-19.8730,3.7515,98.6908,79.1852,19.5056
"SoftPCA-F (alpha=1.00e-04, K=20/20)",3,periodavg_0870-0872,32.960000,-20.0959,3.8700,99.0191,79.1852,19.8338
"SoftPCA-F (alpha=1.00e-04, K=20/20)",3,periodavg_0870-0872,33.000000,-20.0305,3.7657,99.1575,79.1852,19.9723
"SoftPCA-F (alpha=1.00e-04, K=20/20)",3,periodavg_0870-0872,33.053333,-20.1101,5.6960,99.2377,79.1852,20.0525
"SoftPCA-F (alpha=1.00e-04, K=20/20)",3,periodavg_0870-0872,33.106667,-20.2195,4.6711,99.3819,79.1852,20.1967
"SoftPCA-F (alpha=1.00e-04, K=20/20)",3,periodavg_0870-0872,33.160000,-20.4500,4.6273,99.6410,79.1852,20.4558
"SoftPCA-F (alpha=1.00e-04, K=20/20)",3,periodavg_0870-0872,33.200000,-20.4042,5.0844,99.9848,79.1852,20.7996
"SoftPCA-F (alpha=1.00e-04, K=20/20)",3,periodavg_0870-0872,33.253333,-20.6667,4.2472,100.2616,79.1852,21.0764
"SoftPCA-F (alpha=1.00e-04, K=20/20)",3,periodavg_0870-0872,33.306667,-20.6403,5.1218,100.4003,79.1852,21.2151
"SoftPCA-F (alpha=1.00e-04, K=20/20)",3,periodavg_0870-0872,33.360000,-20.5940,5.0131,98.7802,79.1852,19.5950
"SoftPCA-F (alpha=1.00e-04, K=20/20)",3,periodavg_0870-0872,33.400000,-20.7119,4.2082,100.8726,79.1852,21.6873
"SoftPCA-F (alpha=1.00e-04, K=20/20)",3,periodavg_0870-0872,33.453333,-20.9140,4.1319,100.9470,79.1852,21.7617
"SoftPCA-F (alpha=1.00e-04, K=20/20)",3,periodavg_0870-0872,33.506667,-20.8936,5.8528,100.6495,79.1852,21.4642
"SoftPCA-F (alpha=1.00e-04, K=20/20)",3,periodavg_0870-0872,33.560000,-20.6871,5.5162,96.8164,79.1852,17.6312
"SoftPCA-F (alpha=1.00e-04, K=20/20)",3,periodavg_0870-0872,33.600000,-20.7436,3.3424,100.8049,79.1852,21.6197
"SoftPCA-F (alpha=1.00e-04, K=20/20)",3,periodavg_0870-0872,33.653333,-20.7362,3.7204,101.1924,79.1852,22.0071
"SoftPCA-F (alpha=1.00e-04, K=20/20)",3,periodavg_0870-0872,33.706667,-20.5236,4.6208,95.2361,79.1852,16.0508
"SoftPCA-F (alpha=1.00e-04, K=20/20)",3,periodavg_0870-0872,33.760000,-20.2750,3.9050,92.7903,79.1852,13.6051
"SoftPCA-F (alpha=1.00e-04, K=20/20)",3,periodavg_0870-0872,33.800000,-20.2571,4.1238,92.7879,79.1852,13.6027
"SoftPCA-F (alpha=1.00e-04, K=20/20)",3,periodavg_0870-0872,33.853333,-20.1098,4.1712,92.2215,79.1852,13.0362
"SoftPCA-F (alpha=1.00e-04, K=20/20)",3,periodavg_0870-0872,33.906667,-20.6322,3.9645,94.7483,79.1852,15.5631
"SoftPCA-F (alpha=1.00e-04, K=20/20)",3,periodavg_0870-0872,33.960000,-20.5582,3.1312,97.1464,79.1852,17.9611
"SoftPCA-F (alpha=1.00e-04, K=20/20)",3,periodavg_0870-0872,34.000000,-20.8595,5.2283,96.4942,79.1852,17.3090
"SoftPCA-F (alpha=1.00e-04, K=20/20)",3,periodavg_0870-0872,34.053333,-21.0908,3.6299,97.6190,79.1852,18.4338
"SoftPCA-F (alpha=1.00e-04, K=20/20)",3,periodavg_0870-0872,34.106667,-21.0587,4.2232,98.0933,79.1852,18.9080
"SoftPCA-F (alpha=1.00e-04, K=20/20)",3,periodavg_0870-0872,34.160000,-21.1870,4.9819,101.3968,79.1852,22.2116
"SoftPCA-F (alpha=1.00e-04, K=20/20)",3,periodavg_0870-0872,34.200000,-21.3583,4.2439,101.6597,79.1852,22.4745
"SoftPCA-F (alpha=1.00e-04, K=20/20)",3,periodavg_0870-0872,34.253333,-21.1597,4.7397,99.9498,79.1852,20.7646
"SoftPCA-F (alpha=1.00e-04, K=20/20)",3,periodavg_0870-0872,34.306667,-21.2748,4.0218,101.2297,79.1852,22.0444
"SoftPCA-F (alpha=1.00e-04, K=20/20)",3,periodavg_0870-0872,34.360000,-21.1484,4.6788,101.1162,79.1852,21.9310
"SoftPCA-F (alpha=1.00e-04, K=20/20)",3,periodavg_0870-0872,34.400000,-20.7582,2.7293,101.0732,79.1852,21.8880
"SoftPCA-F (alpha=1.00e-04, K=20/20)",3,periodavg_0870-0872,34.453333,-21.2820,4.7187,101.2295,79.1852,22.0443
"SoftPCA-F (alpha=1.00e-04, K=20/20)",3,periodavg_0870-0872,34.506667,-21.1487,4.0234,100.0636,79.1852,20.8783
"SoftPCA-F (alpha=1.00e-04, K=20/20)",3,periodavg_0870-0872,34.560000,-21.0031,4.4502,100.3971,79.1852,21.2119
"SoftPCA-F (alpha=1.00e-04, K=20/20)",3,periodavg_0870-0872,34.600000,-21.1854,5.6222,99.5262,79.1852,20.3409
"SoftPCA-F (alpha=1.00e-04, K=20/20)",3,periodavg_0870-0872,34.653333,-21.2383,5.3580,99.1626,79.1852,19.9774
"SoftPCA-F (alpha=1.00e-04, K=20/20)",3,periodavg_0870-0872,34.706667,-21.1697,5.3980,101.3129,79.1852,22.1277
"SoftPCA-F (alpha=1.00e-04, K=20/20)",3,periodavg_0870-0872,34.760000,-21.1339,4.9578,99.9188,79.1852,20.7336
"SoftPCA-F (alpha=1.00e-04, K=20/20)",3,periodavg_0870-0872,34.800000,-20.8279,5.1122,94.5406,79.1852,15.3553
"SoftPCA-F (alpha=1.00e-04, K=20/20)",3,periodavg_0870-0872,34.853333,-20.7293,5.0578,93.8708,79.1852,14.6856
"SoftPCA-F (alpha=1.00e-04, K=20/20)",3,periodavg_0870-0872,34.906667,-20.8218,3.9111,94.6207,79.1852,15.4354
"SoftPCA-F (alpha=1.00e-04, K=20/20)",3,periodavg_0870-0872,34.960000,-20.9648,4.3637,94.9847,79.1852,15.7995
"SoftPCA-F (alpha=1.00e-04, K=20/20)",3,periodavg_0870-0872,35.000000,-20.6226,4.4997,93.3083,79.1852,14.1231
"SoftPCA-F (alpha=1.00e-04, K=20/20)",3,periodavg_0870-0872,35.053333,-20.6096,4.2028,92.5996,79.1852,13.4144
"SoftPCA-F (alpha=1.00e-04, K=20/20)",3,periodavg_0870-0872,35.106667,-21.2171,3.4498,97.6232,79.1852,18.4380
"SoftPCA-F (alpha=1.00e-04, K=20/20)",3,periodavg_0870-0872,35.160000,-21.1901,4.3665,98.9350,79.1852,19.7498
"SoftPCA-F (alpha=1.00e-04, K=20/20)",3,periodavg_0870-0872,35.200000,-21.2782,2.8896,101.8824,79.1852,22.6972
"SoftPCA-F (alpha=1.00e-04, K=20/20)",3,periodavg_0870-0872,35.253333,-21.3323,4.3686,101.9691,79.1852,22.7838
"SoftPCA-F (alpha=1.00e-04, K=20/20)",3,periodavg_0870-0872,35.306667,-21.4914,4.6341,101.9495,79.1852,22.7643
"SoftPCA-F (alpha=1.00e-04, K=20/20)",3,periodavg_0870-0872,35.360000,-21.0413,5.4831,97.4876,79.1852,18.3024
"SoftPCA-F (alpha=1.00e-04, K=20/20)",3,periodavg_0870-0872,35.400000,-21.1034,4.4424,97.7100,79.1852,18.5248
"SoftPCA-F (alpha=1.00e-04, K=20/20)",3,periodavg_0870-0872,35.453333,-21.2235,5.1051,96.6711,79.1852,17.4859
"SoftPCA-F (alpha=1.00e-04, K=20/20)",3,periodavg_0870-0872,35.506667,-21.1198,4.7627,97.0896,79.1852,17.9044
"SoftPCA-F (alpha=1.00e-04, K=20/20)",3,periodavg_0870-0872,35.560000,-21.1582,3.6635,98.1676,79.1852,18.9823
"SoftPCA-F (alpha=1.00e-04, K=20/20)",3,periodavg_0870-0872,35.600000,-21.2501,2.6728,102.0189,79.1852,22.8336
"SoftPCA-F (alpha=1.00e-04, K=20/20)",3,periodavg_0870-0872,35.653333,-20.9719,5.3440,94.3059,79.1852,15.1206
"SoftPCA-F (alpha=1.00e-04, K=20/20)",3,periodavg_0870-0872,35.706667,-21.1244,2.7011,100.8638,79.1852,21.6786
"SoftPCA-F (alpha=1.00e-04, K=20/20)",3,periodavg_0870-0872,35.760000,-21.5157,3.9135,102.2198,79.1852,23.0346
"SoftPCA-F (alpha=1.00e-04, K=20/20)",3,periodavg_0870-0872,35.800000,-21.5283,4.4029,102.1788,79.1852,22.9936
"SoftPCA-F (alpha=1.00e-04, K=20/20)",3,periodavg_0870-0872,35.853333,-20.8492,2.5909,101.9065,79.1852,22.7213
"SoftPCA-F (alpha=1.00e-04, K=20/20)",3,periodavg_0870-0872,35.906667,-21.0888,3.1955,101.8265,79.1852,22.6413
"SoftPCA-F (alpha=1.00e-04, K=20/20)",3,periodavg_0870-0872,35.960000,-21.5003,4.5412,101.6437,79.1852,22.4584
"SoftPCA-F (alpha=1.00e-04, K=20/20)",3,periodavg_0870-0872,36.000000,-21.3404,4.4301,101.4040,79.1852,22.2188
"SoftPCA-F (alpha=1.00e-04, K=20/20)",3,periodavg_0870-0872,36.053333,-21.3478,4.4373,101.7618,79.1852,22.5766
"SoftPCA-F (alpha=1.00e-04, K=20/20)",3,periodavg_0870-0872,36.106667,-21.2101,3.8911,101.1309,79.1852,21.9456
"SoftPCA-F (alpha=1.00e-04, K=20/20)",3,periodavg_0870-0872,36.160000,-21.0367,4.1884,100.8449,79.1852,21.6597
"SoftPCA-F (alpha=1.00e-04, K=20/20)",3,periodavg_0870-0872,36.200000,-21.0515,5.5498,100.6970,79.1852,21.5118
"SoftPCA-F (alpha=1.00e-04, K=20/20)",3,periodavg_0870-0872,36.253333,-21.1522,4.5770,101.9754,79.1852,22.7901
"SoftPCA-F (alpha=1.00e-04, K=20/20)",3,periodavg_0870-0872,36.306667,-20.9382,4.6479,101.4856,79.1852,22.3003
"SoftPCA-F (alpha=1.00e-04, K=20/20)",3,periodavg_0870-0872,36.360000,-21.0840,4.3059,101.7950,79.1852,22.6098
"SoftPCA-F (alpha=1.00e-04, K=20/20)",3,periodavg_0870-0872,36.400000,-21.0130,4.6607,101.8330,79.1852,22.6478
"SoftPCA-F (alpha=1.00e-04, K=20/20)",3,periodavg_0870-0872,36.453333,-20.9462,5.8106,101.8678,79.1852,22.6825
"SoftPCA-F (alpha=1.00e-04, K=20/20)",3,periodavg_0870-0872,36.506667,-21.1638,3.6320,101.9709,79.1852,22.7857
"SoftPCA-F (alpha=1.00e-04, K=20/20)",3,periodavg_0870-0872,36.560000,-20.9783,3.6916,97.0734,79.1852,17.8881
"SoftPCA-F (alpha=1.00e-04, K=20/20)",3,periodavg_0870-0872,36.600000,-20.9390,3.7395,99.5624,79.1852,20.3772
"SoftPCA-F (alpha=1.00e-04, K=20/20)",3,periodavg_0870-0872,36.653333,-20.8347,4.0930,102.0852,79.1852,22.9000
"SoftPCA-F (alpha=1.00e-04, K=20/20)",3,periodavg_0870-0872,36.706667,-21.2919,3.0665,102.0624,79.1852,22.8772
"SoftPCA-F (alpha=1.00e-04, K=20/20)",3,periodavg_0870-0872,36.760000,-21.0280,4.3263,101.9930,79.1852,22.8078
"SoftPCA-F (alpha=1.00e-04, K=20/20)",3,periodavg_0870-0872,36.800000,-20.7584,2.9457,102.0082,79.1852,22.8230
"SoftPCA-F (alpha=1.00e-04, K=20/20)",3,periodavg_0870-0872,36.853333,-21.4344,3.8637,101.6803,79.1852,22.4950
"SoftPCA-F (alpha=1.00e-04, K=20/20)",3,periodavg_0870-0872,36.906667,-21.3179,3.6527,101.5517,79.1852,22.3665
"SoftPCA-F (alpha=1.00e-04, K=20/20)",3,periodavg_0870-0872,36.960000,-21.2308,4.1447,99.1131,79.1852,19.9278
"SoftPCA-F (alpha=1.00e-04, K=20/20)",3,periodavg_0870-0872,37.000000,-20.9610,4.2019,98.2339,79.1852,19.0487
"SoftPCA-F (alpha=1.00e-04, K=20/20)",3,periodavg_0870-0872,37.053333,-21.1211,4.7942,98.0202,79.1852,18.8350
"SoftPCA-F (alpha=1.00e-04, K=20/20)",3,periodavg_0870-0872,37.106667,-21.2203,4.8788,101.4056,79.1852,22.2203
"SoftPCA-F (alpha=1.00e-04, K=20/20)",3,periodavg_0870-0872,37.160000,-21.3292,3.4293,102.0542,79.1852,22.8690
"SoftPCA-F (alpha=1.00e-04, K=20/20)",3,periodavg_0870-0872,37.200000,-21.4323,3.4917,102.5435,79.1852,23.3583
"SoftPCA-F (alpha=1.00e-04, K=20/20)",3,periodavg_0870-0872,37.253333,-21.2846,3.5954,100.2362,79.1852,21.0509
"SoftPCA-F (alpha=1.00e-04, K=20/20)",3,periodavg_0870-0872,37.306667,-21.0863,5.7555,99.3901,79.1852,20.2049
"SoftPCA-F (alpha=1.00e-04, K=20/20)",3,periodavg_0870-0872,37.360000,-21.1547,3.6609,102.1941,79.1852,23.0089
"SoftPCA-F (alpha=1.00e-04, K=20/20)",3,periodavg_0870-0872,37.400000,-21.4958,3.4315,101.9438,79.1852,22.7585
"SoftPCA-F (alpha=1.00e-04, K=20/20)",3,periodavg_0870-0872,37.453333,-21.3985,4.0419,102.0431,79.1852,22.8579
"SoftPCA-F (alpha=1.00e-04, K=20/20)",3,periodavg_0870-0872,37.506667,-21.2660,2.9079,101.9857,79.1852,22.8004
"SoftPCA-F (alpha=1.00e-04, K=20/20)",3,periodavg_0870-0872,37.560000,-21.0485,5.4250,101.8541,79.1852,22.6688
"SoftPCA-F (alpha=1.00e-04, K=20/20)",3,periodavg_0870-0872,37.600000,-21.0102,2.8167,101.0966,79.1852,21.9113
"SoftPCA-F (alpha=1.00e-04, K=20/20)",3,periodavg_0870-0872,37.653333,-20.8934,3.4680,97.6483,79.1852,18.4631
"SoftPCA-F (alpha=1.00e-04, K=20/20)",3,periodavg_0870-0872,37.706667,-21.1067,4.3999,97.8414,79.1852,18.6562
"SoftPCA-F (alpha=1.00e-04, K=20/20)",3,periodavg_0870-0872,37.760000,-21.1386,4.2896,101.2685,79.1852,22.0833
"SoftPCA-F (alpha=1.00e-04, K=20/20)",3,periodavg_0870-0872,37.800000,-20.9916,6.2192,101.2626,79.1852,22.0774
"SoftPCA-F (alpha=1.00e-04, K=20/20)",3,periodavg_0870-0872,37.853333,-20.8567,3.5188,96.2407,79.1852,17.0555
"SoftPCA-F (alpha=1.00e-04, K=20/20)",3,periodavg_0870-0872,37.906667,-20.9463,3.6990,99.7686,79.1852,20.5833
"SoftPCA-F (alpha=1.00e-04, K=20/20)",3,periodavg_0870-0872,37.960000,-20.9677,4.4902,98.2469,79.1852,19.0617
"SoftPCA-F (alpha=1.00e-04, K=20/20)",3,periodavg_0870-0872,38.000000,-20.6872,4.5271,97.1292,79.1852,17.9440
"SoftPCA-F (alpha=1.00e-04, K=20/20)",3,periodavg_0870-0872,38.053333,-20.7135,5.0498,98.0933,79.1852,18.9081
"SoftPCA-F (alpha=1.00e-04, K=20/20)",3,periodavg_0870-0872,38.106667,-21.0013,4.0255,102.1165,79.1852,22.9312
"SoftPCA-F (alpha=1.00e-04, K=20/20)",3,periodavg_0870-0872,38.160000,-20.9682,3.7762,100.3414,79.1852,21.1562
"SoftPCA-F (alpha=1.00e-04, K=20/20)",3,periodavg_0870-0872,38.200000,-20.8638,3.9372,102.0662,79.1852,22.8809
"SoftPCA-F (alpha=1.00e-04, K=20/20)",3,periodavg_0870-0872,38.253333,-20.9162,5.1052,101.8090,79.1852,22.6238
"SoftPCA-F (alpha=1.00e-04, K=20/20)",3,periodavg_0870-0872,38.306667,-20.9151,5.4809,100.6225,79.1852,21.4373
"SoftPCA-F (alpha=1.00e-04, K=20/20)",3,periodavg_0870-0872,38.360000,-21.1793,3.5767,101.8750,79.1852,22.6898
"SoftPCA-F (alpha=1.00e-04, K=20/20)",3,periodavg_0870-0872,38.400000,-21.0803,4.7564,102.1288,79.1852,22.9436
"SoftPCA-F (alpha=1.00e-04, K=20/20)",3,periodavg_0870-0872,38.453333,-21.2596,4.5255,102.2186,79.1852,23.0333
"SoftPCA-F (alpha=1.00e-04, K=20/20)",3,periodavg_0870-0872,38.506667,-21.2356,3.3604,102.1236,79.1852,22.9384
"SoftPCA-F (alpha=1.00e-04, K=20/20)",3,periodavg_0870-0872,38.560000,-21.2229,3.2066,101.9192,79.1852,22.7339
"SoftPCA-F (alpha=1.00e-04, K=20/20)",3,periodavg_0870-0872,38.600000,-21.4345,3.8824,102.1026,79.1852,22.9174
"SoftPCA-F (alpha=1.00e-04, K=20/20)",3,periodavg_0870-0872,38.653333,-21.4147,5.2313,102.0443,79.1852,22.8590
"SoftPCA-F (alpha=1.00e-04, K=20/20)",3,periodavg_0870-0872,38.706667,-21.0495,3.7237,96.9682,79.1852,17.7829
"SoftPCA-F (alpha=1.00e-04, K=20/20)",3,periodavg_0870-0872,38.760000,-20.9121,3.9451,95.3386,79.1852,16.1534
"SoftPCA-F (alpha=1.00e-04, K=20/20)",3,periodavg_0870-0872,38.800000,-21.2510,3.8374,98.4212,79.1852,19.2360
"SoftPCA-F (alpha=1.00e-04, K=20/20)",3,periodavg_0870-0872,38.853333,-21.3913,2.9162,101.7721,79.1852,22.5869
"SoftPCA-F (alpha=1.00e-04, K=20/20)",3,periodavg_0870-0872,38.906667,-21.1519,4.7357,101.6565,79.1852,22.4713
"SoftPCA-F (alpha=1.00e-04, K=20/20)",3,periodavg_0870-0872,38.960000,-21.2796,4.6398,101.6571,79.1852,22.4718
"SoftPCA-F (alpha=1.00e-04, K=20/20)",3,periodavg_0870-0872,39.000000,-21.1768,5.0730,101.6875,79.1852,22.5022
"SoftPCA-F (alpha=1.00e-04, K=20/20)",3,periodavg_0870-0872,39.053333,-20.9241,4.3667,101.6617,79.1852,22.4764
"SoftPCA-F (alpha=1.00e-04, K=20/20)",3,periodavg_0870-0872,39.106667,-20.4230,4.0171,99.5018,79.1852,20.3165
"SoftPCA-F (alpha=1.00e-04, K=20/20)",3,periodavg_0870-0872,39.160000,-20.8908,2.8825,101.6840,79.1852,22.4988
"SoftPCA-F (alpha=1.00e-04, K=20/20)",3,periodavg_0870-0872,39.200000,-20.9876,3.4323,101.7847,79.1852,22.5994
"SoftPCA-F (alpha=1.00e-04, K=20/20)",3,periodavg_0870-0872,39.253333,-21.0360,4.3007,101.3702,79.1852,22.1850
"SoftPCA-F (alpha=1.00e-04, K=20/20)",3,periodavg_0870-0872,39.306667,-21.2417,4.1771,101.6759,79.1852,22.4907
"SoftPCA-F (alpha=1.00e-04, K=20/20)",3,periodavg_0870-0872,39.360000,-21.1697,4.3389,101.6279,79.1852,22.4427
"SoftPCA-F (alpha=1.00e-04, K=20/20)",3,periodavg_0870-0872,39.400000,-21.2145,3.5037,101.0735,79.1852,21.8882
"SoftPCA-F (alpha=1.00e-04, K=20/20)",3,periodavg_0870-0872,39.453333,-21.3551,4.5020,101.3799,79.1852,22.1946
"SoftPCA-F (alpha=1.00e-04, K=20/20)",3,periodavg_0870-0872,39.506667,-21.2497,4.5722,101.4129,79.1852,22.2277
"SoftPCA-F (alpha=1.00e-04, K=20/20)",3,periodavg_0870-0872,39.560000,-21.1656,5.3503,101.7406,79.1852,22.5554
"SoftPCA-F (alpha=1.00e-04, K=20/20)",3,periodavg_0870-0872,39.600000,-21.2371,4.3615,101.6661,79.1852,22.4808
"SoftPCA-F (alpha=1.00e-04, K=20/20)",3,periodavg_0870-0872,39.653333,-21.0268,3.5369,98.4754,79.1852,19.2902
"SoftPCA-F (alpha=1.00e-04, K=20/20)",3,periodavg_0870-0872,39.706667,-21.1548,3.3887,101.7225,79.1852,22.5372
"SoftPCA-F (alpha=1.00e-04, K=20/20)",3,periodavg_0870-0872,39.760000,-20.8231,3.9526,100.8615,79.1852,21.6762
"SoftPCA-F (alpha=1.00e-04, K=20/20)",3,periodavg_0870-0872,39.800000,-21.0376,4.7573,100.5911,79.1852,21.4059
"SoftPCA-F (alpha=1.00e-04, K=20/20)",3,periodavg_0870-0872,39.853333,-20.7730,4.9197,100.1337,79.1852,20.9485
"SoftPCA-F (alpha=1.00e-04, K=20/20)",3,periodavg_0870-0872,39.906667,-21.2414,3.6513,101.7987,79.1852,22.6134
"SoftPCA-F (alpha=1.00e-04, K=20/20)",3,periodavg_0870-0872,39.960000,-21.0183,3.8471,101.7276,79.1852,22.5423
"SoftPCA-F (alpha=1.00e-04, K=20/20)",3,periodavg_0870-0872,40.000000,-21.0968,3.7587,101.6923,79.1852,22.5071
"BlendPCA-F (w=0.50, K=20/20)",0,periodavg_1056-1058,0.013333,-5.2727,3.0980,85.8873,84.0444,1.8429
"BlendPCA-F (w=0.50, K=20/20)",0,periodavg_1056-1058,0.053333,-6.2900,2.8036,89.8212,84.0444,5.7768
"BlendPCA-F (w=0.50, K=20/20)",0,periodavg_1056-1058,0.106667,-6.7209,3.0168,90.6170,84.0444,6.5726
"BlendPCA-F (w=0.50, K=20/20)",0,periodavg_1056-1058,0.160000,-7.1655,3.0290,91.3260,84.0444,7.2816
"BlendPCA-F (w=0.50, K=20/20)",0,periodavg_1056-1058,0.200000,-7.6782,3.5453,91.3197,84.0444,7.2753
"BlendPCA-F (w=0.50, K=20/20)",0,periodavg_1056-1058,0.253333,-7.6848,2.0650,91.7429,84.0444,7.6985
"BlendPCA-F (w=0.50, K=20/20)",0,periodavg_1056-1058,0.306667,-8.4353,2.1015,92.7123,84.0444,8.6678
"BlendPCA-F (w=0.50, K=20/20)",0,periodavg_1056-1058,0.360000,-8.8402,2.9383,92.2770,84.0444,8.2326
"BlendPCA-F (w=0.50, K=20/20)",0,periodavg_1056-1058,0.400000,-9.0721,2.2825,92.5110,84.0444,8.4666
"BlendPCA-F (w=0.50, K=20/20)",0,periodavg_1056-1058,0.453333,-9.5871,1.8337,92.7393,84.0444,8.6949
"BlendPCA-F (w=0.50, K=20/20)",0,periodavg_1056-1058,0.506667,-9.5598,3.0462,92.9375,84.0444,8.8931
"BlendPCA-F (w=0.50, K=20/20)",0,periodavg_1056-1058,0.560000,-9.8928,3.1734,92.1210,84.0444,8.0766
"BlendPCA-F (w=0.50, K=20/20)",0,periodavg_1056-1058,0.600000,-10.2227,3.0074,92.4640,84.0444,8.4196
"BlendPCA-F (w=0.50, K=20/20)",0,periodavg_1056-1058,0.653333,-10.5568,2.5884,92.8746,84.0444,8.8302
"BlendPCA-F (w=0.50, K=20/20)",0,periodavg_1056-1058,0.706667,-11.1212,3.2099,93.1034,84.0444,9.0590
"BlendPCA-F (w=0.50, K=20/20)",0,periodavg_1056-1058,0.760000,-10.5670,3.0625,92.6227,84.0444,8.5783
"BlendPCA-F (w=0.50, K=20/20)",0,periodavg_1056-1058,0.800000,-11.1004,2.9732,92.8634,84.0444,8.8190
"BlendPCA-F (w=0.50, K=20/20)",0,periodavg_1056-1058,0.853333,-11.4953,1.8096,93.5825,84.0444,9.5381
"BlendPCA-F (w=0.50, K=20/20)",0,periodavg_1056-1058,0.906667,-11.7978,2.5730,94.0420,84.0444,9.9976
"BlendPCA-F (w=0.50, K=20/20)",0,periodavg_1056-1058,0.960000,-11.2717,3.9926,90.0378,84.0444,5.9934
"BlendPCA-F (w=0.50, K=20/20)",0,periodavg_1056-1058,1.000000,-11.5435,2.2758,93.2865,84.0444,9.2421
"BlendPCA-F (w=0.50, K=20/20)",0,periodavg_1056-1058,1.053333,-11.5416,2.8201,90.3917,84.0444,6.3473
"BlendPCA-F (w=0.50, K=20/20)",0,periodavg_1056-1058,1.106667,-11.6682,1.9881,91.8508,84.0444,7.8064
"BlendPCA-F (w=0.50, K=20/20)",0,periodavg_1056-1058,1.160000,-12.3577,2.8208,94.6540,84.0444,10.6096
"BlendPCA-F (w=0.50, K=20/20)",0,periodavg_1056-1058,1.200000,-11.6337,2.0645,91.0008,84.0444,6.9564
"BlendPCA-F (w=0.50, K=20/20)",0,periodavg_1056-1058,1.253333,-12.4922,2.8708,94.0965,84.0444,10.0521
"BlendPCA-F (w=0.50, K=20/20)",0,periodavg_1056-1058,1.306667,-11.8869,0.9007,88.8204,84.0444,4.7760
"BlendPCA-F (w=0.50, K=20/20)",0,periodavg_1056-1058,1.360000,-12.0747,2.5947,89.5381,84.0444,5.4937
"BlendPCA-F (w=0.50, K=20/20)",0,periodavg_1056-1058,1.400000,-13.0117,3.5549,94.6614,84.0444,10.6170
"BlendPCA-F (w=0.50, K=20/20)",0,periodavg_1056-1058,1.453333,-12.7398,2.9939,94.6685,84.0444,10.6241
"BlendPCA-F (w=0.50, K=20/20)",0,periodavg_1056-1058,1.506667,-12.9147,2.4594,94.5578,84.0444,10.5134
"BlendPCA-F (w=0.50, K=20/20)",0,periodavg_1056-1058,1.560000,-12.2811,3.3890,92.1300,84.0444,8.0856
"BlendPCA-F (w=0.50, K=20/20)",0,periodavg_1056-1058,1.600000,-12.6813,3.1412,95.1248,84.0444,11.0804
"BlendPCA-F (w=0.50, K=20/20)",0,periodavg_1056-1058,1.653333,-12.9057,2.0446,95.2787,84.0444,11.2343
"BlendPCA-F (w=0.50, K=20/20)",0,periodavg_1056-1058,1.706667,-13.2980,2.3746,95.4103,84.0444,11.3658
"BlendPCA-F (w=0.50, K=20/20)",0,periodavg_1056-1058,1.760000,-12.9797,2.3368,93.3761,84.0444,9.3317
"BlendPCA-F (w=0.50, K=20/20)",0,periodavg_1056-1058,1.800000,-13.4071,1.9520,94.3515,84.0444,10.3071
"BlendPCA-F (w=0.50, K=20/20)",0,periodavg_1056-1058,1.853333,-13.1292,3.4647,94.4307,84.0444,10.3863
"BlendPCA-F (w=0.50, K=20/20)",0,periodavg_1056-1058,1.906667,-13.7764,2.3672,96.5049,84.0444,12.4605
"BlendPCA-F (w=0.50, K=20/20)",0,periodavg_1056-1058,1.960000,-13.8556,3.3311,96.7724,84.0444,12.7280
"BlendPCA-F (w=0.50, K=20/20)",0,periodavg_1056-1058,2.000000,-13.8150,2.6333,95.6542,84.0444,11.6098
"BlendPCA-F (w=0.50, K=20/20)",0,periodavg_1056-1058,2.053333,-14.3142,2.8121,96.3791,84.0444,12.3347
"BlendPCA-F (w=0.50, K=20/20)",0,periodavg_1056-1058,2.106667,-13.9906,2.7479,94.3036,84.0444,10.2592
"BlendPCA-F (w=0.50, K=20/20)",0,periodavg_1056-1058,2.160000,-13.0882,2.6102,90.3617,84.0444,6.3173
"BlendPCA-F (w=0.50, K=20/20)",0,periodavg_1056-1058,2.200000,-12.7043,4.4723,91.9680,84.0444,7.9236
"BlendPCA-F (w=0.50, K=20/20)",0,periodavg_1056-1058,2.253333,-13.1972,2.5721,91.2938,84.0444,7.2494
"BlendPCA-F (w=0.50, K=20/20)",0,periodavg_1056-1058,2.306667,-13.5215,2.8193,90.9231,84.0444,6.8787
"BlendPCA-F (w=0.50, K=20/20)",0,periodavg_1056-1058,2.360000,-13.2062,3.7252,91.3239,84.0444,7.2795
"BlendPCA-F (w=0.50, K=20/20)",0,periodavg_1056-1058,2.400000,-13.3052,3.2537,93.6165,84.0444,9.5721
"BlendPCA-F (w=0.50, K=20/20)",0,periodavg_1056-1058,2.453333,-14.5533,1.2510,97.8872,84.0444,13.8428
"BlendPCA-F (w=0.50, K=20/20)",0,periodavg_1056-1058,2.506667,-13.3105,2.2285,90.1642,84.0444,6.1197
"BlendPCA-F (w=0.50, K=20/20)",0,periodavg_1056-1058,2.560000,-12.6495,1.6466,94.2446,84.0444,10.2002
"BlendPCA-F (w=0.50, K=20/20)",0,periodavg_1056-1058,2.600000,-14.0777,2.3929,97.3007,84.0444,13.2563
"BlendPCA-F (w=0.50, K=20/20)",0,periodavg_1056-1058,2.653333,-13.7121,2.7217,93.5572,84.0444,9.5128
"BlendPCA-F (w=0.50, K=20/20)",0,periodavg_1056-1058,2.706667,-14.7023,1.9702,97.6713,84.0444,13.6269
"BlendPCA-F (w=0.50, K=20/20)",0,periodavg_1056-1058,2.760000,-14.4282,2.2955,97.7248,84.0444,13.6804
"BlendPCA-F (w=0.50, K=20/20)",0,periodavg_1056-1058,2.800000,-13.9303,3.5890,96.6573,84.0444,12.6129
"BlendPCA-F (w=0.50, K=20/20)",0,periodavg_1056-1058,2.853333,-13.7080,3.7663,92.9550,84.0444,8.9106
"BlendPCA-F (w=0.50, K=20/20)",0,periodavg_1056-1058,2.906667,-14.1961,3.7060,95.2668,84.0444,11.2224
"BlendPCA-F (w=0.50, K=20/20)",0,periodavg_1056-1058,2.960000,-14.0634,2.0374,97.7102,84.0444,13.6658
"BlendPCA-F (w=0.50, K=20/20)",0,periodavg_1056-1058,3.000000,-14.5160,2.5944,95.0691,84.0444,11.0247
"BlendPCA-F (w=0.50, K=20/20)",0,periodavg_1056-1058,3.053333,-14.4722,3.1489,97.3703,84.0444,13.3259
"BlendPCA-F (w=0.50, K=20/20)",0,periodavg_1056-1058,3.106667,-13.7692,2.7023,97.4531,84.0444,13.4087
"BlendPCA-F (w=0.50, K=20/20)",0,periodavg_1056-1058,3.160000,-14.7314,1.9027,98.6583,84.0444,14.6138
"BlendPCA-F (w=0.50, K=20/20)",0,periodavg_1056-1058,3.200000,-14.5997,2.8929,97.0104,84.0444,12.9660
"BlendPCA-F (w=0.50, K=20/20)",0,periodavg_1056-1058,3.253333,-14.5785,2.5893,98.7892,84.0444,14.7448
"BlendPCA-F (w=0.50, K=20/20)",0,periodavg_1056-1058,3.306667,-14.4184,2.6982,95.5946,84.0444,11.5502
"BlendPCA-F (w=0.50, K=20/20)",0,periodavg_1056-1058,3.360000,-13.6344,2.6607,90.2672,84.0444,6.2228
"BlendPCA-F (w=0.50, K=20/20)",0,periodavg_1056-1058,3.400000,-14.1778,2.7047,94.2584,84.0444,10.2140
"BlendPCA-F (w=0.50, K=20/20)",0,periodavg_1056-1058,3.453333,-14.6155,1.9808,98.6007,84.0444,14.5563
"BlendPCA-F (w=0.50, K=20/20)",0,periodavg_1056-1058,3.506667,-13.4793,3.2272,93.1367,84.0444,9.0923
"BlendPCA-F (w=0.50, K=20/20)",0,periodavg_1056-1058,3.560000,-14.1416,3.7351,94.6876,84.0444,10.6432
"BlendPCA-F (w=0.50, K=20/20)",0,periodavg_1056-1058,3.600000,-14.9565,1.6146,98.3984,84.0444,14.3540
"BlendPCA-F (w=0.50, K=20/20)",0,periodavg_1056-1058,3.653333,-14.0866,2.9752,93.6141,84.0444,9.5697
"BlendPCA-F (w=0.50, K=20/20)",0,periodavg_1056-1058,3.706667,-14.9083,2.5000,98.9331,84.0444,14.8887
"BlendPCA-F (w=0.50, K=20/20)",0,periodavg_1056-1058,3.760000,-14.2736,2.4881,94.0128,84.0444,9.9684
"BlendPCA-F (w=0.50, K=20/20)",0,periodavg_1056-1058,3.800000,-14.2318,2.7748,93.9323,84.0444,9.8879
"BlendPCA-F (w=0.50, K=20/20)",0,periodavg_1056-1058,3.853333,-14.7570,2.9359,93.9672,84.0444,9.9228
"BlendPCA-F (w=0.50, K=20/20)",0,periodavg_1056-1058,3.906667,-14.3207,2.0422,99.3792,84.0444,15.3347
"BlendPCA-F (w=0.50, K=20/20)",0,periodavg_1056-1058,3.960000,-13.5006,2.2001,96.9956,84.0444,12.9512
"BlendPCA-F (w=0.50, K=20/20)",0,periodavg_1056-1058,4.000000,-14.2478,2.0588,95.1850,84.0444,11.1406
"BlendPCA-F (w=0.50, K=20/20)",0,periodavg_1056-1058,4.053333,-14.5171,2.1745,92.8790,84.0444,8.8346
"BlendPCA-F (w=0.50, K=20/20)",0,periodavg_1056-1058,4.106667,-14.3745,2.2781,90.7878,84.0444,6.7434
"BlendPCA-F (w=0.50, K=20/20)",0,periodavg_1056-1058,4.160000,-14.7591,2.5236,93.5230,84.0444,9.4786
"BlendPCA-F (w=0.50, K=20/20)",0,periodavg_1056-1058,4.200000,-14.1327,2.3852,94.4801,84.0444,10.4357
"BlendPCA-F (w=0.50, K=20/20)",0,periodavg_1056-1058,4.253333,-13.5283,2.7124,90.5652,84.0444,6.5208
"BlendPCA-F (w=0.50, K=20/20)",0,periodavg_1056-1058,4.306667,-11.9742,2.7470,86.3630,84.0444,2.3186
"BlendPCA-F (w=0.50, K=20/20)",0,periodavg_1056-1058,4.360000,-13.8967,2.4623,92.5149,84.0444,8.4705
"BlendPCA-F (w=0.50, K=20/20)",0,periodavg_1056-1058,4.400000,-14.2814,2.9102,95.0875,84.0444,11.0431
"BlendPCA-F (w=0.50, K=20/20)",0,periodavg_1056-1058,4.453333,-14.3623,3.2586,94.9249,84.0444,10.8805
"BlendPCA-F (w=0.50, K=20/20)",0,periodavg_1056-1058,4.506667,-14.6510,2.9589,99.3376,84.0444,15.2932
"BlendPCA-F (w=0.50, K=20/20)",0,periodavg_1056-1058,4.560000,-13.2888,3.2729,94.0258,84.0444,9.9814
"BlendPCA-F (w=0.50, K=20/20)",0,periodavg_1056-1058,4.600000,-14.9498,2.0598,98.2708,84.0444,14.2264
"BlendPCA-F (w=0.50, K=20/20)",0,periodavg_1056-1058,4.653333,-13.7382,3.7718,96.6253,84.0444,12.5809
"BlendPCA-F (w=0.50, K=20/20)",0,periodavg_1056-1058,4.706667,-13.3730,3.2529,96.8976,84.0444,12.8532
"BlendPCA-F (w=0.50, K=20/20)",0,periodavg_1056-1058,4.760000,-13.9735,3.2768,95.4556,84.0444,11.4112
"BlendPCA-F (w=0.50, K=20/20)",0,periodavg_1056-1058,4.800000,-12.6022,4.1511,87.8556,84.0444,3.8112
"BlendPCA-F (w=0.50, K=20/20)",0,periodavg_1056-1058,4.853333,-12.1880,3.2614,88.7865,84.0444,4.7421
"BlendPCA-F (w=0.50, K=20/20)",0,periodavg_1056-1058,4.906667,-14.2041,2.3691,97.6052,84.0444,13.5607
"BlendPCA-F (w=0.50, K=20/20)",0,periodavg_1056-1058,4.960000,-14.4380,2.2581,100.2836,84.0444,16.2392
"BlendPCA-F (w=0.50, K=20/20)",0,periodavg_1056-1058,5.000000,-14.2180,2.7004,100.0530,84.0444,16.0086
"BlendPCA-F (w=0.50, K=20/20)",0,periodavg_1056-1058,5.053333,-14.0264,2.0878,96.7676,84.0444,12.7232
"BlendPCA-F (w=0.50, K=20/20)",0,periodavg_1056-1058,5.106667,-14.1645,2.7497,100.3694,84.0444,16.3250
"BlendPCA-F (w=0.50, K=20/20)",0,periodavg_1056-1058,5.160000,-13.9076,1.6446,92.6321,84.0444,8.5877
"BlendPCA-F (w=0.50, K=20/20)",0,periodavg_1056-1058,5.200000,-13.5178,2.6051,93.6242,84.0444,9.5798
"BlendPCA-F (w=0.50, K=20/20)",0,periodavg_1056-1058,5.253333,-13.9136,3.5017,97.7440,84.0444,13.6996
"BlendPCA-F (w=0.50, K=20/20)",0,periodavg_1056-1058,5.306667,-14.2193,2.0990,96.0826,84.0444,12.0382
"BlendPCA-F (w=0.50, K=20/20)",0,periodavg_1056-1058,5.360000,-14.9757,3.0851,98.6976,84.0444,14.6532
"BlendPCA-F (w=0.50, K=20/20)",0,periodavg_1056-1058,5.400000,-14.6768,2.2723,101.2990,84.0444,17.2546
"BlendPCA-F (w=0.50, K=20/20)",0,periodavg_1056-1058,5.453333,-13.9638,1.5557,95.8766,84.0444,11.8322
"BlendPCA-F (w=0.50, K=20/20)",0,periodavg_1056-1058,5.506667,-15.1935,3.1623,99.4958,84.0444,15.4514
"BlendPCA-F (w=0.50, K=20/20)",0,periodavg_1056-1058,5.560000,-14.7076,2.3627,95.0962,84.0444,11.0518
"BlendPCA-F (w=0.50, K=20/20)",0,periodavg_1056-1058,5.600000,-13.5587,3.4557,91.0380,84.0444,6.9936
"BlendPCA-F (w=0.50, K=20/20)",0,periodavg_1056-1058,5.653333,-14.1004,2.8049,95.3204,84.0444,11.2760
"BlendPCA-F (w=0.50, K=20/20)",0,periodavg_1056-1058,5.706667,-14.6559,3.0298,93.8992,84.0444,9.8548
"BlendPCA-F (w=0.50, K=20/20)",0,periodavg_1056-1058,5.760000,-14.2653,2.2111,93.2763,84.0444,9.2319
"BlendPCA-F (w=0.50, K=20/20)",0,periodavg_1056-1058,5.800000,-14.3766,2.3272,96.2747,84.0444,12.2303
"BlendPCA-F (w=0.50, K=20/20)",0,periodavg_1056-1058,5.853333,-14.9548,2.9259,100.2150,84.0444,16.1706
"BlendPCA-F (w=0.50, K=20/20)",0,periodavg_1056-1058,5.906667,-14.8214,2.0293,100.3483,84.0444,16.3039
"BlendPCA-F (w=0.50, K=20/20)",0,periodavg_1056-1058,5.960000,-15.1625,2.2183,94.9018,84.0444,10.8574
"BlendPCA-F (w=0.50, K=20/20)",0,periodavg_1056-1058,6.000000,-14.8469,2.8282,99.5940,84.0444,15.5496
"BlendPCA-F (w=0.50, K=20/20)",0,periodavg_1056-1058,6.053333,-14.0323,2.8813,97.9256,84.0444,13.8812
"BlendPCA-F (w=0.50, K=20/20)",0,periodavg_1056-1058,6.106667,-14.0442,2.3352,96.0777,84.0444,12.0333
"BlendPCA-F (w=0.50, K=20/20)",0,periodavg_1056-1058,6.160000,-14.9046,2.6813,100.9732,84.0444,16.9288
"BlendPCA-F (w=0.50, K=20/20)",0,periodavg_1056-1058,6.200000,-14.6198,2.1616,96.2464,84.0444,12.2020
"BlendPCA-F (w=0.50, K=20/20)",0,periodavg_1056-1058,6.253333,-15.1727,2.6694,99.0664,84.0444,15.0220
"BlendPCA-F (w=0.50, K=20/20)",0,periodavg_1056-1058,6.306667,-14.4087,3.0759,97.6468,84.0444,13.6024
"BlendPCA-F (w=0.50, K=20/20)",0,periodavg_1056-1058,6.360000,-14.8757,3.0589,97.0296,84.0444,12.9852
"BlendPCA-F (w=0.50, K=20/20)",0,periodavg_1056-1058,6.400000,-13.9928,2.7296,91.7008,84.0444,7.6564
"BlendPCA-F (w=0.50, K=20/20)",0,periodavg_1056-1058,6.453333,-14.5849,2.6441,94.6259,84.0444,10.5815
"BlendPCA-F (w=0.50, K=20/20)",0,periodavg_1056-1058,6.506667,-14.9931,2.3594,95.8885,84.0444,11.8441
"BlendPCA-F (w=0.50, K=20/20)",0,periodavg_1056-1058,6.560000,-14.2468,3.2676,96.0731,84.0444,12.0287
"BlendPCA-F (w=0.50, K=20/20)",0,periodavg_1056-1058,6.600000,-14.5993,2.6745,95.9987,84.0444,11.9543
"BlendPCA-F (w=0.50, K=20/20)",0,periodavg_1056-1058,6.653333,-15.1864,3.5100,98.6832,84.0444,14.6388
"BlendPCA-F (w=0.50, K=20/20)",0,periodavg_1056-1058,6.706667,-14.8271,2.7820,94.4040,84.0444,10.3596
"BlendPCA-F (w=0.50, K=20/20)",0,periodavg_1056-1058,6.760000,-15.1406,2.4111,98.8426,84.0444,14.7981
"BlendPCA-F (w=0.50, K=20/20)",0,periodavg_1056-1058,6.800000,-13.9201,2.3857,97.0425,84.0444,12.9981
"BlendPCA-F (w=0.50, K=20/20)",0,periodavg_1056-1058,6.853333,-14.2933,2.9686,100.2584,84.0444,16.2140
"BlendPCA-F (w=0.50, K=20/20)",0,periodavg_1056-1058,6.906667,-14.2297,2.5159,92.1813,84.0444,8.1369
"BlendPCA-F (w=0.50, K=20/20)",0,periodavg_1056-1058,6.960000,-14.8582,3.1047,98.3057,84.0444,14.2612
"BlendPCA-F (w=0.50, K=20/20)",0,periodavg_1056-1058,7.000000,-14.3997,3.7499,97.7029,84.0444,13.6585
"BlendPCA-F (w=0.50, K=20/20)",0,periodavg_1056-1058,7.053333,-14.2937,2.2850,97.4778,84.0444,13.4333
"BlendPCA-F (w=0.50, K=20/20)",0,periodavg_1056-1058,7.106667,-14.3881,2.5497,91.7522,84.0444,7.7078
"BlendPCA-F (w=0.50, K=20/20)",0,periodavg_1056-1058,7.160000,-13.2391,2.1988,92.8923,84.0444,8.8479
"BlendPCA-F (w=0.50, K=20/20)",0,periodavg_1056-1058,7.200000,-14.0788,1.7053,94.3224,84.0444,10.2780
"BlendPCA-F (w=0.50, K=20/20)",0,periodavg_1056-1058,7.253333,-14.8245,3.1715,100.2063,84.0444,16.1619
"BlendPCA-F (w=0.50, K=20/20)",0,periodavg_1056-1058,7.306667,-13.8266,1.9909,95.4842,84.0444,11.4398
"BlendPCA-F (w=0.50, K=20/20)",0,periodavg_1056-1058,7.360000,-14.9953,2.3269,99.0743,84.0444,15.0299
"BlendPCA-F (w=0.50, K=20/20)",0,periodavg_1056-1058,7.400000,-14.5724,2.7352,99.2970,84.0444,15.2526
"BlendPCA-F (w=0.50, K=20/20)",0,periodavg_1056-1058,7.453333,-14.4595,2.8365,97.3942,84.0444,13.3498
"BlendPCA-F (w=0.50, K=20/20)",0,periodavg_1056-1058,7.506667,-13.4361,2.9367,98.6220,84.0444,14.5776
"BlendPCA-F (w=0.50, K=20/20)",0,periodavg_1056-1058,7.560000,-12.9190,3.6013,99.6014,84.0444,15.5570
"BlendPCA-F (w=0.50, K=20/20)",0,periodavg_1056-1058,7.600000,-14.1161,1.1702,99.0062,84.0444,14.9618
"BlendPCA-F (w=0.50, K=20/20)",0,periodavg_1056-1058,7.653333,-14.2670,3.1160,97.3270,84.0444,13.2826
"BlendPCA-F (w=0.50, K=20/20)",0,periodavg_1056-1058,7.706667,-14.3766,2.7923,97.4387,84.0444,13.3943
"BlendPCA-F (w=0.50, K=20/20)",0,periodavg_1056-1058,7.760000,-14.9000,2.6202,99.9903,84.0444,15.9459
"BlendPCA-F (w=0.50, K=20/20)",0,periodavg_1056-1058,7.800000,-15.0920,3.5653,98.5360,84.0444,14.4916
"BlendPCA-F (w=0.50, K=20/20)",0,periodavg_1056-1058,7.853333,-15.1809,1.6234,97.3525,84.0444,13.3081
"BlendPCA-F (w=0.50, K=20/20)",0,periodavg_1056-1058,7.906667,-15.0183,2.7842,100.8246,84.0444,16.7802
"BlendPCA-F (w=0.50, K=20/20)",0,periodavg_1056-1058,7.960000,-14.2185,3.5844,96.0622,84.0444,12.0178
"BlendPCA-F (w=0.50, K=20/20)",0,periodavg_1056-1058,8.000000,-13.6241,3.4233,94.8571,84.0444,10.8127
"BlendPCA-F (w=0.50, K=20/20)",0,periodavg_1056-1058,8.053333,-15.2009,1.9659,100.9792,84.0444,16.9348
"BlendPCA-F (w=0.50, K=20/20)",0,periodavg_1056-1058,8.106667,-15.1543,2.8192,99.9450,84.0444,15.9006
"BlendPCA-F (w=0.50, K=20/20)",0,periodavg_1056-1058,8.160000,-15.3448,1.7220,97.7746,84.0444,13.7302
"BlendPCA-F (w=0.50, K=20/20)",0,periodavg_1056-1058,8.200000,-14.7608,3.4503,97.3835,84.0444,13.3391
"BlendPCA-F (w=0.50, K=20/20)",0,periodavg_1056-1058,8.253333,-13.0117,3.4362,88.8244,84.0444,4.7800
"BlendPCA-F (w=0.50, K=20/20)",0,periodavg_1056-1058,8.306667,-14.3574,2.9567,94.5809,84.0444,10.5364
"BlendPCA-F (w=0.50, K=20/20)",0,periodavg_1056-1058,8.360000,-13.4755,3.0493,94.0090,84.0444,9.9646
"BlendPCA-F (w=0.50, K=20/20)",0,periodavg_1056-1058,8.400000,-15.5017,1.2001,98.9157,84.0444,14.8713
"BlendPCA-F (w=0.50, K=20/20)",0,periodavg_1056-1058,8.453333,-14.9733,2.8866,98.8924,84.0444,14.8480
"BlendPCA-F (w=0.50, K=20/20)",0,periodavg_1056-1058,8.506667,-14.5785,2.3595,91.5394,84.0444,7.4950
"BlendPCA-F (w=0.50, K=20/20)",0,periodavg_1056-1058,8.560000,-14.6037,2.8389,97.8311,84.0444,13.7867
"BlendPCA-F (w=0.50, K=20/20)",0,periodavg_1056-1058,8.600000,-14.8835,3.4244,93.6154,84.0444,9.5710
"BlendPCA-F (w=0.50, K=20/20)",0,periodavg_1056-1058,8.653333,-14.3507,1.7208,100.4771,84.0444,16.4327
"BlendPCA-F (w=0.50, K=20/20)",0,periodavg_1056-1058,8.706667,-14.0665,3.0419,96.5793,84.0444,12.5349
"BlendPCA-F (w=0.50, K=20/20)",0,periodavg_1056-1058,8.760000,-12.8085,4.2142,91.4347,84.0444,7.3903
"BlendPCA-F (w=0.50, K=20/20)",0,periodavg_1056-1058,8.800000,-14.5576,1.1765,95.1052,84.0444,11.0608
"BlendPCA-F (w=0.50, K=20/20)",0,periodavg_1056-1058,8.853333,-14.4856,2.4708,99.8322,84.0444,15.7878
"BlendPCA-F (w=0.50, K=20/20)",0,periodavg_1056-1058,8.906667,-12.4622,2.8949,92.6947,84.0444,8.6503
"BlendPCA-F (w=0.50, K=20/20)",0,periodavg_1056-1058,8.960000,-14.4148,2.1591,98.6820,84.0444,14.6376
"BlendPCA-F (w=0.50, K=20/20)",0,periodavg_1056-1058,9.000000,-14.5666,2.6280,99.4345,84.0444,15.3901
"BlendPCA-F (w=0.50, K=20/20)",0,periodavg_1056-1058,9.053333,-14.4738,2.2142,96.9216,84.0444,12.8772
"BlendPCA-F (w=0.50, K=20/20)",0,periodavg_1056-1058,9.106667,-14.5085,2.9430,96.2902,84.0444,12.2458
"BlendPCA-F (w=0.50, K=20/20)",0,periodavg_1056-1058,9.160000,-14.8312,2.9515,97.5518,84.0444,13.5074
"BlendPCA-F (w=0.50, K=20/20)",0,periodavg_1056-1058,9.200000,-14.5419,2.6050,95.4624,84.0444,11.4180
"BlendPCA-F (w=0.50, K=20/20)",0,periodavg_1056-1058,9.253333,-15.1675,2.7300,99.4990,84.0444,15.4546
"BlendPCA-F (w=0.50, K=20/20)",0,periodavg_1056-1058,9.306667,-15.1703,2.5337,97.9931,84.0444,13.9487
"BlendPCA-F (w=0.50, K=20/20)",0,periodavg_1056-1058,9.360000,-15.1542,3.4756,98.8235,84.0444,14.7791
"BlendPCA-F (w=0.50, K=20/20)",0,periodavg_1056-1058,9.400000,-14.9214,3.4986,98.1238,84.0444,14.0794
"BlendPCA-F (w=0.50, K=20/20)",0,periodavg_1056-1058,9.453333,-14.0671,2.7869,100.3442,84.0444,16.2998
"BlendPCA-F (w=0.50, K=20/20)",0,periodavg_1056-1058,9.506667,-15.3431,2.0802,100.1279,84.0444,16.0834
"BlendPCA-F (w=0.50, K=20/20)",0,periodavg_1056-1058,9.560000,-14.6462,2.9204,100.0764,84.0444,16.0320
"BlendPCA-F (w=0.50, K=20/20)",0,periodavg_1056-1058,9.600000,-14.2400,4.2574,99.0576,84.0444,15.0132
"BlendPCA-F (w=0.50, K=20/20)",0,periodavg_1056-1058,9.653333,-13.3595,2.5000,96.8129,84.0444,12.7685
"BlendPCA-F (w=0.50, K=20/20)",0,periodavg_1056-1058,9.706667,-14.9792,2.5379,99.7592,84.0444,15.7147
"BlendPCA-F (w=0.50, K=20/20)",0,periodavg_1056-1058,9.760000,-14.6005,2.5168,95.8156,84.0444,11.7711
"BlendPCA-F (w=0.50, K=20/20)",0,periodavg_1056-1058,9.800000,-13.6987,3.5602,91.6601,84.0444,7.6157
"BlendPCA-F (w=0.50, K=20/20)",0,periodavg_1056-1058,9.853333,-14.9682,1.9157,99.4307,84.0444,15.3863
"BlendPCA-F (w=0.50, K=20/20)",0,periodavg_1056-1058,9.906667,-14.5765,2.6154,96.5263,84.0444,12.4819
"BlendPCA-F (w=0.50, K=20/20)",0,periodavg_1056-1058,9.960000,-14.9128,2.8241,99.2417,84.0444,15.1973
"BlendPCA-F (w=0.50, K=20/20)",0,periodavg_1056-1058,10.000000,-15.0612,2.9854,95.9902,84.0444,11.9458
"BlendPCA-F (w=0.50, K=20/20)",1,periodavg_0783-0785,10.013333,1.2038,-6.2520,88.0771,83.1503,4.9269
"BlendPCA-F (w=0.50, K=20/20)",1,periodavg_0783-0785,10.053333,-0.8911,2.0157,90.2416,83.1503,7.0914
"BlendPCA-F (w=0.50, K=20/20)",1,periodavg_0783-0785,10.106667,-2.4232,2.5926,91.4009,83.1503,8.2506
"BlendPCA-F (w=0.50, K=20/20)",1,periodavg_0783-0785,10.160000,-3.6186,1.7065,92.8130,83.1503,9.6628
"BlendPCA-F (w=0.50, K=20/20)",1,periodavg_0783-0785,10.200000,-4.0483,2.6608,93.4090,83.1503,10.2587
"BlendPCA-F (w=0.50, K=20/20)",1,periodavg_0783-0785,10.253333,-5.2179,2.4853,93.8004,83.1503,10.6502
"BlendPCA-F (w=0.50, K=20/20)",1,periodavg_0783-0785,10.306667,-5.5429,2.1567,94.2182,83.1503,11.0680
"BlendPCA-F (w=0.50, K=20/20)",1,periodavg_0783-0785,10.360000,-6.2269,2.3188,94.6783,83.1503,11.5280
"BlendPCA-F (w=0.50, K=20/20)",1,periodavg_0783-0785,10.400000,-6.8075,2.6878,95.0045,83.1503,11.8542
"BlendPCA-F (w=0.50, K=20/20)",1,periodavg_0783-0785,10.453333,-6.8100,1.5230,94.8778,83.1503,11.7275
"BlendPCA-F (w=0.50, K=20/20)",1,periodavg_0783-0785,10.506667,-7.6767,1.7889,95.2582,83.1503,12.1080
"BlendPCA-F (w=0.50, K=20/20)",1,periodavg_0783-0785,10.560000,-7.5949,2.8898,94.8782,83.1503,11.7280
"BlendPCA-F (w=0.50, K=20/20)",1,periodavg_0783-0785,10.600000,-7.6848,1.2476,95.4184,83.1503,12.2682
"BlendPCA-F (w=0.50, K=20/20)",1,periodavg_0783-0785,10.653333,-8.0444,2.6149,93.1921,83.1503,10.0419
"BlendPCA-F (w=0.50, K=20/20)",1,periodavg_0783-0785,10.706667,-8.5277,2.3500,96.1296,83.1503,12.9793
"BlendPCA-F (w=0.50, K=20/20)",1,periodavg_0783-0785,10.760000,-8.3683,2.4110,95.9177,83.1503,12.7675
"BlendPCA-F (w=0.50, K=20/20)",1,periodavg_0783-0785,10.800000,-8.5342,1.3299,96.2727,83.1503,13.1224
"BlendPCA-F (w=0.50, K=20/20)",1,periodavg_0783-0785,10.853333,-8.1435,1.3932,88.3262,83.1503,5.1759
"BlendPCA-F (w=0.50, K=20/20)",1,periodavg_0783-0785,10.906667,-8.7562,1.9167,92.3445,83.1503,9.1942
"BlendPCA-F (w=0.50, K=20/20)",1,periodavg_0783-0785,10.960000,-9.1996,2.5685,97.2692,83.1503,14.1190
"BlendPCA-F (w=0.50, K=20/20)",1,periodavg_0783-0785,11.000000,-9.0756,2.7906,97.0903,83.1503,13.9400
"BlendPCA-F (w=0.50, K=20/20)",1,periodavg_0783-0785,11.053333,-9.2466,2.0444,97.6830,83.1503,14.5327
"BlendPCA-F (w=0.50, K=20/20)",1,periodavg_0783-0785,11.106667,-8.7508,3.2741,93.5320,83.1503,10.3818
"BlendPCA-F (w=0.50, K=20/20)",1,periodavg_0783-0785,11.160000,-9.9252,1.9338,98.5098,83.1503,15.3595
"BlendPCA-F (w=0.50, K=20/20)",1,periodavg_0783-0785,11.200000,-9.4294,3.1993,95.3516,83.1503,12.2013
"BlendPCA-F (w=0.50, K=20/20)",1,periodavg_0783-0785,11.253333,-9.6966,1.1951,94.5216,83.1503,11.3713
"BlendPCA-F (w=0.50, K=20/20)",1,periodavg_0783-0785,11.306667,-9.0048,2.8037,96.4464,83.1503,13.2962
"BlendPCA-F (w=0.50, K=20/20)",1,periodavg_0783-0785,11.360000,-9.4623,2.0170,97.3762,83.1503,14.2260
"BlendPCA-F (w=0.50, K=20/20)",1,periodavg_0783-0785,11.400000,-10.3734,2.6570,98.3949,83.1503,15.2447
"BlendPCA-F (w=0.50, K=20/20)",1,periodavg_0783-0785,11.453333,-9.0217,2.9367,98.4621,83.1503,15.3119
"BlendPCA-F (w=0.50, K=20/20)",1,periodavg_0783-0785,11.506667,-9.9150,1.0768,93.7086,83.1503,10.5583
"BlendPCA-F (w=0.50, K=20/20)",1,periodavg_0783-0785,11.560000,-9.1550,2.7360,92.8224,83.1503,9.6721
"BlendPCA-F (w=0.50, K=20/20)",1,periodavg_0783-0785,11.600000,-7.7352,3.3950,85.7509,83.1503,2.6006
"BlendPCA-F (w=0.50, K=20/20)",1,periodavg_0783-0785,11.653333,-10.0673,2.2112,98.1511,83.1503,15.0008
"BlendPCA-F (w=0.50, K=20/20)",1,periodavg_0783-0785,11.706667,-9.7301,3.3337,98.0198,83.1503,14.8696
"BlendPCA-F (w=0.50, K=20/20)",1,periodavg_0783-0785,11.760000,-9.2926,2.1760,94.2685,83.1503,11.1182
"BlendPCA-F (w=0.50, K=20/20)",1,periodavg_0783-0785,11.800000,-8.7267,2.5457,95.4446,83.1503,12.2944
"BlendPCA-F (w=0.50, K=20/20)",1,periodavg_0783-0785,11.853333,-8.5471,3.3651,95.8564,83.1503,12.7061
"BlendPCA-F (w=0.50, K=20/20)",1,periodavg_0783-0785,11.906667,-9.5275,1.0005,95.2060,83.1503,12.0558
"BlendPCA-F (w=0.50, K=20/20)",1,periodavg_0783-0785,11.960000,-10.8946,1.5269,94.5063,83.1503,11.3560
"BlendPCA-F (w=0.50, K=20/20)",1,periodavg_0783-0785,12.000000,-11.0117,2.2967,100.8309,83.1503,17.6806
"BlendPCA-F (w=0.50, K=20/20)",1,periodavg_0783-0785,12.053333,-10.1244,1.4704,91.9011,83.1503,8.7508
"BlendPCA-F (w=0.50, K=20/20)",1,periodavg_0783-0785,12.106667,-10.9449,1.2296,93.2612,83.1503,10.1109
"BlendPCA-F (w=0.50, K=20/20)",1,periodavg_0783-0785,12.160000,-10.2402,2.2551,93.5158,83.1503,10.3655
"BlendPCA-F (w=0.50, K=20/20)",1,periodavg_0783-0785,12.200000,-9.6212,1.7793,92.6876,83.1503,9.5374
"BlendPCA-F (w=0.50, K=20/20)",1,periodavg_0783-0785,12.253333,-9.9429,2.3856,92.1378,83.1503,8.9875
"BlendPCA-F (w=0.50, K=20/20)",1,periodavg_0783-0785,12.306667,-9.8494,2.2680,98.4917,83.1503,15.3414
"BlendPCA-F (w=0.50, K=20/20)",1,periodavg_0783-0785,12.360000,-9.0564,2.7233,100.3697,83.1503,17.2194
"BlendPCA-F (w=0.50, K=20/20)",1,periodavg_0783-0785,12.400000,-11.0231,2.5455,101.1970,83.1503,18.0467
"BlendPCA-F (w=0.50, K=20/20)",1,periodavg_0783-0785,12.453333,-9.0945,1.3863,96.0253,83.1503,12.8750
"BlendPCA-F (w=0.50, K=20/20)",1,periodavg_0783-0785,12.506667,-9.7609,1.5671,95.0951,83.1503,11.9448
"BlendPCA-F (w=0.50, K=20/20)",1,periodavg_0783-0785,12.560000,-10.5924,2.4731,100.0755,83.1503,16.9253
"BlendPCA-F (w=0.50, K=20/20)",1,periodavg_0783-0785,12.600000,-10.0871,1.8467,90.2276,83.1503,7.0774
"BlendPCA-F (w=0.50, K=20/20)",1,periodavg_0783-0785,12.653333,-9.3720,0.6376,88.9112,83.1503,5.7610
"BlendPCA-F (w=0.50, K=20/20)",1,periodavg_0783-0785,12.706667,-8.2964,0.9334,88.2844,83.1503,5.1341
"BlendPCA-F (w=0.50, K=20/20)",1,periodavg_0783-0785,12.760000,-9.1122,2.8299,97.3568,83.1503,14.2066
"BlendPCA-F (w=0.50, K=20/20)",1,periodavg_0783-0785,12.800000,-10.3359,2.8328,101.3959,83.1503,18.2456
"BlendPCA-F (w=0.50, K=20/20)",1,periodavg_0783-0785,12.853333,-11.0032,1.2728,94.6549,83.1503,11.5047
"BlendPCA-F (w=0.50, K=20/20)",1,periodavg_0783-0785,12.906667,-10.6686,2.7555,96.9800,83.1503,13.8298
"BlendPCA-F (w=0.50, K=20/20)",1,periodavg_0783-0785,12.960000,-10.3086,1.8871,89.5227,83.1503,6.3725
"BlendPCA-F (w=0.50, K=20/20)",1,periodavg_0783-0785,13.000000,-10.4516,1.0137,91.6582,83.1503,8.5079
"BlendPCA-F (w=0.50, K=20/20)",1,periodavg_0783-0785,13.053333,-10.8184,3.4059,100.5096,83.1503,17.3594
"BlendPCA-F (w=0.50, K=20/20)",1,periodavg_0783-0785,13.106667,-8.8997,2.3008,93.1570,83.1503,10.0067
"BlendPCA-F (w=0.50, K=20/20)",1,periodavg_0783-0785,13.160000,-10.5071,1.3492,99.4527,83.1503,16.3024
"BlendPCA-F (w=0.50, K=20/20)",1,periodavg_0783-0785,13.200000,-10.2047,2.5236,94.2520,83.1503,11.1017
"BlendPCA-F (w=0.50, K=20/20)",1,periodavg_0783-0785,13.253333,-10.9439,1.6210,92.9862,83.1503,9.8360
"BlendPCA-F (w=0.50, K=20/20)",1,periodavg_0783-0785,13.306667,-9.4684,2.5366,97.1687,83.1503,14.0184
"BlendPCA-F (w=0.50, K=20/20)",1,periodavg_0783-0785,13.360000,-10.8294,1.6536,98.7967,83.1503,15.6464
"BlendPCA-F (w=0.50, K=20/20)",1,periodavg_0783-0785,13.400000,-10.2136,0.8946,95.5731,83.1503,12.4229
"BlendPCA-F (w=0.50, K=20/20)",1,periodavg_0783-0785,13.453333,-9.5498,2.1890,91.8514,83.1503,8.7012
"BlendPCA-F (w=0.50, K=20/20)",1,periodavg_0783-0785,13.506667,-10.6662,1.7059,92.7936,83.1503,9.6434
"BlendPCA-F (w=0.50, K=20/20)",1,periodavg_0783-0785,13.560000,-10.8084,2.4620,95.3647,83.1503,12.2145
"BlendPCA-F (w=0.50, K=20/20)",1,periodavg_0783-0785,13.600000,-10.5787,1.4899,94.9192,83.1503,11.7690
"BlendPCA-F (w=0.50, K=20/20)",1,periodavg_0783-0785,13.653333,-10.2740,1.5993,91.7687,83.1503,8.6184
"BlendPCA-F (w=0.50, K=20/20)",1,periodavg_0783-0785,13.706667,-10.7752,2.1735,92.7309,83.1503,9.5806
"BlendPCA-F (w=0.50, K=20/20)",1,periodavg_0783-0785,13.760000,-8.5260,2.5620,93.4120,83.1503,10.2617
"BlendPCA-F (w=0.50, K=20/20)",1,periodavg_0783-0785,13.800000,-9.7728,2.6153,101.4778,83.1503,18.3275
"BlendPCA-F (w=0.50, K=20/20)",1,periodavg_0783-0785,13.853333,-10.5184,1.6765,98.4725,83.1503,15.3223
"BlendPCA-F (w=0.50, K=20/20)",1,periodavg_0783-0785,13.906667,-10.7560,2.0079,99.5550,83.1503,16.4047
"BlendPCA-F (w=0.50, K=20/20)",1,periodavg_0783-0785,13.960000,-9.2432,2.8807,91.4698,83.1503,8.3195
"BlendPCA-F (w=0.50, K=20/20)",1,periodavg_0783-0785,14.000000,-11.4490,1.9106,98.2334,83.1503,15.0832
"BlendPCA-F (w=0.50, K=20/20)",1,periodavg_0783-0785,14.053333,-8.3019,3.4346,95.6325,83.1503,12.4822
"BlendPCA-F (w=0.50, K=20/20)",1,periodavg_0783-0785,14.106667,-9.5476,3.5075,98.6778,83.1503,15.5275
"BlendPCA-F (w=0.50, K=20/20)",1,periodavg_0783-0785,14.160000,-10.3591,1.5200,96.5580,83.1503,13.4077
"BlendPCA-F (w=0.50, K=20/20)",1,periodavg_0783-0785,14.200000,-10.7978,1.5531,99.4654,83.1503,16.3151
"BlendPCA-F (w=0.50, K=20/20)",1,periodavg_0783-0785,14.253333,-10.8723,2.1548,96.3526,83.1503,13.2023
"BlendPCA-F (w=0.50, K=20/20)",1,periodavg_0783-0785,14.306667,-11.9763,1.8195,98.1474,83.1503,14.9971
"BlendPCA-F (w=0.50, K=20/20)",1,periodavg_0783-0785,14.360000,-11.5105,2.6767,98.0106,83.1503,14.8604
"BlendPCA-F (w=0.50, K=20/20)",1,periodavg_0783-0785,14.400000,-11.4152,1.0189,94.8531,83.1503,11.7029
"BlendPCA-F (w=0.50, K=20/20)",1,periodavg_0783-0785,14.453333,-11.1588,2.8019,98.3233,83.1503,15.1731
"BlendPCA-F (w=0.50, K=20/20)",1,periodavg_0783-0785,14.506667,-11.8065,2.2102,100.9641,83.1503,17.8139
"BlendPCA-F (w=0.50, K=20/20)",1,periodavg_0783-0785,14.560000,-9.4784,1.7136,87.8172,83.1503,4.6669
"BlendPCA-F (w=0.50, K=20/20)",1,periodavg_0783-0785,14.600000,-10.4538,2.5677,93.1493,83.1503,9.9990
"BlendPCA-F (w=0.50, K=20/20)",1,periodavg_0783-0785,14.653333,-10.4322,1.4406,92.9389,83.1503,9.7886
"BlendPCA-F (w=0.50, K=20/20)",1,periodavg_0783-0785,14.706667,-8.8269,2.3582,91.3067,83.1503,8.1564
"BlendPCA-F (w=0.50, K=20/20)",1,periodavg_0783-0785,14.760000,-10.6034,1.9889,99.1207,83.1503,15.9705
"BlendPCA-F (w=0.50, K=20/20)",1,periodavg_0783-0785,14.800000,-10.9898,1.1407,93.2804,83.1503,10.1301
"BlendPCA-F (w=0.50, K=20/20)",1,periodavg_0783-0785,14.853333,-8.7979,3.5402,93.8458,83.1503,10.6955
"BlendPCA-F (w=0.50, K=20/20)",1,periodavg_0783-0785,14.906667,-9.4971,4.4399,92.3228,83.1503,9.1726
"BlendPCA-F (w=0.50, K=20/20)",1,periodavg_0783-0785,14.960000,-10.6961,2.0587,96.6430,83.1503,13.4927
"BlendPCA-F (w=0.50, K=20/20)",1,periodavg_0783-0785,15.000000,-10.0372,3.0970,93.1680,83.1503,10.0177
"BlendPCA-F (w=0.50, K=20/20)",1,periodavg_0783-0785,15.053333,-10.5278,2.1009,94.7081,83.1503,11.5579
"BlendPCA-F (w=0.50, K=20/20)",1,periodavg_0783-0785,15.106667,-10.0937,1.5448,94.0756,83.1503,10.9253
"BlendPCA-F (w=0.50, K=20/20)",1,periodavg_0783-0785,15.160000,-10.1231,1.6092,96.0617,83.1503,12.9115
"BlendPCA-F (w=0.50, K=20/20)",1,periodavg_0783-0785,15.200000,-10.3338,3.6836,97.4434,83.1503,14.2932
"BlendPCA-F (w=0.50, K=20/20)",1,periodavg_0783-0785,15.253333,-9.1544,2.5411,91.2440,83.1503,8.0938
"BlendPCA-F (w=0.50, K=20/20)",1,periodavg_0783-0785,15.306667,-10.8366,1.8114,96.2369,83.1503,13.0866
"BlendPCA-F (w=0.50, K=20/20)",1,periodavg_0783-0785,15.360000,-10.9575,0.6730,90.4632,83.1503,7.3129
"BlendPCA-F (w=0.50, K=20/20)",1,periodavg_0783-0785,15.400000,-10.7366,2.8898,97.7921,83.1503,14.6419
"BlendPCA-F (w=0.50, K=20/20)",1,periodavg_0783-0785,15.453333,-11.1404,2.0280,97.7555,83.1503,14.6052
"BlendPCA-F (w=0.50, K=20/20)",1,periodavg_0783-0785,15.506667,-10.5019,1.1397,89.7101,83.1503,6.5598
"BlendPCA-F (w=0.50, K=20/20)",1,periodavg_0783-0785,15.560000,-9.7815,2.1146,89.7124,83.1503,6.5622
"BlendPCA-F (w=0.50, K=20/20)",1,periodavg_0783-0785,15.600000,-9.8014,1.6735,92.0828,83.1503,8.9325
"BlendPCA-F (w=0.50, K=20/20)",1,periodavg_0783-0785,15.653333,-9.4730,0.8465,88.2660,83.1503,5.1158
"BlendPCA-F (w=0.50, K=20/20)",1,periodavg_0783-0785,15.706667,-10.0725,2.7150,104.4051,83.1503,21.2549
"BlendPCA-F (w=0.50, K=20/20)",1,periodavg_0783-0785,15.760000,-9.1476,2.1309,89.8658,83.1503,6.7155
"BlendPCA-F (w=0.50, K=20/20)",1,periodavg_0783-0785,15.800000,-10.2446,1.7463,93.4350,83.1503,10.2847
"BlendPCA-F (w=0.50, K=20/20)",1,periodavg_0783-0785,15.853333,-10.3057,2.0606,93.1238,83.1503,9.9736
"BlendPCA-F (w=0.50, K=20/20)",1,periodavg_0783-0785,15.906667,-8.7720,3.5979,100.0920,83.1503,16.9418
"BlendPCA-F (w=0.50, K=20/20)",1,periodavg_0783-0785,15.960000,-11.1430,2.5114,96.1052,83.1503,12.9549
"BlendPCA-F (w=0.50, K=20/20)",1,periodavg_0783-0785,16.000000,-8.6621,3.7001,88.9397,83.1503,5.7894
"BlendPCA-F (w=0.50, K=20/20)",1,periodavg_0783-0785,16.053333,-9.0324,2.4201,96.9683,83.1503,13.8180
"BlendPCA-F (w=0.50, K=20/20)",1,periodavg_0783-0785,16.106667,-11.4737,1.5700,95.8592,83.1503,12.7089
"BlendPCA-F (w=0.50, K=20/20)",1,periodavg_0783-0785,16.160000,-10.9860,2.7677,93.8404,83.1503,10.6901
"BlendPCA-F (w=0.50, K=20/20)",1,periodavg_0783-0785,16.200000,-10.0403,2.5450,95.1289,83.1503,11.9786
"BlendPCA-F (w=0.50, K=20/20)",1,periodavg_0783-0785,16.253333,-8.3351,1.7080,86.2316,83.1503,3.0813
"BlendPCA-F (w=0.50, K=20/20)",1,periodavg_0783-0785,16.306667,-11.6424,1.8228,97.5093,83.1503,14.3591
"BlendPCA-F (w=0.50, K=20/20)",1,periodavg_0783-0785,16.360000,-10.3203,3.7236,92.9385,83.1503,9.7883
"BlendPCA-F (w=0.50, K=20/20)",1,periodavg_0783-0785,16.400000,-11.3796,2.0377,98.0001,83.1503,14.8498
"BlendPCA-F (w=0.50, K=20/20)",1,periodavg_0783-0785,16.453333,-10.5584,2.5732,94.4952,83.1503,11.3450
"BlendPCA-F (w=0.50, K=20/20)",1,periodavg_0783-0785,16.506667,-11.3727,1.4507,95.2446,83.1503,12.0943
"BlendPCA-F (w=0.50, K=20/20)",1,periodavg_0783-0785,16.560000,-10.3678,1.9153,91.9714,83.1503,8.8211
"BlendPCA-F (w=0.50, K=20/20)",1,periodavg_0783-0785,16.600000,-11.1114,2.1425,94.9780,83.1503,11.8277
"BlendPCA-F (w=0.50, K=20/20)",1,periodavg_0783-0785,16.653333,-11.1092,1.8501,97.6910,83.1503,14.5407
"BlendPCA-F (w=0.50, K=20/20)",1,periodavg_0783-0785,16.706667,-11.1681,1.7683,92.6845,83.1503,9.5342
"BlendPCA-F (w=0.50, K=20/20)",1,periodavg_0783-0785,16.760000,-9.9474,3.9298,99.8816,83.1503,16.7313
"BlendPCA-F (w=0.50, K=20/20)",1,periodavg_0783-0785,16.800000,-10.8940,2.9065,97.9432,83.1503,14.7929
"BlendPCA-F (w=0.50, K=20/20)",1,periodavg_0783-0785,16.853333,-11.7465,2.4586,99.6752,83.1503,16.5249
"BlendPCA-F (w=0.50, K=20/20)",1,periodavg_0783-0785,16.906667,-11.7067,1.8203,101.7510,83.1503,18.6008
"BlendPCA-F (w=0.50, K=20/20)",1,periodavg_0783-0785,16.960000,-10.4424,3.6028,97.6593,83.1503,14.5091
"BlendPCA-F (w=0.50, K=20/20)",1,periodavg_0783-0785,17.000000,-10.2407,3.3810,100.1641,83.1503,17.0138
"BlendPCA-F (w=0.50, K=20/20)",1,periodavg_0783-0785,17.053333,-9.7701,3.0206,96.9618,83.1503,13.8116
"BlendPCA-F (w=0.50, K=20/20)",1,periodavg_0783-0785,17.106667,-8.7662,2.4527,89.3511,83.1503,6.2009
"BlendPCA-F (w=0.50, K=20/20)",1,periodavg_0783-0785,17.160000,-10.7650,0.6781,97.7603,83.1503,14.6101
"BlendPCA-F (w=0.50, K=20/20)",1,periodavg_0783-0785,17.200000,-11.5492,2.7434,99.0301,83.1503,15.8799
"BlendPCA-F (w=0.50, K=20/20)",1,periodavg_0783-0785,17.253333,-7.8983,1.3279,89.9447,83.1503,6.7945
"BlendPCA-F (w=0.50, K=20/20)",1,periodavg_0783-0785,17.306667,-9.0882,3.9292,95.4627,83.1503,12.3125
"BlendPCA-F (w=0.50, K=20/20)",1,periodavg_0783-0785,17.360000,-9.4290,-0.0198,89.9291,83.1503,6.7789
"BlendPCA-F (w=0.50, K=20/20)",1,periodavg_0783-0785,17.400000,-10.4377,2.1344,99.2408,83.1503,16.0905
"BlendPCA-F (w=0.50, K=20/20)",1,periodavg_0783-0785,17.453333,-9.6446,1.8983,90.0623,83.1503,6.9120
"BlendPCA-F (w=0.50, K=20/20)",1,periodavg_0783-0785,17.506667,-10.7303,2.3078,94.0580,83.1503,10.9078
"BlendPCA-F (w=0.50, K=20/20)",1,periodavg_0783-0785,17.560000,-10.0598,2.3265,95.3377,83.1503,12.1874
"BlendPCA-F (w=0.50, K=20/20)",1,periodavg_0783-0785,17.600000,-11.6520,1.5848,99.1499,83.1503,15.9996
"BlendPCA-F (w=0.50, K=20/20)",1,periodavg_0783-0785,17.653333,-10.4746,0.9336,92.8643,83.1503,9.7140
"BlendPCA-F (w=0.50, K=20/20)",1,periodavg_0783-0785,17.706667,-10.9449,2.7957,99.1538,83.1503,16.0035
"BlendPCA-F (w=0.50, K=20/20)",1,periodavg_0783-0785,17.760000,-11.0132,2.7705,99.9274,83.1503,16.7772
"BlendPCA-F (w=0.50, K=20/20)",1,periodavg_0783-0785,17.800000,-10.3770,1.9733,95.8316,83.1503,12.6814
"BlendPCA-F (w=0.50, K=20/20)",1,periodavg_0783-0785,17.853333,-10.1511,2.3037,96.5448,83.1503,13.3946
"BlendPCA-F (w=0.50, K=20/20)",1,periodavg_0783-0785,17.906667,-9.5436,0.6107,88.9685,83.1503,5.8183
"BlendPCA-F (w=0.50, K=20/20)",1,periodavg_0783-0785,17.960000,-10.8911,2.4005,99.0960,83.1503,15.9457
"BlendPCA-F (w=0.50, K=20/20)",1,periodavg_0783-0785,18.000000,-11.2379,1.7886,102.0551,83.1503,18.9048
"BlendPCA-F (w=0.50, K=20/20)",1,periodavg_0783-0785,18.053333,-11.2169,2.7352,99.0845,83.1503,15.9343
"BlendPCA-F (w=0.50, K=20/20)",1,periodavg_0783-0785,18.106667,-10.9827,2.1736,96.6971,83.1503,13.5468
"BlendPCA-F (w=0.50, K=20/20)",1,periodavg_0783-0785,18.160000,-9.5473,2.3780,94.2405,83.1503,11.0902
"BlendPCA-F (w=0.50, K=20/20)",1,periodavg_0783-0785,18.200000,-10.2154,1.8149,94.7423,83.1503,11.5921
"BlendPCA-F (w=0.50, K=20/20)",1,periodavg_0783-0785,18.253333,-10.1357,2.0832,91.1296,83.1503,7.9794
"BlendPCA-F (w=0.50, K=20/20)",1,periodavg_0783-0785,18.306667,-6.2786,2.1305,85.5484,83.1503,2.3981
"BlendPCA-F (w=0.50, K=20/20)",1,periodavg_0783-0785,18.360000,-9.7512,0.7974,91.2132,83.1503,8.0629
"BlendPCA-F (w=0.50, K=20/20)",1,periodavg_0783-0785,18.400000,-10.5652,2.3999,94.5808,83.1503,11.4306
"BlendPCA-F (w=0.50, K=20/20)",1,periodavg_0783-0785,18.453333,-10.9531,2.2903,97.9741,83.1503,14.8238
"BlendPCA-F (w=0.50, K=20/20)",1,periodavg_0783-0785,18.506667,-10.4213,1.1431,92.0769,83.1503,8.9266
"BlendPCA-F (w=0.50, K=20/20)",1,periodavg_0783-0785,18.560000,-9.3332,2.6393,95.5210,83.1503,12.3707
"BlendPCA-F (w=0.50, K=20/20)",1,periodavg_0783-0785,18.600000,-10.5898,1.9737,102.0214,83.1503,18.8712
"BlendPCA-F (w=0.50, K=20/20)",1,periodavg_0783-0785,18.653333,-11.8586,1.7503,97.4039,83.1503,14.2537
"BlendPCA-F (w=0.50, K=20/20)",1,periodavg_0783-0785,18.706667,-10.8242,3.3115,101.9369,83.1503,18.7867
"BlendPCA-F (w=0.50, K=20/20)",1,periodavg_0783-0785,18.760000,-10.3309,1.7631,92.0538,83.1503,8.9036
"BlendPCA-F (w=0.50, K=20/20)",1,periodavg_0783-0785,18.800000,-10.4262,2.2105,92.0457,83.1503,8.8954
"BlendPCA-F (w=0.50, K=20/20)",1,periodavg_0783-0785,18.853333,-9.5608,1.7767,91.3122,83.1503,8.1620
"BlendPCA-F (w=0.50, K=20/20)",1,periodavg_0783-0785,18.906667,-9.8273,1.8862,91.3898,83.1503,8.2396
"BlendPCA-F (w=0.50, K=20/20)",1,periodavg_0783-0785,18.960000,-9.6547,0.8975,91.2156,83.1503,8.0653
"BlendPCA-F (w=0.50, K=20/20)",1,periodavg_0783-0785,19.000000,-9.1747,2.9917,98.6725,83.1503,15.5223
"BlendPCA-F (w=0.50, K=20/20)",1,periodavg_0783-0785,19.053333,-10.3025,1.2372,92.8982,83.1503,9.7479
"BlendPCA-F (w=0.50, K=20/20)",1,periodavg_0783-0785,19.106667,-10.5018,2.7815,101.9516,83.1503,18.8013
"BlendPCA-F (w=0.50, K=20/20)",1,periodavg_0783-0785,19.160000,-11.1859,2.5929,97.8603,83.1503,14.7100
"BlendPCA-F (w=0.50, K=20/20)",1,periodavg_0783-0785,19.200000,-11.5823,3.9845,102.9018,83.1503,19.7516
"BlendPCA-F (w=0.50, K=20/20)",1,periodavg_0783-0785,19.253333,-11.9632,1.8479,100.0113,83.1503,16.8610
"BlendPCA-F (w=0.50, K=20/20)",1,periodavg_0783-0785,19.306667,-11.1147,2.4859,98.1189,83.1503,14.9686
"BlendPCA-F (w=0.50, K=20/20)",1,periodavg_0783-0785,19.360000,-10.0030,2.9170,100.2678,83.1503,17.1175
"BlendPCA-F (w=0.50, K=20/20)",1,periodavg_0783-0785,19.400000,-10.9953,1.9847,97.9388,83.1503,14.7885
"BlendPCA-F (w=0.50, K=20/20)",1,periodavg_0783-0785,19.453333,-10.4327,2.5792,98.4284,83.1503,15.2781
"BlendPCA-F (w=0.50, K=20/20)",1,periodavg_0783-0785,19.506667,-11.5675,1.2993,95.9883,83.1503,12.8380
"BlendPCA-F (w=0.50, K=20/20)",1,periodavg_0783-0785,19.560000,-10.3063,0.9997,91.4207,83.1503,8.2705
"BlendPCA-F (w=0.50, K=20/20)",1,periodavg_0783-0785,19.600000,-11.2619,2.3657,101.1076,83.1503,17.9573
"BlendPCA-F (w=0.50, K=20/20)",1,periodavg_0783-0785,19.653333,-11.6345,1.5359,100.7619,83.1503,17.6117
"BlendPCA-F (w=0.50, K=20/20)",1,periodavg_0783-0785,19.706667,-9.3507,4.3278,96.0959,83.1503,12.9457
"BlendPCA-F (w=0.50, K=20/20)",1,periodavg_0783-0785,19.760000,-11.3730,1.7805,96.6238,83.1503,13.4735
"BlendPCA-F (w=0.50, K=20/20)",1,periodavg_0783-0785,19.800000,-12.1883,2.6986,100.6459,83.1503,17.4956
"BlendPCA-F (w=0.50, K=20/20)",1,periodavg_0783-0785,19.853333,-11.1224,0.7860,92.0534,83.1503,8.9031
"BlendPCA-F (w=0.50, K=20/20)",1,periodavg_0783-0785,19.906667,-9.6482,3.2931,94.5900,83.1503,11.4397
"BlendPCA-F (w=0.50, K=20/20)",1,periodavg_0783-0785,19.960000,-11.3834,1.5751,100.6063,83.1503,17.4560
"BlendPCA-F (w=0.50, K=20/20)",1,periodavg_0783-0785,20.000000,-10.3148,2.8719,91.8580,83.1503,8.7078
"BlendPCA-F (w=0.50, K=20/20)",2,periodavg_0894-0896,20.013333,-0.1928,0.1376,67.9666,67.5088,0.4578
"BlendPCA-F (w=0.50, K=20/20)",2,periodavg_0894-0896,20.053333,-2.3280,1.9031,69.7800,67.5088,2.2712
"BlendPCA-F (w=0.50, K=20/20)",2,periodavg_0894-0896,20.106667,-3.9326,3.2954,71.5044,67.5088,3.9956
"BlendPCA-F (w=0.50, K=20/20)",2,periodavg_0894-0896,20.160000,-5.2436,4.8309,73.5694,67.5088,6.0606
"BlendPCA-F (w=0.50, K=20/20)",2,periodavg_0894-0896,20.200000,-5.7346,4.8294,74.0132,67.5088,6.5043
"BlendPCA-F (w=0.50, K=20/20)",2,periodavg_0894-0896,20.253333,-6.3273,5.7599,74.5564,67.5088,7.0476
"BlendPCA-F (w=0.50, K=20/20)",2,periodavg_0894-0896,20.306667,-6.9676,5.6179,75.1432,67.5088,7.6344
"BlendPCA-F (w=0.50, K=20/20)",2,periodavg_0894-0896,20.360000,-7.3377,6.3847,75.2732,67.5088,7.7644
"BlendPCA-F (w=0.50, K=20/20)",2,periodavg_0894-0896,20.400000,-7.7761,5.5388,76.1299,67.5088,8.6211
"BlendPCA-F (w=0.50, K=20/20)",2,periodavg_0894-0896,20.453333,-8.0987,6.6092,76.5231,67.5088,9.0143
"BlendPCA-F (w=0.50, K=20/20)",2,periodavg_0894-0896,20.506667,-8.3606,6.4553,76.7820,67.5088,9.2732
"BlendPCA-F (w=0.50, K=20/20)",2,periodavg_0894-0896,20.560000,-8.7565,6.4233,77.6173,67.5088,10.1085
"BlendPCA-F (w=0.50, K=20/20)",2,periodavg_0894-0896,20.600000,-9.0158,6.0996,77.7431,67.5088,10.2342
"BlendPCA-F (w=0.50, K=20/20)",2,periodavg_0894-0896,20.653333,-9.2100,5.7064,78.0153,67.5088,10.5064
"BlendPCA-F (w=0.50, K=20/20)",2,periodavg_0894-0896,20.706667,-9.3845,6.3705,78.3292,67.5088,10.8204
"BlendPCA-F (w=0.50, K=20/20)",2,periodavg_0894-0896,20.760000,-9.5651,5.8707,78.3269,67.5088,10.8180
"BlendPCA-F (w=0.50, K=20/20)",2,periodavg_0894-0896,20.800000,-9.9896,7.6701,79.5962,67.5088,12.0874
"BlendPCA-F (w=0.50, K=20/20)",2,periodavg_0894-0896,20.853333,-10.1949,7.6742,80.0018,67.5088,12.4929
"BlendPCA-F (w=0.50, K=20/20)",2,periodavg_0894-0896,20.906667,-10.3071,6.1118,79.8463,67.5088,12.3374
"BlendPCA-F (w=0.50, K=20/20)",2,periodavg_0894-0896,20.960000,-10.1866,7.8304,79.9735,67.5088,12.4646
"BlendPCA-F (w=0.50, K=20/20)",2,periodavg_0894-0896,21.000000,-10.4871,7.9989,80.2943,67.5088,12.7855
"BlendPCA-F (w=0.50, K=20/20)",2,periodavg_0894-0896,21.053333,-10.5979,6.7782,80.3560,67.5088,12.8472
"BlendPCA-F (w=0.50, K=20/20)",2,periodavg_0894-0896,21.106667,-10.7168,5.9835,80.4504,67.5088,12.9416
"BlendPCA-F (w=0.50, K=20/20)",2,periodavg_0894-0896,21.160000,-10.7787,8.8355,81.1171,67.5088,13.6083
"BlendPCA-F (w=0.50, K=20/20)",2,periodavg_0894-0896,21.200000,-10.7912,7.7103,81.4772,67.5088,13.9683
"BlendPCA-F (w=0.50, K=20/20)",2,periodavg_0894-0896,21.253333,-10.8591,7.2577,81.6151,67.5088,14.1063
"BlendPCA-F (w=0.50, K=20/20)",2,periodavg_0894-0896,21.306667,-10.9618,6.9047,81.6821,67.5088,14.1733
"BlendPCA-F (w=0.50, K=20/20)",2,periodavg_0894-0896,21.360000,-11.0187,7.2863,80.8115,67.5088,13.3026
"BlendPCA-F (w=0.50, K=20/20)",2,periodavg_0894-0896,21.400000,-11.1040,8.1573,81.6555,67.5088,14.1467
"BlendPCA-F (w=0.50, K=20/20)",2,periodavg_0894-0896,21.453333,-11.1777,6.8576,81.2411,67.5088,13.7322
"BlendPCA-F (w=0.50, K=20/20)",2,periodavg_0894-0896,21.506667,-10.9043,5.8347,80.8479,67.5088,13.3391
"BlendPCA-F (w=0.50, K=20/20)",2,periodavg_0894-0896,21.560000,-11.2121,6.1055,81.4248,67.5088,13.9160
"BlendPCA-F (w=0.50, K=20/20)",2,periodavg_0894-0896,21.600000,-11.1963,7.1532,82.2564,67.5088,14.7475
"BlendPCA-F (w=0.50, K=20/20)",2,periodavg_0894-0896,21.653333,-11.3793,7.5277,81.8686,67.5088,14.3598
"BlendPCA-F (w=0.50, K=20/20)",2,periodavg_0894-0896,21.706667,-11.4330,4.8490,81.6295,67.5088,14.1207
"BlendPCA-F (w=0.50, K=20/20)",2,periodavg_0894-0896,21.760000,-11.3926,8.1215,81.0563,67.5088,13.5474
"BlendPCA-F (w=0.50, K=20/20)",2,periodavg_0894-0896,21.800000,-11.2363,6.2943,81.3427,67.5088,13.8338
"BlendPCA-F (w=0.50, K=20/20)",2,periodavg_0894-0896,21.853333,-11.4961,8.1407,81.7552,67.5088,14.2464
"BlendPCA-F (w=0.50, K=20/20)",2,periodavg_0894-0896,21.906667,-11.4904,7.9595,82.2361,67.5088,14.7273
"BlendPCA-F (w=0.50, K=20/20)",2,periodavg_0894-0896,21.960000,-11.5005,6.7759,81.4381,67.5088,13.9293
"BlendPCA-F (w=0.50, K=20/20)",2,periodavg_0894-0896,22.000000,-11.4657,8.2776,81.4210,67.5088,13.9122
"BlendPCA-F (w=0.50, K=20/20)",2,periodavg_0894-0896,22.053333,-11.4659,5.2345,81.6074,67.5088,14.0986
"BlendPCA-F (w=0.50, K=20/20)",2,periodavg_0894-0896,22.106667,-11.4783,8.6348,81.6978,67.5088,14.1890
"BlendPCA-F (w=0.50, K=20/20)",2,periodavg_0894-0896,22.160000,-11.4158,6.8175,82.3341,67.5088,14.8253
"BlendPCA-F (w=0.50, K=20/20)",2,periodavg_0894-0896,22.200000,-11.5088,7.1266,81.8865,67.5088,14.3776
"BlendPCA-F (w=0.50, K=20/20)",2,periodavg_0894-0896,22.253333,-11.5439,5.9557,81.7686,67.5088,14.2597
"BlendPCA-F (w=0.50, K=20/20)",2,periodavg_0894-0896,22.306667,-11.4687,6.8693,81.8943,67.5088,14.3855
"BlendPCA-F (w=0.50, K=20/20)",2,periodavg_0894-0896,22.360000,-11.4572,5.4657,81.9894,67.5088,14.4806
"BlendPCA-F (w=0.50, K=20/20)",2,periodavg_0894-0896,22.400000,-11.5208,7.4762,82.2554,67.5088,14.7465
"BlendPCA-F (w=0.50, K=20/20)",2,periodavg_0894-0896,22.453333,-11.5002,6.7136,82.3021,67.5088,14.7933
"BlendPCA-F (w=0.50, K=20/20)",2,periodavg_0894-0896,22.506667,-11.4303,5.7684,81.7007,67.5088,14.1918
"BlendPCA-F (w=0.50, K=20/20)",2,periodavg_0894-0896,22.560000,-11.4762,6.5284,82.0804,67.5088,14.5716
"BlendPCA-F (w=0.50, K=20/20)",2,periodavg_0894-0896,22.600000,-11.4903,6.6454,82.0082,67.5088,14.4994
"BlendPCA-F (w=0.50, K=20/20)",2,periodavg_0894-0896,22.653333,-11.5169,8.8369,82.6215,67.5088,15.1127
"BlendPCA-F (w=0.50, K=20/20)",2,periodavg_0894-0896,22.706667,-11.6082,7.2046,81.8604,67.5088,14.3516
"BlendPCA-F (w=0.50, K=20/20)",2,periodavg_0894-0896,22.760000,-11.5488,7.5539,81.9866,67.5088,14.4778
"BlendPCA-F (w=0.50, K=20/20)",2,periodavg_0894-0896,22.800000,-11.4893,6.4517,81.9268,67.5088,14.4179
"BlendPCA-F (w=0.50, K=20/20)",2,periodavg_0894-0896,22.853333,-11.5424,7.2772,81.9455,67.5088,14.4367
"BlendPCA-F (w=0.50, K=20/20)",2,periodavg_0894-0896,22.906667,-11.5004,6.4882,81.1565,67.5088,13.6476
"BlendPCA-F (w=0.50, K=20/20)",2,periodavg_0894-0896,22.960000,-11.3871,7.6525,82.9137,67.5088,15.4049
"BlendPCA-F (w=0.50, K=20/20)",2,periodavg_0894-0896,23.000000,-11.4843,6.3678,82.0034,67.5088,14.4945
"BlendPCA-F (w=0.50, K=20/20)",2,periodavg_0894-0896,23.053333,-11.5170,7.1032,81.9029,67.5088,14.3941
"BlendPCA-F (w=0.50, K=20/20)",2,periodavg_0894-0896,23.106667,-11.5377,6.2498,81.8789,67.5088,14.3701
"BlendPCA-F (w=0.50, K=20/20)",2,periodavg_0894-0896,23.160000,-11.4790,6.4739,81.4035,67.5088,13.8946
"BlendPCA-F (w=0.50, K=20/20)",2,periodavg_0894-0896,23.200000,-11.5185,7.1791,82.1245,67.5088,14.6156
"BlendPCA-F (w=0.50, K=20/20)",2,periodavg_0894-0896,23.253333,-11.5240,7.0397,82.1840,67.5088,14.6751
"BlendPCA-F (w=0.50, K=20/20)",2,periodavg_0894-0896,23.306667,-11.5840,7.4527,82.3070,67.5088,14.7981
"BlendPCA-F (w=0.50, K=20/20)",2,periodavg_0894-0896,23.360000,-11.6261,6.7414,81.8551,67.5088,14.3463
"BlendPCA-F (w=0.50, K=20/20)",2,periodavg_0894-0896,23.400000,-11.6216,7.9360,82.1546,67.5088,14.6458
"BlendPCA-F (w=0.50, K=20/20)",2,periodavg_0894-0896,23.453333,-11.6145,7.4305,81.9771,67.5088,14.4682
"BlendPCA-F (w=0.50, K=20/20)",2,periodavg_0894-0896,23.506667,-11.6982,8.2337,82.0628,67.5088,14.5539
"BlendPCA-F (w=0.50, K=20/20)",2,periodavg_0894-0896,23.560000,-11.7044,5.7774,81.7981,67.5088,14.2892
"BlendPCA-F (w=0.50, K=20/20)",2,periodavg_0894-0896,23.600000,-11.7271,7.3464,81.5733,67.5088,14.0645
"BlendPCA-F (w=0.50, K=20/20)",2,periodavg_0894-0896,23.653333,-11.6405,6.9692,81.6434,67.5088,14.1346
"BlendPCA-F (w=0.50, K=20/20)",2,periodavg_0894-0896,23.706667,-11.5537,6.4034,81.5880,67.5088,14.0791
"BlendPCA-F (w=0.50, K=20/20)",2,periodavg_0894-0896,23.760000,-11.4359,6.1863,81.5906,67.5088,14.0818
"BlendPCA-F (w=0.50, K=20/20)",2,periodavg_0894-0896,23.800000,-11.6039,5.0187,81.7448,67.5088,14.2359
"BlendPCA-F (w=0.50, K=20/20)",2,periodavg_0894-0896,23.853333,-11.4867,7.1153,82.5430,67.5088,15.0342
"BlendPCA-F (w=0.50, K=20/20)",2,periodavg_0894-0896,23.906667,-11.6156,6.9436,81.9635,67.5088,14.4547
"BlendPCA-F (w=0.50, K=20/20)",2,periodavg_0894-0896,23.960000,-11.6303,6.3912,81.8402,67.5088,14.3314
"BlendPCA-F (w=0.50, K=20/20)",2,periodavg_0894-0896,24.000000,-11.7154,5.7777,81.9111,67.5088,14.4023
"BlendPCA-F (w=0.50, K=20/20)",2,periodavg_0894-0896,24.053333,-11.7018,7.6856,82.3881,67.5088,14.8793
"BlendPCA-F (w=0.50, K=20/20)",2,periodavg_0894-0896,24.106667,-11.5909,7.0031,81.9501,67.5088,14.4413
"BlendPCA-F (w=0.50, K=20/20)",2,periodavg_0894-0896,24.160000,-11.6540,7.0013,82.4484,67.5088,14.9396
"BlendPCA-F (w=0.50, K=20/20)",2,periodavg_0894-0896,24.200000,-11.5403,7.2908,82.3192,67.5088,14.8103
"BlendPCA-F (w=0.50, K=20/20)",2,periodavg_0894-0896,24.253333,-11.4682,6.5059,82.5657,67.5088,15.0569
"BlendPCA-F (w=0.50, K=20/20)",2,periodavg_0894-0896,24.306667,-11.5325,6.8683,81.9220,67.5088,14.4132
"BlendPCA-F (w=0.50, K=20/20)",2,periodavg_0894-0896,24.360000,-11.6906,7.5990,82.4147,67.5088,14.9059
"BlendPCA-F (w=0.50, K=20/20)",2,periodavg_0894-0896,24.400000,-11.6141,6.5104,81.6876,67.5088,14.1787
"BlendPCA-F (w=0.50, K=20/20)",2,periodavg_0894-0896,24.453333,-11.5586,6.1703,82.9558,67.5088,15.4470
"BlendPCA-F (w=0.50, K=20/20)",2,periodavg_0894-0896,24.506667,-11.6747,7.9335,82.1331,67.5088,14.6242
"BlendPCA-F (w=0.50, K=20/20)",2,periodavg_0894-0896,24.560000,-11.6086,6.4008,81.8967,67.5088,14.3879
"BlendPCA-F (w=0.50, K=20/20)",2,periodavg_0894-0896,24.600000,-11.6454,6.7706,82.0842,67.5088,14.5754
"BlendPCA-F (w=0.50, K=20/20)",2,periodavg_0894-0896,24.653333,-11.6201,5.9450,82.8732,67.5088,15.3644
"BlendPCA-F (w=0.50, K=20/20)",2,periodavg_0894-0896,24.706667,-11.7889,7.1651,82.0264,67.5088,14.5176
"BlendPCA-F (w=0.50, K=20/20)",2,periodavg_0894-0896,24.760000,-11.5490,7.3631,81.9398,67.5088,14.4310
"BlendPCA-F (w=0.50, K=20/20)",2,periodavg_0894-0896,24.800000,-11.5692,7.3689,82.2786,67.5088,14.7698
"BlendPCA-F (w=0.50, K=20/20)",2,periodavg_0894-0896,24.853333,-11.6983,7.5981,81.4824,67.5088,13.9735
"BlendPCA-F (w=0.50, K=20/20)",2,periodavg_0894-0896,24.906667,-11.7249,6.1558,80.9936,67.5088,13.4848
"BlendPCA-F (w=0.50, K=20/20)",2,periodavg_0894-0896,24.960000,-11.6988,6.5806,81.9261,67.5088,14.4173
"BlendPCA-F (w=0.50, K=20/20)",2,periodavg_0894-0896,25.000000,-11.6170,7.3989,82.3906,67.5088,14.8818
"BlendPCA-F (w=0.50, K=20/20)",2,periodavg_0894-0896,25.053333,-11.5044,7.3351,83.1798,67.5088,15.6710
"BlendPCA-F (w=0.50, K=20/20)",2,periodavg_0894-0896,25.106667,-11.4240,6.3942,82.0597,67.5088,14.5508
"BlendPCA-F (w=0.50, K=20/20)",2,periodavg_0894-0896,25.160000,-11.5705,6.3322,81.3242,67.5088,13.8154
"BlendPCA-F (w=0.50, K=20/20)",2,periodavg_0894-0896,25.200000,-11.5175,8.0140,81.6550,67.5088,14.1461
"BlendPCA-F (w=0.50, K=20/20)",2,periodavg_0894-0896,25.253333,-11.6199,7.0345,81.9570,67.5088,14.4482
"BlendPCA-F (w=0.50, K=20/20)",2,periodavg_0894-0896,25.306667,-11.6271,8.4111,82.1050,67.5088,14.5962
"BlendPCA-F (w=0.50, K=20/20)",2,periodavg_0894-0896,25.360000,-11.7012,7.0309,82.1282,67.5088,14.6194
"BlendPCA-F (w=0.50, K=20/20)",2,periodavg_0894-0896,25.400000,-11.6296,7.8071,82.0946,67.5088,14.5858
"BlendPCA-F (w=0.50, K=20/20)",2,periodavg_0894-0896,25.453333,-11.5643,7.1373,81.4667,67.5088,13.9579
"BlendPCA-F (w=0.50, K=20/20)",2,periodavg_0894-0896,25.506667,-11.5788,6.9841,82.0644,67.5088,14.5556
"BlendPCA-F (w=0.50, K=20/20)",2,periodavg_0894-0896,25.560000,-11.7911,7.5626,81.4187,67.5088,13.9099
"BlendPCA-F (w=0.50, K=20/20)",2,periodavg_0894-0896,25.600000,-11.7343,7.2845,81.7833,67.5088,14.2744
"BlendPCA-F (w=0.50, K=20/20)",2,periodavg_0894-0896,25.653333,-11.7065,6.3014,82.1294,67.5088,14.6206
"BlendPCA-F (w=0.50, K=20/20)",2,periodavg_0894-0896,25.706667,-11.6645,6.1551,81.8323,67.5088,14.3235
"BlendPCA-F (w=0.50, K=20/20)",2,periodavg_0894-0896,25.760000,-11.7146,7.3829,81.9239,67.5088,14.4150
"BlendPCA-F (w=0.50, K=20/20)",2,periodavg_0894-0896,25.800000,-11.7239,7.3673,82.0555,67.5088,14.5467
"BlendPCA-F (w=0.50, K=20/20)",2,periodavg_0894-0896,25.853333,-11.5733,7.6130,82.8207,67.5088,15.3118
"BlendPCA-F (w=0.50, K=20/20)",2,periodavg_0894-0896,25.906667,-11.7035,8.1588,81.7799,67.5088,14.2711
"BlendPCA-F (w=0.50, K=20/20)",2,periodavg_0894-0896,25.960000,-11.6667,7.5752,82.4584,67.5088,14.9496
"BlendPCA-F (w=0.50, K=20/20)",2,periodavg_0894-0896,26.000000,-11.6943,6.6664,81.3997,67.5088,13.8909
"BlendPCA-F (w=0.50, K=20/20)",2,periodavg_0894-0896,26.053333,-11.5756,7.1138,82.3689,67.5088,14.8600
"BlendPCA-F (w=0.50, K=20/20)",2,periodavg_0894-0896,26.106667,-11.7060,6.0607,81.4345,67.5088,13.9257
"BlendPCA-F (w=0.50, K=20/20)",2,periodavg_0894-0896,26.160000,-11.7107,6.2092,81.3400,67.5088,13.8311
"BlendPCA-F (w=0.50, K=20/20)",2,periodavg_0894-0896,26.200000,-11.6149,7.3209,82.0058,67.5088,14.4970
"BlendPCA-F (w=0.50, K=20/20)",2,periodavg_0894-0896,26.253333,-11.6438,7.5939,81.9553,67.5088,14.4465
"BlendPCA-F (w=0.50, K=20/20)",2,periodavg_0894-0896,26.306667,-11.6639,8.2133,81.6989,67.5088,14.1901
"BlendPCA-F (w=0.50, K=20/20)",2,periodavg_0894-0896,26.360000,-11.7521,7.1917,81.9198,67.5088,14.4110
"BlendPCA-F (w=0.50, K=20/20)",2,periodavg_0894-0896,26.400000,-11.7292,6.6731,82.0221,67.5088,14.5133
"BlendPCA-F (w=0.50, K=20/20)",2,periodavg_0894-0896,26.453333,-11.7073,6.3019,81.4906,67.5088,13.9818
"BlendPCA-F (w=0.50, K=20/20)",2,periodavg_0894-0896,26.506667,-11.6810,7.2597,82.4672,67.5088,14.9584
"BlendPCA-F (w=0.50, K=20/20)",2,periodavg_0894-0896,26.560000,-11.8022,7.6618,81.8617,67.5088,14.3529
"BlendPCA-F (w=0.50, K=20/20)",2,periodavg_0894-0896,26.600000,-11.6932,8.5899,81.9503,67.5088,14.4414
"BlendPCA-F (w=0.50, K=20/20)",2,periodavg_0894-0896,26.653333,-11.6575,7.6893,81.8236,67.5088,14.3148
"BlendPCA-F (w=0.50, K=20/20)",2,periodavg_0894-0896,26.706667,-11.6448,6.5130,82.3518,67.5088,14.8429
"BlendPCA-F (w=0.50, K=20/20)",2,periodavg_0894-0896,26.760000,-11.6793,6.6230,81.9064,67.5088,14.3976
"BlendPCA-F (w=0.50, K=20/20)",2,periodavg_0894-0896,26.800000,-11.6326,7.5766,81.5190,67.5088,14.0102
"BlendPCA-F (w=0.50, K=20/20)",2,periodavg_0894-0896,26.853333,-11.7087,7.0943,81.4284,67.5088,13.9196
"BlendPCA-F (w=0.50, K=20/20)",2,periodavg_0894-0896,26.906667,-11.7202,7.3062,82.1850,67.5088,14.6761
"BlendPCA-F (w=0.50, K=20/20)",2,periodavg_0894-0896,26.960000,-11.6744,8.2570,81.8835,67.5088,14.3746
"BlendPCA-F (w=0.50, K=20/20)",2,periodavg_0894-0896,27.000000,-11.5283,9.3069,82.8312,67.5088,15.3223
"BlendPCA-F (w=0.50, K=20/20)",2,periodavg_0894-0896,27.053333,-11.7047,6.7124,82.1534,67.5088,14.6446
"BlendPCA-F (w=0.50, K=20/20)",2,periodavg_0894-0896,27.106667,-11.6180,7.3827,82.3718,67.5088,14.8629
"BlendPCA-F (w=0.50, K=20/20)",2,periodavg_0894-0896,27.160000,-11.6513,7.3616,81.9635,67.5088,14.4547
"BlendPCA-F (w=0.50, K=20/20)",2,periodavg_0894-0896,27.200000,-11.6483,6.5757,81.5774,67.5088,14.0685
"BlendPCA-F (w=0.50, K=20/20)",2,periodavg_0894-0896,27.253333,-11.7086,6.3940,82.0490,67.5088,14.5401
"BlendPCA-F (w=0.50, K=20/20)",2,periodavg_0894-0896,27.306667,-11.7155,7.6749,82.1804,67.5088,14.6716
"BlendPCA-F (w=0.50, K=20/20)",2,periodavg_0894-0896,27.360000,-11.7266,6.4414,81.7781,67.5088,14.2693
"BlendPCA-F (w=0.50, K=20/20)",2,periodavg_0894-0896,27.400000,-11.6118,7.5650,81.8846,67.5088,14.3758
"BlendPCA-F (w=0.50, K=20/20)",2,periodavg_0894-0896,27.453333,-11.7213,7.5434,82.5888,67.5088,15.0799
"BlendPCA-F (w=0.50, K=20/20)",2,periodavg_0894-0896,27.506667,-11.7413,6.6719,82.5045,67.5088,14.9957
"BlendPCA-F (w=0.50, K=20/20)",2,periodavg_0894-0896,27.560000,-11.7401,7.8097,82.6492,67.5088,15.1404
"BlendPCA-F (w=0.50, K=20/20)",2,periodavg_0894-0896,27.600000,-11.7782,6.6502,81.7910,67.5088,14.2821
"BlendPCA-F (w=0.50, K=20/20)",2,periodavg_0894-0896,27.653333,-11.7100,7.4755,81.8203,67.5088,14.3115
"BlendPCA-F (w=0.50, K=20/20)",2,periodavg_0894-0896,27.706667,-11.7264,6.4175,82.1893,67.5088,14.6805
"BlendPCA-F (w=0.50, K=20/20)",2,periodavg_0894-0896,27.760000,-11.6657,7.3593,82.2753,67.5088,14.7665
"BlendPCA-F (w=0.50, K=20/20)",2,periodavg_0894-0896,27.800000,-11.7831,6.2371,81.7286,67.5088,14.2198
"BlendPCA-F (w=0.50, K=20/20)",2,periodavg_0894-0896,27.853333,-11.7044,7.2109,81.8611,67.5088,14.3523
"BlendPCA-F (w=0.50, K=20/20)",2,periodavg_0894-0896,27.906667,-11.7579,6.9825,81.8431,67.5088,14.3343
"BlendPCA-F (w=0.50, K=20/20)",2,periodavg_0894-0896,27.960000,-11.7217,7.8830,81.6581,67.5088,14.1493
"BlendPCA-F (w=0.50, K=20/20)",2,periodavg_0894-0896,28.000000,-11.7245,5.4575,81.3880,67.5088,13.8792
"BlendPCA-F (w=0.50, K=20/20)",2,periodavg_0894-0896,28.053333,-11.6945,7.2860,81.1265,67.5088,13.6176
"BlendPCA-F (w=0.50, K=20/20)",2,periodavg_0894-0896,28.106667,-11.7547,7.2634,81.2498,67.5088,13.7410
"BlendPCA-F (w=0.50, K=20/20)",2,periodavg_0894-0896,28.160000,-11.7601,8.1422,81.6946,67.5088,14.1858
"BlendPCA-F (w=0.50, K=20/20)",2,periodavg_0894-0896,28.200000,-11.7357,8.1477,82.1958,67.5088,14.6870
"BlendPCA-F (w=0.50, K=20/20)",2,periodavg_0894-0896,28.253333,-11.6656,7.3761,81.6802,67.5088,14.1714
"BlendPCA-F (w=0.50, K=20/20)",2,periodavg_0894-0896,28.306667,-11.5837,7.0265,83.0187,67.5088,15.5099
"BlendPCA-F (w=0.50, K=20/20)",2,periodavg_0894-0896,28.360000,-11.7036,7.9661,82.6045,67.5088,15.0957
"BlendPCA-F (w=0.50, K=20/20)",2,periodavg_0894-0896,28.400000,-11.7315,8.5346,82.2834,67.5088,14.7746
"BlendPCA-F (w=0.50, K=20/20)",2,periodavg_0894-0896,28.453333,-11.7640,7.3924,82.0310,67.5088,14.5221
"BlendPCA-F (w=0.50, K=20/20)",2,periodavg_0894-0896,28.506667,-11.7216,8.1136,81.7660,67.5088,14.2572
"BlendPCA-F (w=0.50, K=20/20)",2,periodavg_0894-0896,28.560000,-11.5868,7.3236,82.5460,67.5088,15.0372
"BlendPCA-F (w=0.50, K=20/20)",2,periodavg_0894-0896,28.600000,-11.7977,6.1492,82.0100,67.5088,14.5012
"BlendPCA-F (w=0.50, K=20/20)",2,periodavg_0894-0896,28.653333,-11.6150,8.3685,82.4897,67.5088,14.9809
"BlendPCA-F (w=0.50, K=20/20)",2,periodavg_0894-0896,28.706667,-11.5523,6.5912,82.1160,67.5088,14.6072
"BlendPCA-F (w=0.50, K=20/20)",2,periodavg_0894-0896,28.760000,-11.7105,7.9582,82.1937,67.5088,14.6849
"BlendPCA-F (w=0.50, K=20/20)",2,periodavg_0894-0896,28.800000,-11.6235,6.7335,81.4200,67.5088,13.9111
"BlendPCA-F (w=0.50, K=20/20)",2,periodavg_0894-0896,28.853333,-11.6916,7.7086,81.1741,67.5088,13.6653
"BlendPCA-F (w=0.50, K=20/20)",2,periodavg_0894-0896,28.906667,-11.7096,6.2130,82.4854,67.5088,14.9766
"BlendPCA-F (w=0.50, K=20/20)",2,periodavg_0894-0896,28.960000,-11.6743,6.9044,82.0938,67.5088,14.5850
"BlendPCA-F (w=0.50, K=20/20)",2,periodavg_0894-0896,29.000000,-11.7286,6.8987,81.7007,67.5088,14.1919
"BlendPCA-F (w=0.50, K=20/20)",2,periodavg_0894-0896,29.053333,-11.6986,5.3049,81.2654,67.5088,13.7566
"BlendPCA-F (w=0.50, K=20/20)",2,periodavg_0894-0896,29.106667,-11.7626,6.2186,81.6486,67.5088,14.1397
"BlendPCA-F (w=0.50, K=20/20)",2,periodavg_0894-0896,29.160000,-11.7441,6.7463,82.2199,67.5088,14.7111
"BlendPCA-F (w=0.50, K=20/20)",2,periodavg_0894-0896,29.200000,-11.7538,8.5737,81.7844,67.5088,14.2755
"BlendPCA-F (w=0.50, K=20/20)",2,periodavg_0894-0896,29.253333,-11.6135,8.5310,83.0638,67.5088,15.5550
"BlendPCA-F (w=0.50, K=20/20)",2,periodavg_0894-0896,29.306667,-11.6522,7.5975,82.2437,67.5088,14.7348
"BlendPCA-F (w=0.50, K=20/20)",2,periodavg_0894-0896,29.360000,-11.6958,6.4320,81.8913,67.5088,14.3824
"BlendPCA-F (w=0.50, K=20/20)",2,periodavg_0894-0896,29.400000,-11.6704,7.7271,81.7256,67.5088,14.2168
"BlendPCA-F (w=0.50, K=20/20)",2,periodavg_0894-0896,29.453333,-11.7032,6.8338,82.1624,67.5088,14.6536
"BlendPCA-F (w=0.50, K=20/20)",2,periodavg_0894-0896,29.506667,-11.7399,7.9187,82.3251,67.5088,14.8163
"BlendPCA-F (w=0.50, K=20/20)",2,periodavg_0894-0896,29.560000,-11.7579,7.6838,81.9953,67.5088,14.4865
"BlendPCA-F (w=0.50, K=20/20)",2,periodavg_0894-0896,29.600000,-11.6842,6.7678,81.8511,67.5088,14.3422
"BlendPCA-F (w=0.50, K=20/20)",2,periodavg_0894-0896,29.653333,-11.7056,7.2256,82.0347,67.5088,14.5258
"BlendPCA-F (w=0.50, K=20/20)",2,periodavg_0894-0896,29.706667,-11.6854,6.9861,81.9757,67.5088,14.4668
"BlendPCA-F (w=0.50, K=20/20)",2,periodavg_0894-0896,29.760000,-11.6534,6.9919,81.8001,67.5088,14.2912
"BlendPCA-F (w=0.50, K=20/20)",2,periodavg_0894-0896,29.800000,-11.5748,7.0116,82.2685,67.5088,14.7597
"BlendPCA-F (w=0.50, K=20/20)",2,periodavg_0894-0896,29.853333,-11.5903,7.7946,82.7538,67.5088,15.2450
"BlendPCA-F (w=0.50, K=20/20)",2,periodavg_0894-0896,29.906667,-11.6590,8.0817,82.6403,67.5088,15.1315
"BlendPCA-F (w=0.50, K=20/20)",2,periodavg_0894-0896,29.960000,-11.8460,7.2020,81.6771,67.5088,14.1682
"BlendPCA-F (w=0.50, K=20/20)",2,periodavg_0894-0896,30.000000,-11.6225,6.7724,82.7506,67.5088,15.2418
"BlendPCA-F (w=0.50, K=20/20)",3,periodavg_0870-0872,30.013333,2.3389,-9.9174,72.3838,79.1852,-6.8014
"BlendPCA-F (w=0.50, K=20/20)",3,periodavg_0870-0872,30.053333,-0.2358,-1.1682,75.5519,79.1852,-3.6333
"BlendPCA-F (w=0.50, K=20/20)",3,periodavg_0870-0872,30.106667,-2.6922,0.7850,77.7397,79.1852,-1.4455
"BlendPCA-F (w=0.50, K=20/20)",3,periodavg_0870-0872,30.160000,-4.0411,2.0566,78.6305,79.1852,-0.5548
"BlendPCA-F (w=0.50, K=20/20)",3,periodavg_0870-0872,30.200000,-4.9087,2.3347,79.5520,79.1852,0.3668
"BlendPCA-F (w=0.50, K=20/20)",3,periodavg_0870-0872,30.253333,-6.0219,2.3514,80.4151,79.1852,1.2299
"BlendPCA-F (w=0.50, K=20/20)",3,periodavg_0870-0872,30.306667,-6.9702,3.7832,81.8386,79.1852,2.6533
"BlendPCA-F (w=0.50, K=20/20)",3,periodavg_0870-0872,30.360000,-7.8355,4.7026,83.1209,79.1852,3.9357
"BlendPCA-F (w=0.50, K=20/20)",3,periodavg_0870-0872,30.400000,-8.6027,4.2669,85.1051,79.1852,5.9198
"BlendPCA-F (w=0.50, K=20/20)",3,periodavg_0870-0872,30.453333,-9.2790,3.1428,86.6800,79.1852,7.4948
"BlendPCA-F (w=0.50, K=20/20)",3,periodavg_0870-0872,30.506667,-10.1878,3.6115,87.4231,79.1852,8.2379
"BlendPCA-F (w=0.50, K=20/20)",3,periodavg_0870-0872,30.560000,-10.7716,4.1813,88.2238,79.1852,9.0385
"BlendPCA-F (w=0.50, K=20/20)",3,periodavg_0870-0872,30.600000,-11.4591,2.9499,89.4064,79.1852,10.2212
"BlendPCA-F (w=0.50, K=20/20)",3,periodavg_0870-0872,30.653333,-11.9689,4.1200,89.7236,79.1852,10.5384
"BlendPCA-F (w=0.50, K=20/20)",3,periodavg_0870-0872,30.706667,-12.5584,3.8662,90.2896,79.1852,11.1043
"BlendPCA-F (w=0.50, K=20/20)",3,periodavg_0870-0872,30.760000,-13.1832,5.6532,90.7490,79.1852,11.5638
"BlendPCA-F (w=0.50, K=20/20)",3,periodavg_0870-0872,30.800000,-13.4623,5.2578,91.2235,79.1852,12.0383
"BlendPCA-F (w=0.50, K=20/20)",3,periodavg_0870-0872,30.853333,-13.7270,4.2540,91.8315,79.1852,12.6462
"BlendPCA-F (w=0.50, K=20/20)",3,periodavg_0870-0872,30.906667,-14.2477,3.8803,92.3676,79.1852,13.1823
"BlendPCA-F (w=0.50, K=20/20)",3,periodavg_0870-0872,30.960000,-14.8893,4.8632,93.0015,79.1852,13.8162
"BlendPCA-F (w=0.50, K=20/20)",3,periodavg_0870-0872,31.000000,-15.0689,4.6893,93.0960,79.1852,13.9108
"BlendPCA-F (w=0.50, K=20/20)",3,periodavg_0870-0872,31.053333,-15.7610,4.1529,94.5341,79.1852,15.3489
"BlendPCA-F (w=0.50, K=20/20)",3,periodavg_0870-0872,31.106667,-16.0926,4.5230,94.3414,79.1852,15.1562
"BlendPCA-F (w=0.50, K=20/20)",3,periodavg_0870-0872,31.160000,-16.1368,4.3350,93.9434,79.1852,14.7582
"BlendPCA-F (w=0.50, K=20/20)",3,periodavg_0870-0872,31.200000,-16.1826,4.7454,91.3375,79.1852,12.1522
"BlendPCA-F (w=0.50, K=20/20)",3,periodavg_0870-0872,31.253333,-16.9647,3.9495,94.4707,79.1852,15.2855
"BlendPCA-F (w=0.50, K=20/20)",3,periodavg_0870-0872,31.306667,-17.1916,4.2310,94.6153,79.1852,15.4301
"BlendPCA-F (w=0.50, K=20/20)",3,periodavg_0870-0872,31.360000,-17.5053,4.8633,95.3476,79.1852,16.1623
"BlendPCA-F (w=0.50, K=20/20)",3,periodavg_0870-0872,31.400000,-17.3776,6.3342,90.5145,79.1852,11.3292
"BlendPCA-F (w=0.50, K=20/20)",3,periodavg_0870-0872,31.453333,-16.8327,3.9139,90.2141,79.1852,11.0289
"BlendPCA-F (w=0.50, K=20/20)",3,periodavg_0870-0872,31.506667,-17.6968,4.4082,94.6084,79.1852,15.4232
"BlendPCA-F (w=0.50, K=20/20)",3,periodavg_0870-0872,31.560000,-18.3144,5.2900,95.9099,79.1852,16.7246
"BlendPCA-F (w=0.50, K=20/20)",3,periodavg_0870-0872,31.600000,-18.7073,4.7963,97.0402,79.1852,17.8550
"BlendPCA-F (w=0.50, K=20/20)",3,periodavg_0870-0872,31.653333,-17.5361,5.5397,87.9264,79.1852,8.7411
"BlendPCA-F (w=0.50, K=20/20)",3,periodavg_0870-0872,31.706667,-18.2851,6.7992,91.0707,79.1852,11.8855
"BlendPCA-F (w=0.50, K=20/20)",3,periodavg_0870-0872,31.760000,-18.7104,4.5123,96.7876,79.1852,17.6023
"BlendPCA-F (w=0.50, K=20/20)",3,periodavg_0870-0872,31.800000,-18.8120,6.4241,97.2096,79.1852,18.0244
"BlendPCA-F (w=0.50, K=20/20)",3,periodavg_0870-0872,31.853333,-18.9152,4.7418,96.3301,79.1852,17.1449
"BlendPCA-F (w=0.50, K=20/20)",3,periodavg_0870-0872,31.906667,-18.3499,4.2023,92.0896,79.1852,12.9044
"BlendPCA-F (w=0.50, K=20/20)",3,periodavg_0870-0872,31.960000,-19.4187,4.5794,97.3651,79.1852,18.1799
"BlendPCA-F (w=0.50, K=20/20)",3,periodavg_0870-0872,32.000000,-19.4158,4.7059,97.0211,79.1852,17.8359
"BlendPCA-F (w=0.50, K=20/20)",3,periodavg_0870-0872,32.053333,-19.1928,3.9175,98.5022,79.1852,19.3169
"BlendPCA-F (w=0.50, K=20/20)",3,periodavg_0870-0872,32.106667,-19.4547,4.8954,99.6095,79.1852,20.4243
"BlendPCA-F (w=0.50, K=20/20)",3,periodavg_0870-0872,32.160000,-19.2378,4.9438,93.4325,79.1852,14.2472
"BlendPCA-F (w=0.50, K=20/20)",3,periodavg_0870-0872,32.200000,-18.7855,4.0047,98.6764,79.1852,19.4912
"BlendPCA-F (w=0.50, K=20/20)",3,periodavg_0870-0872,32.253333,-19.4768,4.4540,97.9045,79.1852,18.7193
"BlendPCA-F (w=0.50, K=20/20)",3,periodavg_0870-0872,32.306667,-19.1987,5.1533,99.7673,79.1852,20.5820
"BlendPCA-F (w=0.50, K=20/20)",3,periodavg_0870-0872,32.360000,-18.2300,5.6547,88.2622,79.1852,9.0770
"BlendPCA-F (w=0.50, K=20/20)",3,periodavg_0870-0872,32.400000,-20.1561,3.1437,99.5512,79.1852,20.3660
"BlendPCA-F (w=0.50, K=20/20)",3,periodavg_0870-0872,32.453333,-19.1270,5.8269,91.3853,79.1852,12.2001
"BlendPCA-F (w=0.50, K=20/20)",3,periodavg_0870-0872,32.506667,-20.1771,4.1727,97.1473,79.1852,17.9621
"BlendPCA-F (w=0.50, K=20/20)",3,periodavg_0870-0872,32.560000,-20.5745,3.2855,100.7711,79.1852,21.5858
"BlendPCA-F (w=0.50, K=20/20)",3,periodavg_0870-0872,32.600000,-20.3412,5.4421,101.0638,79.1852,21.8786
"BlendPCA-F (w=0.50, K=20/20)",3,periodavg_0870-0872,32.653333,-20.2502,4.4415,99.4353,79.1852,20.2500
"BlendPCA-F (w=0.50, K=20/20)",3,periodavg_0870-0872,32.706667,-20.3025,5.7720,99.2031,79.1852,20.0179
"BlendPCA-F (w=0.50, K=20/20)",3,periodavg_0870-0872,32.760000,-19.5633,4.3303,97.0298,79.1852,17.8445
"BlendPCA-F (w=0.50, K=20/20)",3,periodavg_0870-0872,32.800000,-20.4215,3.9333,101.9758,79.1852,22.7905
"BlendPCA-F (w=0.50, K=20/20)",3,periodavg_0870-0872,32.853333,-19.0277,5.3125,98.7553,79.1852,19.5701
"BlendPCA-F (w=0.50, K=20/20)",3,periodavg_0870-0872,32.906667,-19.7491,4.1073,101.1064,79.1852,21.9211
"BlendPCA-F (w=0.50, K=20/20)",3,periodavg_0870-0872,32.960000,-20.3354,4.3793,101.6702,79.1852,22.4850
"BlendPCA-F (w=0.50, K=20/20)",3,periodavg_0870-0872,33.000000,-20.1544,3.9352,97.7289,79.1852,18.5437
"BlendPCA-F (w=0.50, K=20/20)",3,periodavg_0870-0872,33.053333,-20.6953,6.0953,100.9663,79.1852,21.7811
"BlendPCA-F (w=0.50, K=20/20)",3,periodavg_0870-0872,33.106667,-20.1602,5.4436,93.4402,79.1852,14.2550
"BlendPCA-F (w=0.50, K=20/20)",3,periodavg_0870-0872,33.160000,-20.0503,5.2431,92.8308,79.1852,13.6456
"BlendPCA-F (w=0.50, K=20/20)",3,periodavg_0870-0872,33.200000,-19.5963,5.5121,93.7466,79.1852,14.5613
"BlendPCA-F (w=0.50, K=20/20)",3,periodavg_0870-0872,33.253333,-21.1284,4.5369,98.8485,79.1852,19.6633
"BlendPCA-F (w=0.50, K=20/20)",3,periodavg_0870-0872,33.306667,-20.8471,5.3029,95.9683,79.1852,16.7831
"BlendPCA-F (w=0.50, K=20/20)",3,periodavg_0870-0872,33.360000,-21.0295,5.4596,94.1676,79.1852,14.9824
"BlendPCA-F (w=0.50, K=20/20)",3,periodavg_0870-0872,33.400000,-20.5679,4.7363,102.3583,79.1852,23.1731
"BlendPCA-F (w=0.50, K=20/20)",3,periodavg_0870-0872,33.453333,-21.2752,4.3104,98.5945,79.1852,19.4093
"BlendPCA-F (w=0.50, K=20/20)",3,periodavg_0870-0872,33.506667,-20.6306,6.3140,93.8793,79.1852,14.6941
"BlendPCA-F (w=0.50, K=20/20)",3,periodavg_0870-0872,33.560000,-20.6396,5.8597,91.9160,79.1852,12.7308
"BlendPCA-F (w=0.50, K=20/20)",3,periodavg_0870-0872,33.600000,-19.2511,4.0822,93.5737,79.1852,14.3885
"BlendPCA-F (w=0.50, K=20/20)",3,periodavg_0870-0872,33.653333,-20.8072,3.7584,102.4638,79.1852,23.2786
"BlendPCA-F (w=0.50, K=20/20)",3,periodavg_0870-0872,33.706667,-19.0891,5.3384,88.5075,79.1852,9.3223
"BlendPCA-F (w=0.50, K=20/20)",3,periodavg_0870-0872,33.760000,-19.6325,4.4278,89.7809,79.1852,10.5957
"BlendPCA-F (w=0.50, K=20/20)",3,periodavg_0870-0872,33.800000,-20.6574,4.4748,94.1059,79.1852,14.9207
"BlendPCA-F (w=0.50, K=20/20)",3,periodavg_0870-0872,33.853333,-18.8960,4.6808,88.6820,79.1852,9.4968
"BlendPCA-F (w=0.50, K=20/20)",3,periodavg_0870-0872,33.906667,-21.1236,4.1969,99.3311,79.1852,20.1459
"BlendPCA-F (w=0.50, K=20/20)",3,periodavg_0870-0872,33.960000,-20.4796,3.5760,98.0219,79.1852,18.8367
"BlendPCA-F (w=0.50, K=20/20)",3,periodavg_0870-0872,34.000000,-21.4562,5.7967,96.7182,79.1852,17.5330
"BlendPCA-F (w=0.50, K=20/20)",3,periodavg_0870-0872,34.053333,-20.8937,4.0108,93.8353,79.1852,14.6501
"BlendPCA-F (w=0.50, K=20/20)",3,periodavg_0870-0872,34.106667,-20.7123,4.4771,95.0018,79.1852,15.8166
"BlendPCA-F (w=0.50, K=20/20)",3,periodavg_0870-0872,34.160000,-21.7368,5.1715,102.1190,79.1852,22.9337
"BlendPCA-F (w=0.50, K=20/20)",3,periodavg_0870-0872,34.200000,-21.2405,4.7542,100.9894,79.1852,21.8042
"BlendPCA-F (w=0.50, K=20/20)",3,periodavg_0870-0872,34.253333,-21.1497,4.9507,99.6327,79.1852,20.4475
"BlendPCA-F (w=0.50, K=20/20)",3,periodavg_0870-0872,34.306667,-21.3438,4.2376,99.0041,79.1852,19.8188
"BlendPCA-F (w=0.50, K=20/20)",3,periodavg_0870-0872,34.360000,-21.3235,4.9997,101.9506,79.1852,22.7653
"BlendPCA-F (w=0.50, K=20/20)",3,periodavg_0870-0872,34.400000,-20.0057,3.1582,96.1323,79.1852,16.9471
"BlendPCA-F (w=0.50, K=20/20)",3,periodavg_0870-0872,34.453333,-20.8033,5.2989,101.3563,79.1852,22.1711
"BlendPCA-F (w=0.50, K=20/20)",3,periodavg_0870-0872,34.506667,-20.7558,4.1553,94.0789,79.1852,14.8937
"BlendPCA-F (w=0.50, K=20/20)",3,periodavg_0870-0872,34.560000,-19.5286,5.0381,98.6404,79.1852,19.4552
"BlendPCA-F (w=0.50, K=20/20)",3,periodavg_0870-0872,34.600000,-21.3738,5.3766,95.1916,79.1852,16.0064
"BlendPCA-F (w=0.50, K=20/20)",3,periodavg_0870-0872,34.653333,-21.4315,5.6543,98.4360,79.1852,19.2507
"BlendPCA-F (w=0.50, K=20/20)",3,periodavg_0870-0872,34.706667,-21.3338,5.5545,101.4200,79.1852,22.2347
"BlendPCA-F (w=0.50, K=20/20)",3,periodavg_0870-0872,34.760000,-20.8102,5.3489,95.1541,79.1852,15.9689
"BlendPCA-F (w=0.50, K=20/20)",3,periodavg_0870-0872,34.800000,-20.0280,5.6588,89.4284,79.1852,10.2431
"BlendPCA-F (w=0.50, K=20/20)",3,periodavg_0870-0872,34.853333,-21.4268,5.3952,94.9064,79.1852,15.7212
"BlendPCA-F (w=0.50, K=20/20)",3,periodavg_0870-0872,34.906667,-21.2812,4.2259,95.7791,79.1852,16.5938
"BlendPCA-F (w=0.50, K=20/20)",3,periodavg_0870-0872,34.960000,-20.6475,4.7964,94.1132,79.1852,14.9280
"BlendPCA-F (w=0.50, K=20/20)",3,periodavg_0870-0872,35.000000,-20.7624,4.7027,91.9921,79.1852,12.8069
"BlendPCA-F (w=0.50, K=20/20)",3,periodavg_0870-0872,35.053333,-20.6580,4.5384,91.4296,79.1852,12.2444
"BlendPCA-F (w=0.50, K=20/20)",3,periodavg_0870-0872,35.106667,-21.6326,3.8498,99.7754,79.1852,20.5902
"BlendPCA-F (w=0.50, K=20/20)",3,periodavg_0870-0872,35.160000,-21.6431,4.6200,101.5422,79.1852,22.3570
"BlendPCA-F (w=0.50, K=20/20)",3,periodavg_0870-0872,35.200000,-21.2611,3.2954,101.6480,79.1852,22.4628
"BlendPCA-F (w=0.50, K=20/20)",3,periodavg_0870-0872,35.253333,-21.9049,4.4783,101.3957,79.1852,22.2105
"BlendPCA-F (w=0.50, K=20/20)",3,periodavg_0870-0872,35.306667,-21.3680,4.9423,101.1773,79.1852,21.9920
"BlendPCA-F (w=0.50, K=20/20)",3,periodavg_0870-0872,35.360000,-20.5362,5.9437,92.1096,79.1852,12.9243
"BlendPCA-F (w=0.50, K=20/20)",3,periodavg_0870-0872,35.400000,-20.9675,4.4555,93.7558,79.1852,14.5705
"BlendPCA-F (w=0.50, K=20/20)",3,periodavg_0870-0872,35.453333,-20.6944,5.3906,91.9389,79.1852,12.7536
"BlendPCA-F (w=0.50, K=20/20)",3,periodavg_0870-0872,35.506667,-21.4880,5.0625,96.2370,79.1852,17.0518
"BlendPCA-F (w=0.50, K=20/20)",3,periodavg_0870-0872,35.560000,-21.1757,3.9716,95.8660,79.1852,16.6808
"BlendPCA-F (w=0.50, K=20/20)",3,periodavg_0870-0872,35.600000,-21.1408,3.0726,95.7828,79.1852,16.5976
"BlendPCA-F (w=0.50, K=20/20)",3,periodavg_0870-0872,35.653333,-18.6167,6.0977,88.3291,79.1852,9.1439
"BlendPCA-F (w=0.50, K=20/20)",3,periodavg_0870-0872,35.706667,-21.0070,3.2157,96.9303,79.1852,17.7450
"BlendPCA-F (w=0.50, K=20/20)",3,periodavg_0870-0872,35.760000,-21.0779,4.6703,100.6074,79.1852,21.4222
"BlendPCA-F (w=0.50, K=20/20)",3,periodavg_0870-0872,35.800000,-21.6494,4.6106,101.8755,79.1852,22.6903
"BlendPCA-F (w=0.50, K=20/20)",3,periodavg_0870-0872,35.853333,-18.5905,3.4498,93.7807,79.1852,14.5954
"BlendPCA-F (w=0.50, K=20/20)",3,periodavg_0870-0872,35.906667,-20.6979,3.6274,98.1686,79.1852,18.9834
"BlendPCA-F (w=0.50, K=20/20)",3,periodavg_0870-0872,35.960000,-20.9891,5.1025,97.8243,79.1852,18.6390
"BlendPCA-F (w=0.50, K=20/20)",3,periodavg_0870-0872,36.000000,-20.9339,4.9058,97.4863,79.1852,18.3011
"BlendPCA-F (w=0.50, K=20/20)",3,periodavg_0870-0872,36.053333,-21.7663,4.6404,101.6360,79.1852,22.4508
"BlendPCA-F (w=0.50, K=20/20)",3,periodavg_0870-0872,36.106667,-20.6619,4.4355,99.0103,79.1852,19.8250
"BlendPCA-F (w=0.50, K=20/20)",3,periodavg_0870-0872,36.160000,-20.5992,4.6346,95.4682,79.1852,16.2830
"BlendPCA-F (w=0.50, K=20/20)",3,periodavg_0870-0872,36.200000,-20.4538,5.8999,93.2904,79.1852,14.1052
"BlendPCA-F (w=0.50, K=20/20)",3,periodavg_0870-0872,36.253333,-21.2767,4.7537,101.6939,79.1852,22.5086
"BlendPCA-F (w=0.50, K=20/20)",3,periodavg_0870-0872,36.306667,-20.9436,4.9249,96.1748,79.1852,16.9895
"BlendPCA-F (w=0.50, K=20/20)",3,periodavg_0870-0872,36.360000,-21.6194,4.7188,101.4198,79.1852,22.2345
"BlendPCA-F (w=0.50, K=20/20)",3,periodavg_0870-0872,36.400000,-21.1447,4.9716,101.9331,79.1852,22.7479
"BlendPCA-F (w=0.50, K=20/20)",3,periodavg_0870-0872,36.453333,-21.0103,6.0525,102.1828,79.1852,22.9976
"BlendPCA-F (w=0.50, K=20/20)",3,periodavg_0870-0872,36.506667,-20.6371,4.1764,95.8600,79.1852,16.6748
"BlendPCA-F (w=0.50, K=20/20)",3,periodavg_0870-0872,36.560000,-20.1823,4.3279,93.0755,79.1852,13.8903
"BlendPCA-F (w=0.50, K=20/20)",3,periodavg_0870-0872,36.600000,-20.5534,4.0979,101.0618,79.1852,21.8765
"BlendPCA-F (w=0.50, K=20/20)",3,periodavg_0870-0872,36.653333,-20.5741,4.9345,95.6591,79.1852,16.4739
"BlendPCA-F (w=0.50, K=20/20)",3,periodavg_0870-0872,36.706667,-20.2618,3.8475,99.4125,79.1852,20.2273
"BlendPCA-F (w=0.50, K=20/20)",3,periodavg_0870-0872,36.760000,-19.8326,4.9252,101.8939,79.1852,22.7087
"BlendPCA-F (w=0.50, K=20/20)",3,periodavg_0870-0872,36.800000,-19.7514,3.4560,102.0020,79.1852,22.8168
"BlendPCA-F (w=0.50, K=20/20)",3,periodavg_0870-0872,36.853333,-20.7218,4.4380,94.9665,79.1852,15.7813
"BlendPCA-F (w=0.50, K=20/20)",3,periodavg_0870-0872,36.906667,-21.1910,3.8462,100.2125,79.1852,21.0273
"BlendPCA-F (w=0.50, K=20/20)",3,periodavg_0870-0872,36.960000,-19.6391,5.1178,89.7627,79.1852,10.5775
"BlendPCA-F (w=0.50, K=20/20)",3,periodavg_0870-0872,37.000000,-20.7781,4.7516,96.5613,79.1852,17.3761
"BlendPCA-F (w=0.50, K=20/20)",3,periodavg_0870-0872,37.053333,-20.8752,5.0860,97.5251,79.1852,18.3399
"BlendPCA-F (w=0.50, K=20/20)",3,periodavg_0870-0872,37.106667,-20.9924,5.2103,101.4938,79.1852,22.3086
"BlendPCA-F (w=0.50, K=20/20)",3,periodavg_0870-0872,37.160000,-21.0262,3.8639,97.2005,79.1852,18.0152
"BlendPCA-F (w=0.50, K=20/20)",3,periodavg_0870-0872,37.200000,-20.8486,3.9561,97.4297,79.1852,18.2445
"BlendPCA-F (w=0.50, K=20/20)",3,periodavg_0870-0872,37.253333,-21.1661,3.8580,95.3513,79.1852,16.1660
"BlendPCA-F (w=0.50, K=20/20)",3,periodavg_0870-0872,37.306667,-21.0235,5.9610,96.1655,79.1852,16.9803
"BlendPCA-F (w=0.50, K=20/20)",3,periodavg_0870-0872,37.360000,-21.2015,3.9789,101.6495,79.1852,22.4643
"BlendPCA-F (w=0.50, K=20/20)",3,periodavg_0870-0872,37.400000,-20.6597,3.9696,98.8106,79.1852,19.6254
"BlendPCA-F (w=0.50, K=20/20)",3,periodavg_0870-0872,37.453333,-21.4329,4.2997,102.0599,79.1852,22.8746
"BlendPCA-F (w=0.50, K=20/20)",3,periodavg_0870-0872,37.506667,-20.5292,3.3397,102.4211,79.1852,23.2359
"BlendPCA-F (w=0.50, K=20/20)",3,periodavg_0870-0872,37.560000,-20.1406,5.8690,98.6697,79.1852,19.4845
"BlendPCA-F (w=0.50, K=20/20)",3,periodavg_0870-0872,37.600000,-20.5232,3.1479,96.6904,79.1852,17.5052
"BlendPCA-F (w=0.50, K=20/20)",3,periodavg_0870-0872,37.653333,-19.8060,4.4596,90.5876,79.1852,11.4024
"BlendPCA-F (w=0.50, K=20/20)",3,periodavg_0870-0872,37.706667,-20.7774,4.5947,94.5159,79.1852,15.3307
"BlendPCA-F (w=0.50, K=20/20)",3,periodavg_0870-0872,37.760000,-19.3181,5.2805,87.8069,79.1852,8.6216
"BlendPCA-F (w=0.50, K=20/20)",3,periodavg_0870-0872,37.800000,-21.0291,5.9929,95.2594,79.1852,16.0742
"BlendPCA-F (w=0.50, K=20/20)",3,periodavg_0870-0872,37.853333,-19.7482,4.5197,89.2138,79.1852,10.0286
"BlendPCA-F (w=0.50, K=20/20)",3,periodavg_0870-0872,37.906667,-21.1037,3.9071,101.3970,79.1852,22.2117
"BlendPCA-F (w=0.50, K=20/20)",3,periodavg_0870-0872,37.960000,-20.9425,4.7274,94.6860,79.1852,15.5007
"BlendPCA-F (w=0.50, K=20/20)",3,periodavg_0870-0872,38.000000,-20.4212,4.9605,95.3935,79.1852,16.2083
"BlendPCA-F (w=0.50, K=20/20)",3,periodavg_0870-0872,38.053333,-20.8365,5.4289,96.5448,79.1852,17.3596
"BlendPCA-F (w=0.50, K=20/20)",3,periodavg_0870-0872,38.106667,-21.2330,4.4667,102.1433,79.1852,22.9581
"BlendPCA-F (w=0.50, K=20/20)",3,periodavg_0870-0872,38.160000,-21.1550,4.1536,96.6875,79.1852,17.5022
"BlendPCA-F (w=0.50, K=20/20)",3,periodavg_0870-0872,38.200000,-19.8580,4.4708,99.3897,79.1852,20.2045
"BlendPCA-F (w=0.50, K=20/20)",3,periodavg_0870-0872,38.253333,-20.5469,5.2952,95.9888,79.1852,16.8035
"BlendPCA-F (w=0.50, K=20/20)",3,periodavg_0870-0872,38.306667,-19.5091,6.1525,90.9469,79.1852,11.7617
"BlendPCA-F (w=0.50, K=20/20)",3,periodavg_0870-0872,38.360000,-21.5033,3.8956,102.2075,79.1852,23.0223
"BlendPCA-F (w=0.50, K=20/20)",3,periodavg_0870-0872,38.400000,-20.9668,5.1331,94.7213,79.1852,15.5360
"BlendPCA-F (w=0.50, K=20/20)",3,periodavg_0870-0872,38.453333,-21.4477,4.6633,98.9103,79.1852,19.7250
"BlendPCA-F (w=0.50, K=20/20)",3,periodavg_0870-0872,38.506667,-20.2533,3.7786,97.0490,79.1852,17.8638
"BlendPCA-F (w=0.50, K=20/20)",3,periodavg_0870-0872,38.560000,-20.1223,3.5690,94.5237,79.1852,15.3384
"BlendPCA-F (w=0.50, K=20/20)",3,periodavg_0870-0872,38.600000,-21.5981,4.1517,100.3619,79.1852,21.1767
"BlendPCA-F (w=0.50, K=20/20)",3,periodavg_0870-0872,38.653333,-21.3722,5.4694,97.0548,79.1852,17.8696
"BlendPCA-F (w=0.50, K=20/20)",3,periodavg_0870-0872,38.706667,-19.9665,4.4175,90.1586,79.1852,10.9733
"BlendPCA-F (w=0.50, K=20/20)",3,periodavg_0870-0872,38.760000,-18.6221,4.7611,86.8849,79.1852,7.6997
"BlendPCA-F (w=0.50, K=20/20)",3,periodavg_0870-0872,38.800000,-21.1725,4.3300,95.9372,79.1852,16.7520
"BlendPCA-F (w=0.50, K=20/20)",3,periodavg_0870-0872,38.853333,-20.0936,3.6041,101.4163,79.1852,22.2311
"BlendPCA-F (w=0.50, K=20/20)",3,periodavg_0870-0872,38.906667,-19.5992,5.4968,95.4264,79.1852,16.2411
"BlendPCA-F (w=0.50, K=20/20)",3,periodavg_0870-0872,38.960000,-21.0007,4.7928,101.3148,79.1852,22.1295
"BlendPCA-F (w=0.50, K=20/20)",3,periodavg_0870-0872,39.000000,-21.1504,5.3031,101.3641,79.1852,22.1789
"BlendPCA-F (w=0.50, K=20/20)",3,periodavg_0870-0872,39.053333,-19.8984,4.8613,95.4678,79.1852,16.2825
"BlendPCA-F (w=0.50, K=20/20)",3,periodavg_0870-0872,39.106667,-19.1660,4.5869,93.8639,79.1852,14.6787
"BlendPCA-F (w=0.50, K=20/20)",3,periodavg_0870-0872,39.160000,-20.5019,3.2989,102.3656,79.1852,23.1804
"BlendPCA-F (w=0.50, K=20/20)",3,periodavg_0870-0872,39.200000,-19.2246,4.5943,94.8288,79.1852,15.6435
"BlendPCA-F (w=0.50, K=20/20)",3,periodavg_0870-0872,39.253333,-20.8746,4.5794,95.9398,79.1852,16.7546
"BlendPCA-F (w=0.50, K=20/20)",3,periodavg_0870-0872,39.306667,-21.1252,4.6349,92.6406,79.1852,13.4554
"BlendPCA-F (w=0.50, K=20/20)",3,periodavg_0870-0872,39.360000,-21.1055,4.7590,96.7292,79.1852,17.5440
"BlendPCA-F (w=0.50, K=20/20)",3,periodavg_0870-0872,39.400000,-20.4561,3.9263,98.8989,79.1852,19.7136
"BlendPCA-F (w=0.50, K=20/20)",3,periodavg_0870-0872,39.453333,-21.3790,4.7802,100.8362,79.1852,21.6509
"BlendPCA-F (w=0.50, K=20/20)",3,periodavg_0870-0872,39.506667,-21.1571,4.8905,101.6612,79.1852,22.4760
"BlendPCA-F (w=0.50, K=20/20)",3,periodavg_0870-0872,39.560000,-20.3156,5.8492,91.8967,79.1852,12.7115
"BlendPCA-F (w=0.50, K=20/20)",3,periodavg_0870-0872,39.600000,-20.6916,4.9327,94.9328,79.1852,15.7476
"BlendPCA-F (w=0.50, K=20/20)",3,periodavg_0870-0872,39.653333,-20.5541,3.9738,92.9009,79.1852,13.7156
"BlendPCA-F (w=0.50, K=20/20)",3,periodavg_0870-0872,39.706667,-20.7338,3.9273,94.9338,79.1852,15.7486
"BlendPCA-F (w=0.50, K=20/20)",3,periodavg_0870-0872,39.760000,-20.8690,4.2804,95.3428,79.1852,16.1576
"BlendPCA-F (w=0.50, K=20/20)",3,periodavg_0870-0872,39.800000,-21.4248,4.9235,100.2837,79.1852,21.0985
"BlendPCA-F (w=0.50, K=20/20)",3,periodavg_0870-0872,39.853333,-20.9475,5.2725,100.9662,79.1852,21.7810
"BlendPCA-F (w=0.50, K=20/20)",3,periodavg_0870-0872,39.906667,-20.8683,4.1416,98.7557,79.1852,19.5705
"BlendPCA-F (w=0.50, K=20/20)",3,periodavg_0870-0872,39.960000,-19.8724,4.3119,95.7744,79.1852,16.5891
"BlendPCA-F (w=0.50, K=20/20)",3,periodavg_0870-0872,40.000000,-21.2600,3.8337,100.3423,79.1852,21.1571
"BlendPCA-F (dynamic, w0=0.50, mu_lambda=1.0e-02, K=20/20)",0,periodavg_1056-1058,0.013333,-6.0892,3.3029,86.1514,84.0444,2.1070
"BlendPCA-F (dynamic, w0=0.50, mu_lambda=1.0e-02, K=20/20)",0,periodavg_1056-1058,0.053333,-8.7153,3.5598,92.5356,84.0444,8.4912
"BlendPCA-F (dynamic, w0=0.50, mu_lambda=1.0e-02, K=20/20)",0,periodavg_1056-1058,0.106667,-9.7003,3.2664,89.5181,84.0444,5.4737
"BlendPCA-F (dynamic, w0=0.50, mu_lambda=1.0e-02, K=20/20)",0,periodavg_1056-1058,0.160000,-9.7978,3.4184,94.2555,84.0444,10.2111
"BlendPCA-F (dynamic, w0=0.50, mu_lambda=1.0e-02, K=20/20)",0,periodavg_1056-1058,0.200000,-10.2181,3.9844,94.7152,84.0444,10.6708
"BlendPCA-F (dynamic, w0=0.50, mu_lambda=1.0e-02, K=20/20)",0,periodavg_1056-1058,0.253333,-9.9011,2.1597,92.3142,84.0444,8.2698
"BlendPCA-F (dynamic, w0=0.50, mu_lambda=1.0e-02, K=20/20)",0,periodavg_1056-1058,0.306667,-10.0006,2.4702,87.5210,84.0444,3.4766
"BlendPCA-F (dynamic, w0=0.50, mu_lambda=1.0e-02, K=20/20)",0,periodavg_1056-1058,0.360000,-10.4060,2.9140,88.9943,84.0444,4.9498
"BlendPCA-F (dynamic, w0=0.50, mu_lambda=1.0e-02, K=20/20)",0,periodavg_1056-1058,0.400000,-10.8161,2.2060,91.9979,84.0444,7.9535
"BlendPCA-F (dynamic, w0=0.50, mu_lambda=1.0e-02, K=20/20)",0,periodavg_1056-1058,0.453333,-10.9419,1.7356,95.1434,84.0444,11.0990
"BlendPCA-F (dynamic, w0=0.50, mu_lambda=1.0e-02, K=20/20)",0,periodavg_1056-1058,0.506667,-10.4639,3.0537,90.8763,84.0444,6.8318
"BlendPCA-F (dynamic, w0=0.50, mu_lambda=1.0e-02, K=20/20)",0,periodavg_1056-1058,0.560000,-10.6268,3.1800,90.7922,84.0444,6.7478
"BlendPCA-F (dynamic, w0=0.50, mu_lambda=1.0e-02, K=20/20)",0,periodavg_1056-1058,0.600000,-10.8686,2.9716,93.5400,84.0444,9.4956
"BlendPCA-F (dynamic, w0=0.50, mu_lambda=1.0e-02, K=20/20)",0,periodavg_1056-1058,0.653333,-10.1429,2.5696,92.3368,84.0444,8.2924
"BlendPCA-F (dynamic, w0=0.50, mu_lambda=1.0e-02, K=20/20)",0,periodavg_1056-1058,0.706667,-10.8669,3.2046,92.7977,84.0444,8.7533
"BlendPCA-F (dynamic, w0=0.50, mu_lambda=1.0e-02, K=20/20)",0,periodavg_1056-1058,0.760000,-10.5902,3.0794,92.6717,84.0444,8.6273
"BlendPCA-F (dynamic, w0=0.50, mu_lambda=1.0e-02, K=20/20)",0,periodavg_1056-1058,0.800000,-11.3758,3.0210,93.7673,84.0444,9.7229
"BlendPCA-F (dynamic, w0=0.50, mu_lambda=1.0e-02, K=20/20)",0,periodavg_1056-1058,0.853333,-11.4816,1.8119,93.5557,84.0444,9.5113
"BlendPCA-F (dynamic, w0=0.50, mu_lambda=1.0e-02, K=20/20)",0,periodavg_1056-1058,0.906667,-11.8540,2.5818,94.1822,84.0444,10.1378
"BlendPCA-F (dynamic, w0=0.50, mu_lambda=1.0e-02, K=20/20)",0,periodavg_1056-1058,0.960000,-11.2139,4.0306,88.3988,84.0444,4.3544
"BlendPCA-F (dynamic, w0=0.50, mu_lambda=1.0e-02, K=20/20)",0,periodavg_1056-1058,1.000000,-11.5664,2.2753,92.7511,84.0444,8.7067
"BlendPCA-F (dynamic, w0=0.50, mu_lambda=1.0e-02, K=20/20)",0,periodavg_1056-1058,1.053333,-11.4125,2.8440,88.9599,84.0444,4.9155
"BlendPCA-F (dynamic, w0=0.50, mu_lambda=1.0e-02, K=20/20)",0,periodavg_1056-1058,1.106667,-11.6321,1.9912,91.9410,84.0444,7.8966
"BlendPCA-F (dynamic, w0=0.50, mu_lambda=1.0e-02, K=20/20)",0,periodavg_1056-1058,1.160000,-11.7289,2.8983,94.4516,84.0444,10.4072
"BlendPCA-F (dynamic, w0=0.50, mu_lambda=1.0e-02, K=20/20)",0,periodavg_1056-1058,1.200000,-11.1436,2.0290,89.1580,84.0444,5.1136
"BlendPCA-F (dynamic, w0=0.50, mu_lambda=1.0e-02, K=20/20)",0,periodavg_1056-1058,1.253333,-12.5100,2.8081,94.2529,84.0444,10.2085
"BlendPCA-F (dynamic, w0=0.50, mu_lambda=1.0e-02, K=20/20)",0,periodavg_1056-1058,1.306667,-11.3899,0.9612,87.1657,84.0444,3.1213
"BlendPCA-F (dynamic, w0=0.50, mu_lambda=1.0e-02, K=20/20)",0,periodavg_1056-1058,1.360000,-11.9883,2.5961,90.6737,84.0444,6.6293
"BlendPCA-F (dynamic, w0=0.50, mu_lambda=1.0e-02, K=20/20)",0,periodavg_1056-1058,1.400000,-12.4666,3.6448,93.3378,84.0444,9.2934
"BlendPCA-F (dynamic, w0=0.50, mu_lambda=1.0e-02, K=20/20)",0,periodavg_1056-1058,1.453333,-12.8572,2.9195,94.2622,84.0444,10.2178
"BlendPCA-F (dynamic, w0=0.50, mu_lambda=1.0e-02, K=20/20)",0,periodavg_1056-1058,1.506667,-12.8974,2.4527,94.6240,84.0444,10.5796
"BlendPCA-F (dynamic, w0=0.50, mu_lambda=1.0e-02, K=20/20)",0,periodavg_1056-1058,1.560000,-11.9601,3.4586,91.3753,84.0444,7.3309
"BlendPCA-F (dynamic, w0=0.50, mu_lambda=1.0e-02, K=20/20)",0,periodavg_1056-1058,1.600000,-12.6865,3.1228,95.1144,84.0444,11.0700
"BlendPCA-F (dynamic, w0=0.50, mu_lambda=1.0e-02, K=20/20)",0,periodavg_1056-1058,1.653333,-12.9419,2.0665,95.1953,84.0444,11.1509
"BlendPCA-F (dynamic, w0=0.50, mu_lambda=1.0e-02, K=20/20)",0,periodavg_1056-1058,1.706667,-13.3891,2.3741,95.0841,84.0444,11.0397
"BlendPCA-F (dynamic, w0=0.50, mu_lambda=1.0e-02, K=20/20)",0,periodavg_1056-1058,1.760000,-13.1723,2.3444,94.4686,84.0444,10.4242
"BlendPCA-F (dynamic, w0=0.50, mu_lambda=1.0e-02, K=20/20)",0,periodavg_1056-1058,1.800000,-13.5291,1.9487,95.3008,84.0444,11.2564
"BlendPCA-F (dynamic, w0=0.50, mu_lambda=1.0e-02, K=20/20)",0,periodavg_1056-1058,1.853333,-12.9349,3.4785,94.0475,84.0444,10.0031
"BlendPCA-F (dynamic, w0=0.50, mu_lambda=1.0e-02, K=20/20)",0,periodavg_1056-1058,1.906667,-13.3310,2.3769,97.2347,84.0444,13.1903
"BlendPCA-F (dynamic, w0=0.50, mu_lambda=1.0e-02, K=20/20)",0,periodavg_1056-1058,1.960000,-14.0883,3.3354,96.0282,84.0444,11.9838
"BlendPCA-F (dynamic, w0=0.50, mu_lambda=1.0e-02, K=20/20)",0,periodavg_1056-1058,2.000000,-13.2683,2.6293,93.8879,84.0444,9.8435
"BlendPCA-F (dynamic, w0=0.50, mu_lambda=1.0e-02, K=20/20)",0,periodavg_1056-1058,2.053333,-14.4593,2.7355,96.1162,84.0444,12.0718
"BlendPCA-F (dynamic, w0=0.50, mu_lambda=1.0e-02, K=20/20)",0,periodavg_1056-1058,2.106667,-13.7931,2.7684,93.8211,84.0444,9.7767
"BlendPCA-F (dynamic, w0=0.50, mu_lambda=1.0e-02, K=20/20)",0,periodavg_1056-1058,2.160000,-12.1994,2.6599,89.0753,84.0444,5.0309
"BlendPCA-F (dynamic, w0=0.50, mu_lambda=1.0e-02, K=20/20)",0,periodavg_1056-1058,2.200000,-12.0661,4.5045,91.5452,84.0444,7.5008
"BlendPCA-F (dynamic, w0=0.50, mu_lambda=1.0e-02, K=20/20)",0,periodavg_1056-1058,2.253333,-12.2925,2.5668,89.9437,84.0444,5.8993
"BlendPCA-F (dynamic, w0=0.50, mu_lambda=1.0e-02, K=20/20)",0,periodavg_1056-1058,2.306667,-13.5811,2.7980,90.9901,84.0444,6.9457
"BlendPCA-F (dynamic, w0=0.50, mu_lambda=1.0e-02, K=20/20)",0,periodavg_1056-1058,2.360000,-13.3764,3.7436,91.5126,84.0444,7.4682
"BlendPCA-F (dynamic, w0=0.50, mu_lambda=1.0e-02, K=20/20)",0,periodavg_1056-1058,2.400000,-13.6422,3.2481,93.6624,84.0444,9.6180
"BlendPCA-F (dynamic, w0=0.50, mu_lambda=1.0e-02, K=20/20)",0,periodavg_1056-1058,2.453333,-13.6625,1.2618,96.9534,84.0444,12.9090
"BlendPCA-F (dynamic, w0=0.50, mu_lambda=1.0e-02, K=20/20)",0,periodavg_1056-1058,2.506667,-10.6473,2.4745,86.7354,84.0444,2.6910
"BlendPCA-F (dynamic, w0=0.50, mu_lambda=1.0e-02, K=20/20)",0,periodavg_1056-1058,2.560000,-9.5023,1.8598,91.0237,84.0444,6.9793
"BlendPCA-F (dynamic, w0=0.50, mu_lambda=1.0e-02, K=20/20)",0,periodavg_1056-1058,2.600000,-11.5116,2.1562,93.7297,84.0444,9.6853
"BlendPCA-F (dynamic, w0=0.50, mu_lambda=1.0e-02, K=20/20)",0,periodavg_1056-1058,2.653333,-11.4000,2.6113,90.8567,84.0444,6.8123
"BlendPCA-F (dynamic, w0=0.50, mu_lambda=1.0e-02, K=20/20)",0,periodavg_1056-1058,2.706667,-14.6775,1.8880,97.6830,84.0444,13.6386
"BlendPCA-F (dynamic, w0=0.50, mu_lambda=1.0e-02, K=20/20)",0,periodavg_1056-1058,2.760000,-14.2811,2.2889,97.4580,84.0444,13.4136
"BlendPCA-F (dynamic, w0=0.50, mu_lambda=1.0e-02, K=20/20)",0,periodavg_1056-1058,2.800000,-13.4830,3.6070,96.1180,84.0444,12.0736
"BlendPCA-F (dynamic, w0=0.50, mu_lambda=1.0e-02, K=20/20)",0,periodavg_1056-1058,2.853333,-12.3873,3.8161,91.4967,84.0444,7.4523
"BlendPCA-F (dynamic, w0=0.50, mu_lambda=1.0e-02, K=20/20)",0,periodavg_1056-1058,2.906667,-12.9265,3.7317,93.7689,84.0444,9.7245
"BlendPCA-F (dynamic, w0=0.50, mu_lambda=1.0e-02, K=20/20)",0,periodavg_1056-1058,2.960000,-12.4137,2.0270,96.5648,84.0444,12.5204
"BlendPCA-F (dynamic, w0=0.50, mu_lambda=1.0e-02, K=20/20)",0,periodavg_1056-1058,3.000000,-13.9747,2.5096,93.8660,84.0444,9.8216
"BlendPCA-F (dynamic, w0=0.50, mu_lambda=1.0e-02, K=20/20)",0,periodavg_1056-1058,3.053333,-14.9388,3.1608,98.1135,84.0444,14.0691
"BlendPCA-F (dynamic, w0=0.50, mu_lambda=1.0e-02, K=20/20)",0,periodavg_1056-1058,3.106667,-15.2910,2.7534,97.5291,84.0444,13.4847
"BlendPCA-F (dynamic, w0=0.50, mu_lambda=1.0e-02, K=20/20)",0,periodavg_1056-1058,3.160000,-15.7455,1.9014,98.3694,84.0444,14.3250
"BlendPCA-F (dynamic, w0=0.50, mu_lambda=1.0e-02, K=20/20)",0,periodavg_1056-1058,3.200000,-15.8913,2.9481,97.9043,84.0444,13.8599
"BlendPCA-F (dynamic, w0=0.50, mu_lambda=1.0e-02, K=20/20)",0,periodavg_1056-1058,3.253333,-15.8090,2.6169,98.5046,84.0444,14.4602
"BlendPCA-F (dynamic, w0=0.50, mu_lambda=1.0e-02, K=20/20)",0,periodavg_1056-1058,3.306667,-15.2971,2.6796,96.9523,84.0444,12.9079
"BlendPCA-F (dynamic, w0=0.50, mu_lambda=1.0e-02, K=20/20)",0,periodavg_1056-1058,3.360000,-12.1605,2.6653,88.8316,84.0444,4.7872
"BlendPCA-F (dynamic, w0=0.50, mu_lambda=1.0e-02, K=20/20)",0,periodavg_1056-1058,3.400000,-13.3646,2.6678,93.6099,84.0444,9.5655
"BlendPCA-F (dynamic, w0=0.50, mu_lambda=1.0e-02, K=20/20)",0,periodavg_1056-1058,3.453333,-15.1476,1.9807,98.5886,84.0444,14.5442
"BlendPCA-F (dynamic, w0=0.50, mu_lambda=1.0e-02, K=20/20)",0,periodavg_1056-1058,3.506667,-13.7630,3.2152,93.3755,84.0444,9.3310
"BlendPCA-F (dynamic, w0=0.50, mu_lambda=1.0e-02, K=20/20)",0,periodavg_1056-1058,3.560000,-14.2461,3.7351,94.7172,84.0444,10.6728
"BlendPCA-F (dynamic, w0=0.50, mu_lambda=1.0e-02, K=20/20)",0,periodavg_1056-1058,3.600000,-15.0147,1.6141,98.3822,84.0444,14.3378
"BlendPCA-F (dynamic, w0=0.50, mu_lambda=1.0e-02, K=20/20)",0,periodavg_1056-1058,3.653333,-12.4985,3.0151,91.4125,84.0444,7.3681
"BlendPCA-F (dynamic, w0=0.50, mu_lambda=1.0e-02, K=20/20)",0,periodavg_1056-1058,3.706667,-14.5708,2.4564,98.8698,84.0444,14.8254
"BlendPCA-F (dynamic, w0=0.50, mu_lambda=1.0e-02, K=20/20)",0,periodavg_1056-1058,3.760000,-13.8827,2.4747,93.3003,84.0444,9.2559
"BlendPCA-F (dynamic, w0=0.50, mu_lambda=1.0e-02, K=20/20)",0,periodavg_1056-1058,3.800000,-13.8637,2.7880,93.4208,84.0444,9.3764
"BlendPCA-F (dynamic, w0=0.50, mu_lambda=1.0e-02, K=20/20)",0,periodavg_1056-1058,3.853333,-14.7247,2.9249,93.9140,84.0444,9.8695
"BlendPCA-F (dynamic, w0=0.50, mu_lambda=1.0e-02, K=20/20)",0,periodavg_1056-1058,3.906667,-13.5803,2.0756,98.3855,84.0444,14.3411
"BlendPCA-F (dynamic, w0=0.50, mu_lambda=1.0e-02, K=20/20)",0,periodavg_1056-1058,3.960000,-11.9729,2.2157,96.1362,84.0444,12.0918
"BlendPCA-F (dynamic, w0=0.50, mu_lambda=1.0e-02, K=20/20)",0,periodavg_1056-1058,4.000000,-14.0115,2.0137,94.8360,84.0444,10.7916
"BlendPCA-F (dynamic, w0=0.50, mu_lambda=1.0e-02, K=20/20)",0,periodavg_1056-1058,4.053333,-14.5451,2.1749,92.9144,84.0444,8.8700
"BlendPCA-F (dynamic, w0=0.50, mu_lambda=1.0e-02, K=20/20)",0,periodavg_1056-1058,4.106667,-13.7878,2.2778,90.0615,84.0444,6.0171
"BlendPCA-F (dynamic, w0=0.50, mu_lambda=1.0e-02, K=20/20)",0,periodavg_1056-1058,4.160000,-15.8115,2.5788,94.8180,84.0444,10.7736
"BlendPCA-F (dynamic, w0=0.50, mu_lambda=1.0e-02, K=20/20)",0,periodavg_1056-1058,4.200000,-14.8929,2.3902,94.8524,84.0444,10.8080
"BlendPCA-F (dynamic, w0=0.50, mu_lambda=1.0e-02, K=20/20)",0,periodavg_1056-1058,4.253333,-14.8887,2.7377,91.8349,84.0444,7.7905
"BlendPCA-F (dynamic, w0=0.50, mu_lambda=1.0e-02, K=20/20)",0,periodavg_1056-1058,4.306667,-9.8116,2.7616,84.1851,84.0444,0.1407
"BlendPCA-F (dynamic, w0=0.50, mu_lambda=1.0e-02, K=20/20)",0,periodavg_1056-1058,4.360000,-15.3106,2.3433,93.9000,84.0444,9.8556
"BlendPCA-F (dynamic, w0=0.50, mu_lambda=1.0e-02, K=20/20)",0,periodavg_1056-1058,4.400000,-15.6996,2.9130,95.7329,84.0444,11.6885
"BlendPCA-F (dynamic, w0=0.50, mu_lambda=1.0e-02, K=20/20)",0,periodavg_1056-1058,4.453333,-14.1806,3.2471,94.8071,84.0444,10.7627
"BlendPCA-F (dynamic, w0=0.50, mu_lambda=1.0e-02, K=20/20)",0,periodavg_1056-1058,4.506667,-13.0817,3.0456,97.2233,84.0444,13.1789
"BlendPCA-F (dynamic, w0=0.50, mu_lambda=1.0e-02, K=20/20)",0,periodavg_1056-1058,4.560000,-10.4822,3.3987,89.3639,84.0444,5.3195
"BlendPCA-F (dynamic, w0=0.50, mu_lambda=1.0e-02, K=20/20)",0,periodavg_1056-1058,4.600000,-14.1812,1.8972,97.8231,84.0444,13.7787
"BlendPCA-F (dynamic, w0=0.50, mu_lambda=1.0e-02, K=20/20)",0,periodavg_1056-1058,4.653333,-13.1851,3.7834,96.3261,84.0444,12.2816
"BlendPCA-F (dynamic, w0=0.50, mu_lambda=1.0e-02, K=20/20)",0,periodavg_1056-1058,4.706667,-13.4351,3.2451,96.9206,84.0444,12.8761
"BlendPCA-F (dynamic, w0=0.50, mu_lambda=1.0e-02, K=20/20)",0,periodavg_1056-1058,4.760000,-13.7431,3.2834,95.2709,84.0444,11.2265
"BlendPCA-F (dynamic, w0=0.50, mu_lambda=1.0e-02, K=20/20)",0,periodavg_1056-1058,4.800000,-9.8813,4.5119,85.0532,84.0444,1.0088
"BlendPCA-F (dynamic, w0=0.50, mu_lambda=1.0e-02, K=20/20)",0,periodavg_1056-1058,4.853333,-11.0557,3.1781,87.8980,84.0444,3.8535
"BlendPCA-F (dynamic, w0=0.50, mu_lambda=1.0e-02, K=20/20)",0,periodavg_1056-1058,4.906667,-12.9967,2.4334,96.4086,84.0444,12.3642
"BlendPCA-F (dynamic, w0=0.50, mu_lambda=1.0e-02, K=20/20)",0,periodavg_1056-1058,4.960000,-12.2078,2.2645,98.1103,84.0444,14.0659
"BlendPCA-F (dynamic, w0=0.50, mu_lambda=1.0e-02, K=20/20)",0,periodavg_1056-1058,5.000000,-15.1350,2.6813,101.1650,84.0444,17.1206
"BlendPCA-F (dynamic, w0=0.50, mu_lambda=1.0e-02, K=20/20)",0,periodavg_1056-1058,5.053333,-15.0255,2.0781,99.0675,84.0444,15.0231
"BlendPCA-F (dynamic, w0=0.50, mu_lambda=1.0e-02, K=20/20)",0,periodavg_1056-1058,5.106667,-14.4722,2.7572,100.8368,84.0444,16.7924
"BlendPCA-F (dynamic, w0=0.50, mu_lambda=1.0e-02, K=20/20)",0,periodavg_1056-1058,5.160000,-12.9062,1.6508,91.5469,84.0444,7.5025
"BlendPCA-F (dynamic, w0=0.50, mu_lambda=1.0e-02, K=20/20)",0,periodavg_1056-1058,5.200000,-12.8216,2.6125,92.8935,84.0444,8.8491
"BlendPCA-F (dynamic, w0=0.50, mu_lambda=1.0e-02, K=20/20)",0,periodavg_1056-1058,5.253333,-16.0188,3.5712,99.0397,84.0444,14.9953
"BlendPCA-F (dynamic, w0=0.50, mu_lambda=1.0e-02, K=20/20)",0,periodavg_1056-1058,5.306667,-13.1866,2.0450,95.5458,84.0444,11.5014
"BlendPCA-F (dynamic, w0=0.50, mu_lambda=1.0e-02, K=20/20)",0,periodavg_1056-1058,5.360000,-13.8044,3.0923,97.2099,84.0444,13.1655
"BlendPCA-F (dynamic, w0=0.50, mu_lambda=1.0e-02, K=20/20)",0,periodavg_1056-1058,5.400000,-14.1474,2.2727,100.4410,84.0444,16.3966
"BlendPCA-F (dynamic, w0=0.50, mu_lambda=1.0e-02, K=20/20)",0,periodavg_1056-1058,5.453333,-15.7605,1.5831,99.5960,84.0444,15.5516
"BlendPCA-F (dynamic, w0=0.50, mu_lambda=1.0e-02, K=20/20)",0,periodavg_1056-1058,5.506667,-16.7018,3.1862,100.4738,84.0444,16.4294
"BlendPCA-F (dynamic, w0=0.50, mu_lambda=1.0e-02, K=20/20)",0,periodavg_1056-1058,5.560000,-14.2983,2.3490,94.5272,84.0444,10.4828
"BlendPCA-F (dynamic, w0=0.50, mu_lambda=1.0e-02, K=20/20)",0,periodavg_1056-1058,5.600000,-12.7673,3.4513,90.2640,84.0444,6.2196
"BlendPCA-F (dynamic, w0=0.50, mu_lambda=1.0e-02, K=20/20)",0,periodavg_1056-1058,5.653333,-15.7236,2.8605,96.5804,84.0444,12.5360
"BlendPCA-F (dynamic, w0=0.50, mu_lambda=1.0e-02, K=20/20)",0,periodavg_1056-1058,5.706667,-15.6683,3.0053,95.0657,84.0444,11.0213
"BlendPCA-F (dynamic, w0=0.50, mu_lambda=1.0e-02, K=20/20)",0,periodavg_1056-1058,5.760000,-13.0513,2.2559,91.5547,84.0444,7.5103
"BlendPCA-F (dynamic, w0=0.50, mu_lambda=1.0e-02, K=20/20)",0,periodavg_1056-1058,5.800000,-14.4388,2.3181,96.3194,84.0444,12.2750
"BlendPCA-F (dynamic, w0=0.50, mu_lambda=1.0e-02, K=20/20)",0,periodavg_1056-1058,5.853333,-16.3947,2.9471,101.2168,84.0444,17.1724
"BlendPCA-F (dynamic, w0=0.50, mu_lambda=1.0e-02, K=20/20)",0,periodavg_1056-1058,5.906667,-15.5276,2.0051,101.5044,84.0444,17.4600
"BlendPCA-F (dynamic, w0=0.50, mu_lambda=1.0e-02, K=20/20)",0,periodavg_1056-1058,5.960000,-15.7059,2.2167,95.6937,84.0444,11.6493
"BlendPCA-F (dynamic, w0=0.50, mu_lambda=1.0e-02, K=20/20)",0,periodavg_1056-1058,6.000000,-14.4784,2.7925,98.9400,84.0444,14.8956
"BlendPCA-F (dynamic, w0=0.50, mu_lambda=1.0e-02, K=20/20)",0,periodavg_1056-1058,6.053333,-16.0891,2.9143,101.3102,84.0444,17.2657
"BlendPCA-F (dynamic, w0=0.50, mu_lambda=1.0e-02, K=20/20)",0,periodavg_1056-1058,6.106667,-16.5337,2.3549,100.8232,84.0444,16.7788
"BlendPCA-F (dynamic, w0=0.50, mu_lambda=1.0e-02, K=20/20)",0,periodavg_1056-1058,6.160000,-16.4530,2.6370,101.9199,84.0444,17.8755
"BlendPCA-F (dynamic, w0=0.50, mu_lambda=1.0e-02, K=20/20)",0,periodavg_1056-1058,6.200000,-16.0459,2.1081,99.0428,84.0444,14.9984
"BlendPCA-F (dynamic, w0=0.50, mu_lambda=1.0e-02, K=20/20)",0,periodavg_1056-1058,6.253333,-14.9632,2.6568,98.7821,84.0444,14.7377
"BlendPCA-F (dynamic, w0=0.50, mu_lambda=1.0e-02, K=20/20)",0,periodavg_1056-1058,6.306667,-13.3199,3.0782,96.5071,84.0444,12.4627
"BlendPCA-F (dynamic, w0=0.50, mu_lambda=1.0e-02, K=20/20)",0,periodavg_1056-1058,6.360000,-14.7373,3.0469,96.9000,84.0444,12.8556
"BlendPCA-F (dynamic, w0=0.50, mu_lambda=1.0e-02, K=20/20)",0,periodavg_1056-1058,6.400000,-12.8819,2.7391,90.4684,84.0444,6.4240
"BlendPCA-F (dynamic, w0=0.50, mu_lambda=1.0e-02, K=20/20)",0,periodavg_1056-1058,6.453333,-14.5446,2.6162,94.5714,84.0444,10.5270
"BlendPCA-F (dynamic, w0=0.50, mu_lambda=1.0e-02, K=20/20)",0,periodavg_1056-1058,6.506667,-13.9040,2.3637,94.3431,84.0444,10.2987
"BlendPCA-F (dynamic, w0=0.50, mu_lambda=1.0e-02, K=20/20)",0,periodavg_1056-1058,6.560000,-13.8731,3.2477,95.7978,84.0444,11.7534
"BlendPCA-F (dynamic, w0=0.50, mu_lambda=1.0e-02, K=20/20)",0,periodavg_1056-1058,6.600000,-14.6714,2.6736,96.0438,84.0444,11.9994
"BlendPCA-F (dynamic, w0=0.50, mu_lambda=1.0e-02, K=20/20)",0,periodavg_1056-1058,6.653333,-16.7152,3.5384,101.0478,84.0444,17.0034
"BlendPCA-F (dynamic, w0=0.50, mu_lambda=1.0e-02, K=20/20)",0,periodavg_1056-1058,6.706667,-16.3557,2.7578,96.1877,84.0444,12.1432
"BlendPCA-F (dynamic, w0=0.50, mu_lambda=1.0e-02, K=20/20)",0,periodavg_1056-1058,6.760000,-15.7676,2.3994,99.9046,84.0444,15.8602
"BlendPCA-F (dynamic, w0=0.50, mu_lambda=1.0e-02, K=20/20)",0,periodavg_1056-1058,6.800000,-14.6812,2.4024,98.3133,84.0444,14.2688
"BlendPCA-F (dynamic, w0=0.50, mu_lambda=1.0e-02, K=20/20)",0,periodavg_1056-1058,6.853333,-15.3799,2.9801,102.1749,84.0444,18.1305
"BlendPCA-F (dynamic, w0=0.50, mu_lambda=1.0e-02, K=20/20)",0,periodavg_1056-1058,6.906667,-12.6949,2.5095,90.7548,84.0444,6.7104
"BlendPCA-F (dynamic, w0=0.50, mu_lambda=1.0e-02, K=20/20)",0,periodavg_1056-1058,6.960000,-14.5587,3.0882,97.8928,84.0444,13.8484
"BlendPCA-F (dynamic, w0=0.50, mu_lambda=1.0e-02, K=20/20)",0,periodavg_1056-1058,7.000000,-15.3590,3.7433,99.3585,84.0444,15.3141
"BlendPCA-F (dynamic, w0=0.50, mu_lambda=1.0e-02, K=20/20)",0,periodavg_1056-1058,7.053333,-12.3623,2.3108,95.1956,84.0444,11.1512
"BlendPCA-F (dynamic, w0=0.50, mu_lambda=1.0e-02, K=20/20)",0,periodavg_1056-1058,7.106667,-13.8946,2.5501,91.2029,84.0444,7.1585
"BlendPCA-F (dynamic, w0=0.50, mu_lambda=1.0e-02, K=20/20)",0,periodavg_1056-1058,7.160000,-11.9634,2.1881,91.3768,84.0444,7.3324
"BlendPCA-F (dynamic, w0=0.50, mu_lambda=1.0e-02, K=20/20)",0,periodavg_1056-1058,7.200000,-14.8556,1.6959,95.4260,84.0444,11.3816
"BlendPCA-F (dynamic, w0=0.50, mu_lambda=1.0e-02, K=20/20)",0,periodavg_1056-1058,7.253333,-15.8838,3.1948,101.8044,84.0444,17.7600
"BlendPCA-F (dynamic, w0=0.50, mu_lambda=1.0e-02, K=20/20)",0,periodavg_1056-1058,7.306667,-15.2015,2.0000,97.9498,84.0444,13.9054
"BlendPCA-F (dynamic, w0=0.50, mu_lambda=1.0e-02, K=20/20)",0,periodavg_1056-1058,7.360000,-15.9423,2.3043,100.5637,84.0444,16.5193
"BlendPCA-F (dynamic, w0=0.50, mu_lambda=1.0e-02, K=20/20)",0,periodavg_1056-1058,7.400000,-15.0634,2.7249,99.7129,84.0444,15.6685
"BlendPCA-F (dynamic, w0=0.50, mu_lambda=1.0e-02, K=20/20)",0,periodavg_1056-1058,7.453333,-15.7921,2.8596,98.0034,84.0444,13.9590
"BlendPCA-F (dynamic, w0=0.50, mu_lambda=1.0e-02, K=20/20)",0,periodavg_1056-1058,7.506667,-13.3846,2.9276,98.5624,84.0444,14.5180
"BlendPCA-F (dynamic, w0=0.50, mu_lambda=1.0e-02, K=20/20)",0,periodavg_1056-1058,7.560000,-11.3597,3.6394,97.4493,84.0444,13.4049
"BlendPCA-F (dynamic, w0=0.50, mu_lambda=1.0e-02, K=20/20)",0,periodavg_1056-1058,7.600000,-12.7955,1.1953,97.3268,84.0444,13.2824
"BlendPCA-F (dynamic, w0=0.50, mu_lambda=1.0e-02, K=20/20)",0,periodavg_1056-1058,7.653333,-14.0130,3.0711,97.0074,84.0444,12.9630
"BlendPCA-F (dynamic, w0=0.50, mu_lambda=1.0e-02, K=20/20)",0,periodavg_1056-1058,7.706667,-15.9398,2.8128,98.0834,84.0444,14.0390
"BlendPCA-F (dynamic, w0=0.50, mu_lambda=1.0e-02, K=20/20)",0,periodavg_1056-1058,7.760000,-16.2339,2.6125,100.8292,84.0444,16.7848
"BlendPCA-F (dynamic, w0=0.50, mu_lambda=1.0e-02, K=20/20)",0,periodavg_1056-1058,7.800000,-16.1110,3.5203,99.6225,84.0444,15.5781
"BlendPCA-F (dynamic, w0=0.50, mu_lambda=1.0e-02, K=20/20)",0,periodavg_1056-1058,7.853333,-15.2965,1.6243,97.5712,84.0444,13.5268
"BlendPCA-F (dynamic, w0=0.50, mu_lambda=1.0e-02, K=20/20)",0,periodavg_1056-1058,7.906667,-15.6240,2.7989,101.8532,84.0444,17.8087
"BlendPCA-F (dynamic, w0=0.50, mu_lambda=1.0e-02, K=20/20)",0,periodavg_1056-1058,7.960000,-13.7288,3.5841,95.2360,84.0444,11.1916
"BlendPCA-F (dynamic, w0=0.50, mu_lambda=1.0e-02, K=20/20)",0,periodavg_1056-1058,8.000000,-13.7838,3.4136,95.0923,84.0444,11.0479
"BlendPCA-F (dynamic, w0=0.50, mu_lambda=1.0e-02, K=20/20)",0,periodavg_1056-1058,8.053333,-15.3324,1.9623,101.2013,84.0444,17.1569
"BlendPCA-F (dynamic, w0=0.50, mu_lambda=1.0e-02, K=20/20)",0,periodavg_1056-1058,8.106667,-15.7798,2.8305,100.6230,84.0444,16.5786
"BlendPCA-F (dynamic, w0=0.50, mu_lambda=1.0e-02, K=20/20)",0,periodavg_1056-1058,8.160000,-16.2580,1.7282,99.2403,84.0444,15.1959
"BlendPCA-F (dynamic, w0=0.50, mu_lambda=1.0e-02, K=20/20)",0,periodavg_1056-1058,8.200000,-14.6943,3.4448,97.3092,84.0444,13.2648
"BlendPCA-F (dynamic, w0=0.50, mu_lambda=1.0e-02, K=20/20)",0,periodavg_1056-1058,8.253333,-11.3958,3.4787,87.0923,84.0444,3.0479
"BlendPCA-F (dynamic, w0=0.50, mu_lambda=1.0e-02, K=20/20)",0,periodavg_1056-1058,8.306667,-16.4600,3.0327,96.6937,84.0444,12.6493
"BlendPCA-F (dynamic, w0=0.50, mu_lambda=1.0e-02, K=20/20)",0,periodavg_1056-1058,8.360000,-14.7500,3.0089,95.3282,84.0444,11.2838
"BlendPCA-F (dynamic, w0=0.50, mu_lambda=1.0e-02, K=20/20)",0,periodavg_1056-1058,8.400000,-15.2675,1.1891,98.4530,84.0444,14.4086
"BlendPCA-F (dynamic, w0=0.50, mu_lambda=1.0e-02, K=20/20)",0,periodavg_1056-1058,8.453333,-16.9536,2.9732,101.9113,84.0444,17.8669
"BlendPCA-F (dynamic, w0=0.50, mu_lambda=1.0e-02, K=20/20)",0,periodavg_1056-1058,8.506667,-14.0892,2.3217,90.8734,84.0444,6.8290
"BlendPCA-F (dynamic, w0=0.50, mu_lambda=1.0e-02, K=20/20)",0,periodavg_1056-1058,8.560000,-15.6588,2.8619,98.8862,84.0444,14.8418
"BlendPCA-F (dynamic, w0=0.50, mu_lambda=1.0e-02, K=20/20)",0,periodavg_1056-1058,8.600000,-14.1472,3.4118,93.0280,84.0444,8.9836
"BlendPCA-F (dynamic, w0=0.50, mu_lambda=1.0e-02, K=20/20)",0,periodavg_1056-1058,8.653333,-17.0101,1.7869,102.2599,84.0444,18.2155
"BlendPCA-F (dynamic, w0=0.50, mu_lambda=1.0e-02, K=20/20)",0,periodavg_1056-1058,8.706667,-16.8662,3.1191,98.7053,84.0444,14.6609
"BlendPCA-F (dynamic, w0=0.50, mu_lambda=1.0e-02, K=20/20)",0,periodavg_1056-1058,8.760000,-12.0970,4.1380,90.7524,84.0444,6.7080
"BlendPCA-F (dynamic, w0=0.50, mu_lambda=1.0e-02, K=20/20)",0,periodavg_1056-1058,8.800000,-16.1961,1.1986,96.2313,84.0444,12.1869
"BlendPCA-F (dynamic, w0=0.50, mu_lambda=1.0e-02, K=20/20)",0,periodavg_1056-1058,8.853333,-15.8670,2.5119,100.9137,84.0444,16.8693
"BlendPCA-F (dynamic, w0=0.50, mu_lambda=1.0e-02, K=20/20)",0,periodavg_1056-1058,8.906667,-13.6508,2.8958,93.8920,84.0444,9.8476
"BlendPCA-F (dynamic, w0=0.50, mu_lambda=1.0e-02, K=20/20)",0,periodavg_1056-1058,8.960000,-13.7050,2.1842,97.3882,84.0444,13.3438
"BlendPCA-F (dynamic, w0=0.50, mu_lambda=1.0e-02, K=20/20)",0,periodavg_1056-1058,9.000000,-14.5791,2.6335,99.4467,84.0444,15.4023
"BlendPCA-F (dynamic, w0=0.50, mu_lambda=1.0e-02, K=20/20)",0,periodavg_1056-1058,9.053333,-14.1054,2.2207,96.4097,84.0444,12.3653
"BlendPCA-F (dynamic, w0=0.50, mu_lambda=1.0e-02, K=20/20)",0,periodavg_1056-1058,9.106667,-13.2861,2.9756,94.5436,84.0444,10.4992
"BlendPCA-F (dynamic, w0=0.50, mu_lambda=1.0e-02, K=20/20)",0,periodavg_1056-1058,9.160000,-14.7445,2.9315,97.4757,84.0444,13.4313
"BlendPCA-F (dynamic, w0=0.50, mu_lambda=1.0e-02, K=20/20)",0,periodavg_1056-1058,9.200000,-14.6913,2.6027,95.6340,84.0444,11.5896
"BlendPCA-F (dynamic, w0=0.50, mu_lambda=1.0e-02, K=20/20)",0,periodavg_1056-1058,9.253333,-15.5895,2.7312,99.8621,84.0444,15.8177
"BlendPCA-F (dynamic, w0=0.50, mu_lambda=1.0e-02, K=20/20)",0,periodavg_1056-1058,9.306667,-15.8179,2.5456,99.1583,84.0444,15.1139
"BlendPCA-F (dynamic, w0=0.50, mu_lambda=1.0e-02, K=20/20)",0,periodavg_1056-1058,9.360000,-16.5545,3.5194,100.6951,84.0444,16.6507
"BlendPCA-F (dynamic, w0=0.50, mu_lambda=1.0e-02, K=20/20)",0,periodavg_1056-1058,9.400000,-17.0756,3.5602,99.1321,84.0444,15.0877
"BlendPCA-F (dynamic, w0=0.50, mu_lambda=1.0e-02, K=20/20)",0,periodavg_1056-1058,9.453333,-14.9627,2.7414,101.4034,84.0444,17.3590
"BlendPCA-F (dynamic, w0=0.50, mu_lambda=1.0e-02, K=20/20)",0,periodavg_1056-1058,9.506667,-15.5188,2.0733,100.4242,84.0444,16.3798
"BlendPCA-F (dynamic, w0=0.50, mu_lambda=1.0e-02, K=20/20)",0,periodavg_1056-1058,9.560000,-15.5291,2.9345,101.3284,84.0444,17.2840
"BlendPCA-F (dynamic, w0=0.50, mu_lambda=1.0e-02, K=20/20)",0,periodavg_1056-1058,9.600000,-14.8400,4.2738,99.8159,84.0444,15.7715
"BlendPCA-F (dynamic, w0=0.50, mu_lambda=1.0e-02, K=20/20)",0,periodavg_1056-1058,9.653333,-12.6049,2.4891,95.6171,84.0444,11.5727
"BlendPCA-F (dynamic, w0=0.50, mu_lambda=1.0e-02, K=20/20)",0,periodavg_1056-1058,9.706667,-14.0953,2.5244,98.7257,84.0444,14.6813
"BlendPCA-F (dynamic, w0=0.50, mu_lambda=1.0e-02, K=20/20)",0,periodavg_1056-1058,9.760000,-13.0328,2.4915,93.1687,84.0444,9.1243
"BlendPCA-F (dynamic, w0=0.50, mu_lambda=1.0e-02, K=20/20)",0,periodavg_1056-1058,9.800000,-11.6381,3.6527,89.6589,84.0444,5.6145
"BlendPCA-F (dynamic, w0=0.50, mu_lambda=1.0e-02, K=20/20)",0,periodavg_1056-1058,9.853333,-15.9270,1.8698,100.3178,84.0444,16.2734
"BlendPCA-F (dynamic, w0=0.50, mu_lambda=1.0e-02, K=20/20)",0,periodavg_1056-1058,9.906667,-15.3449,2.6344,97.2818,84.0444,13.2374
"BlendPCA-F (dynamic, w0=0.50, mu_lambda=1.0e-02, K=20/20)",0,periodavg_1056-1058,9.960000,-16.6690,2.9223,101.7207,84.0444,17.6763
"BlendPCA-F (dynamic, w0=0.50, mu_lambda=1.0e-02, K=20/20)",0,periodavg_1056-1058,10.000000,-14.8746,2.9388,95.8588,84.0444,11.8144
"BlendPCA-F (dynamic, w0=0.50, mu_lambda=1.0e-02, K=20/20)",1,periodavg_0783-0785,10.013333,0.9969,-6.0357,87.4221,83.1503,4.2718
"BlendPCA-F (dynamic, w0=0.50, mu_lambda=1.0e-02, K=20/20)",1,periodavg_0783-0785,10.053333,-2.2039,2.2463,91.0718,83.1503,7.9216
"BlendPCA-F (dynamic, w0=0.50, mu_lambda=1.0e-02, K=20/20)",1,periodavg_0783-0785,10.106667,-3.9105,3.0048,92.8670,83.1503,9.7167
"BlendPCA-F (dynamic, w0=0.50, mu_lambda=1.0e-02, K=20/20)",1,periodavg_0783-0785,10.160000,-5.4920,1.8437,96.0793,83.1503,12.9291
"BlendPCA-F (dynamic, w0=0.50, mu_lambda=1.0e-02, K=20/20)",1,periodavg_0783-0785,10.200000,-5.2447,2.9649,97.3962,83.1503,14.2459
"BlendPCA-F (dynamic, w0=0.50, mu_lambda=1.0e-02, K=20/20)",1,periodavg_0783-0785,10.253333,-7.2046,2.3650,92.8854,83.1503,9.7352
"BlendPCA-F (dynamic, w0=0.50, mu_lambda=1.0e-02, K=20/20)",1,periodavg_0783-0785,10.306667,-7.0899,2.0297,95.6882,83.1503,12.5380
"BlendPCA-F (dynamic, w0=0.50, mu_lambda=1.0e-02, K=20/20)",1,periodavg_0783-0785,10.360000,-6.9790,2.5002,92.1793,83.1503,9.0290
"BlendPCA-F (dynamic, w0=0.50, mu_lambda=1.0e-02, K=20/20)",1,periodavg_0783-0785,10.400000,-8.3606,2.3744,96.1593,83.1503,13.0090
"BlendPCA-F (dynamic, w0=0.50, mu_lambda=1.0e-02, K=20/20)",1,periodavg_0783-0785,10.453333,-7.5232,1.6287,95.0611,83.1503,11.9108
"BlendPCA-F (dynamic, w0=0.50, mu_lambda=1.0e-02, K=20/20)",1,periodavg_0783-0785,10.506667,-8.3141,1.7634,96.7595,83.1503,13.6092
"BlendPCA-F (dynamic, w0=0.50, mu_lambda=1.0e-02, K=20/20)",1,periodavg_0783-0785,10.560000,-7.3284,2.8671,94.4261,83.1503,11.2758
"BlendPCA-F (dynamic, w0=0.50, mu_lambda=1.0e-02, K=20/20)",1,periodavg_0783-0785,10.600000,-7.8730,1.3845,92.5579,83.1503,9.4077
"BlendPCA-F (dynamic, w0=0.50, mu_lambda=1.0e-02, K=20/20)",1,periodavg_0783-0785,10.653333,-8.2213,2.5163,92.5596,83.1503,9.4094
"BlendPCA-F (dynamic, w0=0.50, mu_lambda=1.0e-02, K=20/20)",1,periodavg_0783-0785,10.706667,-8.6760,2.3557,96.6223,83.1503,13.4721
"BlendPCA-F (dynamic, w0=0.50, mu_lambda=1.0e-02, K=20/20)",1,periodavg_0783-0785,10.760000,-7.3354,2.5074,93.5616,83.1503,10.4113
"BlendPCA-F (dynamic, w0=0.50, mu_lambda=1.0e-02, K=20/20)",1,periodavg_0783-0785,10.800000,-8.3430,1.2200,95.5891,83.1503,12.4388
"BlendPCA-F (dynamic, w0=0.50, mu_lambda=1.0e-02, K=20/20)",1,periodavg_0783-0785,10.853333,-7.9474,1.4706,86.5362,83.1503,3.3859
"BlendPCA-F (dynamic, w0=0.50, mu_lambda=1.0e-02, K=20/20)",1,periodavg_0783-0785,10.906667,-8.6790,1.9088,91.3547,83.1503,8.2045
"BlendPCA-F (dynamic, w0=0.50, mu_lambda=1.0e-02, K=20/20)",1,periodavg_0783-0785,10.960000,-9.2397,2.5609,97.0680,83.1503,13.9177
"BlendPCA-F (dynamic, w0=0.50, mu_lambda=1.0e-02, K=20/20)",1,periodavg_0783-0785,11.000000,-9.1008,2.8002,97.4127,83.1503,14.2624
"BlendPCA-F (dynamic, w0=0.50, mu_lambda=1.0e-02, K=20/20)",1,periodavg_0783-0785,11.053333,-9.2223,2.0478,97.0935,83.1503,13.9432
"BlendPCA-F (dynamic, w0=0.50, mu_lambda=1.0e-02, K=20/20)",1,periodavg_0783-0785,11.106667,-8.0526,3.4492,91.8496,83.1503,8.6994
"BlendPCA-F (dynamic, w0=0.50, mu_lambda=1.0e-02, K=20/20)",1,periodavg_0783-0785,11.160000,-9.9238,1.8833,98.4210,83.1503,15.2707
"BlendPCA-F (dynamic, w0=0.50, mu_lambda=1.0e-02, K=20/20)",1,periodavg_0783-0785,11.200000,-9.3703,3.2053,94.9255,83.1503,11.7752
"BlendPCA-F (dynamic, w0=0.50, mu_lambda=1.0e-02, K=20/20)",1,periodavg_0783-0785,11.253333,-9.7573,1.1918,96.1154,83.1503,12.9651
"BlendPCA-F (dynamic, w0=0.50, mu_lambda=1.0e-02, K=20/20)",1,periodavg_0783-0785,11.306667,-9.2270,2.7989,96.6996,83.1503,13.5493
"BlendPCA-F (dynamic, w0=0.50, mu_lambda=1.0e-02, K=20/20)",1,periodavg_0783-0785,11.360000,-9.6185,2.0383,97.9304,83.1503,14.7802
"BlendPCA-F (dynamic, w0=0.50, mu_lambda=1.0e-02, K=20/20)",1,periodavg_0783-0785,11.400000,-10.2266,2.7156,97.2716,83.1503,14.1213
"BlendPCA-F (dynamic, w0=0.50, mu_lambda=1.0e-02, K=20/20)",1,periodavg_0783-0785,11.453333,-8.7144,2.9464,98.7252,83.1503,15.5749
"BlendPCA-F (dynamic, w0=0.50, mu_lambda=1.0e-02, K=20/20)",1,periodavg_0783-0785,11.506667,-9.3763,1.0829,92.1163,83.1503,8.9661
"BlendPCA-F (dynamic, w0=0.50, mu_lambda=1.0e-02, K=20/20)",1,periodavg_0783-0785,11.560000,-9.0243,2.7082,92.5276,83.1503,9.3773
"BlendPCA-F (dynamic, w0=0.50, mu_lambda=1.0e-02, K=20/20)",1,periodavg_0783-0785,11.600000,-5.5715,3.5113,83.1865,83.1503,0.0363
"BlendPCA-F (dynamic, w0=0.50, mu_lambda=1.0e-02, K=20/20)",1,periodavg_0783-0785,11.653333,-9.6620,2.0771,98.1991,83.1503,15.0488
"BlendPCA-F (dynamic, w0=0.50, mu_lambda=1.0e-02, K=20/20)",1,periodavg_0783-0785,11.706667,-8.2055,3.3141,95.9992,83.1503,12.8490
"BlendPCA-F (dynamic, w0=0.50, mu_lambda=1.0e-02, K=20/20)",1,periodavg_0783-0785,11.760000,-7.4608,2.2194,91.8651,83.1503,8.7149
"BlendPCA-F (dynamic, w0=0.50, mu_lambda=1.0e-02, K=20/20)",1,periodavg_0783-0785,11.800000,-6.6443,2.6098,93.6076,83.1503,10.4573
"BlendPCA-F (dynamic, w0=0.50, mu_lambda=1.0e-02, K=20/20)",1,periodavg_0783-0785,11.853333,-5.7958,3.6528,91.9318,83.1503,8.7815
"BlendPCA-F (dynamic, w0=0.50, mu_lambda=1.0e-02, K=20/20)",1,periodavg_0783-0785,11.906667,-6.7753,1.0852,88.5283,83.1503,5.3781
"BlendPCA-F (dynamic, w0=0.50, mu_lambda=1.0e-02, K=20/20)",1,periodavg_0783-0785,11.960000,-8.8838,1.1899,89.0793,83.1503,5.9290
"BlendPCA-F (dynamic, w0=0.50, mu_lambda=1.0e-02, K=20/20)",1,periodavg_0783-0785,12.000000,-10.2563,2.1704,98.7800,83.1503,15.6297
"BlendPCA-F (dynamic, w0=0.50, mu_lambda=1.0e-02, K=20/20)",1,periodavg_0783-0785,12.053333,-10.2457,1.5314,92.3280,83.1503,9.1778
"BlendPCA-F (dynamic, w0=0.50, mu_lambda=1.0e-02, K=20/20)",1,periodavg_0783-0785,12.106667,-10.2647,1.2647,91.4536,83.1503,8.3034
"BlendPCA-F (dynamic, w0=0.50, mu_lambda=1.0e-02, K=20/20)",1,periodavg_0783-0785,12.160000,-9.7470,2.2225,92.3761,83.1503,9.2259
"BlendPCA-F (dynamic, w0=0.50, mu_lambda=1.0e-02, K=20/20)",1,periodavg_0783-0785,12.200000,-8.8800,1.7706,91.2197,83.1503,8.0695
"BlendPCA-F (dynamic, w0=0.50, mu_lambda=1.0e-02, K=20/20)",1,periodavg_0783-0785,12.253333,-9.5078,2.3874,91.2319,83.1503,8.0816
"BlendPCA-F (dynamic, w0=0.50, mu_lambda=1.0e-02, K=20/20)",1,periodavg_0783-0785,12.306667,-8.2859,2.2728,95.3652,83.1503,12.2150
"BlendPCA-F (dynamic, w0=0.50, mu_lambda=1.0e-02, K=20/20)",1,periodavg_0783-0785,12.360000,-6.9438,2.7787,98.4903,83.1503,15.3401
"BlendPCA-F (dynamic, w0=0.50, mu_lambda=1.0e-02, K=20/20)",1,periodavg_0783-0785,12.400000,-10.1959,2.4761,98.5803,83.1503,15.4300
"BlendPCA-F (dynamic, w0=0.50, mu_lambda=1.0e-02, K=20/20)",1,periodavg_0783-0785,12.453333,-7.4530,1.5048,93.5540,83.1503,10.4038
"BlendPCA-F (dynamic, w0=0.50, mu_lambda=1.0e-02, K=20/20)",1,periodavg_0783-0785,12.506667,-9.7535,1.5305,95.0737,83.1503,11.9234
"BlendPCA-F (dynamic, w0=0.50, mu_lambda=1.0e-02, K=20/20)",1,periodavg_0783-0785,12.560000,-10.9550,2.4789,100.4418,83.1503,17.2915
"BlendPCA-F (dynamic, w0=0.50, mu_lambda=1.0e-02, K=20/20)",1,periodavg_0783-0785,12.600000,-10.4402,1.8113,91.0722,83.1503,7.9219
"BlendPCA-F (dynamic, w0=0.50, mu_lambda=1.0e-02, K=20/20)",1,periodavg_0783-0785,12.653333,-7.9306,0.6695,86.5754,83.1503,3.4252
"BlendPCA-F (dynamic, w0=0.50, mu_lambda=1.0e-02, K=20/20)",1,periodavg_0783-0785,12.706667,-6.2882,1.0341,85.6275,83.1503,2.4773
"BlendPCA-F (dynamic, w0=0.50, mu_lambda=1.0e-02, K=20/20)",1,periodavg_0783-0785,12.760000,-8.9190,2.5961,97.2032,83.1503,14.0529
"BlendPCA-F (dynamic, w0=0.50, mu_lambda=1.0e-02, K=20/20)",1,periodavg_0783-0785,12.800000,-10.7040,2.8255,101.2568,83.1503,18.1066
"BlendPCA-F (dynamic, w0=0.50, mu_lambda=1.0e-02, K=20/20)",1,periodavg_0783-0785,12.853333,-10.8098,1.2913,94.4272,83.1503,11.2769
"BlendPCA-F (dynamic, w0=0.50, mu_lambda=1.0e-02, K=20/20)",1,periodavg_0783-0785,12.906667,-11.2808,2.7483,98.2709,83.1503,15.1206
"BlendPCA-F (dynamic, w0=0.50, mu_lambda=1.0e-02, K=20/20)",1,periodavg_0783-0785,12.960000,-10.1113,1.8951,89.1460,83.1503,5.9957
"BlendPCA-F (dynamic, w0=0.50, mu_lambda=1.0e-02, K=20/20)",1,periodavg_0783-0785,13.000000,-10.4675,1.0356,91.6843,83.1503,8.5340
"BlendPCA-F (dynamic, w0=0.50, mu_lambda=1.0e-02, K=20/20)",1,periodavg_0783-0785,13.053333,-10.1958,3.4046,99.8265,83.1503,16.6762
"BlendPCA-F (dynamic, w0=0.50, mu_lambda=1.0e-02, K=20/20)",1,periodavg_0783-0785,13.106667,-5.7311,2.6170,88.2528,83.1503,5.1026
"BlendPCA-F (dynamic, w0=0.50, mu_lambda=1.0e-02, K=20/20)",1,periodavg_0783-0785,13.160000,-8.3428,1.3371,95.2695,83.1503,12.1192
"BlendPCA-F (dynamic, w0=0.50, mu_lambda=1.0e-02, K=20/20)",1,periodavg_0783-0785,13.200000,-8.2994,2.4833,91.7289,83.1503,8.5787
"BlendPCA-F (dynamic, w0=0.50, mu_lambda=1.0e-02, K=20/20)",1,periodavg_0783-0785,13.253333,-10.2104,1.6385,92.1650,83.1503,9.0148
"BlendPCA-F (dynamic, w0=0.50, mu_lambda=1.0e-02, K=20/20)",1,periodavg_0783-0785,13.306667,-7.0998,2.6497,93.3020,83.1503,10.1517
"BlendPCA-F (dynamic, w0=0.50, mu_lambda=1.0e-02, K=20/20)",1,periodavg_0783-0785,13.360000,-9.0242,1.6939,95.5562,83.1503,12.4059
"BlendPCA-F (dynamic, w0=0.50, mu_lambda=1.0e-02, K=20/20)",1,periodavg_0783-0785,13.400000,-8.4569,0.9377,94.0458,83.1503,10.8955
"BlendPCA-F (dynamic, w0=0.50, mu_lambda=1.0e-02, K=20/20)",1,periodavg_0783-0785,13.453333,-9.8329,2.1662,92.2376,83.1503,9.0874
"BlendPCA-F (dynamic, w0=0.50, mu_lambda=1.0e-02, K=20/20)",1,periodavg_0783-0785,13.506667,-11.5929,1.7037,93.8947,83.1503,10.7445
"BlendPCA-F (dynamic, w0=0.50, mu_lambda=1.0e-02, K=20/20)",1,periodavg_0783-0785,13.560000,-12.1681,2.4710,97.8102,83.1503,14.6599
"BlendPCA-F (dynamic, w0=0.50, mu_lambda=1.0e-02, K=20/20)",1,periodavg_0783-0785,13.600000,-11.9799,1.4651,95.9958,83.1503,12.8455
"BlendPCA-F (dynamic, w0=0.50, mu_lambda=1.0e-02, K=20/20)",1,periodavg_0783-0785,13.653333,-10.6288,1.5520,92.2503,83.1503,9.1001
"BlendPCA-F (dynamic, w0=0.50, mu_lambda=1.0e-02, K=20/20)",1,periodavg_0783-0785,13.706667,-11.2034,2.1870,93.0979,83.1503,9.9477
"BlendPCA-F (dynamic, w0=0.50, mu_lambda=1.0e-02, K=20/20)",1,periodavg_0783-0785,13.760000,-8.5517,2.5610,93.4236,83.1503,10.2734
"BlendPCA-F (dynamic, w0=0.50, mu_lambda=1.0e-02, K=20/20)",1,periodavg_0783-0785,13.800000,-11.3987,2.5778,103.2370,83.1503,20.0868
"BlendPCA-F (dynamic, w0=0.50, mu_lambda=1.0e-02, K=20/20)",1,periodavg_0783-0785,13.853333,-11.6124,1.6876,99.5411,83.1503,16.3908
"BlendPCA-F (dynamic, w0=0.50, mu_lambda=1.0e-02, K=20/20)",1,periodavg_0783-0785,13.906667,-11.5681,1.9918,101.2913,83.1503,18.1411
"BlendPCA-F (dynamic, w0=0.50, mu_lambda=1.0e-02, K=20/20)",1,periodavg_0783-0785,13.960000,-9.8125,2.8996,92.1670,83.1503,9.0168
"BlendPCA-F (dynamic, w0=0.50, mu_lambda=1.0e-02, K=20/20)",1,periodavg_0783-0785,14.000000,-11.6568,1.9529,98.5768,83.1503,15.4265
"BlendPCA-F (dynamic, w0=0.50, mu_lambda=1.0e-02, K=20/20)",1,periodavg_0783-0785,14.053333,-6.4225,3.4737,93.5228,83.1503,10.3726
"BlendPCA-F (dynamic, w0=0.50, mu_lambda=1.0e-02, K=20/20)",1,periodavg_0783-0785,14.106667,-8.9718,3.4495,97.3828,83.1503,14.2326
"BlendPCA-F (dynamic, w0=0.50, mu_lambda=1.0e-02, K=20/20)",1,periodavg_0783-0785,14.160000,-8.3658,1.5970,94.3679,83.1503,11.2176
"BlendPCA-F (dynamic, w0=0.50, mu_lambda=1.0e-02, K=20/20)",1,periodavg_0783-0785,14.200000,-11.2196,1.5143,100.0138,83.1503,16.8635
"BlendPCA-F (dynamic, w0=0.50, mu_lambda=1.0e-02, K=20/20)",1,periodavg_0783-0785,14.253333,-12.0382,2.1769,98.4135,83.1503,15.2633
"BlendPCA-F (dynamic, w0=0.50, mu_lambda=1.0e-02, K=20/20)",1,periodavg_0783-0785,14.306667,-12.9595,1.8420,101.8110,83.1503,18.6607
"BlendPCA-F (dynamic, w0=0.50, mu_lambda=1.0e-02, K=20/20)",1,periodavg_0783-0785,14.360000,-12.5087,2.7122,100.5126,83.1503,17.3624
"BlendPCA-F (dynamic, w0=0.50, mu_lambda=1.0e-02, K=20/20)",1,periodavg_0783-0785,14.400000,-12.3313,0.9835,96.8872,83.1503,13.7370
"BlendPCA-F (dynamic, w0=0.50, mu_lambda=1.0e-02, K=20/20)",1,periodavg_0783-0785,14.453333,-12.7125,2.8443,100.5463,83.1503,17.3960
"BlendPCA-F (dynamic, w0=0.50, mu_lambda=1.0e-02, K=20/20)",1,periodavg_0783-0785,14.506667,-12.6565,2.1458,103.9289,83.1503,20.7787
"BlendPCA-F (dynamic, w0=0.50, mu_lambda=1.0e-02, K=20/20)",1,periodavg_0783-0785,14.560000,-7.7125,1.7447,85.7385,83.1503,2.5883
"BlendPCA-F (dynamic, w0=0.50, mu_lambda=1.0e-02, K=20/20)",1,periodavg_0783-0785,14.600000,-9.2512,2.5726,92.2742,83.1503,9.1239
"BlendPCA-F (dynamic, w0=0.50, mu_lambda=1.0e-02, K=20/20)",1,periodavg_0783-0785,14.653333,-9.2838,1.4950,92.6890,83.1503,9.5387
"BlendPCA-F (dynamic, w0=0.50, mu_lambda=1.0e-02, K=20/20)",1,periodavg_0783-0785,14.706667,-6.8672,2.4447,88.9212,83.1503,5.7709
"BlendPCA-F (dynamic, w0=0.50, mu_lambda=1.0e-02, K=20/20)",1,periodavg_0783-0785,14.760000,-8.9079,2.0238,96.3240,83.1503,13.1738
"BlendPCA-F (dynamic, w0=0.50, mu_lambda=1.0e-02, K=20/20)",1,periodavg_0783-0785,14.800000,-10.2689,1.1105,92.5340,83.1503,9.3837
"BlendPCA-F (dynamic, w0=0.50, mu_lambda=1.0e-02, K=20/20)",1,periodavg_0783-0785,14.853333,-6.0044,3.7403,91.5284,83.1503,8.3782
"BlendPCA-F (dynamic, w0=0.50, mu_lambda=1.0e-02, K=20/20)",1,periodavg_0783-0785,14.906667,-7.6596,4.6016,91.2662,83.1503,8.1159
"BlendPCA-F (dynamic, w0=0.50, mu_lambda=1.0e-02, K=20/20)",1,periodavg_0783-0785,14.960000,-9.8436,2.0232,95.4391,83.1503,12.2888
"BlendPCA-F (dynamic, w0=0.50, mu_lambda=1.0e-02, K=20/20)",1,periodavg_0783-0785,15.000000,-9.6820,3.0681,93.1257,83.1503,9.9754
"BlendPCA-F (dynamic, w0=0.50, mu_lambda=1.0e-02, K=20/20)",1,periodavg_0783-0785,15.053333,-9.8783,2.1254,94.7935,83.1503,11.6432
"BlendPCA-F (dynamic, w0=0.50, mu_lambda=1.0e-02, K=20/20)",1,periodavg_0783-0785,15.106667,-8.8697,1.6462,92.8179,83.1503,9.6676
"BlendPCA-F (dynamic, w0=0.50, mu_lambda=1.0e-02, K=20/20)",1,periodavg_0783-0785,15.160000,-9.9035,1.6103,96.0313,83.1503,12.8810
"BlendPCA-F (dynamic, w0=0.50, mu_lambda=1.0e-02, K=20/20)",1,periodavg_0783-0785,15.200000,-9.6251,3.6800,97.7154,83.1503,14.5651
"BlendPCA-F (dynamic, w0=0.50, mu_lambda=1.0e-02, K=20/20)",1,periodavg_0783-0785,15.253333,-7.9726,2.5350,90.5763,83.1503,7.4261
"BlendPCA-F (dynamic, w0=0.50, mu_lambda=1.0e-02, K=20/20)",1,periodavg_0783-0785,15.306667,-10.7508,1.7482,96.2829,83.1503,13.1326
"BlendPCA-F (dynamic, w0=0.50, mu_lambda=1.0e-02, K=20/20)",1,periodavg_0783-0785,15.360000,-8.9262,0.7622,88.2622,83.1503,5.1120
"BlendPCA-F (dynamic, w0=0.50, mu_lambda=1.0e-02, K=20/20)",1,periodavg_0783-0785,15.400000,-10.5316,2.7995,97.4409,83.1503,14.2907
"BlendPCA-F (dynamic, w0=0.50, mu_lambda=1.0e-02, K=20/20)",1,periodavg_0783-0785,15.453333,-11.1105,2.0222,97.7051,83.1503,14.5549
"BlendPCA-F (dynamic, w0=0.50, mu_lambda=1.0e-02, K=20/20)",1,periodavg_0783-0785,15.506667,-8.0459,1.2947,86.9442,83.1503,3.7939
"BlendPCA-F (dynamic, w0=0.50, mu_lambda=1.0e-02, K=20/20)",1,periodavg_0783-0785,15.560000,-7.7566,2.0163,87.8401,83.1503,4.6899
"BlendPCA-F (dynamic, w0=0.50, mu_lambda=1.0e-02, K=20/20)",1,periodavg_0783-0785,15.600000,-7.9842,1.7278,91.2538,83.1503,8.1036
"BlendPCA-F (dynamic, w0=0.50, mu_lambda=1.0e-02, K=20/20)",1,periodavg_0783-0785,15.653333,-7.4802,0.9114,85.8918,83.1503,2.7415
"BlendPCA-F (dynamic, w0=0.50, mu_lambda=1.0e-02, K=20/20)",1,periodavg_0783-0785,15.706667,-7.1840,2.8960,99.4202,83.1503,16.2699
"BlendPCA-F (dynamic, w0=0.50, mu_lambda=1.0e-02, K=20/20)",1,periodavg_0783-0785,15.760000,-6.2168,2.1723,86.3518,83.1503,3.2015
"BlendPCA-F (dynamic, w0=0.50, mu_lambda=1.0e-02, K=20/20)",1,periodavg_0783-0785,15.800000,-8.1481,1.4746,90.6871,83.1503,7.5368
"BlendPCA-F (dynamic, w0=0.50, mu_lambda=1.0e-02, K=20/20)",1,periodavg_0783-0785,15.853333,-9.6560,1.9921,92.3234,83.1503,9.1731
"BlendPCA-F (dynamic, w0=0.50, mu_lambda=1.0e-02, K=20/20)",1,periodavg_0783-0785,15.906667,-6.2492,3.7093,97.5998,83.1503,14.4495
"BlendPCA-F (dynamic, w0=0.50, mu_lambda=1.0e-02, K=20/20)",1,periodavg_0783-0785,15.960000,-10.0647,2.4062,94.9068,83.1503,11.7565
"BlendPCA-F (dynamic, w0=0.50, mu_lambda=1.0e-02, K=20/20)",1,periodavg_0783-0785,16.000000,-6.3512,4.0169,87.2732,83.1503,4.1230
"BlendPCA-F (dynamic, w0=0.50, mu_lambda=1.0e-02, K=20/20)",1,periodavg_0783-0785,16.053333,-8.8827,2.3650,96.8779,83.1503,13.7276
"BlendPCA-F (dynamic, w0=0.50, mu_lambda=1.0e-02, K=20/20)",1,periodavg_0783-0785,16.106667,-12.7289,1.5694,98.5690,83.1503,15.4187
"BlendPCA-F (dynamic, w0=0.50, mu_lambda=1.0e-02, K=20/20)",1,periodavg_0783-0785,16.160000,-11.1918,2.6471,94.1472,83.1503,10.9969
"BlendPCA-F (dynamic, w0=0.50, mu_lambda=1.0e-02, K=20/20)",1,periodavg_0783-0785,16.200000,-10.1878,2.5399,95.2968,83.1503,12.1465
"BlendPCA-F (dynamic, w0=0.50, mu_lambda=1.0e-02, K=20/20)",1,periodavg_0783-0785,16.253333,-5.3106,1.8424,82.9343,83.1503,-0.2160
"BlendPCA-F (dynamic, w0=0.50, mu_lambda=1.0e-02, K=20/20)",1,periodavg_0783-0785,16.306667,-9.4650,1.7390,94.4859,83.1503,11.3356
"BlendPCA-F (dynamic, w0=0.50, mu_lambda=1.0e-02, K=20/20)",1,periodavg_0783-0785,16.360000,-8.1828,3.5518,90.9712,83.1503,7.8210
"BlendPCA-F (dynamic, w0=0.50, mu_lambda=1.0e-02, K=20/20)",1,periodavg_0783-0785,16.400000,-9.8564,2.0377,96.0716,83.1503,12.9213
"BlendPCA-F (dynamic, w0=0.50, mu_lambda=1.0e-02, K=20/20)",1,periodavg_0783-0785,16.453333,-7.2495,2.8791,90.7961,83.1503,7.6458
"BlendPCA-F (dynamic, w0=0.50, mu_lambda=1.0e-02, K=20/20)",1,periodavg_0783-0785,16.506667,-8.4181,1.4095,91.8766,83.1503,8.7263
"BlendPCA-F (dynamic, w0=0.50, mu_lambda=1.0e-02, K=20/20)",1,periodavg_0783-0785,16.560000,-6.8609,2.1330,87.9917,83.1503,4.8414
"BlendPCA-F (dynamic, w0=0.50, mu_lambda=1.0e-02, K=20/20)",1,periodavg_0783-0785,16.600000,-8.3916,1.7684,93.0511,83.1503,9.9008
"BlendPCA-F (dynamic, w0=0.50, mu_lambda=1.0e-02, K=20/20)",1,periodavg_0783-0785,16.653333,-9.9647,1.7135,96.2810,83.1503,13.1308
"BlendPCA-F (dynamic, w0=0.50, mu_lambda=1.0e-02, K=20/20)",1,periodavg_0783-0785,16.706667,-10.3972,1.7556,91.8020,83.1503,8.6518
"BlendPCA-F (dynamic, w0=0.50, mu_lambda=1.0e-02, K=20/20)",1,periodavg_0783-0785,16.760000,-8.5554,3.9274,98.2360,83.1503,15.0857
"BlendPCA-F (dynamic, w0=0.50, mu_lambda=1.0e-02, K=20/20)",1,periodavg_0783-0785,16.800000,-9.7708,2.9703,96.7692,83.1503,13.6189
"BlendPCA-F (dynamic, w0=0.50, mu_lambda=1.0e-02, K=20/20)",1,periodavg_0783-0785,16.853333,-10.5794,2.4677,97.3582,83.1503,14.2079
"BlendPCA-F (dynamic, w0=0.50, mu_lambda=1.0e-02, K=20/20)",1,periodavg_0783-0785,16.906667,-11.9037,1.8054,102.6236,83.1503,19.4733
"BlendPCA-F (dynamic, w0=0.50, mu_lambda=1.0e-02, K=20/20)",1,periodavg_0783-0785,16.960000,-9.6437,3.6271,96.2515,83.1503,13.1013
"BlendPCA-F (dynamic, w0=0.50, mu_lambda=1.0e-02, K=20/20)",1,periodavg_0783-0785,17.000000,-9.1701,3.3786,98.1350,83.1503,14.9847
"BlendPCA-F (dynamic, w0=0.50, mu_lambda=1.0e-02, K=20/20)",1,periodavg_0783-0785,17.053333,-8.1322,3.1102,94.6078,83.1503,11.4575
"BlendPCA-F (dynamic, w0=0.50, mu_lambda=1.0e-02, K=20/20)",1,periodavg_0783-0785,17.106667,-6.9283,2.5481,87.2826,83.1503,4.1323
"BlendPCA-F (dynamic, w0=0.50, mu_lambda=1.0e-02, K=20/20)",1,periodavg_0783-0785,17.160000,-8.7022,0.7307,92.5475,83.1503,9.3972
"BlendPCA-F (dynamic, w0=0.50, mu_lambda=1.0e-02, K=20/20)",1,periodavg_0783-0785,17.200000,-10.1901,2.6633,97.0785,83.1503,13.9283
"BlendPCA-F (dynamic, w0=0.50, mu_lambda=1.0e-02, K=20/20)",1,periodavg_0783-0785,17.253333,-4.8768,1.4756,86.8358,83.1503,3.6855
"BlendPCA-F (dynamic, w0=0.50, mu_lambda=1.0e-02, K=20/20)",1,periodavg_0783-0785,17.306667,-6.4870,3.7735,94.2508,83.1503,11.1005
"BlendPCA-F (dynamic, w0=0.50, mu_lambda=1.0e-02, K=20/20)",1,periodavg_0783-0785,17.360000,-7.3616,0.0889,87.1258,83.1503,3.9755
"BlendPCA-F (dynamic, w0=0.50, mu_lambda=1.0e-02, K=20/20)",1,periodavg_0783-0785,17.400000,-8.1720,2.1298,97.4745,83.1503,14.3242
"BlendPCA-F (dynamic, w0=0.50, mu_lambda=1.0e-02, K=20/20)",1,periodavg_0783-0785,17.453333,-6.7672,1.9738,87.6135,83.1503,4.4632
"BlendPCA-F (dynamic, w0=0.50, mu_lambda=1.0e-02, K=20/20)",1,periodavg_0783-0785,17.506667,-8.7800,2.1009,92.5275,83.1503,9.3772
"BlendPCA-F (dynamic, w0=0.50, mu_lambda=1.0e-02, K=20/20)",1,periodavg_0783-0785,17.560000,-8.7991,2.3193,94.2090,83.1503,11.0588
"BlendPCA-F (dynamic, w0=0.50, mu_lambda=1.0e-02, K=20/20)",1,periodavg_0783-0785,17.600000,-11.4925,1.5608,98.8089,83.1503,15.6586
"BlendPCA-F (dynamic, w0=0.50, mu_lambda=1.0e-02, K=20/20)",1,periodavg_0783-0785,17.653333,-8.4574,1.0027,90.1469,83.1503,6.9966
"BlendPCA-F (dynamic, w0=0.50, mu_lambda=1.0e-02, K=20/20)",1,periodavg_0783-0785,17.706667,-9.4053,2.7474,96.3470,83.1503,13.1968
"BlendPCA-F (dynamic, w0=0.50, mu_lambda=1.0e-02, K=20/20)",1,periodavg_0783-0785,17.760000,-10.3186,2.7977,99.2866,83.1503,16.1363
"BlendPCA-F (dynamic, w0=0.50, mu_lambda=1.0e-02, K=20/20)",1,periodavg_0783-0785,17.800000,-9.4130,2.0507,94.6362,83.1503,11.4860
"BlendPCA-F (dynamic, w0=0.50, mu_lambda=1.0e-02, K=20/20)",1,periodavg_0783-0785,17.853333,-8.9538,2.3148,95.4924,83.1503,12.3422
"BlendPCA-F (dynamic, w0=0.50, mu_lambda=1.0e-02, K=20/20)",1,periodavg_0783-0785,17.906667,-7.3761,0.7559,86.0477,83.1503,2.8974
"BlendPCA-F (dynamic, w0=0.50, mu_lambda=1.0e-02, K=20/20)",1,periodavg_0783-0785,17.960000,-11.7167,2.3414,101.1830,83.1503,18.0327
"BlendPCA-F (dynamic, w0=0.50, mu_lambda=1.0e-02, K=20/20)",1,periodavg_0783-0785,18.000000,-12.5955,1.8066,104.8842,83.1503,21.7340
"BlendPCA-F (dynamic, w0=0.50, mu_lambda=1.0e-02, K=20/20)",1,periodavg_0783-0785,18.053333,-11.7225,2.7044,100.2095,83.1503,17.0592
"BlendPCA-F (dynamic, w0=0.50, mu_lambda=1.0e-02, K=20/20)",1,periodavg_0783-0785,18.106667,-10.2427,2.1958,95.6001,83.1503,12.4498
"BlendPCA-F (dynamic, w0=0.50, mu_lambda=1.0e-02, K=20/20)",1,periodavg_0783-0785,18.160000,-8.4335,2.3867,93.0710,83.1503,9.9207
"BlendPCA-F (dynamic, w0=0.50, mu_lambda=1.0e-02, K=20/20)",1,periodavg_0783-0785,18.200000,-10.8837,1.8017,95.6667,83.1503,12.5164
"BlendPCA-F (dynamic, w0=0.50, mu_lambda=1.0e-02, K=20/20)",1,periodavg_0783-0785,18.253333,-7.5650,2.1653,87.8497,83.1503,4.6995
"BlendPCA-F (dynamic, w0=0.50, mu_lambda=1.0e-02, K=20/20)",1,periodavg_0783-0785,18.306667,-3.0274,2.6497,81.9007,83.1503,-1.2496
"BlendPCA-F (dynamic, w0=0.50, mu_lambda=1.0e-02, K=20/20)",1,periodavg_0783-0785,18.360000,-7.6415,0.5918,89.1915,83.1503,6.0413
"BlendPCA-F (dynamic, w0=0.50, mu_lambda=1.0e-02, K=20/20)",1,periodavg_0783-0785,18.400000,-8.4374,2.3658,94.0774,83.1503,10.9271
"BlendPCA-F (dynamic, w0=0.50, mu_lambda=1.0e-02, K=20/20)",1,periodavg_0783-0785,18.453333,-8.5950,2.3514,96.2191,83.1503,13.0689
"BlendPCA-F (dynamic, w0=0.50, mu_lambda=1.0e-02, K=20/20)",1,periodavg_0783-0785,18.506667,-8.3409,1.1234,89.9122,83.1503,6.7619
"BlendPCA-F (dynamic, w0=0.50, mu_lambda=1.0e-02, K=20/20)",1,periodavg_0783-0785,18.560000,-6.7414,2.6840,96.1393,83.1503,12.9891
"BlendPCA-F (dynamic, w0=0.50, mu_lambda=1.0e-02, K=20/20)",1,periodavg_0783-0785,18.600000,-8.5188,2.0082,99.1419,83.1503,15.9917
"BlendPCA-F (dynamic, w0=0.50, mu_lambda=1.0e-02, K=20/20)",1,periodavg_0783-0785,18.653333,-10.7540,1.7296,95.3417,83.1503,12.1915
"BlendPCA-F (dynamic, w0=0.50, mu_lambda=1.0e-02, K=20/20)",1,periodavg_0783-0785,18.706667,-9.0625,3.3439,98.1996,83.1503,15.0493
"BlendPCA-F (dynamic, w0=0.50, mu_lambda=1.0e-02, K=20/20)",1,periodavg_0783-0785,18.760000,-8.8898,1.7432,89.7117,83.1503,6.5615
"BlendPCA-F (dynamic, w0=0.50, mu_lambda=1.0e-02, K=20/20)",1,periodavg_0783-0785,18.800000,-10.8477,2.1487,92.8407,83.1503,9.6905
"BlendPCA-F (dynamic, w0=0.50, mu_lambda=1.0e-02, K=20/20)",1,periodavg_0783-0785,18.853333,-7.2509,1.7923,88.8750,83.1503,5.7247
"BlendPCA-F (dynamic, w0=0.50, mu_lambda=1.0e-02, K=20/20)",1,periodavg_0783-0785,18.906667,-7.3715,1.9549,89.1650,83.1503,6.0147
"BlendPCA-F (dynamic, w0=0.50, mu_lambda=1.0e-02, K=20/20)",1,periodavg_0783-0785,18.960000,-7.0812,0.9895,89.5034,83.1503,6.3531
"BlendPCA-F (dynamic, w0=0.50, mu_lambda=1.0e-02, K=20/20)",1,periodavg_0783-0785,19.000000,-5.6111,3.0950,93.8224,83.1503,10.6722
"BlendPCA-F (dynamic, w0=0.50, mu_lambda=1.0e-02, K=20/20)",1,periodavg_0783-0785,19.053333,-9.1046,1.0947,91.4805,83.1503,8.3302
"BlendPCA-F (dynamic, w0=0.50, mu_lambda=1.0e-02, K=20/20)",1,periodavg_0783-0785,19.106667,-7.3775,2.9670,95.2012,83.1503,12.0510
"BlendPCA-F (dynamic, w0=0.50, mu_lambda=1.0e-02, K=20/20)",1,periodavg_0783-0785,19.160000,-9.7481,2.5347,95.8547,83.1503,12.7045
"BlendPCA-F (dynamic, w0=0.50, mu_lambda=1.0e-02, K=20/20)",1,periodavg_0783-0785,19.200000,-12.6090,3.9468,105.3822,83.1503,22.2319
"BlendPCA-F (dynamic, w0=0.50, mu_lambda=1.0e-02, K=20/20)",1,periodavg_0783-0785,19.253333,-12.1653,1.8312,100.3977,83.1503,17.2475
"BlendPCA-F (dynamic, w0=0.50, mu_lambda=1.0e-02, K=20/20)",1,periodavg_0783-0785,19.306667,-11.5497,2.4778,99.2515,83.1503,16.1012
"BlendPCA-F (dynamic, w0=0.50, mu_lambda=1.0e-02, K=20/20)",1,periodavg_0783-0785,19.360000,-10.4527,2.9489,101.0504,83.1503,17.9001
"BlendPCA-F (dynamic, w0=0.50, mu_lambda=1.0e-02, K=20/20)",1,periodavg_0783-0785,19.400000,-11.2256,2.0272,98.2776,83.1503,15.1274
"BlendPCA-F (dynamic, w0=0.50, mu_lambda=1.0e-02, K=20/20)",1,periodavg_0783-0785,19.453333,-11.4152,2.5832,99.7690,83.1503,16.6187
"BlendPCA-F (dynamic, w0=0.50, mu_lambda=1.0e-02, K=20/20)",1,periodavg_0783-0785,19.506667,-11.7471,1.2940,96.3403,83.1503,13.1900
"BlendPCA-F (dynamic, w0=0.50, mu_lambda=1.0e-02, K=20/20)",1,periodavg_0783-0785,19.560000,-9.5196,1.0209,90.2536,83.1503,7.1034
"BlendPCA-F (dynamic, w0=0.50, mu_lambda=1.0e-02, K=20/20)",1,periodavg_0783-0785,19.600000,-11.3184,2.3281,101.1194,83.1503,17.9691
"BlendPCA-F (dynamic, w0=0.50, mu_lambda=1.0e-02, K=20/20)",1,periodavg_0783-0785,19.653333,-11.0047,1.5142,99.3377,83.1503,16.1875
"BlendPCA-F (dynamic, w0=0.50, mu_lambda=1.0e-02, K=20/20)",1,periodavg_0783-0785,19.706667,-8.7730,4.3239,95.5835,83.1503,12.4333
"BlendPCA-F (dynamic, w0=0.50, mu_lambda=1.0e-02, K=20/20)",1,periodavg_0783-0785,19.760000,-11.9708,1.7840,97.1176,83.1503,13.9673
"BlendPCA-F (dynamic, w0=0.50, mu_lambda=1.0e-02, K=20/20)",1,periodavg_0783-0785,19.800000,-13.4409,2.7431,105.1378,83.1503,21.9876
"BlendPCA-F (dynamic, w0=0.50, mu_lambda=1.0e-02, K=20/20)",1,periodavg_0783-0785,19.853333,-10.9627,0.7133,91.7381,83.1503,8.5878
"BlendPCA-F (dynamic, w0=0.50, mu_lambda=1.0e-02, K=20/20)",1,periodavg_0783-0785,19.906667,-8.5159,3.2949,93.1636,83.1503,10.0134
"BlendPCA-F (dynamic, w0=0.50, mu_lambda=1.0e-02, K=20/20)",1,periodavg_0783-0785,19.960000,-11.8663,1.6052,101.1779,83.1503,18.0277
"BlendPCA-F (dynamic, w0=0.50, mu_lambda=1.0e-02, K=20/20)",1,periodavg_0783-0785,20.000000,-8.8997,2.9154,90.0905,83.1503,6.9402
"BlendPCA-F (dynamic, w0=0.50, mu_lambda=1.0e-02, K=20/20)",2,periodavg_0894-0896,20.013333,-0.3729,0.2357,68.1031,67.5088,0.5943
"BlendPCA-F (dynamic, w0=0.50, mu_lambda=1.0e-02, K=20/20)",2,periodavg_0894-0896,20.053333,-3.9324,3.0310,71.3661,67.5088,3.8573
"BlendPCA-F (dynamic, w0=0.50, mu_lambda=1.0e-02, K=20/20)",2,periodavg_0894-0896,20.106667,-5.6264,4.5126,73.9705,67.5088,6.4617
"BlendPCA-F (dynamic, w0=0.50, mu_lambda=1.0e-02, K=20/20)",2,periodavg_0894-0896,20.160000,-6.1439,5.8112,75.7555,67.5088,8.2467
"BlendPCA-F (dynamic, w0=0.50, mu_lambda=1.0e-02, K=20/20)",2,periodavg_0894-0896,20.200000,-6.3882,5.3127,75.8154,67.5088,8.3066
"BlendPCA-F (dynamic, w0=0.50, mu_lambda=1.0e-02, K=20/20)",2,periodavg_0894-0896,20.253333,-6.3847,6.3719,75.7415,67.5088,8.2327
"BlendPCA-F (dynamic, w0=0.50, mu_lambda=1.0e-02, K=20/20)",2,periodavg_0894-0896,20.306667,-6.5994,5.2986,75.7781,67.5088,8.2693
"BlendPCA-F (dynamic, w0=0.50, mu_lambda=1.0e-02, K=20/20)",2,periodavg_0894-0896,20.360000,-6.7962,5.9927,75.4276,67.5088,7.9188
"BlendPCA-F (dynamic, w0=0.50, mu_lambda=1.0e-02, K=20/20)",2,periodavg_0894-0896,20.400000,-7.4100,5.2957,75.9925,67.5088,8.4836
"BlendPCA-F (dynamic, w0=0.50, mu_lambda=1.0e-02, K=20/20)",2,periodavg_0894-0896,20.453333,-8.1070,6.5109,76.5776,67.5088,9.0688
"BlendPCA-F (dynamic, w0=0.50, mu_lambda=1.0e-02, K=20/20)",2,periodavg_0894-0896,20.506667,-8.4176,6.4827,77.1001,67.5088,9.5913
"BlendPCA-F (dynamic, w0=0.50, mu_lambda=1.0e-02, K=20/20)",2,periodavg_0894-0896,20.560000,-8.8154,6.4075,77.7388,67.5088,10.2300
"BlendPCA-F (dynamic, w0=0.50, mu_lambda=1.0e-02, K=20/20)",2,periodavg_0894-0896,20.600000,-9.2520,6.1210,78.2538,67.5088,10.7450
"BlendPCA-F (dynamic, w0=0.50, mu_lambda=1.0e-02, K=20/20)",2,periodavg_0894-0896,20.653333,-9.5437,5.8231,79.6055,67.5088,12.0966
"BlendPCA-F (dynamic, w0=0.50, mu_lambda=1.0e-02, K=20/20)",2,periodavg_0894-0896,20.706667,-9.7674,7.2242,80.9871,67.5088,13.4783
"BlendPCA-F (dynamic, w0=0.50, mu_lambda=1.0e-02, K=20/20)",2,periodavg_0894-0896,20.760000,-10.1431,6.1858,81.5679,67.5088,14.0591
"BlendPCA-F (dynamic, w0=0.50, mu_lambda=1.0e-02, K=20/20)",2,periodavg_0894-0896,20.800000,-10.6989,8.4657,82.1089,67.5088,14.6001
"BlendPCA-F (dynamic, w0=0.50, mu_lambda=1.0e-02, K=20/20)",2,periodavg_0894-0896,20.853333,-11.1383,8.0628,82.3647,67.5088,14.8559
"BlendPCA-F (dynamic, w0=0.50, mu_lambda=1.0e-02, K=20/20)",2,periodavg_0894-0896,20.906667,-11.5140,6.4584,82.5128,67.5088,15.0039
"BlendPCA-F (dynamic, w0=0.50, mu_lambda=1.0e-02, K=20/20)",2,periodavg_0894-0896,20.960000,-11.7982,8.3158,82.7639,67.5088,15.2551
"BlendPCA-F (dynamic, w0=0.50, mu_lambda=1.0e-02, K=20/20)",2,periodavg_0894-0896,21.000000,-12.0605,8.6509,83.0006,67.5088,15.4918
"BlendPCA-F (dynamic, w0=0.50, mu_lambda=1.0e-02, K=20/20)",2,periodavg_0894-0896,21.053333,-12.3435,7.3702,83.3286,67.5088,15.8198
"BlendPCA-F (dynamic, w0=0.50, mu_lambda=1.0e-02, K=20/20)",2,periodavg_0894-0896,21.106667,-12.6410,6.2645,83.5139,67.5088,16.0050
"BlendPCA-F (dynamic, w0=0.50, mu_lambda=1.0e-02, K=20/20)",2,periodavg_0894-0896,21.160000,-12.9046,9.5341,83.7855,67.5088,16.2766
"BlendPCA-F (dynamic, w0=0.50, mu_lambda=1.0e-02, K=20/20)",2,periodavg_0894-0896,21.200000,-13.0912,8.3437,83.9286,67.5088,16.4198
"BlendPCA-F (dynamic, w0=0.50, mu_lambda=1.0e-02, K=20/20)",2,periodavg_0894-0896,21.253333,-13.2831,7.6799,84.1572,67.5088,16.6484
"BlendPCA-F (dynamic, w0=0.50, mu_lambda=1.0e-02, K=20/20)",2,periodavg_0894-0896,21.306667,-13.5019,7.3246,84.3362,67.5088,16.8274
"BlendPCA-F (dynamic, w0=0.50, mu_lambda=1.0e-02, K=20/20)",2,periodavg_0894-0896,21.360000,-13.6682,7.8711,84.3352,67.5088,16.8263
"BlendPCA-F (dynamic, w0=0.50, mu_lambda=1.0e-02, K=20/20)",2,periodavg_0894-0896,21.400000,-13.8734,8.8215,84.6384,67.5088,17.1295
"BlendPCA-F (dynamic, w0=0.50, mu_lambda=1.0e-02, K=20/20)",2,periodavg_0894-0896,21.453333,-14.0315,7.1606,84.9592,67.5088,17.4504
"BlendPCA-F (dynamic, w0=0.50, mu_lambda=1.0e-02, K=20/20)",2,periodavg_0894-0896,21.506667,-13.6458,5.8630,85.3733,67.5088,17.8645
"BlendPCA-F (dynamic, w0=0.50, mu_lambda=1.0e-02, K=20/20)",2,periodavg_0894-0896,21.560000,-14.2188,6.5643,85.2702,67.5088,17.7613
"BlendPCA-F (dynamic, w0=0.50, mu_lambda=1.0e-02, K=20/20)",2,periodavg_0894-0896,21.600000,-14.4015,7.5068,85.5862,67.5088,18.0774
"BlendPCA-F (dynamic, w0=0.50, mu_lambda=1.0e-02, K=20/20)",2,periodavg_0894-0896,21.653333,-14.6626,7.9672,85.9079,67.5088,18.3991
"BlendPCA-F (dynamic, w0=0.50, mu_lambda=1.0e-02, K=20/20)",2,periodavg_0894-0896,21.706667,-14.7986,4.9327,86.1697,67.5088,18.6608
"BlendPCA-F (dynamic, w0=0.50, mu_lambda=1.0e-02, K=20/20)",2,periodavg_0894-0896,21.760000,-14.9957,9.0876,86.1682,67.5088,18.6593
"BlendPCA-F (dynamic, w0=0.50, mu_lambda=1.0e-02, K=20/20)",2,periodavg_0894-0896,21.800000,-15.0174,6.6136,86.4080,67.5088,18.8992
"BlendPCA-F (dynamic, w0=0.50, mu_lambda=1.0e-02, K=20/20)",2,periodavg_0894-0896,21.853333,-15.2426,8.9578,86.6612,67.5088,19.1523
"BlendPCA-F (dynamic, w0=0.50, mu_lambda=1.0e-02, K=20/20)",2,periodavg_0894-0896,21.906667,-15.3488,8.7064,86.6901,67.5088,19.1812
"BlendPCA-F (dynamic, w0=0.50, mu_lambda=1.0e-02, K=20/20)",2,periodavg_0894-0896,21.960000,-15.4394,7.3195,86.7753,67.5088,19.2665
"BlendPCA-F (dynamic, w0=0.50, mu_lambda=1.0e-02, K=20/20)",2,periodavg_0894-0896,22.000000,-15.5637,9.0823,87.0651,67.5088,19.5563
"BlendPCA-F (dynamic, w0=0.50, mu_lambda=1.0e-02, K=20/20)",2,periodavg_0894-0896,22.053333,-15.5337,5.2700,87.2791,67.5088,19.7703
"BlendPCA-F (dynamic, w0=0.50, mu_lambda=1.0e-02, K=20/20)",2,periodavg_0894-0896,22.106667,-15.6783,9.5230,87.2853,67.5088,19.7765
"BlendPCA-F (dynamic, w0=0.50, mu_lambda=1.0e-02, K=20/20)",2,periodavg_0894-0896,22.160000,-15.6542,7.0464,87.7886,67.5088,20.2797
"BlendPCA-F (dynamic, w0=0.50, mu_lambda=1.0e-02, K=20/20)",2,periodavg_0894-0896,22.200000,-15.9171,8.0737,87.8981,67.5088,20.3893
"BlendPCA-F (dynamic, w0=0.50, mu_lambda=1.0e-02, K=20/20)",2,periodavg_0894-0896,22.253333,-15.9673,6.4491,87.9317,67.5088,20.4229
"BlendPCA-F (dynamic, w0=0.50, mu_lambda=1.0e-02, K=20/20)",2,periodavg_0894-0896,22.306667,-15.9872,7.3268,87.9026,67.5088,20.3937
"BlendPCA-F (dynamic, w0=0.50, mu_lambda=1.0e-02, K=20/20)",2,periodavg_0894-0896,22.360000,-15.7244,5.6781,87.9768,67.5088,20.4680
"BlendPCA-F (dynamic, w0=0.50, mu_lambda=1.0e-02, K=20/20)",2,periodavg_0894-0896,22.400000,-15.9607,8.1171,87.9682,67.5088,20.4594
"BlendPCA-F (dynamic, w0=0.50, mu_lambda=1.0e-02, K=20/20)",2,periodavg_0894-0896,22.453333,-15.9890,7.0389,87.8991,67.5088,20.3903
"BlendPCA-F (dynamic, w0=0.50, mu_lambda=1.0e-02, K=20/20)",2,periodavg_0894-0896,22.506667,-16.0017,6.0587,87.8432,67.5088,20.3344
"BlendPCA-F (dynamic, w0=0.50, mu_lambda=1.0e-02, K=20/20)",2,periodavg_0894-0896,22.560000,-16.1940,6.8322,87.9417,67.5088,20.4328
"BlendPCA-F (dynamic, w0=0.50, mu_lambda=1.0e-02, K=20/20)",2,periodavg_0894-0896,22.600000,-16.1961,7.0916,87.8507,67.5088,20.3419
"BlendPCA-F (dynamic, w0=0.50, mu_lambda=1.0e-02, K=20/20)",2,periodavg_0894-0896,22.653333,-16.3564,9.8836,87.8898,67.5088,20.3809
"BlendPCA-F (dynamic, w0=0.50, mu_lambda=1.0e-02, K=20/20)",2,periodavg_0894-0896,22.706667,-16.3609,7.6203,87.7533,67.5088,20.2444
"BlendPCA-F (dynamic, w0=0.50, mu_lambda=1.0e-02, K=20/20)",2,periodavg_0894-0896,22.760000,-16.3813,8.0862,87.8652,67.5088,20.3564
"BlendPCA-F (dynamic, w0=0.50, mu_lambda=1.0e-02, K=20/20)",2,periodavg_0894-0896,22.800000,-16.4215,7.0229,87.8131,67.5088,20.3043
"BlendPCA-F (dynamic, w0=0.50, mu_lambda=1.0e-02, K=20/20)",2,periodavg_0894-0896,22.853333,-16.4951,7.8881,87.8087,67.5088,20.2999
"BlendPCA-F (dynamic, w0=0.50, mu_lambda=1.0e-02, K=20/20)",2,periodavg_0894-0896,22.906667,-16.5964,7.0685,87.8581,67.5088,20.3493
"BlendPCA-F (dynamic, w0=0.50, mu_lambda=1.0e-02, K=20/20)",2,periodavg_0894-0896,22.960000,-16.5815,8.2033,87.9458,67.5088,20.4370
"BlendPCA-F (dynamic, w0=0.50, mu_lambda=1.0e-02, K=20/20)",2,periodavg_0894-0896,23.000000,-16.5571,6.8648,87.9657,67.5088,20.4569
"BlendPCA-F (dynamic, w0=0.50, mu_lambda=1.0e-02, K=20/20)",2,periodavg_0894-0896,23.053333,-16.6647,7.5348,88.0054,67.5088,20.4966
"BlendPCA-F (dynamic, w0=0.50, mu_lambda=1.0e-02, K=20/20)",2,periodavg_0894-0896,23.106667,-16.6451,6.6839,87.9582,67.5088,20.4494
"BlendPCA-F (dynamic, w0=0.50, mu_lambda=1.0e-02, K=20/20)",2,periodavg_0894-0896,23.160000,-16.6506,6.8349,88.0335,67.5088,20.5247
"BlendPCA-F (dynamic, w0=0.50, mu_lambda=1.0e-02, K=20/20)",2,periodavg_0894-0896,23.200000,-16.7177,7.7331,87.8791,67.5088,20.3703
"BlendPCA-F (dynamic, w0=0.50, mu_lambda=1.0e-02, K=20/20)",2,periodavg_0894-0896,23.253333,-16.8562,7.7997,87.9239,67.5088,20.4151
"BlendPCA-F (dynamic, w0=0.50, mu_lambda=1.0e-02, K=20/20)",2,periodavg_0894-0896,23.306667,-16.9717,8.2764,87.9549,67.5088,20.4461
"BlendPCA-F (dynamic, w0=0.50, mu_lambda=1.0e-02, K=20/20)",2,periodavg_0894-0896,23.360000,-17.1046,7.0316,87.9976,67.5088,20.4888
"BlendPCA-F (dynamic, w0=0.50, mu_lambda=1.0e-02, K=20/20)",2,periodavg_0894-0896,23.400000,-17.1611,8.4757,87.9460,67.5088,20.4371
"BlendPCA-F (dynamic, w0=0.50, mu_lambda=1.0e-02, K=20/20)",2,periodavg_0894-0896,23.453333,-17.0332,7.7160,88.0435,67.5088,20.5347
"BlendPCA-F (dynamic, w0=0.50, mu_lambda=1.0e-02, K=20/20)",2,periodavg_0894-0896,23.506667,-17.0252,8.8511,87.9906,67.5088,20.4818
"BlendPCA-F (dynamic, w0=0.50, mu_lambda=1.0e-02, K=20/20)",2,periodavg_0894-0896,23.560000,-17.2231,6.0371,87.8589,67.5088,20.3501
"BlendPCA-F (dynamic, w0=0.50, mu_lambda=1.0e-02, K=20/20)",2,periodavg_0894-0896,23.600000,-17.3227,8.2400,87.8910,67.5088,20.3821
"BlendPCA-F (dynamic, w0=0.50, mu_lambda=1.0e-02, K=20/20)",2,periodavg_0894-0896,23.653333,-17.2513,7.4774,87.8941,67.5088,20.3853
"BlendPCA-F (dynamic, w0=0.50, mu_lambda=1.0e-02, K=20/20)",2,periodavg_0894-0896,23.706667,-16.7063,6.5945,87.8695,67.5088,20.3607
"BlendPCA-F (dynamic, w0=0.50, mu_lambda=1.0e-02, K=20/20)",2,periodavg_0894-0896,23.760000,-14.7902,6.1109,87.2299,67.5088,19.7211
"BlendPCA-F (dynamic, w0=0.50, mu_lambda=1.0e-02, K=20/20)",2,periodavg_0894-0896,23.800000,-13.8844,5.0489,85.1869,67.5088,17.6780
"BlendPCA-F (dynamic, w0=0.50, mu_lambda=1.0e-02, K=20/20)",2,periodavg_0894-0896,23.853333,-15.2690,7.4865,87.8464,67.5088,20.3376
"BlendPCA-F (dynamic, w0=0.50, mu_lambda=1.0e-02, K=20/20)",2,periodavg_0894-0896,23.906667,-16.1174,7.3242,87.8325,67.5088,20.3237
"BlendPCA-F (dynamic, w0=0.50, mu_lambda=1.0e-02, K=20/20)",2,periodavg_0894-0896,23.960000,-16.0525,6.8757,87.7687,67.5088,20.2599
"BlendPCA-F (dynamic, w0=0.50, mu_lambda=1.0e-02, K=20/20)",2,periodavg_0894-0896,24.000000,-15.7935,5.8892,87.6996,67.5088,20.1907
"BlendPCA-F (dynamic, w0=0.50, mu_lambda=1.0e-02, K=20/20)",2,periodavg_0894-0896,24.053333,-16.9970,8.4845,87.8124,67.5088,20.3036
"BlendPCA-F (dynamic, w0=0.50, mu_lambda=1.0e-02, K=20/20)",2,periodavg_0894-0896,24.106667,-17.1323,7.5962,87.8193,67.5088,20.3105
"BlendPCA-F (dynamic, w0=0.50, mu_lambda=1.0e-02, K=20/20)",2,periodavg_0894-0896,24.160000,-17.0686,7.4044,87.7509,67.5088,20.2421
"BlendPCA-F (dynamic, w0=0.50, mu_lambda=1.0e-02, K=20/20)",2,periodavg_0894-0896,24.200000,-16.6707,7.3740,87.8582,67.5088,20.3494
"BlendPCA-F (dynamic, w0=0.50, mu_lambda=1.0e-02, K=20/20)",2,periodavg_0894-0896,24.253333,-16.6247,6.8442,87.9268,67.5088,20.4179
"BlendPCA-F (dynamic, w0=0.50, mu_lambda=1.0e-02, K=20/20)",2,periodavg_0894-0896,24.306667,-16.4112,7.1745,88.0378,67.5088,20.5290
"BlendPCA-F (dynamic, w0=0.50, mu_lambda=1.0e-02, K=20/20)",2,periodavg_0894-0896,24.360000,-17.2436,8.1753,87.7805,67.5088,20.2716
"BlendPCA-F (dynamic, w0=0.50, mu_lambda=1.0e-02, K=20/20)",2,periodavg_0894-0896,24.400000,-17.4017,7.2446,87.9074,67.5088,20.3986
"BlendPCA-F (dynamic, w0=0.50, mu_lambda=1.0e-02, K=20/20)",2,periodavg_0894-0896,24.453333,-17.4052,6.4944,87.9060,67.5088,20.3971
"BlendPCA-F (dynamic, w0=0.50, mu_lambda=1.0e-02, K=20/20)",2,periodavg_0894-0896,24.506667,-17.2276,8.3523,87.8677,67.5088,20.3589
"BlendPCA-F (dynamic, w0=0.50, mu_lambda=1.0e-02, K=20/20)",2,periodavg_0894-0896,24.560000,-16.6659,6.6439,87.9412,67.5088,20.4323
"BlendPCA-F (dynamic, w0=0.50, mu_lambda=1.0e-02, K=20/20)",2,periodavg_0894-0896,24.600000,-16.6377,6.9280,87.8409,67.5088,20.3320
"BlendPCA-F (dynamic, w0=0.50, mu_lambda=1.0e-02, K=20/20)",2,periodavg_0894-0896,24.653333,-16.2049,6.0701,87.7171,67.5088,20.2083
"BlendPCA-F (dynamic, w0=0.50, mu_lambda=1.0e-02, K=20/20)",2,periodavg_0894-0896,24.706667,-16.6118,7.6633,87.7457,67.5088,20.2368
"BlendPCA-F (dynamic, w0=0.50, mu_lambda=1.0e-02, K=20/20)",2,periodavg_0894-0896,24.760000,-16.1695,7.7356,87.7440,67.5088,20.2351
"BlendPCA-F (dynamic, w0=0.50, mu_lambda=1.0e-02, K=20/20)",2,periodavg_0894-0896,24.800000,-16.5266,7.7312,87.7377,67.5088,20.2289
"BlendPCA-F (dynamic, w0=0.50, mu_lambda=1.0e-02, K=20/20)",2,periodavg_0894-0896,24.853333,-17.2135,8.4784,87.8891,67.5088,20.3803
"BlendPCA-F (dynamic, w0=0.50, mu_lambda=1.0e-02, K=20/20)",2,periodavg_0894-0896,24.906667,-17.2666,6.4376,87.8482,67.5088,20.3393
"BlendPCA-F (dynamic, w0=0.50, mu_lambda=1.0e-02, K=20/20)",2,periodavg_0894-0896,24.960000,-17.1448,7.0545,87.9191,67.5088,20.4103
"BlendPCA-F (dynamic, w0=0.50, mu_lambda=1.0e-02, K=20/20)",2,periodavg_0894-0896,25.000000,-17.3013,8.3578,87.8727,67.5088,20.3638
"BlendPCA-F (dynamic, w0=0.50, mu_lambda=1.0e-02, K=20/20)",2,periodavg_0894-0896,25.053333,-17.2451,7.7435,87.8444,67.5088,20.3356
"BlendPCA-F (dynamic, w0=0.50, mu_lambda=1.0e-02, K=20/20)",2,periodavg_0894-0896,25.106667,-16.8464,6.5590,87.9287,67.5088,20.4199
"BlendPCA-F (dynamic, w0=0.50, mu_lambda=1.0e-02, K=20/20)",2,periodavg_0894-0896,25.160000,-16.7448,6.5550,87.8664,67.5088,20.3576
"BlendPCA-F (dynamic, w0=0.50, mu_lambda=1.0e-02, K=20/20)",2,periodavg_0894-0896,25.200000,-16.8417,8.5437,87.9659,67.5088,20.4570
"BlendPCA-F (dynamic, w0=0.50, mu_lambda=1.0e-02, K=20/20)",2,periodavg_0894-0896,25.253333,-16.8041,7.3346,88.0871,67.5088,20.5783
"BlendPCA-F (dynamic, w0=0.50, mu_lambda=1.0e-02, K=20/20)",2,periodavg_0894-0896,25.306667,-17.1436,9.2446,87.9138,67.5088,20.4050
"BlendPCA-F (dynamic, w0=0.50, mu_lambda=1.0e-02, K=20/20)",2,periodavg_0894-0896,25.360000,-17.5841,7.6364,87.9558,67.5088,20.4470
"BlendPCA-F (dynamic, w0=0.50, mu_lambda=1.0e-02, K=20/20)",2,periodavg_0894-0896,25.400000,-17.5616,8.6740,87.8733,67.5088,20.3644
"BlendPCA-F (dynamic, w0=0.50, mu_lambda=1.0e-02, K=20/20)",2,periodavg_0894-0896,25.453333,-17.5571,7.8025,87.8311,67.5088,20.3223
"BlendPCA-F (dynamic, w0=0.50, mu_lambda=1.0e-02, K=20/20)",2,periodavg_0894-0896,25.506667,-17.5482,7.4197,87.7957,67.5088,20.2868
"BlendPCA-F (dynamic, w0=0.50, mu_lambda=1.0e-02, K=20/20)",2,periodavg_0894-0896,25.560000,-17.4315,7.9128,87.8816,67.5088,20.3728
"BlendPCA-F (dynamic, w0=0.50, mu_lambda=1.0e-02, K=20/20)",2,periodavg_0894-0896,25.600000,-17.3312,7.7564,87.7999,67.5088,20.2911
"BlendPCA-F (dynamic, w0=0.50, mu_lambda=1.0e-02, K=20/20)",2,periodavg_0894-0896,25.653333,-17.2472,6.6980,87.8925,67.5088,20.3836
"BlendPCA-F (dynamic, w0=0.50, mu_lambda=1.0e-02, K=20/20)",2,periodavg_0894-0896,25.706667,-17.4397,6.7383,87.8208,67.5088,20.3120
"BlendPCA-F (dynamic, w0=0.50, mu_lambda=1.0e-02, K=20/20)",2,periodavg_0894-0896,25.760000,-17.5192,7.8672,87.9373,67.5088,20.4285
"BlendPCA-F (dynamic, w0=0.50, mu_lambda=1.0e-02, K=20/20)",2,periodavg_0894-0896,25.800000,-17.5771,8.2476,87.9097,67.5088,20.4009
"BlendPCA-F (dynamic, w0=0.50, mu_lambda=1.0e-02, K=20/20)",2,periodavg_0894-0896,25.853333,-17.4251,8.1358,87.9004,67.5088,20.3916
"BlendPCA-F (dynamic, w0=0.50, mu_lambda=1.0e-02, K=20/20)",2,periodavg_0894-0896,25.906667,-17.4949,8.7674,87.9372,67.5088,20.4283
"BlendPCA-F (dynamic, w0=0.50, mu_lambda=1.0e-02, K=20/20)",2,periodavg_0894-0896,25.960000,-17.5335,8.2101,87.9611,67.5088,20.4523
"BlendPCA-F (dynamic, w0=0.50, mu_lambda=1.0e-02, K=20/20)",2,periodavg_0894-0896,26.000000,-17.6793,7.2976,87.9599,67.5088,20.4511
"BlendPCA-F (dynamic, w0=0.50, mu_lambda=1.0e-02, K=20/20)",2,periodavg_0894-0896,26.053333,-17.5510,7.3816,88.0480,67.5088,20.5391
"BlendPCA-F (dynamic, w0=0.50, mu_lambda=1.0e-02, K=20/20)",2,periodavg_0894-0896,26.106667,-17.2657,6.3977,88.1377,67.5088,20.6289
"BlendPCA-F (dynamic, w0=0.50, mu_lambda=1.0e-02, K=20/20)",2,periodavg_0894-0896,26.160000,-17.2913,6.6216,87.9923,67.5088,20.4835
"BlendPCA-F (dynamic, w0=0.50, mu_lambda=1.0e-02, K=20/20)",2,periodavg_0894-0896,26.200000,-17.4299,7.9605,87.8227,67.5088,20.3139
"BlendPCA-F (dynamic, w0=0.50, mu_lambda=1.0e-02, K=20/20)",2,periodavg_0894-0896,26.253333,-17.6521,8.2256,87.8592,67.5088,20.3504
"BlendPCA-F (dynamic, w0=0.50, mu_lambda=1.0e-02, K=20/20)",2,periodavg_0894-0896,26.306667,-17.5159,8.5851,87.7911,67.5088,20.2823
"BlendPCA-F (dynamic, w0=0.50, mu_lambda=1.0e-02, K=20/20)",2,periodavg_0894-0896,26.360000,-17.6423,7.7720,87.7782,67.5088,20.2694
"BlendPCA-F (dynamic, w0=0.50, mu_lambda=1.0e-02, K=20/20)",2,periodavg_0894-0896,26.400000,-17.7194,7.4819,87.8525,67.5088,20.3437
"BlendPCA-F (dynamic, w0=0.50, mu_lambda=1.0e-02, K=20/20)",2,periodavg_0894-0896,26.453333,-17.5662,6.7006,87.8594,67.5088,20.3505
"BlendPCA-F (dynamic, w0=0.50, mu_lambda=1.0e-02, K=20/20)",2,periodavg_0894-0896,26.506667,-17.6841,7.7571,87.9334,67.5088,20.4246
"BlendPCA-F (dynamic, w0=0.50, mu_lambda=1.0e-02, K=20/20)",2,periodavg_0894-0896,26.560000,-17.8461,8.4155,87.8994,67.5088,20.3906
"BlendPCA-F (dynamic, w0=0.50, mu_lambda=1.0e-02, K=20/20)",2,periodavg_0894-0896,26.600000,-17.7271,8.8858,87.8341,67.5088,20.3253
"BlendPCA-F (dynamic, w0=0.50, mu_lambda=1.0e-02, K=20/20)",2,periodavg_0894-0896,26.653333,-17.4237,8.1217,87.8781,67.5088,20.3693
"BlendPCA-F (dynamic, w0=0.50, mu_lambda=1.0e-02, K=20/20)",2,periodavg_0894-0896,26.706667,-17.3954,6.8729,87.9127,67.5088,20.4039
"BlendPCA-F (dynamic, w0=0.50, mu_lambda=1.0e-02, K=20/20)",2,periodavg_0894-0896,26.760000,-17.2573,7.2103,87.8048,67.5088,20.2960
"BlendPCA-F (dynamic, w0=0.50, mu_lambda=1.0e-02, K=20/20)",2,periodavg_0894-0896,26.800000,-17.4621,8.6077,87.7726,67.5088,20.2638
"BlendPCA-F (dynamic, w0=0.50, mu_lambda=1.0e-02, K=20/20)",2,periodavg_0894-0896,26.853333,-17.2392,7.3401,87.8186,67.5088,20.3097
"BlendPCA-F (dynamic, w0=0.50, mu_lambda=1.0e-02, K=20/20)",2,periodavg_0894-0896,26.906667,-17.6045,7.9918,87.8538,67.5088,20.3450
"BlendPCA-F (dynamic, w0=0.50, mu_lambda=1.0e-02, K=20/20)",2,periodavg_0894-0896,26.960000,-17.4197,8.7846,87.8384,67.5088,20.3296
"BlendPCA-F (dynamic, w0=0.50, mu_lambda=1.0e-02, K=20/20)",2,periodavg_0894-0896,27.000000,-17.6814,10.6589,87.8480,67.5088,20.3392
"BlendPCA-F (dynamic, w0=0.50, mu_lambda=1.0e-02, K=20/20)",2,periodavg_0894-0896,27.053333,-17.7297,7.3081,87.7896,67.5088,20.2808
"BlendPCA-F (dynamic, w0=0.50, mu_lambda=1.0e-02, K=20/20)",2,periodavg_0894-0896,27.106667,-17.6214,7.9843,87.7740,67.5088,20.2652
"BlendPCA-F (dynamic, w0=0.50, mu_lambda=1.0e-02, K=20/20)",2,periodavg_0894-0896,27.160000,-17.4286,7.7557,87.8692,67.5088,20.3604
"BlendPCA-F (dynamic, w0=0.50, mu_lambda=1.0e-02, K=20/20)",2,periodavg_0894-0896,27.200000,-17.3250,6.9645,87.9703,67.5088,20.4615
"BlendPCA-F (dynamic, w0=0.50, mu_lambda=1.0e-02, K=20/20)",2,periodavg_0894-0896,27.253333,-17.4171,6.8267,87.8737,67.5088,20.3649
"BlendPCA-F (dynamic, w0=0.50, mu_lambda=1.0e-02, K=20/20)",2,periodavg_0894-0896,27.306667,-17.6818,8.6235,87.9054,67.5088,20.3965
"BlendPCA-F (dynamic, w0=0.50, mu_lambda=1.0e-02, K=20/20)",2,periodavg_0894-0896,27.360000,-17.5645,6.6405,87.9570,67.5088,20.4482
"BlendPCA-F (dynamic, w0=0.50, mu_lambda=1.0e-02, K=20/20)",2,periodavg_0894-0896,27.400000,-17.2175,7.9080,87.9718,67.5088,20.4630
"BlendPCA-F (dynamic, w0=0.50, mu_lambda=1.0e-02, K=20/20)",2,periodavg_0894-0896,27.453333,-17.3467,7.9055,87.8007,67.5088,20.2919
"BlendPCA-F (dynamic, w0=0.50, mu_lambda=1.0e-02, K=20/20)",2,periodavg_0894-0896,27.506667,-17.4794,7.0153,87.8528,67.5088,20.3439
"BlendPCA-F (dynamic, w0=0.50, mu_lambda=1.0e-02, K=20/20)",2,periodavg_0894-0896,27.560000,-17.2957,8.3543,87.8896,67.5088,20.3808
"BlendPCA-F (dynamic, w0=0.50, mu_lambda=1.0e-02, K=20/20)",2,periodavg_0894-0896,27.600000,-17.3893,7.2570,87.8323,67.5088,20.3235
"BlendPCA-F (dynamic, w0=0.50, mu_lambda=1.0e-02, K=20/20)",2,periodavg_0894-0896,27.653333,-17.1014,7.9507,87.8858,67.5088,20.3770
"BlendPCA-F (dynamic, w0=0.50, mu_lambda=1.0e-02, K=20/20)",2,periodavg_0894-0896,27.706667,-15.8319,6.4932,87.9432,67.5088,20.4343
"BlendPCA-F (dynamic, w0=0.50, mu_lambda=1.0e-02, K=20/20)",2,periodavg_0894-0896,27.760000,-16.3819,7.7774,87.8295,67.5088,20.3206
"BlendPCA-F (dynamic, w0=0.50, mu_lambda=1.0e-02, K=20/20)",2,periodavg_0894-0896,27.800000,-16.7719,6.4494,87.8447,67.5088,20.3359
"BlendPCA-F (dynamic, w0=0.50, mu_lambda=1.0e-02, K=20/20)",2,periodavg_0894-0896,27.853333,-17.2740,7.8861,87.8156,67.5088,20.3067
"BlendPCA-F (dynamic, w0=0.50, mu_lambda=1.0e-02, K=20/20)",2,periodavg_0894-0896,27.906667,-17.6055,7.4511,87.9073,67.5088,20.3985
"BlendPCA-F (dynamic, w0=0.50, mu_lambda=1.0e-02, K=20/20)",2,periodavg_0894-0896,27.960000,-17.7178,8.6061,87.9173,67.5088,20.4085
"BlendPCA-F (dynamic, w0=0.50, mu_lambda=1.0e-02, K=20/20)",2,periodavg_0894-0896,28.000000,-17.7622,5.8104,87.9089,67.5088,20.4001
"BlendPCA-F (dynamic, w0=0.50, mu_lambda=1.0e-02, K=20/20)",2,periodavg_0894-0896,28.053333,-17.8382,8.0283,87.9884,67.5088,20.4796
"BlendPCA-F (dynamic, w0=0.50, mu_lambda=1.0e-02, K=20/20)",2,periodavg_0894-0896,28.106667,-17.9625,7.9124,87.9412,67.5088,20.4324
"BlendPCA-F (dynamic, w0=0.50, mu_lambda=1.0e-02, K=20/20)",2,periodavg_0894-0896,28.160000,-17.9680,9.1160,87.8984,67.5088,20.3896
"BlendPCA-F (dynamic, w0=0.50, mu_lambda=1.0e-02, K=20/20)",2,periodavg_0894-0896,28.200000,-17.8848,8.5410,87.8524,67.5088,20.3436
"BlendPCA-F (dynamic, w0=0.50, mu_lambda=1.0e-02, K=20/20)",2,periodavg_0894-0896,28.253333,-17.7118,7.7498,87.8263,67.5088,20.3175
"BlendPCA-F (dynamic, w0=0.50, mu_lambda=1.0e-02, K=20/20)",2,periodavg_0894-0896,28.306667,-17.6331,7.4107,87.8066,67.5088,20.2978
"BlendPCA-F (dynamic, w0=0.50, mu_lambda=1.0e-02, K=20/20)",2,periodavg_0894-0896,28.360000,-17.5786,8.5702,87.7603,67.5088,20.2514
"BlendPCA-F (dynamic, w0=0.50, mu_lambda=1.0e-02, K=20/20)",2,periodavg_0894-0896,28.400000,-17.5577,9.6398,87.7695,67.5088,20.2607
"BlendPCA-F (dynamic, w0=0.50, mu_lambda=1.0e-02, K=20/20)",2,periodavg_0894-0896,28.453333,-17.6494,8.1248,87.9037,67.5088,20.3948
"BlendPCA-F (dynamic, w0=0.50, mu_lambda=1.0e-02, K=20/20)",2,periodavg_0894-0896,28.506667,-17.6760,9.1082,87.8395,67.5088,20.3307
"BlendPCA-F (dynamic, w0=0.50, mu_lambda=1.0e-02, K=20/20)",2,periodavg_0894-0896,28.560000,-17.7186,8.0070,87.7200,67.5088,20.2112
"BlendPCA-F (dynamic, w0=0.50, mu_lambda=1.0e-02, K=20/20)",2,periodavg_0894-0896,28.600000,-17.6147,6.4529,87.7659,67.5088,20.2570
"BlendPCA-F (dynamic, w0=0.50, mu_lambda=1.0e-02, K=20/20)",2,periodavg_0894-0896,28.653333,-17.4312,8.9230,87.7419,67.5088,20.2331
"BlendPCA-F (dynamic, w0=0.50, mu_lambda=1.0e-02, K=20/20)",2,periodavg_0894-0896,28.706667,-16.5153,6.5880,87.6830,67.5088,20.1741
"BlendPCA-F (dynamic, w0=0.50, mu_lambda=1.0e-02, K=20/20)",2,periodavg_0894-0896,28.760000,-17.1767,8.7546,87.7467,67.5088,20.2379
"BlendPCA-F (dynamic, w0=0.50, mu_lambda=1.0e-02, K=20/20)",2,periodavg_0894-0896,28.800000,-17.3194,7.3595,87.8605,67.5088,20.3517
"BlendPCA-F (dynamic, w0=0.50, mu_lambda=1.0e-02, K=20/20)",2,periodavg_0894-0896,28.853333,-17.5866,8.8108,87.8820,67.5088,20.3732
"BlendPCA-F (dynamic, w0=0.50, mu_lambda=1.0e-02, K=20/20)",2,periodavg_0894-0896,28.906667,-17.5435,6.4405,87.8083,67.5088,20.2995
"BlendPCA-F (dynamic, w0=0.50, mu_lambda=1.0e-02, K=20/20)",2,periodavg_0894-0896,28.960000,-17.5381,7.4079,87.8616,67.5088,20.3527
"BlendPCA-F (dynamic, w0=0.50, mu_lambda=1.0e-02, K=20/20)",2,periodavg_0894-0896,29.000000,-17.6383,7.5770,87.8908,67.5088,20.3819
"BlendPCA-F (dynamic, w0=0.50, mu_lambda=1.0e-02, K=20/20)",2,periodavg_0894-0896,29.053333,-17.5593,5.4951,87.8956,67.5088,20.3868
"BlendPCA-F (dynamic, w0=0.50, mu_lambda=1.0e-02, K=20/20)",2,periodavg_0894-0896,29.106667,-17.3307,6.1788,87.9599,67.5088,20.4510
"BlendPCA-F (dynamic, w0=0.50, mu_lambda=1.0e-02, K=20/20)",2,periodavg_0894-0896,29.160000,-17.3222,7.1498,87.8323,67.5088,20.3235
"BlendPCA-F (dynamic, w0=0.50, mu_lambda=1.0e-02, K=20/20)",2,periodavg_0894-0896,29.200000,-17.4900,9.4981,87.8571,67.5088,20.3482
"BlendPCA-F (dynamic, w0=0.50, mu_lambda=1.0e-02, K=20/20)",2,periodavg_0894-0896,29.253333,-17.6400,9.4555,87.9076,67.5088,20.3987
"BlendPCA-F (dynamic, w0=0.50, mu_lambda=1.0e-02, K=20/20)",2,periodavg_0894-0896,29.306667,-17.7352,8.0794,87.9076,67.5088,20.3988
"BlendPCA-F (dynamic, w0=0.50, mu_lambda=1.0e-02, K=20/20)",2,periodavg_0894-0896,29.360000,-17.6467,6.9504,87.9469,67.5088,20.4381
"BlendPCA-F (dynamic, w0=0.50, mu_lambda=1.0e-02, K=20/20)",2,periodavg_0894-0896,29.400000,-17.6696,8.3854,87.9952,67.5088,20.4863
"BlendPCA-F (dynamic, w0=0.50, mu_lambda=1.0e-02, K=20/20)",2,periodavg_0894-0896,29.453333,-17.5866,7.1994,87.9838,67.5088,20.4750
"BlendPCA-F (dynamic, w0=0.50, mu_lambda=1.0e-02, K=20/20)",2,periodavg_0894-0896,29.506667,-17.6133,8.5464,87.8774,67.5088,20.3686
"BlendPCA-F (dynamic, w0=0.50, mu_lambda=1.0e-02, K=20/20)",2,periodavg_0894-0896,29.560000,-17.1821,8.0150,87.7412,67.5088,20.2324
"BlendPCA-F (dynamic, w0=0.50, mu_lambda=1.0e-02, K=20/20)",2,periodavg_0894-0896,29.600000,-17.4062,7.2819,87.8791,67.5088,20.3703
"BlendPCA-F (dynamic, w0=0.50, mu_lambda=1.0e-02, K=20/20)",2,periodavg_0894-0896,29.653333,-17.5166,7.9919,87.8168,67.5088,20.3079
"BlendPCA-F (dynamic, w0=0.50, mu_lambda=1.0e-02, K=20/20)",2,periodavg_0894-0896,29.706667,-17.3008,7.6353,87.7419,67.5088,20.2330
"BlendPCA-F (dynamic, w0=0.50, mu_lambda=1.0e-02, K=20/20)",2,periodavg_0894-0896,29.760000,-17.1718,7.4109,87.7104,67.5088,20.2016
"BlendPCA-F (dynamic, w0=0.50, mu_lambda=1.0e-02, K=20/20)",2,periodavg_0894-0896,29.800000,-17.4449,7.6142,87.8316,67.5088,20.3227
"BlendPCA-F (dynamic, w0=0.50, mu_lambda=1.0e-02, K=20/20)",2,periodavg_0894-0896,29.853333,-17.6292,8.5523,87.8424,67.5088,20.3336
"BlendPCA-F (dynamic, w0=0.50, mu_lambda=1.0e-02, K=20/20)",2,periodavg_0894-0896,29.906667,-17.6614,8.5791,87.8182,67.5088,20.3094
"BlendPCA-F (dynamic, w0=0.50, mu_lambda=1.0e-02, K=20/20)",2,periodavg_0894-0896,29.960000,-17.6637,7.5869,87.8481,67.5088,20.3392
"BlendPCA-F (dynamic, w0=0.50, mu_lambda=1.0e-02, K=20/20)",2,periodavg_0894-0896,30.000000,-17.7657,7.4061,87.9280,67.5088,20.4191
"BlendPCA-F (dynamic, w0=0.50, mu_lambda=1.0e-02, K=20/20)",3,periodavg_0870-0872,30.013333,3.2081,-10.8081,70.7447,79.1852,-8.4406
"BlendPCA-F (dynamic, w0=0.50, mu_lambda=1.0e-02, K=20/20)",3,periodavg_0870-0872,30.053333,-2.1753,-1.2277,79.0325,79.1852,-0.1527
"BlendPCA-F (dynamic, w0=0.50, mu_lambda=1.0e-02, K=20/20)",3,periodavg_0870-0872,30.106667,-8.1333,2.8686,86.5081,79.1852,7.3229
"BlendPCA-F (dynamic, w0=0.50, mu_lambda=1.0e-02, K=20/20)",3,periodavg_0870-0872,30.160000,-11.1558,3.4863,86.1824,79.1852,6.9971
"BlendPCA-F (dynamic, w0=0.50, mu_lambda=1.0e-02, K=20/20)",3,periodavg_0870-0872,30.200000,-13.4170,3.6317,93.0119,79.1852,13.8267
"BlendPCA-F (dynamic, w0=0.50, mu_lambda=1.0e-02, K=20/20)",3,periodavg_0870-0872,30.253333,-14.9471,3.5629,90.5209,79.1852,11.3357
"BlendPCA-F (dynamic, w0=0.50, mu_lambda=1.0e-02, K=20/20)",3,periodavg_0870-0872,30.306667,-15.9407,4.7212,88.5656,79.1852,9.3804
"BlendPCA-F (dynamic, w0=0.50, mu_lambda=1.0e-02, K=20/20)",3,periodavg_0870-0872,30.360000,-16.3109,6.1630,86.1981,79.1852,7.0128
"BlendPCA-F (dynamic, w0=0.50, mu_lambda=1.0e-02, K=20/20)",3,periodavg_0870-0872,30.400000,-17.3413,5.0790,95.7480,79.1852,16.5627
"BlendPCA-F (dynamic, w0=0.50, mu_lambda=1.0e-02, K=20/20)",3,periodavg_0870-0872,30.453333,-16.0750,3.6117,87.3971,79.1852,8.2119
"BlendPCA-F (dynamic, w0=0.50, mu_lambda=1.0e-02, K=20/20)",3,periodavg_0870-0872,30.506667,-17.7657,3.6904,97.2144,79.1852,18.0292
"BlendPCA-F (dynamic, w0=0.50, mu_lambda=1.0e-02, K=20/20)",3,periodavg_0870-0872,30.560000,-16.2673,4.6824,89.7306,79.1852,10.5454
"BlendPCA-F (dynamic, w0=0.50, mu_lambda=1.0e-02, K=20/20)",3,periodavg_0870-0872,30.600000,-17.8616,2.9753,97.7413,79.1852,18.5561
"BlendPCA-F (dynamic, w0=0.50, mu_lambda=1.0e-02, K=20/20)",3,periodavg_0870-0872,30.653333,-17.7871,4.4104,92.2236,79.1852,13.0384
"BlendPCA-F (dynamic, w0=0.50, mu_lambda=1.0e-02, K=20/20)",3,periodavg_0870-0872,30.706667,-18.2189,4.0759,97.5917,79.1852,18.4065
"BlendPCA-F (dynamic, w0=0.50, mu_lambda=1.0e-02, K=20/20)",3,periodavg_0870-0872,30.760000,-18.5081,5.7423,95.3462,79.1852,16.1610
"BlendPCA-F (dynamic, w0=0.50, mu_lambda=1.0e-02, K=20/20)",3,periodavg_0870-0872,30.800000,-18.2010,5.5523,90.0698,79.1852,10.8846
"BlendPCA-F (dynamic, w0=0.50, mu_lambda=1.0e-02, K=20/20)",3,periodavg_0870-0872,30.853333,-17.2158,4.2980,94.1755,79.1852,14.9902
"BlendPCA-F (dynamic, w0=0.50, mu_lambda=1.0e-02, K=20/20)",3,periodavg_0870-0872,30.906667,-17.3583,4.0012,88.9958,79.1852,9.8106
"BlendPCA-F (dynamic, w0=0.50, mu_lambda=1.0e-02, K=20/20)",3,periodavg_0870-0872,30.960000,-18.7494,4.7118,93.0013,79.1852,13.8161
"BlendPCA-F (dynamic, w0=0.50, mu_lambda=1.0e-02, K=20/20)",3,periodavg_0870-0872,31.000000,-17.9978,4.9202,98.6314,79.1852,19.4462
"BlendPCA-F (dynamic, w0=0.50, mu_lambda=1.0e-02, K=20/20)",3,periodavg_0870-0872,31.053333,-18.5753,4.3184,96.8849,79.1852,17.6997
"BlendPCA-F (dynamic, w0=0.50, mu_lambda=1.0e-02, K=20/20)",3,periodavg_0870-0872,31.106667,-18.7638,4.4483,94.8245,79.1852,15.6393
"BlendPCA-F (dynamic, w0=0.50, mu_lambda=1.0e-02, K=20/20)",3,periodavg_0870-0872,31.160000,-17.7058,4.5231,96.3351,79.1852,17.1499
"BlendPCA-F (dynamic, w0=0.50, mu_lambda=1.0e-02, K=20/20)",3,periodavg_0870-0872,31.200000,-17.3119,4.9150,87.7082,79.1852,8.5230
"BlendPCA-F (dynamic, w0=0.50, mu_lambda=1.0e-02, K=20/20)",3,periodavg_0870-0872,31.253333,-19.1452,3.8473,99.0493,79.1852,19.8641
"BlendPCA-F (dynamic, w0=0.50, mu_lambda=1.0e-02, K=20/20)",3,periodavg_0870-0872,31.306667,-18.9613,4.2301,98.0202,79.1852,18.8350
"BlendPCA-F (dynamic, w0=0.50, mu_lambda=1.0e-02, K=20/20)",3,periodavg_0870-0872,31.360000,-19.1995,4.7810,93.8862,79.1852,14.7010
"BlendPCA-F (dynamic, w0=0.50, mu_lambda=1.0e-02, K=20/20)",3,periodavg_0870-0872,31.400000,-18.3469,6.3809,88.6825,79.1852,9.4973
"BlendPCA-F (dynamic, w0=0.50, mu_lambda=1.0e-02, K=20/20)",3,periodavg_0870-0872,31.453333,-17.1619,4.0942,87.9329,79.1852,8.7476
"BlendPCA-F (dynamic, w0=0.50, mu_lambda=1.0e-02, K=20/20)",3,periodavg_0870-0872,31.506667,-18.7329,4.2857,94.2117,79.1852,15.0265
"BlendPCA-F (dynamic, w0=0.50, mu_lambda=1.0e-02, K=20/20)",3,periodavg_0870-0872,31.560000,-19.2227,5.2712,97.2995,79.1852,18.1143
"BlendPCA-F (dynamic, w0=0.50, mu_lambda=1.0e-02, K=20/20)",3,periodavg_0870-0872,31.600000,-19.9680,4.8487,99.9624,79.1852,20.7772
"BlendPCA-F (dynamic, w0=0.50, mu_lambda=1.0e-02, K=20/20)",3,periodavg_0870-0872,31.653333,-17.8267,5.5254,87.0967,79.1852,7.9114
"BlendPCA-F (dynamic, w0=0.50, mu_lambda=1.0e-02, K=20/20)",3,periodavg_0870-0872,31.706667,-18.4140,6.7501,90.9596,79.1852,11.7743
"BlendPCA-F (dynamic, w0=0.50, mu_lambda=1.0e-02, K=20/20)",3,periodavg_0870-0872,31.760000,-17.9889,4.5233,95.7624,79.1852,16.5771
"BlendPCA-F (dynamic, w0=0.50, mu_lambda=1.0e-02, K=20/20)",3,periodavg_0870-0872,31.800000,-18.9319,6.4070,97.4751,79.1852,18.2898
"BlendPCA-F (dynamic, w0=0.50, mu_lambda=1.0e-02, K=20/20)",3,periodavg_0870-0872,31.853333,-18.4918,4.7560,96.8775,79.1852,17.6923
"BlendPCA-F (dynamic, w0=0.50, mu_lambda=1.0e-02, K=20/20)",3,periodavg_0870-0872,31.906667,-18.2049,4.2393,90.7529,79.1852,11.5676
"BlendPCA-F (dynamic, w0=0.50, mu_lambda=1.0e-02, K=20/20)",3,periodavg_0870-0872,31.960000,-19.6605,4.5698,97.6850,79.1852,18.4997
"BlendPCA-F (dynamic, w0=0.50, mu_lambda=1.0e-02, K=20/20)",3,periodavg_0870-0872,32.000000,-19.6392,4.6877,97.9649,79.1852,18.7796
"BlendPCA-F (dynamic, w0=0.50, mu_lambda=1.0e-02, K=20/20)",3,periodavg_0870-0872,32.053333,-18.8629,3.9169,99.8154,79.1852,20.6302
"BlendPCA-F (dynamic, w0=0.50, mu_lambda=1.0e-02, K=20/20)",3,periodavg_0870-0872,32.106667,-19.3815,4.9358,100.2433,79.1852,21.0581
"BlendPCA-F (dynamic, w0=0.50, mu_lambda=1.0e-02, K=20/20)",3,periodavg_0870-0872,32.160000,-18.8194,5.0367,91.2185,79.1852,12.0333
"BlendPCA-F (dynamic, w0=0.50, mu_lambda=1.0e-02, K=20/20)",3,periodavg_0870-0872,32.200000,-18.0139,4.0465,97.6641,79.1852,18.4789
"BlendPCA-F (dynamic, w0=0.50, mu_lambda=1.0e-02, K=20/20)",3,periodavg_0870-0872,32.253333,-19.5015,4.4016,98.4322,79.1852,19.2470
"BlendPCA-F (dynamic, w0=0.50, mu_lambda=1.0e-02, K=20/20)",3,periodavg_0870-0872,32.306667,-18.9499,5.1963,100.7847,79.1852,21.5994
"BlendPCA-F (dynamic, w0=0.50, mu_lambda=1.0e-02, K=20/20)",3,periodavg_0870-0872,32.360000,-16.4181,5.8339,85.4890,79.1852,6.3038
"BlendPCA-F (dynamic, w0=0.50, mu_lambda=1.0e-02, K=20/20)",3,periodavg_0870-0872,32.400000,-19.7119,3.1357,99.6446,79.1852,20.4593
"BlendPCA-F (dynamic, w0=0.50, mu_lambda=1.0e-02, K=20/20)",3,periodavg_0870-0872,32.453333,-18.1490,5.9071,89.2491,79.1852,10.0638
"BlendPCA-F (dynamic, w0=0.50, mu_lambda=1.0e-02, K=20/20)",3,periodavg_0870-0872,32.506667,-19.1080,4.3650,97.5968,79.1852,18.4115
"BlendPCA-F (dynamic, w0=0.50, mu_lambda=1.0e-02, K=20/20)",3,periodavg_0870-0872,32.560000,-19.2873,3.3904,100.2763,79.1852,21.0911
"BlendPCA-F (dynamic, w0=0.50, mu_lambda=1.0e-02, K=20/20)",3,periodavg_0870-0872,32.600000,-18.8704,5.4198,98.5208,79.1852,19.3356
"BlendPCA-F (dynamic, w0=0.50, mu_lambda=1.0e-02, K=20/20)",3,periodavg_0870-0872,32.653333,-18.9828,4.4856,97.1744,79.1852,17.9892
"BlendPCA-F (dynamic, w0=0.50, mu_lambda=1.0e-02, K=20/20)",3,periodavg_0870-0872,32.706667,-20.0820,5.6054,99.0007,79.1852,19.8155
"BlendPCA-F (dynamic, w0=0.50, mu_lambda=1.0e-02, K=20/20)",3,periodavg_0870-0872,32.760000,-18.8471,4.4440,96.2351,79.1852,17.0498
"BlendPCA-F (dynamic, w0=0.50, mu_lambda=1.0e-02, K=20/20)",3,periodavg_0870-0872,32.800000,-19.3531,4.0971,100.0986,79.1852,20.9134
"BlendPCA-F (dynamic, w0=0.50, mu_lambda=1.0e-02, K=20/20)",3,periodavg_0870-0872,32.853333,-16.9336,5.4180,95.7220,79.1852,16.5368
"BlendPCA-F (dynamic, w0=0.50, mu_lambda=1.0e-02, K=20/20)",3,periodavg_0870-0872,32.906667,-19.0879,4.0739,100.3636,79.1852,21.1783
"BlendPCA-F (dynamic, w0=0.50, mu_lambda=1.0e-02, K=20/20)",3,periodavg_0870-0872,32.960000,-19.6497,4.3999,100.2208,79.1852,21.0355
"BlendPCA-F (dynamic, w0=0.50, mu_lambda=1.0e-02, K=20/20)",3,periodavg_0870-0872,33.000000,-20.0950,3.8955,97.4145,79.1852,18.2292
"BlendPCA-F (dynamic, w0=0.50, mu_lambda=1.0e-02, K=20/20)",3,periodavg_0870-0872,33.053333,-20.3480,6.1540,99.5602,79.1852,20.3749
"BlendPCA-F (dynamic, w0=0.50, mu_lambda=1.0e-02, K=20/20)",3,periodavg_0870-0872,33.106667,-18.7032,5.7043,88.9660,79.1852,9.7808
"BlendPCA-F (dynamic, w0=0.50, mu_lambda=1.0e-02, K=20/20)",3,periodavg_0870-0872,33.160000,-18.9438,5.2416,89.8149,79.1852,10.6297
"BlendPCA-F (dynamic, w0=0.50, mu_lambda=1.0e-02, K=20/20)",3,periodavg_0870-0872,33.200000,-19.1234,5.4638,92.9649,79.1852,13.7797
"BlendPCA-F (dynamic, w0=0.50, mu_lambda=1.0e-02, K=20/20)",3,periodavg_0870-0872,33.253333,-20.9877,4.5340,98.0738,79.1852,18.8886
"BlendPCA-F (dynamic, w0=0.50, mu_lambda=1.0e-02, K=20/20)",3,periodavg_0870-0872,33.306667,-20.5330,5.2917,94.8123,79.1852,15.6271
"BlendPCA-F (dynamic, w0=0.50, mu_lambda=1.0e-02, K=20/20)",3,periodavg_0870-0872,33.360000,-20.5061,5.5138,92.7259,79.1852,13.5407
"BlendPCA-F (dynamic, w0=0.50, mu_lambda=1.0e-02, K=20/20)",3,periodavg_0870-0872,33.400000,-19.3310,4.7879,102.5153,79.1852,23.3300
"BlendPCA-F (dynamic, w0=0.50, mu_lambda=1.0e-02, K=20/20)",3,periodavg_0870-0872,33.453333,-20.7647,4.2524,97.3877,79.1852,18.2025
"BlendPCA-F (dynamic, w0=0.50, mu_lambda=1.0e-02, K=20/20)",3,periodavg_0870-0872,33.506667,-19.6041,6.3314,91.7988,79.1852,12.6135
"BlendPCA-F (dynamic, w0=0.50, mu_lambda=1.0e-02, K=20/20)",3,periodavg_0870-0872,33.560000,-19.8509,5.8908,90.1862,79.1852,11.0010
"BlendPCA-F (dynamic, w0=0.50, mu_lambda=1.0e-02, K=20/20)",3,periodavg_0870-0872,33.600000,-17.6492,4.2457,90.7200,79.1852,11.5347
"BlendPCA-F (dynamic, w0=0.50, mu_lambda=1.0e-02, K=20/20)",3,periodavg_0870-0872,33.653333,-20.4673,3.6875,102.3280,79.1852,23.1428
"BlendPCA-F (dynamic, w0=0.50, mu_lambda=1.0e-02, K=20/20)",3,periodavg_0870-0872,33.706667,-17.4175,5.5587,86.3025,79.1852,7.1173
"BlendPCA-F (dynamic, w0=0.50, mu_lambda=1.0e-02, K=20/20)",3,periodavg_0870-0872,33.760000,-18.2264,4.5193,88.3453,79.1852,9.1600
"BlendPCA-F (dynamic, w0=0.50, mu_lambda=1.0e-02, K=20/20)",3,periodavg_0870-0872,33.800000,-19.8732,4.3890,94.5024,79.1852,15.3172
"BlendPCA-F (dynamic, w0=0.50, mu_lambda=1.0e-02, K=20/20)",3,periodavg_0870-0872,33.853333,-17.2231,4.7439,87.1080,79.1852,7.9228
"BlendPCA-F (dynamic, w0=0.50, mu_lambda=1.0e-02, K=20/20)",3,periodavg_0870-0872,33.906667,-20.2357,4.1587,96.9166,79.1852,17.7314
"BlendPCA-F (dynamic, w0=0.50, mu_lambda=1.0e-02, K=20/20)",3,periodavg_0870-0872,33.960000,-19.3782,3.6702,95.6526,79.1852,16.4674
"BlendPCA-F (dynamic, w0=0.50, mu_lambda=1.0e-02, K=20/20)",3,periodavg_0870-0872,34.000000,-20.6578,5.8143,95.7141,79.1852,16.5288
"BlendPCA-F (dynamic, w0=0.50, mu_lambda=1.0e-02, K=20/20)",3,periodavg_0870-0872,34.053333,-20.4924,4.0275,92.8131,79.1852,13.6278
"BlendPCA-F (dynamic, w0=0.50, mu_lambda=1.0e-02, K=20/20)",3,periodavg_0870-0872,34.106667,-20.7162,4.4723,95.0104,79.1852,15.8252
"BlendPCA-F (dynamic, w0=0.50, mu_lambda=1.0e-02, K=20/20)",3,periodavg_0870-0872,34.160000,-21.7793,5.1796,101.6275,79.1852,22.4422
"BlendPCA-F (dynamic, w0=0.50, mu_lambda=1.0e-02, K=20/20)",3,periodavg_0870-0872,34.200000,-21.0159,4.7458,100.4367,79.1852,21.2515
"BlendPCA-F (dynamic, w0=0.50, mu_lambda=1.0e-02, K=20/20)",3,periodavg_0870-0872,34.253333,-20.9014,4.9340,99.4322,79.1852,20.2469
"BlendPCA-F (dynamic, w0=0.50, mu_lambda=1.0e-02, K=20/20)",3,periodavg_0870-0872,34.306667,-21.1220,4.2423,98.6464,79.1852,19.4611
"BlendPCA-F (dynamic, w0=0.50, mu_lambda=1.0e-02, K=20/20)",3,periodavg_0870-0872,34.360000,-20.6842,5.0433,100.0455,79.1852,20.8602
"BlendPCA-F (dynamic, w0=0.50, mu_lambda=1.0e-02, K=20/20)",3,periodavg_0870-0872,34.400000,-18.4107,3.3129,94.4298,79.1852,15.2445
"BlendPCA-F (dynamic, w0=0.50, mu_lambda=1.0e-02, K=20/20)",3,periodavg_0870-0872,34.453333,-19.1645,5.3093,99.1282,79.1852,19.9430
"BlendPCA-F (dynamic, w0=0.50, mu_lambda=1.0e-02, K=20/20)",3,periodavg_0870-0872,34.506667,-20.1966,4.0821,92.8058,79.1852,13.6206
"BlendPCA-F (dynamic, w0=0.50, mu_lambda=1.0e-02, K=20/20)",3,periodavg_0870-0872,34.560000,-17.7771,5.1649,97.3615,79.1852,18.1763
"BlendPCA-F (dynamic, w0=0.50, mu_lambda=1.0e-02, K=20/20)",3,periodavg_0870-0872,34.600000,-21.5321,5.2706,96.1120,79.1852,16.9268
"BlendPCA-F (dynamic, w0=0.50, mu_lambda=1.0e-02, K=20/20)",3,periodavg_0870-0872,34.653333,-21.6268,5.6496,98.7932,79.1852,19.6080
"BlendPCA-F (dynamic, w0=0.50, mu_lambda=1.0e-02, K=20/20)",3,periodavg_0870-0872,34.706667,-21.5357,5.5798,101.0673,79.1852,21.8820
"BlendPCA-F (dynamic, w0=0.50, mu_lambda=1.0e-02, K=20/20)",3,periodavg_0870-0872,34.760000,-21.1382,5.3201,96.2322,79.1852,17.0470
"BlendPCA-F (dynamic, w0=0.50, mu_lambda=1.0e-02, K=20/20)",3,periodavg_0870-0872,34.800000,-20.0397,5.6446,89.4511,79.1852,10.2658
"BlendPCA-F (dynamic, w0=0.50, mu_lambda=1.0e-02, K=20/20)",3,periodavg_0870-0872,34.853333,-21.4963,5.4008,94.8862,79.1852,15.7010
"BlendPCA-F (dynamic, w0=0.50, mu_lambda=1.0e-02, K=20/20)",3,periodavg_0870-0872,34.906667,-21.1844,4.2171,95.7914,79.1852,16.6062
"BlendPCA-F (dynamic, w0=0.50, mu_lambda=1.0e-02, K=20/20)",3,periodavg_0870-0872,34.960000,-19.6401,4.8346,93.5201,79.1852,14.3349
"BlendPCA-F (dynamic, w0=0.50, mu_lambda=1.0e-02, K=20/20)",3,periodavg_0870-0872,35.000000,-19.9432,4.7296,91.2308,79.1852,12.0456
"BlendPCA-F (dynamic, w0=0.50, mu_lambda=1.0e-02, K=20/20)",3,periodavg_0870-0872,35.053333,-19.6606,4.5825,90.6020,79.1852,11.4167
"BlendPCA-F (dynamic, w0=0.50, mu_lambda=1.0e-02, K=20/20)",3,periodavg_0870-0872,35.106667,-20.5145,3.8855,97.0022,79.1852,17.8170
"BlendPCA-F (dynamic, w0=0.50, mu_lambda=1.0e-02, K=20/20)",3,periodavg_0870-0872,35.160000,-20.7204,4.6360,101.2355,79.1852,22.0503
"BlendPCA-F (dynamic, w0=0.50, mu_lambda=1.0e-02, K=20/20)",3,periodavg_0870-0872,35.200000,-19.2664,3.4047,98.9235,79.1852,19.7382
"BlendPCA-F (dynamic, w0=0.50, mu_lambda=1.0e-02, K=20/20)",3,periodavg_0870-0872,35.253333,-21.1997,4.3691,101.8721,79.1852,22.6869
"BlendPCA-F (dynamic, w0=0.50, mu_lambda=1.0e-02, K=20/20)",3,periodavg_0870-0872,35.306667,-21.2944,4.9260,101.2196,79.1852,22.0344
"BlendPCA-F (dynamic, w0=0.50, mu_lambda=1.0e-02, K=20/20)",3,periodavg_0870-0872,35.360000,-19.6309,6.0157,90.5757,79.1852,11.3905
"BlendPCA-F (dynamic, w0=0.50, mu_lambda=1.0e-02, K=20/20)",3,periodavg_0870-0872,35.400000,-21.1279,4.4176,94.1662,79.1852,14.9809
"BlendPCA-F (dynamic, w0=0.50, mu_lambda=1.0e-02, K=20/20)",3,periodavg_0870-0872,35.453333,-20.3515,5.3917,91.3350,79.1852,12.1497
"BlendPCA-F (dynamic, w0=0.50, mu_lambda=1.0e-02, K=20/20)",3,periodavg_0870-0872,35.506667,-21.2770,5.0784,95.9099,79.1852,16.7246
"BlendPCA-F (dynamic, w0=0.50, mu_lambda=1.0e-02, K=20/20)",3,periodavg_0870-0872,35.560000,-20.8215,3.9842,94.9559,79.1852,15.7707
"BlendPCA-F (dynamic, w0=0.50, mu_lambda=1.0e-02, K=20/20)",3,periodavg_0870-0872,35.600000,-20.1647,3.1323,94.1252,79.1852,14.9399
"BlendPCA-F (dynamic, w0=0.50, mu_lambda=1.0e-02, K=20/20)",3,periodavg_0870-0872,35.653333,-17.1772,6.1461,87.0198,79.1852,7.8345
"BlendPCA-F (dynamic, w0=0.50, mu_lambda=1.0e-02, K=20/20)",3,periodavg_0870-0872,35.706667,-19.4219,3.2637,95.4073,79.1852,16.2221
"BlendPCA-F (dynamic, w0=0.50, mu_lambda=1.0e-02, K=20/20)",3,periodavg_0870-0872,35.760000,-18.9251,4.8319,97.2892,79.1852,18.1040
"BlendPCA-F (dynamic, w0=0.50, mu_lambda=1.0e-02, K=20/20)",3,periodavg_0870-0872,35.800000,-20.5780,4.4803,101.8534,79.1852,22.6682
"BlendPCA-F (dynamic, w0=0.50, mu_lambda=1.0e-02, K=20/20)",3,periodavg_0870-0872,35.853333,-15.8381,3.8883,91.2304,79.1852,12.0451
"BlendPCA-F (dynamic, w0=0.50, mu_lambda=1.0e-02, K=20/20)",3,periodavg_0870-0872,35.906667,-19.0688,3.6259,95.5774,79.1852,16.3922
"BlendPCA-F (dynamic, w0=0.50, mu_lambda=1.0e-02, K=20/20)",3,periodavg_0870-0872,35.960000,-19.0613,5.1858,94.4556,79.1852,15.2704
"BlendPCA-F (dynamic, w0=0.50, mu_lambda=1.0e-02, K=20/20)",3,periodavg_0870-0872,36.000000,-19.8161,4.9586,95.9615,79.1852,16.7762
"BlendPCA-F (dynamic, w0=0.50, mu_lambda=1.0e-02, K=20/20)",3,periodavg_0870-0872,36.053333,-21.3343,4.6123,100.7295,79.1852,21.5442
"BlendPCA-F (dynamic, w0=0.50, mu_lambda=1.0e-02, K=20/20)",3,periodavg_0870-0872,36.106667,-19.7984,4.5396,98.5182,79.1852,19.3330
"BlendPCA-F (dynamic, w0=0.50, mu_lambda=1.0e-02, K=20/20)",3,periodavg_0870-0872,36.160000,-19.4925,4.6895,93.1513,79.1852,13.9660
"BlendPCA-F (dynamic, w0=0.50, mu_lambda=1.0e-02, K=20/20)",3,periodavg_0870-0872,36.200000,-20.2393,5.8463,92.8473,79.1852,13.6621
"BlendPCA-F (dynamic, w0=0.50, mu_lambda=1.0e-02, K=20/20)",3,periodavg_0870-0872,36.253333,-21.6607,4.7914,101.2175,79.1852,22.0323
"BlendPCA-F (dynamic, w0=0.50, mu_lambda=1.0e-02, K=20/20)",3,periodavg_0870-0872,36.306667,-21.0667,4.8862,96.4054,79.1852,17.2201
"BlendPCA-F (dynamic, w0=0.50, mu_lambda=1.0e-02, K=20/20)",3,periodavg_0870-0872,36.360000,-21.1362,4.7404,101.3280,79.1852,22.1428
"BlendPCA-F (dynamic, w0=0.50, mu_lambda=1.0e-02, K=20/20)",3,periodavg_0870-0872,36.400000,-20.6042,4.9765,102.0892,79.1852,22.9040
"BlendPCA-F (dynamic, w0=0.50, mu_lambda=1.0e-02, K=20/20)",3,periodavg_0870-0872,36.453333,-20.8032,6.0299,101.5510,79.1852,22.3657
"BlendPCA-F (dynamic, w0=0.50, mu_lambda=1.0e-02, K=20/20)",3,periodavg_0870-0872,36.506667,-18.6509,4.2838,91.5163,79.1852,12.3310
"BlendPCA-F (dynamic, w0=0.50, mu_lambda=1.0e-02, K=20/20)",3,periodavg_0870-0872,36.560000,-18.3978,4.4630,90.9089,79.1852,11.7236
"BlendPCA-F (dynamic, w0=0.50, mu_lambda=1.0e-02, K=20/20)",3,periodavg_0870-0872,36.600000,-18.7890,4.1079,100.5763,79.1852,21.3911
"BlendPCA-F (dynamic, w0=0.50, mu_lambda=1.0e-02, K=20/20)",3,periodavg_0870-0872,36.653333,-18.5050,5.2426,91.7842,79.1852,12.5990
"BlendPCA-F (dynamic, w0=0.50, mu_lambda=1.0e-02, K=20/20)",3,periodavg_0870-0872,36.706667,-17.2040,4.1124,92.9974,79.1852,13.8121
"BlendPCA-F (dynamic, w0=0.50, mu_lambda=1.0e-02, K=20/20)",3,periodavg_0870-0872,36.760000,-17.0239,4.8516,97.8046,79.1852,18.6194
"BlendPCA-F (dynamic, w0=0.50, mu_lambda=1.0e-02, K=20/20)",3,periodavg_0870-0872,36.800000,-17.1942,3.6216,99.0082,79.1852,19.8230
"BlendPCA-F (dynamic, w0=0.50, mu_lambda=1.0e-02, K=20/20)",3,periodavg_0870-0872,36.853333,-17.7626,4.5768,89.9427,79.1852,10.7575
"BlendPCA-F (dynamic, w0=0.50, mu_lambda=1.0e-02, K=20/20)",3,periodavg_0870-0872,36.906667,-18.8640,3.8611,95.8983,79.1852,16.7131
"BlendPCA-F (dynamic, w0=0.50, mu_lambda=1.0e-02, K=20/20)",3,periodavg_0870-0872,36.960000,-16.8462,5.5233,85.9795,79.1852,6.7942
"BlendPCA-F (dynamic, w0=0.50, mu_lambda=1.0e-02, K=20/20)",3,periodavg_0870-0872,37.000000,-18.7565,4.8087,94.6138,79.1852,15.4285
"BlendPCA-F (dynamic, w0=0.50, mu_lambda=1.0e-02, K=20/20)",3,periodavg_0870-0872,37.053333,-19.0769,4.9503,94.4523,79.1852,15.2671
"BlendPCA-F (dynamic, w0=0.50, mu_lambda=1.0e-02, K=20/20)",3,periodavg_0870-0872,37.106667,-19.1726,5.1776,101.3167,79.1852,22.1314
"BlendPCA-F (dynamic, w0=0.50, mu_lambda=1.0e-02, K=20/20)",3,periodavg_0870-0872,37.160000,-19.2480,3.8624,94.0370,79.1852,14.8517
"BlendPCA-F (dynamic, w0=0.50, mu_lambda=1.0e-02, K=20/20)",3,periodavg_0870-0872,37.200000,-19.2875,3.9621,94.6748,79.1852,15.4895
"BlendPCA-F (dynamic, w0=0.50, mu_lambda=1.0e-02, K=20/20)",3,periodavg_0870-0872,37.253333,-19.7420,3.9403,93.1418,79.1852,13.9566
"BlendPCA-F (dynamic, w0=0.50, mu_lambda=1.0e-02, K=20/20)",3,periodavg_0870-0872,37.306667,-19.8711,5.9399,94.6724,79.1852,15.4872
"BlendPCA-F (dynamic, w0=0.50, mu_lambda=1.0e-02, K=20/20)",3,periodavg_0870-0872,37.360000,-19.7206,4.0190,98.6940,79.1852,19.5088
"BlendPCA-F (dynamic, w0=0.50, mu_lambda=1.0e-02, K=20/20)",3,periodavg_0870-0872,37.400000,-19.4307,3.9899,96.6193,79.1852,17.4341
"BlendPCA-F (dynamic, w0=0.50, mu_lambda=1.0e-02, K=20/20)",3,periodavg_0870-0872,37.453333,-20.3456,4.3079,99.6311,79.1852,20.4459
"BlendPCA-F (dynamic, w0=0.50, mu_lambda=1.0e-02, K=20/20)",3,periodavg_0870-0872,37.506667,-18.9215,3.4335,100.8829,79.1852,21.6977
"BlendPCA-F (dynamic, w0=0.50, mu_lambda=1.0e-02, K=20/20)",3,periodavg_0870-0872,37.560000,-18.8129,5.8738,96.4366,79.1852,17.2514
"BlendPCA-F (dynamic, w0=0.50, mu_lambda=1.0e-02, K=20/20)",3,periodavg_0870-0872,37.600000,-18.8357,3.2173,93.5441,79.1852,14.3589
"BlendPCA-F (dynamic, w0=0.50, mu_lambda=1.0e-02, K=20/20)",3,periodavg_0870-0872,37.653333,-17.7829,4.7487,88.3150,79.1852,9.1298
"BlendPCA-F (dynamic, w0=0.50, mu_lambda=1.0e-02, K=20/20)",3,periodavg_0870-0872,37.706667,-19.5814,4.5524,94.1056,79.1852,14.9204
"BlendPCA-F (dynamic, w0=0.50, mu_lambda=1.0e-02, K=20/20)",3,periodavg_0870-0872,37.760000,-16.1441,5.7564,83.6309,79.1852,4.4457
"BlendPCA-F (dynamic, w0=0.50, mu_lambda=1.0e-02, K=20/20)",3,periodavg_0870-0872,37.800000,-19.5569,5.5062,92.6380,79.1852,13.4528
"BlendPCA-F (dynamic, w0=0.50, mu_lambda=1.0e-02, K=20/20)",3,periodavg_0870-0872,37.853333,-16.8073,5.0323,85.8089,79.1852,6.6236
"BlendPCA-F (dynamic, w0=0.50, mu_lambda=1.0e-02, K=20/20)",3,periodavg_0870-0872,37.906667,-18.6749,3.8770,100.2218,79.1852,21.0366
"BlendPCA-F (dynamic, w0=0.50, mu_lambda=1.0e-02, K=20/20)",3,periodavg_0870-0872,37.960000,-19.2040,4.6451,92.8357,79.1852,13.6505
"BlendPCA-F (dynamic, w0=0.50, mu_lambda=1.0e-02, K=20/20)",3,periodavg_0870-0872,38.000000,-18.4267,5.1469,94.1873,79.1852,15.0020
"BlendPCA-F (dynamic, w0=0.50, mu_lambda=1.0e-02, K=20/20)",3,periodavg_0870-0872,38.053333,-19.4302,5.4000,94.5503,79.1852,15.3650
"BlendPCA-F (dynamic, w0=0.50, mu_lambda=1.0e-02, K=20/20)",3,periodavg_0870-0872,38.106667,-19.8455,4.5356,100.0690,79.1852,20.8837
"BlendPCA-F (dynamic, w0=0.50, mu_lambda=1.0e-02, K=20/20)",3,periodavg_0870-0872,38.160000,-19.7006,4.2036,94.8991,79.1852,15.7139
"BlendPCA-F (dynamic, w0=0.50, mu_lambda=1.0e-02, K=20/20)",3,periodavg_0870-0872,38.200000,-17.6122,4.5678,98.2696,79.1852,19.0844
"BlendPCA-F (dynamic, w0=0.50, mu_lambda=1.0e-02, K=20/20)",3,periodavg_0870-0872,38.253333,-19.4219,5.2200,93.9938,79.1852,14.8086
"BlendPCA-F (dynamic, w0=0.50, mu_lambda=1.0e-02, K=20/20)",3,periodavg_0870-0872,38.306667,-18.0765,6.1806,89.0563,79.1852,9.8710
"BlendPCA-F (dynamic, w0=0.50, mu_lambda=1.0e-02, K=20/20)",3,periodavg_0870-0872,38.360000,-20.6702,3.9133,101.4026,79.1852,22.2174
"BlendPCA-F (dynamic, w0=0.50, mu_lambda=1.0e-02, K=20/20)",3,periodavg_0870-0872,38.400000,-19.3763,5.2473,91.9021,79.1852,12.7169
"BlendPCA-F (dynamic, w0=0.50, mu_lambda=1.0e-02, K=20/20)",3,periodavg_0870-0872,38.453333,-20.4832,4.5475,97.7641,79.1852,18.5789
"BlendPCA-F (dynamic, w0=0.50, mu_lambda=1.0e-02, K=20/20)",3,periodavg_0870-0872,38.506667,-17.6685,3.9452,93.8592,79.1852,14.6740
"BlendPCA-F (dynamic, w0=0.50, mu_lambda=1.0e-02, K=20/20)",3,periodavg_0870-0872,38.560000,-18.0390,3.5674,92.4895,79.1852,13.3043
"BlendPCA-F (dynamic, w0=0.50, mu_lambda=1.0e-02, K=20/20)",3,periodavg_0870-0872,38.600000,-19.4628,4.1715,95.5151,79.1852,16.3299
"BlendPCA-F (dynamic, w0=0.50, mu_lambda=1.0e-02, K=20/20)",3,periodavg_0870-0872,38.653333,-20.7509,5.3064,95.5830,79.1852,16.3977
"BlendPCA-F (dynamic, w0=0.50, mu_lambda=1.0e-02, K=20/20)",3,periodavg_0870-0872,38.706667,-17.4583,4.6678,86.9523,79.1852,7.7670
"BlendPCA-F (dynamic, w0=0.50, mu_lambda=1.0e-02, K=20/20)",3,periodavg_0870-0872,38.760000,-15.6501,4.9630,83.4165,79.1852,4.2313
"BlendPCA-F (dynamic, w0=0.50, mu_lambda=1.0e-02, K=20/20)",3,periodavg_0870-0872,38.800000,-18.9499,4.0344,94.8923,79.1852,15.7070
"BlendPCA-F (dynamic, w0=0.50, mu_lambda=1.0e-02, K=20/20)",3,periodavg_0870-0872,38.853333,-16.8061,3.9933,99.4260,79.1852,20.2408
"BlendPCA-F (dynamic, w0=0.50, mu_lambda=1.0e-02, K=20/20)",3,periodavg_0870-0872,38.906667,-16.5216,5.5084,92.5286,79.1852,13.3433
"BlendPCA-F (dynamic, w0=0.50, mu_lambda=1.0e-02, K=20/20)",3,periodavg_0870-0872,38.960000,-18.7693,4.4711,97.2101,79.1852,18.0249
"BlendPCA-F (dynamic, w0=0.50, mu_lambda=1.0e-02, K=20/20)",3,periodavg_0870-0872,39.000000,-19.3028,5.2609,100.6595,79.1852,21.4742
"BlendPCA-F (dynamic, w0=0.50, mu_lambda=1.0e-02, K=20/20)",3,periodavg_0870-0872,39.053333,-17.9149,4.9115,91.7896,79.1852,12.6044
"BlendPCA-F (dynamic, w0=0.50, mu_lambda=1.0e-02, K=20/20)",3,periodavg_0870-0872,39.106667,-17.3374,4.6915,92.1128,79.1852,12.9276
"BlendPCA-F (dynamic, w0=0.50, mu_lambda=1.0e-02, K=20/20)",3,periodavg_0870-0872,39.160000,-18.9313,3.3564,99.0781,79.1852,19.8929
"BlendPCA-F (dynamic, w0=0.50, mu_lambda=1.0e-02, K=20/20)",3,periodavg_0870-0872,39.200000,-16.5371,4.9605,89.9643,79.1852,10.7791
"BlendPCA-F (dynamic, w0=0.50, mu_lambda=1.0e-02, K=20/20)",3,periodavg_0870-0872,39.253333,-19.6356,4.3953,93.6318,79.1852,14.4465
"BlendPCA-F (dynamic, w0=0.50, mu_lambda=1.0e-02, K=20/20)",3,periodavg_0870-0872,39.306667,-19.4606,4.6976,88.8560,79.1852,9.6708
"BlendPCA-F (dynamic, w0=0.50, mu_lambda=1.0e-02, K=20/20)",3,periodavg_0870-0872,39.360000,-20.6496,4.7546,95.9261,79.1852,16.7409
"BlendPCA-F (dynamic, w0=0.50, mu_lambda=1.0e-02, K=20/20)",3,periodavg_0870-0872,39.400000,-20.1143,3.9136,98.4072,79.1852,19.2220
"BlendPCA-F (dynamic, w0=0.50, mu_lambda=1.0e-02, K=20/20)",3,periodavg_0870-0872,39.453333,-21.3920,4.7727,100.8591,79.1852,21.6738
"BlendPCA-F (dynamic, w0=0.50, mu_lambda=1.0e-02, K=20/20)",3,periodavg_0870-0872,39.506667,-20.5912,4.9000,100.8201,79.1852,21.6349
"BlendPCA-F (dynamic, w0=0.50, mu_lambda=1.0e-02, K=20/20)",3,periodavg_0870-0872,39.560000,-19.1115,5.8683,89.6983,79.1852,10.5130
"BlendPCA-F (dynamic, w0=0.50, mu_lambda=1.0e-02, K=20/20)",3,periodavg_0870-0872,39.600000,-20.2711,4.9530,93.9566,79.1852,14.7714
"BlendPCA-F (dynamic, w0=0.50, mu_lambda=1.0e-02, K=20/20)",3,periodavg_0870-0872,39.653333,-19.8849,4.0157,92.1843,79.1852,12.9991
"BlendPCA-F (dynamic, w0=0.50, mu_lambda=1.0e-02, K=20/20)",3,periodavg_0870-0872,39.706667,-18.9309,4.0413,91.9972,79.1852,12.8120
"BlendPCA-F (dynamic, w0=0.50, mu_lambda=1.0e-02, K=20/20)",3,periodavg_0870-0872,39.760000,-18.8684,4.4107,92.1891,79.1852,13.0038
"BlendPCA-F (dynamic, w0=0.50, mu_lambda=1.0e-02, K=20/20)",3,periodavg_0870-0872,39.800000,-20.1452,4.6985,98.9932,79.1852,19.8079
"BlendPCA-F (dynamic, w0=0.50, mu_lambda=1.0e-02, K=20/20)",3,periodavg_0870-0872,39.853333,-19.4825,5.3693,97.5463,79.1852,18.3610
"BlendPCA-F (dynamic, w0=0.50, mu_lambda=1.0e-02, K=20/20)",3,periodavg_0870-0872,39.906667,-19.2060,4.2070,95.5631,79.1852,16.3779
"BlendPCA-F (dynamic, w0=0.50, mu_lambda=1.0e-02, K=20/20)",3,periodavg_0870-0872,39.960000,-17.5488,4.4310,91.6141,79.1852,12.4288
"BlendPCA-F (dynamic, w0=0.50, mu_lambda=1.0e-02, K=20/20)",3,periodavg_0870-0872,40.000000,-19.6815,3.7739,97.5504,79.1852,18.3652
