algorithm,epoch_index,condition_id,t_s,misalignment_db,erle_db,msg_with_afc_db,msg_without_afc_db,asg_db
PEMAFC-F,0,period_0707,0.013333,-0.0008,0.0041,85.1833,85.1794,0.0040
PEMAFC-F,0,period_0707,0.053333,-0.0046,0.0094,85.2038,85.1794,0.0244
PEMAFC-F,0,period_0707,0.106667,-0.0103,0.0234,85.2282,85.1794,0.0488
PEMAFC-F,0,period_0707,0.160000,-0.0161,0.0387,85.2528,85.1794,0.0734
PEMAFC-F,0,period_0707,0.200000,-0.0201,0.0649,85.2715,85.1794,0.0921
PEMAFC-F,0,period_0707,0.253333,-0.0246,0.0707,85.2897,85.1794,0.1103
PEMAFC-F,0,period_0707,0.306667,-0.0300,0.0788,85.3067,85.1794,0.1273
PEMAFC-F,0,period_0707,0.360000,-0.0350,0.1092,85.3347,85.1794,0.1553
PEMAFC-F,0,period_0707,0.400000,-0.0395,0.1100,85.3514,85.1794,0.1720
PEMAFC-F,0,period_0707,0.453333,-0.0452,0.1554,85.3776,85.1794,0.1982
PEMAFC-F,0,period_0707,0.506667,-0.0498,0.1645,85.3987,85.1794,0.2193
PEMAFC-F,0,period_0707,0.560000,-0.0545,0.1673,85.4249,85.1794,0.2455
PEMAFC-F,0,period_0707,0.600000,-0.0587,0.2078,85.4463,85.1794,0.2669
PEMAFC-F,0,period_0707,0.653333,-0.0651,0.2084,85.4734,85.1794,0.2940
PEMAFC-F,0,period_0707,0.706667,-0.0747,0.2410,85.5165,85.1794,0.3371
PEMAFC-F,0,period_0707,0.760000,-0.0843,0.2955,85.5663,85.1794,0.3869
PEMAFC-F,0,period_0707,0.800000,-0.1026,0.3387,85.6121,85.1794,0.4327
PEMAFC-F,0,period_0707,0.853333,-0.3636,0.3648,85.6980,85.1794,0.5186
PEMAFC-F,0,period_0707,0.906667,-1.6420,1.2013,85.8054,85.1794,0.6260
PEMAFC-F,0,period_0707,0.960000,-2.3289,5.0313,87.6322,85.1794,2.4528
PEMAFC-F,0,period_0707,1.000000,-0.8320,4.5826,81.1674,85.1794,-4.0120
PEMAFC-F,0,period_0707,1.053333,0.3715,7.9301,79.1423,85.1794,-6.0370
PEMAFC-F,0,period_0707,1.106667,0.1732,13.0564,81.8704,85.1794,-3.3090
PEMAFC-F,0,period_0707,1.160000,-1.8975,7.9666,87.6855,85.1794,2.5061
PEMAFC-F,0,period_0707,1.200000,-1.3990,12.1695,87.6105,85.1794,2.4311
PEMAFC-F,0,period_0707,1.253333,1.4094,8.2974,79.2795,85.1794,-5.8999
PEMAFC-F,0,period_0707,1.306667,5.9383,8.0140,75.7629,85.1794,-9.4165
PEMAFC-F,0,period_0707,1.360000,5.1667,-3.2933,76.5706,85.1794,-8.6087
PEMAFC-F,0,period_0707,1.400000,4.9963,-4.3797,76.4743,85.1794,-8.7051
PEMAFC-F,0,period_0707,1.453333,4.8142,-5.3203,76.4681,85.1794,-8.7113
PEMAFC-F,0,period_0707,1.506667,4.7032,-5.0452,76.4910,85.1794,-8.6883
PEMAFC-F,0,period_0707,1.560000,4.6276,-4.1086,76.5759,85.1794,-8.6035
PEMAFC-F,0,period_0707,1.600000,4.5910,-3.4728,76.5849,85.1794,-8.5945
PEMAFC-F,0,period_0707,1.653333,4.5502,-4.4306,76.6205,85.1794,-8.5589
PEMAFC-F,0,period_0707,1.706667,4.5174,-3.3311,76.6755,85.1794,-8.5039
PEMAFC-F,0,period_0707,1.760000,4.4935,-4.1877,76.6937,85.1794,-8.4857
PEMAFC-F,0,period_0707,1.800000,4.4785,-3.9306,76.7028,85.1794,-8.4766
PEMAFC-F,0,period_0707,1.853333,4.4567,-3.5305,76.7318,85.1794,-8.4475
PEMAFC-F,0,period_0707,1.906667,4.4433,-4.1871,76.7379,85.1794,-8.4415
PEMAFC-F,0,period_0707,1.960000,4.4311,-3.7964,76.7527,85.1794,-8.4266
PEMAFC-F,0,period_0707,2.000000,4.4240,-3.1663,76.7707,85.1794,-8.4086
PEMAFC-F,0,period_0707,2.053333,4.4157,-4.5816,76.7820,85.1794,-8.3974
PEMAFC-F,0,period_0707,2.106667,4.4066,-3.2918,76.7960,85.1794,-8.3834
PEMAFC-F,0,period_0707,2.160000,4.3965,-3.7330,76.8175,85.1794,-8.3618
PEMAFC-F,0,period_0707,2.200000,4.3916,-4.1456,76.8151,85.1794,-8.3643
PEMAFC-F,0,period_0707,2.253333,4.3831,-3.1695,76.8348,85.1794,-8.3445
PEMAFC-F,0,period_0707,2.306667,4.3755,-3.1509,76.8404,85.1794,-8.3390
PEMAFC-F,0,period_0707,2.360000,4.3690,-3.7022,76.8476,85.1794,-8.3317
PEMAFC-F,0,period_0707,2.400000,4.3637,-3.1400,76.8551,85.1794,-8.3243
PEMAFC-F,0,period_0707,2.453333,4.3573,-4.2249,76.8647,85.1794,-8.3147
PEMAFC-F,0,period_0707,2.506667,4.3502,-3.9212,76.8718,85.1794,-8.3076
PEMAFC-F,0,period_0707,2.560000,0.0805,-0.6190,82.7078,85.1794,-2.4715
PEMAFC-F,0,period_0707,2.600000,-0.7175,11.9358,84.4599,85.1794,-0.7194
PEMAFC-F,0,period_0707,2.653333,-0.8690,8.0125,82.1279,85.1794,-3.0515
PEMAFC-F,0,period_0707,2.706667,0.2363,11.4239,78.6307,85.1794,-6.5487
PEMAFC-F,0,period_0707,2.760000,0.4037,9.8632,79.3773,85.1794,-5.8020
PEMAFC-F,0,period_0707,2.800000,-0.9405,4.2503,84.8486,85.1794,-0.3308
PEMAFC-F,0,period_0707,2.853333,-1.3880,1.7372,84.7874,85.1794,-0.3919
PEMAFC-F,0,period_0707,2.906667,-2.6571,3.6331,87.8781,85.1794,2.6987
PEMAFC-F,0,period_0707,2.960000,-2.2186,2.2143,86.9041,85.1794,1.7247
PEMAFC-F,0,period_0707,3.000000,-2.5208,1.3982,87.6514,85.1794,2.4721
PEMAFC-F,0,period_0707,3.053333,-3.0230,3.8132,87.6914,85.1794,2.5120
PEMAFC-F,0,period_0707,3.106667,-3.4802,5.6189,87.7143,85.1794,2.5349
PEMAFC-F,0,period_0707,3.160000,-3.7619,4.8311,87.7911,85.1794,2.6117
PEMAFC-F,0,period_0707,3.200000,-3.9549,2.1233,87.9663,85.1794,2.7869
PEMAFC-F,0,period_0707,3.253333,-4.2249,2.0445,89.1573,85.1794,3.9779
PEMAFC-F,0,period_0707,3.306667,-4.3627,2.6376,89.5594,85.1794,4.3800
PEMAFC-F,0,period_0707,3.360000,-4.4338,3.1249,89.6204,85.1794,4.4411
PEMAFC-F,0,period_0707,3.400000,-4.4780,2.9656,89.6562,85.1794,4.4769
PEMAFC-F,0,period_0707,3.453333,-4.5239,3.3313,89.6728,85.1794,4.4935
PEMAFC-F,0,period_0707,3.506667,-4.5557,3.1158,89.7077,85.1794,4.5283
PEMAFC-F,0,period_0707,3.560000,-4.5812,2.9672,89.7351,85.1794,4.5557
PEMAFC-F,0,period_0707,3.600000,-4.5922,5.0195,89.7406,85.1794,4.5612
PEMAFC-F,0,period_0707,3.653333,-4.6169,2.9052,89.7732,85.1794,4.5938
PEMAFC-F,0,period_0707,3.706667,-4.6320,3.3016,89.7892,85.1794,4.6098
PEMAFC-F,0,period_0707,3.760000,-4.6416,3.8244,89.7971,85.1794,4.6178
PEMAFC-F,0,period_0707,3.800000,-4.6487,3.5194,89.8012,85.1794,4.6219
PEMAFC-F,0,period_0707,3.853333,-4.6566,2.9044,89.8054,85.1794,4.6260
PEMAFC-F,0,period_0707,3.906667,-4.6634,3.5312,89.8103,85.1794,4.6309
PEMAFC-F,0,period_0707,3.960000,-4.6691,3.4597,89.8163,85.1794,4.6369
PEMAFC-F,0,period_0707,4.000000,-4.6731,4.0288,89.8166,85.1794,4.6372
PEMAFC-F,0,period_0707,4.053333,-4.7037,5.7767,89.7637,85.1794,4.5843
PEMAFC-F,0,period_0707,4.106667,-5.5665,4.9614,94.3580,85.1794,9.1786
PEMAFC-F,0,period_0707,4.160000,-3.0793,4.5953,84.3420,85.1794,-0.8374
PEMAFC-F,0,period_0707,4.200000,-3.0511,4.8553,83.1964,85.1794,-1.9829
PEMAFC-F,0,period_0707,4.253333,-2.0886,7.0463,80.2548,85.1794,-4.9246
PEMAFC-F,0,period_0707,4.306667,-1.9157,8.5967,79.6221,85.1794,-5.5573
PEMAFC-F,0,period_0707,4.360000,-2.4671,5.4095,81.9644,85.1794,-3.2150
PEMAFC-F,0,period_0707,4.400000,-4.6121,4.7843,86.4584,85.1794,1.2791
PEMAFC-F,0,period_0707,4.453333,-3.2359,12.0201,85.6335,85.1794,0.4541
PEMAFC-F,0,period_0707,4.506667,-2.8367,16.8023,84.2262,85.1794,-0.9532
PEMAFC-F,0,period_0707,4.560000,-3.0715,11.0029,82.5463,85.1794,-2.6331
PEMAFC-F,0,period_0707,4.600000,-2.7841,6.3308,81.4016,85.1794,-3.7778
PEMAFC-F,0,period_0707,4.653333,-1.9472,7.8082,80.1530,85.1794,-5.0264
PEMAFC-F,0,period_0707,4.706667,-4.1423,-0.3123,82.2459,85.1794,-2.9335
PEMAFC-F,0,period_0707,4.760000,-4.7421,5.3139,83.8587,85.1794,-1.3206
PEMAFC-F,0,period_0707,4.800000,-4.0518,6.4441,83.1186,85.1794,-2.0608
PEMAFC-F,0,period_0707,4.853333,-3.8903,1.7087,86.5441,85.1794,1.3647
PEMAFC-F,0,period_0707,4.906667,-4.0673,4.4298,86.5242,85.1794,1.3448
PEMAFC-F,0,period_0707,4.960000,-4.2043,5.5788,86.4932,85.1794,1.3138
PEMAFC-F,0,period_0707,5.000000,-4.2852,5.9324,86.4867,85.1794,1.3074
PEMAFC-F,0,period_0707,5.053333,-4.4061,3.9948,86.5029,85.1794,1.3235
PEMAFC-F,0,period_0707,5.106667,-4.6397,2.6090,86.7312,85.1794,1.5518
PEMAFC-F,0,period_0707,5.160000,-4.7839,3.7339,87.0477,85.1794,1.8683
PEMAFC-F,0,period_0707,5.200000,-4.8763,3.9773,87.1784,85.1794,1.9990
PEMAFC-F,0,period_0707,5.253333,-4.9538,3.8994,87.3458,85.1794,2.1664
PEMAFC-F,0,period_0707,5.306667,-5.0137,3.0582,87.3390,85.1794,2.1597
PEMAFC-F,0,period_0707,5.360000,-5.0679,3.0735,87.3253,85.1794,2.1460
PEMAFC-F,0,period_0707,5.400000,-5.0837,4.0632,87.3302,85.1794,2.1508
PEMAFC-F,0,period_0707,5.453333,-5.1073,3.8769,87.3314,85.1794,2.1520
PEMAFC-F,0,period_0707,5.506667,-5.1267,4.4590,87.3414,85.1794,2.1621
PEMAFC-F,0,period_0707,5.560000,-5.1412,4.1786,87.3385,85.1794,2.1591
PEMAFC-F,0,period_0707,5.600000,-5.1552,3.0107,87.3383,85.1794,2.1590
PEMAFC-F,0,period_0707,5.653333,-5.1648,4.5838,87.3381,85.1794,2.1588
PEMAFC-F,0,period_0707,5.706667,-5.1735,3.6849,87.3365,85.1794,2.1571
PEMAFC-F,0,period_0707,5.760000,-5.1862,3.2775,87.3391,85.1794,2.1597
PEMAFC-F,0,period_0707,5.800000,-5.1901,5.5153,87.3383,85.1794,2.1589
PEMAFC-F,0,period_0707,5.853333,-5.3053,4.1410,87.4716,85.1794,2.2922
PEMAFC-F,0,period_0707,5.906667,-4.1856,5.4865,85.7299,85.1794,0.5506
PEMAFC-F,0,period_0707,5.960000,-3.4831,6.6857,85.2235,85.1794,0.0441
PEMAFC-F,0,period_0707,6.000000,-3.6707,5.2543,84.1148,85.1794,-1.0646
PEMAFC-F,0,period_0707,6.053333,0.2736,5.5567,77.6610,85.1794,-7.5183
PEMAFC-F,0,period_0707,6.106667,2.2257,5.0632,73.9493,85.1794,-11.2300
PEMAFC-F,0,period_0707,6.160000,0.7978,5.0652,80.2652,85.1794,-4.9142
PEMAFC-F,0,period_0707,6.200000,0.6855,3.7945,79.7094,85.1794,-5.4699
PEMAFC-F,0,period_0707,6.253333,0.6197,-0.0600,79.8042,85.1794,-5.3752
PEMAFC-F,0,period_0707,6.306667,-2.4259,1.5281,84.7073,85.1794,-0.4721
PEMAFC-F,0,period_0707,6.360000,-1.1101,6.1324,79.6003,85.1794,-5.5791
PEMAFC-F,0,period_0707,6.400000,-0.6601,8.9958,78.9300,85.1794,-6.2493
PEMAFC-F,0,period_0707,6.453333,-0.8656,9.2307,78.4142,85.1794,-6.7652
PEMAFC-F,0,period_0707,6.506667,0.1360,9.3924,80.4698,85.1794,-4.7096
PEMAFC-F,0,period_0707,6.560000,-4.0596,5.7080,84.2511,85.1794,-0.9282
PEMAFC-F,0,period_0707,6.600000,-2.4626,17.0514,83.7578,85.1794,-1.4216
PEMAFC-F,0,period_0707,6.653333,-3.6508,15.2311,84.4048,85.1794,-0.7746
PEMAFC-F,0,period_0707,6.706667,-3.8389,12.7116,84.6778,85.1794,-0.5016
PEMAFC-F,0,period_0707,6.760000,-4.7385,8.8084,85.0012,85.1794,-0.1781
PEMAFC-F,0,period_0707,6.800000,-4.7537,10.3555,83.1755,85.1794,-2.0038
PEMAFC-F,0,period_0707,6.853333,-4.6870,3.2616,81.1746,85.1794,-4.0047
PEMAFC-F,0,period_0707,6.906667,-4.9260,6.8578,81.3858,85.1794,-3.7936
PEMAFC-F,0,period_0707,6.960000,-3.7622,8.0295,81.3555,85.1794,-3.8238
PEMAFC-F,0,period_0707,7.000000,-1.6324,7.5312,81.2280,85.1794,-3.9513
PEMAFC-F,0,period_0707,7.053333,-1.7261,0.9769,81.5889,85.1794,-3.5905
PEMAFC-F,0,period_0707,7.106667,-1.7485,4.0516,81.5852,85.1794,-3.5941
PEMAFC-F,0,period_0707,7.160000,-1.7632,6.1431,81.6549,85.1794,-3.5245
PEMAFC-F,0,period_0707,7.200000,-4.3337,1.5947,82.9777,85.1794,-2.2016
PEMAFC-F,0,period_0707,7.253333,-5.0521,4.1878,82.7540,85.1794,-2.4254
PEMAFC-F,0,period_0707,7.306667,-5.0295,7.7476,82.2827,85.1794,-2.8967
PEMAFC-F,0,period_0707,7.360000,-5.0353,8.6059,81.8308,85.1794,-3.3485
PEMAFC-F,0,period_0707,7.400000,-4.6640,9.3229,81.7438,85.1794,-3.4355
PEMAFC-F,0,period_0707,7.453333,-4.2257,5.3087,81.6020,85.1794,-3.5774
PEMAFC-F,0,period_0707,7.506667,-4.5726,7.7932,80.9569,85.1794,-4.2224
PEMAFC-F,0,period_0707,7.560000,-3.7493,7.2804,80.6490,85.1794,-4.5304
PEMAFC-F,0,period_0707,7.600000,-3.1076,3.4324,80.4988,85.1794,-4.6806
PEMAFC-F,0,period_0707,7.653333,-2.5973,8.7127,82.2949,85.1794,-2.8844
PEMAFC-F,0,period_0707,7.706667,-3.1083,13.2257,81.0637,85.1794,-4.1156
PEMAFC-F,0,period_0707,7.760000,-3.3753,11.7711,80.6688,85.1794,-4.5106
PEMAFC-F,0,period_0707,7.800000,-3.8667,7.0071,80.4618,85.1794,-4.7176
PEMAFC-F,0,period_0707,7.853333,-3.0653,11.5209,80.4579,85.1794,-4.7214
PEMAFC-F,0,period_0707,7.906667,-3.5714,12.7620,80.3838,85.1794,-4.7956
PEMAFC-F,0,period_0707,7.960000,-3.0592,12.7868,80.1900,85.1794,-4.9894
PEMAFC-F,0,period_0707,8.000000,-1.3435,14.1646,80.0582,85.1794,-5.1212
PEMAFC-F,0,period_0707,8.053333,-0.5513,13.9515,80.3021,85.1794,-4.8773
PEMAFC-F,0,period_0707,8.106667,1.5155,1.5588,74.0966,85.1794,-11.0828
PEMAFC-F,0,period_0707,8.160000,-1.1890,3.3343,77.9915,85.1794,-7.1878
PEMAFC-F,0,period_0707,8.200000,-2.8107,9.1840,77.7419,85.1794,-7.4375
PEMAFC-F,0,period_0707,8.253333,-3.4339,10.9507,77.7365,85.1794,-7.4429
PEMAFC-F,0,period_0707,8.306667,-4.2344,14.1101,77.7794,85.1794,-7.4000
PEMAFC-F,0,period_0707,8.360000,-3.3735,16.8238,77.7649,85.1794,-7.4144
PEMAFC-F,0,period_0707,8.400000,-3.4058,11.0528,77.9281,85.1794,-7.2513
PEMAFC-F,0,period_0707,8.453333,-3.9334,5.3419,77.7237,85.1794,-7.4557
PEMAFC-F,0,period_0707,8.506667,-3.9771,12.3594,78.0321,85.1794,-7.1473
PEMAFC-F,0,period_0707,8.560000,-3.9150,13.0605,78.1531,85.1794,-7.0262
PEMAFC-F,0,period_0707,8.600000,-3.5517,12.5160,78.1315,85.1794,-7.0479
PEMAFC-F,0,period_0707,8.653333,-3.9645,12.0110,78.1495,85.1794,-7.0299
PEMAFC-F,0,period_0707,8.706667,-4.0501,10.7801,78.0448,85.1794,-7.1345
PEMAFC-F,0,period_0707,8.760000,-3.3785,11.8322,77.8303,85.1794,-7.3491
PEMAFC-F,0,period_0707,8.800000,-3.2268,12.2557,77.4826,85.1794,-7.6967
PEMAFC-F,0,period_0707,8.853333,-0.5683,16.1152,77.5180,85.1794,-7.6613
PEMAFC-F,0,period_0707,8.906667,4.3188,16.0815,73.5695,85.1794,-11.6099
PEMAFC-F,0,period_0707,8.960000,4.3884,5.6443,73.6140,85.1794,-11.5654
PEMAFC-F,0,period_0707,9.000000,3.7846,-2.4920,74.1561,85.1794,-11.0232
PEMAFC-F,0,period_0707,9.053333,2.6441,-3.1575,75.6217,85.1794,-9.5577
PEMAFC-F,0,period_0707,9.106667,2.3693,-3.8479,75.7984,85.1794,-9.3809
PEMAFC-F,0,period_0707,9.160000,2.1933,-2.6329,75.9302,85.1794,-9.2492
PEMAFC-F,0,period_0707,9.200000,2.0865,-2.4180,75.9759,85.1794,-9.2035
PEMAFC-F,0,period_0707,9.253333,1.9787,-0.9149,76.0664,85.1794,-9.1130
PEMAFC-F,0,period_0707,9.306667,1.8957,-2.3950,76.1611,85.1794,-9.0183
PEMAFC-F,0,period_0707,9.360000,1.8483,-1.2487,76.1838,85.1794,-8.9955
PEMAFC-F,0,period_0707,9.400000,1.8063,-1.4749,76.2150,85.1794,-8.9644
PEMAFC-F,0,period_0707,9.453333,1.7563,-1.3392,76.2702,85.1794,-8.9091
PEMAFC-F,0,period_0707,9.506667,1.6936,-1.3294,76.3307,85.1794,-8.8487
PEMAFC-F,0,period_0707,9.560000,1.6262,-0.9898,76.3945,85.1794,-8.7849
PEMAFC-F,0,period_0707,9.600000,1.5634,-2.2512,76.4522,85.1794,-8.7271
PEMAFC-F,0,period_0707,9.653333,1.4919,-0.6793,76.5009,85.1794,-8.6785
PEMAFC-F,0,period_0707,9.706667,1.4040,-0.5343,76.5710,85.1794,-8.6083
PEMAFC-F,0,period_0707,9.760000,1.3166,-0.7006,76.6701,85.1794,-8.5093
PEMAFC-F,0,period_0707,9.800000,1.2718,0.5403,76.7385,85.1794,-8.4409
PEMAFC-F,0,period_0707,9.853333,1.2200,-1.2844,76.7998,85.1794,-8.3796
PEMAFC-F,0,period_0707,9.906667,1.1852,0.4460,76.8284,85.1794,-8.3510
PEMAFC-F,0,period_0707,9.960000,-1.2206,-2.5312,79.6824,85.1794,-5.4970
PEMAFC-F,0,period_0707,10.000000,0.0235,1.7391,82.1561,85.1794,-3.0232
PEMAFC-F,1,period_0856,10.013333,-0.5764,-40.2223,76.6862,75.6790,1.0072
PEMAFC-F,1,period_0856,10.053333,-0.5782,0.8250,76.6880,75.6790,1.0090
PEMAFC-F,1,period_0856,10.106667,-0.5808,0.4072,76.6899,75.6790,1.0109
PEMAFC-F,1,period_0856,10.160000,-0.5833,1.0887,76.6912,75.6790,1.0122
PEMAFC-F,1,period_0856,10.200000,-0.5849,0.9384,76.6922,75.6790,1.0131
PEMAFC-F,1,period_0856,10.253333,-0.5873,0.2934,76.6931,75.6790,1.0141
PEMAFC-F,1,period_0856,10.306667,-0.5897,1.1110,76.6940,75.6790,1.0150
PEMAFC-F,1,period_0856,10.360000,-0.5924,0.0893,76.6950,75.6790,1.0160
PEMAFC-F,1,period_0856,10.400000,-0.5942,0.9045,76.6961,75.6790,1.0171
PEMAFC-F,1,period_0856,10.453333,-0.5969,0.0889,76.6971,75.6790,1.0180
PEMAFC-F,1,period_0856,10.506667,-0.5991,-0.1111,76.6983,75.6790,1.0193
PEMAFC-F,1,period_0856,10.560000,-0.6013,0.3407,76.6994,75.6790,1.0204
PEMAFC-F,1,period_0856,10.600000,-0.6033,0.6077,76.7006,75.6790,1.0216
PEMAFC-F,1,period_0856,10.653333,-0.6062,0.4701,76.7015,75.6790,1.0225
PEMAFC-F,1,period_0856,10.706667,-0.6102,0.6312,76.7038,75.6790,1.0248
PEMAFC-F,1,period_0856,10.760000,-0.6144,0.8352,76.7056,75.6790,1.0266
PEMAFC-F,1,period_0856,10.800000,-0.6568,0.2526,76.8616,75.6790,1.1826
PEMAFC-F,1,period_0856,10.853333,-0.9488,1.1071,77.0694,75.6790,1.3904
PEMAFC-F,1,period_0856,10.906667,-1.9072,1.8088,77.4249,75.6790,1.7459
PEMAFC-F,1,period_0856,10.960000,-2.5844,8.9601,77.8590,75.6790,2.1799
PEMAFC-F,1,period_0856,11.000000,-2.6117,9.0166,77.9379,75.6790,2.2589
PEMAFC-F,1,period_0856,11.053333,-2.4648,7.9430,77.9472,75.6790,2.2682
PEMAFC-F,1,period_0856,11.106667,-2.3519,14.6636,77.9318,75.6790,2.2528
PEMAFC-F,1,period_0856,11.160000,-2.6197,5.9624,77.8084,75.6790,2.1293
PEMAFC-F,1,period_0856,11.200000,-2.5211,10.5668,77.7718,75.6790,2.0927
PEMAFC-F,1,period_0856,11.253333,-2.0038,9.3630,74.5817,75.6790,-1.0973
PEMAFC-F,1,period_0856,11.306667,-1.5421,10.6070,73.0191,75.6790,-2.6600
PEMAFC-F,1,period_0856,11.360000,-1.9309,-2.8606,75.0930,75.6790,-0.5860
PEMAFC-F,1,period_0856,11.400000,-2.0771,-6.2321,76.2959,75.6790,0.6169
PEMAFC-F,1,period_0856,11.453333,-2.1935,-4.1334,77.4691,75.6790,1.7901
PEMAFC-F,1,period_0856,11.506667,-2.2702,-4.9895,77.8830,75.6790,2.2040
PEMAFC-F,1,period_0856,11.560000,-2.3099,-1.9832,77.8911,75.6790,2.2121
PEMAFC-F,1,period_0856,11.600000,-2.3341,-3.1211,77.8964,75.6790,2.2174
PEMAFC-F,1,period_0856,11.653333,-2.3571,-2.9133,77.9040,75.6790,2.2249
PEMAFC-F,1,period_0856,11.706667,-2.3745,-1.7144,77.9105,75.6790,2.2314
PEMAFC-F,1,period_0856,11.760000,-2.3886,-2.2521,77.9233,75.6790,2.2443
PEMAFC-F,1,period_0856,11.800000,-2.3969,-1.9107,77.9260,75.6790,2.2470
PEMAFC-F,1,period_0856,11.853333,-2.4078,-1.7122,77.9285,75.6790,2.2494
PEMAFC-F,1,period_0856,11.906667,-2.4156,-2.3278,77.9314,75.6790,2.2524
PEMAFC-F,1,period_0856,11.960000,-2.4218,-1.6298,77.9334,75.6790,2.2544
PEMAFC-F,1,period_0856,12.000000,-2.4258,-0.3095,77.9377,75.6790,2.2587
PEMAFC-F,1,period_0856,12.053333,-2.4301,-1.1946,77.9404,75.6790,2.2614
PEMAFC-F,1,period_0856,12.106667,-2.4347,-1.0955,77.9420,75.6790,2.2630
PEMAFC-F,1,period_0856,12.160000,-2.4397,0.0287,77.9436,75.6790,2.2646
PEMAFC-F,1,period_0856,12.200000,-2.4436,-2.9582,77.9469,75.6790,2.2679
PEMAFC-F,1,period_0856,12.253333,-2.4487,-0.5720,77.9485,75.6790,2.2695
PEMAFC-F,1,period_0856,12.306667,-2.4535,-2.2346,77.9498,75.6790,2.2708
PEMAFC-F,1,period_0856,12.360000,-2.4571,-1.5526,77.9523,75.6790,2.2733
PEMAFC-F,1,period_0856,12.400000,-2.4602,-1.2537,77.9536,75.6790,2.2746
PEMAFC-F,1,period_0856,12.453333,-2.4637,-0.8187,77.9564,75.6790,2.2774
PEMAFC-F,1,period_0856,12.506667,-2.4675,-1.0762,77.9584,75.6790,2.2793
PEMAFC-F,1,period_0856,12.560000,-2.8383,9.4493,77.9409,75.6790,2.2619
PEMAFC-F,1,period_0856,12.600000,-2.8686,12.1575,77.9391,75.6790,2.2601
PEMAFC-F,1,period_0856,12.653333,-3.3287,10.3347,78.6969,75.6790,3.0178
PEMAFC-F,1,period_0856,12.706667,-3.5580,9.4941,79.1141,75.6790,3.4351
PEMAFC-F,1,period_0856,12.760000,-3.6192,9.4792,80.0760,75.6790,4.3970
PEMAFC-F,1,period_0856,12.800000,-3.8777,3.2939,81.1405,75.6790,5.4615
PEMAFC-F,1,period_0856,12.853333,-4.0473,1.4869,81.4172,75.6790,5.7381
PEMAFC-F,1,period_0856,12.906667,-4.4190,7.4471,81.5359,75.6790,5.8569
PEMAFC-F,1,period_0856,12.960000,-4.0069,5.7501,82.0765,75.6790,6.3975
PEMAFC-F,1,period_0856,13.000000,-4.2526,3.1086,82.1364,75.6790,6.4573
PEMAFC-F,1,period_0856,13.053333,-4.5867,4.4533,82.1621,75.6790,6.4830
PEMAFC-F,1,period_0856,13.106667,-4.9628,4.4771,82.1864,75.6790,6.5074
PEMAFC-F,1,period_0856,13.160000,-5.2346,4.0434,82.2186,75.6790,6.5396
PEMAFC-F,1,period_0856,13.200000,-5.4361,3.2025,82.2575,75.6790,6.5785
PEMAFC-F,1,period_0856,13.253333,-5.6589,1.1524,82.3118,75.6790,6.6327
PEMAFC-F,1,period_0856,13.306667,-5.7532,1.1938,82.3808,75.6790,6.7017
PEMAFC-F,1,period_0856,13.360000,-5.7941,3.5696,82.4077,75.6790,6.7287
PEMAFC-F,1,period_0856,13.400000,-5.8209,2.7597,82.4156,75.6790,6.7366
PEMAFC-F,1,period_0856,13.453333,-5.8487,3.1709,82.4384,75.6790,6.7594
PEMAFC-F,1,period_0856,13.506667,-5.8670,3.7290,82.4458,75.6790,6.7668
PEMAFC-F,1,period_0856,13.560000,-5.8824,3.1155,82.4521,75.6790,6.7731
PEMAFC-F,1,period_0856,13.600000,-5.8927,3.6969,82.4605,75.6790,6.7815
PEMAFC-F,1,period_0856,13.653333,-5.9071,3.6286,82.4769,75.6790,6.7979
PEMAFC-F,1,period_0856,13.706667,-5.9176,3.1316,82.4812,75.6790,6.8022
PEMAFC-F,1,period_0856,13.760000,-5.9249,3.4120,82.4855,75.6790,6.8065
PEMAFC-F,1,period_0856,13.800000,-5.9302,3.8755,82.4892,75.6790,6.8102
PEMAFC-F,1,period_0856,13.853333,-5.9355,3.0155,82.4922,75.6790,6.8131
PEMAFC-F,1,period_0856,13.906667,-5.9403,3.4420,82.4948,75.6790,6.8158
PEMAFC-F,1,period_0856,13.960000,-5.9441,4.6949,82.4967,75.6790,6.8177
PEMAFC-F,1,period_0856,14.000000,-5.9476,2.9129,82.4983,75.6790,6.8193
PEMAFC-F,1,period_0856,14.053333,-6.0227,1.4528,82.4966,75.6790,6.8176
PEMAFC-F,1,period_0856,14.106667,-7.3878,5.6241,82.9359,75.6790,7.2569
PEMAFC-F,1,period_0856,14.160000,-8.6051,5.7274,84.0927,75.6790,8.4136
PEMAFC-F,1,period_0856,14.200000,-9.4160,9.3446,85.2565,75.6790,9.5775
PEMAFC-F,1,period_0856,14.253333,-9.4307,9.1962,85.7168,75.6790,10.0378
PEMAFC-F,1,period_0856,14.306667,-9.5191,10.1973,83.8700,75.6790,8.1910
PEMAFC-F,1,period_0856,14.360000,-9.9460,6.5960,81.9722,75.6790,6.2932
PEMAFC-F,1,period_0856,14.400000,-9.5252,5.5619,79.6743,75.6790,3.9953
PEMAFC-F,1,period_0856,14.453333,-8.9793,9.4295,82.0122,75.6790,6.3332
PEMAFC-F,1,period_0856,14.506667,-8.8082,13.6947,80.5744,75.6790,4.8954
PEMAFC-F,1,period_0856,14.560000,-8.7435,10.4947,81.1212,75.6790,5.4421
PEMAFC-F,1,period_0856,14.600000,-8.3102,9.7852,80.7834,75.6790,5.1044
PEMAFC-F,1,period_0856,14.653333,-7.7214,11.3509,79.4184,75.6790,3.7393
PEMAFC-F,1,period_0856,14.706667,-9.4078,1.9365,86.6361,75.6790,10.9570
PEMAFC-F,1,period_0856,14.760000,-10.2654,8.3825,86.8335,75.6790,11.1545
PEMAFC-F,1,period_0856,14.800000,-9.7631,9.5243,86.9195,75.6790,11.2404
PEMAFC-F,1,period_0856,14.853333,-9.4351,3.5902,87.4631,75.6790,11.7841
PEMAFC-F,1,period_0856,14.906667,-9.7531,6.4672,87.4862,75.6790,11.8071
PEMAFC-F,1,period_0856,14.960000,-9.9248,7.8029,87.4899,75.6790,11.8109
PEMAFC-F,1,period_0856,15.000000,-10.0727,7.4862,87.5026,75.6790,11.8236
PEMAFC-F,1,period_0856,15.053333,-10.2557,6.6470,87.5496,75.6790,11.8705
PEMAFC-F,1,period_0856,15.106667,-10.5464,3.4967,87.6541,75.6790,11.9751
PEMAFC-F,1,period_0856,15.160000,-10.7049,2.5547,87.8062,75.6790,12.1271
PEMAFC-F,1,period_0856,15.200000,-10.7989,3.8481,87.8584,75.6790,12.1794
PEMAFC-F,1,period_0856,15.253333,-10.8863,4.4748,87.8748,75.6790,12.1958
PEMAFC-F,1,period_0856,15.306667,-10.9428,4.1874,87.8999,75.6790,12.2209
PEMAFC-F,1,period_0856,15.360000,-10.9912,4.5881,87.9285,75.6790,12.2494
PEMAFC-F,1,period_0856,15.400000,-11.0110,5.9456,87.9345,75.6790,12.2555
PEMAFC-F,1,period_0856,15.453333,-11.0329,4.6415,87.9370,75.6790,12.2580
PEMAFC-F,1,period_0856,15.506667,-11.0514,4.9455,87.9561,75.6790,12.2771
PEMAFC-F,1,period_0856,15.560000,-11.0685,4.7652,87.9746,75.6790,12.2955
PEMAFC-F,1,period_0856,15.600000,-11.0787,6.3660,87.9862,75.6790,12.3072
PEMAFC-F,1,period_0856,15.653333,-11.0888,5.0258,87.9931,75.6790,12.3141
PEMAFC-F,1,period_0856,15.706667,-11.0968,5.5316,87.9989,75.6790,12.3198
PEMAFC-F,1,period_0856,15.760000,-11.1073,5.2240,88.0098,75.6790,12.3308
PEMAFC-F,1,period_0856,15.800000,-11.1127,5.4637,88.0159,75.6790,12.3369
PEMAFC-F,1,period_0856,15.853333,-11.3760,7.9554,87.9750,75.6790,12.2960
PEMAFC-F,1,period_0856,15.906667,-12.2654,10.3629,87.6737,75.6790,11.9947
PEMAFC-F,1,period_0856,15.960000,-11.8144,10.7048,84.6771,75.6790,8.9981
PEMAFC-F,1,period_0856,16.000000,-11.7573,10.3129,84.4865,75.6790,8.8075
PEMAFC-F,1,period_0856,16.053333,-8.8004,4.5637,79.1195,75.6790,3.4405
PEMAFC-F,1,period_0856,16.106667,-9.2584,5.5658,78.4707,75.6790,2.7916
PEMAFC-F,1,period_0856,16.160000,-10.6141,7.8433,77.9965,75.6790,2.3175
PEMAFC-F,1,period_0856,16.200000,-10.9359,1.4173,78.5366,75.6790,2.8576
PEMAFC-F,1,period_0856,16.253333,-11.0346,5.1807,78.6112,75.6790,2.9322
PEMAFC-F,1,period_0856,16.306667,-11.6202,7.1481,79.4189,75.6790,3.7399
PEMAFC-F,1,period_0856,16.360000,-10.7697,6.5812,78.1750,75.6790,2.4960
PEMAFC-F,1,period_0856,16.400000,-9.4180,11.7337,77.0388,75.6790,1.3598
PEMAFC-F,1,period_0856,16.453333,-9.9978,7.0951,76.8166,75.6790,1.1376
PEMAFC-F,1,period_0856,16.506667,-9.1590,10.1053,77.8212,75.6790,2.1421
PEMAFC-F,1,period_0856,16.560000,-9.7691,5.9532,82.6335,75.6790,6.9544
PEMAFC-F,1,period_0856,16.600000,-8.7647,16.5376,79.0000,75.6790,3.3210
PEMAFC-F,1,period_0856,16.653333,-9.0183,14.9091,81.7791,75.6790,6.1001
PEMAFC-F,1,period_0856,16.706667,-9.1382,12.1854,81.1046,75.6790,5.4256
PEMAFC-F,1,period_0856,16.760000,-9.6697,10.2948,83.1949,75.6790,7.5159
PEMAFC-F,1,period_0856,16.800000,-9.6615,10.5333,82.4819,75.6790,6.8029
PEMAFC-F,1,period_0856,16.853333,-9.8259,3.1670,83.1345,75.6790,7.4555
PEMAFC-F,1,period_0856,16.906667,-10.5179,5.0605,84.5102,75.6790,8.8312
PEMAFC-F,1,period_0856,16.960000,-10.2256,7.8024,86.0593,75.6790,10.3802
PEMAFC-F,1,period_0856,17.000000,-8.7788,7.5323,77.7261,75.6790,2.0471
PEMAFC-F,1,period_0856,17.053333,-8.8861,0.8996,78.3075,75.6790,2.6285
PEMAFC-F,1,period_0856,17.106667,-8.9229,5.2750,78.3404,75.6790,2.6614
PEMAFC-F,1,period_0856,17.160000,-8.9511,6.6125,78.3729,75.6790,2.6938
PEMAFC-F,1,period_0856,17.200000,-10.3351,8.2558,82.2481,75.6790,6.5691
PEMAFC-F,1,period_0856,17.253333,-10.5534,4.9146,83.3512,75.6790,7.6722
PEMAFC-F,1,period_0856,17.306667,-10.5151,9.6415,84.5934,75.6790,8.9143
PEMAFC-F,1,period_0856,17.360000,-10.5514,9.5222,83.9383,75.6790,8.2593
PEMAFC-F,1,period_0856,17.400000,-10.3486,9.3367,83.2670,75.6790,7.5880
PEMAFC-F,1,period_0856,17.453333,-11.1540,7.0338,89.6033,75.6790,13.9243
PEMAFC-F,1,period_0856,17.506667,-11.1868,8.6478,81.6005,75.6790,5.9215
PEMAFC-F,1,period_0856,17.560000,-11.0355,9.0683,80.4956,75.6790,4.8166
PEMAFC-F,1,period_0856,17.600000,-10.3333,4.2713,82.4104,75.6790,6.7314
PEMAFC-F,1,period_0856,17.653333,-8.1187,5.9400,80.2010,75.6790,4.5220
PEMAFC-F,1,period_0856,17.706667,-9.5390,10.0940,81.4337,75.6790,5.7546
PEMAFC-F,1,period_0856,17.760000,-10.3454,11.0342,83.5393,75.6790,7.8603
PEMAFC-F,1,period_0856,17.800000,-11.0113,9.1138,84.8316,75.6790,9.1526
PEMAFC-F,1,period_0856,17.853333,-10.1232,11.8427,80.9810,75.6790,5.3020
PEMAFC-F,1,period_0856,17.906667,-9.9620,14.0244,80.5333,75.6790,4.8543
PEMAFC-F,1,period_0856,17.960000,-9.5089,13.5361,79.2738,75.6790,3.5948
PEMAFC-F,1,period_0856,18.000000,-9.2561,13.6838,76.8018,75.6790,1.1228
PEMAFC-F,1,period_0856,18.053333,-8.8686,11.2291,76.7388,75.6790,1.0597
PEMAFC-F,1,period_0856,18.106667,-7.5832,2.8428,78.8232,75.6790,3.1442
PEMAFC-F,1,period_0856,18.160000,-9.8500,6.3143,81.1545,75.6790,5.4755
PEMAFC-F,1,period_0856,18.200000,-10.5385,10.9409,81.5072,75.6790,5.8282
PEMAFC-F,1,period_0856,18.253333,-10.6729,10.3134,83.3708,75.6790,7.6918
PEMAFC-F,1,period_0856,18.306667,-10.5578,13.6468,84.3060,75.6790,8.6270
PEMAFC-F,1,period_0856,18.360000,-10.2287,15.1244,81.8349,75.6790,6.1558
PEMAFC-F,1,period_0856,18.400000,-10.1257,11.6209,81.8552,75.6790,6.1761
PEMAFC-F,1,period_0856,18.453333,-10.3220,8.2280,84.9767,75.6790,9.2977
PEMAFC-F,1,period_0856,18.506667,-10.4842,10.6900,84.4076,75.6790,8.7286
PEMAFC-F,1,period_0856,18.560000,-10.6077,13.1261,86.8218,75.6790,11.1428
PEMAFC-F,1,period_0856,18.600000,-10.3922,13.4291,84.3138,75.6790,8.6347
PEMAFC-F,1,period_0856,18.653333,-10.3231,14.0302,84.2647,75.6790,8.5857
PEMAFC-F,1,period_0856,18.706667,-10.2976,12.3911,84.6710,75.6790,8.9920
PEMAFC-F,1,period_0856,18.760000,-9.8838,9.5566,80.9570,75.6790,5.2779
PEMAFC-F,1,period_0856,18.800000,-9.6918,10.8260,82.3897,75.6790,6.7107
PEMAFC-F,1,period_0856,18.853333,-8.6723,12.6201,75.6097,75.6790,-0.0693
PEMAFC-F,1,period_0856,18.906667,-5.8430,15.2473,71.6246,75.6790,-4.0544
PEMAFC-F,1,period_0856,18.960000,-6.2383,4.4601,72.6314,75.6790,-3.0476
PEMAFC-F,1,period_0856,19.000000,-7.2751,-4.7181,74.1088,75.6790,-1.5702
PEMAFC-F,1,period_0856,19.053333,-8.2215,-0.0704,75.4087,75.6790,-0.2704
PEMAFC-F,1,period_0856,19.106667,-8.6515,-3.3867,76.0866,75.6790,0.4075
PEMAFC-F,1,period_0856,19.160000,-9.0156,-3.1620,76.6932,75.6790,1.0142
PEMAFC-F,1,period_0856,19.200000,-9.2449,-1.5077,77.0071,75.6790,1.3281
PEMAFC-F,1,period_0856,19.253333,-9.4813,-1.9420,77.4199,75.6790,1.7408
PEMAFC-F,1,period_0856,19.306667,-9.6313,-2.2532,77.6712,75.6790,1.9922
PEMAFC-F,1,period_0856,19.360000,-9.7526,-1.8247,77.8743,75.6790,2.1953
PEMAFC-F,1,period_0856,19.400000,-9.8318,-0.7799,78.0129,75.6790,2.3339
PEMAFC-F,1,period_0856,19.453333,-9.9271,0.6598,78.1676,75.6790,2.4886
PEMAFC-F,1,period_0856,19.506667,-10.0242,0.3177,78.3357,75.6790,2.6566
PEMAFC-F,1,period_0856,19.560000,-10.1548,1.5512,78.5432,75.6790,2.8642
PEMAFC-F,1,period_0856,19.600000,-10.2405,2.1883,78.7057,75.6790,3.0266
PEMAFC-F,1,period_0856,19.653333,-10.3968,0.9086,78.9943,75.6790,3.3153
PEMAFC-F,1,period_0856,19.706667,-10.5376,1.9156,79.2574,75.6790,3.5784
PEMAFC-F,1,period_0856,19.760000,-10.6390,1.9546,79.4751,75.6790,3.7961
PEMAFC-F,1,period_0856,19.800000,-10.6891,1.4913,79.5710,75.6790,3.8920
PEMAFC-F,1,period_0856,19.853333,-10.7489,0.8032,79.6883,75.6790,4.0093
PEMAFC-F,1,period_0856,19.906667,-10.8068,0.7384,79.8072,75.6790,4.1281
PEMAFC-F,1,period_0856,19.960000,-13.6059,5.5436,83.3081,75.6790,7.6291
PEMAFC-F,1,period_0856,20.000000,-11.3759,6.3058,81.1584,75.6790,5.4794
PEMAFC-F,2,period_0916,20.013333,-3.2369,-45.7016,77.3882,76.8005,0.5877
PEMAFC-F,2,period_0916,20.053333,-3.2405,-7.2120,77.3961,76.8005,0.5956
PEMAFC-F,2,period_0916,20.106667,-3.2454,-6.3982,77.4069,76.8005,0.6064
PEMAFC-F,2,period_0916,20.160000,-3.2510,-6.4547,77.4194,76.8005,0.6190
PEMAFC-F,2,period_0916,20.200000,-3.2547,-7.3900,77.4284,76.8005,0.6279
PEMAFC-F,2,period_0916,20.253333,-3.2587,-7.1896,77.4387,76.8005,0.6382
PEMAFC-F,2,period_0916,20.306667,-3.2633,-6.0667,77.4543,76.8005,0.6538
PEMAFC-F,2,period_0916,20.360000,-3.2683,-5.3848,77.4640,76.8005,0.6635
PEMAFC-F,2,period_0916,20.400000,-3.2717,-7.9683,77.4717,76.8005,0.6712
PEMAFC-F,2,period_0916,20.453333,-3.2764,-7.2126,77.4829,76.8005,0.6824
PEMAFC-F,2,period_0916,20.506667,-3.2807,-6.1294,77.4889,76.8005,0.6884
PEMAFC-F,2,period_0916,20.560000,-3.2848,-7.4616,77.4964,76.8005,0.6959
PEMAFC-F,2,period_0916,20.600000,-3.2887,-7.1372,77.5064,76.8005,0.7059
PEMAFC-F,2,period_0916,20.653333,-3.2941,-6.4879,77.5220,76.8005,0.7215
PEMAFC-F,2,period_0916,20.706667,-3.3021,-6.8365,77.5409,76.8005,0.7404
PEMAFC-F,2,period_0916,20.760000,-3.3108,-7.0092,77.5633,76.8005,0.7628
PEMAFC-F,2,period_0916,20.800000,-3.3282,-0.4321,77.5729,76.8005,0.7724
PEMAFC-F,2,period_0916,20.853333,-3.5154,3.4662,77.6030,76.8005,0.8025
PEMAFC-F,2,period_0916,20.906667,-4.2067,5.4802,77.6134,76.8005,0.8129
PEMAFC-F,2,period_0916,20.960000,-5.5671,5.7964,82.4589,76.8005,5.6584
PEMAFC-F,2,period_0916,21.000000,-5.7256,6.3843,81.7951,76.8005,4.9946
PEMAFC-F,2,period_0916,21.053333,-5.3678,6.7749,82.5847,76.8005,5.7842
PEMAFC-F,2,period_0916,21.106667,-5.3112,9.2876,79.7707,76.8005,2.9702
PEMAFC-F,2,period_0916,21.160000,-5.6959,5.8499,82.3707,76.8005,5.5702
PEMAFC-F,2,period_0916,21.200000,-5.4831,8.4672,78.2127,76.8005,1.4122
PEMAFC-F,2,period_0916,21.253333,-5.2082,6.5874,77.4337,76.8005,0.6332
PEMAFC-F,2,period_0916,21.306667,-4.5358,7.0570,73.2377,76.8005,-3.5628
PEMAFC-F,2,period_0916,21.360000,-4.7320,-0.3983,73.8410,76.8005,-2.9595
PEMAFC-F,2,period_0916,21.400000,-4.8073,-3.0000,74.0929,76.8005,-2.7076
PEMAFC-F,2,period_0916,21.453333,-4.8620,-3.7647,74.3523,76.8005,-2.4482
PEMAFC-F,2,period_0916,21.506667,-4.8983,-3.4345,74.5122,76.8005,-2.2883
PEMAFC-F,2,period_0916,21.560000,-4.9183,-2.7885,74.6073,76.8005,-2.1932
PEMAFC-F,2,period_0916,21.600000,-4.9295,-2.4327,74.6640,76.8005,-2.1365
PEMAFC-F,2,period_0916,21.653333,-4.9411,-2.9433,74.7171,76.8005,-2.0834
PEMAFC-F,2,period_0916,21.706667,-4.9507,-1.8263,74.7571,76.8005,-2.0434
PEMAFC-F,2,period_0916,21.760000,-4.9577,-1.2470,74.7892,76.8005,-2.0113
PEMAFC-F,2,period_0916,21.800000,-4.9625,-1.8291,74.8092,76.8005,-1.9913
PEMAFC-F,2,period_0916,21.853333,-4.9693,-2.1254,74.8378,76.8005,-1.9627
PEMAFC-F,2,period_0916,21.906667,-4.9740,-1.1347,74.8563,76.8005,-1.9442
PEMAFC-F,2,period_0916,21.960000,-4.9788,-2.5312,74.8735,76.8005,-1.9270
PEMAFC-F,2,period_0916,22.000000,-4.9808,-1.2683,74.8811,76.8005,-1.9194
PEMAFC-F,2,period_0916,22.053333,-4.9830,-1.5061,74.8911,76.8005,-1.9094
PEMAFC-F,2,period_0916,22.106667,-4.9856,-1.1703,74.9019,76.8005,-1.8986
PEMAFC-F,2,period_0916,22.160000,-4.9888,-1.6967,74.9133,76.8005,-1.8872
PEMAFC-F,2,period_0916,22.200000,-4.9908,-2.2899,74.9211,76.8005,-1.8794
PEMAFC-F,2,period_0916,22.253333,-4.9933,-1.0564,74.9309,76.8005,-1.8696
PEMAFC-F,2,period_0916,22.306667,-4.9958,-1.3795,74.9426,76.8005,-1.8579
PEMAFC-F,2,period_0916,22.360000,-4.9979,-1.8956,74.9514,76.8005,-1.8491
PEMAFC-F,2,period_0916,22.400000,-4.9996,-1.9502,74.9583,76.8005,-1.8422
PEMAFC-F,2,period_0916,22.453333,-5.0017,-1.3543,74.9661,76.8005,-1.8344
PEMAFC-F,2,period_0916,22.506667,-5.0045,-1.4178,74.9752,76.8005,-1.8253
PEMAFC-F,2,period_0916,22.560000,-5.7778,3.9503,78.9030,76.8005,2.1025
PEMAFC-F,2,period_0916,22.600000,-5.9077,8.7137,78.9152,76.8005,2.1147
PEMAFC-F,2,period_0916,22.653333,-5.8954,8.3601,79.1117,76.8005,2.3112
PEMAFC-F,2,period_0916,22.706667,-5.6830,12.1606,79.0216,76.8005,2.2212
PEMAFC-F,2,period_0916,22.760000,-5.6963,7.2866,79.0269,76.8005,2.2264
PEMAFC-F,2,period_0916,22.800000,-5.8121,0.6613,79.6774,76.8005,2.8769
PEMAFC-F,2,period_0916,22.853333,-6.5206,0.6724,80.9222,76.8005,4.1217
PEMAFC-F,2,period_0916,22.906667,-7.1494,0.0133,83.3980,76.8005,6.5975
PEMAFC-F,2,period_0916,22.960000,-7.2101,1.3687,80.7629,76.8005,3.9624
PEMAFC-F,2,period_0916,23.000000,-7.9269,3.8971,80.5568,76.8005,3.7563
PEMAFC-F,2,period_0916,23.053333,-9.1819,9.0589,80.5609,76.8005,3.7604
PEMAFC-F,2,period_0916,23.106667,-10.2808,10.3442,80.5726,76.8005,3.7721
PEMAFC-F,2,period_0916,23.160000,-10.8786,10.0814,80.6273,76.8005,3.8268
PEMAFC-F,2,period_0916,23.200000,-11.3120,8.6040,80.6967,76.8005,3.8962
PEMAFC-F,2,period_0916,23.253333,-11.6011,2.1917,81.1362,76.8005,4.3357
PEMAFC-F,2,period_0916,23.306667,-11.7258,0.1142,81.6200,76.8005,4.8195
PEMAFC-F,2,period_0916,23.360000,-11.7862,0.0970,81.8837,76.8005,5.0832
PEMAFC-F,2,period_0916,23.400000,-11.8234,0.3620,82.0354,76.8005,5.2350
PEMAFC-F,2,period_0916,23.453333,-11.8627,0.4263,82.2187,76.8005,5.4182
PEMAFC-F,2,period_0916,23.506667,-11.8850,1.0708,82.3238,76.8005,5.5233
PEMAFC-F,2,period_0916,23.560000,-11.9067,0.9931,82.4196,76.8005,5.6191
PEMAFC-F,2,period_0916,23.600000,-11.9189,1.4547,82.4673,76.8005,5.6668
PEMAFC-F,2,period_0916,23.653333,-11.9355,1.7907,82.5416,76.8005,5.7411
PEMAFC-F,2,period_0916,23.706667,-11.9512,0.8991,82.5996,76.8005,5.7991
PEMAFC-F,2,period_0916,23.760000,-11.9617,0.8969,82.6440,76.8005,5.8435
PEMAFC-F,2,period_0916,23.800000,-11.9674,1.6125,82.6679,76.8005,5.8674
PEMAFC-F,2,period_0916,23.853333,-11.9763,0.7519,82.7049,76.8005,5.9044
PEMAFC-F,2,period_0916,23.906667,-11.9824,1.3790,82.7308,76.8005,5.9303
PEMAFC-F,2,period_0916,23.960000,-11.9886,1.2487,82.7578,76.8005,5.9573
PEMAFC-F,2,period_0916,24.000000,-11.9928,0.8746,82.7703,76.8005,5.9698
PEMAFC-F,2,period_0916,24.053333,-12.0660,1.2488,82.8915,76.8005,6.0910
PEMAFC-F,2,period_0916,24.106667,-12.7441,5.9012,82.9679,76.8005,6.1674
PEMAFC-F,2,period_0916,24.160000,-12.4507,6.4603,83.3696,76.8005,6.5691
PEMAFC-F,2,period_0916,24.200000,-12.6561,9.3334,83.6701,76.8005,6.8696
PEMAFC-F,2,period_0916,24.253333,-12.1438,10.0530,83.3444,76.8005,6.5439
PEMAFC-F,2,period_0916,24.306667,-11.5282,9.7937,83.2770,76.8005,6.4765
PEMAFC-F,2,period_0916,24.360000,-12.3521,3.4347,83.6461,76.8005,6.8456
PEMAFC-F,2,period_0916,24.400000,-10.7137,2.8710,78.7260,76.8005,1.9255
PEMAFC-F,2,period_0916,24.453333,-10.0295,7.3611,77.5286,76.8005,0.7281
PEMAFC-F,2,period_0916,24.506667,-9.7986,12.9324,77.4532,76.8005,0.6527
PEMAFC-F,2,period_0916,24.560000,-9.7008,7.0104,82.3518,76.8005,5.5513
PEMAFC-F,2,period_0916,24.600000,-9.8283,4.5294,84.7910,76.8005,7.9905
PEMAFC-F,2,period_0916,24.653333,-10.0119,6.4872,87.2961,76.8005,10.4956
PEMAFC-F,2,period_0916,24.706667,-13.5105,-0.3730,91.1647,76.8005,14.3642
PEMAFC-F,2,period_0916,24.760000,-13.9403,4.8934,91.3550,76.8005,14.5545
PEMAFC-F,2,period_0916,24.800000,-13.6760,3.5725,91.4457,76.8005,14.6452
PEMAFC-F,2,period_0916,24.853333,-14.4195,1.5501,92.2198,76.8005,15.4193
PEMAFC-F,2,period_0916,24.906667,-15.0558,11.8755,94.5289,76.8005,17.7284
PEMAFC-F,2,period_0916,24.960000,-15.5204,14.5829,95.8294,76.8005,19.0289
PEMAFC-F,2,period_0916,25.000000,-15.7811,14.2730,95.9331,76.8005,19.1326
PEMAFC-F,2,period_0916,25.053333,-16.1254,12.9576,96.1281,76.8005,19.3276
PEMAFC-F,2,period_0916,25.106667,-16.3116,3.9085,97.0664,76.8005,20.2659
PEMAFC-F,2,period_0916,25.160000,-16.3736,2.6316,97.1889,76.8005,20.3884
PEMAFC-F,2,period_0916,25.200000,-16.4402,1.9149,97.2188,76.8005,20.4183
PEMAFC-F,2,period_0916,25.253333,-16.4899,2.6638,97.2192,76.8005,20.4187
PEMAFC-F,2,period_0916,25.306667,-16.5202,2.3894,97.2612,76.8005,20.4607
PEMAFC-F,2,period_0916,25.360000,-16.5493,3.0979,97.2784,76.8005,20.4779
PEMAFC-F,2,period_0916,25.400000,-16.5646,2.2653,97.2844,76.8005,20.4839
PEMAFC-F,2,period_0916,25.453333,-16.5764,3.8216,97.2990,76.8005,20.4985
PEMAFC-F,2,period_0916,25.506667,-16.5922,3.1328,97.3293,76.8005,20.5288
PEMAFC-F,2,period_0916,25.560000,-16.6039,2.8844,97.3408,76.8005,20.5403
PEMAFC-F,2,period_0916,25.600000,-16.6096,4.5061,97.3470,76.8005,20.5465
PEMAFC-F,2,period_0916,25.653333,-16.6182,3.4448,97.3487,76.8005,20.5482
PEMAFC-F,2,period_0916,25.706667,-16.6240,2.2768,97.3427,76.8005,20.5422
PEMAFC-F,2,period_0916,25.760000,-16.6318,3.4577,97.3565,76.8005,20.5560
PEMAFC-F,2,period_0916,25.800000,-16.6367,2.7736,97.3585,76.8005,20.5580
PEMAFC-F,2,period_0916,25.853333,-16.9129,10.7570,97.1975,76.8005,20.3970
PEMAFC-F,2,period_0916,25.906667,-14.6809,8.5099,88.1676,76.8005,11.3671
PEMAFC-F,2,period_0916,25.960000,-13.1999,10.3827,85.0712,76.8005,8.2707
PEMAFC-F,2,period_0916,26.000000,-12.8620,8.8437,85.6808,76.8005,8.8803
PEMAFC-F,2,period_0916,26.053333,-8.9532,3.1254,80.5622,76.8005,3.7617
PEMAFC-F,2,period_0916,26.106667,-8.3485,6.8027,77.9952,76.8005,1.1947
PEMAFC-F,2,period_0916,26.160000,-10.7968,7.3427,76.2896,76.8005,-0.5109
PEMAFC-F,2,period_0916,26.200000,-10.7511,1.4343,76.6516,76.8005,-0.1489
PEMAFC-F,2,period_0916,26.253333,-10.8706,6.7723,76.7145,76.8005,-0.0860
PEMAFC-F,2,period_0916,26.306667,-14.2828,2.8282,81.7265,76.8005,4.9260
PEMAFC-F,2,period_0916,26.360000,-12.8806,6.1103,80.5464,76.8005,3.7459
PEMAFC-F,2,period_0916,26.400000,-11.4602,8.2245,81.9681,76.8005,5.1676
PEMAFC-F,2,period_0916,26.453333,-12.0095,8.5348,81.1808,76.8005,4.3803
PEMAFC-F,2,period_0916,26.506667,-12.5246,7.8019,85.3204,76.8005,8.5199
PEMAFC-F,2,period_0916,26.560000,-12.3560,5.0177,81.0453,76.8005,4.2448
PEMAFC-F,2,period_0916,26.600000,-12.4261,9.4688,83.4683,76.8005,6.6678
PEMAFC-F,2,period_0916,26.653333,-12.6423,12.2296,82.6662,76.8005,5.8657
PEMAFC-F,2,period_0916,26.706667,-12.5450,12.7422,82.3803,76.8005,5.5798
PEMAFC-F,2,period_0916,26.760000,-13.2891,9.0047,80.9700,76.8005,4.1695
PEMAFC-F,2,period_0916,26.800000,-11.6449,11.2182,77.5726,76.8005,0.7721
PEMAFC-F,2,period_0916,26.853333,-13.9257,1.4205,87.8111,76.8005,11.0106
PEMAFC-F,2,period_0916,26.906667,-14.8146,4.0928,84.2443,76.8005,7.4438
PEMAFC-F,2,period_0916,26.960000,-14.7642,3.3667,85.3798,76.8005,8.5793
PEMAFC-F,2,period_0916,27.000000,-13.1047,3.9312,82.7370,76.8005,5.9366
PEMAFC-F,2,period_0916,27.053333,-13.1671,2.4986,82.6951,76.8005,5.8946
PEMAFC-F,2,period_0916,27.106667,-13.2322,11.8675,82.7052,76.8005,5.9047
PEMAFC-F,2,period_0916,27.160000,-13.3513,11.5325,82.7784,76.8005,5.9779
PEMAFC-F,2,period_0916,27.200000,-15.5354,5.1501,85.1838,76.8005,8.3833
PEMAFC-F,2,period_0916,27.253333,-16.2262,3.0525,87.9375,76.8005,11.1370
PEMAFC-F,2,period_0916,27.306667,-16.0441,5.6950,85.5549,76.8005,8.7544
PEMAFC-F,2,period_0916,27.360000,-15.6687,7.5277,82.6743,76.8005,5.8739
PEMAFC-F,2,period_0916,27.400000,-15.3318,8.5603,82.4430,76.8005,5.6425
PEMAFC-F,2,period_0916,27.453333,-14.2921,5.1840,82.0687,76.8005,5.2682
PEMAFC-F,2,period_0916,27.506667,-14.9965,6.0526,81.2438,76.8005,4.4433
PEMAFC-F,2,period_0916,27.560000,-15.3171,4.0282,83.6387,76.8005,6.8382
PEMAFC-F,2,period_0916,27.600000,-14.2074,2.6589,81.7562,76.8005,4.9557
PEMAFC-F,2,period_0916,27.653333,-9.6774,3.8280,77.6719,76.8005,0.8714
PEMAFC-F,2,period_0916,27.706667,-10.0941,7.9802,77.2814,76.8005,0.4809
PEMAFC-F,2,period_0916,27.760000,-13.1853,5.9870,79.1357,76.8005,2.3352
PEMAFC-F,2,period_0916,27.800000,-14.3928,4.7553,83.7970,76.8005,6.9965
PEMAFC-F,2,period_0916,27.853333,-13.5981,5.4665,81.2153,76.8005,4.4148
PEMAFC-F,2,period_0916,27.906667,-13.4495,9.8666,81.7482,76.8005,4.9477
PEMAFC-F,2,period_0916,27.960000,-13.1496,10.0263,82.5692,76.8005,5.7687
PEMAFC-F,2,period_0916,28.000000,-12.6782,7.9659,82.0042,76.8005,5.2037
PEMAFC-F,2,period_0916,28.053333,-11.7714,7.0106,79.3387,76.8005,2.5382
PEMAFC-F,2,period_0916,28.106667,-7.5664,1.6402,73.5550,76.8005,-3.2455
PEMAFC-F,2,period_0916,28.160000,-13.5504,-0.2124,82.4619,76.8005,5.6614
PEMAFC-F,2,period_0916,28.200000,-15.3904,5.8479,88.1400,76.8005,11.3395
PEMAFC-F,2,period_0916,28.253333,-14.6670,8.6049,81.9417,76.8005,5.1412
PEMAFC-F,2,period_0916,28.306667,-12.8142,11.5652,78.1104,76.8005,1.3099
PEMAFC-F,2,period_0916,28.360000,-11.1946,15.9875,75.3519,76.8005,-1.4486
PEMAFC-F,2,period_0916,28.400000,-12.6021,7.4084,78.8179,76.8005,2.0174
PEMAFC-F,2,period_0916,28.453333,-13.4405,4.3218,79.7379,76.8005,2.9374
PEMAFC-F,2,period_0916,28.506667,-13.8276,4.5968,81.0945,76.8005,4.2940
PEMAFC-F,2,period_0916,28.560000,-14.4637,8.3240,82.2167,76.8005,5.4162
PEMAFC-F,2,period_0916,28.600000,-14.4943,8.3791,85.1227,76.8005,8.3222
PEMAFC-F,2,period_0916,28.653333,-13.7730,9.1254,80.6524,76.8005,3.8519
PEMAFC-F,2,period_0916,28.706667,-12.8116,5.9490,79.8187,76.8005,3.0182
PEMAFC-F,2,period_0916,28.760000,-11.0367,5.5543,79.0529,76.8005,2.2524
PEMAFC-F,2,period_0916,28.800000,-10.9779,8.2535,76.6153,76.8005,-0.1852
PEMAFC-F,2,period_0916,28.853333,-10.8031,7.3451,80.7656,76.8005,3.9651
PEMAFC-F,2,period_0916,28.906667,-7.1991,13.1829,74.4489,76.8005,-2.3516
PEMAFC-F,2,period_0916,28.960000,-7.5579,4.4321,73.5471,76.8005,-3.2533
PEMAFC-F,2,period_0916,29.000000,-8.2516,-4.6289,74.3735,76.8005,-2.4270
PEMAFC-F,2,period_0916,29.053333,-9.4048,-4.5062,75.9812,76.8005,-0.8193
PEMAFC-F,2,period_0916,29.106667,-9.7113,-4.1075,76.3335,76.8005,-0.4670
PEMAFC-F,2,period_0916,29.160000,-9.9323,-4.3102,76.6311,76.8005,-0.1694
PEMAFC-F,2,period_0916,29.200000,-10.0515,-3.3042,76.7581,76.8005,-0.0424
PEMAFC-F,2,period_0916,29.253333,-10.1801,-2.7830,76.9421,76.8005,0.1417
PEMAFC-F,2,period_0916,29.306667,-10.3046,-3.8949,77.1043,76.8005,0.3038
PEMAFC-F,2,period_0916,29.360000,-10.3634,-2.8383,77.1765,76.8005,0.3760
PEMAFC-F,2,period_0916,29.400000,-10.4094,-3.2445,77.2360,76.8005,0.4355
PEMAFC-F,2,period_0916,29.453333,-10.4800,-1.2283,77.3276,76.8005,0.5271
PEMAFC-F,2,period_0916,29.506667,-10.5512,-2.1065,77.4344,76.8005,0.6339
PEMAFC-F,2,period_0916,29.560000,-10.6346,0.6987,77.5537,76.8005,0.7532
PEMAFC-F,2,period_0916,29.600000,-10.6910,-0.0303,77.6400,76.8005,0.8395
PEMAFC-F,2,period_0916,29.653333,-10.7712,0.0179,77.7643,76.8005,0.9638
PEMAFC-F,2,period_0916,29.706667,-10.8706,0.3752,77.9047,76.8005,1.1042
PEMAFC-F,2,period_0916,29.760000,-10.9448,-1.1432,78.0439,76.8005,1.2434
PEMAFC-F,2,period_0916,29.800000,-11.0078,-3.9501,78.1587,76.8005,1.3582
PEMAFC-F,2,period_0916,29.853333,-11.0599,-3.0535,78.2559,76.8005,1.4554
PEMAFC-F,2,period_0916,29.906667,-11.1012,-3.4320,78.3194,76.8005,1.5189
PEMAFC-F,2,period_0916,29.960000,-14.9995,1.2705,82.9578,76.8005,6.1573
PEMAFC-F,2,period_0916,30.000000,-12.9332,4.2917,80.3143,76.8005,3.5138
PEMAFC-F,3,period_0943,30.013333,-3.7225,-39.6622,70.1769,67.9790,2.1978
PEMAFC-F,3,period_0943,30.053333,-3.7238,-2.4755,70.1772,67.9790,2.1982
PEMAFC-F,3,period_0943,30.106667,-3.7261,-1.7560,70.1807,67.9790,2.2016
PEMAFC-F,3,period_0943,30.160000,-3.7285,-1.7626,70.1826,67.9790,2.2035
PEMAFC-F,3,period_0943,30.200000,-3.7301,-1.9797,70.1831,67.9790,2.2041
PEMAFC-F,3,period_0943,30.253333,-3.7316,-1.4220,70.1841,67.9790,2.2050
PEMAFC-F,3,period_0943,30.306667,-3.7338,-1.7239,70.1851,67.9790,2.2061
PEMAFC-F,3,period_0943,30.360000,-3.7360,-1.5629,70.1855,67.9790,2.2064
PEMAFC-F,3,period_0943,30.400000,-3.7376,-1.2448,70.1868,67.9790,2.2077
PEMAFC-F,3,period_0943,30.453333,-3.7396,-1.4448,70.1878,67.9790,2.2087
PEMAFC-F,3,period_0943,30.506667,-3.7417,-1.0949,70.1897,67.9790,2.2106
PEMAFC-F,3,period_0943,30.560000,-3.7434,-1.2943,70.1910,67.9790,2.2120
PEMAFC-F,3,period_0943,30.600000,-3.7448,-1.6378,70.1922,67.9790,2.2132
PEMAFC-F,3,period_0943,30.653333,-3.7473,-1.7113,70.1947,67.9790,2.2156
PEMAFC-F,3,period_0943,30.706667,-3.7508,-1.5842,70.1962,67.9790,2.2172
PEMAFC-F,3,period_0943,30.760000,-3.7544,-1.6563,70.1987,67.9790,2.2197
PEMAFC-F,3,period_0943,30.800000,-3.7687,3.6282,70.2159,67.9790,2.2369
PEMAFC-F,3,period_0943,30.853333,-4.0245,4.5539,70.4518,67.9790,2.4728
PEMAFC-F,3,period_0943,30.906667,-5.4248,5.6062,71.7393,67.9790,3.7603
PEMAFC-F,3,period_0943,30.960000,-6.0271,3.2188,71.9276,67.9790,3.9486
PEMAFC-F,3,period_0943,31.000000,-6.0167,4.7407,71.9328,67.9790,3.9537
PEMAFC-F,3,period_0943,31.053333,-5.8620,4.9981,71.9388,67.9790,3.9598
PEMAFC-F,3,period_0943,31.106667,-5.7602,11.4413,71.9641,67.9790,3.9850
PEMAFC-F,3,period_0943,31.160000,-5.8148,8.6642,71.9817,67.9790,4.0027
PEMAFC-F,3,period_0943,31.200000,-5.7937,11.3913,71.9963,67.9790,4.0173
PEMAFC-F,3,period_0943,31.253333,-5.5009,7.8514,72.1227,67.9790,4.1436
PEMAFC-F,3,period_0943,31.306667,-5.6244,6.4568,72.1108,67.9790,4.1317
PEMAFC-F,3,period_0943,31.360000,-5.7868,-3.6510,72.2013,67.9790,4.2223
PEMAFC-F,3,period_0943,31.400000,-5.8184,-2.2419,72.2089,67.9790,4.2299
PEMAFC-F,3,period_0943,31.453333,-5.8400,0.0164,72.2190,67.9790,4.2399
PEMAFC-F,3,period_0943,31.506667,-5.8552,0.1973,72.2255,67.9790,4.2465
PEMAFC-F,3,period_0943,31.560000,-5.8644,1.2785,72.2285,67.9790,4.2495
PEMAFC-F,3,period_0943,31.600000,-5.8700,1.0320,72.2301,67.9790,4.2511
PEMAFC-F,3,period_0943,31.653333,-5.8771,0.8530,72.2355,67.9790,4.2565
PEMAFC-F,3,period_0943,31.706667,-5.8833,0.7912,72.2388,67.9790,4.2598
PEMAFC-F,3,period_0943,31.760000,-5.8874,1.5871,72.2417,67.9790,4.2626
PEMAFC-F,3,period_0943,31.800000,-5.8901,1.3272,72.2435,67.9790,4.2645
PEMAFC-F,3,period_0943,31.853333,-5.8947,0.1264,72.2453,67.9790,4.2663
PEMAFC-F,3,period_0943,31.906667,-5.8978,0.7848,72.2466,67.9790,4.2676
PEMAFC-F,3,period_0943,31.960000,-5.9010,0.5390,72.2483,67.9790,4.2693
PEMAFC-F,3,period_0943,32.000000,-5.9027,0.6224,72.2497,67.9790,4.2707
PEMAFC-F,3,period_0943,32.053333,-5.9044,0.3797,72.2514,67.9790,4.2724
PEMAFC-F,3,period_0943,32.106667,-5.9065,1.1039,72.2536,67.9790,4.2746
PEMAFC-F,3,period_0943,32.160000,-5.9088,0.3065,72.2559,67.9790,4.2769
PEMAFC-F,3,period_0943,32.200000,-5.9101,0.8387,72.2571,67.9790,4.2780
PEMAFC-F,3,period_0943,32.253333,-5.9120,1.2961,72.2579,67.9790,4.2788
PEMAFC-F,3,period_0943,32.306667,-5.9137,1.4847,72.2593,67.9790,4.2802
PEMAFC-F,3,period_0943,32.360000,-5.9153,0.5407,72.2620,67.9790,4.2830
PEMAFC-F,3,period_0943,32.400000,-5.9164,1.6767,72.2631,67.9790,4.2840
PEMAFC-F,3,period_0943,32.453333,-5.9179,1.0772,72.2636,67.9790,4.2846
PEMAFC-F,3,period_0943,32.506667,-5.9196,0.6698,72.2648,67.9790,4.2857
PEMAFC-F,3,period_0943,32.560000,-6.1990,-0.5930,72.2731,67.9790,4.2940
PEMAFC-F,3,period_0943,32.600000,-6.1630,8.6284,72.2988,67.9790,4.3198
PEMAFC-F,3,period_0943,32.653333,-6.2306,8.1261,72.4067,67.9790,4.4277
PEMAFC-F,3,period_0943,32.706667,-6.1327,8.3500,72.4206,67.9790,4.4416
PEMAFC-F,3,period_0943,32.760000,-6.0920,8.7206,72.4379,67.9790,4.4589
PEMAFC-F,3,period_0943,32.800000,-6.1741,2.3807,72.4244,67.9790,4.4453
PEMAFC-F,3,period_0943,32.853333,-6.7404,-0.1217,72.4697,67.9790,4.4907
PEMAFC-F,3,period_0943,32.906667,-7.1382,3.5985,72.4825,67.9790,4.5034
PEMAFC-F,3,period_0943,32.960000,-7.0449,3.5689,72.4971,67.9790,4.5180
PEMAFC-F,3,period_0943,33.000000,-7.9176,5.0662,73.9097,67.9790,5.9307
PEMAFC-F,3,period_0943,33.053333,-9.4185,9.0491,75.6463,67.9790,7.6672
PEMAFC-F,3,period_0943,33.106667,-10.7533,10.7877,76.5768,67.9790,8.5978
PEMAFC-F,3,period_0943,33.160000,-11.5015,11.1001,77.2480,67.9790,9.2689
PEMAFC-F,3,period_0943,33.200000,-12.0307,8.5201,77.7137,67.9790,9.7347
PEMAFC-F,3,period_0943,33.253333,-12.3729,1.6302,77.8670,67.9790,9.8880
PEMAFC-F,3,period_0943,33.306667,-12.5242,-1.1162,77.8811,67.9790,9.9021
PEMAFC-F,3,period_0943,33.360000,-12.5860,0.1549,77.8961,67.9790,9.9171
PEMAFC-F,3,period_0943,33.400000,-12.6172,-0.7447,77.8996,67.9790,9.9205
PEMAFC-F,3,period_0943,33.453333,-12.6469,0.5309,77.9060,67.9790,9.9270
PEMAFC-F,3,period_0943,33.506667,-12.6668,0.8878,77.9130,67.9790,9.9339
PEMAFC-F,3,period_0943,33.560000,-12.6833,0.6435,77.9174,67.9790,9.9384
PEMAFC-F,3,period_0943,33.600000,-12.6934,1.8166,77.9224,67.9790,9.9433
PEMAFC-F,3,period_0943,33.653333,-12.7067,1.3564,77.9269,67.9790,9.9479
PEMAFC-F,3,period_0943,33.706667,-12.7177,1.5599,77.9327,67.9790,9.9536
PEMAFC-F,3,period_0943,33.760000,-12.7255,1.5718,77.9340,67.9790,9.9550
PEMAFC-F,3,period_0943,33.800000,-12.7315,1.2120,77.9371,67.9790,9.9581
PEMAFC-F,3,period_0943,33.853333,-12.7371,1.1638,77.9389,67.9790,9.9598
PEMAFC-F,3,period_0943,33.906667,-12.7424,1.7804,77.9430,67.9790,9.9640
PEMAFC-F,3,period_0943,33.960000,-12.7472,1.9886,77.9478,67.9790,9.9687
PEMAFC-F,3,period_0943,34.000000,-12.7504,2.1252,77.9494,67.9790,9.9704
PEMAFC-F,3,period_0943,34.053333,-12.8325,-0.0984,77.9537,67.9790,9.9746
PEMAFC-F,3,period_0943,34.106667,-13.5043,5.2541,77.9813,67.9790,10.0023
PEMAFC-F,3,period_0943,34.160000,-13.6134,5.7526,77.9911,67.9790,10.0120
PEMAFC-F,3,period_0943,34.200000,-13.7630,8.5210,78.0065,67.9790,10.0274
PEMAFC-F,3,period_0943,34.253333,-13.1514,9.3626,77.9935,67.9790,10.0144
PEMAFC-F,3,period_0943,34.306667,-13.0658,9.3926,78.0140,67.9790,10.0349
PEMAFC-F,3,period_0943,34.360000,-13.3032,4.3947,77.5892,67.9790,9.6102
PEMAFC-F,3,period_0943,34.400000,-12.6074,3.9157,74.6649,67.9790,6.6858
PEMAFC-F,3,period_0943,34.453333,-12.5562,7.0562,77.9561,67.9790,9.9771
PEMAFC-F,3,period_0943,34.506667,-12.8331,11.6099,78.1788,67.9790,10.1997
PEMAFC-F,3,period_0943,34.560000,-12.6599,9.2051,78.2756,67.9790,10.2965
PEMAFC-F,3,period_0943,34.600000,-12.4922,7.0912,78.3993,67.9790,10.4203
PEMAFC-F,3,period_0943,34.653333,-12.5794,8.7800,78.4236,67.9790,10.4445
PEMAFC-F,3,period_0943,34.706667,-13.8374,0.4548,78.4872,67.9790,10.5081
PEMAFC-F,3,period_0943,34.760000,-14.5342,4.6986,78.5397,67.9790,10.5607
PEMAFC-F,3,period_0943,34.800000,-14.3177,6.0316,78.5356,67.9790,10.5566
PEMAFC-F,3,period_0943,34.853333,-14.9433,3.0027,79.7845,67.9790,11.8054
PEMAFC-F,3,period_0943,34.906667,-15.6860,13.1742,80.2342,67.9790,12.2551
PEMAFC-F,3,period_0943,34.960000,-16.2940,15.8275,80.9060,67.9790,12.9270
PEMAFC-F,3,period_0943,35.000000,-16.7316,15.4293,81.8059,67.9790,13.8269
PEMAFC-F,3,period_0943,35.053333,-17.2079,13.4748,82.5985,67.9790,14.6194
PEMAFC-F,3,period_0943,35.106667,-17.6198,2.6831,82.7528,67.9790,14.7738
PEMAFC-F,3,period_0943,35.160000,-17.8242,1.4069,82.7972,67.9790,14.8182
PEMAFC-F,3,period_0943,35.200000,-17.9491,1.1168,82.8157,67.9790,14.8367
PEMAFC-F,3,period_0943,35.253333,-18.0286,2.3391,82.8254,67.9790,14.8463
PEMAFC-F,3,period_0943,35.306667,-18.0825,2.4073,82.8320,67.9790,14.8530
PEMAFC-F,3,period_0943,35.360000,-18.1263,2.3990,82.8455,67.9790,14.8665
PEMAFC-F,3,period_0943,35.400000,-18.1447,4.3094,82.8497,67.9790,14.8706
PEMAFC-F,3,period_0943,35.453333,-18.1644,4.3720,82.8602,67.9790,14.8811
PEMAFC-F,3,period_0943,35.506667,-18.1810,3.6567,82.8662,67.9790,14.8872
PEMAFC-F,3,period_0943,35.560000,-18.1932,4.2725,82.8695,67.9790,14.8905
PEMAFC-F,3,period_0943,35.600000,-18.2026,3.4982,82.8754,67.9790,14.8963
PEMAFC-F,3,period_0943,35.653333,-18.2105,4.6477,82.8797,67.9790,14.9007
PEMAFC-F,3,period_0943,35.706667,-18.2179,4.0450,82.8880,67.9790,14.9089
PEMAFC-F,3,period_0943,35.760000,-18.2280,3.4522,82.8939,67.9790,14.9149
PEMAFC-F,3,period_0943,35.800000,-18.2327,4.7316,82.8970,67.9790,14.9179
PEMAFC-F,3,period_0943,35.853333,-18.3969,13.6335,82.9883,67.9790,15.0092
PEMAFC-F,3,period_0943,35.906667,-18.7724,8.6122,83.0200,67.9790,15.0409
PEMAFC-F,3,period_0943,35.960000,-18.4099,7.1974,83.0651,67.9790,15.0860
PEMAFC-F,3,period_0943,36.000000,-18.4443,8.6365,83.1105,67.9790,15.1314
PEMAFC-F,3,period_0943,36.053333,-14.9908,4.9678,80.5273,67.9790,12.5483
PEMAFC-F,3,period_0943,36.106667,-16.3667,4.2696,81.4334,67.9790,13.4544
PEMAFC-F,3,period_0943,36.160000,-17.0645,1.5920,79.7591,67.9790,11.7800
PEMAFC-F,3,period_0943,36.200000,-17.4571,0.4904,81.6059,67.9790,13.6269
PEMAFC-F,3,period_0943,36.253333,-17.6422,13.9458,81.6991,67.9790,13.7200
PEMAFC-F,3,period_0943,36.306667,-18.6566,4.6779,82.3601,67.9790,14.3811
PEMAFC-F,3,period_0943,36.360000,-17.3043,4.2739,81.5917,67.9790,13.6127
PEMAFC-F,3,period_0943,36.400000,-14.9952,7.5514,74.2441,67.9790,6.2651
PEMAFC-F,3,period_0943,36.453333,-14.8883,7.1521,73.7833,67.9790,5.8042
PEMAFC-F,3,period_0943,36.506667,-14.3820,8.6529,72.9779,67.9790,4.9989
PEMAFC-F,3,period_0943,36.560000,-16.6445,3.7357,78.5102,67.9790,10.5311
PEMAFC-F,3,period_0943,36.600000,-14.9338,14.6084,73.5737,67.9790,5.5946
PEMAFC-F,3,period_0943,36.653333,-15.1930,15.8010,74.2433,67.9790,6.2643
PEMAFC-F,3,period_0943,36.706667,-15.1798,14.8513,74.1375,67.9790,6.1584
PEMAFC-F,3,period_0943,36.760000,-15.5535,11.9805,75.2063,67.9790,7.2273
PEMAFC-F,3,period_0943,36.800000,-14.6499,10.1655,74.7278,67.9790,6.7488
PEMAFC-F,3,period_0943,36.853333,-14.6303,3.7649,85.4176,67.9790,17.4386
PEMAFC-F,3,period_0943,36.906667,-15.8418,5.0441,81.6083,67.9790,13.6292
PEMAFC-F,3,period_0943,36.960000,-15.8519,5.7828,79.7364,67.9790,11.7573
PEMAFC-F,3,period_0943,37.000000,-14.1858,6.4966,73.3929,67.9790,5.4139
PEMAFC-F,3,period_0943,37.053333,-14.1543,3.5463,73.1425,67.9790,5.1635
PEMAFC-F,3,period_0943,37.106667,-14.2202,13.7347,73.1628,67.9790,5.1838
PEMAFC-F,3,period_0943,37.160000,-14.3790,15.4831,73.2605,67.9790,5.2814
PEMAFC-F,3,period_0943,37.200000,-15.4311,3.1330,75.0710,67.9790,7.0920
PEMAFC-F,3,period_0943,37.253333,-15.7282,3.6970,75.9177,67.9790,7.9387
PEMAFC-F,3,period_0943,37.306667,-15.8364,6.2170,76.8459,67.9790,8.8668
PEMAFC-F,3,period_0943,37.360000,-15.6472,8.5286,76.5281,67.9790,8.5491
PEMAFC-F,3,period_0943,37.400000,-15.3911,12.2490,75.6746,67.9790,7.6956
PEMAFC-F,3,period_0943,37.453333,-16.1136,8.5704,86.1541,67.9790,18.1750
PEMAFC-F,3,period_0943,37.506667,-16.7729,5.5396,77.7326,67.9790,9.7536
PEMAFC-F,3,period_0943,37.560000,-16.4413,5.4209,76.1925,67.9790,8.2134
PEMAFC-F,3,period_0943,37.600000,-15.2800,5.4776,75.0560,67.9790,7.0770
PEMAFC-F,3,period_0943,37.653333,-14.5893,5.9771,81.1236,67.9790,13.1446
PEMAFC-F,3,period_0943,37.706667,-15.7679,8.2471,79.9344,67.9790,11.9554
PEMAFC-F,3,period_0943,37.760000,-16.9022,8.6578,81.4009,67.9790,13.4219
PEMAFC-F,3,period_0943,37.800000,-17.2387,5.5478,78.8765,67.9790,10.8975
PEMAFC-F,3,period_0943,37.853333,-16.0336,9.4260,74.9774,67.9790,6.9984
PEMAFC-F,3,period_0943,37.906667,-15.8715,14.5805,74.5853,67.9790,6.6063
PEMAFC-F,3,period_0943,37.960000,-15.0732,14.4548,73.1949,67.9790,5.2159
PEMAFC-F,3,period_0943,38.000000,-14.8425,12.3796,72.7470,67.9790,4.7680
PEMAFC-F,3,period_0943,38.053333,-13.5682,13.4054,70.9005,67.9790,2.9215
PEMAFC-F,3,period_0943,38.106667,-12.7721,2.2375,75.4094,67.9790,7.4304
PEMAFC-F,3,period_0943,38.160000,-15.7156,1.0552,81.2863,67.9790,13.3073
PEMAFC-F,3,period_0943,38.200000,-16.4425,9.7205,78.1222,67.9790,10.1432
PEMAFC-F,3,period_0943,38.253333,-15.7549,9.4771,76.2695,67.9790,8.2905
PEMAFC-F,3,period_0943,38.306667,-15.1342,12.4172,75.9613,67.9790,7.9822
PEMAFC-F,3,period_0943,38.360000,-14.6491,11.4877,75.1140,67.9790,7.1349
PEMAFC-F,3,period_0943,38.400000,-14.4074,9.0921,74.1475,67.9790,6.1685
PEMAFC-F,3,period_0943,38.453333,-14.8110,6.8488,75.8978,67.9790,7.9187
PEMAFC-F,3,period_0943,38.506667,-15.4554,6.3255,78.7324,67.9790,10.7533
PEMAFC-F,3,period_0943,38.560000,-15.7093,10.6286,77.3267,67.9790,9.3476
PEMAFC-F,3,period_0943,38.600000,-15.5156,11.1280,75.8091,67.9790,7.8300
PEMAFC-F,3,period_0943,38.653333,-15.2361,13.1867,75.4831,67.9790,7.5041
PEMAFC-F,3,period_0943,38.706667,-15.2637,9.5565,77.6078,67.9790,9.6288
PEMAFC-F,3,period_0943,38.760000,-15.5326,6.3680,81.1205,67.9790,13.1415
PEMAFC-F,3,period_0943,38.800000,-14.7443,8.7427,74.8946,67.9790,6.9156
PEMAFC-F,3,period_0943,38.853333,-14.1469,11.3898,72.8094,67.9790,4.8303
PEMAFC-F,3,period_0943,38.906667,-10.5503,15.6184,69.2627,67.9790,1.2836
PEMAFC-F,3,period_0943,38.960000,-10.5921,4.7581,69.4323,67.9790,1.4532
PEMAFC-F,3,period_0943,39.000000,-11.6273,-8.0647,71.5849,67.9790,3.6059
PEMAFC-F,3,period_0943,39.053333,-12.4799,-3.8730,73.2610,67.9790,5.2820
PEMAFC-F,3,period_0943,39.106667,-12.8408,-5.0665,74.3380,67.9790,6.3590
PEMAFC-F,3,period_0943,39.160000,-13.0988,-3.4248,75.2385,67.9790,7.2594
PEMAFC-F,3,period_0943,39.200000,-13.2465,-1.2273,75.7219,67.9790,7.7429
PEMAFC-F,3,period_0943,39.253333,-13.4186,-2.2104,76.3461,67.9790,8.3671
PEMAFC-F,3,period_0943,39.306667,-13.5255,-2.6533,76.7626,67.9790,8.7836
PEMAFC-F,3,period_0943,39.360000,-13.5970,-1.7154,77.0894,67.9790,9.1103
PEMAFC-F,3,period_0943,39.400000,-13.6425,-0.6731,77.3223,67.9790,9.3433
PEMAFC-F,3,period_0943,39.453333,-13.6998,1.0040,77.5798,67.9790,9.6007
PEMAFC-F,3,period_0943,39.506667,-13.7646,-0.2715,77.8709,67.9790,9.8918
PEMAFC-F,3,period_0943,39.560000,-13.8295,2.2218,78.1652,67.9790,10.1862
PEMAFC-F,3,period_0943,39.600000,-13.8909,1.3812,78.5106,67.9790,10.5316
PEMAFC-F,3,period_0943,39.653333,-13.9803,1.4876,78.9903,67.9790,11.0113
PEMAFC-F,3,period_0943,39.706667,-14.0599,2.3931,79.4496,67.9790,11.4706
PEMAFC-F,3,period_0943,39.760000,-14.1270,0.7807,79.8588,67.9790,11.8797
PEMAFC-F,3,period_0943,39.800000,-14.1605,0.6240,80.0458,67.9790,12.0667
PEMAFC-F,3,period_0943,39.853333,-14.1945,0.0692,80.2498,67.9790,12.2707
PEMAFC-F,3,period_0943,39.906667,-14.2296,-0.2678,80.4983,67.9790,12.5193
PEMAFC-F,3,period_0943,39.960000,-16.0782,-1.1451,78.1711,67.9790,10.1921
PEMAFC-F,3,period_0943,40.000000,-14.3900,3.2138,77.3289,67.9790,9.3499
PEMAFC-A,0,period_0707,0.013333,-0.0617,0.3160,85.5223,85.1794,0.3429
PEMAFC-A,0,period_0707,0.053333,-0.2752,0.7432,85.7207,85.1794,0.5413
PEMAFC-A,0,period_0707,0.106667,-0.4764,1.7251,85.7263,85.1794,0.5469
PEMAFC-A,0,period_0707,0.160000,-0.5844,2.4852,85.7283,85.1794,0.5489
PEMAFC-A,0,period_0707,0.200000,-0.6268,4.2520,85.7288,85.1794,0.5494
PEMAFC-A,0,period_0707,0.253333,-0.6583,3.9443,85.7291,85.1794,0.5497
PEMAFC-A,0,period_0707,0.306667,-0.6821,4.3214,85.7313,85.1794,0.5520
PEMAFC-A,0,period_0707,0.360000,-0.6901,5.3105,85.7302,85.1794,0.5509
PEMAFC-A,0,period_0707,0.400000,-0.6764,5.1572,85.7340,85.1794,0.5546
PEMAFC-A,0,period_0707,0.453333,-0.6604,6.9237,85.7377,85.1794,0.5583
PEMAFC-A,0,period_0707,0.506667,-0.6569,5.9476,85.7427,85.1794,0.5633
PEMAFC-A,0,period_0707,0.560000,-0.6334,6.1448,85.7443,85.1794,0.5649
PEMAFC-A,0,period_0707,0.600000,-0.6200,6.9866,85.7445,85.1794,0.5652
PEMAFC-A,0,period_0707,0.653333,-0.6087,6.3083,85.7559,85.1794,0.5765
PEMAFC-A,0,period_0707,0.706667,-0.5683,8.0364,85.7624,85.1794,0.5830
PEMAFC-A,0,period_0707,0.760000,-0.5468,8.1572,85.7693,85.1794,0.5899
PEMAFC-A,0,period_0707,0.800000,-0.5824,6.5530,85.8005,85.1794,0.6211
PEMAFC-A,0,period_0707,0.853333,-0.7647,2.1063,85.7845,85.1794,0.6051
PEMAFC-A,0,period_0707,0.906667,-1.5644,1.5094,86.3759,85.1794,1.1966
PEMAFC-A,0,period_0707,0.960000,-1.5469,3.9814,86.4392,85.1794,1.2599
PEMAFC-A,0,period_0707,1.000000,0.0439,4.4095,81.6062,85.1794,-3.5732
PEMAFC-A,0,period_0707,1.053333,0.9174,7.6702,79.1068,85.1794,-6.0726
PEMAFC-A,0,period_0707,1.106667,0.6594,12.9568,81.4287,85.1794,-3.7506
PEMAFC-A,0,period_0707,1.160000,-1.1682,7.6335,86.4939,85.1794,1.3145
PEMAFC-A,0,period_0707,1.200000,-0.6449,12.3249,85.4048,85.1794,0.2254
PEMAFC-A,0,period_0707,1.253333,2.1596,8.0024,78.3474,85.1794,-6.8320
PEMAFC-A,0,period_0707,1.306667,9.1436,10.2526,69.5355,85.1794,-15.6439
PEMAFC-A,0,period_0707,1.360000,2.8823,-1.9548,78.7012,85.1794,-6.4782
PEMAFC-A,0,period_0707,1.400000,1.7774,2.6470,80.6108,85.1794,-4.5685
PEMAFC-A,0,period_0707,1.453333,0.9922,2.9942,82.9660,85.1794,-2.2134
PEMAFC-A,0,period_0707,1.506667,0.5213,5.0883,84.4524,85.1794,-0.7269
PEMAFC-A,0,period_0707,1.560000,0.4619,5.5071,83.7183,85.1794,-1.4611
PEMAFC-A,0,period_0707,1.600000,0.4049,7.7413,83.8324,85.1794,-1.3469
PEMAFC-A,0,period_0707,1.653333,0.3325,7.2507,84.0276,85.1794,-1.1518
PEMAFC-A,0,period_0707,1.706667,0.2544,6.5632,84.1041,85.1794,-1.0752
PEMAFC-A,0,period_0707,1.760000,0.1289,6.8450,84.7350,85.1794,-0.4444
PEMAFC-A,0,period_0707,1.800000,0.0617,5.8580,84.9983,85.1794,-0.1811
PEMAFC-A,0,period_0707,1.853333,0.0499,6.4922,84.6936,85.1794,-0.4858
PEMAFC-A,0,period_0707,1.906667,-0.0635,5.5212,85.2843,85.1794,0.1049
PEMAFC-A,0,period_0707,1.960000,-0.0974,7.4760,85.7254,85.1794,0.5460
PEMAFC-A,0,period_0707,2.000000,-0.1067,7.0435,85.3714,85.1794,0.1920
PEMAFC-A,0,period_0707,2.053333,-0.1434,6.6795,85.3811,85.1794,0.2017
PEMAFC-A,0,period_0707,2.106667,-0.1690,6.6983,85.6427,85.1794,0.4633
PEMAFC-A,0,period_0707,2.160000,-0.1801,8.4456,85.5166,85.1794,0.3373
PEMAFC-A,0,period_0707,2.200000,-0.2265,4.7809,85.7184,85.1794,0.5390
PEMAFC-A,0,period_0707,2.253333,-0.2422,6.5919,85.6108,85.1794,0.4314
PEMAFC-A,0,period_0707,2.306667,-0.3037,5.9612,85.8427,85.1794,0.6633
PEMAFC-A,0,period_0707,2.360000,-0.3195,6.7377,85.8399,85.1794,0.6605
PEMAFC-A,0,period_0707,2.400000,-0.3200,8.9046,85.8637,85.1794,0.6843
PEMAFC-A,0,period_0707,2.453333,-0.3677,7.1125,86.0727,85.1794,0.8933
PEMAFC-A,0,period_0707,2.506667,-0.4358,5.3295,86.0814,85.1794,0.9020
PEMAFC-A,0,period_0707,2.560000,-0.5925,8.0884,86.0561,85.1794,0.8768
PEMAFC-A,0,period_0707,2.600000,-0.1143,14.7424,86.0712,85.1794,0.8918
PEMAFC-A,0,period_0707,2.653333,0.1619,8.4830,81.0176,85.1794,-4.1618
PEMAFC-A,0,period_0707,2.706667,1.1574,12.3913,78.1941,85.1794,-6.9852
PEMAFC-A,0,period_0707,2.760000,1.2401,10.5558,79.3480,85.1794,-5.8313
PEMAFC-A,0,period_0707,2.800000,-0.0127,4.6075,85.0474,85.1794,-0.1320
PEMAFC-A,0,period_0707,2.853333,-0.3520,2.4207,84.8084,85.1794,-0.3710
PEMAFC-A,0,period_0707,2.906667,-1.4076,3.7376,86.2539,85.1794,1.0745
PEMAFC-A,0,period_0707,2.960000,0.5068,2.6800,83.4427,85.1794,-1.7367
PEMAFC-A,0,period_0707,3.000000,0.6801,1.5379,80.0793,85.1794,-5.1000
PEMAFC-A,0,period_0707,3.053333,0.0068,2.2086,80.3763,85.1794,-4.8031
PEMAFC-A,0,period_0707,3.106667,-0.5246,4.4096,80.5613,85.1794,-4.6181
PEMAFC-A,0,period_0707,3.160000,-1.0847,3.8463,81.1402,85.1794,-4.0391
PEMAFC-A,0,period_0707,3.200000,-1.6481,1.7008,81.7878,85.1794,-3.3916
PEMAFC-A,0,period_0707,3.253333,-2.9436,3.5137,86.2523,85.1794,1.0729
PEMAFC-A,0,period_0707,3.306667,-3.1235,6.5905,86.6346,85.1794,1.4552
PEMAFC-A,0,period_0707,3.360000,-3.1016,7.4549,85.8747,85.1794,0.6954
PEMAFC-A,0,period_0707,3.400000,-3.1545,7.0647,85.7389,85.1794,0.5595
PEMAFC-A,0,period_0707,3.453333,-3.2371,8.8742,85.5907,85.1794,0.4114
PEMAFC-A,0,period_0707,3.506667,-3.2266,8.2203,85.5825,85.1794,0.4031
PEMAFC-A,0,period_0707,3.560000,-3.3628,7.0290,85.3833,85.1794,0.2039
PEMAFC-A,0,period_0707,3.600000,-3.5041,9.3736,85.9070,85.1794,0.7277
PEMAFC-A,0,period_0707,3.653333,-3.5009,7.5387,85.7844,85.1794,0.6050
PEMAFC-A,0,period_0707,3.706667,-3.7062,6.7300,86.6235,85.1794,1.4441
PEMAFC-A,0,period_0707,3.760000,-3.7091,7.2669,87.0126,85.1794,1.8332
PEMAFC-A,0,period_0707,3.800000,-3.7462,7.4237,86.8832,85.1794,1.7039
PEMAFC-A,0,period_0707,3.853333,-3.9031,5.0656,87.4278,85.1794,2.2484
PEMAFC-A,0,period_0707,3.906667,-3.9046,7.4536,87.5194,85.1794,2.3400
PEMAFC-A,0,period_0707,3.960000,-3.9086,7.2353,87.2673,85.1794,2.0879
PEMAFC-A,0,period_0707,4.000000,-4.0476,6.1070,87.8031,85.1794,2.6237
PEMAFC-A,0,period_0707,4.053333,-4.0258,11.4471,88.9698,85.1794,3.7905
PEMAFC-A,0,period_0707,4.106667,-4.5849,7.7378,88.9904,85.1794,3.8110
PEMAFC-A,0,period_0707,4.160000,-1.2317,6.8959,81.2042,85.1794,-3.9752
PEMAFC-A,0,period_0707,4.200000,-1.3442,7.1277,81.4194,85.1794,-3.7600
PEMAFC-A,0,period_0707,4.253333,-0.6250,8.4202,79.1253,85.1794,-6.0541
PEMAFC-A,0,period_0707,4.306667,-0.5491,10.0197,78.7231,85.1794,-6.4563
PEMAFC-A,0,period_0707,4.360000,-1.1887,7.4462,82.2840,85.1794,-2.8954
PEMAFC-A,0,period_0707,4.400000,-3.9293,6.3763,85.7900,85.1794,0.6107
PEMAFC-A,0,period_0707,4.453333,-2.8638,11.4667,86.2494,85.1794,1.0700
PEMAFC-A,0,period_0707,4.506667,-2.5301,16.2053,84.8347,85.1794,-0.3447
PEMAFC-A,0,period_0707,4.560000,-2.4318,11.2113,82.4650,85.1794,-2.7143
PEMAFC-A,0,period_0707,4.600000,-1.9226,7.4755,81.2477,85.1794,-3.9316
PEMAFC-A,0,period_0707,4.653333,-1.0862,9.5766,80.1884,85.1794,-4.9909
PEMAFC-A,0,period_0707,4.706667,-2.8408,0.0189,85.3603,85.1794,0.1810
PEMAFC-A,0,period_0707,4.760000,-4.3414,4.4616,91.0423,85.1794,5.8630
PEMAFC-A,0,period_0707,4.800000,-3.7749,5.7856,92.4502,85.1794,7.2708
PEMAFC-A,0,period_0707,4.853333,-3.1785,1.9934,88.6413,85.1794,3.4619
PEMAFC-A,0,period_0707,4.906667,-3.5768,4.8683,88.4882,85.1794,3.3089
PEMAFC-A,0,period_0707,4.960000,-3.9235,5.3635,89.0059,85.1794,3.8265
PEMAFC-A,0,period_0707,5.000000,-4.1079,6.1360,89.2794,85.1794,4.1001
PEMAFC-A,0,period_0707,5.053333,-4.6045,4.3684,90.0233,85.1794,4.8439
PEMAFC-A,0,period_0707,5.106667,-4.7872,4.8966,90.1403,85.1794,4.9609
PEMAFC-A,0,period_0707,5.160000,-4.6991,8.2378,91.4403,85.1794,6.2609
PEMAFC-A,0,period_0707,5.200000,-4.5716,9.5983,90.4291,85.1794,5.2498
PEMAFC-A,0,period_0707,5.253333,-4.6694,9.4474,89.4009,85.1794,4.2215
PEMAFC-A,0,period_0707,5.306667,-4.4762,7.0490,87.8212,85.1794,2.6418
PEMAFC-A,0,period_0707,5.360000,-4.2111,9.1311,85.7877,85.1794,0.6083
PEMAFC-A,0,period_0707,5.400000,-4.6727,4.8751,87.9793,85.1794,2.8000
PEMAFC-A,0,period_0707,5.453333,-4.7283,7.3127,88.0801,85.1794,2.9008
PEMAFC-A,0,period_0707,5.506667,-4.8714,9.7339,88.4879,85.1794,3.3086
PEMAFC-A,0,period_0707,5.560000,-4.9080,9.0427,88.6301,85.1794,3.4507
PEMAFC-A,0,period_0707,5.600000,-4.7812,10.4054,87.6203,85.1794,2.4410
PEMAFC-A,0,period_0707,5.653333,-4.9866,7.4808,88.7634,85.1794,3.5840
PEMAFC-A,0,period_0707,5.706667,-4.8713,9.2670,88.6257,85.1794,3.4464
PEMAFC-A,0,period_0707,5.760000,-4.8874,8.0225,87.7565,85.1794,2.5771
PEMAFC-A,0,period_0707,5.800000,-5.0362,6.4946,88.6096,85.1794,3.4302
PEMAFC-A,0,period_0707,5.853333,-5.5572,6.7486,88.4748,85.1794,3.2955
PEMAFC-A,0,period_0707,5.906667,-4.5401,4.8666,90.4822,85.1794,5.3028
PEMAFC-A,0,period_0707,5.960000,-2.9571,7.5969,87.1660,85.1794,1.9866
PEMAFC-A,0,period_0707,6.000000,-2.9012,6.0537,85.4214,85.1794,0.2421
PEMAFC-A,0,period_0707,6.053333,1.3969,5.7290,76.4502,85.1794,-8.7291
PEMAFC-A,0,period_0707,6.106667,2.3195,4.9485,74.1182,85.1794,-11.0612
PEMAFC-A,0,period_0707,6.160000,2.7514,5.9465,74.7593,85.1794,-10.4201
PEMAFC-A,0,period_0707,6.200000,1.1160,2.5913,76.2722,85.1794,-8.9071
PEMAFC-A,0,period_0707,6.253333,-0.5946,-0.0693,79.5998,85.1794,-5.5796
PEMAFC-A,0,period_0707,6.306667,-4.9935,1.4093,86.2469,85.1794,1.0675
PEMAFC-A,0,period_0707,6.360000,-2.6538,4.0497,80.8065,85.1794,-4.3729
PEMAFC-A,0,period_0707,6.400000,-1.1108,9.5974,78.8048,85.1794,-6.3746
PEMAFC-A,0,period_0707,6.453333,-1.0489,9.4131,78.2121,85.1794,-6.9672
PEMAFC-A,0,period_0707,6.506667,0.3305,9.5777,80.8482,85.1794,-4.3311
PEMAFC-A,0,period_0707,6.560000,-4.3905,5.2579,87.4075,85.1794,2.2282
PEMAFC-A,0,period_0707,6.600000,-2.7839,16.3938,84.5290,85.1794,-0.6503
PEMAFC-A,0,period_0707,6.653333,-3.7257,15.8400,90.2202,85.1794,5.0408
PEMAFC-A,0,period_0707,6.706667,-3.7459,12.6753,87.0273,85.1794,1.8479
PEMAFC-A,0,period_0707,6.760000,-4.6616,8.8950,87.1213,85.1794,1.9419
PEMAFC-A,0,period_0707,6.800000,-4.6211,10.1484,86.9220,85.1794,1.7426
PEMAFC-A,0,period_0707,6.853333,-2.5888,3.4791,80.6762,85.1794,-4.5031
PEMAFC-A,0,period_0707,6.906667,-4.1973,5.7466,82.4640,85.1794,-2.7154
PEMAFC-A,0,period_0707,6.960000,-3.1472,7.8024,82.4269,85.1794,-2.7525
PEMAFC-A,0,period_0707,7.000000,-0.7503,7.6998,82.0448,85.1794,-3.1346
PEMAFC-A,0,period_0707,7.053333,-1.2107,1.8229,78.6586,85.1794,-6.5208
PEMAFC-A,0,period_0707,7.106667,-1.5397,4.5193,79.0473,85.1794,-6.1321
PEMAFC-A,0,period_0707,7.160000,-1.6458,6.8931,79.2759,85.1794,-5.9035
PEMAFC-A,0,period_0707,7.200000,-4.0152,1.5756,82.6239,85.1794,-2.5555
PEMAFC-A,0,period_0707,7.253333,-5.2054,3.0890,84.5039,85.1794,-0.6754
PEMAFC-A,0,period_0707,7.306667,-5.0816,7.7303,83.6344,85.1794,-1.5450
PEMAFC-A,0,period_0707,7.360000,-4.7551,8.9836,82.8765,85.1794,-2.3029
PEMAFC-A,0,period_0707,7.400000,-4.0448,10.5536,82.8634,85.1794,-2.3160
PEMAFC-A,0,period_0707,7.453333,-3.5159,5.2827,82.0900,85.1794,-3.0893
PEMAFC-A,0,period_0707,7.506667,-3.9088,7.5516,81.3395,85.1794,-3.8398
PEMAFC-A,0,period_0707,7.560000,-2.8692,7.4801,81.0055,85.1794,-4.1738
PEMAFC-A,0,period_0707,7.600000,-2.6731,3.2559,82.2404,85.1794,-2.9390
PEMAFC-A,0,period_0707,7.653333,-2.1023,9.0695,84.5438,85.1794,-0.6356
PEMAFC-A,0,period_0707,7.706667,-2.6289,12.9582,82.8145,85.1794,-2.3649
PEMAFC-A,0,period_0707,7.760000,-2.9341,11.2211,82.3588,85.1794,-2.8206
PEMAFC-A,0,period_0707,7.800000,-2.9139,7.9098,81.9749,85.1794,-3.2044
PEMAFC-A,0,period_0707,7.853333,-2.7008,13.2619,82.0024,85.1794,-3.1770
PEMAFC-A,0,period_0707,7.906667,-3.3084,15.2514,81.9490,85.1794,-3.2304
PEMAFC-A,0,period_0707,7.960000,-2.4707,13.7250,81.4391,85.1794,-3.7402
PEMAFC-A,0,period_0707,8.000000,-1.0933,13.4284,81.3020,85.1794,-3.8774
PEMAFC-A,0,period_0707,8.053333,0.0199,13.8727,80.9823,85.1794,-4.1970
PEMAFC-A,0,period_0707,8.106667,4.7327,1.8749,71.3791,85.1794,-13.8003
PEMAFC-A,0,period_0707,8.160000,-0.7269,4.8854,75.6915,85.1794,-9.4879
PEMAFC-A,0,period_0707,8.200000,-1.3663,11.3130,75.7393,85.1794,-9.4401
PEMAFC-A,0,period_0707,8.253333,-1.9893,13.6917,76.1353,85.1794,-9.0440
PEMAFC-A,0,period_0707,8.306667,-2.5597,14.4457,76.2365,85.1794,-8.9428
PEMAFC-A,0,period_0707,8.360000,-2.0431,15.6479,76.1999,85.1794,-8.9795
PEMAFC-A,0,period_0707,8.400000,-1.9733,11.4615,76.4279,85.1794,-8.7514
PEMAFC-A,0,period_0707,8.453333,-2.6989,5.6133,76.4556,85.1794,-8.7237
PEMAFC-A,0,period_0707,8.506667,-2.9538,12.5399,77.1460,85.1794,-8.0334
PEMAFC-A,0,period_0707,8.560000,-2.9716,13.3728,77.3241,85.1794,-7.8552
PEMAFC-A,0,period_0707,8.600000,-2.3693,13.4746,77.2743,85.1794,-7.9051
PEMAFC-A,0,period_0707,8.653333,-3.1927,12.9449,77.4739,85.1794,-7.7055
PEMAFC-A,0,period_0707,8.706667,-3.1500,10.6102,77.1361,85.1794,-8.0433
PEMAFC-A,0,period_0707,8.760000,-2.5758,12.4473,77.1082,85.1794,-8.0712
PEMAFC-A,0,period_0707,8.800000,-2.5460,11.7174,76.8076,85.1794,-8.3718
PEMAFC-A,0,period_0707,8.853333,-0.2116,15.7122,76.8755,85.1794,-8.3039
PEMAFC-A,0,period_0707,8.906667,5.6026,16.5328,72.3169,85.1794,-12.8625
PEMAFC-A,0,period_0707,8.960000,4.1094,8.5133,75.7402,85.1794,-9.4392
PEMAFC-A,0,period_0707,9.000000,-0.5701,2.0814,81.1999,85.1794,-3.9795
PEMAFC-A,0,period_0707,9.053333,-0.8990,3.7016,85.2940,85.1794,0.1146
PEMAFC-A,0,period_0707,9.106667,-3.9097,2.4442,86.5765,85.1794,1.3971
PEMAFC-A,0,period_0707,9.160000,-4.5004,6.7926,87.4023,85.1794,2.2229
PEMAFC-A,0,period_0707,9.200000,-5.0516,6.6028,88.3056,85.1794,3.1262
PEMAFC-A,0,period_0707,9.253333,-5.3925,5.5410,90.2238,85.1794,5.0445
PEMAFC-A,0,period_0707,9.306667,-5.4871,6.9878,90.5187,85.1794,5.3393
PEMAFC-A,0,period_0707,9.360000,-5.8609,5.5762,92.8528,85.1794,7.6734
PEMAFC-A,0,period_0707,9.400000,-6.1240,6.2977,94.0738,85.1794,8.8944
PEMAFC-A,0,period_0707,9.453333,-6.2030,7.0067,93.2309,85.1794,8.0515
PEMAFC-A,0,period_0707,9.506667,-6.1036,6.7017,94.7328,85.1794,9.5534
PEMAFC-A,0,period_0707,9.560000,-6.1395,7.3952,94.5847,85.1794,9.4054
PEMAFC-A,0,period_0707,9.600000,-6.4179,7.3781,93.1850,85.1794,8.0056
PEMAFC-A,0,period_0707,9.653333,-6.6159,5.7356,93.8528,85.1794,8.6734
PEMAFC-A,0,period_0707,9.706667,-6.5652,5.9605,91.4791,85.1794,6.2998
PEMAFC-A,0,period_0707,9.760000,-6.4950,7.2632,90.1505,85.1794,4.9711
PEMAFC-A,0,period_0707,9.800000,-5.8117,8.4607,90.5296,85.1794,5.3502
PEMAFC-A,0,period_0707,9.853333,-6.3740,6.3113,91.8660,85.1794,6.6866
PEMAFC-A,0,period_0707,9.906667,-6.2437,8.2768,91.2501,85.1794,6.0707
PEMAFC-A,0,period_0707,9.960000,-8.8939,3.6207,91.7628,85.1794,6.5834
PEMAFC-A,0,period_0707,10.000000,-0.5609,3.3648,83.4136,85.1794,-1.7658
PEMAFC-A,1,period_0856,10.013333,-0.5712,-40.3697,76.8315,75.6790,1.1525
PEMAFC-A,1,period_0856,10.053333,-0.6407,1.8016,76.8554,75.6790,1.1763
PEMAFC-A,1,period_0856,10.106667,-0.7137,2.6236,76.8990,75.6790,1.2200
PEMAFC-A,1,period_0856,10.160000,-0.7579,4.7279,76.9151,75.6790,1.2361
PEMAFC-A,1,period_0856,10.200000,-0.7814,5.3983,76.9295,75.6790,1.2505
PEMAFC-A,1,period_0856,10.253333,-0.8132,5.3792,76.9536,75.6790,1.2746
PEMAFC-A,1,period_0856,10.306667,-0.8453,5.1146,76.9933,75.6790,1.3143
PEMAFC-A,1,period_0856,10.360000,-0.8747,4.6265,77.0173,75.6790,1.3383
PEMAFC-A,1,period_0856,10.400000,-0.8905,6.7438,77.0277,75.6790,1.3487
PEMAFC-A,1,period_0856,10.453333,-0.9176,5.8383,77.0421,75.6790,1.3630
PEMAFC-A,1,period_0856,10.506667,-0.9382,5.2143,77.0565,75.6790,1.3775
PEMAFC-A,1,period_0856,10.560000,-0.9590,6.3175,77.0927,75.6790,1.4137
PEMAFC-A,1,period_0856,10.600000,-0.9781,6.1959,77.1219,75.6790,1.4429
PEMAFC-A,1,period_0856,10.653333,-1.0036,6.4527,77.1565,75.6790,1.4774
PEMAFC-A,1,period_0856,10.706667,-1.0350,6.3996,77.1881,75.6790,1.5090
PEMAFC-A,1,period_0856,10.760000,-1.0682,7.1104,77.2682,75.6790,1.5891
PEMAFC-A,1,period_0856,10.800000,-1.4547,1.9954,77.6960,75.6790,2.0170
PEMAFC-A,1,period_0856,10.853333,-1.9662,3.5684,77.9420,75.6790,2.2629
PEMAFC-A,1,period_0856,10.906667,-3.1677,4.4587,79.9872,75.6790,4.3082
PEMAFC-A,1,period_0856,10.960000,-3.4358,10.5019,80.1396,75.6790,4.4606
PEMAFC-A,1,period_0856,11.000000,-3.2634,9.2142,80.1655,75.6790,4.4865
PEMAFC-A,1,period_0856,11.053333,-2.9735,8.1310,78.3705,75.6790,2.6914
PEMAFC-A,1,period_0856,11.106667,-2.8375,14.5957,78.1368,75.6790,2.4578
PEMAFC-A,1,period_0856,11.160000,-3.1379,5.6289,79.9482,75.6790,4.2692
PEMAFC-A,1,period_0856,11.200000,-3.0188,10.3402,79.9118,75.6790,4.2327
PEMAFC-A,1,period_0856,11.253333,-2.2583,9.2373,73.4144,75.6790,-2.2646
PEMAFC-A,1,period_0856,11.306667,-0.7736,12.2437,79.2810,75.6790,3.6020
PEMAFC-A,1,period_0856,11.360000,-2.4915,1.3092,79.9685,75.6790,4.2894
PEMAFC-A,1,period_0856,11.400000,-2.7066,4.0850,80.0947,75.6790,4.4157
PEMAFC-A,1,period_0856,11.453333,-2.8993,5.3209,80.2686,75.6790,4.5896
PEMAFC-A,1,period_0856,11.506667,-3.0841,7.1129,80.4169,75.6790,4.7379
PEMAFC-A,1,period_0856,11.560000,-3.2219,7.5879,80.5186,75.6790,4.8395
PEMAFC-A,1,period_0856,11.600000,-3.2722,8.9129,80.5866,75.6790,4.9076
PEMAFC-A,1,period_0856,11.653333,-3.3423,8.4068,80.6850,75.6790,5.0060
PEMAFC-A,1,period_0856,11.706667,-3.3995,8.9279,80.7852,75.6790,5.1062
PEMAFC-A,1,period_0856,11.760000,-3.4436,9.4990,80.9728,75.6790,5.2938
PEMAFC-A,1,period_0856,11.800000,-3.4687,9.6223,81.0129,75.6790,5.3339
PEMAFC-A,1,period_0856,11.853333,-3.5013,9.1957,81.0508,75.6790,5.3718
PEMAFC-A,1,period_0856,11.906667,-3.5288,8.7069,81.0986,75.6790,5.4196
PEMAFC-A,1,period_0856,11.960000,-3.5466,7.8866,81.1297,75.6790,5.4506
PEMAFC-A,1,period_0856,12.000000,-3.5616,9.9901,81.2055,75.6790,5.5265
PEMAFC-A,1,period_0856,12.053333,-3.5817,9.0919,81.2480,75.6790,5.5689
PEMAFC-A,1,period_0856,12.106667,-3.6021,7.6511,81.2762,75.6790,5.5971
PEMAFC-A,1,period_0856,12.160000,-3.6273,9.1879,81.3044,75.6790,5.6254
PEMAFC-A,1,period_0856,12.200000,-3.6501,5.9534,81.3616,75.6790,5.6826
PEMAFC-A,1,period_0856,12.253333,-3.6697,9.2952,81.3900,75.6790,5.7110
PEMAFC-A,1,period_0856,12.306667,-3.6858,9.1528,81.4120,75.6790,5.7329
PEMAFC-A,1,period_0856,12.360000,-3.6958,8.6055,81.4536,75.6790,5.7746
PEMAFC-A,1,period_0856,12.400000,-3.7064,9.9189,81.4773,75.6790,5.7982
PEMAFC-A,1,period_0856,12.453333,-3.7229,9.8803,81.5255,75.6790,5.8464
PEMAFC-A,1,period_0856,12.506667,-3.7411,7.8568,81.5601,75.6790,5.8810
PEMAFC-A,1,period_0856,12.560000,-3.8624,18.5688,81.4979,75.6790,5.8189
PEMAFC-A,1,period_0856,12.600000,-3.6966,14.1049,81.4306,75.6790,5.7516
PEMAFC-A,1,period_0856,12.653333,-3.7368,11.2369,81.4899,75.6790,5.8108
PEMAFC-A,1,period_0856,12.706667,-3.5932,11.3947,79.7211,75.6790,4.0421
PEMAFC-A,1,period_0856,12.760000,-3.5148,9.9282,79.1322,75.6790,3.4531
PEMAFC-A,1,period_0856,12.800000,-3.6838,3.1904,82.2220,75.6790,6.5430
PEMAFC-A,1,period_0856,12.853333,-3.6756,2.1829,82.3946,75.6790,6.7156
PEMAFC-A,1,period_0856,12.906667,-4.0233,6.1478,82.3249,75.6790,6.6459
PEMAFC-A,1,period_0856,12.960000,-2.6105,6.0522,81.1876,75.6790,5.5085
PEMAFC-A,1,period_0856,13.000000,-2.7438,3.1448,77.8840,75.6790,2.2050
PEMAFC-A,1,period_0856,13.053333,-3.3662,3.1217,78.1500,75.6790,2.4709
PEMAFC-A,1,period_0856,13.106667,-3.9603,3.9173,78.4342,75.6790,2.7552
PEMAFC-A,1,period_0856,13.160000,-4.5863,3.7559,79.2379,75.6790,3.5589
PEMAFC-A,1,period_0856,13.200000,-5.1488,3.5101,79.7656,75.6790,4.0865
PEMAFC-A,1,period_0856,13.253333,-6.3991,3.4000,83.4324,75.6790,7.7534
PEMAFC-A,1,period_0856,13.306667,-6.8154,7.4649,83.5339,75.6790,7.8549
PEMAFC-A,1,period_0856,13.360000,-7.0240,10.2040,83.5264,75.6790,7.8474
PEMAFC-A,1,period_0856,13.400000,-7.1087,9.2839,83.5528,75.6790,7.8738
PEMAFC-A,1,period_0856,13.453333,-7.2293,10.5923,83.6512,75.6790,7.9722
PEMAFC-A,1,period_0856,13.506667,-7.3307,10.7150,83.7031,75.6790,8.0241
PEMAFC-A,1,period_0856,13.560000,-7.4070,9.8928,83.7327,75.6790,8.0537
PEMAFC-A,1,period_0856,13.600000,-7.4918,9.6660,83.7788,75.6790,8.0998
PEMAFC-A,1,period_0856,13.653333,-7.5653,9.3636,83.7872,75.6790,8.1082
PEMAFC-A,1,period_0856,13.706667,-7.6062,8.8821,83.8240,75.6790,8.1450
PEMAFC-A,1,period_0856,13.760000,-7.6520,8.2635,83.8571,75.6790,8.1781
PEMAFC-A,1,period_0856,13.800000,-7.6774,10.3380,83.8835,75.6790,8.2045
PEMAFC-A,1,period_0856,13.853333,-7.7057,8.1085,83.8909,75.6790,8.2119
PEMAFC-A,1,period_0856,13.906667,-7.7257,9.7054,83.9112,75.6790,8.2321
PEMAFC-A,1,period_0856,13.960000,-7.7437,11.1958,83.9199,75.6790,8.2409
PEMAFC-A,1,period_0856,14.000000,-7.7809,7.8805,83.9306,75.6790,8.2516
PEMAFC-A,1,period_0856,14.053333,-7.7560,14.2294,83.9958,75.6790,8.3168
PEMAFC-A,1,period_0856,14.106667,-7.9140,9.9411,84.1490,75.6790,8.4699
PEMAFC-A,1,period_0856,14.160000,-7.9027,8.1480,83.7639,75.6790,8.0848
PEMAFC-A,1,period_0856,14.200000,-8.1303,10.9556,83.2152,75.6790,7.5362
PEMAFC-A,1,period_0856,14.253333,-7.9146,11.0256,82.7454,75.6790,7.0664
PEMAFC-A,1,period_0856,14.306667,-7.7963,11.3799,81.4449,75.6790,5.7658
PEMAFC-A,1,period_0856,14.360000,-8.0640,7.3028,80.0500,75.6790,4.3710
PEMAFC-A,1,period_0856,14.400000,-7.9370,6.0199,78.5541,75.6790,2.8751
PEMAFC-A,1,period_0856,14.453333,-7.8253,8.8360,81.7279,75.6790,6.0488
PEMAFC-A,1,period_0856,14.506667,-7.6986,12.9796,80.5989,75.6790,4.9199
PEMAFC-A,1,period_0856,14.560000,-7.4204,10.2531,80.7522,75.6790,5.0731
PEMAFC-A,1,period_0856,14.600000,-6.9433,10.5796,79.5793,75.6790,3.9002
PEMAFC-A,1,period_0856,14.653333,-6.2743,12.3644,77.9171,75.6790,2.2381
PEMAFC-A,1,period_0856,14.706667,-7.4754,2.8347,85.6970,75.6790,10.0180
PEMAFC-A,1,period_0856,14.760000,-8.9177,7.2756,87.6707,75.6790,11.9917
PEMAFC-A,1,period_0856,14.800000,-8.5431,7.3783,87.6972,75.6790,12.0181
PEMAFC-A,1,period_0856,14.853333,-7.1562,3.7983,82.4483,75.6790,6.7692
PEMAFC-A,1,period_0856,14.906667,-7.6744,6.1615,82.6415,75.6790,6.9625
PEMAFC-A,1,period_0856,14.960000,-8.0080,7.5214,82.9176,75.6790,7.2386
PEMAFC-A,1,period_0856,15.000000,-8.2835,7.4220,83.1019,75.6790,7.4228
PEMAFC-A,1,period_0856,15.053333,-8.8050,7.0764,84.5395,75.6790,8.8605
PEMAFC-A,1,period_0856,15.106667,-10.2069,6.3505,88.1880,75.6790,12.5089
PEMAFC-A,1,period_0856,15.160000,-10.5574,9.1810,88.3260,75.6790,12.6469
PEMAFC-A,1,period_0856,15.200000,-10.6443,10.1801,88.4187,75.6790,12.7396
PEMAFC-A,1,period_0856,15.253333,-10.8781,11.3596,88.5575,75.6790,12.8785
PEMAFC-A,1,period_0856,15.306667,-11.0457,10.0290,88.6089,75.6790,12.9299
PEMAFC-A,1,period_0856,15.360000,-11.1270,11.1196,88.6972,75.6790,13.0182
PEMAFC-A,1,period_0856,15.400000,-11.2274,10.2248,88.7543,75.6790,13.0753
PEMAFC-A,1,period_0856,15.453333,-11.3217,8.2585,88.8223,75.6790,13.1433
PEMAFC-A,1,period_0856,15.506667,-11.3760,10.3409,88.8678,75.6790,13.1888
PEMAFC-A,1,period_0856,15.560000,-11.4352,10.8925,88.9222,75.6790,13.2431
PEMAFC-A,1,period_0856,15.600000,-11.4691,12.8338,88.9531,75.6790,13.2741
PEMAFC-A,1,period_0856,15.653333,-11.4964,10.4227,89.0084,75.6790,13.3293
PEMAFC-A,1,period_0856,15.706667,-11.5368,10.9164,89.0353,75.6790,13.3563
PEMAFC-A,1,period_0856,15.760000,-11.5862,10.1760,89.1132,75.6790,13.4341
PEMAFC-A,1,period_0856,15.800000,-11.6157,10.7556,89.1340,75.6790,13.4549
PEMAFC-A,1,period_0856,15.853333,-12.3907,12.5445,90.6404,75.6790,14.9614
PEMAFC-A,1,period_0856,15.906667,-11.4689,10.9094,87.9088,75.6790,12.2297
PEMAFC-A,1,period_0856,15.960000,-10.8764,10.4761,84.3466,75.6790,8.6676
PEMAFC-A,1,period_0856,16.000000,-10.7637,10.0665,84.6162,75.6790,8.9371
PEMAFC-A,1,period_0856,16.053333,-7.7788,4.6148,78.2081,75.6790,2.5291
PEMAFC-A,1,period_0856,16.106667,-8.6780,5.2313,78.0901,75.6790,2.4111
PEMAFC-A,1,period_0856,16.160000,-9.4580,8.3601,77.9713,75.6790,2.2923
PEMAFC-A,1,period_0856,16.200000,-10.2790,2.4270,80.1721,75.6790,4.4931
PEMAFC-A,1,period_0856,16.253333,-11.6764,5.7507,84.7785,75.6790,9.0995
PEMAFC-A,1,period_0856,16.306667,-12.8022,6.0586,89.8952,75.6790,14.2162
PEMAFC-A,1,period_0856,16.360000,-11.5819,5.2046,83.7249,75.6790,8.0459
PEMAFC-A,1,period_0856,16.400000,-9.5474,11.2201,79.5917,75.6790,3.9127
PEMAFC-A,1,period_0856,16.453333,-10.1717,6.6220,78.6940,75.6790,3.0150
PEMAFC-A,1,period_0856,16.506667,-8.9321,9.9961,79.5651,75.6790,3.8861
PEMAFC-A,1,period_0856,16.560000,-9.5463,5.2745,82.1927,75.6790,6.5137
PEMAFC-A,1,period_0856,16.600000,-8.6233,16.1344,78.8698,75.6790,3.1907
PEMAFC-A,1,period_0856,16.653333,-8.8868,13.6572,80.3706,75.6790,4.6916
PEMAFC-A,1,period_0856,16.706667,-9.1627,11.3724,80.1368,75.6790,4.4578
PEMAFC-A,1,period_0856,16.760000,-9.7273,10.1759,81.5093,75.6790,5.8302
PEMAFC-A,1,period_0856,16.800000,-9.5794,10.0832,80.7302,75.6790,5.0511
PEMAFC-A,1,period_0856,16.853333,-8.3078,3.5039,79.1220,75.6790,3.4430
PEMAFC-A,1,period_0856,16.906667,-9.8409,3.7238,85.9720,75.6790,10.2930
PEMAFC-A,1,period_0856,16.960000,-9.5591,7.8264,83.4586,75.6790,7.7796
PEMAFC-A,1,period_0856,17.000000,-7.9615,7.9356,76.7260,75.6790,1.0470
PEMAFC-A,1,period_0856,17.053333,-8.0108,1.8192,77.4612,75.6790,1.7822
PEMAFC-A,1,period_0856,17.106667,-8.6643,5.6535,78.4249,75.6790,2.7459
PEMAFC-A,1,period_0856,17.160000,-9.7957,7.2177,79.9419,75.6790,4.2629
PEMAFC-A,1,period_0856,17.200000,-12.3872,7.8889,91.5904,75.6790,15.9114
PEMAFC-A,1,period_0856,17.253333,-12.7997,3.5209,86.6518,75.6790,10.9728
PEMAFC-A,1,period_0856,17.306667,-12.4122,9.1697,84.4107,75.6790,8.7317
PEMAFC-A,1,period_0856,17.360000,-12.2080,9.1707,81.7752,75.6790,6.0962
PEMAFC-A,1,period_0856,17.400000,-11.6756,9.5754,81.0110,75.6790,5.3320
PEMAFC-A,1,period_0856,17.453333,-12.0615,7.4709,87.8434,75.6790,12.1644
PEMAFC-A,1,period_0856,17.506667,-11.8421,9.0007,79.8316,75.6790,4.1526
PEMAFC-A,1,period_0856,17.560000,-11.6120,9.3234,79.2975,75.6790,3.6184
PEMAFC-A,1,period_0856,17.600000,-10.4345,3.6744,80.4535,75.6790,4.7745
PEMAFC-A,1,period_0856,17.653333,-7.7863,6.5957,78.0542,75.6790,2.3752
PEMAFC-A,1,period_0856,17.706667,-9.6630,9.9126,80.8296,75.6790,5.1506
PEMAFC-A,1,period_0856,17.760000,-10.6274,9.9485,82.8135,75.6790,7.1344
PEMAFC-A,1,period_0856,17.800000,-11.2603,9.9334,80.9979,75.6790,5.3189
PEMAFC-A,1,period_0856,17.853333,-9.9622,13.2351,79.3277,75.6790,3.6487
PEMAFC-A,1,period_0856,17.906667,-10.0605,15.6516,79.5518,75.6790,3.8728
PEMAFC-A,1,period_0856,17.960000,-9.3682,14.4879,79.1197,75.6790,3.4407
PEMAFC-A,1,period_0856,18.000000,-9.5045,12.0053,77.2799,75.6790,1.6009
PEMAFC-A,1,period_0856,18.053333,-9.1122,10.4467,76.7886,75.6790,1.1096
PEMAFC-A,1,period_0856,18.106667,-5.4392,3.0995,75.2207,75.6790,-0.4583
PEMAFC-A,1,period_0856,18.160000,-10.2873,6.8026,82.3853,75.6790,6.7062
PEMAFC-A,1,period_0856,18.200000,-11.3729,11.0565,81.3764,75.6790,5.6974
PEMAFC-A,1,period_0856,18.253333,-11.4079,12.6536,81.2305,75.6790,5.5515
PEMAFC-A,1,period_0856,18.306667,-11.0110,14.9035,82.2754,75.6790,6.5964
PEMAFC-A,1,period_0856,18.360000,-10.7435,13.6877,80.5899,75.6790,4.9109
PEMAFC-A,1,period_0856,18.400000,-10.4647,12.3936,80.4695,75.6790,4.7904
PEMAFC-A,1,period_0856,18.453333,-10.5222,8.1289,83.8790,75.6790,8.2000
PEMAFC-A,1,period_0856,18.506667,-10.8876,11.2645,84.2280,75.6790,8.5490
PEMAFC-A,1,period_0856,18.560000,-10.7390,14.1504,82.5045,75.6790,6.8255
PEMAFC-A,1,period_0856,18.600000,-10.2447,15.2524,80.8080,75.6790,5.1290
PEMAFC-A,1,period_0856,18.653333,-10.4682,13.9649,82.0400,75.6790,6.3609
PEMAFC-A,1,period_0856,18.706667,-10.3853,13.5228,82.2316,75.6790,6.5526
PEMAFC-A,1,period_0856,18.760000,-9.8616,11.1143,80.2980,75.6790,4.6189
PEMAFC-A,1,period_0856,18.800000,-9.8539,9.8821,81.9920,75.6790,6.3130
PEMAFC-A,1,period_0856,18.853333,-8.8130,11.9830,75.7523,75.6790,0.0733
PEMAFC-A,1,period_0856,18.906667,-5.0359,15.1224,70.7551,75.6790,-4.9240
PEMAFC-A,1,period_0856,18.960000,-7.3832,7.1437,75.9943,75.6790,0.3153
PEMAFC-A,1,period_0856,19.000000,-8.3750,6.0624,75.5030,75.6790,-0.1760
PEMAFC-A,1,period_0856,19.053333,-10.0105,4.9684,80.5631,75.6790,4.8840
PEMAFC-A,1,period_0856,19.106667,-11.5773,6.3268,81.1810,75.6790,5.5020
PEMAFC-A,1,period_0856,19.160000,-12.1820,8.6335,81.5029,75.6790,5.8239
PEMAFC-A,1,period_0856,19.200000,-13.1162,6.9294,83.4079,75.6790,7.7289
PEMAFC-A,1,period_0856,19.253333,-13.4103,5.0060,83.0604,75.6790,7.3814
PEMAFC-A,1,period_0856,19.306667,-13.7545,7.2722,83.5312,75.6790,7.8522
PEMAFC-A,1,period_0856,19.360000,-14.0166,7.2458,85.4434,75.6790,9.7644
PEMAFC-A,1,period_0856,19.400000,-14.2543,8.1234,85.7942,75.6790,10.1152
PEMAFC-A,1,period_0856,19.453333,-14.5493,10.4850,86.9910,75.6790,11.3119
PEMAFC-A,1,period_0856,19.506667,-14.6738,9.2772,86.9969,75.6790,11.3179
PEMAFC-A,1,period_0856,19.560000,-14.8585,10.5238,88.0095,75.6790,12.3305
PEMAFC-A,1,period_0856,19.600000,-15.0318,10.1123,88.5976,75.6790,12.9186
PEMAFC-A,1,period_0856,19.653333,-15.1420,9.6082,91.3826,75.6790,15.7036
PEMAFC-A,1,period_0856,19.706667,-15.3368,10.2490,91.2485,75.6790,15.5695
PEMAFC-A,1,period_0856,19.760000,-15.4682,9.4341,91.1305,75.6790,15.4515
PEMAFC-A,1,period_0856,19.800000,-15.4803,9.3367,91.1282,75.6790,15.4492
PEMAFC-A,1,period_0856,19.853333,-15.4366,10.3432,90.3448,75.6790,14.6658
PEMAFC-A,1,period_0856,19.906667,-15.5189,10.4767,92.8924,75.6790,17.2133
PEMAFC-A,1,period_0856,19.960000,-15.7800,11.3414,92.9433,75.6790,17.2643
PEMAFC-A,1,period_0856,20.000000,-10.3993,6.8431,86.3142,75.6790,10.6352
PEMAFC-A,2,period_0916,20.013333,-3.1449,-45.2816,79.1851,76.8005,2.3846
PEMAFC-A,2,period_0916,20.053333,-3.4099,-7.0640,79.7038,76.8005,2.9033
PEMAFC-A,2,period_0916,20.106667,-3.6393,-4.4063,80.7949,76.8005,3.9944
PEMAFC-A,2,period_0916,20.160000,-3.8230,-3.3930,80.9348,76.8005,4.1343
PEMAFC-A,2,period_0916,20.200000,-3.9176,-3.1079,80.9386,76.8005,4.1381
PEMAFC-A,2,period_0916,20.253333,-3.9958,-1.8495,80.9403,76.8005,4.1398
PEMAFC-A,2,period_0916,20.306667,-4.0807,-1.0630,80.9432,76.8005,4.1427
PEMAFC-A,2,period_0916,20.360000,-4.1450,0.0269,80.9496,76.8005,4.1491
PEMAFC-A,2,period_0916,20.400000,-4.1688,0.5835,80.9508,76.8005,4.1503
PEMAFC-A,2,period_0916,20.453333,-4.2127,0.5177,80.9520,76.8005,4.1515
PEMAFC-A,2,period_0916,20.506667,-4.2497,0.4134,80.9544,76.8005,4.1539
PEMAFC-A,2,period_0916,20.560000,-4.2692,1.2855,80.9555,76.8005,4.1550
PEMAFC-A,2,period_0916,20.600000,-4.2923,1.7108,80.9551,76.8005,4.1546
PEMAFC-A,2,period_0916,20.653333,-4.3200,1.6353,80.9540,76.8005,4.1535
PEMAFC-A,2,period_0916,20.706667,-4.3485,2.5061,80.9542,76.8005,4.1537
PEMAFC-A,2,period_0916,20.760000,-4.3691,3.0772,80.9556,76.8005,4.1551
PEMAFC-A,2,period_0916,20.800000,-4.4808,5.0743,80.9578,76.8005,4.1573
PEMAFC-A,2,period_0916,20.853333,-4.6873,6.9454,81.0126,76.8005,4.2121
PEMAFC-A,2,period_0916,20.906667,-5.1608,7.6746,81.1523,76.8005,4.3518
PEMAFC-A,2,period_0916,20.960000,-5.0996,8.8792,81.2393,76.8005,4.4388
PEMAFC-A,2,period_0916,21.000000,-4.9731,7.3035,80.1188,76.8005,3.3183
PEMAFC-A,2,period_0916,21.053333,-4.6425,7.0736,81.2521,76.8005,4.4516
PEMAFC-A,2,period_0916,21.106667,-4.5939,9.0427,79.5920,76.8005,2.7915
PEMAFC-A,2,period_0916,21.160000,-4.8784,5.4404,81.2480,76.8005,4.4475
PEMAFC-A,2,period_0916,21.200000,-4.6745,8.0331,77.9705,76.8005,1.1700
PEMAFC-A,2,period_0916,21.253333,-4.3668,6.1637,77.1708,76.8005,0.3703
PEMAFC-A,2,period_0916,21.306667,-3.3419,7.7912,72.6083,76.8005,-4.1922
PEMAFC-A,2,period_0916,21.360000,-3.9606,2.5877,72.2727,76.8005,-4.5278
PEMAFC-A,2,period_0916,21.400000,-4.0992,1.4493,74.2327,76.8005,-2.5678
PEMAFC-A,2,period_0916,21.453333,-4.5009,-0.2193,75.6818,76.8005,-1.1187
PEMAFC-A,2,period_0916,21.506667,-4.6499,3.6328,76.2823,76.8005,-0.5182
PEMAFC-A,2,period_0916,21.560000,-4.7680,2.4921,77.3057,76.8005,0.5052
PEMAFC-A,2,period_0916,21.600000,-4.8128,3.5690,77.0088,76.8005,0.2083
PEMAFC-A,2,period_0916,21.653333,-4.8406,4.3910,77.3535,76.8005,0.5530
PEMAFC-A,2,period_0916,21.706667,-4.9026,3.8354,77.6311,76.8005,0.8306
PEMAFC-A,2,period_0916,21.760000,-4.9268,3.9139,77.9450,76.8005,1.1445
PEMAFC-A,2,period_0916,21.800000,-4.9263,5.0157,78.1206,76.8005,1.3201
PEMAFC-A,2,period_0916,21.853333,-4.9565,3.8457,78.0963,76.8005,1.2958
PEMAFC-A,2,period_0916,21.906667,-4.9662,4.2917,78.3178,76.8005,1.5173
PEMAFC-A,2,period_0916,21.960000,-4.9798,3.0255,78.4776,76.8005,1.6771
PEMAFC-A,2,period_0916,22.000000,-5.0059,3.1540,78.6271,76.8005,1.8266
PEMAFC-A,2,period_0916,22.053333,-5.0225,3.5727,78.8251,76.8005,2.0246
PEMAFC-A,2,period_0916,22.106667,-5.0343,4.1251,78.9302,76.8005,2.1297
PEMAFC-A,2,period_0916,22.160000,-5.0611,4.4227,79.1600,76.8005,2.3595
PEMAFC-A,2,period_0916,22.200000,-5.0661,2.4918,79.2031,76.8005,2.4026
PEMAFC-A,2,period_0916,22.253333,-5.0891,3.1433,79.3285,76.8005,2.5280
PEMAFC-A,2,period_0916,22.306667,-5.1117,2.9546,79.4197,76.8005,2.6192
PEMAFC-A,2,period_0916,22.360000,-5.1145,2.9924,79.5069,76.8005,2.7064
PEMAFC-A,2,period_0916,22.400000,-5.1240,4.6610,79.6302,76.8005,2.8297
PEMAFC-A,2,period_0916,22.453333,-5.1379,4.9299,79.8856,76.8005,3.0851
PEMAFC-A,2,period_0916,22.506667,-5.1411,4.4469,79.9512,76.8005,3.1507
PEMAFC-A,2,period_0916,22.560000,-5.2461,6.8300,81.3238,76.8005,4.5233
PEMAFC-A,2,period_0916,22.600000,-5.2003,9.9118,81.2095,76.8005,4.4090
PEMAFC-A,2,period_0916,22.653333,-5.0518,8.3327,81.2849,76.8005,4.4845
PEMAFC-A,2,period_0916,22.706667,-4.7751,12.9500,81.0212,76.8005,4.2207
PEMAFC-A,2,period_0916,22.760000,-4.7850,7.5914,81.3437,76.8005,4.5432
PEMAFC-A,2,period_0916,22.800000,-4.7809,0.7105,80.9884,76.8005,4.1879
PEMAFC-A,2,period_0916,22.853333,-5.1443,0.7515,81.3504,76.8005,4.5499
PEMAFC-A,2,period_0916,22.906667,-5.4697,0.3965,81.4193,76.8005,4.6188
PEMAFC-A,2,period_0916,22.960000,-5.1603,1.4096,81.4427,76.8005,4.6422
PEMAFC-A,2,period_0916,23.000000,-5.7003,3.4103,78.2875,76.8005,1.4870
PEMAFC-A,2,period_0916,23.053333,-7.1356,6.6865,78.5475,76.8005,1.7470
PEMAFC-A,2,period_0916,23.106667,-8.3222,8.4517,78.7349,76.8005,1.9344
PEMAFC-A,2,period_0916,23.160000,-9.0902,9.0575,79.5010,76.8005,2.7005
PEMAFC-A,2,period_0916,23.200000,-9.6982,8.3659,80.6324,76.8005,3.8319
PEMAFC-A,2,period_0916,23.253333,-10.2701,4.3958,82.1477,76.8005,5.3472
PEMAFC-A,2,period_0916,23.306667,-10.4456,4.2669,82.9783,76.8005,6.1778
PEMAFC-A,2,period_0916,23.360000,-10.4292,4.6694,83.1230,76.8005,6.3225
PEMAFC-A,2,period_0916,23.400000,-10.5461,4.3332,82.9281,76.8005,6.1276
PEMAFC-A,2,period_0916,23.453333,-10.5733,5.1754,83.4643,76.8005,6.6638
PEMAFC-A,2,period_0916,23.506667,-10.4724,5.8523,83.5912,76.8005,6.7907
PEMAFC-A,2,period_0916,23.560000,-10.6252,5.1377,84.4550,76.8005,7.6545
PEMAFC-A,2,period_0916,23.600000,-10.6119,5.6206,84.0215,76.8005,7.2210
PEMAFC-A,2,period_0916,23.653333,-10.6632,4.7341,84.1123,76.8005,7.3118
PEMAFC-A,2,period_0916,23.706667,-10.7060,4.6812,84.4974,76.8005,7.6969
PEMAFC-A,2,period_0916,23.760000,-10.6970,3.6305,84.3830,76.8005,7.5825
PEMAFC-A,2,period_0916,23.800000,-10.7220,4.0084,83.9826,76.8005,7.1821
PEMAFC-A,2,period_0916,23.853333,-10.7790,3.6360,85.0268,76.8005,8.2263
PEMAFC-A,2,period_0916,23.906667,-10.7583,4.3495,84.8906,76.8005,8.0901
PEMAFC-A,2,period_0916,23.960000,-10.7870,4.9810,85.2196,76.8005,8.4191
PEMAFC-A,2,period_0916,24.000000,-10.8001,4.3303,84.9559,76.8005,8.1554
PEMAFC-A,2,period_0916,24.053333,-10.8000,10.8060,85.1641,76.8005,8.3636
PEMAFC-A,2,period_0916,24.106667,-10.8286,8.9259,84.2560,76.8005,7.4555
PEMAFC-A,2,period_0916,24.160000,-9.8986,9.3421,81.7434,76.8005,4.9429
PEMAFC-A,2,period_0916,24.200000,-10.0157,11.7159,81.1774,76.8005,4.3770
PEMAFC-A,2,period_0916,24.253333,-9.6950,11.5309,80.4002,76.8005,3.5997
PEMAFC-A,2,period_0916,24.306667,-9.2750,11.0576,80.0890,76.8005,3.2885
PEMAFC-A,2,period_0916,24.360000,-9.9548,4.8257,80.8253,76.8005,4.0248
PEMAFC-A,2,period_0916,24.400000,-8.9437,4.1903,77.6413,76.8005,0.8408
PEMAFC-A,2,period_0916,24.453333,-8.6268,7.2439,77.5965,76.8005,0.7960
PEMAFC-A,2,period_0916,24.506667,-8.5248,12.7741,77.4078,76.8005,0.6073
PEMAFC-A,2,period_0916,24.560000,-8.1610,7.5506,83.1118,76.8005,6.3113
PEMAFC-A,2,period_0916,24.600000,-8.1839,5.9239,83.7580,76.8005,6.9575
PEMAFC-A,2,period_0916,24.653333,-8.1484,8.1343,86.4301,76.8005,9.6296
PEMAFC-A,2,period_0916,24.706667,-10.5066,-0.0863,82.1484,76.8005,5.3479
PEMAFC-A,2,period_0916,24.760000,-11.1259,2.9525,87.7611,76.8005,10.9606
PEMAFC-A,2,period_0916,24.800000,-10.7808,2.8619,87.8078,76.8005,11.0073
PEMAFC-A,2,period_0916,24.853333,-10.4368,1.7255,88.5055,76.8005,11.7050
PEMAFC-A,2,period_0916,24.906667,-11.2052,10.2612,90.7116,76.8005,13.9111
PEMAFC-A,2,period_0916,24.960000,-11.8147,12.1949,91.5029,76.8005,14.7024
PEMAFC-A,2,period_0916,25.000000,-12.1633,12.7935,91.4857,76.8005,14.6852
PEMAFC-A,2,period_0916,25.053333,-12.6954,11.7042,92.5660,76.8005,15.7655
PEMAFC-A,2,period_0916,25.106667,-13.6343,5.0548,93.0208,76.8005,16.2203
PEMAFC-A,2,period_0916,25.160000,-13.6625,4.5577,93.1070,76.8005,16.3065
PEMAFC-A,2,period_0916,25.200000,-13.8582,4.6992,93.1266,76.8005,16.3261
PEMAFC-A,2,period_0916,25.253333,-14.0210,5.4637,93.2278,76.8005,16.4273
PEMAFC-A,2,period_0916,25.306667,-14.0503,3.8409,93.2820,76.8005,16.4815
PEMAFC-A,2,period_0916,25.360000,-14.4763,4.0805,93.2604,76.8005,16.4599
PEMAFC-A,2,period_0916,25.400000,-14.2615,3.6556,90.8884,76.8005,14.0879
PEMAFC-A,2,period_0916,25.453333,-14.2241,5.1979,91.8344,76.8005,15.0339
PEMAFC-A,2,period_0916,25.506667,-14.3643,5.1284,92.7765,76.8005,15.9760
PEMAFC-A,2,period_0916,25.560000,-14.3486,5.2358,92.3764,76.8005,15.5759
PEMAFC-A,2,period_0916,25.600000,-14.4235,5.7302,92.2379,76.8005,15.4374
PEMAFC-A,2,period_0916,25.653333,-14.4277,5.3800,92.7444,76.8005,15.9439
PEMAFC-A,2,period_0916,25.706667,-14.3754,4.2388,92.8302,76.8005,16.0297
PEMAFC-A,2,period_0916,25.760000,-14.5283,4.5105,92.9416,76.8005,16.1411
PEMAFC-A,2,period_0916,25.800000,-14.4966,4.5349,92.0469,76.8005,15.2465
PEMAFC-A,2,period_0916,25.853333,-14.9305,13.9453,92.2046,76.8005,15.4041
PEMAFC-A,2,period_0916,25.906667,-12.2613,10.1001,83.7973,76.8005,6.9968
PEMAFC-A,2,period_0916,25.960000,-10.8845,11.9779,81.4651,76.8005,4.6647
PEMAFC-A,2,period_0916,26.000000,-10.6231,9.5263,82.7593,76.8005,5.9588
PEMAFC-A,2,period_0916,26.053333,-7.3224,3.6032,79.7241,76.8005,2.9236
PEMAFC-A,2,period_0916,26.106667,-7.4947,6.7356,77.6462,76.8005,0.8457
PEMAFC-A,2,period_0916,26.160000,-9.0909,7.7240,77.7076,76.8005,0.9071
PEMAFC-A,2,period_0916,26.200000,-9.2467,2.2596,78.4954,76.8005,1.6950
PEMAFC-A,2,period_0916,26.253333,-11.1505,6.5542,79.9121,76.8005,3.1116
PEMAFC-A,2,period_0916,26.306667,-14.0427,3.7778,82.4490,76.8005,5.6485
PEMAFC-A,2,period_0916,26.360000,-12.3589,4.6352,81.9671,76.8005,5.1666
PEMAFC-A,2,period_0916,26.400000,-10.7394,8.2202,81.7477,76.8005,4.9472
PEMAFC-A,2,period_0916,26.453333,-11.2166,8.1935,81.0337,76.8005,4.2332
PEMAFC-A,2,period_0916,26.506667,-11.2171,7.9959,83.6355,76.8005,6.8350
PEMAFC-A,2,period_0916,26.560000,-11.1842,4.2958,80.7510,76.8005,3.9505
PEMAFC-A,2,period_0916,26.600000,-11.3313,8.7472,83.4449,76.8005,6.6444
PEMAFC-A,2,period_0916,26.653333,-11.4072,11.9476,82.7316,76.8005,5.9311
PEMAFC-A,2,period_0916,26.706667,-11.3865,12.7419,82.1341,76.8005,5.3336
PEMAFC-A,2,period_0916,26.760000,-11.9670,9.4635,80.6178,76.8005,3.8173
PEMAFC-A,2,period_0916,26.800000,-10.5737,11.3966,77.2622,76.8005,0.4617
PEMAFC-A,2,period_0916,26.853333,-10.8033,1.8077,88.0630,76.8005,11.2625
PEMAFC-A,2,period_0916,26.906667,-13.0648,2.2795,87.3388,76.8005,10.5383
PEMAFC-A,2,period_0916,26.960000,-12.7857,3.8172,88.5287,76.8005,11.7282
PEMAFC-A,2,period_0916,27.000000,-11.2969,4.3940,81.6739,76.8005,4.8734
PEMAFC-A,2,period_0916,27.053333,-10.3965,2.8725,81.0844,76.8005,4.2839
PEMAFC-A,2,period_0916,27.106667,-10.8737,11.4897,81.7106,76.8005,4.9101
PEMAFC-A,2,period_0916,27.160000,-11.8763,11.1628,83.8800,76.8005,7.0795
PEMAFC-A,2,period_0916,27.200000,-14.6236,4.1532,88.3666,76.8005,11.5661
PEMAFC-A,2,period_0916,27.253333,-14.9858,2.5057,86.4369,76.8005,9.6365
PEMAFC-A,2,period_0916,27.306667,-14.1517,6.9691,82.4313,76.8005,5.6308
PEMAFC-A,2,period_0916,27.360000,-13.6481,9.0100,80.4249,76.8005,3.6244
PEMAFC-A,2,period_0916,27.400000,-13.3817,9.5286,80.9943,76.8005,4.1938
PEMAFC-A,2,period_0916,27.453333,-12.6225,5.6136,81.0928,76.8005,4.2923
PEMAFC-A,2,period_0916,27.506667,-13.3619,6.0321,80.3902,76.8005,3.5897
PEMAFC-A,2,period_0916,27.560000,-13.4849,4.5715,83.2975,76.8005,6.4970
PEMAFC-A,2,period_0916,27.600000,-12.2288,2.3480,80.2746,76.8005,3.4742
PEMAFC-A,2,period_0916,27.653333,-8.2669,4.6870,76.5431,76.8005,-0.2574
PEMAFC-A,2,period_0916,27.706667,-9.2866,7.3150,76.8614,76.8005,0.0610
PEMAFC-A,2,period_0916,27.760000,-11.9706,6.1412,78.9751,76.8005,2.1746
PEMAFC-A,2,period_0916,27.800000,-12.7605,5.5571,84.9479,76.8005,8.1474
PEMAFC-A,2,period_0916,27.853333,-12.0323,8.7289,80.0541,76.8005,3.2536
PEMAFC-A,2,period_0916,27.906667,-12.2135,13.1486,81.6294,76.8005,4.8290
PEMAFC-A,2,period_0916,27.960000,-12.2425,10.6655,82.8968,76.8005,6.0963
PEMAFC-A,2,period_0916,28.000000,-11.9311,7.4848,82.2015,76.8005,5.4010
PEMAFC-A,2,period_0916,28.053333,-10.6806,7.0911,79.1002,76.8005,2.2997
PEMAFC-A,2,period_0916,28.106667,-3.2662,2.1374,68.1162,76.8005,-8.6843
PEMAFC-A,2,period_0916,28.160000,-13.9219,1.5902,87.0150,76.8005,10.2145
PEMAFC-A,2,period_0916,28.200000,-14.1497,8.6092,85.8768,76.8005,9.0763
PEMAFC-A,2,period_0916,28.253333,-13.0913,12.5077,81.5297,76.8005,4.7292
PEMAFC-A,2,period_0916,28.306667,-11.8946,12.5785,78.2118,76.8005,1.4113
PEMAFC-A,2,period_0916,28.360000,-10.6276,15.0164,75.5121,76.8005,-1.2884
PEMAFC-A,2,period_0916,28.400000,-11.2474,8.8805,80.0201,76.8005,3.2196
PEMAFC-A,2,period_0916,28.453333,-12.6390,4.4213,80.5023,76.8005,3.7018
PEMAFC-A,2,period_0916,28.506667,-13.5119,5.8633,80.4709,76.8005,3.6704
PEMAFC-A,2,period_0916,28.560000,-13.4724,11.2545,82.4672,76.8005,5.6667
PEMAFC-A,2,period_0916,28.600000,-13.2751,12.0801,85.2634,76.8005,8.4629
PEMAFC-A,2,period_0916,28.653333,-12.4822,11.3203,78.7251,76.8005,1.9246
PEMAFC-A,2,period_0916,28.706667,-11.1103,9.0892,78.4417,76.8005,1.6412
PEMAFC-A,2,period_0916,28.760000,-10.0482,8.7375,77.8812,76.8005,1.0807
PEMAFC-A,2,period_0916,28.800000,-10.4112,7.5721,76.4286,76.8005,-0.3719
PEMAFC-A,2,period_0916,28.853333,-10.3638,6.7481,80.5865,76.8005,3.7860
PEMAFC-A,2,period_0916,28.906667,-6.1561,13.2968,73.0275,76.8005,-3.7730
PEMAFC-A,2,period_0916,28.960000,-8.2415,7.4503,73.0877,76.8005,-3.7128
PEMAFC-A,2,period_0916,29.000000,-12.6545,-0.3144,83.4894,76.8005,6.6890
PEMAFC-A,2,period_0916,29.053333,-12.8429,0.5440,83.8398,76.8005,7.0393
PEMAFC-A,2,period_0916,29.106667,-15.2203,2.0106,93.4086,76.8005,16.6081
PEMAFC-A,2,period_0916,29.160000,-15.5431,4.1547,92.5029,76.8005,15.7024
PEMAFC-A,2,period_0916,29.200000,-15.4426,5.4068,91.7827,76.8005,14.9822
PEMAFC-A,2,period_0916,29.253333,-15.7326,3.6574,90.2617,76.8005,13.4612
PEMAFC-A,2,period_0916,29.306667,-15.2746,5.1884,92.0386,76.8005,15.2381
PEMAFC-A,2,period_0916,29.360000,-14.8681,3.8659,93.1385,76.8005,16.3380
PEMAFC-A,2,period_0916,29.400000,-15.6789,3.8597,93.5946,76.8005,16.7941
PEMAFC-A,2,period_0916,29.453333,-15.9612,7.2919,93.0927,76.8005,16.2922
PEMAFC-A,2,period_0916,29.506667,-15.8966,5.3124,93.2614,76.8005,16.4609
PEMAFC-A,2,period_0916,29.560000,-16.1328,9.3331,94.7680,76.8005,17.9675
PEMAFC-A,2,period_0916,29.600000,-16.1794,6.7158,93.8272,76.8005,17.0268
PEMAFC-A,2,period_0916,29.653333,-16.2805,6.1717,94.9758,76.8005,18.1754
PEMAFC-A,2,period_0916,29.706667,-16.7212,6.2991,94.7647,76.8005,17.9642
PEMAFC-A,2,period_0916,29.760000,-16.4748,4.8693,90.3023,76.8005,13.5018
PEMAFC-A,2,period_0916,29.800000,-16.3899,3.5307,93.1216,76.8005,16.3211
PEMAFC-A,2,period_0916,29.853333,-16.5128,3.5752,93.7672,76.8005,16.9667
PEMAFC-A,2,period_0916,29.906667,-16.1877,4.7531,92.4027,76.8005,15.6022
PEMAFC-A,2,period_0916,29.960000,-16.7869,7.0962,91.7861,76.8005,14.9856
PEMAFC-A,2,period_0916,30.000000,-11.4470,5.4422,81.2947,76.8005,4.4943
PEMAFC-A,3,period_0943,30.013333,-3.5637,-41.2560,70.2105,67.9790,2.2315
PEMAFC-A,3,period_0943,30.053333,-3.6060,-2.0528,70.2096,67.9790,2.2305
PEMAFC-A,3,period_0943,30.106667,-3.6529,-0.5915,70.2158,67.9790,2.2367
PEMAFC-A,3,period_0943,30.160000,-3.6880,0.4700,70.2196,67.9790,2.2405
PEMAFC-A,3,period_0943,30.200000,-3.7103,1.3627,70.2201,67.9790,2.2411
PEMAFC-A,3,period_0943,30.253333,-3.7307,1.9474,70.2225,67.9790,2.2435
PEMAFC-A,3,period_0943,30.306667,-3.7539,1.8798,70.2250,67.9790,2.2459
PEMAFC-A,3,period_0943,30.360000,-3.7725,2.6526,70.2253,67.9790,2.2462
PEMAFC-A,3,period_0943,30.400000,-3.7826,3.8970,70.2287,67.9790,2.2496
PEMAFC-A,3,period_0943,30.453333,-3.7960,3.9480,70.2310,67.9790,2.2520
PEMAFC-A,3,period_0943,30.506667,-3.8063,3.9563,70.2361,67.9790,2.2571
PEMAFC-A,3,period_0943,30.560000,-3.8149,4.3128,70.2399,67.9790,2.2608
PEMAFC-A,3,period_0943,30.600000,-3.8225,5.3478,70.2429,67.9790,2.2638
PEMAFC-A,3,period_0943,30.653333,-3.8347,4.3555,70.2488,67.9790,2.2698
PEMAFC-A,3,period_0943,30.706667,-3.8482,5.4865,70.2526,67.9790,2.2735
PEMAFC-A,3,period_0943,30.760000,-3.8598,5.4298,70.2586,67.9790,2.2795
PEMAFC-A,3,period_0943,30.800000,-3.9114,6.3807,70.2837,67.9790,2.3046
PEMAFC-A,3,period_0943,30.853333,-4.0675,5.7506,70.4070,67.9790,2.4279
PEMAFC-A,3,period_0943,30.906667,-4.7597,5.5699,71.0052,67.9790,3.0261
PEMAFC-A,3,period_0943,30.960000,-4.8568,11.3840,71.0462,67.9790,3.0672
PEMAFC-A,3,period_0943,31.000000,-4.8182,4.7951,71.0510,67.9790,3.0720
PEMAFC-A,3,period_0943,31.053333,-4.6595,4.9152,71.0519,67.9790,3.0729
PEMAFC-A,3,period_0943,31.106667,-4.5715,11.3693,71.0712,67.9790,3.0922
PEMAFC-A,3,period_0943,31.160000,-4.6081,8.3844,71.0871,67.9790,3.1080
PEMAFC-A,3,period_0943,31.200000,-4.5870,11.2032,71.0940,67.9790,3.1150
PEMAFC-A,3,period_0943,31.253333,-4.2694,7.7252,71.0879,67.9790,3.1089
PEMAFC-A,3,period_0943,31.306667,-3.5285,7.8013,68.2882,67.9790,0.3091
PEMAFC-A,3,period_0943,31.360000,-4.8028,-2.8894,71.0631,67.9790,3.0841
PEMAFC-A,3,period_0943,31.400000,-4.8458,6.5524,71.0731,67.9790,3.0940
PEMAFC-A,3,period_0943,31.453333,-4.8594,5.6239,71.0883,67.9790,3.1093
PEMAFC-A,3,period_0943,31.506667,-4.9047,7.7887,71.1041,67.9790,3.1251
PEMAFC-A,3,period_0943,31.560000,-4.9141,6.9718,71.1113,67.9790,3.1323
PEMAFC-A,3,period_0943,31.600000,-4.9270,7.7083,71.1162,67.9790,3.1372
PEMAFC-A,3,period_0943,31.653333,-4.9360,8.0461,71.1302,67.9790,3.1511
PEMAFC-A,3,period_0943,31.706667,-4.9463,6.8756,71.1384,67.9790,3.1593
PEMAFC-A,3,period_0943,31.760000,-4.9543,7.6720,71.1445,67.9790,3.1655
PEMAFC-A,3,period_0943,31.800000,-4.9559,8.8035,71.1480,67.9790,3.1689
PEMAFC-A,3,period_0943,31.853333,-4.9617,7.1205,71.1529,67.9790,3.1739
PEMAFC-A,3,period_0943,31.906667,-4.9662,7.4182,71.1559,67.9790,3.1768
PEMAFC-A,3,period_0943,31.960000,-4.9708,7.0729,71.1601,67.9790,3.1810
PEMAFC-A,3,period_0943,32.000000,-4.9726,7.7295,71.1633,67.9790,3.1843
PEMAFC-A,3,period_0943,32.053333,-4.9761,7.7715,71.1683,67.9790,3.1893
PEMAFC-A,3,period_0943,32.106667,-4.9800,6.4933,71.1738,67.9790,3.1947
PEMAFC-A,3,period_0943,32.160000,-4.9845,7.6168,71.1790,67.9790,3.1999
PEMAFC-A,3,period_0943,32.200000,-4.9872,6.1074,71.1829,67.9790,3.2039
PEMAFC-A,3,period_0943,32.253333,-4.9902,7.0107,71.1842,67.9790,3.2052
PEMAFC-A,3,period_0943,32.306667,-4.9965,6.1019,71.1878,67.9790,3.2088
PEMAFC-A,3,period_0943,32.360000,-4.9970,6.5313,71.1949,67.9790,3.2158
PEMAFC-A,3,period_0943,32.400000,-4.9995,8.0591,71.1973,67.9790,3.2183
PEMAFC-A,3,period_0943,32.453333,-5.0016,7.6392,71.1989,67.9790,3.2198
PEMAFC-A,3,period_0943,32.506667,-5.0060,6.1711,71.2021,67.9790,3.2231
PEMAFC-A,3,period_0943,32.560000,-5.0178,12.4367,71.2093,67.9790,3.2303
PEMAFC-A,3,period_0943,32.600000,-4.9358,10.8932,71.2183,67.9790,3.2393
PEMAFC-A,3,period_0943,32.653333,-4.9412,8.8782,71.2182,67.9790,3.2392
PEMAFC-A,3,period_0943,32.706667,-4.7980,9.8130,71.2186,67.9790,3.2396
PEMAFC-A,3,period_0943,32.760000,-4.7562,8.7256,71.2365,67.9790,3.2575
PEMAFC-A,3,period_0943,32.800000,-4.8094,2.3967,71.2265,67.9790,3.2475
PEMAFC-A,3,period_0943,32.853333,-4.9965,0.7741,71.2364,67.9790,3.2574
PEMAFC-A,3,period_0943,32.906667,-5.1065,5.2635,71.2376,67.9790,3.2585
PEMAFC-A,3,period_0943,32.960000,-4.7711,3.9589,71.2209,67.9790,3.2418
PEMAFC-A,3,period_0943,33.000000,-5.6119,3.8946,73.0885,67.9790,5.1095
PEMAFC-A,3,period_0943,33.053333,-7.4872,6.6984,75.8227,67.9790,7.8436
PEMAFC-A,3,period_0943,33.106667,-9.0880,8.9875,77.0348,67.9790,9.0558
PEMAFC-A,3,period_0943,33.160000,-10.2551,9.5477,77.9016,67.9790,9.9225
PEMAFC-A,3,period_0943,33.200000,-11.1809,8.3614,78.4219,67.9790,10.4428
PEMAFC-A,3,period_0943,33.253333,-11.3866,7.9542,78.5454,67.9790,10.5664
PEMAFC-A,3,period_0943,33.306667,-11.5688,8.6508,78.5802,67.9790,10.6012
PEMAFC-A,3,period_0943,33.360000,-11.5746,9.0814,78.5997,67.9790,10.6206
PEMAFC-A,3,period_0943,33.400000,-11.6697,7.9636,78.6131,67.9790,10.6340
PEMAFC-A,3,period_0943,33.453333,-11.6800,10.5148,78.6262,67.9790,10.6471
PEMAFC-A,3,period_0943,33.506667,-11.6853,8.8861,78.6384,67.9790,10.6593
PEMAFC-A,3,period_0943,33.560000,-11.7482,7.1633,78.6498,67.9790,10.6708
PEMAFC-A,3,period_0943,33.600000,-11.7419,9.1071,78.6659,67.9790,10.6869
PEMAFC-A,3,period_0943,33.653333,-11.7828,9.0354,78.6789,67.9790,10.6999
PEMAFC-A,3,period_0943,33.706667,-11.8108,7.0931,78.6949,67.9790,10.7159
PEMAFC-A,3,period_0943,33.760000,-11.8027,7.9224,78.6987,67.9790,10.7197
PEMAFC-A,3,period_0943,33.800000,-11.8085,8.3930,78.7074,67.9790,10.7284
PEMAFC-A,3,period_0943,33.853333,-11.8343,6.5646,78.7095,67.9790,10.7305
PEMAFC-A,3,period_0943,33.906667,-11.8506,7.4023,78.7215,67.9790,10.7424
PEMAFC-A,3,period_0943,33.960000,-11.8596,9.0384,78.7324,67.9790,10.7534
PEMAFC-A,3,period_0943,34.000000,-11.8646,8.0714,78.7394,67.9790,10.7603
PEMAFC-A,3,period_0943,34.053333,-11.8606,12.9318,78.7546,67.9790,10.7756
PEMAFC-A,3,period_0943,34.106667,-11.8902,8.7418,78.7411,67.9790,10.7620
PEMAFC-A,3,period_0943,34.160000,-11.5351,7.6069,78.7360,67.9790,10.7570
PEMAFC-A,3,period_0943,34.200000,-11.6414,9.6227,78.7437,67.9790,10.7647
PEMAFC-A,3,period_0943,34.253333,-11.2033,10.2560,78.7251,67.9790,10.7460
PEMAFC-A,3,period_0943,34.306667,-11.1101,10.3688,78.7494,67.9790,10.7704
PEMAFC-A,3,period_0943,34.360000,-11.1728,6.0092,75.8377,67.9790,7.8586
PEMAFC-A,3,period_0943,34.400000,-10.6429,5.8224,73.1136,67.9790,5.1346
PEMAFC-A,3,period_0943,34.453333,-11.0046,6.5029,77.2815,67.9790,9.3025
PEMAFC-A,3,period_0943,34.506667,-11.2018,11.0487,78.8510,67.9790,10.8719
PEMAFC-A,3,period_0943,34.560000,-10.9418,9.1351,78.8569,67.9790,10.8779
PEMAFC-A,3,period_0943,34.600000,-10.7782,7.8959,78.8608,67.9790,10.8817
PEMAFC-A,3,period_0943,34.653333,-10.8725,9.8716,78.8595,67.9790,10.8805
PEMAFC-A,3,period_0943,34.706667,-11.5855,1.8625,78.8254,67.9790,10.8463
PEMAFC-A,3,period_0943,34.760000,-12.3130,5.0238,78.8480,67.9790,10.8689
PEMAFC-A,3,period_0943,34.800000,-12.0324,5.6415,78.8181,67.9790,10.8390
PEMAFC-A,3,period_0943,34.853333,-12.2044,3.7694,79.7315,67.9790,11.7525
PEMAFC-A,3,period_0943,34.906667,-13.3719,11.6612,80.3311,67.9790,12.3520
PEMAFC-A,3,period_0943,34.960000,-14.2943,13.7456,81.1220,67.9790,13.1430
PEMAFC-A,3,period_0943,35.000000,-15.0097,14.1034,82.1904,67.9790,14.2113
PEMAFC-A,3,period_0943,35.053333,-15.6639,13.6305,82.8689,67.9790,14.8899
PEMAFC-A,3,period_0943,35.106667,-15.5689,9.6578,82.9884,67.9790,15.0093
PEMAFC-A,3,period_0943,35.160000,-15.7316,8.7197,83.0285,67.9790,15.0495
PEMAFC-A,3,period_0943,35.200000,-15.7506,10.3312,83.0438,67.9790,15.0647
PEMAFC-A,3,period_0943,35.253333,-15.7797,9.1138,83.0778,67.9790,15.0987
PEMAFC-A,3,period_0943,35.306667,-15.9255,8.3990,83.0996,67.9790,15.1205
PEMAFC-A,3,period_0943,35.360000,-15.8410,8.6800,83.1298,67.9790,15.1507
PEMAFC-A,3,period_0943,35.400000,-15.9716,7.5628,83.1419,67.9790,15.1628
PEMAFC-A,3,period_0943,35.453333,-15.9851,9.9833,83.1634,67.9790,15.1843
PEMAFC-A,3,period_0943,35.506667,-16.0510,9.8085,83.1785,67.9790,15.1995
PEMAFC-A,3,period_0943,35.560000,-16.0446,9.1688,83.1862,67.9790,15.2072
PEMAFC-A,3,period_0943,35.600000,-16.0529,9.4922,83.1994,67.9790,15.2203
PEMAFC-A,3,period_0943,35.653333,-16.1205,8.1403,83.2105,67.9790,15.2314
PEMAFC-A,3,period_0943,35.706667,-16.0696,9.6604,83.2317,67.9790,15.2526
PEMAFC-A,3,period_0943,35.760000,-16.1037,7.2810,83.2432,67.9790,15.2642
PEMAFC-A,3,period_0943,35.800000,-16.1416,7.8474,83.2540,67.9790,15.2749
PEMAFC-A,3,period_0943,35.853333,-16.3543,16.8088,83.3311,67.9790,15.3520
PEMAFC-A,3,period_0943,35.906667,-16.3489,8.8960,83.3434,67.9790,15.3643
PEMAFC-A,3,period_0943,35.960000,-15.9488,8.0016,83.3668,67.9790,15.3877
PEMAFC-A,3,period_0943,36.000000,-15.9609,9.2311,83.3462,67.9790,15.3672
PEMAFC-A,3,period_0943,36.053333,-13.5140,5.2484,80.4034,67.9790,12.4243
PEMAFC-A,3,period_0943,36.106667,-14.6994,4.0584,81.6028,67.9790,13.6237
PEMAFC-A,3,period_0943,36.160000,-11.4736,2.0145,71.0383,67.9790,3.0593
PEMAFC-A,3,period_0943,36.200000,-12.9568,0.2451,76.3677,67.9790,8.3886
PEMAFC-A,3,period_0943,36.253333,-14.7680,11.8334,79.6427,67.9790,11.6637
PEMAFC-A,3,period_0943,36.306667,-16.6598,4.3986,83.5757,67.9790,15.5966
PEMAFC-A,3,period_0943,36.360000,-15.6071,3.6683,83.3685,67.9790,15.3894
PEMAFC-A,3,period_0943,36.400000,-13.8232,7.0485,74.0913,67.9790,6.1122
PEMAFC-A,3,period_0943,36.453333,-13.6932,7.0331,73.5636,67.9790,5.5846
PEMAFC-A,3,period_0943,36.506667,-13.0845,8.9029,72.7550,67.9790,4.7760
PEMAFC-A,3,period_0943,36.560000,-14.8147,3.3833,78.4125,67.9790,10.4335
PEMAFC-A,3,period_0943,36.600000,-13.6182,14.0559,73.4820,67.9790,5.5030
PEMAFC-A,3,period_0943,36.653333,-13.8315,15.6086,74.1719,67.9790,6.1929
PEMAFC-A,3,period_0943,36.706667,-13.8872,14.6974,74.0559,67.9790,6.0768
PEMAFC-A,3,period_0943,36.760000,-14.2182,11.9972,75.3455,67.9790,7.3665
PEMAFC-A,3,period_0943,36.800000,-13.3858,9.8998,74.6437,67.9790,6.6646
PEMAFC-A,3,period_0943,36.853333,-12.6173,4.6211,84.0306,67.9790,16.0516
PEMAFC-A,3,period_0943,36.906667,-13.9998,4.3452,82.9200,67.9790,14.9410
PEMAFC-A,3,period_0943,36.960000,-13.8885,6.2379,77.9929,67.9790,10.0138
PEMAFC-A,3,period_0943,37.000000,-12.4517,7.2641,72.0322,67.9790,4.0531
PEMAFC-A,3,period_0943,37.053333,-10.9827,5.0992,70.4626,67.9790,2.4836
PEMAFC-A,3,period_0943,37.106667,-11.8742,12.3263,71.2820,67.9790,3.3029
PEMAFC-A,3,period_0943,37.160000,-13.3387,13.7471,72.6030,67.9790,4.6240
PEMAFC-A,3,period_0943,37.200000,-16.9523,4.8319,82.5334,67.9790,14.5544
PEMAFC-A,3,period_0943,37.253333,-16.7572,3.6226,79.7887,67.9790,11.8097
PEMAFC-A,3,period_0943,37.306667,-16.3324,8.7161,78.6758,67.9790,10.6968
PEMAFC-A,3,period_0943,37.360000,-15.8377,10.0188,76.5538,67.9790,8.5747
PEMAFC-A,3,period_0943,37.400000,-15.6070,13.0406,75.6848,67.9790,7.7058
PEMAFC-A,3,period_0943,37.453333,-16.2985,9.6113,82.7639,67.9790,14.7848
PEMAFC-A,3,period_0943,37.506667,-16.4676,6.4345,76.8668,67.9790,8.8877
PEMAFC-A,3,period_0943,37.560000,-15.8974,6.1901,75.2348,67.9790,7.2558
PEMAFC-A,3,period_0943,37.600000,-14.6538,5.2026,74.3194,67.9790,6.3403
PEMAFC-A,3,period_0943,37.653333,-14.1629,6.9243,80.4179,67.9790,12.4389
PEMAFC-A,3,period_0943,37.706667,-15.3098,8.1866,78.5299,67.9790,10.5509
PEMAFC-A,3,period_0943,37.760000,-16.3660,8.4501,80.2661,67.9790,12.2870
PEMAFC-A,3,period_0943,37.800000,-16.2143,6.8598,77.0507,67.9790,9.0716
PEMAFC-A,3,period_0943,37.853333,-14.9650,12.5388,73.9871,67.9790,6.0080
PEMAFC-A,3,period_0943,37.906667,-15.2552,16.6443,74.5298,67.9790,6.5507
PEMAFC-A,3,period_0943,37.960000,-14.5647,15.3288,73.3291,67.9790,5.3500
PEMAFC-A,3,period_0943,38.000000,-14.4896,12.0833,73.0636,67.9790,5.0845
PEMAFC-A,3,period_0943,38.053333,-12.8616,13.3566,70.5871,67.9790,2.6081
PEMAFC-A,3,period_0943,38.106667,-8.9548,2.5058,72.3138,67.9790,4.3347
PEMAFC-A,3,period_0943,38.160000,-15.2986,1.5349,80.6654,67.9790,12.6864
PEMAFC-A,3,period_0943,38.200000,-15.4713,11.2116,78.1433,67.9790,10.1642
PEMAFC-A,3,period_0943,38.253333,-14.9751,11.6384,75.5558,67.9790,7.5768
PEMAFC-A,3,period_0943,38.306667,-14.6978,12.4967,75.5104,67.9790,7.5313
PEMAFC-A,3,period_0943,38.360000,-14.2684,10.8848,74.4428,67.9790,6.4637
PEMAFC-A,3,period_0943,38.400000,-14.1473,9.5464,73.7320,67.9790,5.7530
PEMAFC-A,3,period_0943,38.453333,-14.5894,6.9183,75.9725,67.9790,7.9935
PEMAFC-A,3,period_0943,38.506667,-15.7347,6.8571,79.2475,67.9790,11.2685
PEMAFC-A,3,period_0943,38.560000,-15.4940,12.1491,76.1514,67.9790,8.1723
PEMAFC-A,3,period_0943,38.600000,-14.9801,14.8020,74.5883,67.9790,6.6093
PEMAFC-A,3,period_0943,38.653333,-14.7770,13.7455,74.8604,67.9790,6.8813
PEMAFC-A,3,period_0943,38.706667,-14.8038,11.7390,78.0894,67.9790,10.1104
PEMAFC-A,3,period_0943,38.760000,-15.3639,9.4708,80.1957,67.9790,12.2167
PEMAFC-A,3,period_0943,38.800000,-14.6453,7.9338,74.7229,67.9790,6.7438
PEMAFC-A,3,period_0943,38.853333,-14.0903,11.2350,73.2523,67.9790,5.2733
PEMAFC-A,3,period_0943,38.906667,-9.4817,15.6050,68.4306,67.9790,0.4516
PEMAFC-A,3,period_0943,38.960000,-11.6312,6.4891,75.1476,67.9790,7.1686
PEMAFC-A,3,period_0943,39.000000,-13.3395,1.2961,87.4627,67.9790,19.4836
PEMAFC-A,3,period_0943,39.053333,-13.8981,2.9397,88.4478,67.9790,20.4688
PEMAFC-A,3,period_0943,39.106667,-15.2843,4.5206,88.4250,67.9790,20.4459
PEMAFC-A,3,period_0943,39.160000,-15.8545,7.4547,88.4210,67.9790,20.4420
PEMAFC-A,3,period_0943,39.200000,-16.6483,6.1711,88.4334,67.9790,20.4544
PEMAFC-A,3,period_0943,39.253333,-17.1113,4.6832,87.1373,67.9790,19.1582
PEMAFC-A,3,period_0943,39.306667,-17.3149,6.6640,88.3807,67.9790,20.4017
PEMAFC-A,3,period_0943,39.360000,-17.4530,7.2611,88.3677,67.9790,20.3887
PEMAFC-A,3,period_0943,39.400000,-17.5904,8.1771,88.3590,67.9790,20.3800
PEMAFC-A,3,period_0943,39.453333,-17.6874,10.1173,88.3548,67.9790,20.3758
PEMAFC-A,3,period_0943,39.506667,-17.8286,8.3746,88.3429,67.9790,20.3639
PEMAFC-A,3,period_0943,39.560000,-17.8829,10.9508,88.3340,67.9790,20.3550
PEMAFC-A,3,period_0943,39.600000,-18.0511,9.6433,88.3241,67.9790,20.3450
PEMAFC-A,3,period_0943,39.653333,-18.1446,9.3304,88.3193,67.9790,20.3402
PEMAFC-A,3,period_0943,39.706667,-18.1806,11.3493,88.3109,67.9790,20.3319
PEMAFC-A,3,period_0943,39.760000,-18.4229,6.2049,88.3276,67.9790,20.3485
PEMAFC-A,3,period_0943,39.800000,-18.3096,7.3179,87.3330,67.9790,19.3539
PEMAFC-A,3,period_0943,39.853333,-18.5386,7.3338,88.3362,67.9790,20.3571
PEMAFC-A,3,period_0943,39.906667,-18.5294,7.6695,88.3380,67.9790,20.3589
PEMAFC-A,3,period_0943,39.960000,-19.0084,6.5722,88.3044,67.9790,20.3254
PEMAFC-A,3,period_0943,40.000000,-14.7495,4.9515,76.2601,67.9790,8.2811
PEMAFC-PCA-F (K=12/12),0,period_0707,0.013333,2.6765,-0.7058,85.0245,85.1794,-0.1549
PEMAFC-PCA-F (K=12/12),0,period_0707,0.053333,2.6748,-0.0169,85.0368,85.1794,-0.1425
PEMAFC-PCA-F (K=12/12),0,period_0707,0.106667,2.6723,-0.1245,85.0518,85.1794,-0.1275
PEMAFC-PCA-F (K=12/12),0,period_0707,0.160000,2.6699,-0.0558,85.0656,85.1794,-0.1138
PEMAFC-PCA-F (K=12/12),0,period_0707,0.200000,2.6681,-0.0786,85.0767,85.1794,-0.1026
PEMAFC-PCA-F (K=12/12),0,period_0707,0.253333,2.6661,-0.0949,85.0873,85.1794,-0.0921
PEMAFC-PCA-F (K=12/12),0,period_0707,0.306667,2.6636,-0.0822,85.0963,85.1794,-0.0831
PEMAFC-PCA-F (K=12/12),0,period_0707,0.360000,2.6610,-0.1079,85.1150,85.1794,-0.0643
PEMAFC-PCA-F (K=12/12),0,period_0707,0.400000,2.6591,0.0016,85.1233,85.1794,-0.0560
PEMAFC-PCA-F (K=12/12),0,period_0707,0.453333,2.6567,-0.0882,85.1395,85.1794,-0.0398
PEMAFC-PCA-F (K=12/12),0,period_0707,0.506667,2.6546,-0.1292,85.1528,85.1794,-0.0265
PEMAFC-PCA-F (K=12/12),0,period_0707,0.560000,2.6525,0.0012,85.1690,85.1794,-0.0103
PEMAFC-PCA-F (K=12/12),0,period_0707,0.600000,2.6508,-0.0368,85.1822,85.1794,0.0028
PEMAFC-PCA-F (K=12/12),0,period_0707,0.653333,2.6482,-0.0503,85.1987,85.1794,0.0193
PEMAFC-PCA-F (K=12/12),0,period_0707,0.706667,2.6440,-0.0377,85.2248,85.1794,0.0454
PEMAFC-PCA-F (K=12/12),0,period_0707,0.760000,2.6401,0.0217,85.2561,85.1794,0.0767
PEMAFC-PCA-F (K=12/12),0,period_0707,0.800000,2.6167,-1.5195,85.2892,85.1794,0.1098
PEMAFC-PCA-F (K=12/12),0,period_0707,0.853333,1.7225,-2.9486,85.3874,85.1794,0.2080
PEMAFC-PCA-F (K=12/12),0,period_0707,0.906667,-4.0564,0.1145,84.8116,85.1794,-0.3678
PEMAFC-PCA-F (K=12/12),0,period_0707,0.960000,-3.6207,6.1551,82.4354,85.1794,-2.7439
PEMAFC-PCA-F (K=12/12),0,period_0707,1.000000,-0.1993,6.7276,77.4491,85.1794,-7.7303
PEMAFC-PCA-F (K=12/12),0,period_0707,1.053333,0.3721,10.5648,79.9015,85.1794,-5.2779
PEMAFC-PCA-F (K=12/12),0,period_0707,1.106667,0.0035,15.2042,83.9735,85.1794,-1.2059
PEMAFC-PCA-F (K=12/12),0,period_0707,1.160000,-3.6151,8.7983,87.7753,85.1794,2.5959
PEMAFC-PCA-F (K=12/12),0,period_0707,1.200000,-0.8160,6.7334,87.1522,85.1794,1.9728
PEMAFC-PCA-F (K=12/12),0,period_0707,1.253333,2.7864,8.6425,78.3407,85.1794,-6.8386
PEMAFC-PCA-F (K=12/12),0,period_0707,1.306667,6.8713,8.1429,73.3778,85.1794,-11.8016
PEMAFC-PCA-F (K=12/12),0,period_0707,1.360000,6.1676,-3.3136,74.3923,85.1794,-10.7870
PEMAFC-PCA-F (K=12/12),0,period_0707,1.400000,6.0203,-3.9898,74.4862,85.1794,-10.6931
PEMAFC-PCA-F (K=12/12),0,period_0707,1.453333,5.8427,-5.5189,74.6456,85.1794,-10.5337
PEMAFC-PCA-F (K=12/12),0,period_0707,1.506667,5.7244,-5.6435,74.7591,85.1794,-10.4202
PEMAFC-PCA-F (K=12/12),0,period_0707,1.560000,5.6431,-4.8377,74.8743,85.1794,-10.3051
PEMAFC-PCA-F (K=12/12),0,period_0707,1.600000,5.6011,-4.3814,74.9172,85.1794,-10.2622
PEMAFC-PCA-F (K=12/12),0,period_0707,1.653333,5.5548,-5.3315,74.9744,85.1794,-10.2050
PEMAFC-PCA-F (K=12/12),0,period_0707,1.706667,5.5167,-4.3595,75.0373,85.1794,-10.1420
PEMAFC-PCA-F (K=12/12),0,period_0707,1.760000,5.4883,-5.2503,75.0710,85.1794,-10.1084
PEMAFC-PCA-F (K=12/12),0,period_0707,1.800000,5.4712,-4.8500,75.0901,85.1794,-10.0893
PEMAFC-PCA-F (K=12/12),0,period_0707,1.853333,5.4453,-4.5731,75.1268,85.1794,-10.0525
PEMAFC-PCA-F (K=12/12),0,period_0707,1.906667,5.4293,-5.2293,75.1433,85.1794,-10.0361
PEMAFC-PCA-F (K=12/12),0,period_0707,1.960000,5.4150,-4.8876,75.1623,85.1794,-10.0171
PEMAFC-PCA-F (K=12/12),0,period_0707,2.000000,5.4067,-4.2687,75.1795,85.1794,-9.9999
PEMAFC-PCA-F (K=12/12),0,period_0707,2.053333,5.3969,-5.6416,75.1935,85.1794,-9.9859
PEMAFC-PCA-F (K=12/12),0,period_0707,2.106667,5.3860,-4.4002,75.2100,85.1794,-9.9693
PEMAFC-PCA-F (K=12/12),0,period_0707,2.160000,5.3743,-4.8334,75.2311,85.1794,-9.9482
PEMAFC-PCA-F (K=12/12),0,period_0707,2.200000,5.3686,-5.0671,75.2343,85.1794,-9.9450
PEMAFC-PCA-F (K=12/12),0,period_0707,2.253333,5.3583,-4.3510,75.2532,85.1794,-9.9262
PEMAFC-PCA-F (K=12/12),0,period_0707,2.306667,5.3487,-4.4150,75.2644,85.1794,-9.9150
PEMAFC-PCA-F (K=12/12),0,period_0707,2.360000,5.3408,-4.8234,75.2744,85.1794,-9.9050
PEMAFC-PCA-F (K=12/12),0,period_0707,2.400000,5.3342,-4.3550,75.2838,85.1794,-9.8955
PEMAFC-PCA-F (K=12/12),0,period_0707,2.453333,5.3263,-5.5282,75.2954,85.1794,-9.8839
PEMAFC-PCA-F (K=12/12),0,period_0707,2.506667,5.3177,-5.0442,75.3060,85.1794,-9.8734
PEMAFC-PCA-F (K=12/12),0,period_0707,2.560000,0.4136,-1.2656,83.8639,85.1794,-1.3155
PEMAFC-PCA-F (K=12/12),0,period_0707,2.600000,-0.3312,12.2532,88.1382,85.1794,2.9589
PEMAFC-PCA-F (K=12/12),0,period_0707,2.653333,-0.0510,11.4526,80.2828,85.1794,-4.8966
PEMAFC-PCA-F (K=12/12),0,period_0707,2.706667,0.2658,11.4799,78.0257,85.1794,-7.1536
PEMAFC-PCA-F (K=12/12),0,period_0707,2.760000,3.0664,7.2442,81.8326,85.1794,-3.3468
PEMAFC-PCA-F (K=12/12),0,period_0707,2.800000,-0.3817,5.9132,87.0835,85.1794,1.9041
PEMAFC-PCA-F (K=12/12),0,period_0707,2.853333,1.3888,1.9325,85.8118,85.1794,0.6324
PEMAFC-PCA-F (K=12/12),0,period_0707,2.906667,-0.9219,4.7260,88.5677,85.1794,3.3883
PEMAFC-PCA-F (K=12/12),0,period_0707,2.960000,-0.2938,1.6772,85.2523,85.1794,0.0729
PEMAFC-PCA-F (K=12/12),0,period_0707,3.000000,-3.0496,1.4244,82.3194,85.1794,-2.8599
PEMAFC-PCA-F (K=12/12),0,period_0707,3.053333,-3.8467,5.9324,83.6976,85.1794,-1.4818
PEMAFC-PCA-F (K=12/12),0,period_0707,3.106667,-4.2529,7.4726,86.4637,85.1794,1.2843
PEMAFC-PCA-F (K=12/12),0,period_0707,3.160000,-4.5655,4.6135,87.1592,85.1794,1.9798
PEMAFC-PCA-F (K=12/12),0,period_0707,3.200000,-4.5242,1.3860,87.3918,85.1794,2.2125
PEMAFC-PCA-F (K=12/12),0,period_0707,3.253333,-4.8548,0.0067,87.2740,85.1794,2.0947
PEMAFC-PCA-F (K=12/12),0,period_0707,3.306667,-4.9618,0.2511,86.7343,85.1794,1.5549
PEMAFC-PCA-F (K=12/12),0,period_0707,3.360000,-5.0243,0.5398,86.6105,85.1794,1.4312
PEMAFC-PCA-F (K=12/12),0,period_0707,3.400000,-5.0800,0.2911,86.6053,85.1794,1.4260
PEMAFC-PCA-F (K=12/12),0,period_0707,3.453333,-5.1335,0.4611,86.5892,85.1794,1.4099
PEMAFC-PCA-F (K=12/12),0,period_0707,3.506667,-5.1687,0.3594,86.5655,85.1794,1.3861
PEMAFC-PCA-F (K=12/12),0,period_0707,3.560000,-5.1988,0.3648,86.5713,85.1794,1.3919
PEMAFC-PCA-F (K=12/12),0,period_0707,3.600000,-5.2113,0.9542,86.5587,85.1794,1.3794
PEMAFC-PCA-F (K=12/12),0,period_0707,3.653333,-5.2425,0.4019,86.5809,85.1794,1.4016
PEMAFC-PCA-F (K=12/12),0,period_0707,3.706667,-5.2591,0.5212,86.5839,85.1794,1.4045
PEMAFC-PCA-F (K=12/12),0,period_0707,3.760000,-5.2683,0.9417,86.5714,85.1794,1.3920
PEMAFC-PCA-F (K=12/12),0,period_0707,3.800000,-5.2783,0.5847,86.5799,85.1794,1.4005
PEMAFC-PCA-F (K=12/12),0,period_0707,3.853333,-5.2866,0.6566,86.5783,85.1794,1.3989
PEMAFC-PCA-F (K=12/12),0,period_0707,3.906667,-5.2938,0.6552,86.5754,85.1794,1.3960
PEMAFC-PCA-F (K=12/12),0,period_0707,3.960000,-5.3007,0.6708,86.5774,85.1794,1.3981
PEMAFC-PCA-F (K=12/12),0,period_0707,4.000000,-5.3061,1.0417,86.5792,85.1794,1.3998
PEMAFC-PCA-F (K=12/12),0,period_0707,4.053333,-5.3856,2.6817,86.5094,85.1794,1.3300
PEMAFC-PCA-F (K=12/12),0,period_0707,4.106667,-3.8454,8.4744,85.0314,85.1794,-0.1480
PEMAFC-PCA-F (K=12/12),0,period_0707,4.160000,1.8440,7.1627,77.3844,85.1794,-7.7950
PEMAFC-PCA-F (K=12/12),0,period_0707,4.200000,0.7463,5.0712,82.3304,85.1794,-2.8490
PEMAFC-PCA-F (K=12/12),0,period_0707,4.253333,1.6874,6.1031,75.5422,85.1794,-9.6371
PEMAFC-PCA-F (K=12/12),0,period_0707,4.306667,1.5724,8.6302,77.5747,85.1794,-7.6047
PEMAFC-PCA-F (K=12/12),0,period_0707,4.360000,-0.9074,6.7299,84.4239,85.1794,-0.7554
PEMAFC-PCA-F (K=12/12),0,period_0707,4.400000,-4.6265,6.9421,91.2527,85.1794,6.0733
PEMAFC-PCA-F (K=12/12),0,period_0707,4.453333,-1.2109,11.7188,85.5086,85.1794,0.3292
PEMAFC-PCA-F (K=12/12),0,period_0707,4.506667,-1.2879,13.1498,85.3354,85.1794,0.1561
PEMAFC-PCA-F (K=12/12),0,period_0707,4.560000,-0.5411,10.4129,85.9153,85.1794,0.7359
PEMAFC-PCA-F (K=12/12),0,period_0707,4.600000,-0.8870,6.7498,90.1008,85.1794,4.9214
PEMAFC-PCA-F (K=12/12),0,period_0707,4.653333,0.9334,4.3279,87.4440,85.1794,2.2646
PEMAFC-PCA-F (K=12/12),0,period_0707,4.706667,-2.4201,0.3072,85.6426,85.1794,0.4633
PEMAFC-PCA-F (K=12/12),0,period_0707,4.760000,-2.6161,4.6438,89.3879,85.1794,4.2085
PEMAFC-PCA-F (K=12/12),0,period_0707,4.800000,1.7821,3.5601,84.1423,85.1794,-1.0371
PEMAFC-PCA-F (K=12/12),0,period_0707,4.853333,-1.1818,0.9824,86.0551,85.1794,0.8758
PEMAFC-PCA-F (K=12/12),0,period_0707,4.906667,-3.8221,4.0977,84.5988,85.1794,-0.5805
PEMAFC-PCA-F (K=12/12),0,period_0707,4.960000,-4.0696,4.5002,84.3694,85.1794,-0.8100
PEMAFC-PCA-F (K=12/12),0,period_0707,5.000000,-4.2661,3.9939,84.7300,85.1794,-0.4494
PEMAFC-PCA-F (K=12/12),0,period_0707,5.053333,-4.5213,1.8077,85.0449,85.1794,-0.1345
PEMAFC-PCA-F (K=12/12),0,period_0707,5.106667,-4.8452,-0.4044,85.8200,85.1794,0.6406
PEMAFC-PCA-F (K=12/12),0,period_0707,5.160000,-4.9946,-0.1623,86.3794,85.1794,1.2001
PEMAFC-PCA-F (K=12/12),0,period_0707,5.200000,-5.1242,-0.0399,86.7651,85.1794,1.5857
PEMAFC-PCA-F (K=12/12),0,period_0707,5.253333,-5.2320,0.0412,87.1014,85.1794,1.9220
PEMAFC-PCA-F (K=12/12),0,period_0707,5.306667,-5.3006,0.0240,87.3295,85.1794,2.1502
PEMAFC-PCA-F (K=12/12),0,period_0707,5.360000,-5.3654,0.3256,87.4877,85.1794,2.3083
PEMAFC-PCA-F (K=12/12),0,period_0707,5.400000,-5.3882,0.3314,87.5913,85.1794,2.4119
PEMAFC-PCA-F (K=12/12),0,period_0707,5.453333,-5.4134,0.3213,87.7111,85.1794,2.5317
PEMAFC-PCA-F (K=12/12),0,period_0707,5.506667,-5.4382,0.4266,87.8024,85.1794,2.6231
PEMAFC-PCA-F (K=12/12),0,period_0707,5.560000,-5.4565,0.4289,87.8674,85.1794,2.6880
PEMAFC-PCA-F (K=12/12),0,period_0707,5.600000,-5.4729,0.3205,87.9011,85.1794,2.7217
PEMAFC-PCA-F (K=12/12),0,period_0707,5.653333,-5.4848,0.5186,87.9546,85.1794,2.7752
PEMAFC-PCA-F (K=12/12),0,period_0707,5.706667,-5.4956,0.2934,87.9858,85.1794,2.8064
PEMAFC-PCA-F (K=12/12),0,period_0707,5.760000,-5.5089,0.5948,88.0299,85.1794,2.8505
PEMAFC-PCA-F (K=12/12),0,period_0707,5.800000,-5.5144,0.5997,88.0595,85.1794,2.8802
PEMAFC-PCA-F (K=12/12),0,period_0707,5.853333,-6.2935,1.6401,89.5803,85.1794,4.4010
PEMAFC-PCA-F (K=12/12),0,period_0707,5.906667,0.1401,6.8864,75.9238,85.1794,-9.2556
PEMAFC-PCA-F (K=12/12),0,period_0707,5.960000,4.0719,5.7657,77.0565,85.1794,-8.1229
PEMAFC-PCA-F (K=12/12),0,period_0707,6.000000,3.7483,3.6986,76.8713,85.1794,-8.3081
PEMAFC-PCA-F (K=12/12),0,period_0707,6.053333,8.8142,3.8257,71.8775,85.1794,-13.3019
PEMAFC-PCA-F (K=12/12),0,period_0707,6.106667,7.8665,4.9461,72.5844,85.1794,-12.5950
PEMAFC-PCA-F (K=12/12),0,period_0707,6.160000,7.2040,5.8858,78.5168,85.1794,-6.6625
PEMAFC-PCA-F (K=12/12),0,period_0707,6.200000,6.0444,3.3264,77.6116,85.1794,-7.5678
PEMAFC-PCA-F (K=12/12),0,period_0707,6.253333,3.2896,-1.3659,78.5813,85.1794,-6.5981
PEMAFC-PCA-F (K=12/12),0,period_0707,6.306667,2.3284,2.9435,84.8778,85.1794,-0.3016
PEMAFC-PCA-F (K=12/12),0,period_0707,6.360000,2.6968,4.1630,77.5136,85.1794,-7.6658
PEMAFC-PCA-F (K=12/12),0,period_0707,6.400000,3.0386,8.9254,78.2303,85.1794,-6.9490
PEMAFC-PCA-F (K=12/12),0,period_0707,6.453333,2.3572,8.6492,77.0141,85.1794,-8.1653
PEMAFC-PCA-F (K=12/12),0,period_0707,6.506667,3.2865,9.8414,80.0689,85.1794,-5.1105
PEMAFC-PCA-F (K=12/12),0,period_0707,6.560000,-0.3738,6.0544,89.5428,85.1794,4.3635
PEMAFC-PCA-F (K=12/12),0,period_0707,6.600000,0.6404,18.2774,87.6321,85.1794,2.4527
PEMAFC-PCA-F (K=12/12),0,period_0707,6.653333,-0.1391,14.2231,88.3533,85.1794,3.1739
PEMAFC-PCA-F (K=12/12),0,period_0707,6.706667,-0.3589,7.5948,87.3640,85.1794,2.1847
PEMAFC-PCA-F (K=12/12),0,period_0707,6.760000,-1.2287,7.5864,87.8165,85.1794,2.6371
PEMAFC-PCA-F (K=12/12),0,period_0707,6.800000,-1.6322,6.7429,88.0273,85.1794,2.8479
PEMAFC-PCA-F (K=12/12),0,period_0707,6.853333,-0.7107,3.2775,87.0788,85.1794,1.8995
PEMAFC-PCA-F (K=12/12),0,period_0707,6.906667,-0.5685,6.0783,86.2280,85.1794,1.0486
PEMAFC-PCA-F (K=12/12),0,period_0707,6.960000,4.4252,7.4515,81.6388,85.1794,-3.5406
PEMAFC-PCA-F (K=12/12),0,period_0707,7.000000,4.1569,7.3116,84.0056,85.1794,-1.1738
PEMAFC-PCA-F (K=12/12),0,period_0707,7.053333,-0.7974,1.5591,79.9747,85.1794,-5.2046
PEMAFC-PCA-F (K=12/12),0,period_0707,7.106667,-2.1875,2.6504,82.0350,85.1794,-3.1444
PEMAFC-PCA-F (K=12/12),0,period_0707,7.160000,-3.1420,4.0694,82.9956,85.1794,-2.1838
PEMAFC-PCA-F (K=12/12),0,period_0707,7.200000,-3.3598,2.7502,88.7125,85.1794,3.5331
PEMAFC-PCA-F (K=12/12),0,period_0707,7.253333,-3.1325,3.9318,89.6354,85.1794,4.4561
PEMAFC-PCA-F (K=12/12),0,period_0707,7.306667,-3.7735,5.6078,89.6506,85.1794,4.4713
PEMAFC-PCA-F (K=12/12),0,period_0707,7.360000,-2.0956,7.0874,89.3949,85.1794,4.2155
PEMAFC-PCA-F (K=12/12),0,period_0707,7.400000,-0.9859,8.2593,88.3166,85.1794,3.1373
PEMAFC-PCA-F (K=12/12),0,period_0707,7.453333,-1.4913,4.8740,87.9163,85.1794,2.7370
PEMAFC-PCA-F (K=12/12),0,period_0707,7.506667,-0.7239,11.1529,84.5253,85.1794,-0.6541
PEMAFC-PCA-F (K=12/12),0,period_0707,7.560000,-1.0343,7.6580,82.9726,85.1794,-2.2068
PEMAFC-PCA-F (K=12/12),0,period_0707,7.600000,-3.0830,2.5786,88.1157,85.1794,2.9363
PEMAFC-PCA-F (K=12/12),0,period_0707,7.653333,-0.1898,9.8684,84.6516,85.1794,-0.5278
PEMAFC-PCA-F (K=12/12),0,period_0707,7.706667,-1.0499,10.3998,86.7438,85.1794,1.5644
PEMAFC-PCA-F (K=12/12),0,period_0707,7.760000,-0.5256,10.5550,85.0573,85.1794,-0.1221
PEMAFC-PCA-F (K=12/12),0,period_0707,7.800000,0.0869,10.0166,82.9144,85.1794,-2.2650
PEMAFC-PCA-F (K=12/12),0,period_0707,7.853333,-0.7965,14.0056,86.8895,85.1794,1.7101
PEMAFC-PCA-F (K=12/12),0,period_0707,7.906667,-1.6574,11.4955,89.2162,85.1794,4.0368
PEMAFC-PCA-F (K=12/12),0,period_0707,7.960000,-0.8496,10.7677,87.6665,85.1794,2.4872
PEMAFC-PCA-F (K=12/12),0,period_0707,8.000000,0.4922,15.1534,82.7211,85.1794,-2.4583
PEMAFC-PCA-F (K=12/12),0,period_0707,8.053333,2.5395,16.8752,85.5077,85.1794,0.3283
PEMAFC-PCA-F (K=12/12),0,period_0707,8.106667,2.8284,1.6900,73.8580,85.1794,-11.3213
PEMAFC-PCA-F (K=12/12),0,period_0707,8.160000,-0.2713,5.2512,83.4565,85.1794,-1.7228
PEMAFC-PCA-F (K=12/12),0,period_0707,8.200000,-0.1515,13.7255,86.3657,85.1794,1.1863
PEMAFC-PCA-F (K=12/12),0,period_0707,8.253333,-0.7163,15.1819,86.5161,85.1794,1.3367
PEMAFC-PCA-F (K=12/12),0,period_0707,8.306667,-1.1886,13.3311,86.6694,85.1794,1.4900
PEMAFC-PCA-F (K=12/12),0,period_0707,8.360000,-0.1812,14.6513,85.8102,85.1794,0.6308
PEMAFC-PCA-F (K=12/12),0,period_0707,8.400000,0.7656,11.8483,85.1578,85.1794,-0.0216
PEMAFC-PCA-F (K=12/12),0,period_0707,8.453333,0.1717,6.8518,85.4630,85.1794,0.2836
PEMAFC-PCA-F (K=12/12),0,period_0707,8.506667,-0.2790,12.1453,85.8334,85.1794,0.6541
PEMAFC-PCA-F (K=12/12),0,period_0707,8.560000,-0.1632,12.5119,85.9341,85.1794,0.7548
PEMAFC-PCA-F (K=12/12),0,period_0707,8.600000,-0.0646,12.0831,86.3353,85.1794,1.1559
PEMAFC-PCA-F (K=12/12),0,period_0707,8.653333,-0.7038,11.7505,86.1080,85.1794,0.9286
PEMAFC-PCA-F (K=12/12),0,period_0707,8.706667,-0.1096,9.8726,85.7213,85.1794,0.5419
PEMAFC-PCA-F (K=12/12),0,period_0707,8.760000,0.8228,13.3481,85.0546,85.1794,-0.1248
PEMAFC-PCA-F (K=12/12),0,period_0707,8.800000,0.2601,11.0647,85.1807,85.1794,0.0013
PEMAFC-PCA-F (K=12/12),0,period_0707,8.853333,1.6214,16.4026,79.4362,85.1794,-5.7432
PEMAFC-PCA-F (K=12/12),0,period_0707,8.906667,5.5894,16.3188,73.4886,85.1794,-11.6908
PEMAFC-PCA-F (K=12/12),0,period_0707,8.960000,5.9728,5.9697,74.2341,85.1794,-10.9452
PEMAFC-PCA-F (K=12/12),0,period_0707,9.000000,5.6649,-1.1860,74.8376,85.1794,-10.3418
PEMAFC-PCA-F (K=12/12),0,period_0707,9.053333,4.8302,-3.4513,76.6146,85.1794,-8.5648
PEMAFC-PCA-F (K=12/12),0,period_0707,9.106667,4.6681,-3.7362,76.8422,85.1794,-8.3371
PEMAFC-PCA-F (K=12/12),0,period_0707,9.160000,4.5730,-1.9438,77.0113,85.1794,-8.1680
PEMAFC-PCA-F (K=12/12),0,period_0707,9.200000,4.5033,-1.8784,77.0668,85.1794,-8.1126
PEMAFC-PCA-F (K=12/12),0,period_0707,9.253333,4.4464,-0.7932,77.1774,85.1794,-8.0020
PEMAFC-PCA-F (K=12/12),0,period_0707,9.306667,4.4076,-2.0010,77.2659,85.1794,-7.9135
PEMAFC-PCA-F (K=12/12),0,period_0707,9.360000,4.3859,-0.8414,77.2961,85.1794,-7.8833
PEMAFC-PCA-F (K=12/12),0,period_0707,9.400000,4.3650,-1.0101,77.3312,85.1794,-7.8481
PEMAFC-PCA-F (K=12/12),0,period_0707,9.453333,4.3361,-1.5747,77.3981,85.1794,-7.7812
PEMAFC-PCA-F (K=12/12),0,period_0707,9.506667,4.3018,-1.1792,77.4704,85.1794,-7.7090
PEMAFC-PCA-F (K=12/12),0,period_0707,9.560000,4.2593,-0.9733,77.5570,85.1794,-7.6224
PEMAFC-PCA-F (K=12/12),0,period_0707,9.600000,4.2168,-2.4364,77.6328,85.1794,-7.5466
PEMAFC-PCA-F (K=12/12),0,period_0707,9.653333,4.1724,-0.7205,77.7016,85.1794,-7.4778
PEMAFC-PCA-F (K=12/12),0,period_0707,9.706667,4.1136,-0.8780,77.7810,85.1794,-7.3983
PEMAFC-PCA-F (K=12/12),0,period_0707,9.760000,4.0623,-1.1707,77.9106,85.1794,-7.2688
PEMAFC-PCA-F (K=12/12),0,period_0707,9.800000,4.0403,0.5191,77.9866,85.1794,-7.1927
PEMAFC-PCA-F (K=12/12),0,period_0707,9.853333,4.0119,-1.4826,78.0590,85.1794,-7.1203
PEMAFC-PCA-F (K=12/12),0,period_0707,9.906667,3.9946,0.3380,78.0879,85.1794,-7.0915
PEMAFC-PCA-F (K=12/12),0,period_0707,9.960000,-1.0349,2.4599,86.4800,85.1794,1.3007
PEMAFC-PCA-F (K=12/12),0,period_0707,10.000000,3.6648,4.3662,82.3220,85.1794,-2.8574
PEMAFC-PCA-F (K=12/12),1,period_0856,10.013333,-0.6917,-39.5885,76.1505,75.6790,0.4715
PEMAFC-PCA-F (K=12/12),1,period_0856,10.053333,-0.6933,1.2657,76.1516,75.6790,0.4725
PEMAFC-PCA-F (K=12/12),1,period_0856,10.106667,-0.6955,0.5697,76.1529,75.6790,0.4739
PEMAFC-PCA-F (K=12/12),1,period_0856,10.160000,-0.6976,1.3212,76.1542,75.6790,0.4752
PEMAFC-PCA-F (K=12/12),1,period_0856,10.200000,-0.6991,0.9039,76.1550,75.6790,0.4760
PEMAFC-PCA-F (K=12/12),1,period_0856,10.253333,-0.7012,0.5419,76.1564,75.6790,0.4773
PEMAFC-PCA-F (K=12/12),1,period_0856,10.306667,-0.7034,1.1370,76.1579,75.6790,0.4789
PEMAFC-PCA-F (K=12/12),1,period_0856,10.360000,-0.7058,0.2063,76.1593,75.6790,0.4803
PEMAFC-PCA-F (K=12/12),1,period_0856,10.400000,-0.7074,0.7691,76.1602,75.6790,0.4812
PEMAFC-PCA-F (K=12/12),1,period_0856,10.453333,-0.7097,0.3251,76.1615,75.6790,0.4825
PEMAFC-PCA-F (K=12/12),1,period_0856,10.506667,-0.7117,-0.1477,76.1624,75.6790,0.4833
PEMAFC-PCA-F (K=12/12),1,period_0856,10.560000,-0.7137,0.6046,76.1637,75.6790,0.4847
PEMAFC-PCA-F (K=12/12),1,period_0856,10.600000,-0.7154,0.7433,76.1649,75.6790,0.4859
PEMAFC-PCA-F (K=12/12),1,period_0856,10.653333,-0.7178,0.6222,76.1663,75.6790,0.4872
PEMAFC-PCA-F (K=12/12),1,period_0856,10.706667,-0.7215,0.5467,76.1680,75.6790,0.4890
PEMAFC-PCA-F (K=12/12),1,period_0856,10.760000,-0.7252,0.7951,76.1702,75.6790,0.4911
PEMAFC-PCA-F (K=12/12),1,period_0856,10.800000,-0.7632,-0.1450,76.2209,75.6790,0.5419
PEMAFC-PCA-F (K=12/12),1,period_0856,10.853333,-1.4943,0.5536,76.8716,75.6790,1.1926
PEMAFC-PCA-F (K=12/12),1,period_0856,10.906667,-7.0314,3.4201,81.2923,75.6790,5.6133
PEMAFC-PCA-F (K=12/12),1,period_0856,10.960000,-7.7130,10.7219,81.9143,75.6790,6.2352
PEMAFC-PCA-F (K=12/12),1,period_0856,11.000000,-6.8535,10.0555,81.1030,75.6790,5.4240
PEMAFC-PCA-F (K=12/12),1,period_0856,11.053333,-5.9022,6.9352,81.4766,75.6790,5.7976
PEMAFC-PCA-F (K=12/12),1,period_0856,11.106667,-1.9513,7.1778,77.9909,75.6790,2.3119
PEMAFC-PCA-F (K=12/12),1,period_0856,11.160000,-4.2256,3.7559,79.8794,75.6790,4.2004
PEMAFC-PCA-F (K=12/12),1,period_0856,11.200000,-4.6618,7.3760,79.2947,75.6790,3.6156
PEMAFC-PCA-F (K=12/12),1,period_0856,11.253333,-2.9789,8.9863,75.1150,75.6790,-0.5640
PEMAFC-PCA-F (K=12/12),1,period_0856,11.306667,-2.1606,10.3715,73.7303,75.6790,-1.9487
PEMAFC-PCA-F (K=12/12),1,period_0856,11.360000,-2.6125,-2.4397,74.8830,75.6790,-0.7960
PEMAFC-PCA-F (K=12/12),1,period_0856,11.400000,-2.7888,-6.1309,75.4244,75.6790,-0.2546
PEMAFC-PCA-F (K=12/12),1,period_0856,11.453333,-2.9528,-4.7902,75.9330,75.6790,0.2540
PEMAFC-PCA-F (K=12/12),1,period_0856,11.506667,-3.0696,-5.9140,76.3202,75.6790,0.6412
PEMAFC-PCA-F (K=12/12),1,period_0856,11.560000,-3.1309,-3.0822,76.5259,75.6790,0.8469
PEMAFC-PCA-F (K=12/12),1,period_0856,11.600000,-3.1718,-4.5315,76.6678,75.6790,0.9887
PEMAFC-PCA-F (K=12/12),1,period_0856,11.653333,-3.2103,-4.4076,76.8047,75.6790,1.1257
PEMAFC-PCA-F (K=12/12),1,period_0856,11.706667,-3.2406,-3.3713,76.9085,75.6790,1.2295
PEMAFC-PCA-F (K=12/12),1,period_0856,11.760000,-3.2636,-3.8760,76.9913,75.6790,1.3123
PEMAFC-PCA-F (K=12/12),1,period_0856,11.800000,-3.2776,-3.5275,77.0418,75.6790,1.3628
PEMAFC-PCA-F (K=12/12),1,period_0856,11.853333,-3.2965,-3.4547,77.1102,75.6790,1.4312
PEMAFC-PCA-F (K=12/12),1,period_0856,11.906667,-3.3101,-4.0846,77.1595,75.6790,1.4805
PEMAFC-PCA-F (K=12/12),1,period_0856,11.960000,-3.3208,-3.3728,77.1969,75.6790,1.5179
PEMAFC-PCA-F (K=12/12),1,period_0856,12.000000,-3.3270,-1.8737,77.2179,75.6790,1.5389
PEMAFC-PCA-F (K=12/12),1,period_0856,12.053333,-3.3340,-2.9943,77.2431,75.6790,1.5641
PEMAFC-PCA-F (K=12/12),1,period_0856,12.106667,-3.3423,-2.8201,77.2716,75.6790,1.5926
PEMAFC-PCA-F (K=12/12),1,period_0856,12.160000,-3.3497,-1.5233,77.2953,75.6790,1.6163
PEMAFC-PCA-F (K=12/12),1,period_0856,12.200000,-3.3552,-4.4184,77.3149,75.6790,1.6359
PEMAFC-PCA-F (K=12/12),1,period_0856,12.253333,-3.3628,-2.4093,77.3402,75.6790,1.6611
PEMAFC-PCA-F (K=12/12),1,period_0856,12.306667,-3.3711,-4.0534,77.3696,75.6790,1.6906
PEMAFC-PCA-F (K=12/12),1,period_0856,12.360000,-3.3772,-3.3568,77.3916,75.6790,1.7126
PEMAFC-PCA-F (K=12/12),1,period_0856,12.400000,-3.3823,-3.0284,77.4107,75.6790,1.7317
PEMAFC-PCA-F (K=12/12),1,period_0856,12.453333,-3.3880,-2.7937,77.4312,75.6790,1.7522
PEMAFC-PCA-F (K=12/12),1,period_0856,12.506667,-3.3942,-2.8558,77.4544,75.6790,1.7754
PEMAFC-PCA-F (K=12/12),1,period_0856,12.560000,-4.2478,8.2580,80.7693,75.6790,5.0903
PEMAFC-PCA-F (K=12/12),1,period_0856,12.600000,-4.4160,12.7836,81.5089,75.6790,5.8299
PEMAFC-PCA-F (K=12/12),1,period_0856,12.653333,-4.5088,12.3308,79.5644,75.6790,3.8854
PEMAFC-PCA-F (K=12/12),1,period_0856,12.706667,-4.6113,10.1566,78.6787,75.6790,2.9997
PEMAFC-PCA-F (K=12/12),1,period_0856,12.760000,-3.0095,6.5470,78.1757,75.6790,2.4966
PEMAFC-PCA-F (K=12/12),1,period_0856,12.800000,-4.4921,4.0235,81.1020,75.6790,5.4230
PEMAFC-PCA-F (K=12/12),1,period_0856,12.853333,-5.0782,2.4672,81.6631,75.6790,5.9841
PEMAFC-PCA-F (K=12/12),1,period_0856,12.906667,-5.7206,8.9725,83.6513,75.6790,7.9723
PEMAFC-PCA-F (K=12/12),1,period_0856,12.960000,-4.1074,6.2050,77.0399,75.6790,1.3609
PEMAFC-PCA-F (K=12/12),1,period_0856,13.000000,-4.8304,3.2588,77.6555,75.6790,1.9764
PEMAFC-PCA-F (K=12/12),1,period_0856,13.053333,-5.3473,5.7426,80.9811,75.6790,5.3021
PEMAFC-PCA-F (K=12/12),1,period_0856,13.106667,-6.3248,5.8478,82.9152,75.6790,7.2361
PEMAFC-PCA-F (K=12/12),1,period_0856,13.160000,-6.6616,4.9628,82.1674,75.6790,6.4884
PEMAFC-PCA-F (K=12/12),1,period_0856,13.200000,-6.7893,3.4498,82.0323,75.6790,6.3532
PEMAFC-PCA-F (K=12/12),1,period_0856,13.253333,-6.9788,2.2064,82.0950,75.6790,6.4160
PEMAFC-PCA-F (K=12/12),1,period_0856,13.306667,-7.0569,1.7750,82.0987,75.6790,6.4197
PEMAFC-PCA-F (K=12/12),1,period_0856,13.360000,-7.0904,4.0543,82.0991,75.6790,6.4201
PEMAFC-PCA-F (K=12/12),1,period_0856,13.400000,-7.1125,3.4803,82.1008,75.6790,6.4218
PEMAFC-PCA-F (K=12/12),1,period_0856,13.453333,-7.1377,3.5414,82.1020,75.6790,6.4230
PEMAFC-PCA-F (K=12/12),1,period_0856,13.506667,-7.1535,3.6469,82.1039,75.6790,6.4248
PEMAFC-PCA-F (K=12/12),1,period_0856,13.560000,-7.1659,3.5604,82.1055,75.6790,6.4265
PEMAFC-PCA-F (K=12/12),1,period_0856,13.600000,-7.1750,3.3986,82.1065,75.6790,6.4275
PEMAFC-PCA-F (K=12/12),1,period_0856,13.653333,-7.1865,4.1469,82.1089,75.6790,6.4298
PEMAFC-PCA-F (K=12/12),1,period_0856,13.706667,-7.1947,3.5631,82.1099,75.6790,6.4309
PEMAFC-PCA-F (K=12/12),1,period_0856,13.760000,-7.2017,2.9234,82.1107,75.6790,6.4317
PEMAFC-PCA-F (K=12/12),1,period_0856,13.800000,-7.2064,3.6648,82.1112,75.6790,6.4322
PEMAFC-PCA-F (K=12/12),1,period_0856,13.853333,-7.2105,3.4248,82.1116,75.6790,6.4326
PEMAFC-PCA-F (K=12/12),1,period_0856,13.906667,-7.2146,3.3091,82.1121,75.6790,6.4331
PEMAFC-PCA-F (K=12/12),1,period_0856,13.960000,-7.2176,4.8779,82.1124,75.6790,6.4334
PEMAFC-PCA-F (K=12/12),1,period_0856,14.000000,-7.2214,2.1521,82.1126,75.6790,6.4335
PEMAFC-PCA-F (K=12/12),1,period_0856,14.053333,-7.4071,-0.6144,82.1348,75.6790,6.4558
PEMAFC-PCA-F (K=12/12),1,period_0856,14.106667,-8.5034,8.9589,83.6701,75.6790,7.9911
PEMAFC-PCA-F (K=12/12),1,period_0856,14.160000,-6.9815,10.0482,79.0004,75.6790,3.3214
PEMAFC-PCA-F (K=12/12),1,period_0856,14.200000,-5.9998,9.2417,77.7668,75.6790,2.0878
PEMAFC-PCA-F (K=12/12),1,period_0856,14.253333,-5.9404,8.0974,82.6036,75.6790,6.9246
PEMAFC-PCA-F (K=12/12),1,period_0856,14.306667,-4.9763,9.3151,81.3729,75.6790,5.6938
PEMAFC-PCA-F (K=12/12),1,period_0856,14.360000,-4.7732,6.2587,81.0888,75.6790,5.4098
PEMAFC-PCA-F (K=12/12),1,period_0856,14.400000,-5.2139,6.4675,77.6169,75.6790,1.9379
PEMAFC-PCA-F (K=12/12),1,period_0856,14.453333,-5.7843,7.9464,79.9296,75.6790,4.2506
PEMAFC-PCA-F (K=12/12),1,period_0856,14.506667,-6.0713,9.9186,80.8739,75.6790,5.1949
PEMAFC-PCA-F (K=12/12),1,period_0856,14.560000,-5.8712,8.9490,79.7425,75.6790,4.0635
PEMAFC-PCA-F (K=12/12),1,period_0856,14.600000,-5.3575,10.3830,76.4280,75.6790,0.7490
PEMAFC-PCA-F (K=12/12),1,period_0856,14.653333,-4.0369,11.2069,73.8095,75.6790,-1.8695
PEMAFC-PCA-F (K=12/12),1,period_0856,14.706667,-5.7954,2.5815,82.6201,75.6790,6.9411
PEMAFC-PCA-F (K=12/12),1,period_0856,14.760000,-6.8778,8.9522,83.1207,75.6790,7.4416
PEMAFC-PCA-F (K=12/12),1,period_0856,14.800000,-4.8866,8.7985,82.0095,75.6790,6.3305
PEMAFC-PCA-F (K=12/12),1,period_0856,14.853333,-5.9691,3.5221,82.0980,75.6790,6.4190
PEMAFC-PCA-F (K=12/12),1,period_0856,14.906667,-6.4391,5.4711,82.0549,75.6790,6.3758
PEMAFC-PCA-F (K=12/12),1,period_0856,14.960000,-6.3495,5.8634,81.1060,75.6790,5.4270
PEMAFC-PCA-F (K=12/12),1,period_0856,15.000000,-6.4945,5.8840,81.0387,75.6790,5.3597
PEMAFC-PCA-F (K=12/12),1,period_0856,15.053333,-6.5364,6.3973,81.1039,75.6790,5.4248
PEMAFC-PCA-F (K=12/12),1,period_0856,15.106667,-6.6404,5.6552,81.2581,75.6790,5.5791
PEMAFC-PCA-F (K=12/12),1,period_0856,15.160000,-6.6498,6.8750,81.2606,75.6790,5.5816
PEMAFC-PCA-F (K=12/12),1,period_0856,15.200000,-6.6616,6.6932,81.2644,75.6790,5.5854
PEMAFC-PCA-F (K=12/12),1,period_0856,15.253333,-6.6737,7.6331,81.2677,75.6790,5.5887
PEMAFC-PCA-F (K=12/12),1,period_0856,15.306667,-6.6815,7.0337,81.2715,75.6790,5.5925
PEMAFC-PCA-F (K=12/12),1,period_0856,15.360000,-6.6898,7.3737,81.2767,75.6790,5.5977
PEMAFC-PCA-F (K=12/12),1,period_0856,15.400000,-6.6954,6.6376,81.2797,75.6790,5.6007
PEMAFC-PCA-F (K=12/12),1,period_0856,15.453333,-6.6989,6.2271,81.2823,75.6790,5.6032
PEMAFC-PCA-F (K=12/12),1,period_0856,15.506667,-6.7024,7.0911,81.2840,75.6790,5.6049
PEMAFC-PCA-F (K=12/12),1,period_0856,15.560000,-6.7060,6.9333,81.2860,75.6790,5.6070
PEMAFC-PCA-F (K=12/12),1,period_0856,15.600000,-6.7087,8.5789,81.2877,75.6790,5.6087
PEMAFC-PCA-F (K=12/12),1,period_0856,15.653333,-6.7112,6.9045,81.2892,75.6790,5.6102
PEMAFC-PCA-F (K=12/12),1,period_0856,15.706667,-6.7128,7.2656,81.2899,75.6790,5.6108
PEMAFC-PCA-F (K=12/12),1,period_0856,15.760000,-6.7149,7.2161,81.2910,75.6790,5.6120
PEMAFC-PCA-F (K=12/12),1,period_0856,15.800000,-6.7160,6.9910,81.2915,75.6790,5.6124
PEMAFC-PCA-F (K=12/12),1,period_0856,15.853333,-8.0204,5.8474,82.4261,75.6790,6.7471
PEMAFC-PCA-F (K=12/12),1,period_0856,15.906667,-7.1058,10.5010,81.4350,75.6790,5.7560
PEMAFC-PCA-F (K=12/12),1,period_0856,15.960000,-6.5576,8.4294,79.7943,75.6790,4.1153
PEMAFC-PCA-F (K=12/12),1,period_0856,16.000000,-4.7545,8.6788,79.3216,75.6790,3.6425
PEMAFC-PCA-F (K=12/12),1,period_0856,16.053333,-2.7561,6.1043,74.9232,75.6790,-0.7559
PEMAFC-PCA-F (K=12/12),1,period_0856,16.106667,-3.6384,5.6637,78.0551,75.6790,2.3761
PEMAFC-PCA-F (K=12/12),1,period_0856,16.160000,-4.1915,8.2712,80.4421,75.6790,4.7631
PEMAFC-PCA-F (K=12/12),1,period_0856,16.200000,-5.2900,1.8324,81.6161,75.6790,5.9371
PEMAFC-PCA-F (K=12/12),1,period_0856,16.253333,-6.9654,4.8581,83.6633,75.6790,7.9843
PEMAFC-PCA-F (K=12/12),1,period_0856,16.306667,-7.0460,8.0245,84.0255,75.6790,8.3464
PEMAFC-PCA-F (K=12/12),1,period_0856,16.360000,-5.5001,5.1832,81.6287,75.6790,5.9496
PEMAFC-PCA-F (K=12/12),1,period_0856,16.400000,-3.3034,6.9270,79.8932,75.6790,4.2141
PEMAFC-PCA-F (K=12/12),1,period_0856,16.453333,-3.7481,7.7668,80.1068,75.6790,4.4278
PEMAFC-PCA-F (K=12/12),1,period_0856,16.506667,-2.4027,7.6978,79.3000,75.6790,3.6209
PEMAFC-PCA-F (K=12/12),1,period_0856,16.560000,-3.5866,5.7063,80.6109,75.6790,4.9318
PEMAFC-PCA-F (K=12/12),1,period_0856,16.600000,-3.2181,12.8082,79.0221,75.6790,3.3431
PEMAFC-PCA-F (K=12/12),1,period_0856,16.653333,-3.5873,10.6320,78.8639,75.6790,3.1849
PEMAFC-PCA-F (K=12/12),1,period_0856,16.706667,-4.5312,8.8156,80.4573,75.6790,4.7783
PEMAFC-PCA-F (K=12/12),1,period_0856,16.760000,-4.7454,9.9497,79.8604,75.6790,4.1814
PEMAFC-PCA-F (K=12/12),1,period_0856,16.800000,-4.7681,8.9038,79.6954,75.6790,4.0163
PEMAFC-PCA-F (K=12/12),1,period_0856,16.853333,-4.4837,3.7096,76.9808,75.6790,1.3017
PEMAFC-PCA-F (K=12/12),1,period_0856,16.906667,-4.8498,5.2873,80.7119,75.6790,5.0329
PEMAFC-PCA-F (K=12/12),1,period_0856,16.960000,-3.3400,6.9156,79.5369,75.6790,3.8578
PEMAFC-PCA-F (K=12/12),1,period_0856,17.000000,-3.1139,5.2470,76.4226,75.6790,0.7436
PEMAFC-PCA-F (K=12/12),1,period_0856,17.053333,-7.3027,2.0346,75.8572,75.6790,0.1781
PEMAFC-PCA-F (K=12/12),1,period_0856,17.106667,-7.2375,4.5919,77.1443,75.6790,1.4653
PEMAFC-PCA-F (K=12/12),1,period_0856,17.160000,-7.2564,5.5803,78.5009,75.6790,2.8219
PEMAFC-PCA-F (K=12/12),1,period_0856,17.200000,-9.0457,7.4502,83.3300,75.6790,7.6509
PEMAFC-PCA-F (K=12/12),1,period_0856,17.253333,-8.8347,4.7402,83.7388,75.6790,8.0598
PEMAFC-PCA-F (K=12/12),1,period_0856,17.306667,-8.2041,7.2836,82.5904,75.6790,6.9113
PEMAFC-PCA-F (K=12/12),1,period_0856,17.360000,-7.5452,8.5565,80.5691,75.6790,4.8901
PEMAFC-PCA-F (K=12/12),1,period_0856,17.400000,-7.2838,8.6182,80.6087,75.6790,4.9297
PEMAFC-PCA-F (K=12/12),1,period_0856,17.453333,-7.4418,6.7204,84.7474,75.6790,9.0683
PEMAFC-PCA-F (K=12/12),1,period_0856,17.506667,-6.2496,11.6286,78.1923,75.6790,2.5132
PEMAFC-PCA-F (K=12/12),1,period_0856,17.560000,-6.4039,7.8489,79.5144,75.6790,3.8354
PEMAFC-PCA-F (K=12/12),1,period_0856,17.600000,-7.0516,3.5068,80.7810,75.6790,5.1020
PEMAFC-PCA-F (K=12/12),1,period_0856,17.653333,-5.5454,3.3542,78.3464,75.6790,2.6673
PEMAFC-PCA-F (K=12/12),1,period_0856,17.706667,-5.2872,6.7892,81.5803,75.6790,5.9012
PEMAFC-PCA-F (K=12/12),1,period_0856,17.760000,-4.8533,9.0804,81.9380,75.6790,6.2590
PEMAFC-PCA-F (K=12/12),1,period_0856,17.800000,-5.2575,9.8375,80.4043,75.6790,4.7252
PEMAFC-PCA-F (K=12/12),1,period_0856,17.853333,-5.0730,8.4788,79.6098,75.6790,3.9308
PEMAFC-PCA-F (K=12/12),1,period_0856,17.906667,-4.5534,10.7945,79.4311,75.6790,3.7520
PEMAFC-PCA-F (K=12/12),1,period_0856,17.960000,-4.6376,9.8552,79.2308,75.6790,3.5517
PEMAFC-PCA-F (K=12/12),1,period_0856,18.000000,-4.2875,12.4860,78.5924,75.6790,2.9134
PEMAFC-PCA-F (K=12/12),1,period_0856,18.053333,-3.8067,9.9307,77.3282,75.6790,1.6492
PEMAFC-PCA-F (K=12/12),1,period_0856,18.106667,-2.9488,2.3333,73.7747,75.6790,-1.9043
PEMAFC-PCA-F (K=12/12),1,period_0856,18.160000,-3.8859,6.9474,80.7752,75.6790,5.0961
PEMAFC-PCA-F (K=12/12),1,period_0856,18.200000,-3.9749,13.5300,80.9089,75.6790,5.2299
PEMAFC-PCA-F (K=12/12),1,period_0856,18.253333,-4.4372,14.1528,80.7237,75.6790,5.0447
PEMAFC-PCA-F (K=12/12),1,period_0856,18.306667,-4.6202,14.1511,81.2851,75.6790,5.6060
PEMAFC-PCA-F (K=12/12),1,period_0856,18.360000,-4.5503,14.2087,79.4261,75.6790,3.7471
PEMAFC-PCA-F (K=12/12),1,period_0856,18.400000,-4.1850,12.6358,79.3023,75.6790,3.6232
PEMAFC-PCA-F (K=12/12),1,period_0856,18.453333,-4.6354,7.6851,81.1188,75.6790,5.4398
PEMAFC-PCA-F (K=12/12),1,period_0856,18.506667,-5.4066,10.1320,81.5238,75.6790,5.8447
PEMAFC-PCA-F (K=12/12),1,period_0856,18.560000,-5.8149,13.5157,80.6804,75.6790,5.0014
PEMAFC-PCA-F (K=12/12),1,period_0856,18.600000,-5.8945,12.5509,79.5497,75.6790,3.8707
PEMAFC-PCA-F (K=12/12),1,period_0856,18.653333,-5.9583,13.3454,80.8254,75.6790,5.1464
PEMAFC-PCA-F (K=12/12),1,period_0856,18.706667,-4.5677,11.0416,80.1044,75.6790,4.4254
PEMAFC-PCA-F (K=12/12),1,period_0856,18.760000,-4.8969,9.0455,79.3968,75.6790,3.7177
PEMAFC-PCA-F (K=12/12),1,period_0856,18.800000,-4.8799,8.4614,80.1974,75.6790,4.5183
PEMAFC-PCA-F (K=12/12),1,period_0856,18.853333,-4.3159,10.7437,78.5816,75.6790,2.9026
PEMAFC-PCA-F (K=12/12),1,period_0856,18.906667,-2.7888,10.0215,74.2398,75.6790,-1.4392
PEMAFC-PCA-F (K=12/12),1,period_0856,18.960000,-2.6731,3.7243,73.3824,75.6790,-2.2966
PEMAFC-PCA-F (K=12/12),1,period_0856,19.000000,-2.9673,-3.5282,74.0227,75.6790,-1.6563
PEMAFC-PCA-F (K=12/12),1,period_0856,19.053333,-3.2852,-0.0549,74.8376,75.6790,-0.8414
PEMAFC-PCA-F (K=12/12),1,period_0856,19.106667,-3.4607,-3.3202,75.1884,75.6790,-0.4907
PEMAFC-PCA-F (K=12/12),1,period_0856,19.160000,-3.6012,-3.1674,75.4946,75.6790,-0.1845
PEMAFC-PCA-F (K=12/12),1,period_0856,19.200000,-3.6958,-1.4559,75.6901,75.6790,0.0111
PEMAFC-PCA-F (K=12/12),1,period_0856,19.253333,-3.7763,-2.5029,75.9069,75.6790,0.2279
PEMAFC-PCA-F (K=12/12),1,period_0856,19.306667,-3.8197,-2.4677,76.0378,75.6790,0.3588
PEMAFC-PCA-F (K=12/12),1,period_0856,19.360000,-3.8547,-2.3158,76.1487,75.6790,0.4697
PEMAFC-PCA-F (K=12/12),1,period_0856,19.400000,-3.8835,-2.0881,76.2275,75.6790,0.5485
PEMAFC-PCA-F (K=12/12),1,period_0856,19.453333,-3.9156,-0.2402,76.3132,75.6790,0.6342
PEMAFC-PCA-F (K=12/12),1,period_0856,19.506667,-3.9498,-0.6610,76.4080,75.6790,0.7289
PEMAFC-PCA-F (K=12/12),1,period_0856,19.560000,-3.9991,0.4844,76.5372,75.6790,0.8582
PEMAFC-PCA-F (K=12/12),1,period_0856,19.600000,-4.0426,0.3620,76.6308,75.6790,0.9517
PEMAFC-PCA-F (K=12/12),1,period_0856,19.653333,-4.1101,-0.7039,76.8132,75.6790,1.1342
PEMAFC-PCA-F (K=12/12),1,period_0856,19.706667,-4.1751,0.1947,76.9877,75.6790,1.3087
PEMAFC-PCA-F (K=12/12),1,period_0856,19.760000,-4.2154,-0.3019,77.1278,75.6790,1.4488
PEMAFC-PCA-F (K=12/12),1,period_0856,19.800000,-4.2333,-0.2670,77.1878,75.6790,1.5088
PEMAFC-PCA-F (K=12/12),1,period_0856,19.853333,-4.2558,-1.3134,77.2662,75.6790,1.5872
PEMAFC-PCA-F (K=12/12),1,period_0856,19.906667,-4.2777,-1.5948,77.3491,75.6790,1.6701
PEMAFC-PCA-F (K=12/12),1,period_0856,19.960000,-5.4315,11.7251,81.6327,75.6790,5.9537
PEMAFC-PCA-F (K=12/12),1,period_0856,20.000000,-3.4176,7.4319,76.2093,75.6790,0.5303
PEMAFC-PCA-F (K=12/12),2,period_0916,20.013333,-3.4182,-45.0378,79.8996,76.8005,3.0991
PEMAFC-PCA-F (K=12/12),2,period_0916,20.053333,-3.4206,-6.0224,79.9011,76.8005,3.1006
PEMAFC-PCA-F (K=12/12),2,period_0916,20.106667,-3.4239,-5.3718,79.9035,76.8005,3.1030
PEMAFC-PCA-F (K=12/12),2,period_0916,20.160000,-3.4274,-5.4100,79.9058,76.8005,3.1053
PEMAFC-PCA-F (K=12/12),2,period_0916,20.200000,-3.4298,-6.2905,79.9074,76.8005,3.1069
PEMAFC-PCA-F (K=12/12),2,period_0916,20.253333,-3.4328,-6.1409,79.9097,76.8005,3.1092
PEMAFC-PCA-F (K=12/12),2,period_0916,20.306667,-3.4362,-4.8893,79.9120,76.8005,3.1115
PEMAFC-PCA-F (K=12/12),2,period_0916,20.360000,-3.4395,-4.4249,79.9143,76.8005,3.1138
PEMAFC-PCA-F (K=12/12),2,period_0916,20.400000,-3.4420,-6.9853,79.9165,76.8005,3.1160
PEMAFC-PCA-F (K=12/12),2,period_0916,20.453333,-3.4453,-6.1889,79.9188,76.8005,3.1183
PEMAFC-PCA-F (K=12/12),2,period_0916,20.506667,-3.4482,-5.3330,79.9209,76.8005,3.1204
PEMAFC-PCA-F (K=12/12),2,period_0916,20.560000,-3.4512,-6.5822,79.9233,76.8005,3.1228
PEMAFC-PCA-F (K=12/12),2,period_0916,20.600000,-3.4538,-6.2330,79.9249,76.8005,3.1244
PEMAFC-PCA-F (K=12/12),2,period_0916,20.653333,-3.4576,-5.5155,79.9274,76.8005,3.1269
PEMAFC-PCA-F (K=12/12),2,period_0916,20.706667,-3.4630,-5.8440,79.9313,76.8005,3.1308
PEMAFC-PCA-F (K=12/12),2,period_0916,20.760000,-3.4689,-6.0834,79.9353,76.8005,3.1348
PEMAFC-PCA-F (K=12/12),2,period_0916,20.800000,-3.4886,-0.0966,79.9485,76.8005,3.1480
PEMAFC-PCA-F (K=12/12),2,period_0916,20.853333,-4.1514,3.7180,80.6105,76.8005,3.8100
PEMAFC-PCA-F (K=12/12),2,period_0916,20.906667,-9.1914,7.0089,80.9808,76.8005,4.1803
PEMAFC-PCA-F (K=12/12),2,period_0916,20.960000,-8.1190,8.6418,80.9427,76.8005,4.1422
PEMAFC-PCA-F (K=12/12),2,period_0916,21.000000,-8.5169,8.9303,78.3307,76.8005,1.5302
PEMAFC-PCA-F (K=12/12),2,period_0916,21.053333,-8.8667,7.6684,79.5923,76.8005,2.7918
PEMAFC-PCA-F (K=12/12),2,period_0916,21.106667,-8.4969,7.3235,79.1912,76.8005,2.3907
PEMAFC-PCA-F (K=12/12),2,period_0916,21.160000,-4.9092,4.4933,78.2267,76.8005,1.4262
PEMAFC-PCA-F (K=12/12),2,period_0916,21.200000,-4.2321,10.3011,77.5638,76.8005,0.7633
PEMAFC-PCA-F (K=12/12),2,period_0916,21.253333,-4.6410,6.6391,77.2998,76.8005,0.4993
PEMAFC-PCA-F (K=12/12),2,period_0916,21.306667,-3.9013,6.9713,73.4841,76.8005,-3.3164
PEMAFC-PCA-F (K=12/12),2,period_0916,21.360000,-4.1732,-0.8472,74.1273,76.8005,-2.6732
PEMAFC-PCA-F (K=12/12),2,period_0916,21.400000,-4.2792,-3.7512,74.4363,76.8005,-2.3642
PEMAFC-PCA-F (K=12/12),2,period_0916,21.453333,-4.3831,-5.3728,74.7520,76.8005,-2.0485
PEMAFC-PCA-F (K=12/12),2,period_0916,21.506667,-4.4494,-5.2235,74.9605,76.8005,-1.8400
PEMAFC-PCA-F (K=12/12),2,period_0916,21.560000,-4.4901,-4.6629,75.0881,76.8005,-1.7124
PEMAFC-PCA-F (K=12/12),2,period_0916,21.600000,-4.5147,-4.9132,75.1649,76.8005,-1.6356
PEMAFC-PCA-F (K=12/12),2,period_0916,21.653333,-4.5385,-5.2117,75.2398,76.8005,-1.5607
PEMAFC-PCA-F (K=12/12),2,period_0916,21.706667,-4.5562,-3.9716,75.2946,76.8005,-1.5059
PEMAFC-PCA-F (K=12/12),2,period_0916,21.760000,-4.5709,-3.6196,75.3419,76.8005,-1.4586
PEMAFC-PCA-F (K=12/12),2,period_0916,21.800000,-4.5798,-3.3112,75.3684,76.8005,-1.4321
PEMAFC-PCA-F (K=12/12),2,period_0916,21.853333,-4.5926,-4.3039,75.4084,76.8005,-1.3921
PEMAFC-PCA-F (K=12/12),2,period_0916,21.906667,-4.6010,-2.9023,75.4342,76.8005,-1.3663
PEMAFC-PCA-F (K=12/12),2,period_0916,21.960000,-4.6086,-3.9301,75.4580,76.8005,-1.3425
PEMAFC-PCA-F (K=12/12),2,period_0916,22.000000,-4.6124,-3.2755,75.4690,76.8005,-1.3315
PEMAFC-PCA-F (K=12/12),2,period_0916,22.053333,-4.6169,-3.4647,75.4830,76.8005,-1.3175
PEMAFC-PCA-F (K=12/12),2,period_0916,22.106667,-4.6219,-2.8150,75.4983,76.8005,-1.3022
PEMAFC-PCA-F (K=12/12),2,period_0916,22.160000,-4.6275,-3.4544,75.5140,76.8005,-1.2865
PEMAFC-PCA-F (K=12/12),2,period_0916,22.200000,-4.6315,-3.6581,75.5248,76.8005,-1.2757
PEMAFC-PCA-F (K=12/12),2,period_0916,22.253333,-4.6371,-3.1265,75.5393,76.8005,-1.2612
PEMAFC-PCA-F (K=12/12),2,period_0916,22.306667,-4.6424,-3.6062,75.5559,76.8005,-1.2446
PEMAFC-PCA-F (K=12/12),2,period_0916,22.360000,-4.6466,-3.5577,75.5688,76.8005,-1.2317
PEMAFC-PCA-F (K=12/12),2,period_0916,22.400000,-4.6500,-4.2364,75.5791,76.8005,-1.2214
PEMAFC-PCA-F (K=12/12),2,period_0916,22.453333,-4.6536,-3.0219,75.5905,76.8005,-1.2100
PEMAFC-PCA-F (K=12/12),2,period_0916,22.506667,-4.6576,-2.3206,75.6031,76.8005,-1.1974
PEMAFC-PCA-F (K=12/12),2,period_0916,22.560000,-5.3051,4.6452,80.8944,76.8005,4.0940
PEMAFC-PCA-F (K=12/12),2,period_0916,22.600000,-5.4407,8.5727,84.2633,76.8005,7.4628
PEMAFC-PCA-F (K=12/12),2,period_0916,22.653333,-5.4451,9.8606,80.8561,76.8005,4.0556
PEMAFC-PCA-F (K=12/12),2,period_0916,22.706667,-5.9274,10.0463,81.0560,76.8005,4.2555
PEMAFC-PCA-F (K=12/12),2,period_0916,22.760000,-6.6998,6.1576,81.6718,76.8005,4.8713
PEMAFC-PCA-F (K=12/12),2,period_0916,22.800000,-5.6099,3.6593,77.9989,76.8005,1.1985
PEMAFC-PCA-F (K=12/12),2,period_0916,22.853333,-7.5129,1.7449,82.8974,76.8005,6.0970
PEMAFC-PCA-F (K=12/12),2,period_0916,22.906667,-7.2317,2.5082,84.0554,76.8005,7.2549
PEMAFC-PCA-F (K=12/12),2,period_0916,22.960000,-7.3225,2.3316,84.1442,76.8005,7.3437
PEMAFC-PCA-F (K=12/12),2,period_0916,23.000000,-10.7617,4.2829,84.1286,76.8005,7.3281
PEMAFC-PCA-F (K=12/12),2,period_0916,23.053333,-11.7017,14.9840,83.7896,76.8005,6.9891
PEMAFC-PCA-F (K=12/12),2,period_0916,23.106667,-11.7225,15.4553,84.4954,76.8005,7.6949
PEMAFC-PCA-F (K=12/12),2,period_0916,23.160000,-11.7863,11.2332,84.1626,76.8005,7.3621
PEMAFC-PCA-F (K=12/12),2,period_0916,23.200000,-11.9409,7.9578,83.9049,76.8005,7.1044
PEMAFC-PCA-F (K=12/12),2,period_0916,23.253333,-12.0787,0.3423,83.6049,76.8005,6.8044
PEMAFC-PCA-F (K=12/12),2,period_0916,23.306667,-12.1434,-1.7231,83.3312,76.8005,6.5307
PEMAFC-PCA-F (K=12/12),2,period_0916,23.360000,-12.1691,-1.7036,83.1804,76.8005,6.3799
PEMAFC-PCA-F (K=12/12),2,period_0916,23.400000,-12.1893,-1.4488,83.1287,76.8005,6.3282
PEMAFC-PCA-F (K=12/12),2,period_0916,23.453333,-12.2052,-1.0607,83.0509,76.8005,6.2504
PEMAFC-PCA-F (K=12/12),2,period_0916,23.506667,-12.2138,-0.7933,82.9956,76.8005,6.1951
PEMAFC-PCA-F (K=12/12),2,period_0916,23.560000,-12.2252,-1.4824,82.9732,76.8005,6.1727
PEMAFC-PCA-F (K=12/12),2,period_0916,23.600000,-12.2291,-0.2398,82.9511,76.8005,6.1506
PEMAFC-PCA-F (K=12/12),2,period_0916,23.653333,-12.2374,0.0234,82.9343,76.8005,6.1338
PEMAFC-PCA-F (K=12/12),2,period_0916,23.706667,-12.2427,-0.5859,82.9194,76.8005,6.1189
PEMAFC-PCA-F (K=12/12),2,period_0916,23.760000,-12.2457,-0.8372,82.8987,76.8005,6.0982
PEMAFC-PCA-F (K=12/12),2,period_0916,23.800000,-12.2481,-0.9435,82.8875,76.8005,6.0870
PEMAFC-PCA-F (K=12/12),2,period_0916,23.853333,-12.2513,-0.4323,82.8847,76.8005,6.0842
PEMAFC-PCA-F (K=12/12),2,period_0916,23.906667,-12.2528,-0.3252,82.8737,76.8005,6.0732
PEMAFC-PCA-F (K=12/12),2,period_0916,23.960000,-12.2553,-0.8876,82.8670,76.8005,6.0665
PEMAFC-PCA-F (K=12/12),2,period_0916,24.000000,-12.2570,-0.6473,82.8632,76.8005,6.0627
PEMAFC-PCA-F (K=12/12),2,period_0916,24.053333,-12.2957,-0.1854,82.7429,76.8005,5.9424
PEMAFC-PCA-F (K=12/12),2,period_0916,24.106667,-11.6217,6.9846,84.3583,76.8005,7.5578
PEMAFC-PCA-F (K=12/12),2,period_0916,24.160000,-8.5980,8.9670,78.8852,76.8005,2.0847
PEMAFC-PCA-F (K=12/12),2,period_0916,24.200000,-9.0619,7.4514,82.5667,76.8005,5.7662
PEMAFC-PCA-F (K=12/12),2,period_0916,24.253333,-7.7174,7.9971,80.6112,76.8005,3.8107
PEMAFC-PCA-F (K=12/12),2,period_0916,24.306667,-8.0099,9.2942,82.3055,76.8005,5.5050
PEMAFC-PCA-F (K=12/12),2,period_0916,24.360000,-7.6975,3.6776,79.8994,76.8005,3.0989
PEMAFC-PCA-F (K=12/12),2,period_0916,24.400000,-6.5458,4.9965,77.3204,76.8005,0.5199
PEMAFC-PCA-F (K=12/12),2,period_0916,24.453333,-5.8367,7.0307,77.1133,76.8005,0.3128
PEMAFC-PCA-F (K=12/12),2,period_0916,24.506667,-5.3969,10.9760,77.0454,76.8005,0.2449
PEMAFC-PCA-F (K=12/12),2,period_0916,24.560000,-4.4831,7.5766,80.0119,76.8005,3.2114
PEMAFC-PCA-F (K=12/12),2,period_0916,24.600000,-4.3936,5.3841,81.7265,76.8005,4.9260
PEMAFC-PCA-F (K=12/12),2,period_0916,24.653333,-4.0537,4.8706,78.1411,76.8005,1.3406
PEMAFC-PCA-F (K=12/12),2,period_0916,24.706667,-6.7049,0.6622,84.8800,76.8005,8.0795
PEMAFC-PCA-F (K=12/12),2,period_0916,24.760000,-6.8255,3.2170,84.3100,76.8005,7.5095
PEMAFC-PCA-F (K=12/12),2,period_0916,24.800000,-6.6838,3.6436,83.4210,76.8005,6.6205
PEMAFC-PCA-F (K=12/12),2,period_0916,24.853333,-10.3749,2.0986,85.2228,76.8005,8.4223
PEMAFC-PCA-F (K=12/12),2,period_0916,24.906667,-11.3374,11.8182,84.3645,76.8005,7.5640
PEMAFC-PCA-F (K=12/12),2,period_0916,24.960000,-11.6064,13.1834,84.7196,76.8005,7.9191
PEMAFC-PCA-F (K=12/12),2,period_0916,25.000000,-11.4103,12.7128,84.2242,76.8005,7.4237
PEMAFC-PCA-F (K=12/12),2,period_0916,25.053333,-11.6470,9.7123,84.1762,76.8005,7.3757
PEMAFC-PCA-F (K=12/12),2,period_0916,25.106667,-11.7764,0.2894,83.6948,76.8005,6.8943
PEMAFC-PCA-F (K=12/12),2,period_0916,25.160000,-11.8330,-2.3657,83.3663,76.8005,6.5658
PEMAFC-PCA-F (K=12/12),2,period_0916,25.200000,-11.8798,-2.0702,83.2095,76.8005,6.4090
PEMAFC-PCA-F (K=12/12),2,period_0916,25.253333,-11.9162,-1.2661,83.1037,76.8005,6.3032
PEMAFC-PCA-F (K=12/12),2,period_0916,25.306667,-11.9366,-0.8209,83.0068,76.8005,6.2063
PEMAFC-PCA-F (K=12/12),2,period_0916,25.360000,-11.9628,-1.6046,82.9661,76.8005,6.1656
PEMAFC-PCA-F (K=12/12),2,period_0916,25.400000,-11.9668,0.2115,82.9290,76.8005,6.1285
PEMAFC-PCA-F (K=12/12),2,period_0916,25.453333,-11.9725,-0.5406,82.8848,76.8005,6.0843
PEMAFC-PCA-F (K=12/12),2,period_0916,25.506667,-11.9804,-1.0240,82.8562,76.8005,6.0557
PEMAFC-PCA-F (K=12/12),2,period_0916,25.560000,-11.9856,-0.2426,82.8359,76.8005,6.0354
PEMAFC-PCA-F (K=12/12),2,period_0916,25.600000,-11.9902,-0.2941,82.8253,76.8005,6.0248
PEMAFC-PCA-F (K=12/12),2,period_0916,25.653333,-11.9939,0.1003,82.8164,76.8005,6.0159
PEMAFC-PCA-F (K=12/12),2,period_0916,25.706667,-11.9964,-0.2076,82.8027,76.8005,6.0022
PEMAFC-PCA-F (K=12/12),2,period_0916,25.760000,-12.0013,-1.2143,82.7899,76.8005,5.9894
PEMAFC-PCA-F (K=12/12),2,period_0916,25.800000,-12.0026,-0.1226,82.7819,76.8005,5.9814
PEMAFC-PCA-F (K=12/12),2,period_0916,25.853333,-12.3072,9.8194,82.5723,76.8005,5.7718
PEMAFC-PCA-F (K=12/12),2,period_0916,25.906667,-6.9047,10.9911,80.2404,76.8005,3.4399
PEMAFC-PCA-F (K=12/12),2,period_0916,25.960000,-6.2750,7.9230,78.1676,76.8005,1.3671
PEMAFC-PCA-F (K=12/12),2,period_0916,26.000000,-4.6949,9.3399,77.0049,76.8005,0.2044
PEMAFC-PCA-F (K=12/12),2,period_0916,26.053333,-1.9710,7.8167,71.8919,76.8005,-4.9086
PEMAFC-PCA-F (K=12/12),2,period_0916,26.106667,-3.3926,9.3848,75.2917,76.8005,-1.5088
PEMAFC-PCA-F (K=12/12),2,period_0916,26.160000,-5.7296,7.8095,77.1799,76.8005,0.3794
PEMAFC-PCA-F (K=12/12),2,period_0916,26.200000,-6.5694,2.0583,77.6326,76.8005,0.8321
PEMAFC-PCA-F (K=12/12),2,period_0916,26.253333,-8.7278,5.6287,79.9825,76.8005,3.1820
PEMAFC-PCA-F (K=12/12),2,period_0916,26.306667,-7.9940,6.6116,80.1681,76.8005,3.3676
PEMAFC-PCA-F (K=12/12),2,period_0916,26.360000,-8.6076,5.4709,79.6953,76.8005,2.8948
PEMAFC-PCA-F (K=12/12),2,period_0916,26.400000,-9.0001,4.8843,82.5416,76.8005,5.7411
PEMAFC-PCA-F (K=12/12),2,period_0916,26.453333,-7.8850,7.2943,79.9969,76.8005,3.1964
PEMAFC-PCA-F (K=12/12),2,period_0916,26.506667,-8.8707,5.6068,81.7878,76.8005,4.9873
PEMAFC-PCA-F (K=12/12),2,period_0916,26.560000,-7.2255,5.5704,78.2763,76.8005,1.4758
PEMAFC-PCA-F (K=12/12),2,period_0916,26.600000,-7.3346,8.6878,80.4719,76.8005,3.6714
PEMAFC-PCA-F (K=12/12),2,period_0916,26.653333,-6.4504,9.7734,80.4285,76.8005,3.6280
PEMAFC-PCA-F (K=12/12),2,period_0916,26.706667,-5.9064,8.0381,81.4116,76.8005,4.6111
PEMAFC-PCA-F (K=12/12),2,period_0916,26.760000,-5.0621,7.3645,79.9138,76.8005,3.1133
PEMAFC-PCA-F (K=12/12),2,period_0916,26.800000,-4.0480,8.9410,76.3744,76.8005,-0.4261
PEMAFC-PCA-F (K=12/12),2,period_0916,26.853333,-4.9249,2.1406,81.3733,76.8005,4.5728
PEMAFC-PCA-F (K=12/12),2,period_0916,26.906667,-4.4691,4.6612,81.4301,76.8005,4.6296
PEMAFC-PCA-F (K=12/12),2,period_0916,26.960000,-5.0891,4.9930,82.7016,76.8005,5.9011
PEMAFC-PCA-F (K=12/12),2,period_0916,27.000000,-4.9245,5.5241,79.6231,76.8005,2.8226
PEMAFC-PCA-F (K=12/12),2,period_0916,27.053333,-9.6286,2.8978,81.0703,76.8005,4.2698
PEMAFC-PCA-F (K=12/12),2,period_0916,27.106667,-10.6998,11.9244,83.4781,76.8005,6.6776
PEMAFC-PCA-F (K=12/12),2,period_0916,27.160000,-11.1504,10.9405,83.8013,76.8005,7.0008
PEMAFC-PCA-F (K=12/12),2,period_0916,27.200000,-11.8194,4.2161,85.6784,76.8005,8.8779
PEMAFC-PCA-F (K=12/12),2,period_0916,27.253333,-9.7968,3.3200,79.6025,76.8005,2.8020
PEMAFC-PCA-F (K=12/12),2,period_0916,27.306667,-8.2503,6.6261,78.4260,76.8005,1.6255
PEMAFC-PCA-F (K=12/12),2,period_0916,27.360000,-7.9888,8.0592,78.2910,76.8005,1.4905
PEMAFC-PCA-F (K=12/12),2,period_0916,27.400000,-8.0243,5.0135,80.7110,76.8005,3.9105
PEMAFC-PCA-F (K=12/12),2,period_0916,27.453333,-7.8664,4.2426,79.3812,76.8005,2.5807
PEMAFC-PCA-F (K=12/12),2,period_0916,27.506667,-7.5087,9.0256,78.4991,76.8005,1.6986
PEMAFC-PCA-F (K=12/12),2,period_0916,27.560000,-7.5877,6.4654,78.9999,76.8005,2.1994
PEMAFC-PCA-F (K=12/12),2,period_0916,27.600000,-7.0838,2.4299,78.4966,76.8005,1.6961
PEMAFC-PCA-F (K=12/12),2,period_0916,27.653333,-4.6208,2.5265,81.1878,76.8005,4.3873
PEMAFC-PCA-F (K=12/12),2,period_0916,27.706667,-3.7939,6.9525,78.6553,76.8005,1.8548
PEMAFC-PCA-F (K=12/12),2,period_0916,27.760000,-4.0700,6.9855,79.8400,76.8005,3.0395
PEMAFC-PCA-F (K=12/12),2,period_0916,27.800000,-4.6022,6.9130,80.9080,76.8005,4.1075
PEMAFC-PCA-F (K=12/12),2,period_0916,27.853333,-5.1269,9.7046,79.6838,76.8005,2.8833
PEMAFC-PCA-F (K=12/12),2,period_0916,27.906667,-5.3294,10.1294,81.1387,76.8005,4.3382
PEMAFC-PCA-F (K=12/12),2,period_0916,27.960000,-5.1431,8.3218,80.9326,76.8005,4.1321
PEMAFC-PCA-F (K=12/12),2,period_0916,28.000000,-5.0937,9.5382,80.7587,76.8005,3.9582
PEMAFC-PCA-F (K=12/12),2,period_0916,28.053333,-4.4907,7.9216,76.8766,76.8005,0.0761
PEMAFC-PCA-F (K=12/12),2,period_0916,28.106667,-3.5111,1.5661,71.7944,76.8005,-5.0061
PEMAFC-PCA-F (K=12/12),2,period_0916,28.160000,-6.3387,1.1080,82.0297,76.8005,5.2292
PEMAFC-PCA-F (K=12/12),2,period_0916,28.200000,-5.9737,9.1778,81.5943,76.8005,4.7938
PEMAFC-PCA-F (K=12/12),2,period_0916,28.253333,-5.6048,10.9788,78.6526,76.8005,1.8521
PEMAFC-PCA-F (K=12/12),2,period_0916,28.306667,-5.0437,11.3455,77.3882,76.8005,0.5878
PEMAFC-PCA-F (K=12/12),2,period_0916,28.360000,-4.4984,16.0650,74.8657,76.8005,-1.9348
PEMAFC-PCA-F (K=12/12),2,period_0916,28.400000,-4.4561,10.6256,79.8825,76.8005,3.0820
PEMAFC-PCA-F (K=12/12),2,period_0916,28.453333,-4.8806,7.2500,78.5371,76.8005,1.7366
PEMAFC-PCA-F (K=12/12),2,period_0916,28.506667,-5.3324,7.3016,80.5867,76.8005,3.7862
PEMAFC-PCA-F (K=12/12),2,period_0916,28.560000,-5.1177,10.0408,80.3241,76.8005,3.5236
PEMAFC-PCA-F (K=12/12),2,period_0916,28.600000,-5.0170,10.5904,80.1752,76.8005,3.3747
PEMAFC-PCA-F (K=12/12),2,period_0916,28.653333,-4.5946,10.3477,77.7496,76.8005,0.9491
PEMAFC-PCA-F (K=12/12),2,period_0916,28.706667,-4.3512,11.1324,78.1008,76.8005,1.3003
PEMAFC-PCA-F (K=12/12),2,period_0916,28.760000,-3.9245,8.2990,75.7880,76.8005,-1.0125
PEMAFC-PCA-F (K=12/12),2,period_0916,28.800000,-3.7936,8.1893,76.1741,76.8005,-0.6264
PEMAFC-PCA-F (K=12/12),2,period_0916,28.853333,-4.1318,7.9572,79.6607,76.8005,2.8602
PEMAFC-PCA-F (K=12/12),2,period_0916,28.906667,-3.0644,11.3772,74.6883,76.8005,-2.1122
PEMAFC-PCA-F (K=12/12),2,period_0916,28.960000,-3.2269,4.5881,73.7544,76.8005,-3.0461
PEMAFC-PCA-F (K=12/12),2,period_0916,29.000000,-3.5031,-4.1732,74.6206,76.8005,-2.1799
PEMAFC-PCA-F (K=12/12),2,period_0916,29.053333,-3.8762,-4.1799,76.2228,76.8005,-0.5777
PEMAFC-PCA-F (K=12/12),2,period_0916,29.106667,-4.0095,-3.9225,76.6088,76.8005,-0.1917
PEMAFC-PCA-F (K=12/12),2,period_0916,29.160000,-4.1046,-4.0811,76.9252,76.8005,0.1247
PEMAFC-PCA-F (K=12/12),2,period_0916,29.200000,-4.1846,-3.2665,77.0758,76.8005,0.2753
PEMAFC-PCA-F (K=12/12),2,period_0916,29.253333,-4.2397,-2.6588,77.2696,76.8005,0.4691
PEMAFC-PCA-F (K=12/12),2,period_0916,29.306667,-4.2774,-3.7256,77.4381,76.8005,0.6376
PEMAFC-PCA-F (K=12/12),2,period_0916,29.360000,-4.3006,-2.7287,77.5159,76.8005,0.7154
PEMAFC-PCA-F (K=12/12),2,period_0916,29.400000,-4.3205,-3.1020,77.5803,76.8005,0.7798
PEMAFC-PCA-F (K=12/12),2,period_0916,29.453333,-4.3447,-0.8417,77.6743,76.8005,0.8738
PEMAFC-PCA-F (K=12/12),2,period_0916,29.506667,-4.3733,-2.2268,77.7914,76.8005,0.9909
PEMAFC-PCA-F (K=12/12),2,period_0916,29.560000,-4.4093,0.6720,77.9189,76.8005,1.1185
PEMAFC-PCA-F (K=12/12),2,period_0916,29.600000,-4.4393,0.0505,78.0106,76.8005,1.2101
PEMAFC-PCA-F (K=12/12),2,period_0916,29.653333,-4.4821,-0.2348,78.1396,76.8005,1.3392
PEMAFC-PCA-F (K=12/12),2,period_0916,29.706667,-4.5288,0.3150,78.2908,76.8005,1.4903
PEMAFC-PCA-F (K=12/12),2,period_0916,29.760000,-4.5604,-1.1656,78.4360,76.8005,1.6355
PEMAFC-PCA-F (K=12/12),2,period_0916,29.800000,-4.5811,-3.8866,78.5507,76.8005,1.7502
PEMAFC-PCA-F (K=12/12),2,period_0916,29.853333,-4.6007,-3.0157,78.6487,76.8005,1.8482
PEMAFC-PCA-F (K=12/12),2,period_0916,29.906667,-4.6170,-3.5042,78.7146,76.8005,1.9141
PEMAFC-PCA-F (K=12/12),2,period_0916,29.960000,-4.9140,7.9641,80.4426,76.8005,3.6421
PEMAFC-PCA-F (K=12/12),2,period_0916,30.000000,-4.0983,7.4924,78.5122,76.8005,1.7117
PEMAFC-PCA-F (K=12/12),3,period_0943,30.013333,-2.0560,-39.1061,69.9006,67.9790,1.9216
PEMAFC-PCA-F (K=12/12),3,period_0943,30.053333,-2.0570,-1.1430,69.9010,67.9790,1.9220
PEMAFC-PCA-F (K=12/12),3,period_0943,30.106667,-2.0585,-0.4446,69.9021,67.9790,1.9231
PEMAFC-PCA-F (K=12/12),3,period_0943,30.160000,-2.0603,-0.6574,69.9030,67.9790,1.9239
PEMAFC-PCA-F (K=12/12),3,period_0943,30.200000,-2.0615,-0.5881,69.9035,67.9790,1.9245
PEMAFC-PCA-F (K=12/12),3,period_0943,30.253333,-2.0626,-0.3620,69.9039,67.9790,1.9248
PEMAFC-PCA-F (K=12/12),3,period_0943,30.306667,-2.0643,-0.8400,69.9048,67.9790,1.9258
PEMAFC-PCA-F (K=12/12),3,period_0943,30.360000,-2.0661,-0.2442,69.9057,67.9790,1.9266
PEMAFC-PCA-F (K=12/12),3,period_0943,30.400000,-2.0672,-0.1103,69.9063,67.9790,1.9273
PEMAFC-PCA-F (K=12/12),3,period_0943,30.453333,-2.0685,-0.2101,69.9070,67.9790,1.9280
PEMAFC-PCA-F (K=12/12),3,period_0943,30.506667,-2.0701,0.0454,69.9078,67.9790,1.9287
PEMAFC-PCA-F (K=12/12),3,period_0943,30.560000,-2.0714,-0.0402,69.9084,67.9790,1.9293
PEMAFC-PCA-F (K=12/12),3,period_0943,30.600000,-2.0722,-0.1222,69.9088,67.9790,1.9297
PEMAFC-PCA-F (K=12/12),3,period_0943,30.653333,-2.0738,-0.6078,69.9100,67.9790,1.9309
PEMAFC-PCA-F (K=12/12),3,period_0943,30.706667,-2.0763,-0.3435,69.9112,67.9790,1.9321
PEMAFC-PCA-F (K=12/12),3,period_0943,30.760000,-2.0788,-0.4379,69.9125,67.9790,1.9334
PEMAFC-PCA-F (K=12/12),3,period_0943,30.800000,-2.0877,4.3652,69.9246,67.9790,1.9455
PEMAFC-PCA-F (K=12/12),3,period_0943,30.853333,-2.8611,4.0169,70.7971,67.9790,2.8180
PEMAFC-PCA-F (K=12/12),3,period_0943,30.906667,-8.0175,7.4826,77.3648,67.9790,9.3858
PEMAFC-PCA-F (K=12/12),3,period_0943,30.960000,-9.1589,4.3639,78.1888,67.9790,10.2097
PEMAFC-PCA-F (K=12/12),3,period_0943,31.000000,-9.0052,7.4954,78.0994,67.9790,10.1203
PEMAFC-PCA-F (K=12/12),3,period_0943,31.053333,-8.8521,5.6176,77.3696,67.9790,9.3906
PEMAFC-PCA-F (K=12/12),3,period_0943,31.106667,-6.5136,5.2341,74.1397,67.9790,6.1606
PEMAFC-PCA-F (K=12/12),3,period_0943,31.160000,-5.5131,7.5795,73.2147,67.9790,5.2357
PEMAFC-PCA-F (K=12/12),3,period_0943,31.200000,-5.0655,8.2226,73.5127,67.9790,5.5336
PEMAFC-PCA-F (K=12/12),3,period_0943,31.253333,-5.1840,8.2855,74.1080,67.9790,6.1289
PEMAFC-PCA-F (K=12/12),3,period_0943,31.306667,-5.2486,6.3402,73.3919,67.9790,5.4129
PEMAFC-PCA-F (K=12/12),3,period_0943,31.360000,-5.3883,-4.1467,74.3152,67.9790,6.3362
PEMAFC-PCA-F (K=12/12),3,period_0943,31.400000,-5.4144,-3.5510,74.3062,67.9790,6.3272
PEMAFC-PCA-F (K=12/12),3,period_0943,31.453333,-5.4307,-1.9693,74.2848,67.9790,6.3058
PEMAFC-PCA-F (K=12/12),3,period_0943,31.506667,-5.4422,-2.2886,74.2721,67.9790,6.2931
PEMAFC-PCA-F (K=12/12),3,period_0943,31.560000,-5.4492,-0.9894,74.2630,67.9790,6.2839
PEMAFC-PCA-F (K=12/12),3,period_0943,31.600000,-5.4531,-1.6838,74.2590,67.9790,6.2799
PEMAFC-PCA-F (K=12/12),3,period_0943,31.653333,-5.4578,-1.8329,74.2542,67.9790,6.2752
PEMAFC-PCA-F (K=12/12),3,period_0943,31.706667,-5.4625,-1.5320,74.2510,67.9790,6.2719
PEMAFC-PCA-F (K=12/12),3,period_0943,31.760000,-5.4655,-1.2861,74.2484,67.9790,6.2693
PEMAFC-PCA-F (K=12/12),3,period_0943,31.800000,-5.4675,-0.8964,74.2473,67.9790,6.2682
PEMAFC-PCA-F (K=12/12),3,period_0943,31.853333,-5.4704,-2.3054,74.2448,67.9790,6.2658
PEMAFC-PCA-F (K=12/12),3,period_0943,31.906667,-5.4726,-1.3280,74.2440,67.9790,6.2649
PEMAFC-PCA-F (K=12/12),3,period_0943,31.960000,-5.4746,-1.7042,74.2432,67.9790,6.2641
PEMAFC-PCA-F (K=12/12),3,period_0943,32.000000,-5.4759,-1.4747,74.2426,67.9790,6.2636
PEMAFC-PCA-F (K=12/12),3,period_0943,32.053333,-5.4772,-1.9902,74.2420,67.9790,6.2629
PEMAFC-PCA-F (K=12/12),3,period_0943,32.106667,-5.4787,-1.1152,74.2419,67.9790,6.2628
PEMAFC-PCA-F (K=12/12),3,period_0943,32.160000,-5.4807,-1.5889,74.2411,67.9790,6.2621
PEMAFC-PCA-F (K=12/12),3,period_0943,32.200000,-5.4817,-1.1448,74.2411,67.9790,6.2620
PEMAFC-PCA-F (K=12/12),3,period_0943,32.253333,-5.4836,-1.2878,74.2404,67.9790,6.2614
PEMAFC-PCA-F (K=12/12),3,period_0943,32.306667,-5.4849,-1.2130,74.2400,67.9790,6.2609
PEMAFC-PCA-F (K=12/12),3,period_0943,32.360000,-5.4861,-1.8942,74.2397,67.9790,6.2607
PEMAFC-PCA-F (K=12/12),3,period_0943,32.400000,-5.4870,-0.8604,74.2392,67.9790,6.2602
PEMAFC-PCA-F (K=12/12),3,period_0943,32.453333,-5.4881,-1.4205,74.2384,67.9790,6.2593
PEMAFC-PCA-F (K=12/12),3,period_0943,32.506667,-5.4893,-1.3819,74.2379,67.9790,6.2588
PEMAFC-PCA-F (K=12/12),3,period_0943,32.560000,-5.7244,-1.2240,73.9412,67.9790,5.9621
PEMAFC-PCA-F (K=12/12),3,period_0943,32.600000,-5.5016,8.0058,73.5680,67.9790,5.5889
PEMAFC-PCA-F (K=12/12),3,period_0943,32.653333,-5.9717,7.0799,73.9791,67.9790,6.0001
PEMAFC-PCA-F (K=12/12),3,period_0943,32.706667,-6.4693,7.5216,74.0940,67.9790,6.1150
PEMAFC-PCA-F (K=12/12),3,period_0943,32.760000,-5.5072,7.4348,72.5510,67.9790,4.5719
PEMAFC-PCA-F (K=12/12),3,period_0943,32.800000,-6.5423,3.5212,73.4702,67.9790,5.4911
PEMAFC-PCA-F (K=12/12),3,period_0943,32.853333,-7.7867,1.4675,74.0562,67.9790,6.0771
PEMAFC-PCA-F (K=12/12),3,period_0943,32.906667,-8.3001,3.0206,74.6705,67.9790,6.6915
PEMAFC-PCA-F (K=12/12),3,period_0943,32.960000,-8.0439,3.9169,76.1401,67.9790,8.1611
PEMAFC-PCA-F (K=12/12),3,period_0943,33.000000,-8.8445,6.2095,78.5713,67.9790,10.5923
PEMAFC-PCA-F (K=12/12),3,period_0943,33.053333,-7.6284,12.8262,75.0486,67.9790,7.0696
PEMAFC-PCA-F (K=12/12),3,period_0943,33.106667,-7.2394,12.6361,72.0443,67.9790,4.0653
PEMAFC-PCA-F (K=12/12),3,period_0943,33.160000,-7.0087,9.3861,71.4717,67.9790,3.4927
PEMAFC-PCA-F (K=12/12),3,period_0943,33.200000,-7.2654,6.0297,71.8168,67.9790,3.8377
PEMAFC-PCA-F (K=12/12),3,period_0943,33.253333,-7.4799,-2.6120,72.4206,67.9790,4.4415
PEMAFC-PCA-F (K=12/12),3,period_0943,33.306667,-7.5731,-5.4590,72.6962,67.9790,4.7171
PEMAFC-PCA-F (K=12/12),3,period_0943,33.360000,-7.6324,-5.5414,72.9105,67.9790,4.9315
PEMAFC-PCA-F (K=12/12),3,period_0943,33.400000,-7.6651,-6.0354,73.0273,67.9790,5.0483
PEMAFC-PCA-F (K=12/12),3,period_0943,33.453333,-7.7033,-6.1363,73.1762,67.9790,5.1971
PEMAFC-PCA-F (K=12/12),3,period_0943,33.506667,-7.7249,-4.9132,73.2550,67.9790,5.2760
PEMAFC-PCA-F (K=12/12),3,period_0943,33.560000,-7.7437,-5.4657,73.3304,67.9790,5.3514
PEMAFC-PCA-F (K=12/12),3,period_0943,33.600000,-7.7535,-4.2801,73.3680,67.9790,5.3890
PEMAFC-PCA-F (K=12/12),3,period_0943,33.653333,-7.7711,-5.4682,73.4389,67.9790,5.4598
PEMAFC-PCA-F (K=12/12),3,period_0943,33.706667,-7.7825,-4.4512,73.4868,67.9790,5.5077
PEMAFC-PCA-F (K=12/12),3,period_0943,33.760000,-7.7914,-4.8925,73.5239,67.9790,5.5449
PEMAFC-PCA-F (K=12/12),3,period_0943,33.800000,-7.7970,-4.7450,73.5476,67.9790,5.5685
PEMAFC-PCA-F (K=12/12),3,period_0943,33.853333,-7.8034,-5.0352,73.5756,67.9790,5.5965
PEMAFC-PCA-F (K=12/12),3,period_0943,33.906667,-7.8086,-4.7112,73.5955,67.9790,5.6164
PEMAFC-PCA-F (K=12/12),3,period_0943,33.960000,-7.8133,-4.8116,73.6171,67.9790,5.6380
PEMAFC-PCA-F (K=12/12),3,period_0943,34.000000,-7.8165,-4.3154,73.6321,67.9790,5.6530
PEMAFC-PCA-F (K=12/12),3,period_0943,34.053333,-7.8619,-2.7517,73.9710,67.9790,5.9919
PEMAFC-PCA-F (K=12/12),3,period_0943,34.106667,-9.9032,0.6967,79.3467,67.9790,11.3677
PEMAFC-PCA-F (K=12/12),3,period_0943,34.160000,-8.6725,6.8369,79.0169,67.9790,11.0378
PEMAFC-PCA-F (K=12/12),3,period_0943,34.200000,-8.8145,10.0147,78.8301,67.9790,10.8511
PEMAFC-PCA-F (K=12/12),3,period_0943,34.253333,-7.8817,10.2116,77.0204,67.9790,9.0413
PEMAFC-PCA-F (K=12/12),3,period_0943,34.306667,-7.9952,9.4504,75.5916,67.9790,7.6126
PEMAFC-PCA-F (K=12/12),3,period_0943,34.360000,-7.9920,3.7028,74.3313,67.9790,6.3523
PEMAFC-PCA-F (K=12/12),3,period_0943,34.400000,-7.2960,5.5752,73.3575,67.9790,5.3784
PEMAFC-PCA-F (K=12/12),3,period_0943,34.453333,-7.2764,6.7832,74.2060,67.9790,6.2270
PEMAFC-PCA-F (K=12/12),3,period_0943,34.506667,-7.6128,7.2049,74.5489,67.9790,6.5698
PEMAFC-PCA-F (K=12/12),3,period_0943,34.560000,-7.3724,6.1771,74.6208,67.9790,6.6418
PEMAFC-PCA-F (K=12/12),3,period_0943,34.600000,-7.4431,6.7173,74.8025,67.9790,6.8234
PEMAFC-PCA-F (K=12/12),3,period_0943,34.653333,-7.1728,7.4243,74.5001,67.9790,6.5210
PEMAFC-PCA-F (K=12/12),3,period_0943,34.706667,-9.2929,1.0495,75.5137,67.9790,7.5347
PEMAFC-PCA-F (K=12/12),3,period_0943,34.760000,-8.9112,2.7797,75.4028,67.9790,7.4238
PEMAFC-PCA-F (K=12/12),3,period_0943,34.800000,-8.5014,5.0300,75.6829,67.9790,7.7038
PEMAFC-PCA-F (K=12/12),3,period_0943,34.853333,-9.9114,3.3640,78.3033,67.9790,10.3243
PEMAFC-PCA-F (K=12/12),3,period_0943,34.906667,-8.5612,10.4405,75.6305,67.9790,7.6514
PEMAFC-PCA-F (K=12/12),3,period_0943,34.960000,-7.8039,10.8589,74.7320,67.9790,6.7530
PEMAFC-PCA-F (K=12/12),3,period_0943,35.000000,-7.5498,10.2256,75.1566,67.9790,7.1776
PEMAFC-PCA-F (K=12/12),3,period_0943,35.053333,-7.6733,6.6446,75.6324,67.9790,7.6534
PEMAFC-PCA-F (K=12/12),3,period_0943,35.106667,-7.9313,-3.5341,76.4414,67.9790,8.4623
PEMAFC-PCA-F (K=12/12),3,period_0943,35.160000,-8.0700,-6.4136,76.8888,67.9790,8.9098
PEMAFC-PCA-F (K=12/12),3,period_0943,35.200000,-8.1495,-6.1331,77.1653,67.9790,9.1862
PEMAFC-PCA-F (K=12/12),3,period_0943,35.253333,-8.2216,-6.1573,77.4895,67.9790,9.5104
PEMAFC-PCA-F (K=12/12),3,period_0943,35.306667,-8.2638,-4.9859,77.6503,67.9790,9.6713
PEMAFC-PCA-F (K=12/12),3,period_0943,35.360000,-8.2992,-5.5251,77.8240,67.9790,9.8449
PEMAFC-PCA-F (K=12/12),3,period_0943,35.400000,-8.3161,-4.2620,77.9051,67.9790,9.9261
PEMAFC-PCA-F (K=12/12),3,period_0943,35.453333,-8.3341,-4.8655,77.9868,67.9790,10.0078
PEMAFC-PCA-F (K=12/12),3,period_0943,35.506667,-8.3488,-5.0002,78.0523,67.9790,10.0733
PEMAFC-PCA-F (K=12/12),3,period_0943,35.560000,-8.3611,-4.6501,78.1196,67.9790,10.1405
PEMAFC-PCA-F (K=12/12),3,period_0943,35.600000,-8.3683,-4.1429,78.1528,67.9790,10.1738
PEMAFC-PCA-F (K=12/12),3,period_0943,35.653333,-8.3766,-4.7586,78.1951,67.9790,10.2160
PEMAFC-PCA-F (K=12/12),3,period_0943,35.706667,-8.3822,-4.0611,78.2213,67.9790,10.2423
PEMAFC-PCA-F (K=12/12),3,period_0943,35.760000,-8.3905,-4.9146,78.2636,67.9790,10.2846
PEMAFC-PCA-F (K=12/12),3,period_0943,35.800000,-8.3947,-4.5524,78.2836,67.9790,10.3045
PEMAFC-PCA-F (K=12/12),3,period_0943,35.853333,-9.0229,5.2707,79.0799,67.9790,11.1009
PEMAFC-PCA-F (K=12/12),3,period_0943,35.906667,-9.8467,4.5082,77.8859,67.9790,9.9068
PEMAFC-PCA-F (K=12/12),3,period_0943,35.960000,-9.1118,4.6307,76.0271,67.9790,8.0480
PEMAFC-PCA-F (K=12/12),3,period_0943,36.000000,-8.1825,5.6138,76.5601,67.9790,8.5810
PEMAFC-PCA-F (K=12/12),3,period_0943,36.053333,-8.1603,4.9609,75.9699,67.9790,7.9909
PEMAFC-PCA-F (K=12/12),3,period_0943,36.106667,-8.6126,4.7627,75.6748,67.9790,7.6958
PEMAFC-PCA-F (K=12/12),3,period_0943,36.160000,-8.4557,1.9334,75.7745,67.9790,7.7955
PEMAFC-PCA-F (K=12/12),3,period_0943,36.200000,-9.0588,0.0693,76.7714,67.9790,8.7924
PEMAFC-PCA-F (K=12/12),3,period_0943,36.253333,-8.6858,9.1164,77.6363,67.9790,9.6573
PEMAFC-PCA-F (K=12/12),3,period_0943,36.306667,-9.5096,0.1675,77.0432,67.9790,9.0641
PEMAFC-PCA-F (K=12/12),3,period_0943,36.360000,-8.2797,4.6255,78.4456,67.9790,10.4666
PEMAFC-PCA-F (K=12/12),3,period_0943,36.400000,-7.8063,3.8070,74.7573,67.9790,6.7783
PEMAFC-PCA-F (K=12/12),3,period_0943,36.453333,-7.6164,7.0544,74.4748,67.9790,6.4957
PEMAFC-PCA-F (K=12/12),3,period_0943,36.506667,-6.3814,6.2302,72.5470,67.9790,4.5680
PEMAFC-PCA-F (K=12/12),3,period_0943,36.560000,-6.6016,3.6415,72.4869,67.9790,4.5078
PEMAFC-PCA-F (K=12/12),3,period_0943,36.600000,-6.1910,13.4454,72.1827,67.9790,4.2037
PEMAFC-PCA-F (K=12/12),3,period_0943,36.653333,-6.2588,11.5394,72.1868,67.9790,4.2077
PEMAFC-PCA-F (K=12/12),3,period_0943,36.706667,-6.8707,7.8456,72.6340,67.9790,4.6549
PEMAFC-PCA-F (K=12/12),3,period_0943,36.760000,-7.2306,8.0012,72.8966,67.9790,4.9176
PEMAFC-PCA-F (K=12/12),3,period_0943,36.800000,-6.9019,5.3092,73.2542,67.9790,5.2751
PEMAFC-PCA-F (K=12/12),3,period_0943,36.853333,-7.1439,3.5788,73.3328,67.9790,5.3538
PEMAFC-PCA-F (K=12/12),3,period_0943,36.906667,-7.1767,4.5767,73.4385,67.9790,5.4594
PEMAFC-PCA-F (K=12/12),3,period_0943,36.960000,-6.2056,6.8822,71.8536,67.9790,3.8746
PEMAFC-PCA-F (K=12/12),3,period_0943,37.000000,-6.0061,6.9694,71.6279,67.9790,3.6489
PEMAFC-PCA-F (K=12/12),3,period_0943,37.053333,-8.0439,4.2650,74.7488,67.9790,6.7697
PEMAFC-PCA-F (K=12/12),3,period_0943,37.106667,-7.7782,11.5199,78.4342,67.9790,10.4552
PEMAFC-PCA-F (K=12/12),3,period_0943,37.160000,-7.9823,9.9119,78.1709,67.9790,10.1918
PEMAFC-PCA-F (K=12/12),3,period_0943,37.200000,-9.3571,-0.5780,78.1620,67.9790,10.1830
PEMAFC-PCA-F (K=12/12),3,period_0943,37.253333,-8.3558,1.5417,76.3458,67.9790,8.3668
PEMAFC-PCA-F (K=12/12),3,period_0943,37.306667,-7.6494,5.2403,75.3448,67.9790,7.3657
PEMAFC-PCA-F (K=12/12),3,period_0943,37.360000,-7.7375,6.3384,75.9556,67.9790,7.9765
PEMAFC-PCA-F (K=12/12),3,period_0943,37.400000,-7.5846,8.3870,75.2629,67.9790,7.2839
PEMAFC-PCA-F (K=12/12),3,period_0943,37.453333,-7.6994,8.5377,76.2331,67.9790,8.2541
PEMAFC-PCA-F (K=12/12),3,period_0943,37.506667,-7.3193,8.8848,75.1025,67.9790,7.1235
PEMAFC-PCA-F (K=12/12),3,period_0943,37.560000,-7.2734,4.1539,74.4451,67.9790,6.4660
PEMAFC-PCA-F (K=12/12),3,period_0943,37.600000,-6.9364,4.0104,74.6053,67.9790,6.6262
PEMAFC-PCA-F (K=12/12),3,period_0943,37.653333,-6.3800,5.7052,74.0306,67.9790,6.0515
PEMAFC-PCA-F (K=12/12),3,period_0943,37.706667,-6.4848,7.6362,74.1905,67.9790,6.2114
PEMAFC-PCA-F (K=12/12),3,period_0943,37.760000,-6.7403,6.8143,74.8175,67.9790,6.8384
PEMAFC-PCA-F (K=12/12),3,period_0943,37.800000,-6.6785,7.0304,74.2387,67.9790,6.2597
PEMAFC-PCA-F (K=12/12),3,period_0943,37.853333,-6.3251,9.0014,73.3351,67.9790,5.3560
PEMAFC-PCA-F (K=12/12),3,period_0943,37.906667,-6.3340,10.4802,73.0012,67.9790,5.0222
PEMAFC-PCA-F (K=12/12),3,period_0943,37.960000,-6.0221,10.5349,72.5063,67.9790,4.5273
PEMAFC-PCA-F (K=12/12),3,period_0943,38.000000,-6.1175,12.4985,72.6097,67.9790,4.6306
PEMAFC-PCA-F (K=12/12),3,period_0943,38.053333,-5.4489,9.7595,71.5045,67.9790,3.5254
PEMAFC-PCA-F (K=12/12),3,period_0943,38.106667,-5.1467,2.0719,72.0024,67.9790,4.0234
PEMAFC-PCA-F (K=12/12),3,period_0943,38.160000,-6.1038,2.6750,72.3673,67.9790,4.3882
PEMAFC-PCA-F (K=12/12),3,period_0943,38.200000,-5.9383,10.7868,72.0542,67.9790,4.0751
PEMAFC-PCA-F (K=12/12),3,period_0943,38.253333,-5.6874,11.9856,71.9852,67.9790,4.0061
PEMAFC-PCA-F (K=12/12),3,period_0943,38.306667,-5.5742,9.5858,71.9883,67.9790,4.0093
PEMAFC-PCA-F (K=12/12),3,period_0943,38.360000,-5.4532,9.1303,72.1575,67.9790,4.1784
PEMAFC-PCA-F (K=12/12),3,period_0943,38.400000,-5.3895,8.1339,71.9467,67.9790,3.9677
PEMAFC-PCA-F (K=12/12),3,period_0943,38.453333,-5.3758,7.1792,72.3329,67.9790,4.3539
PEMAFC-PCA-F (K=12/12),3,period_0943,38.506667,-5.6950,7.1239,73.1032,67.9790,5.1241
PEMAFC-PCA-F (K=12/12),3,period_0943,38.560000,-5.5390,10.4926,72.8526,67.9790,4.8736
PEMAFC-PCA-F (K=12/12),3,period_0943,38.600000,-5.4941,12.0523,72.8094,67.9790,4.8304
PEMAFC-PCA-F (K=12/12),3,period_0943,38.653333,-5.2941,10.3542,72.7903,67.9790,4.8112
PEMAFC-PCA-F (K=12/12),3,period_0943,38.706667,-5.0617,11.2473,72.8879,67.9790,4.9089
PEMAFC-PCA-F (K=12/12),3,period_0943,38.760000,-5.0243,10.9085,73.0013,67.9790,5.0222
PEMAFC-PCA-F (K=12/12),3,period_0943,38.800000,-4.9565,7.0854,72.9924,67.9790,5.0133
PEMAFC-PCA-F (K=12/12),3,period_0943,38.853333,-5.0653,11.1830,72.9101,67.9790,4.9311
PEMAFC-PCA-F (K=12/12),3,period_0943,38.906667,-4.2866,12.2681,71.6254,67.9790,3.6464
PEMAFC-PCA-F (K=12/12),3,period_0943,38.960000,-4.2473,4.2734,71.1085,67.9790,3.1295
PEMAFC-PCA-F (K=12/12),3,period_0943,39.000000,-4.5047,-8.7740,72.4124,67.9790,4.4333
PEMAFC-PCA-F (K=12/12),3,period_0943,39.053333,-4.6844,-4.7663,72.4610,67.9790,4.4820
PEMAFC-PCA-F (K=12/12),3,period_0943,39.106667,-4.7777,-6.3911,72.5159,67.9790,4.5369
PEMAFC-PCA-F (K=12/12),3,period_0943,39.160000,-4.8527,-5.5509,72.5701,67.9790,4.5911
PEMAFC-PCA-F (K=12/12),3,period_0943,39.200000,-4.9225,-3.5218,72.6195,67.9790,4.6404
PEMAFC-PCA-F (K=12/12),3,period_0943,39.253333,-4.9639,-3.6613,72.6419,67.9790,4.6629
PEMAFC-PCA-F (K=12/12),3,period_0943,39.306667,-4.9879,-4.6583,72.6546,67.9790,4.6755
PEMAFC-PCA-F (K=12/12),3,period_0943,39.360000,-5.0050,-3.9959,72.6639,67.9790,4.6848
PEMAFC-PCA-F (K=12/12),3,period_0943,39.400000,-5.0187,-3.8221,72.6727,67.9790,4.6937
PEMAFC-PCA-F (K=12/12),3,period_0943,39.453333,-5.0343,-1.4753,72.6817,67.9790,4.7026
PEMAFC-PCA-F (K=12/12),3,period_0943,39.506667,-5.0518,-2.4425,72.6929,67.9790,4.7139
PEMAFC-PCA-F (K=12/12),3,period_0943,39.560000,-5.0734,-0.4401,72.7056,67.9790,4.7266
PEMAFC-PCA-F (K=12/12),3,period_0943,39.600000,-5.0966,-1.2852,72.7252,67.9790,4.7462
PEMAFC-PCA-F (K=12/12),3,period_0943,39.653333,-5.1263,-1.2211,72.7494,67.9790,4.7703
PEMAFC-PCA-F (K=12/12),3,period_0943,39.706667,-5.1553,-0.5841,72.7716,67.9790,4.7926
PEMAFC-PCA-F (K=12/12),3,period_0943,39.760000,-5.1730,-1.6209,72.7836,67.9790,4.8045
PEMAFC-PCA-F (K=12/12),3,period_0943,39.800000,-5.1817,-1.9219,72.7883,67.9790,4.8092
PEMAFC-PCA-F (K=12/12),3,period_0943,39.853333,-5.1917,-2.4293,72.7960,67.9790,4.8169
PEMAFC-PCA-F (K=12/12),3,period_0943,39.906667,-5.2008,-3.0118,72.8019,67.9790,4.8229
PEMAFC-PCA-F (K=12/12),3,period_0943,39.960000,-5.3426,3.3270,73.1272,67.9790,5.1482
PEMAFC-PCA-F (K=12/12),3,period_0943,40.000000,-4.9486,3.0038,74.0692,67.9790,6.0902
NLMS,0,period_0707,0.013333,-0.0617,0.3160,85.5223,85.1794,0.3429
NLMS,0,period_0707,0.053333,-0.2752,0.7432,85.7207,85.1794,0.5413
NLMS,0,period_0707,0.106667,-0.4764,1.7251,85.7263,85.1794,0.5469
NLMS,0,period_0707,0.160000,-0.5844,2.4852,85.7283,85.1794,0.5489
NLMS,0,period_0707,0.200000,-0.6268,4.2520,85.7288,85.1794,0.5494
NLMS,0,period_0707,0.253333,-0.6583,3.9443,85.7291,85.1794,0.5497
NLMS,0,period_0707,0.306667,-0.6821,4.3214,85.7313,85.1794,0.5520
NLMS,0,period_0707,0.360000,-0.6901,5.3105,85.7302,85.1794,0.5509
NLMS,0,period_0707,0.400000,-0.6764,5.1572,85.7340,85.1794,0.5546
NLMS,0,period_0707,0.453333,-0.6604,6.9237,85.7377,85.1794,0.5583
NLMS,0,period_0707,0.506667,-0.6569,5.9476,85.7427,85.1794,0.5633
NLMS,0,period_0707,0.560000,-0.6334,6.1448,85.7443,85.1794,0.5649
NLMS,0,period_0707,0.600000,-0.6200,6.9866,85.7445,85.1794,0.5652
NLMS,0,period_0707,0.653333,-0.6087,6.3083,85.7559,85.1794,0.5765
NLMS,0,period_0707,0.706667,-0.5683,8.0364,85.7624,85.1794,0.5830
NLMS,0,period_0707,0.760000,-0.5468,8.1572,85.7693,85.1794,0.5899
NLMS,0,period_0707,0.800000,-0.5824,6.5530,85.8005,85.1794,0.6211
NLMS,0,period_0707,0.853333,-0.7647,2.1063,85.7845,85.1794,0.6051
NLMS,0,period_0707,0.906667,-1.5644,1.5094,86.3759,85.1794,1.1966
NLMS,0,period_0707,0.960000,-1.5469,3.9814,86.4392,85.1794,1.2599
NLMS,0,period_0707,1.000000,0.0439,4.4095,81.6061,85.1794,-3.5732
NLMS,0,period_0707,1.053333,0.9174,7.6702,79.1068,85.1794,-6.0726
NLMS,0,period_0707,1.106667,0.6594,12.9568,81.4287,85.1794,-3.7506
NLMS,0,period_0707,1.160000,-1.1682,7.6335,86.4939,85.1794,1.3145
NLMS,0,period_0707,1.200000,-0.6449,12.3249,85.4048,85.1794,0.2254
NLMS,0,period_0707,1.253333,2.1596,8.0024,78.3474,85.1794,-6.8320
NLMS,0,period_0707,1.306667,9.1436,10.2526,69.5355,85.1794,-15.6439
NLMS,0,period_0707,1.360000,2.8823,-1.9548,78.7012,85.1794,-6.4782
NLMS,0,period_0707,1.400000,1.7774,2.6470,80.6108,85.1794,-4.5685
NLMS,0,period_0707,1.453333,0.9922,2.9942,82.9660,85.1794,-2.2134
NLMS,0,period_0707,1.506667,0.5213,5.0883,84.4524,85.1794,-0.7269
NLMS,0,period_0707,1.560000,0.4619,5.5071,83.7183,85.1794,-1.4611
NLMS,0,period_0707,1.600000,0.4049,7.7413,83.8324,85.1794,-1.3469
NLMS,0,period_0707,1.653333,0.3325,7.2507,84.0276,85.1794,-1.1518
NLMS,0,period_0707,1.706667,0.2544,6.5632,84.1041,85.1794,-1.0752
NLMS,0,period_0707,1.760000,0.1289,6.8450,84.7350,85.1794,-0.4444
NLMS,0,period_0707,1.800000,0.0617,5.8580,84.9983,85.1794,-0.1811
NLMS,0,period_0707,1.853333,0.0499,6.4922,84.6936,85.1794,-0.4858
NLMS,0,period_0707,1.906667,-0.0635,5.5212,85.2843,85.1794,0.1049
NLMS,0,period_0707,1.960000,-0.0974,7.4760,85.7254,85.1794,0.5460
NLMS,0,period_0707,2.000000,-0.1067,7.0435,85.3714,85.1794,0.1920
NLMS,0,period_0707,2.053333,-0.1434,6.6795,85.3811,85.1794,0.2017
NLMS,0,period_0707,2.106667,-0.1690,6.6983,85.6427,85.1794,0.4633
NLMS,0,period_0707,2.160000,-0.1801,8.4456,85.5166,85.1794,0.3373
NLMS,0,period_0707,2.200000,-0.2265,4.7809,85.7184,85.1794,0.5390
NLMS,0,period_0707,2.253333,-0.2422,6.5919,85.6108,85.1794,0.4314
NLMS,0,period_0707,2.306667,-0.3037,5.9612,85.8427,85.1794,0.6633
NLMS,0,period_0707,2.360000,-0.3195,6.7377,85.8399,85.1794,0.6605
NLMS,0,period_0707,2.400000,-0.3200,8.9046,85.8637,85.1794,0.6843
NLMS,0,period_0707,2.453333,-0.3677,7.1125,86.0727,85.1794,0.8933
NLMS,0,period_0707,2.506667,-0.4358,5.3295,86.0814,85.1794,0.9020
NLMS,0,period_0707,2.560000,-0.5925,8.0884,86.0561,85.1794,0.8768
NLMS,0,period_0707,2.600000,-0.1143,14.7424,86.0712,85.1794,0.8918
NLMS,0,period_0707,2.653333,0.1619,8.4830,81.0175,85.1794,-4.1618
NLMS,0,period_0707,2.706667,1.1574,12.3913,78.1941,85.1794,-6.9852
NLMS,0,period_0707,2.760000,1.2401,10.5558,79.3480,85.1794,-5.8313
NLMS,0,period_0707,2.800000,-0.0127,4.6075,85.0475,85.1794,-0.1319
NLMS,0,period_0707,2.853333,-0.3520,2.4207,84.8084,85.1794,-0.3710
NLMS,0,period_0707,2.906667,-1.4076,3.7375,86.2539,85.1794,1.0745
NLMS,0,period_0707,2.960000,0.5068,2.6800,83.4427,85.1794,-1.7367
NLMS,0,period_0707,3.000000,0.6801,1.5379,80.0793,85.1794,-5.1000
NLMS,0,period_0707,3.053333,0.0068,2.2086,80.3763,85.1794,-4.8031
NLMS,0,period_0707,3.106667,-0.5246,4.4096,80.5612,85.1794,-4.6181
NLMS,0,period_0707,3.160000,-1.0847,3.8463,81.1402,85.1794,-4.0391
NLMS,0,period_0707,3.200000,-1.6481,1.7008,81.7878,85.1794,-3.3916
NLMS,0,period_0707,3.253333,-2.9436,3.5137,86.2523,85.1794,1.0729
NLMS,0,period_0707,3.306667,-3.1235,6.5905,86.6346,85.1794,1.4552
NLMS,0,period_0707,3.360000,-3.1016,7.4549,85.8747,85.1794,0.6954
NLMS,0,period_0707,3.400000,-3.1545,7.0647,85.7389,85.1794,0.5595
NLMS,0,period_0707,3.453333,-3.2371,8.8742,85.5907,85.1794,0.4114
NLMS,0,period_0707,3.506667,-3.2265,8.2203,85.5825,85.1794,0.4031
NLMS,0,period_0707,3.560000,-3.3628,7.0290,85.3832,85.1794,0.2039
NLMS,0,period_0707,3.600000,-3.5041,9.3736,85.9070,85.1794,0.7277
NLMS,0,period_0707,3.653333,-3.5009,7.5387,85.7844,85.1794,0.6050
NLMS,0,period_0707,3.706667,-3.7062,6.7300,86.6235,85.1794,1.4441
NLMS,0,period_0707,3.760000,-3.7091,7.2669,87.0126,85.1794,1.8332
NLMS,0,period_0707,3.800000,-3.7462,7.4237,86.8832,85.1794,1.7039
NLMS,0,period_0707,3.853333,-3.9031,5.0656,87.4277,85.1794,2.2484
NLMS,0,period_0707,3.906667,-3.9046,7.4536,87.5194,85.1794,2.3400
NLMS,0,period_0707,3.960000,-3.9086,7.2353,87.2673,85.1794,2.0879
NLMS,0,period_0707,4.000000,-4.0476,6.1070,87.8031,85.1794,2.6237
NLMS,0,period_0707,4.053333,-4.0258,11.4471,88.9698,85.1794,3.7904
NLMS,0,period_0707,4.106667,-4.5849,7.7378,88.9904,85.1794,3.8110
NLMS,0,period_0707,4.160000,-1.2317,6.8959,81.2041,85.1794,-3.9752
NLMS,0,period_0707,4.200000,-1.3441,7.1277,81.4193,85.1794,-3.7600
NLMS,0,period_0707,4.253333,-0.6249,8.4202,79.1253,85.1794,-6.0541
NLMS,0,period_0707,4.306667,-0.5491,10.0197,78.7231,85.1794,-6.4563
NLMS,0,period_0707,4.360000,-1.1886,7.4462,82.2840,85.1794,-2.8954
NLMS,0,period_0707,4.400000,-3.9293,6.3763,85.7901,85.1794,0.6107
NLMS,0,period_0707,4.453333,-2.8638,11.4667,86.2494,85.1794,1.0700
NLMS,0,period_0707,4.506667,-2.5301,16.2053,84.8347,85.1794,-0.3446
NLMS,0,period_0707,4.560000,-2.4318,11.2113,82.4650,85.1794,-2.7143
NLMS,0,period_0707,4.600000,-1.9226,7.4755,81.2478,85.1794,-3.9316
NLMS,0,period_0707,4.653333,-1.0862,9.5766,80.1884,85.1794,-4.9909
NLMS,0,period_0707,4.706667,-2.8408,0.0189,85.3603,85.1794,0.1810
NLMS,0,period_0707,4.760000,-4.3414,4.4616,91.0423,85.1794,5.8630
NLMS,0,period_0707,4.800000,-3.7749,5.7856,92.4502,85.1794,7.2709
NLMS,0,period_0707,4.853333,-3.1785,1.9934,88.6413,85.1794,3.4619
NLMS,0,period_0707,4.906667,-3.5768,4.8683,88.4882,85.1794,3.3089
NLMS,0,period_0707,4.960000,-3.9235,5.3635,89.0059,85.1794,3.8265
NLMS,0,period_0707,5.000000,-4.1079,6.1360,89.2794,85.1794,4.1001
NLMS,0,period_0707,5.053333,-4.6045,4.3684,90.0233,85.1794,4.8439
NLMS,0,period_0707,5.106667,-4.7872,4.8966,90.1403,85.1794,4.9609
NLMS,0,period_0707,5.160000,-4.6991,8.2378,91.4403,85.1794,6.2609
NLMS,0,period_0707,5.200000,-4.5715,9.5983,90.4291,85.1794,5.2498
NLMS,0,period_0707,5.253333,-4.6694,9.4474,89.4009,85.1794,4.2215
NLMS,0,period_0707,5.306667,-4.4762,7.0490,87.8212,85.1794,2.6418
NLMS,0,period_0707,5.360000,-4.2111,9.1311,85.7877,85.1794,0.6083
NLMS,0,period_0707,5.400000,-4.6727,4.8751,87.9793,85.1794,2.8000
NLMS,0,period_0707,5.453333,-4.7283,7.3127,88.0801,85.1794,2.9008
NLMS,0,period_0707,5.506667,-4.8714,9.7339,88.4879,85.1794,3.3086
NLMS,0,period_0707,5.560000,-4.9080,9.0427,88.6301,85.1794,3.4507
NLMS,0,period_0707,5.600000,-4.7812,10.4054,87.6203,85.1794,2.4410
NLMS,0,period_0707,5.653333,-4.9866,7.4808,88.7634,85.1794,3.5840
NLMS,0,period_0707,5.706667,-4.8713,9.2670,88.6257,85.1794,3.4464
NLMS,0,period_0707,5.760000,-4.8874,8.0225,87.7565,85.1794,2.5771
NLMS,0,period_0707,5.800000,-5.0362,6.4946,88.6096,85.1794,3.4302
NLMS,0,period_0707,5.853333,-5.5572,6.7485,88.4748,85.1794,3.2955
NLMS,0,period_0707,5.906667,-4.5401,4.8666,90.4821,85.1794,5.3027
NLMS,0,period_0707,5.960000,-2.9571,7.5969,87.1658,85.1794,1.9865
NLMS,0,period_0707,6.000000,-2.9011,6.0538,85.4213,85.1794,0.2419
NLMS,0,period_0707,6.053333,1.3970,5.7290,76.4501,85.1794,-8.7293
NLMS,0,period_0707,6.106667,2.3195,4.9485,74.1182,85.1794,-11.0612
NLMS,0,period_0707,6.160000,2.7514,5.9465,74.7593,85.1794,-10.4201
NLMS,0,period_0707,6.200000,1.1160,2.5913,76.2722,85.1794,-8.9071
NLMS,0,period_0707,6.253333,-0.5946,-0.0693,79.5998,85.1794,-5.5796
NLMS,0,period_0707,6.306667,-4.9935,1.4092,86.2469,85.1794,1.0675
NLMS,0,period_0707,6.360000,-2.6538,4.0496,80.8065,85.1794,-4.3729
NLMS,0,period_0707,6.400000,-1.1107,9.5973,78.8048,85.1794,-6.3746
NLMS,0,period_0707,6.453333,-1.0489,9.4131,78.2121,85.1794,-6.9672
NLMS,0,period_0707,6.506667,0.3305,9.5777,80.8482,85.1794,-4.3311
NLMS,0,period_0707,6.560000,-4.3905,5.2579,87.4075,85.1794,2.2282
NLMS,0,period_0707,6.600000,-2.7838,16.3938,84.5290,85.1794,-0.6503
NLMS,0,period_0707,6.653333,-3.7257,15.8400,90.2202,85.1794,5.0408
NLMS,0,period_0707,6.706667,-3.7459,12.6753,87.0273,85.1794,1.8479
NLMS,0,period_0707,6.760000,-4.6616,8.8950,87.1213,85.1794,1.9419
NLMS,0,period_0707,6.800000,-4.6211,10.1484,86.9220,85.1794,1.7426
NLMS,0,period_0707,6.853333,-2.5888,3.4791,80.6763,85.1794,-4.5031
NLMS,0,period_0707,6.906667,-4.1973,5.7466,82.4640,85.1794,-2.7154
NLMS,0,period_0707,6.960000,-3.1472,7.8024,82.4269,85.1794,-2.7525
NLMS,0,period_0707,7.000000,-0.7503,7.6998,82.0448,85.1794,-3.1346
NLMS,0,period_0707,7.053333,-1.2107,1.8229,78.6586,85.1794,-6.5208
NLMS,0,period_0707,7.106667,-1.5397,4.5193,79.0472,85.1794,-6.1321
NLMS,0,period_0707,7.160000,-1.6458,6.8931,79.2759,85.1794,-5.9035
NLMS,0,period_0707,7.200000,-4.0152,1.5756,82.6238,85.1794,-2.5555
NLMS,0,period_0707,7.253333,-5.2054,3.0890,84.5039,85.1794,-0.6754
NLMS,0,period_0707,7.306667,-5.0815,7.7303,83.6344,85.1794,-1.5450
NLMS,0,period_0707,7.360000,-4.7551,8.9836,82.8765,85.1794,-2.3028
NLMS,0,period_0707,7.400000,-4.0448,10.5536,82.8634,85.1794,-2.3160
NLMS,0,period_0707,7.453333,-3.5159,5.2827,82.0900,85.1794,-3.0893
NLMS,0,period_0707,7.506667,-3.9088,7.5516,81.3395,85.1794,-3.8398
NLMS,0,period_0707,7.560000,-2.8692,7.4801,81.0055,85.1794,-4.1738
NLMS,0,period_0707,7.600000,-2.6731,3.2559,82.2404,85.1794,-2.9390
NLMS,0,period_0707,7.653333,-2.1023,9.0695,84.5438,85.1794,-0.6356
NLMS,0,period_0707,7.706667,-2.6289,12.9582,82.8145,85.1794,-2.3649
NLMS,0,period_0707,7.760000,-2.9341,11.2211,82.3588,85.1794,-2.8205
NLMS,0,period_0707,7.800000,-2.9139,7.9098,81.9749,85.1794,-3.2044
NLMS,0,period_0707,7.853333,-2.7008,13.2619,82.0024,85.1794,-3.1770
NLMS,0,period_0707,7.906667,-3.3084,15.2514,81.9490,85.1794,-3.2304
NLMS,0,period_0707,7.960000,-2.4707,13.7250,81.4392,85.1794,-3.7402
NLMS,0,period_0707,8.000000,-1.0933,13.4284,81.3020,85.1794,-3.8774
NLMS,0,period_0707,8.053333,0.0199,13.8727,80.9823,85.1794,-4.1970
NLMS,0,period_0707,8.106667,4.7327,1.8749,71.3791,85.1794,-13.8003
NLMS,0,period_0707,8.160000,-0.7269,4.8854,75.6914,85.1794,-9.4879
NLMS,0,period_0707,8.200000,-1.3663,11.3130,75.7393,85.1794,-9.4401
NLMS,0,period_0707,8.253333,-1.9893,13.6917,76.1353,85.1794,-9.0440
NLMS,0,period_0707,8.306667,-2.5597,14.4457,76.2365,85.1794,-8.9428
NLMS,0,period_0707,8.360000,-2.0431,15.6479,76.1999,85.1794,-8.9795
NLMS,0,period_0707,8.400000,-1.9732,11.4615,76.4279,85.1794,-8.7514
NLMS,0,period_0707,8.453333,-2.6989,5.6133,76.4556,85.1794,-8.7237
NLMS,0,period_0707,8.506667,-2.9538,12.5399,77.1459,85.1794,-8.0334
NLMS,0,period_0707,8.560000,-2.9716,13.3728,77.3241,85.1794,-7.8552
NLMS,0,period_0707,8.600000,-2.3693,13.4746,77.2743,85.1794,-7.9051
NLMS,0,period_0707,8.653333,-3.1927,12.9449,77.4739,85.1794,-7.7055
NLMS,0,period_0707,8.706667,-3.1500,10.6102,77.1361,85.1794,-8.0433
NLMS,0,period_0707,8.760000,-2.5758,12.4473,77.1082,85.1794,-8.0712
NLMS,0,period_0707,8.800000,-2.5460,11.7174,76.8076,85.1794,-8.3718
NLMS,0,period_0707,8.853333,-0.2116,15.7122,76.8755,85.1794,-8.3039
NLMS,0,period_0707,8.906667,5.6026,16.5328,72.3169,85.1794,-12.8625
NLMS,0,period_0707,8.960000,4.1094,8.5133,75.7402,85.1794,-9.4392
NLMS,0,period_0707,9.000000,-0.5701,2.0814,81.1999,85.1794,-3.9795
NLMS,0,period_0707,9.053333,-0.8990,3.7016,85.2940,85.1794,0.1146
NLMS,0,period_0707,9.106667,-3.9097,2.4442,86.5765,85.1794,1.3971
NLMS,0,period_0707,9.160000,-4.5004,6.7926,87.4023,85.1794,2.2229
NLMS,0,period_0707,9.200000,-5.0516,6.6028,88.3056,85.1794,3.1262
NLMS,0,period_0707,9.253333,-5.3925,5.5410,90.2238,85.1794,5.0445
NLMS,0,period_0707,9.306667,-5.4871,6.9878,90.5187,85.1794,5.3393
NLMS,0,period_0707,9.360000,-5.8609,5.5762,92.8528,85.1794,7.6734
NLMS,0,period_0707,9.400000,-6.1240,6.2977,94.0738,85.1794,8.8944
NLMS,0,period_0707,9.453333,-6.2030,7.0067,93.2309,85.1794,8.0515
NLMS,0,period_0707,9.506667,-6.1036,6.7017,94.7328,85.1794,9.5534
NLMS,0,period_0707,9.560000,-6.1395,7.3952,94.5847,85.1794,9.4053
NLMS,0,period_0707,9.600000,-6.4179,7.3781,93.1850,85.1794,8.0056
NLMS,0,period_0707,9.653333,-6.6159,5.7356,93.8528,85.1794,8.6734
NLMS,0,period_0707,9.706667,-6.5652,5.9605,91.4791,85.1794,6.2998
NLMS,0,period_0707,9.760000,-6.4950,7.2632,90.1505,85.1794,4.9711
NLMS,0,period_0707,9.800000,-5.8117,8.4607,90.5296,85.1794,5.3502
NLMS,0,period_0707,9.853333,-6.3740,6.3113,91.8660,85.1794,6.6866
NLMS,0,period_0707,9.906667,-6.2437,8.2768,91.2500,85.1794,6.0707
NLMS,0,period_0707,9.960000,-8.8939,3.6207,91.7628,85.1794,6.5834
NLMS,0,period_0707,10.000000,-0.5608,3.3647,83.4136,85.1794,-1.7658
NLMS,1,period_0856,10.013333,-0.5712,-40.3698,76.8315,75.6790,1.1525
NLMS,1,period_0856,10.053333,-0.6407,1.8017,76.8554,75.6790,1.1763
NLMS,1,period_0856,10.106667,-0.7137,2.6237,76.8991,75.6790,1.2200
NLMS,1,period_0856,10.160000,-0.7579,4.7280,76.9151,75.6790,1.2361
NLMS,1,period_0856,10.200000,-0.7814,5.3983,76.9295,75.6790,1.2505
NLMS,1,period_0856,10.253333,-0.8132,5.3792,76.9536,75.6790,1.2746
NLMS,1,period_0856,10.306667,-0.8453,5.1146,76.9933,75.6790,1.3143
NLMS,1,period_0856,10.360000,-0.8747,4.6265,77.0173,75.6790,1.3383
NLMS,1,period_0856,10.400000,-0.8905,6.7438,77.0278,75.6790,1.3487
NLMS,1,period_0856,10.453333,-0.9176,5.8383,77.0421,75.6790,1.3631
NLMS,1,period_0856,10.506667,-0.9382,5.2143,77.0565,75.6790,1.3775
NLMS,1,period_0856,10.560000,-0.9590,6.3175,77.0928,75.6790,1.4137
NLMS,1,period_0856,10.600000,-0.9781,6.1959,77.1219,75.6790,1.4429
NLMS,1,period_0856,10.653333,-1.0036,6.4527,77.1565,75.6790,1.4774
NLMS,1,period_0856,10.706667,-1.0350,6.3996,77.1881,75.6790,1.5090
NLMS,1,period_0856,10.760000,-1.0682,7.1104,77.2682,75.6790,1.5891
NLMS,1,period_0856,10.800000,-1.4547,1.9954,77.6960,75.6790,2.0170
NLMS,1,period_0856,10.853333,-1.9662,3.5684,77.9420,75.6790,2.2629
NLMS,1,period_0856,10.906667,-3.1677,4.4587,79.9872,75.6790,4.3082
NLMS,1,period_0856,10.960000,-3.4358,10.5019,80.1396,75.6790,4.4606
NLMS,1,period_0856,11.000000,-3.2634,9.2141,80.1655,75.6790,4.4865
NLMS,1,period_0856,11.053333,-2.9735,8.1310,78.3704,75.6790,2.6914
NLMS,1,period_0856,11.106667,-2.8375,14.5957,78.1368,75.6790,2.4578
NLMS,1,period_0856,11.160000,-3.1379,5.6288,79.9482,75.6790,4.2692
NLMS,1,period_0856,11.200000,-3.0188,10.3402,79.9118,75.6790,4.2327
NLMS,1,period_0856,11.253333,-2.2583,9.2373,73.4144,75.6790,-2.2646
NLMS,1,period_0856,11.306667,-0.7736,12.2437,79.2810,75.6790,3.6020
NLMS,1,period_0856,11.360000,-2.4915,1.3092,79.9685,75.6790,4.2894
NLMS,1,period_0856,11.400000,-2.7066,4.0850,80.0947,75.6790,4.4157
NLMS,1,period_0856,11.453333,-2.8993,5.3209,80.2686,75.6790,4.5896
NLMS,1,period_0856,11.506667,-3.0841,7.1129,80.4169,75.6790,4.7379
NLMS,1,period_0856,11.560000,-3.2219,7.5879,80.5186,75.6790,4.8395
NLMS,1,period_0856,11.600000,-3.2722,8.9129,80.5866,75.6790,4.9076
NLMS,1,period_0856,11.653333,-3.3423,8.4068,80.6850,75.6790,5.0060
NLMS,1,period_0856,11.706667,-3.3995,8.9279,80.7852,75.6790,5.1062
NLMS,1,period_0856,11.760000,-3.4436,9.4990,80.9728,75.6790,5.2938
NLMS,1,period_0856,11.800000,-3.4687,9.6223,81.0129,75.6790,5.3339
NLMS,1,period_0856,11.853333,-3.5013,9.1957,81.0508,75.6790,5.3718
NLMS,1,period_0856,11.906667,-3.5288,8.7069,81.0986,75.6790,5.4196
NLMS,1,period_0856,11.960000,-3.5466,7.8866,81.1297,75.6790,5.4506
NLMS,1,period_0856,12.000000,-3.5616,9.9901,81.2055,75.6790,5.5265
NLMS,1,period_0856,12.053333,-3.5817,9.0919,81.2480,75.6790,5.5689
NLMS,1,period_0856,12.106667,-3.6021,7.6511,81.2762,75.6790,5.5971
NLMS,1,period_0856,12.160000,-3.6273,9.1879,81.3044,75.6790,5.6254
NLMS,1,period_0856,12.200000,-3.6501,5.9534,81.3616,75.6790,5.6826
NLMS,1,period_0856,12.253333,-3.6697,9.2952,81.3900,75.6790,5.7110
NLMS,1,period_0856,12.306667,-3.6858,9.1528,81.4120,75.6790,5.7329
NLMS,1,period_0856,12.360000,-3.6958,8.6055,81.4536,75.6790,5.7746
NLMS,1,period_0856,12.400000,-3.7064,9.9189,81.4773,75.6790,5.7982
NLMS,1,period_0856,12.453333,-3.7229,9.8803,81.5255,75.6790,5.8464
NLMS,1,period_0856,12.506667,-3.7411,7.8568,81.5601,75.6790,5.8810
NLMS,1,period_0856,12.560000,-3.8624,18.5688,81.4979,75.6790,5.8189
NLMS,1,period_0856,12.600000,-3.6966,14.1049,81.4306,75.6790,5.7516
NLMS,1,period_0856,12.653333,-3.7367,11.2369,81.4898,75.6790,5.8108
NLMS,1,period_0856,12.706667,-3.5932,11.3947,79.7211,75.6790,4.0421
NLMS,1,period_0856,12.760000,-3.5148,9.9282,79.1322,75.6790,3.4531
NLMS,1,period_0856,12.800000,-3.6838,3.1904,82.2219,75.6790,6.5429
NLMS,1,period_0856,12.853333,-3.6756,2.1828,82.3946,75.6790,6.7156
NLMS,1,period_0856,12.906667,-4.0233,6.1477,82.3249,75.6790,6.6459
NLMS,1,period_0856,12.960000,-2.6105,6.0522,81.1876,75.6790,5.5085
NLMS,1,period_0856,13.000000,-2.7438,3.1448,77.8840,75.6790,2.2050
NLMS,1,period_0856,13.053333,-3.3662,3.1217,78.1499,75.6790,2.4709
NLMS,1,period_0856,13.106667,-3.9603,3.9173,78.4342,75.6790,2.7552
NLMS,1,period_0856,13.160000,-4.5863,3.7559,79.2379,75.6790,3.5589
NLMS,1,period_0856,13.200000,-5.1488,3.5101,79.7656,75.6790,4.0865
NLMS,1,period_0856,13.253333,-6.3991,3.4000,83.4324,75.6790,7.7534
NLMS,1,period_0856,13.306667,-6.8153,7.4649,83.5339,75.6790,7.8549
NLMS,1,period_0856,13.360000,-7.0240,10.2040,83.5264,75.6790,7.8474
NLMS,1,period_0856,13.400000,-7.1087,9.2839,83.5528,75.6790,7.8738
NLMS,1,period_0856,13.453333,-7.2292,10.5923,83.6512,75.6790,7.9722
NLMS,1,period_0856,13.506667,-7.3307,10.7150,83.7031,75.6790,8.0241
NLMS,1,period_0856,13.560000,-7.4070,9.8928,83.7327,75.6790,8.0537
NLMS,1,period_0856,13.600000,-7.4918,9.6660,83.7788,75.6790,8.0998
NLMS,1,period_0856,13.653333,-7.5653,9.3636,83.7872,75.6790,8.1082
NLMS,1,period_0856,13.706667,-7.6062,8.8821,83.8240,75.6790,8.1450
NLMS,1,period_0856,13.760000,-7.6519,8.2635,83.8571,75.6790,8.1781
NLMS,1,period_0856,13.800000,-7.6774,10.3379,83.8835,75.6790,8.2044
NLMS,1,period_0856,13.853333,-7.7057,8.1085,83.8909,75.6790,8.2119
NLMS,1,period_0856,13.906667,-7.7257,9.7054,83.9111,75.6790,8.2321
NLMS,1,period_0856,13.960000,-7.7437,11.1958,83.9199,75.6790,8.2408
NLMS,1,period_0856,14.000000,-7.7809,7.8805,83.9305,75.6790,8.2515
NLMS,1,period_0856,14.053333,-7.7560,14.2294,83.9958,75.6790,8.3168
NLMS,1,period_0856,14.106667,-7.9140,9.9410,84.1489,75.6790,8.4699
NLMS,1,period_0856,14.160000,-7.9026,8.1480,83.7638,75.6790,8.0848
NLMS,1,period_0856,14.200000,-8.1302,10.9556,83.2152,75.6790,7.5362
NLMS,1,period_0856,14.253333,-7.9146,11.0256,82.7454,75.6790,7.0664
NLMS,1,period_0856,14.306667,-7.7963,11.3798,81.4448,75.6790,5.7658
NLMS,1,period_0856,14.360000,-8.0640,7.3028,80.0500,75.6790,4.3709
NLMS,1,period_0856,14.400000,-7.9370,6.0199,78.5541,75.6790,2.8751
NLMS,1,period_0856,14.453333,-7.8252,8.8360,81.7279,75.6790,6.0488
NLMS,1,period_0856,14.506667,-7.6985,12.9795,80.5989,75.6790,4.9199
NLMS,1,period_0856,14.560000,-7.4204,10.2531,80.7522,75.6790,5.0731
NLMS,1,period_0856,14.600000,-6.9432,10.5796,79.5793,75.6790,3.9002
NLMS,1,period_0856,14.653333,-6.2742,12.3644,77.9171,75.6790,2.2381
NLMS,1,period_0856,14.706667,-7.4754,2.8347,85.6970,75.6790,10.0180
NLMS,1,period_0856,14.760000,-8.9176,7.2756,87.6705,75.6790,11.9914
NLMS,1,period_0856,14.800000,-8.5430,7.3783,87.6969,75.6790,12.0178
NLMS,1,period_0856,14.853333,-7.1562,3.7983,82.4482,75.6790,6.7692
NLMS,1,period_0856,14.906667,-7.6743,6.1615,82.6415,75.6790,6.9625
NLMS,1,period_0856,14.960000,-8.0080,7.5214,82.9176,75.6790,7.2385
NLMS,1,period_0856,15.000000,-8.2835,7.4220,83.1018,75.6790,7.4228
NLMS,1,period_0856,15.053333,-8.8049,7.0764,84.5395,75.6790,8.8605
NLMS,1,period_0856,15.106667,-10.2068,6.3505,88.1877,75.6790,12.5086
NLMS,1,period_0856,15.160000,-10.5574,9.1810,88.3257,75.6790,12.6466
NLMS,1,period_0856,15.200000,-10.6443,10.1801,88.4184,75.6790,12.7393
NLMS,1,period_0856,15.253333,-10.8780,11.3596,88.5573,75.6790,12.8783
NLMS,1,period_0856,15.306667,-11.0456,10.0290,88.6087,75.6790,12.9297
NLMS,1,period_0856,15.360000,-11.1269,11.1196,88.6970,75.6790,13.0180
NLMS,1,period_0856,15.400000,-11.2273,10.2248,88.7540,75.6790,13.0750
NLMS,1,period_0856,15.453333,-11.3216,8.2585,88.8220,75.6790,13.1430
NLMS,1,period_0856,15.506667,-11.3760,10.3409,88.8676,75.6790,13.1886
NLMS,1,period_0856,15.560000,-11.4351,10.8925,88.9220,75.6790,13.2429
NLMS,1,period_0856,15.600000,-11.4690,12.8338,88.9529,75.6790,13.2739
NLMS,1,period_0856,15.653333,-11.4963,10.4227,89.0082,75.6790,13.3291
NLMS,1,period_0856,15.706667,-11.5367,10.9164,89.0351,75.6790,13.3561
NLMS,1,period_0856,15.760000,-11.5861,10.1760,89.1130,75.6790,13.4339
NLMS,1,period_0856,15.800000,-11.6156,10.7556,89.1338,75.6790,13.4547
NLMS,1,period_0856,15.853333,-12.3906,12.5444,90.6401,75.6790,14.9611
NLMS,1,period_0856,15.906667,-11.4688,10.9094,87.9087,75.6790,12.2297
NLMS,1,period_0856,15.960000,-10.8763,10.4761,84.3465,75.6790,8.6675
NLMS,1,period_0856,16.000000,-10.7637,10.0665,84.6161,75.6790,8.9371
NLMS,1,period_0856,16.053333,-7.7787,4.6147,78.2080,75.6790,2.5289
NLMS,1,period_0856,16.106667,-8.6779,5.2312,78.0901,75.6790,2.4110
NLMS,1,period_0856,16.160000,-9.4579,8.3601,77.9713,75.6790,2.2923
NLMS,1,period_0856,16.200000,-10.2789,2.4270,80.1720,75.6790,4.4930
NLMS,1,period_0856,16.253333,-11.6763,5.7507,84.7785,75.6790,9.0995
NLMS,1,period_0856,16.306667,-12.8021,6.0586,89.8951,75.6790,14.2161
NLMS,1,period_0856,16.360000,-11.5818,5.2045,83.7248,75.6790,8.0458
NLMS,1,period_0856,16.400000,-9.5474,11.2201,79.5917,75.6790,3.9127
NLMS,1,period_0856,16.453333,-10.1717,6.6219,78.6940,75.6790,3.0150
NLMS,1,period_0856,16.506667,-8.9321,9.9961,79.5651,75.6790,3.8861
NLMS,1,period_0856,16.560000,-9.5462,5.2745,82.1927,75.6790,6.5137
NLMS,1,period_0856,16.600000,-8.6232,16.1344,78.8698,75.6790,3.1907
NLMS,1,period_0856,16.653333,-8.8867,13.6572,80.3706,75.6790,4.6916
NLMS,1,period_0856,16.706667,-9.1626,11.3724,80.1368,75.6790,4.4578
NLMS,1,period_0856,16.760000,-9.7273,10.1759,81.5092,75.6790,5.8302
NLMS,1,period_0856,16.800000,-9.5793,10.0832,80.7302,75.6790,5.0511
NLMS,1,period_0856,16.853333,-8.3078,3.5039,79.1220,75.6790,3.4430
NLMS,1,period_0856,16.906667,-9.8408,3.7238,85.9720,75.6790,10.2930
NLMS,1,period_0856,16.960000,-9.5591,7.8264,83.4586,75.6790,7.7796
NLMS,1,period_0856,17.000000,-7.9615,7.9356,76.7260,75.6790,1.0470
NLMS,1,period_0856,17.053333,-8.0108,1.8192,77.4612,75.6790,1.7822
NLMS,1,period_0856,17.106667,-8.6642,5.6535,78.4249,75.6790,2.7459
NLMS,1,period_0856,17.160000,-9.7957,7.2177,79.9419,75.6790,4.2629
NLMS,1,period_0856,17.200000,-12.3871,7.8888,91.5901,75.6790,15.9111
NLMS,1,period_0856,17.253333,-12.7996,3.5209,86.6518,75.6790,10.9728
NLMS,1,period_0856,17.306667,-12.4121,9.1696,84.4107,75.6790,8.7317
NLMS,1,period_0856,17.360000,-12.2080,9.1707,81.7752,75.6790,6.0962
NLMS,1,period_0856,17.400000,-11.6756,9.5754,81.0110,75.6790,5.3320
NLMS,1,period_0856,17.453333,-12.0615,7.4709,87.8434,75.6790,12.1644
NLMS,1,period_0856,17.506667,-11.8421,9.0006,79.8316,75.6790,4.1526
NLMS,1,period_0856,17.560000,-11.6119,9.3234,79.2975,75.6790,3.6184
NLMS,1,period_0856,17.600000,-10.4345,3.6743,80.4535,75.6790,4.7745
NLMS,1,period_0856,17.653333,-7.7863,6.5957,78.0542,75.6790,2.3752
NLMS,1,period_0856,17.706667,-9.6629,9.9126,80.8296,75.6790,5.1506
NLMS,1,period_0856,17.760000,-10.6274,9.9485,82.8134,75.6790,7.1344
NLMS,1,period_0856,17.800000,-11.2603,9.9334,80.9979,75.6790,5.3189
NLMS,1,period_0856,17.853333,-9.9621,13.2351,79.3277,75.6790,3.6487
NLMS,1,period_0856,17.906667,-10.0605,15.6516,79.5518,75.6790,3.8728
NLMS,1,period_0856,17.960000,-9.3682,14.4879,79.1197,75.6790,3.4407
NLMS,1,period_0856,18.000000,-9.5045,12.0053,77.2799,75.6790,1.6009
NLMS,1,period_0856,18.053333,-9.1122,10.4467,76.7886,75.6790,1.1096
NLMS,1,period_0856,18.106667,-5.4392,3.0995,75.2207,75.6790,-0.4583
NLMS,1,period_0856,18.160000,-10.2873,6.8025,82.3853,75.6790,6.7062
NLMS,1,period_0856,18.200000,-11.3728,11.0565,81.3764,75.6790,5.6974
NLMS,1,period_0856,18.253333,-11.4079,12.6536,81.2305,75.6790,5.5515
NLMS,1,period_0856,18.306667,-11.0110,14.9035,82.2754,75.6790,6.5964
NLMS,1,period_0856,18.360000,-10.7435,13.6877,80.5899,75.6790,4.9109
NLMS,1,period_0856,18.400000,-10.4646,12.3936,80.4695,75.6790,4.7904
NLMS,1,period_0856,18.453333,-10.5222,8.1289,83.8790,75.6790,8.2000
NLMS,1,period_0856,18.506667,-10.8876,11.2645,84.2280,75.6790,8.5490
NLMS,1,period_0856,18.560000,-10.7390,14.1503,82.5045,75.6790,6.8255
NLMS,1,period_0856,18.600000,-10.2447,15.2524,80.8080,75.6790,5.1290
NLMS,1,period_0856,18.653333,-10.4682,13.9649,82.0400,75.6790,6.3609
NLMS,1,period_0856,18.706667,-10.3853,13.5228,82.2316,75.6790,6.5526
NLMS,1,period_0856,18.760000,-9.8616,11.1143,80.2980,75.6790,4.6189
NLMS,1,period_0856,18.800000,-9.8539,9.8821,81.9920,75.6790,6.3130
NLMS,1,period_0856,18.853333,-8.8130,11.9830,75.7523,75.6790,0.0733
NLMS,1,period_0856,18.906667,-5.0359,15.1224,70.7551,75.6790,-4.9240
NLMS,1,period_0856,18.960000,-7.3832,7.1437,75.9943,75.6790,0.3153
NLMS,1,period_0856,19.000000,-8.3750,6.0624,75.5030,75.6790,-0.1760
NLMS,1,period_0856,19.053333,-10.0105,4.9684,80.5631,75.6790,4.8840
NLMS,1,period_0856,19.106667,-11.5773,6.3268,81.1810,75.6790,5.5020
NLMS,1,period_0856,19.160000,-12.1820,8.6335,81.5029,75.6790,5.8239
NLMS,1,period_0856,19.200000,-13.1162,6.9294,83.4079,75.6790,7.7289
NLMS,1,period_0856,19.253333,-13.4103,5.0060,83.0604,75.6790,7.3814
NLMS,1,period_0856,19.306667,-13.7544,7.2722,83.5312,75.6790,7.8522
NLMS,1,period_0856,19.360000,-14.0165,7.2458,85.4434,75.6790,9.7644
NLMS,1,period_0856,19.400000,-14.2543,8.1234,85.7942,75.6790,10.1152
NLMS,1,period_0856,19.453333,-14.5493,10.4849,86.9910,75.6790,11.3119
NLMS,1,period_0856,19.506667,-14.6738,9.2772,86.9969,75.6790,11.3179
NLMS,1,period_0856,19.560000,-14.8585,10.5238,88.0095,75.6790,12.3305
NLMS,1,period_0856,19.600000,-15.0317,10.1123,88.5976,75.6790,12.9186
NLMS,1,period_0856,19.653333,-15.1420,9.6082,91.3826,75.6790,15.7036
NLMS,1,period_0856,19.706667,-15.3368,10.2490,91.2485,75.6790,15.5695
NLMS,1,period_0856,19.760000,-15.4682,9.4341,91.1305,75.6790,15.4515
NLMS,1,period_0856,19.800000,-15.4803,9.3367,91.1282,75.6790,15.4492
NLMS,1,period_0856,19.853333,-15.4366,10.3432,90.3448,75.6790,14.6658
NLMS,1,period_0856,19.906667,-15.5189,10.4767,92.8924,75.6790,17.2133
NLMS,1,period_0856,19.960000,-15.7800,11.3414,92.9433,75.6790,17.2643
NLMS,1,period_0856,20.000000,-10.3993,6.8431,86.3142,75.6790,10.6351
NLMS,2,period_0916,20.013333,-3.1449,-45.2816,79.1851,76.8005,2.3846
NLMS,2,period_0916,20.053333,-3.4099,-7.0640,79.7039,76.8005,2.9034
NLMS,2,period_0916,20.106667,-3.6393,-4.4063,80.7949,76.8005,3.9944
NLMS,2,period_0916,20.160000,-3.8230,-3.3930,80.9348,76.8005,4.1343
NLMS,2,period_0916,20.200000,-3.9176,-3.1079,80.9386,76.8005,4.1381
NLMS,2,period_0916,20.253333,-3.9958,-1.8494,80.9403,76.8005,4.1398
NLMS,2,period_0916,20.306667,-4.0807,-1.0630,80.9432,76.8005,4.1427
NLMS,2,period_0916,20.360000,-4.1450,0.0269,80.9496,76.8005,4.1491
NLMS,2,period_0916,20.400000,-4.1688,0.5836,80.9508,76.8005,4.1503
NLMS,2,period_0916,20.453333,-4.2127,0.5178,80.9520,76.8005,4.1515
NLMS,2,period_0916,20.506667,-4.2497,0.4134,80.9544,76.8005,4.1539
NLMS,2,period_0916,20.560000,-4.2692,1.2855,80.9555,76.8005,4.1550
NLMS,2,period_0916,20.600000,-4.2923,1.7108,80.9551,76.8005,4.1546
NLMS,2,period_0916,20.653333,-4.3200,1.6353,80.9540,76.8005,4.1535
NLMS,2,period_0916,20.706667,-4.3485,2.5062,80.9542,76.8005,4.1537
NLMS,2,period_0916,20.760000,-4.3691,3.0772,80.9556,76.8005,4.1551
NLMS,2,period_0916,20.800000,-4.4808,5.0743,80.9578,76.8005,4.1573
NLMS,2,period_0916,20.853333,-4.6873,6.9454,81.0126,76.8005,4.2121
NLMS,2,period_0916,20.906667,-5.1608,7.6746,81.1523,76.8005,4.3518
NLMS,2,period_0916,20.960000,-5.0996,8.8792,81.2393,76.8005,4.4388
NLMS,2,period_0916,21.000000,-4.9731,7.3034,80.1188,76.8005,3.3183
NLMS,2,period_0916,21.053333,-4.6425,7.0736,81.2521,76.8005,4.4516
NLMS,2,period_0916,21.106667,-4.5939,9.0426,79.5920,76.8005,2.7915
NLMS,2,period_0916,21.160000,-4.8784,5.4404,81.2480,76.8005,4.4475
NLMS,2,period_0916,21.200000,-4.6745,8.0331,77.9705,76.8005,1.1700
NLMS,2,period_0916,21.253333,-4.3668,6.1637,77.1708,76.8005,0.3703
NLMS,2,period_0916,21.306667,-3.3419,7.7912,72.6083,76.8005,-4.1922
NLMS,2,period_0916,21.360000,-3.9606,2.5877,72.2727,76.8005,-4.5278
NLMS,2,period_0916,21.400000,-4.0992,1.4493,74.2327,76.8005,-2.5678
NLMS,2,period_0916,21.453333,-4.5009,-0.2193,75.6818,76.8005,-1.1187
NLMS,2,period_0916,21.506667,-4.6499,3.6328,76.2823,76.8005,-0.5182
NLMS,2,period_0916,21.560000,-4.7680,2.4921,77.3057,76.8005,0.5052
NLMS,2,period_0916,21.600000,-4.8128,3.5690,77.0088,76.8005,0.2083
NLMS,2,period_0916,21.653333,-4.8406,4.3910,77.3535,76.8005,0.5530
NLMS,2,period_0916,21.706667,-4.9026,3.8354,77.6311,76.8005,0.8306
NLMS,2,period_0916,21.760000,-4.9268,3.9139,77.9450,76.8005,1.1445
NLMS,2,period_0916,21.800000,-4.9263,5.0157,78.1206,76.8005,1.3201
NLMS,2,period_0916,21.853333,-4.9565,3.8457,78.0963,76.8005,1.2959
NLMS,2,period_0916,21.906667,-4.9662,4.2917,78.3178,76.8005,1.5173
NLMS,2,period_0916,21.960000,-4.9798,3.0255,78.4776,76.8005,1.6771
NLMS,2,period_0916,22.000000,-5.0059,3.1540,78.6271,76.8005,1.8266
NLMS,2,period_0916,22.053333,-5.0225,3.5727,78.8251,76.8005,2.0246
NLMS,2,period_0916,22.106667,-5.0343,4.1251,78.9302,76.8005,2.1297
NLMS,2,period_0916,22.160000,-5.0611,4.4227,79.1600,76.8005,2.3595
NLMS,2,period_0916,22.200000,-5.0661,2.4918,79.2031,76.8005,2.4026
NLMS,2,period_0916,22.253333,-5.0891,3.1433,79.3285,76.8005,2.5280
NLMS,2,period_0916,22.306667,-5.1117,2.9546,79.4197,76.8005,2.6192
NLMS,2,period_0916,22.360000,-5.1145,2.9924,79.5069,76.8005,2.7064
NLMS,2,period_0916,22.400000,-5.1240,4.6610,79.6302,76.8005,2.8297
NLMS,2,period_0916,22.453333,-5.1379,4.9299,79.8856,76.8005,3.0851
NLMS,2,period_0916,22.506667,-5.1411,4.4469,79.9512,76.8005,3.1507
NLMS,2,period_0916,22.560000,-5.2461,6.8300,81.3238,76.8005,4.5233
NLMS,2,period_0916,22.600000,-5.2003,9.9118,81.2095,76.8005,4.4090
NLMS,2,period_0916,22.653333,-5.0518,8.3327,81.2849,76.8005,4.4845
NLMS,2,period_0916,22.706667,-4.7751,12.9500,81.0211,76.8005,4.2207
NLMS,2,period_0916,22.760000,-4.7850,7.5914,81.3437,76.8005,4.5432
NLMS,2,period_0916,22.800000,-4.7809,0.7105,80.9884,76.8005,4.1879
NLMS,2,period_0916,22.853333,-5.1443,0.7514,81.3504,76.8005,4.5499
NLMS,2,period_0916,22.906667,-5.4697,0.3964,81.4193,76.8005,4.6188
NLMS,2,period_0916,22.960000,-5.1603,1.4096,81.4427,76.8005,4.6422
NLMS,2,period_0916,23.000000,-5.7003,3.4103,78.2875,76.8005,1.4870
NLMS,2,period_0916,23.053333,-7.1356,6.6865,78.5475,76.8005,1.7470
NLMS,2,period_0916,23.106667,-8.3222,8.4517,78.7349,76.8005,1.9344
NLMS,2,period_0916,23.160000,-9.0902,9.0575,79.5010,76.8005,2.7005
NLMS,2,period_0916,23.200000,-9.6982,8.3659,80.6324,76.8005,3.8319
NLMS,2,period_0916,23.253333,-10.2701,4.3958,82.1477,76.8005,5.3472
NLMS,2,period_0916,23.306667,-10.4456,4.2669,82.9783,76.8005,6.1778
NLMS,2,period_0916,23.360000,-10.4292,4.6694,83.1230,76.8005,6.3225
NLMS,2,period_0916,23.400000,-10.5461,4.3332,82.9281,76.8005,6.1276
NLMS,2,period_0916,23.453333,-10.5733,5.1754,83.4643,76.8005,6.6638
NLMS,2,period_0916,23.506667,-10.4724,5.8523,83.5912,76.8005,6.7907
NLMS,2,period_0916,23.560000,-10.6252,5.1377,84.4550,76.8005,7.6545
NLMS,2,period_0916,23.600000,-10.6119,5.6206,84.0215,76.8005,7.2210
NLMS,2,period_0916,23.653333,-10.6632,4.7341,84.1123,76.8005,7.3118
NLMS,2,period_0916,23.706667,-10.7060,4.6812,84.4974,76.8005,7.6969
NLMS,2,period_0916,23.760000,-10.6970,3.6305,84.3830,76.8005,7.5825
NLMS,2,period_0916,23.800000,-10.7220,4.0084,83.9826,76.8005,7.1821
NLMS,2,period_0916,23.853333,-10.7790,3.6360,85.0268,76.8005,8.2263
NLMS,2,period_0916,23.906667,-10.7583,4.3495,84.8906,76.8005,8.0901
NLMS,2,period_0916,23.960000,-10.7870,4.9810,85.2196,76.8005,8.4191
NLMS,2,period_0916,24.000000,-10.8001,4.3303,84.9559,76.8005,8.1554
NLMS,2,period_0916,24.053333,-10.8000,10.8060,85.1641,76.8005,8.3636
NLMS,2,period_0916,24.106667,-10.8286,8.9259,84.2559,76.8005,7.4554
NLMS,2,period_0916,24.160000,-9.8986,9.3421,81.7434,76.8005,4.9429
NLMS,2,period_0916,24.200000,-10.0157,11.7159,81.1774,76.8005,4.3769
NLMS,2,period_0916,24.253333,-9.6950,11.5309,80.4002,76.8005,3.5997
NLMS,2,period_0916,24.306667,-9.2750,11.0576,80.0890,76.8005,3.2885
NLMS,2,period_0916,24.360000,-9.9548,4.8257,80.8252,76.8005,4.0247
NLMS,2,period_0916,24.400000,-8.9437,4.1903,77.6413,76.8005,0.8408
NLMS,2,period_0916,24.453333,-8.6268,7.2439,77.5965,76.8005,0.7960
NLMS,2,period_0916,24.506667,-8.5247,12.7741,77.4078,76.8005,0.6073
NLMS,2,period_0916,24.560000,-8.1610,7.5506,83.1118,76.8005,6.3113
NLMS,2,period_0916,24.600000,-8.1839,5.9239,83.7580,76.8005,6.9575
NLMS,2,period_0916,24.653333,-8.1483,8.1343,86.4301,76.8005,9.6296
NLMS,2,period_0916,24.706667,-10.5066,-0.0863,82.1483,76.8005,5.3478
NLMS,2,period_0916,24.760000,-11.1259,2.9525,87.7610,76.8005,10.9606
NLMS,2,period_0916,24.800000,-10.7808,2.8619,87.8078,76.8005,11.0073
NLMS,2,period_0916,24.853333,-10.4368,1.7255,88.5055,76.8005,11.7050
NLMS,2,period_0916,24.906667,-11.2052,10.2612,90.7116,76.8005,13.9111
NLMS,2,period_0916,24.960000,-11.8147,12.1949,91.5029,76.8005,14.7024
NLMS,2,period_0916,25.000000,-12.1633,12.7935,91.4857,76.8005,14.6852
NLMS,2,period_0916,25.053333,-12.6954,11.7042,92.5659,76.8005,15.7654
NLMS,2,period_0916,25.106667,-13.6343,5.0548,93.0207,76.8005,16.2202
NLMS,2,period_0916,25.160000,-13.6624,4.5577,93.1069,76.8005,16.3064
NLMS,2,period_0916,25.200000,-13.8582,4.6992,93.1264,76.8005,16.3260
NLMS,2,period_0916,25.253333,-14.0210,5.4637,93.2276,76.8005,16.4271
NLMS,2,period_0916,25.306667,-14.0503,3.8409,93.2819,76.8005,16.4814
NLMS,2,period_0916,25.360000,-14.4763,4.0805,93.2603,76.8005,16.4598
NLMS,2,period_0916,25.400000,-14.2615,3.6556,90.8883,76.8005,14.0878
NLMS,2,period_0916,25.453333,-14.2241,5.1979,91.8343,76.8005,15.0338
NLMS,2,period_0916,25.506667,-14.3643,5.1284,92.7765,76.8005,15.9760
NLMS,2,period_0916,25.560000,-14.3486,5.2358,92.3764,76.8005,15.5759
NLMS,2,period_0916,25.600000,-14.4235,5.7302,92.2379,76.8005,15.4374
NLMS,2,period_0916,25.653333,-14.4277,5.3800,92.7443,76.8005,15.9438
NLMS,2,period_0916,25.706667,-14.3754,4.2388,92.8301,76.8005,16.0296
NLMS,2,period_0916,25.760000,-14.5283,4.5105,92.9416,76.8005,16.1411
NLMS,2,period_0916,25.800000,-14.4966,4.5349,92.0469,76.8005,15.2464
NLMS,2,period_0916,25.853333,-14.9305,13.9453,92.2046,76.8005,15.4041
NLMS,2,period_0916,25.906667,-12.2612,10.1001,83.7973,76.8005,6.9968
NLMS,2,period_0916,25.960000,-10.8844,11.9780,81.4651,76.8005,4.6646
NLMS,2,period_0916,26.000000,-10.6230,9.5263,82.7593,76.8005,5.9588
NLMS,2,period_0916,26.053333,-7.3222,3.6032,79.7238,76.8005,2.9233
NLMS,2,period_0916,26.106667,-7.4946,6.7356,77.6461,76.8005,0.8456
NLMS,2,period_0916,26.160000,-9.0908,7.7239,77.7076,76.8005,0.9071
NLMS,2,period_0916,26.200000,-9.2467,2.2596,78.4954,76.8005,1.6949
NLMS,2,period_0916,26.253333,-11.1504,6.5542,79.9121,76.8005,3.1116
NLMS,2,period_0916,26.306667,-14.0426,3.7778,82.4490,76.8005,5.6485
NLMS,2,period_0916,26.360000,-12.3589,4.6352,81.9670,76.8005,5.1666
NLMS,2,period_0916,26.400000,-10.7394,8.2202,81.7477,76.8005,4.9472
NLMS,2,period_0916,26.453333,-11.2165,8.1934,81.0337,76.8005,4.2332
NLMS,2,period_0916,26.506667,-11.2171,7.9959,83.6355,76.8005,6.8350
NLMS,2,period_0916,26.560000,-11.1842,4.2958,80.7510,76.8005,3.9505
NLMS,2,period_0916,26.600000,-11.3313,8.7472,83.4449,76.8005,6.6444
NLMS,2,period_0916,26.653333,-11.4072,11.9476,82.7316,76.8005,5.9311
NLMS,2,period_0916,26.706667,-11.3864,12.7419,82.1341,76.8005,5.3336
NLMS,2,period_0916,26.760000,-11.9670,9.4635,80.6178,76.8005,3.8173
NLMS,2,period_0916,26.800000,-10.5737,11.3966,77.2622,76.8005,0.4617
NLMS,2,period_0916,26.853333,-10.8033,1.8077,88.0630,76.8005,11.2625
NLMS,2,period_0916,26.906667,-13.0648,2.2795,87.3388,76.8005,10.5383
NLMS,2,period_0916,26.960000,-12.7857,3.8172,88.5287,76.8005,11.7282
NLMS,2,period_0916,27.000000,-11.2969,4.3940,81.6739,76.8005,4.8734
NLMS,2,period_0916,27.053333,-10.3965,2.8725,81.0844,76.8005,4.2839
NLMS,2,period_0916,27.106667,-10.8737,11.4897,81.7106,76.8005,4.9101
NLMS,2,period_0916,27.160000,-11.8762,11.1628,83.8800,76.8005,7.0795
NLMS,2,period_0916,27.200000,-14.6236,4.1532,88.3667,76.8005,11.5662
NLMS,2,period_0916,27.253333,-14.9858,2.5057,86.4369,76.8005,9.6364
NLMS,2,period_0916,27.306667,-14.1517,6.9691,82.4312,76.8005,5.6307
NLMS,2,period_0916,27.360000,-13.6481,9.0100,80.4249,76.8005,3.6244
NLMS,2,period_0916,27.400000,-13.3817,9.5286,80.9943,76.8005,4.1938
NLMS,2,period_0916,27.453333,-12.6225,5.6136,81.0928,76.8005,4.2923
NLMS,2,period_0916,27.506667,-13.3618,6.0321,80.3901,76.8005,3.5897
NLMS,2,period_0916,27.560000,-13.4849,4.5715,83.2975,76.8005,6.4970
NLMS,2,period_0916,27.600000,-12.2288,2.3480,80.2746,76.8005,3.4741
NLMS,2,period_0916,27.653333,-8.2669,4.6870,76.5431,76.8005,-0.2574
NLMS,2,period_0916,27.706667,-9.2866,7.3150,76.8614,76.8005,0.0610
NLMS,2,period_0916,27.760000,-11.9705,6.1412,78.9751,76.8005,2.1746
NLMS,2,period_0916,27.800000,-12.7605,5.5572,84.9479,76.8005,8.1474
NLMS,2,period_0916,27.853333,-12.0323,8.7289,80.0541,76.8005,3.2536
NLMS,2,period_0916,27.906667,-12.2135,13.1486,81.6295,76.8005,4.8290
NLMS,2,period_0916,27.960000,-12.2425,10.6655,82.8968,76.8005,6.0963
NLMS,2,period_0916,28.000000,-11.9311,7.4848,82.2015,76.8005,5.4010
NLMS,2,period_0916,28.053333,-10.6806,7.0911,79.1002,76.8005,2.2997
NLMS,2,period_0916,28.106667,-3.2662,2.1374,68.1162,76.8005,-8.6843
NLMS,2,period_0916,28.160000,-13.9218,1.5902,87.0150,76.8005,10.2145
NLMS,2,period_0916,28.200000,-14.1497,8.6092,85.8768,76.8005,9.0763
NLMS,2,period_0916,28.253333,-13.0913,12.5077,81.5297,76.8005,4.7292
NLMS,2,period_0916,28.306667,-11.8946,12.5785,78.2118,76.8005,1.4113
NLMS,2,period_0916,28.360000,-10.6276,15.0164,75.5121,76.8005,-1.2884
NLMS,2,period_0916,28.400000,-11.2474,8.8805,80.0201,76.8005,3.2196
NLMS,2,period_0916,28.453333,-12.6390,4.4213,80.5023,76.8005,3.7018
NLMS,2,period_0916,28.506667,-13.5119,5.8633,80.4709,76.8005,3.6705
NLMS,2,period_0916,28.560000,-13.4724,11.2545,82.4672,76.8005,5.6667
NLMS,2,period_0916,28.600000,-13.2751,12.0801,85.2634,76.8005,8.4629
NLMS,2,period_0916,28.653333,-12.4822,11.3203,78.7251,76.8005,1.9246
NLMS,2,period_0916,28.706667,-11.1103,9.0892,78.4417,76.8005,1.6412
NLMS,2,period_0916,28.760000,-10.0482,8.7375,77.8812,76.8005,1.0807
NLMS,2,period_0916,28.800000,-10.4112,7.5721,76.4286,76.8005,-0.3719
NLMS,2,period_0916,28.853333,-10.3638,6.7481,80.5865,76.8005,3.7860
NLMS,2,period_0916,28.906667,-6.1561,13.2968,73.0275,76.8005,-3.7730
NLMS,2,period_0916,28.960000,-8.2415,7.4503,73.0877,76.8005,-3.7128
NLMS,2,period_0916,29.000000,-12.6545,-0.3144,83.4894,76.8005,6.6890
NLMS,2,period_0916,29.053333,-12.8429,0.5440,83.8398,76.8005,7.0393
NLMS,2,period_0916,29.106667,-15.2203,2.0106,93.4086,76.8005,16.6081
NLMS,2,period_0916,29.160000,-15.5431,4.1547,92.5028,76.8005,15.7023
NLMS,2,period_0916,29.200000,-15.4426,5.4068,91.7827,76.8005,14.9822
NLMS,2,period_0916,29.253333,-15.7326,3.6574,90.2617,76.8005,13.4612
NLMS,2,period_0916,29.306667,-15.2746,5.1884,92.0386,76.8005,15.2381
NLMS,2,period_0916,29.360000,-14.8681,3.8659,93.1385,76.8005,16.3380
NLMS,2,period_0916,29.400000,-15.6789,3.8597,93.5946,76.8005,16.7941
NLMS,2,period_0916,29.453333,-15.9612,7.2919,93.0927,76.8005,16.2922
NLMS,2,period_0916,29.506667,-15.8966,5.3124,93.2614,76.8005,16.4609
NLMS,2,period_0916,29.560000,-16.1328,9.3331,94.7680,76.8005,17.9675
NLMS,2,period_0916,29.600000,-16.1794,6.7158,93.8272,76.8005,17.0268
NLMS,2,period_0916,29.653333,-16.2805,6.1717,94.9758,76.8005,18.1753
NLMS,2,period_0916,29.706667,-16.7212,6.2991,94.7647,76.8005,17.9642
NLMS,2,period_0916,29.760000,-16.4748,4.8693,90.3023,76.8005,13.5018
NLMS,2,period_0916,29.800000,-16.3899,3.5307,93.1216,76.8005,16.3211
NLMS,2,period_0916,29.853333,-16.5128,3.5752,93.7672,76.8005,16.9667
NLMS,2,period_0916,29.906667,-16.1877,4.7531,92.4027,76.8005,15.6022
NLMS,2,period_0916,29.960000,-16.7869,7.0962,91.7860,76.8005,14.9856
NLMS,2,period_0916,30.000000,-11.4470,5.4422,81.2947,76.8005,4.4942
NLMS,3,period_0943,30.013333,-3.5637,-41.2560,70.2105,67.9790,2.2315
NLMS,3,period_0943,30.053333,-3.6060,-2.0528,70.2096,67.9790,2.2305
NLMS,3,period_0943,30.106667,-3.6529,-0.5915,70.2158,67.9790,2.2367
NLMS,3,period_0943,30.160000,-3.6880,0.4700,70.2196,67.9790,2.2405
NLMS,3,period_0943,30.200000,-3.7103,1.3627,70.2201,67.9790,2.2411
NLMS,3,period_0943,30.253333,-3.7307,1.9474,70.2225,67.9790,2.2435
NLMS,3,period_0943,30.306667,-3.7539,1.8798,70.2250,67.9790,2.2459
NLMS,3,period_0943,30.360000,-3.7725,2.6526,70.2253,67.9790,2.2462
NLMS,3,period_0943,30.400000,-3.7826,3.8970,70.2287,67.9790,2.2496
NLMS,3,period_0943,30.453333,-3.7960,3.9480,70.2310,67.9790,2.2520
NLMS,3,period_0943,30.506667,-3.8063,3.9563,70.2361,67.9790,2.2571
NLMS,3,period_0943,30.560000,-3.8149,4.3128,70.2399,67.9790,2.2608
NLMS,3,period_0943,30.600000,-3.8225,5.3478,70.2429,67.9790,2.2638
NLMS,3,period_0943,30.653333,-3.8347,4.3555,70.2488,67.9790,2.2698
NLMS,3,period_0943,30.706667,-3.8482,5.4865,70.2526,67.9790,2.2735
NLMS,3,period_0943,30.760000,-3.8598,5.4298,70.2586,67.9790,2.2795
NLMS,3,period_0943,30.800000,-3.9114,6.3807,70.2837,67.9790,2.3046
NLMS,3,period_0943,30.853333,-4.0675,5.7506,70.4070,67.9790,2.4279
NLMS,3,period_0943,30.906667,-4.7597,5.5699,71.0052,67.9790,3.0261
NLMS,3,period_0943,30.960000,-4.8568,11.3840,71.0462,67.9790,3.0672
NLMS,3,period_0943,31.000000,-4.8182,4.7951,71.0510,67.9790,3.0720
NLMS,3,period_0943,31.053333,-4.6595,4.9151,71.0519,67.9790,3.0729
NLMS,3,period_0943,31.106667,-4.5715,11.3693,71.0712,67.9790,3.0922
NLMS,3,period_0943,31.160000,-4.6081,8.3844,71.0871,67.9790,3.1080
NLMS,3,period_0943,31.200000,-4.5870,11.2032,71.0940,67.9790,3.1150
NLMS,3,period_0943,31.253333,-4.2694,7.7252,71.0879,67.9790,3.1089
NLMS,3,period_0943,31.306667,-3.5285,7.8013,68.2882,67.9790,0.3091
NLMS,3,period_0943,31.360000,-4.8028,-2.8894,71.0631,67.9790,3.0841
NLMS,3,period_0943,31.400000,-4.8458,6.5524,71.0731,67.9790,3.0940
NLMS,3,period_0943,31.453333,-4.8594,5.6239,71.0883,67.9790,3.1093
NLMS,3,period_0943,31.506667,-4.9047,7.7887,71.1041,67.9790,3.1251
NLMS,3,period_0943,31.560000,-4.9141,6.9718,71.1113,67.9790,3.1323
NLMS,3,period_0943,31.600000,-4.9270,7.7083,71.1162,67.9790,3.1372
NLMS,3,period_0943,31.653333,-4.9360,8.0461,71.1302,67.9790,3.1511
NLMS,3,period_0943,31.706667,-4.9463,6.8756,71.1384,67.9790,3.1593
NLMS,3,period_0943,31.760000,-4.9543,7.6720,71.1445,67.9790,3.1655
NLMS,3,period_0943,31.800000,-4.9559,8.8035,71.1480,67.9790,3.1689
NLMS,3,period_0943,31.853333,-4.9617,7.1205,71.1529,67.9790,3.1739
NLMS,3,period_0943,31.906667,-4.9662,7.4182,71.1559,67.9790,3.1768
NLMS,3,period_0943,31.960000,-4.9708,7.0729,71.1601,67.9790,3.1810
NLMS,3,period_0943,32.000000,-4.9726,7.7295,71.1633,67.9790,3.1843
NLMS,3,period_0943,32.053333,-4.9761,7.7715,71.1683,67.9790,3.1893
NLMS,3,period_0943,32.106667,-4.9800,6.4933,71.1738,67.9790,3.1947
NLMS,3,period_0943,32.160000,-4.9845,7.6168,71.1790,67.9790,3.1999
NLMS,3,period_0943,32.200000,-4.9872,6.1074,71.1829,67.9790,3.2039
NLMS,3,period_0943,32.253333,-4.9902,7.0107,71.1842,67.9790,3.2052
NLMS,3,period_0943,32.306667,-4.9965,6.1019,71.1878,67.9790,3.2088
NLMS,3,period_0943,32.360000,-4.9970,6.5313,71.1949,67.9790,3.2158
NLMS,3,period_0943,32.400000,-4.9995,8.0591,71.1973,67.9790,3.2183
NLMS,3,period_0943,32.453333,-5.0016,7.6392,71.1989,67.9790,3.2198
NLMS,3,period_0943,32.506667,-5.0060,6.1711,71.2021,67.9790,3.2231
NLMS,3,period_0943,32.560000,-5.0178,12.4367,71.2093,67.9790,3.2303
NLMS,3,period_0943,32.600000,-4.9358,10.8932,71.2183,67.9790,3.2393
NLMS,3,period_0943,32.653333,-4.9412,8.8782,71.2182,67.9790,3.2392
NLMS,3,period_0943,32.706667,-4.7980,9.8130,71.2186,67.9790,3.2396
NLMS,3,period_0943,32.760000,-4.7562,8.7256,71.2365,67.9790,3.2575
NLMS,3,period_0943,32.800000,-4.8094,2.3966,71.2265,67.9790,3.2475
NLMS,3,period_0943,32.853333,-4.9965,0.7741,71.2364,67.9790,3.2574
NLMS,3,period_0943,32.906667,-5.1065,5.2635,71.2376,67.9790,3.2585
NLMS,3,period_0943,32.960000,-4.7711,3.9589,71.2209,67.9790,3.2418
NLMS,3,period_0943,33.000000,-5.6119,3.8946,73.0885,67.9790,5.1095
NLMS,3,period_0943,33.053333,-7.4872,6.6984,75.8227,67.9790,7.8436
NLMS,3,period_0943,33.106667,-9.0879,8.9875,77.0348,67.9790,9.0558
NLMS,3,period_0943,33.160000,-10.2551,9.5477,77.9016,67.9790,9.9225
NLMS,3,period_0943,33.200000,-11.1808,8.3614,78.4219,67.9790,10.4428
NLMS,3,period_0943,33.253333,-11.3866,7.9542,78.5454,67.9790,10.5664
NLMS,3,period_0943,33.306667,-11.5688,8.6508,78.5802,67.9790,10.6012
NLMS,3,period_0943,33.360000,-11.5746,9.0814,78.5997,67.9790,10.6206
NLMS,3,period_0943,33.400000,-11.6697,7.9636,78.6131,67.9790,10.6340
NLMS,3,period_0943,33.453333,-11.6800,10.5148,78.6262,67.9790,10.6471
NLMS,3,period_0943,33.506667,-11.6853,8.8861,78.6384,67.9790,10.6593
NLMS,3,period_0943,33.560000,-11.7482,7.1633,78.6498,67.9790,10.6708
NLMS,3,period_0943,33.600000,-11.7419,9.1071,78.6659,67.9790,10.6869
NLMS,3,period_0943,33.653333,-11.7828,9.0354,78.6789,67.9790,10.6999
NLMS,3,period_0943,33.706667,-11.8108,7.0930,78.6949,67.9790,10.7159
NLMS,3,period_0943,33.760000,-11.8027,7.9224,78.6987,67.9790,10.7197
NLMS,3,period_0943,33.800000,-11.8085,8.3930,78.7074,67.9790,10.7284
NLMS,3,period_0943,33.853333,-11.8343,6.5646,78.7095,67.9790,10.7305
NLMS,3,period_0943,33.906667,-11.8505,7.4023,78.7215,67.9790,10.7424
NLMS,3,period_0943,33.960000,-11.8596,9.0384,78.7324,67.9790,10.7534
NLMS,3,period_0943,34.000000,-11.8646,8.0714,78.7394,67.9790,10.7603
NLMS,3,period_0943,34.053333,-11.8606,12.9318,78.7546,67.9790,10.7756
NLMS,3,period_0943,34.106667,-11.8902,8.7417,78.7411,67.9790,10.7620
NLMS,3,period_0943,34.160000,-11.5351,7.6069,78.7360,67.9790,10.7570
NLMS,3,period_0943,34.200000,-11.6414,9.6228,78.7437,67.9790,10.7647
NLMS,3,period_0943,34.253333,-11.2032,10.2560,78.7251,67.9790,10.7460
NLMS,3,period_0943,34.306667,-11.1101,10.3688,78.7494,67.9790,10.7704
NLMS,3,period_0943,34.360000,-11.1728,6.0093,75.8376,67.9790,7.8586
NLMS,3,period_0943,34.400000,-10.6428,5.8224,73.1136,67.9790,5.1345
NLMS,3,period_0943,34.453333,-11.0046,6.5029,77.2815,67.9790,9.3024
NLMS,3,period_0943,34.506667,-11.2018,11.0486,78.8510,67.9790,10.8719
NLMS,3,period_0943,34.560000,-10.9418,9.1351,78.8569,67.9790,10.8779
NLMS,3,period_0943,34.600000,-10.7781,7.8959,78.8608,67.9790,10.8817
NLMS,3,period_0943,34.653333,-10.8725,9.8716,78.8595,67.9790,10.8805
NLMS,3,period_0943,34.706667,-11.5854,1.8625,78.8254,67.9790,10.8463
NLMS,3,period_0943,34.760000,-12.3130,5.0238,78.8480,67.9790,10.8689
NLMS,3,period_0943,34.800000,-12.0324,5.6415,78.8181,67.9790,10.8390
NLMS,3,period_0943,34.853333,-12.2043,3.7694,79.7315,67.9790,11.7525
NLMS,3,period_0943,34.906667,-13.3719,11.6612,80.3311,67.9790,12.3520
NLMS,3,period_0943,34.960000,-14.2943,13.7455,81.1220,67.9790,13.1429
NLMS,3,period_0943,35.000000,-15.0097,14.1034,82.1904,67.9790,14.2113
NLMS,3,period_0943,35.053333,-15.6639,13.6304,82.8689,67.9790,14.8899
NLMS,3,period_0943,35.106667,-15.5688,9.6578,82.9884,67.9790,15.0093
NLMS,3,period_0943,35.160000,-15.7316,8.7196,83.0285,67.9790,15.0495
NLMS,3,period_0943,35.200000,-15.7505,10.3312,83.0438,67.9790,15.0647
NLMS,3,period_0943,35.253333,-15.7796,9.1138,83.0778,67.9790,15.0987
NLMS,3,period_0943,35.306667,-15.9255,8.3990,83.0996,67.9790,15.1205
NLMS,3,period_0943,35.360000,-15.8409,8.6800,83.1298,67.9790,15.1507
NLMS,3,period_0943,35.400000,-15.9716,7.5628,83.1419,67.9790,15.1628
NLMS,3,period_0943,35.453333,-15.9851,9.9833,83.1634,67.9790,15.1843
NLMS,3,period_0943,35.506667,-16.0510,9.8085,83.1785,67.9790,15.1995
NLMS,3,period_0943,35.560000,-16.0446,9.1688,83.1862,67.9790,15.2072
NLMS,3,period_0943,35.600000,-16.0528,9.4922,83.1994,67.9790,15.2203
NLMS,3,period_0943,35.653333,-16.1205,8.1403,83.2105,67.9790,15.2314
NLMS,3,period_0943,35.706667,-16.0696,9.6604,83.2317,67.9790,15.2526
NLMS,3,period_0943,35.760000,-16.1036,7.2810,83.2432,67.9790,15.2642
NLMS,3,period_0943,35.800000,-16.1415,7.8474,83.2540,67.9790,15.2749
NLMS,3,period_0943,35.853333,-16.3542,16.8087,83.3311,67.9790,15.3520
NLMS,3,period_0943,35.906667,-16.3488,8.8960,83.3434,67.9790,15.3643
NLMS,3,period_0943,35.960000,-15.9488,8.0016,83.3668,67.9790,15.3877
NLMS,3,period_0943,36.000000,-15.9608,9.2311,83.3462,67.9790,15.3672
NLMS,3,period_0943,36.053333,-13.5139,5.2483,80.4033,67.9790,12.4242
NLMS,3,period_0943,36.106667,-14.6994,4.0584,81.6026,67.9790,13.6236
NLMS,3,period_0943,36.160000,-11.4736,2.0145,71.0383,67.9790,3.0592
NLMS,3,period_0943,36.200000,-12.9568,0.2451,76.3677,67.9790,8.3886
NLMS,3,period_0943,36.253333,-14.7679,11.8334,79.6427,67.9790,11.6637
NLMS,3,period_0943,36.306667,-16.6598,4.3985,83.5757,67.9790,15.5966
NLMS,3,period_0943,36.360000,-15.6071,3.6682,83.3684,67.9790,15.3894
NLMS,3,period_0943,36.400000,-13.8232,7.0484,74.0913,67.9790,6.1122
NLMS,3,period_0943,36.453333,-13.6932,7.0331,73.5636,67.9790,5.5846
NLMS,3,period_0943,36.506667,-13.0845,8.9029,72.7550,67.9790,4.7760
NLMS,3,period_0943,36.560000,-14.8146,3.3832,78.4125,67.9790,10.4335
NLMS,3,period_0943,36.600000,-13.6182,14.0559,73.4820,67.9790,5.5030
NLMS,3,period_0943,36.653333,-13.8315,15.6086,74.1719,67.9790,6.1929
NLMS,3,period_0943,36.706667,-13.8872,14.6974,74.0559,67.9790,6.0768
NLMS,3,period_0943,36.760000,-14.2181,11.9972,75.3455,67.9790,7.3665
NLMS,3,period_0943,36.800000,-13.3858,9.8998,74.6437,67.9790,6.6646
NLMS,3,period_0943,36.853333,-12.6173,4.6211,84.0306,67.9790,16.0516
NLMS,3,period_0943,36.906667,-13.9998,4.3452,82.9200,67.9790,14.9410
NLMS,3,period_0943,36.960000,-13.8885,6.2379,77.9929,67.9790,10.0138
NLMS,3,period_0943,37.000000,-12.4517,7.2641,72.0322,67.9790,4.0531
NLMS,3,period_0943,37.053333,-10.9826,5.0992,70.4626,67.9790,2.4835
NLMS,3,period_0943,37.106667,-11.8742,12.3263,71.2819,67.9790,3.3029
NLMS,3,period_0943,37.160000,-13.3387,13.7471,72.6030,67.9790,4.6239
NLMS,3,period_0943,37.200000,-16.9523,4.8319,82.5334,67.9790,14.5544
NLMS,3,period_0943,37.253333,-16.7572,3.6226,79.7887,67.9790,11.8097
NLMS,3,period_0943,37.306667,-16.3324,8.7161,78.6758,67.9790,10.6967
NLMS,3,period_0943,37.360000,-15.8377,10.0188,76.5538,67.9790,8.5747
NLMS,3,period_0943,37.400000,-15.6070,13.0406,75.6848,67.9790,7.7058
NLMS,3,period_0943,37.453333,-16.2985,9.6112,82.7639,67.9790,14.7848
NLMS,3,period_0943,37.506667,-16.4676,6.4345,76.8668,67.9790,8.8877
NLMS,3,period_0943,37.560000,-15.8974,6.1901,75.2348,67.9790,7.2557
NLMS,3,period_0943,37.600000,-14.6538,5.2026,74.3194,67.9790,6.3403
NLMS,3,period_0943,37.653333,-14.1629,6.9243,80.4179,67.9790,12.4389
NLMS,3,period_0943,37.706667,-15.3098,8.1866,78.5299,67.9790,10.5509
NLMS,3,period_0943,37.760000,-16.3660,8.4501,80.2661,67.9790,12.2870
NLMS,3,period_0943,37.800000,-16.2143,6.8598,77.0506,67.9790,9.0716
NLMS,3,period_0943,37.853333,-14.9650,12.5389,73.9871,67.9790,6.0080
NLMS,3,period_0943,37.906667,-15.2552,16.6443,74.5298,67.9790,6.5507
NLMS,3,period_0943,37.960000,-14.5647,15.3288,73.3291,67.9790,5.3500
NLMS,3,period_0943,38.000000,-14.4896,12.0833,73.0636,67.9790,5.0845
NLMS,3,period_0943,38.053333,-12.8616,13.3566,70.5871,67.9790,2.6081
NLMS,3,period_0943,38.106667,-8.9548,2.5058,72.3137,67.9790,4.3347
NLMS,3,period_0943,38.160000,-15.2986,1.5348,80.6654,67.9790,12.6863
NLMS,3,period_0943,38.200000,-15.4712,11.2116,78.1433,67.9790,10.1643
NLMS,3,period_0943,38.253333,-14.9750,11.6384,75.5558,67.9790,7.5768
NLMS,3,period_0943,38.306667,-14.6978,12.4967,75.5104,67.9790,7.5313
NLMS,3,period_0943,38.360000,-14.2684,10.8848,74.4428,67.9790,6.4637
NLMS,3,period_0943,38.400000,-14.1473,9.5464,73.7320,67.9790,5.7530
NLMS,3,period_0943,38.453333,-14.5894,6.9183,75.9725,67.9790,7.9935
NLMS,3,period_0943,38.506667,-15.7347,6.8571,79.2475,67.9790,11.2685
NLMS,3,period_0943,38.560000,-15.4940,12.1491,76.1513,67.9790,8.1723
NLMS,3,period_0943,38.600000,-14.9801,14.8020,74.5883,67.9790,6.6093
NLMS,3,period_0943,38.653333,-14.7770,13.7455,74.8604,67.9790,6.8813
NLMS,3,period_0943,38.706667,-14.8038,11.7390,78.0894,67.9790,10.1104
NLMS,3,period_0943,38.760000,-15.3639,9.4708,80.1957,67.9790,12.2166
NLMS,3,period_0943,38.800000,-14.6453,7.9338,74.7229,67.9790,6.7438
NLMS,3,period_0943,38.853333,-14.0903,11.2350,73.2523,67.9790,5.2733
NLMS,3,period_0943,38.906667,-9.4817,15.6050,68.4306,67.9790,0.4516
NLMS,3,period_0943,38.960000,-11.6312,6.4891,75.1476,67.9790,7.1686
NLMS,3,period_0943,39.000000,-13.3395,1.2961,87.4626,67.9790,19.4836
NLMS,3,period_0943,39.053333,-13.8981,2.9397,88.4478,67.9790,20.4688
NLMS,3,period_0943,39.106667,-15.2843,4.5206,88.4250,67.9790,20.4459
NLMS,3,period_0943,39.160000,-15.8545,7.4547,88.4210,67.9790,20.4420
NLMS,3,period_0943,39.200000,-16.6483,6.1711,88.4334,67.9790,20.4543
NLMS,3,period_0943,39.253333,-17.1113,4.6832,87.1373,67.9790,19.1582
NLMS,3,period_0943,39.306667,-17.3149,6.6640,88.3807,67.9790,20.4017
NLMS,3,period_0943,39.360000,-17.4530,7.2611,88.3677,67.9790,20.3887
NLMS,3,period_0943,39.400000,-17.5904,8.1771,88.3590,67.9790,20.3800
NLMS,3,period_0943,39.453333,-17.6874,10.1173,88.3548,67.9790,20.3758
NLMS,3,period_0943,39.506667,-17.8286,8.3746,88.3429,67.9790,20.3639
NLMS,3,period_0943,39.560000,-17.8829,10.9508,88.3340,67.9790,20.3550
NLMS,3,period_0943,39.600000,-18.0511,9.6433,88.3241,67.9790,20.3450
NLMS,3,period_0943,39.653333,-18.1446,9.3304,88.3192,67.9790,20.3402
NLMS,3,period_0943,39.706667,-18.1806,11.3493,88.3109,67.9790,20.3319
NLMS,3,period_0943,39.760000,-18.4229,6.2049,88.3276,67.9790,20.3485
NLMS,3,period_0943,39.800000,-18.3096,7.3179,87.3330,67.9790,19.3539
NLMS,3,period_0943,39.853333,-18.5386,7.3338,88.3361,67.9790,20.3571
NLMS,3,period_0943,39.906667,-18.5294,7.6695,88.3380,67.9790,20.3589
NLMS,3,period_0943,39.960000,-19.0084,6.5722,88.3044,67.9790,20.3254
NLMS,3,period_0943,40.000000,-14.7495,4.9515,76.2601,67.9790,8.2810
NLMS-PCA (K=12/12),0,period_0707,0.013333,2.6572,-0.5569,85.3228,85.1794,0.1435
NLMS-PCA (K=12/12),0,period_0707,0.053333,2.5788,0.3192,85.4477,85.1794,0.2683
NLMS-PCA (K=12/12),0,period_0707,0.106667,2.5120,0.6565,85.1148,85.1794,-0.0646
NLMS-PCA (K=12/12),0,period_0707,0.160000,2.4663,1.0793,84.8471,85.1794,-0.3323
NLMS-PCA (K=12/12),0,period_0707,0.200000,2.4478,1.9562,84.6757,85.1794,-0.5036
NLMS-PCA (K=12/12),0,period_0707,0.253333,2.4371,1.9613,84.4951,85.1794,-0.6843
NLMS-PCA (K=12/12),0,period_0707,0.306667,2.4387,2.4127,84.3049,85.1794,-0.8745
NLMS-PCA (K=12/12),0,period_0707,0.360000,2.4421,3.0192,84.1772,85.1794,-1.0022
NLMS-PCA (K=12/12),0,period_0707,0.400000,2.4567,3.0529,84.0642,85.1794,-1.1152
NLMS-PCA (K=12/12),0,period_0707,0.453333,2.4813,3.9547,83.9263,85.1794,-1.2530
NLMS-PCA (K=12/12),0,period_0707,0.506667,2.5107,3.9093,83.8037,85.1794,-1.3756
NLMS-PCA (K=12/12),0,period_0707,0.560000,2.5383,3.9235,83.7165,85.1794,-1.4628
NLMS-PCA (K=12/12),0,period_0707,0.600000,2.5620,4.6593,83.6459,85.1794,-1.5335
NLMS-PCA (K=12/12),0,period_0707,0.653333,2.6025,4.6003,83.5410,85.1794,-1.6383
NLMS-PCA (K=12/12),0,period_0707,0.706667,2.6723,5.7879,83.3863,85.1794,-1.7930
NLMS-PCA (K=12/12),0,period_0707,0.760000,2.7353,6.0916,83.2715,85.1794,-1.9078
NLMS-PCA (K=12/12),0,period_0707,0.800000,2.5874,2.4716,83.2895,85.1794,-1.8898
NLMS-PCA (K=12/12),0,period_0707,0.853333,0.3545,-0.3306,85.4769,85.1794,0.2975
NLMS-PCA (K=12/12),0,period_0707,0.906667,-5.1075,2.7502,87.1554,85.1794,1.9760
NLMS-PCA (K=12/12),0,period_0707,0.960000,-3.6205,5.7965,81.8013,85.1794,-3.3781
NLMS-PCA (K=12/12),0,period_0707,1.000000,-0.1749,6.1275,77.4448,85.1794,-7.7346
NLMS-PCA (K=12/12),0,period_0707,1.053333,0.0623,9.6838,80.0645,85.1794,-5.1149
NLMS-PCA (K=12/12),0,period_0707,1.106667,-0.1250,14.6747,84.0257,85.1794,-1.1537
NLMS-PCA (K=12/12),0,period_0707,1.160000,-3.5103,8.3639,88.4109,85.1794,3.2316
NLMS-PCA (K=12/12),0,period_0707,1.200000,-0.1674,6.5825,86.8841,85.1794,1.7047
NLMS-PCA (K=12/12),0,period_0707,1.253333,3.4255,8.2571,77.6477,85.1794,-7.5317
NLMS-PCA (K=12/12),0,period_0707,1.306667,9.2777,10.7709,68.9935,85.1794,-16.1859
NLMS-PCA (K=12/12),0,period_0707,1.360000,-1.2038,-1.2732,88.4187,85.1794,3.2393
NLMS-PCA (K=12/12),0,period_0707,1.400000,-0.7374,5.2654,89.0991,85.1794,3.9197
NLMS-PCA (K=12/12),0,period_0707,1.453333,-0.8100,3.9525,87.9057,85.1794,2.7263
NLMS-PCA (K=12/12),0,period_0707,1.506667,-0.4384,7.0101,87.5882,85.1794,2.4089
NLMS-PCA (K=12/12),0,period_0707,1.560000,-0.0509,6.1738,86.5289,85.1794,1.3495
NLMS-PCA (K=12/12),0,period_0707,1.600000,0.0117,7.7311,87.3493,85.1794,2.1699
NLMS-PCA (K=12/12),0,period_0707,1.653333,0.1737,7.8861,86.7721,85.1794,1.5927
NLMS-PCA (K=12/12),0,period_0707,1.706667,0.2236,6.6553,86.3359,85.1794,1.1565
NLMS-PCA (K=12/12),0,period_0707,1.760000,0.1510,6.7406,86.8922,85.1794,1.7129
NLMS-PCA (K=12/12),0,period_0707,1.800000,0.1174,5.6178,86.9920,85.1794,1.8126
NLMS-PCA (K=12/12),0,period_0707,1.853333,0.1340,6.1190,86.8581,85.1794,1.6787
NLMS-PCA (K=12/12),0,period_0707,1.906667,0.0880,5.5173,87.0090,85.1794,1.8296
NLMS-PCA (K=12/12),0,period_0707,1.960000,0.0981,7.3086,87.0785,85.1794,1.8992
NLMS-PCA (K=12/12),0,period_0707,2.000000,0.0927,6.6419,87.0461,85.1794,1.8667
NLMS-PCA (K=12/12),0,period_0707,2.053333,0.0655,6.2543,87.1197,85.1794,1.9404
NLMS-PCA (K=12/12),0,period_0707,2.106667,0.0712,6.5860,87.1731,85.1794,1.9937
NLMS-PCA (K=12/12),0,period_0707,2.160000,0.0777,8.1397,87.0451,85.1794,1.8657
NLMS-PCA (K=12/12),0,period_0707,2.200000,0.0362,4.4802,87.3306,85.1794,2.1512
NLMS-PCA (K=12/12),0,period_0707,2.253333,0.0518,6.3586,87.1058,85.1794,1.9264
NLMS-PCA (K=12/12),0,period_0707,2.306667,-0.0011,5.7937,87.2492,85.1794,2.0699
NLMS-PCA (K=12/12),0,period_0707,2.360000,0.0154,6.3109,87.2618,85.1794,2.0824
NLMS-PCA (K=12/12),0,period_0707,2.400000,0.0336,8.4183,87.2327,85.1794,2.0534
NLMS-PCA (K=12/12),0,period_0707,2.453333,-0.0041,6.7465,87.5046,85.1794,2.3252
NLMS-PCA (K=12/12),0,period_0707,2.506667,-0.0344,5.0798,87.5452,85.1794,2.3658
NLMS-PCA (K=12/12),0,period_0707,2.560000,-0.6696,8.4211,88.2797,85.1794,3.1003
NLMS-PCA (K=12/12),0,period_0707,2.600000,0.0620,14.7417,87.2400,85.1794,2.0606
NLMS-PCA (K=12/12),0,period_0707,2.653333,0.5035,10.7209,80.3714,85.1794,-4.8080
NLMS-PCA (K=12/12),0,period_0707,2.706667,0.5451,10.4877,78.4327,85.1794,-6.7467
NLMS-PCA (K=12/12),0,period_0707,2.760000,2.8006,6.4027,82.1185,85.1794,-3.0609
NLMS-PCA (K=12/12),0,period_0707,2.800000,0.4155,5.3098,87.0342,85.1794,1.8548
NLMS-PCA (K=12/12),0,period_0707,2.853333,4.8735,1.7809,81.3949,85.1794,-3.7845
NLMS-PCA (K=12/12),0,period_0707,2.906667,1.7103,2.2510,85.9931,85.1794,0.8137
NLMS-PCA (K=12/12),0,period_0707,2.960000,2.1280,1.2142,82.2311,85.1794,-2.9482
NLMS-PCA (K=12/12),0,period_0707,3.000000,-2.7718,2.0078,84.5493,85.1794,-0.6301
NLMS-PCA (K=12/12),0,period_0707,3.053333,-6.2770,5.8663,88.4971,85.1794,3.3177
NLMS-PCA (K=12/12),0,period_0707,3.106667,-6.4042,8.2657,91.0081,85.1794,5.8288
NLMS-PCA (K=12/12),0,period_0707,3.160000,-5.2196,6.7805,91.1011,85.1794,5.9217
NLMS-PCA (K=12/12),0,period_0707,3.200000,-4.6585,3.6699,89.4931,85.1794,4.3138
NLMS-PCA (K=12/12),0,period_0707,3.253333,-1.7536,6.5534,85.5105,85.1794,0.3311
NLMS-PCA (K=12/12),0,period_0707,3.306667,-2.0885,5.7026,86.2329,85.1794,1.0535
NLMS-PCA (K=12/12),0,period_0707,3.360000,-1.6999,6.7986,85.5631,85.1794,0.3838
NLMS-PCA (K=12/12),0,period_0707,3.400000,-1.8665,6.4123,87.0509,85.1794,1.8715
NLMS-PCA (K=12/12),0,period_0707,3.453333,-1.8470,8.3872,87.0033,85.1794,1.8240
NLMS-PCA (K=12/12),0,period_0707,3.506667,-1.4215,7.4301,86.1844,85.1794,1.0050
NLMS-PCA (K=12/12),0,period_0707,3.560000,-1.5781,5.8867,86.8910,85.1794,1.7116
NLMS-PCA (K=12/12),0,period_0707,3.600000,-1.6996,7.8157,87.3231,85.1794,2.1438
NLMS-PCA (K=12/12),0,period_0707,3.653333,-1.6393,6.7759,87.3084,85.1794,2.1290
NLMS-PCA (K=12/12),0,period_0707,3.706667,-1.7052,5.9138,87.8266,85.1794,2.6473
NLMS-PCA (K=12/12),0,period_0707,3.760000,-1.6344,6.4328,87.5085,85.1794,2.3291
NLMS-PCA (K=12/12),0,period_0707,3.800000,-1.7091,6.0558,87.7845,85.1794,2.6051
NLMS-PCA (K=12/12),0,period_0707,3.853333,-1.8062,4.6965,87.9461,85.1794,2.7667
NLMS-PCA (K=12/12),0,period_0707,3.906667,-1.7681,6.4479,87.8001,85.1794,2.6208
NLMS-PCA (K=12/12),0,period_0707,3.960000,-1.7657,6.2078,87.7795,85.1794,2.6001
NLMS-PCA (K=12/12),0,period_0707,4.000000,-1.7921,8.4328,88.0690,85.1794,2.8896
NLMS-PCA (K=12/12),0,period_0707,4.053333,-2.8310,11.3067,89.2578,85.1794,4.0784
NLMS-PCA (K=12/12),0,period_0707,4.106667,-2.8982,9.0736,84.3742,85.1794,-0.8052
NLMS-PCA (K=12/12),0,period_0707,4.160000,2.4672,6.8377,77.1020,85.1794,-8.0774
NLMS-PCA (K=12/12),0,period_0707,4.200000,1.5263,4.5696,82.0871,85.1794,-3.0923
NLMS-PCA (K=12/12),0,period_0707,4.253333,1.7751,5.5047,75.5675,85.1794,-9.6119
NLMS-PCA (K=12/12),0,period_0707,4.306667,2.0684,8.4016,77.5186,85.1794,-7.6608
NLMS-PCA (K=12/12),0,period_0707,4.360000,-0.7767,6.1590,84.7268,85.1794,-0.4525
NLMS-PCA (K=12/12),0,period_0707,4.400000,-4.3211,6.2330,90.8105,85.1794,5.6312
NLMS-PCA (K=12/12),0,period_0707,4.453333,-1.1066,11.0124,84.7584,85.1794,-0.4210
NLMS-PCA (K=12/12),0,period_0707,4.506667,-1.0189,12.3373,84.5938,85.1794,-0.5855
NLMS-PCA (K=12/12),0,period_0707,4.560000,-0.0026,9.8400,85.1763,85.1794,-0.0030
NLMS-PCA (K=12/12),0,period_0707,4.600000,-0.0160,6.1397,89.6985,85.1794,4.5191
NLMS-PCA (K=12/12),0,period_0707,4.653333,2.1621,3.8328,86.3358,85.1794,1.1564
NLMS-PCA (K=12/12),0,period_0707,4.706667,-0.4668,-0.0062,80.3656,85.1794,-4.8137
NLMS-PCA (K=12/12),0,period_0707,4.760000,-0.8062,4.7682,88.3536,85.1794,3.1743
NLMS-PCA (K=12/12),0,period_0707,4.800000,3.2490,3.5938,82.1535,85.1794,-3.0259
NLMS-PCA (K=12/12),0,period_0707,4.853333,4.2811,1.0042,79.7204,85.1794,-5.4590
NLMS-PCA (K=12/12),0,period_0707,4.906667,-1.7061,2.3298,83.0516,85.1794,-2.1278
NLMS-PCA (K=12/12),0,period_0707,4.960000,-6.4567,4.4207,88.6097,85.1794,3.4304
NLMS-PCA (K=12/12),0,period_0707,5.000000,-6.5360,5.2408,89.6025,85.1794,4.4232
NLMS-PCA (K=12/12),0,period_0707,5.053333,-5.2066,4.1962,89.5919,85.1794,4.4126
NLMS-PCA (K=12/12),0,period_0707,5.106667,-2.5694,5.1093,87.0119,85.1794,1.8325
NLMS-PCA (K=12/12),0,period_0707,5.160000,-1.8515,7.9059,86.7307,85.1794,1.5513
NLMS-PCA (K=12/12),0,period_0707,5.200000,-1.7131,9.4098,87.0638,85.1794,1.8845
NLMS-PCA (K=12/12),0,period_0707,5.253333,-2.0330,7.7751,87.4841,85.1794,2.3047
NLMS-PCA (K=12/12),0,period_0707,5.306667,-1.6540,5.8548,87.0748,85.1794,1.8954
NLMS-PCA (K=12/12),0,period_0707,5.360000,-1.2403,8.5040,86.5873,85.1794,1.4079
NLMS-PCA (K=12/12),0,period_0707,5.400000,-1.6287,4.0415,87.6287,85.1794,2.4493
NLMS-PCA (K=12/12),0,period_0707,5.453333,-1.5016,7.0006,87.3525,85.1794,2.1731
NLMS-PCA (K=12/12),0,period_0707,5.506667,-1.5488,8.6381,87.5146,85.1794,2.3353
NLMS-PCA (K=12/12),0,period_0707,5.560000,-1.5310,7.7806,87.5308,85.1794,2.3514
NLMS-PCA (K=12/12),0,period_0707,5.600000,-1.4145,9.0903,87.3222,85.1794,2.1428
NLMS-PCA (K=12/12),0,period_0707,5.653333,-1.5404,6.4850,87.8297,85.1794,2.6503
NLMS-PCA (K=12/12),0,period_0707,5.706667,-1.4114,8.1861,87.6540,85.1794,2.4746
NLMS-PCA (K=12/12),0,period_0707,5.760000,-1.4408,7.0936,87.6153,85.1794,2.4359
NLMS-PCA (K=12/12),0,period_0707,5.800000,-1.5374,5.4533,88.1251,85.1794,2.9457
NLMS-PCA (K=12/12),0,period_0707,5.853333,-4.2659,7.0588,90.2099,85.1794,5.0306
NLMS-PCA (K=12/12),0,period_0707,5.906667,0.6679,6.5443,76.1331,85.1794,-9.0463
NLMS-PCA (K=12/12),0,period_0707,5.960000,5.5174,5.0965,75.5566,85.1794,-9.6227
NLMS-PCA (K=12/12),0,period_0707,6.000000,5.3679,3.2340,75.7734,85.1794,-9.4060
NLMS-PCA (K=12/12),0,period_0707,6.053333,10.6026,4.0551,70.7775,85.1794,-14.4019
NLMS-PCA (K=12/12),0,period_0707,6.106667,9.0994,3.4055,72.6307,85.1794,-12.5486
NLMS-PCA (K=12/12),0,period_0707,6.160000,10.1128,7.2748,71.9540,85.1794,-13.2254
NLMS-PCA (K=12/12),0,period_0707,6.200000,6.6883,2.5318,79.2639,85.1794,-5.9155
NLMS-PCA (K=12/12),0,period_0707,6.253333,1.9411,-0.1963,84.2341,85.1794,-0.9453
NLMS-PCA (K=12/12),0,period_0707,6.306667,2.7795,2.8801,83.0295,85.1794,-2.1499
NLMS-PCA (K=12/12),0,period_0707,6.360000,2.9205,3.5104,77.6838,85.1794,-7.4956
NLMS-PCA (K=12/12),0,period_0707,6.400000,3.3733,8.2891,78.2884,85.1794,-6.8910
NLMS-PCA (K=12/12),0,period_0707,6.453333,3.1360,7.9434,77.0947,85.1794,-8.0847
NLMS-PCA (K=12/12),0,period_0707,6.506667,4.1960,9.2617,80.1437,85.1794,-5.0357
NLMS-PCA (K=12/12),0,period_0707,6.560000,1.5160,5.5912,87.1021,85.1794,1.9228
NLMS-PCA (K=12/12),0,period_0707,6.600000,2.1709,17.7217,86.6637,85.1794,1.4843
NLMS-PCA (K=12/12),0,period_0707,6.653333,1.7356,13.4374,86.3494,85.1794,1.1700
NLMS-PCA (K=12/12),0,period_0707,6.706667,1.8007,6.8717,85.0466,85.1794,-0.1327
NLMS-PCA (K=12/12),0,period_0707,6.760000,0.9040,6.3894,85.6947,85.1794,0.5153
NLMS-PCA (K=12/12),0,period_0707,6.800000,0.1764,5.5481,86.4678,85.1794,1.2885
NLMS-PCA (K=12/12),0,period_0707,6.853333,1.6045,2.9680,85.0249,85.1794,-0.1544
NLMS-PCA (K=12/12),0,period_0707,6.906667,1.7502,5.4809,84.7723,85.1794,-0.4071
NLMS-PCA (K=12/12),0,period_0707,6.960000,4.9057,6.9205,81.5153,85.1794,-3.6641
NLMS-PCA (K=12/12),0,period_0707,7.000000,5.0034,7.0257,82.2534,85.1794,-2.9260
NLMS-PCA (K=12/12),0,period_0707,7.053333,1.3134,2.5101,82.5395,85.1794,-2.6398
NLMS-PCA (K=12/12),0,period_0707,7.106667,-3.6246,3.1106,89.4643,85.1794,4.2849
NLMS-PCA (K=12/12),0,period_0707,7.160000,-1.9426,5.4858,88.3135,85.1794,3.1342
NLMS-PCA (K=12/12),0,period_0707,7.200000,-1.9683,2.9009,88.7203,85.1794,3.5409
NLMS-PCA (K=12/12),0,period_0707,7.253333,-1.9004,3.3854,89.1798,85.1794,4.0004
NLMS-PCA (K=12/12),0,period_0707,7.306667,-2.4106,5.1212,89.2054,85.1794,4.0261
NLMS-PCA (K=12/12),0,period_0707,7.360000,-0.9466,6.9011,87.1362,85.1794,1.9568
NLMS-PCA (K=12/12),0,period_0707,7.400000,-0.0882,7.8390,86.3336,85.1794,1.1543
NLMS-PCA (K=12/12),0,period_0707,7.453333,-0.3931,4.3781,86.1048,85.1794,0.9254
NLMS-PCA (K=12/12),0,period_0707,7.506667,0.4199,10.5386,83.6193,85.1794,-1.5600
NLMS-PCA (K=12/12),0,period_0707,7.560000,0.1576,7.1143,83.9869,85.1794,-1.1924
NLMS-PCA (K=12/12),0,period_0707,7.600000,-1.7665,2.0831,87.7989,85.1794,2.6196
NLMS-PCA (K=12/12),0,period_0707,7.653333,0.3108,9.8258,84.7231,85.1794,-0.4563
NLMS-PCA (K=12/12),0,period_0707,7.706667,0.1442,10.0620,86.1681,85.1794,0.9887
NLMS-PCA (K=12/12),0,period_0707,7.760000,0.9735,10.1951,84.4251,85.1794,-0.7543
NLMS-PCA (K=12/12),0,period_0707,7.800000,1.5138,9.1057,82.0328,85.1794,-3.1466
NLMS-PCA (K=12/12),0,period_0707,7.853333,0.6451,12.8090,85.4244,85.1794,0.2450
NLMS-PCA (K=12/12),0,period_0707,7.906667,-0.3166,10.2837,88.4704,85.1794,3.2911
NLMS-PCA (K=12/12),0,period_0707,7.960000,0.1001,9.8312,87.1210,85.1794,1.9417
NLMS-PCA (K=12/12),0,period_0707,8.000000,1.2183,14.4684,82.2682,85.1794,-2.9112
NLMS-PCA (K=12/12),0,period_0707,8.053333,3.0857,16.2415,84.9120,85.1794,-0.2674
NLMS-PCA (K=12/12),0,period_0707,8.106667,4.5016,3.4909,74.4971,85.1794,-10.6823
NLMS-PCA (K=12/12),0,period_0707,8.160000,2.0553,8.6547,84.7857,85.1794,-0.3937
NLMS-PCA (K=12/12),0,period_0707,8.200000,2.1084,11.7509,85.9438,85.1794,0.7644
NLMS-PCA (K=12/12),0,period_0707,8.253333,1.4808,12.1954,86.5321,85.1794,1.3527
NLMS-PCA (K=12/12),0,period_0707,8.306667,1.3403,11.9271,86.0045,85.1794,0.8251
NLMS-PCA (K=12/12),0,period_0707,8.360000,2.0224,14.6444,85.4041,85.1794,0.2248
NLMS-PCA (K=12/12),0,period_0707,8.400000,2.3318,9.9461,84.5504,85.1794,-0.6289
NLMS-PCA (K=12/12),0,period_0707,8.453333,1.9611,6.6713,84.5340,85.1794,-0.6454
NLMS-PCA (K=12/12),0,period_0707,8.506667,1.4879,11.4787,84.8655,85.1794,-0.3139
NLMS-PCA (K=12/12),0,period_0707,8.560000,1.3000,10.8166,84.5313,85.1794,-0.6480
NLMS-PCA (K=12/12),0,period_0707,8.600000,1.4141,11.0128,84.5212,85.1794,-0.6582
NLMS-PCA (K=12/12),0,period_0707,8.653333,1.1223,11.4475,84.2622,85.1794,-0.9172
NLMS-PCA (K=12/12),0,period_0707,8.706667,1.6509,10.2112,84.1310,85.1794,-1.0483
NLMS-PCA (K=12/12),0,period_0707,8.760000,2.0221,13.5589,83.9470,85.1794,-1.2323
NLMS-PCA (K=12/12),0,period_0707,8.800000,1.7354,10.8628,84.1057,85.1794,-1.0736
NLMS-PCA (K=12/12),0,period_0707,8.853333,2.7025,15.6565,79.4702,85.1794,-5.7091
NLMS-PCA (K=12/12),0,period_0707,8.906667,7.0536,16.5344,72.1038,85.1794,-13.0756
NLMS-PCA (K=12/12),0,period_0707,8.960000,6.5488,9.3581,77.1062,85.1794,-8.0732
NLMS-PCA (K=12/12),0,period_0707,9.000000,3.4718,2.9501,82.7963,85.1794,-2.3831
NLMS-PCA (K=12/12),0,period_0707,9.053333,4.1447,4.2291,82.2312,85.1794,-2.9482
NLMS-PCA (K=12/12),0,period_0707,9.106667,3.0275,2.1307,82.7587,85.1794,-2.4207
NLMS-PCA (K=12/12),0,period_0707,9.160000,2.8809,6.3047,82.8556,85.1794,-2.3238
NLMS-PCA (K=12/12),0,period_0707,9.200000,2.5508,5.2185,83.2349,85.1794,-1.9445
NLMS-PCA (K=12/12),0,period_0707,9.253333,2.5585,5.3007,83.1273,85.1794,-2.0521
NLMS-PCA (K=12/12),0,period_0707,9.306667,2.5459,5.9544,83.0254,85.1794,-2.1539
NLMS-PCA (K=12/12),0,period_0707,9.360000,2.5285,5.9969,82.9844,85.1794,-2.1950
NLMS-PCA (K=12/12),0,period_0707,9.400000,2.3528,5.4075,83.1985,85.1794,-1.9809
NLMS-PCA (K=12/12),0,period_0707,9.453333,2.3066,5.7630,83.2149,85.1794,-1.9645
NLMS-PCA (K=12/12),0,period_0707,9.506667,2.3527,6.1329,83.1046,85.1794,-2.0748
NLMS-PCA (K=12/12),0,period_0707,9.560000,2.2679,5.9413,83.2313,85.1794,-1.9481
NLMS-PCA (K=12/12),0,period_0707,9.600000,2.1369,6.3035,83.3965,85.1794,-1.7829
NLMS-PCA (K=12/12),0,period_0707,9.653333,1.9909,4.8044,83.6160,85.1794,-1.5633
NLMS-PCA (K=12/12),0,period_0707,9.706667,1.9905,5.0945,83.5921,85.1794,-1.5872
NLMS-PCA (K=12/12),0,period_0707,9.760000,2.0676,6.3598,83.6177,85.1794,-1.5617
NLMS-PCA (K=12/12),0,period_0707,9.800000,2.3229,7.9352,83.3505,85.1794,-1.8289
NLMS-PCA (K=12/12),0,period_0707,9.853333,2.2135,5.8454,83.3998,85.1794,-1.7796
NLMS-PCA (K=12/12),0,period_0707,9.906667,2.2457,7.8725,83.4065,85.1794,-1.7729
NLMS-PCA (K=12/12),0,period_0707,9.960000,1.6038,4.3459,84.3720,85.1794,-0.8074
NLMS-PCA (K=12/12),0,period_0707,10.000000,5.2948,3.9296,80.4827,85.1794,-4.6967
NLMS-PCA (K=12/12),1,period_0856,10.013333,-0.4508,-40.2491,75.7743,75.6790,0.0953
NLMS-PCA (K=12/12),1,period_0856,10.053333,-0.5339,0.7352,75.8024,75.6790,0.1234
NLMS-PCA (K=12/12),1,period_0856,10.106667,-0.6305,1.1443,75.8420,75.6790,0.1629
NLMS-PCA (K=12/12),1,period_0856,10.160000,-0.7008,2.7899,75.8792,75.6790,0.2002
NLMS-PCA (K=12/12),1,period_0856,10.200000,-0.7419,3.2613,75.9021,75.6790,0.2230
NLMS-PCA (K=12/12),1,period_0856,10.253333,-0.7927,3.2357,75.9394,75.6790,0.2604
NLMS-PCA (K=12/12),1,period_0856,10.306667,-0.8336,4.1993,75.9749,75.6790,0.2959
NLMS-PCA (K=12/12),1,period_0856,10.360000,-0.8728,3.8944,76.0011,75.6790,0.3221
NLMS-PCA (K=12/12),1,period_0856,10.400000,-0.8968,5.2476,76.0220,75.6790,0.3429
NLMS-PCA (K=12/12),1,period_0856,10.453333,-0.9333,4.9385,76.0525,75.6790,0.3734
NLMS-PCA (K=12/12),1,period_0856,10.506667,-0.9553,4.9818,76.0692,75.6790,0.3902
NLMS-PCA (K=12/12),1,period_0856,10.560000,-0.9834,5.2946,76.1022,75.6790,0.4231
NLMS-PCA (K=12/12),1,period_0856,10.600000,-1.0039,5.7942,76.1293,75.6790,0.4503
NLMS-PCA (K=12/12),1,period_0856,10.653333,-1.0315,6.2202,76.1605,75.6790,0.4815
NLMS-PCA (K=12/12),1,period_0856,10.706667,-1.0685,6.0498,76.1915,75.6790,0.5124
NLMS-PCA (K=12/12),1,period_0856,10.760000,-1.1029,6.7265,76.2382,75.6790,0.5592
NLMS-PCA (K=12/12),1,period_0856,10.800000,-1.6567,1.1101,76.9480,75.6790,1.2690
NLMS-PCA (K=12/12),1,period_0856,10.853333,-5.4007,3.2854,80.5499,75.6790,4.8709
NLMS-PCA (K=12/12),1,period_0856,10.906667,-8.4039,8.7124,81.1008,75.6790,5.4217
NLMS-PCA (K=12/12),1,period_0856,10.960000,-8.2257,10.8169,84.6724,75.6790,8.9934
NLMS-PCA (K=12/12),1,period_0856,11.000000,-6.9865,9.6711,83.8524,75.6790,8.1734
NLMS-PCA (K=12/12),1,period_0856,11.053333,-5.7447,6.4547,80.8068,75.6790,5.1278
NLMS-PCA (K=12/12),1,period_0856,11.106667,-1.7345,6.5708,79.0710,75.6790,3.3920
NLMS-PCA (K=12/12),1,period_0856,11.160000,-3.9695,3.1449,79.8384,75.6790,4.1594
NLMS-PCA (K=12/12),1,period_0856,11.200000,-4.2444,6.6754,79.3669,75.6790,3.6879
NLMS-PCA (K=12/12),1,period_0856,11.253333,-2.5151,8.5560,74.7863,75.6790,-0.8927
NLMS-PCA (K=12/12),1,period_0856,11.306667,-1.8375,11.7772,73.3679,75.6790,-2.3112
NLMS-PCA (K=12/12),1,period_0856,11.360000,-4.3346,2.9461,81.5278,75.6790,5.8488
NLMS-PCA (K=12/12),1,period_0856,11.400000,-4.8942,3.7153,82.7543,75.6790,7.0752
NLMS-PCA (K=12/12),1,period_0856,11.453333,-5.0807,5.3236,82.8926,75.6790,7.2136
NLMS-PCA (K=12/12),1,period_0856,11.506667,-5.3612,7.6228,82.9951,75.6790,7.3161
NLMS-PCA (K=12/12),1,period_0856,11.560000,-5.4535,7.7281,83.1152,75.6790,7.4362
NLMS-PCA (K=12/12),1,period_0856,11.600000,-5.4932,8.8821,83.1545,75.6790,7.4755
NLMS-PCA (K=12/12),1,period_0856,11.653333,-5.5716,7.9001,83.1991,75.6790,7.5201
NLMS-PCA (K=12/12),1,period_0856,11.706667,-5.6471,8.7605,83.2359,75.6790,7.5569
NLMS-PCA (K=12/12),1,period_0856,11.760000,-5.6744,10.0296,83.2684,75.6790,7.5894
NLMS-PCA (K=12/12),1,period_0856,11.800000,-5.7121,8.3341,83.2865,75.6790,7.6075
NLMS-PCA (K=12/12),1,period_0856,11.853333,-5.7462,9.2276,83.3049,75.6790,7.6258
NLMS-PCA (K=12/12),1,period_0856,11.906667,-5.7861,7.7862,83.3212,75.6790,7.6422
NLMS-PCA (K=12/12),1,period_0856,11.960000,-5.8311,6.7401,83.3335,75.6790,7.6545
NLMS-PCA (K=12/12),1,period_0856,12.000000,-5.8402,10.3538,83.3455,75.6790,7.6665
NLMS-PCA (K=12/12),1,period_0856,12.053333,-5.8629,8.7619,83.3587,75.6790,7.6797
NLMS-PCA (K=12/12),1,period_0856,12.106667,-5.8940,6.8006,83.3685,75.6790,7.6895
NLMS-PCA (K=12/12),1,period_0856,12.160000,-5.9207,8.7903,83.3810,75.6790,7.7020
NLMS-PCA (K=12/12),1,period_0856,12.200000,-5.9475,6.1734,83.3887,75.6790,7.7096
NLMS-PCA (K=12/12),1,period_0856,12.253333,-5.9545,9.0640,83.4061,75.6790,7.7271
NLMS-PCA (K=12/12),1,period_0856,12.306667,-5.9718,9.2197,83.4169,75.6790,7.7379
NLMS-PCA (K=12/12),1,period_0856,12.360000,-5.9856,7.7090,83.4274,75.6790,7.7483
NLMS-PCA (K=12/12),1,period_0856,12.400000,-5.9892,9.9403,83.4376,75.6790,7.7586
NLMS-PCA (K=12/12),1,period_0856,12.453333,-6.0073,9.3035,83.4520,75.6790,7.7730
NLMS-PCA (K=12/12),1,period_0856,12.506667,-6.0356,7.0645,83.4643,75.6790,7.7852
NLMS-PCA (K=12/12),1,period_0856,12.560000,-6.1404,16.3426,83.6495,75.6790,7.9705
NLMS-PCA (K=12/12),1,period_0856,12.600000,-5.8930,14.0976,82.1323,75.6790,6.4533
NLMS-PCA (K=12/12),1,period_0856,12.653333,-5.4684,12.4701,79.9967,75.6790,4.3177
NLMS-PCA (K=12/12),1,period_0856,12.706667,-5.0672,9.4374,79.0672,75.6790,3.3882
NLMS-PCA (K=12/12),1,period_0856,12.760000,-3.3436,5.5020,78.5836,75.6790,2.9046
NLMS-PCA (K=12/12),1,period_0856,12.800000,-4.5641,3.3202,81.0057,75.6790,5.3266
NLMS-PCA (K=12/12),1,period_0856,12.853333,-4.3452,2.3811,81.8039,75.6790,6.1248
NLMS-PCA (K=12/12),1,period_0856,12.906667,-5.9246,8.4250,81.1627,75.6790,5.4837
NLMS-PCA (K=12/12),1,period_0856,12.960000,-2.2189,6.4076,73.8979,75.6790,-1.7811
NLMS-PCA (K=12/12),1,period_0856,13.000000,-5.3835,3.5434,79.8312,75.6790,4.1521
NLMS-PCA (K=12/12),1,period_0856,13.053333,-7.5838,6.3918,82.6268,75.6790,6.9478
NLMS-PCA (K=12/12),1,period_0856,13.106667,-8.1678,6.8564,82.4183,75.6790,6.7393
NLMS-PCA (K=12/12),1,period_0856,13.160000,-8.2266,6.3824,82.3752,75.6790,6.6962
NLMS-PCA (K=12/12),1,period_0856,13.200000,-8.4410,5.4412,82.3424,75.6790,6.6634
NLMS-PCA (K=12/12),1,period_0856,13.253333,-8.6495,7.5026,82.6475,75.6790,6.9684
NLMS-PCA (K=12/12),1,period_0856,13.306667,-8.6572,9.2051,82.6940,75.6790,7.0150
NLMS-PCA (K=12/12),1,period_0856,13.360000,-8.6227,10.7771,82.6389,75.6790,6.9599
NLMS-PCA (K=12/12),1,period_0856,13.400000,-8.6026,9.8061,82.7025,75.6790,7.0235
NLMS-PCA (K=12/12),1,period_0856,13.453333,-8.6464,10.8590,82.7067,75.6790,7.0276
NLMS-PCA (K=12/12),1,period_0856,13.506667,-8.6837,9.9354,82.7669,75.6790,7.0879
NLMS-PCA (K=12/12),1,period_0856,13.560000,-8.6704,9.2269,82.8257,75.6790,7.1466
NLMS-PCA (K=12/12),1,period_0856,13.600000,-8.7358,9.1693,82.8204,75.6790,7.1414
NLMS-PCA (K=12/12),1,period_0856,13.653333,-8.7420,8.8412,82.8774,75.6790,7.1984
NLMS-PCA (K=12/12),1,period_0856,13.706667,-8.7375,8.5851,82.8929,75.6790,7.2139
NLMS-PCA (K=12/12),1,period_0856,13.760000,-8.7818,7.6988,82.9265,75.6790,7.2475
NLMS-PCA (K=12/12),1,period_0856,13.800000,-8.8083,9.7859,82.9437,75.6790,7.2647
NLMS-PCA (K=12/12),1,period_0856,13.853333,-8.7829,7.9839,82.9414,75.6790,7.2624
NLMS-PCA (K=12/12),1,period_0856,13.906667,-8.7856,9.3211,82.9604,75.6790,7.2813
NLMS-PCA (K=12/12),1,period_0856,13.960000,-8.7755,11.0130,82.9622,75.6790,7.2832
NLMS-PCA (K=12/12),1,period_0856,14.000000,-8.8183,6.7081,82.9581,75.6790,7.2791
NLMS-PCA (K=12/12),1,period_0856,14.053333,-8.7317,12.0869,83.2717,75.6790,7.5926
NLMS-PCA (K=12/12),1,period_0856,14.106667,-8.5297,8.9376,83.8155,75.6790,8.1365
NLMS-PCA (K=12/12),1,period_0856,14.160000,-6.9191,9.8963,78.8530,75.6790,3.1739
NLMS-PCA (K=12/12),1,period_0856,14.200000,-5.9867,8.9397,78.6701,75.6790,2.9911
NLMS-PCA (K=12/12),1,period_0856,14.253333,-6.1513,7.4742,81.3446,75.6790,5.6656
NLMS-PCA (K=12/12),1,period_0856,14.306667,-4.9914,8.8331,80.7110,75.6790,5.0320
NLMS-PCA (K=12/12),1,period_0856,14.360000,-4.6726,5.9702,80.3979,75.6790,4.7189
NLMS-PCA (K=12/12),1,period_0856,14.400000,-5.1253,5.7662,77.1435,75.6790,1.4645
NLMS-PCA (K=12/12),1,period_0856,14.453333,-5.9522,7.1485,79.6169,75.6790,3.9379
NLMS-PCA (K=12/12),1,period_0856,14.506667,-6.2775,9.3634,80.5944,75.6790,4.9154
NLMS-PCA (K=12/12),1,period_0856,14.560000,-5.8624,8.3547,79.5181,75.6790,3.8390
NLMS-PCA (K=12/12),1,period_0856,14.600000,-5.4837,9.5703,76.0645,75.6790,0.3855
NLMS-PCA (K=12/12),1,period_0856,14.653333,-3.9675,10.3949,72.6283,75.6790,-3.0507
NLMS-PCA (K=12/12),1,period_0856,14.706667,-1.5038,2.9517,79.9330,75.6790,4.2540
NLMS-PCA (K=12/12),1,period_0856,14.760000,-4.8592,6.1889,82.2404,75.6790,6.5614
NLMS-PCA (K=12/12),1,period_0856,14.800000,-4.1266,8.0563,79.4923,75.6790,3.8133
NLMS-PCA (K=12/12),1,period_0856,14.853333,-4.0432,3.6853,74.5211,75.6790,-1.1579
NLMS-PCA (K=12/12),1,period_0856,14.906667,-7.4351,5.1322,82.8250,75.6790,7.1459
NLMS-PCA (K=12/12),1,period_0856,14.960000,-7.6759,6.4168,82.0873,75.6790,6.4083
NLMS-PCA (K=12/12),1,period_0856,15.000000,-7.4941,6.4393,81.7597,75.6790,6.0806
NLMS-PCA (K=12/12),1,period_0856,15.053333,-7.3265,6.8773,81.7607,75.6790,6.0817
NLMS-PCA (K=12/12),1,period_0856,15.106667,-7.8754,6.9445,82.3681,75.6790,6.6891
NLMS-PCA (K=12/12),1,period_0856,15.160000,-7.9213,8.2902,82.3962,75.6790,6.7172
NLMS-PCA (K=12/12),1,period_0856,15.200000,-8.0782,8.9373,82.5185,75.6790,6.8395
NLMS-PCA (K=12/12),1,period_0856,15.253333,-8.1549,10.4191,82.5078,75.6790,6.8288
NLMS-PCA (K=12/12),1,period_0856,15.306667,-8.1307,9.0951,82.5596,75.6790,6.8806
NLMS-PCA (K=12/12),1,period_0856,15.360000,-8.1599,10.0489,82.6924,75.6790,7.0134
NLMS-PCA (K=12/12),1,period_0856,15.400000,-8.3118,8.3190,82.7311,75.6790,7.0520
NLMS-PCA (K=12/12),1,period_0856,15.453333,-8.2704,7.4926,82.7322,75.6790,7.0531
NLMS-PCA (K=12/12),1,period_0856,15.506667,-8.3054,9.2518,82.7633,75.6790,7.0843
NLMS-PCA (K=12/12),1,period_0856,15.560000,-8.3245,9.3667,82.7893,75.6790,7.1103
NLMS-PCA (K=12/12),1,period_0856,15.600000,-8.3203,10.6398,82.8064,75.6790,7.1273
NLMS-PCA (K=12/12),1,period_0856,15.653333,-8.3442,9.2068,82.8375,75.6790,7.1585
NLMS-PCA (K=12/12),1,period_0856,15.706667,-8.3475,9.7772,82.8328,75.6790,7.1537
NLMS-PCA (K=12/12),1,period_0856,15.760000,-8.3730,8.9222,82.8659,75.6790,7.1869
NLMS-PCA (K=12/12),1,period_0856,15.800000,-8.3890,9.2597,82.8656,75.6790,7.1866
NLMS-PCA (K=12/12),1,period_0856,15.853333,-8.9188,9.2051,85.1995,75.6790,9.5205
NLMS-PCA (K=12/12),1,period_0856,15.906667,-6.9184,10.2511,81.4934,75.6790,5.8144
NLMS-PCA (K=12/12),1,period_0856,15.960000,-5.6789,8.3319,78.7217,75.6790,3.0426
NLMS-PCA (K=12/12),1,period_0856,16.000000,-5.4744,7.7080,80.5835,75.6790,4.9045
NLMS-PCA (K=12/12),1,period_0856,16.053333,-3.6196,5.4221,76.1919,75.6790,0.5129
NLMS-PCA (K=12/12),1,period_0856,16.106667,-4.6707,5.0898,78.8709,75.6790,3.1919
NLMS-PCA (K=12/12),1,period_0856,16.160000,-3.8957,8.9811,72.5992,75.6790,-3.0798
NLMS-PCA (K=12/12),1,period_0856,16.200000,-5.3102,2.4473,82.7249,75.6790,7.0459
NLMS-PCA (K=12/12),1,period_0856,16.253333,-7.4010,5.6682,83.9030,75.6790,8.2239
NLMS-PCA (K=12/12),1,period_0856,16.306667,-7.1537,7.9374,84.4242,75.6790,8.7452
NLMS-PCA (K=12/12),1,period_0856,16.360000,-5.2702,4.9476,80.8327,75.6790,5.1537
NLMS-PCA (K=12/12),1,period_0856,16.400000,-3.0336,6.8268,80.1334,75.6790,4.4544
NLMS-PCA (K=12/12),1,period_0856,16.453333,-3.2688,7.1173,79.6785,75.6790,3.9995
NLMS-PCA (K=12/12),1,period_0856,16.506667,-2.0702,7.6964,78.9784,75.6790,3.2993
NLMS-PCA (K=12/12),1,period_0856,16.560000,-3.6498,4.8184,80.7727,75.6790,5.0937
NLMS-PCA (K=12/12),1,period_0856,16.600000,-3.3372,11.9404,78.9416,75.6790,3.2626
NLMS-PCA (K=12/12),1,period_0856,16.653333,-3.7739,9.5472,78.5217,75.6790,2.8427
NLMS-PCA (K=12/12),1,period_0856,16.706667,-4.7777,7.8234,80.2613,75.6790,4.5823
NLMS-PCA (K=12/12),1,period_0856,16.760000,-5.0581,9.1864,79.9362,75.6790,4.2572
NLMS-PCA (K=12/12),1,period_0856,16.800000,-5.0044,8.2446,79.3583,75.6790,3.6793
NLMS-PCA (K=12/12),1,period_0856,16.853333,-4.8380,3.3956,75.9157,75.6790,0.2367
NLMS-PCA (K=12/12),1,period_0856,16.906667,-4.6919,4.9592,80.7250,75.6790,5.0460
NLMS-PCA (K=12/12),1,period_0856,16.960000,-3.5344,5.7422,79.3436,75.6790,3.6645
NLMS-PCA (K=12/12),1,period_0856,17.000000,-3.1295,4.5675,75.8866,75.6790,0.2076
NLMS-PCA (K=12/12),1,period_0856,17.053333,-6.8192,2.3330,75.5254,75.6790,-0.1536
NLMS-PCA (K=12/12),1,period_0856,17.106667,-9.2451,5.2247,84.1876,75.6790,8.5086
NLMS-PCA (K=12/12),1,period_0856,17.160000,-9.0703,6.9079,83.4509,75.6790,7.7719
NLMS-PCA (K=12/12),1,period_0856,17.200000,-8.8349,8.8579,84.2379,75.6790,8.5589
NLMS-PCA (K=12/12),1,period_0856,17.253333,-8.7773,4.3236,83.3114,75.6790,7.6324
NLMS-PCA (K=12/12),1,period_0856,17.306667,-8.3811,6.6979,82.3427,75.6790,6.6636
NLMS-PCA (K=12/12),1,period_0856,17.360000,-7.7236,8.1175,80.5303,75.6790,4.8513
NLMS-PCA (K=12/12),1,period_0856,17.400000,-7.7455,7.7246,80.7521,75.6790,5.0731
NLMS-PCA (K=12/12),1,period_0856,17.453333,-7.8941,6.1744,84.0226,75.6790,8.3436
NLMS-PCA (K=12/12),1,period_0856,17.506667,-6.4481,11.2866,77.6844,75.6790,2.0053
NLMS-PCA (K=12/12),1,period_0856,17.560000,-6.9255,7.5355,79.8388,75.6790,4.1598
NLMS-PCA (K=12/12),1,period_0856,17.600000,-7.5854,2.8746,80.7056,75.6790,5.0266
NLMS-PCA (K=12/12),1,period_0856,17.653333,-4.7804,2.9529,77.4177,75.6790,1.7387
NLMS-PCA (K=12/12),1,period_0856,17.706667,-4.4999,6.1078,81.8399,75.6790,6.1608
NLMS-PCA (K=12/12),1,period_0856,17.760000,-3.8739,8.1613,81.6066,75.6790,5.9276
NLMS-PCA (K=12/12),1,period_0856,17.800000,-4.0709,8.4704,79.9154,75.6790,4.2364
NLMS-PCA (K=12/12),1,period_0856,17.853333,-3.6944,7.6913,79.6882,75.6790,4.0092
NLMS-PCA (K=12/12),1,period_0856,17.906667,-3.5423,10.2237,79.6757,75.6790,3.9967
NLMS-PCA (K=12/12),1,period_0856,17.960000,-3.3255,9.4863,79.0142,75.6790,3.3352
NLMS-PCA (K=12/12),1,period_0856,18.000000,-3.0733,11.4561,78.2567,75.6790,2.5777
NLMS-PCA (K=12/12),1,period_0856,18.053333,-2.6392,8.9266,76.9167,75.6790,1.2377
NLMS-PCA (K=12/12),1,period_0856,18.106667,-1.5882,3.0177,75.2292,75.6790,-0.4498
NLMS-PCA (K=12/12),1,period_0856,18.160000,-2.8719,9.8370,80.8974,75.6790,5.2184
NLMS-PCA (K=12/12),1,period_0856,18.200000,-3.0549,12.6295,80.7619,75.6790,5.0829
NLMS-PCA (K=12/12),1,period_0856,18.253333,-3.5719,12.0559,80.4477,75.6790,4.7687
NLMS-PCA (K=12/12),1,period_0856,18.306667,-3.9901,11.7953,80.8912,75.6790,5.2122
NLMS-PCA (K=12/12),1,period_0856,18.360000,-4.0322,13.6008,79.0458,75.6790,3.3668
NLMS-PCA (K=12/12),1,period_0856,18.400000,-3.9139,11.8037,79.1721,75.6790,3.4931
NLMS-PCA (K=12/12),1,period_0856,18.453333,-4.8478,6.7560,81.4143,75.6790,5.7353
NLMS-PCA (K=12/12),1,period_0856,18.506667,-5.4692,9.6556,82.5571,75.6790,6.8781
NLMS-PCA (K=12/12),1,period_0856,18.560000,-5.4559,13.2688,80.2883,75.6790,4.6093
NLMS-PCA (K=12/12),1,period_0856,18.600000,-5.4183,12.4526,79.5855,75.6790,3.9064
NLMS-PCA (K=12/12),1,period_0856,18.653333,-5.6558,12.6338,80.8017,75.6790,5.1227
NLMS-PCA (K=12/12),1,period_0856,18.706667,-5.1930,10.5709,80.5443,75.6790,4.8653
NLMS-PCA (K=12/12),1,period_0856,18.760000,-5.2772,8.4368,79.3246,75.6790,3.6456
NLMS-PCA (K=12/12),1,period_0856,18.800000,-5.1578,8.4047,80.6226,75.6790,4.9436
NLMS-PCA (K=12/12),1,period_0856,18.853333,-4.4932,10.0818,78.0542,75.6790,2.3751
NLMS-PCA (K=12/12),1,period_0856,18.906667,-2.2781,9.6195,72.5304,75.6790,-3.1486
NLMS-PCA (K=12/12),1,period_0856,18.960000,-4.8372,4.9947,79.8528,75.6790,4.1738
NLMS-PCA (K=12/12),1,period_0856,19.000000,-5.3253,4.7995,82.5191,75.6790,6.8401
NLMS-PCA (K=12/12),1,period_0856,19.053333,-5.6796,5.3340,83.8490,75.6790,8.1700
NLMS-PCA (K=12/12),1,period_0856,19.106667,-5.6846,7.7974,83.7754,75.6790,8.0963
NLMS-PCA (K=12/12),1,period_0856,19.160000,-5.8621,7.8882,83.7576,75.6790,8.0786
NLMS-PCA (K=12/12),1,period_0856,19.200000,-5.9484,8.2378,83.6838,75.6790,8.0048
NLMS-PCA (K=12/12),1,period_0856,19.253333,-6.0145,4.2197,83.6151,75.6790,7.9361
NLMS-PCA (K=12/12),1,period_0856,19.306667,-6.1026,6.8867,83.6107,75.6790,7.9317
NLMS-PCA (K=12/12),1,period_0856,19.360000,-6.1706,6.7340,83.6377,75.6790,7.9586
NLMS-PCA (K=12/12),1,period_0856,19.400000,-6.1670,8.6412,83.6653,75.6790,7.9863
NLMS-PCA (K=12/12),1,period_0856,19.453333,-6.2159,9.0246,83.6298,75.6790,7.9507
NLMS-PCA (K=12/12),1,period_0856,19.506667,-6.2307,8.3923,83.6210,75.6790,7.9419
NLMS-PCA (K=12/12),1,period_0856,19.560000,-6.2431,9.9551,83.6089,75.6790,7.9299
NLMS-PCA (K=12/12),1,period_0856,19.600000,-6.2123,9.3813,83.5772,75.6790,7.8982
NLMS-PCA (K=12/12),1,period_0856,19.653333,-6.2777,8.9055,83.5662,75.6790,7.8872
NLMS-PCA (K=12/12),1,period_0856,19.706667,-6.3211,9.5599,83.5469,75.6790,7.8679
NLMS-PCA (K=12/12),1,period_0856,19.760000,-6.3310,8.4557,83.4898,75.6790,7.8108
NLMS-PCA (K=12/12),1,period_0856,19.800000,-6.3074,8.5296,83.4661,75.6790,7.7870
NLMS-PCA (K=12/12),1,period_0856,19.853333,-6.3037,9.3028,83.4794,75.6790,7.8004
NLMS-PCA (K=12/12),1,period_0856,19.906667,-6.3730,8.8710,83.4998,75.6790,7.8207
NLMS-PCA (K=12/12),1,period_0856,19.960000,-6.1432,12.8955,83.0372,75.6790,7.3582
NLMS-PCA (K=12/12),1,period_0856,20.000000,-3.6434,6.9396,76.1936,75.6790,0.5146
NLMS-PCA (K=12/12),2,period_0916,20.013333,-5.8118,-44.4218,80.8764,76.8005,4.0759
NLMS-PCA (K=12/12),2,period_0916,20.053333,-5.8848,-2.6302,80.9495,76.8005,4.1490
NLMS-PCA (K=12/12),2,period_0916,20.106667,-5.9698,-1.9997,81.0580,76.8005,4.2575
NLMS-PCA (K=12/12),2,period_0916,20.160000,-6.0201,-1.0046,80.9588,76.8005,4.1583
NLMS-PCA (K=12/12),2,period_0916,20.200000,-6.0433,-0.7469,80.8918,76.8005,4.0913
NLMS-PCA (K=12/12),2,period_0916,20.253333,-6.0656,-0.3460,80.6284,76.8005,3.8279
NLMS-PCA (K=12/12),2,period_0916,20.306667,-6.0955,0.0757,80.6836,76.8005,3.8831
NLMS-PCA (K=12/12),2,period_0916,20.360000,-6.1131,0.4575,80.7646,76.8005,3.9641
NLMS-PCA (K=12/12),2,period_0916,20.400000,-6.1115,0.7985,80.5073,76.8005,3.7068
NLMS-PCA (K=12/12),2,period_0916,20.453333,-6.1198,0.8500,80.5020,76.8005,3.7015
NLMS-PCA (K=12/12),2,period_0916,20.506667,-6.1245,1.4758,80.5234,76.8005,3.7229
NLMS-PCA (K=12/12),2,period_0916,20.560000,-6.1239,1.1011,80.4095,76.8005,3.6090
NLMS-PCA (K=12/12),2,period_0916,20.600000,-6.1354,1.2381,80.5292,76.8005,3.7287
NLMS-PCA (K=12/12),2,period_0916,20.653333,-6.1522,0.9844,80.6771,76.8005,3.8766
NLMS-PCA (K=12/12),2,period_0916,20.706667,-6.1633,2.3611,80.8180,76.8005,4.0175
NLMS-PCA (K=12/12),2,period_0916,20.760000,-6.1683,1.5493,80.9025,76.8005,4.1021
NLMS-PCA (K=12/12),2,period_0916,20.800000,-6.3415,4.7635,80.8613,76.8005,4.0608
NLMS-PCA (K=12/12),2,period_0916,20.853333,-7.9970,7.7346,82.5813,76.8005,5.7808
NLMS-PCA (K=12/12),2,period_0916,20.906667,-11.0100,11.4232,82.4150,76.8005,5.6145
NLMS-PCA (K=12/12),2,period_0916,20.960000,-8.0769,8.5197,82.2670,76.8005,5.4665
NLMS-PCA (K=12/12),2,period_0916,21.000000,-8.3525,8.5406,78.1201,76.8005,1.3196
NLMS-PCA (K=12/12),2,period_0916,21.053333,-8.8009,7.1128,79.8435,76.8005,3.0430
NLMS-PCA (K=12/12),2,period_0916,21.106667,-8.6471,6.3955,79.3550,76.8005,2.5545
NLMS-PCA (K=12/12),2,period_0916,21.160000,-4.7130,3.9633,78.2182,76.8005,1.4177
NLMS-PCA (K=12/12),2,period_0916,21.200000,-3.9725,10.1377,77.5669,76.8005,0.7664
NLMS-PCA (K=12/12),2,period_0916,21.253333,-4.3514,6.1974,76.8503,76.8005,0.0498
NLMS-PCA (K=12/12),2,period_0916,21.306667,-3.8792,7.7097,73.4994,76.8005,-3.3011
NLMS-PCA (K=12/12),2,period_0916,21.360000,-5.8794,2.7887,84.5055,76.8005,7.7050
NLMS-PCA (K=12/12),2,period_0916,21.400000,-5.6004,2.3792,84.4299,76.8005,7.6294
NLMS-PCA (K=12/12),2,period_0916,21.453333,-6.2983,0.8132,84.4672,76.8005,7.6667
NLMS-PCA (K=12/12),2,period_0916,21.506667,-6.2448,5.0797,84.5618,76.8005,7.7613
NLMS-PCA (K=12/12),2,period_0916,21.560000,-6.2746,3.5418,84.4417,76.8005,7.6412
NLMS-PCA (K=12/12),2,period_0916,21.600000,-6.3410,3.5889,84.5302,76.8005,7.7298
NLMS-PCA (K=12/12),2,period_0916,21.653333,-6.3259,4.6547,84.5238,76.8005,7.7234
NLMS-PCA (K=12/12),2,period_0916,21.706667,-6.3839,4.0109,84.5635,76.8005,7.7630
NLMS-PCA (K=12/12),2,period_0916,21.760000,-6.3650,4.0995,84.5796,76.8005,7.7791
NLMS-PCA (K=12/12),2,period_0916,21.800000,-6.3296,4.7949,84.5558,76.8005,7.7553
NLMS-PCA (K=12/12),2,period_0916,21.853333,-6.3584,3.7642,84.5564,76.8005,7.7559
NLMS-PCA (K=12/12),2,period_0916,21.906667,-6.3294,4.4306,84.5784,76.8005,7.7779
NLMS-PCA (K=12/12),2,period_0916,21.960000,-6.3057,3.5446,84.5461,76.8005,7.7456
NLMS-PCA (K=12/12),2,period_0916,22.000000,-6.3322,3.2587,84.5548,76.8005,7.7543
NLMS-PCA (K=12/12),2,period_0916,22.053333,-6.3347,4.1201,84.5601,76.8005,7.7596
NLMS-PCA (K=12/12),2,period_0916,22.106667,-6.3281,3.9156,84.5629,76.8005,7.7624
NLMS-PCA (K=12/12),2,period_0916,22.160000,-6.3420,4.7282,84.5496,76.8005,7.7491
NLMS-PCA (K=12/12),2,period_0916,22.200000,-6.3401,2.7681,84.5432,76.8005,7.7427
NLMS-PCA (K=12/12),2,period_0916,22.253333,-6.3654,2.7084,84.5439,76.8005,7.7434
NLMS-PCA (K=12/12),2,period_0916,22.306667,-6.3917,2.8896,84.5726,76.8005,7.7721
NLMS-PCA (K=12/12),2,period_0916,22.360000,-6.3780,3.1866,84.5639,76.8005,7.7634
NLMS-PCA (K=12/12),2,period_0916,22.400000,-6.3824,4.7371,84.5635,76.8005,7.7630
NLMS-PCA (K=12/12),2,period_0916,22.453333,-6.3759,5.2938,84.5712,76.8005,7.7707
NLMS-PCA (K=12/12),2,period_0916,22.506667,-6.3482,4.2258,84.5611,76.8005,7.7606
NLMS-PCA (K=12/12),2,period_0916,22.560000,-6.1463,7.0601,84.2361,76.8005,7.4356
NLMS-PCA (K=12/12),2,period_0916,22.600000,-6.0230,9.4980,84.2582,76.8005,7.4577
NLMS-PCA (K=12/12),2,period_0916,22.653333,-5.7720,9.3769,80.6323,76.8005,3.8318
NLMS-PCA (K=12/12),2,period_0916,22.706667,-6.1712,9.2655,80.8186,76.8005,4.0181
NLMS-PCA (K=12/12),2,period_0916,22.760000,-6.7557,5.4642,81.7511,76.8005,4.9506
NLMS-PCA (K=12/12),2,period_0916,22.800000,-5.4438,3.0291,77.3722,76.8005,0.5717
NLMS-PCA (K=12/12),2,period_0916,22.853333,-6.8306,1.5334,81.6817,76.8005,4.8812
NLMS-PCA (K=12/12),2,period_0916,22.906667,-6.5819,2.0086,83.4028,76.8005,6.6023
NLMS-PCA (K=12/12),2,period_0916,22.960000,-5.7611,2.0701,84.5290,76.8005,7.7285
NLMS-PCA (K=12/12),2,period_0916,23.000000,-8.5680,5.0680,81.9168,76.8005,5.1163
NLMS-PCA (K=12/12),2,period_0916,23.053333,-12.2217,13.8938,83.7493,76.8005,6.9488
NLMS-PCA (K=12/12),2,period_0916,23.106667,-12.6098,15.9548,84.4582,76.8005,7.6577
NLMS-PCA (K=12/12),2,period_0916,23.160000,-12.5590,13.7164,83.3888,76.8005,6.5883
NLMS-PCA (K=12/12),2,period_0916,23.200000,-11.9843,10.6172,82.3878,76.8005,5.5873
NLMS-PCA (K=12/12),2,period_0916,23.253333,-12.2539,5.3380,82.5611,76.8005,5.7606
NLMS-PCA (K=12/12),2,period_0916,23.306667,-11.8579,3.7495,83.7891,76.8005,6.9886
NLMS-PCA (K=12/12),2,period_0916,23.360000,-11.8085,3.9260,83.8326,76.8005,7.0321
NLMS-PCA (K=12/12),2,period_0916,23.400000,-11.8399,3.4066,83.7265,76.8005,6.9260
NLMS-PCA (K=12/12),2,period_0916,23.453333,-11.7322,4.5037,83.6384,76.8005,6.8379
NLMS-PCA (K=12/12),2,period_0916,23.506667,-11.6486,4.4656,83.5348,76.8005,6.7343
NLMS-PCA (K=12/12),2,period_0916,23.560000,-11.7074,3.8199,83.6326,76.8005,6.8321
NLMS-PCA (K=12/12),2,period_0916,23.600000,-11.6394,4.7310,83.6020,76.8005,6.8015
NLMS-PCA (K=12/12),2,period_0916,23.653333,-11.7411,3.9970,83.7747,76.8005,6.9742
NLMS-PCA (K=12/12),2,period_0916,23.706667,-11.5907,3.5614,83.6294,76.8005,6.8289
NLMS-PCA (K=12/12),2,period_0916,23.760000,-11.5759,2.5784,83.6612,76.8005,6.8607
NLMS-PCA (K=12/12),2,period_0916,23.800000,-11.6213,3.4553,83.7767,76.8005,6.9762
NLMS-PCA (K=12/12),2,period_0916,23.853333,-11.5650,2.4951,83.7374,76.8005,6.9369
NLMS-PCA (K=12/12),2,period_0916,23.906667,-11.5549,3.0235,83.7604,76.8005,6.9599
NLMS-PCA (K=12/12),2,period_0916,23.960000,-11.5426,4.4911,83.7454,76.8005,6.9449
NLMS-PCA (K=12/12),2,period_0916,24.000000,-11.5190,4.0198,83.7278,76.8005,6.9273
NLMS-PCA (K=12/12),2,period_0916,24.053333,-11.4840,12.8406,83.4822,76.8005,6.6817
NLMS-PCA (K=12/12),2,period_0916,24.106667,-10.4178,8.5043,83.1242,76.8005,6.3238
NLMS-PCA (K=12/12),2,period_0916,24.160000,-8.3926,8.4021,77.4579,76.8005,0.6574
NLMS-PCA (K=12/12),2,period_0916,24.200000,-8.8266,7.6145,79.8032,76.8005,3.0027
NLMS-PCA (K=12/12),2,period_0916,24.253333,-7.3792,8.2768,78.9934,76.8005,2.1929
NLMS-PCA (K=12/12),2,period_0916,24.306667,-7.7576,9.2298,80.7691,76.8005,3.9686
NLMS-PCA (K=12/12),2,period_0916,24.360000,-7.4917,3.1143,81.0045,76.8005,4.2040
NLMS-PCA (K=12/12),2,period_0916,24.400000,-6.0424,4.6348,77.2716,76.8005,0.4711
NLMS-PCA (K=12/12),2,period_0916,24.453333,-5.4986,6.2598,77.3259,76.8005,0.5254
NLMS-PCA (K=12/12),2,period_0916,24.506667,-4.9988,9.9982,76.9265,76.8005,0.1260
NLMS-PCA (K=12/12),2,period_0916,24.560000,-3.8392,7.1646,80.7113,76.8005,3.9108
NLMS-PCA (K=12/12),2,period_0916,24.600000,-3.3007,5.1376,80.0711,76.8005,3.2706
NLMS-PCA (K=12/12),2,period_0916,24.653333,-2.2177,4.8455,77.7236,76.8005,0.9231
NLMS-PCA (K=12/12),2,period_0916,24.706667,-3.8299,-0.5748,79.6699,76.8005,2.8694
NLMS-PCA (K=12/12),2,period_0916,24.760000,-4.7923,1.7353,80.0028,76.8005,3.2023
NLMS-PCA (K=12/12),2,period_0916,24.800000,-4.6023,3.1213,79.6536,76.8005,2.8531
NLMS-PCA (K=12/12),2,period_0916,24.853333,-6.2099,2.1318,86.1709,76.8005,9.3704
NLMS-PCA (K=12/12),2,period_0916,24.906667,-10.1281,10.8995,81.3030,76.8005,4.5025
NLMS-PCA (K=12/12),2,period_0916,24.960000,-11.8648,13.6673,81.2891,76.8005,4.4886
NLMS-PCA (K=12/12),2,period_0916,25.000000,-11.3980,14.1062,80.9736,76.8005,4.1731
NLMS-PCA (K=12/12),2,period_0916,25.053333,-12.2563,12.2588,81.6406,76.8005,4.8401
NLMS-PCA (K=12/12),2,period_0916,25.106667,-11.6872,5.2300,83.1519,76.8005,6.3515
NLMS-PCA (K=12/12),2,period_0916,25.160000,-11.4218,3.2418,83.0231,76.8005,6.2226
NLMS-PCA (K=12/12),2,period_0916,25.200000,-11.5354,4.1471,83.1311,76.8005,6.3306
NLMS-PCA (K=12/12),2,period_0916,25.253333,-11.6647,4.8835,83.4727,76.8005,6.6722
NLMS-PCA (K=12/12),2,period_0916,25.306667,-11.5555,3.3459,83.3229,76.8005,6.5224
NLMS-PCA (K=12/12),2,period_0916,25.360000,-11.8069,3.5153,83.9671,76.8005,7.1666
NLMS-PCA (K=12/12),2,period_0916,25.400000,-11.7052,3.0356,83.7102,76.8005,6.9097
NLMS-PCA (K=12/12),2,period_0916,25.453333,-11.6073,4.2096,83.6698,76.8005,6.8693
NLMS-PCA (K=12/12),2,period_0916,25.506667,-11.6299,3.7125,83.7716,76.8005,6.9711
NLMS-PCA (K=12/12),2,period_0916,25.560000,-11.5504,4.6646,83.6623,76.8005,6.8618
NLMS-PCA (K=12/12),2,period_0916,25.600000,-11.6343,4.6046,83.8240,76.8005,7.0235
NLMS-PCA (K=12/12),2,period_0916,25.653333,-11.6163,3.6723,83.7759,76.8005,6.9754
NLMS-PCA (K=12/12),2,period_0916,25.706667,-11.5434,4.0270,83.7200,76.8005,6.9195
NLMS-PCA (K=12/12),2,period_0916,25.760000,-11.6253,3.8863,83.8625,76.8005,7.0620
NLMS-PCA (K=12/12),2,period_0916,25.800000,-11.5858,3.1125,83.8148,76.8005,7.0143
NLMS-PCA (K=12/12),2,period_0916,25.853333,-12.5101,12.8848,83.9253,76.8005,7.1248
NLMS-PCA (K=12/12),2,period_0916,25.906667,-6.7331,10.7471,80.4812,76.8005,3.6807
NLMS-PCA (K=12/12),2,period_0916,25.960000,-5.3464,7.3726,79.2821,76.8005,2.4816
NLMS-PCA (K=12/12),2,period_0916,26.000000,-3.0890,10.0144,76.4210,76.8005,-0.3795
NLMS-PCA (K=12/12),2,period_0916,26.053333,-1.3032,7.7067,72.0729,76.8005,-4.7276
NLMS-PCA (K=12/12),2,period_0916,26.106667,-2.5733,8.7937,75.4928,76.8005,-1.3077
NLMS-PCA (K=12/12),2,period_0916,26.160000,-3.9950,8.5250,72.1565,76.8005,-4.6440
NLMS-PCA (K=12/12),2,period_0916,26.200000,-4.0618,4.4798,73.3343,76.8005,-3.4662
NLMS-PCA (K=12/12),2,period_0916,26.253333,-7.7587,7.2220,83.4782,76.8005,6.6777
NLMS-PCA (K=12/12),2,period_0916,26.306667,-6.3668,7.0587,80.4825,76.8005,3.6820
NLMS-PCA (K=12/12),2,period_0916,26.360000,-7.2694,4.8658,79.2441,76.8005,2.4436
NLMS-PCA (K=12/12),2,period_0916,26.400000,-7.8548,4.0659,83.0053,76.8005,6.2048
NLMS-PCA (K=12/12),2,period_0916,26.453333,-7.0683,6.2995,79.6147,76.8005,2.8142
NLMS-PCA (K=12/12),2,period_0916,26.506667,-7.6758,4.8000,81.4929,76.8005,4.6924
NLMS-PCA (K=12/12),2,period_0916,26.560000,-6.4368,4.9800,78.2961,76.8005,1.4956
NLMS-PCA (K=12/12),2,period_0916,26.600000,-6.5499,8.2610,80.7039,76.8005,3.9035
NLMS-PCA (K=12/12),2,period_0916,26.653333,-5.7376,9.7670,80.4983,76.8005,3.6978
NLMS-PCA (K=12/12),2,period_0916,26.706667,-5.1380,7.7050,81.7594,76.8005,4.9589
NLMS-PCA (K=12/12),2,period_0916,26.760000,-4.4133,7.0308,79.8179,76.8005,3.0174
NLMS-PCA (K=12/12),2,period_0916,26.800000,-3.5106,8.4837,76.2027,76.8005,-0.5977
NLMS-PCA (K=12/12),2,period_0916,26.853333,-2.7342,1.7359,80.5156,76.8005,3.7151
NLMS-PCA (K=12/12),2,period_0916,26.906667,-2.7432,3.8590,80.6374,76.8005,3.8369
NLMS-PCA (K=12/12),2,period_0916,26.960000,-3.2276,3.9768,81.3756,76.8005,4.5751
NLMS-PCA (K=12/12),2,period_0916,27.000000,-3.2304,4.7536,81.1488,76.8005,4.3483
NLMS-PCA (K=12/12),2,period_0916,27.053333,-6.6303,3.1279,78.1741,76.8005,1.3736
NLMS-PCA (K=12/12),2,period_0916,27.106667,-10.9210,11.4089,81.5777,76.8005,4.7772
NLMS-PCA (K=12/12),2,period_0916,27.160000,-11.4655,11.6199,81.3778,76.8005,4.5773
NLMS-PCA (K=12/12),2,period_0916,27.200000,-11.0863,4.1413,83.6602,76.8005,6.8597
NLMS-PCA (K=12/12),2,period_0916,27.253333,-8.9282,2.9948,79.0668,76.8005,2.2663
NLMS-PCA (K=12/12),2,period_0916,27.306667,-7.5095,6.2745,77.8923,76.8005,1.0918
NLMS-PCA (K=12/12),2,period_0916,27.360000,-7.6732,7.3694,78.6068,76.8005,1.8063
NLMS-PCA (K=12/12),2,period_0916,27.400000,-7.7900,4.5057,81.0241,76.8005,4.2236
NLMS-PCA (K=12/12),2,period_0916,27.453333,-7.5141,3.9939,80.1337,76.8005,3.3332
NLMS-PCA (K=12/12),2,period_0916,27.506667,-7.2311,8.4372,79.1094,76.8005,2.3089
NLMS-PCA (K=12/12),2,period_0916,27.560000,-7.4468,5.8732,79.9578,76.8005,3.1573
NLMS-PCA (K=12/12),2,period_0916,27.600000,-6.1681,2.2366,78.7121,76.8005,1.9116
NLMS-PCA (K=12/12),2,period_0916,27.653333,-2.3295,2.3945,79.4342,76.8005,2.6337
NLMS-PCA (K=12/12),2,period_0916,27.706667,-1.7139,7.5865,78.0205,76.8005,1.2200
NLMS-PCA (K=12/12),2,period_0916,27.760000,-2.1621,5.7230,78.9497,76.8005,2.1492
NLMS-PCA (K=12/12),2,period_0916,27.800000,-2.4890,5.2698,79.1827,76.8005,2.3822
NLMS-PCA (K=12/12),2,period_0916,27.853333,-2.7316,8.1010,79.0924,76.8005,2.2919
NLMS-PCA (K=12/12),2,period_0916,27.906667,-2.7706,10.7002,79.1047,76.8005,2.3043
NLMS-PCA (K=12/12),2,period_0916,27.960000,-2.6427,8.8838,78.8294,76.8005,2.0289
NLMS-PCA (K=12/12),2,period_0916,28.000000,-2.7305,7.7805,79.3161,76.8005,2.5156
NLMS-PCA (K=12/12),2,period_0916,28.053333,-2.3069,7.3696,77.1424,76.8005,0.3419
NLMS-PCA (K=12/12),2,period_0916,28.106667,-1.4439,3.5223,71.2118,76.8005,-5.5887
NLMS-PCA (K=12/12),2,period_0916,28.160000,-4.1459,3.7995,80.2761,76.8005,3.4756
NLMS-PCA (K=12/12),2,period_0916,28.200000,-4.2112,7.4224,79.7422,76.8005,2.9417
NLMS-PCA (K=12/12),2,period_0916,28.253333,-4.1775,9.0880,78.0037,76.8005,1.2032
NLMS-PCA (K=12/12),2,period_0916,28.306667,-4.0594,9.8118,77.4015,76.8005,0.6010
NLMS-PCA (K=12/12),2,period_0916,28.360000,-3.6757,14.8016,74.5596,76.8005,-2.2409
NLMS-PCA (K=12/12),2,period_0916,28.400000,-3.6078,10.4365,77.4306,76.8005,0.6301
NLMS-PCA (K=12/12),2,period_0916,28.453333,-4.0228,7.2260,78.2725,76.8005,1.4720
NLMS-PCA (K=12/12),2,period_0916,28.506667,-4.2717,7.3737,80.4056,76.8005,3.6051
NLMS-PCA (K=12/12),2,period_0916,28.560000,-4.0713,9.8380,80.7920,76.8005,3.9915
NLMS-PCA (K=12/12),2,period_0916,28.600000,-3.9373,10.2697,80.5389,76.8005,3.7384
NLMS-PCA (K=12/12),2,period_0916,28.653333,-3.6362,10.5859,77.9990,76.8005,1.1985
NLMS-PCA (K=12/12),2,period_0916,28.706667,-3.3589,10.8638,77.9276,76.8005,1.1271
NLMS-PCA (K=12/12),2,period_0916,28.760000,-2.9201,8.2276,76.0520,76.8005,-0.7485
NLMS-PCA (K=12/12),2,period_0916,28.800000,-2.7505,8.1207,76.4155,76.8005,-0.3850
NLMS-PCA (K=12/12),2,period_0916,28.853333,-3.1468,6.8313,79.7670,76.8005,2.9665
NLMS-PCA (K=12/12),2,period_0916,28.906667,-1.9349,10.5074,72.8592,76.8005,-3.9413
NLMS-PCA (K=12/12),2,period_0916,28.960000,-3.5572,7.6365,75.9718,76.8005,-0.8287
NLMS-PCA (K=12/12),2,period_0916,29.000000,-4.6249,0.0364,80.9104,76.8005,4.1099
NLMS-PCA (K=12/12),2,period_0916,29.053333,-4.7355,0.6099,80.5279,76.8005,3.7274
NLMS-PCA (K=12/12),2,period_0916,29.106667,-5.1505,2.0355,81.0400,76.8005,4.2395
NLMS-PCA (K=12/12),2,period_0916,29.160000,-5.1771,3.7032,81.0153,76.8005,4.2148
NLMS-PCA (K=12/12),2,period_0916,29.200000,-5.2279,5.7200,81.0764,76.8005,4.2759
NLMS-PCA (K=12/12),2,period_0916,29.253333,-5.1877,3.1639,80.9865,76.8005,4.1860
NLMS-PCA (K=12/12),2,period_0916,29.306667,-4.9573,3.8757,80.8329,76.8005,4.0325
NLMS-PCA (K=12/12),2,period_0916,29.360000,-4.8678,3.5348,80.8038,76.8005,4.0033
NLMS-PCA (K=12/12),2,period_0916,29.400000,-5.0105,3.6608,80.8066,76.8005,4.0061
NLMS-PCA (K=12/12),2,period_0916,29.453333,-5.0198,5.7967,80.8074,76.8005,4.0069
NLMS-PCA (K=12/12),2,period_0916,29.506667,-4.9933,4.5462,80.7897,76.8005,3.9892
NLMS-PCA (K=12/12),2,period_0916,29.560000,-5.1252,7.5968,80.8933,76.8005,4.0928
NLMS-PCA (K=12/12),2,period_0916,29.600000,-5.1991,6.1925,80.9607,76.8005,4.1602
NLMS-PCA (K=12/12),2,period_0916,29.653333,-5.3107,5.2136,81.0725,76.8005,4.2720
NLMS-PCA (K=12/12),2,period_0916,29.706667,-5.4139,5.6673,81.1057,76.8005,4.3052
NLMS-PCA (K=12/12),2,period_0916,29.760000,-5.4270,4.5357,81.1738,76.8005,4.3733
NLMS-PCA (K=12/12),2,period_0916,29.800000,-5.4036,2.8904,81.1595,76.8005,4.3590
NLMS-PCA (K=12/12),2,period_0916,29.853333,-5.4297,3.1921,81.1833,76.8005,4.3828
NLMS-PCA (K=12/12),2,period_0916,29.906667,-5.3914,4.2332,81.1829,76.8005,4.3824
NLMS-PCA (K=12/12),2,period_0916,29.960000,-5.0580,9.1721,81.2704,76.8005,4.4699
NLMS-PCA (K=12/12),2,period_0916,30.000000,-4.1419,7.0417,78.1508,76.8005,1.3503
NLMS-PCA (K=12/12),3,period_0943,30.013333,-2.6912,-39.2673,70.8514,67.9790,2.8724
NLMS-PCA (K=12/12),3,period_0943,30.053333,-2.7130,-0.2236,70.8333,67.9790,2.8542
NLMS-PCA (K=12/12),3,period_0943,30.106667,-2.7351,0.7357,70.8060,67.9790,2.8270
NLMS-PCA (K=12/12),3,period_0943,30.160000,-2.7531,1.3282,70.7797,67.9790,2.8007
NLMS-PCA (K=12/12),3,period_0943,30.200000,-2.7658,2.0788,70.7623,67.9790,2.7832
NLMS-PCA (K=12/12),3,period_0943,30.253333,-2.7756,2.5614,70.7424,67.9790,2.7634
NLMS-PCA (K=12/12),3,period_0943,30.306667,-2.7884,2.3529,70.7340,67.9790,2.7550
NLMS-PCA (K=12/12),3,period_0943,30.360000,-2.8027,2.7768,70.7358,67.9790,2.7567
NLMS-PCA (K=12/12),3,period_0943,30.400000,-2.8072,4.1030,70.7237,67.9790,2.7447
NLMS-PCA (K=12/12),3,period_0943,30.453333,-2.8149,4.0115,70.7138,67.9790,2.7347
NLMS-PCA (K=12/12),3,period_0943,30.506667,-2.8219,3.9035,70.7105,67.9790,2.7314
NLMS-PCA (K=12/12),3,period_0943,30.560000,-2.8268,4.3070,70.7074,67.9790,2.7284
NLMS-PCA (K=12/12),3,period_0943,30.600000,-2.8319,5.2670,70.7118,67.9790,2.7327
NLMS-PCA (K=12/12),3,period_0943,30.653333,-2.8407,4.0146,70.7101,67.9790,2.7310
NLMS-PCA (K=12/12),3,period_0943,30.706667,-2.8527,4.9490,70.7140,67.9790,2.7349
NLMS-PCA (K=12/12),3,period_0943,30.760000,-2.8633,4.8909,70.7192,67.9790,2.7401
NLMS-PCA (K=12/12),3,period_0943,30.800000,-2.9109,6.5518,70.7730,67.9790,2.7940
NLMS-PCA (K=12/12),3,period_0943,30.853333,-3.9482,5.8462,71.9817,67.9790,4.0027
NLMS-PCA (K=12/12),3,period_0943,30.906667,-7.5475,8.5663,76.1994,67.9790,8.2203
NLMS-PCA (K=12/12),3,period_0943,30.960000,-7.6807,6.0328,76.3698,67.9790,8.3907
NLMS-PCA (K=12/12),3,period_0943,31.000000,-7.6279,6.7136,76.4055,67.9790,8.4265
NLMS-PCA (K=12/12),3,period_0943,31.053333,-7.5243,4.9027,76.1443,67.9790,8.1653
NLMS-PCA (K=12/12),3,period_0943,31.106667,-5.5264,4.9723,73.3992,67.9790,5.4201
NLMS-PCA (K=12/12),3,period_0943,31.160000,-4.6917,7.4815,72.9390,67.9790,4.9599
NLMS-PCA (K=12/12),3,period_0943,31.200000,-4.2624,7.8779,73.2982,67.9790,5.3192
NLMS-PCA (K=12/12),3,period_0943,31.253333,-4.3059,8.1530,73.9119,67.9790,5.9329
NLMS-PCA (K=12/12),3,period_0943,31.306667,-3.2370,7.9242,69.0255,67.9790,1.0464
NLMS-PCA (K=12/12),3,period_0943,31.360000,-4.9666,-2.4546,73.3804,67.9790,5.4014
NLMS-PCA (K=12/12),3,period_0943,31.400000,-5.3092,3.6206,73.5693,67.9790,5.5903
NLMS-PCA (K=12/12),3,period_0943,31.453333,-5.4230,4.9452,73.6663,67.9790,5.6872
NLMS-PCA (K=12/12),3,period_0943,31.506667,-5.5303,6.9660,73.7645,67.9790,5.7855
NLMS-PCA (K=12/12),3,period_0943,31.560000,-5.5585,6.7206,73.7668,67.9790,5.7877
NLMS-PCA (K=12/12),3,period_0943,31.600000,-5.6017,6.3680,73.8187,67.9790,5.8397
NLMS-PCA (K=12/12),3,period_0943,31.653333,-5.6114,7.4605,73.8135,67.9790,5.8345
NLMS-PCA (K=12/12),3,period_0943,31.706667,-5.6321,6.2733,73.8303,67.9790,5.8512
NLMS-PCA (K=12/12),3,period_0943,31.760000,-5.6613,6.5052,73.8505,67.9790,5.8714
NLMS-PCA (K=12/12),3,period_0943,31.800000,-5.6675,6.7679,73.8438,67.9790,5.8647
NLMS-PCA (K=12/12),3,period_0943,31.853333,-5.6789,6.2961,73.8510,67.9790,5.8720
NLMS-PCA (K=12/12),3,period_0943,31.906667,-5.6875,6.2082,73.8493,67.9790,5.8702
NLMS-PCA (K=12/12),3,period_0943,31.960000,-5.6934,6.0893,73.8436,67.9790,5.8645
NLMS-PCA (K=12/12),3,period_0943,32.000000,-5.7031,5.7094,73.8502,67.9790,5.8712
NLMS-PCA (K=12/12),3,period_0943,32.053333,-5.7138,6.1379,73.8575,67.9790,5.8785
NLMS-PCA (K=12/12),3,period_0943,32.106667,-5.7198,6.2392,73.8617,67.9790,5.8827
NLMS-PCA (K=12/12),3,period_0943,32.160000,-5.7318,6.3539,73.8681,67.9790,5.8891
NLMS-PCA (K=12/12),3,period_0943,32.200000,-5.7362,4.9164,73.8672,67.9790,5.8881
NLMS-PCA (K=12/12),3,period_0943,32.253333,-5.7470,5.5882,73.8753,67.9790,5.8963
NLMS-PCA (K=12/12),3,period_0943,32.306667,-5.7639,5.2495,73.8998,67.9790,5.9207
NLMS-PCA (K=12/12),3,period_0943,32.360000,-5.7658,5.0371,73.8939,67.9790,5.9149
NLMS-PCA (K=12/12),3,period_0943,32.400000,-5.7732,6.4788,73.9001,67.9790,5.9210
NLMS-PCA (K=12/12),3,period_0943,32.453333,-5.7763,7.3990,73.8987,67.9790,5.9197
NLMS-PCA (K=12/12),3,period_0943,32.506667,-5.7816,5.7205,73.9000,67.9790,5.9209
NLMS-PCA (K=12/12),3,period_0943,32.560000,-5.8305,14.3339,73.9764,67.9790,5.9973
NLMS-PCA (K=12/12),3,period_0943,32.600000,-5.5484,10.7574,73.6177,67.9790,5.6386
NLMS-PCA (K=12/12),3,period_0943,32.653333,-5.7498,7.9805,73.9862,67.9790,6.0071
NLMS-PCA (K=12/12),3,period_0943,32.706667,-5.7424,8.0428,73.6489,67.9790,5.6699
NLMS-PCA (K=12/12),3,period_0943,32.760000,-4.6165,7.4486,71.9914,67.9790,4.0123
NLMS-PCA (K=12/12),3,period_0943,32.800000,-5.4995,2.4807,73.0858,67.9790,5.1068
NLMS-PCA (K=12/12),3,period_0943,32.853333,-7.5469,1.4986,76.1436,67.9790,8.1645
NLMS-PCA (K=12/12),3,period_0943,32.906667,-7.2064,4.8567,75.9266,67.9790,7.9475
NLMS-PCA (K=12/12),3,period_0943,32.960000,-6.5083,4.0363,75.3527,67.9790,7.3736
NLMS-PCA (K=12/12),3,period_0943,33.000000,-9.1765,6.2032,75.9287,67.9790,7.9497
NLMS-PCA (K=12/12),3,period_0943,33.053333,-8.5150,12.8172,79.1564,67.9790,11.1773
NLMS-PCA (K=12/12),3,period_0943,33.106667,-8.4811,13.1556,77.3887,67.9790,9.4097
NLMS-PCA (K=12/12),3,period_0943,33.160000,-8.5517,11.5659,77.3773,67.9790,9.3983
NLMS-PCA (K=12/12),3,period_0943,33.200000,-8.7395,9.7190,77.0636,67.9790,9.0846
NLMS-PCA (K=12/12),3,period_0943,33.253333,-8.6267,8.0120,76.6468,67.9790,8.6677
NLMS-PCA (K=12/12),3,period_0943,33.306667,-8.7438,6.9123,76.5872,67.9790,8.6082
NLMS-PCA (K=12/12),3,period_0943,33.360000,-8.7318,7.2503,76.4517,67.9790,8.4726
NLMS-PCA (K=12/12),3,period_0943,33.400000,-8.8289,6.0884,76.4955,67.9790,8.5164
NLMS-PCA (K=12/12),3,period_0943,33.453333,-8.8028,7.7614,76.4024,67.9790,8.4234
NLMS-PCA (K=12/12),3,period_0943,33.506667,-8.8129,6.1395,76.3524,67.9790,8.3733
NLMS-PCA (K=12/12),3,period_0943,33.560000,-8.9065,4.8991,76.4089,67.9790,8.4298
NLMS-PCA (K=12/12),3,period_0943,33.600000,-8.8896,6.2545,76.3504,67.9790,8.3714
NLMS-PCA (K=12/12),3,period_0943,33.653333,-8.9471,6.4137,76.3405,67.9790,8.3615
NLMS-PCA (K=12/12),3,period_0943,33.706667,-8.9573,5.1263,76.2994,67.9790,8.3204
NLMS-PCA (K=12/12),3,period_0943,33.760000,-8.9518,5.7324,76.2567,67.9790,8.2777
NLMS-PCA (K=12/12),3,period_0943,33.800000,-8.9464,6.3526,76.2429,67.9790,8.2638
NLMS-PCA (K=12/12),3,period_0943,33.853333,-8.9555,5.1398,76.2197,67.9790,8.2407
NLMS-PCA (K=12/12),3,period_0943,33.906667,-8.9631,5.4615,76.2079,67.9790,8.2288
NLMS-PCA (K=12/12),3,period_0943,33.960000,-8.9717,6.6432,76.2044,67.9790,8.2254
NLMS-PCA (K=12/12),3,period_0943,34.000000,-8.9968,4.5298,76.2004,67.9790,8.2213
NLMS-PCA (K=12/12),3,period_0943,34.053333,-9.3035,11.1919,76.3692,67.9790,8.3901
NLMS-PCA (K=12/12),3,period_0943,34.106667,-9.4913,2.1858,77.6686,67.9790,9.6896
NLMS-PCA (K=12/12),3,period_0943,34.160000,-8.4657,6.2712,78.6981,67.9790,10.7190
NLMS-PCA (K=12/12),3,period_0943,34.200000,-8.5750,10.0353,78.5578,67.9790,10.5788
NLMS-PCA (K=12/12),3,period_0943,34.253333,-7.9897,9.4538,77.8438,67.9790,9.8647
NLMS-PCA (K=12/12),3,period_0943,34.306667,-8.2373,8.6808,76.8917,67.9790,8.9127
NLMS-PCA (K=12/12),3,period_0943,34.360000,-7.8614,3.6040,74.3122,67.9790,6.3331
NLMS-PCA (K=12/12),3,period_0943,34.400000,-7.2989,5.3588,72.7442,67.9790,4.7651
NLMS-PCA (K=12/12),3,period_0943,34.453333,-7.3911,6.5730,73.9160,67.9790,5.9370
NLMS-PCA (K=12/12),3,period_0943,34.506667,-7.7129,6.9574,74.2917,67.9790,6.3127
NLMS-PCA (K=12/12),3,period_0943,34.560000,-7.3859,5.8088,74.3400,67.9790,6.3609
NLMS-PCA (K=12/12),3,period_0943,34.600000,-7.4509,6.0726,74.4198,67.9790,6.4407
NLMS-PCA (K=12/12),3,period_0943,34.653333,-7.1398,6.8736,74.2011,67.9790,6.2220
NLMS-PCA (K=12/12),3,period_0943,34.706667,-6.9254,0.2314,77.4014,67.9790,9.4224
NLMS-PCA (K=12/12),3,period_0943,34.760000,-8.6494,1.9326,78.5748,67.9790,10.5958
NLMS-PCA (K=12/12),3,period_0943,34.800000,-8.5222,4.2352,78.3270,67.9790,10.3479
NLMS-PCA (K=12/12),3,period_0943,34.853333,-9.6359,3.6197,78.6105,67.9790,10.6314
NLMS-PCA (K=12/12),3,period_0943,34.906667,-9.7197,10.5702,78.6310,67.9790,10.6520
NLMS-PCA (K=12/12),3,period_0943,34.960000,-9.3391,11.7024,78.3260,67.9790,10.3469
NLMS-PCA (K=12/12),3,period_0943,35.000000,-9.0867,11.5585,78.1063,67.9790,10.1273
NLMS-PCA (K=12/12),3,period_0943,35.053333,-8.9146,10.4595,77.4311,67.9790,9.4521
NLMS-PCA (K=12/12),3,period_0943,35.106667,-8.6392,7.0088,76.7199,67.9790,8.7408
NLMS-PCA (K=12/12),3,period_0943,35.160000,-8.7170,6.2654,76.5409,67.9790,8.5619
NLMS-PCA (K=12/12),3,period_0943,35.200000,-8.7851,6.6561,76.4995,67.9790,8.5205
NLMS-PCA (K=12/12),3,period_0943,35.253333,-8.7306,7.4049,76.3786,67.9790,8.3996
NLMS-PCA (K=12/12),3,period_0943,35.306667,-8.7849,6.5559,76.3524,67.9790,8.3734
NLMS-PCA (K=12/12),3,period_0943,35.360000,-8.7535,5.9931,76.3029,67.9790,8.3238
NLMS-PCA (K=12/12),3,period_0943,35.400000,-8.8337,4.7344,76.2670,67.9790,8.2880
NLMS-PCA (K=12/12),3,period_0943,35.453333,-8.8117,6.7415,76.1956,67.9790,8.2166
NLMS-PCA (K=12/12),3,period_0943,35.506667,-8.8572,6.4815,76.2018,67.9790,8.2227
NLMS-PCA (K=12/12),3,period_0943,35.560000,-8.8474,6.8519,76.1604,67.9790,8.1813
NLMS-PCA (K=12/12),3,period_0943,35.600000,-8.8592,6.3352,76.1593,67.9790,8.1802
NLMS-PCA (K=12/12),3,period_0943,35.653333,-8.9019,5.4787,76.1666,67.9790,8.1875
NLMS-PCA (K=12/12),3,period_0943,35.706667,-8.8763,6.5809,76.1271,67.9790,8.1481
NLMS-PCA (K=12/12),3,period_0943,35.760000,-8.9186,4.8040,76.1517,67.9790,8.1727
NLMS-PCA (K=12/12),3,period_0943,35.800000,-8.9311,5.2032,76.1435,67.9790,8.1645
NLMS-PCA (K=12/12),3,period_0943,35.853333,-9.8763,9.7826,76.3916,67.9790,8.4125
NLMS-PCA (K=12/12),3,period_0943,35.906667,-9.8600,6.9243,76.5412,67.9790,8.5621
NLMS-PCA (K=12/12),3,period_0943,35.960000,-8.8425,4.8993,75.5844,67.9790,7.6053
NLMS-PCA (K=12/12),3,period_0943,36.000000,-7.7617,5.4449,75.8299,67.9790,7.8509
NLMS-PCA (K=12/12),3,period_0943,36.053333,-7.5038,5.4936,74.5328,67.9790,6.5538
NLMS-PCA (K=12/12),3,period_0943,36.106667,-7.9279,4.2074,74.2532,67.9790,6.2742
NLMS-PCA (K=12/12),3,period_0943,36.160000,-4.7435,2.6639,69.0988,67.9790,1.1197
NLMS-PCA (K=12/12),3,period_0943,36.200000,-6.5815,0.7872,72.6261,67.9790,4.6471
NLMS-PCA (K=12/12),3,period_0943,36.253333,-8.5595,9.4103,73.5241,67.9790,5.5451
NLMS-PCA (K=12/12),3,period_0943,36.306667,-8.8315,1.3690,74.2898,67.9790,6.3107
NLMS-PCA (K=12/12),3,period_0943,36.360000,-7.8668,3.7896,75.7031,67.9790,7.7241
NLMS-PCA (K=12/12),3,period_0943,36.400000,-7.3046,3.3105,73.0830,67.9790,5.1039
NLMS-PCA (K=12/12),3,period_0943,36.453333,-7.0792,6.1881,72.9715,67.9790,4.9924
NLMS-PCA (K=12/12),3,period_0943,36.506667,-5.6785,5.9732,71.3394,67.9790,3.3603
NLMS-PCA (K=12/12),3,period_0943,36.560000,-5.9057,3.1507,71.4005,67.9790,3.4215
NLMS-PCA (K=12/12),3,period_0943,36.600000,-5.5388,13.1946,71.1297,67.9790,3.1506
NLMS-PCA (K=12/12),3,period_0943,36.653333,-5.5314,11.1089,71.1046,67.9790,3.1256
NLMS-PCA (K=12/12),3,period_0943,36.706667,-5.9492,6.8988,71.4366,67.9790,3.4576
NLMS-PCA (K=12/12),3,period_0943,36.760000,-6.3429,6.8640,71.7172,67.9790,3.7382
NLMS-PCA (K=12/12),3,period_0943,36.800000,-6.1239,4.3542,72.0840,67.9790,4.1049
NLMS-PCA (K=12/12),3,period_0943,36.853333,-5.5212,3.5889,72.3184,67.9790,4.3393
NLMS-PCA (K=12/12),3,period_0943,36.906667,-5.5493,4.6767,72.2232,67.9790,4.2441
NLMS-PCA (K=12/12),3,period_0943,36.960000,-5.0679,6.9909,71.2275,67.9790,3.2485
NLMS-PCA (K=12/12),3,period_0943,37.000000,-4.7499,6.7779,70.9262,67.9790,2.9472
NLMS-PCA (K=12/12),3,period_0943,37.053333,-6.2606,5.4951,68.5483,67.9790,0.5693
NLMS-PCA (K=12/12),3,period_0943,37.106667,-8.8306,11.0869,76.5111,67.9790,8.5320
NLMS-PCA (K=12/12),3,period_0943,37.160000,-9.4525,10.6670,78.0212,67.9790,10.0421
NLMS-PCA (K=12/12),3,period_0943,37.200000,-9.1699,0.8627,76.8420,67.9790,8.8630
NLMS-PCA (K=12/12),3,period_0943,37.253333,-8.1817,1.1850,76.4690,67.9790,8.4900
NLMS-PCA (K=12/12),3,period_0943,37.306667,-7.6477,4.9748,75.9004,67.9790,7.9214
NLMS-PCA (K=12/12),3,period_0943,37.360000,-7.8052,5.5501,75.9208,67.9790,7.9418
NLMS-PCA (K=12/12),3,period_0943,37.400000,-7.8817,7.4675,75.3682,67.9790,7.3892
NLMS-PCA (K=12/12),3,period_0943,37.453333,-7.9360,8.4038,75.9658,67.9790,7.9867
NLMS-PCA (K=12/12),3,period_0943,37.506667,-7.4524,8.6689,75.4906,67.9790,7.5116
NLMS-PCA (K=12/12),3,period_0943,37.560000,-7.4611,3.5128,74.9073,67.9790,6.9283
NLMS-PCA (K=12/12),3,period_0943,37.600000,-6.7678,3.7016,74.2277,67.9790,6.2487
NLMS-PCA (K=12/12),3,period_0943,37.653333,-5.8121,5.7727,73.0023,67.9790,5.0233
NLMS-PCA (K=12/12),3,period_0943,37.706667,-5.8894,8.9001,73.0736,67.9790,5.0946
NLMS-PCA (K=12/12),3,period_0943,37.760000,-6.0851,7.0508,73.3823,67.9790,5.4032
NLMS-PCA (K=12/12),3,period_0943,37.800000,-5.9877,6.3804,73.1712,67.9790,5.1922
NLMS-PCA (K=12/12),3,period_0943,37.853333,-5.5439,8.6799,72.5026,67.9790,4.5235
NLMS-PCA (K=12/12),3,period_0943,37.906667,-5.5959,9.5002,72.2525,67.9790,4.2734
NLMS-PCA (K=12/12),3,period_0943,37.960000,-5.2922,9.8528,71.8979,67.9790,3.9189
NLMS-PCA (K=12/12),3,period_0943,38.000000,-5.3719,11.8600,71.9920,67.9790,4.0130
NLMS-PCA (K=12/12),3,period_0943,38.053333,-4.6342,9.5452,70.7631,67.9790,2.7840
NLMS-PCA (K=12/12),3,period_0943,38.106667,-4.9937,2.9131,74.3671,67.9790,6.3881
NLMS-PCA (K=12/12),3,period_0943,38.160000,-5.7210,6.0785,73.4473,67.9790,5.4682
NLMS-PCA (K=12/12),3,period_0943,38.200000,-5.4349,10.1696,73.0134,67.9790,5.0344
NLMS-PCA (K=12/12),3,period_0943,38.253333,-5.1805,10.5157,72.6818,67.9790,4.7027
NLMS-PCA (K=12/12),3,period_0943,38.306667,-4.9941,8.8721,72.4015,67.9790,4.4225
NLMS-PCA (K=12/12),3,period_0943,38.360000,-4.8226,9.7585,72.3732,67.9790,4.3941
NLMS-PCA (K=12/12),3,period_0943,38.400000,-4.6975,7.3012,71.9359,67.9790,3.9568
NLMS-PCA (K=12/12),3,period_0943,38.453333,-4.5997,7.0155,72.0608,67.9790,4.0818
NLMS-PCA (K=12/12),3,period_0943,38.506667,-4.8294,7.0776,72.4341,67.9790,4.4550
NLMS-PCA (K=12/12),3,period_0943,38.560000,-4.5809,10.6169,72.0583,67.9790,4.0792
NLMS-PCA (K=12/12),3,period_0943,38.600000,-4.4496,12.1799,71.8242,67.9790,3.8452
NLMS-PCA (K=12/12),3,period_0943,38.653333,-4.3089,10.5133,71.7340,67.9790,3.7549
NLMS-PCA (K=12/12),3,period_0943,38.706667,-4.2207,10.5443,71.9158,67.9790,3.9367
NLMS-PCA (K=12/12),3,period_0943,38.760000,-4.3186,9.4096,72.0047,67.9790,4.0257
NLMS-PCA (K=12/12),3,period_0943,38.800000,-4.2282,7.3566,71.8822,67.9790,3.9031
NLMS-PCA (K=12/12),3,period_0943,38.853333,-4.2843,10.9450,71.7119,67.9790,3.7328
NLMS-PCA (K=12/12),3,period_0943,38.906667,-3.2962,12.1911,70.2923,67.9790,2.3133
NLMS-PCA (K=12/12),3,period_0943,38.960000,-3.4783,6.1501,71.3321,67.9790,3.3531
NLMS-PCA (K=12/12),3,period_0943,39.000000,-3.9234,1.1516,71.6360,67.9790,3.6570
NLMS-PCA (K=12/12),3,period_0943,39.053333,-3.8978,3.0469,71.6218,67.9790,3.6428
NLMS-PCA (K=12/12),3,period_0943,39.106667,-4.1018,4.4897,71.6891,67.9790,3.7100
NLMS-PCA (K=12/12),3,period_0943,39.160000,-4.1736,6.7021,71.7177,67.9790,3.7387
NLMS-PCA (K=12/12),3,period_0943,39.200000,-4.2983,5.3536,71.8053,67.9790,3.8262
NLMS-PCA (K=12/12),3,period_0943,39.253333,-4.3580,4.3880,71.7745,67.9790,3.7954
NLMS-PCA (K=12/12),3,period_0943,39.306667,-4.3676,5.6784,71.7300,67.9790,3.7509
NLMS-PCA (K=12/12),3,period_0943,39.360000,-4.3789,5.7019,71.7061,67.9790,3.7270
NLMS-PCA (K=12/12),3,period_0943,39.400000,-4.3994,6.8090,71.7022,67.9790,3.7231
NLMS-PCA (K=12/12),3,period_0943,39.453333,-4.4181,7.5379,71.7028,67.9790,3.7237
NLMS-PCA (K=12/12),3,period_0943,39.506667,-4.4497,6.5745,71.6813,67.9790,3.7023
NLMS-PCA (K=12/12),3,period_0943,39.560000,-4.5103,7.4890,71.6752,67.9790,3.6961
NLMS-PCA (K=12/12),3,period_0943,39.600000,-4.5579,7.3111,71.7520,67.9790,3.7729
NLMS-PCA (K=12/12),3,period_0943,39.653333,-4.5897,7.0175,71.7839,67.9790,3.8049
NLMS-PCA (K=12/12),3,period_0943,39.706667,-4.6367,8.5648,71.7591,67.9790,3.7800
NLMS-PCA (K=12/12),3,period_0943,39.760000,-4.6571,5.7771,71.8040,67.9790,3.8250
NLMS-PCA (K=12/12),3,period_0943,39.800000,-4.6500,5.9624,71.7488,67.9790,3.7698
NLMS-PCA (K=12/12),3,period_0943,39.853333,-4.6766,5.8180,71.7791,67.9790,3.8001
NLMS-PCA (K=12/12),3,period_0943,39.906667,-4.6837,6.4640,71.7812,67.9790,3.8022
NLMS-PCA (K=12/12),3,period_0943,39.960000,-4.7600,3.1017,72.3725,67.9790,4.3934
NLMS-PCA (K=12/12),3,period_0943,40.000000,-4.3503,2.1725,73.7151,67.9790,5.7360
