algorithm,epoch_index,condition_id,t_s,misalignment_db,erle_db
PEMAFC-F,0,period_0884,0.000667,-0.0000,0.0000
PEMAFC-F,0,period_0884,0.050000,0.0011,0.0030
PEMAFC-F,0,period_0884,0.100000,0.0022,0.0122
PEMAFC-F,0,period_0884,0.150000,0.0034,0.0176
PEMAFC-F,0,period_0884,0.200000,0.0028,0.0228
PEMAFC-F,0,period_0884,0.250000,0.0033,0.0319
PEMAFC-F,0,period_0884,0.300000,0.0030,0.0485
PEMAFC-F,0,period_0884,0.350000,0.0042,0.0592
PEMAFC-F,0,period_0884,0.400000,0.0052,0.0627
PEMAFC-F,0,period_0884,0.450000,0.0059,0.0704
PEMAFC-F,0,period_0884,0.500000,0.0070,0.0878
PEMAFC-F,0,period_0884,0.550000,0.0074,0.0729
PEMAFC-F,0,period_0884,0.600000,0.0087,0.0914
PEMAFC-F,0,period_0884,0.650000,0.0083,0.1090
PEMAFC-F,0,period_0884,0.700000,0.0081,0.1265
PEMAFC-F,0,period_0884,0.750000,0.0084,0.1161
PEMAFC-F,0,period_0884,0.800000,0.0087,0.1098
PEMAFC-F,0,period_0884,0.850000,0.0101,0.1354
PEMAFC-F,0,period_0884,0.900000,0.0111,0.1307
PEMAFC-F,0,period_0884,0.950000,0.0128,0.1581
PEMAFC-F,0,period_0884,1.000000,0.0145,0.1514
PEMAFC-F,0,period_0884,1.050000,0.0158,0.1536
PEMAFC-F,0,period_0884,1.100000,0.0172,0.1764
PEMAFC-F,0,period_0884,1.150000,0.0185,0.1615
PEMAFC-F,0,period_0884,1.200000,0.0198,0.1895
PEMAFC-F,0,period_0884,1.250000,0.0203,0.2126
PEMAFC-F,0,period_0884,1.300000,0.0208,0.1952
PEMAFC-F,0,period_0884,1.350000,0.0217,0.2118
PEMAFC-F,0,period_0884,1.400000,0.0229,0.2278
PEMAFC-F,0,period_0884,1.450000,0.0246,0.2127
PEMAFC-F,0,period_0884,1.500000,0.0258,0.2103
PEMAFC-F,0,period_0884,1.550000,0.0262,0.1754
PEMAFC-F,0,period_0884,1.600000,0.0272,0.2613
PEMAFC-F,0,period_0884,1.650000,0.0276,0.2866
PEMAFC-F,0,period_0884,1.700000,0.0291,0.2721
PEMAFC-F,0,period_0884,1.750000,0.0298,0.2813
PEMAFC-F,0,period_0884,1.800000,0.0303,0.3064
PEMAFC-F,0,period_0884,1.850000,0.0319,0.3074
PEMAFC-F,0,period_0884,1.900000,0.0330,0.3196
PEMAFC-F,0,period_0884,1.950000,0.0350,0.3061
PEMAFC-F,0,period_0884,2.000000,0.0350,0.2964
PEMAFC-F,0,period_0884,2.050000,0.0366,0.3564
PEMAFC-F,0,period_0884,2.100000,0.0379,0.3546
PEMAFC-F,0,period_0884,2.150000,0.0399,0.3325
PEMAFC-F,0,period_0884,2.200000,0.0405,0.3605
PEMAFC-F,0,period_0884,2.250000,0.0411,0.3721
PEMAFC-F,0,period_0884,2.300000,0.0429,0.3122
PEMAFC-F,0,period_0884,2.350000,0.0446,0.3282
PEMAFC-F,0,period_0884,2.400000,0.0460,0.3316
PEMAFC-F,0,period_0884,2.450000,0.0479,0.3691
PEMAFC-F,0,period_0884,2.500000,0.0490,0.3827
PEMAFC-F,0,period_0884,2.550000,0.0497,0.3963
PEMAFC-F,0,period_0884,2.600000,0.0514,0.3843
PEMAFC-F,0,period_0884,2.650000,0.0532,0.4292
PEMAFC-F,0,period_0884,2.700000,0.0541,0.4528
PEMAFC-F,0,period_0884,2.750000,0.0557,0.4421
PEMAFC-F,0,period_0884,2.800000,0.0566,0.4553
PEMAFC-F,0,period_0884,2.850000,0.0574,0.4422
PEMAFC-F,0,period_0884,2.900000,0.0589,0.4424
PEMAFC-F,0,period_0884,2.950000,0.0605,0.5487
PEMAFC-F,0,period_0884,3.000000,0.0617,0.5468
PEMAFC-F,0,period_0884,3.050000,0.0639,0.4780
PEMAFC-F,0,period_0884,3.100000,0.0653,0.4393
PEMAFC-F,0,period_0884,3.150000,0.0662,0.5186
PEMAFC-F,0,period_0884,3.200000,0.0674,0.5479
PEMAFC-F,0,period_0884,3.250000,0.0688,0.5550
PEMAFC-F,0,period_0884,3.300000,0.0695,0.5174
PEMAFC-F,0,period_0884,3.350000,0.0711,0.4963
PEMAFC-F,0,period_0884,3.400000,0.0729,0.5574
PEMAFC-F,0,period_0884,3.450000,0.0746,0.4905
PEMAFC-F,0,period_0884,3.500000,0.0763,0.4893
PEMAFC-F,0,period_0884,3.550000,0.0784,0.6098
PEMAFC-F,0,period_0884,3.600000,0.0806,0.5769
PEMAFC-F,0,period_0884,3.650000,0.0818,0.5057
PEMAFC-F,0,period_0884,3.700000,0.0832,0.6088
PEMAFC-F,0,period_0884,3.750000,0.0848,0.5730
PEMAFC-F,0,period_0884,3.800000,0.0860,0.6773
PEMAFC-F,0,period_0884,3.850000,0.0871,0.6524
PEMAFC-F,0,period_0884,3.900000,0.0883,0.6669
PEMAFC-F,0,period_0884,3.950000,0.0902,0.5293
PEMAFC-F,0,period_0884,4.000000,0.0919,0.6222
PEMAFC-F,0,period_0884,4.050000,0.0938,0.6510
PEMAFC-F,0,period_0884,4.100000,0.0944,0.6592
PEMAFC-F,0,period_0884,4.150000,0.0961,0.6982
PEMAFC-F,0,period_0884,4.200000,0.0973,0.7154
PEMAFC-F,0,period_0884,4.250000,0.0989,0.6602
PEMAFC-F,0,period_0884,4.300000,0.1002,0.5933
PEMAFC-F,0,period_0884,4.350000,0.1019,0.7060
PEMAFC-F,0,period_0884,4.400000,0.1035,0.6624
PEMAFC-F,0,period_0884,4.450000,0.1052,0.6079
PEMAFC-F,0,period_0884,4.500000,0.1063,0.6228
PEMAFC-F,0,period_0884,4.550000,0.1085,0.7091
PEMAFC-F,0,period_0884,4.600000,0.1106,0.7114
PEMAFC-F,0,period_0884,4.650000,0.1117,0.6070
PEMAFC-F,0,period_0884,4.700000,0.1136,0.5931
PEMAFC-F,0,period_0884,4.750000,0.1158,0.7691
PEMAFC-F,0,period_0884,4.800000,0.1178,0.5996
PEMAFC-F,0,period_0884,4.850000,0.1194,0.6741
PEMAFC-F,0,period_0884,4.900000,0.1204,0.8444
PEMAFC-F,0,period_0884,4.950000,0.1218,0.8471
PEMAFC-F,0,period_0884,5.000000,0.1241,0.6852
PEMAFC-F,0,period_0884,5.050000,0.1256,0.7619
PEMAFC-F,0,period_0884,5.100000,0.1282,0.7892
PEMAFC-F,0,period_0884,5.150000,0.1300,0.7322
PEMAFC-F,0,period_0884,5.200000,0.1319,0.7936
PEMAFC-F,0,period_0884,5.250000,0.1338,0.7939
PEMAFC-F,0,period_0884,5.300000,0.1359,0.7137
PEMAFC-F,0,period_0884,5.350000,0.1371,0.7773
PEMAFC-F,0,period_0884,5.400000,0.1389,0.7514
PEMAFC-F,0,period_0884,5.450000,0.1403,0.7576
PEMAFC-F,0,period_0884,5.500000,0.1417,0.9314
PEMAFC-F,0,period_0884,5.550000,0.1434,0.7547
PEMAFC-F,0,period_0884,5.600000,0.1463,0.7987
PEMAFC-F,0,period_0884,5.650000,0.1484,0.8688
PEMAFC-F,0,period_0884,5.700000,0.1502,0.8108
PEMAFC-F,0,period_0884,5.750000,0.1519,0.5924
PEMAFC-F,0,period_0884,5.800000,0.1541,0.8546
PEMAFC-F,0,period_0884,5.850000,0.1558,0.8121
PEMAFC-F,0,period_0884,5.900000,0.1572,0.6944
PEMAFC-F,0,period_0884,5.950000,0.1596,0.8885
PEMAFC-F,0,period_0884,6.000000,0.1606,0.9080
PEMAFC-F,0,period_0884,6.050000,0.1620,0.8104
PEMAFC-F,0,period_0884,6.100000,0.1650,0.9545
PEMAFC-F,0,period_0884,6.150000,0.1676,0.8916
PEMAFC-F,0,period_0884,6.200000,0.1695,0.9444
PEMAFC-F,0,period_0884,6.250000,0.1719,0.9330
PEMAFC-F,0,period_0884,6.300000,0.1740,0.7823
PEMAFC-F,0,period_0884,6.350000,0.1757,0.8300
PEMAFC-F,0,period_0884,6.400000,0.1776,0.9105
PEMAFC-F,0,period_0884,6.450000,0.1797,0.8828
PEMAFC-F,0,period_0884,6.500000,0.1817,0.9383
PEMAFC-F,0,period_0884,6.550000,0.1839,1.0737
PEMAFC-F,0,period_0884,6.600000,0.1862,1.0309
PEMAFC-F,0,period_0884,6.650000,0.1885,1.0626
PEMAFC-F,0,period_0884,6.700000,0.1907,0.9313
PEMAFC-F,0,period_0884,6.750000,0.1932,0.8549
PEMAFC-F,0,period_0884,6.800000,0.1960,1.0550
PEMAFC-F,0,period_0884,6.850000,0.1981,0.8803
PEMAFC-F,0,period_0884,6.900000,0.2005,0.8568
PEMAFC-F,0,period_0884,6.950000,0.2028,1.0339
PEMAFC-F,0,period_0884,7.000000,0.2053,1.0494
PEMAFC-F,0,period_0884,7.050000,0.2073,0.9465
PEMAFC-F,0,period_0884,7.100000,0.2091,1.1143
PEMAFC-F,0,period_0884,7.150000,0.2112,1.0468
PEMAFC-F,0,period_0884,7.200000,0.2137,1.0156
PEMAFC-F,0,period_0884,7.250000,0.2152,0.8270
PEMAFC-F,0,period_0884,7.300000,0.2174,0.9378
PEMAFC-F,0,period_0884,7.350000,0.2188,0.9802
PEMAFC-F,0,period_0884,7.400000,0.2211,1.2121
PEMAFC-F,0,period_0884,7.450000,0.2225,1.0243
PEMAFC-F,0,period_0884,7.500000,0.2242,1.2070
PEMAFC-F,0,period_0884,7.550000,0.2259,1.0405
PEMAFC-F,0,period_0884,7.600000,0.2271,0.8433
PEMAFC-F,0,period_0884,7.650000,0.2302,1.3347
PEMAFC-F,0,period_0884,7.700000,0.2319,1.2036
PEMAFC-F,0,period_0884,7.750000,0.2344,1.2756
PEMAFC-F,0,period_0884,7.800000,0.2366,1.0866
PEMAFC-F,0,period_0884,7.850000,0.2389,1.0226
PEMAFC-F,0,period_0884,7.900000,0.2410,1.0946
PEMAFC-F,0,period_0884,7.950000,0.2440,1.0644
PEMAFC-F,0,period_0884,8.000000,0.2463,1.0076
PEMAFC-F,0,period_0884,8.050000,0.2477,1.1450
PEMAFC-F,0,period_0884,8.100000,0.2496,1.0017
PEMAFC-F,0,period_0884,8.150000,0.2517,1.1415
PEMAFC-F,0,period_0884,8.200000,0.2546,1.2249
PEMAFC-F,0,period_0884,8.250000,0.2563,1.0182
PEMAFC-F,0,period_0884,8.300000,0.2593,1.2454
PEMAFC-F,0,period_0884,8.350000,0.2612,1.2216
PEMAFC-F,0,period_0884,8.400000,0.2636,1.2094
PEMAFC-F,0,period_0884,8.450000,0.2665,1.2324
PEMAFC-F,0,period_0884,8.500000,0.2686,1.3906
PEMAFC-F,0,period_0884,8.550000,0.2711,1.2704
PEMAFC-F,0,period_0884,8.600000,0.2735,1.2219
PEMAFC-F,0,period_0884,8.650000,0.2751,1.0428
PEMAFC-F,0,period_0884,8.700000,0.2773,1.3243
PEMAFC-F,0,period_0884,8.750000,0.2793,1.1877
PEMAFC-F,0,period_0884,8.800000,0.2810,1.0452
PEMAFC-F,0,period_0884,8.850000,0.2835,1.0972
PEMAFC-F,0,period_0884,8.900000,0.2858,1.2801
PEMAFC-F,0,period_0884,8.950000,0.2884,1.1317
PEMAFC-F,0,period_0884,9.000000,0.2900,1.3173
PEMAFC-F,0,period_0884,9.050000,0.2929,1.3371
PEMAFC-F,0,period_0884,9.100000,0.2949,1.0613
PEMAFC-F,0,period_0884,9.150000,0.2970,1.1992
PEMAFC-F,0,period_0884,9.200000,0.2996,1.4732
PEMAFC-F,0,period_0884,9.250000,0.3020,1.5072
PEMAFC-F,0,period_0884,9.300000,0.3039,1.3002
PEMAFC-F,0,period_0884,9.350000,0.3060,1.5291
PEMAFC-F,0,period_0884,9.400000,0.3086,1.3764
PEMAFC-F,0,period_0884,9.450000,0.3106,1.1850
PEMAFC-F,0,period_0884,9.500000,0.3137,1.1736
PEMAFC-F,0,period_0884,9.550000,0.3158,1.2526
PEMAFC-F,0,period_0884,9.600000,0.3180,1.2347
PEMAFC-F,0,period_0884,9.650000,0.3196,1.2009
PEMAFC-F,0,period_0884,9.700000,0.3210,1.3570
PEMAFC-F,0,period_0884,9.750000,0.3237,1.3016
PEMAFC-F,0,period_0884,9.800000,0.3260,1.1764
PEMAFC-F,0,period_0884,9.850000,0.3278,1.1986
PEMAFC-F,0,period_0884,9.900000,0.3298,1.0478
PEMAFC-F,0,period_0884,9.950000,0.3317,1.5757
PEMAFC-F,0,period_0884,10.000000,0.3335,1.4158
PEMAFC-F,0,period_0884,10.050000,0.3355,1.0643
PEMAFC-F,0,period_0884,10.100000,0.3379,1.3825
PEMAFC-F,0,period_0884,10.150000,0.3402,1.6555
PEMAFC-F,0,period_0884,10.200000,0.3426,1.1474
PEMAFC-F,0,period_0884,10.250000,0.3443,1.3423
PEMAFC-F,0,period_0884,10.300000,0.3462,1.1848
PEMAFC-F,0,period_0884,10.350000,0.3483,1.4059
PEMAFC-F,0,period_0884,10.400000,0.3505,1.3816
PEMAFC-F,0,period_0884,10.450000,0.3524,1.6202
PEMAFC-F,0,period_0884,10.500000,0.3547,1.4442
PEMAFC-F,0,period_0884,10.550000,0.3562,1.4735
PEMAFC-F,0,period_0884,10.600000,0.3588,1.4611
PEMAFC-F,0,period_0884,10.650000,0.3614,1.2666
PEMAFC-F,0,period_0884,10.700000,0.3636,1.4415
PEMAFC-F,0,period_0884,10.750000,0.3657,1.7625
PEMAFC-F,0,period_0884,10.800000,0.3684,1.5069
PEMAFC-F,0,period_0884,10.850000,0.3708,1.7091
PEMAFC-F,0,period_0884,10.900000,0.3729,1.6014
PEMAFC-F,0,period_0884,10.950000,0.3748,1.4058
PEMAFC-F,0,period_0884,11.000000,0.3774,1.5743
PEMAFC-F,0,period_0884,11.050000,0.3798,1.5876
PEMAFC-F,0,period_0884,11.100000,0.3819,1.6350
PEMAFC-F,0,period_0884,11.150000,0.3838,1.2694
PEMAFC-F,0,period_0884,11.200000,0.3857,1.5114
PEMAFC-F,0,period_0884,11.250000,0.3879,1.5304
PEMAFC-F,0,period_0884,11.300000,0.3905,1.6639
PEMAFC-F,0,period_0884,11.350000,0.3927,1.7588
PEMAFC-F,0,period_0884,11.400000,0.3948,1.2927
PEMAFC-F,0,period_0884,11.450000,0.3968,1.5582
PEMAFC-F,0,period_0884,11.500000,0.3988,1.5292
PEMAFC-F,0,period_0884,11.550000,0.4010,1.5071
PEMAFC-F,0,period_0884,11.600000,0.4033,1.4342
PEMAFC-F,0,period_0884,11.650000,0.4062,1.5391
PEMAFC-F,0,period_0884,11.700000,0.4082,1.6247
PEMAFC-F,0,period_0884,11.750000,0.4102,1.5417
PEMAFC-F,0,period_0884,11.800000,0.4128,1.6729
PEMAFC-F,0,period_0884,11.850000,0.4152,1.3629
PEMAFC-F,0,period_0884,11.900000,0.4179,1.5937
PEMAFC-F,0,period_0884,11.950000,0.4208,1.5497
PEMAFC-F,0,period_0884,12.000000,0.4237,1.5261
PEMAFC-F,0,period_0884,12.050000,0.4259,1.6515
PEMAFC-F,0,period_0884,12.100000,0.4280,1.7058
PEMAFC-F,0,period_0884,12.150000,0.4313,1.6639
PEMAFC-F,0,period_0884,12.200000,0.4338,1.6862
PEMAFC-F,0,period_0884,12.250000,0.4366,1.7469
PEMAFC-F,0,period_0884,12.300000,0.4394,1.8015
PEMAFC-F,0,period_0884,12.350000,0.4413,1.6779
PEMAFC-F,0,period_0884,12.400000,0.4433,1.8102
PEMAFC-F,0,period_0884,12.450000,0.4449,1.6066
PEMAFC-F,0,period_0884,12.500000,0.4472,1.6082
PEMAFC-F,0,period_0884,12.550000,0.4493,1.9349
PEMAFC-F,0,period_0884,12.600000,0.4517,1.6497
PEMAFC-F,0,period_0884,12.650000,0.4534,1.7141
PEMAFC-F,0,period_0884,12.700000,0.4557,1.8151
PEMAFC-F,0,period_0884,12.750000,0.4582,1.8318
PEMAFC-F,0,period_0884,12.800000,0.4604,1.5956
PEMAFC-F,0,period_0884,12.850000,0.4628,1.8626
PEMAFC-F,0,period_0884,12.900000,0.4653,1.6917
PEMAFC-F,0,period_0884,12.950000,0.4677,1.4703
PEMAFC-F,0,period_0884,13.000000,0.4699,1.9032
PEMAFC-F,0,period_0884,13.050000,0.4720,1.6848
PEMAFC-F,0,period_0884,13.100000,0.4742,1.8189
PEMAFC-F,0,period_0884,13.150000,0.4765,1.6927
PEMAFC-F,0,period_0884,13.200000,0.4785,1.7301
PEMAFC-F,0,period_0884,13.250000,0.4805,1.7373
PEMAFC-F,0,period_0884,13.300000,0.4829,1.5558
PEMAFC-F,0,period_0884,13.350000,0.4858,1.6920
PEMAFC-F,0,period_0884,13.400000,0.4880,1.9048
PEMAFC-F,0,period_0884,13.450000,0.4903,1.4872
PEMAFC-F,0,period_0884,13.500000,0.4929,1.5725
PEMAFC-F,0,period_0884,13.550000,0.4956,1.7155
PEMAFC-F,0,period_0884,13.600000,0.4980,1.7967
PEMAFC-F,0,period_0884,13.650000,0.5008,1.5237
PEMAFC-F,0,period_0884,13.700000,0.5032,1.7994
PEMAFC-F,0,period_0884,13.750000,0.5050,1.5491
PEMAFC-F,0,period_0884,13.800000,0.5074,1.9422
PEMAFC-F,0,period_0884,13.850000,0.5095,1.4940
PEMAFC-F,0,period_0884,13.900000,0.5120,2.1670
PEMAFC-F,0,period_0884,13.950000,0.5147,1.6641
PEMAFC-F,0,period_0884,14.000000,0.5169,1.7209
PEMAFC-F,0,period_0884,14.050000,0.5187,1.7013
PEMAFC-F,0,period_0884,14.100000,0.5213,2.0376
PEMAFC-F,0,period_0884,14.150000,0.5233,1.7031
PEMAFC-F,0,period_0884,14.200000,0.5254,1.6077
PEMAFC-F,0,period_0884,14.250000,0.5281,2.0114
PEMAFC-F,0,period_0884,14.300000,0.5304,1.8169
PEMAFC-F,0,period_0884,14.350000,0.5325,1.6770
PEMAFC-F,0,period_0884,14.400000,0.5344,2.0851
PEMAFC-F,0,period_0884,14.450000,0.5368,1.7797
PEMAFC-F,0,period_0884,14.500000,0.5394,1.8824
PEMAFC-F,0,period_0884,14.550000,0.5413,1.8351
PEMAFC-F,0,period_0884,14.600000,0.5442,1.9844
PEMAFC-F,0,period_0884,14.650000,0.5471,2.1686
PEMAFC-F,0,period_0884,14.700000,0.5500,2.0014
PEMAFC-F,0,period_0884,14.750000,0.5523,1.6633
PEMAFC-F,0,period_0884,14.800000,0.5548,2.0178
PEMAFC-F,0,period_0884,14.850000,0.5571,2.1322
PEMAFC-F,0,period_0884,14.900000,0.5594,1.7745
PEMAFC-F,0,period_0884,14.950000,0.5621,1.9414
PEMAFC-F,0,period_0884,15.000000,0.5645,1.7984
PEMAFC-F,0,period_0884,15.050000,0.5663,1.6807
PEMAFC-F,0,period_0884,15.100000,0.5689,1.7726
PEMAFC-F,0,period_0884,15.150000,0.5709,1.7432
PEMAFC-F,0,period_0884,15.200000,0.5739,1.8086
PEMAFC-F,0,period_0884,15.250000,0.5764,2.1785
PEMAFC-F,0,period_0884,15.300000,0.5783,1.8433
PEMAFC-F,0,period_0884,15.350000,0.5809,1.6240
PEMAFC-F,0,period_0884,15.400000,0.5828,2.0188
PEMAFC-F,0,period_0884,15.450000,0.5850,1.8450
PEMAFC-F,0,period_0884,15.500000,0.5870,2.1327
PEMAFC-F,0,period_0884,15.550000,0.5893,1.7158
PEMAFC-F,0,period_0884,15.600000,0.5914,1.8351
PEMAFC-F,0,period_0884,15.650000,0.5939,1.5922
PEMAFC-F,0,period_0884,15.700000,0.5958,1.7489
PEMAFC-F,0,period_0884,15.750000,0.5985,2.0993
PEMAFC-F,0,period_0884,15.800000,0.6008,2.1466
PEMAFC-F,0,period_0884,15.850000,0.6031,2.0110
PEMAFC-F,0,period_0884,15.900000,0.6050,1.9186
PEMAFC-F,0,period_0884,15.950000,0.6074,1.9565
PEMAFC-F,0,period_0884,16.000000,0.6096,1.8122
PEMAFC-F,0,period_0884,16.050000,0.6117,1.9500
PEMAFC-F,0,period_0884,16.100000,0.6137,1.6002
PEMAFC-F,0,period_0884,16.150000,0.6165,1.9657
PEMAFC-F,0,period_0884,16.200000,0.6191,2.3720
PEMAFC-F,0,period_0884,16.250000,0.6216,1.9754
PEMAFC-F,0,period_0884,16.300000,0.6249,2.0739
PEMAFC-F,0,period_0884,16.350000,0.6278,2.0129
PEMAFC-F,0,period_0884,16.400000,0.6297,2.2598
PEMAFC-F,0,period_0884,16.450000,0.6318,1.5275
PEMAFC-F,0,period_0884,16.500000,0.6338,1.9850
PEMAFC-F,0,period_0884,16.550000,0.6363,2.2309
PEMAFC-F,0,period_0884,16.600000,0.6381,2.1057
PEMAFC-F,0,period_0884,16.650000,0.6402,1.6389
PEMAFC-F,0,period_0884,16.700000,0.6423,2.0172
PEMAFC-F,0,period_0884,16.750000,0.6449,1.8335
PEMAFC-F,0,period_0884,16.800000,0.6471,2.2989
PEMAFC-F,0,period_0884,16.850000,0.6490,2.0446
PEMAFC-F,0,period_0884,16.900000,0.6512,2.2146
PEMAFC-F,0,period_0884,16.950000,0.6537,1.8624
PEMAFC-F,0,period_0884,17.000000,0.6566,2.3646
PEMAFC-F,0,period_0884,17.050000,0.6589,2.0158
PEMAFC-F,0,period_0884,17.100000,0.6610,2.1949
PEMAFC-F,0,period_0884,17.150000,0.6636,2.0385
PEMAFC-F,0,period_0884,17.200000,0.6659,1.9883
PEMAFC-F,0,period_0884,17.250000,0.6686,2.1556
PEMAFC-F,0,period_0884,17.300000,0.6714,2.2168
PEMAFC-F,0,period_0884,17.350000,0.6734,2.3409
PEMAFC-F,0,period_0884,17.400000,0.6759,2.4309
PEMAFC-F,0,period_0884,17.450000,0.6783,2.2559
PEMAFC-F,0,period_0884,17.500000,0.6807,2.2613
PEMAFC-F,0,period_0884,17.550000,0.6826,2.2442
PEMAFC-F,0,period_0884,17.600000,0.6850,2.1137
PEMAFC-F,0,period_0884,17.650000,0.6871,2.2030
PEMAFC-F,0,period_0884,17.700000,0.6891,2.3481
PEMAFC-F,0,period_0884,17.750000,0.6918,2.0784
PEMAFC-F,0,period_0884,17.800000,0.6945,2.1838
PEMAFC-F,0,period_0884,17.850000,0.6971,1.9616
PEMAFC-F,0,period_0884,17.900000,0.6990,1.8865
PEMAFC-F,0,period_0884,17.950000,0.7014,2.2205
PEMAFC-F,0,period_0884,18.000000,0.7036,2.1747
PEMAFC-F,0,period_0884,18.050000,0.7055,1.8155
PEMAFC-F,0,period_0884,18.100000,0.7076,1.2689
PEMAFC-F,0,period_0884,18.150000,0.7101,2.2527
PEMAFC-F,0,period_0884,18.200000,0.7120,2.5414
PEMAFC-F,0,period_0884,18.250000,0.7142,1.9402
PEMAFC-F,0,period_0884,18.300000,0.7167,2.1120
PEMAFC-F,0,period_0884,18.350000,0.7195,2.0892
PEMAFC-F,0,period_0884,18.400000,0.7216,2.5777
PEMAFC-F,0,period_0884,18.450000,0.7238,2.0230
PEMAFC-F,0,period_0884,18.500000,0.7258,2.0848
PEMAFC-F,0,period_0884,18.550000,0.7283,2.1700
PEMAFC-F,0,period_0884,18.600000,0.7304,2.0494
PEMAFC-F,0,period_0884,18.650000,0.7329,2.3582
PEMAFC-F,0,period_0884,18.700000,0.7352,2.1786
PEMAFC-F,0,period_0884,18.750000,0.7375,2.0994
PEMAFC-F,0,period_0884,18.800000,0.7396,2.1631
PEMAFC-F,0,period_0884,18.850000,0.7415,2.2215
PEMAFC-F,0,period_0884,18.900000,0.7442,2.1758
PEMAFC-F,0,period_0884,18.950000,0.7462,2.2882
PEMAFC-F,0,period_0884,19.000000,0.7485,2.4765
PEMAFC-F,0,period_0884,19.050000,0.7511,2.4105
PEMAFC-F,0,period_0884,19.100000,0.7532,2.5152
PEMAFC-F,0,period_0884,19.150000,0.7552,1.9213
PEMAFC-F,0,period_0884,19.200000,0.7574,2.4686
PEMAFC-F,0,period_0884,19.250000,0.7595,2.0139
PEMAFC-F,0,period_0884,19.300000,0.7621,2.2450
PEMAFC-F,0,period_0884,19.350000,0.7641,2.3393
PEMAFC-F,0,period_0884,19.400000,0.7671,2.5553
PEMAFC-F,0,period_0884,19.450000,0.7690,2.1237
PEMAFC-F,0,period_0884,19.500000,0.7713,2.1261
PEMAFC-F,0,period_0884,19.550000,0.7737,2.1423
PEMAFC-F,0,period_0884,19.600000,0.7757,2.0872
PEMAFC-F,0,period_0884,19.650000,0.7775,1.9521
PEMAFC-F,0,period_0884,19.700000,0.7795,2.4911
PEMAFC-F,0,period_0884,19.750000,0.7816,2.7796
PEMAFC-F,0,period_0884,19.800000,0.7835,1.9396
PEMAFC-F,0,period_0884,19.850000,0.7858,2.1821
PEMAFC-F,0,period_0884,19.900000,0.7882,2.3924
PEMAFC-F,0,period_0884,19.950000,0.7909,2.0959
PEMAFC-F,0,period_0884,20.000000,0.7931,2.1904
PEMAFC-F,1,period_0339,20.000667,2.6841,-24.1850
PEMAFC-F,1,period_0339,20.050000,2.6803,0.0687
PEMAFC-F,1,period_0339,20.100000,2.6773,0.6057
PEMAFC-F,1,period_0339,20.150000,2.6737,0.6604
PEMAFC-F,1,period_0339,20.200000,2.6704,0.7787
PEMAFC-F,1,period_0339,20.250000,2.6662,0.6209
PEMAFC-F,1,period_0339,20.300000,2.6627,0.5556
PEMAFC-F,1,period_0339,20.350000,2.6603,0.7803
PEMAFC-F,1,period_0339,20.400000,2.6573,0.6439
PEMAFC-F,1,period_0339,20.450000,2.6544,0.7162
PEMAFC-F,1,period_0339,20.500000,2.6513,0.6607
PEMAFC-F,1,period_0339,20.550000,2.6483,0.5748
PEMAFC-F,1,period_0339,20.600000,2.6455,0.7436
PEMAFC-F,1,period_0339,20.650000,2.6430,0.9414
PEMAFC-F,1,period_0339,20.700000,2.6406,0.9113
PEMAFC-F,1,period_0339,20.750000,2.6367,0.6128
PEMAFC-F,1,period_0339,20.800000,2.6338,0.8074
PEMAFC-F,1,period_0339,20.850000,2.6305,0.7686
PEMAFC-F,1,period_0339,20.900000,2.6282,0.7550
PEMAFC-F,1,period_0339,20.950000,2.6255,0.9229
PEMAFC-F,1,period_0339,21.000000,2.6229,0.9277
PEMAFC-F,1,period_0339,21.050000,2.6197,0.6878
PEMAFC-F,1,period_0339,21.100000,2.6172,0.6390
PEMAFC-F,1,period_0339,21.150000,2.6142,0.8115
PEMAFC-F,1,period_0339,21.200000,2.6105,0.6177
PEMAFC-F,1,period_0339,21.250000,2.6076,1.0218
PEMAFC-F,1,period_0339,21.300000,2.6055,0.9596
PEMAFC-F,1,period_0339,21.350000,2.6033,0.9392
PEMAFC-F,1,period_0339,21.400000,2.6005,0.9146
PEMAFC-F,1,period_0339,21.450000,2.5974,0.7894
PEMAFC-F,1,period_0339,21.500000,2.5948,0.7931
PEMAFC-F,1,period_0339,21.550000,2.5928,0.9284
PEMAFC-F,1,period_0339,21.600000,2.5905,0.8683
PEMAFC-F,1,period_0339,21.650000,2.5879,0.7622
PEMAFC-F,1,period_0339,21.700000,2.5858,0.9030
PEMAFC-F,1,period_0339,21.750000,2.5833,0.7054
PEMAFC-F,1,period_0339,21.800000,2.5810,0.8439
PEMAFC-F,1,period_0339,21.850000,2.5784,0.6509
PEMAFC-F,1,period_0339,21.900000,2.5756,0.9102
PEMAFC-F,1,period_0339,21.950000,2.5732,1.1325
PEMAFC-F,1,period_0339,22.000000,2.5708,1.0660
PEMAFC-F,1,period_0339,22.050000,2.5684,0.7180
PEMAFC-F,1,period_0339,22.100000,2.5658,0.9103
PEMAFC-F,1,period_0339,22.150000,2.5626,1.0537
PEMAFC-F,1,period_0339,22.200000,2.5595,0.9700
PEMAFC-F,1,period_0339,22.250000,2.5572,0.9491
PEMAFC-F,1,period_0339,22.300000,2.5553,1.0659
PEMAFC-F,1,period_0339,22.350000,2.5529,1.0788
PEMAFC-F,1,period_0339,22.400000,2.5508,0.8215
PEMAFC-F,1,period_0339,22.450000,2.5481,0.7259
PEMAFC-F,1,period_0339,22.500000,2.5461,0.9104
PEMAFC-F,1,period_0339,22.550000,2.5439,0.9004
PEMAFC-F,1,period_0339,22.600000,2.5416,1.1713
PEMAFC-F,1,period_0339,22.650000,2.5390,0.9561
PEMAFC-F,1,period_0339,22.700000,2.5362,0.9016
PEMAFC-F,1,period_0339,22.750000,2.5341,1.2223
PEMAFC-F,1,period_0339,22.800000,2.5319,1.2391
PEMAFC-F,1,period_0339,22.850000,2.5296,0.9720
PEMAFC-F,1,period_0339,22.900000,2.5275,0.9426
PEMAFC-F,1,period_0339,22.950000,2.5254,0.8214
PEMAFC-F,1,period_0339,23.000000,2.5234,1.3262
PEMAFC-F,1,period_0339,23.050000,2.5222,1.3776
PEMAFC-F,1,period_0339,23.100000,2.5203,0.9084
PEMAFC-F,1,period_0339,23.150000,2.5188,1.0612
PEMAFC-F,1,period_0339,23.200000,2.5166,1.2170
PEMAFC-F,1,period_0339,23.250000,2.5140,1.0706
PEMAFC-F,1,period_0339,23.300000,2.5124,0.9298
PEMAFC-F,1,period_0339,23.350000,2.5107,1.2450
PEMAFC-F,1,period_0339,23.400000,2.5080,1.1450
PEMAFC-F,1,period_0339,23.450000,2.5061,1.1893
PEMAFC-F,1,period_0339,23.500000,2.5037,1.0179
PEMAFC-F,1,period_0339,23.550000,2.5020,1.1944
PEMAFC-F,1,period_0339,23.600000,2.4997,0.8538
PEMAFC-F,1,period_0339,23.650000,2.4976,1.1218
PEMAFC-F,1,period_0339,23.700000,2.4959,0.9767
PEMAFC-F,1,period_0339,23.750000,2.4946,1.3057
PEMAFC-F,1,period_0339,23.800000,2.4928,1.1664
PEMAFC-F,1,period_0339,23.850000,2.4906,0.9124
PEMAFC-F,1,period_0339,23.900000,2.4884,1.2871
PEMAFC-F,1,period_0339,23.950000,2.4864,1.1265
PEMAFC-F,1,period_0339,24.000000,2.4845,1.2290
PEMAFC-F,1,period_0339,24.050000,2.4819,0.9871
PEMAFC-F,1,period_0339,24.100000,2.4800,0.9440
PEMAFC-F,1,period_0339,24.150000,2.4783,1.1051
PEMAFC-F,1,period_0339,24.200000,2.4762,0.9525
PEMAFC-F,1,period_0339,24.250000,2.4741,0.9768
PEMAFC-F,1,period_0339,24.300000,2.4719,1.1994
PEMAFC-F,1,period_0339,24.350000,2.4706,1.3351
PEMAFC-F,1,period_0339,24.400000,2.4687,1.2843
PEMAFC-F,1,period_0339,24.450000,2.4663,1.2557
PEMAFC-F,1,period_0339,24.500000,2.4643,1.0730
PEMAFC-F,1,period_0339,24.550000,2.4633,1.3461
PEMAFC-F,1,period_0339,24.600000,2.4618,1.1522
PEMAFC-F,1,period_0339,24.650000,2.4599,1.2572
PEMAFC-F,1,period_0339,24.700000,2.4585,1.1653
PEMAFC-F,1,period_0339,24.750000,2.4569,1.2539
PEMAFC-F,1,period_0339,24.800000,2.4555,1.1161
PEMAFC-F,1,period_0339,24.850000,2.4539,1.1452
PEMAFC-F,1,period_0339,24.900000,2.4521,0.9928
PEMAFC-F,1,period_0339,24.950000,2.4505,1.2742
PEMAFC-F,1,period_0339,25.000000,2.4488,1.0445
PEMAFC-F,1,period_0339,25.050000,2.4475,1.0817
PEMAFC-F,1,period_0339,25.100000,2.4456,1.2510
PEMAFC-F,1,period_0339,25.150000,2.4448,1.2425
PEMAFC-F,1,period_0339,25.200000,2.4437,1.2805
PEMAFC-F,1,period_0339,25.250000,2.4424,1.0517
PEMAFC-F,1,period_0339,25.300000,2.4410,1.3541
PEMAFC-F,1,period_0339,25.350000,2.4388,1.3853
PEMAFC-F,1,period_0339,25.400000,2.4375,1.3333
PEMAFC-F,1,period_0339,25.450000,2.4356,1.2626
PEMAFC-F,1,period_0339,25.500000,2.4340,1.3605
PEMAFC-F,1,period_0339,25.550000,2.4324,1.2329
PEMAFC-F,1,period_0339,25.600000,2.4302,1.2859
PEMAFC-F,1,period_0339,25.650000,2.4286,1.4690
PEMAFC-F,1,period_0339,25.700000,2.4275,1.2750
PEMAFC-F,1,period_0339,25.750000,2.4257,1.0057
PEMAFC-F,1,period_0339,25.800000,2.4240,1.3644
PEMAFC-F,1,period_0339,25.850000,2.4221,1.3102
PEMAFC-F,1,period_0339,25.900000,2.4211,1.2533
PEMAFC-F,1,period_0339,25.950000,2.4196,0.8698
PEMAFC-F,1,period_0339,26.000000,2.4184,1.0183
PEMAFC-F,1,period_0339,26.050000,2.4167,1.1384
PEMAFC-F,1,period_0339,26.100000,2.4152,1.2158
PEMAFC-F,1,period_0339,26.150000,2.4138,1.3330
PEMAFC-F,1,period_0339,26.200000,2.4128,1.4891
PEMAFC-F,1,period_0339,26.250000,2.4116,1.2246
PEMAFC-F,1,period_0339,26.300000,2.4109,0.9138
PEMAFC-F,1,period_0339,26.350000,2.4090,1.2605
PEMAFC-F,1,period_0339,26.400000,2.4074,1.3093
PEMAFC-F,1,period_0339,26.450000,2.4066,1.2202
PEMAFC-F,1,period_0339,26.500000,2.4054,1.1519
PEMAFC-F,1,period_0339,26.550000,2.4036,1.4965
PEMAFC-F,1,period_0339,26.600000,2.4015,1.2738
PEMAFC-F,1,period_0339,26.650000,2.4000,1.2447
PEMAFC-F,1,period_0339,26.700000,2.3989,1.3979
PEMAFC-F,1,period_0339,26.750000,2.3975,1.4274
PEMAFC-F,1,period_0339,26.800000,2.3961,1.4374
PEMAFC-F,1,period_0339,26.850000,2.3950,1.5279
PEMAFC-F,1,period_0339,26.900000,2.3937,1.3972
PEMAFC-F,1,period_0339,26.950000,2.3923,1.3939
PEMAFC-F,1,period_0339,27.000000,2.3913,1.4217
PEMAFC-F,1,period_0339,27.050000,2.3908,1.4673
PEMAFC-F,1,period_0339,27.100000,2.3897,1.2930
PEMAFC-F,1,period_0339,27.150000,2.3885,1.4102
PEMAFC-F,1,period_0339,27.200000,2.3873,1.4799
PEMAFC-F,1,period_0339,27.250000,2.3858,1.3275
PEMAFC-F,1,period_0339,27.300000,2.3844,1.1062
PEMAFC-F,1,period_0339,27.350000,2.3832,1.2425
PEMAFC-F,1,period_0339,27.400000,2.3819,1.3887
PEMAFC-F,1,period_0339,27.450000,2.3811,1.5720
PEMAFC-F,1,period_0339,27.500000,2.3801,1.4180
PEMAFC-F,1,period_0339,27.550000,2.3792,1.4571
PEMAFC-F,1,period_0339,27.600000,2.3780,1.4060
PEMAFC-F,1,period_0339,27.650000,2.3769,1.7057
PEMAFC-F,1,period_0339,27.700000,2.3753,1.5562
PEMAFC-F,1,period_0339,27.750000,2.3740,1.1746
PEMAFC-F,1,period_0339,27.800000,2.3728,1.3880
PEMAFC-F,1,period_0339,27.850000,2.3717,1.3760
PEMAFC-F,1,period_0339,27.900000,2.3703,1.2340
PEMAFC-F,1,period_0339,27.950000,2.3691,1.3647
PEMAFC-F,1,period_0339,28.000000,2.3684,1.3583
PEMAFC-F,1,period_0339,28.050000,2.3674,1.6380
PEMAFC-F,1,period_0339,28.100000,2.3667,1.5854
PEMAFC-F,1,period_0339,28.150000,2.3649,1.4177
PEMAFC-F,1,period_0339,28.200000,2.3637,1.3259
PEMAFC-F,1,period_0339,28.250000,2.3630,1.4087
PEMAFC-F,1,period_0339,28.300000,2.3613,1.2201
PEMAFC-F,1,period_0339,28.350000,2.3598,1.5761
PEMAFC-F,1,period_0339,28.400000,2.3586,1.3893
PEMAFC-F,1,period_0339,28.450000,2.3577,1.5528
PEMAFC-F,1,period_0339,28.500000,2.3567,1.4739
PEMAFC-F,1,period_0339,28.550000,2.3556,1.3840
PEMAFC-F,1,period_0339,28.600000,2.3547,1.4246
PEMAFC-F,1,period_0339,28.650000,2.3531,1.2932
PEMAFC-F,1,period_0339,28.700000,2.3525,1.3774
PEMAFC-F,1,period_0339,28.750000,2.3521,1.6140
PEMAFC-F,1,period_0339,28.800000,2.3505,1.3256
PEMAFC-F,1,period_0339,28.850000,2.3497,1.3634
PEMAFC-F,1,period_0339,28.900000,2.3488,1.3859
PEMAFC-F,1,period_0339,28.950000,2.3479,1.4617
PEMAFC-F,1,period_0339,29.000000,2.3466,1.4628
PEMAFC-F,1,period_0339,29.050000,2.3455,1.3497
PEMAFC-F,1,period_0339,29.100000,2.3443,1.5091
PEMAFC-F,1,period_0339,29.150000,2.3431,1.6001
PEMAFC-F,1,period_0339,29.200000,2.3419,1.8477
PEMAFC-F,1,period_0339,29.250000,2.3411,1.7428
PEMAFC-F,1,period_0339,29.300000,2.3399,1.5053
PEMAFC-F,1,period_0339,29.350000,2.3390,1.5424
PEMAFC-F,1,period_0339,29.400000,2.3378,1.6109
PEMAFC-F,1,period_0339,29.450000,2.3374,1.7235
PEMAFC-F,1,period_0339,29.500000,2.3368,1.7603
PEMAFC-F,1,period_0339,29.550000,2.3353,1.5570
PEMAFC-F,1,period_0339,29.600000,2.3339,1.4563
PEMAFC-F,1,period_0339,29.650000,2.3333,1.5568
PEMAFC-F,1,period_0339,29.700000,2.3319,1.7044
PEMAFC-F,1,period_0339,29.750000,2.3310,1.6744
PEMAFC-F,1,period_0339,29.800000,2.3307,1.6159
PEMAFC-F,1,period_0339,29.850000,2.3299,1.6473
PEMAFC-F,1,period_0339,29.900000,2.3292,1.6133
PEMAFC-F,1,period_0339,29.950000,2.3286,1.8696
PEMAFC-F,1,period_0339,30.000000,2.3276,1.5000
PEMAFC-F,1,period_0339,30.050000,2.3272,1.3546
PEMAFC-F,1,period_0339,30.100000,2.3266,1.5480
PEMAFC-F,1,period_0339,30.150000,2.3254,1.2342
PEMAFC-F,1,period_0339,30.200000,2.3244,1.5052
PEMAFC-F,1,period_0339,30.250000,2.3239,1.5437
PEMAFC-F,1,period_0339,30.300000,2.3225,1.7358
PEMAFC-F,1,period_0339,30.350000,2.3225,2.0201
PEMAFC-F,1,period_0339,30.400000,2.3220,1.6405
PEMAFC-F,1,period_0339,30.450000,2.3210,1.4766
PEMAFC-F,1,period_0339,30.500000,2.3205,1.5051
PEMAFC-F,1,period_0339,30.550000,2.3196,1.5721
PEMAFC-F,1,period_0339,30.600000,2.3191,1.6662
PEMAFC-F,1,period_0339,30.650000,2.3177,1.6551
PEMAFC-F,1,period_0339,30.700000,2.3168,1.4224
PEMAFC-F,1,period_0339,30.750000,2.3160,1.3995
PEMAFC-F,1,period_0339,30.800000,2.3153,1.5484
PEMAFC-F,1,period_0339,30.850000,2.3146,1.6370
PEMAFC-F,1,period_0339,30.900000,2.3141,1.9518
PEMAFC-F,1,period_0339,30.950000,2.3135,1.7170
PEMAFC-F,1,period_0339,31.000000,2.3130,1.8046
PEMAFC-F,1,period_0339,31.050000,2.3122,1.5859
PEMAFC-F,1,period_0339,31.100000,2.3115,2.3041
PEMAFC-F,1,period_0339,31.150000,2.3107,1.4905
PEMAFC-F,1,period_0339,31.200000,2.3104,1.5077
PEMAFC-F,1,period_0339,31.250000,2.3095,1.4048
PEMAFC-F,1,period_0339,31.300000,2.3088,1.8030
PEMAFC-F,1,period_0339,31.350000,2.3080,1.6332
PEMAFC-F,1,period_0339,31.400000,2.3074,1.6803
PEMAFC-F,1,period_0339,31.450000,2.3074,1.6787
PEMAFC-F,1,period_0339,31.500000,2.3068,1.7911
PEMAFC-F,1,period_0339,31.550000,2.3059,1.8400
PEMAFC-F,1,period_0339,31.600000,2.3057,2.0237
PEMAFC-F,1,period_0339,31.650000,2.3048,1.8672
PEMAFC-F,1,period_0339,31.700000,2.3043,1.5353
PEMAFC-F,1,period_0339,31.750000,2.3032,1.5667
PEMAFC-F,1,period_0339,31.800000,2.3028,1.7918
PEMAFC-F,1,period_0339,31.850000,2.3014,1.8770
PEMAFC-F,1,period_0339,31.900000,2.3004,1.4010
PEMAFC-F,1,period_0339,31.950000,2.2996,1.6782
PEMAFC-F,1,period_0339,32.000000,2.2988,1.7510
PEMAFC-F,1,period_0339,32.050000,2.2983,1.3070
PEMAFC-F,1,period_0339,32.100000,2.2981,1.8353
PEMAFC-F,1,period_0339,32.150000,2.2974,1.9789
PEMAFC-F,1,period_0339,32.200000,2.2967,1.9079
PEMAFC-F,1,period_0339,32.250000,2.2962,1.6505
PEMAFC-F,1,period_0339,32.300000,2.2957,1.8121
PEMAFC-F,1,period_0339,32.350000,2.2955,1.7232
PEMAFC-F,1,period_0339,32.400000,2.2950,2.1480
PEMAFC-F,1,period_0339,32.450000,2.2945,1.6431
PEMAFC-F,1,period_0339,32.500000,2.2935,1.7960
PEMAFC-F,1,period_0339,32.550000,2.2929,1.7469
PEMAFC-F,1,period_0339,32.600000,2.2914,1.5632
PEMAFC-F,1,period_0339,32.650000,2.2906,1.5851
PEMAFC-F,1,period_0339,32.700000,2.2893,1.6183
PEMAFC-F,1,period_0339,32.750000,2.2886,1.8898
PEMAFC-F,1,period_0339,32.800000,2.2876,1.9148
PEMAFC-F,1,period_0339,32.850000,2.2868,1.4009
PEMAFC-F,1,period_0339,32.900000,2.2861,1.5064
PEMAFC-F,1,period_0339,32.950000,2.2852,1.7528
PEMAFC-F,1,period_0339,33.000000,2.2842,1.7859
PEMAFC-F,1,period_0339,33.050000,2.2831,1.4094
PEMAFC-F,1,period_0339,33.100000,2.2821,1.4933
PEMAFC-F,1,period_0339,33.150000,2.2813,1.6592
PEMAFC-F,1,period_0339,33.200000,2.2808,1.9380
PEMAFC-F,1,period_0339,33.250000,2.2802,1.8895
PEMAFC-F,1,period_0339,33.300000,2.2798,1.9523
PEMAFC-F,1,period_0339,33.350000,2.2791,1.8676
PEMAFC-F,1,period_0339,33.400000,2.2784,2.0497
PEMAFC-F,1,period_0339,33.450000,2.2778,1.8763
PEMAFC-F,1,period_0339,33.500000,2.2774,2.0171
PEMAFC-F,1,period_0339,33.550000,2.2768,1.7229
PEMAFC-F,1,period_0339,33.600000,2.2763,1.6758
PEMAFC-F,1,period_0339,33.650000,2.2757,1.7705
PEMAFC-F,1,period_0339,33.700000,2.2757,1.8222
PEMAFC-F,1,period_0339,33.750000,2.2751,2.0737
PEMAFC-F,1,period_0339,33.800000,2.2751,2.0406
PEMAFC-F,1,period_0339,33.850000,2.2748,1.9306
PEMAFC-F,1,period_0339,33.900000,2.2746,1.9454
PEMAFC-F,1,period_0339,33.950000,2.2740,1.9820
PEMAFC-F,1,period_0339,34.000000,2.2736,2.1307
PEMAFC-F,1,period_0339,34.050000,2.2730,1.7677
PEMAFC-F,1,period_0339,34.100000,2.2725,1.8717
PEMAFC-F,1,period_0339,34.150000,2.2726,1.9424
PEMAFC-F,1,period_0339,34.200000,2.2717,1.6631
PEMAFC-F,1,period_0339,34.250000,2.2710,1.6399
PEMAFC-F,1,period_0339,34.300000,2.2700,1.8026
PEMAFC-F,1,period_0339,34.350000,2.2692,1.9882
PEMAFC-F,1,period_0339,34.400000,2.2692,2.0932
PEMAFC-F,1,period_0339,34.450000,2.2688,2.1729
PEMAFC-F,1,period_0339,34.500000,2.2683,1.6074
PEMAFC-F,1,period_0339,34.550000,2.2676,1.6254
PEMAFC-F,1,period_0339,34.600000,2.2671,2.0986
PEMAFC-F,1,period_0339,34.650000,2.2667,1.9818
PEMAFC-F,1,period_0339,34.700000,2.2663,1.4988
PEMAFC-F,1,period_0339,34.750000,2.2655,1.5654
PEMAFC-F,1,period_0339,34.800000,2.2651,2.0598
PEMAFC-F,1,period_0339,34.850000,2.2649,2.0560
PEMAFC-F,1,period_0339,34.900000,2.2645,1.7723
PEMAFC-F,1,period_0339,34.950000,2.2640,2.0720
PEMAFC-F,1,period_0339,35.000000,2.2638,2.0329
PEMAFC-F,1,period_0339,35.050000,2.2640,2.1243
PEMAFC-F,1,period_0339,35.100000,2.2637,1.6130
PEMAFC-F,1,period_0339,35.150000,2.2631,1.6844
PEMAFC-F,1,period_0339,35.200000,2.2628,1.9873
PEMAFC-F,1,period_0339,35.250000,2.2624,1.9121
PEMAFC-F,1,period_0339,35.300000,2.2622,1.8033
PEMAFC-F,1,period_0339,35.350000,2.2619,2.0218
PEMAFC-F,1,period_0339,35.400000,2.2616,2.2802
PEMAFC-F,1,period_0339,35.450000,2.2612,2.0180
PEMAFC-F,1,period_0339,35.500000,2.2609,2.3895
PEMAFC-F,1,period_0339,35.550000,2.2605,2.2914
PEMAFC-F,1,period_0339,35.600000,2.2599,1.8959
PEMAFC-F,1,period_0339,35.650000,2.2592,1.6329
PEMAFC-F,1,period_0339,35.700000,2.2588,2.3976
PEMAFC-F,1,period_0339,35.750000,2.2587,1.9574
PEMAFC-F,1,period_0339,35.800000,2.2587,2.0142
PEMAFC-F,1,period_0339,35.850000,2.2591,2.2399
PEMAFC-F,1,period_0339,35.900000,2.2589,2.0057
PEMAFC-F,1,period_0339,35.950000,2.2587,2.0498
PEMAFC-F,1,period_0339,36.000000,2.2586,1.8973
PEMAFC-F,1,period_0339,36.050000,2.2583,1.7415
PEMAFC-F,1,period_0339,36.100000,2.2581,1.8941
PEMAFC-F,1,period_0339,36.150000,2.2574,1.9012
PEMAFC-F,1,period_0339,36.200000,2.2575,1.8684
PEMAFC-F,1,period_0339,36.250000,2.2570,2.3854
PEMAFC-F,1,period_0339,36.300000,2.2565,2.1226
PEMAFC-F,1,period_0339,36.350000,2.2561,1.8357
PEMAFC-F,1,period_0339,36.400000,2.2558,1.8535
PEMAFC-F,1,period_0339,36.450000,2.2556,1.7402
PEMAFC-F,1,period_0339,36.500000,2.2547,1.7587
PEMAFC-F,1,period_0339,36.550000,2.2538,1.4857
PEMAFC-F,1,period_0339,36.600000,2.2534,1.2518
PEMAFC-F,1,period_0339,36.650000,2.2536,1.5290
PEMAFC-F,1,period_0339,36.700000,2.2536,1.8794
PEMAFC-F,1,period_0339,36.750000,2.2532,1.8899
PEMAFC-F,1,period_0339,36.800000,2.2524,2.0877
PEMAFC-F,1,period_0339,36.850000,2.2521,1.7158
PEMAFC-F,1,period_0339,36.900000,2.2515,1.7621
PEMAFC-F,1,period_0339,36.950000,2.2509,1.7220
PEMAFC-F,1,period_0339,37.000000,2.2508,2.3045
PEMAFC-F,1,period_0339,37.050000,2.2503,2.5087
PEMAFC-F,1,period_0339,37.100000,2.2493,1.9835
PEMAFC-F,1,period_0339,37.150000,2.2489,1.6781
PEMAFC-F,1,period_0339,37.200000,2.2488,1.9528
PEMAFC-F,1,period_0339,37.250000,2.2485,1.9189
PEMAFC-F,1,period_0339,37.300000,2.2483,2.0295
PEMAFC-F,1,period_0339,37.350000,2.2480,2.4746
PEMAFC-F,1,period_0339,37.400000,2.2480,1.6816
PEMAFC-F,1,period_0339,37.450000,2.2481,2.0991
PEMAFC-F,1,period_0339,37.500000,2.2479,2.1312
PEMAFC-F,1,period_0339,37.550000,2.2478,1.9201
PEMAFC-F,1,period_0339,37.600000,2.2474,1.9636
PEMAFC-F,1,period_0339,37.650000,2.2469,2.5226
PEMAFC-F,1,period_0339,37.700000,2.2465,2.0628
PEMAFC-F,1,period_0339,37.750000,2.2457,2.2426
PEMAFC-F,1,period_0339,37.800000,2.2455,2.0209
PEMAFC-F,1,period_0339,37.850000,2.2453,1.9188
PEMAFC-F,1,period_0339,37.900000,2.2450,2.1987
PEMAFC-F,1,period_0339,37.950000,2.2448,2.6022
PEMAFC-F,1,period_0339,38.000000,2.2444,1.8912
PEMAFC-F,1,period_0339,38.050000,2.2442,2.1077
PEMAFC-F,1,period_0339,38.100000,2.2439,1.7183
PEMAFC-F,1,period_0339,38.150000,2.2438,1.9115
PEMAFC-F,1,period_0339,38.200000,2.2436,2.0747
PEMAFC-F,1,period_0339,38.250000,2.2438,2.1478
PEMAFC-F,1,period_0339,38.300000,2.2435,2.3110
PEMAFC-F,1,period_0339,38.350000,2.2430,1.7763
PEMAFC-F,1,period_0339,38.400000,2.2432,2.4380
PEMAFC-F,1,period_0339,38.450000,2.2429,2.3987
PEMAFC-F,1,period_0339,38.500000,2.2420,1.9252
PEMAFC-F,1,period_0339,38.550000,2.2419,2.2904
PEMAFC-F,1,period_0339,38.600000,2.2417,2.2119
PEMAFC-F,1,period_0339,38.650000,2.2414,2.0241
PEMAFC-F,1,period_0339,38.700000,2.2409,1.4701
PEMAFC-F,1,period_0339,38.750000,2.2401,2.0012
PEMAFC-F,1,period_0339,38.800000,2.2394,2.0863
PEMAFC-F,1,period_0339,38.850000,2.2393,1.7966
PEMAFC-F,1,period_0339,38.900000,2.2392,2.2958
PEMAFC-F,1,period_0339,38.950000,2.2391,2.3945
PEMAFC-F,1,period_0339,39.000000,2.2385,2.0922
PEMAFC-F,1,period_0339,39.050000,2.2390,2.3501
PEMAFC-F,1,period_0339,39.100000,2.2390,2.2562
PEMAFC-F,1,period_0339,39.150000,2.2388,2.3874
PEMAFC-F,1,period_0339,39.200000,2.2386,1.8618
PEMAFC-F,1,period_0339,39.250000,2.2380,2.2260
PEMAFC-F,1,period_0339,39.300000,2.2381,1.8893
PEMAFC-F,1,period_0339,39.350000,2.2377,2.1242
PEMAFC-F,1,period_0339,39.400000,2.2375,2.1307
PEMAFC-F,1,period_0339,39.450000,2.2378,1.7178
PEMAFC-F,1,period_0339,39.500000,2.2374,2.2910
PEMAFC-F,1,period_0339,39.550000,2.2374,1.8975
PEMAFC-F,1,period_0339,39.600000,2.2375,2.0853
PEMAFC-F,1,period_0339,39.650000,2.2374,1.7858
PEMAFC-F,1,period_0339,39.700000,2.2370,2.3055
PEMAFC-F,1,period_0339,39.750000,2.2367,2.1992
PEMAFC-F,1,period_0339,39.800000,2.2367,2.2099
PEMAFC-F,1,period_0339,39.850000,2.2362,1.9648
PEMAFC-F,1,period_0339,39.900000,2.2355,2.1865
PEMAFC-F,1,period_0339,39.950000,2.2352,2.3061
PEMAFC-F,1,period_0339,40.000000,2.2351,2.6299
PEMAFC-F,2,period_0706,40.000667,2.9685,-24.6036
PEMAFC-F,2,period_0706,40.050000,2.9639,0.1334
PEMAFC-F,2,period_0706,40.100000,2.9594,0.0657
PEMAFC-F,2,period_0706,40.150000,2.9549,0.2109
PEMAFC-F,2,period_0706,40.200000,2.9514,0.4151
PEMAFC-F,2,period_0706,40.250000,2.9473,0.4306
PEMAFC-F,2,period_0706,40.300000,2.9439,0.2863
PEMAFC-F,2,period_0706,40.350000,2.9402,0.3063
PEMAFC-F,2,period_0706,40.400000,2.9361,0.2777
PEMAFC-F,2,period_0706,40.450000,2.9324,0.3429
PEMAFC-F,2,period_0706,40.500000,2.9283,0.2823
PEMAFC-F,2,period_0706,40.550000,2.9244,0.2402
PEMAFC-F,2,period_0706,40.600000,2.9207,0.4617
PEMAFC-F,2,period_0706,40.650000,2.9164,0.1832
PEMAFC-F,2,period_0706,40.700000,2.9134,0.5141
PEMAFC-F,2,period_0706,40.750000,2.9095,0.3315
PEMAFC-F,2,period_0706,40.800000,2.9061,0.2970
PEMAFC-F,2,period_0706,40.850000,2.9029,0.2489
PEMAFC-F,2,period_0706,40.900000,2.8992,0.2867
PEMAFC-F,2,period_0706,40.950000,2.8957,0.4833
PEMAFC-F,2,period_0706,41.000000,2.8923,0.7901
PEMAFC-F,2,period_0706,41.050000,2.8888,0.5364
PEMAFC-F,2,period_0706,41.100000,2.8851,0.3009
PEMAFC-F,2,period_0706,41.150000,2.8821,0.5072
PEMAFC-F,2,period_0706,41.200000,2.8790,0.6111
PEMAFC-F,2,period_0706,41.250000,2.8749,0.5467
PEMAFC-F,2,period_0706,41.300000,2.8719,0.3721
PEMAFC-F,2,period_0706,41.350000,2.8686,0.3486
PEMAFC-F,2,period_0706,41.400000,2.8658,0.5322
PEMAFC-F,2,period_0706,41.450000,2.8625,0.2538
PEMAFC-F,2,period_0706,41.500000,2.8593,0.4004
PEMAFC-F,2,period_0706,41.550000,2.8564,0.2681
PEMAFC-F,2,period_0706,41.600000,2.8538,0.5188
PEMAFC-F,2,period_0706,41.650000,2.8511,0.4297
PEMAFC-F,2,period_0706,41.700000,2.8477,0.2745
PEMAFC-F,2,period_0706,41.750000,2.8448,0.5996
PEMAFC-F,2,period_0706,41.800000,2.8414,0.2710
PEMAFC-F,2,period_0706,41.850000,2.8390,0.5220
PEMAFC-F,2,period_0706,41.900000,2.8358,0.2512
PEMAFC-F,2,period_0706,41.950000,2.8331,0.3882
PEMAFC-F,2,period_0706,42.000000,2.8306,0.5815
PEMAFC-F,2,period_0706,42.050000,2.8279,0.4703
PEMAFC-F,2,period_0706,42.100000,2.8243,0.4761
PEMAFC-F,2,period_0706,42.150000,2.8215,0.3245
PEMAFC-F,2,period_0706,42.200000,2.8192,0.7364
PEMAFC-F,2,period_0706,42.250000,2.8169,0.5469
PEMAFC-F,2,period_0706,42.300000,2.8142,0.4640
PEMAFC-F,2,period_0706,42.350000,2.8111,0.3866
PEMAFC-F,2,period_0706,42.400000,2.8085,0.4729
PEMAFC-F,2,period_0706,42.450000,2.8061,0.5889
PEMAFC-F,2,period_0706,42.500000,2.8037,0.2612
PEMAFC-F,2,period_0706,42.550000,2.8009,0.2883
PEMAFC-F,2,period_0706,42.600000,2.7986,0.5349
PEMAFC-F,2,period_0706,42.650000,2.7966,0.7086
PEMAFC-F,2,period_0706,42.700000,2.7940,0.3155
PEMAFC-F,2,period_0706,42.750000,2.7910,0.3955
PEMAFC-F,2,period_0706,42.800000,2.7890,0.6728
PEMAFC-F,2,period_0706,42.850000,2.7861,0.5484
PEMAFC-F,2,period_0706,42.900000,2.7837,0.4091
PEMAFC-F,2,period_0706,42.950000,2.7813,0.6418
PEMAFC-F,2,period_0706,43.000000,2.7791,0.4247
PEMAFC-F,2,period_0706,43.050000,2.7761,0.3430
PEMAFC-F,2,period_0706,43.100000,2.7736,0.4640
PEMAFC-F,2,period_0706,43.150000,2.7715,0.5352
PEMAFC-F,2,period_0706,43.200000,2.7694,0.6575
PEMAFC-F,2,period_0706,43.250000,2.7673,0.4782
PEMAFC-F,2,period_0706,43.300000,2.7650,0.7869
PEMAFC-F,2,period_0706,43.350000,2.7628,0.7392
PEMAFC-F,2,period_0706,43.400000,2.7606,0.4449
PEMAFC-F,2,period_0706,43.450000,2.7584,0.4588
PEMAFC-F,2,period_0706,43.500000,2.7563,0.4514
PEMAFC-F,2,period_0706,43.550000,2.7539,0.4132
PEMAFC-F,2,period_0706,43.600000,2.7510,0.5556
PEMAFC-F,2,period_0706,43.650000,2.7492,0.6621
PEMAFC-F,2,period_0706,43.700000,2.7473,0.5411
PEMAFC-F,2,period_0706,43.750000,2.7452,0.5080
PEMAFC-F,2,period_0706,43.800000,2.7436,0.7026
PEMAFC-F,2,period_0706,43.850000,2.7423,0.9701
PEMAFC-F,2,period_0706,43.900000,2.7405,0.7280
PEMAFC-F,2,period_0706,43.950000,2.7383,0.5752
PEMAFC-F,2,period_0706,44.000000,2.7364,0.7007
PEMAFC-F,2,period_0706,44.050000,2.7346,0.7699
PEMAFC-F,2,period_0706,44.100000,2.7326,0.8214
PEMAFC-F,2,period_0706,44.150000,2.7311,0.9406
PEMAFC-F,2,period_0706,44.200000,2.7288,0.3339
PEMAFC-F,2,period_0706,44.250000,2.7270,0.3398
PEMAFC-F,2,period_0706,44.300000,2.7250,0.5345
PEMAFC-F,2,period_0706,44.350000,2.7233,1.0033
PEMAFC-F,2,period_0706,44.400000,2.7214,0.7575
PEMAFC-F,2,period_0706,44.450000,2.7198,0.7712
PEMAFC-F,2,period_0706,44.500000,2.7183,0.7784
PEMAFC-F,2,period_0706,44.550000,2.7165,0.4647
PEMAFC-F,2,period_0706,44.600000,2.7152,0.6642
PEMAFC-F,2,period_0706,44.650000,2.7132,0.7746
PEMAFC-F,2,period_0706,44.700000,2.7117,0.7583
PEMAFC-F,2,period_0706,44.750000,2.7101,1.0747
PEMAFC-F,2,period_0706,44.800000,2.7088,1.0036
PEMAFC-F,2,period_0706,44.850000,2.7071,0.6676
PEMAFC-F,2,period_0706,44.900000,2.7057,1.0308
PEMAFC-F,2,period_0706,44.950000,2.7034,0.6543
PEMAFC-F,2,period_0706,45.000000,2.7026,0.8460
PEMAFC-F,2,period_0706,45.050000,2.7008,0.4316
PEMAFC-F,2,period_0706,45.100000,2.6997,0.7722
PEMAFC-F,2,period_0706,45.150000,2.6984,0.8423
PEMAFC-F,2,period_0706,45.200000,2.6963,0.6630
PEMAFC-F,2,period_0706,45.250000,2.6950,0.8428
PEMAFC-F,2,period_0706,45.300000,2.6936,0.6298
PEMAFC-F,2,period_0706,45.350000,2.6924,0.8138
PEMAFC-F,2,period_0706,45.400000,2.6906,0.6134
PEMAFC-F,2,period_0706,45.450000,2.6893,0.5902
PEMAFC-F,2,period_0706,45.500000,2.6881,0.5146
PEMAFC-F,2,period_0706,45.550000,2.6865,0.8862
PEMAFC-F,2,period_0706,45.600000,2.6848,0.7918
PEMAFC-F,2,period_0706,45.650000,2.6834,0.5812
PEMAFC-F,2,period_0706,45.700000,2.6823,0.8904
PEMAFC-F,2,period_0706,45.750000,2.6806,0.6183
PEMAFC-F,2,period_0706,45.800000,2.6792,0.8988
PEMAFC-F,2,period_0706,45.850000,2.6782,0.6041
PEMAFC-F,2,period_0706,45.900000,2.6765,0.5001
PEMAFC-F,2,period_0706,45.950000,2.6753,0.9884
PEMAFC-F,2,period_0706,46.000000,2.6739,0.7137
PEMAFC-F,2,period_0706,46.050000,2.6726,0.8407
PEMAFC-F,2,period_0706,46.100000,2.6707,0.5951
PEMAFC-F,2,period_0706,46.150000,2.6696,1.0035
PEMAFC-F,2,period_0706,46.200000,2.6683,1.0046
PEMAFC-F,2,period_0706,46.250000,2.6672,1.0330
PEMAFC-F,2,period_0706,46.300000,2.6661,0.7768
PEMAFC-F,2,period_0706,46.350000,2.6647,0.9907
PEMAFC-F,2,period_0706,46.400000,2.6631,0.6834
PEMAFC-F,2,period_0706,46.450000,2.6616,0.8781
PEMAFC-F,2,period_0706,46.500000,2.6603,0.7508
PEMAFC-F,2,period_0706,46.550000,2.6588,0.5570
PEMAFC-F,2,period_0706,46.600000,2.6574,0.9333
PEMAFC-F,2,period_0706,46.650000,2.6560,0.8025
PEMAFC-F,2,period_0706,46.700000,2.6548,0.7244
PEMAFC-F,2,period_0706,46.750000,2.6537,0.8955
PEMAFC-F,2,period_0706,46.800000,2.6523,0.6910
PEMAFC-F,2,period_0706,46.850000,2.6515,1.1641
PEMAFC-F,2,period_0706,46.900000,2.6502,0.6699
PEMAFC-F,2,period_0706,46.950000,2.6486,0.7473
PEMAFC-F,2,period_0706,47.000000,2.6473,0.8765
PEMAFC-F,2,period_0706,47.050000,2.6465,0.5491
PEMAFC-F,2,period_0706,47.100000,2.6450,0.9569
PEMAFC-F,2,period_0706,47.150000,2.6436,0.5595
PEMAFC-F,2,period_0706,47.200000,2.6422,0.9320
PEMAFC-F,2,period_0706,47.250000,2.6409,0.7194
PEMAFC-F,2,period_0706,47.300000,2.6394,0.9760
PEMAFC-F,2,period_0706,47.350000,2.6381,1.0588
PEMAFC-F,2,period_0706,47.400000,2.6373,0.9252
PEMAFC-F,2,period_0706,47.450000,2.6361,0.8776
PEMAFC-F,2,period_0706,47.500000,2.6349,0.7425
PEMAFC-F,2,period_0706,47.550000,2.6339,0.8070
PEMAFC-F,2,period_0706,47.600000,2.6330,1.1534
PEMAFC-F,2,period_0706,47.650000,2.6315,0.8709
PEMAFC-F,2,period_0706,47.700000,2.6303,0.6536
PEMAFC-F,2,period_0706,47.750000,2.6293,0.7844
PEMAFC-F,2,period_0706,47.800000,2.6280,0.6778
PEMAFC-F,2,period_0706,47.850000,2.6269,1.2100
PEMAFC-F,2,period_0706,47.900000,2.6259,0.8509
PEMAFC-F,2,period_0706,47.950000,2.6247,0.7461
PEMAFC-F,2,period_0706,48.000000,2.6238,0.7443
PEMAFC-F,2,period_0706,48.050000,2.6224,0.8782
PEMAFC-F,2,period_0706,48.100000,2.6212,0.9625
PEMAFC-F,2,period_0706,48.150000,2.6199,0.7019
PEMAFC-F,2,period_0706,48.200000,2.6188,0.7038
PEMAFC-F,2,period_0706,48.250000,2.6176,0.8236
PEMAFC-F,2,period_0706,48.300000,2.6169,0.8222
PEMAFC-F,2,period_0706,48.350000,2.6159,0.6306
PEMAFC-F,2,period_0706,48.400000,2.6146,1.1711
PEMAFC-F,2,period_0706,48.450000,2.6139,1.2111
PEMAFC-F,2,period_0706,48.500000,2.6124,0.9457
PEMAFC-F,2,period_0706,48.550000,2.6119,0.8579
PEMAFC-F,2,period_0706,48.600000,2.6105,0.6864
PEMAFC-F,2,period_0706,48.650000,2.6099,0.6565
PEMAFC-F,2,period_0706,48.700000,2.6093,1.1252
PEMAFC-F,2,period_0706,48.750000,2.6080,1.1066
PEMAFC-F,2,period_0706,48.800000,2.6067,0.8837
PEMAFC-F,2,period_0706,48.850000,2.6059,1.0359
PEMAFC-F,2,period_0706,48.900000,2.6051,0.6271
PEMAFC-F,2,period_0706,48.950000,2.6042,0.9528
PEMAFC-F,2,period_0706,49.000000,2.6032,0.8834
PEMAFC-F,2,period_0706,49.050000,2.6027,0.8004
PEMAFC-F,2,period_0706,49.100000,2.6017,0.7620
PEMAFC-F,2,period_0706,49.150000,2.6012,0.9322
PEMAFC-F,2,period_0706,49.200000,2.6002,0.8925
PEMAFC-F,2,period_0706,49.250000,2.5990,1.2738
PEMAFC-F,2,period_0706,49.300000,2.5980,1.0849
PEMAFC-F,2,period_0706,49.350000,2.5966,0.6885
PEMAFC-F,2,period_0706,49.400000,2.5957,0.7343
PEMAFC-F,2,period_0706,49.450000,2.5951,0.6678
PEMAFC-F,2,period_0706,49.500000,2.5940,1.0935
PEMAFC-F,2,period_0706,49.550000,2.5933,1.1540
PEMAFC-F,2,period_0706,49.600000,2.5926,0.8698
PEMAFC-F,2,period_0706,49.650000,2.5915,1.0141
PEMAFC-F,2,period_0706,49.700000,2.5905,0.5545
PEMAFC-F,2,period_0706,49.750000,2.5895,0.6418
PEMAFC-F,2,period_0706,49.800000,2.5889,0.9235
PEMAFC-F,2,period_0706,49.850000,2.5880,1.0672
PEMAFC-F,2,period_0706,49.900000,2.5867,0.7207
PEMAFC-F,2,period_0706,49.950000,2.5858,1.0981
PEMAFC-F,2,period_0706,50.000000,2.5848,0.9948
PEMAFC-F,2,period_0706,50.050000,2.5838,1.0255
PEMAFC-F,2,period_0706,50.100000,2.5825,0.8887
PEMAFC-F,2,period_0706,50.150000,2.5814,0.9785
PEMAFC-F,2,period_0706,50.200000,2.5806,1.3726
PEMAFC-F,2,period_0706,50.250000,2.5797,0.7798
PEMAFC-F,2,period_0706,50.300000,2.5787,0.9970
PEMAFC-F,2,period_0706,50.350000,2.5778,0.8962
PEMAFC-F,2,period_0706,50.400000,2.5774,1.3250
PEMAFC-F,2,period_0706,50.450000,2.5764,1.1362
PEMAFC-F,2,period_0706,50.500000,2.5752,0.7970
PEMAFC-F,2,period_0706,50.550000,2.5747,0.9683
PEMAFC-F,2,period_0706,50.600000,2.5740,0.9159
PEMAFC-F,2,period_0706,50.650000,2.5729,0.7688
PEMAFC-F,2,period_0706,50.700000,2.5725,1.0913
PEMAFC-F,2,period_0706,50.750000,2.5719,0.6383
PEMAFC-F,2,period_0706,50.800000,2.5714,1.1636
PEMAFC-F,2,period_0706,50.850000,2.5712,0.7357
PEMAFC-F,2,period_0706,50.900000,2.5706,1.2826
PEMAFC-F,2,period_0706,50.950000,2.5700,1.0481
PEMAFC-F,2,period_0706,51.000000,2.5694,0.8059
PEMAFC-F,2,period_0706,51.050000,2.5687,1.2479
PEMAFC-F,2,period_0706,51.100000,2.5680,0.9052
PEMAFC-F,2,period_0706,51.150000,2.5672,0.7356
PEMAFC-F,2,period_0706,51.200000,2.5666,0.9026
PEMAFC-F,2,period_0706,51.250000,2.5662,1.2841
PEMAFC-F,2,period_0706,51.300000,2.5655,1.1248
PEMAFC-F,2,period_0706,51.350000,2.5646,1.0678
PEMAFC-F,2,period_0706,51.400000,2.5639,0.9109
PEMAFC-F,2,period_0706,51.450000,2.5632,0.9704
PEMAFC-F,2,period_0706,51.500000,2.5621,0.8300
PEMAFC-F,2,period_0706,51.550000,2.5609,0.5356
PEMAFC-F,2,period_0706,51.600000,2.5605,0.9586
PEMAFC-F,2,period_0706,51.650000,2.5595,1.1141
PEMAFC-F,2,period_0706,51.700000,2.5590,0.9821
PEMAFC-F,2,period_0706,51.750000,2.5585,1.1342
PEMAFC-F,2,period_0706,51.800000,2.5581,0.9488
PEMAFC-F,2,period_0706,51.850000,2.5575,0.7709
PEMAFC-F,2,period_0706,51.900000,2.5564,0.8227
PEMAFC-F,2,period_0706,51.950000,2.5559,1.0360
PEMAFC-F,2,period_0706,52.000000,2.5552,1.1548
PEMAFC-F,2,period_0706,52.050000,2.5544,0.9159
PEMAFC-F,2,period_0706,52.100000,2.5533,1.5451
PEMAFC-F,2,period_0706,52.150000,2.5527,1.1916
PEMAFC-F,2,period_0706,52.200000,2.5521,1.4511
PEMAFC-F,2,period_0706,52.250000,2.5515,1.0502
PEMAFC-F,2,period_0706,52.300000,2.5502,1.0984
PEMAFC-F,2,period_0706,52.350000,2.5494,0.8252
PEMAFC-F,2,period_0706,52.400000,2.5488,0.9583
PEMAFC-F,2,period_0706,52.450000,2.5485,1.0036
PEMAFC-F,2,period_0706,52.500000,2.5480,0.7804
PEMAFC-F,2,period_0706,52.550000,2.5469,1.1487
PEMAFC-F,2,period_0706,52.600000,2.5461,1.2195
PEMAFC-F,2,period_0706,52.650000,2.5457,1.1618
PEMAFC-F,2,period_0706,52.700000,2.5449,1.3081
PEMAFC-F,2,period_0706,52.750000,2.5440,1.6148
PEMAFC-F,2,period_0706,52.800000,2.5431,0.5008
PEMAFC-F,2,period_0706,52.850000,2.5424,1.0683
PEMAFC-F,2,period_0706,52.900000,2.5415,0.8167
PEMAFC-F,2,period_0706,52.950000,2.5408,0.8253
PEMAFC-F,2,period_0706,53.000000,2.5404,1.3682
PEMAFC-F,2,period_0706,53.050000,2.5395,1.0171
PEMAFC-F,2,period_0706,53.100000,2.5391,1.1527
PEMAFC-F,2,period_0706,53.150000,2.5385,0.9027
PEMAFC-F,2,period_0706,53.200000,2.5383,1.5989
PEMAFC-F,2,period_0706,53.250000,2.5374,0.9765
PEMAFC-F,2,period_0706,53.300000,2.5367,0.8584
PEMAFC-F,2,period_0706,53.350000,2.5360,1.2103
PEMAFC-F,2,period_0706,53.400000,2.5354,1.6380
PEMAFC-F,2,period_0706,53.450000,2.5350,1.5785
PEMAFC-F,2,period_0706,53.500000,2.5346,1.2877
PEMAFC-F,2,period_0706,53.550000,2.5341,0.8508
PEMAFC-F,2,period_0706,53.600000,2.5337,1.1792
PEMAFC-F,2,period_0706,53.650000,2.5331,1.1418
PEMAFC-F,2,period_0706,53.700000,2.5324,1.3141
PEMAFC-F,2,period_0706,53.750000,2.5321,1.1399
PEMAFC-F,2,period_0706,53.800000,2.5313,0.8444
PEMAFC-F,2,period_0706,53.850000,2.5308,0.7175
PEMAFC-F,2,period_0706,53.900000,2.5302,0.9766
PEMAFC-F,2,period_0706,53.950000,2.5293,1.1517
PEMAFC-F,2,period_0706,54.000000,2.5287,0.7475
PEMAFC-F,2,period_0706,54.050000,2.5281,0.9691
PEMAFC-F,2,period_0706,54.100000,2.5280,0.9455
PEMAFC-F,2,period_0706,54.150000,2.5276,1.6212
PEMAFC-F,2,period_0706,54.200000,2.5270,0.8172
PEMAFC-F,2,period_0706,54.250000,2.5266,1.0807
PEMAFC-F,2,period_0706,54.300000,2.5262,2.0380
PEMAFC-F,2,period_0706,54.350000,2.5258,0.8044
PEMAFC-F,2,period_0706,54.400000,2.5253,1.1367
PEMAFC-F,2,period_0706,54.450000,2.5246,0.8018
PEMAFC-F,2,period_0706,54.500000,2.5240,0.9279
PEMAFC-F,2,period_0706,54.550000,2.5234,1.3266
PEMAFC-F,2,period_0706,54.600000,2.5229,1.2923
PEMAFC-F,2,period_0706,54.650000,2.5222,1.0976
PEMAFC-F,2,period_0706,54.700000,2.5219,1.3713
PEMAFC-F,2,period_0706,54.750000,2.5212,0.9002
PEMAFC-F,2,period_0706,54.800000,2.5204,0.5727
PEMAFC-F,2,period_0706,54.850000,2.5205,1.0430
PEMAFC-F,2,period_0706,54.900000,2.5201,0.8171
PEMAFC-F,2,period_0706,54.950000,2.5196,1.3128
PEMAFC-F,2,period_0706,55.000000,2.5192,1.0428
PEMAFC-F,2,period_0706,55.050000,2.5185,1.3718
PEMAFC-F,2,period_0706,55.100000,2.5175,1.0470
PEMAFC-F,2,period_0706,55.150000,2.5167,0.9018
PEMAFC-F,2,period_0706,55.200000,2.5161,0.8372
PEMAFC-F,2,period_0706,55.250000,2.5156,0.8745
PEMAFC-F,2,period_0706,55.300000,2.5153,1.2858
PEMAFC-F,2,period_0706,55.350000,2.5147,0.8735
PEMAFC-F,2,period_0706,55.400000,2.5140,0.9374
PEMAFC-F,2,period_0706,55.450000,2.5136,1.3362
PEMAFC-F,2,period_0706,55.500000,2.5127,0.7293
PEMAFC-F,2,period_0706,55.550000,2.5123,1.0497
PEMAFC-F,2,period_0706,55.600000,2.5118,0.8182
PEMAFC-F,2,period_0706,55.650000,2.5112,1.4174
PEMAFC-F,2,period_0706,55.700000,2.5105,1.0021
PEMAFC-F,2,period_0706,55.750000,2.5103,1.3500
PEMAFC-F,2,period_0706,55.800000,2.5099,1.2577
PEMAFC-F,2,period_0706,55.850000,2.5097,0.5522
PEMAFC-F,2,period_0706,55.900000,2.5089,0.6784
PEMAFC-F,2,period_0706,55.950000,2.5083,1.1052
PEMAFC-F,2,period_0706,56.000000,2.5078,1.2114
PEMAFC-F,2,period_0706,56.050000,2.5075,1.2192
PEMAFC-F,2,period_0706,56.100000,2.5071,1.3187
PEMAFC-F,2,period_0706,56.150000,2.5064,1.0841
PEMAFC-F,2,period_0706,56.200000,2.5057,0.6074
PEMAFC-F,2,period_0706,56.250000,2.5052,0.5711
PEMAFC-F,2,period_0706,56.300000,2.5051,0.8159
PEMAFC-F,2,period_0706,56.350000,2.5045,1.2479
PEMAFC-F,2,period_0706,56.400000,2.5041,0.9728
PEMAFC-F,2,period_0706,56.450000,2.5034,0.7982
PEMAFC-F,2,period_0706,56.500000,2.5031,1.1329
PEMAFC-F,2,period_0706,56.550000,2.5027,0.9487
PEMAFC-F,2,period_0706,56.600000,2.5022,0.8462
PEMAFC-F,2,period_0706,56.650000,2.5018,0.9220
PEMAFC-F,2,period_0706,56.700000,2.5018,1.3014
PEMAFC-F,2,period_0706,56.750000,2.5013,1.3476
PEMAFC-F,2,period_0706,56.800000,2.5007,1.0887
PEMAFC-F,2,period_0706,56.850000,2.5002,1.2741
PEMAFC-F,2,period_0706,56.900000,2.5001,1.3363
PEMAFC-F,2,period_0706,56.950000,2.4998,1.3468
PEMAFC-F,2,period_0706,57.000000,2.4993,1.2800
PEMAFC-F,2,period_0706,57.050000,2.4992,1.0121
PEMAFC-F,2,period_0706,57.100000,2.4989,0.8796
PEMAFC-F,2,period_0706,57.150000,2.4985,1.4096
PEMAFC-F,2,period_0706,57.200000,2.4981,1.2460
PEMAFC-F,2,period_0706,57.250000,2.4976,0.8382
PEMAFC-F,2,period_0706,57.300000,2.4971,0.8627
PEMAFC-F,2,period_0706,57.350000,2.4967,1.3042
PEMAFC-F,2,period_0706,57.400000,2.4965,1.2659
PEMAFC-F,2,period_0706,57.450000,2.4962,1.5463
PEMAFC-F,2,period_0706,57.500000,2.4956,0.9906
PEMAFC-F,2,period_0706,57.550000,2.4950,1.4795
PEMAFC-F,2,period_0706,57.600000,2.4945,1.2568
PEMAFC-F,2,period_0706,57.650000,2.4940,1.2628
PEMAFC-F,2,period_0706,57.700000,2.4937,1.1851
PEMAFC-F,2,period_0706,57.750000,2.4933,1.2405
PEMAFC-F,2,period_0706,57.800000,2.4930,1.1974
PEMAFC-F,2,period_0706,57.850000,2.4928,1.1098
PEMAFC-F,2,period_0706,57.900000,2.4925,1.2771
PEMAFC-F,2,period_0706,57.950000,2.4920,1.4922
PEMAFC-F,2,period_0706,58.000000,2.4919,1.3742
PEMAFC-F,2,period_0706,58.050000,2.4913,0.6933
PEMAFC-F,2,period_0706,58.100000,2.4913,1.4061
PEMAFC-F,2,period_0706,58.150000,2.4910,0.8982
PEMAFC-F,2,period_0706,58.200000,2.4907,1.0561
PEMAFC-F,2,period_0706,58.250000,2.4902,1.2634
PEMAFC-F,2,period_0706,58.300000,2.4897,0.9787
PEMAFC-F,2,period_0706,58.350000,2.4891,1.3791
PEMAFC-F,2,period_0706,58.400000,2.4887,0.7199
PEMAFC-F,2,period_0706,58.450000,2.4882,1.1341
PEMAFC-F,2,period_0706,58.500000,2.4880,1.3882
PEMAFC-F,2,period_0706,58.550000,2.4877,1.3152
PEMAFC-F,2,period_0706,58.600000,2.4877,1.7560
PEMAFC-F,2,period_0706,58.650000,2.4876,1.5247
PEMAFC-F,2,period_0706,58.700000,2.4874,1.0255
PEMAFC-F,2,period_0706,58.750000,2.4870,1.2457
PEMAFC-F,2,period_0706,58.800000,2.4866,0.9462
PEMAFC-F,2,period_0706,58.850000,2.4861,0.8259
PEMAFC-F,2,period_0706,58.900000,2.4856,0.9065
PEMAFC-F,2,period_0706,58.950000,2.4853,1.1750
PEMAFC-F,2,period_0706,59.000000,2.4850,1.6482
PEMAFC-F,2,period_0706,59.050000,2.4852,0.9968
PEMAFC-F,2,period_0706,59.100000,2.4854,1.6973
PEMAFC-F,2,period_0706,59.150000,2.4851,0.9014
PEMAFC-F,2,period_0706,59.200000,2.4850,0.9275
PEMAFC-F,2,period_0706,59.250000,2.4846,1.0920
PEMAFC-F,2,period_0706,59.300000,2.4840,1.4078
PEMAFC-F,2,period_0706,59.350000,2.4843,1.2276
PEMAFC-F,2,period_0706,59.400000,2.4841,1.3918
PEMAFC-F,2,period_0706,59.450000,2.4839,1.1893
PEMAFC-F,2,period_0706,59.500000,2.4837,1.1848
PEMAFC-F,2,period_0706,59.550000,2.4836,0.9650
PEMAFC-F,2,period_0706,59.600000,2.4832,0.8932
PEMAFC-F,2,period_0706,59.650000,2.4831,1.0142
PEMAFC-F,2,period_0706,59.700000,2.4829,1.2625
PEMAFC-F,2,period_0706,59.750000,2.4827,0.9522
PEMAFC-F,2,period_0706,59.800000,2.4829,1.0222
PEMAFC-F,2,period_0706,59.850000,2.4828,1.8591
PEMAFC-F,2,period_0706,59.900000,2.4826,2.1277
PEMAFC-F,2,period_0706,59.950000,2.4822,1.0945
PEMAFC-F,2,period_0706,60.000000,2.4818,1.9031
PEMAFC-F,3,period_0987,60.000667,0.2894,-15.6677
PEMAFC-F,3,period_0987,60.050000,0.2895,-0.0751
PEMAFC-F,3,period_0987,60.100000,0.2900,0.0402
PEMAFC-F,3,period_0987,60.150000,0.2905,-0.1496
PEMAFC-F,3,period_0987,60.200000,0.2906,-0.0187
PEMAFC-F,3,period_0987,60.250000,0.2917,-0.1251
PEMAFC-F,3,period_0987,60.300000,0.2913,0.0574
PEMAFC-F,3,period_0987,60.350000,0.2919,-0.0687
PEMAFC-F,3,period_0987,60.400000,0.2918,0.1241
PEMAFC-F,3,period_0987,60.450000,0.2921,0.0977
PEMAFC-F,3,period_0987,60.500000,0.2922,0.0420
PEMAFC-F,3,period_0987,60.550000,0.2926,0.2336
PEMAFC-F,3,period_0987,60.600000,0.2929,0.1904
PEMAFC-F,3,period_0987,60.650000,0.2932,0.1010
PEMAFC-F,3,period_0987,60.700000,0.2931,0.0668
PEMAFC-F,3,period_0987,60.750000,0.2927,0.2585
PEMAFC-F,3,period_0987,60.800000,0.2931,0.0262
PEMAFC-F,3,period_0987,60.850000,0.2930,0.0634
PEMAFC-F,3,period_0987,60.900000,0.2937,0.0510
PEMAFC-F,3,period_0987,60.950000,0.2938,0.0707
PEMAFC-F,3,period_0987,61.000000,0.2941,0.1358
PEMAFC-F,3,period_0987,61.050000,0.2942,0.1130
PEMAFC-F,3,period_0987,61.100000,0.2943,0.2787
PEMAFC-F,3,period_0987,61.150000,0.2941,0.2616
PEMAFC-F,3,period_0987,61.200000,0.2946,0.2312
PEMAFC-F,3,period_0987,61.250000,0.2945,0.3524
PEMAFC-F,3,period_0987,61.300000,0.2947,0.2586
PEMAFC-F,3,period_0987,61.350000,0.2949,0.2504
PEMAFC-F,3,period_0987,61.400000,0.2954,0.2481
PEMAFC-F,3,period_0987,61.450000,0.2963,0.2508
PEMAFC-F,3,period_0987,61.500000,0.2967,0.3909
PEMAFC-F,3,period_0987,61.550000,0.2970,0.3164
PEMAFC-F,3,period_0987,61.600000,0.2973,0.2962
PEMAFC-F,3,period_0987,61.650000,0.2980,0.2451
PEMAFC-F,3,period_0987,61.700000,0.2983,0.2879
PEMAFC-F,3,period_0987,61.750000,0.2984,0.4175
PEMAFC-F,3,period_0987,61.800000,0.2984,0.3643
PEMAFC-F,3,period_0987,61.850000,0.2985,0.2485
PEMAFC-F,3,period_0987,61.900000,0.2990,0.2608
PEMAFC-F,3,period_0987,61.950000,0.2993,0.2897
PEMAFC-F,3,period_0987,62.000000,0.2995,0.2935
PEMAFC-F,3,period_0987,62.050000,0.3003,0.2903
PEMAFC-F,3,period_0987,62.100000,0.3008,0.3192
PEMAFC-F,3,period_0987,62.150000,0.3014,0.2314
PEMAFC-F,3,period_0987,62.200000,0.3018,0.3719
PEMAFC-F,3,period_0987,62.250000,0.3027,0.2518
PEMAFC-F,3,period_0987,62.300000,0.3031,0.4381
PEMAFC-F,3,period_0987,62.350000,0.3036,0.3569
PEMAFC-F,3,period_0987,62.400000,0.3046,0.1773
PEMAFC-F,3,period_0987,62.450000,0.3049,0.3513
PEMAFC-F,3,period_0987,62.500000,0.3055,0.2809
PEMAFC-F,3,period_0987,62.550000,0.3066,0.3350
PEMAFC-F,3,period_0987,62.600000,0.3072,0.4049
PEMAFC-F,3,period_0987,62.650000,0.3076,0.4534
PEMAFC-F,3,period_0987,62.700000,0.3079,0.4970
PEMAFC-F,3,period_0987,62.750000,0.3080,0.4252
PEMAFC-F,3,period_0987,62.800000,0.3083,0.4496
PEMAFC-F,3,period_0987,62.850000,0.3093,0.4246
PEMAFC-F,3,period_0987,62.900000,0.3094,0.6623
PEMAFC-F,3,period_0987,62.950000,0.3103,0.4844
PEMAFC-F,3,period_0987,63.000000,0.3111,0.4959
PEMAFC-F,3,period_0987,63.050000,0.3115,0.6094
PEMAFC-F,3,period_0987,63.100000,0.3132,0.3233
PEMAFC-F,3,period_0987,63.150000,0.3136,0.4682
PEMAFC-F,3,period_0987,63.200000,0.3141,0.4933
PEMAFC-F,3,period_0987,63.250000,0.3151,0.5231
PEMAFC-F,3,period_0987,63.300000,0.3156,0.5300
PEMAFC-F,3,period_0987,63.350000,0.3167,0.5789
PEMAFC-F,3,period_0987,63.400000,0.3175,0.4328
PEMAFC-F,3,period_0987,63.450000,0.3183,0.5262
PEMAFC-F,3,period_0987,63.500000,0.3195,0.5104
PEMAFC-F,3,period_0987,63.550000,0.3207,0.4542
PEMAFC-F,3,period_0987,63.600000,0.3213,0.6675
PEMAFC-F,3,period_0987,63.650000,0.3217,0.5971
PEMAFC-F,3,period_0987,63.700000,0.3229,0.5815
PEMAFC-F,3,period_0987,63.750000,0.3231,0.6184
PEMAFC-F,3,period_0987,63.800000,0.3240,0.5415
PEMAFC-F,3,period_0987,63.850000,0.3247,0.5825
PEMAFC-F,3,period_0987,63.900000,0.3252,0.6332
PEMAFC-F,3,period_0987,63.950000,0.3260,0.4858
PEMAFC-F,3,period_0987,64.000000,0.3267,0.5037
PEMAFC-F,3,period_0987,64.050000,0.3275,0.5903
PEMAFC-F,3,period_0987,64.100000,0.3285,0.6330
PEMAFC-F,3,period_0987,64.150000,0.3292,0.5666
PEMAFC-F,3,period_0987,64.200000,0.3296,0.7185
PEMAFC-F,3,period_0987,64.250000,0.3306,0.5785
PEMAFC-F,3,period_0987,64.300000,0.3314,0.7871
PEMAFC-F,3,period_0987,64.350000,0.3324,0.5419
PEMAFC-F,3,period_0987,64.400000,0.3331,0.7027
PEMAFC-F,3,period_0987,64.450000,0.3343,0.6242
PEMAFC-F,3,period_0987,64.500000,0.3350,0.6249
PEMAFC-F,3,period_0987,64.550000,0.3360,0.7299
PEMAFC-F,3,period_0987,64.600000,0.3367,0.6419
PEMAFC-F,3,period_0987,64.650000,0.3377,0.5966
PEMAFC-F,3,period_0987,64.700000,0.3384,0.7054
PEMAFC-F,3,period_0987,64.750000,0.3395,0.6746
PEMAFC-F,3,period_0987,64.800000,0.3408,0.6151
PEMAFC-F,3,period_0987,64.850000,0.3414,0.6933
PEMAFC-F,3,period_0987,64.900000,0.3428,0.6770
PEMAFC-F,3,period_0987,64.950000,0.3435,0.6672
PEMAFC-F,3,period_0987,65.000000,0.3446,0.5701
PEMAFC-F,3,period_0987,65.050000,0.3454,0.7469
PEMAFC-F,3,period_0987,65.100000,0.3469,0.6201
PEMAFC-F,3,period_0987,65.150000,0.3481,0.7142
PEMAFC-F,3,period_0987,65.200000,0.3484,0.8020
PEMAFC-F,3,period_0987,65.250000,0.3489,0.6655
PEMAFC-F,3,period_0987,65.300000,0.3498,0.6923
PEMAFC-F,3,period_0987,65.350000,0.3508,0.6828
PEMAFC-F,3,period_0987,65.400000,0.3515,0.8336
PEMAFC-F,3,period_0987,65.450000,0.3528,0.7512
PEMAFC-F,3,period_0987,65.500000,0.3541,0.6954
PEMAFC-F,3,period_0987,65.550000,0.3552,0.7970
PEMAFC-F,3,period_0987,65.600000,0.3560,0.9096
PEMAFC-F,3,period_0987,65.650000,0.3566,0.8801
PEMAFC-F,3,period_0987,65.700000,0.3574,0.7596
PEMAFC-F,3,period_0987,65.750000,0.3581,0.7236
PEMAFC-F,3,period_0987,65.800000,0.3585,0.8506
PEMAFC-F,3,period_0987,65.850000,0.3595,0.8411
PEMAFC-F,3,period_0987,65.900000,0.3607,0.7958
PEMAFC-F,3,period_0987,65.950000,0.3613,0.8922
PEMAFC-F,3,period_0987,66.000000,0.3626,0.7759
PEMAFC-F,3,period_0987,66.050000,0.3634,0.7911
PEMAFC-F,3,period_0987,66.100000,0.3643,0.8634
PEMAFC-F,3,period_0987,66.150000,0.3652,0.8721
PEMAFC-F,3,period_0987,66.200000,0.3661,0.8649
PEMAFC-F,3,period_0987,66.250000,0.3674,0.8174
PEMAFC-F,3,period_0987,66.300000,0.3688,0.7693
PEMAFC-F,3,period_0987,66.350000,0.3692,0.8784
PEMAFC-F,3,period_0987,66.400000,0.3702,0.8781
PEMAFC-F,3,period_0987,66.450000,0.3721,0.7556
PEMAFC-F,3,period_0987,66.500000,0.3725,1.0396
PEMAFC-F,3,period_0987,66.550000,0.3738,0.8950
PEMAFC-F,3,period_0987,66.600000,0.3751,0.8291
PEMAFC-F,3,period_0987,66.650000,0.3762,0.8357
PEMAFC-F,3,period_0987,66.700000,0.3777,0.8081
PEMAFC-F,3,period_0987,66.750000,0.3792,0.8668
PEMAFC-F,3,period_0987,66.800000,0.3804,0.9074
PEMAFC-F,3,period_0987,66.850000,0.3821,0.9924
PEMAFC-F,3,period_0987,66.900000,0.3828,0.9218
PEMAFC-F,3,period_0987,66.950000,0.3839,0.9970
PEMAFC-F,3,period_0987,67.000000,0.3848,0.9744
PEMAFC-F,3,period_0987,67.050000,0.3857,1.0269
PEMAFC-F,3,period_0987,67.100000,0.3867,1.0402
PEMAFC-F,3,period_0987,67.150000,0.3874,0.9370
PEMAFC-F,3,period_0987,67.200000,0.3887,0.9566
PEMAFC-F,3,period_0987,67.250000,0.3899,0.9932
PEMAFC-F,3,period_0987,67.300000,0.3904,1.0971
PEMAFC-F,3,period_0987,67.350000,0.3915,0.9592
PEMAFC-F,3,period_0987,67.400000,0.3925,1.2093
PEMAFC-F,3,period_0987,67.450000,0.3937,1.0022
PEMAFC-F,3,period_0987,67.500000,0.3943,1.1049
PEMAFC-F,3,period_0987,67.550000,0.3953,1.0433
PEMAFC-F,3,period_0987,67.600000,0.3961,1.0832
PEMAFC-F,3,period_0987,67.650000,0.3974,1.0024
PEMAFC-F,3,period_0987,67.700000,0.3982,1.0791
PEMAFC-F,3,period_0987,67.750000,0.3990,0.9785
PEMAFC-F,3,period_0987,67.800000,0.3997,1.1290
PEMAFC-F,3,period_0987,67.850000,0.4002,1.1979
PEMAFC-F,3,period_0987,67.900000,0.4012,1.0358
PEMAFC-F,3,period_0987,67.950000,0.4024,1.0755
PEMAFC-F,3,period_0987,68.000000,0.4030,1.0626
PEMAFC-F,3,period_0987,68.050000,0.4039,1.1102
PEMAFC-F,3,period_0987,68.100000,0.4047,1.0806
PEMAFC-F,3,period_0987,68.150000,0.4055,1.1375
PEMAFC-F,3,period_0987,68.200000,0.4066,1.0412
PEMAFC-F,3,period_0987,68.250000,0.4079,1.0735
PEMAFC-F,3,period_0987,68.300000,0.4092,1.1562
PEMAFC-F,3,period_0987,68.350000,0.4107,1.0366
PEMAFC-F,3,period_0987,68.400000,0.4119,1.0841
PEMAFC-F,3,period_0987,68.450000,0.4130,1.0449
PEMAFC-F,3,period_0987,68.500000,0.4146,1.0433
PEMAFC-F,3,period_0987,68.550000,0.4156,1.1704
PEMAFC-F,3,period_0987,68.600000,0.4166,1.2140
PEMAFC-F,3,period_0987,68.650000,0.4179,1.0976
PEMAFC-F,3,period_0987,68.700000,0.4192,1.1093
PEMAFC-F,3,period_0987,68.750000,0.4199,1.2249
PEMAFC-F,3,period_0987,68.800000,0.4208,1.1719
PEMAFC-F,3,period_0987,68.850000,0.4222,1.1496
PEMAFC-F,3,period_0987,68.900000,0.4231,1.2686
PEMAFC-F,3,period_0987,68.950000,0.4243,1.1678
PEMAFC-F,3,period_0987,69.000000,0.4256,1.1708
PEMAFC-F,3,period_0987,69.050000,0.4271,1.1724
PEMAFC-F,3,period_0987,69.100000,0.4282,1.1296
PEMAFC-F,3,period_0987,69.150000,0.4293,1.1602
PEMAFC-F,3,period_0987,69.200000,0.4303,1.3733
PEMAFC-F,3,period_0987,69.250000,0.4315,1.2260
PEMAFC-F,3,period_0987,69.300000,0.4326,1.2507
PEMAFC-F,3,period_0987,69.350000,0.4335,1.2834
PEMAFC-F,3,period_0987,69.400000,0.4344,1.3721
PEMAFC-F,3,period_0987,69.450000,0.4356,1.1197
PEMAFC-F,3,period_0987,69.500000,0.4367,1.0968
PEMAFC-F,3,period_0987,69.550000,0.4376,1.3510
PEMAFC-F,3,period_0987,69.600000,0.4389,1.1660
PEMAFC-F,3,period_0987,69.650000,0.4404,1.2754
PEMAFC-F,3,period_0987,69.700000,0.4417,1.1876
PEMAFC-F,3,period_0987,69.750000,0.4425,1.3597
PEMAFC-F,3,period_0987,69.800000,0.4438,1.3800
PEMAFC-F,3,period_0987,69.850000,0.4452,1.3110
PEMAFC-F,3,period_0987,69.900000,0.4467,1.2305
PEMAFC-F,3,period_0987,69.950000,0.4480,1.2599
PEMAFC-F,3,period_0987,70.000000,0.4486,1.3782
PEMAFC-F,3,period_0987,70.050000,0.4497,1.3524
PEMAFC-F,3,period_0987,70.100000,0.4513,1.3132
PEMAFC-F,3,period_0987,70.150000,0.4523,1.3808
PEMAFC-F,3,period_0987,70.200000,0.4537,1.3290
PEMAFC-F,3,period_0987,70.250000,0.4549,1.3698
PEMAFC-F,3,period_0987,70.300000,0.4562,1.3639
PEMAFC-F,3,period_0987,70.350000,0.4571,1.3245
PEMAFC-F,3,period_0987,70.400000,0.4583,1.3820
PEMAFC-F,3,period_0987,70.450000,0.4594,1.3241
PEMAFC-F,3,period_0987,70.500000,0.4604,1.3524
PEMAFC-F,3,period_0987,70.550000,0.4620,1.2753
PEMAFC-F,3,period_0987,70.600000,0.4634,1.3525
PEMAFC-F,3,period_0987,70.650000,0.4650,1.2359
PEMAFC-F,3,period_0987,70.700000,0.4660,1.4590
PEMAFC-F,3,period_0987,70.750000,0.4671,1.3937
PEMAFC-F,3,period_0987,70.800000,0.4681,1.4036
PEMAFC-F,3,period_0987,70.850000,0.4692,1.4827
PEMAFC-F,3,period_0987,70.900000,0.4699,1.4090
PEMAFC-F,3,period_0987,70.950000,0.4711,1.3474
PEMAFC-F,3,period_0987,71.000000,0.4725,1.3526
PEMAFC-F,3,period_0987,71.050000,0.4739,1.4761
PEMAFC-F,3,period_0987,71.100000,0.4754,1.3935
PEMAFC-F,3,period_0987,71.150000,0.4766,1.4112
PEMAFC-F,3,period_0987,71.200000,0.4782,1.4649
PEMAFC-F,3,period_0987,71.250000,0.4799,1.4362
PEMAFC-F,3,period_0987,71.300000,0.4812,1.4171
PEMAFC-F,3,period_0987,71.350000,0.4826,1.5062
PEMAFC-F,3,period_0987,71.400000,0.4839,1.5152
PEMAFC-F,3,period_0987,71.450000,0.4852,1.5290
PEMAFC-F,3,period_0987,71.500000,0.4860,1.5160
PEMAFC-F,3,period_0987,71.550000,0.4874,1.4802
PEMAFC-F,3,period_0987,71.600000,0.4884,1.4355
PEMAFC-F,3,period_0987,71.650000,0.4895,1.4475
PEMAFC-F,3,period_0987,71.700000,0.4910,1.4236
PEMAFC-F,3,period_0987,71.750000,0.4922,1.5625
PEMAFC-F,3,period_0987,71.800000,0.4931,1.6094
PEMAFC-F,3,period_0987,71.850000,0.4947,1.4723
PEMAFC-F,3,period_0987,71.900000,0.4957,1.4625
PEMAFC-F,3,period_0987,71.950000,0.4969,1.6062
PEMAFC-F,3,period_0987,72.000000,0.4982,1.4723
PEMAFC-F,3,period_0987,72.050000,0.4991,1.6010
PEMAFC-F,3,period_0987,72.100000,0.5008,1.5566
PEMAFC-F,3,period_0987,72.150000,0.5016,1.6381
PEMAFC-F,3,period_0987,72.200000,0.5030,1.5145
PEMAFC-F,3,period_0987,72.250000,0.5043,1.5921
PEMAFC-F,3,period_0987,72.300000,0.5052,1.5319
PEMAFC-F,3,period_0987,72.350000,0.5064,1.5148
PEMAFC-F,3,period_0987,72.400000,0.5079,1.6153
PEMAFC-F,3,period_0987,72.450000,0.5093,1.6531
PEMAFC-F,3,period_0987,72.500000,0.5104,1.6557
PEMAFC-F,3,period_0987,72.550000,0.5113,1.6149
PEMAFC-F,3,period_0987,72.600000,0.5121,1.6536
PEMAFC-F,3,period_0987,72.650000,0.5133,1.6639
PEMAFC-F,3,period_0987,72.700000,0.5144,1.4828
PEMAFC-F,3,period_0987,72.750000,0.5157,1.6683
PEMAFC-F,3,period_0987,72.800000,0.5174,1.6506
PEMAFC-F,3,period_0987,72.850000,0.5189,1.6067
PEMAFC-F,3,period_0987,72.900000,0.5199,1.6675
PEMAFC-F,3,period_0987,72.950000,0.5210,1.6426
PEMAFC-F,3,period_0987,73.000000,0.5227,1.6571
PEMAFC-F,3,period_0987,73.050000,0.5236,1.6931
PEMAFC-F,3,period_0987,73.100000,0.5246,1.7546
PEMAFC-F,3,period_0987,73.150000,0.5258,1.7663
PEMAFC-F,3,period_0987,73.200000,0.5272,1.5669
PEMAFC-F,3,period_0987,73.250000,0.5287,1.6575
PEMAFC-F,3,period_0987,73.300000,0.5296,1.7059
PEMAFC-F,3,period_0987,73.350000,0.5313,1.6904
PEMAFC-F,3,period_0987,73.400000,0.5322,1.7364
PEMAFC-F,3,period_0987,73.450000,0.5336,1.8277
PEMAFC-F,3,period_0987,73.500000,0.5345,1.7337
PEMAFC-F,3,period_0987,73.550000,0.5365,1.7615
PEMAFC-F,3,period_0987,73.600000,0.5382,1.7223
PEMAFC-F,3,period_0987,73.650000,0.5391,1.8417
PEMAFC-F,3,period_0987,73.700000,0.5407,1.7142
PEMAFC-F,3,period_0987,73.750000,0.5420,1.8250
PEMAFC-F,3,period_0987,73.800000,0.5441,1.6697
PEMAFC-F,3,period_0987,73.850000,0.5459,1.7934
PEMAFC-F,3,period_0987,73.900000,0.5470,1.7504
PEMAFC-F,3,period_0987,73.950000,0.5485,1.8010
PEMAFC-F,3,period_0987,74.000000,0.5502,1.7570
PEMAFC-F,3,period_0987,74.050000,0.5518,1.8457
PEMAFC-F,3,period_0987,74.100000,0.5532,1.6834
PEMAFC-F,3,period_0987,74.150000,0.5544,1.8214
PEMAFC-F,3,period_0987,74.200000,0.5557,1.6966
PEMAFC-F,3,period_0987,74.250000,0.5572,1.7837
PEMAFC-F,3,period_0987,74.300000,0.5585,1.8642
PEMAFC-F,3,period_0987,74.350000,0.5599,1.7036
PEMAFC-F,3,period_0987,74.400000,0.5614,1.7494
PEMAFC-F,3,period_0987,74.450000,0.5630,1.7666
PEMAFC-F,3,period_0987,74.500000,0.5640,1.9298
PEMAFC-F,3,period_0987,74.550000,0.5655,1.7558
PEMAFC-F,3,period_0987,74.600000,0.5669,1.8099
PEMAFC-F,3,period_0987,74.650000,0.5680,1.8396
PEMAFC-F,3,period_0987,74.700000,0.5693,1.6810
PEMAFC-F,3,period_0987,74.750000,0.5705,1.8122
PEMAFC-F,3,period_0987,74.800000,0.5717,1.9028
PEMAFC-F,3,period_0987,74.850000,0.5732,1.8094
PEMAFC-F,3,period_0987,74.900000,0.5746,1.8234
PEMAFC-F,3,period_0987,74.950000,0.5758,1.9295
PEMAFC-F,3,period_0987,75.000000,0.5775,1.9520
PEMAFC-F,3,period_0987,75.050000,0.5790,1.8547
PEMAFC-F,3,period_0987,75.100000,0.5803,1.9312
PEMAFC-F,3,period_0987,75.150000,0.5819,1.8422
PEMAFC-F,3,period_0987,75.200000,0.5830,1.9578
PEMAFC-F,3,period_0987,75.250000,0.5844,1.9586
PEMAFC-F,3,period_0987,75.300000,0.5860,1.8721
PEMAFC-F,3,period_0987,75.350000,0.5878,1.9535
PEMAFC-F,3,period_0987,75.400000,0.5892,1.9860
PEMAFC-F,3,period_0987,75.450000,0.5905,1.9715
PEMAFC-F,3,period_0987,75.500000,0.5916,1.9568
PEMAFC-F,3,period_0987,75.550000,0.5929,1.9076
PEMAFC-F,3,period_0987,75.600000,0.5941,1.9939
PEMAFC-F,3,period_0987,75.650000,0.5956,2.0594
PEMAFC-F,3,period_0987,75.700000,0.5971,1.8145
PEMAFC-F,3,period_0987,75.750000,0.5988,1.9781
PEMAFC-F,3,period_0987,75.800000,0.6003,1.9861
PEMAFC-F,3,period_0987,75.850000,0.6017,2.1016
PEMAFC-F,3,period_0987,75.900000,0.6028,2.0526
PEMAFC-F,3,period_0987,75.950000,0.6048,2.0364
PEMAFC-F,3,period_0987,76.000000,0.6061,1.9476
PEMAFC-F,3,period_0987,76.050000,0.6075,2.0282
PEMAFC-F,3,period_0987,76.100000,0.6090,1.9727
PEMAFC-F,3,period_0987,76.150000,0.6102,2.1309
PEMAFC-F,3,period_0987,76.200000,0.6119,1.9915
PEMAFC-F,3,period_0987,76.250000,0.6131,2.0705
PEMAFC-F,3,period_0987,76.300000,0.6141,2.0623
PEMAFC-F,3,period_0987,76.350000,0.6155,2.0651
PEMAFC-F,3,period_0987,76.400000,0.6167,1.9825
PEMAFC-F,3,period_0987,76.450000,0.6180,2.0291
PEMAFC-F,3,period_0987,76.500000,0.6192,2.0040
PEMAFC-F,3,period_0987,76.550000,0.6208,2.1125
PEMAFC-F,3,period_0987,76.600000,0.6219,2.1077
PEMAFC-F,3,period_0987,76.650000,0.6235,1.8820
PEMAFC-F,3,period_0987,76.700000,0.6244,2.2152
PEMAFC-F,3,period_0987,76.750000,0.6251,2.1081
PEMAFC-F,3,period_0987,76.800000,0.6268,2.0152
PEMAFC-F,3,period_0987,76.850000,0.6281,2.1236
PEMAFC-F,3,period_0987,76.900000,0.6296,2.0935
PEMAFC-F,3,period_0987,76.950000,0.6306,2.1872
PEMAFC-F,3,period_0987,77.000000,0.6320,2.0086
PEMAFC-F,3,period_0987,77.050000,0.6335,2.1558
PEMAFC-F,3,period_0987,77.100000,0.6347,2.3261
PEMAFC-F,3,period_0987,77.150000,0.6359,2.1764
PEMAFC-F,3,period_0987,77.200000,0.6368,2.0756
PEMAFC-F,3,period_0987,77.250000,0.6378,2.1882
PEMAFC-F,3,period_0987,77.300000,0.6393,2.1939
PEMAFC-F,3,period_0987,77.350000,0.6410,2.1069
PEMAFC-F,3,period_0987,77.400000,0.6421,2.2869
PEMAFC-F,3,period_0987,77.450000,0.6435,2.1075
PEMAFC-F,3,period_0987,77.500000,0.6453,2.1539
PEMAFC-F,3,period_0987,77.550000,0.6469,2.0847
PEMAFC-F,3,period_0987,77.600000,0.6486,2.0444
PEMAFC-F,3,period_0987,77.650000,0.6497,2.1573
PEMAFC-F,3,period_0987,77.700000,0.6507,2.1785
PEMAFC-F,3,period_0987,77.750000,0.6522,2.1378
PEMAFC-F,3,period_0987,77.800000,0.6539,2.0839
PEMAFC-F,3,period_0987,77.850000,0.6550,2.1640
PEMAFC-F,3,period_0987,77.900000,0.6561,2.1676
PEMAFC-F,3,period_0987,77.950000,0.6576,2.0058
PEMAFC-F,3,period_0987,78.000000,0.6598,2.2225
PEMAFC-F,3,period_0987,78.050000,0.6609,2.3212
PEMAFC-F,3,period_0987,78.100000,0.6623,2.2716
PEMAFC-F,3,period_0987,78.150000,0.6636,2.2787
PEMAFC-F,3,period_0987,78.200000,0.6651,2.1462
PEMAFC-F,3,period_0987,78.250000,0.6665,2.2366
PEMAFC-F,3,period_0987,78.300000,0.6679,2.1994
PEMAFC-F,3,period_0987,78.350000,0.6695,2.4446
PEMAFC-F,3,period_0987,78.400000,0.6704,2.3403
PEMAFC-F,3,period_0987,78.450000,0.6720,2.0944
PEMAFC-F,3,period_0987,78.500000,0.6736,2.3080
PEMAFC-F,3,period_0987,78.550000,0.6747,2.2668
PEMAFC-F,3,period_0987,78.600000,0.6759,2.2190
PEMAFC-F,3,period_0987,78.650000,0.6777,2.3180
PEMAFC-F,3,period_0987,78.700000,0.6790,2.2188
PEMAFC-F,3,period_0987,78.750000,0.6808,2.2715
PEMAFC-F,3,period_0987,78.800000,0.6820,2.1825
PEMAFC-F,3,period_0987,78.850000,0.6831,2.3072
PEMAFC-F,3,period_0987,78.900000,0.6842,2.2500
PEMAFC-F,3,period_0987,78.950000,0.6855,2.3222
PEMAFC-F,3,period_0987,79.000000,0.6867,2.3868
PEMAFC-F,3,period_0987,79.050000,0.6884,2.1282
PEMAFC-F,3,period_0987,79.100000,0.6898,2.3477
PEMAFC-F,3,period_0987,79.150000,0.6913,2.3965
PEMAFC-F,3,period_0987,79.200000,0.6926,2.3535
PEMAFC-F,3,period_0987,79.250000,0.6941,2.2545
PEMAFC-F,3,period_0987,79.300000,0.6958,2.3377
PEMAFC-F,3,period_0987,79.350000,0.6971,2.3229
PEMAFC-F,3,period_0987,79.400000,0.6989,2.3726
PEMAFC-F,3,period_0987,79.450000,0.7003,2.1959
PEMAFC-F,3,period_0987,79.500000,0.7015,2.4331
PEMAFC-F,3,period_0987,79.550000,0.7027,2.3681
PEMAFC-F,3,period_0987,79.600000,0.7043,2.4626
PEMAFC-F,3,period_0987,79.650000,0.7058,2.2633
PEMAFC-F,3,period_0987,79.700000,0.7069,2.3574
PEMAFC-F,3,period_0987,79.750000,0.7086,2.4721
PEMAFC-F,3,period_0987,79.800000,0.7097,2.5399
PEMAFC-F,3,period_0987,79.850000,0.7110,2.3812
PEMAFC-F,3,period_0987,79.900000,0.7121,2.3859
PEMAFC-F,3,period_0987,79.950000,0.7132,2.4448
PEMAFC-F,3,period_0987,80.000000,0.7149,2.4123
PEMAFC-F,4,period_0894,80.000667,0.2780,-19.3846
PEMAFC-F,4,period_0894,80.050000,0.2788,0.5412
PEMAFC-F,4,period_0894,80.100000,0.2794,0.4738
PEMAFC-F,4,period_0894,80.150000,0.2800,0.4257
PEMAFC-F,4,period_0894,80.200000,0.2807,0.4181
PEMAFC-F,4,period_0894,80.250000,0.2814,0.4277
PEMAFC-F,4,period_0894,80.300000,0.2824,0.4645
PEMAFC-F,4,period_0894,80.350000,0.2827,0.4294
PEMAFC-F,4,period_0894,80.400000,0.2837,0.4724
PEMAFC-F,4,period_0894,80.450000,0.2846,0.4502
PEMAFC-F,4,period_0894,80.500000,0.2854,0.4964
PEMAFC-F,4,period_0894,80.550000,0.2864,0.4759
PEMAFC-F,4,period_0894,80.600000,0.2873,0.4814
PEMAFC-F,4,period_0894,80.650000,0.2881,0.4017
PEMAFC-F,4,period_0894,80.700000,0.2889,0.4951
PEMAFC-F,4,period_0894,80.750000,0.2899,0.4878
PEMAFC-F,4,period_0894,80.800000,0.2906,0.5106
PEMAFC-F,4,period_0894,80.850000,0.2911,0.4244
PEMAFC-F,4,period_0894,80.900000,0.2916,0.5237
PEMAFC-F,4,period_0894,80.950000,0.2929,0.5701
PEMAFC-F,4,period_0894,81.000000,0.2939,0.5615
PEMAFC-F,4,period_0894,81.050000,0.2947,0.5917
PEMAFC-F,4,period_0894,81.100000,0.2955,0.5530
PEMAFC-F,4,period_0894,81.150000,0.2962,0.6267
PEMAFC-F,4,period_0894,81.200000,0.2972,0.4300
PEMAFC-F,4,period_0894,81.250000,0.2981,0.6104
PEMAFC-F,4,period_0894,81.300000,0.2992,0.5783
PEMAFC-F,4,period_0894,81.350000,0.2998,0.6203
PEMAFC-F,4,period_0894,81.400000,0.3010,0.6325
PEMAFC-F,4,period_0894,81.450000,0.3020,0.5635
PEMAFC-F,4,period_0894,81.500000,0.3028,0.5226
PEMAFC-F,4,period_0894,81.550000,0.3040,0.5348
PEMAFC-F,4,period_0894,81.600000,0.3051,0.5127
PEMAFC-F,4,period_0894,81.650000,0.3058,0.5127
PEMAFC-F,4,period_0894,81.700000,0.3067,0.4663
PEMAFC-F,4,period_0894,81.750000,0.3076,0.5504
PEMAFC-F,4,period_0894,81.800000,0.3085,0.5406
PEMAFC-F,4,period_0894,81.850000,0.3100,0.6060
PEMAFC-F,4,period_0894,81.900000,0.3110,0.5302
PEMAFC-F,4,period_0894,81.950000,0.3122,0.5279
PEMAFC-F,4,period_0894,82.000000,0.3139,0.7545
PEMAFC-F,4,period_0894,82.050000,0.3154,0.5640
PEMAFC-F,4,period_0894,82.100000,0.3161,0.6761
PEMAFC-F,4,period_0894,82.150000,0.3171,0.5288
PEMAFC-F,4,period_0894,82.200000,0.3184,0.7691
PEMAFC-F,4,period_0894,82.250000,0.3195,0.6256
PEMAFC-F,4,period_0894,82.300000,0.3210,0.6178
PEMAFC-F,4,period_0894,82.350000,0.3222,0.5813
PEMAFC-F,4,period_0894,82.400000,0.3232,0.5981
PEMAFC-F,4,period_0894,82.450000,0.3244,0.6979
PEMAFC-F,4,period_0894,82.500000,0.3259,0.6175
PEMAFC-F,4,period_0894,82.550000,0.3274,0.6006
PEMAFC-F,4,period_0894,82.600000,0.3283,0.7492
PEMAFC-F,4,period_0894,82.650000,0.3295,0.6245
PEMAFC-F,4,period_0894,82.700000,0.3303,0.6559
PEMAFC-F,4,period_0894,82.750000,0.3312,0.7126
PEMAFC-F,4,period_0894,82.800000,0.3326,0.7786
PEMAFC-F,4,period_0894,82.850000,0.3337,0.6637
PEMAFC-F,4,period_0894,82.900000,0.3349,0.6771
PEMAFC-F,4,period_0894,82.950000,0.3362,0.8481
PEMAFC-F,4,period_0894,83.000000,0.3376,0.6603
PEMAFC-F,4,period_0894,83.050000,0.3392,0.7370
PEMAFC-F,4,period_0894,83.100000,0.3402,0.6718
PEMAFC-F,4,period_0894,83.150000,0.3414,0.6862
PEMAFC-F,4,period_0894,83.200000,0.3430,0.6783
PEMAFC-F,4,period_0894,83.250000,0.3443,0.7216
PEMAFC-F,4,period_0894,83.300000,0.3456,0.6514
PEMAFC-F,4,period_0894,83.350000,0.3467,0.6406
PEMAFC-F,4,period_0894,83.400000,0.3480,0.6861
PEMAFC-F,4,period_0894,83.450000,0.3494,0.7525
PEMAFC-F,4,period_0894,83.500000,0.3510,0.6457
PEMAFC-F,4,period_0894,83.550000,0.3526,0.7544
PEMAFC-F,4,period_0894,83.600000,0.3541,0.7769
PEMAFC-F,4,period_0894,83.650000,0.3553,0.7469
PEMAFC-F,4,period_0894,83.700000,0.3566,0.7864
PEMAFC-F,4,period_0894,83.750000,0.3578,0.8292
PEMAFC-F,4,period_0894,83.800000,0.3596,0.7800
PEMAFC-F,4,period_0894,83.850000,0.3610,0.8866
PEMAFC-F,4,period_0894,83.900000,0.3619,0.7550
PEMAFC-F,4,period_0894,83.950000,0.3634,0.7867
PEMAFC-F,4,period_0894,84.000000,0.3648,0.7796
PEMAFC-F,4,period_0894,84.050000,0.3656,0.8585
PEMAFC-F,4,period_0894,84.100000,0.3667,0.8529
PEMAFC-F,4,period_0894,84.150000,0.3677,0.7057
PEMAFC-F,4,period_0894,84.200000,0.3692,0.7458
PEMAFC-F,4,period_0894,84.250000,0.3704,0.8197
PEMAFC-F,4,period_0894,84.300000,0.3717,0.8143
PEMAFC-F,4,period_0894,84.350000,0.3726,0.7843
PEMAFC-F,4,period_0894,84.400000,0.3741,0.7750
PEMAFC-F,4,period_0894,84.450000,0.3754,0.9208
PEMAFC-F,4,period_0894,84.500000,0.3766,0.7389
PEMAFC-F,4,period_0894,84.550000,0.3782,0.8041
PEMAFC-F,4,period_0894,84.600000,0.3799,0.9063
PEMAFC-F,4,period_0894,84.650000,0.3813,0.8413
PEMAFC-F,4,period_0894,84.700000,0.3826,0.8738
PEMAFC-F,4,period_0894,84.750000,0.3840,0.8080
PEMAFC-F,4,period_0894,84.800000,0.3854,0.8871
PEMAFC-F,4,period_0894,84.850000,0.3866,0.8561
PEMAFC-F,4,period_0894,84.900000,0.3884,0.9606
PEMAFC-F,4,period_0894,84.950000,0.3900,0.6981
PEMAFC-F,4,period_0894,85.000000,0.3913,0.8621
PEMAFC-F,4,period_0894,85.050000,0.3928,0.8748
PEMAFC-F,4,period_0894,85.100000,0.3941,0.9358
PEMAFC-F,4,period_0894,85.150000,0.3956,0.8095
PEMAFC-F,4,period_0894,85.200000,0.3969,0.8124
PEMAFC-F,4,period_0894,85.250000,0.3980,0.8504
PEMAFC-F,4,period_0894,85.300000,0.3994,0.8524
PEMAFC-F,4,period_0894,85.350000,0.4008,0.9526
PEMAFC-F,4,period_0894,85.400000,0.4021,0.8854
PEMAFC-F,4,period_0894,85.450000,0.4036,0.8623
PEMAFC-F,4,period_0894,85.500000,0.4049,0.7821
PEMAFC-F,4,period_0894,85.550000,0.4065,0.8066
PEMAFC-F,4,period_0894,85.600000,0.4080,0.8876
PEMAFC-F,4,period_0894,85.650000,0.4092,0.9057
PEMAFC-F,4,period_0894,85.700000,0.4109,0.9170
PEMAFC-F,4,period_0894,85.750000,0.4124,0.7972
PEMAFC-F,4,period_0894,85.800000,0.4137,0.9662
PEMAFC-F,4,period_0894,85.850000,0.4154,0.8443
PEMAFC-F,4,period_0894,85.900000,0.4166,0.9285
PEMAFC-F,4,period_0894,85.950000,0.4178,0.9471
PEMAFC-F,4,period_0894,86.000000,0.4191,0.9649
PEMAFC-F,4,period_0894,86.050000,0.4205,0.8790
PEMAFC-F,4,period_0894,86.100000,0.4219,1.0838
PEMAFC-F,4,period_0894,86.150000,0.4232,0.9676
PEMAFC-F,4,period_0894,86.200000,0.4246,0.9729
PEMAFC-F,4,period_0894,86.250000,0.4261,0.9057
PEMAFC-F,4,period_0894,86.300000,0.4274,0.9011
PEMAFC-F,4,period_0894,86.350000,0.4286,0.9482
PEMAFC-F,4,period_0894,86.400000,0.4300,1.1625
PEMAFC-F,4,period_0894,86.450000,0.4313,1.0064
PEMAFC-F,4,period_0894,86.500000,0.4325,1.0787
PEMAFC-F,4,period_0894,86.550000,0.4338,1.0727
PEMAFC-F,4,period_0894,86.600000,0.4348,1.0888
PEMAFC-F,4,period_0894,86.650000,0.4361,1.0716
PEMAFC-F,4,period_0894,86.700000,0.4377,0.8226
PEMAFC-F,4,period_0894,86.750000,0.4390,0.9585
PEMAFC-F,4,period_0894,86.800000,0.4404,0.9676
PEMAFC-F,4,period_0894,86.850000,0.4415,0.7779
PEMAFC-F,4,period_0894,86.900000,0.4427,0.9779
PEMAFC-F,4,period_0894,86.950000,0.4438,0.8620
PEMAFC-F,4,period_0894,87.000000,0.4449,1.0397
PEMAFC-F,4,period_0894,87.050000,0.4465,1.2194
PEMAFC-F,4,period_0894,87.100000,0.4479,1.2674
PEMAFC-F,4,period_0894,87.150000,0.4491,0.8428
PEMAFC-F,4,period_0894,87.200000,0.4508,0.9869
PEMAFC-F,4,period_0894,87.250000,0.4522,1.0425
PEMAFC-F,4,period_0894,87.300000,0.4535,0.9799
PEMAFC-F,4,period_0894,87.350000,0.4549,0.9240
PEMAFC-F,4,period_0894,87.400000,0.4563,1.1202
PEMAFC-F,4,period_0894,87.450000,0.4574,0.9656
PEMAFC-F,4,period_0894,87.500000,0.4588,1.0810
PEMAFC-F,4,period_0894,87.550000,0.4602,1.1298
PEMAFC-F,4,period_0894,87.600000,0.4614,0.9392
PEMAFC-F,4,period_0894,87.650000,0.4630,1.1595
PEMAFC-F,4,period_0894,87.700000,0.4645,1.0747
PEMAFC-F,4,period_0894,87.750000,0.4657,1.0622
PEMAFC-F,4,period_0894,87.800000,0.4670,1.0435
PEMAFC-F,4,period_0894,87.850000,0.4686,1.1591
PEMAFC-F,4,period_0894,87.900000,0.4699,1.1047
PEMAFC-F,4,period_0894,87.950000,0.4710,1.0042
PEMAFC-F,4,period_0894,88.000000,0.4722,1.0035
PEMAFC-F,4,period_0894,88.050000,0.4738,0.9304
PEMAFC-F,4,period_0894,88.100000,0.4755,1.0547
PEMAFC-F,4,period_0894,88.150000,0.4768,1.0379
PEMAFC-F,4,period_0894,88.200000,0.4782,0.9268
PEMAFC-F,4,period_0894,88.250000,0.4799,1.0093
PEMAFC-F,4,period_0894,88.300000,0.4811,1.2350
PEMAFC-F,4,period_0894,88.350000,0.4827,1.0274
PEMAFC-F,4,period_0894,88.400000,0.4843,1.0005
PEMAFC-F,4,period_0894,88.450000,0.4860,1.1219
PEMAFC-F,4,period_0894,88.500000,0.4878,1.1170
PEMAFC-F,4,period_0894,88.550000,0.4893,0.9892
PEMAFC-F,4,period_0894,88.600000,0.4911,1.0263
PEMAFC-F,4,period_0894,88.650000,0.4926,1.1002
PEMAFC-F,4,period_0894,88.700000,0.4941,1.1836
PEMAFC-F,4,period_0894,88.750000,0.4955,1.0148
PEMAFC-F,4,period_0894,88.800000,0.4968,1.0760
PEMAFC-F,4,period_0894,88.850000,0.4983,1.1992
PEMAFC-F,4,period_0894,88.900000,0.4994,1.0300
PEMAFC-F,4,period_0894,88.950000,0.5009,1.1862
PEMAFC-F,4,period_0894,89.000000,0.5021,1.0497
PEMAFC-F,4,period_0894,89.050000,0.5036,1.0678
PEMAFC-F,4,period_0894,89.100000,0.5050,1.1006
PEMAFC-F,4,period_0894,89.150000,0.5064,1.1500
PEMAFC-F,4,period_0894,89.200000,0.5078,1.2587
PEMAFC-F,4,period_0894,89.250000,0.5093,1.1336
PEMAFC-F,4,period_0894,89.300000,0.5109,1.2220
PEMAFC-F,4,period_0894,89.350000,0.5120,1.1332
PEMAFC-F,4,period_0894,89.400000,0.5132,1.2143
PEMAFC-F,4,period_0894,89.450000,0.5146,1.1448
PEMAFC-F,4,period_0894,89.500000,0.5161,1.0763
PEMAFC-F,4,period_0894,89.550000,0.5176,1.0977
PEMAFC-F,4,period_0894,89.600000,0.5189,1.1984
PEMAFC-F,4,period_0894,89.650000,0.5202,1.1101
PEMAFC-F,4,period_0894,89.700000,0.5217,1.1436
PEMAFC-F,4,period_0894,89.750000,0.5233,1.1098
PEMAFC-F,4,period_0894,89.800000,0.5245,1.4121
PEMAFC-F,4,period_0894,89.850000,0.5262,1.1962
PEMAFC-F,4,period_0894,89.900000,0.5276,1.2596
PEMAFC-F,4,period_0894,89.950000,0.5291,1.2990
PEMAFC-F,4,period_0894,90.000000,0.5306,1.1257
PEMAFC-F,4,period_0894,90.050000,0.5321,1.1734
PEMAFC-F,4,period_0894,90.100000,0.5332,1.1996
PEMAFC-F,4,period_0894,90.150000,0.5341,1.0625
PEMAFC-F,4,period_0894,90.200000,0.5354,1.3307
PEMAFC-F,4,period_0894,90.250000,0.5366,1.1279
PEMAFC-F,4,period_0894,90.300000,0.5382,1.2952
PEMAFC-F,4,period_0894,90.350000,0.5397,1.2824
PEMAFC-F,4,period_0894,90.400000,0.5413,1.2698
PEMAFC-F,4,period_0894,90.450000,0.5428,1.1784
PEMAFC-F,4,period_0894,90.500000,0.5445,1.2477
PEMAFC-F,4,period_0894,90.550000,0.5459,1.0890
PEMAFC-F,4,period_0894,90.600000,0.5471,1.2485
PEMAFC-F,4,period_0894,90.650000,0.5483,1.2182
PEMAFC-F,4,period_0894,90.700000,0.5495,1.1938
PEMAFC-F,4,period_0894,90.750000,0.5510,1.3217
PEMAFC-F,4,period_0894,90.800000,0.5522,1.4222
PEMAFC-F,4,period_0894,90.850000,0.5536,1.3552
PEMAFC-F,4,period_0894,90.900000,0.5551,1.2483
PEMAFC-F,4,period_0894,90.950000,0.5566,1.1676
PEMAFC-F,4,period_0894,91.000000,0.5582,1.5777
PEMAFC-F,4,period_0894,91.050000,0.5598,1.1831
PEMAFC-F,4,period_0894,91.100000,0.5610,1.2554
PEMAFC-F,4,period_0894,91.150000,0.5625,1.3848
PEMAFC-F,4,period_0894,91.200000,0.5640,1.1616
PEMAFC-F,4,period_0894,91.250000,0.5654,1.2885
PEMAFC-F,4,period_0894,91.300000,0.5669,1.3197
PEMAFC-F,4,period_0894,91.350000,0.5684,1.0625
PEMAFC-F,4,period_0894,91.400000,0.5696,1.2599
PEMAFC-F,4,period_0894,91.450000,0.5711,1.3692
PEMAFC-F,4,period_0894,91.500000,0.5726,1.4579
PEMAFC-F,4,period_0894,91.550000,0.5739,1.3537
PEMAFC-F,4,period_0894,91.600000,0.5753,1.1804
PEMAFC-F,4,period_0894,91.650000,0.5765,1.1506
PEMAFC-F,4,period_0894,91.700000,0.5780,1.2494
PEMAFC-F,4,period_0894,91.750000,0.5796,1.1916
PEMAFC-F,4,period_0894,91.800000,0.5812,1.2957
PEMAFC-F,4,period_0894,91.850000,0.5826,1.2853
PEMAFC-F,4,period_0894,91.900000,0.5840,1.1437
PEMAFC-F,4,period_0894,91.950000,0.5855,1.2181
PEMAFC-F,4,period_0894,92.000000,0.5870,1.2992
PEMAFC-F,4,period_0894,92.050000,0.5885,1.1977
PEMAFC-F,4,period_0894,92.100000,0.5901,1.3646
PEMAFC-F,4,period_0894,92.150000,0.5914,1.3546
PEMAFC-F,4,period_0894,92.200000,0.5926,1.3552
PEMAFC-F,4,period_0894,92.250000,0.5939,1.3215
PEMAFC-F,4,period_0894,92.300000,0.5957,1.4088
PEMAFC-F,4,period_0894,92.350000,0.5969,1.2470
PEMAFC-F,4,period_0894,92.400000,0.5982,1.2722
PEMAFC-F,4,period_0894,92.450000,0.5993,1.2585
PEMAFC-F,4,period_0894,92.500000,0.6006,1.4489
PEMAFC-F,4,period_0894,92.550000,0.6018,1.2921
PEMAFC-F,4,period_0894,92.600000,0.6030,1.3193
PEMAFC-F,4,period_0894,92.650000,0.6044,1.3243
PEMAFC-F,4,period_0894,92.700000,0.6061,1.4479
PEMAFC-F,4,period_0894,92.750000,0.6077,1.3765
PEMAFC-F,4,period_0894,92.800000,0.6091,1.4322
PEMAFC-F,4,period_0894,92.850000,0.6105,1.1806
PEMAFC-F,4,period_0894,92.900000,0.6117,1.3857
PEMAFC-F,4,period_0894,92.950000,0.6135,1.2325
PEMAFC-F,4,period_0894,93.000000,0.6152,1.2836
PEMAFC-F,4,period_0894,93.050000,0.6166,1.2962
PEMAFC-F,4,period_0894,93.100000,0.6179,1.3698
PEMAFC-F,4,period_0894,93.150000,0.6192,1.4763
PEMAFC-F,4,period_0894,93.200000,0.6205,1.2405
PEMAFC-F,4,period_0894,93.250000,0.6219,1.1525
PEMAFC-F,4,period_0894,93.300000,0.6231,1.3109
PEMAFC-F,4,period_0894,93.350000,0.6246,1.2508
PEMAFC-F,4,period_0894,93.400000,0.6257,1.3913
PEMAFC-F,4,period_0894,93.450000,0.6271,1.3119
PEMAFC-F,4,period_0894,93.500000,0.6287,1.2419
PEMAFC-F,4,period_0894,93.550000,0.6299,1.3541
PEMAFC-F,4,period_0894,93.600000,0.6312,1.3193
PEMAFC-F,4,period_0894,93.650000,0.6330,1.4955
PEMAFC-F,4,period_0894,93.700000,0.6343,1.4721
PEMAFC-F,4,period_0894,93.750000,0.6358,1.4155
PEMAFC-F,4,period_0894,93.800000,0.6373,1.4032
PEMAFC-F,4,period_0894,93.850000,0.6385,1.4303
PEMAFC-F,4,period_0894,93.900000,0.6398,1.3371
PEMAFC-F,4,period_0894,93.950000,0.6409,1.2466
PEMAFC-F,4,period_0894,94.000000,0.6422,1.4476
PEMAFC-F,4,period_0894,94.050000,0.6434,1.3581
PEMAFC-F,4,period_0894,94.100000,0.6446,1.3387
PEMAFC-F,4,period_0894,94.150000,0.6459,1.2914
PEMAFC-F,4,period_0894,94.200000,0.6475,1.3643
PEMAFC-F,4,period_0894,94.250000,0.6487,1.4502
PEMAFC-F,4,period_0894,94.300000,0.6500,1.4013
PEMAFC-F,4,period_0894,94.350000,0.6518,1.3710
PEMAFC-F,4,period_0894,94.400000,0.6529,1.2351
PEMAFC-F,4,period_0894,94.450000,0.6541,1.4430
PEMAFC-F,4,period_0894,94.500000,0.6556,1.4221
PEMAFC-F,4,period_0894,94.550000,0.6571,1.3422
PEMAFC-F,4,period_0894,94.600000,0.6585,1.5013
PEMAFC-F,4,period_0894,94.650000,0.6598,1.4764
PEMAFC-F,4,period_0894,94.700000,0.6609,1.3983
PEMAFC-F,4,period_0894,94.750000,0.6621,1.4189
PEMAFC-F,4,period_0894,94.800000,0.6633,1.5021
PEMAFC-F,4,period_0894,94.850000,0.6644,1.4251
PEMAFC-F,4,period_0894,94.900000,0.6660,1.3058
PEMAFC-F,4,period_0894,94.950000,0.6674,1.5925
PEMAFC-F,4,period_0894,95.000000,0.6687,1.2947
PEMAFC-F,4,period_0894,95.050000,0.6700,1.5352
PEMAFC-F,4,period_0894,95.100000,0.6712,1.3911
PEMAFC-F,4,period_0894,95.150000,0.6728,1.6566
PEMAFC-F,4,period_0894,95.200000,0.6740,1.5655
PEMAFC-F,4,period_0894,95.250000,0.6752,1.4699
PEMAFC-F,4,period_0894,95.300000,0.6766,1.3937
PEMAFC-F,4,period_0894,95.350000,0.6780,1.3997
PEMAFC-F,4,period_0894,95.400000,0.6794,1.3887
PEMAFC-F,4,period_0894,95.450000,0.6806,1.5778
PEMAFC-F,4,period_0894,95.500000,0.6816,1.5180
PEMAFC-F,4,period_0894,95.550000,0.6829,1.4653
PEMAFC-F,4,period_0894,95.600000,0.6841,1.4774
PEMAFC-F,4,period_0894,95.650000,0.6854,1.4799
PEMAFC-F,4,period_0894,95.700000,0.6870,1.4658
PEMAFC-F,4,period_0894,95.750000,0.6884,1.4896
PEMAFC-F,4,period_0894,95.800000,0.6896,1.3312
PEMAFC-F,4,period_0894,95.850000,0.6909,1.4508
PEMAFC-F,4,period_0894,95.900000,0.6919,1.5269
PEMAFC-F,4,period_0894,95.950000,0.6934,1.3922
PEMAFC-F,4,period_0894,96.000000,0.6945,1.4474
PEMAFC-F,4,period_0894,96.050000,0.6958,1.6138
PEMAFC-F,4,period_0894,96.100000,0.6972,1.5578
PEMAFC-F,4,period_0894,96.150000,0.6984,1.5731
PEMAFC-F,4,period_0894,96.200000,0.6996,1.4292
PEMAFC-F,4,period_0894,96.250000,0.7009,1.2895
PEMAFC-F,4,period_0894,96.300000,0.7021,1.6089
PEMAFC-F,4,period_0894,96.350000,0.7034,1.4713
PEMAFC-F,4,period_0894,96.400000,0.7049,1.4572
PEMAFC-F,4,period_0894,96.450000,0.7065,1.6130
PEMAFC-F,4,period_0894,96.500000,0.7079,1.3684
PEMAFC-F,4,period_0894,96.550000,0.7092,1.5180
PEMAFC-F,4,period_0894,96.600000,0.7105,1.5137
PEMAFC-F,4,period_0894,96.650000,0.7119,1.4266
PEMAFC-F,4,period_0894,96.700000,0.7133,1.5697
PEMAFC-F,4,period_0894,96.750000,0.7146,1.6124
PEMAFC-F,4,period_0894,96.800000,0.7162,1.3631
PEMAFC-F,4,period_0894,96.850000,0.7175,1.3914
PEMAFC-F,4,period_0894,96.900000,0.7190,1.4912
PEMAFC-F,4,period_0894,96.950000,0.7201,1.6605
PEMAFC-F,4,period_0894,97.000000,0.7217,1.4735
PEMAFC-F,4,period_0894,97.050000,0.7232,1.4890
PEMAFC-F,4,period_0894,97.100000,0.7250,1.5424
PEMAFC-F,4,period_0894,97.150000,0.7265,1.3512
PEMAFC-F,4,period_0894,97.200000,0.7276,1.5316
PEMAFC-F,4,period_0894,97.250000,0.7290,1.5785
PEMAFC-F,4,period_0894,97.300000,0.7302,1.6174
PEMAFC-F,4,period_0894,97.350000,0.7315,1.4662
PEMAFC-F,4,period_0894,97.400000,0.7326,1.4252
PEMAFC-F,4,period_0894,97.450000,0.7340,1.5757
PEMAFC-F,4,period_0894,97.500000,0.7352,1.5909
PEMAFC-F,4,period_0894,97.550000,0.7369,1.6381
PEMAFC-F,4,period_0894,97.600000,0.7383,1.5420
PEMAFC-F,4,period_0894,97.650000,0.7396,1.7238
PEMAFC-F,4,period_0894,97.700000,0.7410,1.7048
PEMAFC-F,4,period_0894,97.750000,0.7422,1.4867
PEMAFC-F,4,period_0894,97.800000,0.7437,1.7903
PEMAFC-F,4,period_0894,97.850000,0.7447,1.5175
PEMAFC-F,4,period_0894,97.900000,0.7460,1.6268
PEMAFC-F,4,period_0894,97.950000,0.7470,1.5921
PEMAFC-F,4,period_0894,98.000000,0.7482,1.5629
PEMAFC-F,4,period_0894,98.050000,0.7498,1.3513
PEMAFC-F,4,period_0894,98.100000,0.7513,1.5176
PEMAFC-F,4,period_0894,98.150000,0.7528,1.5609
PEMAFC-F,4,period_0894,98.200000,0.7540,1.3741
PEMAFC-F,4,period_0894,98.250000,0.7552,1.5217
PEMAFC-F,4,period_0894,98.300000,0.7566,1.6611
PEMAFC-F,4,period_0894,98.350000,0.7576,1.5776
PEMAFC-F,4,period_0894,98.400000,0.7590,1.7092
PEMAFC-F,4,period_0894,98.450000,0.7602,1.6621
PEMAFC-F,4,period_0894,98.500000,0.7613,1.4974
PEMAFC-F,4,period_0894,98.550000,0.7627,1.6560
PEMAFC-F,4,period_0894,98.600000,0.7640,1.4234
PEMAFC-F,4,period_0894,98.650000,0.7655,1.4824
PEMAFC-F,4,period_0894,98.700000,0.7668,1.4399
PEMAFC-F,4,period_0894,98.750000,0.7680,1.8784
PEMAFC-F,4,period_0894,98.800000,0.7694,1.4963
PEMAFC-F,4,period_0894,98.850000,0.7709,1.5819
PEMAFC-F,4,period_0894,98.900000,0.7723,1.6950
PEMAFC-F,4,period_0894,98.950000,0.7736,1.6282
PEMAFC-F,4,period_0894,99.000000,0.7746,1.5464
PEMAFC-F,4,period_0894,99.050000,0.7758,1.7702
PEMAFC-F,4,period_0894,99.100000,0.7771,1.5653
PEMAFC-F,4,period_0894,99.150000,0.7785,1.6844
PEMAFC-F,4,period_0894,99.200000,0.7796,1.8299
PEMAFC-F,4,period_0894,99.250000,0.7809,1.7267
PEMAFC-F,4,period_0894,99.300000,0.7823,1.5841
PEMAFC-F,4,period_0894,99.350000,0.7836,1.5620
PEMAFC-F,4,period_0894,99.400000,0.7850,1.4964
PEMAFC-F,4,period_0894,99.450000,0.7863,1.5867
PEMAFC-F,4,period_0894,99.500000,0.7877,1.6761
PEMAFC-F,4,period_0894,99.550000,0.7891,1.6869
PEMAFC-F,4,period_0894,99.600000,0.7906,1.5575
PEMAFC-F,4,period_0894,99.650000,0.7919,1.6364
PEMAFC-F,4,period_0894,99.700000,0.7932,1.7612
PEMAFC-F,4,period_0894,99.750000,0.7945,1.6529
PEMAFC-F,4,period_0894,99.800000,0.7959,1.5026
PEMAFC-F,4,period_0894,99.850000,0.7974,1.5968
PEMAFC-F,4,period_0894,99.900000,0.7989,1.5447
PEMAFC-F,4,period_0894,99.950000,0.8003,1.7146
PEMAFC-F,4,period_0894,100.000000,0.8012,1.5227
PEMAFC-F,5,period_0564,100.000667,5.1305,-26.4464
PEMAFC-F,5,period_0564,100.050000,5.1175,-5.2133
PEMAFC-F,5,period_0564,100.100000,5.1057,-4.4520
PEMAFC-F,5,period_0564,100.150000,5.0930,-4.6959
PEMAFC-F,5,period_0564,100.200000,5.0806,-4.0574
PEMAFC-F,5,period_0564,100.250000,5.0688,-4.3640
PEMAFC-F,5,period_0564,100.300000,5.0571,-4.6151
PEMAFC-F,5,period_0564,100.350000,5.0446,-4.1298
PEMAFC-F,5,period_0564,100.400000,5.0323,-4.7279
PEMAFC-F,5,period_0564,100.450000,5.0202,-4.0847
PEMAFC-F,5,period_0564,100.500000,5.0088,-4.2106
PEMAFC-F,5,period_0564,100.550000,4.9978,-4.2404
PEMAFC-F,5,period_0564,100.600000,4.9867,-4.2504
PEMAFC-F,5,period_0564,100.650000,4.9752,-4.1321
PEMAFC-F,5,period_0564,100.700000,4.9641,-4.5912
PEMAFC-F,5,period_0564,100.750000,4.9521,-4.4719
PEMAFC-F,5,period_0564,100.800000,4.9407,-4.4329
PEMAFC-F,5,period_0564,100.850000,4.9294,-3.4398
PEMAFC-F,5,period_0564,100.900000,4.9185,-3.7759
PEMAFC-F,5,period_0564,100.950000,4.9080,-3.9753
PEMAFC-F,5,period_0564,101.000000,4.8970,-4.2258
PEMAFC-F,5,period_0564,101.050000,4.8853,-4.4363
PEMAFC-F,5,period_0564,101.100000,4.8740,-3.9786
PEMAFC-F,5,period_0564,101.150000,4.8625,-4.1591
PEMAFC-F,5,period_0564,101.200000,4.8509,-4.8196
PEMAFC-F,5,period_0564,101.250000,4.8399,-3.9451
PEMAFC-F,5,period_0564,101.300000,4.8290,-4.0186
PEMAFC-F,5,period_0564,101.350000,4.8179,-4.1978
PEMAFC-F,5,period_0564,101.400000,4.8061,-4.2543
PEMAFC-F,5,period_0564,101.450000,4.7960,-4.1990
PEMAFC-F,5,period_0564,101.500000,4.7849,-4.4369
PEMAFC-F,5,period_0564,101.550000,4.7751,-4.1177
PEMAFC-F,5,period_0564,101.600000,4.7639,-4.3843
PEMAFC-F,5,period_0564,101.650000,4.7523,-4.8912
PEMAFC-F,5,period_0564,101.700000,4.7420,-4.6661
PEMAFC-F,5,period_0564,101.750000,4.7310,-4.1596
PEMAFC-F,5,period_0564,101.800000,4.7215,-3.3937
PEMAFC-F,5,period_0564,101.850000,4.7120,-3.9222
PEMAFC-F,5,period_0564,101.900000,4.7025,-3.3461
PEMAFC-F,5,period_0564,101.950000,4.6915,-4.0169
PEMAFC-F,5,period_0564,102.000000,4.6805,-4.2430
PEMAFC-F,5,period_0564,102.050000,4.6690,-4.0812
PEMAFC-F,5,period_0564,102.100000,4.6597,-3.6739
PEMAFC-F,5,period_0564,102.150000,4.6494,-4.3616
PEMAFC-F,5,period_0564,102.200000,4.6397,-3.5481
PEMAFC-F,5,period_0564,102.250000,4.6290,-4.2711
PEMAFC-F,5,period_0564,102.300000,4.6186,-3.2810
PEMAFC-F,5,period_0564,102.350000,4.6079,-3.8180
PEMAFC-F,5,period_0564,102.400000,4.5978,-4.1701
PEMAFC-F,5,period_0564,102.450000,4.5869,-3.9207
PEMAFC-F,5,period_0564,102.500000,4.5779,-3.3916
PEMAFC-F,5,period_0564,102.550000,4.5681,-3.9543
PEMAFC-F,5,period_0564,102.600000,4.5568,-4.1747
PEMAFC-F,5,period_0564,102.650000,4.5474,-3.9985
PEMAFC-F,5,period_0564,102.700000,4.5384,-3.5517
PEMAFC-F,5,period_0564,102.750000,4.5291,-4.3643
PEMAFC-F,5,period_0564,102.800000,4.5202,-3.8385
PEMAFC-F,5,period_0564,102.850000,4.5108,-4.1617
PEMAFC-F,5,period_0564,102.900000,4.5002,-4.0617
PEMAFC-F,5,period_0564,102.950000,4.4913,-4.0682
PEMAFC-F,5,period_0564,103.000000,4.4822,-4.0883
PEMAFC-F,5,period_0564,103.050000,4.4731,-3.2861
PEMAFC-F,5,period_0564,103.100000,4.4641,-3.4197
PEMAFC-F,5,period_0564,103.150000,4.4552,-3.8010
PEMAFC-F,5,period_0564,103.200000,4.4469,-3.2351
PEMAFC-F,5,period_0564,103.250000,4.4385,-3.7464
PEMAFC-F,5,period_0564,103.300000,4.4297,-3.7185
PEMAFC-F,5,period_0564,103.350000,4.4203,-4.0049
PEMAFC-F,5,period_0564,103.400000,4.4106,-2.9899
PEMAFC-F,5,period_0564,103.450000,4.4005,-3.9934
PEMAFC-F,5,period_0564,103.500000,4.3916,-3.6919
PEMAFC-F,5,period_0564,103.550000,4.3825,-3.4274
PEMAFC-F,5,period_0564,103.600000,4.3727,-4.3071
PEMAFC-F,5,period_0564,103.650000,4.3644,-4.0909
PEMAFC-F,5,period_0564,103.700000,4.3560,-3.2301
PEMAFC-F,5,period_0564,103.750000,4.3474,-3.5356
PEMAFC-F,5,period_0564,103.800000,4.3394,-3.0172
PEMAFC-F,5,period_0564,103.850000,4.3311,-3.7438
PEMAFC-F,5,period_0564,103.900000,4.3233,-3.0554
PEMAFC-F,5,period_0564,103.950000,4.3141,-3.3181
PEMAFC-F,5,period_0564,104.000000,4.3057,-3.9995
PEMAFC-F,5,period_0564,104.050000,4.2970,-3.6605
PEMAFC-F,5,period_0564,104.100000,4.2881,-3.2253
PEMAFC-F,5,period_0564,104.150000,4.2800,-3.5824
PEMAFC-F,5,period_0564,104.200000,4.2723,-2.8466
PEMAFC-F,5,period_0564,104.250000,4.2633,-3.5126
PEMAFC-F,5,period_0564,104.300000,4.2545,-3.9011
PEMAFC-F,5,period_0564,104.350000,4.2468,-3.4690
PEMAFC-F,5,period_0564,104.400000,4.2391,-3.9692
PEMAFC-F,5,period_0564,104.450000,4.2305,-3.4435
PEMAFC-F,5,period_0564,104.500000,4.2221,-3.5359
PEMAFC-F,5,period_0564,104.550000,4.2149,-3.1881
PEMAFC-F,5,period_0564,104.600000,4.2074,-3.3347
PEMAFC-F,5,period_0564,104.650000,4.1993,-3.3557
PEMAFC-F,5,period_0564,104.700000,4.1918,-3.5140
PEMAFC-F,5,period_0564,104.750000,4.1839,-3.6621
PEMAFC-F,5,period_0564,104.800000,4.1757,-3.3474
PEMAFC-F,5,period_0564,104.850000,4.1679,-3.3881
PEMAFC-F,5,period_0564,104.900000,4.1599,-3.5089
PEMAFC-F,5,period_0564,104.950000,4.1506,-3.2919
PEMAFC-F,5,period_0564,105.000000,4.1422,-3.1707
PEMAFC-F,5,period_0564,105.050000,4.1349,-3.2841
PEMAFC-F,5,period_0564,105.100000,4.1273,-3.5887
PEMAFC-F,5,period_0564,105.150000,4.1182,-3.7515
PEMAFC-F,5,period_0564,105.200000,4.1102,-3.5975
PEMAFC-F,5,period_0564,105.250000,4.1026,-3.4775
PEMAFC-F,5,period_0564,105.300000,4.0952,-2.9322
PEMAFC-F,5,period_0564,105.350000,4.0873,-3.2643
PEMAFC-F,5,period_0564,105.400000,4.0798,-3.4041
PEMAFC-F,5,period_0564,105.450000,4.0728,-3.2563
PEMAFC-F,5,period_0564,105.500000,4.0644,-4.1505
PEMAFC-F,5,period_0564,105.550000,4.0579,-2.9720
PEMAFC-F,5,period_0564,105.600000,4.0502,-3.0846
PEMAFC-F,5,period_0564,105.650000,4.0424,-3.4460
PEMAFC-F,5,period_0564,105.700000,4.0351,-2.9281
PEMAFC-F,5,period_0564,105.750000,4.0277,-3.3711
PEMAFC-F,5,period_0564,105.800000,4.0206,-3.3225
PEMAFC-F,5,period_0564,105.850000,4.0143,-3.5355
PEMAFC-F,5,period_0564,105.900000,4.0068,-3.3683
PEMAFC-F,5,period_0564,105.950000,3.9998,-3.2080
PEMAFC-F,5,period_0564,106.000000,3.9921,-3.3001
PEMAFC-F,5,period_0564,106.050000,3.9850,-3.0339
PEMAFC-F,5,period_0564,106.100000,3.9781,-3.2894
PEMAFC-F,5,period_0564,106.150000,3.9709,-3.4132
PEMAFC-F,5,period_0564,106.200000,3.9639,-3.0162
PEMAFC-F,5,period_0564,106.250000,3.9567,-3.2227
PEMAFC-F,5,period_0564,106.300000,3.9511,-2.9697
PEMAFC-F,5,period_0564,106.350000,3.9438,-3.3587
PEMAFC-F,5,period_0564,106.400000,3.9365,-3.3285
PEMAFC-F,5,period_0564,106.450000,3.9295,-3.0036
PEMAFC-F,5,period_0564,106.500000,3.9228,-2.9443
PEMAFC-F,5,period_0564,106.550000,3.9152,-2.9994
PEMAFC-F,5,period_0564,106.600000,3.9077,-3.6032
PEMAFC-F,5,period_0564,106.650000,3.9012,-3.1435
PEMAFC-F,5,period_0564,106.700000,3.8945,-3.1805
PEMAFC-F,5,period_0564,106.750000,3.8886,-3.5634
PEMAFC-F,5,period_0564,106.800000,3.8817,-3.2641
PEMAFC-F,5,period_0564,106.850000,3.8737,-3.5446
PEMAFC-F,5,period_0564,106.900000,3.8674,-2.9692
PEMAFC-F,5,period_0564,106.950000,3.8607,-2.6992
PEMAFC-F,5,period_0564,107.000000,3.8548,-2.6313
PEMAFC-F,5,period_0564,107.050000,3.8480,-2.8335
PEMAFC-F,5,period_0564,107.100000,3.8425,-2.5473
PEMAFC-F,5,period_0564,107.150000,3.8356,-3.1266
PEMAFC-F,5,period_0564,107.200000,3.8283,-2.9914
PEMAFC-F,5,period_0564,107.250000,3.8223,-2.8242
PEMAFC-F,5,period_0564,107.300000,3.8160,-2.9511
PEMAFC-F,5,period_0564,107.350000,3.8085,-3.0205
PEMAFC-F,5,period_0564,107.400000,3.8016,-2.6292
PEMAFC-F,5,period_0564,107.450000,3.7939,-3.2168
PEMAFC-F,5,period_0564,107.500000,3.7877,-3.1326
PEMAFC-F,5,period_0564,107.550000,3.7817,-2.7779
PEMAFC-F,5,period_0564,107.600000,3.7758,-2.7910
PEMAFC-F,5,period_0564,107.650000,3.7691,-2.9423
PEMAFC-F,5,period_0564,107.700000,3.7629,-3.1696
PEMAFC-F,5,period_0564,107.750000,3.7563,-2.8565
PEMAFC-F,5,period_0564,107.800000,3.7493,-2.9083
PEMAFC-F,5,period_0564,107.850000,3.7436,-2.5246
PEMAFC-F,5,period_0564,107.900000,3.7373,-2.8780
PEMAFC-F,5,period_0564,107.950000,3.7304,-2.5642
PEMAFC-F,5,period_0564,108.000000,3.7236,-2.9243
PEMAFC-F,5,period_0564,108.050000,3.7169,-3.1516
PEMAFC-F,5,period_0564,108.100000,3.7109,-2.7969
PEMAFC-F,5,period_0564,108.150000,3.7047,-2.4707
PEMAFC-F,5,period_0564,108.200000,3.6986,-3.1649
PEMAFC-F,5,period_0564,108.250000,3.6920,-3.2251
PEMAFC-F,5,period_0564,108.300000,3.6857,-2.9894
PEMAFC-F,5,period_0564,108.350000,3.6798,-2.4860
PEMAFC-F,5,period_0564,108.400000,3.6740,-2.4144
PEMAFC-F,5,period_0564,108.450000,3.6686,-2.7828
PEMAFC-F,5,period_0564,108.500000,3.6638,-2.5727
PEMAFC-F,5,period_0564,108.550000,3.6573,-2.6370
PEMAFC-F,5,period_0564,108.600000,3.6521,-2.9542
PEMAFC-F,5,period_0564,108.650000,3.6457,-2.5447
PEMAFC-F,5,period_0564,108.700000,3.6399,-2.3632
PEMAFC-F,5,period_0564,108.750000,3.6338,-2.6488
PEMAFC-F,5,period_0564,108.800000,3.6276,-2.8751
PEMAFC-F,5,period_0564,108.850000,3.6215,-2.6673
PEMAFC-F,5,period_0564,108.900000,3.6157,-2.5669
PEMAFC-F,5,period_0564,108.950000,3.6101,-2.5809
PEMAFC-F,5,period_0564,109.000000,3.6043,-2.5141
PEMAFC-F,5,period_0564,109.050000,3.5980,-2.5689
PEMAFC-F,5,period_0564,109.100000,3.5923,-2.4404
PEMAFC-F,5,period_0564,109.150000,3.5866,-2.4368
PEMAFC-F,5,period_0564,109.200000,3.5811,-2.5637
PEMAFC-F,5,period_0564,109.250000,3.5759,-2.8574
PEMAFC-F,5,period_0564,109.300000,3.5699,-2.5833
PEMAFC-F,5,period_0564,109.350000,3.5639,-2.7870
PEMAFC-F,5,period_0564,109.400000,3.5586,-2.6130
PEMAFC-F,5,period_0564,109.450000,3.5522,-2.4866
PEMAFC-F,5,period_0564,109.500000,3.5475,-2.6478
PEMAFC-F,5,period_0564,109.550000,3.5421,-2.8781
PEMAFC-F,5,period_0564,109.600000,3.5368,-2.7888
PEMAFC-F,5,period_0564,109.650000,3.5317,-2.6505
PEMAFC-F,5,period_0564,109.700000,3.5267,-2.5778
PEMAFC-F,5,period_0564,109.750000,3.5209,-2.6766
PEMAFC-F,5,period_0564,109.800000,3.5164,-2.2105
PEMAFC-F,5,period_0564,109.850000,3.5105,-2.6055
PEMAFC-F,5,period_0564,109.900000,3.5048,-2.1594
PEMAFC-F,5,period_0564,109.950000,3.5006,-2.8590
PEMAFC-F,5,period_0564,110.000000,3.4954,-2.6448
PEMAFC-F,5,period_0564,110.050000,3.4900,-2.3481
PEMAFC-F,5,period_0564,110.100000,3.4855,-2.0157
PEMAFC-F,5,period_0564,110.150000,3.4802,-2.2643
PEMAFC-F,5,period_0564,110.200000,3.4752,-2.4306
PEMAFC-F,5,period_0564,110.250000,3.4694,-2.7958
PEMAFC-F,5,period_0564,110.300000,3.4638,-2.8332
PEMAFC-F,5,period_0564,110.350000,3.4579,-2.8711
PEMAFC-F,5,period_0564,110.400000,3.4521,-2.5342
PEMAFC-F,5,period_0564,110.450000,3.4478,-2.8388
PEMAFC-F,5,period_0564,110.500000,3.4424,-2.5088
PEMAFC-F,5,period_0564,110.550000,3.4370,-2.5033
PEMAFC-F,5,period_0564,110.600000,3.4315,-2.5338
PEMAFC-F,5,period_0564,110.650000,3.4263,-2.2489
PEMAFC-F,5,period_0564,110.700000,3.4214,-2.4219
PEMAFC-F,5,period_0564,110.750000,3.4161,-2.9230
PEMAFC-F,5,period_0564,110.800000,3.4117,-2.4812
PEMAFC-F,5,period_0564,110.850000,3.4073,-2.5135
PEMAFC-F,5,period_0564,110.900000,3.4021,-2.4508
PEMAFC-F,5,period_0564,110.950000,3.3965,-2.4232
PEMAFC-F,5,period_0564,111.000000,3.3916,-2.3601
PEMAFC-F,5,period_0564,111.050000,3.3863,-2.5476
PEMAFC-F,5,period_0564,111.100000,3.3809,-2.2249
PEMAFC-F,5,period_0564,111.150000,3.3758,-2.3696
PEMAFC-F,5,period_0564,111.200000,3.3702,-2.2173
PEMAFC-F,5,period_0564,111.250000,3.3647,-2.3983
PEMAFC-F,5,period_0564,111.300000,3.3603,-2.1568
PEMAFC-F,5,period_0564,111.350000,3.3555,-2.4589
PEMAFC-F,5,period_0564,111.400000,3.3508,-2.3731
PEMAFC-F,5,period_0564,111.450000,3.3459,-2.3530
PEMAFC-F,5,period_0564,111.500000,3.3410,-2.2688
PEMAFC-F,5,period_0564,111.550000,3.3359,-2.4351
PEMAFC-F,5,period_0564,111.600000,3.3309,-2.3323
PEMAFC-F,5,period_0564,111.650000,3.3269,-2.2300
PEMAFC-F,5,period_0564,111.700000,3.3220,-2.4389
PEMAFC-F,5,period_0564,111.750000,3.3172,-2.4349
PEMAFC-F,5,period_0564,111.800000,3.3122,-2.4311
PEMAFC-F,5,period_0564,111.850000,3.3074,-2.2079
PEMAFC-F,5,period_0564,111.900000,3.3027,-1.9107
PEMAFC-F,5,period_0564,111.950000,3.2986,-1.9378
PEMAFC-F,5,period_0564,112.000000,3.2941,-1.8906
PEMAFC-F,5,period_0564,112.050000,3.2892,-1.9695
PEMAFC-F,5,period_0564,112.100000,3.2853,-1.7141
PEMAFC-F,5,period_0564,112.150000,3.2805,-2.2167
PEMAFC-F,5,period_0564,112.200000,3.2757,-2.3795
PEMAFC-F,5,period_0564,112.250000,3.2713,-1.8704
PEMAFC-F,5,period_0564,112.300000,3.2674,-1.9981
PEMAFC-F,5,period_0564,112.350000,3.2627,-2.6458
PEMAFC-F,5,period_0564,112.400000,3.2574,-2.5965
PEMAFC-F,5,period_0564,112.450000,3.2525,-1.9224
PEMAFC-F,5,period_0564,112.500000,3.2480,-1.9494
PEMAFC-F,5,period_0564,112.550000,3.2433,-1.9484
PEMAFC-F,5,period_0564,112.600000,3.2395,-1.9287
PEMAFC-F,5,period_0564,112.650000,3.2350,-1.9084
PEMAFC-F,5,period_0564,112.700000,3.2310,-1.8281
PEMAFC-F,5,period_0564,112.750000,3.2271,-2.1524
PEMAFC-F,5,period_0564,112.800000,3.2218,-2.1421
PEMAFC-F,5,period_0564,112.850000,3.2180,-2.0737
PEMAFC-F,5,period_0564,112.900000,3.2141,-2.2344
PEMAFC-F,5,period_0564,112.950000,3.2100,-1.8827
PEMAFC-F,5,period_0564,113.000000,3.2064,-1.7595
PEMAFC-F,5,period_0564,113.050000,3.2025,-2.0412
PEMAFC-F,5,period_0564,113.100000,3.1983,-1.8890
PEMAFC-F,5,period_0564,113.150000,3.1940,-2.1168
PEMAFC-F,5,period_0564,113.200000,3.1897,-2.2306
PEMAFC-F,5,period_0564,113.250000,3.1858,-2.0321
PEMAFC-F,5,period_0564,113.300000,3.1814,-2.0997
PEMAFC-F,5,period_0564,113.350000,3.1764,-1.6858
PEMAFC-F,5,period_0564,113.400000,3.1727,-2.0703
PEMAFC-F,5,period_0564,113.450000,3.1677,-2.3952
PEMAFC-F,5,period_0564,113.500000,3.1634,-1.5767
PEMAFC-F,5,period_0564,113.550000,3.1591,-1.8766
PEMAFC-F,5,period_0564,113.600000,3.1551,-2.0347
PEMAFC-F,5,period_0564,113.650000,3.1513,-1.8149
PEMAFC-F,5,period_0564,113.700000,3.1468,-1.8971
PEMAFC-F,5,period_0564,113.750000,3.1428,-1.4800
PEMAFC-F,5,period_0564,113.800000,3.1376,-2.4576
PEMAFC-F,5,period_0564,113.850000,3.1340,-1.7254
PEMAFC-F,5,period_0564,113.900000,3.1298,-1.9851
PEMAFC-F,5,period_0564,113.950000,3.1261,-2.1705
PEMAFC-F,5,period_0564,114.000000,3.1222,-2.1596
PEMAFC-F,5,period_0564,114.050000,3.1176,-2.0424
PEMAFC-F,5,period_0564,114.100000,3.1133,-1.4670
PEMAFC-F,5,period_0564,114.150000,3.1102,-1.7319
PEMAFC-F,5,period_0564,114.200000,3.1063,-2.0816
PEMAFC-F,5,period_0564,114.250000,3.1023,-2.1364
PEMAFC-F,5,period_0564,114.300000,3.0983,-1.8223
PEMAFC-F,5,period_0564,114.350000,3.0946,-1.9474
PEMAFC-F,5,period_0564,114.400000,3.0899,-2.2446
PEMAFC-F,5,period_0564,114.450000,3.0853,-2.1090
PEMAFC-F,5,period_0564,114.500000,3.0812,-2.1958
PEMAFC-F,5,period_0564,114.550000,3.0767,-2.0091
PEMAFC-F,5,period_0564,114.600000,3.0731,-1.9768
PEMAFC-F,5,period_0564,114.650000,3.0691,-1.8557
PEMAFC-F,5,period_0564,114.700000,3.0653,-1.9551
PEMAFC-F,5,period_0564,114.750000,3.0615,-1.8101
PEMAFC-F,5,period_0564,114.800000,3.0571,-1.6852
PEMAFC-F,5,period_0564,114.850000,3.0537,-1.6409
PEMAFC-F,5,period_0564,114.900000,3.0504,-1.5463
PEMAFC-F,5,period_0564,114.950000,3.0470,-2.0572
PEMAFC-F,5,period_0564,115.000000,3.0438,-1.7207
PEMAFC-F,5,period_0564,115.050000,3.0405,-1.8221
PEMAFC-F,5,period_0564,115.100000,3.0374,-1.8120
PEMAFC-F,5,period_0564,115.150000,3.0343,-1.6050
PEMAFC-F,5,period_0564,115.200000,3.0309,-1.8603
PEMAFC-F,5,period_0564,115.250000,3.0266,-1.7355
PEMAFC-F,5,period_0564,115.300000,3.0230,-1.9448
PEMAFC-F,5,period_0564,115.350000,3.0188,-1.7180
PEMAFC-F,5,period_0564,115.400000,3.0150,-1.7927
PEMAFC-F,5,period_0564,115.450000,3.0113,-1.5798
PEMAFC-F,5,period_0564,115.500000,3.0082,-1.4623
PEMAFC-F,5,period_0564,115.550000,3.0043,-1.6199
PEMAFC-F,5,period_0564,115.600000,3.0012,-1.4218
PEMAFC-F,5,period_0564,115.650000,2.9979,-1.5751
PEMAFC-F,5,period_0564,115.700000,2.9939,-1.9028
PEMAFC-F,5,period_0564,115.750000,2.9910,-1.5028
PEMAFC-F,5,period_0564,115.800000,2.9863,-2.1686
PEMAFC-F,5,period_0564,115.850000,2.9825,-1.7214
PEMAFC-F,5,period_0564,115.900000,2.9793,-1.5073
PEMAFC-F,5,period_0564,115.950000,2.9757,-1.6189
PEMAFC-F,5,period_0564,116.000000,2.9726,-1.3386
PEMAFC-F,5,period_0564,116.050000,2.9691,-1.2729
PEMAFC-F,5,period_0564,116.100000,2.9659,-1.5213
PEMAFC-F,5,period_0564,116.150000,2.9631,-1.3732
PEMAFC-F,5,period_0564,116.200000,2.9596,-1.7182
PEMAFC-F,5,period_0564,116.250000,2.9559,-1.7320
PEMAFC-F,5,period_0564,116.300000,2.9528,-1.6082
PEMAFC-F,5,period_0564,116.350000,2.9493,-1.8853
PEMAFC-F,5,period_0564,116.400000,2.9459,-1.7134
PEMAFC-F,5,period_0564,116.450000,2.9416,-1.6945
PEMAFC-F,5,period_0564,116.500000,2.9383,-1.6055
PEMAFC-F,5,period_0564,116.550000,2.9346,-1.8484
PEMAFC-F,5,period_0564,116.600000,2.9312,-1.8313
PEMAFC-F,5,period_0564,116.650000,2.9280,-1.6970
PEMAFC-F,5,period_0564,116.700000,2.9246,-1.7006
PEMAFC-F,5,period_0564,116.750000,2.9211,-1.5239
PEMAFC-F,5,period_0564,116.800000,2.9179,-1.7102
PEMAFC-F,5,period_0564,116.850000,2.9150,-1.6302
PEMAFC-F,5,period_0564,116.900000,2.9116,-1.3710
PEMAFC-F,5,period_0564,116.950000,2.9084,-1.4974
PEMAFC-F,5,period_0564,117.000000,2.9055,-1.3208
PEMAFC-F,5,period_0564,117.050000,2.9025,-1.6897
PEMAFC-F,5,period_0564,117.100000,2.8988,-1.6665
PEMAFC-F,5,period_0564,117.150000,2.8956,-1.5941
PEMAFC-F,5,period_0564,117.200000,2.8916,-1.4856
PEMAFC-F,5,period_0564,117.250000,2.8883,-1.6336
PEMAFC-F,5,period_0564,117.300000,2.8852,-1.6999
PEMAFC-F,5,period_0564,117.350000,2.8816,-1.5613
PEMAFC-F,5,period_0564,117.400000,2.8784,-1.3303
PEMAFC-F,5,period_0564,117.450000,2.8754,-1.6851
PEMAFC-F,5,period_0564,117.500000,2.8729,-1.6885
PEMAFC-F,5,period_0564,117.550000,2.8696,-1.6231
PEMAFC-F,5,period_0564,117.600000,2.8665,-1.5877
PEMAFC-F,5,period_0564,117.650000,2.8633,-1.1984
PEMAFC-F,5,period_0564,117.700000,2.8598,-1.4066
PEMAFC-F,5,period_0564,117.750000,2.8570,-1.4007
PEMAFC-F,5,period_0564,117.800000,2.8540,-1.4501
PEMAFC-F,5,period_0564,117.850000,2.8515,-1.5480
PEMAFC-F,5,period_0564,117.900000,2.8485,-1.1521
PEMAFC-F,5,period_0564,117.950000,2.8459,-1.3649
PEMAFC-F,5,period_0564,118.000000,2.8429,-1.3533
PEMAFC-F,5,period_0564,118.050000,2.8402,-1.6285
PEMAFC-F,5,period_0564,118.100000,2.8374,-1.3125
PEMAFC-F,5,period_0564,118.150000,2.8345,-1.6283
PEMAFC-F,5,period_0564,118.200000,2.8315,-1.8113
PEMAFC-F,5,period_0564,118.250000,2.8283,-1.3962
PEMAFC-F,5,period_0564,118.300000,2.8254,-1.6094
PEMAFC-F,5,period_0564,118.350000,2.8220,-1.4610
PEMAFC-F,5,period_0564,118.400000,2.8195,-1.4962
PEMAFC-F,5,period_0564,118.450000,2.8168,-1.1308
PEMAFC-F,5,period_0564,118.500000,2.8136,-1.3234
PEMAFC-F,5,period_0564,118.550000,2.8111,-1.0921
PEMAFC-F,5,period_0564,118.600000,2.8082,-1.4558
PEMAFC-F,5,period_0564,118.650000,2.8056,-1.4541
PEMAFC-F,5,period_0564,118.700000,2.8026,-1.3810
PEMAFC-F,5,period_0564,118.750000,2.8001,-1.5292
PEMAFC-F,5,period_0564,118.800000,2.7973,-1.6401
PEMAFC-F,5,period_0564,118.850000,2.7944,-1.4843
PEMAFC-F,5,period_0564,118.900000,2.7920,-1.3029
PEMAFC-F,5,period_0564,118.950000,2.7894,-1.3182
PEMAFC-F,5,period_0564,119.000000,2.7865,-1.3304
PEMAFC-F,5,period_0564,119.050000,2.7836,-1.2954
PEMAFC-F,5,period_0564,119.100000,2.7811,-1.6802
PEMAFC-F,5,period_0564,119.150000,2.7783,-1.5351
PEMAFC-F,5,period_0564,119.200000,2.7757,-1.3228
PEMAFC-F,5,period_0564,119.250000,2.7726,-1.1018
PEMAFC-F,5,period_0564,119.300000,2.7700,-1.6037
PEMAFC-F,5,period_0564,119.350000,2.7672,-1.4175
PEMAFC-F,5,period_0564,119.400000,2.7643,-1.3708
PEMAFC-F,5,period_0564,119.450000,2.7618,-1.2826
PEMAFC-F,5,period_0564,119.500000,2.7592,-1.0976
PEMAFC-F,5,period_0564,119.550000,2.7564,-1.1544
PEMAFC-F,5,period_0564,119.600000,2.7536,-0.7475
PEMAFC-F,5,period_0564,119.650000,2.7510,-1.2259
PEMAFC-F,5,period_0564,119.700000,2.7488,-1.5078
PEMAFC-F,5,period_0564,119.750000,2.7462,-1.0617
PEMAFC-F,5,period_0564,119.800000,2.7433,-1.4319
PEMAFC-F,5,period_0564,119.850000,2.7408,-1.0787
PEMAFC-F,5,period_0564,119.900000,2.7384,-1.2057
PEMAFC-F,5,period_0564,119.950000,2.7355,-1.1815
PEMAFC-F,5,period_0564,120.000000,2.7332,-1.1390
PEMAFC-A,0,period_0884,0.000667,-0.0000,0.0000
PEMAFC-A,0,period_0884,0.050000,0.0015,0.0166
PEMAFC-A,0,period_0884,0.100000,0.0025,0.0494
PEMAFC-A,0,period_0884,0.150000,0.0037,0.0802
PEMAFC-A,0,period_0884,0.200000,0.0010,0.1020
PEMAFC-A,0,period_0884,0.250000,-0.0019,0.1448
PEMAFC-A,0,period_0884,0.300000,-0.0011,0.1766
PEMAFC-A,0,period_0884,0.350000,0.0040,0.2359
PEMAFC-A,0,period_0884,0.400000,0.0063,0.2595
PEMAFC-A,0,period_0884,0.450000,0.0069,0.2974
PEMAFC-A,0,period_0884,0.500000,0.0112,0.3311
PEMAFC-A,0,period_0884,0.550000,0.0116,0.3484
PEMAFC-A,0,period_0884,0.600000,0.0156,0.3882
PEMAFC-A,0,period_0884,0.650000,0.0151,0.4383
PEMAFC-A,0,period_0884,0.700000,0.0156,0.4977
PEMAFC-A,0,period_0884,0.750000,0.0160,0.4829
PEMAFC-A,0,period_0884,0.800000,0.0157,0.4751
PEMAFC-A,0,period_0884,0.850000,0.0195,0.5467
PEMAFC-A,0,period_0884,0.900000,0.0224,0.5392
PEMAFC-A,0,period_0884,0.950000,0.0304,0.6519
PEMAFC-A,0,period_0884,1.000000,0.0343,0.6407
PEMAFC-A,0,period_0884,1.050000,0.0392,0.6375
PEMAFC-A,0,period_0884,1.100000,0.0448,0.7113
PEMAFC-A,0,period_0884,1.150000,0.0486,0.7211
PEMAFC-A,0,period_0884,1.200000,0.0533,0.7708
PEMAFC-A,0,period_0884,1.250000,0.0556,0.8293
PEMAFC-A,0,period_0884,1.300000,0.0575,0.7725
PEMAFC-A,0,period_0884,1.350000,0.0614,0.9038
PEMAFC-A,0,period_0884,1.400000,0.0683,0.9244
PEMAFC-A,0,period_0884,1.450000,0.0742,0.9579
PEMAFC-A,0,period_0884,1.500000,0.0778,0.9510
PEMAFC-A,0,period_0884,1.550000,0.0786,0.8496
PEMAFC-A,0,period_0884,1.600000,0.0844,1.0176
PEMAFC-A,0,period_0884,1.650000,0.0873,1.1364
PEMAFC-A,0,period_0884,1.700000,0.0938,1.0960
PEMAFC-A,0,period_0884,1.750000,0.0981,1.2196
PEMAFC-A,0,period_0884,1.800000,0.1030,1.2248
PEMAFC-A,0,period_0884,1.850000,0.1103,1.2780
PEMAFC-A,0,period_0884,1.900000,0.1172,1.2752
PEMAFC-A,0,period_0884,1.950000,0.1253,1.3663
PEMAFC-A,0,period_0884,2.000000,0.1302,1.2544
PEMAFC-A,0,period_0884,2.050000,0.1383,1.4411
PEMAFC-A,0,period_0884,2.100000,0.1455,1.4493
PEMAFC-A,0,period_0884,2.150000,0.1533,1.3610
PEMAFC-A,0,period_0884,2.200000,0.1571,1.5018
PEMAFC-A,0,period_0884,2.250000,0.1622,1.4424
PEMAFC-A,0,period_0884,2.300000,0.1675,1.4194
PEMAFC-A,0,period_0884,2.350000,0.1740,1.4158
PEMAFC-A,0,period_0884,2.400000,0.1808,1.3495
PEMAFC-A,0,period_0884,2.450000,0.1880,1.6001
PEMAFC-A,0,period_0884,2.500000,0.1949,1.6343
PEMAFC-A,0,period_0884,2.550000,0.2015,1.5576
PEMAFC-A,0,period_0884,2.600000,0.2085,1.7096
PEMAFC-A,0,period_0884,2.650000,0.2173,1.6687
PEMAFC-A,0,period_0884,2.700000,0.2239,1.6914
PEMAFC-A,0,period_0884,2.750000,0.2333,1.8018
PEMAFC-A,0,period_0884,2.800000,0.2398,1.8610
PEMAFC-A,0,period_0884,2.850000,0.2465,1.8003
PEMAFC-A,0,period_0884,2.900000,0.2541,1.8650
PEMAFC-A,0,period_0884,2.950000,0.2624,2.0328
PEMAFC-A,0,period_0884,3.000000,0.2687,2.1309
PEMAFC-A,0,period_0884,3.050000,0.2772,2.0885
PEMAFC-A,0,period_0884,3.100000,0.2832,2.0420
PEMAFC-A,0,period_0884,3.150000,0.2894,2.0632
PEMAFC-A,0,period_0884,3.200000,0.2961,2.2399
PEMAFC-A,0,period_0884,3.250000,0.3038,2.1884
PEMAFC-A,0,period_0884,3.300000,0.3090,2.0951
PEMAFC-A,0,period_0884,3.350000,0.3173,2.0593
PEMAFC-A,0,period_0884,3.400000,0.3256,2.1628
PEMAFC-A,0,period_0884,3.450000,0.3324,2.0936
PEMAFC-A,0,period_0884,3.500000,0.3402,2.1374
PEMAFC-A,0,period_0884,3.550000,0.3500,2.3153
PEMAFC-A,0,period_0884,3.600000,0.3596,2.3322
PEMAFC-A,0,period_0884,3.650000,0.3679,2.0851
PEMAFC-A,0,period_0884,3.700000,0.3755,2.4260
PEMAFC-A,0,period_0884,3.750000,0.3835,2.4979
PEMAFC-A,0,period_0884,3.800000,0.3910,2.6406
PEMAFC-A,0,period_0884,3.850000,0.3989,2.5312
PEMAFC-A,0,period_0884,3.900000,0.4052,2.6430
PEMAFC-A,0,period_0884,3.950000,0.4131,2.3271
PEMAFC-A,0,period_0884,4.000000,0.4196,2.7694
PEMAFC-A,0,period_0884,4.050000,0.4295,2.6962
PEMAFC-A,0,period_0884,4.100000,0.4355,2.6403
PEMAFC-A,0,period_0884,4.150000,0.4443,2.6758
PEMAFC-A,0,period_0884,4.200000,0.4515,2.8039
PEMAFC-A,0,period_0884,4.250000,0.4604,2.7128
PEMAFC-A,0,period_0884,4.300000,0.4703,2.2294
PEMAFC-A,0,period_0884,4.350000,0.4788,2.9382
PEMAFC-A,0,period_0884,4.400000,0.4874,2.7876
PEMAFC-A,0,period_0884,4.450000,0.4964,2.8454
PEMAFC-A,0,period_0884,4.500000,0.5025,2.7961
PEMAFC-A,0,period_0884,4.550000,0.5125,2.7370
PEMAFC-A,0,period_0884,4.600000,0.5219,2.9130
PEMAFC-A,0,period_0884,4.650000,0.5291,2.7747
PEMAFC-A,0,period_0884,4.700000,0.5375,2.5575
PEMAFC-A,0,period_0884,4.750000,0.5482,3.1523
PEMAFC-A,0,period_0884,4.800000,0.5587,2.0987
PEMAFC-A,0,period_0884,4.850000,0.5677,2.5559
PEMAFC-A,0,period_0884,4.900000,0.5744,3.2314
PEMAFC-A,0,period_0884,4.950000,0.5826,3.1307
PEMAFC-A,0,period_0884,5.000000,0.5917,3.0174
PEMAFC-A,0,period_0884,5.050000,0.5995,3.2033
PEMAFC-A,0,period_0884,5.100000,0.6092,3.1928
PEMAFC-A,0,period_0884,5.150000,0.6191,3.0237
PEMAFC-A,0,period_0884,5.200000,0.6279,3.1800
PEMAFC-A,0,period_0884,5.250000,0.6351,3.3783
PEMAFC-A,0,period_0884,5.300000,0.6434,2.8132
PEMAFC-A,0,period_0884,5.350000,0.6506,3.3508
PEMAFC-A,0,period_0884,5.400000,0.6598,3.3487
PEMAFC-A,0,period_0884,5.450000,0.6671,3.1008
PEMAFC-A,0,period_0884,5.500000,0.6755,3.6697
PEMAFC-A,0,period_0884,5.550000,0.6838,3.0991
PEMAFC-A,0,period_0884,5.600000,0.6946,3.5519
PEMAFC-A,0,period_0884,5.650000,0.7033,3.6098
PEMAFC-A,0,period_0884,5.700000,0.7109,3.4742
PEMAFC-A,0,period_0884,5.750000,0.7166,2.5967
PEMAFC-A,0,period_0884,5.800000,0.7252,3.7563
PEMAFC-A,0,period_0884,5.850000,0.7332,3.4981
PEMAFC-A,0,period_0884,5.900000,0.7406,3.0790
PEMAFC-A,0,period_0884,5.950000,0.7493,3.4839
PEMAFC-A,0,period_0884,6.000000,0.7557,3.7850
PEMAFC-A,0,period_0884,6.050000,0.7630,3.3325
PEMAFC-A,0,period_0884,6.100000,0.7743,3.7901
PEMAFC-A,0,period_0884,6.150000,0.7836,3.5848
PEMAFC-A,0,period_0884,6.200000,0.7918,3.6800
PEMAFC-A,0,period_0884,6.250000,0.8020,3.7301
PEMAFC-A,0,period_0884,6.300000,0.8101,3.5899
PEMAFC-A,0,period_0884,6.350000,0.8177,3.2745
PEMAFC-A,0,period_0884,6.400000,0.8264,4.0332
PEMAFC-A,0,period_0884,6.450000,0.8351,3.9329
PEMAFC-A,0,period_0884,6.500000,0.8425,3.9673
PEMAFC-A,0,period_0884,6.550000,0.8517,4.1565
PEMAFC-A,0,period_0884,6.600000,0.8606,4.3200
PEMAFC-A,0,period_0884,6.650000,0.8689,4.2021
PEMAFC-A,0,period_0884,6.700000,0.8769,3.8828
PEMAFC-A,0,period_0884,6.750000,0.8856,3.5139
PEMAFC-A,0,period_0884,6.800000,0.8957,4.0105
PEMAFC-A,0,period_0884,6.850000,0.9051,3.7936
PEMAFC-A,0,period_0884,6.900000,0.9145,3.5248
PEMAFC-A,0,period_0884,6.950000,0.9240,4.1742
PEMAFC-A,0,period_0884,7.000000,0.9339,4.2949
PEMAFC-A,0,period_0884,7.050000,0.9423,3.6689
PEMAFC-A,0,period_0884,7.100000,0.9514,4.2360
PEMAFC-A,0,period_0884,7.150000,0.9592,3.9567
PEMAFC-A,0,period_0884,7.200000,0.9680,4.1257
PEMAFC-A,0,period_0884,7.250000,0.9757,4.0948
PEMAFC-A,0,period_0884,7.300000,0.9843,3.9668
PEMAFC-A,0,period_0884,7.350000,0.9920,3.9515
PEMAFC-A,0,period_0884,7.400000,1.0005,4.5622
PEMAFC-A,0,period_0884,7.450000,1.0077,4.4825
PEMAFC-A,0,period_0884,7.500000,1.0152,4.4317
PEMAFC-A,0,period_0884,7.550000,1.0234,3.9468
PEMAFC-A,0,period_0884,7.600000,1.0303,3.2295
PEMAFC-A,0,period_0884,7.650000,1.0405,5.0903
PEMAFC-A,0,period_0884,7.700000,1.0485,4.3148
PEMAFC-A,0,period_0884,7.750000,1.0569,4.8127
PEMAFC-A,0,period_0884,7.800000,1.0652,4.4233
PEMAFC-A,0,period_0884,7.850000,1.0740,4.1248
PEMAFC-A,0,period_0884,7.900000,1.0821,4.4187
PEMAFC-A,0,period_0884,7.950000,1.0916,4.3001
PEMAFC-A,0,period_0884,8.000000,1.1011,4.4393
PEMAFC-A,0,period_0884,8.050000,1.1082,4.9276
PEMAFC-A,0,period_0884,8.100000,1.1162,4.1084
PEMAFC-A,0,period_0884,8.150000,1.1240,4.6405
PEMAFC-A,0,period_0884,8.200000,1.1332,4.7041
PEMAFC-A,0,period_0884,8.250000,1.1407,3.9249
PEMAFC-A,0,period_0884,8.300000,1.1505,5.3281
PEMAFC-A,0,period_0884,8.350000,1.1573,5.2416
PEMAFC-A,0,period_0884,8.400000,1.1648,4.8258
PEMAFC-A,0,period_0884,8.450000,1.1738,4.6698
PEMAFC-A,0,period_0884,8.500000,1.1816,4.9729
PEMAFC-A,0,period_0884,8.550000,1.1902,5.1494
PEMAFC-A,0,period_0884,8.600000,1.1980,5.3650
PEMAFC-A,0,period_0884,8.650000,1.2048,4.1701
PEMAFC-A,0,period_0884,8.700000,1.2127,5.1489
PEMAFC-A,0,period_0884,8.750000,1.2212,4.6902
PEMAFC-A,0,period_0884,8.800000,1.2285,4.1241
PEMAFC-A,0,period_0884,8.850000,1.2363,4.4723
PEMAFC-A,0,period_0884,8.900000,1.2443,5.4503
PEMAFC-A,0,period_0884,8.950000,1.2522,4.9209
PEMAFC-A,0,period_0884,9.000000,1.2589,5.1758
PEMAFC-A,0,period_0884,9.050000,1.2681,5.5161
PEMAFC-A,0,period_0884,9.100000,1.2755,4.9495
PEMAFC-A,0,period_0884,9.150000,1.2830,4.9123
PEMAFC-A,0,period_0884,9.200000,1.2918,5.4140
PEMAFC-A,0,period_0884,9.250000,1.2989,5.7138
PEMAFC-A,0,period_0884,9.300000,1.3052,5.0236
PEMAFC-A,0,period_0884,9.350000,1.3123,6.0857
PEMAFC-A,0,period_0884,9.400000,1.3197,5.4217
PEMAFC-A,0,period_0884,9.450000,1.3252,4.7983
PEMAFC-A,0,period_0884,9.500000,1.3343,4.4057
PEMAFC-A,0,period_0884,9.550000,1.3414,5.8584
PEMAFC-A,0,period_0884,9.600000,1.3493,4.9676
PEMAFC-A,0,period_0884,9.650000,1.3555,4.7053
PEMAFC-A,0,period_0884,9.700000,1.3617,5.9240
PEMAFC-A,0,period_0884,9.750000,1.3696,5.5200
PEMAFC-A,0,period_0884,9.800000,1.3775,4.7077
PEMAFC-A,0,period_0884,9.850000,1.3833,4.8602
PEMAFC-A,0,period_0884,9.900000,1.3892,4.6739
PEMAFC-A,0,period_0884,9.950000,1.3964,5.4523
PEMAFC-A,0,period_0884,10.000000,1.4025,5.5861
PEMAFC-A,0,period_0884,10.050000,1.4090,4.2170
PEMAFC-A,0,period_0884,10.100000,1.4155,5.6416
PEMAFC-A,0,period_0884,10.150000,1.4233,5.5916
PEMAFC-A,0,period_0884,10.200000,1.4299,4.4565
PEMAFC-A,0,period_0884,10.250000,1.4361,5.4399
PEMAFC-A,0,period_0884,10.300000,1.4437,4.8486
PEMAFC-A,0,period_0884,10.350000,1.4505,5.1685
PEMAFC-A,0,period_0884,10.400000,1.4572,5.7514
PEMAFC-A,0,period_0884,10.450000,1.4631,6.0867
PEMAFC-A,0,period_0884,10.500000,1.4699,5.2393
PEMAFC-A,0,period_0884,10.550000,1.4764,5.6676
PEMAFC-A,0,period_0884,10.600000,1.4830,5.4430
PEMAFC-A,0,period_0884,10.650000,1.4905,4.8757
PEMAFC-A,0,period_0884,10.700000,1.4969,4.9681
PEMAFC-A,0,period_0884,10.750000,1.5039,6.0648
PEMAFC-A,0,period_0884,10.800000,1.5113,5.9173
PEMAFC-A,0,period_0884,10.850000,1.5185,6.5099
PEMAFC-A,0,period_0884,10.900000,1.5251,6.2468
PEMAFC-A,0,period_0884,10.950000,1.5304,5.2176
PEMAFC-A,0,period_0884,11.000000,1.5367,5.9579
PEMAFC-A,0,period_0884,11.050000,1.5431,6.3060
PEMAFC-A,0,period_0884,11.100000,1.5495,6.3690
PEMAFC-A,0,period_0884,11.150000,1.5559,5.0753
PEMAFC-A,0,period_0884,11.200000,1.5625,5.7417
PEMAFC-A,0,period_0884,11.250000,1.5693,6.0980
PEMAFC-A,0,period_0884,11.300000,1.5761,5.7823
PEMAFC-A,0,period_0884,11.350000,1.5831,6.3975
PEMAFC-A,0,period_0884,11.400000,1.5896,4.8024
PEMAFC-A,0,period_0884,11.450000,1.5956,5.8532
PEMAFC-A,0,period_0884,11.500000,1.6018,6.0287
PEMAFC-A,0,period_0884,11.550000,1.6073,6.0820
PEMAFC-A,0,period_0884,11.600000,1.6137,6.2360
PEMAFC-A,0,period_0884,11.650000,1.6211,5.5139
PEMAFC-A,0,period_0884,11.700000,1.6261,6.1869
PEMAFC-A,0,period_0884,11.750000,1.6314,6.3708
PEMAFC-A,0,period_0884,11.800000,1.6382,6.2638
PEMAFC-A,0,period_0884,11.850000,1.6448,5.1079
PEMAFC-A,0,period_0884,11.900000,1.6515,5.2318
PEMAFC-A,0,period_0884,11.950000,1.6596,5.2174
PEMAFC-A,0,period_0884,12.000000,1.6671,5.9921
PEMAFC-A,0,period_0884,12.050000,1.6737,6.0840
PEMAFC-A,0,period_0884,12.100000,1.6790,6.0986
PEMAFC-A,0,period_0884,12.150000,1.6859,6.3364
PEMAFC-A,0,period_0884,12.200000,1.6919,5.4417
PEMAFC-A,0,period_0884,12.250000,1.6986,6.7276
PEMAFC-A,0,period_0884,12.300000,1.7055,6.9610
PEMAFC-A,0,period_0884,12.350000,1.7109,6.5842
PEMAFC-A,0,period_0884,12.400000,1.7168,6.6939
PEMAFC-A,0,period_0884,12.450000,1.7221,6.2275
PEMAFC-A,0,period_0884,12.500000,1.7279,6.1617
PEMAFC-A,0,period_0884,12.550000,1.7341,7.1092
PEMAFC-A,0,period_0884,12.600000,1.7400,6.5050
PEMAFC-A,0,period_0884,12.650000,1.7445,6.5740
PEMAFC-A,0,period_0884,12.700000,1.7505,6.6239
PEMAFC-A,0,period_0884,12.750000,1.7570,7.3654
PEMAFC-A,0,period_0884,12.800000,1.7625,6.3417
PEMAFC-A,0,period_0884,12.850000,1.7682,6.8670
PEMAFC-A,0,period_0884,12.900000,1.7739,6.2926
PEMAFC-A,0,period_0884,12.950000,1.7787,5.5760
PEMAFC-A,0,period_0884,13.000000,1.7841,6.8323
PEMAFC-A,0,period_0884,13.050000,1.7896,6.9411
PEMAFC-A,0,period_0884,13.100000,1.7951,6.8407
PEMAFC-A,0,period_0884,13.150000,1.8004,6.6198
PEMAFC-A,0,period_0884,13.200000,1.8066,6.6810
PEMAFC-A,0,period_0884,13.250000,1.8122,6.2728
PEMAFC-A,0,period_0884,13.300000,1.8174,5.9498
PEMAFC-A,0,period_0884,13.350000,1.8228,5.6705
PEMAFC-A,0,period_0884,13.400000,1.8280,6.6966
PEMAFC-A,0,period_0884,13.450000,1.8341,5.8806
PEMAFC-A,0,period_0884,13.500000,1.8393,5.4752
PEMAFC-A,0,period_0884,13.550000,1.8453,6.6017
PEMAFC-A,0,period_0884,13.600000,1.8502,6.1872
PEMAFC-A,0,period_0884,13.650000,1.8559,5.5440
PEMAFC-A,0,period_0884,13.700000,1.8610,6.9477
PEMAFC-A,0,period_0884,13.750000,1.8657,5.9590
PEMAFC-A,0,period_0884,13.800000,1.8713,7.5793
PEMAFC-A,0,period_0884,13.850000,1.8765,5.8483
PEMAFC-A,0,period_0884,13.900000,1.8819,7.4886
PEMAFC-A,0,period_0884,13.950000,1.8873,5.9763
PEMAFC-A,0,period_0884,14.000000,1.8929,5.8048
PEMAFC-A,0,period_0884,14.050000,1.8973,6.3579
PEMAFC-A,0,period_0884,14.100000,1.9025,7.1810
PEMAFC-A,0,period_0884,14.150000,1.9070,6.3802
PEMAFC-A,0,period_0884,14.200000,1.9118,6.1464
PEMAFC-A,0,period_0884,14.250000,1.9171,6.8983
PEMAFC-A,0,period_0884,14.300000,1.9223,6.4008
PEMAFC-A,0,period_0884,14.350000,1.9263,5.9692
PEMAFC-A,0,period_0884,14.400000,1.9304,6.7273
PEMAFC-A,0,period_0884,14.450000,1.9367,6.1441
PEMAFC-A,0,period_0884,14.500000,1.9425,6.9793
PEMAFC-A,0,period_0884,14.550000,1.9472,6.8881
PEMAFC-A,0,period_0884,14.600000,1.9530,7.4033
PEMAFC-A,0,period_0884,14.650000,1.9580,7.7872
PEMAFC-A,0,period_0884,14.700000,1.9637,7.4152
PEMAFC-A,0,period_0884,14.750000,1.9685,5.0226
PEMAFC-A,0,period_0884,14.800000,1.9743,6.2937
PEMAFC-A,0,period_0884,14.850000,1.9789,7.8836
PEMAFC-A,0,period_0884,14.900000,1.9839,6.6248
PEMAFC-A,0,period_0884,14.950000,1.9891,6.9910
PEMAFC-A,0,period_0884,15.000000,1.9939,6.7236
PEMAFC-A,0,period_0884,15.050000,1.9985,5.4891
PEMAFC-A,0,period_0884,15.100000,2.0040,5.7347
PEMAFC-A,0,period_0884,15.150000,2.0079,6.7518
PEMAFC-A,0,period_0884,15.200000,2.0132,6.6914
PEMAFC-A,0,period_0884,15.250000,2.0179,5.8900
PEMAFC-A,0,period_0884,15.300000,2.0221,6.3159
PEMAFC-A,0,period_0884,15.350000,2.0270,5.2548
PEMAFC-A,0,period_0884,15.400000,2.0310,7.5115
PEMAFC-A,0,period_0884,15.450000,2.0356,6.3518
PEMAFC-A,0,period_0884,15.500000,2.0400,7.8474
PEMAFC-A,0,period_0884,15.550000,2.0445,6.3984
PEMAFC-A,0,period_0884,15.600000,2.0485,5.5763
PEMAFC-A,0,period_0884,15.650000,2.0534,5.2498
PEMAFC-A,0,period_0884,15.700000,2.0582,5.9664
PEMAFC-A,0,period_0884,15.750000,2.0630,6.2946
PEMAFC-A,0,period_0884,15.800000,2.0673,8.3295
PEMAFC-A,0,period_0884,15.850000,2.0720,7.1472
PEMAFC-A,0,period_0884,15.900000,2.0755,6.1114
PEMAFC-A,0,period_0884,15.950000,2.0802,7.3976
PEMAFC-A,0,period_0884,16.000000,2.0844,5.8153
PEMAFC-A,0,period_0884,16.050000,2.0885,7.0880
PEMAFC-A,0,period_0884,16.100000,2.0933,5.7719
PEMAFC-A,0,period_0884,16.150000,2.0984,7.5556
PEMAFC-A,0,period_0884,16.200000,2.1031,9.1638
PEMAFC-A,0,period_0884,16.250000,2.1072,7.0269
PEMAFC-A,0,period_0884,16.300000,2.1128,6.2415
PEMAFC-A,0,period_0884,16.350000,2.1182,7.8747
PEMAFC-A,0,period_0884,16.400000,2.1220,7.6179
PEMAFC-A,0,period_0884,16.450000,2.1262,6.1113
PEMAFC-A,0,period_0884,16.500000,2.1306,7.0834
PEMAFC-A,0,period_0884,16.550000,2.1344,7.1320
PEMAFC-A,0,period_0884,16.600000,2.1384,8.2303
PEMAFC-A,0,period_0884,16.650000,2.1428,5.8584
PEMAFC-A,0,period_0884,16.700000,2.1468,8.4234
PEMAFC-A,0,period_0884,16.750000,2.1496,5.9505
PEMAFC-A,0,period_0884,16.800000,2.1538,7.7096
PEMAFC-A,0,period_0884,16.850000,2.1573,7.5389
PEMAFC-A,0,period_0884,16.900000,2.1615,7.4802
PEMAFC-A,0,period_0884,16.950000,2.1657,7.3328
PEMAFC-A,0,period_0884,17.000000,2.1697,7.7571
PEMAFC-A,0,period_0884,17.050000,2.1730,7.2873
PEMAFC-A,0,period_0884,17.100000,2.1764,7.8588
PEMAFC-A,0,period_0884,17.150000,2.1809,6.6157
PEMAFC-A,0,period_0884,17.200000,2.1850,6.6970
PEMAFC-A,0,period_0884,17.250000,2.1895,6.7659
PEMAFC-A,0,period_0884,17.300000,2.1940,6.7850
PEMAFC-A,0,period_0884,17.350000,2.1970,7.5825
PEMAFC-A,0,period_0884,17.400000,2.2012,6.9357
PEMAFC-A,0,period_0884,17.450000,2.2049,7.2478
PEMAFC-A,0,period_0884,17.500000,2.2091,7.7239
PEMAFC-A,0,period_0884,17.550000,2.2131,8.2107
PEMAFC-A,0,period_0884,17.600000,2.2172,7.2492
PEMAFC-A,0,period_0884,17.650000,2.2209,7.6462
PEMAFC-A,0,period_0884,17.700000,2.2240,8.6801
PEMAFC-A,0,period_0884,17.750000,2.2284,6.6445
PEMAFC-A,0,period_0884,17.800000,2.2333,7.2739
PEMAFC-A,0,period_0884,17.850000,2.2382,6.0924
PEMAFC-A,0,period_0884,17.900000,2.2416,6.2630
PEMAFC-A,0,period_0884,17.950000,2.2449,7.1734
PEMAFC-A,0,period_0884,18.000000,2.2483,7.2210
PEMAFC-A,0,period_0884,18.050000,2.2520,5.8809
PEMAFC-A,0,period_0884,18.100000,2.2565,5.1806
PEMAFC-A,0,period_0884,18.150000,2.2601,6.5961
PEMAFC-A,0,period_0884,18.200000,2.2628,8.0399
PEMAFC-A,0,period_0884,18.250000,2.2658,6.5263
PEMAFC-A,0,period_0884,18.300000,2.2697,6.8439
PEMAFC-A,0,period_0884,18.350000,2.2737,7.5253
PEMAFC-A,0,period_0884,18.400000,2.2772,7.9442
PEMAFC-A,0,period_0884,18.450000,2.2810,7.1167
PEMAFC-A,0,period_0884,18.500000,2.2846,6.3874
PEMAFC-A,0,period_0884,18.550000,2.2886,8.3473
PEMAFC-A,0,period_0884,18.600000,2.2917,6.1733
PEMAFC-A,0,period_0884,18.650000,2.2950,7.8601
PEMAFC-A,0,period_0884,18.700000,2.2989,7.9344
PEMAFC-A,0,period_0884,18.750000,2.3023,7.4325
PEMAFC-A,0,period_0884,18.800000,2.3055,7.1953
PEMAFC-A,0,period_0884,18.850000,2.3090,7.9401
PEMAFC-A,0,period_0884,18.900000,2.3130,7.5924
PEMAFC-A,0,period_0884,18.950000,2.3163,7.5635
PEMAFC-A,0,period_0884,19.000000,2.3201,8.0668
PEMAFC-A,0,period_0884,19.050000,2.3238,8.1241
PEMAFC-A,0,period_0884,19.100000,2.3271,7.7255
PEMAFC-A,0,period_0884,19.150000,2.3305,6.8816
PEMAFC-A,0,period_0884,19.200000,2.3341,9.1929
PEMAFC-A,0,period_0884,19.250000,2.3373,6.8777
PEMAFC-A,0,period_0884,19.300000,2.3411,7.7107
PEMAFC-A,0,period_0884,19.350000,2.3445,8.1156
PEMAFC-A,0,period_0884,19.400000,2.3479,8.2116
PEMAFC-A,0,period_0884,19.450000,2.3515,7.1737
PEMAFC-A,0,period_0884,19.500000,2.3549,7.2906
PEMAFC-A,0,period_0884,19.550000,2.3580,7.6182
PEMAFC-A,0,period_0884,19.600000,2.3605,6.7547
PEMAFC-A,0,period_0884,19.650000,2.3634,6.3875
PEMAFC-A,0,period_0884,19.700000,2.3659,7.1381
PEMAFC-A,0,period_0884,19.750000,2.3688,8.7586
PEMAFC-A,0,period_0884,19.800000,2.3727,6.8742
PEMAFC-A,0,period_0884,19.850000,2.3757,6.2103
PEMAFC-A,0,period_0884,19.900000,2.3791,7.8279
PEMAFC-A,0,period_0884,19.950000,2.3823,6.6352
PEMAFC-A,0,period_0884,20.000000,2.3859,8.3848
PEMAFC-A,1,period_0339,20.000667,6.8746,-32.9057
PEMAFC-A,1,period_0339,20.050000,6.8536,-3.9488
PEMAFC-A,1,period_0339,20.100000,6.8337,-2.3151
PEMAFC-A,1,period_0339,20.150000,6.8136,-2.3593
PEMAFC-A,1,period_0339,20.200000,6.7940,-2.4296
PEMAFC-A,1,period_0339,20.250000,6.7711,-3.0955
PEMAFC-A,1,period_0339,20.300000,6.7526,-2.0076
PEMAFC-A,1,period_0339,20.350000,6.7351,-1.9612
PEMAFC-A,1,period_0339,20.400000,6.7149,-2.6206
PEMAFC-A,1,period_0339,20.450000,6.6940,-2.3969
PEMAFC-A,1,period_0339,20.500000,6.6749,-2.2441
PEMAFC-A,1,period_0339,20.550000,6.6550,-2.6264
PEMAFC-A,1,period_0339,20.600000,6.6358,-1.6623
PEMAFC-A,1,period_0339,20.650000,6.6148,-2.4509
PEMAFC-A,1,period_0339,20.700000,6.5979,-1.6988
PEMAFC-A,1,period_0339,20.750000,6.5785,-2.2454
PEMAFC-A,1,period_0339,20.800000,6.5598,-2.2199
PEMAFC-A,1,period_0339,20.850000,6.5386,-2.2363
PEMAFC-A,1,period_0339,20.900000,6.5194,-2.0502
PEMAFC-A,1,period_0339,20.950000,6.5022,-1.8008
PEMAFC-A,1,period_0339,21.000000,6.4825,-2.4705
PEMAFC-A,1,period_0339,21.050000,6.4641,-1.4314
PEMAFC-A,1,period_0339,21.100000,6.4452,-1.5740
PEMAFC-A,1,period_0339,21.150000,6.4265,-2.2180
PEMAFC-A,1,period_0339,21.200000,6.4049,-2.4060
PEMAFC-A,1,period_0339,21.250000,6.3861,-1.8551
PEMAFC-A,1,period_0339,21.300000,6.3699,-1.1323
PEMAFC-A,1,period_0339,21.350000,6.3521,-1.7601
PEMAFC-A,1,period_0339,21.400000,6.3336,-1.8908
PEMAFC-A,1,period_0339,21.450000,6.3131,-2.0495
PEMAFC-A,1,period_0339,21.500000,6.2951,-1.7955
PEMAFC-A,1,period_0339,21.550000,6.2791,-1.5036
PEMAFC-A,1,period_0339,21.600000,6.2613,-1.1648
PEMAFC-A,1,period_0339,21.650000,6.2428,-1.5236
PEMAFC-A,1,period_0339,21.700000,6.2254,-1.8387
PEMAFC-A,1,period_0339,21.750000,6.2066,-1.1939
PEMAFC-A,1,period_0339,21.800000,6.1896,-1.0092
PEMAFC-A,1,period_0339,21.850000,6.1707,-1.3460
PEMAFC-A,1,period_0339,21.900000,6.1535,-1.2019
PEMAFC-A,1,period_0339,21.950000,6.1358,-1.4806
PEMAFC-A,1,period_0339,22.000000,6.1195,-1.2674
PEMAFC-A,1,period_0339,22.050000,6.1032,-0.9965
PEMAFC-A,1,period_0339,22.100000,6.0859,-1.8741
PEMAFC-A,1,period_0339,22.150000,6.0666,-1.2572
PEMAFC-A,1,period_0339,22.200000,6.0479,-1.2658
PEMAFC-A,1,period_0339,22.250000,6.0312,-0.3660
PEMAFC-A,1,period_0339,22.300000,6.0135,-1.6034
PEMAFC-A,1,period_0339,22.350000,5.9971,-1.3650
PEMAFC-A,1,period_0339,22.400000,5.9798,-1.3382
PEMAFC-A,1,period_0339,22.450000,5.9607,-1.6631
PEMAFC-A,1,period_0339,22.500000,5.9443,-0.7692
PEMAFC-A,1,period_0339,22.550000,5.9280,-0.9783
PEMAFC-A,1,period_0339,22.600000,5.9110,-1.1149
PEMAFC-A,1,period_0339,22.650000,5.8949,-0.9981
PEMAFC-A,1,period_0339,22.700000,5.8774,-0.9034
PEMAFC-A,1,period_0339,22.750000,5.8629,-0.6112
PEMAFC-A,1,period_0339,22.800000,5.8451,-0.9803
PEMAFC-A,1,period_0339,22.850000,5.8276,-0.9321
PEMAFC-A,1,period_0339,22.900000,5.8118,-0.5280
PEMAFC-A,1,period_0339,22.950000,5.7955,-0.9638
PEMAFC-A,1,period_0339,23.000000,5.7789,-0.7198
PEMAFC-A,1,period_0339,23.050000,5.7650,-0.0461
PEMAFC-A,1,period_0339,23.100000,5.7474,-0.5295
PEMAFC-A,1,period_0339,23.150000,5.7305,-0.4917
PEMAFC-A,1,period_0339,23.200000,5.7159,-0.4109
PEMAFC-A,1,period_0339,23.250000,5.6977,-0.6903
PEMAFC-A,1,period_0339,23.300000,5.6837,-0.3456
PEMAFC-A,1,period_0339,23.350000,5.6692,-0.5189
PEMAFC-A,1,period_0339,23.400000,5.6516,-0.8120
PEMAFC-A,1,period_0339,23.450000,5.6366,-0.7708
PEMAFC-A,1,period_0339,23.500000,5.6216,-0.9134
PEMAFC-A,1,period_0339,23.550000,5.6067,-0.6252
PEMAFC-A,1,period_0339,23.600000,5.5919,-0.3715
PEMAFC-A,1,period_0339,23.650000,5.5770,-0.6919
PEMAFC-A,1,period_0339,23.700000,5.5614,-0.4568
PEMAFC-A,1,period_0339,23.750000,5.5487,0.1064
PEMAFC-A,1,period_0339,23.800000,5.5334,-0.2346
PEMAFC-A,1,period_0339,23.850000,5.5163,-0.7819
PEMAFC-A,1,period_0339,23.900000,5.5015,-0.4491
PEMAFC-A,1,period_0339,23.950000,5.4852,0.0286
PEMAFC-A,1,period_0339,24.000000,5.4712,0.0558
PEMAFC-A,1,period_0339,24.050000,5.4544,-0.0286
PEMAFC-A,1,period_0339,24.100000,5.4390,-0.6669
PEMAFC-A,1,period_0339,24.150000,5.4234,-0.5578
PEMAFC-A,1,period_0339,24.200000,5.4081,-0.4492
PEMAFC-A,1,period_0339,24.250000,5.3939,-0.0912
PEMAFC-A,1,period_0339,24.300000,5.3783,-0.2174
PEMAFC-A,1,period_0339,24.350000,5.3641,0.2155
PEMAFC-A,1,period_0339,24.400000,5.3510,0.3268
PEMAFC-A,1,period_0339,24.450000,5.3357,-0.7155
PEMAFC-A,1,period_0339,24.500000,5.3224,0.1072
PEMAFC-A,1,period_0339,24.550000,5.3106,0.8199
PEMAFC-A,1,period_0339,24.600000,5.2964,0.1859
PEMAFC-A,1,period_0339,24.650000,5.2829,0.1257
PEMAFC-A,1,period_0339,24.700000,5.2705,0.7802
PEMAFC-A,1,period_0339,24.750000,5.2575,0.0942
PEMAFC-A,1,period_0339,24.800000,5.2450,0.1008
PEMAFC-A,1,period_0339,24.850000,5.2315,0.3377
PEMAFC-A,1,period_0339,24.900000,5.2174,0.0720
PEMAFC-A,1,period_0339,24.950000,5.2044,0.3638
PEMAFC-A,1,period_0339,25.000000,5.1923,0.4206
PEMAFC-A,1,period_0339,25.050000,5.1786,0.4179
PEMAFC-A,1,period_0339,25.100000,5.1652,0.0597
PEMAFC-A,1,period_0339,25.150000,5.1542,0.8724
PEMAFC-A,1,period_0339,25.200000,5.1413,0.4729
PEMAFC-A,1,period_0339,25.250000,5.1288,0.7857
PEMAFC-A,1,period_0339,25.300000,5.1165,0.3309
PEMAFC-A,1,period_0339,25.350000,5.1018,0.3778
PEMAFC-A,1,period_0339,25.400000,5.0897,0.3565
PEMAFC-A,1,period_0339,25.450000,5.0781,0.6632
PEMAFC-A,1,period_0339,25.500000,5.0633,0.4410
PEMAFC-A,1,period_0339,25.550000,5.0499,0.4809
PEMAFC-A,1,period_0339,25.600000,5.0371,0.5677
PEMAFC-A,1,period_0339,25.650000,5.0255,0.9222
PEMAFC-A,1,period_0339,25.700000,5.0141,0.5138
PEMAFC-A,1,period_0339,25.750000,4.9987,-0.1120
PEMAFC-A,1,period_0339,25.800000,4.9869,0.8058
PEMAFC-A,1,period_0339,25.850000,4.9753,0.9040
PEMAFC-A,1,period_0339,25.900000,4.9636,0.8617
PEMAFC-A,1,period_0339,25.950000,4.9518,1.0849
PEMAFC-A,1,period_0339,26.000000,4.9393,1.1904
PEMAFC-A,1,period_0339,26.050000,4.9277,0.6934
PEMAFC-A,1,period_0339,26.100000,4.9159,0.5669
PEMAFC-A,1,period_0339,26.150000,4.9051,0.7288
PEMAFC-A,1,period_0339,26.200000,4.8939,0.8722
PEMAFC-A,1,period_0339,26.250000,4.8829,1.3765
PEMAFC-A,1,period_0339,26.300000,4.8731,1.7311
PEMAFC-A,1,period_0339,26.350000,4.8594,0.2021
PEMAFC-A,1,period_0339,26.400000,4.8472,0.9328
PEMAFC-A,1,period_0339,26.450000,4.8359,1.0749
PEMAFC-A,1,period_0339,26.500000,4.8260,0.7823
PEMAFC-A,1,period_0339,26.550000,4.8117,0.9934
PEMAFC-A,1,period_0339,26.600000,4.7996,1.0002
PEMAFC-A,1,period_0339,26.650000,4.7888,1.0457
PEMAFC-A,1,period_0339,26.700000,4.7789,0.9724
PEMAFC-A,1,period_0339,26.750000,4.7680,0.5974
PEMAFC-A,1,period_0339,26.800000,4.7572,0.5880
PEMAFC-A,1,period_0339,26.850000,4.7475,1.3980
PEMAFC-A,1,period_0339,26.900000,4.7375,1.1276
PEMAFC-A,1,period_0339,26.950000,4.7276,1.2636
PEMAFC-A,1,period_0339,27.000000,4.7161,1.5817
PEMAFC-A,1,period_0339,27.050000,4.7057,1.3413
PEMAFC-A,1,period_0339,27.100000,4.6949,1.6736
PEMAFC-A,1,period_0339,27.150000,4.6847,1.1036
PEMAFC-A,1,period_0339,27.200000,4.6750,1.2703
PEMAFC-A,1,period_0339,27.250000,4.6642,1.1904
PEMAFC-A,1,period_0339,27.300000,4.6522,0.9421
PEMAFC-A,1,period_0339,27.350000,4.6409,1.0227
PEMAFC-A,1,period_0339,27.400000,4.6313,1.4428
PEMAFC-A,1,period_0339,27.450000,4.6222,1.3258
PEMAFC-A,1,period_0339,27.500000,4.6127,1.5824
PEMAFC-A,1,period_0339,27.550000,4.6031,1.3939
PEMAFC-A,1,period_0339,27.600000,4.5931,1.0418
PEMAFC-A,1,period_0339,27.650000,4.5842,1.6902
PEMAFC-A,1,period_0339,27.700000,4.5732,1.2051
PEMAFC-A,1,period_0339,27.750000,4.5626,1.4971
PEMAFC-A,1,period_0339,27.800000,4.5525,1.5521
PEMAFC-A,1,period_0339,27.850000,4.5444,1.4082
PEMAFC-A,1,period_0339,27.900000,4.5352,1.3054
PEMAFC-A,1,period_0339,27.950000,4.5262,1.0790
PEMAFC-A,1,period_0339,28.000000,4.5176,1.4609
PEMAFC-A,1,period_0339,28.050000,4.5087,1.3890
PEMAFC-A,1,period_0339,28.100000,4.4997,1.6618
PEMAFC-A,1,period_0339,28.150000,4.4901,1.1085
PEMAFC-A,1,period_0339,28.200000,4.4811,1.6243
PEMAFC-A,1,period_0339,28.250000,4.4741,1.8224
PEMAFC-A,1,period_0339,28.300000,4.4642,2.0329
PEMAFC-A,1,period_0339,28.350000,4.4548,1.9922
PEMAFC-A,1,period_0339,28.400000,4.4465,1.6072
PEMAFC-A,1,period_0339,28.450000,4.4369,1.5196
PEMAFC-A,1,period_0339,28.500000,4.4292,2.0512
PEMAFC-A,1,period_0339,28.550000,4.4196,2.3454
PEMAFC-A,1,period_0339,28.600000,4.4125,2.6709
PEMAFC-A,1,period_0339,28.650000,4.4025,1.4792
PEMAFC-A,1,period_0339,28.700000,4.3944,1.7623
PEMAFC-A,1,period_0339,28.750000,4.3854,1.7938
PEMAFC-A,1,period_0339,28.800000,4.3763,1.8516
PEMAFC-A,1,period_0339,28.850000,4.3681,2.1332
PEMAFC-A,1,period_0339,28.900000,4.3591,1.9025
PEMAFC-A,1,period_0339,28.950000,4.3504,1.7147
PEMAFC-A,1,period_0339,29.000000,4.3419,1.7453
PEMAFC-A,1,period_0339,29.050000,4.3330,1.5625
PEMAFC-A,1,period_0339,29.100000,4.3238,2.1968
PEMAFC-A,1,period_0339,29.150000,4.3141,1.7696
PEMAFC-A,1,period_0339,29.200000,4.3072,2.2236
PEMAFC-A,1,period_0339,29.250000,4.2993,1.6863
PEMAFC-A,1,period_0339,29.300000,4.2923,2.0558
PEMAFC-A,1,period_0339,29.350000,4.2843,1.9845
PEMAFC-A,1,period_0339,29.400000,4.2777,2.2388
PEMAFC-A,1,period_0339,29.450000,4.2710,2.4228
PEMAFC-A,1,period_0339,29.500000,4.2638,1.8189
PEMAFC-A,1,period_0339,29.550000,4.2558,2.2362
PEMAFC-A,1,period_0339,29.600000,4.2472,1.3615
PEMAFC-A,1,period_0339,29.650000,4.2404,2.0267
PEMAFC-A,1,period_0339,29.700000,4.2319,1.7417
PEMAFC-A,1,period_0339,29.750000,4.2242,2.5822
PEMAFC-A,1,period_0339,29.800000,4.2173,2.1582
PEMAFC-A,1,period_0339,29.850000,4.2092,1.9348
PEMAFC-A,1,period_0339,29.900000,4.2012,1.7481
PEMAFC-A,1,period_0339,29.950000,4.1952,2.6072
PEMAFC-A,1,period_0339,30.000000,4.1883,2.4428
PEMAFC-A,1,period_0339,30.050000,4.1830,2.6217
PEMAFC-A,1,period_0339,30.100000,4.1763,2.1848
PEMAFC-A,1,period_0339,30.150000,4.1647,1.5078
PEMAFC-A,1,period_0339,30.200000,4.1569,2.5332
PEMAFC-A,1,period_0339,30.250000,4.1496,2.1369
PEMAFC-A,1,period_0339,30.300000,4.1424,2.1355
PEMAFC-A,1,period_0339,30.350000,4.1373,2.9811
PEMAFC-A,1,period_0339,30.400000,4.1321,2.2977
PEMAFC-A,1,period_0339,30.450000,4.1247,2.5265
PEMAFC-A,1,period_0339,30.500000,4.1182,2.3487
PEMAFC-A,1,period_0339,30.550000,4.1104,1.9559
PEMAFC-A,1,period_0339,30.600000,4.1042,2.7480
PEMAFC-A,1,period_0339,30.650000,4.0967,1.9247
PEMAFC-A,1,period_0339,30.700000,4.0911,2.6634
PEMAFC-A,1,period_0339,30.750000,4.0849,2.8288
PEMAFC-A,1,period_0339,30.800000,4.0794,2.0859
PEMAFC-A,1,period_0339,30.850000,4.0734,1.7976
PEMAFC-A,1,period_0339,30.900000,4.0670,2.8287
PEMAFC-A,1,period_0339,30.950000,4.0615,2.3567
PEMAFC-A,1,period_0339,31.000000,4.0560,2.6141
PEMAFC-A,1,period_0339,31.050000,4.0506,2.2406
PEMAFC-A,1,period_0339,31.100000,4.0447,2.8632
PEMAFC-A,1,period_0339,31.150000,4.0386,2.9615
PEMAFC-A,1,period_0339,31.200000,4.0316,2.0888
PEMAFC-A,1,period_0339,31.250000,4.0268,2.7482
PEMAFC-A,1,period_0339,31.300000,4.0205,2.9038
PEMAFC-A,1,period_0339,31.350000,4.0146,2.7762
PEMAFC-A,1,period_0339,31.400000,4.0095,2.7439
PEMAFC-A,1,period_0339,31.450000,4.0039,3.0521
PEMAFC-A,1,period_0339,31.500000,3.9989,2.2557
PEMAFC-A,1,period_0339,31.550000,3.9923,2.8342
PEMAFC-A,1,period_0339,31.600000,3.9865,2.9347
PEMAFC-A,1,period_0339,31.650000,3.9817,2.8987
PEMAFC-A,1,period_0339,31.700000,3.9757,2.5837
PEMAFC-A,1,period_0339,31.750000,3.9710,2.4892
PEMAFC-A,1,period_0339,31.800000,3.9662,3.7469
PEMAFC-A,1,period_0339,31.850000,3.9599,3.1416
PEMAFC-A,1,period_0339,31.900000,3.9544,1.8443
PEMAFC-A,1,period_0339,31.950000,3.9494,3.2751
PEMAFC-A,1,period_0339,32.000000,3.9449,3.2602
PEMAFC-A,1,period_0339,32.050000,3.9402,2.5099
PEMAFC-A,1,period_0339,32.100000,3.9357,3.3897
PEMAFC-A,1,period_0339,32.150000,3.9313,3.3563
PEMAFC-A,1,period_0339,32.200000,3.9257,2.7165
PEMAFC-A,1,period_0339,32.250000,3.9202,2.2993
PEMAFC-A,1,period_0339,32.300000,3.9141,2.3687
PEMAFC-A,1,period_0339,32.350000,3.9089,2.9014
PEMAFC-A,1,period_0339,32.400000,3.9048,3.4263
PEMAFC-A,1,period_0339,32.450000,3.8991,2.0893
PEMAFC-A,1,period_0339,32.500000,3.8932,2.8964
PEMAFC-A,1,period_0339,32.550000,3.8878,2.1944
PEMAFC-A,1,period_0339,32.600000,3.8824,2.8353
PEMAFC-A,1,period_0339,32.650000,3.8767,2.2877
PEMAFC-A,1,period_0339,32.700000,3.8715,2.7528
PEMAFC-A,1,period_0339,32.750000,3.8669,2.9270
PEMAFC-A,1,period_0339,32.800000,3.8619,3.0436
PEMAFC-A,1,period_0339,32.850000,3.8577,3.1298
PEMAFC-A,1,period_0339,32.900000,3.8524,2.9554
PEMAFC-A,1,period_0339,32.950000,3.8477,3.0544
PEMAFC-A,1,period_0339,33.000000,3.8423,2.8256
PEMAFC-A,1,period_0339,33.050000,3.8369,3.0911
PEMAFC-A,1,period_0339,33.100000,3.8321,2.4705
PEMAFC-A,1,period_0339,33.150000,3.8276,2.7500
PEMAFC-A,1,period_0339,33.200000,3.8240,2.8686
PEMAFC-A,1,period_0339,33.250000,3.8179,2.2433
PEMAFC-A,1,period_0339,33.300000,3.8139,2.6431
PEMAFC-A,1,period_0339,33.350000,3.8083,3.0232
PEMAFC-A,1,period_0339,33.400000,3.8041,2.9750
PEMAFC-A,1,period_0339,33.450000,3.7992,2.8558
PEMAFC-A,1,period_0339,33.500000,3.7952,3.5849
PEMAFC-A,1,period_0339,33.550000,3.7904,2.6813
PEMAFC-A,1,period_0339,33.600000,3.7860,2.5825
PEMAFC-A,1,period_0339,33.650000,3.7812,3.1330
PEMAFC-A,1,period_0339,33.700000,3.7781,3.2025
PEMAFC-A,1,period_0339,33.750000,3.7743,3.3189
PEMAFC-A,1,period_0339,33.800000,3.7706,3.3108
PEMAFC-A,1,period_0339,33.850000,3.7666,3.0523
PEMAFC-A,1,period_0339,33.900000,3.7617,3.3089
PEMAFC-A,1,period_0339,33.950000,3.7573,3.2301
PEMAFC-A,1,period_0339,34.000000,3.7525,3.1085
PEMAFC-A,1,period_0339,34.050000,3.7483,3.2109
PEMAFC-A,1,period_0339,34.100000,3.7449,3.2395
PEMAFC-A,1,period_0339,34.150000,3.7416,3.6205
PEMAFC-A,1,period_0339,34.200000,3.7373,3.4207
PEMAFC-A,1,period_0339,34.250000,3.7334,2.7816
PEMAFC-A,1,period_0339,34.300000,3.7288,3.2781
PEMAFC-A,1,period_0339,34.350000,3.7247,3.3888
PEMAFC-A,1,period_0339,34.400000,3.7219,3.6775
PEMAFC-A,1,period_0339,34.450000,3.7180,3.9289
PEMAFC-A,1,period_0339,34.500000,3.7151,3.8700
PEMAFC-A,1,period_0339,34.550000,3.7109,3.3761
PEMAFC-A,1,period_0339,34.600000,3.7071,3.2737
PEMAFC-A,1,period_0339,34.650000,3.7030,3.5195
PEMAFC-A,1,period_0339,34.700000,3.6993,2.8616
PEMAFC-A,1,period_0339,34.750000,3.6954,3.0329
PEMAFC-A,1,period_0339,34.800000,3.6919,2.9288
PEMAFC-A,1,period_0339,34.850000,3.6878,3.5523
PEMAFC-A,1,period_0339,34.900000,3.6854,3.6141
PEMAFC-A,1,period_0339,34.950000,3.6810,3.3802
PEMAFC-A,1,period_0339,35.000000,3.6766,3.2783
PEMAFC-A,1,period_0339,35.050000,3.6736,3.8521
PEMAFC-A,1,period_0339,35.100000,3.6702,3.4445
PEMAFC-A,1,period_0339,35.150000,3.6669,3.6447
PEMAFC-A,1,period_0339,35.200000,3.6637,3.6831
PEMAFC-A,1,period_0339,35.250000,3.6596,2.9802
PEMAFC-A,1,period_0339,35.300000,3.6558,3.4882
PEMAFC-A,1,period_0339,35.350000,3.6525,3.2837
PEMAFC-A,1,period_0339,35.400000,3.6489,3.6766
PEMAFC-A,1,period_0339,35.450000,3.6457,3.6731
PEMAFC-A,1,period_0339,35.500000,3.6428,3.9774
PEMAFC-A,1,period_0339,35.550000,3.6390,3.4485
PEMAFC-A,1,period_0339,35.600000,3.6359,3.9570
PEMAFC-A,1,period_0339,35.650000,3.6312,2.7664
PEMAFC-A,1,period_0339,35.700000,3.6274,3.7011
PEMAFC-A,1,period_0339,35.750000,3.6243,2.9583
PEMAFC-A,1,period_0339,35.800000,3.6216,3.2813
PEMAFC-A,1,period_0339,35.850000,3.6182,4.1025
PEMAFC-A,1,period_0339,35.900000,3.6140,3.5635
PEMAFC-A,1,period_0339,35.950000,3.6106,3.1428
PEMAFC-A,1,period_0339,36.000000,3.6077,4.0790
PEMAFC-A,1,period_0339,36.050000,3.6054,4.2592
PEMAFC-A,1,period_0339,36.100000,3.6017,2.9503
PEMAFC-A,1,period_0339,36.150000,3.5980,3.3086
PEMAFC-A,1,period_0339,36.200000,3.5934,3.1452
PEMAFC-A,1,period_0339,36.250000,3.5903,3.8695
PEMAFC-A,1,period_0339,36.300000,3.5864,3.5197
PEMAFC-A,1,period_0339,36.350000,3.5829,3.2838
PEMAFC-A,1,period_0339,36.400000,3.5792,3.9987
PEMAFC-A,1,period_0339,36.450000,3.5769,2.4462
PEMAFC-A,1,period_0339,36.500000,3.5737,3.3501
PEMAFC-A,1,period_0339,36.550000,3.5690,3.5407
PEMAFC-A,1,period_0339,36.600000,3.5668,2.8338
PEMAFC-A,1,period_0339,36.650000,3.5648,3.0737
PEMAFC-A,1,period_0339,36.700000,3.5633,4.0424
PEMAFC-A,1,period_0339,36.750000,3.5610,3.3083
PEMAFC-A,1,period_0339,36.800000,3.5582,3.3720
PEMAFC-A,1,period_0339,36.850000,3.5560,3.3973
PEMAFC-A,1,period_0339,36.900000,3.5517,3.7506
PEMAFC-A,1,period_0339,36.950000,3.5498,3.5582
PEMAFC-A,1,period_0339,37.000000,3.5469,3.6030
PEMAFC-A,1,period_0339,37.050000,3.5437,4.1023
PEMAFC-A,1,period_0339,37.100000,3.5392,3.4705
PEMAFC-A,1,period_0339,37.150000,3.5363,3.4859
PEMAFC-A,1,period_0339,37.200000,3.5340,4.0497
PEMAFC-A,1,period_0339,37.250000,3.5306,3.4536
PEMAFC-A,1,period_0339,37.300000,3.5282,3.5459
PEMAFC-A,1,period_0339,37.350000,3.5260,4.1535
PEMAFC-A,1,period_0339,37.400000,3.5247,4.0072
PEMAFC-A,1,period_0339,37.450000,3.5228,3.6954
PEMAFC-A,1,period_0339,37.500000,3.5208,4.3739
PEMAFC-A,1,period_0339,37.550000,3.5188,3.7801
PEMAFC-A,1,period_0339,37.600000,3.5165,3.5460
PEMAFC-A,1,period_0339,37.650000,3.5145,4.2868
PEMAFC-A,1,period_0339,37.700000,3.5113,3.1681
PEMAFC-A,1,period_0339,37.750000,3.5085,3.4420
PEMAFC-A,1,period_0339,37.800000,3.5054,2.8534
PEMAFC-A,1,period_0339,37.850000,3.5038,4.1380
PEMAFC-A,1,period_0339,37.900000,3.5021,3.9977
PEMAFC-A,1,period_0339,37.950000,3.4999,4.3956
PEMAFC-A,1,period_0339,38.000000,3.4978,3.2269
PEMAFC-A,1,period_0339,38.050000,3.4953,3.8052
PEMAFC-A,1,period_0339,38.100000,3.4947,3.1959
PEMAFC-A,1,period_0339,38.150000,3.4928,3.4049
PEMAFC-A,1,period_0339,38.200000,3.4908,4.1115
PEMAFC-A,1,period_0339,38.250000,3.4885,3.7422
PEMAFC-A,1,period_0339,38.300000,3.4865,4.6285
PEMAFC-A,1,period_0339,38.350000,3.4841,3.5870
PEMAFC-A,1,period_0339,38.400000,3.4825,4.3132
PEMAFC-A,1,period_0339,38.450000,3.4806,4.3626
PEMAFC-A,1,period_0339,38.500000,3.4771,3.0528
PEMAFC-A,1,period_0339,38.550000,3.4755,4.3503
PEMAFC-A,1,period_0339,38.600000,3.4736,4.4102
PEMAFC-A,1,period_0339,38.650000,3.4713,4.3354
PEMAFC-A,1,period_0339,38.700000,3.4694,3.5698
PEMAFC-A,1,period_0339,38.750000,3.4675,3.8171
PEMAFC-A,1,period_0339,38.800000,3.4638,3.6038
PEMAFC-A,1,period_0339,38.850000,3.4622,3.2750
PEMAFC-A,1,period_0339,38.900000,3.4588,3.3427
PEMAFC-A,1,period_0339,38.950000,3.4572,3.6602
PEMAFC-A,1,period_0339,39.000000,3.4554,4.0022
PEMAFC-A,1,period_0339,39.050000,3.4539,4.5919
PEMAFC-A,1,period_0339,39.100000,3.4518,3.7429
PEMAFC-A,1,period_0339,39.150000,3.4498,4.7284
PEMAFC-A,1,period_0339,39.200000,3.4480,3.6657
PEMAFC-A,1,period_0339,39.250000,3.4459,3.9434
PEMAFC-A,1,period_0339,39.300000,3.4437,4.2032
PEMAFC-A,1,period_0339,39.350000,3.4418,4.1422
PEMAFC-A,1,period_0339,39.400000,3.4387,3.5810
PEMAFC-A,1,period_0339,39.450000,3.4378,3.9784
PEMAFC-A,1,period_0339,39.500000,3.4350,3.0327
PEMAFC-A,1,period_0339,39.550000,3.4324,3.4022
PEMAFC-A,1,period_0339,39.600000,3.4305,3.3953
PEMAFC-A,1,period_0339,39.650000,3.4281,3.8857
PEMAFC-A,1,period_0339,39.700000,3.4269,3.6989
PEMAFC-A,1,period_0339,39.750000,3.4251,4.4943
PEMAFC-A,1,period_0339,39.800000,3.4235,4.0675
PEMAFC-A,1,period_0339,39.850000,3.4219,3.8715
PEMAFC-A,1,period_0339,39.900000,3.4198,3.9424
PEMAFC-A,1,period_0339,39.950000,3.4177,4.1665
PEMAFC-A,1,period_0339,40.000000,3.4157,4.3048
PEMAFC-A,2,period_0706,40.000667,4.4330,-28.5962
PEMAFC-A,2,period_0706,40.050000,4.4201,-0.1776
PEMAFC-A,2,period_0706,40.100000,4.4088,-0.2944
PEMAFC-A,2,period_0706,40.150000,4.3950,0.3314
PEMAFC-A,2,period_0706,40.200000,4.3836,0.3577
PEMAFC-A,2,period_0706,40.250000,4.3700,0.8963
PEMAFC-A,2,period_0706,40.300000,4.3595,0.4831
PEMAFC-A,2,period_0706,40.350000,4.3470,0.4850
PEMAFC-A,2,period_0706,40.400000,4.3332,-0.4569
PEMAFC-A,2,period_0706,40.450000,4.3201,0.6816
PEMAFC-A,2,period_0706,40.500000,4.3098,0.7307
PEMAFC-A,2,period_0706,40.550000,4.2995,0.8253
PEMAFC-A,2,period_0706,40.600000,4.2882,0.5839
PEMAFC-A,2,period_0706,40.650000,4.2752,0.4263
PEMAFC-A,2,period_0706,40.700000,4.2646,0.3801
PEMAFC-A,2,period_0706,40.750000,4.2531,0.5364
PEMAFC-A,2,period_0706,40.800000,4.2427,0.3284
PEMAFC-A,2,period_0706,40.850000,4.2302,1.0019
PEMAFC-A,2,period_0706,40.900000,4.2158,-0.0942
PEMAFC-A,2,period_0706,40.950000,4.2028,0.8114
PEMAFC-A,2,period_0706,41.000000,4.1930,1.2786
PEMAFC-A,2,period_0706,41.050000,4.1813,0.7855
PEMAFC-A,2,period_0706,41.100000,4.1690,0.4577
PEMAFC-A,2,period_0706,41.150000,4.1594,0.7412
PEMAFC-A,2,period_0706,41.200000,4.1514,0.6210
PEMAFC-A,2,period_0706,41.250000,4.1420,1.2211
PEMAFC-A,2,period_0706,41.300000,4.1327,0.5246
PEMAFC-A,2,period_0706,41.350000,4.1240,0.8698
PEMAFC-A,2,period_0706,41.400000,4.1132,0.6648
PEMAFC-A,2,period_0706,41.450000,4.1001,0.7238
PEMAFC-A,2,period_0706,41.500000,4.0894,0.8954
PEMAFC-A,2,period_0706,41.550000,4.0789,0.7112
PEMAFC-A,2,period_0706,41.600000,4.0690,0.2662
PEMAFC-A,2,period_0706,41.650000,4.0577,0.5232
PEMAFC-A,2,period_0706,41.700000,4.0481,1.0800
PEMAFC-A,2,period_0706,41.750000,4.0381,1.3211
PEMAFC-A,2,period_0706,41.800000,4.0285,1.1031
PEMAFC-A,2,period_0706,41.850000,4.0212,0.7152
PEMAFC-A,2,period_0706,41.900000,4.0107,0.7141
PEMAFC-A,2,period_0706,41.950000,3.9995,0.1950
PEMAFC-A,2,period_0706,42.000000,3.9901,1.3977
PEMAFC-A,2,period_0706,42.050000,3.9820,0.9616
PEMAFC-A,2,period_0706,42.100000,3.9726,1.2580
PEMAFC-A,2,period_0706,42.150000,3.9614,0.9104
PEMAFC-A,2,period_0706,42.200000,3.9522,0.6646
PEMAFC-A,2,period_0706,42.250000,3.9412,-0.0505
PEMAFC-A,2,period_0706,42.300000,3.9326,1.2175
PEMAFC-A,2,period_0706,42.350000,3.9253,0.4499
PEMAFC-A,2,period_0706,42.400000,3.9157,1.2301
PEMAFC-A,2,period_0706,42.450000,3.9051,0.5582
PEMAFC-A,2,period_0706,42.500000,3.8952,0.4880
PEMAFC-A,2,period_0706,42.550000,3.8899,1.4072
PEMAFC-A,2,period_0706,42.600000,3.8815,1.0685
PEMAFC-A,2,period_0706,42.650000,3.8736,1.4859
PEMAFC-A,2,period_0706,42.700000,3.8644,1.1405
PEMAFC-A,2,period_0706,42.750000,3.8557,0.0464
PEMAFC-A,2,period_0706,42.800000,3.8494,0.6773
PEMAFC-A,2,period_0706,42.850000,3.8384,-0.0131
PEMAFC-A,2,period_0706,42.900000,3.8311,1.0258
PEMAFC-A,2,period_0706,42.950000,3.8209,0.8001
PEMAFC-A,2,period_0706,43.000000,3.8116,0.6352
PEMAFC-A,2,period_0706,43.050000,3.8058,1.3388
PEMAFC-A,2,period_0706,43.100000,3.7978,1.2073
PEMAFC-A,2,period_0706,43.150000,3.7909,1.7775
PEMAFC-A,2,period_0706,43.200000,3.7853,1.6985
PEMAFC-A,2,period_0706,43.250000,3.7787,0.9236
PEMAFC-A,2,period_0706,43.300000,3.7725,1.8589
PEMAFC-A,2,period_0706,43.350000,3.7638,1.0532
PEMAFC-A,2,period_0706,43.400000,3.7580,1.8917
PEMAFC-A,2,period_0706,43.450000,3.7492,1.0084
PEMAFC-A,2,period_0706,43.500000,3.7343,0.0228
PEMAFC-A,2,period_0706,43.550000,3.7280,1.0936
PEMAFC-A,2,period_0706,43.600000,3.7176,-0.1084
PEMAFC-A,2,period_0706,43.650000,3.7118,1.3847
PEMAFC-A,2,period_0706,43.700000,3.7054,2.0990
PEMAFC-A,2,period_0706,43.750000,3.6963,1.1415
PEMAFC-A,2,period_0706,43.800000,3.6908,2.0728
PEMAFC-A,2,period_0706,43.850000,3.6850,1.7584
PEMAFC-A,2,period_0706,43.900000,3.6785,1.1057
PEMAFC-A,2,period_0706,43.950000,3.6729,1.1996
PEMAFC-A,2,period_0706,44.000000,3.6645,0.5451
PEMAFC-A,2,period_0706,44.050000,3.6597,2.0287
PEMAFC-A,2,period_0706,44.100000,3.6525,1.7550
PEMAFC-A,2,period_0706,44.150000,3.6460,1.9099
PEMAFC-A,2,period_0706,44.200000,3.6422,1.2179
PEMAFC-A,2,period_0706,44.250000,3.6324,1.1534
PEMAFC-A,2,period_0706,44.300000,3.6251,1.3240
PEMAFC-A,2,period_0706,44.350000,3.6169,1.7672
PEMAFC-A,2,period_0706,44.400000,3.6103,1.8097
PEMAFC-A,2,period_0706,44.450000,3.6053,1.7709
PEMAFC-A,2,period_0706,44.500000,3.5975,1.6912
PEMAFC-A,2,period_0706,44.550000,3.5933,1.4325
PEMAFC-A,2,period_0706,44.600000,3.5868,2.1478
PEMAFC-A,2,period_0706,44.650000,3.5784,0.9785
PEMAFC-A,2,period_0706,44.700000,3.5738,2.1896
PEMAFC-A,2,period_0706,44.750000,3.5682,2.2403
PEMAFC-A,2,period_0706,44.800000,3.5612,2.0171
PEMAFC-A,2,period_0706,44.850000,3.5558,1.4214
PEMAFC-A,2,period_0706,44.900000,3.5508,2.4022
PEMAFC-A,2,period_0706,44.950000,3.5439,1.8970
PEMAFC-A,2,period_0706,45.000000,3.5372,2.3046
PEMAFC-A,2,period_0706,45.050000,3.5317,1.6737
PEMAFC-A,2,period_0706,45.100000,3.5256,2.2802
PEMAFC-A,2,period_0706,45.150000,3.5192,1.9355
PEMAFC-A,2,period_0706,45.200000,3.5155,1.7437
PEMAFC-A,2,period_0706,45.250000,3.5098,1.1732
PEMAFC-A,2,period_0706,45.300000,3.5041,1.9122
PEMAFC-A,2,period_0706,45.350000,3.4973,0.7109
PEMAFC-A,2,period_0706,45.400000,3.4917,1.7728
PEMAFC-A,2,period_0706,45.450000,3.4847,1.5541
PEMAFC-A,2,period_0706,45.500000,3.4777,1.3911
PEMAFC-A,2,period_0706,45.550000,3.4724,2.3477
PEMAFC-A,2,period_0706,45.600000,3.4654,1.6978
PEMAFC-A,2,period_0706,45.650000,3.4592,2.1900
PEMAFC-A,2,period_0706,45.700000,3.4540,1.5907
PEMAFC-A,2,period_0706,45.750000,3.4471,0.8682
PEMAFC-A,2,period_0706,45.800000,3.4420,0.2114
PEMAFC-A,2,period_0706,45.850000,3.4370,1.2757
PEMAFC-A,2,period_0706,45.900000,3.4317,2.0032
PEMAFC-A,2,period_0706,45.950000,3.4259,2.0246
PEMAFC-A,2,period_0706,46.000000,3.4204,1.3679
PEMAFC-A,2,period_0706,46.050000,3.4159,2.1306
PEMAFC-A,2,period_0706,46.100000,3.4103,2.0721
PEMAFC-A,2,period_0706,46.150000,3.4058,1.4428
PEMAFC-A,2,period_0706,46.200000,3.3998,2.1026
PEMAFC-A,2,period_0706,46.250000,3.3957,1.4688
PEMAFC-A,2,period_0706,46.300000,3.3892,0.6743
PEMAFC-A,2,period_0706,46.350000,3.3844,1.8113
PEMAFC-A,2,period_0706,46.400000,3.3777,2.6708
PEMAFC-A,2,period_0706,46.450000,3.3754,1.7874
PEMAFC-A,2,period_0706,46.500000,3.3706,1.6394
PEMAFC-A,2,period_0706,46.550000,3.3623,1.0753
PEMAFC-A,2,period_0706,46.600000,3.3559,2.5752
PEMAFC-A,2,period_0706,46.650000,3.3516,1.7690
PEMAFC-A,2,period_0706,46.700000,3.3476,1.3900
PEMAFC-A,2,period_0706,46.750000,3.3408,1.4046
PEMAFC-A,2,period_0706,46.800000,3.3345,2.0834
PEMAFC-A,2,period_0706,46.850000,3.3298,1.9919
PEMAFC-A,2,period_0706,46.900000,3.3267,1.9904
PEMAFC-A,2,period_0706,46.950000,3.3217,1.2420
PEMAFC-A,2,period_0706,47.000000,3.3168,1.9570
PEMAFC-A,2,period_0706,47.050000,3.3124,2.2759
PEMAFC-A,2,period_0706,47.100000,3.3065,2.1415
PEMAFC-A,2,period_0706,47.150000,3.2999,2.1774
PEMAFC-A,2,period_0706,47.200000,3.2978,2.4721
PEMAFC-A,2,period_0706,47.250000,3.2938,1.2860
PEMAFC-A,2,period_0706,47.300000,3.2911,1.9655
PEMAFC-A,2,period_0706,47.350000,3.2874,2.9721
PEMAFC-A,2,period_0706,47.400000,3.2829,1.9706
PEMAFC-A,2,period_0706,47.450000,3.2810,1.6624
PEMAFC-A,2,period_0706,47.500000,3.2762,1.9372
PEMAFC-A,2,period_0706,47.550000,3.2739,1.8416
PEMAFC-A,2,period_0706,47.600000,3.2713,2.3993
PEMAFC-A,2,period_0706,47.650000,3.2659,2.2089
PEMAFC-A,2,period_0706,47.700000,3.2626,1.3808
PEMAFC-A,2,period_0706,47.750000,3.2593,1.4389
PEMAFC-A,2,period_0706,47.800000,3.2544,2.3075
PEMAFC-A,2,period_0706,47.850000,3.2529,2.9460
PEMAFC-A,2,period_0706,47.900000,3.2516,1.8925
PEMAFC-A,2,period_0706,47.950000,3.2471,1.3402
PEMAFC-A,2,period_0706,48.000000,3.2441,2.3012
PEMAFC-A,2,period_0706,48.050000,3.2412,2.0343
PEMAFC-A,2,period_0706,48.100000,3.2370,2.3081
PEMAFC-A,2,period_0706,48.150000,3.2314,1.9125
PEMAFC-A,2,period_0706,48.200000,3.2255,1.9639
PEMAFC-A,2,period_0706,48.250000,3.2212,1.9801
PEMAFC-A,2,period_0706,48.300000,3.2179,1.9293
PEMAFC-A,2,period_0706,48.350000,3.2139,1.0005
PEMAFC-A,2,period_0706,48.400000,3.2103,2.5034
PEMAFC-A,2,period_0706,48.450000,3.2082,2.4676
PEMAFC-A,2,period_0706,48.500000,3.2063,2.6555
PEMAFC-A,2,period_0706,48.550000,3.2021,2.6247
PEMAFC-A,2,period_0706,48.600000,3.1945,2.3144
PEMAFC-A,2,period_0706,48.650000,3.1973,2.7471
PEMAFC-A,2,period_0706,48.700000,3.2003,1.8475
PEMAFC-A,2,period_0706,48.750000,3.1954,1.7510
PEMAFC-A,2,period_0706,48.800000,3.1913,2.0352
PEMAFC-A,2,period_0706,48.850000,3.1894,1.7399
PEMAFC-A,2,period_0706,48.900000,3.1838,1.7093
PEMAFC-A,2,period_0706,48.950000,3.1835,2.4412
PEMAFC-A,2,period_0706,49.000000,3.1838,2.5595
PEMAFC-A,2,period_0706,49.050000,3.1870,3.0653
PEMAFC-A,2,period_0706,49.100000,3.1861,2.5612
PEMAFC-A,2,period_0706,49.150000,3.1799,0.9785
PEMAFC-A,2,period_0706,49.200000,3.1752,2.0482
PEMAFC-A,2,period_0706,49.250000,3.1730,2.1751
PEMAFC-A,2,period_0706,49.300000,3.1718,2.4770
PEMAFC-A,2,period_0706,49.350000,3.1692,1.8503
PEMAFC-A,2,period_0706,49.400000,3.1672,2.1697
PEMAFC-A,2,period_0706,49.450000,3.1652,2.1838
PEMAFC-A,2,period_0706,49.500000,3.1634,2.3032
PEMAFC-A,2,period_0706,49.550000,3.1609,1.5953
PEMAFC-A,2,period_0706,49.600000,3.1594,2.4473
PEMAFC-A,2,period_0706,49.650000,3.1569,2.4459
PEMAFC-A,2,period_0706,49.700000,3.1509,1.6792
PEMAFC-A,2,period_0706,49.750000,3.1481,1.3803
PEMAFC-A,2,period_0706,49.800000,3.1457,1.3021
PEMAFC-A,2,period_0706,49.850000,3.1430,2.7299
PEMAFC-A,2,period_0706,49.900000,3.1405,2.2194
PEMAFC-A,2,period_0706,49.950000,3.1391,2.2512
PEMAFC-A,2,period_0706,50.000000,3.1354,2.6656
PEMAFC-A,2,period_0706,50.050000,3.1334,1.9501
PEMAFC-A,2,period_0706,50.100000,3.1271,1.8500
PEMAFC-A,2,period_0706,50.150000,3.1258,2.2008
PEMAFC-A,2,period_0706,50.200000,3.1244,3.2242
PEMAFC-A,2,period_0706,50.250000,3.1233,2.2131
PEMAFC-A,2,period_0706,50.300000,3.1207,2.7620
PEMAFC-A,2,period_0706,50.350000,3.1177,0.9990
PEMAFC-A,2,period_0706,50.400000,3.1152,2.7679
PEMAFC-A,2,period_0706,50.450000,3.1127,2.7251
PEMAFC-A,2,period_0706,50.500000,3.1118,2.6096
PEMAFC-A,2,period_0706,50.550000,3.1124,2.7849
PEMAFC-A,2,period_0706,50.600000,3.1094,2.2702
PEMAFC-A,2,period_0706,50.650000,3.1069,2.2661
PEMAFC-A,2,period_0706,50.700000,3.1061,2.5056
PEMAFC-A,2,period_0706,50.750000,3.1020,2.0773
PEMAFC-A,2,period_0706,50.800000,3.0993,3.0160
PEMAFC-A,2,period_0706,50.850000,3.0985,2.3219
PEMAFC-A,2,period_0706,50.900000,3.0956,2.0488
PEMAFC-A,2,period_0706,50.950000,3.0951,2.8468
PEMAFC-A,2,period_0706,51.000000,3.0936,1.7120
PEMAFC-A,2,period_0706,51.050000,3.0905,2.0080
PEMAFC-A,2,period_0706,51.100000,3.0870,2.6054
PEMAFC-A,2,period_0706,51.150000,3.0841,2.2021
PEMAFC-A,2,period_0706,51.200000,3.0805,2.5723
PEMAFC-A,2,period_0706,51.250000,3.0791,2.3251
PEMAFC-A,2,period_0706,51.300000,3.0765,2.9884
PEMAFC-A,2,period_0706,51.350000,3.0757,2.4380
PEMAFC-A,2,period_0706,51.400000,3.0760,2.2138
PEMAFC-A,2,period_0706,51.450000,3.0735,1.7007
PEMAFC-A,2,period_0706,51.500000,3.0704,1.9684
PEMAFC-A,2,period_0706,51.550000,3.0688,2.3683
PEMAFC-A,2,period_0706,51.600000,3.0676,2.3788
PEMAFC-A,2,period_0706,51.650000,3.0664,3.1397
PEMAFC-A,2,period_0706,51.700000,3.0658,2.8762
PEMAFC-A,2,period_0706,51.750000,3.0620,1.9564
PEMAFC-A,2,period_0706,51.800000,3.0582,1.8557
PEMAFC-A,2,period_0706,51.850000,3.0579,2.9502
PEMAFC-A,2,period_0706,51.900000,3.0533,0.5940
PEMAFC-A,2,period_0706,51.950000,3.0511,2.5898
PEMAFC-A,2,period_0706,52.000000,3.0465,1.2704
PEMAFC-A,2,period_0706,52.050000,3.0444,1.5803
PEMAFC-A,2,period_0706,52.100000,3.0423,3.3021
PEMAFC-A,2,period_0706,52.150000,3.0408,2.6065
PEMAFC-A,2,period_0706,52.200000,3.0387,3.7841
PEMAFC-A,2,period_0706,52.250000,3.0383,2.3912
PEMAFC-A,2,period_0706,52.300000,3.0361,3.6582
PEMAFC-A,2,period_0706,52.350000,3.0360,2.2457
PEMAFC-A,2,period_0706,52.400000,3.0344,2.3790
PEMAFC-A,2,period_0706,52.450000,3.0330,3.0723
PEMAFC-A,2,period_0706,52.500000,3.0350,2.4963
PEMAFC-A,2,period_0706,52.550000,3.0346,3.6679
PEMAFC-A,2,period_0706,52.600000,3.0324,2.0191
PEMAFC-A,2,period_0706,52.650000,3.0320,2.0233
PEMAFC-A,2,period_0706,52.700000,3.0309,3.0226
PEMAFC-A,2,period_0706,52.750000,3.0308,3.7405
PEMAFC-A,2,period_0706,52.800000,3.0301,2.3560
PEMAFC-A,2,period_0706,52.850000,3.0260,2.2969
PEMAFC-A,2,period_0706,52.900000,3.0235,3.1716
PEMAFC-A,2,period_0706,52.950000,3.0229,2.3673
PEMAFC-A,2,period_0706,53.000000,3.0208,2.6491
PEMAFC-A,2,period_0706,53.050000,3.0192,2.9702
PEMAFC-A,2,period_0706,53.100000,3.0180,2.4452
PEMAFC-A,2,period_0706,53.150000,3.0177,2.9198
PEMAFC-A,2,period_0706,53.200000,3.0157,2.8231
PEMAFC-A,2,period_0706,53.250000,3.0128,2.6372
PEMAFC-A,2,period_0706,53.300000,3.0118,3.0025
PEMAFC-A,2,period_0706,53.350000,3.0088,3.2029
PEMAFC-A,2,period_0706,53.400000,3.0078,3.5266
PEMAFC-A,2,period_0706,53.450000,3.0054,2.9094
PEMAFC-A,2,period_0706,53.500000,3.0060,3.2366
PEMAFC-A,2,period_0706,53.550000,3.0054,2.2079
PEMAFC-A,2,period_0706,53.600000,3.0024,2.7496
PEMAFC-A,2,period_0706,53.650000,3.0031,3.2567
PEMAFC-A,2,period_0706,53.700000,3.0018,2.7607
PEMAFC-A,2,period_0706,53.750000,3.0021,2.7595
PEMAFC-A,2,period_0706,53.800000,3.0003,2.7015
PEMAFC-A,2,period_0706,53.850000,2.9996,1.5958
PEMAFC-A,2,period_0706,53.900000,3.0020,2.2517
PEMAFC-A,2,period_0706,53.950000,3.0016,3.6401
PEMAFC-A,2,period_0706,54.000000,3.0030,1.9328
PEMAFC-A,2,period_0706,54.050000,3.0015,1.3804
PEMAFC-A,2,period_0706,54.100000,2.9994,2.0439
PEMAFC-A,2,period_0706,54.150000,2.9991,3.9925
PEMAFC-A,2,period_0706,54.200000,2.9987,2.8538
PEMAFC-A,2,period_0706,54.250000,2.9976,2.5247
PEMAFC-A,2,period_0706,54.300000,2.9975,3.8413
PEMAFC-A,2,period_0706,54.350000,2.9977,2.7786
PEMAFC-A,2,period_0706,54.400000,2.9946,2.6262
PEMAFC-A,2,period_0706,54.450000,2.9941,1.3132
PEMAFC-A,2,period_0706,54.500000,2.9911,1.6905
PEMAFC-A,2,period_0706,54.550000,2.9912,2.9707
PEMAFC-A,2,period_0706,54.600000,2.9917,3.0122
PEMAFC-A,2,period_0706,54.650000,2.9918,2.4346
PEMAFC-A,2,period_0706,54.700000,2.9899,2.2277
PEMAFC-A,2,period_0706,54.750000,2.9859,2.2323
PEMAFC-A,2,period_0706,54.800000,2.9820,2.2886
PEMAFC-A,2,period_0706,54.850000,2.9796,2.3033
PEMAFC-A,2,period_0706,54.900000,2.9784,3.0687
PEMAFC-A,2,period_0706,54.950000,2.9774,2.6558
PEMAFC-A,2,period_0706,55.000000,2.9775,1.8605
PEMAFC-A,2,period_0706,55.050000,2.9759,4.0975
PEMAFC-A,2,period_0706,55.100000,2.9722,2.5602
PEMAFC-A,2,period_0706,55.150000,2.9702,3.2750
PEMAFC-A,2,period_0706,55.200000,2.9660,2.2176
PEMAFC-A,2,period_0706,55.250000,2.9645,1.5302
PEMAFC-A,2,period_0706,55.300000,2.9639,3.7650
PEMAFC-A,2,period_0706,55.350000,2.9646,1.6129
PEMAFC-A,2,period_0706,55.400000,2.9619,2.2088
PEMAFC-A,2,period_0706,55.450000,2.9601,2.5117
PEMAFC-A,2,period_0706,55.500000,2.9568,2.3781
PEMAFC-A,2,period_0706,55.550000,2.9563,2.5293
PEMAFC-A,2,period_0706,55.600000,2.9560,2.7773
PEMAFC-A,2,period_0706,55.650000,2.9540,1.0892
PEMAFC-A,2,period_0706,55.700000,2.9532,3.0416
PEMAFC-A,2,period_0706,55.750000,2.9522,2.9984
PEMAFC-A,2,period_0706,55.800000,2.9508,2.6639
PEMAFC-A,2,period_0706,55.850000,2.9506,1.0137
PEMAFC-A,2,period_0706,55.900000,2.9500,2.9523
PEMAFC-A,2,period_0706,55.950000,2.9536,3.1301
PEMAFC-A,2,period_0706,56.000000,2.9515,2.8573
PEMAFC-A,2,period_0706,56.050000,2.9514,4.0021
PEMAFC-A,2,period_0706,56.100000,2.9516,2.5468
PEMAFC-A,2,period_0706,56.150000,2.9486,2.7166
PEMAFC-A,2,period_0706,56.200000,2.9472,2.1466
PEMAFC-A,2,period_0706,56.250000,2.9497,2.2322
PEMAFC-A,2,period_0706,56.300000,2.9474,2.3768
PEMAFC-A,2,period_0706,56.350000,2.9453,2.8864
PEMAFC-A,2,period_0706,56.400000,2.9411,2.2511
PEMAFC-A,2,period_0706,56.450000,2.9409,1.9352
PEMAFC-A,2,period_0706,56.500000,2.9397,3.3334
PEMAFC-A,2,period_0706,56.550000,2.9381,2.7860
PEMAFC-A,2,period_0706,56.600000,2.9391,3.4723
PEMAFC-A,2,period_0706,56.650000,2.9381,2.4110
PEMAFC-A,2,period_0706,56.700000,2.9373,3.0946
PEMAFC-A,2,period_0706,56.750000,2.9364,2.9423
PEMAFC-A,2,period_0706,56.800000,2.9366,2.5039
PEMAFC-A,2,period_0706,56.850000,2.9352,2.9361
PEMAFC-A,2,period_0706,56.900000,2.9353,3.5475
PEMAFC-A,2,period_0706,56.950000,2.9353,2.7430
PEMAFC-A,2,period_0706,57.000000,2.9320,2.5915
PEMAFC-A,2,period_0706,57.050000,2.9338,2.2179
PEMAFC-A,2,period_0706,57.100000,2.9334,1.4298
PEMAFC-A,2,period_0706,57.150000,2.9331,3.2626
PEMAFC-A,2,period_0706,57.200000,2.9321,2.9341
PEMAFC-A,2,period_0706,57.250000,2.9320,2.9105
PEMAFC-A,2,period_0706,57.300000,2.9275,1.3430
PEMAFC-A,2,period_0706,57.350000,2.9250,1.9785
PEMAFC-A,2,period_0706,57.400000,2.9265,2.6676
PEMAFC-A,2,period_0706,57.450000,2.9258,3.4731
PEMAFC-A,2,period_0706,57.500000,2.9256,3.6286
PEMAFC-A,2,period_0706,57.550000,2.9264,3.6809
PEMAFC-A,2,period_0706,57.600000,2.9267,2.9181
PEMAFC-A,2,period_0706,57.650000,2.9253,1.9866
PEMAFC-A,2,period_0706,57.700000,2.9248,2.7423
PEMAFC-A,2,period_0706,57.750000,2.9229,2.7388
PEMAFC-A,2,period_0706,57.800000,2.9243,3.7252
PEMAFC-A,2,period_0706,57.850000,2.9211,2.7141
PEMAFC-A,2,period_0706,57.900000,2.9189,2.7409
PEMAFC-A,2,period_0706,57.950000,2.9170,3.2682
PEMAFC-A,2,period_0706,58.000000,2.9143,2.3339
PEMAFC-A,2,period_0706,58.050000,2.9125,1.4953
PEMAFC-A,2,period_0706,58.100000,2.9114,3.3647
PEMAFC-A,2,period_0706,58.150000,2.9087,1.7487
PEMAFC-A,2,period_0706,58.200000,2.9089,3.0997
PEMAFC-A,2,period_0706,58.250000,2.9065,2.0855
PEMAFC-A,2,period_0706,58.300000,2.9055,1.6445
PEMAFC-A,2,period_0706,58.350000,2.9046,3.3254
PEMAFC-A,2,period_0706,58.400000,2.9067,2.0626
PEMAFC-A,2,period_0706,58.450000,2.9055,3.2747
PEMAFC-A,2,period_0706,58.500000,2.9045,2.3598
PEMAFC-A,2,period_0706,58.550000,2.9030,3.1619
PEMAFC-A,2,period_0706,58.600000,2.9017,3.5480
PEMAFC-A,2,period_0706,58.650000,2.9026,2.4999
PEMAFC-A,2,period_0706,58.700000,2.9017,3.2846
PEMAFC-A,2,period_0706,58.750000,2.9000,2.5724
PEMAFC-A,2,period_0706,58.800000,2.8996,2.0743
PEMAFC-A,2,period_0706,58.850000,2.8980,2.4328
PEMAFC-A,2,period_0706,58.900000,2.8976,1.7804
PEMAFC-A,2,period_0706,58.950000,2.8983,3.2327
PEMAFC-A,2,period_0706,59.000000,2.8984,3.1734
PEMAFC-A,2,period_0706,59.050000,2.8967,3.3804
PEMAFC-A,2,period_0706,59.100000,2.8950,2.2443
PEMAFC-A,2,period_0706,59.150000,2.8941,2.7416
PEMAFC-A,2,period_0706,59.200000,2.8938,2.5024
PEMAFC-A,2,period_0706,59.250000,2.8943,2.0553
PEMAFC-A,2,period_0706,59.300000,2.8928,3.4549
PEMAFC-A,2,period_0706,59.350000,2.8929,1.0232
PEMAFC-A,2,period_0706,59.400000,2.8896,2.4115
PEMAFC-A,2,period_0706,59.450000,2.8883,3.5275
PEMAFC-A,2,period_0706,59.500000,2.8855,2.8070
PEMAFC-A,2,period_0706,59.550000,2.8820,1.9938
PEMAFC-A,2,period_0706,59.600000,2.8848,2.6277
PEMAFC-A,2,period_0706,59.650000,2.8835,2.3983
PEMAFC-A,2,period_0706,59.700000,2.8852,3.5217
PEMAFC-A,2,period_0706,59.750000,2.8845,2.2662
PEMAFC-A,2,period_0706,59.800000,2.8877,1.8456
PEMAFC-A,2,period_0706,59.850000,2.8868,3.6204
PEMAFC-A,2,period_0706,59.900000,2.8858,4.3352
PEMAFC-A,2,period_0706,59.950000,2.8846,3.3946
PEMAFC-A,2,period_0706,60.000000,2.8854,2.8675
PEMAFC-A,3,period_0987,60.000667,0.3024,-14.6893
PEMAFC-A,3,period_0987,60.050000,0.3010,-0.4595
PEMAFC-A,3,period_0987,60.100000,0.3013,-0.3392
PEMAFC-A,3,period_0987,60.150000,0.3017,-0.5800
PEMAFC-A,3,period_0987,60.200000,0.2993,-0.3690
PEMAFC-A,3,period_0987,60.250000,0.3028,-0.4285
PEMAFC-A,3,period_0987,60.300000,0.2980,-0.1944
PEMAFC-A,3,period_0987,60.350000,0.2997,-0.3220
PEMAFC-A,3,period_0987,60.400000,0.2981,-0.0453
PEMAFC-A,3,period_0987,60.450000,0.2983,-0.0752
PEMAFC-A,3,period_0987,60.500000,0.2976,-0.1476
PEMAFC-A,3,period_0987,60.550000,0.2977,0.0596
PEMAFC-A,3,period_0987,60.600000,0.2970,0.0414
PEMAFC-A,3,period_0987,60.650000,0.2962,0.0457
PEMAFC-A,3,period_0987,60.700000,0.2943,0.0064
PEMAFC-A,3,period_0987,60.750000,0.2921,0.2377
PEMAFC-A,3,period_0987,60.800000,0.2928,0.0317
PEMAFC-A,3,period_0987,60.850000,0.2923,0.0942
PEMAFC-A,3,period_0987,60.900000,0.2950,0.1309
PEMAFC-A,3,period_0987,60.950000,0.2951,0.1239
PEMAFC-A,3,period_0987,61.000000,0.2952,0.2318
PEMAFC-A,3,period_0987,61.050000,0.2949,0.3048
PEMAFC-A,3,period_0987,61.100000,0.2953,0.4691
PEMAFC-A,3,period_0987,61.150000,0.2936,0.5103
PEMAFC-A,3,period_0987,61.200000,0.2955,0.5549
PEMAFC-A,3,period_0987,61.250000,0.2962,0.7132
PEMAFC-A,3,period_0987,61.300000,0.2980,0.6106
PEMAFC-A,3,period_0987,61.350000,0.2994,0.6063
PEMAFC-A,3,period_0987,61.400000,0.3021,0.6874
PEMAFC-A,3,period_0987,61.450000,0.3069,0.7091
PEMAFC-A,3,period_0987,61.500000,0.3094,0.8163
PEMAFC-A,3,period_0987,61.550000,0.3114,0.8673
PEMAFC-A,3,period_0987,61.600000,0.3137,0.7531
PEMAFC-A,3,period_0987,61.650000,0.3188,0.8923
PEMAFC-A,3,period_0987,61.700000,0.3212,0.8726
PEMAFC-A,3,period_0987,61.750000,0.3220,0.9978
PEMAFC-A,3,period_0987,61.800000,0.3236,1.0548
PEMAFC-A,3,period_0987,61.850000,0.3252,0.8878
PEMAFC-A,3,period_0987,61.900000,0.3283,0.8369
PEMAFC-A,3,period_0987,61.950000,0.3307,0.9526
PEMAFC-A,3,period_0987,62.000000,0.3335,1.0496
PEMAFC-A,3,period_0987,62.050000,0.3380,0.9130
PEMAFC-A,3,period_0987,62.100000,0.3418,1.0340
PEMAFC-A,3,period_0987,62.150000,0.3462,1.0038
PEMAFC-A,3,period_0987,62.200000,0.3500,1.2022
PEMAFC-A,3,period_0987,62.250000,0.3556,1.1694
PEMAFC-A,3,period_0987,62.300000,0.3597,1.4144
PEMAFC-A,3,period_0987,62.350000,0.3637,1.2358
PEMAFC-A,3,period_0987,62.400000,0.3712,1.1667
PEMAFC-A,3,period_0987,62.450000,0.3747,1.3423
PEMAFC-A,3,period_0987,62.500000,0.3793,1.1864
PEMAFC-A,3,period_0987,62.550000,0.3856,1.3263
PEMAFC-A,3,period_0987,62.600000,0.3911,1.5108
PEMAFC-A,3,period_0987,62.650000,0.3955,1.6414
PEMAFC-A,3,period_0987,62.700000,0.3992,1.6781
PEMAFC-A,3,period_0987,62.750000,0.3999,1.3317
PEMAFC-A,3,period_0987,62.800000,0.4026,1.4860
PEMAFC-A,3,period_0987,62.850000,0.4087,1.5948
PEMAFC-A,3,period_0987,62.900000,0.4125,1.9132
PEMAFC-A,3,period_0987,62.950000,0.4186,1.7106
PEMAFC-A,3,period_0987,63.000000,0.4252,1.8478
PEMAFC-A,3,period_0987,63.050000,0.4299,2.0098
PEMAFC-A,3,period_0987,63.100000,0.4400,1.6461
PEMAFC-A,3,period_0987,63.150000,0.4450,1.8659
PEMAFC-A,3,period_0987,63.200000,0.4501,2.0008
PEMAFC-A,3,period_0987,63.250000,0.4568,2.0369
PEMAFC-A,3,period_0987,63.300000,0.4615,2.0165
PEMAFC-A,3,period_0987,63.350000,0.4693,2.0880
PEMAFC-A,3,period_0987,63.400000,0.4754,1.8969
PEMAFC-A,3,period_0987,63.450000,0.4813,2.0586
PEMAFC-A,3,period_0987,63.500000,0.4885,2.0424
PEMAFC-A,3,period_0987,63.550000,0.4973,2.1638
PEMAFC-A,3,period_0987,63.600000,0.5021,2.3494
PEMAFC-A,3,period_0987,63.650000,0.5077,2.3966
PEMAFC-A,3,period_0987,63.700000,0.5154,2.3256
PEMAFC-A,3,period_0987,63.750000,0.5197,2.2586
PEMAFC-A,3,period_0987,63.800000,0.5262,2.3557
PEMAFC-A,3,period_0987,63.850000,0.5323,2.3803
PEMAFC-A,3,period_0987,63.900000,0.5380,2.4832
PEMAFC-A,3,period_0987,63.950000,0.5443,2.3236
PEMAFC-A,3,period_0987,64.000000,0.5514,2.4331
PEMAFC-A,3,period_0987,64.050000,0.5586,2.5743
PEMAFC-A,3,period_0987,64.100000,0.5659,2.4977
PEMAFC-A,3,period_0987,64.150000,0.5730,2.6682
PEMAFC-A,3,period_0987,64.200000,0.5779,2.6283
PEMAFC-A,3,period_0987,64.250000,0.5862,2.6784
PEMAFC-A,3,period_0987,64.300000,0.5931,2.9362
PEMAFC-A,3,period_0987,64.350000,0.6009,2.6323
PEMAFC-A,3,period_0987,64.400000,0.6073,2.8105
PEMAFC-A,3,period_0987,64.450000,0.6162,2.8111
PEMAFC-A,3,period_0987,64.500000,0.6238,2.9338
PEMAFC-A,3,period_0987,64.550000,0.6313,3.0370
PEMAFC-A,3,period_0987,64.600000,0.6381,2.9591
PEMAFC-A,3,period_0987,64.650000,0.6462,2.8494
PEMAFC-A,3,period_0987,64.700000,0.6529,3.0488
PEMAFC-A,3,period_0987,64.750000,0.6606,2.9980
PEMAFC-A,3,period_0987,64.800000,0.6694,2.8293
PEMAFC-A,3,period_0987,64.850000,0.6758,3.1456
PEMAFC-A,3,period_0987,64.900000,0.6849,3.1001
PEMAFC-A,3,period_0987,64.950000,0.6916,2.8705
PEMAFC-A,3,period_0987,65.000000,0.6995,2.9081
PEMAFC-A,3,period_0987,65.050000,0.7068,3.3061
PEMAFC-A,3,period_0987,65.100000,0.7164,3.1759
PEMAFC-A,3,period_0987,65.150000,0.7241,3.3640
PEMAFC-A,3,period_0987,65.200000,0.7294,3.2497
PEMAFC-A,3,period_0987,65.250000,0.7358,3.2144
PEMAFC-A,3,period_0987,65.300000,0.7420,3.1596
PEMAFC-A,3,period_0987,65.350000,0.7503,3.3243
PEMAFC-A,3,period_0987,65.400000,0.7563,3.3981
PEMAFC-A,3,period_0987,65.450000,0.7654,3.3952
PEMAFC-A,3,period_0987,65.500000,0.7749,3.4342
PEMAFC-A,3,period_0987,65.550000,0.7828,3.5548
PEMAFC-A,3,period_0987,65.600000,0.7891,3.7066
PEMAFC-A,3,period_0987,65.650000,0.7944,3.7924
PEMAFC-A,3,period_0987,65.700000,0.8023,3.6291
PEMAFC-A,3,period_0987,65.750000,0.8096,3.5177
PEMAFC-A,3,period_0987,65.800000,0.8152,3.8290
PEMAFC-A,3,period_0987,65.850000,0.8226,3.6989
PEMAFC-A,3,period_0987,65.900000,0.8303,3.6348
PEMAFC-A,3,period_0987,65.950000,0.8370,4.0262
PEMAFC-A,3,period_0987,66.000000,0.8456,3.8693
PEMAFC-A,3,period_0987,66.050000,0.8531,3.7216
PEMAFC-A,3,period_0987,66.100000,0.8608,4.0149
PEMAFC-A,3,period_0987,66.150000,0.8686,4.0634
PEMAFC-A,3,period_0987,66.200000,0.8758,3.9293
PEMAFC-A,3,period_0987,66.250000,0.8845,3.8399
PEMAFC-A,3,period_0987,66.300000,0.8932,3.9676
PEMAFC-A,3,period_0987,66.350000,0.8989,3.6328
PEMAFC-A,3,period_0987,66.400000,0.9068,4.0640
PEMAFC-A,3,period_0987,66.450000,0.9171,3.6288
PEMAFC-A,3,period_0987,66.500000,0.9234,4.3503
PEMAFC-A,3,period_0987,66.550000,0.9321,4.2183
PEMAFC-A,3,period_0987,66.600000,0.9406,4.0032
PEMAFC-A,3,period_0987,66.650000,0.9480,3.9820
PEMAFC-A,3,period_0987,66.700000,0.9569,4.1155
PEMAFC-A,3,period_0987,66.750000,0.9658,4.2389
PEMAFC-A,3,period_0987,66.800000,0.9737,4.4055
PEMAFC-A,3,period_0987,66.850000,0.9826,4.3760
PEMAFC-A,3,period_0987,66.900000,0.9891,4.3605
PEMAFC-A,3,period_0987,66.950000,0.9962,4.5974
PEMAFC-A,3,period_0987,67.000000,1.0033,4.5091
PEMAFC-A,3,period_0987,67.050000,1.0102,4.4736
PEMAFC-A,3,period_0987,67.100000,1.0170,4.5690
PEMAFC-A,3,period_0987,67.150000,1.0238,4.5218
PEMAFC-A,3,period_0987,67.200000,1.0312,4.5482
PEMAFC-A,3,period_0987,67.250000,1.0389,4.6937
PEMAFC-A,3,period_0987,67.300000,1.0447,4.7958
PEMAFC-A,3,period_0987,67.350000,1.0520,4.5689
PEMAFC-A,3,period_0987,67.400000,1.0590,4.7805
PEMAFC-A,3,period_0987,67.450000,1.0666,4.7976
PEMAFC-A,3,period_0987,67.500000,1.0732,4.8837
PEMAFC-A,3,period_0987,67.550000,1.0801,4.6075
PEMAFC-A,3,period_0987,67.600000,1.0866,5.0698
PEMAFC-A,3,period_0987,67.650000,1.0951,4.9122
PEMAFC-A,3,period_0987,67.700000,1.1022,4.9494
PEMAFC-A,3,period_0987,67.750000,1.1099,4.6564
PEMAFC-A,3,period_0987,67.800000,1.1159,5.0078
PEMAFC-A,3,period_0987,67.850000,1.1219,5.2800
PEMAFC-A,3,period_0987,67.900000,1.1298,4.9846
PEMAFC-A,3,period_0987,67.950000,1.1373,5.1473
PEMAFC-A,3,period_0987,68.000000,1.1428,4.7250
PEMAFC-A,3,period_0987,68.050000,1.1493,4.8781
PEMAFC-A,3,period_0987,68.100000,1.1559,5.1990
PEMAFC-A,3,period_0987,68.150000,1.1622,5.1360
PEMAFC-A,3,period_0987,68.200000,1.1693,5.1787
PEMAFC-A,3,period_0987,68.250000,1.1776,5.3172
PEMAFC-A,3,period_0987,68.300000,1.1848,5.0108
PEMAFC-A,3,period_0987,68.350000,1.1939,5.2474
PEMAFC-A,3,period_0987,68.400000,1.2013,5.2579
PEMAFC-A,3,period_0987,68.450000,1.2085,5.3354
PEMAFC-A,3,period_0987,68.500000,1.2172,5.2429
PEMAFC-A,3,period_0987,68.550000,1.2239,5.5443
PEMAFC-A,3,period_0987,68.600000,1.2307,5.4390
PEMAFC-A,3,period_0987,68.650000,1.2386,5.6456
PEMAFC-A,3,period_0987,68.700000,1.2474,5.6230
PEMAFC-A,3,period_0987,68.750000,1.2536,5.5961
PEMAFC-A,3,period_0987,68.800000,1.2597,5.1300
PEMAFC-A,3,period_0987,68.850000,1.2676,5.4916
PEMAFC-A,3,period_0987,68.900000,1.2737,5.5245
PEMAFC-A,3,period_0987,68.950000,1.2807,5.6038
PEMAFC-A,3,period_0987,69.000000,1.2889,5.8146
PEMAFC-A,3,period_0987,69.050000,1.2966,5.6648
PEMAFC-A,3,period_0987,69.100000,1.3036,5.4845
PEMAFC-A,3,period_0987,69.150000,1.3098,5.4166
PEMAFC-A,3,period_0987,69.200000,1.3164,5.7779
PEMAFC-A,3,period_0987,69.250000,1.3238,5.9937
PEMAFC-A,3,period_0987,69.300000,1.3307,6.0323
PEMAFC-A,3,period_0987,69.350000,1.3374,5.8155
PEMAFC-A,3,period_0987,69.400000,1.3442,6.1520
PEMAFC-A,3,period_0987,69.450000,1.3519,5.9719
PEMAFC-A,3,period_0987,69.500000,1.3589,5.0431
PEMAFC-A,3,period_0987,69.550000,1.3654,6.2600
PEMAFC-A,3,period_0987,69.600000,1.3732,6.0799
PEMAFC-A,3,period_0987,69.650000,1.3809,5.8319
PEMAFC-A,3,period_0987,69.700000,1.3878,5.9847
PEMAFC-A,3,period_0987,69.750000,1.3940,6.1306
PEMAFC-A,3,period_0987,69.800000,1.4008,6.3361
PEMAFC-A,3,period_0987,69.850000,1.4086,6.2018
PEMAFC-A,3,period_0987,69.900000,1.4167,5.8528
PEMAFC-A,3,period_0987,69.950000,1.4236,6.3526
PEMAFC-A,3,period_0987,70.000000,1.4290,6.2514
PEMAFC-A,3,period_0987,70.050000,1.4354,6.4336
PEMAFC-A,3,period_0987,70.100000,1.4438,6.3913
PEMAFC-A,3,period_0987,70.150000,1.4504,6.4585
PEMAFC-A,3,period_0987,70.200000,1.4575,5.9366
PEMAFC-A,3,period_0987,70.250000,1.4649,6.4470
PEMAFC-A,3,period_0987,70.300000,1.4718,6.4878
PEMAFC-A,3,period_0987,70.350000,1.4777,5.8771
PEMAFC-A,3,period_0987,70.400000,1.4845,6.7212
PEMAFC-A,3,period_0987,70.450000,1.4908,6.4620
PEMAFC-A,3,period_0987,70.500000,1.4969,6.4378
PEMAFC-A,3,period_0987,70.550000,1.5045,6.4163
PEMAFC-A,3,period_0987,70.600000,1.5115,6.5586
PEMAFC-A,3,period_0987,70.650000,1.5191,6.1281
PEMAFC-A,3,period_0987,70.700000,1.5254,6.9986
PEMAFC-A,3,period_0987,70.750000,1.5316,6.3984
PEMAFC-A,3,period_0987,70.800000,1.5379,6.8437
PEMAFC-A,3,period_0987,70.850000,1.5444,7.2569
PEMAFC-A,3,period_0987,70.900000,1.5495,6.7833
PEMAFC-A,3,period_0987,70.950000,1.5563,6.5929
PEMAFC-A,3,period_0987,71.000000,1.5628,6.6388
PEMAFC-A,3,period_0987,71.050000,1.5700,7.0754
PEMAFC-A,3,period_0987,71.100000,1.5776,6.7456
PEMAFC-A,3,period_0987,71.150000,1.5837,6.3959
PEMAFC-A,3,period_0987,71.200000,1.5908,7.0823
PEMAFC-A,3,period_0987,71.250000,1.5979,6.9566
PEMAFC-A,3,period_0987,71.300000,1.6048,6.8801
PEMAFC-A,3,period_0987,71.350000,1.6120,7.1019
PEMAFC-A,3,period_0987,71.400000,1.6184,7.2192
PEMAFC-A,3,period_0987,71.450000,1.6257,7.3840
PEMAFC-A,3,period_0987,71.500000,1.6312,7.1921
PEMAFC-A,3,period_0987,71.550000,1.6378,6.7374
PEMAFC-A,3,period_0987,71.600000,1.6439,6.7245
PEMAFC-A,3,period_0987,71.650000,1.6498,6.8754
PEMAFC-A,3,period_0987,71.700000,1.6569,7.1925
PEMAFC-A,3,period_0987,71.750000,1.6629,7.3178
PEMAFC-A,3,period_0987,71.800000,1.6680,6.8242
PEMAFC-A,3,period_0987,71.850000,1.6749,7.3438
PEMAFC-A,3,period_0987,71.900000,1.6809,7.0642
PEMAFC-A,3,period_0987,71.950000,1.6864,7.3910
PEMAFC-A,3,period_0987,72.000000,1.6925,6.8476
PEMAFC-A,3,period_0987,72.050000,1.6983,7.1097
PEMAFC-A,3,period_0987,72.100000,1.7053,7.6479
PEMAFC-A,3,period_0987,72.150000,1.7099,7.3779
PEMAFC-A,3,period_0987,72.200000,1.7158,7.1825
PEMAFC-A,3,period_0987,72.250000,1.7217,7.5557
PEMAFC-A,3,period_0987,72.300000,1.7270,7.3582
PEMAFC-A,3,period_0987,72.350000,1.7335,7.5674
PEMAFC-A,3,period_0987,72.400000,1.7391,7.3695
PEMAFC-A,3,period_0987,72.450000,1.7458,7.6085
PEMAFC-A,3,period_0987,72.500000,1.7512,7.5902
PEMAFC-A,3,period_0987,72.550000,1.7560,7.4450
PEMAFC-A,3,period_0987,72.600000,1.7612,7.6062
PEMAFC-A,3,period_0987,72.650000,1.7671,7.7375
PEMAFC-A,3,period_0987,72.700000,1.7724,7.3991
PEMAFC-A,3,period_0987,72.750000,1.7778,7.8100
PEMAFC-A,3,period_0987,72.800000,1.7841,7.7504
PEMAFC-A,3,period_0987,72.850000,1.7902,7.5456
PEMAFC-A,3,period_0987,72.900000,1.7958,8.0796
PEMAFC-A,3,period_0987,72.950000,1.8009,7.7327
PEMAFC-A,3,period_0987,73.000000,1.8073,7.2650
PEMAFC-A,3,period_0987,73.050000,1.8121,7.9190
PEMAFC-A,3,period_0987,73.100000,1.8170,8.2023
PEMAFC-A,3,period_0987,73.150000,1.8217,7.8626
PEMAFC-A,3,period_0987,73.200000,1.8279,7.7544
PEMAFC-A,3,period_0987,73.250000,1.8339,7.7092
PEMAFC-A,3,period_0987,73.300000,1.8387,7.8775
PEMAFC-A,3,period_0987,73.350000,1.8447,8.1246
PEMAFC-A,3,period_0987,73.400000,1.8494,7.8544
PEMAFC-A,3,period_0987,73.450000,1.8549,8.4148
PEMAFC-A,3,period_0987,73.500000,1.8594,7.9975
PEMAFC-A,3,period_0987,73.550000,1.8662,8.0791
PEMAFC-A,3,period_0987,73.600000,1.8719,8.1772
PEMAFC-A,3,period_0987,73.650000,1.8765,8.3548
PEMAFC-A,3,period_0987,73.700000,1.8822,8.1362
PEMAFC-A,3,period_0987,73.750000,1.8874,8.4041
PEMAFC-A,3,period_0987,73.800000,1.8941,8.1862
PEMAFC-A,3,period_0987,73.850000,1.9003,8.1165
PEMAFC-A,3,period_0987,73.900000,1.9050,8.0160
PEMAFC-A,3,period_0987,73.950000,1.9103,8.5280
PEMAFC-A,3,period_0987,74.000000,1.9165,7.6039
PEMAFC-A,3,period_0987,74.050000,1.9221,8.3762
PEMAFC-A,3,period_0987,74.100000,1.9274,8.1279
PEMAFC-A,3,period_0987,74.150000,1.9323,8.2527
PEMAFC-A,3,period_0987,74.200000,1.9374,8.1418
PEMAFC-A,3,period_0987,74.250000,1.9427,7.9346
PEMAFC-A,3,period_0987,74.300000,1.9477,8.3354
PEMAFC-A,3,period_0987,74.350000,1.9532,8.1393
PEMAFC-A,3,period_0987,74.400000,1.9583,8.2484
PEMAFC-A,3,period_0987,74.450000,1.9637,8.6020
PEMAFC-A,3,period_0987,74.500000,1.9681,8.1978
PEMAFC-A,3,period_0987,74.550000,1.9736,8.9221
PEMAFC-A,3,period_0987,74.600000,1.9783,7.7364
PEMAFC-A,3,period_0987,74.650000,1.9833,8.3666
PEMAFC-A,3,period_0987,74.700000,1.9884,7.7009
PEMAFC-A,3,period_0987,74.750000,1.9928,7.8741
PEMAFC-A,3,period_0987,74.800000,1.9970,8.1569
PEMAFC-A,3,period_0987,74.850000,2.0022,8.2053
PEMAFC-A,3,period_0987,74.900000,2.0076,8.7288
PEMAFC-A,3,period_0987,74.950000,2.0124,9.1119
PEMAFC-A,3,period_0987,75.000000,2.0175,8.6978
PEMAFC-A,3,period_0987,75.050000,2.0223,8.8468
PEMAFC-A,3,period_0987,75.100000,2.0274,9.0494
PEMAFC-A,3,period_0987,75.150000,2.0323,8.2287
PEMAFC-A,3,period_0987,75.200000,2.0363,7.9205
PEMAFC-A,3,period_0987,75.250000,2.0410,8.9985
PEMAFC-A,3,period_0987,75.300000,2.0461,8.5746
PEMAFC-A,3,period_0987,75.350000,2.0512,8.8133
PEMAFC-A,3,period_0987,75.400000,2.0560,8.9574
PEMAFC-A,3,period_0987,75.450000,2.0605,8.9558
PEMAFC-A,3,period_0987,75.500000,2.0648,8.9103
PEMAFC-A,3,period_0987,75.550000,2.0693,8.4174
PEMAFC-A,3,period_0987,75.600000,2.0734,8.8425
PEMAFC-A,3,period_0987,75.650000,2.0782,9.3503
PEMAFC-A,3,period_0987,75.700000,2.0835,7.9379
PEMAFC-A,3,period_0987,75.750000,2.0887,9.3819
PEMAFC-A,3,period_0987,75.800000,2.0930,8.5978
PEMAFC-A,3,period_0987,75.850000,2.0977,9.2834
PEMAFC-A,3,period_0987,75.900000,2.1021,9.5363
PEMAFC-A,3,period_0987,75.950000,2.1077,9.7621
PEMAFC-A,3,period_0987,76.000000,2.1118,8.8006
PEMAFC-A,3,period_0987,76.050000,2.1165,9.4165
PEMAFC-A,3,period_0987,76.100000,2.1216,8.8711
PEMAFC-A,3,period_0987,76.150000,2.1256,9.2107
PEMAFC-A,3,period_0987,76.200000,2.1308,8.7934
PEMAFC-A,3,period_0987,76.250000,2.1346,9.0791
PEMAFC-A,3,period_0987,76.300000,2.1383,9.3082
PEMAFC-A,3,period_0987,76.350000,2.1426,9.3476
PEMAFC-A,3,period_0987,76.400000,2.1465,8.6806
PEMAFC-A,3,period_0987,76.450000,2.1505,8.7868
PEMAFC-A,3,period_0987,76.500000,2.1540,8.5742
PEMAFC-A,3,period_0987,76.550000,2.1588,9.4437
PEMAFC-A,3,period_0987,76.600000,2.1629,9.5636
PEMAFC-A,3,period_0987,76.650000,2.1672,8.0792
PEMAFC-A,3,period_0987,76.700000,2.1705,9.0210
PEMAFC-A,3,period_0987,76.750000,2.1740,9.5009
PEMAFC-A,3,period_0987,76.800000,2.1786,9.0471
PEMAFC-A,3,period_0987,76.850000,2.1825,9.4970
PEMAFC-A,3,period_0987,76.900000,2.1868,9.5872
PEMAFC-A,3,period_0987,76.950000,2.1907,9.5203
PEMAFC-A,3,period_0987,77.000000,2.1946,8.4735
PEMAFC-A,3,period_0987,77.050000,2.1989,9.2951
PEMAFC-A,3,period_0987,77.100000,2.2023,9.7221
PEMAFC-A,3,period_0987,77.150000,2.2064,9.5371
PEMAFC-A,3,period_0987,77.200000,2.2102,9.7022
PEMAFC-A,3,period_0987,77.250000,2.2137,9.5269
PEMAFC-A,3,period_0987,77.300000,2.2180,9.5447
PEMAFC-A,3,period_0987,77.350000,2.2222,9.3316
PEMAFC-A,3,period_0987,77.400000,2.2258,9.8213
PEMAFC-A,3,period_0987,77.450000,2.2293,9.4050
PEMAFC-A,3,period_0987,77.500000,2.2342,10.0716
PEMAFC-A,3,period_0987,77.550000,2.2385,9.3963
PEMAFC-A,3,period_0987,77.600000,2.2428,9.6794
PEMAFC-A,3,period_0987,77.650000,2.2467,9.7482
PEMAFC-A,3,period_0987,77.700000,2.2501,9.0665
PEMAFC-A,3,period_0987,77.750000,2.2539,8.8830
PEMAFC-A,3,period_0987,77.800000,2.2580,8.9698
PEMAFC-A,3,period_0987,77.850000,2.2615,9.1969
PEMAFC-A,3,period_0987,77.900000,2.2646,9.3215
PEMAFC-A,3,period_0987,77.950000,2.2684,8.6696
PEMAFC-A,3,period_0987,78.000000,2.2733,9.9887
PEMAFC-A,3,period_0987,78.050000,2.2769,10.1343
PEMAFC-A,3,period_0987,78.100000,2.2811,9.8470
PEMAFC-A,3,period_0987,78.150000,2.2847,9.9205
PEMAFC-A,3,period_0987,78.200000,2.2890,9.7578
PEMAFC-A,3,period_0987,78.250000,2.2925,10.0330
PEMAFC-A,3,period_0987,78.300000,2.2962,9.6116
PEMAFC-A,3,period_0987,78.350000,2.2997,10.3162
PEMAFC-A,3,period_0987,78.400000,2.3029,10.0690
PEMAFC-A,3,period_0987,78.450000,2.3064,8.9755
PEMAFC-A,3,period_0987,78.500000,2.3101,10.0211
PEMAFC-A,3,period_0987,78.550000,2.3135,10.3864
PEMAFC-A,3,period_0987,78.600000,2.3169,9.5616
PEMAFC-A,3,period_0987,78.650000,2.3212,10.1022
PEMAFC-A,3,period_0987,78.700000,2.3248,9.1481
PEMAFC-A,3,period_0987,78.750000,2.3292,9.7077
PEMAFC-A,3,period_0987,78.800000,2.3325,8.9269
PEMAFC-A,3,period_0987,78.850000,2.3356,9.9359
PEMAFC-A,3,period_0987,78.900000,2.3390,9.3767
PEMAFC-A,3,period_0987,78.950000,2.3423,9.5645
PEMAFC-A,3,period_0987,79.000000,2.3457,10.1412
PEMAFC-A,3,period_0987,79.050000,2.3495,8.8970
PEMAFC-A,3,period_0987,79.100000,2.3532,9.4404
PEMAFC-A,3,period_0987,79.150000,2.3570,10.1896
PEMAFC-A,3,period_0987,79.200000,2.3606,9.4659
PEMAFC-A,3,period_0987,79.250000,2.3644,10.1176
PEMAFC-A,3,period_0987,79.300000,2.3683,9.6746
PEMAFC-A,3,period_0987,79.350000,2.3714,9.5212
PEMAFC-A,3,period_0987,79.400000,2.3752,10.7283
PEMAFC-A,3,period_0987,79.450000,2.3784,9.1052
PEMAFC-A,3,period_0987,79.500000,2.3810,9.2687
PEMAFC-A,3,period_0987,79.550000,2.3837,9.7037
PEMAFC-A,3,period_0987,79.600000,2.3873,10.3929
PEMAFC-A,3,period_0987,79.650000,2.3907,9.8369
PEMAFC-A,3,period_0987,79.700000,2.3936,9.0966
PEMAFC-A,3,period_0987,79.750000,2.3971,9.7771
PEMAFC-A,3,period_0987,79.800000,2.4000,10.4569
PEMAFC-A,3,period_0987,79.850000,2.4031,9.7249
PEMAFC-A,3,period_0987,79.900000,2.4062,10.4946
PEMAFC-A,3,period_0987,79.950000,2.4088,10.2618
PEMAFC-A,3,period_0987,80.000000,2.4123,9.9683
PEMAFC-A,4,period_0894,80.000667,1.1875,-31.0672
PEMAFC-A,4,period_0894,80.050000,1.1879,0.3787
PEMAFC-A,4,period_0894,80.100000,1.1906,0.5499
PEMAFC-A,4,period_0894,80.150000,1.1932,0.3086
PEMAFC-A,4,period_0894,80.200000,1.1967,0.2424
PEMAFC-A,4,period_0894,80.250000,1.2005,0.6360
PEMAFC-A,4,period_0894,80.300000,1.2038,0.5928
PEMAFC-A,4,period_0894,80.350000,1.2047,0.6381
PEMAFC-A,4,period_0894,80.400000,1.2084,0.8857
PEMAFC-A,4,period_0894,80.450000,1.2135,0.7553
PEMAFC-A,4,period_0894,80.500000,1.2165,0.8502
PEMAFC-A,4,period_0894,80.550000,1.2191,0.6832
PEMAFC-A,4,period_0894,80.600000,1.2221,0.7564
PEMAFC-A,4,period_0894,80.650000,1.2260,0.8422
PEMAFC-A,4,period_0894,80.700000,1.2272,0.8926
PEMAFC-A,4,period_0894,80.750000,1.2325,0.9988
PEMAFC-A,4,period_0894,80.800000,1.2353,0.8008
PEMAFC-A,4,period_0894,80.850000,1.2391,1.0730
PEMAFC-A,4,period_0894,80.900000,1.2416,1.0518
PEMAFC-A,4,period_0894,80.950000,1.2457,1.0730
PEMAFC-A,4,period_0894,81.000000,1.2498,1.2779
PEMAFC-A,4,period_0894,81.050000,1.2532,1.1495
PEMAFC-A,4,period_0894,81.100000,1.2565,1.3185
PEMAFC-A,4,period_0894,81.150000,1.2599,1.3335
PEMAFC-A,4,period_0894,81.200000,1.2664,1.3594
PEMAFC-A,4,period_0894,81.250000,1.2669,1.1367
PEMAFC-A,4,period_0894,81.300000,1.2701,1.3593
PEMAFC-A,4,period_0894,81.350000,1.2737,1.3589
PEMAFC-A,4,period_0894,81.400000,1.2788,1.4193
PEMAFC-A,4,period_0894,81.450000,1.2824,1.3502
PEMAFC-A,4,period_0894,81.500000,1.2866,1.3699
PEMAFC-A,4,period_0894,81.550000,1.2932,1.3688
PEMAFC-A,4,period_0894,81.600000,1.2992,1.5518
PEMAFC-A,4,period_0894,81.650000,1.3034,1.5180
PEMAFC-A,4,period_0894,81.700000,1.3084,1.5565
PEMAFC-A,4,period_0894,81.750000,1.3132,1.3976
PEMAFC-A,4,period_0894,81.800000,1.3184,1.4170
PEMAFC-A,4,period_0894,81.850000,1.3266,1.6378
PEMAFC-A,4,period_0894,81.900000,1.3340,1.8270
PEMAFC-A,4,period_0894,81.950000,1.3421,1.8579
PEMAFC-A,4,period_0894,82.000000,1.3482,1.9521
PEMAFC-A,4,period_0894,82.050000,1.3561,1.9685
PEMAFC-A,4,period_0894,82.100000,1.3583,1.7952
PEMAFC-A,4,period_0894,82.150000,1.3641,1.8828
PEMAFC-A,4,period_0894,82.200000,1.3683,2.1944
PEMAFC-A,4,period_0894,82.250000,1.3761,2.0606
PEMAFC-A,4,period_0894,82.300000,1.3837,2.2867
PEMAFC-A,4,period_0894,82.350000,1.3909,2.0179
PEMAFC-A,4,period_0894,82.400000,1.3964,2.2124
PEMAFC-A,4,period_0894,82.450000,1.4018,2.2989
PEMAFC-A,4,period_0894,82.500000,1.4090,2.3347
PEMAFC-A,4,period_0894,82.550000,1.4171,2.0942
PEMAFC-A,4,period_0894,82.600000,1.4220,2.4005
PEMAFC-A,4,period_0894,82.650000,1.4280,2.4611
PEMAFC-A,4,period_0894,82.700000,1.4337,2.1630
PEMAFC-A,4,period_0894,82.750000,1.4383,2.3268
PEMAFC-A,4,period_0894,82.800000,1.4434,2.4121
PEMAFC-A,4,period_0894,82.850000,1.4499,2.3171
PEMAFC-A,4,period_0894,82.900000,1.4564,2.4241
PEMAFC-A,4,period_0894,82.950000,1.4610,2.6378
PEMAFC-A,4,period_0894,83.000000,1.4685,2.3931
PEMAFC-A,4,period_0894,83.050000,1.4755,2.5222
PEMAFC-A,4,period_0894,83.100000,1.4814,2.5756
PEMAFC-A,4,period_0894,83.150000,1.4872,2.6204
PEMAFC-A,4,period_0894,83.200000,1.4942,2.7794
PEMAFC-A,4,period_0894,83.250000,1.5018,2.6532
PEMAFC-A,4,period_0894,83.300000,1.5100,2.6272
PEMAFC-A,4,period_0894,83.350000,1.5168,2.7475
PEMAFC-A,4,period_0894,83.400000,1.5254,2.8988
PEMAFC-A,4,period_0894,83.450000,1.5307,2.8439
PEMAFC-A,4,period_0894,83.500000,1.5410,3.0206
PEMAFC-A,4,period_0894,83.550000,1.5495,2.8670
PEMAFC-A,4,period_0894,83.600000,1.5559,3.0065
PEMAFC-A,4,period_0894,83.650000,1.5618,2.8972
PEMAFC-A,4,period_0894,83.700000,1.5669,2.9028
PEMAFC-A,4,period_0894,83.750000,1.5732,3.0100
PEMAFC-A,4,period_0894,83.800000,1.5822,2.9769
PEMAFC-A,4,period_0894,83.850000,1.5883,2.8931
PEMAFC-A,4,period_0894,83.900000,1.5939,2.9048
PEMAFC-A,4,period_0894,83.950000,1.6011,3.2249
PEMAFC-A,4,period_0894,84.000000,1.6073,3.3370
PEMAFC-A,4,period_0894,84.050000,1.6101,2.9409
PEMAFC-A,4,period_0894,84.100000,1.6143,3.1683
PEMAFC-A,4,period_0894,84.150000,1.6213,3.3131
PEMAFC-A,4,period_0894,84.200000,1.6313,3.3347
PEMAFC-A,4,period_0894,84.250000,1.6365,3.1714
PEMAFC-A,4,period_0894,84.300000,1.6431,3.3008
PEMAFC-A,4,period_0894,84.350000,1.6478,3.0845
PEMAFC-A,4,period_0894,84.400000,1.6561,3.4304
PEMAFC-A,4,period_0894,84.450000,1.6609,3.3800
PEMAFC-A,4,period_0894,84.500000,1.6682,3.3447
PEMAFC-A,4,period_0894,84.550000,1.6763,3.5519
PEMAFC-A,4,period_0894,84.600000,1.6828,3.5137
PEMAFC-A,4,period_0894,84.650000,1.6897,3.4510
PEMAFC-A,4,period_0894,84.700000,1.6964,3.8608
PEMAFC-A,4,period_0894,84.750000,1.7019,3.2873
PEMAFC-A,4,period_0894,84.800000,1.7075,3.4076
PEMAFC-A,4,period_0894,84.850000,1.7136,3.3975
PEMAFC-A,4,period_0894,84.900000,1.7201,3.6932
PEMAFC-A,4,period_0894,84.950000,1.7299,3.9582
PEMAFC-A,4,period_0894,85.000000,1.7362,3.7557
PEMAFC-A,4,period_0894,85.050000,1.7418,3.5212
PEMAFC-A,4,period_0894,85.100000,1.7476,3.9591
PEMAFC-A,4,period_0894,85.150000,1.7560,3.8940
PEMAFC-A,4,period_0894,85.200000,1.7622,3.6717
PEMAFC-A,4,period_0894,85.250000,1.7677,3.8462
PEMAFC-A,4,period_0894,85.300000,1.7750,3.8157
PEMAFC-A,4,period_0894,85.350000,1.7809,3.5276
PEMAFC-A,4,period_0894,85.400000,1.7868,4.2447
PEMAFC-A,4,period_0894,85.450000,1.7944,4.0367
PEMAFC-A,4,period_0894,85.500000,1.8015,3.9003
PEMAFC-A,4,period_0894,85.550000,1.8102,4.3461
PEMAFC-A,4,period_0894,85.600000,1.8186,4.5011
PEMAFC-A,4,period_0894,85.650000,1.8250,3.9391
PEMAFC-A,4,period_0894,85.700000,1.8327,4.1728
PEMAFC-A,4,period_0894,85.750000,1.8409,4.2465
PEMAFC-A,4,period_0894,85.800000,1.8465,4.0715
PEMAFC-A,4,period_0894,85.850000,1.8541,4.3199
PEMAFC-A,4,period_0894,85.900000,1.8609,4.5669
PEMAFC-A,4,period_0894,85.950000,1.8669,4.3314
PEMAFC-A,4,period_0894,86.000000,1.8724,4.1594
PEMAFC-A,4,period_0894,86.050000,1.8788,4.1239
PEMAFC-A,4,period_0894,86.100000,1.8839,4.2621
PEMAFC-A,4,period_0894,86.150000,1.8912,4.6995
PEMAFC-A,4,period_0894,86.200000,1.8962,4.3626
PEMAFC-A,4,period_0894,86.250000,1.9034,4.6010
PEMAFC-A,4,period_0894,86.300000,1.9091,4.4636
PEMAFC-A,4,period_0894,86.350000,1.9154,4.7528
PEMAFC-A,4,period_0894,86.400000,1.9200,4.6699
PEMAFC-A,4,period_0894,86.450000,1.9252,4.4912
PEMAFC-A,4,period_0894,86.500000,1.9302,4.7557
PEMAFC-A,4,period_0894,86.550000,1.9361,4.4661
PEMAFC-A,4,period_0894,86.600000,1.9409,4.4227
PEMAFC-A,4,period_0894,86.650000,1.9464,4.5667
PEMAFC-A,4,period_0894,86.700000,1.9555,4.8137
PEMAFC-A,4,period_0894,86.750000,1.9617,4.7586
PEMAFC-A,4,period_0894,86.800000,1.9685,4.9594
PEMAFC-A,4,period_0894,86.850000,1.9766,4.7909
PEMAFC-A,4,period_0894,86.900000,1.9823,4.7931
PEMAFC-A,4,period_0894,86.950000,1.9896,4.9285
PEMAFC-A,4,period_0894,87.000000,1.9940,4.7158
PEMAFC-A,4,period_0894,87.050000,1.9991,4.7520
PEMAFC-A,4,period_0894,87.100000,2.0035,4.8510
PEMAFC-A,4,period_0894,87.150000,2.0106,5.0627
PEMAFC-A,4,period_0894,87.200000,2.0182,5.2114
PEMAFC-A,4,period_0894,87.250000,2.0252,5.3306
PEMAFC-A,4,period_0894,87.300000,2.0305,4.7233
PEMAFC-A,4,period_0894,87.350000,2.0377,5.4594
PEMAFC-A,4,period_0894,87.400000,2.0434,5.0385
PEMAFC-A,4,period_0894,87.450000,2.0485,4.9488
PEMAFC-A,4,period_0894,87.500000,2.0549,5.2884
PEMAFC-A,4,period_0894,87.550000,2.0603,5.2062
PEMAFC-A,4,period_0894,87.600000,2.0665,5.2900
PEMAFC-A,4,period_0894,87.650000,2.0728,5.2005
PEMAFC-A,4,period_0894,87.700000,2.0794,5.0802
PEMAFC-A,4,period_0894,87.750000,2.0843,5.0090
PEMAFC-A,4,period_0894,87.800000,2.0899,5.1732
PEMAFC-A,4,period_0894,87.850000,2.0954,4.8767
PEMAFC-A,4,period_0894,87.900000,2.1009,5.6440
PEMAFC-A,4,period_0894,87.950000,2.1071,5.6457
PEMAFC-A,4,period_0894,88.000000,2.1123,5.0117
PEMAFC-A,4,period_0894,88.050000,2.1211,5.3308
PEMAFC-A,4,period_0894,88.100000,2.1279,5.1869
PEMAFC-A,4,period_0894,88.150000,2.1339,5.0882
PEMAFC-A,4,period_0894,88.200000,2.1428,5.6201
PEMAFC-A,4,period_0894,88.250000,2.1507,5.7706
PEMAFC-A,4,period_0894,88.300000,2.1548,5.4614
PEMAFC-A,4,period_0894,88.350000,2.1626,5.6384
PEMAFC-A,4,period_0894,88.400000,2.1693,5.5314
PEMAFC-A,4,period_0894,88.450000,2.1766,5.7773
PEMAFC-A,4,period_0894,88.500000,2.1828,5.7384
PEMAFC-A,4,period_0894,88.550000,2.1904,5.7538
PEMAFC-A,4,period_0894,88.600000,2.1998,6.0021
PEMAFC-A,4,period_0894,88.650000,2.2057,5.4205
PEMAFC-A,4,period_0894,88.700000,2.2118,5.8379
PEMAFC-A,4,period_0894,88.750000,2.2191,5.8381
PEMAFC-A,4,period_0894,88.800000,2.2249,6.0665
PEMAFC-A,4,period_0894,88.850000,2.2310,6.2336
PEMAFC-A,4,period_0894,88.900000,2.2366,5.7942
PEMAFC-A,4,period_0894,88.950000,2.2425,5.6300
PEMAFC-A,4,period_0894,89.000000,2.2496,6.2892
PEMAFC-A,4,period_0894,89.050000,2.2562,6.1663
PEMAFC-A,4,period_0894,89.100000,2.2618,5.9563
PEMAFC-A,4,period_0894,89.150000,2.2684,6.1005
PEMAFC-A,4,period_0894,89.200000,2.2729,5.9839
PEMAFC-A,4,period_0894,89.250000,2.2791,6.1724
PEMAFC-A,4,period_0894,89.300000,2.2839,6.0880
PEMAFC-A,4,period_0894,89.350000,2.2890,6.0380
PEMAFC-A,4,period_0894,89.400000,2.2933,5.9734
PEMAFC-A,4,period_0894,89.450000,2.2988,5.7686
PEMAFC-A,4,period_0894,89.500000,2.3052,6.4245
PEMAFC-A,4,period_0894,89.550000,2.3115,6.4312
PEMAFC-A,4,period_0894,89.600000,2.3164,6.3171
PEMAFC-A,4,period_0894,89.650000,2.3209,5.8067
PEMAFC-A,4,period_0894,89.700000,2.3266,6.3155
PEMAFC-A,4,period_0894,89.750000,2.3328,6.0612
PEMAFC-A,4,period_0894,89.800000,2.3365,5.5591
PEMAFC-A,4,period_0894,89.850000,2.3430,6.6969
PEMAFC-A,4,period_0894,89.900000,2.3475,6.4252
PEMAFC-A,4,period_0894,89.950000,2.3527,6.1314
PEMAFC-A,4,period_0894,90.000000,2.3590,6.6980
PEMAFC-A,4,period_0894,90.050000,2.3650,6.3243
PEMAFC-A,4,period_0894,90.100000,2.3690,5.6094
PEMAFC-A,4,period_0894,90.150000,2.3738,5.9206
PEMAFC-A,4,period_0894,90.200000,2.3775,5.5912
PEMAFC-A,4,period_0894,90.250000,2.3827,6.3769
PEMAFC-A,4,period_0894,90.300000,2.3890,6.7400
PEMAFC-A,4,period_0894,90.350000,2.3941,6.6430
PEMAFC-A,4,period_0894,90.400000,2.3992,6.4053
PEMAFC-A,4,period_0894,90.450000,2.4049,6.9205
PEMAFC-A,4,period_0894,90.500000,2.4107,6.3466
PEMAFC-A,4,period_0894,90.550000,2.4165,6.6934
PEMAFC-A,4,period_0894,90.600000,2.4218,6.7952
PEMAFC-A,4,period_0894,90.650000,2.4265,6.4286
PEMAFC-A,4,period_0894,90.700000,2.4311,6.9672
PEMAFC-A,4,period_0894,90.750000,2.4363,6.9580
PEMAFC-A,4,period_0894,90.800000,2.4401,6.6525
PEMAFC-A,4,period_0894,90.850000,2.4443,6.3150
PEMAFC-A,4,period_0894,90.900000,2.4495,6.4899
PEMAFC-A,4,period_0894,90.950000,2.4561,7.4790
PEMAFC-A,4,period_0894,91.000000,2.4605,6.7534
PEMAFC-A,4,period_0894,91.050000,2.4673,7.4488
PEMAFC-A,4,period_0894,91.100000,2.4717,6.9499
PEMAFC-A,4,period_0894,91.150000,2.4762,6.7282
PEMAFC-A,4,period_0894,91.200000,2.4824,7.1258
PEMAFC-A,4,period_0894,91.250000,2.4872,6.9049
PEMAFC-A,4,period_0894,91.300000,2.4921,6.4613
PEMAFC-A,4,period_0894,91.350000,2.4983,7.2603
PEMAFC-A,4,period_0894,91.400000,2.5028,6.5781
PEMAFC-A,4,period_0894,91.450000,2.5080,7.3029
PEMAFC-A,4,period_0894,91.500000,2.5122,6.7675
PEMAFC-A,4,period_0894,91.550000,2.5168,7.4244
PEMAFC-A,4,period_0894,91.600000,2.5222,7.3222
PEMAFC-A,4,period_0894,91.650000,2.5277,6.4902
PEMAFC-A,4,period_0894,91.700000,2.5331,6.6058
PEMAFC-A,4,period_0894,91.750000,2.5388,7.6747
PEMAFC-A,4,period_0894,91.800000,2.5441,6.3857
PEMAFC-A,4,period_0894,91.850000,2.5488,6.8657
PEMAFC-A,4,period_0894,91.900000,2.5548,7.1581
PEMAFC-A,4,period_0894,91.950000,2.5608,7.4120
PEMAFC-A,4,period_0894,92.000000,2.5654,7.1971
PEMAFC-A,4,period_0894,92.050000,2.5705,7.4320
PEMAFC-A,4,period_0894,92.100000,2.5748,7.7855
PEMAFC-A,4,period_0894,92.150000,2.5795,7.4292
PEMAFC-A,4,period_0894,92.200000,2.5839,7.1458
PEMAFC-A,4,period_0894,92.250000,2.5883,7.1472
PEMAFC-A,4,period_0894,92.300000,2.5935,7.1087
PEMAFC-A,4,period_0894,92.350000,2.5976,6.7381
PEMAFC-A,4,period_0894,92.400000,2.6025,7.3448
PEMAFC-A,4,period_0894,92.450000,2.6070,6.9605
PEMAFC-A,4,period_0894,92.500000,2.6108,7.1175
PEMAFC-A,4,period_0894,92.550000,2.6151,7.4531
PEMAFC-A,4,period_0894,92.600000,2.6195,7.6679
PEMAFC-A,4,period_0894,92.650000,2.6240,7.1924
PEMAFC-A,4,period_0894,92.700000,2.6297,7.5933
PEMAFC-A,4,period_0894,92.750000,2.6348,7.5936
PEMAFC-A,4,period_0894,92.800000,2.6383,6.9766
PEMAFC-A,4,period_0894,92.850000,2.6437,7.6812
PEMAFC-A,4,period_0894,92.900000,2.6476,7.0210
PEMAFC-A,4,period_0894,92.950000,2.6538,7.6087
PEMAFC-A,4,period_0894,93.000000,2.6591,7.3641
PEMAFC-A,4,period_0894,93.050000,2.6638,7.4550
PEMAFC-A,4,period_0894,93.100000,2.6675,7.2600
PEMAFC-A,4,period_0894,93.150000,2.6713,6.9570
PEMAFC-A,4,period_0894,93.200000,2.6756,7.4908
PEMAFC-A,4,period_0894,93.250000,2.6811,7.7888
PEMAFC-A,4,period_0894,93.300000,2.6852,7.1478
PEMAFC-A,4,period_0894,93.350000,2.6910,8.5188
PEMAFC-A,4,period_0894,93.400000,2.6951,7.9124
PEMAFC-A,4,period_0894,93.450000,2.6999,8.4505
PEMAFC-A,4,period_0894,93.500000,2.7056,7.7004
PEMAFC-A,4,period_0894,93.550000,2.7099,7.8599
PEMAFC-A,4,period_0894,93.600000,2.7142,7.1828
PEMAFC-A,4,period_0894,93.650000,2.7188,7.9822
PEMAFC-A,4,period_0894,93.700000,2.7223,7.5115
PEMAFC-A,4,period_0894,93.750000,2.7267,7.9077
PEMAFC-A,4,period_0894,93.800000,2.7311,7.3690
PEMAFC-A,4,period_0894,93.850000,2.7350,7.8496
PEMAFC-A,4,period_0894,93.900000,2.7392,8.2522
PEMAFC-A,4,period_0894,93.950000,2.7427,6.7917
PEMAFC-A,4,period_0894,94.000000,2.7466,7.3282
PEMAFC-A,4,period_0894,94.050000,2.7505,7.7341
PEMAFC-A,4,period_0894,94.100000,2.7542,7.3484
PEMAFC-A,4,period_0894,94.150000,2.7583,6.9544
PEMAFC-A,4,period_0894,94.200000,2.7630,7.9890
PEMAFC-A,4,period_0894,94.250000,2.7666,7.6254
PEMAFC-A,4,period_0894,94.300000,2.7706,7.4639
PEMAFC-A,4,period_0894,94.350000,2.7760,8.2451
PEMAFC-A,4,period_0894,94.400000,2.7804,7.7365
PEMAFC-A,4,period_0894,94.450000,2.7839,7.7005
PEMAFC-A,4,period_0894,94.500000,2.7888,8.4920
PEMAFC-A,4,period_0894,94.550000,2.7939,8.4681
PEMAFC-A,4,period_0894,94.600000,2.7974,7.5342
PEMAFC-A,4,period_0894,94.650000,2.8010,8.1191
PEMAFC-A,4,period_0894,94.700000,2.8044,7.2154
PEMAFC-A,4,period_0894,94.750000,2.8078,7.5894
PEMAFC-A,4,period_0894,94.800000,2.8109,8.3678
PEMAFC-A,4,period_0894,94.850000,2.8140,7.2832
PEMAFC-A,4,period_0894,94.900000,2.8188,7.5933
PEMAFC-A,4,period_0894,94.950000,2.8223,7.7064
PEMAFC-A,4,period_0894,95.000000,2.8264,8.2931
PEMAFC-A,4,period_0894,95.050000,2.8296,8.1955
PEMAFC-A,4,period_0894,95.100000,2.8338,9.0529
PEMAFC-A,4,period_0894,95.150000,2.8371,8.4495
PEMAFC-A,4,period_0894,95.200000,2.8404,7.7452
PEMAFC-A,4,period_0894,95.250000,2.8438,7.7394
PEMAFC-A,4,period_0894,95.300000,2.8479,7.7706
PEMAFC-A,4,period_0894,95.350000,2.8515,8.0942
PEMAFC-A,4,period_0894,95.400000,2.8557,7.8714
PEMAFC-A,4,period_0894,95.450000,2.8585,8.2786
PEMAFC-A,4,period_0894,95.500000,2.8612,7.5847
PEMAFC-A,4,period_0894,95.550000,2.8650,8.3193
PEMAFC-A,4,period_0894,95.600000,2.8682,7.9010
PEMAFC-A,4,period_0894,95.650000,2.8722,8.7133
PEMAFC-A,4,period_0894,95.700000,2.8764,8.5161
PEMAFC-A,4,period_0894,95.750000,2.8803,9.0762
PEMAFC-A,4,period_0894,95.800000,2.8849,8.4374
PEMAFC-A,4,period_0894,95.850000,2.8883,7.7623
PEMAFC-A,4,period_0894,95.900000,2.8911,8.1327
PEMAFC-A,4,period_0894,95.950000,2.8949,8.2925
PEMAFC-A,4,period_0894,96.000000,2.8976,7.9463
PEMAFC-A,4,period_0894,96.050000,2.9007,8.1902
PEMAFC-A,4,period_0894,96.100000,2.9045,8.7203
PEMAFC-A,4,period_0894,96.150000,2.9077,7.7960
PEMAFC-A,4,period_0894,96.200000,2.9109,7.8674
PEMAFC-A,4,period_0894,96.250000,2.9152,8.5816
PEMAFC-A,4,period_0894,96.300000,2.9183,8.0652
PEMAFC-A,4,period_0894,96.350000,2.9215,8.0042
PEMAFC-A,4,period_0894,96.400000,2.9253,7.9263
PEMAFC-A,4,period_0894,96.450000,2.9292,8.9860
PEMAFC-A,4,period_0894,96.500000,2.9334,8.7167
PEMAFC-A,4,period_0894,96.550000,2.9372,8.4101
PEMAFC-A,4,period_0894,96.600000,2.9409,8.6651
PEMAFC-A,4,period_0894,96.650000,2.9441,7.8909
PEMAFC-A,4,period_0894,96.700000,2.9472,8.1907
PEMAFC-A,4,period_0894,96.750000,2.9501,8.0517
PEMAFC-A,4,period_0894,96.800000,2.9552,9.2753
PEMAFC-A,4,period_0894,96.850000,2.9591,8.7389
PEMAFC-A,4,period_0894,96.900000,2.9626,9.0721
PEMAFC-A,4,period_0894,96.950000,2.9654,8.7342
PEMAFC-A,4,period_0894,97.000000,2.9693,9.2036
PEMAFC-A,4,period_0894,97.050000,2.9728,8.5440
PEMAFC-A,4,period_0894,97.100000,2.9769,9.5168
PEMAFC-A,4,period_0894,97.150000,2.9812,9.0304
PEMAFC-A,4,period_0894,97.200000,2.9839,8.7657
PEMAFC-A,4,period_0894,97.250000,2.9873,8.9252
PEMAFC-A,4,period_0894,97.300000,2.9902,8.3307
PEMAFC-A,4,period_0894,97.350000,2.9936,8.9581
PEMAFC-A,4,period_0894,97.400000,2.9966,8.6963
PEMAFC-A,4,period_0894,97.450000,3.0002,8.6780
PEMAFC-A,4,period_0894,97.500000,3.0031,8.6776
PEMAFC-A,4,period_0894,97.550000,3.0064,8.9081
PEMAFC-A,4,period_0894,97.600000,3.0094,9.3185
PEMAFC-A,4,period_0894,97.650000,3.0117,8.4979
PEMAFC-A,4,period_0894,97.700000,3.0143,9.2693
PEMAFC-A,4,period_0894,97.750000,3.0174,8.7543
PEMAFC-A,4,period_0894,97.800000,3.0201,8.0660
PEMAFC-A,4,period_0894,97.850000,3.0227,8.3628
PEMAFC-A,4,period_0894,97.900000,3.0257,8.8458
PEMAFC-A,4,period_0894,97.950000,3.0279,7.6317
PEMAFC-A,4,period_0894,98.000000,3.0306,8.4690
PEMAFC-A,4,period_0894,98.050000,3.0349,9.6064
PEMAFC-A,4,period_0894,98.100000,3.0386,8.3391
PEMAFC-A,4,period_0894,98.150000,3.0417,9.0489
PEMAFC-A,4,period_0894,98.200000,3.0449,8.8978
PEMAFC-A,4,period_0894,98.250000,3.0477,8.2889
PEMAFC-A,4,period_0894,98.300000,3.0502,8.0073
PEMAFC-A,4,period_0894,98.350000,3.0527,8.6268
PEMAFC-A,4,period_0894,98.400000,3.0555,9.1315
PEMAFC-A,4,period_0894,98.450000,3.0580,8.7449
PEMAFC-A,4,period_0894,98.500000,3.0605,8.2933
PEMAFC-A,4,period_0894,98.550000,3.0634,9.5808
PEMAFC-A,4,period_0894,98.600000,3.0667,9.6443
PEMAFC-A,4,period_0894,98.650000,3.0701,9.7705
PEMAFC-A,4,period_0894,98.700000,3.0737,9.5575
PEMAFC-A,4,period_0894,98.750000,3.0758,8.5055
PEMAFC-A,4,period_0894,98.800000,3.0796,9.3332
PEMAFC-A,4,period_0894,98.850000,3.0828,9.4235
PEMAFC-A,4,period_0894,98.900000,3.0855,8.5160
PEMAFC-A,4,period_0894,98.950000,3.0879,8.6585
PEMAFC-A,4,period_0894,99.000000,3.0906,9.5812
PEMAFC-A,4,period_0894,99.050000,3.0929,8.6993
PEMAFC-A,4,period_0894,99.100000,3.0957,9.4085
PEMAFC-A,4,period_0894,99.150000,3.0989,8.8599
PEMAFC-A,4,period_0894,99.200000,3.1008,8.9236
PEMAFC-A,4,period_0894,99.250000,3.1032,8.8338
PEMAFC-A,4,period_0894,99.300000,3.1061,9.6998
PEMAFC-A,4,period_0894,99.350000,3.1086,8.7425
PEMAFC-A,4,period_0894,99.400000,3.1121,9.4279
PEMAFC-A,4,period_0894,99.450000,3.1146,9.5503
PEMAFC-A,4,period_0894,99.500000,3.1175,9.5315
PEMAFC-A,4,period_0894,99.550000,3.1200,8.6845
PEMAFC-A,4,period_0894,99.600000,3.1234,9.9935
PEMAFC-A,4,period_0894,99.650000,3.1258,9.6505
PEMAFC-A,4,period_0894,99.700000,3.1286,9.9689
PEMAFC-A,4,period_0894,99.750000,3.1313,8.8765
PEMAFC-A,4,period_0894,99.800000,3.1345,9.7646
PEMAFC-A,4,period_0894,99.850000,3.1372,9.6922
PEMAFC-A,4,period_0894,99.900000,3.1405,9.4753
PEMAFC-A,4,period_0894,99.950000,3.1430,8.1615
PEMAFC-A,4,period_0894,100.000000,3.1455,9.7559
PEMAFC-A,5,period_0564,100.000667,12.2383,-34.1621
PEMAFC-A,5,period_0564,100.050000,12.2020,-11.3034
PEMAFC-A,5,period_0564,100.100000,12.1656,-10.6268
PEMAFC-A,5,period_0564,100.150000,12.1303,-10.6826
PEMAFC-A,5,period_0564,100.200000,12.0926,-10.0236
PEMAFC-A,5,period_0564,100.250000,12.0517,-10.6791
PEMAFC-A,5,period_0564,100.300000,12.0170,-10.4166
PEMAFC-A,5,period_0564,100.350000,11.9718,-10.6300
PEMAFC-A,5,period_0564,100.400000,11.9278,-11.4199
PEMAFC-A,5,period_0564,100.450000,11.8820,-10.7810
PEMAFC-A,5,period_0564,100.500000,11.8352,-11.2757
PEMAFC-A,5,period_0564,100.550000,11.7968,-10.5112
PEMAFC-A,5,period_0564,100.600000,11.7525,-10.8584
PEMAFC-A,5,period_0564,100.650000,11.7056,-10.6191
PEMAFC-A,5,period_0564,100.700000,11.6721,-10.1242
PEMAFC-A,5,period_0564,100.750000,11.6273,-10.8549
PEMAFC-A,5,period_0564,100.800000,11.5863,-10.5342
PEMAFC-A,5,period_0564,100.850000,11.5509,-8.6249
PEMAFC-A,5,period_0564,100.900000,11.5100,-9.5795
PEMAFC-A,5,period_0564,100.950000,11.4772,-9.2491
PEMAFC-A,5,period_0564,101.000000,11.4385,-10.3593
PEMAFC-A,5,period_0564,101.050000,11.3938,-10.6094
PEMAFC-A,5,period_0564,101.100000,11.3572,-9.4915
PEMAFC-A,5,period_0564,101.150000,11.3130,-10.1477
PEMAFC-A,5,period_0564,101.200000,11.2774,-10.3743
PEMAFC-A,5,period_0564,101.250000,11.2393,-9.5881
PEMAFC-A,5,period_0564,101.300000,11.2039,-8.9638
PEMAFC-A,5,period_0564,101.350000,11.1623,-10.1087
PEMAFC-A,5,period_0564,101.400000,11.1179,-9.9282
PEMAFC-A,5,period_0564,101.450000,11.0704,-10.8167
PEMAFC-A,5,period_0564,101.500000,11.0334,-9.8470
PEMAFC-A,5,period_0564,101.550000,10.9930,-9.7510
PEMAFC-A,5,period_0564,101.600000,10.9580,-9.6186
PEMAFC-A,5,period_0564,101.650000,10.9200,-10.3662
PEMAFC-A,5,period_0564,101.700000,10.8784,-10.6054
PEMAFC-A,5,period_0564,101.750000,10.8432,-9.1557
PEMAFC-A,5,period_0564,101.800000,10.7984,-8.9086
PEMAFC-A,5,period_0564,101.850000,10.7649,-8.9448
PEMAFC-A,5,period_0564,101.900000,10.7221,-9.0471
PEMAFC-A,5,period_0564,101.950000,10.6851,-8.7678
PEMAFC-A,5,period_0564,102.000000,10.6487,-9.4959
PEMAFC-A,5,period_0564,102.050000,10.6051,-9.4433
PEMAFC-A,5,period_0564,102.100000,10.5651,-9.2345
PEMAFC-A,5,period_0564,102.150000,10.5273,-9.5567
PEMAFC-A,5,period_0564,102.200000,10.4898,-8.5745
PEMAFC-A,5,period_0564,102.250000,10.4458,-9.7685
PEMAFC-A,5,period_0564,102.300000,10.4057,-7.8751
PEMAFC-A,5,period_0564,102.350000,10.3690,-8.3756
PEMAFC-A,5,period_0564,102.400000,10.3224,-9.9841
PEMAFC-A,5,period_0564,102.450000,10.2828,-8.5812
PEMAFC-A,5,period_0564,102.500000,10.2400,-8.6732
PEMAFC-A,5,period_0564,102.550000,10.2001,-8.6348
PEMAFC-A,5,period_0564,102.600000,10.1581,-9.2675
PEMAFC-A,5,period_0564,102.650000,10.1146,-9.2056
PEMAFC-A,5,period_0564,102.700000,10.0829,-7.7798
PEMAFC-A,5,period_0564,102.750000,10.0409,-9.7566
PEMAFC-A,5,period_0564,102.800000,9.9995,-9.1305
PEMAFC-A,5,period_0564,102.850000,9.9586,-9.3926
PEMAFC-A,5,period_0564,102.900000,9.9122,-9.1637
PEMAFC-A,5,period_0564,102.950000,9.8718,-9.2853
PEMAFC-A,5,period_0564,103.000000,9.8374,-8.1455
PEMAFC-A,5,period_0564,103.050000,9.7974,-7.6913
PEMAFC-A,5,period_0564,103.100000,9.7553,-8.2911
PEMAFC-A,5,period_0564,103.150000,9.7244,-7.8152
PEMAFC-A,5,period_0564,103.200000,9.6799,-7.9842
PEMAFC-A,5,period_0564,103.250000,9.6456,-8.0897
PEMAFC-A,5,period_0564,103.300000,9.6111,-7.6024
PEMAFC-A,5,period_0564,103.350000,9.5695,-8.7700
PEMAFC-A,5,period_0564,103.400000,9.5318,-6.7374
PEMAFC-A,5,period_0564,103.450000,9.4909,-8.4812
PEMAFC-A,5,period_0564,103.500000,9.4549,-8.1445
PEMAFC-A,5,period_0564,103.550000,9.4202,-7.3146
PEMAFC-A,5,period_0564,103.600000,9.3859,-8.5293
PEMAFC-A,5,period_0564,103.650000,9.3542,-7.8611
PEMAFC-A,5,period_0564,103.700000,9.3180,-7.3663
PEMAFC-A,5,period_0564,103.750000,9.2745,-8.3161
PEMAFC-A,5,period_0564,103.800000,9.2378,-6.8069
PEMAFC-A,5,period_0564,103.850000,9.2009,-8.1851
PEMAFC-A,5,period_0564,103.900000,9.1635,-7.0349
PEMAFC-A,5,period_0564,103.950000,9.1263,-7.3713
PEMAFC-A,5,period_0564,104.000000,9.0831,-9.0343
PEMAFC-A,5,period_0564,104.050000,9.0475,-7.7023
PEMAFC-A,5,period_0564,104.100000,9.0083,-7.0385
PEMAFC-A,5,period_0564,104.150000,8.9748,-7.7245
PEMAFC-A,5,period_0564,104.200000,8.9373,-6.5158
PEMAFC-A,5,period_0564,104.250000,8.9000,-7.3817
PEMAFC-A,5,period_0564,104.300000,8.8602,-8.3649
PEMAFC-A,5,period_0564,104.350000,8.8256,-7.3277
PEMAFC-A,5,period_0564,104.400000,8.7900,-8.1310
PEMAFC-A,5,period_0564,104.450000,8.7508,-7.3354
PEMAFC-A,5,period_0564,104.500000,8.7116,-7.3072
PEMAFC-A,5,period_0564,104.550000,8.6754,-7.2526
PEMAFC-A,5,period_0564,104.600000,8.6460,-6.7527
PEMAFC-A,5,period_0564,104.650000,8.6050,-7.7245
PEMAFC-A,5,period_0564,104.700000,8.5592,-8.3590
PEMAFC-A,5,period_0564,104.750000,8.5294,-6.8478
PEMAFC-A,5,period_0564,104.800000,8.4934,-7.1786
PEMAFC-A,5,period_0564,104.850000,8.4555,-7.1398
PEMAFC-A,5,period_0564,104.900000,8.4200,-7.0501
PEMAFC-A,5,period_0564,104.950000,8.3780,-7.2797
PEMAFC-A,5,period_0564,105.000000,8.3352,-7.0362
PEMAFC-A,5,period_0564,105.050000,8.3011,-6.6398
PEMAFC-A,5,period_0564,105.100000,8.2577,-8.0696
PEMAFC-A,5,period_0564,105.150000,8.2125,-7.9128
PEMAFC-A,5,period_0564,105.200000,8.1778,-6.8886
PEMAFC-A,5,period_0564,105.250000,8.1431,-6.8775
PEMAFC-A,5,period_0564,105.300000,8.1144,-5.4972
PEMAFC-A,5,period_0564,105.350000,8.0780,-6.5857
PEMAFC-A,5,period_0564,105.400000,8.0434,-6.9256
PEMAFC-A,5,period_0564,105.450000,7.9987,-7.5450
PEMAFC-A,5,period_0564,105.500000,7.9590,-7.7915
PEMAFC-A,5,period_0564,105.550000,7.9251,-6.5183
PEMAFC-A,5,period_0564,105.600000,7.8875,-6.2576
PEMAFC-A,5,period_0564,105.650000,7.8528,-6.7078
PEMAFC-A,5,period_0564,105.700000,7.8088,-6.8108
PEMAFC-A,5,period_0564,105.750000,7.7715,-6.5731
PEMAFC-A,5,period_0564,105.800000,7.7452,-5.6631
PEMAFC-A,5,period_0564,105.850000,7.7166,-6.1628
PEMAFC-A,5,period_0564,105.900000,7.6825,-6.2824
PEMAFC-A,5,period_0564,105.950000,7.6504,-5.9972
PEMAFC-A,5,period_0564,106.000000,7.6144,-6.2065
PEMAFC-A,5,period_0564,106.050000,7.5841,-5.4022
PEMAFC-A,5,period_0564,106.100000,7.5497,-6.5948
PEMAFC-A,5,period_0564,106.150000,7.5171,-6.4046
PEMAFC-A,5,period_0564,106.200000,7.4891,-5.2539
PEMAFC-A,5,period_0564,106.250000,7.4551,-6.1314
PEMAFC-A,5,period_0564,106.300000,7.4209,-5.9909
PEMAFC-A,5,period_0564,106.350000,7.3870,-6.2323
PEMAFC-A,5,period_0564,106.400000,7.3473,-6.7900
PEMAFC-A,5,period_0564,106.450000,7.3118,-5.8259
PEMAFC-A,5,period_0564,106.500000,7.2748,-5.7921
PEMAFC-A,5,period_0564,106.550000,7.2392,-5.4153
PEMAFC-A,5,period_0564,106.600000,7.2065,-6.3832
PEMAFC-A,5,period_0564,106.650000,7.1737,-5.8632
PEMAFC-A,5,period_0564,106.700000,7.1456,-5.3223
PEMAFC-A,5,period_0564,106.750000,7.1216,-5.4312
PEMAFC-A,5,period_0564,106.800000,7.0846,-6.4684
PEMAFC-A,5,period_0564,106.850000,7.0448,-6.3692
PEMAFC-A,5,period_0564,106.900000,7.0125,-5.2995
PEMAFC-A,5,period_0564,106.950000,6.9806,-5.0112
PEMAFC-A,5,period_0564,107.000000,6.9449,-5.6869
PEMAFC-A,5,period_0564,107.050000,6.9162,-4.8649
PEMAFC-A,5,period_0564,107.100000,6.8855,-5.0351
PEMAFC-A,5,period_0564,107.150000,6.8469,-6.1495
PEMAFC-A,5,period_0564,107.200000,6.8163,-4.7999
PEMAFC-A,5,period_0564,107.250000,6.7819,-5.1008
PEMAFC-A,5,period_0564,107.300000,6.7485,-5.3197
PEMAFC-A,5,period_0564,107.350000,6.7171,-5.1438
PEMAFC-A,5,period_0564,107.400000,6.6868,-4.6773
PEMAFC-A,5,period_0564,107.450000,6.6567,-4.9357
PEMAFC-A,5,period_0564,107.500000,6.6272,-5.7020
PEMAFC-A,5,period_0564,107.550000,6.5951,-5.0203
PEMAFC-A,5,period_0564,107.600000,6.5605,-5.0311
PEMAFC-A,5,period_0564,107.650000,6.5282,-4.9563
PEMAFC-A,5,period_0564,107.700000,6.4979,-5.2796
PEMAFC-A,5,period_0564,107.750000,6.4578,-5.3811
PEMAFC-A,5,period_0564,107.800000,6.4277,-4.2893
PEMAFC-A,5,period_0564,107.850000,6.3981,-4.7891
PEMAFC-A,5,period_0564,107.900000,6.3651,-4.9176
PEMAFC-A,5,period_0564,107.950000,6.3316,-4.2058
PEMAFC-A,5,period_0564,108.000000,6.2977,-5.0862
PEMAFC-A,5,period_0564,108.050000,6.2709,-4.9516
PEMAFC-A,5,period_0564,108.100000,6.2397,-4.8474
PEMAFC-A,5,period_0564,108.150000,6.2124,-4.1710
PEMAFC-A,5,period_0564,108.200000,6.1819,-5.2781
PEMAFC-A,5,period_0564,108.250000,6.1446,-5.7709
PEMAFC-A,5,period_0564,108.300000,6.1148,-4.8008
PEMAFC-A,5,period_0564,108.350000,6.0926,-3.3889
PEMAFC-A,5,period_0564,108.400000,6.0644,-3.7797
PEMAFC-A,5,period_0564,108.450000,6.0359,-4.5533
PEMAFC-A,5,period_0564,108.500000,6.0058,-4.4922
PEMAFC-A,5,period_0564,108.550000,5.9733,-4.2500
PEMAFC-A,5,period_0564,108.600000,5.9482,-4.4279
PEMAFC-A,5,period_0564,108.650000,5.9167,-4.2002
PEMAFC-A,5,period_0564,108.700000,5.8860,-4.1200
PEMAFC-A,5,period_0564,108.750000,5.8570,-3.9254
PEMAFC-A,5,period_0564,108.800000,5.8264,-4.4217
PEMAFC-A,5,period_0564,108.850000,5.7941,-4.4723
PEMAFC-A,5,period_0564,108.900000,5.7669,-3.5386
PEMAFC-A,5,period_0564,108.950000,5.7405,-3.7805
PEMAFC-A,5,period_0564,109.000000,5.7112,-3.7506
PEMAFC-A,5,period_0564,109.050000,5.6814,-3.9257
PEMAFC-A,5,period_0564,109.100000,5.6552,-3.6080
PEMAFC-A,5,period_0564,109.150000,5.6216,-3.9832
PEMAFC-A,5,period_0564,109.200000,5.5907,-4.3115
PEMAFC-A,5,period_0564,109.250000,5.5584,-4.9386
PEMAFC-A,5,period_0564,109.300000,5.5322,-3.4441
PEMAFC-A,5,period_0564,109.350000,5.5030,-4.2248
PEMAFC-A,5,period_0564,109.400000,5.4754,-3.8729
PEMAFC-A,5,period_0564,109.450000,5.4464,-3.4827
PEMAFC-A,5,period_0564,109.500000,5.4283,-3.2008
PEMAFC-A,5,period_0564,109.550000,5.4029,-4.0004
PEMAFC-A,5,period_0564,109.600000,5.3806,-3.4902
PEMAFC-A,5,period_0564,109.650000,5.3542,-3.5470
PEMAFC-A,5,period_0564,109.700000,5.3290,-3.8528
PEMAFC-A,5,period_0564,109.750000,5.3014,-3.7106
PEMAFC-A,5,period_0564,109.800000,5.2765,-3.2177
PEMAFC-A,5,period_0564,109.850000,5.2442,-3.8647
PEMAFC-A,5,period_0564,109.900000,5.2210,-2.6445
PEMAFC-A,5,period_0564,109.950000,5.1934,-4.6691
PEMAFC-A,5,period_0564,110.000000,5.1689,-3.5176
PEMAFC-A,5,period_0564,110.050000,5.1439,-3.2913
PEMAFC-A,5,period_0564,110.100000,5.1169,-3.0471
PEMAFC-A,5,period_0564,110.150000,5.0879,-3.2485
PEMAFC-A,5,period_0564,110.200000,5.0590,-3.4319
PEMAFC-A,5,period_0564,110.250000,5.0357,-3.3437
PEMAFC-A,5,period_0564,110.300000,5.0140,-3.2246
PEMAFC-A,5,period_0564,110.350000,4.9863,-4.0337
PEMAFC-A,5,period_0564,110.400000,4.9578,-3.6737
PEMAFC-A,5,period_0564,110.450000,4.9356,-3.8555
PEMAFC-A,5,period_0564,110.500000,4.9077,-3.5282
PEMAFC-A,5,period_0564,110.550000,4.8823,-3.2855
PEMAFC-A,5,period_0564,110.600000,4.8602,-2.6290
PEMAFC-A,5,period_0564,110.650000,4.8382,-2.4578
PEMAFC-A,5,period_0564,110.700000,4.8137,-2.8521
PEMAFC-A,5,period_0564,110.750000,4.7914,-3.6538
PEMAFC-A,5,period_0564,110.800000,4.7682,-3.3462
PEMAFC-A,5,period_0564,110.850000,4.7435,-3.1306
PEMAFC-A,5,period_0564,110.900000,4.7215,-2.9442
PEMAFC-A,5,period_0564,110.950000,4.6964,-2.6461
PEMAFC-A,5,period_0564,111.000000,4.6724,-2.6151
PEMAFC-A,5,period_0564,111.050000,4.6485,-3.2853
PEMAFC-A,5,period_0564,111.100000,4.6267,-2.1101
PEMAFC-A,5,period_0564,111.150000,4.5967,-3.6067
PEMAFC-A,5,period_0564,111.200000,4.5773,-1.9347
PEMAFC-A,5,period_0564,111.250000,4.5578,-2.2938
PEMAFC-A,5,period_0564,111.300000,4.5347,-2.6338
PEMAFC-A,5,period_0564,111.350000,4.5131,-2.7460
PEMAFC-A,5,period_0564,111.400000,4.4895,-2.6242
PEMAFC-A,5,period_0564,111.450000,4.4718,-2.0084
PEMAFC-A,5,period_0564,111.500000,4.4524,-2.0979
PEMAFC-A,5,period_0564,111.550000,4.4298,-2.7353
PEMAFC-A,5,period_0564,111.600000,4.4117,-2.1091
PEMAFC-A,5,period_0564,111.650000,4.3956,-2.2084
PEMAFC-A,5,period_0564,111.700000,4.3737,-2.7720
PEMAFC-A,5,period_0564,111.750000,4.3524,-2.6027
PEMAFC-A,5,period_0564,111.800000,4.3307,-2.4376
PEMAFC-A,5,period_0564,111.850000,4.3090,-2.0991
PEMAFC-A,5,period_0564,111.900000,4.2862,-1.5584
PEMAFC-A,5,period_0564,111.950000,4.2680,-1.7104
PEMAFC-A,5,period_0564,112.000000,4.2520,-1.2729
PEMAFC-A,5,period_0564,112.050000,4.2307,-1.7509
PEMAFC-A,5,period_0564,112.100000,4.2102,-1.5897
PEMAFC-A,5,period_0564,112.150000,4.1909,-1.8839
PEMAFC-A,5,period_0564,112.200000,4.1735,-2.0869
PEMAFC-A,5,period_0564,112.250000,4.1521,-1.9624
PEMAFC-A,5,period_0564,112.300000,4.1326,-2.0673
PEMAFC-A,5,period_0564,112.350000,4.1128,-2.5020
PEMAFC-A,5,period_0564,112.400000,4.0949,-2.1001
PEMAFC-A,5,period_0564,112.450000,4.0789,-1.0628
PEMAFC-A,5,period_0564,112.500000,4.0597,-1.7876
PEMAFC-A,5,period_0564,112.550000,4.0459,-0.9985
PEMAFC-A,5,period_0564,112.600000,4.0278,-1.9799
PEMAFC-A,5,period_0564,112.650000,4.0124,-0.9746
PEMAFC-A,5,period_0564,112.700000,3.9947,-1.1917
PEMAFC-A,5,period_0564,112.750000,3.9786,-1.8799
PEMAFC-A,5,period_0564,112.800000,3.9600,-1.6014
PEMAFC-A,5,period_0564,112.850000,3.9426,-1.6994
PEMAFC-A,5,period_0564,112.900000,3.9285,-1.5507
PEMAFC-A,5,period_0564,112.950000,3.9103,-1.4420
PEMAFC-A,5,period_0564,113.000000,3.8913,-1.2283
PEMAFC-A,5,period_0564,113.050000,3.8720,-1.6283
PEMAFC-A,5,period_0564,113.100000,3.8535,-1.4612
PEMAFC-A,5,period_0564,113.150000,3.8373,-1.4665
PEMAFC-A,5,period_0564,113.200000,3.8235,-1.4091
PEMAFC-A,5,period_0564,113.250000,3.8037,-1.6261
PEMAFC-A,5,period_0564,113.300000,3.7869,-1.5983
PEMAFC-A,5,period_0564,113.350000,3.7680,-1.0295
PEMAFC-A,5,period_0564,113.400000,3.7543,-1.0773
PEMAFC-A,5,period_0564,113.450000,3.7363,-1.8656
PEMAFC-A,5,period_0564,113.500000,3.7195,-0.4001
PEMAFC-A,5,period_0564,113.550000,3.7081,-0.6472
PEMAFC-A,5,period_0564,113.600000,3.6953,-0.9543
PEMAFC-A,5,period_0564,113.650000,3.6787,-1.1452
PEMAFC-A,5,period_0564,113.700000,3.6626,-0.6446
PEMAFC-A,5,period_0564,113.750000,3.6482,-0.2606
PEMAFC-A,5,period_0564,113.800000,3.6312,-1.5765
PEMAFC-A,5,period_0564,113.850000,3.6166,-0.8617
PEMAFC-A,5,period_0564,113.900000,3.6017,-1.1270
PEMAFC-A,5,period_0564,113.950000,3.5888,-1.1723
PEMAFC-A,5,period_0564,114.000000,3.5779,-0.8789
PEMAFC-A,5,period_0564,114.050000,3.5667,-0.4913
PEMAFC-A,5,period_0564,114.100000,3.5510,0.0575
PEMAFC-A,5,period_0564,114.150000,3.5396,-1.2968
PEMAFC-A,5,period_0564,114.200000,3.5290,-0.7676
PEMAFC-A,5,period_0564,114.250000,3.5161,-1.1621
PEMAFC-A,5,period_0564,114.300000,3.5014,-0.5539
PEMAFC-A,5,period_0564,114.350000,3.4861,-1.4880
PEMAFC-A,5,period_0564,114.400000,3.4706,-1.3681
PEMAFC-A,5,period_0564,114.450000,3.4573,-0.7596
PEMAFC-A,5,period_0564,114.500000,3.4471,-0.6408
PEMAFC-A,5,period_0564,114.550000,3.4330,-0.2706
PEMAFC-A,5,period_0564,114.600000,3.4210,-1.1528
PEMAFC-A,5,period_0564,114.650000,3.4095,-0.3759
PEMAFC-A,5,period_0564,114.700000,3.4005,0.0639
PEMAFC-A,5,period_0564,114.750000,3.3876,-0.6176
PEMAFC-A,5,period_0564,114.800000,3.3752,-0.0247
PEMAFC-A,5,period_0564,114.850000,3.3617,-0.6354
PEMAFC-A,5,period_0564,114.900000,3.3510,-0.2979
PEMAFC-A,5,period_0564,114.950000,3.3392,-0.8456
PEMAFC-A,5,period_0564,115.000000,3.3309,-0.1904
PEMAFC-A,5,period_0564,115.050000,3.3200,-0.3107
PEMAFC-A,5,period_0564,115.100000,3.3068,-0.6418
PEMAFC-A,5,period_0564,115.150000,3.2951,-0.0897
PEMAFC-A,5,period_0564,115.200000,3.2825,-0.9607
PEMAFC-A,5,period_0564,115.250000,3.2725,0.0745
PEMAFC-A,5,period_0564,115.300000,3.2621,-0.6227
PEMAFC-A,5,period_0564,115.350000,3.2523,0.1216
PEMAFC-A,5,period_0564,115.400000,3.2394,-0.5763
PEMAFC-A,5,period_0564,115.450000,3.2296,0.1622
PEMAFC-A,5,period_0564,115.500000,3.2216,0.5681
PEMAFC-A,5,period_0564,115.550000,3.2100,-0.1022
PEMAFC-A,5,period_0564,115.600000,3.2023,0.7180
PEMAFC-A,5,period_0564,115.650000,3.1928,0.0851
PEMAFC-A,5,period_0564,115.700000,3.1826,0.0761
PEMAFC-A,5,period_0564,115.750000,3.1760,0.8301
PEMAFC-A,5,period_0564,115.800000,3.1675,-0.2442
PEMAFC-A,5,period_0564,115.850000,3.1554,-0.5716
PEMAFC-A,5,period_0564,115.900000,3.1451,0.4273
PEMAFC-A,5,period_0564,115.950000,3.1342,0.0843
PEMAFC-A,5,period_0564,116.000000,3.1261,0.2323
PEMAFC-A,5,period_0564,116.050000,3.1177,0.7714
PEMAFC-A,5,period_0564,116.100000,3.1137,0.1579
PEMAFC-A,5,period_0564,116.150000,3.1071,1.0390
PEMAFC-A,5,period_0564,116.200000,3.0990,0.2309
PEMAFC-A,5,period_0564,116.250000,3.0898,-0.0438
PEMAFC-A,5,period_0564,116.300000,3.0809,0.0258
PEMAFC-A,5,period_0564,116.350000,3.0726,-0.1968
PEMAFC-A,5,period_0564,116.400000,3.0638,0.0974
PEMAFC-A,5,period_0564,116.450000,3.0546,0.5238
PEMAFC-A,5,period_0564,116.500000,3.0497,0.8261
PEMAFC-A,5,period_0564,116.550000,3.0410,0.2023
PEMAFC-A,5,period_0564,116.600000,3.0338,0.1860
PEMAFC-A,5,period_0564,116.650000,3.0264,0.7002
PEMAFC-A,5,period_0564,116.700000,3.0198,0.3704
PEMAFC-A,5,period_0564,116.750000,3.0100,0.5710
PEMAFC-A,5,period_0564,116.800000,3.0027,0.3399
PEMAFC-A,5,period_0564,116.850000,2.9956,0.3229
PEMAFC-A,5,period_0564,116.900000,2.9879,0.5979
PEMAFC-A,5,period_0564,116.950000,2.9784,0.2823
PEMAFC-A,5,period_0564,117.000000,2.9717,0.2447
PEMAFC-A,5,period_0564,117.050000,2.9640,0.1875
PEMAFC-A,5,period_0564,117.100000,2.9551,0.6452
PEMAFC-A,5,period_0564,117.150000,2.9467,-0.1021
PEMAFC-A,5,period_0564,117.200000,2.9365,0.5814
PEMAFC-A,5,period_0564,117.250000,2.9306,1.3322
PEMAFC-A,5,period_0564,117.300000,2.9250,0.6020
PEMAFC-A,5,period_0564,117.350000,2.9190,0.7952
PEMAFC-A,5,period_0564,117.400000,2.9119,1.3211
PEMAFC-A,5,period_0564,117.450000,2.9063,0.8455
PEMAFC-A,5,period_0564,117.500000,2.9026,0.9262
PEMAFC-A,5,period_0564,117.550000,2.8968,0.8554
PEMAFC-A,5,period_0564,117.600000,2.8888,0.1886
PEMAFC-A,5,period_0564,117.650000,2.8834,1.2006
PEMAFC-A,5,period_0564,117.700000,2.8747,0.9046
PEMAFC-A,5,period_0564,117.750000,2.8677,0.4154
PEMAFC-A,5,period_0564,117.800000,2.8620,0.5723
PEMAFC-A,5,period_0564,117.850000,2.8574,0.6787
PEMAFC-A,5,period_0564,117.900000,2.8511,2.0558
PEMAFC-A,5,period_0564,117.950000,2.8458,0.4865
PEMAFC-A,5,period_0564,118.000000,2.8408,0.7919
PEMAFC-A,5,period_0564,118.050000,2.8346,0.7004
PEMAFC-A,5,period_0564,118.100000,2.8294,1.6387
PEMAFC-A,5,period_0564,118.150000,2.8237,0.7455
PEMAFC-A,5,period_0564,118.200000,2.8174,0.7358
PEMAFC-A,5,period_0564,118.250000,2.8133,0.8872
PEMAFC-A,5,period_0564,118.300000,2.8082,0.7868
PEMAFC-A,5,period_0564,118.350000,2.8029,0.8469
PEMAFC-A,5,period_0564,118.400000,2.7997,1.1495
PEMAFC-A,5,period_0564,118.450000,2.7962,2.2573
PEMAFC-A,5,period_0564,118.500000,2.7888,0.9214
PEMAFC-A,5,period_0564,118.550000,2.7851,1.6436
PEMAFC-A,5,period_0564,118.600000,2.7815,0.4505
PEMAFC-A,5,period_0564,118.650000,2.7772,0.8191
PEMAFC-A,5,period_0564,118.700000,2.7730,1.2072
PEMAFC-A,5,period_0564,118.750000,2.7684,0.8949
PEMAFC-A,5,period_0564,118.800000,2.7630,0.9729
PEMAFC-A,5,period_0564,118.850000,2.7592,1.1551
PEMAFC-A,5,period_0564,118.900000,2.7550,1.0253
PEMAFC-A,5,period_0564,118.950000,2.7503,1.2020
PEMAFC-A,5,period_0564,119.000000,2.7454,1.4990
PEMAFC-A,5,period_0564,119.050000,2.7425,1.9736
PEMAFC-A,5,period_0564,119.100000,2.7384,0.7340
PEMAFC-A,5,period_0564,119.150000,2.7347,1.3582
PEMAFC-A,5,period_0564,119.200000,2.7325,1.9100
PEMAFC-A,5,period_0564,119.250000,2.7287,1.5671
PEMAFC-A,5,period_0564,119.300000,2.7234,0.7415
PEMAFC-A,5,period_0564,119.350000,2.7198,0.7943
PEMAFC-A,5,period_0564,119.400000,2.7138,1.2538
PEMAFC-A,5,period_0564,119.450000,2.7091,0.7684
PEMAFC-A,5,period_0564,119.500000,2.7087,1.8071
PEMAFC-A,5,period_0564,119.550000,2.7054,1.4731
PEMAFC-A,5,period_0564,119.600000,2.7022,2.3163
PEMAFC-A,5,period_0564,119.650000,2.7018,2.1779
PEMAFC-A,5,period_0564,119.700000,2.6982,0.9132
PEMAFC-A,5,period_0564,119.750000,2.6939,1.9795
PEMAFC-A,5,period_0564,119.800000,2.6904,1.9081
PEMAFC-A,5,period_0564,119.850000,2.6882,1.5352
PEMAFC-A,5,period_0564,119.900000,2.6864,1.0669
PEMAFC-A,5,period_0564,119.950000,2.6843,1.8135
PEMAFC-A,5,period_0564,120.000000,2.6802,1.1754
PEMAFC-PCA-F (K=12/12),0,period_0884,0.000667,-4.4312,0.0000
PEMAFC-PCA-F (K=12/12),0,period_0884,0.050000,-3.4073,-1.0433
PEMAFC-PCA-F (K=12/12),0,period_0884,0.100000,-2.5750,-0.6707
PEMAFC-PCA-F (K=12/12),0,period_0884,0.150000,-1.9772,-0.4491
PEMAFC-PCA-F (K=12/12),0,period_0884,0.200000,-1.7869,-0.1452
PEMAFC-PCA-F (K=12/12),0,period_0884,0.250000,-1.4132,-0.0812
PEMAFC-PCA-F (K=12/12),0,period_0884,0.300000,-1.3823,-0.1101
PEMAFC-PCA-F (K=12/12),0,period_0884,0.350000,-1.0481,-0.1703
PEMAFC-PCA-F (K=12/12),0,period_0884,0.400000,-0.7658,-0.0780
PEMAFC-PCA-F (K=12/12),0,period_0884,0.450000,-0.6543,-0.0429
PEMAFC-PCA-F (K=12/12),0,period_0884,0.500000,-0.5395,-0.0156
PEMAFC-PCA-F (K=12/12),0,period_0884,0.550000,-0.4606,0.1224
PEMAFC-PCA-F (K=12/12),0,period_0884,0.600000,-0.3026,0.1189
PEMAFC-PCA-F (K=12/12),0,period_0884,0.650000,-0.4472,0.1494
PEMAFC-PCA-F (K=12/12),0,period_0884,0.700000,-0.5425,0.0336
PEMAFC-PCA-F (K=12/12),0,period_0884,0.750000,-0.5433,0.1440
PEMAFC-PCA-F (K=12/12),0,period_0884,0.800000,-0.5333,0.0589
PEMAFC-PCA-F (K=12/12),0,period_0884,0.850000,-0.3704,0.0990
PEMAFC-PCA-F (K=12/12),0,period_0884,0.900000,-0.3371,0.0359
PEMAFC-PCA-F (K=12/12),0,period_0884,0.950000,-0.1490,0.0423
PEMAFC-PCA-F (K=12/12),0,period_0884,1.000000,-0.0295,0.1890
PEMAFC-PCA-F (K=12/12),0,period_0884,1.050000,-0.0230,-0.0165
PEMAFC-PCA-F (K=12/12),0,period_0884,1.100000,-0.0067,0.1160
PEMAFC-PCA-F (K=12/12),0,period_0884,1.150000,0.0573,0.2043
PEMAFC-PCA-F (K=12/12),0,period_0884,1.200000,0.0653,0.0574
PEMAFC-PCA-F (K=12/12),0,period_0884,1.250000,-0.0986,0.3548
PEMAFC-PCA-F (K=12/12),0,period_0884,1.300000,-0.2368,0.0863
PEMAFC-PCA-F (K=12/12),0,period_0884,1.350000,-0.1425,0.1309
PEMAFC-PCA-F (K=12/12),0,period_0884,1.400000,-0.1847,0.0155
PEMAFC-PCA-F (K=12/12),0,period_0884,1.450000,-0.0341,0.1056
PEMAFC-PCA-F (K=12/12),0,period_0884,1.500000,-0.0026,0.4277
PEMAFC-PCA-F (K=12/12),0,period_0884,1.550000,-0.1282,0.3412
PEMAFC-PCA-F (K=12/12),0,period_0884,1.600000,-0.1535,0.1001
PEMAFC-PCA-F (K=12/12),0,period_0884,1.650000,-0.2251,0.0614
PEMAFC-PCA-F (K=12/12),0,period_0884,1.700000,-0.1880,0.2273
PEMAFC-PCA-F (K=12/12),0,period_0884,1.750000,-0.2059,0.2531
PEMAFC-PCA-F (K=12/12),0,period_0884,1.800000,-0.3261,0.0814
PEMAFC-PCA-F (K=12/12),0,period_0884,1.850000,-0.1848,0.1120
PEMAFC-PCA-F (K=12/12),0,period_0884,1.900000,-0.2331,0.0972
PEMAFC-PCA-F (K=12/12),0,period_0884,1.950000,0.0286,0.0940
PEMAFC-PCA-F (K=12/12),0,period_0884,2.000000,-0.2696,0.0829
PEMAFC-PCA-F (K=12/12),0,period_0884,2.050000,-0.1734,0.0018
PEMAFC-PCA-F (K=12/12),0,period_0884,2.100000,-0.1373,-0.0571
PEMAFC-PCA-F (K=12/12),0,period_0884,2.150000,0.0390,0.2731
PEMAFC-PCA-F (K=12/12),0,period_0884,2.200000,-0.0676,0.2180
PEMAFC-PCA-F (K=12/12),0,period_0884,2.250000,-0.1505,0.0676
PEMAFC-PCA-F (K=12/12),0,period_0884,2.300000,0.0332,0.3915
PEMAFC-PCA-F (K=12/12),0,period_0884,2.350000,0.1448,0.1495
PEMAFC-PCA-F (K=12/12),0,period_0884,2.400000,0.1158,0.0981
PEMAFC-PCA-F (K=12/12),0,period_0884,2.450000,0.2090,0.2445
PEMAFC-PCA-F (K=12/12),0,period_0884,2.500000,0.1181,-0.0648
PEMAFC-PCA-F (K=12/12),0,period_0884,2.550000,-0.1001,-0.0621
PEMAFC-PCA-F (K=12/12),0,period_0884,2.600000,-0.0046,0.3085
PEMAFC-PCA-F (K=12/12),0,period_0884,2.650000,0.0762,0.1990
PEMAFC-PCA-F (K=12/12),0,period_0884,2.700000,-0.0083,0.0323
PEMAFC-PCA-F (K=12/12),0,period_0884,2.750000,-0.0499,-0.0343
PEMAFC-PCA-F (K=12/12),0,period_0884,2.800000,-0.2300,0.0125
PEMAFC-PCA-F (K=12/12),0,period_0884,2.850000,-0.2752,0.0855
PEMAFC-PCA-F (K=12/12),0,period_0884,2.900000,-0.2103,0.1068
PEMAFC-PCA-F (K=12/12),0,period_0884,2.950000,-0.1681,0.1107
PEMAFC-PCA-F (K=12/12),0,period_0884,3.000000,-0.3111,0.0671
PEMAFC-PCA-F (K=12/12),0,period_0884,3.050000,-0.0709,0.3099
PEMAFC-PCA-F (K=12/12),0,period_0884,3.100000,0.0056,0.2906
PEMAFC-PCA-F (K=12/12),0,period_0884,3.150000,-0.2442,0.1324
PEMAFC-PCA-F (K=12/12),0,period_0884,3.200000,-0.2418,0.2547
PEMAFC-PCA-F (K=12/12),0,period_0884,3.250000,-0.2264,0.0415
PEMAFC-PCA-F (K=12/12),0,period_0884,3.300000,-0.3033,0.0066
PEMAFC-PCA-F (K=12/12),0,period_0884,3.350000,-0.1510,-0.0569
PEMAFC-PCA-F (K=12/12),0,period_0884,3.400000,-0.1319,0.1605
PEMAFC-PCA-F (K=12/12),0,period_0884,3.450000,-0.1020,0.0973
PEMAFC-PCA-F (K=12/12),0,period_0884,3.500000,0.0160,0.0366
PEMAFC-PCA-F (K=12/12),0,period_0884,3.550000,0.0734,0.1071
PEMAFC-PCA-F (K=12/12),0,period_0884,3.600000,0.0260,0.1402
PEMAFC-PCA-F (K=12/12),0,period_0884,3.650000,-0.1249,0.2496
PEMAFC-PCA-F (K=12/12),0,period_0884,3.700000,-0.1804,0.0878
PEMAFC-PCA-F (K=12/12),0,period_0884,3.750000,-0.0885,0.0901
PEMAFC-PCA-F (K=12/12),0,period_0884,3.800000,-0.2225,0.0747
PEMAFC-PCA-F (K=12/12),0,period_0884,3.850000,-0.2488,-0.0862
PEMAFC-PCA-F (K=12/12),0,period_0884,3.900000,-0.2504,0.1143
PEMAFC-PCA-F (K=12/12),0,period_0884,3.950000,-0.1326,0.2125
PEMAFC-PCA-F (K=12/12),0,period_0884,4.000000,-0.0183,0.2448
PEMAFC-PCA-F (K=12/12),0,period_0884,4.050000,0.0377,-0.0091
PEMAFC-PCA-F (K=12/12),0,period_0884,4.100000,-0.1449,-0.1106
PEMAFC-PCA-F (K=12/12),0,period_0884,4.150000,-0.1268,0.0592
PEMAFC-PCA-F (K=12/12),0,period_0884,4.200000,-0.1727,0.0148
PEMAFC-PCA-F (K=12/12),0,period_0884,4.250000,-0.0874,0.0289
PEMAFC-PCA-F (K=12/12),0,period_0884,4.300000,-0.1872,-0.2686
PEMAFC-PCA-F (K=12/12),0,period_0884,4.350000,-0.1970,0.2290
PEMAFC-PCA-F (K=12/12),0,period_0884,4.400000,-0.1493,-0.0057
PEMAFC-PCA-F (K=12/12),0,period_0884,4.450000,-0.0862,0.2446
PEMAFC-PCA-F (K=12/12),0,period_0884,4.500000,-0.1187,0.1307
PEMAFC-PCA-F (K=12/12),0,period_0884,4.550000,-0.1113,0.1044
PEMAFC-PCA-F (K=12/12),0,period_0884,4.600000,-0.0150,0.1973
PEMAFC-PCA-F (K=12/12),0,period_0884,4.650000,-0.1674,0.1278
PEMAFC-PCA-F (K=12/12),0,period_0884,4.700000,-0.0911,0.1360
PEMAFC-PCA-F (K=12/12),0,period_0884,4.750000,0.0531,0.0648
PEMAFC-PCA-F (K=12/12),0,period_0884,4.800000,0.0736,-0.3710
PEMAFC-PCA-F (K=12/12),0,period_0884,4.850000,0.0895,-0.2057
PEMAFC-PCA-F (K=12/12),0,period_0884,4.900000,-0.0832,0.2392
PEMAFC-PCA-F (K=12/12),0,period_0884,4.950000,-0.2596,0.0452
PEMAFC-PCA-F (K=12/12),0,period_0884,5.000000,-0.1539,0.1422
PEMAFC-PCA-F (K=12/12),0,period_0884,5.050000,-0.1459,0.2721
PEMAFC-PCA-F (K=12/12),0,period_0884,5.100000,0.0228,0.2003
PEMAFC-PCA-F (K=12/12),0,period_0884,5.150000,0.0352,-0.0857
PEMAFC-PCA-F (K=12/12),0,period_0884,5.200000,0.0509,0.1191
PEMAFC-PCA-F (K=12/12),0,period_0884,5.250000,0.1763,0.2113
PEMAFC-PCA-F (K=12/12),0,period_0884,5.300000,0.1560,0.2245
PEMAFC-PCA-F (K=12/12),0,period_0884,5.350000,-0.0483,0.1069
PEMAFC-PCA-F (K=12/12),0,period_0884,5.400000,-0.0296,0.1439
PEMAFC-PCA-F (K=12/12),0,period_0884,5.450000,-0.0580,0.0262
PEMAFC-PCA-F (K=12/12),0,period_0884,5.500000,-0.1787,0.0651
PEMAFC-PCA-F (K=12/12),0,period_0884,5.550000,-0.1533,0.1657
PEMAFC-PCA-F (K=12/12),0,period_0884,5.600000,0.0248,0.1681
PEMAFC-PCA-F (K=12/12),0,period_0884,5.650000,-0.0230,0.0664
PEMAFC-PCA-F (K=12/12),0,period_0884,5.700000,0.0883,0.1012
PEMAFC-PCA-F (K=12/12),0,period_0884,5.750000,-0.0107,0.5600
PEMAFC-PCA-F (K=12/12),0,period_0884,5.800000,0.0832,0.1038
PEMAFC-PCA-F (K=12/12),0,period_0884,5.850000,0.0625,0.1142
PEMAFC-PCA-F (K=12/12),0,period_0884,5.900000,-0.0298,0.1011
PEMAFC-PCA-F (K=12/12),0,period_0884,5.950000,0.0966,0.2425
PEMAFC-PCA-F (K=12/12),0,period_0884,6.000000,-0.0603,0.0018
PEMAFC-PCA-F (K=12/12),0,period_0884,6.050000,-0.0452,0.0714
PEMAFC-PCA-F (K=12/12),0,period_0884,6.100000,0.1257,0.1952
PEMAFC-PCA-F (K=12/12),0,period_0884,6.150000,0.1426,0.2676
PEMAFC-PCA-F (K=12/12),0,period_0884,6.200000,0.0736,0.0761
PEMAFC-PCA-F (K=12/12),0,period_0884,6.250000,0.1539,0.1548
PEMAFC-PCA-F (K=12/12),0,period_0884,6.300000,0.1998,0.2811
PEMAFC-PCA-F (K=12/12),0,period_0884,6.350000,0.0455,0.1191
PEMAFC-PCA-F (K=12/12),0,period_0884,6.400000,0.0418,0.2022
PEMAFC-PCA-F (K=12/12),0,period_0884,6.450000,0.0588,0.1902
PEMAFC-PCA-F (K=12/12),0,period_0884,6.500000,-0.0009,0.2350
PEMAFC-PCA-F (K=12/12),0,period_0884,6.550000,0.0285,-0.0818
PEMAFC-PCA-F (K=12/12),0,period_0884,6.600000,0.0964,0.2145
PEMAFC-PCA-F (K=12/12),0,period_0884,6.650000,0.1209,0.1608
PEMAFC-PCA-F (K=12/12),0,period_0884,6.700000,0.1712,-0.0929
PEMAFC-PCA-F (K=12/12),0,period_0884,6.750000,0.1651,0.2173
PEMAFC-PCA-F (K=12/12),0,period_0884,6.800000,0.2543,-0.0651
PEMAFC-PCA-F (K=12/12),0,period_0884,6.850000,0.2001,0.0708
PEMAFC-PCA-F (K=12/12),0,period_0884,6.900000,0.2218,-0.1366
PEMAFC-PCA-F (K=12/12),0,period_0884,6.950000,0.2229,-0.1586
PEMAFC-PCA-F (K=12/12),0,period_0884,7.000000,0.2018,0.2096
PEMAFC-PCA-F (K=12/12),0,period_0884,7.050000,0.0360,0.0442
PEMAFC-PCA-F (K=12/12),0,period_0884,7.100000,-0.1199,-0.0723
PEMAFC-PCA-F (K=12/12),0,period_0884,7.150000,-0.0245,0.1302
PEMAFC-PCA-F (K=12/12),0,period_0884,7.200000,0.1416,0.1547
PEMAFC-PCA-F (K=12/12),0,period_0884,7.250000,0.0124,0.4156
PEMAFC-PCA-F (K=12/12),0,period_0884,7.300000,0.0275,0.1308
PEMAFC-PCA-F (K=12/12),0,period_0884,7.350000,-0.1053,0.0531
PEMAFC-PCA-F (K=12/12),0,period_0884,7.400000,-0.0174,0.0275
PEMAFC-PCA-F (K=12/12),0,period_0884,7.450000,-0.1336,0.0707
PEMAFC-PCA-F (K=12/12),0,period_0884,7.500000,-0.2437,0.1007
PEMAFC-PCA-F (K=12/12),0,period_0884,7.550000,-0.2834,0.1476
PEMAFC-PCA-F (K=12/12),0,period_0884,7.600000,-0.3017,-0.1196
PEMAFC-PCA-F (K=12/12),0,period_0884,7.650000,-0.0554,0.0469
PEMAFC-PCA-F (K=12/12),0,period_0884,7.700000,-0.1632,-0.0893
PEMAFC-PCA-F (K=12/12),0,period_0884,7.750000,-0.1589,0.2208
PEMAFC-PCA-F (K=12/12),0,period_0884,7.800000,-0.2456,0.1684
PEMAFC-PCA-F (K=12/12),0,period_0884,7.850000,-0.1214,0.1139
PEMAFC-PCA-F (K=12/12),0,period_0884,7.900000,-0.0606,0.1664
PEMAFC-PCA-F (K=12/12),0,period_0884,7.950000,0.1515,0.0842
PEMAFC-PCA-F (K=12/12),0,period_0884,8.000000,0.1211,-0.0658
PEMAFC-PCA-F (K=12/12),0,period_0884,8.050000,0.0097,0.1171
PEMAFC-PCA-F (K=12/12),0,period_0884,8.100000,-0.1084,0.1401
PEMAFC-PCA-F (K=12/12),0,period_0884,8.150000,-0.1071,-0.0055
PEMAFC-PCA-F (K=12/12),0,period_0884,8.200000,0.1162,-0.0619
PEMAFC-PCA-F (K=12/12),0,period_0884,8.250000,0.0672,-0.1860
PEMAFC-PCA-F (K=12/12),0,period_0884,8.300000,0.1763,0.2166
PEMAFC-PCA-F (K=12/12),0,period_0884,8.350000,0.1385,0.0871
PEMAFC-PCA-F (K=12/12),0,period_0884,8.400000,0.1778,0.1749
PEMAFC-PCA-F (K=12/12),0,period_0884,8.450000,0.2694,0.2547
PEMAFC-PCA-F (K=12/12),0,period_0884,8.500000,0.1552,-0.0001
PEMAFC-PCA-F (K=12/12),0,period_0884,8.550000,0.2688,0.0638
PEMAFC-PCA-F (K=12/12),0,period_0884,8.600000,0.2292,0.0886
PEMAFC-PCA-F (K=12/12),0,period_0884,8.650000,0.0425,0.1771
PEMAFC-PCA-F (K=12/12),0,period_0884,8.700000,0.0574,0.0508
PEMAFC-PCA-F (K=12/12),0,period_0884,8.750000,-0.0831,-0.0502
PEMAFC-PCA-F (K=12/12),0,period_0884,8.800000,-0.0575,0.0024
PEMAFC-PCA-F (K=12/12),0,period_0884,8.850000,0.0908,0.2551
PEMAFC-PCA-F (K=12/12),0,period_0884,8.900000,0.0911,0.0014
PEMAFC-PCA-F (K=12/12),0,period_0884,8.950000,0.2435,0.2830
PEMAFC-PCA-F (K=12/12),0,period_0884,9.000000,0.0573,0.0891
PEMAFC-PCA-F (K=12/12),0,period_0884,9.050000,0.1577,-0.0831
PEMAFC-PCA-F (K=12/12),0,period_0884,9.100000,0.0952,0.0708
PEMAFC-PCA-F (K=12/12),0,period_0884,9.150000,0.0649,0.0272
PEMAFC-PCA-F (K=12/12),0,period_0884,9.200000,0.0578,-0.0031
PEMAFC-PCA-F (K=12/12),0,period_0884,9.250000,0.1034,0.2253
PEMAFC-PCA-F (K=12/12),0,period_0884,9.300000,0.0496,0.0392
PEMAFC-PCA-F (K=12/12),0,period_0884,9.350000,0.0201,0.1467
PEMAFC-PCA-F (K=12/12),0,period_0884,9.400000,0.1077,0.2286
PEMAFC-PCA-F (K=12/12),0,period_0884,9.450000,0.0161,0.3561
PEMAFC-PCA-F (K=12/12),0,period_0884,9.500000,0.1021,0.0015
PEMAFC-PCA-F (K=12/12),0,period_0884,9.550000,0.1561,0.2259
PEMAFC-PCA-F (K=12/12),0,period_0884,9.600000,0.1044,0.2184
PEMAFC-PCA-F (K=12/12),0,period_0884,9.650000,-0.0206,0.1027
PEMAFC-PCA-F (K=12/12),0,period_0884,9.700000,-0.2542,0.1599
PEMAFC-PCA-F (K=12/12),0,period_0884,9.750000,-0.0846,0.1432
PEMAFC-PCA-F (K=12/12),0,period_0884,9.800000,-0.0191,-0.2624
PEMAFC-PCA-F (K=12/12),0,period_0884,9.850000,-0.0853,0.0777
PEMAFC-PCA-F (K=12/12),0,period_0884,9.900000,-0.1300,0.3362
PEMAFC-PCA-F (K=12/12),0,period_0884,9.950000,-0.2119,-0.0807
PEMAFC-PCA-F (K=12/12),0,period_0884,10.000000,-0.1830,0.0351
PEMAFC-PCA-F (K=12/12),0,period_0884,10.050000,-0.1583,0.1726
PEMAFC-PCA-F (K=12/12),0,period_0884,10.100000,-0.0287,0.2577
PEMAFC-PCA-F (K=12/12),0,period_0884,10.150000,-0.1057,-0.2479
PEMAFC-PCA-F (K=12/12),0,period_0884,10.200000,-0.0389,0.2572
PEMAFC-PCA-F (K=12/12),0,period_0884,10.250000,-0.1517,-0.0670
PEMAFC-PCA-F (K=12/12),0,period_0884,10.300000,-0.2836,0.1060
PEMAFC-PCA-F (K=12/12),0,period_0884,10.350000,-0.3009,0.1387
PEMAFC-PCA-F (K=12/12),0,period_0884,10.400000,-0.1837,0.2027
PEMAFC-PCA-F (K=12/12),0,period_0884,10.450000,-0.3038,-0.0780
PEMAFC-PCA-F (K=12/12),0,period_0884,10.500000,-0.3213,0.0429
PEMAFC-PCA-F (K=12/12),0,period_0884,10.550000,-0.5116,0.0915
PEMAFC-PCA-F (K=12/12),0,period_0884,10.600000,-0.3877,0.0242
PEMAFC-PCA-F (K=12/12),0,period_0884,10.650000,-0.1831,0.0555
PEMAFC-PCA-F (K=12/12),0,period_0884,10.700000,-0.1400,-0.0536
PEMAFC-PCA-F (K=12/12),0,period_0884,10.750000,-0.3076,-0.0795
PEMAFC-PCA-F (K=12/12),0,period_0884,10.800000,-0.2226,0.1940
PEMAFC-PCA-F (K=12/12),0,period_0884,10.850000,-0.1065,0.0399
PEMAFC-PCA-F (K=12/12),0,period_0884,10.900000,-0.1771,0.1351
PEMAFC-PCA-F (K=12/12),0,period_0884,10.950000,-0.2012,0.2049
PEMAFC-PCA-F (K=12/12),0,period_0884,11.000000,-0.0419,0.1557
PEMAFC-PCA-F (K=12/12),0,period_0884,11.050000,-0.0666,0.0544
PEMAFC-PCA-F (K=12/12),0,period_0884,11.100000,-0.0105,-0.0621
PEMAFC-PCA-F (K=12/12),0,period_0884,11.150000,-0.1429,-0.0200
PEMAFC-PCA-F (K=12/12),0,period_0884,11.200000,-0.1829,-0.0604
PEMAFC-PCA-F (K=12/12),0,period_0884,11.250000,-0.2329,0.1902
PEMAFC-PCA-F (K=12/12),0,period_0884,11.300000,-0.2392,0.1401
PEMAFC-PCA-F (K=12/12),0,period_0884,11.350000,-0.2457,0.0888
PEMAFC-PCA-F (K=12/12),0,period_0884,11.400000,-0.2897,0.1333
PEMAFC-PCA-F (K=12/12),0,period_0884,11.450000,-0.1998,0.1135
PEMAFC-PCA-F (K=12/12),0,period_0884,11.500000,-0.2422,0.0612
PEMAFC-PCA-F (K=12/12),0,period_0884,11.550000,-0.1823,0.1124
PEMAFC-PCA-F (K=12/12),0,period_0884,11.600000,-0.1570,0.0872
PEMAFC-PCA-F (K=12/12),0,period_0884,11.650000,-0.0664,0.0665
PEMAFC-PCA-F (K=12/12),0,period_0884,11.700000,-0.0340,0.2615
PEMAFC-PCA-F (K=12/12),0,period_0884,11.750000,-0.0949,0.1154
PEMAFC-PCA-F (K=12/12),0,period_0884,11.800000,-0.0832,0.1034
PEMAFC-PCA-F (K=12/12),0,period_0884,11.850000,-0.1228,0.0670
PEMAFC-PCA-F (K=12/12),0,period_0884,11.900000,-0.0316,-0.1541
PEMAFC-PCA-F (K=12/12),0,period_0884,11.950000,0.1518,-0.2841
PEMAFC-PCA-F (K=12/12),0,period_0884,12.000000,0.2498,-0.0275
PEMAFC-PCA-F (K=12/12),0,period_0884,12.050000,0.1704,0.0283
PEMAFC-PCA-F (K=12/12),0,period_0884,12.100000,0.1004,-0.0114
PEMAFC-PCA-F (K=12/12),0,period_0884,12.150000,0.1906,0.1697
PEMAFC-PCA-F (K=12/12),0,period_0884,12.200000,0.2625,0.1198
PEMAFC-PCA-F (K=12/12),0,period_0884,12.250000,0.3077,0.2003
PEMAFC-PCA-F (K=12/12),0,period_0884,12.300000,0.3059,0.0568
PEMAFC-PCA-F (K=12/12),0,period_0884,12.350000,0.1942,0.2466
PEMAFC-PCA-F (K=12/12),0,period_0884,12.400000,0.0715,0.0706
PEMAFC-PCA-F (K=12/12),0,period_0884,12.450000,-0.0956,0.0858
PEMAFC-PCA-F (K=12/12),0,period_0884,12.500000,-0.0255,0.1453
PEMAFC-PCA-F (K=12/12),0,period_0884,12.550000,-0.1634,0.1510
PEMAFC-PCA-F (K=12/12),0,period_0884,12.600000,-0.1395,0.1308
PEMAFC-PCA-F (K=12/12),0,period_0884,12.650000,-0.1842,0.2199
PEMAFC-PCA-F (K=12/12),0,period_0884,12.700000,-0.1438,0.0570
PEMAFC-PCA-F (K=12/12),0,period_0884,12.750000,-0.0709,-0.1156
PEMAFC-PCA-F (K=12/12),0,period_0884,12.800000,-0.0524,0.4011
PEMAFC-PCA-F (K=12/12),0,period_0884,12.850000,-0.0867,0.1208
PEMAFC-PCA-F (K=12/12),0,period_0884,12.900000,-0.0108,0.1480
PEMAFC-PCA-F (K=12/12),0,period_0884,12.950000,0.0952,0.5091
PEMAFC-PCA-F (K=12/12),0,period_0884,13.000000,0.0147,0.1556
PEMAFC-PCA-F (K=12/12),0,period_0884,13.050000,-0.0833,0.1444
PEMAFC-PCA-F (K=12/12),0,period_0884,13.100000,-0.0441,0.1272
PEMAFC-PCA-F (K=12/12),0,period_0884,13.150000,0.0126,0.2377
PEMAFC-PCA-F (K=12/12),0,period_0884,13.200000,-0.0758,0.0347
PEMAFC-PCA-F (K=12/12),0,period_0884,13.250000,-0.1150,-0.1060
PEMAFC-PCA-F (K=12/12),0,period_0884,13.300000,-0.0493,0.1535
PEMAFC-PCA-F (K=12/12),0,period_0884,13.350000,0.0330,0.2500
PEMAFC-PCA-F (K=12/12),0,period_0884,13.400000,-0.0393,-0.1442
PEMAFC-PCA-F (K=12/12),0,period_0884,13.450000,-0.0921,0.0745
PEMAFC-PCA-F (K=12/12),0,period_0884,13.500000,-0.0326,0.3081
PEMAFC-PCA-F (K=12/12),0,period_0884,13.550000,0.0180,0.0660
PEMAFC-PCA-F (K=12/12),0,period_0884,13.600000,0.1329,-0.0994
PEMAFC-PCA-F (K=12/12),0,period_0884,13.650000,0.3050,0.2827
PEMAFC-PCA-F (K=12/12),0,period_0884,13.700000,0.2966,0.1409
PEMAFC-PCA-F (K=12/12),0,period_0884,13.750000,0.0781,0.1821
PEMAFC-PCA-F (K=12/12),0,period_0884,13.800000,0.1116,0.0485
PEMAFC-PCA-F (K=12/12),0,period_0884,13.850000,0.1648,0.0060
PEMAFC-PCA-F (K=12/12),0,period_0884,13.900000,0.0542,0.1857
PEMAFC-PCA-F (K=12/12),0,period_0884,13.950000,0.1776,0.2513
PEMAFC-PCA-F (K=12/12),0,period_0884,14.000000,0.0614,-0.2379
PEMAFC-PCA-F (K=12/12),0,period_0884,14.050000,-0.1113,-0.0337
PEMAFC-PCA-F (K=12/12),0,period_0884,14.100000,-0.0720,0.3085
PEMAFC-PCA-F (K=12/12),0,period_0884,14.150000,-0.1367,0.0929
PEMAFC-PCA-F (K=12/12),0,period_0884,14.200000,-0.2220,0.3568
PEMAFC-PCA-F (K=12/12),0,period_0884,14.250000,-0.1714,-0.0381
PEMAFC-PCA-F (K=12/12),0,period_0884,14.300000,-0.1087,-0.0629
PEMAFC-PCA-F (K=12/12),0,period_0884,14.350000,-0.0257,0.3893
PEMAFC-PCA-F (K=12/12),0,period_0884,14.400000,-0.0986,-0.1550
PEMAFC-PCA-F (K=12/12),0,period_0884,14.450000,-0.0438,-0.4222
PEMAFC-PCA-F (K=12/12),0,period_0884,14.500000,0.0014,-0.0674
PEMAFC-PCA-F (K=12/12),0,period_0884,14.550000,-0.0476,0.1025
PEMAFC-PCA-F (K=12/12),0,period_0884,14.600000,0.0271,0.0941
PEMAFC-PCA-F (K=12/12),0,period_0884,14.650000,0.1617,0.1386
PEMAFC-PCA-F (K=12/12),0,period_0884,14.700000,0.2361,0.0391
PEMAFC-PCA-F (K=12/12),0,period_0884,14.750000,0.1361,0.0083
PEMAFC-PCA-F (K=12/12),0,period_0884,14.800000,0.0281,-0.2263
PEMAFC-PCA-F (K=12/12),0,period_0884,14.850000,-0.0636,0.1426
PEMAFC-PCA-F (K=12/12),0,period_0884,14.900000,0.0251,-0.0998
PEMAFC-PCA-F (K=12/12),0,period_0884,14.950000,0.0417,0.1384
PEMAFC-PCA-F (K=12/12),0,period_0884,15.000000,0.0724,0.0686
PEMAFC-PCA-F (K=12/12),0,period_0884,15.050000,-0.1029,-0.1513
PEMAFC-PCA-F (K=12/12),0,period_0884,15.100000,-0.1091,0.0011
PEMAFC-PCA-F (K=12/12),0,period_0884,15.150000,-0.0159,0.3411
PEMAFC-PCA-F (K=12/12),0,period_0884,15.200000,0.0758,0.4282
PEMAFC-PCA-F (K=12/12),0,period_0884,15.250000,-0.0973,-0.2462
PEMAFC-PCA-F (K=12/12),0,period_0884,15.300000,-0.2148,0.2355
PEMAFC-PCA-F (K=12/12),0,period_0884,15.350000,-0.1614,0.1712
PEMAFC-PCA-F (K=12/12),0,period_0884,15.400000,-0.2397,0.0543
PEMAFC-PCA-F (K=12/12),0,period_0884,15.450000,-0.0994,-0.0378
PEMAFC-PCA-F (K=12/12),0,period_0884,15.500000,-0.1875,0.1192
PEMAFC-PCA-F (K=12/12),0,period_0884,15.550000,-0.0547,0.2525
PEMAFC-PCA-F (K=12/12),0,period_0884,15.600000,-0.2271,0.0082
PEMAFC-PCA-F (K=12/12),0,period_0884,15.650000,-0.0500,-0.0156
PEMAFC-PCA-F (K=12/12),0,period_0884,15.700000,-0.1720,0.0023
PEMAFC-PCA-F (K=12/12),0,period_0884,15.750000,-0.1385,-0.0755
PEMAFC-PCA-F (K=12/12),0,period_0884,15.800000,-0.0337,0.0228
PEMAFC-PCA-F (K=12/12),0,period_0884,15.850000,0.0472,0.0296
PEMAFC-PCA-F (K=12/12),0,period_0884,15.900000,-0.0966,0.0257
PEMAFC-PCA-F (K=12/12),0,period_0884,15.950000,-0.0820,0.3360
PEMAFC-PCA-F (K=12/12),0,period_0884,16.000000,-0.1452,0.1003
PEMAFC-PCA-F (K=12/12),0,period_0884,16.050000,0.0188,0.1807
PEMAFC-PCA-F (K=12/12),0,period_0884,16.100000,0.0343,-0.2190
PEMAFC-PCA-F (K=12/12),0,period_0884,16.150000,0.2716,0.0944
PEMAFC-PCA-F (K=12/12),0,period_0884,16.200000,0.1481,-0.0113
PEMAFC-PCA-F (K=12/12),0,period_0884,16.250000,0.2283,0.2837
PEMAFC-PCA-F (K=12/12),0,period_0884,16.300000,0.2620,0.0883
PEMAFC-PCA-F (K=12/12),0,period_0884,16.350000,0.2613,0.3211
PEMAFC-PCA-F (K=12/12),0,period_0884,16.400000,0.0206,0.0277
PEMAFC-PCA-F (K=12/12),0,period_0884,16.450000,0.0399,0.0885
PEMAFC-PCA-F (K=12/12),0,period_0884,16.500000,-0.0434,0.1902
PEMAFC-PCA-F (K=12/12),0,period_0884,16.550000,0.0628,0.0880
PEMAFC-PCA-F (K=12/12),0,period_0884,16.600000,-0.0502,-0.0561
PEMAFC-PCA-F (K=12/12),0,period_0884,16.650000,-0.0350,0.1182
PEMAFC-PCA-F (K=12/12),0,period_0884,16.700000,-0.1013,0.2802
PEMAFC-PCA-F (K=12/12),0,period_0884,16.750000,0.0526,0.4980
PEMAFC-PCA-F (K=12/12),0,period_0884,16.800000,-0.0095,0.0555
PEMAFC-PCA-F (K=12/12),0,period_0884,16.850000,-0.0189,0.3314
PEMAFC-PCA-F (K=12/12),0,period_0884,16.900000,-0.1175,-0.1030
PEMAFC-PCA-F (K=12/12),0,period_0884,16.950000,-0.0495,0.3293
PEMAFC-PCA-F (K=12/12),0,period_0884,17.000000,0.1816,0.1404
PEMAFC-PCA-F (K=12/12),0,period_0884,17.050000,0.1819,0.4091
PEMAFC-PCA-F (K=12/12),0,period_0884,17.100000,-0.0641,0.3188
PEMAFC-PCA-F (K=12/12),0,period_0884,17.150000,0.0684,0.1752
PEMAFC-PCA-F (K=12/12),0,period_0884,17.200000,-0.0242,0.1224
PEMAFC-PCA-F (K=12/12),0,period_0884,17.250000,0.0778,0.1256
PEMAFC-PCA-F (K=12/12),0,period_0884,17.300000,0.0522,0.0055
PEMAFC-PCA-F (K=12/12),0,period_0884,17.350000,-0.0789,0.0025
PEMAFC-PCA-F (K=12/12),0,period_0884,17.400000,-0.0241,-0.1009
PEMAFC-PCA-F (K=12/12),0,period_0884,17.450000,-0.0393,0.2689
PEMAFC-PCA-F (K=12/12),0,period_0884,17.500000,0.0800,0.0529
PEMAFC-PCA-F (K=12/12),0,period_0884,17.550000,-0.1009,0.0140
PEMAFC-PCA-F (K=12/12),0,period_0884,17.600000,-0.0072,0.1430
PEMAFC-PCA-F (K=12/12),0,period_0884,17.650000,0.0502,0.0002
PEMAFC-PCA-F (K=12/12),0,period_0884,17.700000,0.1117,0.2506
PEMAFC-PCA-F (K=12/12),0,period_0884,17.750000,0.1235,0.0448
PEMAFC-PCA-F (K=12/12),0,period_0884,17.800000,0.2773,-0.0375
PEMAFC-PCA-F (K=12/12),0,period_0884,17.850000,0.1808,0.1647
PEMAFC-PCA-F (K=12/12),0,period_0884,17.900000,0.2041,0.1962
PEMAFC-PCA-F (K=12/12),0,period_0884,17.950000,0.2079,0.2347
PEMAFC-PCA-F (K=12/12),0,period_0884,18.000000,0.1771,0.2651
PEMAFC-PCA-F (K=12/12),0,period_0884,18.050000,0.1115,-0.2181
PEMAFC-PCA-F (K=12/12),0,period_0884,18.100000,0.1061,0.3529
PEMAFC-PCA-F (K=12/12),0,period_0884,18.150000,0.1358,0.2489
PEMAFC-PCA-F (K=12/12),0,period_0884,18.200000,-0.0235,0.0379
PEMAFC-PCA-F (K=12/12),0,period_0884,18.250000,-0.1424,0.3406
PEMAFC-PCA-F (K=12/12),0,period_0884,18.300000,0.0047,0.2983
PEMAFC-PCA-F (K=12/12),0,period_0884,18.350000,0.1860,0.1418
PEMAFC-PCA-F (K=12/12),0,period_0884,18.400000,0.0224,0.0017
PEMAFC-PCA-F (K=12/12),0,period_0884,18.450000,-0.1136,0.0029
PEMAFC-PCA-F (K=12/12),0,period_0884,18.500000,-0.2081,0.0181
PEMAFC-PCA-F (K=12/12),0,period_0884,18.550000,-0.0588,0.3821
PEMAFC-PCA-F (K=12/12),0,period_0884,18.600000,-0.0984,0.1393
PEMAFC-PCA-F (K=12/12),0,period_0884,18.650000,-0.0257,0.2940
PEMAFC-PCA-F (K=12/12),0,period_0884,18.700000,-0.0789,0.2655
PEMAFC-PCA-F (K=12/12),0,period_0884,18.750000,0.0402,-0.0196
PEMAFC-PCA-F (K=12/12),0,period_0884,18.800000,0.0456,0.1262
PEMAFC-PCA-F (K=12/12),0,period_0884,18.850000,-0.0703,-0.0587
PEMAFC-PCA-F (K=12/12),0,period_0884,18.900000,0.0475,0.0467
PEMAFC-PCA-F (K=12/12),0,period_0884,18.950000,0.0369,0.1766
PEMAFC-PCA-F (K=12/12),0,period_0884,19.000000,-0.0514,-0.1184
PEMAFC-PCA-F (K=12/12),0,period_0884,19.050000,0.0339,-0.0407
PEMAFC-PCA-F (K=12/12),0,period_0884,19.100000,-0.1525,0.0532
PEMAFC-PCA-F (K=12/12),0,period_0884,19.150000,-0.1194,0.2280
PEMAFC-PCA-F (K=12/12),0,period_0884,19.200000,-0.2252,0.1830
PEMAFC-PCA-F (K=12/12),0,period_0884,19.250000,-0.2451,0.2456
PEMAFC-PCA-F (K=12/12),0,period_0884,19.300000,-0.0027,0.1590
PEMAFC-PCA-F (K=12/12),0,period_0884,19.350000,-0.1229,-0.0271
PEMAFC-PCA-F (K=12/12),0,period_0884,19.400000,0.0397,0.0753
PEMAFC-PCA-F (K=12/12),0,period_0884,19.450000,-0.0390,0.0423
PEMAFC-PCA-F (K=12/12),0,period_0884,19.500000,-0.0140,0.1782
PEMAFC-PCA-F (K=12/12),0,period_0884,19.550000,0.0979,0.3905
PEMAFC-PCA-F (K=12/12),0,period_0884,19.600000,-0.1544,0.2934
PEMAFC-PCA-F (K=12/12),0,period_0884,19.650000,-0.1739,0.2010
PEMAFC-PCA-F (K=12/12),0,period_0884,19.700000,-0.2383,0.0920
PEMAFC-PCA-F (K=12/12),0,period_0884,19.750000,-0.2370,0.1312
PEMAFC-PCA-F (K=12/12),0,period_0884,19.800000,-0.2903,0.0014
PEMAFC-PCA-F (K=12/12),0,period_0884,19.850000,-0.2149,0.3983
PEMAFC-PCA-F (K=12/12),0,period_0884,19.900000,-0.1895,0.1395
PEMAFC-PCA-F (K=12/12),0,period_0884,19.950000,-0.0090,0.1747
PEMAFC-PCA-F (K=12/12),0,period_0884,20.000000,0.0549,0.1167
PEMAFC-PCA-F (K=12/12),1,period_0339,20.000667,0.8209,-18.4543
PEMAFC-PCA-F (K=12/12),1,period_0339,20.050000,0.6606,-1.6100
PEMAFC-PCA-F (K=12/12),1,period_0339,20.100000,0.6596,-0.8253
PEMAFC-PCA-F (K=12/12),1,period_0339,20.150000,0.7738,-0.7392
PEMAFC-PCA-F (K=12/12),1,period_0339,20.200000,0.6329,-0.7501
PEMAFC-PCA-F (K=12/12),1,period_0339,20.250000,0.6954,-0.8599
PEMAFC-PCA-F (K=12/12),1,period_0339,20.300000,0.7498,-0.7106
PEMAFC-PCA-F (K=12/12),1,period_0339,20.350000,0.7798,-0.8631
PEMAFC-PCA-F (K=12/12),1,period_0339,20.400000,0.7438,-1.0330
PEMAFC-PCA-F (K=12/12),1,period_0339,20.450000,0.9176,-1.5363
PEMAFC-PCA-F (K=12/12),1,period_0339,20.500000,0.8299,-0.4044
PEMAFC-PCA-F (K=12/12),1,period_0339,20.550000,0.6934,-0.7100
PEMAFC-PCA-F (K=12/12),1,period_0339,20.600000,0.7814,-0.3938
PEMAFC-PCA-F (K=12/12),1,period_0339,20.650000,0.8932,-0.6233
PEMAFC-PCA-F (K=12/12),1,period_0339,20.700000,0.8385,-0.8783
PEMAFC-PCA-F (K=12/12),1,period_0339,20.750000,0.7732,-0.5932
PEMAFC-PCA-F (K=12/12),1,period_0339,20.800000,0.7719,-0.8025
PEMAFC-PCA-F (K=12/12),1,period_0339,20.850000,0.7125,-0.7004
PEMAFC-PCA-F (K=12/12),1,period_0339,20.900000,0.5999,-1.2849
PEMAFC-PCA-F (K=12/12),1,period_0339,20.950000,0.6376,-0.6284
PEMAFC-PCA-F (K=12/12),1,period_0339,21.000000,0.6847,-0.8287
PEMAFC-PCA-F (K=12/12),1,period_0339,21.050000,0.7618,-0.3618
PEMAFC-PCA-F (K=12/12),1,period_0339,21.100000,0.7996,-0.1378
PEMAFC-PCA-F (K=12/12),1,period_0339,21.150000,0.8652,-0.7463
PEMAFC-PCA-F (K=12/12),1,period_0339,21.200000,0.7641,-1.2215
PEMAFC-PCA-F (K=12/12),1,period_0339,21.250000,0.7937,-0.7953
PEMAFC-PCA-F (K=12/12),1,period_0339,21.300000,0.9019,-0.2049
PEMAFC-PCA-F (K=12/12),1,period_0339,21.350000,0.8785,-0.7319
PEMAFC-PCA-F (K=12/12),1,period_0339,21.400000,0.8077,-0.5942
PEMAFC-PCA-F (K=12/12),1,period_0339,21.450000,0.7080,-0.7219
PEMAFC-PCA-F (K=12/12),1,period_0339,21.500000,0.6431,-0.5877
PEMAFC-PCA-F (K=12/12),1,period_0339,21.550000,0.5972,-0.2830
PEMAFC-PCA-F (K=12/12),1,period_0339,21.600000,0.6526,-0.3568
PEMAFC-PCA-F (K=12/12),1,period_0339,21.650000,0.6369,-0.6837
PEMAFC-PCA-F (K=12/12),1,period_0339,21.700000,0.6570,-1.1713
PEMAFC-PCA-F (K=12/12),1,period_0339,21.750000,0.7093,-0.3670
PEMAFC-PCA-F (K=12/12),1,period_0339,21.800000,0.6727,-0.0786
PEMAFC-PCA-F (K=12/12),1,period_0339,21.850000,0.7776,-0.4413
PEMAFC-PCA-F (K=12/12),1,period_0339,21.900000,0.7562,-0.4410
PEMAFC-PCA-F (K=12/12),1,period_0339,21.950000,0.8282,-0.6409
PEMAFC-PCA-F (K=12/12),1,period_0339,22.000000,0.7827,-0.9274
PEMAFC-PCA-F (K=12/12),1,period_0339,22.050000,0.8769,-0.1844
PEMAFC-PCA-F (K=12/12),1,period_0339,22.100000,0.6873,-1.0928
PEMAFC-PCA-F (K=12/12),1,period_0339,22.150000,0.6631,-0.3267
PEMAFC-PCA-F (K=12/12),1,period_0339,22.200000,0.6357,-0.4630
PEMAFC-PCA-F (K=12/12),1,period_0339,22.250000,0.5311,-0.3075
PEMAFC-PCA-F (K=12/12),1,period_0339,22.300000,0.5383,-0.7644
PEMAFC-PCA-F (K=12/12),1,period_0339,22.350000,0.4985,-0.8126
PEMAFC-PCA-F (K=12/12),1,period_0339,22.400000,0.4537,-0.6241
PEMAFC-PCA-F (K=12/12),1,period_0339,22.450000,0.3545,-1.5942
PEMAFC-PCA-F (K=12/12),1,period_0339,22.500000,0.3900,-0.0183
PEMAFC-PCA-F (K=12/12),1,period_0339,22.550000,0.4002,-0.7142
PEMAFC-PCA-F (K=12/12),1,period_0339,22.600000,0.4779,-0.4293
PEMAFC-PCA-F (K=12/12),1,period_0339,22.650000,0.4075,-0.7662
PEMAFC-PCA-F (K=12/12),1,period_0339,22.700000,0.4049,-0.9886
PEMAFC-PCA-F (K=12/12),1,period_0339,22.750000,0.4473,-0.5496
PEMAFC-PCA-F (K=12/12),1,period_0339,22.800000,0.6013,-0.5346
PEMAFC-PCA-F (K=12/12),1,period_0339,22.850000,0.4806,-0.5673
PEMAFC-PCA-F (K=12/12),1,period_0339,22.900000,0.5356,-0.0431
PEMAFC-PCA-F (K=12/12),1,period_0339,22.950000,0.4207,-0.5660
PEMAFC-PCA-F (K=12/12),1,period_0339,23.000000,0.4701,-0.6594
PEMAFC-PCA-F (K=12/12),1,period_0339,23.050000,0.4650,0.0407
PEMAFC-PCA-F (K=12/12),1,period_0339,23.100000,0.4068,-0.3774
PEMAFC-PCA-F (K=12/12),1,period_0339,23.150000,0.4693,-0.4784
PEMAFC-PCA-F (K=12/12),1,period_0339,23.200000,0.3432,-0.6201
PEMAFC-PCA-F (K=12/12),1,period_0339,23.250000,0.3896,-0.2908
PEMAFC-PCA-F (K=12/12),1,period_0339,23.300000,0.4211,-0.1883
PEMAFC-PCA-F (K=12/12),1,period_0339,23.350000,0.3915,-0.8117
PEMAFC-PCA-F (K=12/12),1,period_0339,23.400000,0.3163,-0.7442
PEMAFC-PCA-F (K=12/12),1,period_0339,23.450000,0.2932,-0.6676
PEMAFC-PCA-F (K=12/12),1,period_0339,23.500000,0.1776,-0.7287
PEMAFC-PCA-F (K=12/12),1,period_0339,23.550000,0.3053,-0.8768
PEMAFC-PCA-F (K=12/12),1,period_0339,23.600000,0.3857,-0.1561
PEMAFC-PCA-F (K=12/12),1,period_0339,23.650000,0.3892,-0.7324
PEMAFC-PCA-F (K=12/12),1,period_0339,23.700000,0.3747,-0.7817
PEMAFC-PCA-F (K=12/12),1,period_0339,23.750000,0.4149,-0.2516
PEMAFC-PCA-F (K=12/12),1,period_0339,23.800000,0.3212,-0.0932
PEMAFC-PCA-F (K=12/12),1,period_0339,23.850000,0.3642,-0.4120
PEMAFC-PCA-F (K=12/12),1,period_0339,23.900000,0.3118,-0.7567
PEMAFC-PCA-F (K=12/12),1,period_0339,23.950000,0.3212,-0.0124
PEMAFC-PCA-F (K=12/12),1,period_0339,24.000000,0.3969,-0.3730
PEMAFC-PCA-F (K=12/12),1,period_0339,24.050000,0.3612,0.1462
PEMAFC-PCA-F (K=12/12),1,period_0339,24.100000,0.3146,-0.7159
PEMAFC-PCA-F (K=12/12),1,period_0339,24.150000,0.2860,-0.6958
PEMAFC-PCA-F (K=12/12),1,period_0339,24.200000,0.1907,-0.4673
PEMAFC-PCA-F (K=12/12),1,period_0339,24.250000,0.3212,-0.4935
PEMAFC-PCA-F (K=12/12),1,period_0339,24.300000,0.2994,-0.4677
PEMAFC-PCA-F (K=12/12),1,period_0339,24.350000,0.4602,-0.5384
PEMAFC-PCA-F (K=12/12),1,period_0339,24.400000,0.5770,-0.5546
PEMAFC-PCA-F (K=12/12),1,period_0339,24.450000,0.4327,-0.9584
PEMAFC-PCA-F (K=12/12),1,period_0339,24.500000,0.5382,-0.3575
PEMAFC-PCA-F (K=12/12),1,period_0339,24.550000,0.6447,-0.2292
PEMAFC-PCA-F (K=12/12),1,period_0339,24.600000,0.6258,-0.5023
PEMAFC-PCA-F (K=12/12),1,period_0339,24.650000,0.5414,-0.4998
PEMAFC-PCA-F (K=12/12),1,period_0339,24.700000,0.4322,-0.2399
PEMAFC-PCA-F (K=12/12),1,period_0339,24.750000,0.4794,-0.4908
PEMAFC-PCA-F (K=12/12),1,period_0339,24.800000,0.5144,-0.5466
PEMAFC-PCA-F (K=12/12),1,period_0339,24.850000,0.3642,-0.4479
PEMAFC-PCA-F (K=12/12),1,period_0339,24.900000,0.2783,-0.1946
PEMAFC-PCA-F (K=12/12),1,period_0339,24.950000,0.3593,-0.4536
PEMAFC-PCA-F (K=12/12),1,period_0339,25.000000,0.1502,-0.3119
PEMAFC-PCA-F (K=12/12),1,period_0339,25.050000,0.3274,-0.3215
PEMAFC-PCA-F (K=12/12),1,period_0339,25.100000,0.3671,-0.6107
PEMAFC-PCA-F (K=12/12),1,period_0339,25.150000,0.4702,-0.7545
PEMAFC-PCA-F (K=12/12),1,period_0339,25.200000,0.5762,-0.1813
PEMAFC-PCA-F (K=12/12),1,period_0339,25.250000,0.6579,-0.0465
PEMAFC-PCA-F (K=12/12),1,period_0339,25.300000,0.6826,-0.6473
PEMAFC-PCA-F (K=12/12),1,period_0339,25.350000,0.7524,-0.5903
PEMAFC-PCA-F (K=12/12),1,period_0339,25.400000,0.6602,-0.6776
PEMAFC-PCA-F (K=12/12),1,period_0339,25.450000,0.6247,-0.3754
PEMAFC-PCA-F (K=12/12),1,period_0339,25.500000,0.7138,-0.5723
PEMAFC-PCA-F (K=12/12),1,period_0339,25.550000,0.6062,-0.3300
PEMAFC-PCA-F (K=12/12),1,period_0339,25.600000,0.5874,-0.3309
PEMAFC-PCA-F (K=12/12),1,period_0339,25.650000,0.5458,-0.4505
PEMAFC-PCA-F (K=12/12),1,period_0339,25.700000,0.6324,-0.8449
PEMAFC-PCA-F (K=12/12),1,period_0339,25.750000,0.6581,-0.6081
PEMAFC-PCA-F (K=12/12),1,period_0339,25.800000,0.6881,-0.3382
PEMAFC-PCA-F (K=12/12),1,period_0339,25.850000,0.6032,-0.0870
PEMAFC-PCA-F (K=12/12),1,period_0339,25.900000,0.6650,-0.3532
PEMAFC-PCA-F (K=12/12),1,period_0339,25.950000,0.6236,0.3508
PEMAFC-PCA-F (K=12/12),1,period_0339,26.000000,0.5014,-0.1862
PEMAFC-PCA-F (K=12/12),1,period_0339,26.050000,0.4203,-0.3403
PEMAFC-PCA-F (K=12/12),1,period_0339,26.100000,0.4812,-0.6107
PEMAFC-PCA-F (K=12/12),1,period_0339,26.150000,0.5024,-0.6603
PEMAFC-PCA-F (K=12/12),1,period_0339,26.200000,0.5632,-0.6760
PEMAFC-PCA-F (K=12/12),1,period_0339,26.250000,0.4403,-0.0145
PEMAFC-PCA-F (K=12/12),1,period_0339,26.300000,0.5470,0.0075
PEMAFC-PCA-F (K=12/12),1,period_0339,26.350000,0.4150,-0.8732
PEMAFC-PCA-F (K=12/12),1,period_0339,26.400000,0.3827,-0.5607
PEMAFC-PCA-F (K=12/12),1,period_0339,26.450000,0.4326,-0.5409
PEMAFC-PCA-F (K=12/12),1,period_0339,26.500000,0.4706,-0.9218
PEMAFC-PCA-F (K=12/12),1,period_0339,26.550000,0.6067,-0.6031
PEMAFC-PCA-F (K=12/12),1,period_0339,26.600000,0.5496,-0.3689
PEMAFC-PCA-F (K=12/12),1,period_0339,26.650000,0.5631,-0.1885
PEMAFC-PCA-F (K=12/12),1,period_0339,26.700000,0.6170,-0.7957
PEMAFC-PCA-F (K=12/12),1,period_0339,26.750000,0.5553,-0.7621
PEMAFC-PCA-F (K=12/12),1,period_0339,26.800000,0.6080,-0.5050
PEMAFC-PCA-F (K=12/12),1,period_0339,26.850000,0.6184,-0.3968
PEMAFC-PCA-F (K=12/12),1,period_0339,26.900000,0.6482,-0.5879
PEMAFC-PCA-F (K=12/12),1,period_0339,26.950000,0.7028,-0.4775
PEMAFC-PCA-F (K=12/12),1,period_0339,27.000000,0.7360,-0.4307
PEMAFC-PCA-F (K=12/12),1,period_0339,27.050000,0.7089,-0.5593
PEMAFC-PCA-F (K=12/12),1,period_0339,27.100000,0.7433,-0.4865
PEMAFC-PCA-F (K=12/12),1,period_0339,27.150000,0.7673,-0.4555
PEMAFC-PCA-F (K=12/12),1,period_0339,27.200000,0.6519,-0.0656
PEMAFC-PCA-F (K=12/12),1,period_0339,27.250000,0.5091,-0.6581
PEMAFC-PCA-F (K=12/12),1,period_0339,27.300000,0.4524,-0.1803
PEMAFC-PCA-F (K=12/12),1,period_0339,27.350000,0.4678,-0.7624
PEMAFC-PCA-F (K=12/12),1,period_0339,27.400000,0.4774,-0.4933
PEMAFC-PCA-F (K=12/12),1,period_0339,27.450000,0.4656,-0.9100
PEMAFC-PCA-F (K=12/12),1,period_0339,27.500000,0.5416,-0.2982
PEMAFC-PCA-F (K=12/12),1,period_0339,27.550000,0.6367,-0.2720
PEMAFC-PCA-F (K=12/12),1,period_0339,27.600000,0.6391,-0.7290
PEMAFC-PCA-F (K=12/12),1,period_0339,27.650000,0.6255,-0.5725
PEMAFC-PCA-F (K=12/12),1,period_0339,27.700000,0.5196,-0.4386
PEMAFC-PCA-F (K=12/12),1,period_0339,27.750000,0.4779,-0.2813
PEMAFC-PCA-F (K=12/12),1,period_0339,27.800000,0.4398,-0.3276
PEMAFC-PCA-F (K=12/12),1,period_0339,27.850000,0.2753,-0.4350
PEMAFC-PCA-F (K=12/12),1,period_0339,27.900000,0.2728,-0.9206
PEMAFC-PCA-F (K=12/12),1,period_0339,27.950000,0.1551,-0.5720
PEMAFC-PCA-F (K=12/12),1,period_0339,28.000000,0.2906,-0.5739
PEMAFC-PCA-F (K=12/12),1,period_0339,28.050000,0.2150,-0.6554
PEMAFC-PCA-F (K=12/12),1,period_0339,28.100000,0.3251,-0.4499
PEMAFC-PCA-F (K=12/12),1,period_0339,28.150000,0.3097,-0.9022
PEMAFC-PCA-F (K=12/12),1,period_0339,28.200000,0.3876,-0.3425
PEMAFC-PCA-F (K=12/12),1,period_0339,28.250000,0.4025,-0.6015
PEMAFC-PCA-F (K=12/12),1,period_0339,28.300000,0.3833,-0.2957
PEMAFC-PCA-F (K=12/12),1,period_0339,28.350000,0.2850,-0.4501
PEMAFC-PCA-F (K=12/12),1,period_0339,28.400000,0.3580,-0.3627
PEMAFC-PCA-F (K=12/12),1,period_0339,28.450000,0.3978,-0.7253
PEMAFC-PCA-F (K=12/12),1,period_0339,28.500000,0.3478,-0.2577
PEMAFC-PCA-F (K=12/12),1,period_0339,28.550000,0.4812,-0.3527
PEMAFC-PCA-F (K=12/12),1,period_0339,28.600000,0.5603,-0.0281
PEMAFC-PCA-F (K=12/12),1,period_0339,28.650000,0.5309,-0.1826
PEMAFC-PCA-F (K=12/12),1,period_0339,28.700000,0.6049,-0.2258
PEMAFC-PCA-F (K=12/12),1,period_0339,28.750000,0.5727,-0.6543
PEMAFC-PCA-F (K=12/12),1,period_0339,28.800000,0.4411,-0.3924
PEMAFC-PCA-F (K=12/12),1,period_0339,28.850000,0.5389,-0.1400
PEMAFC-PCA-F (K=12/12),1,period_0339,28.900000,0.6690,-0.5203
PEMAFC-PCA-F (K=12/12),1,period_0339,28.950000,0.6175,-0.6132
PEMAFC-PCA-F (K=12/12),1,period_0339,29.000000,0.4916,-0.3984
PEMAFC-PCA-F (K=12/12),1,period_0339,29.050000,0.4724,-0.7086
PEMAFC-PCA-F (K=12/12),1,period_0339,29.100000,0.4829,-0.0313
PEMAFC-PCA-F (K=12/12),1,period_0339,29.150000,0.4270,-0.2976
PEMAFC-PCA-F (K=12/12),1,period_0339,29.200000,0.5068,-0.3286
PEMAFC-PCA-F (K=12/12),1,period_0339,29.250000,0.4466,-0.5772
PEMAFC-PCA-F (K=12/12),1,period_0339,29.300000,0.4761,-0.3311
PEMAFC-PCA-F (K=12/12),1,period_0339,29.350000,0.4903,-0.4665
PEMAFC-PCA-F (K=12/12),1,period_0339,29.400000,0.3806,-0.7898
PEMAFC-PCA-F (K=12/12),1,period_0339,29.450000,0.4841,-0.2077
PEMAFC-PCA-F (K=12/12),1,period_0339,29.500000,0.3724,-0.5797
PEMAFC-PCA-F (K=12/12),1,period_0339,29.550000,0.3544,-0.5034
PEMAFC-PCA-F (K=12/12),1,period_0339,29.600000,0.4510,-0.7413
PEMAFC-PCA-F (K=12/12),1,period_0339,29.650000,0.4923,-0.4067
PEMAFC-PCA-F (K=12/12),1,period_0339,29.700000,0.5361,-0.5392
PEMAFC-PCA-F (K=12/12),1,period_0339,29.750000,0.4355,-0.3546
PEMAFC-PCA-F (K=12/12),1,period_0339,29.800000,0.5597,-0.4558
PEMAFC-PCA-F (K=12/12),1,period_0339,29.850000,0.5649,-0.7066
PEMAFC-PCA-F (K=12/12),1,period_0339,29.900000,0.5810,-0.9854
PEMAFC-PCA-F (K=12/12),1,period_0339,29.950000,0.7128,-0.4728
PEMAFC-PCA-F (K=12/12),1,period_0339,30.000000,0.7034,-0.2684
PEMAFC-PCA-F (K=12/12),1,period_0339,30.050000,0.8333,-0.1618
PEMAFC-PCA-F (K=12/12),1,period_0339,30.100000,0.8619,-0.5586
PEMAFC-PCA-F (K=12/12),1,period_0339,30.150000,0.8051,-0.5388
PEMAFC-PCA-F (K=12/12),1,period_0339,30.200000,0.7996,-0.0217
PEMAFC-PCA-F (K=12/12),1,period_0339,30.250000,0.8481,-0.5349
PEMAFC-PCA-F (K=12/12),1,period_0339,30.300000,0.7578,-0.4731
PEMAFC-PCA-F (K=12/12),1,period_0339,30.350000,0.8443,-0.4004
PEMAFC-PCA-F (K=12/12),1,period_0339,30.400000,0.6905,-0.1900
PEMAFC-PCA-F (K=12/12),1,period_0339,30.450000,0.5948,-0.2086
PEMAFC-PCA-F (K=12/12),1,period_0339,30.500000,0.6925,-0.6208
PEMAFC-PCA-F (K=12/12),1,period_0339,30.550000,0.6256,-0.6289
PEMAFC-PCA-F (K=12/12),1,period_0339,30.600000,0.6944,-0.1284
PEMAFC-PCA-F (K=12/12),1,period_0339,30.650000,0.5453,-0.4657
PEMAFC-PCA-F (K=12/12),1,period_0339,30.700000,0.6248,-0.4616
PEMAFC-PCA-F (K=12/12),1,period_0339,30.750000,0.5878,-0.0802
PEMAFC-PCA-F (K=12/12),1,period_0339,30.800000,0.5429,-0.5066
PEMAFC-PCA-F (K=12/12),1,period_0339,30.850000,0.4067,-0.8998
PEMAFC-PCA-F (K=12/12),1,period_0339,30.900000,0.4681,-0.4794
PEMAFC-PCA-F (K=12/12),1,period_0339,30.950000,0.4322,-0.6033
PEMAFC-PCA-F (K=12/12),1,period_0339,31.000000,0.4246,-0.8105
PEMAFC-PCA-F (K=12/12),1,period_0339,31.050000,0.4185,-0.4752
PEMAFC-PCA-F (K=12/12),1,period_0339,31.100000,0.3699,-0.5868
PEMAFC-PCA-F (K=12/12),1,period_0339,31.150000,0.3585,-0.2686
PEMAFC-PCA-F (K=12/12),1,period_0339,31.200000,0.3720,-0.5714
PEMAFC-PCA-F (K=12/12),1,period_0339,31.250000,0.4138,-0.1887
PEMAFC-PCA-F (K=12/12),1,period_0339,31.300000,0.4908,-0.0956
PEMAFC-PCA-F (K=12/12),1,period_0339,31.350000,0.3625,-0.2167
PEMAFC-PCA-F (K=12/12),1,period_0339,31.400000,0.2947,-0.5593
PEMAFC-PCA-F (K=12/12),1,period_0339,31.450000,0.4382,-0.1806
PEMAFC-PCA-F (K=12/12),1,period_0339,31.500000,0.4656,-0.4829
PEMAFC-PCA-F (K=12/12),1,period_0339,31.550000,0.3016,-0.4541
PEMAFC-PCA-F (K=12/12),1,period_0339,31.600000,0.4366,-0.4847
PEMAFC-PCA-F (K=12/12),1,period_0339,31.650000,0.4477,-0.6055
PEMAFC-PCA-F (K=12/12),1,period_0339,31.700000,0.4519,-0.2716
PEMAFC-PCA-F (K=12/12),1,period_0339,31.750000,0.2984,-0.2940
PEMAFC-PCA-F (K=12/12),1,period_0339,31.800000,0.4863,0.0604
PEMAFC-PCA-F (K=12/12),1,period_0339,31.850000,0.4408,-0.6713
PEMAFC-PCA-F (K=12/12),1,period_0339,31.900000,0.4061,-1.0131
PEMAFC-PCA-F (K=12/12),1,period_0339,31.950000,0.4090,-0.3422
PEMAFC-PCA-F (K=12/12),1,period_0339,32.000000,0.4543,-0.2899
PEMAFC-PCA-F (K=12/12),1,period_0339,32.050000,0.4738,-0.3407
PEMAFC-PCA-F (K=12/12),1,period_0339,32.100000,0.5082,-0.0394
PEMAFC-PCA-F (K=12/12),1,period_0339,32.150000,0.4491,-0.3423
PEMAFC-PCA-F (K=12/12),1,period_0339,32.200000,0.3654,-0.7438
PEMAFC-PCA-F (K=12/12),1,period_0339,32.250000,0.1687,-1.4591
PEMAFC-PCA-F (K=12/12),1,period_0339,32.300000,0.2460,-0.8277
PEMAFC-PCA-F (K=12/12),1,period_0339,32.350000,0.3203,-0.4646
PEMAFC-PCA-F (K=12/12),1,period_0339,32.400000,0.3739,-0.2215
PEMAFC-PCA-F (K=12/12),1,period_0339,32.450000,0.4209,-0.8058
PEMAFC-PCA-F (K=12/12),1,period_0339,32.500000,0.4437,-0.5304
PEMAFC-PCA-F (K=12/12),1,period_0339,32.550000,0.3876,-0.8014
PEMAFC-PCA-F (K=12/12),1,period_0339,32.600000,0.3887,-0.5393
PEMAFC-PCA-F (K=12/12),1,period_0339,32.650000,0.3245,-0.7378
PEMAFC-PCA-F (K=12/12),1,period_0339,32.700000,0.3276,-0.3710
PEMAFC-PCA-F (K=12/12),1,period_0339,32.750000,0.3986,-0.4415
PEMAFC-PCA-F (K=12/12),1,period_0339,32.800000,0.3329,-0.3600
PEMAFC-PCA-F (K=12/12),1,period_0339,32.850000,0.4143,-0.3017
PEMAFC-PCA-F (K=12/12),1,period_0339,32.900000,0.3972,-0.2405
PEMAFC-PCA-F (K=12/12),1,period_0339,32.950000,0.4356,-0.0852
PEMAFC-PCA-F (K=12/12),1,period_0339,33.000000,0.3697,-0.6873
PEMAFC-PCA-F (K=12/12),1,period_0339,33.050000,0.3351,-0.3638
PEMAFC-PCA-F (K=12/12),1,period_0339,33.100000,0.2947,-0.6687
PEMAFC-PCA-F (K=12/12),1,period_0339,33.150000,0.3104,-0.7068
PEMAFC-PCA-F (K=12/12),1,period_0339,33.200000,0.3960,-0.5264
PEMAFC-PCA-F (K=12/12),1,period_0339,33.250000,0.4602,-1.0463
PEMAFC-PCA-F (K=12/12),1,period_0339,33.300000,0.5121,-0.8074
PEMAFC-PCA-F (K=12/12),1,period_0339,33.350000,0.5173,-0.2987
PEMAFC-PCA-F (K=12/12),1,period_0339,33.400000,0.4632,-0.6685
PEMAFC-PCA-F (K=12/12),1,period_0339,33.450000,0.4727,-0.4871
PEMAFC-PCA-F (K=12/12),1,period_0339,33.500000,0.5570,-0.6065
PEMAFC-PCA-F (K=12/12),1,period_0339,33.550000,0.4931,-0.6120
PEMAFC-PCA-F (K=12/12),1,period_0339,33.600000,0.4909,-0.5228
PEMAFC-PCA-F (K=12/12),1,period_0339,33.650000,0.5241,-0.4488
PEMAFC-PCA-F (K=12/12),1,period_0339,33.700000,0.5872,-0.5795
PEMAFC-PCA-F (K=12/12),1,period_0339,33.750000,0.5379,-0.5601
PEMAFC-PCA-F (K=12/12),1,period_0339,33.800000,0.6342,-0.7022
PEMAFC-PCA-F (K=12/12),1,period_0339,33.850000,0.6902,-0.4079
PEMAFC-PCA-F (K=12/12),1,period_0339,33.900000,0.6141,-0.5651
PEMAFC-PCA-F (K=12/12),1,period_0339,33.950000,0.6977,-0.7230
PEMAFC-PCA-F (K=12/12),1,period_0339,34.000000,0.7215,-0.7878
PEMAFC-PCA-F (K=12/12),1,period_0339,34.050000,0.7071,-0.3984
PEMAFC-PCA-F (K=12/12),1,period_0339,34.100000,0.6476,-0.4666
PEMAFC-PCA-F (K=12/12),1,period_0339,34.150000,0.7071,-0.3091
PEMAFC-PCA-F (K=12/12),1,period_0339,34.200000,0.6473,-0.1131
PEMAFC-PCA-F (K=12/12),1,period_0339,34.250000,0.5996,-0.3266
PEMAFC-PCA-F (K=12/12),1,period_0339,34.300000,0.4647,-0.3010
PEMAFC-PCA-F (K=12/12),1,period_0339,34.350000,0.3640,-0.5389
PEMAFC-PCA-F (K=12/12),1,period_0339,34.400000,0.4441,-0.5299
PEMAFC-PCA-F (K=12/12),1,period_0339,34.450000,0.5297,-0.5163
PEMAFC-PCA-F (K=12/12),1,period_0339,34.500000,0.3968,-0.0810
PEMAFC-PCA-F (K=12/12),1,period_0339,34.550000,0.3625,-0.1612
PEMAFC-PCA-F (K=12/12),1,period_0339,34.600000,0.3588,-0.5713
PEMAFC-PCA-F (K=12/12),1,period_0339,34.650000,0.3525,-0.4285
PEMAFC-PCA-F (K=12/12),1,period_0339,34.700000,0.3968,-0.4377
PEMAFC-PCA-F (K=12/12),1,period_0339,34.750000,0.5533,-0.7548
PEMAFC-PCA-F (K=12/12),1,period_0339,34.800000,0.5510,-0.7753
PEMAFC-PCA-F (K=12/12),1,period_0339,34.850000,0.5056,-0.3089
PEMAFC-PCA-F (K=12/12),1,period_0339,34.900000,0.4651,-0.4296
PEMAFC-PCA-F (K=12/12),1,period_0339,34.950000,0.5557,-0.6569
PEMAFC-PCA-F (K=12/12),1,period_0339,35.000000,0.4715,-0.3022
PEMAFC-PCA-F (K=12/12),1,period_0339,35.050000,0.5415,-0.4108
PEMAFC-PCA-F (K=12/12),1,period_0339,35.100000,0.4639,-0.1922
PEMAFC-PCA-F (K=12/12),1,period_0339,35.150000,0.4731,-0.3626
PEMAFC-PCA-F (K=12/12),1,period_0339,35.200000,0.6246,-0.5108
PEMAFC-PCA-F (K=12/12),1,period_0339,35.250000,0.6162,-0.7435
PEMAFC-PCA-F (K=12/12),1,period_0339,35.300000,0.5510,-0.4309
PEMAFC-PCA-F (K=12/12),1,period_0339,35.350000,0.5123,-0.3807
PEMAFC-PCA-F (K=12/12),1,period_0339,35.400000,0.6229,-0.6625
PEMAFC-PCA-F (K=12/12),1,period_0339,35.450000,0.6465,-0.5006
PEMAFC-PCA-F (K=12/12),1,period_0339,35.500000,0.5028,-0.2162
PEMAFC-PCA-F (K=12/12),1,period_0339,35.550000,0.5844,-0.8485
PEMAFC-PCA-F (K=12/12),1,period_0339,35.600000,0.6203,-0.4750
PEMAFC-PCA-F (K=12/12),1,period_0339,35.650000,0.5824,-0.3399
PEMAFC-PCA-F (K=12/12),1,period_0339,35.700000,0.5933,-0.7236
PEMAFC-PCA-F (K=12/12),1,period_0339,35.750000,0.6518,-0.8255
PEMAFC-PCA-F (K=12/12),1,period_0339,35.800000,0.6405,-0.6758
PEMAFC-PCA-F (K=12/12),1,period_0339,35.850000,0.8338,-0.4414
PEMAFC-PCA-F (K=12/12),1,period_0339,35.900000,0.8527,-0.0100
PEMAFC-PCA-F (K=12/12),1,period_0339,35.950000,0.9925,-0.6653
PEMAFC-PCA-F (K=12/12),1,period_0339,36.000000,1.0060,-0.3060
PEMAFC-PCA-F (K=12/12),1,period_0339,36.050000,0.9213,0.0643
PEMAFC-PCA-F (K=12/12),1,period_0339,36.100000,0.8129,-0.6584
PEMAFC-PCA-F (K=12/12),1,period_0339,36.150000,0.6884,-0.4019
PEMAFC-PCA-F (K=12/12),1,period_0339,36.200000,0.7987,-0.4696
PEMAFC-PCA-F (K=12/12),1,period_0339,36.250000,0.7039,-0.3560
PEMAFC-PCA-F (K=12/12),1,period_0339,36.300000,0.6832,-0.6620
PEMAFC-PCA-F (K=12/12),1,period_0339,36.350000,0.6493,-0.6128
PEMAFC-PCA-F (K=12/12),1,period_0339,36.400000,0.6982,-0.1738
PEMAFC-PCA-F (K=12/12),1,period_0339,36.450000,0.6367,-0.6606
PEMAFC-PCA-F (K=12/12),1,period_0339,36.500000,0.5761,-0.3417
PEMAFC-PCA-F (K=12/12),1,period_0339,36.550000,0.5400,0.3016
PEMAFC-PCA-F (K=12/12),1,period_0339,36.600000,0.5350,-0.0540
PEMAFC-PCA-F (K=12/12),1,period_0339,36.650000,0.3774,-0.2142
PEMAFC-PCA-F (K=12/12),1,period_0339,36.700000,0.4460,-0.1622
PEMAFC-PCA-F (K=12/12),1,period_0339,36.750000,0.4858,-0.2676
PEMAFC-PCA-F (K=12/12),1,period_0339,36.800000,0.4742,-0.4879
PEMAFC-PCA-F (K=12/12),1,period_0339,36.850000,0.5698,-1.0111
PEMAFC-PCA-F (K=12/12),1,period_0339,36.900000,0.5336,-0.0341
PEMAFC-PCA-F (K=12/12),1,period_0339,36.950000,0.4273,-0.1122
PEMAFC-PCA-F (K=12/12),1,period_0339,37.000000,0.4242,-0.6104
PEMAFC-PCA-F (K=12/12),1,period_0339,37.050000,0.4383,-0.7222
PEMAFC-PCA-F (K=12/12),1,period_0339,37.100000,0.4307,-0.7882
PEMAFC-PCA-F (K=12/12),1,period_0339,37.150000,0.4519,-0.5572
PEMAFC-PCA-F (K=12/12),1,period_0339,37.200000,0.4143,-0.2138
PEMAFC-PCA-F (K=12/12),1,period_0339,37.250000,0.4131,-0.8558
PEMAFC-PCA-F (K=12/12),1,period_0339,37.300000,0.4458,-0.4449
PEMAFC-PCA-F (K=12/12),1,period_0339,37.350000,0.3651,-0.4959
PEMAFC-PCA-F (K=12/12),1,period_0339,37.400000,0.4024,-0.1536
PEMAFC-PCA-F (K=12/12),1,period_0339,37.450000,0.2536,-0.6571
PEMAFC-PCA-F (K=12/12),1,period_0339,37.500000,0.4236,-0.4041
PEMAFC-PCA-F (K=12/12),1,period_0339,37.550000,0.4664,-0.7172
PEMAFC-PCA-F (K=12/12),1,period_0339,37.600000,0.5774,-0.2011
PEMAFC-PCA-F (K=12/12),1,period_0339,37.650000,0.6573,-0.7114
PEMAFC-PCA-F (K=12/12),1,period_0339,37.700000,0.6225,-1.0870
PEMAFC-PCA-F (K=12/12),1,period_0339,37.750000,0.5372,-0.9569
PEMAFC-PCA-F (K=12/12),1,period_0339,37.800000,0.5112,-0.9123
PEMAFC-PCA-F (K=12/12),1,period_0339,37.850000,0.5629,-0.2916
PEMAFC-PCA-F (K=12/12),1,period_0339,37.900000,0.5127,-0.6284
PEMAFC-PCA-F (K=12/12),1,period_0339,37.950000,0.4961,-0.5720
PEMAFC-PCA-F (K=12/12),1,period_0339,38.000000,0.5184,-1.0772
PEMAFC-PCA-F (K=12/12),1,period_0339,38.050000,0.5859,-0.4494
PEMAFC-PCA-F (K=12/12),1,period_0339,38.100000,0.5585,-0.7172
PEMAFC-PCA-F (K=12/12),1,period_0339,38.150000,0.5866,-0.8885
PEMAFC-PCA-F (K=12/12),1,period_0339,38.200000,0.5442,-0.2711
PEMAFC-PCA-F (K=12/12),1,period_0339,38.250000,0.6658,-0.4638
PEMAFC-PCA-F (K=12/12),1,period_0339,38.300000,0.7033,-0.2727
PEMAFC-PCA-F (K=12/12),1,period_0339,38.350000,0.6368,-0.5004
PEMAFC-PCA-F (K=12/12),1,period_0339,38.400000,0.6210,-0.8483
PEMAFC-PCA-F (K=12/12),1,period_0339,38.450000,0.5567,-0.6329
PEMAFC-PCA-F (K=12/12),1,period_0339,38.500000,0.4923,-0.9975
PEMAFC-PCA-F (K=12/12),1,period_0339,38.550000,0.6837,-0.1242
PEMAFC-PCA-F (K=12/12),1,period_0339,38.600000,0.7030,-0.3694
PEMAFC-PCA-F (K=12/12),1,period_0339,38.650000,0.6466,-0.2186
PEMAFC-PCA-F (K=12/12),1,period_0339,38.700000,0.6659,-0.1313
PEMAFC-PCA-F (K=12/12),1,period_0339,38.750000,0.6179,-0.2958
PEMAFC-PCA-F (K=12/12),1,period_0339,38.800000,0.4667,-0.6485
PEMAFC-PCA-F (K=12/12),1,period_0339,38.850000,0.4007,-0.7817
PEMAFC-PCA-F (K=12/12),1,period_0339,38.900000,0.3720,-0.4237
PEMAFC-PCA-F (K=12/12),1,period_0339,38.950000,0.4945,-0.6848
PEMAFC-PCA-F (K=12/12),1,period_0339,39.000000,0.4650,-0.2055
PEMAFC-PCA-F (K=12/12),1,period_0339,39.050000,0.6109,-0.3762
PEMAFC-PCA-F (K=12/12),1,period_0339,39.100000,0.6085,-0.4523
PEMAFC-PCA-F (K=12/12),1,period_0339,39.150000,0.6876,-0.3608
PEMAFC-PCA-F (K=12/12),1,period_0339,39.200000,0.7835,-0.1351
PEMAFC-PCA-F (K=12/12),1,period_0339,39.250000,0.6654,-0.3202
PEMAFC-PCA-F (K=12/12),1,period_0339,39.300000,0.4788,-0.0415
PEMAFC-PCA-F (K=12/12),1,period_0339,39.350000,0.5899,-0.1139
PEMAFC-PCA-F (K=12/12),1,period_0339,39.400000,0.6442,-0.5285
PEMAFC-PCA-F (K=12/12),1,period_0339,39.450000,0.6484,-0.2698
PEMAFC-PCA-F (K=12/12),1,period_0339,39.500000,0.5309,-1.0894
PEMAFC-PCA-F (K=12/12),1,period_0339,39.550000,0.4805,-0.5004
PEMAFC-PCA-F (K=12/12),1,period_0339,39.600000,0.5382,-0.3098
PEMAFC-PCA-F (K=12/12),1,period_0339,39.650000,0.6256,-0.2618
PEMAFC-PCA-F (K=12/12),1,period_0339,39.700000,0.5128,-0.4286
PEMAFC-PCA-F (K=12/12),1,period_0339,39.750000,0.5797,-0.3485
PEMAFC-PCA-F (K=12/12),1,period_0339,39.800000,0.6008,-0.8591
PEMAFC-PCA-F (K=12/12),1,period_0339,39.850000,0.6676,-0.4754
PEMAFC-PCA-F (K=12/12),1,period_0339,39.900000,0.6255,-0.5632
PEMAFC-PCA-F (K=12/12),1,period_0339,39.950000,0.6210,-0.5952
PEMAFC-PCA-F (K=12/12),1,period_0339,40.000000,0.6333,-0.7817
PEMAFC-PCA-F (K=12/12),2,period_0706,40.000667,0.7936,-26.2017
PEMAFC-PCA-F (K=12/12),2,period_0706,40.050000,0.8777,-0.6308
PEMAFC-PCA-F (K=12/12),2,period_0706,40.100000,0.8405,-0.6662
PEMAFC-PCA-F (K=12/12),2,period_0706,40.150000,0.8863,-0.5153
PEMAFC-PCA-F (K=12/12),2,period_0706,40.200000,0.8904,-0.3137
PEMAFC-PCA-F (K=12/12),2,period_0706,40.250000,0.9421,-0.2264
PEMAFC-PCA-F (K=12/12),2,period_0706,40.300000,0.8474,-0.2463
PEMAFC-PCA-F (K=12/12),2,period_0706,40.350000,0.8175,-0.3519
PEMAFC-PCA-F (K=12/12),2,period_0706,40.400000,0.8392,-0.7222
PEMAFC-PCA-F (K=12/12),2,period_0706,40.450000,0.9577,-0.1088
PEMAFC-PCA-F (K=12/12),2,period_0706,40.500000,0.9621,0.2107
PEMAFC-PCA-F (K=12/12),2,period_0706,40.550000,1.0005,-0.0368
PEMAFC-PCA-F (K=12/12),2,period_0706,40.600000,1.1039,-0.1747
PEMAFC-PCA-F (K=12/12),2,period_0706,40.650000,0.9880,-0.5796
PEMAFC-PCA-F (K=12/12),2,period_0706,40.700000,1.0378,-0.1443
PEMAFC-PCA-F (K=12/12),2,period_0706,40.750000,1.1265,-0.1773
PEMAFC-PCA-F (K=12/12),2,period_0706,40.800000,1.0825,-0.3115
PEMAFC-PCA-F (K=12/12),2,period_0706,40.850000,1.0209,0.1872
PEMAFC-PCA-F (K=12/12),2,period_0706,40.900000,0.9901,-0.7262
PEMAFC-PCA-F (K=12/12),2,period_0706,40.950000,1.0182,-0.4524
PEMAFC-PCA-F (K=12/12),2,period_0706,41.000000,1.0069,-0.4145
PEMAFC-PCA-F (K=12/12),2,period_0706,41.050000,1.1031,-0.2758
PEMAFC-PCA-F (K=12/12),2,period_0706,41.100000,1.0625,-0.1433
PEMAFC-PCA-F (K=12/12),2,period_0706,41.150000,1.0412,-0.1334
PEMAFC-PCA-F (K=12/12),2,period_0706,41.200000,0.9722,-0.2979
PEMAFC-PCA-F (K=12/12),2,period_0706,41.250000,1.0947,-0.3534
PEMAFC-PCA-F (K=12/12),2,period_0706,41.300000,1.0373,-0.0905
PEMAFC-PCA-F (K=12/12),2,period_0706,41.350000,0.8537,-0.3715
PEMAFC-PCA-F (K=12/12),2,period_0706,41.400000,0.8975,-0.2336
PEMAFC-PCA-F (K=12/12),2,period_0706,41.450000,0.8964,0.2433
PEMAFC-PCA-F (K=12/12),2,period_0706,41.500000,0.9207,-0.0800
PEMAFC-PCA-F (K=12/12),2,period_0706,41.550000,0.8202,0.1779
PEMAFC-PCA-F (K=12/12),2,period_0706,41.600000,0.9365,-0.8500
PEMAFC-PCA-F (K=12/12),2,period_0706,41.650000,1.0174,-0.4310
PEMAFC-PCA-F (K=12/12),2,period_0706,41.700000,0.9479,0.3148
PEMAFC-PCA-F (K=12/12),2,period_0706,41.750000,1.0244,-0.1603
PEMAFC-PCA-F (K=12/12),2,period_0706,41.800000,0.8915,-0.2775
PEMAFC-PCA-F (K=12/12),2,period_0706,41.850000,0.8601,-0.2569
PEMAFC-PCA-F (K=12/12),2,period_0706,41.900000,0.8063,0.0474
PEMAFC-PCA-F (K=12/12),2,period_0706,41.950000,0.8054,-0.4182
PEMAFC-PCA-F (K=12/12),2,period_0706,42.000000,0.8412,0.0959
PEMAFC-PCA-F (K=12/12),2,period_0706,42.050000,0.7815,0.0635
PEMAFC-PCA-F (K=12/12),2,period_0706,42.100000,0.7087,0.2179
PEMAFC-PCA-F (K=12/12),2,period_0706,42.150000,0.7255,0.1232
PEMAFC-PCA-F (K=12/12),2,period_0706,42.200000,0.7978,-0.7021
PEMAFC-PCA-F (K=12/12),2,period_0706,42.250000,0.7535,-0.8377
PEMAFC-PCA-F (K=12/12),2,period_0706,42.300000,0.7191,0.0127
PEMAFC-PCA-F (K=12/12),2,period_0706,42.350000,0.5920,-0.4005
PEMAFC-PCA-F (K=12/12),2,period_0706,42.400000,0.6219,0.1372
PEMAFC-PCA-F (K=12/12),2,period_0706,42.450000,0.5731,-1.0010
PEMAFC-PCA-F (K=12/12),2,period_0706,42.500000,0.4136,-0.1673
PEMAFC-PCA-F (K=12/12),2,period_0706,42.550000,0.4996,0.4520
PEMAFC-PCA-F (K=12/12),2,period_0706,42.600000,0.6382,-0.2977
PEMAFC-PCA-F (K=12/12),2,period_0706,42.650000,0.6509,-0.3196
PEMAFC-PCA-F (K=12/12),2,period_0706,42.700000,0.6277,0.0071
PEMAFC-PCA-F (K=12/12),2,period_0706,42.750000,0.5751,-0.7969
PEMAFC-PCA-F (K=12/12),2,period_0706,42.800000,0.6423,-0.3172
PEMAFC-PCA-F (K=12/12),2,period_0706,42.850000,0.6049,-1.2184
PEMAFC-PCA-F (K=12/12),2,period_0706,42.900000,0.6160,-0.2683
PEMAFC-PCA-F (K=12/12),2,period_0706,42.950000,0.5860,-1.1838
PEMAFC-PCA-F (K=12/12),2,period_0706,43.000000,0.6358,-0.1599
PEMAFC-PCA-F (K=12/12),2,period_0706,43.050000,0.5358,0.2468
PEMAFC-PCA-F (K=12/12),2,period_0706,43.100000,0.6319,0.0608
PEMAFC-PCA-F (K=12/12),2,period_0706,43.150000,0.5326,-0.0982
PEMAFC-PCA-F (K=12/12),2,period_0706,43.200000,0.5824,-0.3706
PEMAFC-PCA-F (K=12/12),2,period_0706,43.250000,0.4921,-0.1471
PEMAFC-PCA-F (K=12/12),2,period_0706,43.300000,0.5748,0.0456
PEMAFC-PCA-F (K=12/12),2,period_0706,43.350000,0.6192,-0.5898
PEMAFC-PCA-F (K=12/12),2,period_0706,43.400000,0.7326,0.4237
PEMAFC-PCA-F (K=12/12),2,period_0706,43.450000,0.7117,-0.0733
PEMAFC-PCA-F (K=12/12),2,period_0706,43.500000,0.7688,-0.6639
PEMAFC-PCA-F (K=12/12),2,period_0706,43.550000,0.6643,0.2348
PEMAFC-PCA-F (K=12/12),2,period_0706,43.600000,0.5900,-1.0472
PEMAFC-PCA-F (K=12/12),2,period_0706,43.650000,0.6412,-0.2572
PEMAFC-PCA-F (K=12/12),2,period_0706,43.700000,0.7275,0.5548
PEMAFC-PCA-F (K=12/12),2,period_0706,43.750000,0.7124,-0.1808
PEMAFC-PCA-F (K=12/12),2,period_0706,43.800000,0.6577,0.1013
PEMAFC-PCA-F (K=12/12),2,period_0706,43.850000,0.7593,-0.5298
PEMAFC-PCA-F (K=12/12),2,period_0706,43.900000,0.8269,-0.7505
PEMAFC-PCA-F (K=12/12),2,period_0706,43.950000,0.8467,-0.0240
PEMAFC-PCA-F (K=12/12),2,period_0706,44.000000,0.8039,-0.9071
PEMAFC-PCA-F (K=12/12),2,period_0706,44.050000,0.8912,-0.1425
PEMAFC-PCA-F (K=12/12),2,period_0706,44.100000,0.9253,-0.4494
PEMAFC-PCA-F (K=12/12),2,period_0706,44.150000,0.9567,-0.3535
PEMAFC-PCA-F (K=12/12),2,period_0706,44.200000,0.8614,0.6917
PEMAFC-PCA-F (K=12/12),2,period_0706,44.250000,0.8371,0.1463
PEMAFC-PCA-F (K=12/12),2,period_0706,44.300000,0.8829,-0.1770
PEMAFC-PCA-F (K=12/12),2,period_0706,44.350000,0.9746,-0.3511
PEMAFC-PCA-F (K=12/12),2,period_0706,44.400000,0.9655,-0.6303
PEMAFC-PCA-F (K=12/12),2,period_0706,44.450000,1.0542,-0.0036
PEMAFC-PCA-F (K=12/12),2,period_0706,44.500000,1.0503,0.0010
PEMAFC-PCA-F (K=12/12),2,period_0706,44.550000,0.9534,0.3013
PEMAFC-PCA-F (K=12/12),2,period_0706,44.600000,1.0508,0.0991
PEMAFC-PCA-F (K=12/12),2,period_0706,44.650000,0.9716,-0.7523
PEMAFC-PCA-F (K=12/12),2,period_0706,44.700000,0.9871,0.1711
PEMAFC-PCA-F (K=12/12),2,period_0706,44.750000,1.0551,-0.2219
PEMAFC-PCA-F (K=12/12),2,period_0706,44.800000,1.0348,-0.4618
PEMAFC-PCA-F (K=12/12),2,period_0706,44.850000,0.9565,-0.3177
PEMAFC-PCA-F (K=12/12),2,period_0706,44.900000,1.0175,-0.1413
PEMAFC-PCA-F (K=12/12),2,period_0706,44.950000,1.0162,-0.2165
PEMAFC-PCA-F (K=12/12),2,period_0706,45.000000,1.1039,-0.0933
PEMAFC-PCA-F (K=12/12),2,period_0706,45.050000,0.9802,-0.3264
PEMAFC-PCA-F (K=12/12),2,period_0706,45.100000,0.9208,0.1211
PEMAFC-PCA-F (K=12/12),2,period_0706,45.150000,0.9807,-0.6881
PEMAFC-PCA-F (K=12/12),2,period_0706,45.200000,0.9193,-0.0842
PEMAFC-PCA-F (K=12/12),2,period_0706,45.250000,0.9799,-0.5464
PEMAFC-PCA-F (K=12/12),2,period_0706,45.300000,0.9107,0.0808
PEMAFC-PCA-F (K=12/12),2,period_0706,45.350000,0.9176,-0.6548
PEMAFC-PCA-F (K=12/12),2,period_0706,45.400000,0.9282,-0.0784
PEMAFC-PCA-F (K=12/12),2,period_0706,45.450000,0.8507,-0.5380
PEMAFC-PCA-F (K=12/12),2,period_0706,45.500000,0.9711,-0.1815
PEMAFC-PCA-F (K=12/12),2,period_0706,45.550000,0.9011,0.2450
PEMAFC-PCA-F (K=12/12),2,period_0706,45.600000,0.9162,-0.3302
PEMAFC-PCA-F (K=12/12),2,period_0706,45.650000,0.8846,0.0469
PEMAFC-PCA-F (K=12/12),2,period_0706,45.700000,0.8958,-0.6632
PEMAFC-PCA-F (K=12/12),2,period_0706,45.750000,0.8445,-0.5118
PEMAFC-PCA-F (K=12/12),2,period_0706,45.800000,0.7756,-1.0584
PEMAFC-PCA-F (K=12/12),2,period_0706,45.850000,0.7586,-0.1805
PEMAFC-PCA-F (K=12/12),2,period_0706,45.900000,0.6661,0.5641
PEMAFC-PCA-F (K=12/12),2,period_0706,45.950000,0.6837,-0.2058
PEMAFC-PCA-F (K=12/12),2,period_0706,46.000000,0.7181,-0.3005
PEMAFC-PCA-F (K=12/12),2,period_0706,46.050000,0.8036,0.1860
PEMAFC-PCA-F (K=12/12),2,period_0706,46.100000,0.7420,0.0712
PEMAFC-PCA-F (K=12/12),2,period_0706,46.150000,0.8615,-0.9862
PEMAFC-PCA-F (K=12/12),2,period_0706,46.200000,0.8782,-0.3000
PEMAFC-PCA-F (K=12/12),2,period_0706,46.250000,0.9105,-0.0430
PEMAFC-PCA-F (K=12/12),2,period_0706,46.300000,0.9040,-0.8464
PEMAFC-PCA-F (K=12/12),2,period_0706,46.350000,0.9338,-0.2318
PEMAFC-PCA-F (K=12/12),2,period_0706,46.400000,0.9524,0.2726
PEMAFC-PCA-F (K=12/12),2,period_0706,46.450000,0.8969,0.1305
PEMAFC-PCA-F (K=12/12),2,period_0706,46.500000,0.8550,-0.0834
PEMAFC-PCA-F (K=12/12),2,period_0706,46.550000,0.7604,-0.3891
PEMAFC-PCA-F (K=12/12),2,period_0706,46.600000,0.7565,-0.0307
PEMAFC-PCA-F (K=12/12),2,period_0706,46.650000,0.7595,-0.1745
PEMAFC-PCA-F (K=12/12),2,period_0706,46.700000,0.7074,-0.4036
PEMAFC-PCA-F (K=12/12),2,period_0706,46.750000,0.6849,-0.5086
PEMAFC-PCA-F (K=12/12),2,period_0706,46.800000,0.7416,-0.2537
PEMAFC-PCA-F (K=12/12),2,period_0706,46.850000,0.8653,-0.1430
PEMAFC-PCA-F (K=12/12),2,period_0706,46.900000,0.8244,-0.0478
PEMAFC-PCA-F (K=12/12),2,period_0706,46.950000,0.7476,-0.5095
PEMAFC-PCA-F (K=12/12),2,period_0706,47.000000,0.6557,-0.1838
PEMAFC-PCA-F (K=12/12),2,period_0706,47.050000,0.7818,0.4974
PEMAFC-PCA-F (K=12/12),2,period_0706,47.100000,0.7909,-0.4509
PEMAFC-PCA-F (K=12/12),2,period_0706,47.150000,0.7539,0.2216
PEMAFC-PCA-F (K=12/12),2,period_0706,47.200000,0.8123,0.0730
PEMAFC-PCA-F (K=12/12),2,period_0706,47.250000,0.7517,-0.2155
PEMAFC-PCA-F (K=12/12),2,period_0706,47.300000,0.6515,-0.7428
PEMAFC-PCA-F (K=12/12),2,period_0706,47.350000,0.7461,0.2718
PEMAFC-PCA-F (K=12/12),2,period_0706,47.400000,0.8422,-0.0465
PEMAFC-PCA-F (K=12/12),2,period_0706,47.450000,0.8686,-0.1585
PEMAFC-PCA-F (K=12/12),2,period_0706,47.500000,0.8939,0.4759
PEMAFC-PCA-F (K=12/12),2,period_0706,47.550000,0.8015,-0.2034
PEMAFC-PCA-F (K=12/12),2,period_0706,47.600000,0.7891,-0.3521
PEMAFC-PCA-F (K=12/12),2,period_0706,47.650000,0.7655,-0.3648
PEMAFC-PCA-F (K=12/12),2,period_0706,47.700000,0.7357,-0.0900
PEMAFC-PCA-F (K=12/12),2,period_0706,47.750000,0.7002,-0.1913
PEMAFC-PCA-F (K=12/12),2,period_0706,47.800000,0.6687,0.4842
PEMAFC-PCA-F (K=12/12),2,period_0706,47.850000,0.5952,-0.6360
PEMAFC-PCA-F (K=12/12),2,period_0706,47.900000,0.5806,-0.2953
PEMAFC-PCA-F (K=12/12),2,period_0706,47.950000,0.6809,-0.3133
PEMAFC-PCA-F (K=12/12),2,period_0706,48.000000,0.7665,0.4210
PEMAFC-PCA-F (K=12/12),2,period_0706,48.050000,0.8310,-0.0275
PEMAFC-PCA-F (K=12/12),2,period_0706,48.100000,0.8625,-0.2451
PEMAFC-PCA-F (K=12/12),2,period_0706,48.150000,0.8563,-0.2557
PEMAFC-PCA-F (K=12/12),2,period_0706,48.200000,0.9019,-0.3239
PEMAFC-PCA-F (K=12/12),2,period_0706,48.250000,0.8698,-0.0011
PEMAFC-PCA-F (K=12/12),2,period_0706,48.300000,0.9875,0.2978
PEMAFC-PCA-F (K=12/12),2,period_0706,48.350000,0.9630,-0.6111
PEMAFC-PCA-F (K=12/12),2,period_0706,48.400000,0.8989,-0.4725
PEMAFC-PCA-F (K=12/12),2,period_0706,48.450000,0.9058,-0.6658
PEMAFC-PCA-F (K=12/12),2,period_0706,48.500000,0.8379,0.3099
PEMAFC-PCA-F (K=12/12),2,period_0706,48.550000,0.7904,-0.1975
PEMAFC-PCA-F (K=12/12),2,period_0706,48.600000,0.8380,0.4132
PEMAFC-PCA-F (K=12/12),2,period_0706,48.650000,0.8335,0.7785
PEMAFC-PCA-F (K=12/12),2,period_0706,48.700000,0.9036,-0.1273
PEMAFC-PCA-F (K=12/12),2,period_0706,48.750000,0.9386,-0.7437
PEMAFC-PCA-F (K=12/12),2,period_0706,48.800000,0.9353,-0.0832
PEMAFC-PCA-F (K=12/12),2,period_0706,48.850000,0.9664,-0.7427
PEMAFC-PCA-F (K=12/12),2,period_0706,48.900000,0.9236,0.0912
PEMAFC-PCA-F (K=12/12),2,period_0706,48.950000,0.8917,-0.2803
PEMAFC-PCA-F (K=12/12),2,period_0706,49.000000,0.8666,-0.1164
PEMAFC-PCA-F (K=12/12),2,period_0706,49.050000,0.9834,0.7589
PEMAFC-PCA-F (K=12/12),2,period_0706,49.100000,0.9858,0.4561
PEMAFC-PCA-F (K=12/12),2,period_0706,49.150000,1.1051,-0.7320
PEMAFC-PCA-F (K=12/12),2,period_0706,49.200000,1.0639,-0.2791
PEMAFC-PCA-F (K=12/12),2,period_0706,49.250000,0.8713,-0.6587
PEMAFC-PCA-F (K=12/12),2,period_0706,49.300000,0.8107,-0.0113
PEMAFC-PCA-F (K=12/12),2,period_0706,49.350000,0.8692,0.2645
PEMAFC-PCA-F (K=12/12),2,period_0706,49.400000,0.7825,-0.5112
PEMAFC-PCA-F (K=12/12),2,period_0706,49.450000,0.8393,0.1386
PEMAFC-PCA-F (K=12/12),2,period_0706,49.500000,0.8271,-0.2661
PEMAFC-PCA-F (K=12/12),2,period_0706,49.550000,0.9364,-0.3381
PEMAFC-PCA-F (K=12/12),2,period_0706,49.600000,0.9199,-0.0986
PEMAFC-PCA-F (K=12/12),2,period_0706,49.650000,0.8575,-0.1984
PEMAFC-PCA-F (K=12/12),2,period_0706,49.700000,0.7674,0.1684
PEMAFC-PCA-F (K=12/12),2,period_0706,49.750000,0.7694,-0.0241
PEMAFC-PCA-F (K=12/12),2,period_0706,49.800000,0.7736,-0.4450
PEMAFC-PCA-F (K=12/12),2,period_0706,49.850000,0.8275,-0.6291
PEMAFC-PCA-F (K=12/12),2,period_0706,49.900000,0.7425,0.1085
PEMAFC-PCA-F (K=12/12),2,period_0706,49.950000,0.7874,0.0586
PEMAFC-PCA-F (K=12/12),2,period_0706,50.000000,0.6588,0.2012
PEMAFC-PCA-F (K=12/12),2,period_0706,50.050000,0.6383,-0.2681
PEMAFC-PCA-F (K=12/12),2,period_0706,50.100000,0.6005,-0.5105
PEMAFC-PCA-F (K=12/12),2,period_0706,50.150000,0.5994,-0.5581
PEMAFC-PCA-F (K=12/12),2,period_0706,50.200000,0.7561,-0.4057
PEMAFC-PCA-F (K=12/12),2,period_0706,50.250000,0.7801,0.3770
PEMAFC-PCA-F (K=12/12),2,period_0706,50.300000,0.8609,-0.3208
PEMAFC-PCA-F (K=12/12),2,period_0706,50.350000,0.8372,-0.4969
PEMAFC-PCA-F (K=12/12),2,period_0706,50.400000,0.9825,-0.4931
PEMAFC-PCA-F (K=12/12),2,period_0706,50.450000,0.8368,-0.1977
PEMAFC-PCA-F (K=12/12),2,period_0706,50.500000,0.7741,0.1695
PEMAFC-PCA-F (K=12/12),2,period_0706,50.550000,0.8496,0.4247
PEMAFC-PCA-F (K=12/12),2,period_0706,50.600000,0.7641,-0.1350
PEMAFC-PCA-F (K=12/12),2,period_0706,50.650000,0.7572,0.0801
PEMAFC-PCA-F (K=12/12),2,period_0706,50.700000,0.6960,-0.6861
PEMAFC-PCA-F (K=12/12),2,period_0706,50.750000,0.6781,0.0283
PEMAFC-PCA-F (K=12/12),2,period_0706,50.800000,0.7294,0.0384
PEMAFC-PCA-F (K=12/12),2,period_0706,50.850000,0.6963,0.2188
PEMAFC-PCA-F (K=12/12),2,period_0706,50.900000,0.7206,-0.5704
PEMAFC-PCA-F (K=12/12),2,period_0706,50.950000,0.6863,0.2672
PEMAFC-PCA-F (K=12/12),2,period_0706,51.000000,0.8400,-0.4320
PEMAFC-PCA-F (K=12/12),2,period_0706,51.050000,0.8640,-0.4699
PEMAFC-PCA-F (K=12/12),2,period_0706,51.100000,0.8266,0.0630
PEMAFC-PCA-F (K=12/12),2,period_0706,51.150000,0.7653,-0.3132
PEMAFC-PCA-F (K=12/12),2,period_0706,51.200000,0.8001,0.3498
PEMAFC-PCA-F (K=12/12),2,period_0706,51.250000,0.8326,-0.2670
PEMAFC-PCA-F (K=12/12),2,period_0706,51.300000,0.8976,-0.0895
PEMAFC-PCA-F (K=12/12),2,period_0706,51.350000,0.8491,-0.2773
PEMAFC-PCA-F (K=12/12),2,period_0706,51.400000,0.9068,0.0352
PEMAFC-PCA-F (K=12/12),2,period_0706,51.450000,0.7831,-0.6850
PEMAFC-PCA-F (K=12/12),2,period_0706,51.500000,0.8138,-0.1363
PEMAFC-PCA-F (K=12/12),2,period_0706,51.550000,0.7407,0.7520
PEMAFC-PCA-F (K=12/12),2,period_0706,51.600000,0.8706,-0.0588
PEMAFC-PCA-F (K=12/12),2,period_0706,51.650000,0.8406,0.1232
PEMAFC-PCA-F (K=12/12),2,period_0706,51.700000,0.8981,0.2433
PEMAFC-PCA-F (K=12/12),2,period_0706,51.750000,0.8693,-0.6782
PEMAFC-PCA-F (K=12/12),2,period_0706,51.800000,0.9645,-0.3083
PEMAFC-PCA-F (K=12/12),2,period_0706,51.850000,0.8692,0.2683
PEMAFC-PCA-F (K=12/12),2,period_0706,51.900000,0.6985,-0.9924
PEMAFC-PCA-F (K=12/12),2,period_0706,51.950000,0.7753,0.3623
PEMAFC-PCA-F (K=12/12),2,period_0706,52.000000,0.8301,-0.8810
PEMAFC-PCA-F (K=12/12),2,period_0706,52.050000,0.8163,-0.1361
PEMAFC-PCA-F (K=12/12),2,period_0706,52.100000,0.7432,-0.3362
PEMAFC-PCA-F (K=12/12),2,period_0706,52.150000,0.6742,-0.1466
PEMAFC-PCA-F (K=12/12),2,period_0706,52.200000,0.8134,-0.0832
PEMAFC-PCA-F (K=12/12),2,period_0706,52.250000,0.7953,-0.0072
PEMAFC-PCA-F (K=12/12),2,period_0706,52.300000,0.7313,0.5001
PEMAFC-PCA-F (K=12/12),2,period_0706,52.350000,0.6897,0.3869
PEMAFC-PCA-F (K=12/12),2,period_0706,52.400000,0.6742,-0.1387
PEMAFC-PCA-F (K=12/12),2,period_0706,52.450000,0.7654,0.1514
PEMAFC-PCA-F (K=12/12),2,period_0706,52.500000,0.8616,0.1572
PEMAFC-PCA-F (K=12/12),2,period_0706,52.550000,0.8388,-0.0228
PEMAFC-PCA-F (K=12/12),2,period_0706,52.600000,0.7909,-0.3901
PEMAFC-PCA-F (K=12/12),2,period_0706,52.650000,0.8744,-0.1843
PEMAFC-PCA-F (K=12/12),2,period_0706,52.700000,0.9199,-0.0153
PEMAFC-PCA-F (K=12/12),2,period_0706,52.750000,1.0074,-0.2740
PEMAFC-PCA-F (K=12/12),2,period_0706,52.800000,0.8604,0.3891
PEMAFC-PCA-F (K=12/12),2,period_0706,52.850000,0.8157,-0.4342
PEMAFC-PCA-F (K=12/12),2,period_0706,52.900000,0.8975,0.9582
PEMAFC-PCA-F (K=12/12),2,period_0706,52.950000,0.8300,-0.2719
PEMAFC-PCA-F (K=12/12),2,period_0706,53.000000,0.8348,-0.6209
PEMAFC-PCA-F (K=12/12),2,period_0706,53.050000,0.8266,0.0974
PEMAFC-PCA-F (K=12/12),2,period_0706,53.100000,0.8116,-0.1393
PEMAFC-PCA-F (K=12/12),2,period_0706,53.150000,0.9070,-0.3029
PEMAFC-PCA-F (K=12/12),2,period_0706,53.200000,0.9370,-0.5915
PEMAFC-PCA-F (K=12/12),2,period_0706,53.250000,0.9303,-0.1913
PEMAFC-PCA-F (K=12/12),2,period_0706,53.300000,0.9015,0.0593
PEMAFC-PCA-F (K=12/12),2,period_0706,53.350000,0.9699,0.5563
PEMAFC-PCA-F (K=12/12),2,period_0706,53.400000,0.9883,-0.5321
PEMAFC-PCA-F (K=12/12),2,period_0706,53.450000,1.0177,-0.3541
PEMAFC-PCA-F (K=12/12),2,period_0706,53.500000,0.9691,0.0887
PEMAFC-PCA-F (K=12/12),2,period_0706,53.550000,0.8863,0.1801
PEMAFC-PCA-F (K=12/12),2,period_0706,53.600000,0.8726,-0.1803
PEMAFC-PCA-F (K=12/12),2,period_0706,53.650000,0.8518,0.2670
PEMAFC-PCA-F (K=12/12),2,period_0706,53.700000,0.8453,-0.0358
PEMAFC-PCA-F (K=12/12),2,period_0706,53.750000,0.8345,-0.3043
PEMAFC-PCA-F (K=12/12),2,period_0706,53.800000,0.7445,0.3739
PEMAFC-PCA-F (K=12/12),2,period_0706,53.850000,0.7265,-0.1240
PEMAFC-PCA-F (K=12/12),2,period_0706,53.900000,0.6274,0.1394
PEMAFC-PCA-F (K=12/12),2,period_0706,53.950000,0.6644,-0.0428
PEMAFC-PCA-F (K=12/12),2,period_0706,54.000000,0.7352,0.3786
PEMAFC-PCA-F (K=12/12),2,period_0706,54.050000,0.7287,-0.7478
PEMAFC-PCA-F (K=12/12),2,period_0706,54.100000,0.7855,-0.2141
PEMAFC-PCA-F (K=12/12),2,period_0706,54.150000,0.8817,0.0404
PEMAFC-PCA-F (K=12/12),2,period_0706,54.200000,0.8109,-0.0499
PEMAFC-PCA-F (K=12/12),2,period_0706,54.250000,0.8735,-0.2468
PEMAFC-PCA-F (K=12/12),2,period_0706,54.300000,0.8909,-0.3871
PEMAFC-PCA-F (K=12/12),2,period_0706,54.350000,0.8881,0.1568
PEMAFC-PCA-F (K=12/12),2,period_0706,54.400000,0.8552,-0.4113
PEMAFC-PCA-F (K=12/12),2,period_0706,54.450000,0.9123,-0.3312
PEMAFC-PCA-F (K=12/12),2,period_0706,54.500000,0.7953,-0.5228
PEMAFC-PCA-F (K=12/12),2,period_0706,54.550000,0.7688,-0.1679
PEMAFC-PCA-F (K=12/12),2,period_0706,54.600000,0.7703,-0.6241
PEMAFC-PCA-F (K=12/12),2,period_0706,54.650000,0.7771,-0.2290
PEMAFC-PCA-F (K=12/12),2,period_0706,54.700000,0.7978,-0.4885
PEMAFC-PCA-F (K=12/12),2,period_0706,54.750000,0.7451,-0.2622
PEMAFC-PCA-F (K=12/12),2,period_0706,54.800000,0.7636,0.4364
PEMAFC-PCA-F (K=12/12),2,period_0706,54.850000,0.8409,-0.3350
PEMAFC-PCA-F (K=12/12),2,period_0706,54.900000,0.7614,0.5003
PEMAFC-PCA-F (K=12/12),2,period_0706,54.950000,0.7542,-0.4956
PEMAFC-PCA-F (K=12/12),2,period_0706,55.000000,0.7870,-0.2662
PEMAFC-PCA-F (K=12/12),2,period_0706,55.050000,0.7018,-0.1489
PEMAFC-PCA-F (K=12/12),2,period_0706,55.100000,0.6636,-0.1328
PEMAFC-PCA-F (K=12/12),2,period_0706,55.150000,0.5647,0.2232
PEMAFC-PCA-F (K=12/12),2,period_0706,55.200000,0.7030,-0.1782
PEMAFC-PCA-F (K=12/12),2,period_0706,55.250000,0.6240,-0.3484
PEMAFC-PCA-F (K=12/12),2,period_0706,55.300000,0.6328,-0.1055
PEMAFC-PCA-F (K=12/12),2,period_0706,55.350000,0.7325,0.0853
PEMAFC-PCA-F (K=12/12),2,period_0706,55.400000,0.7247,-0.1498
PEMAFC-PCA-F (K=12/12),2,period_0706,55.450000,0.7280,-0.6181
PEMAFC-PCA-F (K=12/12),2,period_0706,55.500000,0.7645,0.4771
PEMAFC-PCA-F (K=12/12),2,period_0706,55.550000,0.6994,-0.3470
PEMAFC-PCA-F (K=12/12),2,period_0706,55.600000,0.7510,-0.2297
PEMAFC-PCA-F (K=12/12),2,period_0706,55.650000,0.7908,-1.2160
PEMAFC-PCA-F (K=12/12),2,period_0706,55.700000,0.6894,-0.3804
PEMAFC-PCA-F (K=12/12),2,period_0706,55.750000,0.7734,-0.4380
PEMAFC-PCA-F (K=12/12),2,period_0706,55.800000,0.7080,-0.4460
PEMAFC-PCA-F (K=12/12),2,period_0706,55.850000,0.7578,0.2021
PEMAFC-PCA-F (K=12/12),2,period_0706,55.900000,0.8206,0.6175
PEMAFC-PCA-F (K=12/12),2,period_0706,55.950000,0.7259,0.0365
PEMAFC-PCA-F (K=12/12),2,period_0706,56.000000,0.7217,-0.5403
PEMAFC-PCA-F (K=12/12),2,period_0706,56.050000,0.6863,0.5525
PEMAFC-PCA-F (K=12/12),2,period_0706,56.100000,0.7473,-0.7092
PEMAFC-PCA-F (K=12/12),2,period_0706,56.150000,0.8590,-0.1370
PEMAFC-PCA-F (K=12/12),2,period_0706,56.200000,0.8640,0.3535
PEMAFC-PCA-F (K=12/12),2,period_0706,56.250000,0.8419,0.1440
PEMAFC-PCA-F (K=12/12),2,period_0706,56.300000,0.9185,0.0828
PEMAFC-PCA-F (K=12/12),2,period_0706,56.350000,0.9460,-0.3852
PEMAFC-PCA-F (K=12/12),2,period_0706,56.400000,0.9466,0.0497
PEMAFC-PCA-F (K=12/12),2,period_0706,56.450000,0.8618,-0.0228
PEMAFC-PCA-F (K=12/12),2,period_0706,56.500000,0.8516,-0.3661
PEMAFC-PCA-F (K=12/12),2,period_0706,56.550000,0.8024,0.0333
PEMAFC-PCA-F (K=12/12),2,period_0706,56.600000,0.8318,0.3810
PEMAFC-PCA-F (K=12/12),2,period_0706,56.650000,0.7759,-0.3367
PEMAFC-PCA-F (K=12/12),2,period_0706,56.700000,0.8271,-0.4445
PEMAFC-PCA-F (K=12/12),2,period_0706,56.750000,0.8233,-0.4840
PEMAFC-PCA-F (K=12/12),2,period_0706,56.800000,0.8725,-0.0492
PEMAFC-PCA-F (K=12/12),2,period_0706,56.850000,0.8476,-0.1686
PEMAFC-PCA-F (K=12/12),2,period_0706,56.900000,0.8482,0.1116
PEMAFC-PCA-F (K=12/12),2,period_0706,56.950000,0.7557,-0.5441
PEMAFC-PCA-F (K=12/12),2,period_0706,57.000000,0.7758,-0.4635
PEMAFC-PCA-F (K=12/12),2,period_0706,57.050000,0.8648,0.1993
PEMAFC-PCA-F (K=12/12),2,period_0706,57.100000,0.8298,-0.2444
PEMAFC-PCA-F (K=12/12),2,period_0706,57.150000,0.8403,-0.3245
PEMAFC-PCA-F (K=12/12),2,period_0706,57.200000,0.8127,-0.3275
PEMAFC-PCA-F (K=12/12),2,period_0706,57.250000,0.7709,0.4049
PEMAFC-PCA-F (K=12/12),2,period_0706,57.300000,0.7362,-0.7510
PEMAFC-PCA-F (K=12/12),2,period_0706,57.350000,0.7923,-0.6864
PEMAFC-PCA-F (K=12/12),2,period_0706,57.400000,0.7193,-0.1820
PEMAFC-PCA-F (K=12/12),2,period_0706,57.450000,0.9087,-0.2985
PEMAFC-PCA-F (K=12/12),2,period_0706,57.500000,0.8656,0.0253
PEMAFC-PCA-F (K=12/12),2,period_0706,57.550000,0.8065,-0.0936
PEMAFC-PCA-F (K=12/12),2,period_0706,57.600000,0.7468,-0.3039
PEMAFC-PCA-F (K=12/12),2,period_0706,57.650000,0.6349,-0.3548
PEMAFC-PCA-F (K=12/12),2,period_0706,57.700000,0.6874,-0.1928
PEMAFC-PCA-F (K=12/12),2,period_0706,57.750000,0.7346,-0.2468
PEMAFC-PCA-F (K=12/12),2,period_0706,57.800000,0.7955,-0.0735
PEMAFC-PCA-F (K=12/12),2,period_0706,57.850000,0.7949,-0.2472
PEMAFC-PCA-F (K=12/12),2,period_0706,57.900000,0.6828,-0.4013
PEMAFC-PCA-F (K=12/12),2,period_0706,57.950000,0.7762,-0.4333
PEMAFC-PCA-F (K=12/12),2,period_0706,58.000000,0.7852,-0.8805
PEMAFC-PCA-F (K=12/12),2,period_0706,58.050000,0.8171,-0.3855
PEMAFC-PCA-F (K=12/12),2,period_0706,58.100000,0.9552,-0.3643
PEMAFC-PCA-F (K=12/12),2,period_0706,58.150000,0.8226,-0.2810
PEMAFC-PCA-F (K=12/12),2,period_0706,58.200000,0.6689,0.2110
PEMAFC-PCA-F (K=12/12),2,period_0706,58.250000,0.6569,-0.7329
PEMAFC-PCA-F (K=12/12),2,period_0706,58.300000,0.6061,-0.5336
PEMAFC-PCA-F (K=12/12),2,period_0706,58.350000,0.7071,0.0056
PEMAFC-PCA-F (K=12/12),2,period_0706,58.400000,0.6259,0.1731
PEMAFC-PCA-F (K=12/12),2,period_0706,58.450000,0.4943,-0.0373
PEMAFC-PCA-F (K=12/12),2,period_0706,58.500000,0.5374,-0.7292
PEMAFC-PCA-F (K=12/12),2,period_0706,58.550000,0.5822,-0.2407
PEMAFC-PCA-F (K=12/12),2,period_0706,58.600000,0.7226,-0.3291
PEMAFC-PCA-F (K=12/12),2,period_0706,58.650000,0.8083,-0.1549
PEMAFC-PCA-F (K=12/12),2,period_0706,58.700000,0.8449,0.4430
PEMAFC-PCA-F (K=12/12),2,period_0706,58.750000,0.8260,-0.4249
PEMAFC-PCA-F (K=12/12),2,period_0706,58.800000,0.8741,-0.0443
PEMAFC-PCA-F (K=12/12),2,period_0706,58.850000,0.8563,-0.2378
PEMAFC-PCA-F (K=12/12),2,period_0706,58.900000,0.7948,-0.2808
PEMAFC-PCA-F (K=12/12),2,period_0706,58.950000,0.8209,-0.2044
PEMAFC-PCA-F (K=12/12),2,period_0706,59.000000,0.8210,-0.1526
PEMAFC-PCA-F (K=12/12),2,period_0706,59.050000,0.8262,0.1294
PEMAFC-PCA-F (K=12/12),2,period_0706,59.100000,0.9230,-0.6614
PEMAFC-PCA-F (K=12/12),2,period_0706,59.150000,0.8484,-0.0937
PEMAFC-PCA-F (K=12/12),2,period_0706,59.200000,0.8590,0.0931
PEMAFC-PCA-F (K=12/12),2,period_0706,59.250000,0.7987,-0.4461
PEMAFC-PCA-F (K=12/12),2,period_0706,59.300000,0.7159,0.2824
PEMAFC-PCA-F (K=12/12),2,period_0706,59.350000,0.7776,-1.1038
PEMAFC-PCA-F (K=12/12),2,period_0706,59.400000,0.8763,-0.2580
PEMAFC-PCA-F (K=12/12),2,period_0706,59.450000,0.8342,-0.2536
PEMAFC-PCA-F (K=12/12),2,period_0706,59.500000,0.8964,-0.4746
PEMAFC-PCA-F (K=12/12),2,period_0706,59.550000,0.9048,-0.4410
PEMAFC-PCA-F (K=12/12),2,period_0706,59.600000,0.8192,0.2665
PEMAFC-PCA-F (K=12/12),2,period_0706,59.650000,0.8190,0.0725
PEMAFC-PCA-F (K=12/12),2,period_0706,59.700000,0.8777,-0.2680
PEMAFC-PCA-F (K=12/12),2,period_0706,59.750000,0.7745,-0.2309
PEMAFC-PCA-F (K=12/12),2,period_0706,59.800000,0.7808,0.3542
PEMAFC-PCA-F (K=12/12),2,period_0706,59.850000,0.8398,-0.4883
PEMAFC-PCA-F (K=12/12),2,period_0706,59.900000,0.8742,-0.7016
PEMAFC-PCA-F (K=12/12),2,period_0706,59.950000,0.8998,0.3784
PEMAFC-PCA-F (K=12/12),2,period_0706,60.000000,0.9150,-0.6239
PEMAFC-PCA-F (K=12/12),3,period_0987,60.000667,0.0866,-11.5100
PEMAFC-PCA-F (K=12/12),3,period_0987,60.050000,0.1049,-0.0741
PEMAFC-PCA-F (K=12/12),3,period_0987,60.100000,0.3031,0.0953
PEMAFC-PCA-F (K=12/12),3,period_0987,60.150000,0.4490,0.3797
PEMAFC-PCA-F (K=12/12),3,period_0987,60.200000,0.4487,0.1884
PEMAFC-PCA-F (K=12/12),3,period_0987,60.250000,0.5742,0.4856
PEMAFC-PCA-F (K=12/12),3,period_0987,60.300000,0.4123,0.3287
PEMAFC-PCA-F (K=12/12),3,period_0987,60.350000,0.4465,0.4094
PEMAFC-PCA-F (K=12/12),3,period_0987,60.400000,0.4319,0.4749
PEMAFC-PCA-F (K=12/12),3,period_0987,60.450000,0.3910,0.2117
PEMAFC-PCA-F (K=12/12),3,period_0987,60.500000,0.4168,0.5367
PEMAFC-PCA-F (K=12/12),3,period_0987,60.550000,0.4123,0.2666
PEMAFC-PCA-F (K=12/12),3,period_0987,60.600000,0.3639,0.3347
PEMAFC-PCA-F (K=12/12),3,period_0987,60.650000,0.3779,0.5378
PEMAFC-PCA-F (K=12/12),3,period_0987,60.700000,0.3057,0.3656
PEMAFC-PCA-F (K=12/12),3,period_0987,60.750000,0.2260,0.2040
PEMAFC-PCA-F (K=12/12),3,period_0987,60.800000,0.3317,0.4246
PEMAFC-PCA-F (K=12/12),3,period_0987,60.850000,0.3114,0.6091
PEMAFC-PCA-F (K=12/12),3,period_0987,60.900000,0.4879,0.6508
PEMAFC-PCA-F (K=12/12),3,period_0987,60.950000,0.4414,0.5602
PEMAFC-PCA-F (K=12/12),3,period_0987,61.000000,0.4513,0.5144
PEMAFC-PCA-F (K=12/12),3,period_0987,61.050000,0.3812,0.4270
PEMAFC-PCA-F (K=12/12),3,period_0987,61.100000,0.3402,0.3131
PEMAFC-PCA-F (K=12/12),3,period_0987,61.150000,0.2293,0.2540
PEMAFC-PCA-F (K=12/12),3,period_0987,61.200000,0.2467,0.4391
PEMAFC-PCA-F (K=12/12),3,period_0987,61.250000,0.1893,0.2356
PEMAFC-PCA-F (K=12/12),3,period_0987,61.300000,0.2485,0.2893
PEMAFC-PCA-F (K=12/12),3,period_0987,61.350000,0.2521,0.2942
PEMAFC-PCA-F (K=12/12),3,period_0987,61.400000,0.2767,0.2707
PEMAFC-PCA-F (K=12/12),3,period_0987,61.450000,0.3990,0.4189
PEMAFC-PCA-F (K=12/12),3,period_0987,61.500000,0.3795,0.3162
PEMAFC-PCA-F (K=12/12),3,period_0987,61.550000,0.3722,0.4369
PEMAFC-PCA-F (K=12/12),3,period_0987,61.600000,0.3508,0.3935
PEMAFC-PCA-F (K=12/12),3,period_0987,61.650000,0.4014,0.4616
PEMAFC-PCA-F (K=12/12),3,period_0987,61.700000,0.3343,0.0885
PEMAFC-PCA-F (K=12/12),3,period_0987,61.750000,0.2572,0.2522
PEMAFC-PCA-F (K=12/12),3,period_0987,61.800000,0.2617,0.2774
PEMAFC-PCA-F (K=12/12),3,period_0987,61.850000,0.2360,0.2791
PEMAFC-PCA-F (K=12/12),3,period_0987,61.900000,0.2727,0.4285
PEMAFC-PCA-F (K=12/12),3,period_0987,61.950000,0.2621,0.3952
PEMAFC-PCA-F (K=12/12),3,period_0987,62.000000,0.2786,0.3865
PEMAFC-PCA-F (K=12/12),3,period_0987,62.050000,0.3669,0.2438
PEMAFC-PCA-F (K=12/12),3,period_0987,62.100000,0.3952,0.3321
PEMAFC-PCA-F (K=12/12),3,period_0987,62.150000,0.4096,0.5170
PEMAFC-PCA-F (K=12/12),3,period_0987,62.200000,0.4180,0.5168
PEMAFC-PCA-F (K=12/12),3,period_0987,62.250000,0.4571,0.2755
PEMAFC-PCA-F (K=12/12),3,period_0987,62.300000,0.4227,0.2380
PEMAFC-PCA-F (K=12/12),3,period_0987,62.350000,0.4804,0.2710
PEMAFC-PCA-F (K=12/12),3,period_0987,62.400000,0.5541,0.6732
PEMAFC-PCA-F (K=12/12),3,period_0987,62.450000,0.5367,0.5642
PEMAFC-PCA-F (K=12/12),3,period_0987,62.500000,0.5083,0.3579
PEMAFC-PCA-F (K=12/12),3,period_0987,62.550000,0.5212,0.2114
PEMAFC-PCA-F (K=12/12),3,period_0987,62.600000,0.4858,0.3256
PEMAFC-PCA-F (K=12/12),3,period_0987,62.650000,0.4943,0.3902
PEMAFC-PCA-F (K=12/12),3,period_0987,62.700000,0.4465,0.3030
PEMAFC-PCA-F (K=12/12),3,period_0987,62.750000,0.3923,0.4362
PEMAFC-PCA-F (K=12/12),3,period_0987,62.800000,0.3497,0.2320
PEMAFC-PCA-F (K=12/12),3,period_0987,62.850000,0.3929,0.5803
PEMAFC-PCA-F (K=12/12),3,period_0987,62.900000,0.3077,0.0141
PEMAFC-PCA-F (K=12/12),3,period_0987,62.950000,0.3365,0.4159
PEMAFC-PCA-F (K=12/12),3,period_0987,63.000000,0.4181,0.4112
PEMAFC-PCA-F (K=12/12),3,period_0987,63.050000,0.3808,0.1875
PEMAFC-PCA-F (K=12/12),3,period_0987,63.100000,0.5766,0.4431
PEMAFC-PCA-F (K=12/12),3,period_0987,63.150000,0.4837,0.2531
PEMAFC-PCA-F (K=12/12),3,period_0987,63.200000,0.4507,0.3631
PEMAFC-PCA-F (K=12/12),3,period_0987,63.250000,0.4956,0.3149
PEMAFC-PCA-F (K=12/12),3,period_0987,63.300000,0.4869,0.3909
PEMAFC-PCA-F (K=12/12),3,period_0987,63.350000,0.5024,0.2319
PEMAFC-PCA-F (K=12/12),3,period_0987,63.400000,0.5026,0.4535
PEMAFC-PCA-F (K=12/12),3,period_0987,63.450000,0.5335,0.0921
PEMAFC-PCA-F (K=12/12),3,period_0987,63.500000,0.6054,0.3314
PEMAFC-PCA-F (K=12/12),3,period_0987,63.550000,0.6145,0.3811
PEMAFC-PCA-F (K=12/12),3,period_0987,63.600000,0.5583,0.1042
PEMAFC-PCA-F (K=12/12),3,period_0987,63.650000,0.4986,0.4955
PEMAFC-PCA-F (K=12/12),3,period_0987,63.700000,0.5386,0.2963
PEMAFC-PCA-F (K=12/12),3,period_0987,63.750000,0.4724,0.2682
PEMAFC-PCA-F (K=12/12),3,period_0987,63.800000,0.4853,0.4250
PEMAFC-PCA-F (K=12/12),3,period_0987,63.850000,0.4927,0.3446
PEMAFC-PCA-F (K=12/12),3,period_0987,63.900000,0.4331,0.2302
PEMAFC-PCA-F (K=12/12),3,period_0987,63.950000,0.4565,0.5301
PEMAFC-PCA-F (K=12/12),3,period_0987,64.000000,0.4479,0.3088
PEMAFC-PCA-F (K=12/12),3,period_0987,64.050000,0.4312,0.2867
PEMAFC-PCA-F (K=12/12),3,period_0987,64.100000,0.4684,0.3057
PEMAFC-PCA-F (K=12/12),3,period_0987,64.150000,0.4414,0.2155
PEMAFC-PCA-F (K=12/12),3,period_0987,64.200000,0.3519,0.1229
PEMAFC-PCA-F (K=12/12),3,period_0987,64.250000,0.4290,0.2936
PEMAFC-PCA-F (K=12/12),3,period_0987,64.300000,0.4647,0.1058
PEMAFC-PCA-F (K=12/12),3,period_0987,64.350000,0.4567,0.3135
PEMAFC-PCA-F (K=12/12),3,period_0987,64.400000,0.4414,0.2630
PEMAFC-PCA-F (K=12/12),3,period_0987,64.450000,0.5146,0.1838
PEMAFC-PCA-F (K=12/12),3,period_0987,64.500000,0.4756,0.1494
PEMAFC-PCA-F (K=12/12),3,period_0987,64.550000,0.4971,0.1591
PEMAFC-PCA-F (K=12/12),3,period_0987,64.600000,0.4298,0.2563
PEMAFC-PCA-F (K=12/12),3,period_0987,64.650000,0.4489,0.3231
PEMAFC-PCA-F (K=12/12),3,period_0987,64.700000,0.4542,0.2292
PEMAFC-PCA-F (K=12/12),3,period_0987,64.750000,0.4918,0.3463
PEMAFC-PCA-F (K=12/12),3,period_0987,64.800000,0.5981,0.5050
PEMAFC-PCA-F (K=12/12),3,period_0987,64.850000,0.5654,0.0749
PEMAFC-PCA-F (K=12/12),3,period_0987,64.900000,0.6135,0.4160
PEMAFC-PCA-F (K=12/12),3,period_0987,64.950000,0.5964,0.5562
PEMAFC-PCA-F (K=12/12),3,period_0987,65.000000,0.5506,0.6889
PEMAFC-PCA-F (K=12/12),3,period_0987,65.050000,0.5582,0.2130
PEMAFC-PCA-F (K=12/12),3,period_0987,65.100000,0.6017,0.4194
PEMAFC-PCA-F (K=12/12),3,period_0987,65.150000,0.6149,0.4599
PEMAFC-PCA-F (K=12/12),3,period_0987,65.200000,0.5285,0.2128
PEMAFC-PCA-F (K=12/12),3,period_0987,65.250000,0.4499,0.5678
PEMAFC-PCA-F (K=12/12),3,period_0987,65.300000,0.4513,0.3183
PEMAFC-PCA-F (K=12/12),3,period_0987,65.350000,0.4382,0.4351
PEMAFC-PCA-F (K=12/12),3,period_0987,65.400000,0.3775,0.1206
PEMAFC-PCA-F (K=12/12),3,period_0987,65.450000,0.4667,0.3362
PEMAFC-PCA-F (K=12/12),3,period_0987,65.500000,0.4740,0.3652
PEMAFC-PCA-F (K=12/12),3,period_0987,65.550000,0.4708,0.3542
PEMAFC-PCA-F (K=12/12),3,period_0987,65.600000,0.4613,-0.0333
PEMAFC-PCA-F (K=12/12),3,period_0987,65.650000,0.4168,-0.0517
PEMAFC-PCA-F (K=12/12),3,period_0987,65.700000,0.3654,0.1899
PEMAFC-PCA-F (K=12/12),3,period_0987,65.750000,0.3247,0.5948
PEMAFC-PCA-F (K=12/12),3,period_0987,65.800000,0.2274,0.3281
PEMAFC-PCA-F (K=12/12),3,period_0987,65.850000,0.2982,0.1937
PEMAFC-PCA-F (K=12/12),3,period_0987,65.900000,0.3415,0.3950
PEMAFC-PCA-F (K=12/12),3,period_0987,65.950000,0.3251,0.2617
PEMAFC-PCA-F (K=12/12),3,period_0987,66.000000,0.3690,0.3804
PEMAFC-PCA-F (K=12/12),3,period_0987,66.050000,0.3713,0.3660
PEMAFC-PCA-F (K=12/12),3,period_0987,66.100000,0.3462,0.1268
PEMAFC-PCA-F (K=12/12),3,period_0987,66.150000,0.3201,-0.0019
PEMAFC-PCA-F (K=12/12),3,period_0987,66.200000,0.3186,0.4832
PEMAFC-PCA-F (K=12/12),3,period_0987,66.250000,0.4234,0.3896
PEMAFC-PCA-F (K=12/12),3,period_0987,66.300000,0.4889,0.5251
PEMAFC-PCA-F (K=12/12),3,period_0987,66.350000,0.3838,0.1962
PEMAFC-PCA-F (K=12/12),3,period_0987,66.400000,0.4075,0.4584
PEMAFC-PCA-F (K=12/12),3,period_0987,66.450000,0.5137,0.4115
PEMAFC-PCA-F (K=12/12),3,period_0987,66.500000,0.4391,0.1792
PEMAFC-PCA-F (K=12/12),3,period_0987,66.550000,0.5019,0.2779
PEMAFC-PCA-F (K=12/12),3,period_0987,66.600000,0.5218,0.3609
PEMAFC-PCA-F (K=12/12),3,period_0987,66.650000,0.5139,0.2329
PEMAFC-PCA-F (K=12/12),3,period_0987,66.700000,0.5688,0.5665
PEMAFC-PCA-F (K=12/12),3,period_0987,66.750000,0.5634,0.2871
PEMAFC-PCA-F (K=12/12),3,period_0987,66.800000,0.5643,0.1537
PEMAFC-PCA-F (K=12/12),3,period_0987,66.850000,0.6455,0.2096
PEMAFC-PCA-F (K=12/12),3,period_0987,66.900000,0.5698,0.4200
PEMAFC-PCA-F (K=12/12),3,period_0987,66.950000,0.5049,0.0611
PEMAFC-PCA-F (K=12/12),3,period_0987,67.000000,0.4075,0.5247
PEMAFC-PCA-F (K=12/12),3,period_0987,67.050000,0.4032,0.1838
PEMAFC-PCA-F (K=12/12),3,period_0987,67.100000,0.3719,0.2605
PEMAFC-PCA-F (K=12/12),3,period_0987,67.150000,0.3287,0.4903
PEMAFC-PCA-F (K=12/12),3,period_0987,67.200000,0.3360,0.1371
PEMAFC-PCA-F (K=12/12),3,period_0987,67.250000,0.3544,0.4004
PEMAFC-PCA-F (K=12/12),3,period_0987,67.300000,0.2625,-0.0236
PEMAFC-PCA-F (K=12/12),3,period_0987,67.350000,0.3221,0.4746
PEMAFC-PCA-F (K=12/12),3,period_0987,67.400000,0.3462,0.3288
PEMAFC-PCA-F (K=12/12),3,period_0987,67.450000,0.3706,0.1316
PEMAFC-PCA-F (K=12/12),3,period_0987,67.500000,0.3357,0.1147
PEMAFC-PCA-F (K=12/12),3,period_0987,67.550000,0.2979,0.1753
PEMAFC-PCA-F (K=12/12),3,period_0987,67.600000,0.2356,0.1559
PEMAFC-PCA-F (K=12/12),3,period_0987,67.650000,0.2837,0.2841
PEMAFC-PCA-F (K=12/12),3,period_0987,67.700000,0.2774,0.2510
PEMAFC-PCA-F (K=12/12),3,period_0987,67.750000,0.2489,0.3420
PEMAFC-PCA-F (K=12/12),3,period_0987,67.800000,0.1919,0.2360
PEMAFC-PCA-F (K=12/12),3,period_0987,67.850000,0.1656,0.0796
PEMAFC-PCA-F (K=12/12),3,period_0987,67.900000,0.2091,0.3412
PEMAFC-PCA-F (K=12/12),3,period_0987,67.950000,0.2421,0.0532
PEMAFC-PCA-F (K=12/12),3,period_0987,68.000000,0.1590,0.2460
PEMAFC-PCA-F (K=12/12),3,period_0987,68.050000,0.2193,0.0480
PEMAFC-PCA-F (K=12/12),3,period_0987,68.100000,0.2066,0.3828
PEMAFC-PCA-F (K=12/12),3,period_0987,68.150000,0.1775,0.2812
PEMAFC-PCA-F (K=12/12),3,period_0987,68.200000,0.2059,0.3464
PEMAFC-PCA-F (K=12/12),3,period_0987,68.250000,0.3009,0.4224
PEMAFC-PCA-F (K=12/12),3,period_0987,68.300000,0.2874,0.1442
PEMAFC-PCA-F (K=12/12),3,period_0987,68.350000,0.3926,0.3865
PEMAFC-PCA-F (K=12/12),3,period_0987,68.400000,0.3730,0.3668
PEMAFC-PCA-F (K=12/12),3,period_0987,68.450000,0.3839,0.4181
PEMAFC-PCA-F (K=12/12),3,period_0987,68.500000,0.4562,0.2731
PEMAFC-PCA-F (K=12/12),3,period_0987,68.550000,0.4280,0.2271
PEMAFC-PCA-F (K=12/12),3,period_0987,68.600000,0.3764,0.3694
PEMAFC-PCA-F (K=12/12),3,period_0987,68.650000,0.4123,0.4607
PEMAFC-PCA-F (K=12/12),3,period_0987,68.700000,0.4722,0.5825
PEMAFC-PCA-F (K=12/12),3,period_0987,68.750000,0.3737,0.2725
PEMAFC-PCA-F (K=12/12),3,period_0987,68.800000,0.3241,0.0483
PEMAFC-PCA-F (K=12/12),3,period_0987,68.850000,0.3670,0.5042
PEMAFC-PCA-F (K=12/12),3,period_0987,68.900000,0.3421,0.1251
PEMAFC-PCA-F (K=12/12),3,period_0987,68.950000,0.4231,0.6480
PEMAFC-PCA-F (K=12/12),3,period_0987,69.000000,0.4609,0.6069
PEMAFC-PCA-F (K=12/12),3,period_0987,69.050000,0.4927,0.3620
PEMAFC-PCA-F (K=12/12),3,period_0987,69.100000,0.4845,0.3738
PEMAFC-PCA-F (K=12/12),3,period_0987,69.150000,0.4618,0.4152
PEMAFC-PCA-F (K=12/12),3,period_0987,69.200000,0.4575,0.1905
PEMAFC-PCA-F (K=12/12),3,period_0987,69.250000,0.4336,0.5345
PEMAFC-PCA-F (K=12/12),3,period_0987,69.300000,0.4821,0.3592
PEMAFC-PCA-F (K=12/12),3,period_0987,69.350000,0.3909,0.1929
PEMAFC-PCA-F (K=12/12),3,period_0987,69.400000,0.3576,0.3131
PEMAFC-PCA-F (K=12/12),3,period_0987,69.450000,0.4099,0.2316
PEMAFC-PCA-F (K=12/12),3,period_0987,69.500000,0.4422,0.5319
PEMAFC-PCA-F (K=12/12),3,period_0987,69.550000,0.3507,0.2367
PEMAFC-PCA-F (K=12/12),3,period_0987,69.600000,0.3534,0.3848
PEMAFC-PCA-F (K=12/12),3,period_0987,69.650000,0.4314,0.2749
PEMAFC-PCA-F (K=12/12),3,period_0987,69.700000,0.4291,0.2067
PEMAFC-PCA-F (K=12/12),3,period_0987,69.750000,0.3695,0.3963
PEMAFC-PCA-F (K=12/12),3,period_0987,69.800000,0.3731,0.2587
PEMAFC-PCA-F (K=12/12),3,period_0987,69.850000,0.4123,0.4575
PEMAFC-PCA-F (K=12/12),3,period_0987,69.900000,0.4115,0.3403
PEMAFC-PCA-F (K=12/12),3,period_0987,69.950000,0.3973,0.1727
PEMAFC-PCA-F (K=12/12),3,period_0987,70.000000,0.3152,0.3280
PEMAFC-PCA-F (K=12/12),3,period_0987,70.050000,0.3241,0.4927
PEMAFC-PCA-F (K=12/12),3,period_0987,70.100000,0.3918,0.5711
PEMAFC-PCA-F (K=12/12),3,period_0987,70.150000,0.3748,0.3475
PEMAFC-PCA-F (K=12/12),3,period_0987,70.200000,0.4811,0.2599
PEMAFC-PCA-F (K=12/12),3,period_0987,70.250000,0.4403,0.2428
PEMAFC-PCA-F (K=12/12),3,period_0987,70.300000,0.4513,0.1950
PEMAFC-PCA-F (K=12/12),3,period_0987,70.350000,0.3996,0.4329
PEMAFC-PCA-F (K=12/12),3,period_0987,70.400000,0.4232,0.5161
PEMAFC-PCA-F (K=12/12),3,period_0987,70.450000,0.4110,0.4844
PEMAFC-PCA-F (K=12/12),3,period_0987,70.500000,0.3571,0.2390
PEMAFC-PCA-F (K=12/12),3,period_0987,70.550000,0.4188,0.3109
PEMAFC-PCA-F (K=12/12),3,period_0987,70.600000,0.4918,0.3403
PEMAFC-PCA-F (K=12/12),3,period_0987,70.650000,0.5198,0.3598
PEMAFC-PCA-F (K=12/12),3,period_0987,70.700000,0.4554,0.2651
PEMAFC-PCA-F (K=12/12),3,period_0987,70.750000,0.4326,0.2914
PEMAFC-PCA-F (K=12/12),3,period_0987,70.800000,0.3519,0.2872
PEMAFC-PCA-F (K=12/12),3,period_0987,70.850000,0.4158,0.3459
PEMAFC-PCA-F (K=12/12),3,period_0987,70.900000,0.3737,0.1635
PEMAFC-PCA-F (K=12/12),3,period_0987,70.950000,0.3820,0.2470
PEMAFC-PCA-F (K=12/12),3,period_0987,71.000000,0.3352,0.5385
PEMAFC-PCA-F (K=12/12),3,period_0987,71.050000,0.3691,0.4912
PEMAFC-PCA-F (K=12/12),3,period_0987,71.100000,0.4488,0.5300
PEMAFC-PCA-F (K=12/12),3,period_0987,71.150000,0.4507,0.2481
PEMAFC-PCA-F (K=12/12),3,period_0987,71.200000,0.5623,0.2831
PEMAFC-PCA-F (K=12/12),3,period_0987,71.250000,0.6252,0.4233
PEMAFC-PCA-F (K=12/12),3,period_0987,71.300000,0.6317,0.5964
PEMAFC-PCA-F (K=12/12),3,period_0987,71.350000,0.6350,0.4606
PEMAFC-PCA-F (K=12/12),3,period_0987,71.400000,0.6285,0.3228
PEMAFC-PCA-F (K=12/12),3,period_0987,71.450000,0.5631,0.2249
PEMAFC-PCA-F (K=12/12),3,period_0987,71.500000,0.4567,0.1602
PEMAFC-PCA-F (K=12/12),3,period_0987,71.550000,0.4676,0.2144
PEMAFC-PCA-F (K=12/12),3,period_0987,71.600000,0.4637,0.1662
PEMAFC-PCA-F (K=12/12),3,period_0987,71.650000,0.4409,0.1487
PEMAFC-PCA-F (K=12/12),3,period_0987,71.700000,0.4314,0.1399
PEMAFC-PCA-F (K=12/12),3,period_0987,71.750000,0.4223,0.3430
PEMAFC-PCA-F (K=12/12),3,period_0987,71.800000,0.4201,0.2896
PEMAFC-PCA-F (K=12/12),3,period_0987,71.850000,0.4802,0.3564
PEMAFC-PCA-F (K=12/12),3,period_0987,71.900000,0.4227,-0.0028
PEMAFC-PCA-F (K=12/12),3,period_0987,71.950000,0.4299,0.4723
PEMAFC-PCA-F (K=12/12),3,period_0987,72.000000,0.4485,0.3225
PEMAFC-PCA-F (K=12/12),3,period_0987,72.050000,0.4038,0.3708
PEMAFC-PCA-F (K=12/12),3,period_0987,72.100000,0.4689,0.3029
PEMAFC-PCA-F (K=12/12),3,period_0987,72.150000,0.3688,0.1640
PEMAFC-PCA-F (K=12/12),3,period_0987,72.200000,0.3888,0.2529
PEMAFC-PCA-F (K=12/12),3,period_0987,72.250000,0.4129,0.3583
PEMAFC-PCA-F (K=12/12),3,period_0987,72.300000,0.3042,0.3886
PEMAFC-PCA-F (K=12/12),3,period_0987,72.350000,0.3480,0.3961
PEMAFC-PCA-F (K=12/12),3,period_0987,72.400000,0.4157,0.4107
PEMAFC-PCA-F (K=12/12),3,period_0987,72.450000,0.3981,0.1922
PEMAFC-PCA-F (K=12/12),3,period_0987,72.500000,0.3503,0.3269
PEMAFC-PCA-F (K=12/12),3,period_0987,72.550000,0.3023,0.3705
PEMAFC-PCA-F (K=12/12),3,period_0987,72.600000,0.2752,0.3089
PEMAFC-PCA-F (K=12/12),3,period_0987,72.650000,0.2670,0.2133
PEMAFC-PCA-F (K=12/12),3,period_0987,72.700000,0.2395,0.2627
PEMAFC-PCA-F (K=12/12),3,period_0987,72.750000,0.1899,-0.0463
PEMAFC-PCA-F (K=12/12),3,period_0987,72.800000,0.2843,0.3626
PEMAFC-PCA-F (K=12/12),3,period_0987,72.850000,0.2950,0.3795
PEMAFC-PCA-F (K=12/12),3,period_0987,72.900000,0.3124,0.3117
PEMAFC-PCA-F (K=12/12),3,period_0987,72.950000,0.3300,0.4491
PEMAFC-PCA-F (K=12/12),3,period_0987,73.000000,0.3810,0.2306
PEMAFC-PCA-F (K=12/12),3,period_0987,73.050000,0.2693,0.4397
PEMAFC-PCA-F (K=12/12),3,period_0987,73.100000,0.2719,0.3784
PEMAFC-PCA-F (K=12/12),3,period_0987,73.150000,0.2637,0.2326
PEMAFC-PCA-F (K=12/12),3,period_0987,73.200000,0.2977,0.4357
PEMAFC-PCA-F (K=12/12),3,period_0987,73.250000,0.3326,0.3273
PEMAFC-PCA-F (K=12/12),3,period_0987,73.300000,0.2733,0.2426
PEMAFC-PCA-F (K=12/12),3,period_0987,73.350000,0.3253,0.1056
PEMAFC-PCA-F (K=12/12),3,period_0987,73.400000,0.2590,0.4173
PEMAFC-PCA-F (K=12/12),3,period_0987,73.450000,0.3258,0.3659
PEMAFC-PCA-F (K=12/12),3,period_0987,73.500000,0.2864,0.1909
PEMAFC-PCA-F (K=12/12),3,period_0987,73.550000,0.3745,0.2811
PEMAFC-PCA-F (K=12/12),3,period_0987,73.600000,0.4466,0.2923
PEMAFC-PCA-F (K=12/12),3,period_0987,73.650000,0.3299,0.2037
PEMAFC-PCA-F (K=12/12),3,period_0987,73.700000,0.3823,0.2630
PEMAFC-PCA-F (K=12/12),3,period_0987,73.750000,0.3880,0.4660
PEMAFC-PCA-F (K=12/12),3,period_0987,73.800000,0.5267,0.3071
PEMAFC-PCA-F (K=12/12),3,period_0987,73.850000,0.5459,0.2379
PEMAFC-PCA-F (K=12/12),3,period_0987,73.900000,0.5444,0.3561
PEMAFC-PCA-F (K=12/12),3,period_0987,73.950000,0.5941,0.4506
PEMAFC-PCA-F (K=12/12),3,period_0987,74.000000,0.6496,0.4549
PEMAFC-PCA-F (K=12/12),3,period_0987,74.050000,0.7047,0.3494
PEMAFC-PCA-F (K=12/12),3,period_0987,74.100000,0.6515,0.0396
PEMAFC-PCA-F (K=12/12),3,period_0987,74.150000,0.5916,0.3141
PEMAFC-PCA-F (K=12/12),3,period_0987,74.200000,0.5618,0.0288
PEMAFC-PCA-F (K=12/12),3,period_0987,74.250000,0.6337,0.5054
PEMAFC-PCA-F (K=12/12),3,period_0987,74.300000,0.6275,0.4414
PEMAFC-PCA-F (K=12/12),3,period_0987,74.350000,0.6329,0.2138
PEMAFC-PCA-F (K=12/12),3,period_0987,74.400000,0.6415,0.3896
PEMAFC-PCA-F (K=12/12),3,period_0987,74.450000,0.6696,0.2621
PEMAFC-PCA-F (K=12/12),3,period_0987,74.500000,0.5952,0.2026
PEMAFC-PCA-F (K=12/12),3,period_0987,74.550000,0.5875,0.2683
PEMAFC-PCA-F (K=12/12),3,period_0987,74.600000,0.5826,0.2582
PEMAFC-PCA-F (K=12/12),3,period_0987,74.650000,0.5072,0.1662
PEMAFC-PCA-F (K=12/12),3,period_0987,74.700000,0.4882,0.1280
PEMAFC-PCA-F (K=12/12),3,period_0987,74.750000,0.5067,0.1433
PEMAFC-PCA-F (K=12/12),3,period_0987,74.800000,0.5080,0.4037
PEMAFC-PCA-F (K=12/12),3,period_0987,74.850000,0.4920,0.3053
PEMAFC-PCA-F (K=12/12),3,period_0987,74.900000,0.4301,0.4706
PEMAFC-PCA-F (K=12/12),3,period_0987,74.950000,0.4317,0.4402
PEMAFC-PCA-F (K=12/12),3,period_0987,75.000000,0.4957,0.3559
PEMAFC-PCA-F (K=12/12),3,period_0987,75.050000,0.5398,0.4608
PEMAFC-PCA-F (K=12/12),3,period_0987,75.100000,0.4838,0.2903
PEMAFC-PCA-F (K=12/12),3,period_0987,75.150000,0.4900,0.1032
PEMAFC-PCA-F (K=12/12),3,period_0987,75.200000,0.4558,0.3081
PEMAFC-PCA-F (K=12/12),3,period_0987,75.250000,0.4541,0.1917
PEMAFC-PCA-F (K=12/12),3,period_0987,75.300000,0.4667,0.3911
PEMAFC-PCA-F (K=12/12),3,period_0987,75.350000,0.5471,0.3218
PEMAFC-PCA-F (K=12/12),3,period_0987,75.400000,0.5443,0.3526
PEMAFC-PCA-F (K=12/12),3,period_0987,75.450000,0.5176,0.4411
PEMAFC-PCA-F (K=12/12),3,period_0987,75.500000,0.4666,0.3233
PEMAFC-PCA-F (K=12/12),3,period_0987,75.550000,0.4912,0.2473
PEMAFC-PCA-F (K=12/12),3,period_0987,75.600000,0.4455,0.2747
PEMAFC-PCA-F (K=12/12),3,period_0987,75.650000,0.4467,0.2025
PEMAFC-PCA-F (K=12/12),3,period_0987,75.700000,0.4919,0.3392
PEMAFC-PCA-F (K=12/12),3,period_0987,75.750000,0.5489,0.5792
PEMAFC-PCA-F (K=12/12),3,period_0987,75.800000,0.6079,0.6102
PEMAFC-PCA-F (K=12/12),3,period_0987,75.850000,0.5696,0.4669
PEMAFC-PCA-F (K=12/12),3,period_0987,75.900000,0.5161,0.2629
PEMAFC-PCA-F (K=12/12),3,period_0987,75.950000,0.5972,0.8385
PEMAFC-PCA-F (K=12/12),3,period_0987,76.000000,0.5588,0.2391
PEMAFC-PCA-F (K=12/12),3,period_0987,76.050000,0.5049,0.1934
PEMAFC-PCA-F (K=12/12),3,period_0987,76.100000,0.4989,0.5574
PEMAFC-PCA-F (K=12/12),3,period_0987,76.150000,0.4315,0.1766
PEMAFC-PCA-F (K=12/12),3,period_0987,76.200000,0.4640,0.5726
PEMAFC-PCA-F (K=12/12),3,period_0987,76.250000,0.4587,0.2212
PEMAFC-PCA-F (K=12/12),3,period_0987,76.300000,0.4041,0.4108
PEMAFC-PCA-F (K=12/12),3,period_0987,76.350000,0.4021,0.3848
PEMAFC-PCA-F (K=12/12),3,period_0987,76.400000,0.3550,0.1823
PEMAFC-PCA-F (K=12/12),3,period_0987,76.450000,0.3250,0.3693
PEMAFC-PCA-F (K=12/12),3,period_0987,76.500000,0.2722,0.2261
PEMAFC-PCA-F (K=12/12),3,period_0987,76.550000,0.2787,0.5171
PEMAFC-PCA-F (K=12/12),3,period_0987,76.600000,0.2548,0.2996
PEMAFC-PCA-F (K=12/12),3,period_0987,76.650000,0.3426,0.3403
PEMAFC-PCA-F (K=12/12),3,period_0987,76.700000,0.3074,0.0749
PEMAFC-PCA-F (K=12/12),3,period_0987,76.750000,0.1951,0.1601
PEMAFC-PCA-F (K=12/12),3,period_0987,76.800000,0.2805,0.2477
PEMAFC-PCA-F (K=12/12),3,period_0987,76.850000,0.3078,0.3864
PEMAFC-PCA-F (K=12/12),3,period_0987,76.900000,0.3524,0.3563
PEMAFC-PCA-F (K=12/12),3,period_0987,76.950000,0.2884,0.1205
PEMAFC-PCA-F (K=12/12),3,period_0987,77.000000,0.3523,0.3959
PEMAFC-PCA-F (K=12/12),3,period_0987,77.050000,0.4098,0.1793
PEMAFC-PCA-F (K=12/12),3,period_0987,77.100000,0.3941,0.2887
PEMAFC-PCA-F (K=12/12),3,period_0987,77.150000,0.3565,0.4901
PEMAFC-PCA-F (K=12/12),3,period_0987,77.200000,0.2199,0.3889
PEMAFC-PCA-F (K=12/12),3,period_0987,77.250000,0.1897,0.0606
PEMAFC-PCA-F (K=12/12),3,period_0987,77.300000,0.2520,0.3451
PEMAFC-PCA-F (K=12/12),3,period_0987,77.350000,0.3527,0.2717
PEMAFC-PCA-F (K=12/12),3,period_0987,77.400000,0.3493,0.0701
PEMAFC-PCA-F (K=12/12),3,period_0987,77.450000,0.3328,0.0294
PEMAFC-PCA-F (K=12/12),3,period_0987,77.500000,0.4163,0.2939
PEMAFC-PCA-F (K=12/12),3,period_0987,77.550000,0.4865,0.4745
PEMAFC-PCA-F (K=12/12),3,period_0987,77.600000,0.5169,0.3710
PEMAFC-PCA-F (K=12/12),3,period_0987,77.650000,0.4591,0.1839
PEMAFC-PCA-F (K=12/12),3,period_0987,77.700000,0.3566,0.1510
PEMAFC-PCA-F (K=12/12),3,period_0987,77.750000,0.3782,0.3310
PEMAFC-PCA-F (K=12/12),3,period_0987,77.800000,0.5101,0.4396
PEMAFC-PCA-F (K=12/12),3,period_0987,77.850000,0.4282,0.2660
PEMAFC-PCA-F (K=12/12),3,period_0987,77.900000,0.4142,0.1885
PEMAFC-PCA-F (K=12/12),3,period_0987,77.950000,0.4823,0.4794
PEMAFC-PCA-F (K=12/12),3,period_0987,78.000000,0.5034,0.6016
PEMAFC-PCA-F (K=12/12),3,period_0987,78.050000,0.3875,0.2372
PEMAFC-PCA-F (K=12/12),3,period_0987,78.100000,0.4002,0.5771
PEMAFC-PCA-F (K=12/12),3,period_0987,78.150000,0.3904,0.2975
PEMAFC-PCA-F (K=12/12),3,period_0987,78.200000,0.4102,0.4812
PEMAFC-PCA-F (K=12/12),3,period_0987,78.250000,0.3840,0.2171
PEMAFC-PCA-F (K=12/12),3,period_0987,78.300000,0.4022,0.3427
PEMAFC-PCA-F (K=12/12),3,period_0987,78.350000,0.4421,0.3056
PEMAFC-PCA-F (K=12/12),3,period_0987,78.400000,0.3600,0.1653
PEMAFC-PCA-F (K=12/12),3,period_0987,78.450000,0.3645,0.1983
PEMAFC-PCA-F (K=12/12),3,period_0987,78.500000,0.4160,0.4429
PEMAFC-PCA-F (K=12/12),3,period_0987,78.550000,0.4395,0.0514
PEMAFC-PCA-F (K=12/12),3,period_0987,78.600000,0.3863,0.1496
PEMAFC-PCA-F (K=12/12),3,period_0987,78.650000,0.4318,0.5197
PEMAFC-PCA-F (K=12/12),3,period_0987,78.700000,0.4333,0.0391
PEMAFC-PCA-F (K=12/12),3,period_0987,78.750000,0.4455,0.4376
PEMAFC-PCA-F (K=12/12),3,period_0987,78.800000,0.3977,0.2239
PEMAFC-PCA-F (K=12/12),3,period_0987,78.850000,0.3613,0.3348
PEMAFC-PCA-F (K=12/12),3,period_0987,78.900000,0.2350,0.4504
PEMAFC-PCA-F (K=12/12),3,period_0987,78.950000,0.2749,0.2619
PEMAFC-PCA-F (K=12/12),3,period_0987,79.000000,0.2509,0.3786
PEMAFC-PCA-F (K=12/12),3,period_0987,79.050000,0.3053,0.1269
PEMAFC-PCA-F (K=12/12),3,period_0987,79.100000,0.2879,0.4798
PEMAFC-PCA-F (K=12/12),3,period_0987,79.150000,0.3101,0.4801
PEMAFC-PCA-F (K=12/12),3,period_0987,79.200000,0.2804,0.6602
PEMAFC-PCA-F (K=12/12),3,period_0987,79.250000,0.3307,0.4630
PEMAFC-PCA-F (K=12/12),3,period_0987,79.300000,0.3826,0.3531
PEMAFC-PCA-F (K=12/12),3,period_0987,79.350000,0.4236,0.2294
PEMAFC-PCA-F (K=12/12),3,period_0987,79.400000,0.4210,0.4156
PEMAFC-PCA-F (K=12/12),3,period_0987,79.450000,0.4455,0.0859
PEMAFC-PCA-F (K=12/12),3,period_0987,79.500000,0.3670,0.0422
PEMAFC-PCA-F (K=12/12),3,period_0987,79.550000,0.3551,0.2350
PEMAFC-PCA-F (K=12/12),3,period_0987,79.600000,0.3919,0.4895
PEMAFC-PCA-F (K=12/12),3,period_0987,79.650000,0.4657,-0.0847
PEMAFC-PCA-F (K=12/12),3,period_0987,79.700000,0.3287,0.4535
PEMAFC-PCA-F (K=12/12),3,period_0987,79.750000,0.4531,0.3310
PEMAFC-PCA-F (K=12/12),3,period_0987,79.800000,0.3584,0.1651
PEMAFC-PCA-F (K=12/12),3,period_0987,79.850000,0.2922,0.2964
PEMAFC-PCA-F (K=12/12),3,period_0987,79.900000,0.2650,0.0846
PEMAFC-PCA-F (K=12/12),3,period_0987,79.950000,0.2423,0.2604
PEMAFC-PCA-F (K=12/12),3,period_0987,80.000000,0.3180,0.2046
PEMAFC-PCA-F (K=12/12),4,period_0894,80.000667,0.3818,-24.2232
PEMAFC-PCA-F (K=12/12),4,period_0894,80.050000,0.5566,0.2237
PEMAFC-PCA-F (K=12/12),4,period_0894,80.100000,0.6802,0.2798
PEMAFC-PCA-F (K=12/12),4,period_0894,80.150000,0.7393,0.2443
PEMAFC-PCA-F (K=12/12),4,period_0894,80.200000,0.8139,0.1673
PEMAFC-PCA-F (K=12/12),4,period_0894,80.250000,0.9164,0.2158
PEMAFC-PCA-F (K=12/12),4,period_0894,80.300000,1.0289,0.2895
PEMAFC-PCA-F (K=12/12),4,period_0894,80.350000,1.0117,0.1224
PEMAFC-PCA-F (K=12/12),4,period_0894,80.400000,1.0847,0.2964
PEMAFC-PCA-F (K=12/12),4,period_0894,80.450000,1.1210,0.2290
PEMAFC-PCA-F (K=12/12),4,period_0894,80.500000,1.1401,0.2686
PEMAFC-PCA-F (K=12/12),4,period_0894,80.550000,1.2307,0.3258
PEMAFC-PCA-F (K=12/12),4,period_0894,80.600000,1.3022,0.3111
PEMAFC-PCA-F (K=12/12),4,period_0894,80.650000,1.3571,0.3609
PEMAFC-PCA-F (K=12/12),4,period_0894,80.700000,1.3542,0.2265
PEMAFC-PCA-F (K=12/12),4,period_0894,80.750000,1.3735,0.4465
PEMAFC-PCA-F (K=12/12),4,period_0894,80.800000,1.3997,0.2850
PEMAFC-PCA-F (K=12/12),4,period_0894,80.850000,1.3866,0.3151
PEMAFC-PCA-F (K=12/12),4,period_0894,80.900000,1.3423,0.2447
PEMAFC-PCA-F (K=12/12),4,period_0894,80.950000,1.4126,0.3986
PEMAFC-PCA-F (K=12/12),4,period_0894,81.000000,1.4241,0.3014
PEMAFC-PCA-F (K=12/12),4,period_0894,81.050000,1.4249,0.2692
PEMAFC-PCA-F (K=12/12),4,period_0894,81.100000,1.3977,0.2923
PEMAFC-PCA-F (K=12/12),4,period_0894,81.150000,1.3862,0.3465
PEMAFC-PCA-F (K=12/12),4,period_0894,81.200000,1.4376,0.4010
PEMAFC-PCA-F (K=12/12),4,period_0894,81.250000,1.4613,0.1778
PEMAFC-PCA-F (K=12/12),4,period_0894,81.300000,1.4794,0.3309
PEMAFC-PCA-F (K=12/12),4,period_0894,81.350000,1.4622,0.2713
PEMAFC-PCA-F (K=12/12),4,period_0894,81.400000,1.4891,0.3743
PEMAFC-PCA-F (K=12/12),4,period_0894,81.450000,1.4875,0.1669
PEMAFC-PCA-F (K=12/12),4,period_0894,81.500000,1.4742,0.2607
PEMAFC-PCA-F (K=12/12),4,period_0894,81.550000,1.5104,0.3469
PEMAFC-PCA-F (K=12/12),4,period_0894,81.600000,1.5065,0.3285
PEMAFC-PCA-F (K=12/12),4,period_0894,81.650000,1.4509,0.1316
PEMAFC-PCA-F (K=12/12),4,period_0894,81.700000,1.4502,0.2391
PEMAFC-PCA-F (K=12/12),4,period_0894,81.750000,1.4400,0.2551
PEMAFC-PCA-F (K=12/12),4,period_0894,81.800000,1.4504,0.3108
PEMAFC-PCA-F (K=12/12),4,period_0894,81.850000,1.5074,0.5611
PEMAFC-PCA-F (K=12/12),4,period_0894,81.900000,1.5207,0.3491
PEMAFC-PCA-F (K=12/12),4,period_0894,81.950000,1.5318,0.4508
PEMAFC-PCA-F (K=12/12),4,period_0894,82.000000,1.5994,0.4203
PEMAFC-PCA-F (K=12/12),4,period_0894,82.050000,1.6162,0.4531
PEMAFC-PCA-F (K=12/12),4,period_0894,82.100000,1.5503,-0.0282
PEMAFC-PCA-F (K=12/12),4,period_0894,82.150000,1.5669,0.3607
PEMAFC-PCA-F (K=12/12),4,period_0894,82.200000,1.6020,0.3239
PEMAFC-PCA-F (K=12/12),4,period_0894,82.250000,1.5770,0.3280
PEMAFC-PCA-F (K=12/12),4,period_0894,82.300000,1.6433,0.4501
PEMAFC-PCA-F (K=12/12),4,period_0894,82.350000,1.6595,0.4579
PEMAFC-PCA-F (K=12/12),4,period_0894,82.400000,1.6918,0.3418
PEMAFC-PCA-F (K=12/12),4,period_0894,82.450000,1.6573,0.2692
PEMAFC-PCA-F (K=12/12),4,period_0894,82.500000,1.6953,0.2833
PEMAFC-PCA-F (K=12/12),4,period_0894,82.550000,1.7346,0.4783
PEMAFC-PCA-F (K=12/12),4,period_0894,82.600000,1.7003,0.3081
PEMAFC-PCA-F (K=12/12),4,period_0894,82.650000,1.6677,0.2815
PEMAFC-PCA-F (K=12/12),4,period_0894,82.700000,1.6212,0.2261
PEMAFC-PCA-F (K=12/12),4,period_0894,82.750000,1.6089,0.2849
PEMAFC-PCA-F (K=12/12),4,period_0894,82.800000,1.6031,0.3463
PEMAFC-PCA-F (K=12/12),4,period_0894,82.850000,1.5781,0.2939
PEMAFC-PCA-F (K=12/12),4,period_0894,82.900000,1.5509,0.2726
PEMAFC-PCA-F (K=12/12),4,period_0894,82.950000,1.5670,0.1772
PEMAFC-PCA-F (K=12/12),4,period_0894,83.000000,1.5836,0.3085
PEMAFC-PCA-F (K=12/12),4,period_0894,83.050000,1.6285,0.3952
PEMAFC-PCA-F (K=12/12),4,period_0894,83.100000,1.5661,0.1866
PEMAFC-PCA-F (K=12/12),4,period_0894,83.150000,1.5916,0.2772
PEMAFC-PCA-F (K=12/12),4,period_0894,83.200000,1.6454,0.3253
PEMAFC-PCA-F (K=12/12),4,period_0894,83.250000,1.6395,0.3852
PEMAFC-PCA-F (K=12/12),4,period_0894,83.300000,1.6659,0.4053
PEMAFC-PCA-F (K=12/12),4,period_0894,83.350000,1.6478,0.3358
PEMAFC-PCA-F (K=12/12),4,period_0894,83.400000,1.6535,0.4622
PEMAFC-PCA-F (K=12/12),4,period_0894,83.450000,1.6451,0.1185
PEMAFC-PCA-F (K=12/12),4,period_0894,83.500000,1.6873,0.4143
PEMAFC-PCA-F (K=12/12),4,period_0894,83.550000,1.6576,0.4540
PEMAFC-PCA-F (K=12/12),4,period_0894,83.600000,1.6703,0.3840
PEMAFC-PCA-F (K=12/12),4,period_0894,83.650000,1.6492,0.3127
PEMAFC-PCA-F (K=12/12),4,period_0894,83.700000,1.6223,0.1098
PEMAFC-PCA-F (K=12/12),4,period_0894,83.750000,1.6436,0.2959
PEMAFC-PCA-F (K=12/12),4,period_0894,83.800000,1.6843,0.4448
PEMAFC-PCA-F (K=12/12),4,period_0894,83.850000,1.6816,0.3387
PEMAFC-PCA-F (K=12/12),4,period_0894,83.900000,1.6272,0.2588
PEMAFC-PCA-F (K=12/12),4,period_0894,83.950000,1.6412,0.3120
PEMAFC-PCA-F (K=12/12),4,period_0894,84.000000,1.6417,0.2131
PEMAFC-PCA-F (K=12/12),4,period_0894,84.050000,1.5564,0.0559
PEMAFC-PCA-F (K=12/12),4,period_0894,84.100000,1.5525,0.2082
PEMAFC-PCA-F (K=12/12),4,period_0894,84.150000,1.5076,0.2963
PEMAFC-PCA-F (K=12/12),4,period_0894,84.200000,1.5495,0.4688
PEMAFC-PCA-F (K=12/12),4,period_0894,84.250000,1.5578,0.1581
PEMAFC-PCA-F (K=12/12),4,period_0894,84.300000,1.5522,0.3366
PEMAFC-PCA-F (K=12/12),4,period_0894,84.350000,1.5444,0.2493
PEMAFC-PCA-F (K=12/12),4,period_0894,84.400000,1.5848,0.4212
PEMAFC-PCA-F (K=12/12),4,period_0894,84.450000,1.5344,0.2108
PEMAFC-PCA-F (K=12/12),4,period_0894,84.500000,1.5648,0.4447
PEMAFC-PCA-F (K=12/12),4,period_0894,84.550000,1.5928,0.3514
PEMAFC-PCA-F (K=12/12),4,period_0894,84.600000,1.6223,0.1520
PEMAFC-PCA-F (K=12/12),4,period_0894,84.650000,1.6252,0.3079
PEMAFC-PCA-F (K=12/12),4,period_0894,84.700000,1.6070,0.2859
PEMAFC-PCA-F (K=12/12),4,period_0894,84.750000,1.6285,0.2500
PEMAFC-PCA-F (K=12/12),4,period_0894,84.800000,1.6656,0.2901
PEMAFC-PCA-F (K=12/12),4,period_0894,84.850000,1.6303,0.2890
PEMAFC-PCA-F (K=12/12),4,period_0894,84.900000,1.6735,0.4148
PEMAFC-PCA-F (K=12/12),4,period_0894,84.950000,1.7261,0.5106
PEMAFC-PCA-F (K=12/12),4,period_0894,85.000000,1.7138,0.2365
PEMAFC-PCA-F (K=12/12),4,period_0894,85.050000,1.7204,0.2372
PEMAFC-PCA-F (K=12/12),4,period_0894,85.100000,1.6696,0.2515
PEMAFC-PCA-F (K=12/12),4,period_0894,85.150000,1.7075,0.4919
PEMAFC-PCA-F (K=12/12),4,period_0894,85.200000,1.6872,0.1252
PEMAFC-PCA-F (K=12/12),4,period_0894,85.250000,1.6960,0.2365
PEMAFC-PCA-F (K=12/12),4,period_0894,85.300000,1.7212,0.4552
PEMAFC-PCA-F (K=12/12),4,period_0894,85.350000,1.6772,0.3086
PEMAFC-PCA-F (K=12/12),4,period_0894,85.400000,1.6639,0.2874
PEMAFC-PCA-F (K=12/12),4,period_0894,85.450000,1.6754,0.3159
PEMAFC-PCA-F (K=12/12),4,period_0894,85.500000,1.6522,0.2381
PEMAFC-PCA-F (K=12/12),4,period_0894,85.550000,1.7065,0.5075
PEMAFC-PCA-F (K=12/12),4,period_0894,85.600000,1.6541,0.3096
PEMAFC-PCA-F (K=12/12),4,period_0894,85.650000,1.6327,0.1691
PEMAFC-PCA-F (K=12/12),4,period_0894,85.700000,1.6684,0.4087
PEMAFC-PCA-F (K=12/12),4,period_0894,85.750000,1.6749,0.4408
PEMAFC-PCA-F (K=12/12),4,period_0894,85.800000,1.6493,0.3268
PEMAFC-PCA-F (K=12/12),4,period_0894,85.850000,1.6968,0.3765
PEMAFC-PCA-F (K=12/12),4,period_0894,85.900000,1.6559,0.3322
PEMAFC-PCA-F (K=12/12),4,period_0894,85.950000,1.6016,0.0950
PEMAFC-PCA-F (K=12/12),4,period_0894,86.000000,1.6091,0.1477
PEMAFC-PCA-F (K=12/12),4,period_0894,86.050000,1.6350,0.2908
PEMAFC-PCA-F (K=12/12),4,period_0894,86.100000,1.6278,0.2632
PEMAFC-PCA-F (K=12/12),4,period_0894,86.150000,1.5929,0.3598
PEMAFC-PCA-F (K=12/12),4,period_0894,86.200000,1.6053,0.1674
PEMAFC-PCA-F (K=12/12),4,period_0894,86.250000,1.6220,0.3280
PEMAFC-PCA-F (K=12/12),4,period_0894,86.300000,1.5923,0.2507
PEMAFC-PCA-F (K=12/12),4,period_0894,86.350000,1.5802,0.2601
PEMAFC-PCA-F (K=12/12),4,period_0894,86.400000,1.5667,0.2520
PEMAFC-PCA-F (K=12/12),4,period_0894,86.450000,1.5048,0.1388
PEMAFC-PCA-F (K=12/12),4,period_0894,86.500000,1.4479,0.2246
PEMAFC-PCA-F (K=12/12),4,period_0894,86.550000,1.4369,0.3523
PEMAFC-PCA-F (K=12/12),4,period_0894,86.600000,1.4015,0.2168
PEMAFC-PCA-F (K=12/12),4,period_0894,86.650000,1.4136,0.1938
PEMAFC-PCA-F (K=12/12),4,period_0894,86.700000,1.4874,0.4294
PEMAFC-PCA-F (K=12/12),4,period_0894,86.750000,1.4751,0.3274
PEMAFC-PCA-F (K=12/12),4,period_0894,86.800000,1.4921,0.2723
PEMAFC-PCA-F (K=12/12),4,period_0894,86.850000,1.4618,0.2495
PEMAFC-PCA-F (K=12/12),4,period_0894,86.900000,1.4857,0.2730
PEMAFC-PCA-F (K=12/12),4,period_0894,86.950000,1.4545,0.2685
PEMAFC-PCA-F (K=12/12),4,period_0894,87.000000,1.4537,0.1441
PEMAFC-PCA-F (K=12/12),4,period_0894,87.050000,1.5024,0.2644
PEMAFC-PCA-F (K=12/12),4,period_0894,87.100000,1.4758,0.1094
PEMAFC-PCA-F (K=12/12),4,period_0894,87.150000,1.4548,0.2253
PEMAFC-PCA-F (K=12/12),4,period_0894,87.200000,1.4837,0.2907
PEMAFC-PCA-F (K=12/12),4,period_0894,87.250000,1.4688,0.2549
PEMAFC-PCA-F (K=12/12),4,period_0894,87.300000,1.4533,0.1317
PEMAFC-PCA-F (K=12/12),4,period_0894,87.350000,1.4539,0.2308
PEMAFC-PCA-F (K=12/12),4,period_0894,87.400000,1.4804,0.2925
PEMAFC-PCA-F (K=12/12),4,period_0894,87.450000,1.4596,0.1270
PEMAFC-PCA-F (K=12/12),4,period_0894,87.500000,1.4454,0.2806
PEMAFC-PCA-F (K=12/12),4,period_0894,87.550000,1.4292,0.2348
PEMAFC-PCA-F (K=12/12),4,period_0894,87.600000,1.4250,0.2701
PEMAFC-PCA-F (K=12/12),4,period_0894,87.650000,1.4149,0.3175
PEMAFC-PCA-F (K=12/12),4,period_0894,87.700000,1.4555,0.2857
PEMAFC-PCA-F (K=12/12),4,period_0894,87.750000,1.4275,0.1867
PEMAFC-PCA-F (K=12/12),4,period_0894,87.800000,1.4175,0.1959
PEMAFC-PCA-F (K=12/12),4,period_0894,87.850000,1.4690,0.0990
PEMAFC-PCA-F (K=12/12),4,period_0894,87.900000,1.4596,0.1473
PEMAFC-PCA-F (K=12/12),4,period_0894,87.950000,1.4557,0.2062
PEMAFC-PCA-F (K=12/12),4,period_0894,88.000000,1.4450,-0.0239
PEMAFC-PCA-F (K=12/12),4,period_0894,88.050000,1.5012,0.5060
PEMAFC-PCA-F (K=12/12),4,period_0894,88.100000,1.5153,0.2619
PEMAFC-PCA-F (K=12/12),4,period_0894,88.150000,1.4917,0.2868
PEMAFC-PCA-F (K=12/12),4,period_0894,88.200000,1.4973,0.4448
PEMAFC-PCA-F (K=12/12),4,period_0894,88.250000,1.5513,0.4540
PEMAFC-PCA-F (K=12/12),4,period_0894,88.300000,1.5440,0.1314
PEMAFC-PCA-F (K=12/12),4,period_0894,88.350000,1.5919,0.4162
PEMAFC-PCA-F (K=12/12),4,period_0894,88.400000,1.6028,0.3118
PEMAFC-PCA-F (K=12/12),4,period_0894,88.450000,1.6240,0.3899
PEMAFC-PCA-F (K=12/12),4,period_0894,88.500000,1.6729,0.2166
PEMAFC-PCA-F (K=12/12),4,period_0894,88.550000,1.6807,0.3960
PEMAFC-PCA-F (K=12/12),4,period_0894,88.600000,1.7276,0.4420
PEMAFC-PCA-F (K=12/12),4,period_0894,88.650000,1.6921,0.2516
PEMAFC-PCA-F (K=12/12),4,period_0894,88.700000,1.6725,0.2835
PEMAFC-PCA-F (K=12/12),4,period_0894,88.750000,1.6719,0.3080
PEMAFC-PCA-F (K=12/12),4,period_0894,88.800000,1.6643,0.2848
PEMAFC-PCA-F (K=12/12),4,period_0894,88.850000,1.6784,0.4170
PEMAFC-PCA-F (K=12/12),4,period_0894,88.900000,1.6338,0.2542
PEMAFC-PCA-F (K=12/12),4,period_0894,88.950000,1.6361,0.4535
PEMAFC-PCA-F (K=12/12),4,period_0894,89.000000,1.6199,0.3524
PEMAFC-PCA-F (K=12/12),4,period_0894,89.050000,1.6117,0.3156
PEMAFC-PCA-F (K=12/12),4,period_0894,89.100000,1.5627,0.2089
PEMAFC-PCA-F (K=12/12),4,period_0894,89.150000,1.5859,0.3293
PEMAFC-PCA-F (K=12/12),4,period_0894,89.200000,1.6054,0.0963
PEMAFC-PCA-F (K=12/12),4,period_0894,89.250000,1.6113,0.3667
PEMAFC-PCA-F (K=12/12),4,period_0894,89.300000,1.6387,0.2587
PEMAFC-PCA-F (K=12/12),4,period_0894,89.350000,1.6015,0.2784
PEMAFC-PCA-F (K=12/12),4,period_0894,89.400000,1.5875,0.1588
PEMAFC-PCA-F (K=12/12),4,period_0894,89.450000,1.5806,0.3332
PEMAFC-PCA-F (K=12/12),4,period_0894,89.500000,1.6113,0.3823
PEMAFC-PCA-F (K=12/12),4,period_0894,89.550000,1.6827,0.3815
PEMAFC-PCA-F (K=12/12),4,period_0894,89.600000,1.6413,0.2771
PEMAFC-PCA-F (K=12/12),4,period_0894,89.650000,1.6296,0.2520
PEMAFC-PCA-F (K=12/12),4,period_0894,89.700000,1.6412,0.3570
PEMAFC-PCA-F (K=12/12),4,period_0894,89.750000,1.6873,0.3092
PEMAFC-PCA-F (K=12/12),4,period_0894,89.800000,1.6331,0.0728
PEMAFC-PCA-F (K=12/12),4,period_0894,89.850000,1.6659,0.3808
PEMAFC-PCA-F (K=12/12),4,period_0894,89.900000,1.6295,0.1551
PEMAFC-PCA-F (K=12/12),4,period_0894,89.950000,1.6264,0.1866
PEMAFC-PCA-F (K=12/12),4,period_0894,90.000000,1.6136,0.4542
PEMAFC-PCA-F (K=12/12),4,period_0894,90.050000,1.5981,0.4016
PEMAFC-PCA-F (K=12/12),4,period_0894,90.100000,1.5550,0.0050
PEMAFC-PCA-F (K=12/12),4,period_0894,90.150000,1.4958,0.2866
PEMAFC-PCA-F (K=12/12),4,period_0894,90.200000,1.4754,0.1968
PEMAFC-PCA-F (K=12/12),4,period_0894,90.250000,1.5020,0.2620
PEMAFC-PCA-F (K=12/12),4,period_0894,90.300000,1.5453,0.5416
PEMAFC-PCA-F (K=12/12),4,period_0894,90.350000,1.5026,0.2254
PEMAFC-PCA-F (K=12/12),4,period_0894,90.400000,1.5489,0.2200
PEMAFC-PCA-F (K=12/12),4,period_0894,90.450000,1.5490,0.3133
PEMAFC-PCA-F (K=12/12),4,period_0894,90.500000,1.6021,0.4022
PEMAFC-PCA-F (K=12/12),4,period_0894,90.550000,1.6085,0.3363
PEMAFC-PCA-F (K=12/12),4,period_0894,90.600000,1.5961,0.2585
PEMAFC-PCA-F (K=12/12),4,period_0894,90.650000,1.5908,0.1525
PEMAFC-PCA-F (K=12/12),4,period_0894,90.700000,1.5593,0.1924
PEMAFC-PCA-F (K=12/12),4,period_0894,90.750000,1.5363,0.2881
PEMAFC-PCA-F (K=12/12),4,period_0894,90.800000,1.4938,0.2813
PEMAFC-PCA-F (K=12/12),4,period_0894,90.850000,1.5206,0.1636
PEMAFC-PCA-F (K=12/12),4,period_0894,90.900000,1.5412,0.3569
PEMAFC-PCA-F (K=12/12),4,period_0894,90.950000,1.5565,0.3401
PEMAFC-PCA-F (K=12/12),4,period_0894,91.000000,1.5738,0.3650
PEMAFC-PCA-F (K=12/12),4,period_0894,91.050000,1.6019,0.3634
PEMAFC-PCA-F (K=12/12),4,period_0894,91.100000,1.5787,0.1586
PEMAFC-PCA-F (K=12/12),4,period_0894,91.150000,1.6318,0.3746
PEMAFC-PCA-F (K=12/12),4,period_0894,91.200000,1.6322,0.3699
PEMAFC-PCA-F (K=12/12),4,period_0894,91.250000,1.5999,0.3608
PEMAFC-PCA-F (K=12/12),4,period_0894,91.300000,1.6098,0.2572
PEMAFC-PCA-F (K=12/12),4,period_0894,91.350000,1.6270,0.3416
PEMAFC-PCA-F (K=12/12),4,period_0894,91.400000,1.5996,0.1451
PEMAFC-PCA-F (K=12/12),4,period_0894,91.450000,1.5812,0.2696
PEMAFC-PCA-F (K=12/12),4,period_0894,91.500000,1.6054,0.3890
PEMAFC-PCA-F (K=12/12),4,period_0894,91.550000,1.5833,0.2480
PEMAFC-PCA-F (K=12/12),4,period_0894,91.600000,1.5967,0.3239
PEMAFC-PCA-F (K=12/12),4,period_0894,91.650000,1.5548,0.3080
PEMAFC-PCA-F (K=12/12),4,period_0894,91.700000,1.5553,0.2905
PEMAFC-PCA-F (K=12/12),4,period_0894,91.750000,1.5822,0.3434
PEMAFC-PCA-F (K=12/12),4,period_0894,91.800000,1.6223,0.4239
PEMAFC-PCA-F (K=12/12),4,period_0894,91.850000,1.5908,0.2971
PEMAFC-PCA-F (K=12/12),4,period_0894,91.900000,1.6516,0.5050
PEMAFC-PCA-F (K=12/12),4,period_0894,91.950000,1.6718,0.4216
PEMAFC-PCA-F (K=12/12),4,period_0894,92.000000,1.7199,0.2472
PEMAFC-PCA-F (K=12/12),4,period_0894,92.050000,1.7300,0.3295
PEMAFC-PCA-F (K=12/12),4,period_0894,92.100000,1.7400,0.2488
PEMAFC-PCA-F (K=12/12),4,period_0894,92.150000,1.7224,0.3154
PEMAFC-PCA-F (K=12/12),4,period_0894,92.200000,1.6879,0.2540
PEMAFC-PCA-F (K=12/12),4,period_0894,92.250000,1.6764,0.1813
PEMAFC-PCA-F (K=12/12),4,period_0894,92.300000,1.7238,0.3143
PEMAFC-PCA-F (K=12/12),4,period_0894,92.350000,1.6972,0.1520
PEMAFC-PCA-F (K=12/12),4,period_0894,92.400000,1.6997,0.2734
PEMAFC-PCA-F (K=12/12),4,period_0894,92.450000,1.6302,0.2258
PEMAFC-PCA-F (K=12/12),4,period_0894,92.500000,1.6118,0.3028
PEMAFC-PCA-F (K=12/12),4,period_0894,92.550000,1.5945,0.2346
PEMAFC-PCA-F (K=12/12),4,period_0894,92.600000,1.5727,0.2765
PEMAFC-PCA-F (K=12/12),4,period_0894,92.650000,1.5908,0.3618
PEMAFC-PCA-F (K=12/12),4,period_0894,92.700000,1.6375,0.4166
PEMAFC-PCA-F (K=12/12),4,period_0894,92.750000,1.6494,0.3695
PEMAFC-PCA-F (K=12/12),4,period_0894,92.800000,1.6525,0.2599
PEMAFC-PCA-F (K=12/12),4,period_0894,92.850000,1.6506,0.3614
PEMAFC-PCA-F (K=12/12),4,period_0894,92.900000,1.6109,0.0922
PEMAFC-PCA-F (K=12/12),4,period_0894,92.950000,1.6732,0.4253
PEMAFC-PCA-F (K=12/12),4,period_0894,93.000000,1.6907,0.3638
PEMAFC-PCA-F (K=12/12),4,period_0894,93.050000,1.6475,0.2351
PEMAFC-PCA-F (K=12/12),4,period_0894,93.100000,1.6234,0.1517
PEMAFC-PCA-F (K=12/12),4,period_0894,93.150000,1.5871,0.3527
PEMAFC-PCA-F (K=12/12),4,period_0894,93.200000,1.5635,0.2101
PEMAFC-PCA-F (K=12/12),4,period_0894,93.250000,1.5975,0.3265
PEMAFC-PCA-F (K=12/12),4,period_0894,93.300000,1.5286,0.2447
PEMAFC-PCA-F (K=12/12),4,period_0894,93.350000,1.5567,0.2996
PEMAFC-PCA-F (K=12/12),4,period_0894,93.400000,1.4853,0.1550
PEMAFC-PCA-F (K=12/12),4,period_0894,93.450000,1.5159,0.3868
PEMAFC-PCA-F (K=12/12),4,period_0894,93.500000,1.5823,0.4372
PEMAFC-PCA-F (K=12/12),4,period_0894,93.550000,1.5906,0.4708
PEMAFC-PCA-F (K=12/12),4,period_0894,93.600000,1.6227,0.2177
PEMAFC-PCA-F (K=12/12),4,period_0894,93.650000,1.6756,0.4555
PEMAFC-PCA-F (K=12/12),4,period_0894,93.700000,1.6411,0.1479
PEMAFC-PCA-F (K=12/12),4,period_0894,93.750000,1.6412,0.3806
PEMAFC-PCA-F (K=12/12),4,period_0894,93.800000,1.6265,0.2218
PEMAFC-PCA-F (K=12/12),4,period_0894,93.850000,1.5842,0.2407
PEMAFC-PCA-F (K=12/12),4,period_0894,93.900000,1.5767,0.2820
PEMAFC-PCA-F (K=12/12),4,period_0894,93.950000,1.5403,0.0257
PEMAFC-PCA-F (K=12/12),4,period_0894,94.000000,1.5110,0.2683
PEMAFC-PCA-F (K=12/12),4,period_0894,94.050000,1.5025,0.3152
PEMAFC-PCA-F (K=12/12),4,period_0894,94.100000,1.5159,0.2698
PEMAFC-PCA-F (K=12/12),4,period_0894,94.150000,1.5462,0.2603
PEMAFC-PCA-F (K=12/12),4,period_0894,94.200000,1.5548,0.2763
PEMAFC-PCA-F (K=12/12),4,period_0894,94.250000,1.5486,0.1465
PEMAFC-PCA-F (K=12/12),4,period_0894,94.300000,1.5393,0.0755
PEMAFC-PCA-F (K=12/12),4,period_0894,94.350000,1.5781,0.3743
PEMAFC-PCA-F (K=12/12),4,period_0894,94.400000,1.5443,0.1966
PEMAFC-PCA-F (K=12/12),4,period_0894,94.450000,1.5301,0.1893
PEMAFC-PCA-F (K=12/12),4,period_0894,94.500000,1.5376,0.4047
PEMAFC-PCA-F (K=12/12),4,period_0894,94.550000,1.5469,0.3274
PEMAFC-PCA-F (K=12/12),4,period_0894,94.600000,1.5816,0.2428
PEMAFC-PCA-F (K=12/12),4,period_0894,94.650000,1.5198,0.1764
PEMAFC-PCA-F (K=12/12),4,period_0894,94.700000,1.5074,0.4283
PEMAFC-PCA-F (K=12/12),4,period_0894,94.750000,1.5194,0.1998
PEMAFC-PCA-F (K=12/12),4,period_0894,94.800000,1.5067,0.2259
PEMAFC-PCA-F (K=12/12),4,period_0894,94.850000,1.4391,0.0539
PEMAFC-PCA-F (K=12/12),4,period_0894,94.900000,1.5095,0.3127
PEMAFC-PCA-F (K=12/12),4,period_0894,94.950000,1.4769,0.2875
PEMAFC-PCA-F (K=12/12),4,period_0894,95.000000,1.4945,0.3284
PEMAFC-PCA-F (K=12/12),4,period_0894,95.050000,1.4946,0.2312
PEMAFC-PCA-F (K=12/12),4,period_0894,95.100000,1.4590,0.3800
PEMAFC-PCA-F (K=12/12),4,period_0894,95.150000,1.5495,0.3570
PEMAFC-PCA-F (K=12/12),4,period_0894,95.200000,1.4874,0.3863
PEMAFC-PCA-F (K=12/12),4,period_0894,95.250000,1.5002,0.2356
PEMAFC-PCA-F (K=12/12),4,period_0894,95.300000,1.4592,0.1774
PEMAFC-PCA-F (K=12/12),4,period_0894,95.350000,1.4827,0.3238
PEMAFC-PCA-F (K=12/12),4,period_0894,95.400000,1.4914,0.2362
PEMAFC-PCA-F (K=12/12),4,period_0894,95.450000,1.4819,0.0718
PEMAFC-PCA-F (K=12/12),4,period_0894,95.500000,1.4459,0.2198
PEMAFC-PCA-F (K=12/12),4,period_0894,95.550000,1.4565,0.1927
PEMAFC-PCA-F (K=12/12),4,period_0894,95.600000,1.4182,0.2910
PEMAFC-PCA-F (K=12/12),4,period_0894,95.650000,1.4255,0.3095
PEMAFC-PCA-F (K=12/12),4,period_0894,95.700000,1.4870,0.4128
PEMAFC-PCA-F (K=12/12),4,period_0894,95.750000,1.5303,0.3561
PEMAFC-PCA-F (K=12/12),4,period_0894,95.800000,1.5289,0.3794
PEMAFC-PCA-F (K=12/12),4,period_0894,95.850000,1.5431,0.2808
PEMAFC-PCA-F (K=12/12),4,period_0894,95.900000,1.4775,0.2018
PEMAFC-PCA-F (K=12/12),4,period_0894,95.950000,1.5059,0.2955
PEMAFC-PCA-F (K=12/12),4,period_0894,96.000000,1.4731,0.0581
PEMAFC-PCA-F (K=12/12),4,period_0894,96.050000,1.4663,0.3479
PEMAFC-PCA-F (K=12/12),4,period_0894,96.100000,1.4618,0.3895
PEMAFC-PCA-F (K=12/12),4,period_0894,96.150000,1.4374,0.2982
PEMAFC-PCA-F (K=12/12),4,period_0894,96.200000,1.4377,0.0961
PEMAFC-PCA-F (K=12/12),4,period_0894,96.250000,1.4046,0.2388
PEMAFC-PCA-F (K=12/12),4,period_0894,96.300000,1.4114,0.2642
PEMAFC-PCA-F (K=12/12),4,period_0894,96.350000,1.4235,0.2388
PEMAFC-PCA-F (K=12/12),4,period_0894,96.400000,1.4422,0.2331
PEMAFC-PCA-F (K=12/12),4,period_0894,96.450000,1.4882,0.3638
PEMAFC-PCA-F (K=12/12),4,period_0894,96.500000,1.5472,0.4721
PEMAFC-PCA-F (K=12/12),4,period_0894,96.550000,1.5170,0.2964
PEMAFC-PCA-F (K=12/12),4,period_0894,96.600000,1.5239,0.4915
PEMAFC-PCA-F (K=12/12),4,period_0894,96.650000,1.5289,0.3108
PEMAFC-PCA-F (K=12/12),4,period_0894,96.700000,1.5478,0.2343
PEMAFC-PCA-F (K=12/12),4,period_0894,96.750000,1.5352,0.3346
PEMAFC-PCA-F (K=12/12),4,period_0894,96.800000,1.5713,0.4811
PEMAFC-PCA-F (K=12/12),4,period_0894,96.850000,1.5606,0.3799
PEMAFC-PCA-F (K=12/12),4,period_0894,96.900000,1.6181,0.3952
PEMAFC-PCA-F (K=12/12),4,period_0894,96.950000,1.5274,0.2083
PEMAFC-PCA-F (K=12/12),4,period_0894,97.000000,1.5775,0.3585
PEMAFC-PCA-F (K=12/12),4,period_0894,97.050000,1.6032,0.2735
PEMAFC-PCA-F (K=12/12),4,period_0894,97.100000,1.6835,0.3741
PEMAFC-PCA-F (K=12/12),4,period_0894,97.150000,1.7101,0.4131
PEMAFC-PCA-F (K=12/12),4,period_0894,97.200000,1.6541,0.1432
PEMAFC-PCA-F (K=12/12),4,period_0894,97.250000,1.7026,0.3488
PEMAFC-PCA-F (K=12/12),4,period_0894,97.300000,1.6788,0.2430
PEMAFC-PCA-F (K=12/12),4,period_0894,97.350000,1.6765,0.3297
PEMAFC-PCA-F (K=12/12),4,period_0894,97.400000,1.6147,0.1011
PEMAFC-PCA-F (K=12/12),4,period_0894,97.450000,1.6312,0.4361
PEMAFC-PCA-F (K=12/12),4,period_0894,97.500000,1.5925,0.2126
PEMAFC-PCA-F (K=12/12),4,period_0894,97.550000,1.6421,0.3697
PEMAFC-PCA-F (K=12/12),4,period_0894,97.600000,1.6501,0.2990
PEMAFC-PCA-F (K=12/12),4,period_0894,97.650000,1.6696,0.2678
PEMAFC-PCA-F (K=12/12),4,period_0894,97.700000,1.6355,0.2992
PEMAFC-PCA-F (K=12/12),4,period_0894,97.750000,1.5511,0.1035
PEMAFC-PCA-F (K=12/12),4,period_0894,97.800000,1.5592,0.3718
PEMAFC-PCA-F (K=12/12),4,period_0894,97.850000,1.5459,0.1134
PEMAFC-PCA-F (K=12/12),4,period_0894,97.900000,1.5436,0.2325
PEMAFC-PCA-F (K=12/12),4,period_0894,97.950000,1.4593,0.0566
PEMAFC-PCA-F (K=12/12),4,period_0894,98.000000,1.4645,0.2510
PEMAFC-PCA-F (K=12/12),4,period_0894,98.050000,1.5279,0.4315
PEMAFC-PCA-F (K=12/12),4,period_0894,98.100000,1.6064,0.4073
PEMAFC-PCA-F (K=12/12),4,period_0894,98.150000,1.6229,0.4180
PEMAFC-PCA-F (K=12/12),4,period_0894,98.200000,1.6340,0.2946
PEMAFC-PCA-F (K=12/12),4,period_0894,98.250000,1.6348,0.3164
PEMAFC-PCA-F (K=12/12),4,period_0894,98.300000,1.6071,0.1949
PEMAFC-PCA-F (K=12/12),4,period_0894,98.350000,1.5725,0.1767
PEMAFC-PCA-F (K=12/12),4,period_0894,98.400000,1.6036,0.4536
PEMAFC-PCA-F (K=12/12),4,period_0894,98.450000,1.5777,0.3353
PEMAFC-PCA-F (K=12/12),4,period_0894,98.500000,1.5213,0.2561
PEMAFC-PCA-F (K=12/12),4,period_0894,98.550000,1.5330,0.2580
PEMAFC-PCA-F (K=12/12),4,period_0894,98.600000,1.5331,0.3859
PEMAFC-PCA-F (K=12/12),4,period_0894,98.650000,1.5508,0.3190
PEMAFC-PCA-F (K=12/12),4,period_0894,98.700000,1.5415,0.4196
PEMAFC-PCA-F (K=12/12),4,period_0894,98.750000,1.5534,0.3208
PEMAFC-PCA-F (K=12/12),4,period_0894,98.800000,1.5990,0.5219
PEMAFC-PCA-F (K=12/12),4,period_0894,98.850000,1.6436,0.4255
PEMAFC-PCA-F (K=12/12),4,period_0894,98.900000,1.6494,0.3670
PEMAFC-PCA-F (K=12/12),4,period_0894,98.950000,1.6543,0.3651
PEMAFC-PCA-F (K=12/12),4,period_0894,99.000000,1.6387,0.3328
PEMAFC-PCA-F (K=12/12),4,period_0894,99.050000,1.6505,0.3597
PEMAFC-PCA-F (K=12/12),4,period_0894,99.100000,1.6757,0.4098
PEMAFC-PCA-F (K=12/12),4,period_0894,99.150000,1.7009,0.3826
PEMAFC-PCA-F (K=12/12),4,period_0894,99.200000,1.6642,0.2148
PEMAFC-PCA-F (K=12/12),4,period_0894,99.250000,1.6622,0.3636
PEMAFC-PCA-F (K=12/12),4,period_0894,99.300000,1.7042,0.4912
PEMAFC-PCA-F (K=12/12),4,period_0894,99.350000,1.6954,0.2771
PEMAFC-PCA-F (K=12/12),4,period_0894,99.400000,1.7419,0.4081
PEMAFC-PCA-F (K=12/12),4,period_0894,99.450000,1.7276,0.3340
PEMAFC-PCA-F (K=12/12),4,period_0894,99.500000,1.6861,0.2655
PEMAFC-PCA-F (K=12/12),4,period_0894,99.550000,1.6871,0.3576
PEMAFC-PCA-F (K=12/12),4,period_0894,99.600000,1.7198,0.4578
PEMAFC-PCA-F (K=12/12),4,period_0894,99.650000,1.7449,0.3649
PEMAFC-PCA-F (K=12/12),4,period_0894,99.700000,1.7015,0.3239
PEMAFC-PCA-F (K=12/12),4,period_0894,99.750000,1.6885,0.3488
PEMAFC-PCA-F (K=12/12),4,period_0894,99.800000,1.6934,0.4161
PEMAFC-PCA-F (K=12/12),4,period_0894,99.850000,1.7134,0.2703
PEMAFC-PCA-F (K=12/12),4,period_0894,99.900000,1.7293,0.3669
PEMAFC-PCA-F (K=12/12),4,period_0894,99.950000,1.7206,0.1729
PEMAFC-PCA-F (K=12/12),4,period_0894,100.000000,1.6273,0.1158
PEMAFC-PCA-F (K=12/12),5,period_0564,100.000667,2.0997,-23.1307
PEMAFC-PCA-F (K=12/12),5,period_0564,100.050000,1.7013,-3.9622
PEMAFC-PCA-F (K=12/12),5,period_0564,100.100000,1.5175,-3.0160
PEMAFC-PCA-F (K=12/12),5,period_0564,100.150000,1.4150,-2.5402
PEMAFC-PCA-F (K=12/12),5,period_0564,100.200000,1.3705,-2.7291
PEMAFC-PCA-F (K=12/12),5,period_0564,100.250000,1.3416,-1.9864
PEMAFC-PCA-F (K=12/12),5,period_0564,100.300000,1.4083,-1.7404
PEMAFC-PCA-F (K=12/12),5,period_0564,100.350000,1.4439,-2.0929
PEMAFC-PCA-F (K=12/12),5,period_0564,100.400000,1.4413,-2.1718
PEMAFC-PCA-F (K=12/12),5,period_0564,100.450000,1.3956,-1.9303
PEMAFC-PCA-F (K=12/12),5,period_0564,100.500000,1.4196,-1.6303
PEMAFC-PCA-F (K=12/12),5,period_0564,100.550000,1.3831,-1.9649
PEMAFC-PCA-F (K=12/12),5,period_0564,100.600000,1.3929,-1.9121
PEMAFC-PCA-F (K=12/12),5,period_0564,100.650000,1.4766,-1.7754
PEMAFC-PCA-F (K=12/12),5,period_0564,100.700000,1.4617,-1.7599
PEMAFC-PCA-F (K=12/12),5,period_0564,100.750000,1.4369,-1.4803
PEMAFC-PCA-F (K=12/12),5,period_0564,100.800000,1.5553,-1.3415
PEMAFC-PCA-F (K=12/12),5,period_0564,100.850000,1.4565,-2.3198
PEMAFC-PCA-F (K=12/12),5,period_0564,100.900000,1.4780,-1.4738
PEMAFC-PCA-F (K=12/12),5,period_0564,100.950000,1.5782,-1.6593
PEMAFC-PCA-F (K=12/12),5,period_0564,101.000000,1.5400,-1.4080
PEMAFC-PCA-F (K=12/12),5,period_0564,101.050000,1.5856,-1.0376
PEMAFC-PCA-F (K=12/12),5,period_0564,101.100000,1.5515,-1.9992
PEMAFC-PCA-F (K=12/12),5,period_0564,101.150000,1.5832,-1.6927
PEMAFC-PCA-F (K=12/12),5,period_0564,101.200000,1.4854,-1.5478
PEMAFC-PCA-F (K=12/12),5,period_0564,101.250000,1.5464,-1.7912
PEMAFC-PCA-F (K=12/12),5,period_0564,101.300000,1.6411,-1.8048
PEMAFC-PCA-F (K=12/12),5,period_0564,101.350000,1.6870,-0.8954
PEMAFC-PCA-F (K=12/12),5,period_0564,101.400000,1.8764,-1.1776
PEMAFC-PCA-F (K=12/12),5,period_0564,101.450000,1.9348,-0.9966
PEMAFC-PCA-F (K=12/12),5,period_0564,101.500000,1.9335,-1.1425
PEMAFC-PCA-F (K=12/12),5,period_0564,101.550000,2.0637,-1.7590
PEMAFC-PCA-F (K=12/12),5,period_0564,101.600000,2.0027,-0.9893
PEMAFC-PCA-F (K=12/12),5,period_0564,101.650000,1.9396,-1.7273
PEMAFC-PCA-F (K=12/12),5,period_0564,101.700000,2.0300,-0.9681
PEMAFC-PCA-F (K=12/12),5,period_0564,101.750000,2.0390,-1.8830
PEMAFC-PCA-F (K=12/12),5,period_0564,101.800000,2.0927,-1.6212
PEMAFC-PCA-F (K=12/12),5,period_0564,101.850000,2.0821,-1.1537
PEMAFC-PCA-F (K=12/12),5,period_0564,101.900000,2.0107,-1.9711
PEMAFC-PCA-F (K=12/12),5,period_0564,101.950000,1.9797,-1.9670
PEMAFC-PCA-F (K=12/12),5,period_0564,102.000000,1.9392,-1.4648
PEMAFC-PCA-F (K=12/12),5,period_0564,102.050000,2.0121,-1.8638
PEMAFC-PCA-F (K=12/12),5,period_0564,102.100000,1.9535,-1.1467
PEMAFC-PCA-F (K=12/12),5,period_0564,102.150000,1.9490,-1.4289
PEMAFC-PCA-F (K=12/12),5,period_0564,102.200000,2.0221,-1.6510
PEMAFC-PCA-F (K=12/12),5,period_0564,102.250000,2.1282,-1.1185
PEMAFC-PCA-F (K=12/12),5,period_0564,102.300000,2.1137,-1.8969
PEMAFC-PCA-F (K=12/12),5,period_0564,102.350000,2.1459,-1.2673
PEMAFC-PCA-F (K=12/12),5,period_0564,102.400000,2.0945,-1.7775
PEMAFC-PCA-F (K=12/12),5,period_0564,102.450000,2.0986,-1.8983
PEMAFC-PCA-F (K=12/12),5,period_0564,102.500000,2.0726,-1.4207
PEMAFC-PCA-F (K=12/12),5,period_0564,102.550000,2.1107,-1.9652
PEMAFC-PCA-F (K=12/12),5,period_0564,102.600000,2.0902,-1.9925
PEMAFC-PCA-F (K=12/12),5,period_0564,102.650000,2.2155,-1.3297
PEMAFC-PCA-F (K=12/12),5,period_0564,102.700000,2.2560,-1.4256
PEMAFC-PCA-F (K=12/12),5,period_0564,102.750000,2.2998,-1.5879
PEMAFC-PCA-F (K=12/12),5,period_0564,102.800000,2.3022,-1.4495
PEMAFC-PCA-F (K=12/12),5,period_0564,102.850000,2.2510,-1.2499
PEMAFC-PCA-F (K=12/12),5,period_0564,102.900000,2.2749,-1.2543
PEMAFC-PCA-F (K=12/12),5,period_0564,102.950000,2.2675,-1.8023
PEMAFC-PCA-F (K=12/12),5,period_0564,103.000000,2.3394,-1.7009
PEMAFC-PCA-F (K=12/12),5,period_0564,103.050000,2.2987,-1.9479
PEMAFC-PCA-F (K=12/12),5,period_0564,103.100000,2.2364,-1.5519
PEMAFC-PCA-F (K=12/12),5,period_0564,103.150000,2.2510,-1.9748
PEMAFC-PCA-F (K=12/12),5,period_0564,103.200000,2.3315,-1.0326
PEMAFC-PCA-F (K=12/12),5,period_0564,103.250000,2.3752,-1.1758
PEMAFC-PCA-F (K=12/12),5,period_0564,103.300000,2.3154,-1.8548
PEMAFC-PCA-F (K=12/12),5,period_0564,103.350000,2.3575,-1.5359
PEMAFC-PCA-F (K=12/12),5,period_0564,103.400000,2.3373,-1.3992
PEMAFC-PCA-F (K=12/12),5,period_0564,103.450000,2.4016,-1.3725
PEMAFC-PCA-F (K=12/12),5,period_0564,103.500000,2.3383,-1.3679
PEMAFC-PCA-F (K=12/12),5,period_0564,103.550000,2.2766,-1.5197
PEMAFC-PCA-F (K=12/12),5,period_0564,103.600000,2.2478,-1.6294
PEMAFC-PCA-F (K=12/12),5,period_0564,103.650000,2.3054,-1.7703
PEMAFC-PCA-F (K=12/12),5,period_0564,103.700000,2.3022,-0.8900
PEMAFC-PCA-F (K=12/12),5,period_0564,103.750000,2.2238,-2.3378
PEMAFC-PCA-F (K=12/12),5,period_0564,103.800000,2.3267,-1.3037
PEMAFC-PCA-F (K=12/12),5,period_0564,103.850000,2.2984,-2.1340
PEMAFC-PCA-F (K=12/12),5,period_0564,103.900000,2.3362,-1.5692
PEMAFC-PCA-F (K=12/12),5,period_0564,103.950000,2.2527,-1.2056
PEMAFC-PCA-F (K=12/12),5,period_0564,104.000000,2.2876,-1.6299
PEMAFC-PCA-F (K=12/12),5,period_0564,104.050000,2.3084,-1.6378
PEMAFC-PCA-F (K=12/12),5,period_0564,104.100000,2.3753,-1.7339
PEMAFC-PCA-F (K=12/12),5,period_0564,104.150000,2.3550,-2.1991
PEMAFC-PCA-F (K=12/12),5,period_0564,104.200000,2.3860,-1.0671
PEMAFC-PCA-F (K=12/12),5,period_0564,104.250000,2.3802,-0.6000
PEMAFC-PCA-F (K=12/12),5,period_0564,104.300000,2.3151,-1.7882
PEMAFC-PCA-F (K=12/12),5,period_0564,104.350000,2.3025,-1.2776
PEMAFC-PCA-F (K=12/12),5,period_0564,104.400000,2.2703,-1.9001
PEMAFC-PCA-F (K=12/12),5,period_0564,104.450000,2.2711,-1.3708
PEMAFC-PCA-F (K=12/12),5,period_0564,104.500000,2.2702,-1.6366
PEMAFC-PCA-F (K=12/12),5,period_0564,104.550000,2.2701,-1.4987
PEMAFC-PCA-F (K=12/12),5,period_0564,104.600000,2.2437,-1.0471
PEMAFC-PCA-F (K=12/12),5,period_0564,104.650000,2.1883,-1.6753
PEMAFC-PCA-F (K=12/12),5,period_0564,104.700000,2.1258,-2.3400
PEMAFC-PCA-F (K=12/12),5,period_0564,104.750000,2.1376,-1.5881
PEMAFC-PCA-F (K=12/12),5,period_0564,104.800000,2.0981,-1.4945
PEMAFC-PCA-F (K=12/12),5,period_0564,104.850000,2.1748,-1.7230
PEMAFC-PCA-F (K=12/12),5,period_0564,104.900000,2.1913,-1.7717
PEMAFC-PCA-F (K=12/12),5,period_0564,104.950000,2.1433,-1.0437
PEMAFC-PCA-F (K=12/12),5,period_0564,105.000000,2.1046,-1.9390
PEMAFC-PCA-F (K=12/12),5,period_0564,105.050000,2.1297,-1.7077
PEMAFC-PCA-F (K=12/12),5,period_0564,105.100000,2.1715,-1.5593
PEMAFC-PCA-F (K=12/12),5,period_0564,105.150000,2.1580,-1.3614
PEMAFC-PCA-F (K=12/12),5,period_0564,105.200000,2.1792,-1.3693
PEMAFC-PCA-F (K=12/12),5,period_0564,105.250000,2.1212,-1.6244
PEMAFC-PCA-F (K=12/12),5,period_0564,105.300000,2.1201,-1.5528
PEMAFC-PCA-F (K=12/12),5,period_0564,105.350000,2.1079,-2.1106
PEMAFC-PCA-F (K=12/12),5,period_0564,105.400000,2.1490,-1.0103
PEMAFC-PCA-F (K=12/12),5,period_0564,105.450000,2.1637,-1.6877
PEMAFC-PCA-F (K=12/12),5,period_0564,105.500000,2.2464,-1.7173
PEMAFC-PCA-F (K=12/12),5,period_0564,105.550000,2.1928,-1.5632
PEMAFC-PCA-F (K=12/12),5,period_0564,105.600000,2.2387,-1.1923
PEMAFC-PCA-F (K=12/12),5,period_0564,105.650000,2.1618,-1.5027
PEMAFC-PCA-F (K=12/12),5,period_0564,105.700000,2.2350,-0.7788
PEMAFC-PCA-F (K=12/12),5,period_0564,105.750000,2.3419,-1.6181
PEMAFC-PCA-F (K=12/12),5,period_0564,105.800000,2.3488,-1.5366
PEMAFC-PCA-F (K=12/12),5,period_0564,105.850000,2.4018,-1.5488
PEMAFC-PCA-F (K=12/12),5,period_0564,105.900000,2.3955,-1.0793
PEMAFC-PCA-F (K=12/12),5,period_0564,105.950000,2.3842,-1.5057
PEMAFC-PCA-F (K=12/12),5,period_0564,106.000000,2.3856,-2.0020
PEMAFC-PCA-F (K=12/12),5,period_0564,106.050000,2.4646,-1.2462
PEMAFC-PCA-F (K=12/12),5,period_0564,106.100000,2.3298,-2.2384
PEMAFC-PCA-F (K=12/12),5,period_0564,106.150000,2.3175,-1.3799
PEMAFC-PCA-F (K=12/12),5,period_0564,106.200000,2.3675,-1.7807
PEMAFC-PCA-F (K=12/12),5,period_0564,106.250000,2.3532,-1.7197
PEMAFC-PCA-F (K=12/12),5,period_0564,106.300000,2.4355,-1.1458
PEMAFC-PCA-F (K=12/12),5,period_0564,106.350000,2.3869,-1.4047
PEMAFC-PCA-F (K=12/12),5,period_0564,106.400000,2.3783,-1.5992
PEMAFC-PCA-F (K=12/12),5,period_0564,106.450000,2.4170,-1.5694
PEMAFC-PCA-F (K=12/12),5,period_0564,106.500000,2.4147,-1.7171
PEMAFC-PCA-F (K=12/12),5,period_0564,106.550000,2.4460,-1.8032
PEMAFC-PCA-F (K=12/12),5,period_0564,106.600000,2.3644,-1.4891
PEMAFC-PCA-F (K=12/12),5,period_0564,106.650000,2.3641,-1.8345
PEMAFC-PCA-F (K=12/12),5,period_0564,106.700000,2.3047,-2.2693
PEMAFC-PCA-F (K=12/12),5,period_0564,106.750000,2.3472,-2.2991
PEMAFC-PCA-F (K=12/12),5,period_0564,106.800000,2.3145,-1.6643
PEMAFC-PCA-F (K=12/12),5,period_0564,106.850000,2.3607,-1.3062
PEMAFC-PCA-F (K=12/12),5,period_0564,106.900000,2.3646,-1.7463
PEMAFC-PCA-F (K=12/12),5,period_0564,106.950000,2.3182,-1.7390
PEMAFC-PCA-F (K=12/12),5,period_0564,107.000000,2.3265,-1.7456
PEMAFC-PCA-F (K=12/12),5,period_0564,107.050000,2.2633,-1.3004
PEMAFC-PCA-F (K=12/12),5,period_0564,107.100000,2.2711,-1.4827
PEMAFC-PCA-F (K=12/12),5,period_0564,107.150000,2.2330,-1.5659
PEMAFC-PCA-F (K=12/12),5,period_0564,107.200000,2.2232,-2.0410
PEMAFC-PCA-F (K=12/12),5,period_0564,107.250000,2.3619,-1.6620
PEMAFC-PCA-F (K=12/12),5,period_0564,107.300000,2.3786,-1.4542
PEMAFC-PCA-F (K=12/12),5,period_0564,107.350000,2.4206,-1.3198
PEMAFC-PCA-F (K=12/12),5,period_0564,107.400000,2.3198,-0.8230
PEMAFC-PCA-F (K=12/12),5,period_0564,107.450000,2.3490,-0.5434
PEMAFC-PCA-F (K=12/12),5,period_0564,107.500000,2.2821,-1.9377
PEMAFC-PCA-F (K=12/12),5,period_0564,107.550000,2.3068,-1.7878
PEMAFC-PCA-F (K=12/12),5,period_0564,107.600000,2.2951,-1.9932
PEMAFC-PCA-F (K=12/12),5,period_0564,107.650000,2.3289,-1.3711
PEMAFC-PCA-F (K=12/12),5,period_0564,107.700000,2.3417,-1.7286
PEMAFC-PCA-F (K=12/12),5,period_0564,107.750000,2.3982,-1.8242
PEMAFC-PCA-F (K=12/12),5,period_0564,107.800000,2.4614,-2.2117
PEMAFC-PCA-F (K=12/12),5,period_0564,107.850000,2.4176,-0.9047
PEMAFC-PCA-F (K=12/12),5,period_0564,107.900000,2.3209,-1.7921
PEMAFC-PCA-F (K=12/12),5,period_0564,107.950000,2.3449,-1.6855
PEMAFC-PCA-F (K=12/12),5,period_0564,108.000000,2.1704,-1.6932
PEMAFC-PCA-F (K=12/12),5,period_0564,108.050000,2.1980,-1.2717
PEMAFC-PCA-F (K=12/12),5,period_0564,108.100000,2.2201,-1.6162
PEMAFC-PCA-F (K=12/12),5,period_0564,108.150000,2.1387,-1.2728
PEMAFC-PCA-F (K=12/12),5,period_0564,108.200000,2.1789,-1.4141
PEMAFC-PCA-F (K=12/12),5,period_0564,108.250000,2.1701,-1.7051
PEMAFC-PCA-F (K=12/12),5,period_0564,108.300000,2.2023,-1.6921
PEMAFC-PCA-F (K=12/12),5,period_0564,108.350000,2.2498,-1.4432
PEMAFC-PCA-F (K=12/12),5,period_0564,108.400000,2.3169,-1.5777
PEMAFC-PCA-F (K=12/12),5,period_0564,108.450000,2.3314,-1.5924
PEMAFC-PCA-F (K=12/12),5,period_0564,108.500000,2.3233,-1.8510
PEMAFC-PCA-F (K=12/12),5,period_0564,108.550000,2.3652,-1.4319
PEMAFC-PCA-F (K=12/12),5,period_0564,108.600000,2.3942,-1.3625
PEMAFC-PCA-F (K=12/12),5,period_0564,108.650000,2.4083,-2.1821
PEMAFC-PCA-F (K=12/12),5,period_0564,108.700000,2.4080,-1.6246
PEMAFC-PCA-F (K=12/12),5,period_0564,108.750000,2.3474,-1.8937
PEMAFC-PCA-F (K=12/12),5,period_0564,108.800000,2.3928,-1.1319
PEMAFC-PCA-F (K=12/12),5,period_0564,108.850000,2.3649,-2.2686
PEMAFC-PCA-F (K=12/12),5,period_0564,108.900000,2.3582,-2.1186
PEMAFC-PCA-F (K=12/12),5,period_0564,108.950000,2.3948,-1.6477
PEMAFC-PCA-F (K=12/12),5,period_0564,109.000000,2.3855,-1.7768
PEMAFC-PCA-F (K=12/12),5,period_0564,109.050000,2.3386,-1.2437
PEMAFC-PCA-F (K=12/12),5,period_0564,109.100000,2.2692,-1.2944
PEMAFC-PCA-F (K=12/12),5,period_0564,109.150000,2.3490,-1.6381
PEMAFC-PCA-F (K=12/12),5,period_0564,109.200000,2.3090,-1.9108
PEMAFC-PCA-F (K=12/12),5,period_0564,109.250000,2.2379,-2.3102
PEMAFC-PCA-F (K=12/12),5,period_0564,109.300000,2.2807,-1.9469
PEMAFC-PCA-F (K=12/12),5,period_0564,109.350000,2.2284,-1.3496
PEMAFC-PCA-F (K=12/12),5,period_0564,109.400000,2.2488,-2.1528
PEMAFC-PCA-F (K=12/12),5,period_0564,109.450000,2.3306,-0.9901
PEMAFC-PCA-F (K=12/12),5,period_0564,109.500000,2.3478,-1.4177
PEMAFC-PCA-F (K=12/12),5,period_0564,109.550000,2.2729,-1.7214
PEMAFC-PCA-F (K=12/12),5,period_0564,109.600000,2.1967,-1.5434
PEMAFC-PCA-F (K=12/12),5,period_0564,109.650000,2.1831,-2.0032
PEMAFC-PCA-F (K=12/12),5,period_0564,109.700000,2.1707,-1.2364
PEMAFC-PCA-F (K=12/12),5,period_0564,109.750000,2.2521,-1.9233
PEMAFC-PCA-F (K=12/12),5,period_0564,109.800000,2.2285,-1.2186
PEMAFC-PCA-F (K=12/12),5,period_0564,109.850000,2.3289,-1.7054
PEMAFC-PCA-F (K=12/12),5,period_0564,109.900000,2.3283,-1.2324
PEMAFC-PCA-F (K=12/12),5,period_0564,109.950000,2.2925,-1.7718
PEMAFC-PCA-F (K=12/12),5,period_0564,110.000000,2.3723,-1.5390
PEMAFC-PCA-F (K=12/12),5,period_0564,110.050000,2.3193,-1.6168
PEMAFC-PCA-F (K=12/12),5,period_0564,110.100000,2.2648,-1.7038
PEMAFC-PCA-F (K=12/12),5,period_0564,110.150000,2.2503,-1.9616
PEMAFC-PCA-F (K=12/12),5,period_0564,110.200000,2.3405,-1.7259
PEMAFC-PCA-F (K=12/12),5,period_0564,110.250000,2.3392,-1.7945
PEMAFC-PCA-F (K=12/12),5,period_0564,110.300000,2.3212,-1.7517
PEMAFC-PCA-F (K=12/12),5,period_0564,110.350000,2.2613,-1.8169
PEMAFC-PCA-F (K=12/12),5,period_0564,110.400000,2.2766,-1.3173
PEMAFC-PCA-F (K=12/12),5,period_0564,110.450000,2.3781,-1.4198
PEMAFC-PCA-F (K=12/12),5,period_0564,110.500000,2.3433,-1.8160
PEMAFC-PCA-F (K=12/12),5,period_0564,110.550000,2.2809,-1.4402
PEMAFC-PCA-F (K=12/12),5,period_0564,110.600000,2.3333,-1.9686
PEMAFC-PCA-F (K=12/12),5,period_0564,110.650000,2.3044,-0.5916
PEMAFC-PCA-F (K=12/12),5,period_0564,110.700000,2.3651,-2.0044
PEMAFC-PCA-F (K=12/12),5,period_0564,110.750000,2.3806,-1.2880
PEMAFC-PCA-F (K=12/12),5,period_0564,110.800000,2.4186,-1.6601
PEMAFC-PCA-F (K=12/12),5,period_0564,110.850000,2.3717,-1.6538
PEMAFC-PCA-F (K=12/12),5,period_0564,110.900000,2.4559,-1.4020
PEMAFC-PCA-F (K=12/12),5,period_0564,110.950000,2.5656,-1.7303
PEMAFC-PCA-F (K=12/12),5,period_0564,111.000000,2.6142,-1.6646
PEMAFC-PCA-F (K=12/12),5,period_0564,111.050000,2.5421,-2.3348
PEMAFC-PCA-F (K=12/12),5,period_0564,111.100000,2.4621,-1.6495
PEMAFC-PCA-F (K=12/12),5,period_0564,111.150000,2.4036,-1.3599
PEMAFC-PCA-F (K=12/12),5,period_0564,111.200000,2.3655,-1.5030
PEMAFC-PCA-F (K=12/12),5,period_0564,111.250000,2.2807,-1.8970
PEMAFC-PCA-F (K=12/12),5,period_0564,111.300000,2.2981,-1.9197
PEMAFC-PCA-F (K=12/12),5,period_0564,111.350000,2.2941,-1.6947
PEMAFC-PCA-F (K=12/12),5,period_0564,111.400000,2.3339,-1.8333
PEMAFC-PCA-F (K=12/12),5,period_0564,111.450000,2.2830,-1.7926
PEMAFC-PCA-F (K=12/12),5,period_0564,111.500000,2.3449,-1.3715
PEMAFC-PCA-F (K=12/12),5,period_0564,111.550000,2.2539,-2.1118
PEMAFC-PCA-F (K=12/12),5,period_0564,111.600000,2.3293,-1.4194
PEMAFC-PCA-F (K=12/12),5,period_0564,111.650000,2.3432,-1.6220
PEMAFC-PCA-F (K=12/12),5,period_0564,111.700000,2.2688,-1.8127
PEMAFC-PCA-F (K=12/12),5,period_0564,111.750000,2.3406,-1.6442
PEMAFC-PCA-F (K=12/12),5,period_0564,111.800000,2.3026,-1.3542
PEMAFC-PCA-F (K=12/12),5,period_0564,111.850000,2.2829,-1.5365
PEMAFC-PCA-F (K=12/12),5,period_0564,111.900000,2.3541,-1.5096
PEMAFC-PCA-F (K=12/12),5,period_0564,111.950000,2.3623,-1.9631
PEMAFC-PCA-F (K=12/12),5,period_0564,112.000000,2.3802,-1.7064
PEMAFC-PCA-F (K=12/12),5,period_0564,112.050000,2.3691,-1.7999
PEMAFC-PCA-F (K=12/12),5,period_0564,112.100000,2.2743,-1.8247
PEMAFC-PCA-F (K=12/12),5,period_0564,112.150000,2.2974,-1.9614
PEMAFC-PCA-F (K=12/12),5,period_0564,112.200000,2.2651,-1.3203
PEMAFC-PCA-F (K=12/12),5,period_0564,112.250000,2.1974,-2.0653
PEMAFC-PCA-F (K=12/12),5,period_0564,112.300000,2.2485,-1.9720
PEMAFC-PCA-F (K=12/12),5,period_0564,112.350000,2.2942,-1.6862
PEMAFC-PCA-F (K=12/12),5,period_0564,112.400000,2.2993,-1.0198
PEMAFC-PCA-F (K=12/12),5,period_0564,112.450000,2.1876,-1.8071
PEMAFC-PCA-F (K=12/12),5,period_0564,112.500000,2.1051,-1.4361
PEMAFC-PCA-F (K=12/12),5,period_0564,112.550000,2.1826,-1.6978
PEMAFC-PCA-F (K=12/12),5,period_0564,112.600000,2.1467,-0.9816
PEMAFC-PCA-F (K=12/12),5,period_0564,112.650000,2.0667,-1.7842
PEMAFC-PCA-F (K=12/12),5,period_0564,112.700000,2.0900,-2.1003
PEMAFC-PCA-F (K=12/12),5,period_0564,112.750000,2.0927,-1.3510
PEMAFC-PCA-F (K=12/12),5,period_0564,112.800000,2.1445,-0.9895
PEMAFC-PCA-F (K=12/12),5,period_0564,112.850000,2.2923,-1.4875
PEMAFC-PCA-F (K=12/12),5,period_0564,112.900000,2.2595,-1.3295
PEMAFC-PCA-F (K=12/12),5,period_0564,112.950000,2.2374,-1.2301
PEMAFC-PCA-F (K=12/12),5,period_0564,113.000000,2.2711,-1.4634
PEMAFC-PCA-F (K=12/12),5,period_0564,113.050000,2.1831,-1.7460
PEMAFC-PCA-F (K=12/12),5,period_0564,113.100000,2.2134,-1.5060
PEMAFC-PCA-F (K=12/12),5,period_0564,113.150000,2.1458,-1.7719
PEMAFC-PCA-F (K=12/12),5,period_0564,113.200000,2.0975,-1.5928
PEMAFC-PCA-F (K=12/12),5,period_0564,113.250000,2.1681,-2.0862
PEMAFC-PCA-F (K=12/12),5,period_0564,113.300000,2.1366,-1.0445
PEMAFC-PCA-F (K=12/12),5,period_0564,113.350000,2.1312,-1.1373
PEMAFC-PCA-F (K=12/12),5,period_0564,113.400000,2.3256,-1.0693
PEMAFC-PCA-F (K=12/12),5,period_0564,113.450000,2.2561,-1.4026
PEMAFC-PCA-F (K=12/12),5,period_0564,113.500000,2.3282,-1.5953
PEMAFC-PCA-F (K=12/12),5,period_0564,113.550000,2.3859,-1.4494
PEMAFC-PCA-F (K=12/12),5,period_0564,113.600000,2.4474,-0.8534
PEMAFC-PCA-F (K=12/12),5,period_0564,113.650000,2.3847,-1.7818
PEMAFC-PCA-F (K=12/12),5,period_0564,113.700000,2.3880,-1.7784
PEMAFC-PCA-F (K=12/12),5,period_0564,113.750000,2.3252,-1.5538
PEMAFC-PCA-F (K=12/12),5,period_0564,113.800000,2.2590,-2.0439
PEMAFC-PCA-F (K=12/12),5,period_0564,113.850000,2.1917,-1.7614
PEMAFC-PCA-F (K=12/12),5,period_0564,113.900000,2.1332,-2.3723
PEMAFC-PCA-F (K=12/12),5,period_0564,113.950000,2.1883,-1.3061
PEMAFC-PCA-F (K=12/12),5,period_0564,114.000000,2.1809,-1.8702
PEMAFC-PCA-F (K=12/12),5,period_0564,114.050000,2.2249,-1.9592
PEMAFC-PCA-F (K=12/12),5,period_0564,114.100000,2.1710,-2.2190
PEMAFC-PCA-F (K=12/12),5,period_0564,114.150000,2.1997,-1.5229
PEMAFC-PCA-F (K=12/12),5,period_0564,114.200000,2.2064,-1.1899
PEMAFC-PCA-F (K=12/12),5,period_0564,114.250000,2.1807,-1.3504
PEMAFC-PCA-F (K=12/12),5,period_0564,114.300000,2.1587,-2.2055
PEMAFC-PCA-F (K=12/12),5,period_0564,114.350000,2.1675,-1.2364
PEMAFC-PCA-F (K=12/12),5,period_0564,114.400000,2.2030,-1.2096
PEMAFC-PCA-F (K=12/12),5,period_0564,114.450000,2.2188,-1.4387
PEMAFC-PCA-F (K=12/12),5,period_0564,114.500000,2.2265,-1.1237
PEMAFC-PCA-F (K=12/12),5,period_0564,114.550000,2.2837,-1.9649
PEMAFC-PCA-F (K=12/12),5,period_0564,114.600000,2.3631,-1.3480
PEMAFC-PCA-F (K=12/12),5,period_0564,114.650000,2.3225,-1.8606
PEMAFC-PCA-F (K=12/12),5,period_0564,114.700000,2.3825,-1.5242
PEMAFC-PCA-F (K=12/12),5,period_0564,114.750000,2.3597,-1.5731
PEMAFC-PCA-F (K=12/12),5,period_0564,114.800000,2.3555,-1.3350
PEMAFC-PCA-F (K=12/12),5,period_0564,114.850000,2.3496,-1.4994
PEMAFC-PCA-F (K=12/12),5,period_0564,114.900000,2.3536,-1.2794
PEMAFC-PCA-F (K=12/12),5,period_0564,114.950000,2.2975,-1.3921
PEMAFC-PCA-F (K=12/12),5,period_0564,115.000000,2.3215,-1.0773
PEMAFC-PCA-F (K=12/12),5,period_0564,115.050000,2.3187,-1.6151
PEMAFC-PCA-F (K=12/12),5,period_0564,115.100000,2.3986,-1.6382
PEMAFC-PCA-F (K=12/12),5,period_0564,115.150000,2.3643,-1.9538
PEMAFC-PCA-F (K=12/12),5,period_0564,115.200000,2.3219,-1.5843
PEMAFC-PCA-F (K=12/12),5,period_0564,115.250000,2.2839,-2.4071
PEMAFC-PCA-F (K=12/12),5,period_0564,115.300000,2.3409,-0.9492
PEMAFC-PCA-F (K=12/12),5,period_0564,115.350000,2.2644,-2.3673
PEMAFC-PCA-F (K=12/12),5,period_0564,115.400000,2.2523,-1.4839
PEMAFC-PCA-F (K=12/12),5,period_0564,115.450000,2.2030,-1.5654
PEMAFC-PCA-F (K=12/12),5,period_0564,115.500000,2.2715,-1.6827
PEMAFC-PCA-F (K=12/12),5,period_0564,115.550000,2.3575,-0.6979
PEMAFC-PCA-F (K=12/12),5,period_0564,115.600000,2.4393,-1.1987
PEMAFC-PCA-F (K=12/12),5,period_0564,115.650000,2.4842,-1.1046
PEMAFC-PCA-F (K=12/12),5,period_0564,115.700000,2.4917,-1.7119
PEMAFC-PCA-F (K=12/12),5,period_0564,115.750000,2.4678,-1.7718
PEMAFC-PCA-F (K=12/12),5,period_0564,115.800000,2.4396,-1.3305
PEMAFC-PCA-F (K=12/12),5,period_0564,115.850000,2.3889,-1.1367
PEMAFC-PCA-F (K=12/12),5,period_0564,115.900000,2.3596,-1.9704
PEMAFC-PCA-F (K=12/12),5,period_0564,115.950000,2.2580,-2.2347
PEMAFC-PCA-F (K=12/12),5,period_0564,116.000000,2.2434,-1.1966
PEMAFC-PCA-F (K=12/12),5,period_0564,116.050000,2.2479,-1.4910
PEMAFC-PCA-F (K=12/12),5,period_0564,116.100000,2.3211,-1.3250
PEMAFC-PCA-F (K=12/12),5,period_0564,116.150000,2.4011,-1.6334
PEMAFC-PCA-F (K=12/12),5,period_0564,116.200000,2.3594,-1.9838
PEMAFC-PCA-F (K=12/12),5,period_0564,116.250000,2.3107,-1.4522
PEMAFC-PCA-F (K=12/12),5,period_0564,116.300000,2.2525,-1.5269
PEMAFC-PCA-F (K=12/12),5,period_0564,116.350000,2.2737,-1.5702
PEMAFC-PCA-F (K=12/12),5,period_0564,116.400000,2.2276,-1.7568
PEMAFC-PCA-F (K=12/12),5,period_0564,116.450000,2.1698,-1.8985
PEMAFC-PCA-F (K=12/12),5,period_0564,116.500000,2.2714,-1.5195
PEMAFC-PCA-F (K=12/12),5,period_0564,116.550000,2.2550,-1.6435
PEMAFC-PCA-F (K=12/12),5,period_0564,116.600000,2.3377,-0.9761
PEMAFC-PCA-F (K=12/12),5,period_0564,116.650000,2.3618,-1.7420
PEMAFC-PCA-F (K=12/12),5,period_0564,116.700000,2.4089,-1.6038
PEMAFC-PCA-F (K=12/12),5,period_0564,116.750000,2.3093,-1.5543
PEMAFC-PCA-F (K=12/12),5,period_0564,116.800000,2.3124,-1.2230
PEMAFC-PCA-F (K=12/12),5,period_0564,116.850000,2.3628,-1.7730
PEMAFC-PCA-F (K=12/12),5,period_0564,116.900000,2.3547,-1.2894
PEMAFC-PCA-F (K=12/12),5,period_0564,116.950000,2.3215,-1.9217
PEMAFC-PCA-F (K=12/12),5,period_0564,117.000000,2.3671,-1.4467
PEMAFC-PCA-F (K=12/12),5,period_0564,117.050000,2.4727,-1.0061
PEMAFC-PCA-F (K=12/12),5,period_0564,117.100000,2.4728,-1.8828
PEMAFC-PCA-F (K=12/12),5,period_0564,117.150000,2.4759,-1.2255
PEMAFC-PCA-F (K=12/12),5,period_0564,117.200000,2.3889,-1.9925
PEMAFC-PCA-F (K=12/12),5,period_0564,117.250000,2.4938,-1.8252
PEMAFC-PCA-F (K=12/12),5,period_0564,117.300000,2.5032,-1.6205
PEMAFC-PCA-F (K=12/12),5,period_0564,117.350000,2.4095,-1.7595
PEMAFC-PCA-F (K=12/12),5,period_0564,117.400000,2.3746,-1.8368
PEMAFC-PCA-F (K=12/12),5,period_0564,117.450000,2.3895,-1.4895
PEMAFC-PCA-F (K=12/12),5,period_0564,117.500000,2.3760,-1.6663
PEMAFC-PCA-F (K=12/12),5,period_0564,117.550000,2.3868,-1.7322
PEMAFC-PCA-F (K=12/12),5,period_0564,117.600000,2.2901,-1.5862
PEMAFC-PCA-F (K=12/12),5,period_0564,117.650000,2.3350,-1.5630
PEMAFC-PCA-F (K=12/12),5,period_0564,117.700000,2.2860,-1.5223
PEMAFC-PCA-F (K=12/12),5,period_0564,117.750000,2.3448,-1.4776
PEMAFC-PCA-F (K=12/12),5,period_0564,117.800000,2.2491,-0.8345
PEMAFC-PCA-F (K=12/12),5,period_0564,117.850000,2.3267,-1.1460
PEMAFC-PCA-F (K=12/12),5,period_0564,117.900000,2.3156,-2.0266
PEMAFC-PCA-F (K=12/12),5,period_0564,117.950000,2.3601,-1.2620
PEMAFC-PCA-F (K=12/12),5,period_0564,118.000000,2.3008,-1.0117
PEMAFC-PCA-F (K=12/12),5,period_0564,118.050000,2.3062,-1.4522
PEMAFC-PCA-F (K=12/12),5,period_0564,118.100000,2.2747,-2.1261
PEMAFC-PCA-F (K=12/12),5,period_0564,118.150000,2.2803,-1.4541
PEMAFC-PCA-F (K=12/12),5,period_0564,118.200000,2.2406,-1.4617
PEMAFC-PCA-F (K=12/12),5,period_0564,118.250000,2.2240,-1.4008
PEMAFC-PCA-F (K=12/12),5,period_0564,118.300000,2.2423,-1.5235
PEMAFC-PCA-F (K=12/12),5,period_0564,118.350000,2.1427,-2.0726
PEMAFC-PCA-F (K=12/12),5,period_0564,118.400000,2.1355,-1.9252
PEMAFC-PCA-F (K=12/12),5,period_0564,118.450000,2.1560,-2.1276
PEMAFC-PCA-F (K=12/12),5,period_0564,118.500000,2.1163,-2.2479
PEMAFC-PCA-F (K=12/12),5,period_0564,118.550000,2.1924,-2.0340
PEMAFC-PCA-F (K=12/12),5,period_0564,118.600000,2.1980,-0.7480
PEMAFC-PCA-F (K=12/12),5,period_0564,118.650000,2.2198,-1.7094
PEMAFC-PCA-F (K=12/12),5,period_0564,118.700000,2.2446,-1.2737
PEMAFC-PCA-F (K=12/12),5,period_0564,118.750000,2.2835,-1.7192
PEMAFC-PCA-F (K=12/12),5,period_0564,118.800000,2.3491,-1.9468
PEMAFC-PCA-F (K=12/12),5,period_0564,118.850000,2.3469,-1.3002
PEMAFC-PCA-F (K=12/12),5,period_0564,118.900000,2.3630,-1.2886
PEMAFC-PCA-F (K=12/12),5,period_0564,118.950000,2.3719,-1.4936
PEMAFC-PCA-F (K=12/12),5,period_0564,119.000000,2.3056,-1.7644
PEMAFC-PCA-F (K=12/12),5,period_0564,119.050000,2.3260,-1.6686
PEMAFC-PCA-F (K=12/12),5,period_0564,119.100000,2.3810,-1.8706
PEMAFC-PCA-F (K=12/12),5,period_0564,119.150000,2.3889,-1.7224
PEMAFC-PCA-F (K=12/12),5,period_0564,119.200000,2.4084,-1.4468
PEMAFC-PCA-F (K=12/12),5,period_0564,119.250000,2.4578,-1.5294
PEMAFC-PCA-F (K=12/12),5,period_0564,119.300000,2.4584,-1.6253
PEMAFC-PCA-F (K=12/12),5,period_0564,119.350000,2.4509,-0.5695
PEMAFC-PCA-F (K=12/12),5,period_0564,119.400000,2.3899,-1.7934
PEMAFC-PCA-F (K=12/12),5,period_0564,119.450000,2.4179,-1.6827
PEMAFC-PCA-F (K=12/12),5,period_0564,119.500000,2.4887,-1.8851
PEMAFC-PCA-F (K=12/12),5,period_0564,119.550000,2.4035,-1.2184
PEMAFC-PCA-F (K=12/12),5,period_0564,119.600000,2.2884,-2.0778
PEMAFC-PCA-F (K=12/12),5,period_0564,119.650000,2.3037,-1.6426
PEMAFC-PCA-F (K=12/12),5,period_0564,119.700000,2.3519,-1.5485
PEMAFC-PCA-F (K=12/12),5,period_0564,119.750000,2.3386,-1.9755
PEMAFC-PCA-F (K=12/12),5,period_0564,119.800000,2.4028,-2.1529
PEMAFC-PCA-F (K=12/12),5,period_0564,119.850000,2.4356,-1.5866
PEMAFC-PCA-F (K=12/12),5,period_0564,119.900000,2.4454,-1.1156
PEMAFC-PCA-F (K=12/12),5,period_0564,119.950000,2.3448,-2.1740
PEMAFC-PCA-F (K=12/12),5,period_0564,120.000000,2.3935,-1.2522
